==== Secondary Structure Definition by the program DSSP, CMBI version 2.0                          ==== DATE=2026-03-08        .
REFERENCE W. KABSCH AND C.SANDER, BIOPOLYMERS 22 (1983) 2577-2637                                                              .
HEADER                                            01-AUG-25                                                                    .
COMPND    MOL_ID: 1; MOLECULE: U2 SNRNP-ASSOCIATED SURP MOTIF-CONTAINING PROTEIN                                               .
SOURCE    MOL_ID: 1; ORGANISM_SCIENTIFIC: HOMO SAPIENS; ORGANISM_TAXID: 9606                                                   .
AUTHOR                                                                                                                         .
 1029  1  0  0  0 TOTAL NUMBER OF RESIDUES, NUMBER OF CHAINS, NUMBER OF SS-BRIDGES(TOTAL,INTRACHAIN,INTERCHAIN)                .
109005.5   ACCESSIBLE SURFACE OF PROTEIN (ANGSTROM**2)                                                                         .
  460 44.7   TOTAL NUMBER OF HYDROGEN BONDS OF TYPE O(I)-->H-N(J)  , SAME NUMBER PER 100 RESIDUES                              .
    4  0.4   TOTAL NUMBER OF HYDROGEN BONDS IN     PARALLEL BRIDGES, SAME NUMBER PER 100 RESIDUES                              .
   33  3.2   TOTAL NUMBER OF HYDROGEN BONDS IN ANTIPARALLEL BRIDGES, SAME NUMBER PER 100 RESIDUES                              .
    1  0.1   TOTAL NUMBER OF HYDROGEN BONDS OF TYPE O(I)-->H-N(I-5), SAME NUMBER PER 100 RESIDUES                              .
    0  0.0   TOTAL NUMBER OF HYDROGEN BONDS OF TYPE O(I)-->H-N(I-4), SAME NUMBER PER 100 RESIDUES                              .
    2  0.2   TOTAL NUMBER OF HYDROGEN BONDS OF TYPE O(I)-->H-N(I-3), SAME NUMBER PER 100 RESIDUES                              .
    0  0.0   TOTAL NUMBER OF HYDROGEN BONDS OF TYPE O(I)-->H-N(I-2), SAME NUMBER PER 100 RESIDUES                              .
    0  0.0   TOTAL NUMBER OF HYDROGEN BONDS OF TYPE O(I)-->H-N(I-1), SAME NUMBER PER 100 RESIDUES                              .
    0  0.0   TOTAL NUMBER OF HYDROGEN BONDS OF TYPE O(I)-->H-N(I+0), SAME NUMBER PER 100 RESIDUES                              .
    0  0.0   TOTAL NUMBER OF HYDROGEN BONDS OF TYPE O(I)-->H-N(I+1), SAME NUMBER PER 100 RESIDUES                              .
   40  3.9   TOTAL NUMBER OF HYDROGEN BONDS OF TYPE O(I)-->H-N(I+2), SAME NUMBER PER 100 RESIDUES                              .
   87  8.5   TOTAL NUMBER OF HYDROGEN BONDS OF TYPE O(I)-->H-N(I+3), SAME NUMBER PER 100 RESIDUES                              .
  289 28.1   TOTAL NUMBER OF HYDROGEN BONDS OF TYPE O(I)-->H-N(I+4), SAME NUMBER PER 100 RESIDUES                              .
    4  0.4   TOTAL NUMBER OF HYDROGEN BONDS OF TYPE O(I)-->H-N(I+5), SAME NUMBER PER 100 RESIDUES                              .
  1  2  3  4  5  6  7  8  9 10 11 12 13 14 15 16 17 18 19 20 21 22 23 24 25 26 27 28 29 30     *** HISTOGRAMS OF ***           .
  0  0  0  2  1  0  2  0  1  1  2  1  5  1  0  0  2  0  0  1  0  1  1  0  1  0  0  0  0  1    RESIDUES PER ALPHA HELIX         .
  0  0  1  0  0  0  0  0  0  0  0  0  0  0  0  0  0  0  0  0  0  0  0  0  0  0  0  0  0  0    PARALLEL BRIDGES PER LADDER      .
  3  2  0  1  1  1  0  0  0  0  0  0  0  0  0  0  0  0  0  0  0  0  0  0  0  0  0  0  0  0    ANTIPARALLEL BRIDGES PER LADDER  .
  1  0  1  1  0  0  0  0  0  0  0  0  0  0  0  0  0  0  0  0  0  0  0  0  0  0  0  0  0  0    LADDERS PER SHEET                .
  #  RESIDUE AA STRUCTURE BP1 BP2  ACC     N-H-->O    O-->H-N    N-H-->O    O-->H-N    TCO  KAPPA ALPHA  PHI   PSI    X-CA   Y-CA   Z-CA            CHAIN
    1    1 A M              0   0  234      0, 0.0     2,-0.1     0, 0.0     0, 0.0   0.000 360.0 360.0 360.0 108.2  -65.6   -5.9   20.7               
    2    2 A A        +     0   0   90      2,-0.0     0, 0.0     0, 0.0     0, 0.0   0.332 360.0 134.6  81.1 136.7  -66.3   -4.5   17.8               
    3    3 A D        +     0   0  128     -2,-0.1     2,-0.1     0, 0.0     0, 0.0   0.740  11.1 175.8-167.2 170.2  -66.5   -2.4   15.3               
    4    4 A K        +     0   0  153      2,-0.0    -2,-0.0     0, 0.0     0, 0.0  -0.466   5.1 179.5 176.4  93.4  -66.3   -2.0   11.9               
    5    5 A T        +     0   0  147     -2,-0.1     2,-0.3     2,-0.0     0, 0.0  -0.956  13.3 152.1-135.7 123.8  -66.7    0.4    8.9               
    6    6 A P        -     0   0  130      0, 0.0     2,-0.2     0, 0.0    -2,-0.0  -0.962  13.4-173.6-134.9 164.2  -66.3    0.3    5.0               
    7    7 A G        +     0   0   83     -2,-0.3    -2,-0.0     1,-0.0     0, 0.0  -0.553   6.9 103.0 151.6 153.6  -67.6    1.9    1.6               
    8    8 A G        -     0   0   74     -2,-0.2    -1,-0.0     0, 0.0     0, 0.0   0.703  17.9-142.9 175.5 168.5  -68.0    2.3   -1.5               
    9    9 A S        -     0   0  114      0, 0.0    -2,-0.0     0, 0.0     0, 0.0   0.736  13.6-135.4  66.2 128.4  -68.9    2.6   -5.4               
   10   10 A Q        +     0   0  151      0, 0.0     0, 0.0     0, 0.0     0, 0.0   0.607  12.4 144.4  69.2 140.1  -68.5    2.5   -8.8               
   11   11 A K        +     0   0  182      1,-0.0     2,-0.2     0, 0.0     0, 0.0   0.808  17.7  51.1-170.4 152.9  -68.6    3.2  -12.1               
   12   12 A A        +     0   0   98      2,-0.0     2,-0.2     0, 0.0    -1,-0.0  -0.689  18.6 170.0 172.8 161.5  -67.9    3.8  -15.9               
   13   13 A S        +     0   0  126     -2,-0.2     2,-0.3     2,-0.0     0, 0.0  -0.929   4.0 171.1-163.0 149.7  -66.7    2.2  -19.3               
   14   14 A S        -     0   0  126     -2,-0.2     2,-0.3     2,-0.0    -2,-0.0  -0.962  14.0-175.5-159.0 156.6  -66.4    2.8  -23.2               
   15   15 A K        +     0   0  204     -2,-0.3     2,-0.3     2,-0.0    -2,-0.0  -0.910   7.6 176.2-164.2 126.1  -64.7    0.9  -26.0               
   16   16 A T        -     0   0  133     -2,-0.3     2,-0.1     2,-0.0    -2,-0.0  -0.935  14.7-126.9-154.7 135.4  -63.7    0.7  -29.8               
   17   17 A R        -     0   0  237     -2,-0.3    -2,-0.0     0, 0.0     0, 0.0   0.280  14.1-178.0  69.8 130.5  -62.0   -1.0  -32.3               
   18   18 A S        -     0   0   99     -2,-0.1    -2,-0.0     0, 0.0     0, 0.0   0.813   9.6 -61.5-150.3-149.8  -59.9   -1.6  -34.9               
   19   19 A S        +     0   0  104      0, 0.0     0, 0.0     0, 0.0     0, 0.0   0.909  14.7 161.9-179.9 163.2  -57.9   -3.0  -37.6               
   20   20 A D        +     0   0  141      0, 0.0     0, 0.0     0, 0.0     0, 0.0   0.931   8.5 157.5-178.3-176.0  -55.6   -5.0  -39.4               
   21   21 A V        -     0   0  132      0, 0.0     2,-0.0     0, 0.0     0, 0.0   0.190  23.0-151.0 100.3 150.6  -53.6   -6.8  -42.3               
   22   22 A H        +     0   0  173      1,-0.0     0, 0.0     2,-0.0     0, 0.0  -0.051  20.3 169.9-104.1-170.2  -50.3   -8.5  -43.4               
   23   23 A S        -     0   0  101     -2,-0.0    -1,-0.0     2,-0.0     0, 0.0   0.734  14.3-141.1-162.8 155.6  -47.5   -9.8  -44.9               
   24   24 A S        +     0   0  112      1,-0.0     2,-0.2     0, 0.0    -2,-0.0   0.499  17.2 167.7  12.5 133.7  -44.0  -11.4  -45.1               
   25   25 A G        -     0   0   82      0, 0.0     2,-0.2     0, 0.0    -1,-0.0  -0.949  18.2-147.1-167.1 157.0  -40.9  -11.0  -47.4               
   26   26 A S        +     0   0  117     -2,-0.2     0, 0.0     1,-0.1     0, 0.0  -0.673  24.2  52.2-122.9 170.0  -37.2  -12.3  -47.2               
   27   27 A S        -     0   0  103     -2,-0.2    -1,-0.1     0, 0.0     0, 0.0   0.989  36.9 -81.9  72.7 109.1  -33.4  -12.1  -47.7               
   28   28 A D        +     0   0  167      0, 0.0    -2,-0.0     0, 0.0     0, 0.0   0.788  28.5 123.5  84.4 160.4  -30.0  -10.7  -47.5               
   29   29 A A        -     0   0   95      0, 0.0     2,-0.1     0, 0.0     0, 0.0   0.582  34.3-110.1  84.3 142.0  -26.8   -8.6  -48.3               
   30   30 A H        +     0   0  187      2,-0.0     2,-0.2     0, 0.0     0, 0.0  -0.469  28.5 149.8 -79.8 152.0  -24.4   -5.9  -46.8               
   31   31 A M        -     0   0  183     -2,-0.1     2,-0.1     2,-0.0     0, 0.0  -0.733  28.8-115.5-168.7 170.4  -23.1   -2.5  -46.8               
   32   32 A D        +     0   0  153     -2,-0.2    -2,-0.0     2,-0.0     0, 0.0  -0.367  29.9 139.4 -81.3 152.1  -21.6    0.1  -44.4               
   33   33 A A        -     0   0   93     -2,-0.1    -2,-0.0     0, 0.0    -1,-0.0   0.186  30.1-116.5 170.7 120.8  -21.8    3.3  -42.6               
   34   34 A S        +     0   0  130      2,-0.0    -2,-0.0     0, 0.0     0, 0.0   0.617  41.2 107.0  33.9 122.8  -21.2    5.1  -39.3               
   35   35 A G        -     0   0   75      2,-0.0     2,-0.3     0, 0.0     0, 0.0   0.464  24.2-167.8 141.4 101.3  -23.0    7.0  -36.5               
   36   36 A P        -     0   0  137      0, 0.0     2,-0.5     0, 0.0    -2,-0.0  -0.661  16.2-146.2 -86.7 146.7  -24.0    6.5  -32.8               
   37   37 A S        -     0   0  123     -2,-0.3     2,-0.3     2,-0.0    -2,-0.0  -0.960  15.6-174.6-107.9 127.6  -26.4    8.8  -30.9               
   38   38 A D        -     0   0  171     -2,-0.5     2,-0.4     0, 0.0     0, 0.0  -0.935  12.7-153.0-124.1 142.2  -25.7    9.4  -27.1               
   39   39 A S        -     0   0   97     -2,-0.3    -2,-0.0     1,-0.1     0, 0.0  -0.949  23.3 -33.7-141.9 122.3  -28.2   11.5  -25.0               
   40   40 A D        +     0   0  157     -2,-0.4    -1,-0.1     1,-0.1     0, 0.0   0.963  32.1 151.5  60.7 104.4  -28.6   13.6  -21.9               
   41   41 A M        -     0   0  182      0, 0.0    -1,-0.1     0, 0.0     2,-0.0  -0.930  48.0-122.5-138.1 131.7  -27.2   14.2  -18.4               
   42   42 A P        -     0   0  120      0, 0.0     2,-0.2     0, 0.0     0, 0.0  -0.207  21.3-109.7 -88.5 166.1  -27.6   17.9  -17.4               
   43   43 A S        -     0   0  107     -2,-0.0     2,-0.1     1,-0.0     0, 0.0  -0.492  15.3-167.3 -90.7 152.7  -25.1   20.7  -16.2               
   44   44 A R        -     0   0  245     -2,-0.2    -1,-0.0     2,-0.0     0, 0.0  -0.625  35.9-130.9-138.6  89.0  -23.9   22.8  -13.2               
   45   45 A T        -     0   0  129     -2,-0.1     0, 0.0     1,-0.1     0, 0.0   0.546  17.8-156.2  29.5 127.8  -21.7   25.7  -14.2               
   46   46 A R        -     0   0  244      1,-0.0    -1,-0.1     0, 0.0    -2,-0.0  -0.978  44.5-101.1-128.5 143.5  -18.4   27.2  -13.1               
   47   47 A P        -     0   0  130      0, 0.0     2,-0.2     0, 0.0    -1,-0.0   0.046  33.6 -97.6 -82.8 177.2  -18.1   31.0  -14.0               
   48   48 A K        -     0   0  204      1,-0.0     0, 0.0     0, 0.0     0, 0.0  -0.515   7.1-134.0 -97.7 150.5  -16.4   33.1  -16.8               
   49   49 A S        -     0   0  112     -2,-0.2     2,-0.2     1,-0.1    -1,-0.0  -0.705  49.2-100.2 -84.2 145.1  -13.3   35.2  -17.7               
   50   50 A P        -     0   0  124      0, 0.0     2,-0.1     0, 0.0    -1,-0.1  -0.490  38.5-139.2 -79.8 141.5  -14.3   38.5  -19.4               
   51   51 A R        -     0   0  221     -2,-0.2     2,-0.1     0, 0.0     0, 0.0  -0.435  18.1-177.3 -77.5 160.6  -14.1   39.1  -23.2               
   52   52 A K        -     0   0  200     -2,-0.1     0, 0.0     0, 0.0     0, 0.0  -0.205  37.5 -16.1 171.8 145.1  -13.1   41.7  -25.8               
   53   53 A H        -     0   0  129     -2,-0.1     0, 0.0     1,-0.1     0, 0.0   0.761  25.4-170.3-158.0 166.9  -13.3   41.6  -29.0               
   54   54 A N        +     0   0  124      2,-0.0    -1,-0.1     0, 0.0     2,-0.0  -0.081   6.1 173.1 -65.6 165.4  -13.6   40.5  -32.7               
   55   55 A Y        -     0   0  192      0, 0.0     2,-0.0     0, 0.0     0, 0.0   0.116  29.2 -76.8 164.3 147.6  -13.4   41.5  -36.3               
   56   56 A R        -     0   0  186     -2,-0.0    -2,-0.0     0, 0.0     0, 0.0   0.137  17.8 -97.2-177.3 130.4  -13.5   39.9  -39.3               
   57   57 A N        +     0   0  131     -2,-0.0     0, 0.0     0, 0.0     0, 0.0   0.427   7.5 174.8  52.4 174.0  -13.3   37.9  -42.6               
   58   58 A E        -     0   0  175      0, 0.0     2,-0.0     0, 0.0     0, 0.0   0.834  23.8-160.9-132.2 142.2  -12.9   37.1  -45.9               
   59   59 A S        +     0   0  117      0, 0.0     2,-0.1     0, 0.0     0, 0.0   0.030  16.4 167.2  93.9  96.3  -12.9   34.1  -47.7               
   60   60 A A        -     0   0   83     -2,-0.0     0, 0.0     2,-0.0     0, 0.0  -0.464  26.3 -78.3-177.5 117.9  -12.1   31.9  -50.7               
   61   61 A R        +     0   0  205     -2,-0.1     0, 0.0     2,-0.0     0, 0.0   0.727  32.7  70.5  68.7 133.3  -12.0   28.6  -51.9               
   62   62 A E        -     0   0  142      0, 0.0    -2,-0.0     0, 0.0     0, 0.0   0.742  12.9-165.2-156.4-178.4  -11.5   25.5  -52.7               
   63   63 A S        +     0   0   97      0, 0.0    -2,-0.0     0, 0.0     0, 0.0   0.094  11.1 130.1 -64.9 177.6  -11.2   21.7  -52.4               
   64   64 A L        -     0   0  149      0, 0.0     0, 0.0     0, 0.0     0, 0.0   0.711  19.5 -94.4-167.3 168.4  -10.4   18.5  -53.2               
   65   65 A C        +     0   0  108      1,-0.0     0, 0.0     0, 0.0     0, 0.0   0.639  19.0  79.7   5.2 163.6   -9.0   14.9  -52.9               
   66   66 A D        -     0   0  138      2,-0.0    -1,-0.0     0, 0.0     0, 0.0   0.710  27.6-101.3-176.8 151.6   -7.0   12.2  -53.1               
   67   67 A S        -     0   0   99      0, 0.0     2,-0.1     0, 0.0     0, 0.0   0.517  36.2-102.9  65.7 163.5   -4.7    9.1  -53.3               
   68   68 A P        +     0   0  105      0, 0.0    -2,-0.0     0, 0.0     0, 0.0  -0.276  35.9 103.3-122.4-169.8   -1.5    7.7  -55.1               
   69   69 A H        +     0   0  169      1,-0.2     2,-0.2    -2,-0.1     0, 0.0   0.915  27.9 101.8  83.0 107.2    0.6    5.6  -57.6               
   70   70 A Q        -     0   0  197      2,-0.0     2,-0.3     0, 0.0    -1,-0.2  -0.587  42.2-126.3-170.7 163.6    2.5    5.6  -60.6               
   71   71 A N        +     0   0  158     -2,-0.2     2,-0.3     2,-0.0     0, 0.0  -0.630  30.0 158.1 -74.7 137.1    6.1    5.7  -61.9               
   72   72 A L        -     0   0  180     -2,-0.3     2,-0.4     2,-0.0    -2,-0.0  -0.864  17.3-162.4-153.1 136.3    7.6    8.1  -64.4               
   73   73 A S        +     0   0  107     -2,-0.3    -2,-0.0     2,-0.0     0, 0.0  -0.875  24.0 136.0-108.5 138.2   11.3    9.0  -64.9               
   74   74 A R        -     0   0  246     -2,-0.4     2,-0.2     2,-0.0    -2,-0.0  -0.712  25.3-160.4-167.5 142.6   13.1   11.9  -66.6               
   75   75 A P        -     0   0  109      0, 0.0     2,-0.4     0, 0.0    -2,-0.0  -0.626  13.1-116.6-107.7 169.5   16.2   14.1  -65.6               
   76   76 A L        -     0   0  161     -2,-0.2     2,-0.1     1,-0.0    -2,-0.0  -0.971  33.7-130.7-116.2 130.0   18.0   17.3  -66.2               
   77   77 A L        +     0   0  134     -2,-0.4    -1,-0.0     1,-0.0     0, 0.0   0.258  28.0  85.2  62.0 126.3   21.1   17.9  -67.4               
   78   78 A E        +     0   0  162     -2,-0.1     2,-0.1     0, 0.0    -1,-0.0   0.522  25.6  50.1-167.3 135.9   24.0   19.2  -67.4               
   79   79 A N        -     0   0  143      0, 0.0     0, 0.0     0, 0.0     0, 0.0  -0.531  67.3 -12.7-174.2 142.5   27.7   20.0  -66.9               
   80   80 A K        +     0   0  198      1,-0.1     2,-0.5    -2,-0.1     0, 0.0   0.904  46.1 155.6  57.9  76.8   31.3   18.7  -66.9               
   81   81 A L        +     0   0  149      3,-0.0     2,-0.2     0, 0.0    -1,-0.1  -0.936  21.5 156.2-121.6 104.7   32.1   15.0  -67.0               
   82   82 A K        +     0   0  210     -2,-0.5     2,-0.0     1,-0.2     0, 0.0  -0.790  35.2  21.3-161.5 131.8   35.6   14.2  -68.5               
   83   83 A A        -     0   0   97     -2,-0.2    -1,-0.2     2,-0.0     2,-0.1   0.704  45.4-158.3-139.7 168.2   37.6   11.8  -68.3               
   84   84 A F        -     0   0  187      1,-0.2    -3,-0.0    -3,-0.1    -1,-0.0  -0.446  36.3 -67.6 -89.1 160.1   37.7    8.1  -67.3               
   85   85 A S        +     0   0  103     -2,-0.1     2,-0.2     2,-0.0    -1,-0.2   0.149  42.3 146.9 -27.2 137.3   40.4    5.6  -66.1               
   86   86 A I        +     0   0  182      2,-0.0     2,-0.3     0, 0.0     0, 0.0  -0.706  25.3 167.1-159.3 145.9   43.5    3.9  -67.4               
   87   87 A G        +     0   0   64     -2,-0.2     2,-0.2     0, 0.0    -2,-0.0  -0.950  11.4 147.5-142.4 162.4   46.5    3.0  -65.1               
   88   88 A K        +     0   0  202     -2,-0.3    -2,-0.0     1,-0.1     0, 0.0  -0.784  35.3  49.2-179.0 162.6   49.8    1.1  -64.6               
   89   89 A M        -     0   0  167     -2,-0.2    -1,-0.1     1,-0.0     0, 0.0   0.996  50.9-125.4  66.2  93.9   53.2    1.1  -62.8               
   90   90 A S        +     0   0  114      2,-0.0     2,-0.3     0, 0.0    -1,-0.0   0.053  22.6 171.9  -1.9 123.5   54.6    1.7  -59.4               
   91   91 A T        -     0   0  131      2,-0.0     2,-0.3     0, 0.0     0, 0.0  -0.862  35.4-119.7-142.7 144.0   57.2    4.0  -58.2               
   92   92 A A        +     0   0  101     -2,-0.3     2,-0.3     0, 0.0    -2,-0.0  -0.529  30.4 174.4 -80.0 136.3   57.6    4.4  -54.4               
   93   93 A K        -     0   0  198     -2,-0.3    -2,-0.0     0, 0.0     2,-0.0  -0.974  41.4 -89.3-132.9 147.6   57.2    7.6  -52.4               
   94   94 A R        -     0   0  245     -2,-0.3     2,-0.4     1,-0.1     3,-0.0  -0.268  28.3-125.4 -61.4 135.6   57.4    7.8  -48.5               
   95   95 A T        -     0   0  136      1,-0.1    -1,-0.1    -2,-0.0     3,-0.1  -0.667  37.1-115.6 -65.1 124.0   54.4    7.4  -46.2               
   96   96 A L        -     0   0   91     -2,-0.4    -1,-0.1     1,-0.1     2,-0.1  -0.313  38.4 -97.1 -57.2 146.0   54.3   10.5  -44.0               
   97   97 A S    >>  -     0   0   68      1,-0.1     4,-2.3    -3,-0.0     3,-0.7  -0.367  24.5-118.3 -66.5 150.1   54.9    9.7  -40.3               
   98   98 A K  H 3> S+     0   0  160      1,-0.2     4,-1.7     2,-0.2    -1,-0.1   0.892 120.0  51.9 -54.3 -37.5   51.8    9.3  -38.0               
   99   99 A K  H 3> S+     0   0  124      2,-0.2     4,-2.3     1,-0.2    -1,-0.2   0.821 107.3  52.2 -64.0 -34.9   53.2   12.3  -36.0               
  100  100 A E  H <> S+     0   0   90     -3,-0.7     4,-2.1     2,-0.2    -2,-0.2   0.863 109.8  47.6 -77.1 -35.8   53.5   14.3  -39.3               
  101  101 A Q  H  X S+     0   0  116     -4,-2.3     4,-2.7     2,-0.2    -2,-0.2   0.867 113.1  50.1 -65.1 -38.5   49.8   13.6  -40.2               
  102  102 A E  H  X S+     0   0  130     -4,-1.7     4,-2.3    -5,-0.3    -2,-0.2   0.888 112.1  46.3 -72.0 -37.1   48.9   14.6  -36.6               
  103  103 A E  H  X S+     0   0  110     -4,-2.3     4,-1.7     2,-0.2    -2,-0.2   0.887 114.0  49.2 -69.6 -39.0   51.0   17.9  -36.8               
  104  104 A L  H  X S+     0   0   92     -4,-2.1     4,-1.8     2,-0.2     3,-0.2   0.966 113.1  46.1 -62.8 -50.6   49.4   18.6  -40.3               
  105  105 A K  H  X S+     0   0  129     -4,-2.7     4,-2.9     1,-0.2     3,-0.3   0.924 111.2  52.2 -59.7 -45.4   45.8   18.0  -38.9               
  106  106 A K  H  X S+     0   0  140     -4,-2.3     4,-2.4     1,-0.2    -1,-0.2   0.866 109.1  51.3 -56.9 -38.3   46.5   20.1  -35.8               
  107  107 A K  H  X S+     0   0  154     -4,-1.7     4,-1.6    -3,-0.2    -1,-0.2   0.804 111.2  46.8 -72.2 -30.9   47.7   23.0  -38.1               
  108  108 A E  H  X S+     0   0  140     -4,-1.8     4,-2.9    -3,-0.3     5,-0.2   0.940 113.5  48.1 -70.4 -46.7   44.5   22.7  -40.2               
  109  109 A D  H  X S+     0   0   94     -4,-2.9     4,-2.2     1,-0.2    -2,-0.2   0.890 113.8  48.3 -58.6 -41.0   42.3   22.6  -37.0               
  110  110 A E  H  X S+     0   0  125     -4,-2.4     4,-1.5    -5,-0.2    -1,-0.2   0.877 112.8  47.6 -69.7 -36.7   44.3   25.7  -35.7               
  111  111 A K  H  X S+     0   0  115     -4,-1.6     4,-2.6     2,-0.2    -2,-0.2   0.921 112.1  49.2 -69.7 -42.6   43.9   27.6  -39.1               
  112  112 A A  H  X S+     0   0   44     -4,-2.9     4,-2.5     1,-0.2    -2,-0.2   0.899 110.4  51.2 -63.7 -39.3   40.1   26.8  -39.1               
  113  113 A A  H  X S+     0   0   58     -4,-2.2     4,-1.4    -5,-0.2    -1,-0.2   0.854 110.9  49.4 -63.8 -34.6   39.9   28.1  -35.5               
  114  114 A A  H  X S+     0   0   53     -4,-1.5     4,-2.5     2,-0.2    -2,-0.2   0.933 110.8  48.3 -69.5 -44.7   41.7   31.3  -36.6               
  115  115 A E  H  X S+     0   0  102     -4,-2.6     4,-2.9     1,-0.2     5,-0.2   0.921 112.6  48.8 -62.0 -42.1   39.3   31.8  -39.6               
  116  116 A I  H  X S+     0   0  113     -4,-2.5     4,-1.9     1,-0.2    -1,-0.2   0.840 113.2  48.2 -65.1 -33.7   36.3   31.3  -37.3               
  117  117 A Y  H  X S+     0   0  145     -4,-1.4     4,-1.9    -5,-0.2    -2,-0.2   0.874 112.2  47.9 -74.0 -36.1   37.8   33.8  -34.8               
  118  118 A E  H  X S+     0   0  138     -4,-2.5     4,-3.0     2,-0.2    -2,-0.2   0.933 113.5  47.5 -69.0 -43.1   38.5   36.3  -37.6               
  119  119 A E  H  X S+     0   0  142     -4,-2.9     4,-2.0     1,-0.2    -2,-0.2   0.913 111.6  52.1 -61.0 -41.4   34.9   35.9  -38.9               
  120  120 A F  H  < S+     0   0  123     -4,-1.9    -2,-0.2    -5,-0.2    -1,-0.2   0.868 113.0  43.7 -63.9 -37.9   33.7   36.3  -35.3               
  121  121 A L  H >X S+     0   0   72     -4,-1.9     3,-2.2     2,-0.2     4,-1.1   0.927 110.4  54.5 -72.4 -42.8   35.7   39.6  -34.9               
  122  122 A A  H 3< S+     0   0   68     -4,-3.0     3,-0.3     1,-0.3     4,-0.3   0.850  99.0  64.2 -59.0 -32.9   34.6   40.9  -38.4               
  123  123 A A  T 3< S+     0   0   80     -4,-2.0    -1,-0.3     1,-0.2    -2,-0.2   0.560 109.7  39.6 -65.3  -9.0   30.9   40.3  -37.2               
  124  124 A F  T <4 S+     0   0  122     -3,-2.2    -2,-0.2    -4,-0.1    -1,-0.2   0.588 100.8  67.9-114.8 -17.1   31.6   43.0  -34.5               
  125  125 A E     <  +     0   0  169     -4,-1.1     2,-1.0    -3,-0.3    -2,-0.1   0.322  69.9 125.0 -89.1  10.4   33.7   45.7  -36.4               
  126  126 A G        -     0   0   66     -4,-0.3    -1,-0.0     1,-0.1    -4,-0.0  -0.612  67.9 -26.9 -79.3 102.0   30.7   46.7  -38.6               
  127  127 A S        -     0   0  116     -2,-1.0    -1,-0.1     2,-0.0     2,-0.0   0.912  53.2-111.6  75.1 120.8   29.9   50.5  -38.5               
  128  128 A D        +     0   0  161      1,-0.1    -3,-0.0    -3,-0.1     0, 0.0  -0.353  55.5 135.2 -55.8 144.3   30.2   53.5  -36.2               
  129  129 A G        -     0   0   69     -2,-0.0    -1,-0.1     0, 0.0    -2,-0.0   0.569  53.0-120.7 171.4  12.1   26.7   54.6  -35.0               
  130  130 A N        +     0   0  159      1,-0.0     2,-0.2     2,-0.0    -2,-0.1   0.804  64.6 105.3  44.1  69.5   25.9   55.5  -31.3               
  131  131 A K        -     0   0  200      2,-0.0     2,-0.5     0, 0.0    -1,-0.0  -0.612  50.3-146.9-164.0 125.4   23.1   53.3  -29.7               
  132  132 A V        +     0   0  148     -2,-0.2     2,-0.3     1,-0.0    -2,-0.0  -0.743  23.7 167.2 -87.7 122.4   23.5   50.4  -27.2               
  133  133 A K        -     0   0  197     -2,-0.5    -2,-0.0     0, 0.0    -1,-0.0  -0.811  32.3-112.7-142.7 107.3   21.0   47.5  -27.3               
  134  134 A T        -     0   0  125     -2,-0.3     2,-0.1     1,-0.1    -2,-0.0   0.375  30.1-100.4  10.3 123.9   21.4   44.1  -25.5               
  135  135 A F        -     0   0  173      1,-0.0     2,-0.4     0, 0.0    -1,-0.1  -0.346  32.2-145.6 -59.2 143.4   21.9   40.6  -27.0               
  136  136 A V        -     0   0  138     -2,-0.1     2,-0.4     0, 0.0    -1,-0.0  -0.930  11.2-130.0-113.6 138.4   18.9   38.3  -27.3               
  137  137 A R        -     0   0  242     -2,-0.4     0, 0.0     1,-0.1     0, 0.0  -0.789  41.6 -98.7 -88.4 129.4   19.1   34.5  -26.9               
  138  138 A G        -     0   0   80     -2,-0.4     2,-0.2     1,-0.0    -1,-0.1  -0.161  36.0-172.3 -60.9 137.3   17.5   32.7  -29.8               
  139  139 A G        -     0   0   77      1,-0.1    -1,-0.0     0, 0.0     2,-0.0  -0.692  42.1 -69.9-110.8 171.0   14.0   31.2  -29.9               
  140  140 A V        -     0   0  153     -2,-0.2    -1,-0.1     1,-0.1     2,-0.1  -0.249  53.2-100.7 -75.4 151.2   12.6   29.0  -32.7               
  141  141 A V        +     0   0  123      2,-0.0     2,-0.2    -2,-0.0    -1,-0.1  -0.291  38.1 157.9 -61.3 141.0   11.7   30.1  -36.3               
  142  142 A N        -     0   0  171      2,-0.1     2,-0.4    -2,-0.1     0, 0.0  -0.856  27.0-143.7-152.6 156.0    8.5   30.9  -38.1               
  143  143 A A        +     0   0   94     -2,-0.2     2,-0.3     2,-0.0    -2,-0.0  -0.900  32.8 134.7-125.4 138.6    8.3   33.0  -41.3               
  144  144 A A        -     0   0  108     -2,-0.4     2,-0.2     2,-0.0    -2,-0.1  -0.908  29.2-148.8-158.7 170.4    6.3   35.6  -43.2               
  145  145 A K        +     0   0  169     -2,-0.3    -2,-0.0     2,-0.0     0, 0.0  -0.726  27.6  99.1-133.0 175.2    7.3   38.9  -45.1               
  146  146 A E        +     0   0  161     -2,-0.2     2,-0.0     0, 0.0    -2,-0.0   0.416  31.7  68.1  74.5 158.7    6.2   42.5  -46.2               
  147  147 A E        -     0   0  156      0, 0.0    -2,-0.0     0, 0.0     0, 0.0   0.183  23.2-142.8-158.8 153.1    6.3   45.7  -45.7               
  148  148 A H        +     0   0  150     -2,-0.0     0, 0.0     0, 0.0     0, 0.0   0.784  37.4  35.5  68.3 143.8    6.5   49.5  -45.2               
  149  149 A E        -     0   0  149      1,-0.0     0, 0.0     0, 0.0     0, 0.0   0.882  38.3-110.9  50.8 107.2    5.5   52.8  -43.4               
  150  150 A T        +     0   0  127      0, 0.0     2,-0.2     0, 0.0    -1,-0.0   0.516  21.2 160.6  35.9 123.0    4.7   54.8  -40.4               
  151  151 A D        -     0   0  146      0, 0.0     2,-0.3     0, 0.0     0, 0.0  -0.582  30.4-118.4-161.4 172.6    2.8   56.6  -38.3               
  152  152 A E        +     0   0  148     -2,-0.2     0, 0.0     1,-0.1     0, 0.0  -0.632  36.6 124.6 -81.9 138.3    3.0   57.7  -34.5               
  153  153 A K        -     0   0  152     -2,-0.3    -1,-0.1     2,-0.0     0, 0.0   0.196  44.4 -91.7 177.8 117.0    1.3   57.4  -31.3               
  154  154 A R        +     0   0  231      1,-0.1     2,-0.3     0, 0.0    -2,-0.0   0.778  31.6 159.6  54.1  96.4    2.0   56.4  -27.8               
  155  155 A G        -     0   0   79      2,-0.0     2,-0.6     0, 0.0    -1,-0.1  -0.939  29.4-164.1-130.4 114.4    1.7   53.3  -25.5               
  156  156 A K        -     0   0  193     -2,-0.3     2,-0.3     0, 0.0     0, 0.0  -0.874   7.2-168.7-104.5 114.6    4.1   53.9  -22.5               
  157  157 A I        -     0   0  176     -2,-0.6    -2,-0.0     1,-0.1     2,-0.0  -0.694  34.1 -93.9 -99.1 151.2    5.2   51.0  -20.2               
  158  158 A Y        -     0   0  194     -2,-0.3    -1,-0.1     2,-0.0     0, 0.0  -0.212  32.0-179.5 -82.9 150.9    7.0   51.8  -17.0               
  159  159 A K        -     0   0  193     -2,-0.0     2,-0.6     2,-0.0    -1,-0.0  -0.905  17.7-150.4-138.5 116.4   10.6   52.2  -15.6               
  160  160 A P        -     0   0   96      0, 0.0     2,-0.4     0, 0.0    -2,-0.0  -0.756  13.7-159.5 -80.8 121.4   11.2   53.1  -11.9               
  161  161 A S        -     0   0  116     -2,-0.6     2,-0.1     2,-0.1    -2,-0.0  -0.820  17.4-122.3 -88.5 142.6   14.5   55.0  -11.5               
  162  162 A S        +     0   0  104     -2,-0.4    -1,-0.0     1,-0.0     0, 0.0  -0.464  61.7  89.4 -74.2 162.3   16.2   55.2   -8.1               
  163  163 A R        +     0   0  229      1,-0.2     2,-0.3    -2,-0.1    -2,-0.1   0.702  20.1 141.6 103.7 101.9   17.0   58.5   -6.4               
  164  164 A F        +     0   0  216      0, 0.0     2,-0.4     0, 0.0    -1,-0.2  -0.859  16.7 170.7-136.0 129.2   15.2   60.8   -4.1               
  165  165 A A        -     0   0   86     -2,-0.3     0, 0.0     1,-0.2     0, 0.0  -0.998  40.4 -43.0-114.9 131.6   17.2   62.5   -1.4               
  166  166 A D        +     0   0  145     -2,-0.4    -1,-0.2     0, 0.0     0, 0.0   0.852  57.5  95.9  65.7 150.4   15.6   65.2    0.8               
  167  167 A Q        -     0   0  158      2,-0.0    -2,-0.0     0, 0.0     0, 0.0   0.986  36.1-112.2  76.6  92.6   13.6   68.4    1.3               
  168  168 A K        -     0   0  196      2,-0.0     0, 0.0     1,-0.0     0, 0.0   0.794  33.8 -44.7  57.6 124.6   10.4   69.8    2.2               
  169  169 A N        -     0   0  152      1,-0.1    -1,-0.0     0, 0.0    -2,-0.0   0.546  45.9-107.2  -6.4 147.4    7.2   71.8    1.4               
  170  170 A P        +     0   0  121      0, 0.0    -1,-0.1     0, 0.0     2,-0.0  -0.233  31.4 143.4 -70.9 172.5    6.1   75.0   -0.4               
  171  171 A P        -     0   0  123      0, 0.0     2,-0.2     0, 0.0     0, 0.0   0.106  23.2-140.4-144.8-178.4    5.0   78.0   -0.4               
  172  172 A N        +     0   0  154     -2,-0.0     2,-0.1     0, 0.0     0, 0.0  -0.509  29.1 135.1 -60.7 138.4    5.3   81.4   -2.3               
  173  173 A Q        -     0   0  183     -2,-0.2     0, 0.0     0, 0.0     0, 0.0  -0.277  37.9 -57.2-174.5 143.5    5.4   84.9   -1.3               
  174  174 A S        -     0   0  102     -2,-0.1     0, 0.0     0, 0.0     0, 0.0   0.860  44.7 -21.8  47.8 119.5    7.2   88.2   -1.9               
  175  175 A S        +     0   0  102      0, 0.0     0, 0.0     0, 0.0     0, 0.0   0.983  33.6  52.9  75.9 124.1   10.2   90.4   -2.0               
  176  176 A N        -     0   0  138      0, 0.0     0, 0.0     0, 0.0     0, 0.0   0.997  31.4 -27.7  86.9 110.7   13.6   91.9   -1.5               
  177  177 A E        -     0   0  165      0, 0.0     0, 0.0     0, 0.0     0, 0.0   0.792  31.1 -84.2  73.2  91.7   17.3   92.5   -1.4               
  178  178 A R        -     0   0  243      0, 0.0     0, 0.0     0, 0.0     0, 0.0   0.802  16.1-161.2  71.1 157.7   20.8   91.7   -0.9               
  179  179 A P        -     0   0  112      0, 0.0     0, 0.0     0, 0.0     0, 0.0   0.126  11.2-113.4-119.8-142.2   24.2   91.1    1.1               
  180  180 A P        -     0   0  104      0, 0.0     0, 0.0     0, 0.0     0, 0.0   0.607   6.2-119.6-151.3-179.7   27.5   90.9    1.5               
  181  181 A S        +     0   0   98      2,-0.0     0, 0.0     0, 0.0     0, 0.0   0.544  15.1 145.6  84.9 166.6   31.1   89.6    2.1               
  182  182 A L        +     0   0  149      0, 0.0     0, 0.0     0, 0.0     0, 0.0   0.641  24.7  61.0  75.9 144.0   34.6   89.2    3.8               
  183  183 A L        +     0   0  139      0, 0.0    -2,-0.0     0, 0.0     0, 0.0   0.866  26.1 165.4-139.6 143.4   37.4   87.6    4.9               
  184  184 A V        -     0   0  123      2,-0.0     2,-0.1     0, 0.0     0, 0.0   0.424  10.8-177.0  70.1 124.5   40.3   85.6    3.9               
  185  185 A I        +     0   0  168      0, 0.0     2,-0.2     0, 0.0     0, 0.0  -0.309  22.7 173.6-173.2 146.3   43.6   84.2    4.8               
  186  186 A E        +     0   0  157     -2,-0.1     2,-0.1     0, 0.0    -2,-0.0  -0.719  13.3 171.1-123.0 167.4   46.3   82.1    2.7               
  187  187 A T        -     0   0   93     -2,-0.2     0, 0.0     1,-0.0     0, 0.0   0.248  13.8 -60.8-161.6-168.7   49.3   80.5    1.9               
  188  188 A K        -     0   0  175      1,-0.1    -1,-0.0    -2,-0.1     0, 0.0   0.683   5.3-154.7-161.3-153.7   51.5   78.5    0.1               
  189  189 A K        +     0   0  193      2,-0.0    -1,-0.1     0, 0.0     0, 0.0  -0.941   7.1 177.1-138.4 161.9   53.6   75.8   -1.8               
  190  190 A P        -     0   0  127      0, 0.0     2,-0.1     0, 0.0     0, 0.0  -0.677  26.7-161.6-144.5 178.5   56.6   74.3   -3.1               
  191  191 A P        +     0   0  113      0, 0.0    -2,-0.0     0, 0.0     0, 0.0  -0.518  17.5 120.3-120.8-176.2   57.1   70.9   -5.0               
  192  192 A L        +     0   0  159      1,-0.2     2,-0.1    -2,-0.1     0, 0.0   0.836  21.3  78.2 103.6 110.6   59.1   67.9   -6.4               
  193  193 A K        -     0   0  210      2,-0.0     2,-0.2     0, 0.0    -1,-0.2  -0.484  38.8-122.6-179.2 170.6   60.0   64.4   -6.7               
  194  194 A K        +     0   0  218     -2,-0.1     2,-0.3     0, 0.0     0, 0.0  -0.526  17.5 176.5 -81.9 152.5   59.2   61.0   -8.4               
  195  195 A G        -     0   0   73     -2,-0.2    -2,-0.0     0, 0.0     2,-0.0  -0.945  36.0-102.8-146.4 149.9   58.4   57.5   -7.0               
  196  196 A E        -     0   0  205     -2,-0.3     2,-0.6     1,-0.1     0, 0.0  -0.218  15.7-132.6 -82.2 161.4   57.4   54.5   -9.2               
  197  197 A K        -     0   0  199      2,-0.0     2,-0.4    -2,-0.0    -1,-0.1  -0.863  11.4-163.7-111.4  98.1   54.1   52.7  -10.0               
  198  198 A E        -     0   0  193     -2,-0.6     2,-0.9     1,-0.1     0, 0.0  -0.629  33.6-118.4 -66.6 130.7   54.2   48.9   -9.9               
  199  199 A K        -     0   0  204     -2,-0.4     2,-0.3     3,-0.0     3,-0.1  -0.684  19.5-142.8 -80.6 106.8   51.0   47.9  -11.8               
  200  200 A K        -     0   0  208     -2,-0.9    -3,-0.0     1,-0.1    -1,-0.0  -0.560  32.5-107.1 -60.8 128.0   48.5   46.1   -9.5               
  201  201 A K        -     0   0  105     -2,-0.3     2,-0.1     1,-0.1    -1,-0.1  -0.166  38.6 -98.9 -52.8 149.6   46.9   43.3  -11.6               
  202  202 A S    >>  -     0   0   67      1,-0.1     4,-2.6    -3,-0.1     3,-1.1  -0.442  22.8-121.4 -68.9 148.7   43.2   43.9  -12.6               
  203  203 A N  H 3> S+     0   0  138      1,-0.3     4,-2.2     2,-0.2     5,-0.1   0.850 118.6  55.4 -56.7 -31.5   40.5   42.1  -10.6               
  204  204 A L  H 3> S+     0   0  118      2,-0.2     4,-1.0     1,-0.1    -1,-0.3   0.757 108.6  47.1 -69.0 -27.6   39.5   40.5  -14.0               
  205  205 A E  H <> S+     0   0  108     -3,-1.1     4,-2.1     2,-0.2    -2,-0.2   0.911 111.1  50.1 -83.2 -43.5   43.1   39.2  -14.4               
  206  206 A L  H  X S+     0   0   86     -4,-2.6     4,-2.8     2,-0.2    -2,-0.2   0.922 110.4  51.1 -54.3 -47.9   43.2   37.9  -10.8               
  207  207 A F  H  X S+     0   0  116     -4,-2.2     4,-2.3     1,-0.2    -1,-0.2   0.836 110.8  48.1 -66.2 -31.8   39.8   36.1  -11.4               
  208  208 A K  H  X S+     0   0  144     -4,-1.0     4,-1.7     2,-0.2    -1,-0.2   0.863 112.5  49.0 -71.0 -37.2   41.2   34.5  -14.6               
  209  209 A E  H  X S+     0   0   83     -4,-2.1     4,-2.3     2,-0.2    -2,-0.2   0.913 113.3  47.7 -67.7 -40.8   44.4   33.4  -12.7               
  210  210 A E  H  X S+     0   0  106     -4,-2.8     4,-2.6     2,-0.2     5,-0.2   0.942 111.3  48.9 -64.5 -50.5   42.2   31.9   -9.9               
  211  211 A L  H  X S+     0   0   92     -4,-2.3     4,-1.6     1,-0.2    -1,-0.2   0.877 112.2  50.4 -59.5 -37.0   39.8   30.1  -12.4               
  212  212 A K  H  X S+     0   0  137     -4,-1.7     4,-2.8     2,-0.2    -2,-0.2   0.939 110.2  48.9 -65.7 -45.9   43.0   28.7  -14.1               
  213  213 A Q  H  X S+     0   0  129     -4,-2.3     4,-3.0     1,-0.2     5,-0.3   0.896 109.1  53.0 -60.6 -41.1   44.5   27.5  -10.7               
  214  214 A I  H  X S+     0   0   91     -4,-2.6     4,-1.2     2,-0.2    -1,-0.2   0.874 114.2  42.7 -62.6 -37.9   41.1   25.8   -9.8               
  215  215 A Q  H  X S+     0   0  110     -4,-1.6     4,-2.2    -5,-0.2    -2,-0.2   0.938 115.8  47.8 -71.5 -45.8   41.2   23.9  -13.1               
  216  216 A E  H  X S+     0   0  107     -4,-2.8     4,-2.6     1,-0.2    -2,-0.2   0.918 112.6  48.4 -64.5 -43.0   45.0   23.1  -12.9               
  217  217 A E  H  X S+     0   0   97     -4,-3.0     4,-2.4     2,-0.2    -1,-0.2   0.868 111.0  52.1 -64.9 -35.8   44.7   21.8   -9.3               
  218  218 A R  H  X S+     0   0  165     -4,-1.2     4,-1.6    -5,-0.3    -2,-0.2   0.914 111.2  46.5 -67.9 -39.6   41.7   19.7  -10.3               
  219  219 A D  H  X S+     0   0   91     -4,-2.2     4,-2.6     2,-0.2    -2,-0.2   0.902 111.8  51.0 -69.8 -39.7   43.7   18.1  -13.1               
  220  220 A E  H  X S+     0   0  127     -4,-2.6     4,-2.5     2,-0.2     5,-0.3   0.925 108.3  52.2 -62.0 -42.9   46.7   17.5  -10.8               
  221  221 A R  H  X S+     0   0  151     -4,-2.4     4,-1.9     1,-0.2    -1,-0.2   0.889 112.8  46.0 -58.5 -38.0   44.3   15.8   -8.3               
  222  222 A H  H  X S+     0   0  154     -4,-1.6     4,-1.4     2,-0.2    -2,-0.2   0.918 113.2  48.7 -69.2 -42.1   43.1   13.6  -11.2               
  223  223 A K  H  < S+     0   0  173     -4,-2.6    -2,-0.2     2,-0.2    -1,-0.2   0.829 115.2  44.1 -67.8 -36.2   46.8   12.9  -12.4               
  224  224 A T  H >< S+     0   0   85     -4,-2.5     3,-2.0    -5,-0.2     4,-0.3   0.912 107.9  56.5 -77.2 -42.9   48.0   12.0   -8.9               
  225  225 A K  H >< S+     0   0  172     -4,-1.9     3,-1.1     1,-0.3    -2,-0.2   0.846 100.2  61.9 -60.2 -31.5   45.0    9.8   -7.9               
  226  226 A G  T 3< S+     0   0   65     -4,-1.4    -1,-0.3     1,-0.2     3,-0.2   0.526  97.3  59.0 -69.0  -8.2   45.7    7.6  -11.1               
  227  227 A R  T <  S+     0   0  226     -3,-2.0    -1,-0.2     1,-0.1     3,-0.2   0.470  90.3  68.8-100.9  -2.3   49.2    6.6   -9.7               
  228  228 A L  S <  S+     0   0  155     -3,-1.1    -1,-0.1    -4,-0.3     3,-0.1   0.349  78.1  79.0-101.7   4.2   48.1    4.9   -6.4               
  229  229 A S  S    S+     0   0  119     -3,-0.2    -1,-0.2     1,-0.2    -3,-0.0  -0.342  77.4  75.9-108.0  43.9   46.3    1.8   -7.9               
  230  230 A R        +     0   0  222     -3,-0.2    -1,-0.2    -2,-0.1     2,-0.1  -0.311  57.0 102.4-154.9  67.3   49.5   -0.3   -8.6               
  231  231 A F        +     0   0  219     -3,-0.1    -1,-0.1     2,-0.0    -3,-0.0  -0.616  26.3 127.4-151.3  94.4   51.2   -2.0   -5.6               
  232  232 A E        -     0   0  184     -2,-0.1     0, 0.0     0, 0.0     0, 0.0  -0.972  55.9-120.3-134.2 132.2   50.7   -5.7   -4.8               
  233  233 A P        -     0   0  115      0, 0.0     2,-0.1     0, 0.0    -2,-0.0  -0.556  23.9-145.8 -87.2 143.5   54.0   -7.6   -4.3               
  234  234 A P        +     0   0  110      0, 0.0     0, 0.0     0, 0.0     0, 0.0  -0.373  34.1  81.6 -92.4 177.1   55.2  -10.6   -6.4               
  235  235 A Q        +     0   0  177      1,-0.1     2,-0.1    -2,-0.1     0, 0.0   0.930  20.1 110.1  86.1 107.6   57.3  -13.9   -5.9               
  236  236 A S        -     0   0  120      0, 0.0    -1,-0.1     0, 0.0     0, 0.0  -0.454  44.3-126.9-163.4 149.6   57.5  -17.3   -5.0               
  237  237 A D        +     0   0  149     -2,-0.1     0, 0.0     0, 0.0     0, 0.0   0.128  28.1 111.6 -65.3 172.4   58.1  -20.5   -7.1               
  238  238 A S        -     0   0   95      0, 0.0     0, 0.0     0, 0.0     0, 0.0   0.737  31.6 -85.0-166.0 166.4   57.7  -23.5   -8.4               
  239  239 A D        +     0   0  162      1,-0.0     0, 0.0     0, 0.0     0, 0.0   0.745  32.8 136.2  59.9 156.0   57.0  -26.3  -11.0               
  240  240 A G        +     0   0   78      1,-0.1    -1,-0.0     0, 0.0     0, 0.0   0.495  31.4 165.4 149.3   6.6   54.1  -28.5  -12.5               
  241  241 A Q        +     0   0  171      2,-0.0    -1,-0.1     1,-0.0     2,-0.1  -0.202   5.3 133.3 -52.0 133.6   54.5  -28.9  -16.4               
  242  242 A R        -     0   0  205      0, 0.0    -1,-0.0     0, 0.0     0, 0.0  -0.199  34.4 -16.4 175.7 136.4   52.8  -31.3  -19.0               
  243  243 A R        -     0   0  218     -2,-0.1    -2,-0.0     0, 0.0     0, 0.0   0.853  28.5-168.9  74.5  75.2   51.1  -32.0  -22.3               
  244  244 A S        +     0   0  109      0, 0.0     0, 0.0     0, 0.0     0, 0.0   0.441  21.3 117.9  26.9 142.3   49.2  -30.6  -25.1               
  245  245 A M        -     0   0  151      2,-0.0     0, 0.0     0, 0.0     0, 0.0   0.794  29.3 -82.5 101.8 117.6   47.1  -31.6  -28.1               
  246  246 A D        +     0   0  139      0, 0.0     0, 0.0     0, 0.0     0, 0.0   0.801  25.2 142.9  52.7 120.0   44.1  -32.0  -30.3               
  247  247 A A        +     0   0   98      0, 0.0     2,-0.2     0, 0.0    -2,-0.0  -0.284  23.2 168.0-174.2 139.7   40.9  -33.1  -31.7               
  248  248 A P        +     0   0  129      0, 0.0     0, 0.0     0, 0.0     0, 0.0  -0.625  10.0 103.4-113.6 179.4   37.9  -31.3  -33.4               
  249  249 A S        +     0   0   97      1,-0.2     2,-0.2    -2,-0.2     0, 0.0   0.788   9.4 108.5 107.9 117.5   34.6  -31.6  -35.5               
  250  250 A R        -     0   0  249      0, 0.0     2,-0.2     0, 0.0    -1,-0.2  -0.733  39.2-146.1-164.4 170.2   31.1  -31.8  -36.3               
  251  251 A R        +     0   0  222     -2,-0.2     0, 0.0     0, 0.0     0, 0.0  -0.686  18.0 105.1-122.0 170.0   28.9  -29.3  -38.3               
  252  252 A N        +     0   0  147     -2,-0.2     0, 0.0     0, 0.0     0, 0.0   0.489  19.7  51.8  83.3 147.4   25.6  -27.4  -39.2               
  253  253 A R        -     0   0  218      0, 0.0     0, 0.0     0, 0.0     0, 0.0   0.640  47.2 -57.9-152.7 150.3   23.3  -25.4  -39.7               
  254  254 A S        -     0   0  101      0, 0.0     0, 0.0     0, 0.0     0, 0.0   0.884  38.7 -59.3  46.9 111.9   22.2  -21.9  -41.0               
  255  255 A S        +     0   0  128      0, 0.0     0, 0.0     0, 0.0     0, 0.0   0.697  22.1  89.9  80.9 125.6   22.4  -18.4  -41.1               
  256  256 A G        -     0   0   60      0, 0.0     0, 0.0     0, 0.0     0, 0.0   0.754  28.7 -16.8-171.3-167.0   22.5  -15.3  -40.7               
  257  257 A V        -     0   0  145      1,-0.0     2,-0.2     0, 0.0     0, 0.0   0.771  29.6-158.9  68.4 114.0   23.1  -11.4  -40.2               
  258  258 A L        +     0   0  155      0, 0.0     2,-0.2     0, 0.0    -1,-0.0  -0.612  25.4 107.7  70.2  82.7   25.5   -9.6  -38.6               
  259  259 A D        +     0   0  151     -2,-0.2     0, 0.0     0, 0.0     0, 0.0  -0.615  38.1  44.9-169.2-171.3   25.8   -6.4  -37.3               
  260  260 A D        +     0   0   64     -2,-0.2     2,-1.8     1,-0.2     0, 0.0   0.752  23.8 162.3  81.3  47.1   26.2   -3.8  -34.4               
  261  261 A Y        -     0   0  241      2,-0.1    -1,-0.2     3,-0.0     0, 0.0  -0.531  32.4-166.8 -73.9  69.9   28.5   -4.5  -31.5               
  262  262 A A        -     0   0   57     -2,-1.8     2,-2.2     1,-0.1     3,-0.4  -0.494  22.0-130.8 -64.5 124.2   28.4   -0.7  -30.6               
  263  263 A P  S    S+     0   0  144      0, 0.0    -1,-0.1     0, 0.0     3,-0.1  -0.429  70.3 115.9 -79.1  72.4   31.2    0.1  -28.1               
  264  264 A G        +     0   0   47     -2,-2.2     2,-1.8     1,-0.1    -3,-0.0   0.740  34.2  92.7-113.7 -31.8   28.8    2.0  -25.7               
  265  265 A S        +     0   0   82     -3,-0.4     2,-1.8     1,-0.1    -1,-0.1  -0.474  43.6 176.5 -80.9  81.1   28.5    0.3  -22.2               
  266  266 A H        -     0   0  132     -2,-1.8     2,-0.3    -3,-0.1    -1,-0.1  -0.565  10.5-169.5 -79.1  73.3   31.2    2.0  -20.1               
  267  267 A D        -     0   0   93     -2,-1.8    86,-0.1     1,-0.2    87,-0.1  -0.527   6.7-161.4 -55.6 122.7   30.3    0.2  -16.9               
  268  268 A V        -     0   0   86     -2,-0.3    -1,-0.2    85,-0.2    85,-0.0   0.524  31.1-122.6 -89.0  -9.3   32.4    2.2  -14.4               
  269  269 A G        +     0   0   61      1,-0.2    -2,-0.1    83,-0.0     3,-0.0   0.672  65.3 143.5  67.0  17.5   32.3   -0.6  -11.7               
  270  270 A D    >   -     0   0   58      1,-0.1     3,-1.5     2,-0.0    -1,-0.2  -0.810  38.3-164.0 -87.2 105.2   30.8    2.1   -9.4               
  271  271 A P  T 3  S+     0   0  105      0, 0.0    -1,-0.1     0, 0.0    -2,-0.0   0.645  85.3  60.8 -65.8 -12.1   28.2    0.2   -7.2               
  272  272 A S  T 3  S+     0   0   77     -3,-0.0     2,-0.3     2,-0.0    -2,-0.0   0.515  70.9 121.2 -93.6  -6.0   26.6    3.6   -6.2               
  273  273 A T    <   -     0   0    4     -3,-1.5    80,-0.1     1,-0.2    82,-0.0  -0.402  38.8-172.7 -66.7 119.8   25.6    4.9   -9.7               
  274  274 A T        +     0   0   12     -2,-0.3    51,-2.5    82,-0.2     2,-0.5   0.349  55.8 103.9 -87.4   4.2   21.8    5.6   -9.9               
  275  275 A N  E     -A  324   0A   8     78,-0.4    78,-3.0    49,-0.3     2,-0.4  -0.804  53.8-161.1 -98.4 128.9   22.1    6.2  -13.7               
  276  276 A L  E     -AB 323 352A   0     47,-2.9    47,-2.2    -2,-0.5     2,-0.4  -0.879  12.8-139.2-103.0 133.2   21.0    3.7  -16.4               
  277  277 A Y  E     -AB 322 351A  63     74,-2.8    74,-1.8    -2,-0.4     2,-0.5  -0.785  19.3-152.9 -80.2 136.6   22.1    3.8  -20.0               
  278  278 A L  E     -AB 321 350A   0     43,-2.8    43,-2.4    -2,-0.4     2,-0.3  -0.968  15.1-179.7-115.7 119.8   19.2    3.0  -22.4               
  279  279 A G  E     + B   0 349A   7     70,-3.0    70,-2.6    -2,-0.5    41,-0.2  -0.851  60.4  26.0-114.1 156.2   19.9    1.5  -25.9               
  280  280 A N  E    S+     0   0A  39     39,-0.4     2,-0.3    -2,-0.3    40,-0.2   0.886  73.7 169.4  59.5  44.9   17.4    0.5  -28.7               
  281  281 A I  E     -A  319   0A   2     38,-2.5    38,-2.8    -3,-0.2    -1,-0.2  -0.697  43.6-104.0 -79.1 137.7   14.7    3.0  -27.7               
  282  282 A N    >   -     0   0   16     -2,-0.3     3,-2.0    61,-0.2    36,-0.2  -0.403  27.4-126.2 -56.9 132.6   11.9    3.4  -30.3               
  283  283 A P  T 3  S+     0   0   52      0, 0.0    -1,-0.1     0, 0.0    35,-0.1   0.707 109.0  55.7 -56.2 -24.4   12.4    6.8  -32.3               
  284  284 A Q  T 3  S+     0   0  141     60,-0.1     2,-0.5     2,-0.1    -2,-0.1   0.504  81.1 110.3 -83.1 -10.9    8.8    7.9  -31.4               
  285  285 A M    <   -     0   0    6     -3,-2.0     2,-0.1     4,-0.1    -4,-0.0  -0.596  56.0-156.1 -77.2 118.8    9.3    7.5  -27.6               
  286  286 A N     >  -     0   0   83     -2,-0.5     4,-2.0     1,-0.1     3,-0.4  -0.441  31.6-104.3 -88.6 165.0    9.4   10.8  -25.8               
  287  287 A E  H  > S+     0   0   80      1,-0.2     4,-2.3     2,-0.2     5,-0.1   0.845 123.0  56.6 -58.7 -30.9   11.0   11.8  -22.4               
  288  288 A E  H  > S+     0   0  137      2,-0.2     4,-2.1     1,-0.2    -1,-0.2   0.900 105.1  49.8 -65.8 -40.3    7.4   11.7  -20.9               
  289  289 A M  H  > S+     0   0   72     -3,-0.4     4,-2.5     2,-0.2    -2,-0.2   0.886 111.5  49.3 -68.4 -36.5    6.9    8.1  -22.0               
  290  290 A L  H  X S+     0   0    0     -4,-2.0     4,-2.6     2,-0.2     5,-0.4   0.918 108.4  53.9 -64.5 -42.4   10.3    7.2  -20.5               
  291  291 A C  H  X S+     0   0   16     -4,-2.3     4,-1.7    -5,-0.2    -2,-0.2   0.896 111.6  45.8 -57.6 -40.4    9.1    9.0  -17.3               
  292  292 A Q  H  X S+     0   0  102     -4,-2.1     4,-1.1     2,-0.2    -2,-0.2   0.964 116.8  41.8 -68.2 -52.1    5.9    6.8  -17.2               
  293  293 A E  H  < S+     0   0   41     -4,-2.5     3,-0.2     1,-0.2    -2,-0.2   0.903 124.1  36.9 -65.5 -41.8    7.7    3.4  -17.9               
  294  294 A F  H >< S+     0   0    0     -4,-2.6     3,-1.8    -5,-0.2     4,-0.4   0.793 105.0  69.8 -81.6 -27.3   10.7    4.1  -15.6               
  295  295 A G  H >< S+     0   0    0     -4,-1.7     3,-1.5    -5,-0.4    -1,-0.2   0.833  82.0  74.5 -60.2 -30.4    8.5    5.9  -12.9               
  296  296 A R  T 3< S+     0   0  137     -4,-1.1    -1,-0.3     1,-0.3    -2,-0.1   0.653 100.4  45.5 -54.0 -17.7    6.8    2.5  -12.1               
  297  297 A F  T <  S-     0   0    5     -3,-1.8   218,-0.3     1,-0.3    -1,-0.3   0.549 126.5 -54.9-102.9 -16.0   10.1    1.7  -10.3               
  298  298 A G  S <  S-     0   0    0     -3,-1.5    -1,-0.3    -4,-0.4     2,-0.3  -0.920  74.1 -42.0 155.0 177.3   10.9    4.9   -8.3               
  299  299 A P        -     0   0    0      0, 0.0    27,-2.6     0, 0.0     2,-0.5  -0.570  56.6-126.5 -82.9 135.2   11.3    8.7   -8.5               
  300  300 A L  E     -CD 325 364A   0     64,-1.9    63,-2.5    -2,-0.3    64,-1.2  -0.678  22.5-174.9 -94.9 124.8   13.4   10.0  -11.4               
  301  301 A A  E    S-     0   0A   4     23,-2.0     2,-0.3    -2,-0.5    24,-0.2   0.781  78.2  -4.3 -79.8 -34.6   16.4   12.3  -10.9               
  302  302 A S  E     -C  324   0A  40     22,-1.9    22,-2.8    56,-0.1     2,-0.4  -0.927  54.5-169.7-159.7 141.6   17.0   12.8  -14.6               
  303  303 A V  E     +C  323   0A  17     -2,-0.3     2,-0.3    20,-0.2    20,-0.2  -0.983  19.6 168.0-125.8 138.4   15.6   11.6  -18.0               
  304  304 A K  E     -C  322   0A 109     18,-2.0    18,-2.5    -2,-0.4     2,-0.4  -0.865  25.6-148.1-154.3 127.5   17.3   12.4  -21.3               
  305  305 A I  E     -C  321   0A   5     -2,-0.3     2,-0.9    16,-0.2    16,-0.3  -0.711  14.5-144.2 -88.2 136.0   17.1   11.2  -24.9               
  306  306 A M  E     -C  320   0A  64     14,-3.0    14,-0.9    -2,-0.4     3,-0.1  -0.797  24.1-154.5 -98.9  85.7   20.3   11.2  -27.0               
  307  307 A W        -     0   0  128     -2,-0.9     2,-0.2     1,-0.1     7,-0.1  -0.352  28.7 -90.4 -63.2 142.8   18.9   12.2  -30.4               
  308  308 A P        -     0   0   35      0, 0.0    -1,-0.1     0, 0.0    11,-0.0  -0.347  40.0-179.8 -65.8 124.2   20.9   11.1  -33.5               
  309  309 A R        +     0   0  204     -2,-0.2     2,-0.2    -3,-0.1    -2,-0.0   0.760  65.6  51.7 -95.2 -33.3   23.6   13.7  -34.6               
  310  310 A T  S  > S-     0   0   63      1,-0.1     4,-2.0     0, 0.0     3,-0.3  -0.698  83.9-121.1-102.2 159.8   25.0   11.9  -37.6               
  311  311 A D  H  > S+     0   0  116     -2,-0.2     4,-2.6     1,-0.2     5,-0.1   0.851 117.0  58.5 -68.4 -28.0   23.1   10.4  -40.6               
  312  312 A E  H  4 S+     0   0  142      2,-0.2    -1,-0.2     1,-0.2     4,-0.1   0.783 106.9  47.3 -67.6 -31.8   24.7    7.1  -39.6               
  313  313 A E  H >4 S+     0   0   74     -3,-0.3     3,-0.9     2,-0.1     5,-0.5   0.880 113.8  47.8 -72.8 -37.7   23.0    7.4  -36.2               
  314  314 A R  H >< S+     0   0  131     -4,-2.0     3,-1.6     1,-0.2    -2,-0.2   0.889 104.1  59.8 -71.1 -36.9   19.7    8.3  -37.9               
  315  315 A A  T 3< S+     0   0   80     -4,-2.6    -1,-0.2     1,-0.3    -2,-0.1   0.492  90.5  72.3 -68.7  -6.6   20.0    5.4  -40.4               
  316  316 A R  T <  S-     0   0   85     -3,-0.9    -1,-0.3     2,-0.2    -2,-0.2   0.400  93.9-141.9 -87.5  -0.9   20.0    3.0  -37.3               
  317  317 A E    <   +     0   0  148     -3,-1.6     2,-0.3     1,-0.1    -3,-0.1   0.643  66.6  93.9  49.8  27.7   16.2    3.7  -36.8               
  318  318 A R        -     0   0   73     -5,-0.5   -36,-0.2   -36,-0.2     2,-0.2  -0.997  61.5-142.7-149.0 140.6   16.7    3.7  -32.9               
  319  319 A N  E     -A  281   0A   8    -38,-2.8   -38,-2.5    -2,-0.3   -39,-0.4  -0.486   9.5-154.5 -90.6 165.3   17.4    6.2  -30.2               
  320  320 A C  E     + C   0 306A  39    -14,-0.9   -14,-3.0   -40,-0.2     2,-0.3  -0.874  22.1 154.0-129.8 171.6   19.5    5.9  -27.0               
  321  321 A G  E     -AC 278 305A   0    -43,-2.4   -43,-2.8    -2,-0.3     2,-0.3  -0.949  33.2-104.8-171.7-174.4   19.2    7.8  -23.7               
  322  322 A F  E     -AC 277 304A  67    -18,-2.5   -18,-2.0    -2,-0.3     2,-0.4  -0.998  16.2-171.1-138.7 140.5   19.8    8.0  -19.9               
  323  323 A V  E     -AC 276 303A   0    -47,-2.2   -47,-2.9    -2,-0.3     2,-0.5  -0.968   8.2-167.9-131.8 116.4   17.5    7.6  -16.9               
  324  324 A A  E     -AC 275 302A   2    -22,-2.8   -23,-2.0    -2,-0.4   -22,-1.9  -0.895   8.6-151.6-101.6 132.3   18.8    8.4  -13.4               
  325  325 A F  E     - C   0 300A   0    -51,-2.5   -25,-0.2    -2,-0.5   -51,-0.1  -0.565  22.3-125.7 -90.9 159.9   16.9    7.5  -10.2               
  326  326 A M  S    S+     0   0    7    -27,-2.6     2,-0.3    -2,-0.2   -26,-0.1   0.840  98.2  40.2 -66.2 -36.8   16.8    9.2   -6.8               
  327  327 A N  S  > S-     0   0   30    -28,-0.3     4,-1.3   -53,-0.1    -2,-0.1  -0.861  75.5-133.6-122.2 151.4   17.8    5.9   -5.2               
  328  328 A R  H  > S+     0   0   44     -2,-0.3     4,-1.0     2,-0.2    -1,-0.1   0.810 105.1  54.9 -74.2 -31.8   20.2    3.0   -6.1               
  329  329 A R  H  > S+     0   0  138      2,-0.2     4,-2.5     1,-0.2     3,-0.3   0.914 103.9  55.0 -65.5 -45.2   17.6    0.2   -5.4               
  330  330 A D  H  > S+     0   0    0      1,-0.3     4,-2.5     2,-0.2    -2,-0.2   0.915 107.8  48.6 -59.0 -44.8   15.0    1.7   -7.7               
  331  331 A A  H  X S+     0   0    0     -4,-1.3     4,-2.6     2,-0.2    -1,-0.3   0.825 110.2  53.1 -62.0 -33.1   17.5    1.8  -10.7               
  332  332 A E  H  X S+     0   0   96     -4,-1.0     4,-2.1    -3,-0.3    -2,-0.2   0.912 109.7  47.2 -71.0 -41.3   18.3   -1.9   -9.8               
  333  333 A R  H  X S+     0   0   39     -4,-2.5     4,-1.4     2,-0.2    -2,-0.2   0.918 114.5  48.1 -62.9 -43.6   14.6   -2.9   -9.9               
  334  334 A A  H  X S+     0   0    0     -4,-2.5     4,-2.4     1,-0.2     3,-0.4   0.946 112.0  48.2 -63.2 -48.3   14.2   -1.0  -13.3               
  335  335 A L  H  X S+     0   0   29     -4,-2.6     4,-0.9     1,-0.2    -1,-0.2   0.876 111.4  51.6 -59.1 -40.7   17.4   -2.6  -14.8               
  336  336 A K  H  < S+     0   0  173     -4,-2.1    -1,-0.2     1,-0.2    -2,-0.2   0.822 121.2  29.1 -65.6 -35.3   16.1   -6.1  -13.7               
  337  337 A N  H  < S+     0   0   66     -4,-1.4    -2,-0.2    -3,-0.4    -1,-0.2   0.630 120.1  46.7-110.3 -20.2   12.6   -5.9  -15.3               
  338  338 A L  H >< S+     0   0    2     -4,-2.4     3,-1.8    -5,-0.2     2,-0.5   0.621  83.6 103.6 -93.1 -17.6   12.9   -3.5  -18.3               
  339  339 A N  T 3< S+     0   0   84     -4,-0.9    10,-0.2    -5,-0.4     3,-0.1  -0.569  99.0   6.3 -76.0 118.3   16.1   -5.1  -19.8               
  340  340 A G  T 3  S+     0   0   40      8,-2.8     2,-0.3    -2,-0.5    -1,-0.3   0.393  97.3 142.1  82.4   1.7   15.0   -7.2  -22.8               
  341  341 A K    <   -     0   0   73     -3,-1.8     7,-2.6     7,-0.4     2,-0.6  -0.589  53.2-128.1 -72.0 132.1   11.4   -5.8  -22.4               
  342  342 A M  E     +E  347   0B 123     -2,-0.3     2,-0.4     5,-0.2     5,-0.2  -0.729  33.1 176.7 -79.0 119.3    9.6   -5.2  -25.8               
  343  343 A I  E >  S-E  346   0B  22      3,-2.8     3,-2.3    -2,-0.6   -61,-0.2  -0.998  70.8 -14.3-128.7 125.6    8.2   -1.6  -25.8               
  344  344 A M  T 3  S-     0   0   80     -2,-0.4   -60,-0.1     1,-0.3    -1,-0.1   0.870 130.2 -54.9  47.5  42.3    6.5   -0.2  -28.9               
  345  345 A S  T 3  S+     0   0  110      1,-0.2     2,-0.4   -63,-0.1    -1,-0.3   0.495 117.8 111.2  66.2  12.6    8.1   -3.2  -30.9               
  346  346 A F  E <   -E  343   0B  51     -3,-2.3    -3,-2.8    -5,-0.0     2,-0.8  -0.950  68.7-131.4-112.5 131.3   11.7   -2.4  -29.8               
  347  347 A E  E     -E  342   0B  75     -2,-0.4     2,-0.3    -5,-0.2    -5,-0.2  -0.694  29.8-138.5 -75.7 104.9   13.6   -4.6  -27.3               
  348  348 A M        -     0   0    3     -7,-2.6    -8,-2.8    -2,-0.8     2,-0.6  -0.531  13.7-155.7 -77.1 129.5   15.0   -2.1  -24.8               
  349  349 A K  E     -B  279   0A 100    -70,-2.6   -70,-3.0    -2,-0.3     2,-0.3  -0.918  13.6-171.6-113.3 115.2   18.6   -2.7  -23.7               
  350  350 A L  E     +B  278   0A  15     -2,-0.6     2,-0.3   -72,-0.2   -72,-0.2  -0.782  13.3 152.7-111.8 150.2   19.7   -1.4  -20.3               
  351  351 A G  E     -B  277   0A  13    -74,-1.8   -74,-2.8    -2,-0.3     2,-0.3  -0.955  49.8 -64.3-159.1 175.1   23.1   -1.1  -18.5               
  352  352 A W  E     -B  276   0A  45     -2,-0.3   -76,-0.2   -76,-0.2     2,-0.2  -0.511  48.7-159.1 -73.2 129.5   24.9    1.0  -15.9               
  353  353 A G        -     0   0    5    -78,-3.0   -78,-0.4    -2,-0.3   -85,-0.2  -0.584  32.4 -79.1 -97.4 165.6   25.6    4.7  -16.8               
  354  354 A K        -     0   0  137     -2,-0.2    -1,-0.1     1,-0.1   -87,-0.0  -0.428  61.5 -93.7 -61.1 137.3   28.2    7.2  -15.5               
  355  355 A A        -     0   0   64     -2,-0.1    -1,-0.1   -81,-0.1   -82,-0.1  -0.218  42.4-160.3 -58.1 140.9   27.1    8.7  -12.1               
  356  356 A V        -     0   0   61     -3,-0.1     2,-0.3   -54,-0.0   -82,-0.2  -0.941  30.1 -97.7-123.4 140.6   25.1   12.1  -12.3               
  357  357 A P        -     0   0  121      0, 0.0     0, 0.0     0, 0.0     0, 0.0  -0.486  42.9-131.1 -61.2 120.9   24.6   14.7   -9.6               
  358  358 A I        -     0   0   73     -2,-0.3   -56,-0.1   -32,-0.1   -32,-0.1  -0.589  16.3-130.1 -77.0 126.3   21.2   14.0   -8.1               
  359  359 A P        -     0   0   45      0, 0.0    -1,-0.1     0, 0.0     4,-0.0  -0.411  22.1-113.6 -71.0 156.7   18.9   17.1   -7.7               
  360  360 A P  S    S+     0   0   97      0, 0.0    -2,-0.0     0, 0.0   -59,-0.0   0.652 104.1  36.7 -69.4 -14.8   17.2   17.7   -4.3               
  361  361 A H  S    S-     0   0  133    -60,-0.1     2,-0.0   150,-0.0     3,-0.0  -0.991  91.6-113.6-132.9 141.2   13.7   17.1   -5.9               
  362  362 A P        -     0   0   18      0, 0.0   -61,-0.2     0, 0.0     3,-0.1  -0.322   8.0-139.2 -68.3 155.7   12.9   14.5   -8.7               
  363  363 A I  S    S+     0   0  119    -63,-2.5     2,-0.4     1,-0.3   -62,-0.2   0.786  95.9  34.4 -80.5 -32.6   11.7   15.5  -12.2               
  364  364 A Y  B     -D  300   0A  56    -64,-1.2   -64,-1.9   -73,-0.0    -1,-0.3  -0.993  66.4-169.0-128.5 127.4    9.1   12.7  -12.1               
  365  365 A I        -     0   0   51     -2,-0.4   -70,-0.1   -66,-0.2     5,-0.0  -0.970  28.2-125.2-108.5 121.4    7.2   11.5   -9.0               
  366  366 A P    >>  -     0   0    3      0, 0.0     4,-1.8     0, 0.0     3,-1.0  -0.450  23.2-116.9 -65.2 141.7    5.3    8.2   -9.5               
  367  367 A P  H 3> S+     0   0   90      0, 0.0     4,-2.0     0, 0.0     3,-0.2   0.854 113.0  57.2 -50.4 -43.5    1.5    8.6   -8.6               
  368  368 A S  H 3> S+     0   0   63      1,-0.3     4,-0.7     2,-0.2   -72,-0.0   0.856 112.7  40.5 -57.4 -39.0    1.7    6.0   -5.8               
  369  369 A M  H <> S+     0   0   14     -3,-1.0     4,-0.8     2,-0.2    -1,-0.3   0.774 108.1  62.3 -79.7 -26.9    4.4    8.1   -4.0               
  370  370 A M  H >X S+     0   0   97     -4,-1.8     3,-1.0     1,-0.2     4,-0.6   0.907  96.3  59.7 -65.7 -37.4    2.6   11.4   -4.9               
  371  371 A E  H >< S+     0   0  110     -4,-2.0     3,-1.4     1,-0.3    -1,-0.2   0.897  98.9  57.0 -57.8 -39.2   -0.4   10.3   -2.7               
  372  372 A H  H 3< S+     0   0   98     -4,-0.7    -1,-0.3     1,-0.3    -2,-0.2   0.825 106.0  51.8 -62.9 -26.1    1.9   10.0    0.3               
  373  373 A T  H << S+     0   0   36     -3,-1.0    -1,-0.3    -4,-0.8    -2,-0.2   0.543  94.0  93.3 -86.0  -8.1    2.8   13.7   -0.3               
  374  374 A L  S << S-     0   0   88     -3,-1.4    47,-0.0    -4,-0.6    -3,-0.0  -0.531  84.6-108.2 -79.7 148.7   -1.0   14.7   -0.4               
  375  375 A P        -     0   0   62      0, 0.0    -1,-0.1     0, 0.0    44,-0.1  -0.446  41.0-103.6 -65.6 150.0   -2.9   16.0    2.7               
  376  376 A P        -     0   0   23      0, 0.0     3,-0.1     0, 0.0    15,-0.1  -0.387  44.8 -88.7 -70.2 156.4   -5.4   13.5    4.2               
  377  377 A P        -     0   0   72      0, 0.0     2,-0.1     0, 0.0     0, 0.0  -0.260  59.3 -80.5 -59.5 152.3   -9.2   14.1    3.5               
  378  378 A P        +     0   0   98      0, 0.0     8,-0.0     0, 0.0     7,-0.0  -0.368  46.1 178.9 -59.8 128.4  -11.0   16.4    6.1               
  379  379 A S        -     0   0   19      2,-0.3     6,-0.0    -3,-0.1     7,-0.0   0.529  42.6-119.8-101.6 -15.1  -11.9   14.4    9.3               
  380  380 A G  S    S+     0   0   62      1,-0.3     3,-0.1    86,-0.0     6,-0.1   0.118  78.0 119.7  81.7 -14.1  -13.6   17.2   11.4               
  381  381 A L  S >  S-     0   0   16      4,-0.4     3,-1.7     1,-0.1    -1,-0.3  -0.515  78.1 -86.3 -78.4 148.8  -10.9   16.6   14.1               
  382  382 A P  G >  S+     0   0   56      0, 0.0     3,-1.6     0, 0.0    -1,-0.1  -0.124 115.7  13.0 -54.9 146.2   -8.5   19.5   15.0               
  383  383 A F  G 3  S-     0   0   52      1,-0.3    83,-0.1    -3,-0.1    35,-0.1   0.646 127.7 -79.5  54.4  19.6   -5.3   19.9   12.9               
  384  384 A N  G <  S-     0   0   16     -3,-1.7    34,-0.4     1,-0.2    -1,-0.3   0.847  72.5-174.2  55.8  37.9   -7.2   17.4   10.5               
  385  385 A A    <   -     0   0    0     -3,-1.6    -4,-0.4    -4,-0.2    32,-0.3  -0.341   9.6-144.6 -59.0 140.5   -6.1   14.4   12.7               
  386  386 A Q  B     -F  416   0C   3     30,-2.6    30,-2.6    -6,-0.1     5,-0.1  -0.899  14.7-110.5-113.0 140.4   -7.1   11.0   11.3               
  387  387 A P     >  -     0   0   22      0, 0.0     4,-1.2     0, 0.0    28,-0.1  -0.269  38.3-111.9 -54.6 150.8   -8.2    7.7   12.9               
  388  388 A R  T  4 S+     0   0  136      1,-0.2     4,-0.2     2,-0.2    27,-0.0   0.808 115.7  53.9 -65.8 -29.5   -5.5    5.0   12.7               
  389  389 A E  T >> S+     0   0  121      1,-0.2     4,-2.5     2,-0.2     3,-1.9   0.928 104.2  54.6 -67.7 -46.5   -7.6    2.8   10.3               
  390  390 A R  T 34 S+     0   0   52      1,-0.3    -2,-0.2     2,-0.2    -1,-0.2   0.768 100.4  59.7 -65.3 -26.8   -8.1    5.7    7.8               
  391  391 A L  T 3< S+     0   0   48     -4,-1.2    -1,-0.3     1,-0.2    -2,-0.2   0.568 115.5  35.6 -75.9 -10.8   -4.4    6.3    7.5               
  392  392 A K  T <4 S+     0   0  194     -3,-1.9    -2,-0.2     1,-0.2    -1,-0.2   0.680 130.9  27.9-104.0 -35.0   -4.0    2.7    6.2               
  393  393 A N    ><  -     0   0   82     -4,-2.5     3,-2.0     1,-0.1    -1,-0.2  -0.900  59.7-166.7-132.8 103.3   -7.3    2.5    4.2               
  394  394 A P  T 3  S+     0   0   77      0, 0.0    -1,-0.1     0, 0.0    -4,-0.1   0.781  91.1  60.7 -57.2 -27.7   -8.8    5.7    2.7               
  395  395 A N  T 3  S+     0   0  149      2,-0.0    -5,-0.1     3,-0.0     3,-0.1   0.391  74.2 122.5 -83.9   0.7  -12.0    3.8    2.0               
  396  396 A A  S <  S-     0   0   15     -3,-2.0     3,-0.1    -7,-0.1    -6,-0.0  -0.437  72.2-104.9 -60.2 136.7  -12.6    3.1    5.7               
  397  397 A P        -     0   0  113      0, 0.0     2,-0.4     0, 0.0    -1,-0.1  -0.141  36.9 -98.5 -57.6 154.6  -16.0    4.5    6.9               
  398  398 A M        -     0   0  112     -3,-0.1   -19,-0.0    -8,-0.0    -3,-0.0  -0.682  33.0-125.9 -69.1 128.6  -16.2    7.7    9.0               
  399  399 A L        -     0   0  109     -2,-0.4    -1,-0.0     1,-0.1    -3,-0.0  -0.536  40.9 -99.9 -57.4 140.3  -16.6    6.9   12.6               
  400  400 A P        -     0   0   97      0, 0.0    -1,-0.1     0, 0.0     3,-0.1  -0.295  49.8 -81.5 -59.3 154.6  -19.7    9.0   13.7               
  401  401 A P        -     0   0  111      0, 0.0     2,-0.2     0, 0.0     7,-0.1  -0.383  59.4 -99.2 -55.0 133.0  -18.9   12.3   15.5               
  402  402 A P        -     0   0   46      0, 0.0     6,-0.1     0, 0.0    -3,-0.0  -0.451  30.6-155.0 -64.8 125.4  -18.2   11.4   19.2               
  403  403 A K  S    S+     0   0  195     -2,-0.2     2,-0.3    -3,-0.1     3,-0.0   0.784  73.2  46.2 -73.1 -31.1  -21.4   12.0   21.2               
  404  404 A N  S  > S-     0   0  105      1,-0.1     4,-2.0     0, 0.0     3,-0.2  -0.852  82.0-120.9-117.3 151.5  -19.6   12.5   24.6               
  405  405 A K  H  > S+     0   0  157     -2,-0.3     4,-2.7     1,-0.2     5,-0.2   0.863 113.8  55.4 -56.5 -39.1  -16.5   14.6   25.7               
  406  406 A E  H  > S+     0   0  164      2,-0.2     4,-2.7     1,-0.2    -1,-0.2   0.910 107.6  48.2 -64.2 -41.0  -14.8   11.4   26.9               
  407  407 A D  H  > S+     0   0   65     -3,-0.2     4,-2.7     2,-0.2    -1,-0.2   0.866 111.5  51.6 -66.9 -35.2  -15.2    9.7   23.5               
  408  408 A F  H  X S+     0   0   74     -4,-2.0     4,-3.0     2,-0.2    -2,-0.2   0.957 113.5  42.5 -65.0 -49.0  -13.8   12.9   21.8               
  409  409 A E  H  X S+     0   0   84     -4,-2.7     4,-2.4     2,-0.2    -2,-0.2   0.924 116.1  49.5 -63.2 -43.1  -10.7   12.9   24.1               
  410  410 A K  H  X S+     0   0  128     -4,-2.7     4,-1.1     2,-0.2    -2,-0.2   0.944 114.6  44.5 -59.8 -48.6  -10.3    9.1   23.7               
  411  411 A T  H >X S+     0   0   42     -4,-2.7     4,-2.0     1,-0.2     3,-0.6   0.927 112.7  51.8 -62.0 -47.8  -10.6    9.4   19.9               
  412  412 A L  H 3< S+     0   0   25     -4,-3.0    90,-0.2     1,-0.2    -2,-0.2   0.889 106.5  54.1 -55.9 -43.7   -8.2   12.5   19.8               
  413  413 A S  H 3< S+     0   0   25     -4,-2.4    -1,-0.2     1,-0.2    -2,-0.2   0.795 114.3  40.9 -64.0 -30.3   -5.6   10.6   21.8               
  414  414 A Q  H << S+     0   0  114     -4,-1.1    -1,-0.2    -3,-0.6    -2,-0.2   0.730  98.5  96.9 -89.9 -24.6   -5.6    7.7   19.2               
  415  415 A A     <  -     0   0    1     -4,-2.0    87,-2.3    -5,-0.1     2,-0.4  -0.153  64.9-138.6 -66.1 158.2   -5.8    9.9   16.1               
  416  416 A I  E     -Fg 386 502C   3    -30,-2.6   -30,-2.6    85,-0.2     2,-0.8  -0.978   2.9-145.4-127.3 125.4   -2.7   11.0   14.0               
  417  417 A V  E     - g   0 503C   1     85,-2.7    87,-2.9    -2,-0.4     2,-0.9  -0.787  18.5-150.3 -85.3 107.2   -1.9   14.4   12.5               
  418  418 A K  E     - g   0 504C  48     -2,-0.8     2,-0.4   -34,-0.4    85,-0.1  -0.725  11.7-145.4 -80.1 105.8   -0.1   13.7    9.2               
  419  419 A V        -     0   0    6     85,-2.2     2,-0.4    -2,-0.9    -2,-0.0  -0.598  18.4-170.9 -77.1 125.0    2.3   16.7    8.6               
  420  420 A V        -     0   0   15     -2,-0.4    52,-0.2    48,-0.3   -47,-0.1  -0.923  23.0-122.7-117.5 138.2    2.6   17.6    4.9               
  421  421 A I        -     0   0   60     -2,-0.4    48,-0.1     1,-0.1     2,-0.1  -0.711  35.3-110.5 -79.9 125.0    5.1   20.0    3.4               
  422  422 A P        -     0   0   17      0, 0.0     6,-0.1     0, 0.0    -1,-0.1  -0.318  18.7-151.2 -55.6 127.6    3.4   22.9    1.4               
  423  423 A T  S    S+     0   0  136     -2,-0.1     2,-1.0     1,-0.1     3,-0.0   0.762  72.9  95.4 -72.8 -26.9    4.1   22.5   -2.4               
  424  424 A E     >  -     0   0  128      1,-0.2     4,-2.9     2,-0.1     5,-0.2  -0.539  63.5-159.3 -71.1 103.5    3.8   26.3   -2.9               
  425  425 A R  H  > S+     0   0  212     -2,-1.0     4,-1.8     1,-0.2    -1,-0.2   0.770  90.3  51.5 -53.9 -33.5    7.4   27.6   -2.8               
  426  426 A N  H  > S+     0   0  141      2,-0.2     4,-1.8     3,-0.1    -1,-0.2   0.936 112.7  43.7 -72.8 -46.7    6.3   31.2   -2.0               
  427  427 A L  H  > S+     0   0   39      2,-0.2     4,-2.9     1,-0.2    -2,-0.2   0.925 113.6  52.5 -62.3 -44.6    4.0   30.1    0.9               
  428  428 A L  H  X S+     0   0   36     -4,-2.9     4,-2.5     1,-0.2    -2,-0.2   0.911 110.5  47.3 -58.9 -43.9    6.7   27.7    2.2               
  429  429 A A  H  X S+     0   0   54     -4,-1.8     4,-1.7    -5,-0.2    -1,-0.2   0.824 112.2  50.4 -68.5 -32.1    9.3   30.6    2.2               
  430  430 A L  H  X S+     0   0   42     -4,-1.8     4,-2.6     2,-0.2    -2,-0.2   0.937 111.4  48.2 -67.9 -45.7    6.8   32.9    3.9               
  431  431 A I  H  X S+     0   0    0     -4,-2.9     4,-2.6     2,-0.2    -2,-0.2   0.916 110.0  52.2 -59.8 -45.8    6.1   30.2    6.6               
  432  432 A H  H  X S+     0   0   81     -4,-2.5     4,-2.2     1,-0.2    -1,-0.2   0.908 112.6  45.1 -61.5 -40.1    9.9   29.7    7.1               
  433  433 A R  H  X S+     0   0  167     -4,-1.7     4,-2.3     2,-0.2    -2,-0.2   0.903 109.6  55.1 -65.9 -42.7   10.4   33.5    7.6               
  434  434 A M  H  X S+     0   0    7     -4,-2.6     4,-2.7     2,-0.2    -2,-0.2   0.941 111.4  44.7 -56.2 -45.2    7.3   33.6   10.0               
  435  435 A I  H  X S+     0   0    3     -4,-2.6     4,-2.9     2,-0.2     5,-0.3   0.914 109.3  55.9 -64.7 -44.0    9.0   30.9   12.1               
  436  436 A E  H  X S+     0   0  125     -4,-2.2     4,-0.7    -5,-0.2    -1,-0.2   0.878 114.4  40.8 -55.6 -39.6   12.4   32.7   11.9               
  437  437 A F  H  X S+     0   0   78     -4,-2.3     4,-3.1     2,-0.2     3,-0.3   0.924 115.3  49.0 -75.7 -43.6   10.7   35.9   13.4               
  438  438 A V  H  X S+     0   0   10     -4,-2.7     4,-1.5     1,-0.2    -2,-0.2   0.908 110.8  50.4 -66.2 -40.2    8.5   34.0   16.0               
  439  439 A V  H  < S+     0   0   53     -4,-2.9    -1,-0.2     1,-0.2    -2,-0.2   0.804 121.1  36.7 -64.1 -28.5   11.5   32.0   17.4               
  440  440 A R  H  < S+     0   0  118     -4,-0.7   320,-0.6    -5,-0.3   321,-0.2   0.859 127.7  31.2 -91.5 -41.3   13.5   35.3   17.7               
  441  441 A E  H  < S-     0   0   63     -4,-3.1     3,-0.2     1,-0.2    -3,-0.2   0.333 107.2-123.0-103.4  -0.4   10.7   37.8   18.8               
  442  442 A G    >X  -     0   0   10     -4,-1.5     3,-1.7    -5,-0.3     4,-0.6   0.019  42.9 -55.1  79.6 175.8    8.5   35.4   20.8               
  443  443 A P  H 3> S+     0   0   84      0, 0.0     4,-2.0     0, 0.0     3,-0.4   0.782 125.5  73.3 -63.2 -23.9    4.7   34.5   20.5               
  444  444 A M  H 3> S+     0   0   61      1,-0.2     4,-1.7     2,-0.2    -2,-0.1   0.768  92.1  56.9 -64.0 -22.6    3.8   38.2   20.8               
  445  445 A F  H <> S+     0   0   33     -3,-1.7     4,-2.1     2,-0.2    -1,-0.2   0.886 104.7  51.4 -70.7 -38.3    5.1   38.6   17.2               
  446  446 A E  H  X S+     0   0   21     -4,-0.6     4,-2.9    -3,-0.4     3,-0.3   0.980 111.8  46.0 -60.1 -52.8    2.7   35.9   16.0               
  447  447 A A  H  X S+     0   0   26     -4,-2.0     4,-2.5     1,-0.2    -1,-0.2   0.863 111.6  52.5 -58.5 -39.6   -0.3   37.7   17.7               
  448  448 A M  H  X S+     0   0  106     -4,-1.7     4,-0.8    -5,-0.2    -1,-0.2   0.884 112.6  44.2 -65.5 -39.5    0.9   41.1   16.2               
  449  449 A I  H  X S+     0   0   20     -4,-2.1     4,-2.8    -3,-0.3     3,-0.3   0.922 112.9  52.1 -71.4 -41.5    1.0   39.6   12.6               
  450  450 A M  H  X S+     0   0   49     -4,-2.9     4,-0.7     1,-0.2    -2,-0.2   0.963 112.1  44.8 -57.2 -53.0   -2.4   37.8   13.1               
  451  451 A N  H  < S+     0   0  134     -4,-2.5    -1,-0.2     1,-0.2    -2,-0.2   0.720 121.1  41.7 -63.2 -24.2   -4.1   41.1   14.2               
  452  452 A R  H  < S+     0   0  183     -4,-0.8     3,-0.2    -3,-0.3    -1,-0.2   0.818 120.8  36.1 -90.3 -39.8   -2.4   43.0   11.3               
  453  453 A E  H >< S+     0   0   35     -4,-2.8     3,-2.4     1,-0.2     6,-0.3   0.123  74.2 121.3-110.7  18.0   -2.7   40.7    8.4               
  454  454 A I  T 3< S+     0   0  106     -4,-0.7    -1,-0.2     1,-0.3    -3,-0.1   0.824  81.6  46.3 -50.5 -35.9   -6.2   39.1    9.1               
  455  455 A N  T 3  S+     0   0  156     -3,-0.2    -1,-0.3     1,-0.0    -2,-0.1   0.311  92.5  99.5 -89.0   4.5   -7.4   40.4    5.7               
  456  456 A N    X   -     0   0   38     -3,-2.4     3,-2.0     1,-0.1     4,-0.4  -0.847  60.6-155.8-102.4 112.3   -4.3   39.1    3.8               
  457  457 A P  G >  S+     0   0  104      0, 0.0     3,-0.6     0, 0.0     4,-0.2   0.697  92.2  65.7 -63.7 -17.2   -4.7   35.7    2.0               
  458  458 A M  G 3  S+     0   0  116      1,-0.2     3,-0.3     2,-0.1   -28,-0.0   0.774 104.5  45.0 -71.3 -24.5   -0.9   35.0    2.1               
  459  459 A F  G X  S+     0   0   27     -3,-2.0     3,-2.8    -6,-0.3     4,-0.5   0.364  78.1 112.0 -98.3   5.5   -1.2   34.8    6.0               
  460  460 A R  G X>  +     0   0  142     -3,-0.6     4,-2.3    -4,-0.4     3,-1.1   0.785  66.0  70.0 -47.8 -33.0   -4.4   32.6    5.8               
  461  461 A F  G 34 S+     0   0    6     -3,-0.3    -1,-0.3     1,-0.2    12,-0.1   0.622  91.1  59.3 -62.8 -17.8   -2.2   29.7    7.3               
  462  462 A L  G <4 S+     0   0    0     -3,-2.8    -1,-0.2     1,-0.1    -2,-0.2   0.780 115.6  32.6 -78.3 -27.4   -2.1   31.5   10.7               
  463  463 A F  T <4 S+     0   0   61     -3,-1.1     2,-1.5    -4,-0.5    -2,-0.2   0.779 101.1  76.1-101.0 -36.0   -5.9   31.5   11.1               
  464  464 A E    ><  -     0   0   68     -4,-2.3     3,-2.4     1,-0.2     6,-0.4  -0.571  56.8-176.4 -90.4  84.3   -7.1   28.2    9.3               
  465  465 A N  T 3  S+     0   0   90     -2,-1.5    -1,-0.2     1,-0.3    -4,-0.0   0.684  79.4  54.7 -52.8 -28.3   -6.1   25.6   11.9               
  466  466 A Q  T 3  S+     0   0  109    -83,-0.1    -1,-0.3   -84,-0.1    -2,-0.1   0.551  84.7 107.9 -84.0 -10.7   -7.3   22.6    9.7               
  467  467 A T  S <> S-     0   0   31     -3,-2.4     4,-2.6     1,-0.1     3,-0.5  -0.456  75.5-128.6 -73.0 144.4   -5.0   23.7    6.7               
  468  468 A P  H  > S+     0   0   49      0, 0.0     4,-2.3     0, 0.0   -48,-0.3   0.810 113.1  57.4 -56.7 -28.1   -1.9   21.6    5.7               
  469  469 A A  H  > S+     0   0   14      2,-0.2     4,-2.2     3,-0.2     5,-0.1   0.902 108.3  43.7 -69.7 -41.7   -0.1   25.0    5.8               
  470  470 A H  H  > S+     0   0    1     -3,-0.5     4,-2.9    -6,-0.4     5,-0.3   0.939 113.7  51.4 -66.1 -46.6   -1.1   25.7    9.5               
  471  471 A V  H  X S+     0   0    5     -4,-2.6     4,-2.3     1,-0.2    -2,-0.2   0.927 113.5  45.2 -56.2 -45.9   -0.3   22.0   10.4               
  472  472 A Y  H  X S+     0   0    6     -4,-2.3     4,-2.7    -5,-0.2    -1,-0.2   0.891 112.6  51.5 -65.0 -40.6    3.2   22.5    8.8               
  473  473 A Y  H  X S+     0   0    0     -4,-2.2     4,-2.5     2,-0.2     5,-0.2   0.971 113.2  43.3 -60.0 -54.5    3.7   25.9   10.5               
  474  474 A R  H  X S+     0   0   65     -4,-2.9     4,-2.5     1,-0.2    -2,-0.2   0.927 118.1  46.0 -58.4 -47.8    2.8   24.6   14.0               
  475  475 A W  H  X S+     0   0    3     -4,-2.3     4,-2.9    -5,-0.3    -1,-0.2   0.908 114.0  46.4 -61.9 -45.4    5.0   21.4   13.5               
  476  476 A K  H  X S+     0   0    4     -4,-2.7     4,-1.8     2,-0.2    -2,-0.2   0.853 112.9  50.1 -74.6 -30.8    8.0   23.3   12.0               
  477  477 A L  H  X S+     0   0   18     -4,-2.5     4,-2.2    -5,-0.2    -2,-0.2   0.968 114.4  45.1 -61.4 -53.4    7.9   25.9   14.8               
  478  478 A Y  H  X S+     0   0   68     -4,-2.5     4,-2.2    -5,-0.2    -2,-0.2   0.921 111.1  53.1 -57.2 -48.3    7.8   23.1   17.4               
  479  479 A S  H  <>S+     0   0    2     -4,-2.9     5,-2.2     1,-0.2    -1,-0.2   0.916 111.4  45.9 -55.6 -45.6   10.6   21.1   15.7               
  480  480 A I  H ><5S+     0   0   47     -4,-1.8     3,-1.4     1,-0.2    -1,-0.2   0.887 110.9  52.5 -67.9 -37.7   12.9   24.1   15.7               
  481  481 A L  H 3<5S+     0   0  109     -4,-2.2    -2,-0.2     1,-0.3    -1,-0.2   0.839 103.9  58.1 -66.9 -30.1   12.1   24.9   19.4               
  482  482 A Q  T 3<5S-     0   0   96     -4,-2.2    -1,-0.3    -5,-0.2    -2,-0.2   0.203 127.9-101.6 -80.1  13.9   13.0   21.2   20.2               
  483  483 A G  T < 5S+     0   0   66     -3,-1.4    -3,-0.2     1,-0.3     2,-0.2   0.515  73.5 146.9  78.3   7.9   16.5   21.9   18.7               
  484  484 A D      < -     0   0   23     -5,-2.2    -1,-0.3    -6,-0.2     5,-0.2  -0.479  49.7-114.4 -69.4 145.2   15.9   20.3   15.3               
  485  485 A S  B >   -I  488   0D  46      3,-1.3     3,-0.6    -2,-0.2    -1,-0.1  -0.380  22.2-109.5 -76.5 158.7   17.8   21.9   12.4               
  486  486 A P  T 3  S+     0   0   95      0, 0.0    -1,-0.1     0, 0.0     3,-0.1   0.857 120.1  31.4 -52.8 -34.9   16.0   23.7    9.5               
  487  487 A T  T 3  S+     0   0  113      1,-0.2     2,-0.3    21,-0.0    -3,-0.0   0.395 122.3  45.8-110.0  -3.6   17.1   20.8    7.1               
  488  488 A K  B <   +I  485   0D 150     -3,-0.6    -3,-1.3    20,-0.0     2,-0.2  -0.948  64.6 157.2-144.7 128.3   17.1   17.8    9.5               
  489  489 A W        -     0   0   37     -2,-0.3    19,-0.1    -5,-0.2     2,-0.1  -0.836  46.6 -77.6-141.8 166.7   14.4   16.9   12.1               
  490  490 A R        -     0   0  159     -2,-0.2   -11,-0.0     1,-0.1    -6,-0.0  -0.454  31.7-166.2 -72.2 144.4   13.1   13.8   14.0               
  491  491 A T        +     0   0   76     -2,-0.1     2,-0.2     2,-0.1    -1,-0.1   0.354  50.3 107.5-119.2   2.7   10.9   11.4   12.0               
  492  492 A E  S    S-     0   0  162      1,-0.1     2,-0.3    12,-0.1    11,-0.1  -0.512  81.3 -99.0 -77.3 147.7    9.2    9.3   14.8               
  493  493 A D        +     0   0   63     -2,-0.2     2,-0.2    11,-0.1    11,-0.2  -0.549  57.2 166.8 -66.1 129.2    5.5    9.8   15.7               
  494  494 A F  E     -H  503   0C  47      9,-2.2     9,-3.2    -2,-0.3     2,-0.4  -0.819  34.2-115.2-137.1 171.3    5.3   12.0   18.8               
  495  495 A R  E     -H  502   0C  87      7,-0.2     7,-0.1    -2,-0.2     6,-0.1  -0.973  10.9-169.0-113.7 133.7    2.8   14.1   20.9               
  496  496 A M  S    S+     0   0   30      5,-0.6     2,-0.3    -2,-0.4    -1,-0.1   0.802  78.8  32.5 -76.7 -34.0    3.0   17.9   21.2               
  497  497 A F  S    S-     0   0  122      4,-0.3    -1,-0.1     1,-0.0     2,-0.1  -0.881  91.7 -97.3-126.1 150.5    0.3   18.0   24.0               
  498  498 A K  S    S+     0   0  203     -2,-0.3     2,-1.5     1,-0.2     3,-0.1  -0.437 110.6   1.3 -61.0 143.7   -0.8   15.7   26.9               
  499  499 A N  S    S+     0   0  106      1,-0.1    -1,-0.2    -2,-0.1     0, 0.0   0.002 109.5 116.4  56.9 -21.3   -3.8   13.6   25.8               
  500  500 A G  S    S-     0   0   19     -2,-1.5    -1,-0.1     1,-0.1   -91,-0.0   0.008  72.0 -68.7 -67.9 173.1   -3.8   15.1   22.3               
  501  501 A S        -     0   0   11      1,-0.1    -5,-0.6    -3,-0.1     2,-0.4  -0.077  48.7-100.3 -62.6 155.9   -3.1   13.4   18.9               
  502  502 A F  E     -gH 416 495C  66    -87,-2.3   -85,-2.7   -90,-0.2     2,-0.5  -0.636  32.7-142.2 -76.4 128.0    0.1   11.9   17.6               
  503  503 A W  E     -gH 417 494C   3     -9,-3.2    -9,-2.2    -2,-0.4   -85,-0.2  -0.832   7.7-155.2 -92.9 123.6    2.0   14.1   15.1               
  504  504 A R  E     -g  418   0C  87    -87,-2.9   -85,-2.2    -2,-0.5   -11,-0.1  -0.899  16.2-138.5 -97.3 111.4    3.7   12.3   12.2               
  505  505 A P        -     0   0    7      0, 0.0     3,-0.1     0, 0.0   -14,-0.0  -0.274  26.7 -99.6 -61.3 154.1    6.7   14.4   10.8               
  506  506 A P        -     0   0    6      0, 0.0   -86,-0.1     0, 0.0  -133,-0.0  -0.565  50.5-101.1 -69.6 138.5    7.2   14.6    7.0               
  507  507 A P        -     0   0   72      0, 0.0     2,-0.9     0, 0.0   -17,-0.1  -0.297  35.3-101.9 -66.3 143.6   10.0   12.1    6.0               
  508  508 A L  S    S-     0   0   58      1,-0.3     4,-0.1   -19,-0.1     5,-0.1  -0.525 101.0 -19.5 -67.5 102.3   13.5   13.4    5.4               
  509  509 A N  S >> S-     0   0   70     -2,-0.9     3,-1.7     2,-0.1     4,-0.7   0.994  71.4-152.4  50.7  89.3   13.5   13.5    1.5               
  510  510 A P  G >4 S+     0   0   46      0, 0.0     3,-0.8     0, 0.0     4,-0.4   0.872  92.4  54.8 -49.3 -40.2   10.6   11.0    0.7               
  511  511 A Y  G 34 S+     0   0   30      1,-0.2  -185,-0.1     2,-0.2     3,-0.1   0.577  96.1  63.0 -77.5 -15.6   12.3   10.2   -2.7               
  512  512 A L  G <4 S+     0   0   78     -3,-1.7    -1,-0.2     1,-0.2  -184,-0.2   0.704  97.9  56.0 -84.3 -20.0   15.8    9.1   -1.2               
  513  513 A H  S << S-     0   0  133     -3,-0.8    -1,-0.2    -4,-0.7    -2,-0.2   0.718  99.2-144.4 -82.0 -17.2   14.4    6.1    0.7               
  514  514 A G        -     0   0   12     -4,-0.4    -1,-0.2    -3,-0.1     2,-0.2  -0.227  44.1 -36.2  76.3-179.0   12.8    4.5   -2.4               
  515  515 A M  S    S-     0   0   14   -218,-0.3     2,-0.1     1,-0.1  -186,-0.0  -0.533  74.8-108.0 -64.6 142.6    9.5    2.6   -2.4               
  516  516 A S     >  -     0   0   45     -2,-0.2     4,-1.9     1,-0.1    -1,-0.1  -0.315  25.7-107.7 -68.6 157.8    9.0    0.6    0.8               
  517  517 A E  T  4 S+     0   0  137      2,-0.2     4,-0.5     1,-0.2    -1,-0.1   0.766 123.7  57.6 -61.1 -22.1    9.2   -3.3    0.8               
  518  518 A E  T >> S+     0   0  154      2,-0.2     3,-1.5     1,-0.2     4,-0.9   0.969 108.1  44.3 -67.5 -51.2    5.4   -3.2    1.3               
  519  519 A Q  H 3> S+     0   0   34      1,-0.3     4,-2.8     2,-0.2     5,-0.3   0.749 100.3  70.1 -68.2 -23.9    5.0   -1.2   -2.0               
  520  520 A E  H 3< S+     0   0   67     -4,-1.9     4,-0.4     1,-0.2    -1,-0.3   0.792 102.3  46.7 -59.8 -26.4    7.5   -3.5   -3.7               
  521  521 A T  H <4 S+     0   0   95     -3,-1.5    -2,-0.2    -4,-0.5    -1,-0.2   0.782 118.4  39.3 -85.3 -27.7    4.7   -6.1   -3.5               
  522  522 A E  H  < S+     0   0  153     -4,-0.9     3,-0.5     1,-0.1    -2,-0.2   0.870 116.8  45.5 -88.4 -41.5    1.9   -3.8   -4.7               
  523  523 A A  S  < S+     0   0   33     -4,-2.8    -3,-0.1     1,-0.2    -1,-0.1   0.596 116.7  42.8 -80.5 -13.2    3.6   -1.8   -7.5               
  524  524 A F  S    S+     0   0   83     -4,-0.4     2,-0.4    -5,-0.3    -1,-0.2   0.217  96.2  73.3-128.2  15.7    5.4   -4.8   -9.2               
  525  525 A V        -     0   0   72     -3,-0.5     2,-0.4    -4,-0.2    -1,-0.1  -0.980  70.0-134.1-132.1 119.8    2.9   -7.8   -9.4               
  526  526 A E  S    S-     0   0  194     -2,-0.4     3,-0.1     1,-0.2    -3,-0.0  -0.687  75.3 -71.8 -55.3 120.3   -0.1   -8.2  -11.8               
  527  527 A E        -     0   0  111     -2,-0.4     2,-2.4     1,-0.2    -1,-0.2   0.113  38.2-140.1 -41.9 121.9   -2.2   -9.3   -8.8               
  528  528 A P        -     0   0   97      0, 0.0     3,-0.4     0, 0.0    -1,-0.2  -0.567  55.6-102.0 -75.8  74.1   -1.1  -12.9   -7.7               
  529  529 A S        -     0   0   38     -2,-2.4     3,-0.2     1,-0.2     4,-0.2   0.413  42.3 -97.5 -24.1 107.9   -4.9  -13.1   -7.3               
  530  530 A K    >   -     0   0  136      1,-0.2     3,-2.2     2,-0.1     2,-0.4  -0.007  45.5-104.4 -39.1 114.5   -5.3  -12.8   -3.5               
  531  531 A K  T 3  S+     0   0  217     -3,-0.4    -1,-0.2     1,-0.3     3,-0.1  -0.261 116.7  36.6 -53.3 101.4   -5.5  -16.5   -2.5               
  532  532 A G  T 3  S+     0   0   37     -2,-0.4    40,-0.7     1,-0.4     2,-0.3   0.247 103.2  93.4 129.2  -7.8   -9.3  -16.5   -1.8               
  533  533 A A    <   -     0   0   30     -3,-2.2    -1,-0.4    -4,-0.2     2,-0.1  -0.863  67.4-119.3-124.1 152.3  -10.5  -14.1   -4.7               
  534  534 A L        -     0   0   15     -2,-0.3     2,-0.2    35,-0.2    -4,-0.1  -0.452  31.7-111.6 -72.9 152.9  -11.7  -14.3   -8.3               
  535  535 A K    >>  -     0   0  113     -2,-0.1     4,-2.5     1,-0.1     3,-1.2  -0.634  34.6-107.8 -72.3 154.8   -9.9  -12.7  -11.3               
  536  536 A E  H 3> S+     0   0  155      1,-0.3     4,-3.0    -2,-0.2     5,-0.3   0.919 123.1  53.6 -49.0 -48.0  -11.8   -9.8  -12.9               
  537  537 A E  H 3> S+     0   0  161      1,-0.2     4,-1.0     2,-0.2    -1,-0.3   0.780 112.5  43.8 -56.7 -34.1  -12.6  -12.1  -15.9               
  538  538 A Q  H <> S+     0   0   44     -3,-1.2     4,-1.8     2,-0.2    -1,-0.2   0.840 113.8  50.5 -81.4 -35.2  -14.1  -14.7  -13.5               
  539  539 A R  H  X S+     0   0   79     -4,-2.5     4,-2.5     2,-0.2    -2,-0.2   0.950 111.2  47.3 -67.3 -48.9  -16.0  -12.0  -11.4               
  540  540 A D  H  X S+     0   0   94     -4,-3.0     4,-2.7     1,-0.2    -1,-0.2   0.898 112.3  51.3 -59.4 -41.0  -17.5  -10.4  -14.6               
  541  541 A K  H  X S+     0   0  111     -4,-1.0     4,-2.5    -5,-0.3    -1,-0.2   0.859 108.3  50.8 -66.4 -36.4  -18.5  -13.9  -15.8               
  542  542 A L  H  X S+     0   0    1     -4,-1.8     4,-2.8     2,-0.2    -2,-0.2   0.932 111.5  48.5 -64.3 -44.4  -20.2  -14.7  -12.4               
  543  543 A E  H  X S+     0   0   50     -4,-2.5     4,-2.2     2,-0.2    -2,-0.2   0.914 111.4  49.7 -60.5 -43.7  -22.1  -11.4  -12.7               
  544  544 A E  H  X S+     0   0  140     -4,-2.7     4,-2.5     2,-0.2    -2,-0.2   0.952 112.5  47.3 -59.8 -48.5  -23.1  -12.3  -16.3               
  545  545 A I  H  X S+     0   0   42     -4,-2.5     4,-2.6     1,-0.2    -2,-0.2   0.947 114.3  46.6 -56.7 -50.4  -24.3  -15.8  -15.1               
  546  546 A L  H  < S+     0   0    5     -4,-2.8    -1,-0.2     1,-0.2    -2,-0.2   0.806 113.6  49.1 -65.5 -31.1  -26.2  -14.2  -12.2               
  547  547 A R  H  < S+     0   0  159     -4,-2.2    -1,-0.2    -5,-0.2    -2,-0.2   0.850 119.1  38.9 -72.8 -36.2  -27.8  -11.6  -14.6               
  548  548 A G  H  < S+     0   0   46     -4,-2.5    -2,-0.2    -5,-0.2    -3,-0.2   0.798  87.1 128.2 -79.7 -32.1  -28.8  -14.4  -17.1               
  549  549 A L     <  -     0   0    6     -4,-2.6    44,-0.2    -5,-0.2    45,-0.2   0.156  33.6-174.9 -46.4 131.3  -29.9  -17.1  -14.6               
  550  550 A T        -     0   0   46      2,-0.2     2,-1.3    43,-0.1     6,-0.1  -0.840  41.3-103.7-119.2 158.7  -33.4  -18.7  -15.0               
  551  551 A P  S    S+     0   0   51      0, 0.0     2,-0.4     0, 0.0    39,-0.1  -0.071  80.6 123.1 -77.9  37.8  -35.1  -21.3  -12.7               
  552  552 A R  S  > S-     0   0  176     -2,-1.3     4,-2.2     1,-0.1     5,-0.2  -0.840  70.2-125.3 -96.9 141.1  -34.3  -24.1  -15.2               
  553  553 A K  H  > S+     0   0  177     -2,-0.4     4,-2.2     1,-0.2     5,-0.1   0.806 108.7  48.8 -56.9 -37.7  -32.3  -27.2  -13.9               
  554  554 A N  H  > S+     0   0  121      2,-0.2     4,-2.9     1,-0.2     5,-0.3   0.982 110.8  48.5 -67.5 -54.2  -29.6  -26.8  -16.6               
  555  555 A D  H  > S+     0   0   51      1,-0.2     4,-1.6     2,-0.2    -2,-0.2   0.843 116.2  44.5 -54.0 -42.2  -29.0  -23.1  -16.1               
  556  556 A I  H  X S+     0   0    8     -4,-2.2     4,-2.6     2,-0.2    -1,-0.2   0.918 113.4  50.6 -69.3 -44.2  -28.7  -23.6  -12.3               
  557  557 A G  H  X S+     0   0   20     -4,-2.2     4,-2.7    -5,-0.2    -2,-0.2   0.899 110.2  49.0 -62.4 -41.7  -26.4  -26.7  -12.7               
  558  558 A D  H  X S+     0   0  117     -4,-2.9     4,-1.9     2,-0.2    -1,-0.2   0.908 113.9  46.8 -65.5 -40.5  -24.1  -24.8  -15.1               
  559  559 A A  H  X S+     0   0    2     -4,-1.6     4,-2.3    -5,-0.3    -2,-0.2   0.895 112.3  50.1 -66.9 -39.4  -23.9  -21.9  -12.6               
  560  560 A M  H  X S+     0   0   22     -4,-2.6     4,-2.7     2,-0.2    -2,-0.2   0.917 108.8  52.1 -65.7 -41.9  -23.3  -24.4   -9.7               
  561  561 A V  H  X S+     0   0   67     -4,-2.7     4,-2.3     2,-0.2    -2,-0.2   0.895 108.6  52.0 -61.2 -38.8  -20.5  -26.1  -11.7               
  562  562 A F  H  X S+     0   0   23     -4,-1.9     4,-1.4     2,-0.2    -2,-0.2   0.957 110.8  47.0 -60.3 -47.8  -19.0  -22.6  -12.2               
  563  563 A C  H  < S+     0   0    0     -4,-2.3     3,-0.4     1,-0.2    -2,-0.2   0.933 114.2  46.7 -60.4 -45.7  -19.1  -22.0   -8.3               
  564  564 A L  H >< S+     0   0   17     -4,-2.7     3,-1.2     1,-0.2    -1,-0.2   0.880 109.9  53.0 -67.2 -36.7  -17.6  -25.4   -7.5               
  565  565 A N  H 3< S+     0   0  122     -4,-2.3    -1,-0.2     1,-0.2    -2,-0.2   0.775 116.5  40.0 -67.5 -26.6  -14.8  -25.0  -10.1               
  566  566 A N  T >< S+     0   0   17     -4,-1.4     3,-2.8    -3,-0.4    -1,-0.2   0.034  75.2 130.8-106.8  22.3  -13.9  -21.6   -8.5               
  567  567 A A  G X   +     0   0    3     -3,-1.2     3,-1.1     1,-0.3    -1,-0.1   0.582  57.7  77.5 -61.7  -9.6  -14.3  -22.8   -4.9               
  568  568 A E  G 3  S+     0   0  126      1,-0.2    -1,-0.3    -3,-0.2     3,-0.2   0.777 100.4  43.1 -62.4 -24.0  -10.9  -21.3   -4.0               
  569  569 A A  G <> S+     0   0    1     -3,-2.8     4,-2.3    -6,-0.2    -1,-0.2  -0.186  75.4 137.1-109.2  32.7  -12.8  -17.9   -4.0               
  570  570 A A  H <>  +     0   0    3     -3,-1.1     4,-1.8     1,-0.2    -1,-0.1   0.775  67.4  55.4 -56.4 -30.8  -15.9  -19.3   -2.1               
  571  571 A E  H  > S+     0   0  109    -39,-0.3     4,-2.3     2,-0.2    -1,-0.2   0.980 111.6  41.1 -67.3 -54.1  -16.2  -16.1    0.1               
  572  572 A E  H  > S+     0   0   47    -40,-0.7     4,-2.9     1,-0.2     5,-0.2   0.867 113.9  54.7 -62.2 -37.2  -16.3  -13.6   -2.8               
  573  573 A I  H  X S+     0   0    0     -4,-2.3     4,-1.9     2,-0.2    -1,-0.2   0.908 109.1  47.7 -63.9 -41.4  -18.7  -16.0   -4.7               
  574  574 A V  H  X S+     0   0    1     -4,-1.8     4,-2.5    -5,-0.2    -2,-0.2   0.907 113.0  48.4 -65.7 -41.2  -21.1  -16.0   -1.7               
  575  575 A D  H  X S+     0   0   49     -4,-2.3     4,-3.1     2,-0.2     5,-0.3   0.962 110.2  50.7 -65.2 -46.4  -20.9  -12.2   -1.4               
  576  576 A C  H  X S+     0   0   14     -4,-2.9     4,-1.7     1,-0.2    -1,-0.2   0.879 114.1  45.6 -56.0 -40.6  -21.6  -11.8   -5.2               
  577  577 A I  H  X S+     0   0    0     -4,-1.9     4,-1.1    -5,-0.2    -1,-0.2   0.921 113.4  49.9 -69.1 -41.3  -24.6  -14.1   -4.8               
  578  578 A T  H >X S+     0   0   11     -4,-2.5     4,-2.0     2,-0.2     3,-0.8   0.950 111.6  47.0 -63.8 -49.8  -25.8  -12.3   -1.6               
  579  579 A E  H 3X S+     0   0  120     -4,-3.1     4,-1.4     1,-0.3    -1,-0.2   0.898 109.5  55.5 -58.6 -39.3  -25.6   -8.8   -3.2               
  580  580 A S  H 3< S+     0   0    9     -4,-1.7    -1,-0.3    -5,-0.3    -2,-0.2   0.811 109.6  47.2 -64.3 -27.3  -27.5  -10.3   -6.2               
  581  581 A L  H << S+     0   0    0     -4,-1.1    -2,-0.2    -3,-0.8    -1,-0.2   0.871 104.9  58.4 -82.0 -34.5  -30.3  -11.4   -3.9               
  582  582 A S  H  < S+     0   0   44     -4,-2.0     2,-0.7    -5,-0.1    -2,-0.2   0.847  76.2 104.1 -66.0 -32.6  -30.6   -8.0   -1.9               
  583  583 A I    ><  -     0   0   90     -4,-1.4     3,-2.1     1,-0.2    -1,-0.1  -0.250  57.0-164.0 -56.9  98.5  -31.4   -6.0   -5.2               
  584  584 A L  T 3  S+     0   0  103     -2,-0.7    -1,-0.2     1,-0.3    -2,-0.0   0.802  83.7  65.9 -57.3 -32.0  -35.2   -5.5   -4.7               
  585  585 A K  T 3  S+     0   0  199      2,-0.1    -1,-0.3    -3,-0.0    -2,-0.1   0.520  75.3 111.3 -69.6  -8.1  -35.6   -4.5   -8.4               
  586  586 A T  S <  S-     0   0   15     -3,-2.1     5,-0.1    -5,-0.1    -6,-0.0  -0.587  80.3-107.2 -70.2 126.4  -34.6   -8.1   -9.5               
  587  587 A P    >>  -     0   0   80      0, 0.0     4,-1.8     0, 0.0     3,-1.6  -0.199  27.0-114.6 -55.7 140.7  -37.6  -10.0  -11.1               
  588  588 A L  H 3> S+     0   0   50      1,-0.3     4,-2.5     2,-0.2     5,-0.2   0.799 113.7  54.9 -49.0 -43.1  -39.2  -12.7   -8.8               
  589  589 A P  H 3> S+     0   0   77      0, 0.0     4,-1.8     0, 0.0    -1,-0.3   0.819 110.7  47.1 -63.6 -29.1  -38.2  -15.7  -11.2               
  590  590 A K  H <> S+     0   0   74     -3,-1.6     4,-2.5     2,-0.2    -2,-0.2   0.872 109.5  51.9 -79.9 -37.3  -34.5  -14.6  -11.0               
  591  591 A K  H  X S+     0   0    0     -4,-1.8     4,-2.2     2,-0.2     5,-0.1   0.940 113.2  46.7 -60.2 -43.6  -34.5  -14.2   -7.2               
  592  592 A I  H  X S+     0   0    4     -4,-2.5     4,-2.3     2,-0.2    -2,-0.2   0.916 111.2  51.0 -62.1 -44.4  -35.9  -17.8   -7.1               
  593  593 A A  H  X S+     0   0    0     -4,-1.8     4,-2.0     2,-0.2    -2,-0.2   0.906 110.4  49.4 -61.5 -40.1  -33.3  -19.0   -9.6               
  594  594 A R  H  X S+     0   0   16     -4,-2.5     4,-2.1     2,-0.2    -2,-0.2   0.899 110.2  50.8 -65.3 -39.7  -30.5  -17.4   -7.4               
  595  595 A L  H  X S+     0   0    0     -4,-2.2     4,-2.3     2,-0.2    -2,-0.2   0.874 108.9  51.3 -65.6 -36.7  -32.0  -19.1   -4.3               
  596  596 A Y  H  X S+     0   0   50     -4,-2.3     4,-2.7     2,-0.2    -2,-0.2   0.886 107.5  53.3 -67.9 -33.9  -31.9  -22.4   -6.2               
  597  597 A L  H  X S+     0   0    0     -4,-2.0     4,-2.4     2,-0.2     5,-0.2   0.928 108.7  49.1 -62.9 -43.5  -28.2  -21.7   -7.0               
  598  598 A V  H  X S+     0   0    0     -4,-2.1     4,-2.5     2,-0.2    -2,-0.2   0.939 113.3  48.7 -56.4 -46.2  -27.6  -21.2   -3.2               
  599  599 A S  H  X S+     0   0    7     -4,-2.3     4,-2.5     2,-0.2    -2,-0.2   0.909 113.0  44.6 -61.5 -46.9  -29.4  -24.5   -2.6               
  600  600 A D  H  X S+     0   0   49     -4,-2.7     4,-2.0     2,-0.2    -1,-0.2   0.875 115.2  48.3 -70.6 -36.3  -27.5  -26.6   -5.3               
  601  601 A V  H  X S+     0   0    0     -4,-2.4     4,-0.5    -5,-0.2    -2,-0.2   0.905 112.3  49.9 -68.9 -39.3  -24.1  -25.1   -4.2               
  602  602 A L  H >< S+     0   0    1     -4,-2.5     3,-1.1    -5,-0.2     4,-0.3   0.936 110.7  48.7 -63.6 -46.1  -25.0  -25.9   -0.5               
  603  603 A Y  H >< S+     0   0  117     -4,-2.5     3,-1.0     1,-0.2    -2,-0.2   0.942 115.0  45.6 -57.7 -44.7  -25.9  -29.5   -1.3               
  604  604 A N  H >< S+     0   0   44     -4,-2.0     3,-1.8     1,-0.2    -1,-0.2   0.483  85.1  90.6 -82.4   1.4  -22.7  -29.9   -3.3               
  605  605 A S  T << S+     0   0    9     -3,-1.1    -1,-0.2    -4,-0.5    -2,-0.2   0.729  85.7  58.4 -64.5 -20.0  -20.5  -28.2   -0.5               
  606  606 A S  T <  S+     0   0  102     -3,-1.0    -1,-0.3    -4,-0.3    -2,-0.2   0.468  86.2 114.6 -80.6  -7.8  -20.2  -31.9    0.7               
  607  607 A A  S <  S-     0   0   36     -3,-1.8     2,-1.8     1,-0.1     6,-0.2  -0.225  84.4-104.4 -68.5 158.1  -18.7  -32.9   -2.7               
  608  608 A K  S    S+     0   0  225      4,-0.1     2,-0.4     5,-0.0    -1,-0.1  -0.189  81.6 121.1 -78.4  45.7  -15.1  -34.2   -3.1               
  609  609 A V  S >  S-     0   0   65     -2,-1.8     3,-0.9    -5,-0.2     4,-0.4  -0.899  73.0-102.2-108.0 136.8  -13.9  -30.8   -4.6               
  610  610 A A  T 3  S+     0   0   78     -2,-0.4   -43,-0.1     1,-0.2    -3,-0.0  -0.351 101.1   0.1 -60.0 141.4  -11.2  -28.8   -2.9               
  611  611 A N  T >  S+     0   0   58      1,-0.1     3,-2.1   -43,-0.1     4,-0.4   0.229  94.1 117.9  62.4  -7.7  -12.5  -25.8   -0.8               
  612  612 A A  T X   +     0   0    0     -3,-0.9     3,-1.2     1,-0.3     4,-0.4   0.812  65.8  66.0 -60.0 -28.4  -16.2  -26.6   -1.6               
  613  613 A S  T >> S+     0   0   75     -4,-0.4     4,-0.8     1,-0.2     3,-0.7   0.729  86.4  71.1 -63.9 -21.3  -16.9  -27.2    2.1               
  614  614 A Y  H <> S+     0   0  119     -3,-2.1     4,-2.7     1,-0.2     5,-0.2   0.803  82.4  71.2 -67.8 -25.4  -16.2  -23.5    2.7               
  615  615 A Y  H <> S+     0   0    0     -3,-1.2     4,-2.6    -4,-0.4     5,-0.3   0.884  94.5  54.3 -56.2 -38.9  -19.5  -22.6    1.0               
  616  616 A R  H <> S+     0   0  111     -3,-0.7     4,-1.9    -4,-0.4    -1,-0.2   0.939 112.9  42.2 -60.2 -47.0  -21.4  -24.0    4.0               
  617  617 A K  H  X S+     0   0  137     -4,-0.8     4,-1.2     2,-0.2    -2,-0.2   0.871 116.2  47.3 -66.7 -44.2  -19.5  -21.7    6.4               
  618  618 A F  H  < S+     0   0   35     -4,-2.7     4,-0.4     1,-0.2    -2,-0.2   0.882 113.3  47.0 -74.3 -35.5  -19.7  -18.6    4.2               
  619  619 A F  H >X S+     0   0    0     -4,-2.6     4,-2.3    -5,-0.2     3,-1.8   0.916 103.3  65.4 -67.0 -38.4  -23.4  -18.9    3.5               
  620  620 A E  H 3< S+     0   0   83     -4,-1.9     4,-0.5    -5,-0.3    -2,-0.2   0.880 103.1  46.2 -51.6 -42.0  -24.1  -19.5    7.3               
  621  621 A T  T 3< S+     0   0  102     -4,-1.2    -1,-0.3     1,-0.2     4,-0.2   0.607 121.5  38.3 -75.6 -12.9  -22.9  -15.9    8.1               
  622  622 A K  T <> S+     0   0   63     -3,-1.8     4,-2.6    -4,-0.4    -2,-0.2   0.586  90.4  86.6-112.4 -18.0  -25.1  -14.5    5.2               
  623  623 A L  H  X S+     0   0    0     -4,-2.3     4,-2.5     1,-0.2     5,-0.2   0.859  87.0  55.4 -61.3 -36.9  -28.3  -16.6    5.3               
  624  624 A C  H  > S+     0   0   31     -4,-0.5     4,-1.8     2,-0.2    -1,-0.2   0.948 112.5  43.4 -57.7 -47.1  -29.9  -14.3    7.9               
  625  625 A Q  H  > S+     0   0   89      2,-0.2     4,-2.8     1,-0.2     5,-0.2   0.947 112.0  53.7 -62.8 -47.2  -29.4  -11.3    5.6               
  626  626 A I  H  X S+     0   0    0     -4,-2.6     4,-1.8     1,-0.2    -2,-0.2   0.893 110.7  45.9 -55.4 -44.9  -30.5  -13.4    2.5               
  627  627 A F  H  X S+     0   0    0     -4,-2.5     4,-1.9     2,-0.2    -1,-0.2   0.831 110.6  53.4 -75.2 -25.9  -33.8  -14.3    4.2               
  628  628 A S  H  X S+     0   0   43     -4,-1.8     4,-2.9     2,-0.2     5,-0.2   0.954 110.4  47.1 -64.4 -47.3  -34.4  -10.7    5.3               
  629  629 A D  H  X S+     0   0   22     -4,-2.8     4,-2.0     1,-0.2    -2,-0.2   0.847 112.2  50.5 -64.4 -33.1  -33.9   -9.5    1.7               
  630  630 A L  H  X S+     0   0    0     -4,-1.8     4,-2.6    -5,-0.2    -1,-0.2   0.858 109.9  50.5 -71.9 -33.2  -36.4  -12.3    0.6               
  631  631 A N  H  X S+     0   0   16     -4,-1.9     4,-2.9     2,-0.2     5,-0.2   0.954 111.1  47.8 -65.8 -48.0  -38.9  -11.1    3.3               
  632  632 A A  H  X S+     0   0   38     -4,-2.9     4,-0.9     1,-0.2    -2,-0.2   0.908 114.0  48.5 -58.9 -40.3  -38.5   -7.5    2.0               
  633  633 A T  H >< S+     0   0    7     -4,-2.0     3,-0.9    -5,-0.2     4,-0.5   0.956 111.2  49.6 -59.6 -51.7  -39.0   -9.0   -1.5               
  634  634 A Y  H >< S+     0   0   58     -4,-2.6     3,-1.5     1,-0.3    -2,-0.2   0.909 107.5  53.4 -59.4 -44.2  -42.1  -11.0   -0.4               
  635  635 A R  H 3< S+     0   0  163     -4,-2.9    -1,-0.3     1,-0.3    -2,-0.2   0.726 103.9  59.1 -61.5 -23.5  -43.8   -7.9    1.3               
  636  636 A T  T << S+     0   0  101     -4,-0.9     2,-1.2    -3,-0.9    -1,-0.3   0.602  79.3 102.0 -80.7 -13.2  -43.4   -6.0   -2.1               
  637  637 A I    <   -     0   0   20     -3,-1.5     6,-0.2    -4,-0.5    -1,-0.1  -0.579  47.4-177.7 -82.8  98.1  -45.5   -8.6   -4.0               
  638  638 A Q        +     0   0  198     -2,-1.2     2,-0.8     1,-0.1    -1,-0.2   0.751  61.3  83.7 -63.3 -29.4  -49.0   -7.0   -4.4               
  639  639 A G    >>  -     0   0   32      1,-0.2     4,-2.4     2,-0.0     3,-1.2  -0.723  68.1-153.9 -87.1 108.5  -50.5  -10.1   -6.2               
  640  640 A H  H 3> S+     0   0  154     -2,-0.8     4,-2.3     1,-0.3     5,-0.3   0.810  95.9  50.6 -47.2 -43.6  -51.7  -12.7   -3.6               
  641  641 A L  H 3> S+     0   0  135      1,-0.2     4,-1.6     2,-0.2    -1,-0.3   0.868 114.2  45.0 -66.2 -34.4  -51.3  -15.7   -6.0               
  642  642 A Q  H <> S+     0   0  123     -3,-1.2     4,-2.1     2,-0.2    -2,-0.2   0.876 113.2  49.4 -75.9 -39.5  -47.7  -14.5   -6.8               
  643  643 A S  H  X S+     0   0   16     -4,-2.4     4,-2.9     2,-0.2    -2,-0.2   0.952 113.8  45.2 -66.8 -46.1  -46.7  -13.9   -3.2               
  644  644 A E  H  X S+     0   0   56     -4,-2.3     4,-2.8     1,-0.2     5,-0.2   0.913 113.8  50.2 -66.4 -37.9  -48.0  -17.3   -2.0               
  645  645 A N  H  X S+     0   0   73     -4,-1.6     4,-1.6    -5,-0.3    -1,-0.2   0.877 112.5  47.6 -63.1 -38.9  -46.3  -19.0   -5.1               
  646  646 A F  H  X S+     0   0    7     -4,-2.1     4,-2.0     2,-0.2    -2,-0.2   0.972 113.5  47.3 -65.1 -50.8  -43.0  -17.2   -4.1               
  647  647 A K  H  X S+     0   0   55     -4,-2.9     4,-3.0     1,-0.2     5,-0.3   0.917 109.5  53.2 -55.0 -49.9  -43.4  -18.2   -0.4               
  648  648 A Q  H  X S+     0   0  101     -4,-2.8     4,-1.3     1,-0.2    -1,-0.2   0.883 109.6  49.1 -57.6 -39.2  -44.1  -21.9   -1.4               
  649  649 A R  H  X S+     0   0  104     -4,-1.6     4,-0.9     2,-0.2    -1,-0.2   0.875 112.7  47.1 -68.2 -37.0  -40.9  -22.0   -3.5               
  650  650 A V  H >X S+     0   0    0     -4,-2.0     4,-1.4     2,-0.2     3,-0.8   0.944 111.2  51.0 -67.9 -45.8  -38.8  -20.5   -0.6               
  651  651 A M  H 3X S+     0   0   42     -4,-3.0     4,-1.8     1,-0.2    -2,-0.2   0.755 102.5  62.5 -63.3 -24.4  -40.4  -23.0    1.9               
  652  652 A T  H 3X S+     0   0   83     -4,-1.3     4,-1.8    -5,-0.3    -1,-0.2   0.872 101.2  51.6 -67.5 -35.8  -39.4  -25.8   -0.5               
  653  653 A C  H <X S+     0   0    4     -4,-0.9     4,-2.4    -3,-0.8    -2,-0.2   0.919 106.6  53.5 -66.5 -42.1  -35.7  -24.9   -0.1               
  654  654 A F  H  X S+     0   0    1     -4,-1.4     4,-1.8     2,-0.2    -2,-0.2   0.946 109.6  47.5 -58.1 -48.8  -36.0  -25.0    3.7               
  655  655 A R  H  X S+     0   0  177     -4,-1.8     4,-3.0     1,-0.2    -1,-0.2   0.885 111.5  51.4 -59.2 -41.1  -37.5  -28.6    3.6               
  656  656 A A  H  X S+     0   0   18     -4,-1.8     4,-1.6     1,-0.2    -1,-0.2   0.905 110.0  48.2 -63.4 -40.4  -34.7  -29.7    1.2               
  657  657 A W  H  <>S+     0   0    0     -4,-2.4     5,-2.5     2,-0.2     6,-0.6   0.800 114.2  47.7 -72.2 -26.8  -32.0  -28.3    3.6               
  658  658 A E  H ><5S+     0   0  100     -4,-1.8     3,-2.0     3,-0.2    -2,-0.2   0.961 112.3  47.8 -69.6 -55.8  -33.7  -30.2    6.5               
  659  659 A D  H 3<5S+     0   0  138     -4,-3.0    -2,-0.2     1,-0.3    -3,-0.2   0.765 117.6  44.1 -53.5 -33.3  -34.0  -33.4    4.4               
  660  660 A W  T 3<5S-     0   0  100     -4,-1.6    -1,-0.3    -5,-0.2    -2,-0.2   0.383 105.4-130.2 -94.2  -0.7  -30.3  -33.0    3.5               
  661  661 A A  T < 5 +     0   0   70     -3,-2.0    -3,-0.2     2,-0.1    -4,-0.1   0.834  54.9 149.3  49.5  40.8  -29.2  -32.0    7.1               
  662  662 A I      < +     0   0   11     -5,-2.5    -4,-0.1     1,-0.2    -1,-0.1   0.864  70.0   7.7 -75.2 -30.8  -27.3  -28.9    5.7               
  663  663 A Y  S    S-     0   0   11     -6,-0.6    -1,-0.2   -43,-0.0    -2,-0.1  -0.959  94.9 -84.1-140.4 159.8  -27.9  -26.9    9.0               
  664  664 A P    >>  -     0   0   84      0, 0.0     4,-2.0     0, 0.0     3,-0.9  -0.332  41.7-114.9 -58.6 144.6  -29.4  -27.8   12.4               
  665  665 A E  H 3> S+     0   0  125      1,-0.2     4,-2.6     2,-0.2     5,-0.2   0.868 114.1  56.0 -51.0 -44.3  -33.2  -27.7   12.7               
  666  666 A P  H 3> S+     0   0   97      0, 0.0     4,-2.3     0, 0.0    -1,-0.2   0.861 109.2  47.7 -60.5 -34.0  -33.2  -24.7   15.2               
  667  667 A F  H <> S+     0   0   40     -3,-0.9     4,-2.6     2,-0.2    -2,-0.2   0.921 111.0  50.0 -72.1 -41.3  -31.1  -22.6   12.7               
  668  668 A L  H  X S+     0   0    2     -4,-2.0     4,-2.0     2,-0.2    -1,-0.2   0.885 111.9  49.2 -63.2 -36.5  -33.5  -23.5    9.8               
  669  669 A I  H  X S+     0   0   73     -4,-2.6     4,-2.7     2,-0.2    -2,-0.2   0.934 110.0  51.0 -65.8 -45.5  -36.5  -22.5   12.1               
  670  670 A K  H  X S+     0   0   70     -4,-2.3     4,-2.3     1,-0.2    -2,-0.2   0.934 112.1  46.8 -56.9 -46.0  -34.7  -19.1   12.9               
  671  671 A L  H  X S+     0   0    0     -4,-2.6     4,-2.6     2,-0.2    -1,-0.2   0.865 111.2  51.7 -66.3 -36.3  -34.2  -18.5    9.1               
  672  672 A Q  H  X S+     0   0   41     -4,-2.0     4,-2.4     2,-0.2    -2,-0.2   0.927 109.6  49.9 -62.8 -43.5  -37.9  -19.5    8.5               
  673  673 A N  H  X>S+     0   0   53     -4,-2.7     5,-3.0     2,-0.2     4,-1.1   0.906 111.7  48.2 -64.3 -40.0  -39.0  -17.0   11.2               
  674  674 A I  H ><5S+     0   0    4     -4,-2.3     3,-0.6     3,-0.2    -2,-0.2   0.950 112.3  49.1 -61.0 -48.7  -36.8  -14.2    9.6               
  675  675 A F  H 3<5S+     0   0    0     -4,-2.6    -2,-0.2     1,-0.3    -1,-0.2   0.860 113.7  45.6 -62.8 -35.8  -38.3  -15.1    6.1               
  676  676 A L  H 3<5S-     0   0   64     -4,-2.4    -1,-0.3    -5,-0.1    -2,-0.2   0.685 116.2-118.7 -77.2 -16.1  -41.8  -14.9    7.5               
  677  677 A G  T <<5S+     0   0   21     -4,-1.1    -3,-0.2    -3,-0.6    -2,-0.1   0.846  78.9 124.1  77.1  36.1  -40.9  -11.6    9.3               
  678  678 A L  S   <S+     0   0  125     -5,-3.0     2,-0.4     1,-0.2    -4,-0.2   0.441  70.4  48.2 -96.1 -13.0  -41.5  -13.0   12.9               
  679  679 A V  S    S-     0   0   49     -6,-0.8     2,-0.5    -9,-0.1    -1,-0.2  -1.000  73.9-144.8-131.7 131.5  -38.0  -12.1   14.0               
  680  680 A N    >>  -     0   0   94     -2,-0.4     3,-1.1     1,-0.1     4,-0.5  -0.864   8.7-146.8 -94.4 125.6  -36.1   -8.8   13.5               
  681  681 A I  T 34 S+     0   0   57     -2,-0.5     4,-0.3     1,-0.2    -1,-0.1   0.617  89.9  75.8 -65.2 -12.9  -32.3   -9.1   12.9               
  682  682 A I  T >4 S+     0   0  146      1,-0.2     3,-0.6     2,-0.1    -1,-0.2   0.852  89.9  52.4 -68.8 -35.6  -31.8   -5.8   14.7               
  683  683 A E  G X4 S+     0   0  131     -3,-1.1     3,-1.0     1,-0.2    -1,-0.2   0.802  97.1  61.4 -81.9 -30.7  -32.3   -7.1   18.3               
  684  684 A E  G >< S+     0   0   84     -4,-0.5     3,-0.7     1,-0.2     4,-0.3   0.626  91.0  70.8 -72.2 -13.1  -29.9  -10.1   18.5               
  685  685 A K  G <  S+     0   0  192     -3,-0.6    -1,-0.2    -4,-0.3    -2,-0.1   0.399  90.2  56.5 -93.0   3.5  -26.7   -8.0   17.9               
  686  686 A E  G <  S+     0   0  182     -3,-1.0    -1,-0.2     1,-0.1     3,-0.1   0.322 100.8  58.0-107.9   2.9  -26.6   -6.1   21.3               
  687  687 A T  S <  S+     0   0  108     -3,-0.7     2,-0.3     1,-0.1     3,-0.2   0.500  84.6  72.0-120.6  -4.6  -26.5   -9.3   23.6               
  688  688 A E  S    S+     0   0  180     -4,-0.3    -1,-0.1     1,-0.2    -4,-0.0  -0.515  77.3  73.7-116.1  62.1  -23.4  -11.4   22.6               
  689  689 A D        +     0   0  160     -2,-0.3    -1,-0.2    -3,-0.1    -4,-0.0  -0.036  59.6 108.9-159.1  49.1  -20.3   -9.5   23.9               
  690  690 A V        -     0   0  107     -3,-0.2     2,-1.2     2,-0.0    -1,-0.0  -0.942  45.9-161.4-122.3 110.2  -20.0   -9.8   27.7               
  691  691 A P        -     0   0  112      0, 0.0     2,-2.2     0, 0.0     0, 0.0  -0.759  13.0-158.2 -84.7  91.7  -17.2  -12.0   29.2               
  692  692 A D        +     0   0  131     -2,-1.2     2,-1.8     1,-0.1    -2,-0.0  -0.448  22.6 168.0 -73.4  71.4  -18.7  -12.6   32.8               
  693  693 A D        +     0   0  165     -2,-2.2     2,-0.4     2,-0.0    -1,-0.1  -0.623  29.0 144.0 -72.9  73.0  -15.4  -13.4   34.6               
  694  694 A L        -     0   0  154     -2,-1.8    -2,-0.0     1,-0.0     0, 0.0  -0.975  53.1 -88.2-127.7 144.8  -17.3  -13.0   37.9               
  695  695 A D        -     0   0  163     -2,-0.4     2,-0.4     1,-0.1    -1,-0.0   0.058  39.3-109.7 -68.8 151.9  -16.7  -15.1   41.0               
  696  696 A G        +     0   0   69      2,-0.0    -1,-0.1     0, 0.0     0, 0.0  -0.594  39.2 154.1 -88.3 129.7  -18.4  -18.4   42.0               
  697  697 A A        -     0   0   93     -2,-0.4     2,-0.4     2,-0.0    -2,-0.0  -0.857  24.9-154.6-143.6 111.5  -20.9  -19.2   44.8               
  698  698 A P        -     0   0  126      0, 0.0     2,-0.4     0, 0.0    -2,-0.0  -0.682  10.3-176.0 -80.5 136.4  -23.4  -22.1   44.4               
  699  699 A I        -     0   0  167     -2,-0.4    -2,-0.0     2,-0.1     2,-0.0  -0.983  17.3-145.1-126.3 138.4  -26.7  -22.1   46.3               
  700  700 A E        +     0   0  179     -2,-0.4    -1,-0.0     0, 0.0     0, 0.0  -0.001  28.0 144.9 -90.2-166.1  -28.9  -25.2   46.1               
  701  701 A E        +     0   0  186     -2,-0.0    -2,-0.1     0, 0.0     0, 0.0   0.555  28.5  19.6  87.0 132.7  -32.7  -26.1   45.9               
  702  702 A E        -     0   0  168      0, 0.0     0, 0.0     0, 0.0     0, 0.0   0.768  37.1 -19.8-165.5 174.4  -34.6  -28.3   44.5               
  703  703 A L        -     0   0  154      0, 0.0     0, 0.0     0, 0.0     0, 0.0   0.559  29.5 -74.1  65.2 153.0  -36.8  -31.1   42.8               
  704  704 A D        +     0   0  157      0, 0.0     0, 0.0     0, 0.0     0, 0.0   0.793  36.3 132.2-167.5 163.6  -37.3  -33.7   40.8               
  705  705 A G        -     0   0   63      2,-0.0     0, 0.0     0, 0.0     0, 0.0   0.404  46.4-126.5 156.5 -11.9  -37.6  -36.5   38.1               
  706  706 A A        -     0   0  101      0, 0.0     2,-0.2     0, 0.0     0, 0.0   0.393  21.9-120.8  66.0 163.1  -35.8  -39.9   38.3               
  707  707 A P        -     0   0  117      0, 0.0     2,-0.2     0, 0.0    -2,-0.0  -0.652   4.4-136.5-128.3 176.1  -33.4  -42.0   36.1               
  708  708 A L        -     0   0  148     -2,-0.2     0, 0.0     2,-0.0     0, 0.0  -0.812  39.7 -64.0-153.8 112.7  -32.4  -45.2   34.0               
  709  709 A E        -     0   0  152     -2,-0.2    -1,-0.0     0, 0.0     0, 0.0   0.659  31.1 -83.4  85.1  99.3  -29.3  -47.1   33.7               
  710  710 A D        +     0   0  146      0, 0.0    -2,-0.0     0, 0.0     0, 0.0   0.969  16.6 152.8  78.5 146.6  -25.9  -48.1   32.9               
  711  711 A V        -     0   0  125      0, 0.0     0, 0.0     0, 0.0     0, 0.0   0.764  41.3 -21.5 113.0 108.5  -22.7  -49.3   31.2               
  712  712 A D        +     0   0  156      1,-0.1     2,-0.1     0, 0.0     0, 0.0   0.839  27.0 165.0  36.9 132.8  -18.8  -49.0   31.3               
  713  713 A G        -     0   0   67      0, 0.0    -1,-0.1     0, 0.0     0, 0.0   0.088  11.2-166.6 110.6 118.0  -16.1  -47.6   32.1               
  714  714 A I        -     0   0  175     -2,-0.1     2,-0.1     0, 0.0     0, 0.0  -0.539  34.5-136.2 176.8 146.5  -12.3  -48.1   32.4               
  715  715 A P        -     0   0  114      0, 0.0     0, 0.0     0, 0.0     0, 0.0  -0.266   4.2 -68.4-124.3 179.4   -9.9  -45.7   34.1               
  716  716 A I        -     0   0  152     -2,-0.1     2,-0.3     2,-0.0     0, 0.0  -0.009  21.3-156.3 -34.6 145.1   -7.0  -43.4   35.2               
  717  717 A D        +     0   0  152      2,-0.0     2,-0.3     0, 0.0    -1,-0.0  -0.986  28.3 154.8-125.8 135.4   -3.5  -44.2   36.2               
  718  718 A A        -     0   0   82     -2,-0.3    -2,-0.0     2,-0.0     0, 0.0  -0.878  17.1-175.1-158.9 124.1   -1.8  -41.5   38.4               
  719  719 A T        -     0   0  128     -2,-0.3     2,-0.1     1,-0.0    -2,-0.0  -0.951  23.0-151.2-133.1 149.1    1.1  -41.8   40.9               
  720  720 A P        +     0   0  110      0, 0.0    -2,-0.0     0, 0.0    -1,-0.0  -0.363  18.1  10.4-123.6 172.8    2.4  -39.0   43.1               
  721  721 A I        +     0   0  149     -2,-0.1     2,-0.1     1,-0.0     0, 0.0   0.836  22.7 162.8  47.2 118.0    4.6  -36.7   45.3               
  722  722 A D        +     0   0  154      2,-0.0    -1,-0.0     0, 0.0     0, 0.0  -0.411  31.5  41.8 173.6 151.6    8.1  -35.9   46.4               
  723  723 A D        -     0   0  128     -2,-0.1     0, 0.0     0, 0.0     0, 0.0   0.628  31.0-125.5-160.1 164.4    9.5  -33.3   47.8               
  724  724 A L        +     0   0  137      0, 0.0    -2,-0.0     0, 0.0     0, 0.0   0.937  24.5 113.9  56.7 141.2   11.0  -30.2   49.6               
  725  725 A D        +     0   0  150      0, 0.0     2,-0.0     0, 0.0     0, 0.0   0.793  25.5 119.8  89.0 121.6   12.5  -26.6   49.6               
  726  726 A G        -     0   0   69      2,-0.0     0, 0.0     0, 0.0     0, 0.0   0.430  28.2-168.9 111.3 122.1   12.0  -23.6   50.6               
  727  727 A V        -     0   0  144     -2,-0.0     2,-0.2     2,-0.0     0, 0.0   0.498  31.0-170.3-160.0 159.0   12.3  -20.6   52.0               
  728  728 A P        -     0   0  101      0, 0.0    -2,-0.0     0, 0.0     0, 0.0  -0.582   8.8 -19.2-120.4 165.4    9.9  -17.5   52.3               
  729  729 A I        +     0   0  151     -2,-0.2     2,-0.0     0, 0.0    -2,-0.0   0.894  19.0 162.0  52.6 129.4    8.5  -14.0   53.0               
  730  730 A K        -     0   0  191      2,-0.0     2,-0.1     0, 0.0     0, 0.0   0.104   8.8-175.3 159.9 119.3    8.6  -10.6   54.7               
  731  731 A S        +     0   0   98     -2,-0.0     2,-0.2     0, 0.0     0, 0.0  -0.063   6.4 176.3  75.0 100.9    7.2   -7.5   54.3               
  732  732 A L        +     0   0  159     -2,-0.1     2,-0.1     0, 0.0    -2,-0.0  -0.733   5.5 173.6-160.0 139.9    7.5   -4.1   55.9               
  733  733 A D        +     0   0  147     -2,-0.2     0, 0.0     2,-0.0     0, 0.0  -0.041  12.9 148.2-101.3-153.2    5.8   -0.7   54.9               
  734  734 A D        -     0   0  134     -2,-0.1     0, 0.0     0, 0.0     0, 0.0   0.777  24.2 -48.2 106.2 105.8    5.7    2.7   56.7               
  735  735 A D        -     0   0  140      0, 0.0    -2,-0.0     0, 0.0     0, 0.0   0.854  28.4 -74.6  65.6 109.6    5.6    6.4   56.4               
  736  736 A L        +     0   0  141      0, 0.0     0, 0.0     0, 0.0     0, 0.0   0.958  34.9  34.4  70.0 134.7    6.2    9.9   55.5               
  737  737 A D        +     0   0  162      1,-0.0     2,-0.0     0, 0.0     0, 0.0   0.936  28.9 117.1  60.4 138.8    7.7   13.3   55.1               
  738  738 A G        -     0   0   72      2,-0.0    -1,-0.0     0, 0.0     0, 0.0   0.150  28.6-150.7 135.7 120.0   10.7   15.7   54.8               
  739  739 A V        -     0   0  140      1,-0.1     0, 0.0    -2,-0.0     0, 0.0  -0.350  29.1 -76.5-114.9-175.8   12.2   18.1   52.2               
  740  740 A P        -     0   0  114      0, 0.0     2,-0.3     0, 0.0    -1,-0.1   0.189  15.2-157.9-112.0-176.4   15.6   19.3   51.3               
  741  741 A L        -     0   0  175      2,-0.0     2,-0.1     0, 0.0     0, 0.0  -0.977  29.8-116.8-152.7 154.6   19.0   21.1   51.4               
  742  742 A D        +     0   0  154     -2,-0.3     0, 0.0     1,-0.0     0, 0.0  -0.307  27.3 160.0 -75.9 155.3   21.8   22.0   48.9               
  743  743 A A        -     0   0   83     -2,-0.1    -2,-0.0     0, 0.0    -1,-0.0   0.053  29.4-114.6-178.4 106.6   25.3   21.6   47.9               
  744  744 A T        +     0   0  112      0, 0.0     0, 0.0     0, 0.0     0, 0.0   0.772  27.7  10.9  48.3 122.2   27.3   22.1   44.7               
  745  745 A E        +     0   0  188      2,-0.0     0, 0.0     0, 0.0     0, 0.0   0.835  24.2  79.4  63.1 147.1   29.3   20.8   41.8               
  746  746 A D        +     0   0  142      2,-0.0     0, 0.0     0, 0.0     0, 0.0   0.738  44.2  70.6-153.3 143.8   31.0   19.6   39.4               
  747  747 A S        +     0   0  121      1,-0.0     2,-0.4     0, 0.0    -2,-0.0  -0.002  33.8 139.4 175.5  95.5   31.1   18.0   35.8               
  748  748 A K        +     0   0  189      1,-0.0     2,-0.0     0, 0.0    -1,-0.0  -0.978  17.6 127.3-127.8 127.4   30.5   19.7   32.3               
  749  749 A K        +     0   0  197     -2,-0.4    -1,-0.0     1,-0.1     0, 0.0  -0.208  41.0  47.3-177.6 103.6   32.4   19.2   29.0               
  750  750 A N        +     0   0  160      1,-0.1    -1,-0.1    -2,-0.0     0, 0.0   0.536  46.9 112.6 159.8  98.5   31.5   18.3   25.5               
  751  751 A E        -     0   0  183      0, 0.0     2,-0.3     0, 0.0    -1,-0.1  -0.979  60.9-102.6-141.7 152.2   28.9   19.6   23.0               
  752  752 A P        -     0   0  124      0, 0.0     2,-0.6     0, 0.0     0, 0.0  -0.542  38.0-119.3 -78.6 135.5   29.5   21.6   19.7               
  753  753 A I        +     0   0  140     -2,-0.3     2,-0.4     2,-0.0     0, 0.0  -0.605  40.4 158.5 -84.1 117.3   28.8   25.3   19.8               
  754  754 A F        -     0   0  192     -2,-0.6     2,-1.0     2,-0.0    -1,-0.0  -0.956  30.0-151.8-123.5 109.4   26.2   27.0   17.5               
  755  755 A K        -     0   0  183     -2,-0.4     2,-0.2     3,-0.0    -2,-0.0  -0.735  16.9-179.5 -90.8  99.1   25.3   30.3   19.2               
  756  756 A V        -     0   0  119     -2,-1.0    -2,-0.0     1,-0.0     3,-0.0  -0.611  40.9-109.6 -69.4 146.0   21.8   31.6   18.5               
  757  757 A A        -     0   0   82     -2,-0.2    -1,-0.0     1,-0.1    -2,-0.0  -0.734  39.2-102.7 -77.6 137.7   21.4   35.0   20.3               
  758  758 A P        -     0   0  108      0, 0.0     2,-0.1     0, 0.0    -1,-0.1  -0.227  40.6-105.0 -60.2 147.5   19.0   34.7   23.3               
  759  759 A S    >   -     0   0   26      1,-0.1     3,-1.1  -320,-0.1  -318,-0.1  -0.396  18.3-121.1 -71.2 151.8   15.5   36.1   22.8               
  760  760 A K  T 3  S+     0   0  172   -320,-0.6     3,-0.2     1,-0.2    -1,-0.1   0.658 112.9  56.5 -61.9 -17.3   14.4   39.5   24.3               
  761  761 A W  T >  S+     0   0   89   -321,-0.2     3,-1.4     1,-0.2    -1,-0.2   0.524  75.6  88.6-101.8  -5.8   11.7   37.5   26.2               
  762  762 A E  T <  S+     0   0  148     -3,-1.1    -1,-0.2     1,-0.3    -2,-0.1   0.229  91.1  55.2 -70.3  13.8   13.8   34.9   28.0               
  763  763 A A  T 3  S+     0   0   95     -3,-0.2     2,-0.3     2,-0.1    -1,-0.3   0.061  82.9 102.2-135.8  18.5   14.0   37.6   30.8               
  764  764 A V  S <  S-     0   0   45     -3,-1.4     2,-0.1     1,-0.0     5,-0.1  -0.874  81.6 -98.8-105.8 142.5   10.2   38.2   31.4               
  765  765 A D    >>  -     0   0  106     -2,-0.3     4,-1.6     1,-0.1     3,-0.8  -0.371  24.2-128.2 -66.3 137.0    8.5   36.6   34.5               
  766  766 A E  H 3> S+     0   0  141      1,-0.3     4,-2.7     2,-0.2     5,-0.2   0.880 109.9  52.7 -55.2 -39.7    6.5   33.4   33.8               
  767  767 A S  H 3> S+     0   0   72      1,-0.2     4,-1.7     2,-0.2    -1,-0.3   0.816 108.3  48.9 -67.8 -32.4    3.4   34.9   35.5               
  768  768 A E  H <4 S+     0   0  115     -3,-0.8     4,-0.4     2,-0.2    -1,-0.2   0.755 112.2  51.1 -78.6 -23.6    3.5   38.0   33.3               
  769  769 A L  H >X S+     0   0   58     -4,-1.6     4,-1.1     2,-0.2     3,-0.9   0.929 109.3  48.6 -73.6 -49.3    3.8   35.7   30.2               
  770  770 A E  H >< S+     0   0  142     -4,-2.7     3,-0.9     1,-0.2     4,-0.2   0.924 107.4  55.9 -57.8 -45.2    0.8   33.5   31.3               
  771  771 A A  T 3< S+     0   0   77     -4,-1.7    -1,-0.2     1,-0.2     3,-0.2   0.716 114.4  40.4 -61.4 -22.1   -1.4   36.7   31.8               
  772  772 A Q  T <4 S+     0   0   87     -3,-0.9    -1,-0.2    -4,-0.4    -2,-0.2   0.562  97.1  79.2 -99.0 -12.6   -0.5   37.7   28.1               
  773  773 A A    X<  +     0   0   55     -4,-1.1     2,-2.6    -3,-0.9     3,-0.7   0.360  53.4 123.5 -82.0   6.9   -0.9   34.1   26.6               
  774  774 A V  T 3   +     0   0  100      1,-0.2    -1,-0.1    -4,-0.2    -3,-0.0  -0.338  43.6  95.4 -72.5  66.6   -4.8   34.2   26.5               
  775  775 A T  T 3  S+     0   0   78     -2,-2.6    -1,-0.2     3,-0.0     4,-0.1   0.503  80.0  42.1-132.6 -15.0   -5.0   33.5   22.7               
  776  776 A T  S X  S+     0   0  115     -3,-0.7     3,-1.1     2,-0.1     4,-0.3   0.860 110.3  47.6-101.5 -52.8   -5.5   29.7   22.4               
  777  777 A S  T 3  S+     0   0   94      1,-0.2     4,-0.1     2,-0.1     3,-0.1   0.462  99.0  70.2 -73.7  -6.7   -8.0   28.7   25.1               
  778  778 A K  T >  S+     0   0  120      1,-0.1     3,-0.6     2,-0.1    -1,-0.2   0.642  83.3  69.1 -86.4 -15.8  -10.6   31.4   24.3               
  779  779 A W  T X> S+     0   0  163     -3,-1.1     3,-1.9     1,-0.2     4,-1.3   0.785  82.1  68.3 -86.4 -23.0  -11.8   30.1   20.9               
  780  780 A E  H 3> S+     0   0  141     -4,-0.3     4,-0.7     1,-0.3    -1,-0.2   0.719  99.6  57.7 -59.8 -19.5  -13.7   27.0   22.1               
  781  781 A L  H <4 S+     0   0  122     -3,-0.6    -1,-0.3    -4,-0.1    -2,-0.2   0.365 103.1  51.6 -92.4  -1.5  -16.1   29.6   23.6               
  782  782 A F  H X> S+     0   0  104     -3,-1.9     4,-1.4     2,-0.1     3,-1.3   0.827 105.1  49.7-100.8 -47.1  -16.9   31.4   20.3               
  783  783 A D  H 3X S+     0   0  118     -4,-1.3     4,-1.8     1,-0.3     3,-0.2   0.898 111.1  53.9 -58.1 -37.4  -17.9   28.5   18.0               
  784  784 A Q  H 3X S+     0   0  134     -4,-0.7     4,-0.9    -5,-0.2    -1,-0.3   0.662 104.8  54.3 -70.1 -19.0  -20.3   27.3   20.8               
  785  785 A H  H <> S+     0   0  102     -3,-1.3     4,-1.7     2,-0.2    -1,-0.2   0.808 108.1  47.0 -88.3 -30.9  -22.0   30.8   21.0               
  786  786 A E  H  X S+     0   0  146     -4,-1.4     4,-1.4    -3,-0.2    -2,-0.2   0.917 113.1  49.2 -75.1 -39.4  -22.9   31.0   17.2               
  787  787 A E  H  X S+     0   0  149     -4,-1.8     4,-1.0     2,-0.2    -2,-0.2   0.856 114.8  44.9 -68.3 -32.3  -24.4   27.4   17.2               
  788  788 A S  H  X S+     0   0   56     -4,-0.9     4,-1.9     2,-0.2     5,-0.2   0.890 110.8  51.8 -80.6 -36.2  -26.5   28.1   20.4               
  789  789 A E  H  X S+     0   0  112     -4,-1.7     4,-0.7     1,-0.2    -2,-0.2   0.787 110.9  50.1 -69.4 -24.5  -27.8   31.5   19.2               
  790  790 A E  H  < S+     0   0  139     -4,-1.4    -1,-0.2     2,-0.1    -2,-0.2   0.779 112.1  45.9 -84.1 -24.6  -28.9   29.9   15.8               
  791  791 A E  H >< S+     0   0  149     -4,-1.0     3,-0.9     2,-0.1    -2,-0.2   0.840 110.8  50.7 -86.1 -33.1  -30.9   26.9   17.5               
  792  792 A E  H >< S+     0   0  149     -4,-1.9     3,-0.8     1,-0.2    -2,-0.1   0.827 105.9  58.5 -71.9 -26.0  -32.8   29.0   20.2               
  793  793 A N  T 3< S+     0   0  133     -4,-0.7    -1,-0.2     1,-0.2    -2,-0.1   0.358 100.1  56.7 -85.4   5.4  -34.0   31.5   17.4               
  794  794 A Q  T <  S+     0   0  153     -3,-0.9    -1,-0.2     1,-0.1     3,-0.2   0.315  96.2  61.8-116.7   8.2  -35.8   28.7   15.3               
  795  795 A N  S <  S+     0   0  137     -3,-0.8    -2,-0.1    -4,-0.1     3,-0.1   0.041  88.5  69.0-122.1  22.2  -38.2   27.3   18.0               
  796  796 A Q        +     0   0  172     -3,-0.1    -1,-0.1     1,-0.1    -4,-0.0  -0.186  68.5  87.3-138.5  44.1  -40.4   30.5   18.8               
  797  797 A E  S    S+     0   0  194     -3,-0.2     2,-0.3     0, 0.0    -1,-0.1   0.092  72.1  77.5-131.4  27.1  -42.6   31.3   15.7               
  798  798 A E  S    S+     0   0  188      1,-0.2    -3,-0.0    -3,-0.1     0, 0.0  -0.974  71.4  33.7-132.0 157.0  -45.8   29.1   16.3               
  799  799 A E        +     0   0  200     -2,-0.3     2,-0.3     1,-0.1    -1,-0.2   0.854  52.1 171.2  68.1 121.1  -48.9   29.4   18.6               
  800  800 A S        +     0   0  105      2,-0.0    -1,-0.1     1,-0.0     2,-0.0  -0.980  24.9  53.5-143.1 157.6  -50.7   32.6   19.7               
  801  801 A E        +     0   0  182     -2,-0.3    -1,-0.0     0, 0.0     0, 0.0   0.247  46.7  79.6  97.4 147.3  -54.0   33.8   21.5               
  802  802 A D        -     0   0  151     -2,-0.0    -2,-0.0     0, 0.0     0, 0.0   0.894  42.4-169.3  78.7  65.1  -56.3   33.5   24.6               
  803  803 A E        +     0   0  169      0, 0.0     0, 0.0     0, 0.0     0, 0.0   0.722  13.5 117.0  41.9 146.5  -55.8   35.2   27.9               
  804  804 A E        +     0   0  173      0, 0.0     0, 0.0     0, 0.0     0, 0.0   0.864  17.1 134.2  61.7 143.3  -57.0   35.4   31.6               
  805  805 A D        -     0   0  121      0, 0.0     0, 0.0     0, 0.0     0, 0.0   0.856  25.7-113.2-169.9 176.7  -56.8   35.3   34.9               
  806  806 A T        -     0   0  109      0, 0.0     0, 0.0     0, 0.0     0, 0.0   0.977  20.2-167.3  93.4  86.5  -56.8   35.4   38.9               
  807  807 A Q        -     0   0  179      0, 0.0     0, 0.0     0, 0.0     0, 0.0   0.667   4.2-155.6  38.6 142.2  -54.7   35.6   41.9               
  808  808 A S        -     0   0  101      0, 0.0     0, 0.0     0, 0.0     0, 0.0   0.377  21.6 -50.1 170.3 124.9  -54.2   35.3   45.4               
  809  809 A S        +     0   0  110      0, 0.0     0, 0.0     0, 0.0     0, 0.0   0.853  20.3 167.9  56.9 155.6  -52.3   36.4   48.6               
  810  810 A K        -     0   0  151      0, 0.0     0, 0.0     0, 0.0     0, 0.0   0.639   5.0-159.3-174.3 166.7  -50.0   37.1   51.0               
  811  811 A S        +     0   0   93      2,-0.0     0, 0.0     0, 0.0     0, 0.0   0.788  21.7  68.4  73.4 146.3  -48.0   38.3   54.1               
  812  812 A E        -     0   0  142      0, 0.0     2,-0.1     0, 0.0     0, 0.0   0.852  27.9-119.4-169.4 173.1  -45.5   39.2   56.1               
  813  813 A E        +     0   0  143      0, 0.0    -2,-0.0     0, 0.0     0, 0.0  -0.032  22.5 125.1-116.9-113.0  -43.0   41.1   57.2               
  814  814 A H        -     0   0  163     -2,-0.1     2,-0.2     1,-0.1     0, 0.0   0.888  16.6-166.0-148.6 166.8  -39.9   42.4   58.2               
  815  815 A H        +     0   0  141      1,-0.0    -1,-0.1     0, 0.0     2,-0.0  -0.659  24.3 147.2-111.5 157.7  -37.1   45.2   58.0               
  816  816 A L        -     0   0  148     -2,-0.2    -1,-0.0     0, 0.0     0, 0.0  -0.098  60.7 -23.2-171.1 110.8  -33.7   46.7   58.5               
  817  817 A Y        -     0   0  213      1,-0.0     2,-0.1    -2,-0.0     0, 0.0   0.886  57.4 -74.6  44.3 146.5  -32.0   49.2   56.0               
  818  818 A S        -     0   0   92      1,-0.0    -1,-0.0     0, 0.0     0, 0.0  -0.228  18.1-131.9 177.1 104.1  -31.8   50.3   52.8               
  819  819 A N        -     0   0  153     -2,-0.1    -1,-0.0     0, 0.0     0, 0.0   0.816  14.4-163.5  48.3 157.6  -31.1   51.1   49.1               
  820  820 A P        -     0   0  105      0, 0.0     0, 0.0     0, 0.0     0, 0.0   0.406  33.9 -90.1-140.2 158.5  -30.5   52.1   46.2               
  821  821 A I        -     0   0  146      1,-0.1     0, 0.0     2,-0.0     0, 0.0   0.774  24.7 -91.8  55.6 100.2  -31.1   51.4   42.5               
  822  822 A K        +     0   0  182      1,-0.0    -1,-0.1     2,-0.0     2,-0.0   0.378  18.5 176.6  43.2 107.0  -30.3   49.8   39.4               
  823  823 A E        +     0   0  183      2,-0.0     2,-1.3     0, 0.0    -1,-0.0  -0.419   4.2 172.2-154.0  87.4  -28.4   50.7   36.3               
  824  824 A E        +     0   0  188      2,-0.0     2,-0.3    -2,-0.0    -2,-0.0  -0.731  42.5 128.0 -70.0  91.6  -28.2   48.0   33.6               
  825  825 A M        +     0   0  150     -2,-1.3    -2,-0.0     1,-0.1     0, 0.0  -0.845  38.9  14.2-158.5 142.0  -26.5   50.2   31.0               
  826  826 A T        +     0   0   66     -2,-0.3     3,-0.4     1,-0.1    -1,-0.1   0.950  19.8 174.3  72.9  72.7  -23.6   50.6   28.5               
  827  827 A E  S >  S+     0   0  196      1,-0.2     3,-0.7     2,-0.1     4,-0.4   0.448  70.2 101.4 -51.6  -2.4  -21.3   47.7   27.5               
  828  828 A S  T 3   +     0   0   83      1,-0.2    -1,-0.2     2,-0.1    -2,-0.1   0.155  57.6  73.2 -84.8  13.4  -20.2   50.7   25.3               
  829  829 A K  T >  S+     0   0  150     -3,-0.4     3,-0.8     2,-0.1    -1,-0.2   0.716  82.0  62.0-106.9 -23.4  -17.0   51.7   27.2               
  830  830 A F  G X  S+     0   0  193     -3,-0.7     3,-1.4     1,-0.2     4,-0.3   0.888  90.4  70.6 -71.1 -33.7  -14.4   48.9   26.5               
  831  831 A S  G 3  S+     0   0  103     -4,-0.4    -1,-0.2     1,-0.2     4,-0.2   0.356  83.7  73.1 -68.2   5.0  -14.3   49.7   22.7               
  832  832 A K  G <  S+     0   0  184     -3,-0.8    -1,-0.2     1,-0.1    -2,-0.1   0.520  85.6  59.7-100.7  -5.5  -12.5   53.1   23.2               
  833  833 A Y  S <  S+     0   0  212     -3,-1.4    -1,-0.1     1,-0.1    -2,-0.1   0.610  85.2  77.9 -94.4 -13.0   -8.9   51.8   24.0               
  834  834 A S  S    S+     0   0  110     -4,-0.3     2,-1.6     1,-0.2    -1,-0.1   0.838  73.2  76.3 -76.9 -34.3   -8.1   49.8   20.8               
  835  835 A E        -     0   0  184     -4,-0.2     2,-1.5     1,-0.1    -1,-0.2  -0.499  55.0-173.4 -87.3  84.8   -7.2   52.5   18.2               
  836  836 A M        -     0   0   95     -2,-1.6     5,-0.1     4,-0.1    -1,-0.1  -0.594  35.1-133.3 -66.7  91.4   -3.6   53.7   19.0               
  837  837 A S     >  -     0   0   53     -2,-1.5     4,-2.5     1,-0.1     3,-0.4   0.050  11.9-111.7 -54.8 155.7   -3.9   56.5   16.4               
  838  838 A E  H  > S+     0   0  149      1,-0.2     4,-1.7     2,-0.2     5,-0.1   0.872 120.1  57.9 -57.8 -33.0   -1.1   57.3   13.8               
  839  839 A E  H  > S+     0   0  111      2,-0.2     4,-2.5     1,-0.2    -1,-0.2   0.907 107.2  46.8 -64.0 -40.6   -0.5   60.7   15.7               
  840  840 A K  H  > S+     0   0   77     -3,-0.4     4,-2.7     1,-0.2    -2,-0.2   0.947 111.8  51.1 -64.2 -44.5    0.2   58.6   18.9               
  841  841 A R  H  X S+     0   0  137     -4,-2.5     4,-1.2     2,-0.2    -2,-0.2   0.762 111.5  48.8 -63.1 -28.6    2.5   56.3   16.9               
  842  842 A A  H  X S+     0   0   46     -4,-1.7     4,-2.1    -5,-0.2    -2,-0.2   0.933 110.9  48.8 -74.4 -46.8    4.3   59.5   15.5               
  843  843 A K  H  X S+     0   0   31     -4,-2.5     4,-2.0     2,-0.2    -2,-0.2   0.907 110.3  51.3 -58.9 -44.7    4.7   61.0   19.1               
  844  844 A L  H  X S+     0   0   80     -4,-2.7     4,-2.6     1,-0.2    -1,-0.2   0.911 110.2  49.4 -61.7 -40.5    6.1   57.7   20.5               
  845  845 A R  H  X S+     0   0  150     -4,-1.2     4,-2.1     1,-0.2    -2,-0.2   0.876 110.4  50.8 -64.9 -36.5    8.6   57.6   17.6               
  846  846 A E  H  X S+     0   0  104     -4,-2.1     4,-0.6     2,-0.2    -2,-0.2   0.819 111.1  49.3 -69.3 -32.2    9.6   61.3   18.3               
  847  847 A I  H >X S+     0   0   10     -4,-2.0     4,-2.2     2,-0.2     3,-1.2   0.966 111.5  47.2 -67.3 -52.2   10.1   60.3   22.0               
  848  848 A E  H 3X S+     0   0   86     -4,-2.6     4,-3.0     1,-0.3     5,-0.2   0.892 107.7  56.6 -63.6 -35.9   12.3   57.3   21.2               
  849  849 A L  H 3X S+     0   0  104     -4,-2.1     4,-1.1     1,-0.2    -1,-0.3   0.749 110.1  46.0 -63.7 -25.1   14.4   59.4   18.8               
  850  850 A K  H <X S+     0   0   63     -3,-1.2     4,-2.0    -4,-0.6    -2,-0.2   0.857 111.1  51.6 -81.5 -39.6   15.1   61.8   21.7               
  851  851 A V  H  X S+     0   0    8     -4,-2.2     4,-2.5     2,-0.2    -2,-0.2   0.957 110.5  48.9 -58.9 -49.1   15.9   58.9   24.1               
  852  852 A M  H  X S+     0   0   98     -4,-3.0     4,-3.0     1,-0.2    -1,-0.2   0.896 112.2  48.4 -60.3 -41.1   18.4   57.5   21.5               
  853  853 A K  H  X S+     0   0  134     -4,-1.1     4,-1.9    -5,-0.2    -1,-0.2   0.846 111.5  49.5 -66.8 -35.2   20.0   61.0   21.1               
  854  854 A F  H  X S+     0   0   24     -4,-2.0     4,-1.2    -3,-0.2    -2,-0.2   0.877 112.1  49.3 -70.5 -35.6   20.2   61.4   24.9               
  855  855 A Q  H >X S+     0   0   66     -4,-2.5     4,-2.8     2,-0.2     3,-0.9   0.980 111.6  48.4 -60.0 -56.6   21.8   57.9   25.0               
  856  856 A D  H 3X S+     0   0   83     -4,-3.0     4,-2.6     1,-0.3     6,-0.3   0.845 110.2  52.5 -51.5 -43.0   24.3   58.9   22.2               
  857  857 A E  H 3<>S+     0   0   67     -4,-1.9     6,-2.1     2,-0.2     5,-1.2   0.787 113.1  43.6 -71.4 -26.7   25.2   62.1   24.1               
  858  858 A L  H X<5S+     0   0   19     -4,-1.2     3,-1.3    -3,-0.9    -2,-0.2   0.891 116.1  46.7 -79.3 -43.8   26.0   60.1   27.3               
  859  859 A E  H 3<5S+     0   0  122     -4,-2.8    -2,-0.2     1,-0.3    -3,-0.2   0.921 112.1  50.5 -65.4 -41.9   28.0   57.4   25.4               
  860  860 A S  T 3<5S-     0   0   63     -4,-2.6    -1,-0.3    -5,-0.3    -2,-0.1   0.224 114.9-118.3 -79.7  11.9   30.0   60.0   23.4               
  861  861 A G  T < 5S+     0   0   61     -3,-1.3    -3,-0.2     2,-0.1    -4,-0.1   0.599  80.7 123.4  62.7  15.2   30.8   61.8   26.8               
  862  862 A K  S   <S+     0   0  156     -5,-1.2    -4,-0.2    -6,-0.3    -1,-0.1   0.747  72.9  49.6 -76.3 -25.2   29.0   65.1   25.6               
  863  863 A R  S    S-     0   0  101     -6,-2.1     2,-0.3    -9,-0.1    -2,-0.1  -0.952  93.2-120.8-107.3 135.5   26.8   64.8   28.8               
  864  864 A P        -     0   0  120      0, 0.0     2,-0.3     0, 0.0    -2,-0.1  -0.588  29.2-118.4 -70.9 131.8   28.4   64.3   32.3               
  865  865 A K        -     0   0  139     -2,-0.3     6,-0.1    -7,-0.1     3,-0.1  -0.542  30.6-117.8 -63.8 127.3   27.2   61.1   34.0               
  866  866 A K    >   -     0   0   98     -2,-0.3     3,-1.1     4,-0.2     2,-0.1  -0.436  31.4-107.6 -60.5 139.4   25.4   61.9   37.3               
  867  867 A P  T 3  S+     0   0  128      0, 0.0    -1,-0.1     0, 0.0     3,-0.1  -0.462 102.4  20.1 -64.4 141.0   27.1   60.5   40.4               
  868  868 A G  T 3  S+     0   0   85      1,-0.2     2,-0.4    -2,-0.1    -2,-0.0   0.338 104.6  95.9  79.4  -2.7   25.1   57.5   41.9               
  869  869 A Q    <   -     0   0   51     -3,-1.1    -1,-0.2     1,-0.1     3,-0.0  -0.925  68.4-128.5-112.9 144.1   23.0   56.7   38.8               
  870  870 A S     >  -     0   0   42     -2,-0.4     4,-0.7     1,-0.1    -4,-0.2  -0.095  30.1-107.0 -67.8 175.3   23.8   54.0   36.1               
  871  871 A F  H >> S+     0   0   62      2,-0.2     4,-1.5     3,-0.1     3,-0.5   0.950 120.7  49.1 -66.0 -48.5   23.9   54.8   32.4               
  872  872 A Q  H >> S+     0   0   98      1,-0.2     4,-2.8     2,-0.2     3,-0.5   0.927 106.1  55.1 -61.3 -48.0   20.5   53.0   31.9               
  873  873 A E  H 3> S+     0   0   79      1,-0.3     4,-2.5     2,-0.2    -1,-0.2   0.781 107.1  51.7 -56.7 -33.1   18.7   54.7   34.8               
  874  874 A Q  H <X S+     0   0   10     -4,-0.7     4,-1.1    -3,-0.5    -1,-0.3   0.879 111.8  45.8 -73.2 -36.4   19.6   58.1   33.2               
  875  875 A V  H <X S+     0   0    8     -4,-1.5     4,-2.3    -3,-0.5    -2,-0.2   0.908 116.5  46.0 -69.1 -41.8   18.2   57.0   29.8               
  876  876 A E  H  X S+     0   0   85     -4,-2.8     4,-2.9     2,-0.2     5,-0.3   0.975 111.2  49.9 -67.7 -51.0   15.0   55.6   31.6               
  877  877 A H  H  X S+     0   0   94     -4,-2.5     4,-1.5     1,-0.2    -1,-0.2   0.816 113.3  49.5 -56.8 -30.7   14.5   58.7   33.8               
  878  878 A Y  H  X S+     0   0   62     -4,-1.1     4,-0.9     2,-0.2    -2,-0.2   0.914 111.1  48.4 -73.5 -40.7   14.8   60.7   30.5               
  879  879 A R  H >X S+     0   0  108     -4,-2.3     4,-2.5     2,-0.2     3,-0.9   0.949 112.4  48.0 -60.8 -49.4   12.3   58.4   28.7               
  880  880 A D  H 3X S+     0   0   96     -4,-2.9     4,-3.1     1,-0.3     5,-0.3   0.904 107.7  55.7 -61.6 -41.2    9.7   58.7   31.6               
  881  881 A K  H 3X S+     0   0  146     -4,-1.5     4,-0.7    -5,-0.3    -1,-0.3   0.748 111.5  44.8 -64.3 -24.4   10.2   62.5   31.7               
  882  882 A L  H <X S+     0   0   29     -4,-0.9     4,-1.4    -3,-0.9    -2,-0.2   0.879 114.1  47.9 -82.3 -42.5    9.2   62.6   27.9               
  883  883 A L  H >X S+     0   0   68     -4,-2.5     4,-2.5     2,-0.2     3,-0.6   0.949 111.7  50.0 -61.6 -49.2    6.2   60.2   28.4               
  884  884 A Q  H 3X S+     0   0  133     -4,-3.1     4,-2.2     1,-0.2    -1,-0.2   0.877 110.5  51.7 -56.4 -39.9    4.9   62.1   31.4               
  885  885 A R  H 3X S+     0   0  161     -4,-0.7     4,-1.4    -5,-0.3    -1,-0.2   0.751 110.7  45.7 -74.3 -28.0    5.2   65.4   29.4               
  886  886 A E  H <X S+     0   0   24     -4,-1.4     4,-1.5    -3,-0.6    -2,-0.2   0.853 111.7  52.7 -82.3 -30.9    3.2   64.0   26.4               
  887  887 A K  H  X S+     0   0  135     -4,-2.5     4,-2.3     2,-0.2    -2,-0.2   0.906 108.3  51.8 -62.1 -42.4    0.5   62.5   28.8               
  888  888 A E  H  X S+     0   0  132     -4,-2.2     4,-1.8     1,-0.2    -2,-0.2   0.946 112.3  45.0 -58.6 -48.1    0.3   66.1   30.3               
  889  889 A K  H  X S+     0   0   72     -4,-1.4     4,-2.5     2,-0.2    -1,-0.2   0.728 108.8  57.0 -66.7 -29.1   -0.3   67.6   26.8               
  890  890 A E  H  X S+     0   0   64     -4,-1.5     4,-1.5     2,-0.2    -2,-0.2   0.966 109.0  45.3 -67.4 -46.2   -2.8   64.8   25.9               
  891  891 A L  H  X S+     0   0   77     -4,-2.3     4,-2.5     2,-0.2    -2,-0.2   0.828 113.5  51.5 -60.7 -36.4   -4.9   65.8   29.0               
  892  892 A E  H  X S+     0   0  125     -4,-1.8     4,-2.1     2,-0.2    -2,-0.2   0.966 111.3  45.6 -66.6 -48.3   -4.5   69.5   27.9               
  893  893 A R  H  X S+     0   0   79     -4,-2.5     4,-1.0     2,-0.2    -2,-0.2   0.703 112.9  52.9 -64.5 -26.7   -5.6   68.7   24.3               
  894  894 A E  H >X S+     0   0   87     -4,-1.5     4,-2.7     2,-0.2     3,-0.5   0.959 108.6  47.9 -71.2 -51.7   -8.5   66.7   25.8               
  895  895 A R  H 3X S+     0   0  180     -4,-2.5     4,-2.2     1,-0.3    -2,-0.2   0.821 110.6  52.8 -57.2 -36.8   -9.7   69.6   28.0               
  896  896 A E  H 3X S+     0   0  137     -4,-2.1     4,-1.9     2,-0.2    -1,-0.3   0.870 111.3  46.4 -66.4 -36.5   -9.5   71.9   25.0               
  897  897 A R  H <X S+     0   0  129     -4,-1.0     4,-2.8    -3,-0.5     5,-0.3   0.966 112.6  49.0 -68.9 -48.8  -11.7   69.5   23.0               
  898  898 A D  H  X S+     0   0  103     -4,-2.7     4,-2.2     1,-0.2    -2,-0.2   0.897 113.4  47.7 -56.2 -44.6  -14.2   69.1   25.9               
  899  899 A K  H  X S+     0   0  136     -4,-2.2     4,-2.6    -5,-0.2    -1,-0.2   0.923 113.2  47.9 -62.1 -44.9  -14.3   73.0   26.3               
  900  900 A K  H  X S+     0   0  146     -4,-1.9     4,-1.8     2,-0.2    -2,-0.2   0.875 112.6  47.0 -67.3 -40.1  -14.8   73.5   22.5               
  901  901 A D  H  X S+     0   0   81     -4,-2.8     4,-1.4     2,-0.2    -1,-0.2   0.858 111.8  52.4 -73.9 -28.9  -17.6   70.8   22.2               
  902  902 A K  H >X S+     0   0  127     -4,-2.2     4,-2.8    -5,-0.3     3,-0.5   0.959 109.8  47.6 -64.0 -48.3  -19.3   72.4   25.3               
  903  903 A E  H 3X S+     0   0  106     -4,-2.6     4,-2.1     1,-0.2    -2,-0.2   0.866 112.5  51.2 -59.1 -34.3  -19.1   75.9   23.6               
  904  904 A K  H 3X S+     0   0  118     -4,-1.8     4,-1.4     2,-0.2    -1,-0.2   0.748 111.6  46.4 -74.5 -26.9  -20.6   74.1   20.5               
  905  905 A L  H <X S+     0   0  112     -4,-1.4     4,-1.6    -3,-0.5    -2,-0.2   0.868 112.3  49.8 -79.0 -40.9  -23.4   72.6   22.6               
  906  906 A E  H  X S+     0   0  109     -4,-2.8     4,-1.7     2,-0.2    -2,-0.2   0.910 112.9  47.3 -66.3 -40.3  -24.2   76.0   24.3               
  907  907 A S  H >X S+     0   0   55     -4,-2.1     4,-2.7    -5,-0.2     3,-0.6   0.979 112.4  48.6 -63.0 -51.8  -24.3   77.8   20.9               
  908  908 A R  H 3X S+     0   0  173     -4,-1.4     4,-1.1     1,-0.2    -1,-0.2   0.781 109.2  55.0 -56.5 -30.1  -26.6   75.0   19.4               
  909  909 A S  H 3X S+     0   0   76     -4,-1.6     4,-2.1     2,-0.2    -1,-0.2   0.843 109.8  45.2 -75.4 -33.0  -28.8   75.4   22.6               
  910  910 A K  H <X S+     0   0  141     -4,-1.7     4,-2.4    -3,-0.6    -2,-0.2   0.957 109.1  55.6 -66.8 -48.5  -29.2   79.1   21.9               
  911  911 A D  H  < S+     0   0  108     -4,-2.7    -2,-0.2     1,-0.2    -1,-0.2   0.754 114.8  40.7 -59.8 -28.4  -29.9   78.5   18.2               
  912  912 A K  H >X S+     0   0  154     -4,-1.1     3,-1.8    -5,-0.2     4,-0.8   0.891 113.4  52.1 -77.9 -46.8  -32.8   76.2   19.3               
  913  913 A K  H 3< S+     0   0  172     -4,-2.1    -2,-0.2     1,-0.3    -3,-0.2   0.749 107.1  53.3 -69.3 -22.0  -34.0   78.4   22.2               
  914  914 A E  T 3< S+     0   0  160     -4,-2.4    -1,-0.3     1,-0.1    -3,-0.1   0.368 108.8  53.6 -84.1   2.2  -34.3   81.5   19.8               
  915  915 A K  T <4 S+     0   0  174     -3,-1.8    -2,-0.2    -5,-0.2    -1,-0.1   0.684  98.5  54.0-113.5 -21.4  -36.4   79.5   17.3               
  916  916 A D  S  < S+     0   0  136     -4,-0.8     2,-0.6    -3,-0.1    -2,-0.1   0.253  85.1  97.0-107.3  10.8  -39.4   78.0   19.3               
  917  917 A E  S    S-     0   0  176      1,-0.2    -1,-0.0    -4,-0.2    -4,-0.0  -0.893  72.2 -12.7-108.3 119.2  -40.9   81.3   20.9               
  918  918 A C        -     0   0  124     -2,-0.6    -1,-0.2     1,-0.1     0, 0.0   0.891  32.1-157.6  86.0 122.7  -43.7   83.3   19.6               
  919  919 A T        -     0   0  133      1,-0.0     2,-0.1     2,-0.0    -1,-0.1  -0.845  54.4 -41.7-133.6 163.0  -46.2   84.1   16.7               
  920  920 A P        +     0   0  111      0, 0.0     2,-0.3     0, 0.0    -1,-0.0  -0.336  45.3 143.3-125.2 133.5  -47.7   87.2   16.5               
  921  921 A T        -     0   0  136     -2,-0.1    -2,-0.0     2,-0.1     0, 0.0  -0.780  37.6-116.8-139.3 106.3  -49.6   90.3   18.0               
  922  922 A R        +     0   0  223     -2,-0.3    -1,-0.0     0, 0.0     0, 0.0   0.628  42.5  95.8  43.8 128.3  -49.5   93.8   17.2               
  923  923 A K        -     0   0  167      0, 0.0    -2,-0.1     0, 0.0     0, 0.0   0.439  31.4  -6.9  75.1 151.7  -48.5   97.3   18.8               
  924  924 A E        -     0   0  114      0, 0.0     0, 0.0     0, 0.0     0, 0.0   0.658  28.1  -2.4-164.5 166.7  -46.5   99.7   19.4               
  925  925 A R        -     0   0  177      0, 0.0     2,-0.0     0, 0.0     0, 0.0   0.676  24.2-114.6  71.8 120.5  -44.0  102.6   20.1               
  926  926 A K        +     0   0  136      0, 0.0     0, 0.0     0, 0.0     0, 0.0   0.487  15.4 152.5  65.7 132.1  -41.0  104.1   20.0               
  927  927 A R        -     0   0  171     -2,-0.0     0, 0.0     0, 0.0     0, 0.0   0.741  10.4-106.9-174.6 157.1  -38.2  105.4   20.7               
  928  928 A R        -     0   0  195      0, 0.0     0, 0.0     0, 0.0     0, 0.0   0.817  15.7-104.8  68.4 123.2  -34.7  106.8   21.0               
  929  929 A H        +     0   0  177      1,-0.0     0, 0.0     0, 0.0     0, 0.0   0.574  42.3  73.2  72.9 131.9  -31.5  107.3   21.9               
  930  930 A S        +     0   0  102      1,-0.1     2,-0.2     0, 0.0    -1,-0.0   0.895  12.4 147.5  62.7  94.3  -29.0  109.4   23.8               
  931  931 A T        -     0   0  138      1,-0.0    -1,-0.1     0, 0.0     0, 0.0  -0.739  37.9-136.2-143.0 123.4  -27.6  110.3   27.1               
  932  932 A S        -     0   0  109     -2,-0.2     2,-0.2     1,-0.1    -1,-0.0   0.685  14.6 -73.8  97.2 134.0  -24.4  111.2   27.4               
  933  933 A P        +     0   0  121      0, 0.0    -1,-0.1     0, 0.0     0, 0.0  -0.554  33.0 152.0 -99.5 156.5  -21.1  110.9   29.5               
  934  934 A S        -     0   0  122     -2,-0.2     2,-0.4     2,-0.0     0, 0.0  -0.795  21.8-148.4-167.4 146.6  -19.4  112.0   32.8               
  935  935 A P        +     0   0  126      0, 0.0     2,-0.3     0, 0.0     0, 0.0  -0.941  18.0 171.5-116.7 131.2  -16.7  110.5   35.2               
  936  936 A S        -     0   0  111     -2,-0.4     2,-0.1     2,-0.0    -2,-0.0  -0.906   9.6-162.0-156.7 121.8  -16.2  110.8   39.0               
  937  937 A R        -     0   0  243     -2,-0.3     2,-0.1     0, 0.0     0, 0.0   0.050  10.0-172.3  67.2 112.8  -14.3  109.5   41.6               
  938  938 A S        -     0   0  108      1,-0.4    -2,-0.0    -2,-0.1     0, 0.0  -0.438  43.4  -2.6-165.3 130.0  -14.1  109.1   45.2               
  939  939 A S        +     0   0  125     -2,-0.1    -1,-0.4     0, 0.0     2,-0.0   0.452  57.2  39.3  62.9 162.6  -11.2  107.8   47.4               
  940  940 A S        +     0   0  113      1,-0.1     2,-0.0     0, 0.0     0, 0.0   0.152  31.9 108.7-175.4 134.5   -8.2  106.5   48.1               
  941  941 A G        +     0   0   59     -2,-0.0    -1,-0.1     0, 0.0     0, 0.0   0.662   8.6 136.8 145.1 155.8   -5.0  106.2   47.7               
  942  942 A R        -     0   0  239     -2,-0.0     2,-0.0     0, 0.0     0, 0.0   0.254  16.7-140.4  68.4 164.8   -1.2  106.5   48.3               
  943  943 A R        +     0   0  224      2,-0.0     0, 0.0     0, 0.0     0, 0.0   0.477  22.6  98.4-172.6 154.1    2.1  105.5   48.4               
  944  944 A V        -     0   0  112     -2,-0.0     0, 0.0     0, 0.0     0, 0.0   0.810  37.8 -56.2  55.8 103.9    5.7  104.5   49.0               
  945  945 A K        +     0   0  183      0, 0.0    -2,-0.0     0, 0.0     0, 0.0   0.892  40.6  44.8  70.3 121.3    8.3  102.2   50.1               
  946  946 A S        +     0   0  104      0, 0.0     2,-0.0     0, 0.0     0, 0.0   0.114  27.9  25.1  73.4-179.4   10.0   99.9   52.6               
  947  947 A P        -     0   0  109      0, 0.0     0, 0.0     0, 0.0     0, 0.0   0.022  20.7 -98.6-137.1 161.2   10.9   97.7   55.0               
  948  948 A S        -     0   0  119      1,-0.1     2,-0.1    -2,-0.0     0, 0.0   0.026   6.1-179.7  64.3 177.8   11.2   94.8   57.6               
  949  949 A P        -     0   0  125      0, 0.0    -1,-0.1     0, 0.0     2,-0.0   0.312  14.2-139.4-130.3-157.6   11.0   93.4   60.5               
  950  950 A K        +     0   0  192     -2,-0.1     0, 0.0     0, 0.0     0, 0.0  -0.102  28.9 120.8 -79.2-174.3   11.6   90.1   62.5               
  951  951 A S        +     0   0  100     -2,-0.0     0, 0.0     0, 0.0     0, 0.0   0.665  17.1  43.2  74.5 144.0    9.9   88.0   65.3               
  952  952 A E        -     0   0  166      0, 0.0     0, 0.0     0, 0.0     0, 0.0   0.767  31.7 -20.2-164.3 169.7    8.6   85.6   66.9               
  953  953 A R        +     0   0  227      2,-0.0     0, 0.0     0, 0.0     0, 0.0   0.689  41.4  46.2  64.1 148.0    7.6   82.1   68.4               
  954  954 A S        +     0   0   96      1,-0.1     2,-0.0     0, 0.0     0, 0.0   0.445  11.0 162.1-162.2 120.2    7.5   78.9   68.6               
  955  955 A E        -     0   0  199      0, 0.0     2,-0.2     0, 0.0    -1,-0.1  -0.003  14.6-174.7  51.7  87.9    9.0   75.9   68.6               
  956  956 A R        +     0   0  239      1,-0.0     0, 0.0    -2,-0.0     0, 0.0  -0.634  48.2  24.6-166.4 128.2    7.6   72.6   70.0               
  957  957 A S        -     0   0   95     -2,-0.2    -1,-0.0     0, 0.0     0, 0.0   0.726  61.9 -60.7-172.2 155.7    9.4   69.8   70.0               
  958  958 A E        -     0   0  139      2,-0.0     0, 0.0    -3,-0.0     0, 0.0   0.770  14.9 -73.6-168.7 159.4   12.3   68.3   70.0               
  959  959 A R        -     0   0  199      1,-0.1     2,-0.2     0, 0.0     0, 0.0   0.926  28.0-124.1  55.7 117.6   15.8   66.7   69.9               
  960  960 A S        -     0   0   98      0, 0.0     2,-0.4     0, 0.0    -1,-0.1  -0.555  23.4-132.0 -59.7 140.5   18.0   64.1   68.3               
  961  961 A H        +     0   0  182     -2,-0.2     2,-0.2     2,-0.0     0, 0.0  -0.989  33.4 172.1-111.5 122.3   19.8   61.4   70.2               
  962  962 A K        +     0   0  149     -2,-0.4     0, 0.0     0, 0.0     0, 0.0   0.083   7.4 128.0  78.1 131.9   22.9   61.3   69.2               
  963  963 A E        +     0   0  151     -2,-0.2    -2,-0.0     0, 0.0     0, 0.0   0.504  22.6  50.4  73.1 145.0   25.9   59.3   70.6               
  964  964 A S        -     0   0  117      1,-0.0     2,-0.2     0, 0.0     0, 0.0   0.662  35.7-177.1-137.3 160.7   28.3   57.3   70.6               
  965  965 A S        +     0   0   94      2,-0.0     2,-0.1     0, 0.0    -1,-0.0  -0.509   5.7 178.3 -85.7 153.9   31.5   56.9   68.5               
  966  966 A R        -     0   0  242     -2,-0.2     2,-0.1     2,-0.0     0, 0.0  -0.408  20.9-173.7 179.4 154.7   34.5   54.8   68.0               
  967  967 A S        +     0   0   89     -2,-0.1    -2,-0.0     0, 0.0     0, 0.0   0.123  18.3 108.7 169.9 136.1   37.0   54.8   65.9               
  968  968 A R        +     0   0  239     -2,-0.1    -2,-0.0     0, 0.0     0, 0.0   0.520  18.2  96.4  69.3 151.7   40.2   54.1   63.8               
  969  969 A S        +     0   0   97      0, 0.0     0, 0.0     0, 0.0     0, 0.0   0.459  11.6 179.9-166.6 153.7   42.0   53.4   61.3               
  970  970 A S        +     0   0   85      0, 0.0     0, 0.0     0, 0.0     0, 0.0   0.894  19.1 104.2  58.7 125.6   44.1   53.5   58.3               
  971  971 A H        +     0   0  167      0, 0.0     0, 0.0     0, 0.0     0, 0.0   0.647   9.4  39.5  73.8 152.3   46.1   52.0   55.5               
  972  972 A K        -     0   0  156      0, 0.0     0, 0.0     0, 0.0     0, 0.0   0.746  20.8 -83.4-159.3 167.1   47.7   50.7   53.1               
  973  973 A D        -     0   0  105      2,-0.0     0, 0.0     0, 0.0     0, 0.0   0.885  23.2 -88.4  59.4 104.2   49.1   50.0   49.7               
  974  974 A S        -     0   0  104      1,-0.0     2,-0.2     0, 0.0     0, 0.0   0.855  24.9 -85.1  80.6 158.5   49.3   48.8   46.4               
  975  975 A P        -     0   0  114      0, 0.0     2,-0.2     0, 0.0    -1,-0.0  -0.623  12.9-154.6-120.3 172.8   50.0   46.1   43.6               
  976  976 A R        -     0   0  230     -2,-0.2     2,-0.1     2,-0.0     0, 0.0  -0.529   6.2-179.5-179.5 141.0   52.1   44.2   41.1               
  977  977 A D        +     0   0  132     -2,-0.2     0, 0.0     0, 0.0     0, 0.0   0.631  14.2 153.2  80.3 152.8   52.3   42.4   38.2               
  978  978 A V        +     0   0  117     -2,-0.1    -2,-0.0     0, 0.0     0, 0.0   0.729  30.0  68.9  73.0 127.2   55.1   40.6   36.3               
  979  979 A S        +     0   0  101      1,-0.0     2,-0.1     0, 0.0     0, 0.0   0.838  29.3 143.7-149.2 154.4   55.5   38.2   34.1               
  980  980 A K        +     0   0  185      0, 0.0    -1,-0.0     0, 0.0     0, 0.0   0.001  19.3 122.3  88.8 118.5   54.8   37.3   30.9               
  981  981 A K        +     0   0  200     -2,-0.1     0, 0.0     0, 0.0     0, 0.0   0.365  18.0  90.6  83.1 150.5   56.4   35.4   28.0               
  982  982 A A        +     0   0   78      0, 0.0     0, 0.0     0, 0.0     0, 0.0   0.483  15.1 178.6-169.8 153.2   56.5   33.1   25.7               
  983  983 A K        +     0   0  198      1,-0.0     2,-0.1     0, 0.0     0, 0.0   0.694  21.2 132.9  38.9 110.3   56.3   30.9   22.6               
  984  984 A R        -     0   0  249      0, 0.0    -1,-0.0     0, 0.0     0, 0.0  -0.228  21.7-179.3-174.5 126.3   57.0   27.6   21.2               
  985  985 A S        +     0   0  111      1,-0.1     0, 0.0    -2,-0.1     0, 0.0  -0.615  18.6  56.6-103.2-178.3   55.1   25.0   19.2               
  986  986 A P        +     0   0  117      0, 0.0     2,-0.2     0, 0.0    -1,-0.1   0.819  42.6  23.7-130.2 174.2   55.1   22.1   17.7               
  987  987 A S        +     0   0  128      1,-0.1     0, 0.0     0, 0.0     0, 0.0  -0.544  35.0 108.6 153.4 174.4   55.5   18.3   17.2               
  988  988 A G        -     0   0   73     -2,-0.2    -1,-0.1     1,-0.0     0, 0.0   0.918  34.1-157.5 110.3  59.8   55.4   14.7   18.6               
  989  989 A S        +     0   0  118      2,-0.0     2,-0.2     1,-0.0    -1,-0.0  -0.127  14.3 170.5 -39.2 141.3   52.6   12.0   17.9               
  990  990 A R        -     0   0  255      2,-0.0    -1,-0.0     0, 0.0     0, 0.0  -0.752  10.6-166.1-158.0 129.1   51.8    9.0   20.0               
  991  991 A T        -     0   0  118     -2,-0.2     2,-0.1     1,-0.0    -2,-0.0  -0.755  25.1-119.6 -90.5 144.4   48.8    6.5   19.8               
  992  992 A P        -     0   0  131      0, 0.0     2,-0.5     0, 0.0    -1,-0.0  -0.469  41.1-124.4 -68.6 153.1   47.8    4.0   22.5               
  993  993 A K        -     0   0  186      1,-0.1     0, 0.0    -2,-0.1     0, 0.0  -0.951  23.0 -73.8-118.6 127.7   47.9    0.3   21.2               
  994  994 A R        -     0   0  196     -2,-0.5     2,-0.3     1,-0.1    -1,-0.1   0.736  18.4-154.2  52.5 110.8   45.7   -2.7   20.7               
  995  995 A S        -     0   0  123      2,-0.0     2,-0.3     0, 0.0    -1,-0.1  -0.785  17.2-158.8-110.7 162.4   44.1   -5.5   22.8               
  996  996 A R        +     0   0  189     -2,-0.3     2,-0.2     2,-0.0     0, 0.0  -0.817  26.5 124.8-149.4 106.8   43.3   -8.9   21.2               
  997  997 A R        +     0   0  242     -2,-0.3    -2,-0.0     0, 0.0     2,-0.0  -0.546  29.9  30.1 165.6 153.6   40.8  -11.7   22.3               
  998  998 A S        -     0   0   94     -2,-0.2    -2,-0.0     2,-0.0     0, 0.0   0.187  23.5-143.8-170.8 136.7   38.2  -13.5   21.4               
  999  999 A R        -     0   0  238      2,-0.0     0, 0.0    -2,-0.0     0, 0.0   0.902  29.8 -39.8  51.0 120.1   35.5  -15.6   19.8               
 1000 1000 A S        -     0   0  110      1,-0.1     2,-0.2     0, 0.0    -2,-0.0   0.959   6.6-167.5  77.3 130.0   32.0  -16.7   19.5               
 1001 1001 A R        +     0   0  246      2,-0.0    -1,-0.1     0, 0.0    -2,-0.0  -0.641  33.0 148.2-150.2 136.8   28.5  -17.7   19.9               
 1002 1002 A S        -     0   0  105     -2,-0.2     2,-0.2     2,-0.0     0, 0.0  -0.966  46.5-109.2-144.6 137.6   26.5  -19.1   17.0               
 1003 1003 A P        -     0   0  137      0, 0.0     2,-0.4     0, 0.0    -2,-0.0  -0.493  33.8-178.5 -73.6 133.7   23.7  -21.8   17.3               
 1004 1004 A K        -     0   0  202     -2,-0.2     2,-0.4     2,-0.0    -2,-0.0  -0.965   5.6-179.0-127.3 122.5   24.3  -25.4   16.0               
 1005 1005 A K        -     0   0  202     -2,-0.4     0, 0.0     0, 0.0     0, 0.0  -0.962  33.3-112.5-126.7  99.9   21.8  -28.2   16.1               
 1006 1006 A S        -     0   0  107     -2,-0.4     2,-0.2     1,-0.2    -2,-0.0   0.155  16.8-136.0  76.0  82.8   22.8  -31.2   14.8               
 1007 1007 A G        -     0   0   80      2,-0.0     2,-0.4     0, 0.0    -1,-0.2  -0.629   9.8-153.7 -85.1 151.3   21.8  -33.3   11.8               
 1008 1008 A K        -     0   0  215     -2,-0.2     2,-0.5     2,-0.1     0, 0.0  -0.957  18.3-131.5-116.2 143.3   21.2  -37.1   11.6               
 1009 1009 A K        +     0   0  214     -2,-0.4     2,-0.2     2,-0.0    -2,-0.0  -0.867  27.9 166.6 -95.4 128.6   21.7  -39.1    8.4               
 1010 1010 A S        -     0   0  116     -2,-0.5    -2,-0.1     0, 0.0     0, 0.0  -0.747  31.6-117.8-153.2 105.8   19.4  -41.6    6.7               
 1011 1011 A R        -     0   0  247     -2,-0.2     2,-0.2     1,-0.2    -2,-0.0   0.577  17.3 -97.4  89.0 110.3   19.8  -42.7    3.5               
 1012 1012 A S        +     0   0  114      2,-0.0     2,-0.3     0, 0.0    -1,-0.2  -0.452  27.8 166.2 -81.1 148.0   18.2  -42.8    0.1               
 1013 1013 A Q        -     0   0  202     -2,-0.2     2,-0.3     2,-0.0     0, 0.0  -0.905  16.4-157.0-152.1 143.9   16.2  -45.3   -1.9               
 1014 1014 A S        +     0   0  105     -2,-0.3     2,-0.2     2,-0.0    -2,-0.0  -0.821  21.4 145.4-105.7 149.4   14.2  -44.7   -5.1               
 1015 1015 A R        -     0   0  252     -2,-0.3    -2,-0.0     2,-0.0     0, 0.0  -0.589  18.4-165.3-174.1 140.2   11.2  -46.3   -6.9               
 1016 1016 A S        -     0   0  111     -2,-0.2     2,-0.2     0, 0.0    -2,-0.0  -0.756  18.4-133.0 -98.8 157.6    8.2  -45.3   -9.0               
 1017 1017 A P        -     0   0  129      0, 0.0     2,-0.2     0, 0.0    -2,-0.0  -0.695  27.3-143.0 -99.2 166.2    5.1  -47.3   -9.9               
 1018 1018 A H        +     0   0  184     -2,-0.2     0, 0.0     2,-0.0     0, 0.0  -0.702  24.0 142.3-116.8 172.9    3.7  -47.4  -13.6               
 1019 1019 A R        +     0   0  238     -2,-0.2     0, 0.0     0, 0.0     0, 0.0   0.445  19.8  30.2 100.2 143.2    0.6  -47.6  -15.9               
 1020 1020 A S        -     0   0   78      0, 0.0    -2,-0.0     0, 0.0     0, 0.0   0.427  25.0-107.8-172.3 150.1   -1.0  -46.8  -18.5               
 1021 1021 A H        +     0   0  181      1,-0.1     2,-0.0     0, 0.0     0, 0.0   0.367  23.0 111.5  70.7 157.0   -2.3  -45.9  -22.1               
 1022 1022 A K        -     0   0  205      0, 0.0    -1,-0.1     0, 0.0     2,-0.0   0.627  31.4-122.5-142.6 177.7   -3.4  -44.6  -24.8               
 1023 1023 A K        +     0   0  192      2,-0.0     0, 0.0    -2,-0.0     0, 0.0  -0.242  29.3 119.0 -75.1 170.1   -2.5  -43.3  -28.4               
 1024 1024 A S        +     0   0  113     -2,-0.0     2,-0.1     0, 0.0    -1,-0.0   0.799  15.3 174.1-167.0 179.5   -2.3  -41.1  -30.9               
 1025 1025 A K        +     0   0  191      0, 0.0     2,-0.3     0, 0.0    -2,-0.0  -0.677   5.8 166.4 156.5  73.8   -0.1  -39.4  -33.0               
 1026 1026 A K        -     0   0  208     -2,-0.1     2,-0.1     0, 0.0     0, 0.0  -0.923  17.5-161.2-148.4 131.0    0.4  -37.0  -36.1               
 1027 1027 A N        +     0   0  144     -2,-0.3     0, 0.0     1,-0.0     0, 0.0   0.182  10.9  92.9  59.9 135.0    2.9  -35.2  -37.5               
 1028 1028 A K              0   0  180     -2,-0.1    -1,-0.0     1,-0.0     0, 0.0   0.429 360.0 360.0-176.4 130.4    4.2  -33.0  -39.4               
 1029 1029 A H              0   0  252      0, 0.0    -1,-0.0     0, 0.0     0, 0.0  -0.903 360.0 360.0-150.3 360.0    5.7  -30.0  -41.2               
