==== Secondary Structure Definition by the program DSSP, CMBI version 2.0                          ==== DATE=2026-03-08        .
REFERENCE W. KABSCH AND C.SANDER, BIOPOLYMERS 22 (1983) 2577-2637                                                              .
HEADER                                            01-AUG-25                                                                    .
COMPND    MOL_ID: 1; MOLECULE: HISTONE-LYSINE N-METHYLTRANSFERASE SETD1A; CHAIN:                                               .
SOURCE    MOL_ID: 1; ORGANISM_SCIENTIFIC: HOMO SAPIENS; ORGANISM_TAXID: 9606                                                   .
AUTHOR                                                                                                                         .
 1707  1  0  0  0 TOTAL NUMBER OF RESIDUES, NUMBER OF CHAINS, NUMBER OF SS-BRIDGES(TOTAL,INTRACHAIN,INTERCHAIN)                .
195614.1   ACCESSIBLE SURFACE OF PROTEIN (ANGSTROM**2)                                                                         .
  457 26.8   TOTAL NUMBER OF HYDROGEN BONDS OF TYPE O(I)-->H-N(J)  , SAME NUMBER PER 100 RESIDUES                              .
    3  0.2   TOTAL NUMBER OF HYDROGEN BONDS IN     PARALLEL BRIDGES, SAME NUMBER PER 100 RESIDUES                              .
   66  3.9   TOTAL NUMBER OF HYDROGEN BONDS IN ANTIPARALLEL BRIDGES, SAME NUMBER PER 100 RESIDUES                              .
    1  0.1   TOTAL NUMBER OF HYDROGEN BONDS OF TYPE O(I)-->H-N(I-5), SAME NUMBER PER 100 RESIDUES                              .
    2  0.1   TOTAL NUMBER OF HYDROGEN BONDS OF TYPE O(I)-->H-N(I-4), SAME NUMBER PER 100 RESIDUES                              .
    4  0.2   TOTAL NUMBER OF HYDROGEN BONDS OF TYPE O(I)-->H-N(I-3), SAME NUMBER PER 100 RESIDUES                              .
    0  0.0   TOTAL NUMBER OF HYDROGEN BONDS OF TYPE O(I)-->H-N(I-2), SAME NUMBER PER 100 RESIDUES                              .
    1  0.1   TOTAL NUMBER OF HYDROGEN BONDS OF TYPE O(I)-->H-N(I-1), SAME NUMBER PER 100 RESIDUES                              .
    0  0.0   TOTAL NUMBER OF HYDROGEN BONDS OF TYPE O(I)-->H-N(I+0), SAME NUMBER PER 100 RESIDUES                              .
    0  0.0   TOTAL NUMBER OF HYDROGEN BONDS OF TYPE O(I)-->H-N(I+1), SAME NUMBER PER 100 RESIDUES                              .
  113  6.6   TOTAL NUMBER OF HYDROGEN BONDS OF TYPE O(I)-->H-N(I+2), SAME NUMBER PER 100 RESIDUES                              .
   68  4.0   TOTAL NUMBER OF HYDROGEN BONDS OF TYPE O(I)-->H-N(I+3), SAME NUMBER PER 100 RESIDUES                              .
  191 11.2   TOTAL NUMBER OF HYDROGEN BONDS OF TYPE O(I)-->H-N(I+4), SAME NUMBER PER 100 RESIDUES                              .
    3  0.2   TOTAL NUMBER OF HYDROGEN BONDS OF TYPE O(I)-->H-N(I+5), SAME NUMBER PER 100 RESIDUES                              .
  1  2  3  4  5  6  7  8  9 10 11 12 13 14 15 16 17 18 19 20 21 22 23 24 25 26 27 28 29 30     *** HISTOGRAMS OF ***           .
  0  0  0  3  0  1  0  1  0  1  2  2  1  1  0  1  1  0  0  0  0  1  0  0  0  0  0  0  0  1    RESIDUES PER ALPHA HELIX         .
  0  1  0  0  0  0  0  0  0  0  0  0  0  0  0  0  0  0  0  0  0  0  0  0  0  0  0  0  0  0    PARALLEL BRIDGES PER LADDER      .
  3  3  1  4  1  1  0  1  0  0  0  0  0  0  0  0  0  0  0  0  0  0  0  0  0  0  0  0  0  0    ANTIPARALLEL BRIDGES PER LADDER  .
  2  4  1  0  0  0  0  0  0  0  0  0  0  0  0  0  0  0  0  0  0  0  0  0  0  0  0  0  0  0    LADDERS PER SHEET                .
  #  RESIDUE AA STRUCTURE BP1 BP2  ACC     N-H-->O    O-->H-N    N-H-->O    O-->H-N    TCO  KAPPA ALPHA  PHI   PSI    X-CA   Y-CA   Z-CA            CHAIN
    1    1 A M              0   0  211      0, 0.0     2,-0.5     0, 0.0     0, 0.0   0.000 360.0 360.0 360.0  89.3   -5.7  -34.3   -5.0               
    2    2 A D        -     0   0  157      2,-0.0     2,-0.6     0, 0.0     0, 0.0  -0.963 360.0-173.6-116.1 115.7   -3.9  -36.0   -2.2               
    3    3 A Q        -     0   0  189     -2,-0.5     2,-0.3     2,-0.0     0, 0.0  -0.961  13.8-152.3-113.3 107.1   -2.8  -39.6   -2.6               
    4    4 A E        +     0   0  204     -2,-0.6    -2,-0.0     1,-0.1     0, 0.0  -0.604  32.6 156.2 -62.9 135.9   -1.3  -41.2    0.4               
    5    5 A G        -     0   0   77     -2,-0.3    -1,-0.1     2,-0.1    -2,-0.0   0.209  38.9-120.2-172.7  31.9    1.1  -43.8   -1.1               
    6    6 A G        +     0   0   85      1,-0.1     2,-0.2     0, 0.0    -2,-0.0   0.757  45.8 137.8  36.4 105.6    4.1  -45.1    1.0               
    7    7 A G        -     0   0   75      2,-0.0     2,-0.4     0, 0.0    -2,-0.1  -0.767  45.3-121.2-170.9 127.9    7.8  -44.8    0.1               
    8    8 A D        +     0   0  183     -2,-0.2     2,-0.1     2,-0.0     0, 0.0  -0.512  57.7 108.5 -70.5 123.4   10.9  -43.9    2.2               
    9    9 A G        -     0   0   69     -2,-0.4     3,-0.2     3,-0.0    -2,-0.0  -0.212  66.9 -41.7 163.3 112.6   12.9  -40.8    1.0               
   10   10 A Q        -     0   0  158      1,-0.2     2,-0.8    -2,-0.1    -2,-0.0   0.892  54.1-110.5  43.8 105.5   13.7  -37.2    1.9               
   11   11 A K        -     0   0  219      1,-0.1    -1,-0.2     3,-0.0     3,-0.1  -0.383  38.9-140.3 -59.6  97.6   11.1  -34.6    3.2               
   12   12 A A        -     0   0   80     -2,-0.8     2,-0.1    -3,-0.2    -1,-0.1  -0.264  29.1 -90.0 -59.6 147.7   10.9  -32.2    0.2               
   13   13 A P        -     0   0  102      0, 0.0     2,-1.7     0, 0.0    -1,-0.1  -0.413  46.2-107.2 -62.6 134.3   10.6  -28.4    1.1               
   14   14 A S        -     0   0  119     -2,-0.1     2,-1.4     1,-0.1    -3,-0.0  -0.445  32.4-159.0 -70.4  85.5    6.9  -27.4    1.5               
   15   15 A F        -     0   0  156     -2,-1.7     2,-1.4     1,-0.1    -1,-0.1  -0.536   4.6-157.0 -65.6  91.1    6.3  -25.4   -1.8               
   16   16 A Q        -     0   0  137     -2,-1.4    -1,-0.1     1,-0.0    -2,-0.0  -0.642  18.0-136.4 -71.3  89.6    3.2  -23.4   -0.7               
   17   17 A W        +     0   0  120     -2,-1.4     3,-0.1     1,-0.1    -1,-0.0  -0.285  29.3 176.0 -50.8 127.9    1.8  -22.6   -4.2               
   18   18 A R        +     0   0  183      1,-0.3     2,-0.4    -2,-0.0    -1,-0.1   0.722  56.6  38.9-113.4 -32.8    0.7  -18.9   -4.3               
   19   19 A N        +     0   0  108      2,-0.0    24,-2.7     0, 0.0     2,-0.3  -0.986  55.8 175.4-128.6 135.8   -0.4  -18.2   -7.9               
   20   20 A Y  E     -A   42   0A 133     -2,-0.4     2,-0.3    22,-0.2    22,-0.2  -0.945   7.2-167.5-132.1 156.3   -2.4  -20.2  -10.4               
   21   21 A K  E     -A   41   0A  90     20,-2.2    20,-2.9    -2,-0.3     2,-0.2  -0.936  22.7-128.4-145.5 120.1   -3.7  -19.4  -13.9               
   22   22 A L  E     +A   40   0A  67     -2,-0.3    18,-0.2    18,-0.2     3,-0.1  -0.494  26.5 176.9 -63.3 128.0   -6.2  -21.3  -16.1               
   23   23 A I  E     +     0   0A  75     16,-3.3     2,-0.4     1,-0.4    17,-0.2   0.789  67.8  20.1-100.5 -46.9   -4.6  -21.8  -19.6               
   24   24 A V  E     -A   39   0A  21     15,-1.2    15,-1.8    13,-0.0    -1,-0.4  -0.999  57.3-171.4-132.9 127.6   -7.4  -24.0  -21.2               
   25   25 A D    >>  -     0   0   23     -2,-0.4     3,-2.1    13,-0.2     4,-1.4  -0.969  13.2-156.0-115.3 111.5  -11.1  -24.4  -20.3               
   26   26 A P  T 34 S+     0   0   38      0, 0.0    -1,-0.1     0, 0.0     6,-0.1   0.769  94.3  60.4 -53.1 -28.7  -12.8  -27.2  -22.3               
   27   27 A A  T 34 S+     0   0   76      1,-0.2    11,-0.0     2,-0.1    -3,-0.0   0.566 110.7  38.9 -77.1 -11.0  -16.2  -25.4  -21.7               
   28   28 A L  T <4 S+     0   0  118     -3,-2.1    -1,-0.2     1,-0.1    48,-0.0   0.672 114.5  47.1-112.9 -26.2  -15.0  -22.2  -23.5               
   29   29 A D    ><  +     0   0   59     -4,-1.4     3,-1.7     1,-0.1    -1,-0.1  -0.666  52.2 167.3-123.8  77.6  -13.0  -23.4  -26.5               
   30   30 A P  T 3  S+     0   0   80      0, 0.0    -1,-0.1     0, 0.0    -3,-0.0   0.374  71.0  77.8 -73.4   5.7  -14.9  -26.2  -28.4               
   31   31 A A  T 3  S+     0   0   83      1,-0.1     2,-1.2     2,-0.0    -2,-0.0   0.762  75.4  86.1 -75.2 -26.3  -12.4  -25.8  -31.3               
   32   32 A L    <   -     0   0   65     -3,-1.7    -1,-0.1     1,-0.1    -3,-0.1  -0.593  66.7-168.4 -74.4  97.2  -10.0  -27.8  -29.1               
   33   33 A R  S    S+     0   0  240     -2,-1.2    -1,-0.1     1,-0.2     3,-0.0   0.337  74.6  37.8 -65.9   1.6  -11.0  -31.4  -30.1               
   34   34 A R  S    S+     0   0  229      1,-0.1     2,-0.9     3,-0.0    -1,-0.2   0.599  73.4 101.7-142.7 -13.9   -9.0  -33.0  -27.1               
   35   35 A P        +     0   0   19      0, 0.0    -1,-0.1     0, 0.0    -3,-0.1  -0.727  29.7 169.1 -81.2 109.0   -8.9  -31.3  -23.6               
   36   36 A S        +     0   0  119     -2,-0.9     2,-0.3     2,-0.0    -3,-0.0   0.660  67.1  49.0 -78.6 -19.2  -11.3  -33.1  -21.4               
   37   37 A Q  S    S-     0   0  120     -3,-0.1     2,-0.3   -11,-0.1    -3,-0.0  -0.840  92.5 -97.9-129.6 153.3   -9.9  -31.3  -18.4               
   38   38 A K        -     0   0   89     -2,-0.3     2,-0.4   -13,-0.1   -13,-0.2  -0.590  36.4-144.8 -72.4 128.0   -8.9  -27.7  -17.2               
   39   39 A V  E     -A   24   0A  36    -15,-1.8   -16,-3.3    -2,-0.3   -15,-1.2  -0.842  19.0-169.9-102.7 129.2   -5.2  -27.0  -17.7               
   40   40 A Y  E     -A   22   0A  78     -2,-0.4     7,-0.9     7,-0.2     2,-0.4  -0.938  20.1-147.3-125.7 138.2   -3.5  -24.7  -15.1               
   41   41 A R  E     -AB  21  46A  46    -20,-2.9   -20,-2.2    -2,-0.4     2,-0.4  -0.897  20.0-159.3 -93.5 132.6   -0.1  -22.9  -14.7               
   42   42 A Y  E >   -AB  20  45A  70      3,-2.5     3,-1.9    -2,-0.4   -22,-0.2  -0.964  67.5 -27.2-119.2 123.2    1.1  -22.7  -11.1               
   43   43 A D  T 3  S-     0   0   70    -24,-2.7   -23,-0.1    -2,-0.4     3,-0.1   0.630 124.9 -52.0  47.0  24.7    3.8  -20.0  -10.0               
   44   44 A G  T 3  S+     0   0   33      1,-0.4    -1,-0.3   -25,-0.2     2,-0.2  -0.054 117.5 111.2 102.1 -24.6    5.2  -20.0  -13.7               
   45   45 A V  E <   -B   42   0A  79     -3,-1.9    -3,-2.5    -4,-0.0     2,-0.6  -0.524  61.7-140.4 -75.0 135.2    5.6  -23.9  -13.8               
   46   46 A H  E     -B   41   0A 110     -2,-0.2     2,-1.1    -5,-0.2    -5,-0.2  -0.912   7.1-144.7 -88.1 121.3    3.3  -25.9  -16.1               
   47   47 A F        -     0   0   97     -7,-0.9     2,-1.0    -2,-0.6    -7,-0.2  -0.819  16.7-147.1 -72.3 105.0    2.1  -29.1  -14.6               
   48   48 A S        -     0   0   94     -2,-1.1     2,-0.6    -9,-0.1     3,-0.1  -0.750   5.5-143.7 -59.5 106.7    2.1  -31.3  -17.6               
   49   49 A V        -     0   0   87     -2,-1.0     3,-0.5     1,-0.1   -10,-0.0  -0.771  39.7-113.4 -58.2 119.9   -0.8  -33.5  -16.9               
   50   50 A N  S    S+     0   0  116     -2,-0.6    -1,-0.1     1,-0.2     3,-0.1  -0.077  89.2  41.3 -56.5 163.4    1.0  -36.4  -18.6               
   51   51 A D  S    S+     0   0  167      1,-0.1     2,-0.4    -3,-0.1    -1,-0.2   0.631  80.8 108.9  73.8  24.1   -0.2  -38.0  -21.8               
   52   52 A S        -     0   0   70     -3,-0.5     2,-2.4     2,-0.1    -1,-0.1  -0.978  65.7-131.0-132.7 130.9   -1.4  -35.0  -24.0               
   53   53 A K        +     0   0  216     -2,-0.4     2,-0.9    -3,-0.1    -3,-0.0  -0.299  43.0 160.7 -74.9  55.8    0.5  -33.8  -27.1               
   54   54 A Y        -     0   0  109     -2,-2.4    -2,-0.1     3,-0.0     3,-0.0  -0.745  29.9-150.3 -83.8 107.6    0.6  -30.0  -26.3               
   55   55 A I        -     0   0  139     -2,-0.9     2,-0.2     1,-0.1    -2,-0.0  -0.528  38.7 -96.8 -58.9 135.2    3.2  -28.1  -28.2               
   56   56 A P        -     0   0  100      0, 0.0     2,-1.8     0, 0.0     3,-0.2  -0.430  31.7-128.3 -55.6 125.0    4.5  -25.2  -26.1               
   57   57 A V        +     0   0  105      1,-0.2     3,-0.2    -2,-0.2    -3,-0.0  -0.613  37.5 171.9 -78.7  82.5    2.5  -22.1  -27.2               
   58   58 A E  S    S+     0   0  178     -2,-1.8     2,-1.0     1,-0.2    -1,-0.2   0.924  72.4  51.6 -62.6 -43.0    5.7  -19.9  -27.7               
   59   59 A D  S    S-     0   0  137     -3,-0.2     2,-2.2     1,-0.0    -1,-0.2  -0.740  78.1-163.6 -95.4  90.7    3.5  -17.1  -29.3               
   60   60 A L        -     0   0   87     -2,-1.0    -2,-0.1    -3,-0.2  1435,-0.1  -0.453  20.5-171.0 -76.5  72.3    0.8  -16.6  -26.7               
   61   61 A Q        -     0   0  118     -2,-2.2    -4,-0.0     1,-0.1     5,-0.0  -0.080  32.9 -87.8 -60.1 159.2   -1.6  -14.6  -29.1               
   62   62 A D    >>  -     0   0   59      1,-0.1     3,-2.6     2,-0.0     4,-0.6  -0.612  31.7-134.1 -69.1 127.0   -4.8  -12.8  -28.0               
   63   63 A P  H 3> S+     0   0   97      0, 0.0     4,-0.7     0, 0.0    -1,-0.1   0.678 104.8  65.3 -61.1 -13.9   -7.7  -15.3  -28.1               
   64   64 A R  H 34 S+     0   0  205      1,-0.2    -2,-0.0     2,-0.1    -3,-0.0   0.537  94.6  60.3 -80.5  -8.4   -9.8  -12.6  -29.9               
   65   65 A C  H <4 S+     0   0   98     -3,-2.6    -1,-0.2     1,-0.1     3,-0.1   0.830 108.0  37.3 -88.0 -36.3   -7.4  -12.8  -33.0               
   66   66 A H  H  < S+     0   0  150     -4,-0.6     2,-1.2     1,-0.2    -2,-0.1   0.658  96.4  83.7 -93.4 -16.1   -7.8  -16.4  -34.1               
   67   67 A V     <  +     0   0   84     -4,-0.7     2,-1.6     1,-0.1    -1,-0.2  -0.513  34.1 153.8 -99.3  71.1  -11.6  -16.9  -33.4               
   68   68 A R        -     0   0  248     -2,-1.2    -1,-0.1    -3,-0.1     2,-0.1  -0.495  40.0-172.5 -76.0  57.3  -13.4  -15.6  -36.5               
   69   69 A S        -     0   0   67     -2,-1.6     2,-0.5     1,-0.1    -2,-0.1  -0.343  32.5-121.0 -57.4 132.6  -16.0  -18.1  -35.3               
   70   70 A K        -     0   0  197      1,-0.1     2,-1.6    -2,-0.1    -1,-0.1  -0.703  49.9-102.6 -57.6 122.4  -19.0  -18.8  -37.4               
   71   71 A N        +     0   0  144     -2,-0.5     2,-0.6     2,-0.1    -1,-0.1  -0.462  49.2 173.0 -62.2  89.3  -21.7  -17.7  -34.8               
   72   72 A R        -     0   0  193     -2,-1.6     2,-1.4     2,-0.0    -3,-0.0  -0.911  48.0-112.0 -75.5 127.0  -23.0  -20.9  -33.4               
   73   73 A D        -     0   0  151     -2,-0.6     2,-1.6     1,-0.1    -2,-0.1  -0.524  31.2-155.7 -67.7  91.4  -25.1  -19.4  -30.7               
   74   74 A F        -     0   0  129     -2,-1.4     2,-2.3     1,-0.1    -1,-0.1  -0.621   2.2-157.0 -70.2  91.4  -23.2  -20.6  -27.6               
   75   75 A S        -     0   0  113     -2,-1.6    -1,-0.1     2,-0.0    -2,-0.1  -0.549   9.6-166.3 -66.2  74.5  -26.0  -20.6  -25.0               
   76   76 A L        -     0   0  108     -2,-2.3     2,-1.2     1,-0.1   -48,-0.0  -0.502  45.5 -91.4 -47.5 134.9  -23.6  -20.3  -22.1               
   77   77 A P        -     0   0  122      0, 0.0    -1,-0.1     0, 0.0     3,-0.1  -0.477  45.7-138.5 -63.8  95.6  -26.0  -21.1  -19.2               
   78   78 A V        -     0   0  119     -2,-1.2    -3,-0.0     1,-0.1     0, 0.0  -0.444  27.3-108.4 -56.6 119.4  -27.1  -17.5  -18.4               
   79   79 A P        -     0   0   77      0, 0.0     2,-2.4     0, 0.0    -1,-0.1  -0.300  20.5-124.2 -54.9 130.3  -27.2  -17.4  -14.6               
   80   80 A K        -     0   0  170     -3,-0.1     2,-0.2     3,-0.0    -2,-0.0  -0.550  36.1-158.4 -70.7  73.5  -30.7  -17.2  -13.3               
   81   81 A F        -     0   0  152     -2,-2.4     2,-0.2     1,-0.1    -3,-0.0  -0.445  13.9-127.4 -53.5 117.6  -29.9  -14.0  -11.4               
   82   82 A K        -     0   0  187     -2,-0.2     2,-1.4     1,-0.1    -1,-0.1  -0.582  24.5-115.1 -63.2 134.5  -32.4  -13.6   -8.6               
   83   83 A L        +     0   0   90     -2,-0.2     2,-0.1     4,-0.0    -1,-0.1  -0.700  51.9 172.5 -75.6  89.1  -33.9  -10.1   -8.9               
   84   84 A D    >   -     0   0   88     -2,-1.4     3,-1.2     1,-0.0    -3,-0.0  -0.264  50.8 -91.5 -85.7-179.7  -32.5   -8.8   -5.6               
   85   85 A E  T 3  S+     0   0   62      1,-0.2  1199,-0.3    -2,-0.1  1198,-0.1   0.860 124.2  58.9 -63.8 -31.8  -32.7   -5.2   -4.3               
   86   86 A F  T 3   +     0   0  149   1197,-0.1     2,-1.2     2,-0.1    -1,-0.2   0.307  69.6 132.8 -83.2   6.0  -29.3   -4.4   -5.9               
   87   87 A Y    <   -     0   0   93     -3,-1.2     2,-1.6     1,-0.1     4,-0.1  -0.435  38.1-168.0 -69.1  96.4  -30.4   -5.3   -9.5               
   88   88 A I        +     0   0  181     -2,-1.2     2,-0.3     2,-0.1    -1,-0.1  -0.152  56.8  83.5 -79.2  42.3  -29.1   -2.3  -11.6               
   89   89 A G  S    S-     0   0   36     -2,-1.6     2,-0.8     3,-0.0    -2,-0.0  -0.854  94.7 -73.8-136.4 171.4  -31.2   -3.3  -14.7               
   90   90 A Q        -     0   0  188     -2,-0.3    -2,-0.1     1,-0.1     3,-0.0  -0.637  55.4-126.0 -69.5 110.5  -34.7   -3.0  -16.3               
   91   91 A I        -     0   0   66     -2,-0.8     2,-0.3    -4,-0.1    -1,-0.1  -0.418  25.7-118.2 -61.4 121.5  -36.7   -5.5  -14.2               
   92   92 A P        -     0   0   43      0, 0.0     2,-2.5     0, 0.0     3,-0.3  -0.489  19.0-123.5 -70.7 128.1  -38.4   -8.0  -16.6               
   93   93 A L        +     0   0   55     -2,-0.3    56,-0.2     1,-0.2    55,-0.1  -0.365  68.5 128.2 -72.1  65.9  -42.3   -7.8  -16.4               
   94   94 A K        +     0   0   62     -2,-2.5    48,-2.2    54,-0.1     2,-0.4   0.567  43.6  91.9 -96.3 -17.1  -42.7  -11.5  -15.6               
   95   95 A E  E     -C  141   0B  34     -3,-0.3    75,-1.7    46,-0.2     2,-0.5  -0.745  50.8-172.9 -94.3 126.1  -45.0  -11.1  -12.4               
   96   96 A V  E     -CD 140 169B   0     44,-2.9    44,-2.1    -2,-0.4     2,-0.5  -0.980   8.9-155.9-115.6 123.1  -48.8  -11.1  -12.7               
   97   97 A T  E     -CD 139 168B   0     71,-2.4    71,-2.3    -2,-0.5     2,-0.4  -0.856   8.2-159.1 -93.9 130.9  -51.0  -10.3   -9.6               
   98   98 A F  E     -CD 138 167B   0     40,-2.7    40,-2.1    -2,-0.5     2,-0.3  -0.905  10.3-176.4-104.7 139.9  -54.5  -11.6   -9.6               
   99   99 A A  E     + D   0 166B   0     67,-2.6    67,-2.7    -2,-0.4    38,-0.2  -0.920  60.3  30.8-131.5 160.1  -57.3  -10.1   -7.4               
  100  100 A R  S    S+     0   0   66     90,-0.4    37,-0.2    36,-0.3    36,-0.1   0.592  76.4 164.7  63.8  19.1  -61.0  -11.0   -6.7               
  101  101 A L        -     0   0    1     35,-2.2     2,-0.3    65,-0.1    -1,-0.2  -0.247  41.9-109.4 -56.3 146.5  -60.3  -14.8   -7.3               
  102  102 A N    >   -     0   0   31     58,-0.2     3,-2.6    61,-0.1    -1,-0.1  -0.653  23.1-120.4 -78.0 140.0  -63.0  -17.3   -6.1               
  103  103 A D  T 3  S+     0   0  102      1,-0.3    -1,-0.1    -2,-0.3    31,-0.1   0.578 110.7  68.5 -59.9 -12.7  -61.9  -19.4   -3.0               
  104  104 A N  T 3  S+     0   0  115     57,-0.1     2,-0.6     2,-0.1    -1,-0.3   0.555  75.7 105.6 -79.1 -11.7  -62.5  -22.6   -5.1               
  105  105 A V    <   -     0   0    5     -3,-2.6     2,-0.2    55,-0.1    31,-0.1  -0.632  53.9-169.5 -75.4 118.4  -59.4  -21.6   -7.2               
  106  106 A R     >  -     0   0  191     -2,-0.6     4,-2.3     1,-0.1     5,-0.2  -0.684  37.4-103.7-100.9 162.5  -56.3  -23.8   -6.3               
  107  107 A E  H  > S+     0   0   97     -2,-0.2     4,-2.9     1,-0.2     5,-0.2   0.890 121.0  52.6 -52.0 -45.6  -52.7  -23.4   -7.4               
  108  108 A T  H  > S+     0   0   94      2,-0.2     4,-2.7     1,-0.2     5,-0.2   0.930 110.1  46.8 -58.0 -49.8  -53.1  -26.2  -10.0               
  109  109 A F  H  > S+     0   0   93      2,-0.2     4,-1.8     1,-0.2    -1,-0.2   0.895 115.0  46.7 -61.5 -41.8  -56.2  -24.7  -11.7               
  110  110 A L  H  X S+     0   0    0     -4,-2.3     4,-2.3     2,-0.2    -2,-0.2   0.922 112.6  50.5 -67.5 -41.0  -54.5  -21.2  -11.8               
  111  111 A K  H  X S+     0   0   65     -4,-2.9     4,-2.6    -5,-0.2    -2,-0.2   0.931 113.5  44.5 -60.6 -46.9  -51.3  -22.7  -13.2               
  112  112 A D  H  < S+     0   0   77     -4,-2.7     4,-0.4     2,-0.2    -1,-0.2   0.760 112.2  52.2 -76.5 -23.9  -53.2  -24.6  -16.0               
  113  113 A M  H >< S+     0   0   25     -4,-1.8     3,-0.6    -5,-0.2    -1,-0.2   0.917 116.5  40.7 -68.1 -43.4  -55.3  -21.5  -16.7               
  114  114 A C  H >X S+     0   0    0     -4,-2.3     3,-2.4     1,-0.2     4,-1.2   0.840  98.7  74.5 -74.7 -33.4  -52.1  -19.4  -17.1               
  115  115 A R  T 3< S+     0   0  157     -4,-2.6    -1,-0.2     1,-0.3    -3,-0.1   0.696  85.6  68.3 -53.5 -24.3  -50.1  -22.2  -19.0               
  116  116 A K  T <4 S+     0   0  168     -3,-0.6    -1,-0.3    -4,-0.4    -2,-0.1   0.631 107.4  35.7 -70.2 -19.5  -52.2  -21.4  -22.1               
  117  117 A Y  T <4 S-     0   0   60     -3,-2.4     2,-0.3     1,-0.4    33,-0.2   0.571 132.7 -25.7-111.9 -20.8  -50.5  -17.9  -22.5               
  118  118 A G  S  < S-     0   0   18     -4,-1.2    -1,-0.4    29,-0.1     2,-0.2  -0.931  76.5 -69.9-179.9 165.4  -47.0  -18.8  -21.4               
  119  119 A E        -     0   0  134     -2,-0.3    24,-2.1    -3,-0.1     2,-0.6  -0.482  48.5-138.2 -68.8 133.3  -44.8  -21.2  -19.3               
  120  120 A V  E     -E  142   0B  18     22,-0.3    22,-0.3    -2,-0.2     3,-0.1  -0.882  22.7-179.5-108.0 117.1  -45.3  -20.6  -15.6               
  121  121 A E  E    S+     0   0B  84     20,-2.0     2,-0.3    -2,-0.6    21,-0.2   0.895  71.7   5.2 -82.2 -43.0  -42.2  -20.7  -13.2               
  122  122 A E  E     -E  141   0B  81     19,-1.2    19,-2.7     2,-0.0     2,-0.3  -0.990  54.9-170.0-145.2 146.9  -44.1  -20.0   -9.9               
  123  123 A V  E     +E  140   0B  10     -2,-0.3     2,-0.4    17,-0.2    17,-0.2  -0.990  10.7 177.2-136.0 132.6  -47.7  -19.8   -8.6               
  124  124 A E  E     -E  139   0B  81     15,-2.6    15,-2.7    -2,-0.3     2,-0.5  -1.000  14.7-156.8-137.6 133.4  -48.6  -18.6   -5.0               
  125  125 A I  E     -E  138   0B  32     -2,-0.4     2,-0.3    13,-0.2    13,-0.2  -0.949  24.3-126.6-114.1 123.2  -52.1  -18.1   -3.5               
  126  126 A L  E     -     0   0B  21     11,-2.3     9,-2.2    -2,-0.5    11,-0.5  -0.525  24.2-164.7 -82.1 128.8  -52.3  -15.7   -0.6               
  127  127 A L  E     -E  134   0B  82     -2,-0.3     7,-0.2     7,-0.2     5,-0.1  -0.881  31.3-102.0-114.1 139.4  -54.0  -17.0    2.6               
  128  128 A H    >>  -     0   0   39      5,-3.2     4,-2.4    -2,-0.4     3,-1.3  -0.444  32.6-134.8 -64.5 123.3  -55.2  -14.9    5.6               
  129  129 A P  T 34 S+     0   0   73      0, 0.0    -1,-0.1     0, 0.0    -2,-0.0   0.807  98.5  35.6 -58.7 -39.5  -52.5  -15.2    8.3               
  130  130 A R  T 34 S+     0   0  230      1,-0.1    -2,-0.1     3,-0.0    -3,-0.0   0.624 130.3  28.7 -84.3 -18.7  -54.9  -15.8   11.3               
  131  131 A T  T <4 S-     0   0   77     -3,-1.3    -1,-0.1     2,-0.2     3,-0.1   0.467  86.9-133.3-125.0  -8.0  -57.7  -17.9    9.5               
  132  132 A R     <  +     0   0  199     -4,-2.4     2,-0.2     1,-0.2     3,-0.1   0.568  58.8 143.2  52.6  16.3  -56.0  -19.8    6.6               
  133  133 A K        -     0   0  148     -5,-0.3    -5,-3.2     1,-0.1    -1,-0.2  -0.553  60.9 -95.7 -78.3 147.8  -58.9  -18.6    4.3               
  134  134 A H  E     - E   0 127B  22     -7,-0.2    -7,-0.2    -2,-0.2   -31,-0.1  -0.333  26.0-155.9 -57.8 136.1  -58.3  -17.6    0.7               
  135  135 A L  E     -     0   0B   4     -9,-2.2   -35,-0.3     2,-0.3    -1,-0.1   0.352  39.4-113.3 -95.2   1.5  -57.8  -13.8    0.2               
  136  136 A G  E    S+     0   0B   0    -10,-0.2   -35,-2.2     1,-0.2     2,-0.4   0.613  85.1 114.7  70.0  12.0  -58.9  -13.7   -3.5               
  137  137 A L  E     +     0   0B   1    -11,-0.5   -11,-2.3   -38,-0.2    -2,-0.3  -0.929  38.5 168.3-118.2 138.7  -55.2  -12.7   -4.2               
  138  138 A A  E     -CE  98 125B   0    -40,-2.1   -40,-2.7    -2,-0.4     2,-0.4  -0.995  24.8-141.3-147.7 153.1  -52.5  -14.7   -6.1               
  139  139 A R  E     -CE  97 124B  40    -15,-2.7   -15,-2.6    -2,-0.3     2,-0.4  -0.919  17.8-174.9-106.6 135.6  -49.0  -14.2   -7.6               
  140  140 A V  E     -CE  96 123B   0    -44,-2.1   -44,-2.9    -2,-0.4     2,-0.5  -0.987   6.3-162.2-132.0 124.3  -48.0  -15.9  -11.0               
  141  141 A L  E     -CE  95 122B  37    -19,-2.7   -20,-2.0    -2,-0.4   -19,-1.2  -0.917   7.2-156.7-105.4 130.3  -44.5  -15.7  -12.4               
  142  142 A F  E     - E   0 120B   1    -48,-2.2   -22,-0.3    -2,-0.5     6,-0.1  -0.851  22.1-136.3-103.3 142.1  -43.9  -16.5  -16.1               
  143  143 A T  S    S+     0   0   42    -24,-2.1     2,-0.4    -2,-0.4   -23,-0.1   0.840  97.1  47.3 -62.5 -26.9  -40.5  -17.7  -17.6               
  144  144 A S  S >> S-     0   0   57    -25,-0.5     4,-1.5   -50,-0.1     3,-0.8  -0.954  73.9-141.2-121.4 133.5  -41.3  -15.1  -20.4               
  145  145 A T  H 3> S+     0   0   47     -2,-0.4     4,-1.7     1,-0.2     5,-0.1   0.732 106.1  62.5 -54.4 -27.0  -42.4  -11.4  -20.2               
  146  146 A R  H 3> S+     0   0  172      2,-0.2     4,-2.7     1,-0.1    -1,-0.2   0.924 100.1  51.1 -67.1 -43.0  -44.6  -12.3  -23.3               
  147  147 A G  H <> S+     0   0    3     -3,-0.8     4,-2.6     2,-0.2    -2,-0.2   0.903 109.0  50.4 -65.2 -40.4  -46.7  -14.9  -21.3               
  148  148 A A  H  X S+     0   0    0     -4,-1.5     4,-2.3     2,-0.2    -1,-0.2   0.931 113.3  46.6 -60.0 -45.5  -47.3  -12.3  -18.4               
  149  149 A K  H  X S+     0   0  114     -4,-1.7     4,-2.4     2,-0.2    -2,-0.2   0.910 114.1  46.1 -65.1 -44.4  -48.5   -9.7  -21.0               
  150  150 A E  H  X S+     0   0   60     -4,-2.7     4,-1.9   -33,-0.2    -2,-0.2   0.905 111.8  53.3 -67.4 -37.4  -50.8  -12.2  -22.9               
  151  151 A T  H  X S+     0   0    0     -4,-2.6     4,-2.1    -5,-0.2     5,-0.3   0.944 112.3  43.4 -59.4 -50.8  -52.2  -13.5  -19.6               
  152  152 A V  H  X S+     0   0   25     -4,-2.3     4,-1.9     1,-0.2    15,-0.2   0.940 114.2  51.3 -63.0 -44.6  -53.1  -10.0  -18.4               
  153  153 A K  H  < S+     0   0  177     -4,-2.4    -1,-0.2     1,-0.2    -2,-0.2   0.818 120.2  34.0 -59.0 -35.8  -54.6   -9.1  -21.9               
  154  154 A N  H  < S+     0   0   71     -4,-1.9    -1,-0.2    -3,-0.1    -2,-0.2   0.637 125.2  36.9-100.3 -19.9  -56.8  -12.3  -22.0               
  155  155 A L  H >< S+     0   0    9     -4,-2.1     3,-2.0    -5,-0.2    10,-0.2   0.614  81.0 112.2-109.9 -18.6  -57.8  -12.8  -18.3               
  156  156 A H  T 3< S+     0   0   78     -4,-1.9    10,-0.2    -5,-0.3     3,-0.1  -0.407  97.0   1.0 -59.9 126.3  -58.3   -9.1  -17.0               
  157  157 A L  T 3  S+     0   0  107      8,-2.1    -1,-0.3     1,-0.2     2,-0.1   0.560  99.5 138.7  62.4  17.4  -62.0   -8.6  -16.2               
  158  158 A T    <   -     0   0   43     -3,-2.0     7,-2.5     7,-0.3     2,-0.7  -0.498  59.7-113.7 -76.2 154.1  -62.9  -12.2  -17.3               
  159  159 A S  E     +F  164   0C  84      5,-0.2     2,-0.5    -2,-0.1     5,-0.2  -0.844  37.2 179.0 -87.7 118.2  -65.4  -14.3  -15.2               
  160  160 A V  E >  S-F  163   0C  14      3,-2.8     3,-1.6    -2,-0.7   -58,-0.2  -0.987  73.5 -16.5-122.6 119.8  -63.6  -17.2  -13.5               
  161  161 A M  T 3  S-     0   0  109     -2,-0.5    -1,-0.1     1,-0.3   -57,-0.1   0.853 128.9 -55.0  51.2  38.4  -65.8  -19.5  -11.3               
  162  162 A G  T 3  S+     0   0   63      1,-0.2     2,-0.3   -60,-0.1    -1,-0.3   0.048 117.9 106.5  85.5 -20.4  -68.5  -16.8  -11.2               
  163  163 A N  E <  S-F  160   0C  28     -3,-1.6    -3,-2.8     1,-0.0     2,-0.8  -0.672  73.7-125.1 -87.1 141.3  -66.1  -14.0   -9.9               
  164  164 A I  E     -F  159   0C  95     -2,-0.3    -5,-0.2    -5,-0.2     2,-0.2  -0.769  36.8-148.7 -81.0 109.0  -64.9  -11.1  -12.2               
  165  165 A I        -     0   0    1     -7,-2.5    -8,-2.1    -2,-0.8     2,-0.6  -0.521   8.7-146.5 -84.5 146.1  -61.1  -11.4  -11.8               
  166  166 A H  E     -D   99   0B  12    -67,-2.7   -67,-2.6   -10,-0.2     2,-0.4  -0.955  18.7-178.4-111.7 113.2  -58.6   -8.6  -12.0               
  167  167 A A  E     +D   98   0B   0     -2,-0.6     2,-0.3   -69,-0.2   -69,-0.2  -0.924   9.2 162.9-105.7 137.1  -55.2   -9.5  -13.5               
  168  168 A Q  E     -D   97   0B  47    -71,-2.3   -71,-2.4    -2,-0.4     2,-0.3  -0.990  45.9-103.1-143.0 156.8  -52.3   -6.9  -13.7               
  169  169 A L  E     -D   96   0B  51     -2,-0.3     2,-0.3   -73,-0.2   -73,-0.2  -0.646  42.4-171.2 -67.0 133.1  -48.6   -6.7  -14.2               
  170  170 A D    >   -     0   0    5    -75,-1.7     3,-1.8    -2,-0.3     2,-0.2  -0.803  12.9-149.2-142.2  87.7  -47.3   -6.0  -10.7               
  171  171 A I  G >  S-     0   0   87     -2,-0.3     3,-1.3     1,-0.3     4,-0.1  -0.454  87.7  -6.5 -66.4 127.6  -43.6   -5.1  -10.4               
  172  172 A K  G 3  S-     0   0   91      1,-0.2    -1,-0.3    -2,-0.2     0, 0.0   0.543 115.8 -87.3  56.1  10.6  -42.2   -6.3   -7.0               
  173  173 A G  G <> S+     0   0    0     -3,-1.8     4,-2.2   -78,-0.1    -1,-0.2   0.771  79.8 151.3  68.4  24.8  -45.9   -7.1   -6.1               
  174  174 A Q  H <> S+     0   0  131     -3,-1.3     4,-2.2     1,-0.2     5,-0.1   0.893  72.3  44.3 -59.3 -42.8  -46.7   -3.6   -4.8               
  175  175 A Q  H  > S+     0   0   59      2,-0.2     4,-2.7     1,-0.2    -1,-0.2   0.892 109.8  57.0 -73.6 -33.7  -50.4   -3.7   -5.7               
  176  176 A R  H  > S+     0   0   28      2,-0.2     4,-2.5     1,-0.2    -2,-0.2   0.926 109.3  46.1 -55.7 -46.6  -50.7   -7.3   -4.3               
  177  177 A M  H  X S+     0   0   96     -4,-2.2     4,-2.9     2,-0.2     5,-0.2   0.935 111.7  51.0 -64.0 -43.5  -49.4   -5.9   -0.9               
  178  178 A K  H  X S+     0   0   61     -4,-2.2     4,-1.7     1,-0.2    -2,-0.2   0.886 114.0  44.6 -60.8 -39.5  -51.8   -2.9   -1.1               
  179  179 A Y  H  X S+     0   0    5     -4,-2.7     4,-1.2     2,-0.2    -1,-0.2   0.889 112.8  52.2 -69.4 -38.7  -54.7   -5.3   -1.8               
  180  180 A Y  H >X S+     0   0   62     -4,-2.5     4,-2.9    -5,-0.2     3,-0.6   0.952 110.3  47.0 -63.2 -50.1  -53.5   -7.7    1.0               
  181  181 A E  H 3X S+     0   0   83     -4,-2.9     4,-2.6     1,-0.2     6,-0.3   0.924 110.3  53.6 -55.5 -47.7  -53.3   -4.8    3.7               
  182  182 A L  H 3< S+     0   0   29     -4,-1.7     6,-1.8    -5,-0.2     5,-0.4   0.760 116.6  37.9 -62.8 -27.4  -56.8   -3.6    2.7               
  183  183 A I  H X< S+     0   0   13     -4,-1.2     3,-1.4    -3,-0.6    -2,-0.2   0.858 116.5  48.8 -90.5 -42.8  -58.3   -7.1    3.2               
  184  184 A V  H 3< S+     0   0   43     -4,-2.9    -2,-0.2     1,-0.3    -3,-0.2   0.860 108.8  54.6 -69.5 -31.7  -56.3   -8.2    6.3               
  185  185 A N  T 3< S-     0   0  118     -4,-2.6    -1,-0.3    -5,-0.3    -2,-0.1   0.401 114.3-121.9 -76.9   1.3  -57.1   -4.8    8.0               
  186  186 A G  S <  S+     0   0   63     -3,-1.4    -3,-0.2     2,-0.2    -2,-0.1   0.447  80.0 121.5  73.0   2.3  -60.8   -5.6    7.4               
  187  187 A S  S    S+     0   0   78     -5,-0.4     2,-0.3    -6,-0.3    -4,-0.2   0.772  81.3   9.9 -67.3 -29.8  -61.3   -2.3    5.4               
  188  188 A Y  S    S-     0   0   59     -6,-1.8    -2,-0.2    -9,-0.1    -1,-0.1  -0.959  73.8-121.8-142.1 161.6  -62.5   -4.3    2.3               
  189  189 A T     >  -     0   0   73     -2,-0.3     4,-1.6     1,-0.1     3,-0.2  -0.665  40.7 -98.7 -93.6 163.7  -63.4   -7.9    1.3               
  190  190 A P  T  4 S+     0   0   33      0, 0.0   -90,-0.4     0, 0.0   -55,-0.1   0.767 128.0  40.0 -48.6 -30.3  -61.7  -10.0   -1.4               
  191  191 A Q  T  4 S+     0   0  125      1,-0.1   -27,-0.1   -92,-0.1   -92,-0.0   0.791 116.9  46.9 -90.7 -32.7  -64.6   -9.0   -3.8               
  192  192 A T  T  4 S+     0   0   82     -3,-0.2    -1,-0.1     2,-0.1     3,-0.0   0.495  77.0 125.9 -92.6  -4.0  -65.0   -5.3   -2.7               
  193  193 A V  S  < S-     0   0    0     -4,-1.6     2,-1.2     1,-0.1   -14,-0.1  -0.288  72.4-110.9 -55.4 131.8  -61.2   -4.4   -2.8               
  194  194 A P        +     0   0   22      0, 0.0    -1,-0.1     0, 0.0    -2,-0.1  -0.556  41.9 172.1 -78.1  97.3  -60.8   -1.3   -5.0               
  195  195 A T        +     0   0   22     -2,-1.2     2,-0.5     4,-0.0    -2,-0.1  -0.036  44.3 107.5 -89.5  24.2  -58.9   -2.6   -8.2               
  196  196 A G     >  -     0   0   34      1,-0.1     4,-1.1     0, 0.0     3,-0.3  -0.948  67.4-139.9-116.7 120.3  -59.3    0.8  -10.1               
  197  197 A G  T  4 S+     0   0   77     -2,-0.5    -1,-0.1     1,-0.2     4,-0.1   0.633 100.4  47.8 -57.1 -21.1  -56.3    3.1  -10.6               
  198  198 A K  T >> S+     0   0  180      2,-0.1     3,-1.9     1,-0.1     4,-1.3   0.941 108.2  51.7 -80.8 -48.7  -58.4    6.3   -9.9               
  199  199 A A  H 3> S+     0   0   52     -3,-0.3     4,-0.6     1,-0.3    -2,-0.2   0.632 104.8  58.6 -66.8 -17.2  -60.1    5.2   -6.7               
  200  200 A L  H 3< S+     0   0   22     -4,-1.1    -1,-0.3     2,-0.1    -2,-0.1   0.416 106.6  47.3 -93.5  -0.9  -56.8    4.2   -5.1               
  201  201 A S  H X> S+     0   0   52     -3,-1.9     3,-2.3     2,-0.1     4,-0.8   0.831 106.8  51.5 -95.8 -58.0  -55.2    7.7   -5.4               
  202  202 A E  H >< S+     0   0  141     -4,-1.3     3,-0.8     1,-0.3    -2,-0.1   0.809 104.9  57.5 -52.4 -38.7  -58.0   10.0   -4.1               
  203  203 A K  T 3< S+     0   0  154     -4,-0.6    -1,-0.3     1,-0.2     3,-0.1   0.485 113.3  38.5 -80.3  -2.5  -58.5    8.0   -0.8               
  204  204 A F  T <4 S+     0   0  169     -3,-2.3    -1,-0.2     1,-0.1    -2,-0.2   0.308 115.9  53.2-118.0   0.7  -54.8    8.5    0.2               
  205  205 A Q  S << S+     0   0  152     -4,-0.8    -2,-0.1    -3,-0.8     3,-0.1  -0.519  92.3  87.5-124.2  56.3  -54.5   12.1   -1.1               
  206  206 A G        +     0   0   67     -3,-0.1    -1,-0.1     1,-0.1     3,-0.1   0.056  50.0  82.1-160.8  36.8  -57.6   13.4    0.9               
  207  207 A S  S    S+     0   0  128     -3,-0.1    -1,-0.1     1,-0.1    -4,-0.0  -0.376  81.3  60.0-143.3  64.3  -57.3   14.8    4.5               
  208  208 A G  S    S-     0   0   80     -3,-0.1     2,-0.4     0, 0.0    -1,-0.1  -0.106  80.5-176.9-175.9  51.4  -56.1   18.4    4.3               
  209  209 A A        -     0   0   95      1,-0.2    -3,-0.0    -3,-0.1     0, 0.0  -0.631  15.5 -42.0 -94.4 135.8  -58.8   20.2    2.3               
  210  210 A A        +     0   0   98     -2,-0.4     2,-0.2     2,-0.1    -1,-0.2   0.722  35.8 162.8  58.1  87.3  -59.8   23.4    0.8               
  211  211 A T        +     0   0  142      1,-0.2    -1,-0.1     0, 0.0     2,-0.0  -0.864  49.1  40.5-149.5 146.9  -60.0   27.1    1.5               
  212  212 A E        -     0   0  189     -2,-0.2     2,-0.4     2,-0.0    -1,-0.2   0.593  59.6-144.2-124.7 175.7  -60.3   29.7   -0.4               
  213  213 A T        -     0   0  134      1,-0.2     0, 0.0    -3,-0.1     0, 0.0  -0.802  25.3 -59.8-104.2 136.3  -62.7   30.4   -3.4               
  214  214 A A        -     0   0   98     -2,-0.4     2,-0.4     1,-0.1    -1,-0.2   0.811  19.4-159.8  49.5 116.8  -62.9   32.1   -6.7               
  215  215 A E        -     0   0  181      1,-0.0    -1,-0.1     0, 0.0     0, 0.0  -0.966  44.7 -54.4-128.9 129.8  -62.8   35.3   -8.5               
  216  216 A S        -     0   0   95     -2,-0.4     2,-0.1     1,-0.2    -1,-0.0   0.460  25.8-135.8  35.0  97.2  -64.2   36.1  -11.9               
  217  217 A R        +     0   0  238      0, 0.0    -1,-0.2     0, 0.0     2,-0.1  -0.220  27.4 166.2  51.7  89.0  -64.3   35.3  -15.1               
  218  218 A R        -     0   0  217      1,-0.1     0, 0.0    -2,-0.1     0, 0.0  -0.352  20.2 -36.4-170.3 119.8  -64.1   37.8  -18.1               
  219  219 A R        -     0   0  209     -2,-0.1    -1,-0.1     0, 0.0     2,-0.1   0.851  20.4-118.5  68.6 133.7  -63.5   37.8  -21.8               
  220  220 A S        +     0   0  110      0, 0.0     2,-0.0     0, 0.0     0, 0.0   0.319  12.1 147.4  73.6 126.8  -62.7   37.5  -25.0               
  221  221 A S        +     0   0   92     -2,-0.1     0, 0.0     0, 0.0     0, 0.0   0.620  21.4  62.4-131.1-163.0  -61.7   38.0  -28.0               
  222  222 A S        +     0   0  109     -2,-0.0     0, 0.0     0, 0.0     0, 0.0   0.702  54.6  10.1-178.2 155.1  -60.4   38.0  -31.1               
  223  223 A D        -     0   0  113      0, 0.0     0, 0.0     0, 0.0     0, 0.0   0.563  33.1 -87.8-166.7 156.2  -61.4   36.5  -33.8               
  224  224 A T        -     0   0  131      0, 0.0     0, 0.0     0, 0.0     0, 0.0   0.727   9.6-172.9  60.7 154.5  -62.9   34.5  -36.8               
  225  225 A A        -     0   0   84      2,-0.0     0, 0.0     0, 0.0     0, 0.0   0.864  22.4-130.4-169.8-167.0  -63.8   32.2  -38.9               
  226  226 A A        -     0   0   87      0, 0.0     0, 0.0     0, 0.0     0, 0.0   0.989  33.5-169.9  76.1  83.0  -65.1   29.9  -41.8               
  227  227 A Y        -     0   0  214      0, 0.0    -2,-0.0     0, 0.0     0, 0.0   0.272   3.5-125.2  43.8 146.3  -66.9   27.1  -41.6               
  228  228 A P        -     0   0  115      0, 0.0     0, 0.0     0, 0.0     0, 0.0   0.813   4.4 -89.7-146.3-149.0  -68.1   24.5  -43.1               
  229  229 A A        +     0   0  102      0, 0.0     0, 0.0     0, 0.0     0, 0.0   0.646  37.0  94.0  85.3 131.5  -69.9   21.4  -44.8               
  230  230 A G        -     0   0   69      0, 0.0     0, 0.0     0, 0.0     0, 0.0   0.833  46.6 -63.9-163.6-174.7  -70.9   18.5  -44.5               
  231  231 A T        -     0   0  122      0, 0.0     0, 0.0     0, 0.0     0, 0.0   0.749  42.4 -11.7-164.5 146.3  -73.3   16.3  -43.7               
  232  232 A T        +     0   0  135      0, 0.0     0, 0.0     0, 0.0     0, 0.0   0.706  38.3  49.5  62.0 146.6  -75.9   14.6  -41.3               
  233  233 A A        -     0   0   81      0, 0.0     0, 0.0     0, 0.0     0, 0.0   0.632  35.3 -46.5-166.8 152.5  -77.3   13.8  -38.5               
  234  234 A V        +     0   0  153      0, 0.0     0, 0.0     0, 0.0     0, 0.0   0.833  37.3  89.8  61.2 134.2  -79.1   13.7  -35.0               
  235  235 A G        -     0   0   65      2,-0.0     0, 0.0     0, 0.0     0, 0.0   0.876  43.4 -94.4 172.3 165.9  -79.3   14.6  -31.9               
  236  236 A T        +     0   0  134      1,-0.1     2,-0.2     0, 0.0     0, 0.0   0.730  27.6 160.6-154.2 138.5  -80.2   16.6  -29.4               
  237  237 A P        -     0   0  131      0, 0.0     2,-0.2     0, 0.0    -1,-0.1  -0.584  11.5-161.3-110.2 171.2  -79.1   19.7  -27.3               
  238  238 A G        -     0   0   69     -2,-0.2     2,-0.0     2,-0.0     0, 0.0  -0.664   0.5-138.7 160.1 168.0  -80.2   22.5  -25.0               
  239  239 A N        +     0   0  173     -2,-0.2     2,-0.0     0, 0.0     0, 0.0   0.340  16.2  54.4 175.0 142.4  -80.0   25.4  -23.4               
  240  240 A G        +     0   0   70     -2,-0.0    -2,-0.0     1,-0.0     0, 0.0  -0.036  23.9  85.5  80.7 166.4  -80.2   28.3  -20.7               
  241  241 A T        -     0   0  135      1,-0.1     2,-0.0    -2,-0.0    -1,-0.0   0.771  14.6-178.0-152.1 147.3  -79.8   30.0  -18.1               
  242  242 A P        +     0   0  107      0, 0.0    -1,-0.1     0, 0.0     0, 0.0  -0.089  28.1 106.1 -86.5-166.5  -77.6   32.5  -16.1               
  243  243 A C        -     0   0  126     -2,-0.0     2,-0.0     0, 0.0     0, 0.0   0.247  27.3 -93.3  75.4 165.0  -77.9   34.4  -12.7               
  244  244 A S        -     0   0   77      0, 0.0     0, 0.0     0, 0.0     0, 0.0   0.127  28.2  -5.6-176.1 137.0  -77.4   35.1   -9.6               
  245  245 A Q        +     0   0  162     -2,-0.0     0, 0.0     0, 0.0     0, 0.0   0.271  35.9 136.7  59.0-176.6  -77.0   35.8   -5.8               
  246  246 A D        +     0   0  138      0, 0.0     0, 0.0     0, 0.0     0, 0.0   0.941  19.6 170.3  54.6 127.5  -79.0   34.8   -2.7               
  247  247 A T        +     0   0  112      0, 0.0     0, 0.0     0, 0.0     0, 0.0   0.871  12.3 152.1-170.0-175.3  -78.5   33.8    0.3               
  248  248 A S        -     0   0   85      0, 0.0     0, 0.0     0, 0.0     0, 0.0   0.948  16.6-109.3  77.9 100.1  -79.1   32.8    3.8               
  249  249 A F        +     0   0  191      0, 0.0     0, 0.0     0, 0.0     0, 0.0   0.958  18.3 144.0  75.8 143.8  -78.7   31.2    6.9               
  250  250 A S        -     0   0  100      0, 0.0     0, 0.0     0, 0.0     0, 0.0   0.979  10.6-165.6  78.7 104.4  -79.5   28.9    9.8               
  251  251 A S        +     0   0  106      0, 0.0     0, 0.0     0, 0.0     0, 0.0   0.993   8.7 164.5  89.4 161.4  -78.9   26.8   12.2               
  252  252 A S        -     0   0   99      0, 0.0     2,-0.1     0, 0.0     0, 0.0   0.758  13.8-159.7  74.6 111.0  -80.3   24.2   14.7               
  253  253 A R        +     0   0  215      0, 0.0     0, 0.0     0, 0.0     0, 0.0   0.420  31.9 119.9  61.4 142.1  -79.4   21.8   16.7               
  254  254 A Q        +     0   0  148     -2,-0.1     0, 0.0     0, 0.0     0, 0.0   0.678  18.1  64.4  71.0 133.6  -81.5   18.9   18.1               
  255  255 A D        +     0   0  142      1,-0.2     0, 0.0     0, 0.0     0, 0.0   0.663  22.1 164.0-153.7 152.9  -82.4   15.9   18.7               
  256  256 A T        +     0   0  130      1,-0.0    -1,-0.2     0, 0.0     2,-0.0  -0.520  23.2  60.5 -82.5 176.0  -81.7   12.5   20.2               
  257  257 A P        -     0   0  110      0, 0.0    -1,-0.0     0, 0.0     0, 0.0   0.674  27.1 -32.8-138.7-159.5  -83.0    9.6   21.1               
  258  258 A S        -     0   0  111     -2,-0.0     0, 0.0     2,-0.0     0, 0.0   0.747   2.2-173.8  78.9 142.8  -84.6    6.1   21.5               
  259  259 A S        -     0   0   99      0, 0.0     0, 0.0     0, 0.0     0, 0.0   0.680  16.2 -88.6 178.6 166.0  -86.2    3.3   21.6               
  260  260 A F        +     0   0  181      0, 0.0    -2,-0.0     0, 0.0     0, 0.0   0.777  29.9 121.4  86.5 143.3  -87.5   -0.2   22.5               
  261  261 A G        -     0   0   62      0, 0.0     0, 0.0     0, 0.0     0, 0.0   0.811  36.5-165.6 111.9  60.7  -87.6   -4.1   22.4               
  262  262 A Q        +     0   0  140      2,-0.0     2,-0.1     0, 0.0     0, 0.0   0.265  21.7 150.6  53.9 109.7  -87.3   -6.2   25.2               
  263  263 A F        +     0   0  197      0, 0.0     0, 0.0     0, 0.0     0, 0.0  -0.172  18.4 168.4 179.7 152.5  -86.7   -9.5   26.6               
  264  264 A T        +     0   0  127     -2,-0.1     2,-0.0     0, 0.0    -2,-0.0  -0.510  13.7 166.1-109.8 176.6  -85.3  -11.3   29.7               
  265  265 A P        -     0   0  100      0, 0.0     0, 0.0     0, 0.0     0, 0.0   0.266  22.7 -31.9-153.5-175.4  -84.5  -13.5   32.0               
  266  266 A Q        +     0   0  170     -2,-0.0     0, 0.0     0, 0.0     0, 0.0   0.998  34.7  54.5  84.3 116.3  -82.7  -15.1   35.0               
  267  267 A S        +     0   0  109      0, 0.0     0, 0.0     0, 0.0     0, 0.0   0.853  32.4   7.2  71.8 142.9  -79.9  -15.9   37.5               
  268  268 A S        -     0   0  100      0, 0.0     0, 0.0     0, 0.0     0, 0.0   0.367  26.2-111.1-170.5 138.3  -77.7  -15.5   39.6               
  269  269 A Q        +     0   0  203      1,-0.0     0, 0.0     0, 0.0     0, 0.0   0.715  31.5 135.1  65.8 144.6  -75.2  -14.2   42.3               
  270  270 A G        +     0   0   80      0, 0.0    -1,-0.0     0, 0.0     0, 0.0   0.527  37.7 168.8 151.8  29.5  -71.3  -13.5   42.7               
  271  271 A T        +     0   0  136      2,-0.0     2,-0.1     0, 0.0     0, 0.0  -0.472  17.5 148.3 -69.3 159.5  -70.3  -10.1   44.3               
  272  272 A P        -     0   0  114      0, 0.0     2,-0.1     0, 0.0     0, 0.0   0.052  25.4 -75.2-144.7-162.4  -68.2   -8.1   45.5               
  273  273 A Y        +     0   0  207     -2,-0.1     2,-0.2     0, 0.0    -2,-0.0  -0.358  25.6  20.5-143.6 -81.1  -67.2   -5.0   46.0               
  274  274 A T        +     0   0   99      1,-0.1     0, 0.0    -2,-0.1     0, 0.0  -0.938  25.1  41.9-165.6 160.7  -65.8   -1.4   45.7               
  275  275 A S        -     0   0   96     -2,-0.2    -1,-0.1     1,-0.0     0, 0.0   0.798  20.1-176.5-153.2 143.6  -64.7    1.6   45.0               
  276  276 A R        +     0   0  245      0, 0.0    -2,-0.0     0, 0.0    -1,-0.0   0.325   5.9 176.3  47.1 130.3  -64.7    4.7   43.2               
  277  277 A G        -     0   0   73      2,-0.0     0, 0.0     0, 0.0     0, 0.0   0.768  19.5 -90.2-178.7-162.2  -63.8    7.6   42.3               
  278  278 A S        +     0   0  120      1,-0.2     0, 0.0     0, 0.0     0, 0.0   0.622  16.7 173.7-170.9 148.1  -64.1   10.2   40.4               
  279  279 A T        +     0   0  128      0, 0.0    -1,-0.2     0, 0.0    -2,-0.0  -0.213  14.2 158.0 -57.1 169.2  -64.1   13.0   37.7               
  280  280 A P        -     0   0  115      0, 0.0     0, 0.0     0, 0.0     0, 0.0   0.225  15.1 -98.1-157.4-173.7  -65.2   15.8   36.5               
  281  281 A Y        -     0   0  215     -2,-0.0     0, 0.0     0, 0.0     0, 0.0   0.868  20.8 -55.9  56.6 121.1  -65.4   19.0   34.5               
  282  282 A S        +     0   0   84      0, 0.0     0, 0.0     0, 0.0     0, 0.0   0.756  16.3 146.6  95.6 153.7  -65.2   22.5   33.7               
  283  283 A Q        -     0   0  166      0, 0.0     0, 0.0     0, 0.0     0, 0.0   0.995  29.5 -92.7  77.2  99.9  -65.4   26.3   33.3               
  284  284 A D        -     0   0  133      0, 0.0     0, 0.0     0, 0.0     0, 0.0   0.504  31.7 -64.0  55.4  95.2  -64.0   29.4   32.5               
  285  285 A S        +     0   0  114      0, 0.0     0, 0.0     0, 0.0     0, 0.0   0.784  39.8  84.8  81.2 153.9  -62.3   32.5   33.4               
  286  286 A A        +     0   0   92      0, 0.0     0, 0.0     0, 0.0     0, 0.0   0.839  42.5  45.9  71.9 137.7  -61.7   35.8   35.1               
  287  287 A Y        -     0   0  207      1,-0.0     0, 0.0     0, 0.0     0, 0.0   0.952  34.8-155.6  64.4  86.4  -60.5   37.8   38.0               
  288  288 A S        +     0   0   99      0, 0.0     2,-0.0     0, 0.0    -1,-0.0   0.185  13.9 176.6  19.4 131.6  -57.9   38.1   40.4               
  289  289 A S        +     0   0   96      1,-0.1     0, 0.0     2,-0.0     0, 0.0   0.085   8.5  15.0 174.9 148.6  -57.4   39.3   43.6               
  290  290 A S        +     0   0  104     -2,-0.0    -1,-0.1     0, 0.0     0, 0.0   0.799  25.5  55.6  73.5 144.4  -55.5   40.0   46.8               
  291  291 A T        -     0   0  116      0, 0.0    -2,-0.0     0, 0.0     0, 0.0   0.785  25.8 -25.5-167.2 174.6  -53.3   40.5   49.0               
  292  292 A T        +     0   0  126      0, 0.0     0, 0.0     0, 0.0     0, 0.0   0.639  46.0  42.7  83.9 134.9  -50.5   41.3   51.5               
  293  293 A S        +     0   0  101      0, 0.0     0, 0.0     0, 0.0     0, 0.0   0.729  46.0  62.0-170.7 155.2  -47.4   42.3   52.1               
  294  294 A T        -     0   0  114      0, 0.0     0, 0.0     0, 0.0     0, 0.0   0.908  43.5 -81.4-164.4-167.7  -44.8   44.5   51.4               
  295  295 A S        -     0   0   98      0, 0.0     0, 0.0     0, 0.0     0, 0.0   0.234  37.3-112.8-164.0  95.2  -42.8   47.2   51.0               
  296  296 A F        -     0   0  180      1,-0.0     0, 0.0     0, 0.0     0, 0.0   0.953  11.6-164.7  64.6 124.9  -42.4   50.0   48.4               
  297  297 A K        -     0   0   94      0, 0.0    -1,-0.0     0, 0.0     0, 0.0   0.865  31.1-151.4 -80.9 -58.0  -40.0   51.6   45.7               
  298  298 A P        -     0   0   78      0, 0.0     0, 0.0     0, 0.0     0, 0.0   0.658  12.6 -13.1-102.0-175.1  -40.5   54.9   44.3               
  299  299 A R        -     0   0  218      0, 0.0     0, 0.0     0, 0.0     0, 0.0   0.903  16.4-133.7-154.3-176.4  -40.3   57.5   42.0               
  300  300 A R        +     0   0  200    659,-0.0     2,-0.1     0, 0.0   659,-0.0  -0.027  13.9 176.3 -54.8 150.9  -39.6   59.8   38.8               
  301  301 A S        -     0   0   87      2,-0.0     0, 0.0     0, 0.0     0, 0.0  -0.422  10.6-155.4-179.6 124.1  -38.7   63.4   37.7               
  302  302 A E        +     0   0  155     -2,-0.1     0, 0.0     0, 0.0     0, 0.0   0.769  18.4 135.4  90.0 145.9  -37.8   65.3   34.8               
  303  303 A N        -     0   0  158      0, 0.0     2,-0.1     0, 0.0    -2,-0.0   0.545  18.9-150.1  72.8 135.7  -36.1   68.3   33.0               
  304  304 A S        +     0   0  103      0, 0.0     2,-0.0     0, 0.0     0, 0.0   0.617  16.1 152.4 100.7 155.0  -34.3   69.5   30.5               
  305  305 A Y        -     0   0  201     -2,-0.1     2,-0.1     0, 0.0     0, 0.0   0.386  21.9-136.7  73.2 131.9  -31.7   72.3   29.3               
  306  306 A Q        +     0   0  159     -2,-0.0     0, 0.0     0, 0.0     0, 0.0   0.414  31.4 114.1  83.9 139.3  -29.2   72.9   27.2               
  307  307 A D        -     0   0  137     -2,-0.1     2,-0.0     0, 0.0     0, 0.0   0.816  26.2-151.7  58.1 125.1  -25.7   74.6   27.0               
  308  308 A A        +     0   0   75      0, 0.0     0, 0.0     0, 0.0     0, 0.0   0.834  18.3 155.2  88.2 163.0  -22.4   74.3   26.5               
  309  309 A F        +     0   0  158     -2,-0.0     0, 0.0     0, 0.0     0, 0.0   0.417  24.5  85.3  68.3 145.5  -19.1   76.1   27.5               
  310  310 A S        +     0   0  106      1,-0.0     0, 0.0     0, 0.0     0, 0.0   0.378  35.4 179.0-132.4 124.0  -16.0   76.0   28.0               
  311  311 A R        -     0   0  176      0, 0.0     2,-0.2     0, 0.0    -1,-0.0   0.209  14.4-175.6  17.1 127.7  -13.3   76.5   25.6               
  312  312 A R        -     0   0  254      0, 0.0     2,-0.3     0, 0.0     0, 0.0  -0.817  22.8-163.8-143.4 144.2   -9.7   76.6   25.6               
  313  313 A H        -     0   0  122     -2,-0.2     0, 0.0     2,-0.0     0, 0.0  -0.807  28.7-178.3-101.5 148.9   -8.0   77.4   22.2               
  314  314 A F        -     0   0  219     -2,-0.3    -1,-0.0     0, 0.0     0, 0.0  -0.543  37.9-171.5-139.4  82.7   -4.7   77.2   20.6               
  315  315 A S        +     0   0   90      2,-0.0    -2,-0.0     0, 0.0     0, 0.0   0.208  10.6 126.6  -7.5 150.6   -5.3   78.8   17.2               
  316  316 A A        +     0   0   92      0, 0.0     0, 0.0     0, 0.0     0, 0.0   0.776  19.8   5.3  77.7 144.0   -3.7   79.3   14.0               
  317  317 A S        +     0   0  114      1,-0.1     2,-0.2     0, 0.0    -2,-0.0   0.672   3.6 172.4-155.9 161.3   -2.9   79.4   11.0               
  318  318 A S        +     0   0  116      0, 0.0     2,-0.2     0, 0.0    -1,-0.1  -0.491  19.6 173.6 -65.2 143.0   -3.3   79.0    7.2               
  319  319 A A        +     0   0  103     -2,-0.2     2,-0.2     2,-0.0     0, 0.0  -0.811   1.3 175.1-151.6 121.2   -0.8   80.3    4.6               
  320  320 A S        +     0   0  113     -2,-0.2     2,-0.1     2,-0.0     0, 0.0  -0.594  10.1 154.5 -81.7 166.0   -0.8   79.7    0.8               
  321  321 A T        -     0   0  138     -2,-0.2     2,-0.0     0, 0.0    -2,-0.0  -0.319  21.9-148.0 171.9 148.0    1.5   81.1   -1.8               
  322  322 A T        +     0   0  124     -2,-0.1    -2,-0.0     0, 0.0     0, 0.0  -0.135  27.6 115.5 -73.5 177.4    2.9   80.5   -5.3               
  323  323 A A        +     0   0   88     -2,-0.0     0, 0.0     0, 0.0     0, 0.0   0.532  15.1  95.9  79.2 148.2    6.1   81.2   -7.3               
  324  324 A S        +     0   0  106      0, 0.0     0, 0.0     0, 0.0     0, 0.0   0.787   3.6 148.3-162.1 177.5    8.8   80.8   -8.9               
  325  325 A T        +     0   0  133      0, 0.0     0, 0.0     0, 0.0     0, 0.0   0.152  16.3 158.4 -12.6 150.7   11.7   80.3  -11.4               
  326  326 A A        -     0   0   73      0, 0.0     0, 0.0     0, 0.0     0, 0.0   0.523  12.1 -98.5-177.7 170.5   14.8   80.7  -12.3               
  327  327 A I        +     0   0  170      0, 0.0     0, 0.0     0, 0.0     0, 0.0   0.800  17.1 104.9  26.6 154.7   18.3   80.2  -14.0               
  328  328 A A        +     0   0   82      0, 0.0     0, 0.0     0, 0.0     0, 0.0   0.762   4.1 155.0-169.0 159.4   21.4   79.5  -14.8               
  329  329 A A        -     0   0   90      0, 0.0     0, 0.0     0, 0.0     0, 0.0   0.530   8.5-167.5  60.4 173.1   24.7   78.1  -16.2               
  330  330 A T        -     0   0  118      0, 0.0     0, 0.0     0, 0.0     0, 0.0   0.567  15.9-148.0-153.0 130.4   27.8   77.9  -17.0               
  331  331 A T        +     0   0  125      0, 0.0     0, 0.0     0, 0.0     0, 0.0   0.876  15.9 140.7  47.6 149.2   30.3   75.8  -19.0               
  332  332 A A        +     0   0   96      0, 0.0     0, 0.0     0, 0.0     0, 0.0   0.698   9.6  71.6  80.2 145.4   33.8   74.3  -19.6               
  333  333 A A        -     0   0   76      0, 0.0     0, 0.0     0, 0.0     0, 0.0   0.661  17.1-124.0-170.0 161.5   36.1   72.3  -20.3               
  334  334 A T        +     0   0  140      0, 0.0     0, 0.0     0, 0.0     0, 0.0   0.859  12.0 163.8  53.9 146.3   38.9   70.0  -21.8               
  335  335 A A        -     0   0   75      0, 0.0     0, 0.0     0, 0.0     0, 0.0   0.832  11.3-136.1-173.9 174.8   40.7   67.4  -22.4               
  336  336 A S        +     0   0  115      0, 0.0     0, 0.0     0, 0.0     0, 0.0   0.681  17.9  76.1  67.1 147.8   43.1   64.5  -23.4               
  337  337 A S        -     0   0   99      0, 0.0     0, 0.0     0, 0.0     0, 0.0   0.588  19.8-104.4-172.7 150.9   44.3   61.6  -24.1               
  338  338 A S        +     0   0  113      0, 0.0     0, 0.0     0, 0.0     0, 0.0   0.860  18.3 114.4  55.1 145.5   45.4   58.2  -25.5               
  339  339 A A        -     0   0   89      0, 0.0     0, 0.0     0, 0.0     0, 0.0   0.910  33.5 -41.3-164.6 179.1   45.7   54.9  -25.9               
  340  340 A S        -     0   0  104      0, 0.0     0, 0.0     0, 0.0     0, 0.0   0.749  33.5 -89.8-156.8 158.8   45.4   52.0  -27.5               
  341  341 A S        +     0   0  109      0, 0.0     0, 0.0     0, 0.0     0, 0.0   0.635  35.7  98.4  20.3 142.4   43.6   49.3  -29.7               
  342  342 A S        +     0   0  101      0, 0.0     0, 0.0     0, 0.0     0, 0.0   0.721  36.4 148.3-164.4 125.6   41.8   46.8  -30.6               
  343  343 A S        +     0   0  102      0, 0.0     0, 0.0     0, 0.0     0, 0.0   0.751  21.0 174.6  77.6 143.3   38.6   46.1  -31.9               
  344  344 A L        -     0   0  159      2,-0.0     0, 0.0     0, 0.0     0, 0.0   0.922  29.6 -35.4-172.2 169.3   35.6   45.1  -33.3               
  345  345 A S        +     0   0   93      1,-0.1     0, 0.0     2,-0.0     0, 0.0   0.606  24.1 170.5-158.9 133.7   32.3   45.0  -33.9               
  346  346 A S        -     0   0  100      1,-0.0    -1,-0.1     0, 0.0    -2,-0.0   0.307  11.8-129.8  -3.3 164.9   28.6   45.3  -33.0               
  347  347 A S        +     0   0   97      0, 0.0    -1,-0.0     0, 0.0    -2,-0.0   0.821  21.0  72.6 176.8 170.9   25.4   45.4  -33.7               
  348  348 A S        +     0   0  101      0, 0.0     2,-0.0     0, 0.0     0, 0.0   0.859   9.9 170.5  44.5 142.0   21.6   46.4  -33.9               
  349  349 A S        +     0   0  123      0, 0.0     2,-0.2     0, 0.0     0, 0.0   0.064   0.7 172.6 173.6 178.9   18.8   48.1  -34.6               
  350  350 A S        +     0   0  110     -2,-0.0     2,-0.1     0, 0.0     0, 0.0  -0.715   3.0 163.7-115.9 161.5   15.0   48.8  -34.8               
  351  351 A S        -     0   0  120     -2,-0.2     0, 0.0     2,-0.0     0, 0.0  -0.547  15.2-126.3 174.4 160.5   11.9   50.9  -35.5               
  352  352 A S        +     0   0  109     -2,-0.1     0, 0.0     0, 0.0     0, 0.0   0.098  16.4 158.6 -51.5 158.9    8.1   51.3  -36.2               
  353  353 A S        -     0   0  103      0, 0.0    -2,-0.0     0, 0.0     0, 0.0   0.350  11.9 -17.3 167.7 171.7    5.3   52.2  -37.8               
  354  354 A S        -     0   0  101      0, 0.0     0, 0.0     0, 0.0     0, 0.0   0.993  26.7-112.4  81.1  96.8    1.8   53.0  -39.4               
  355  355 A S        -     0   0  110      0, 0.0     0, 0.0     0, 0.0     0, 0.0   0.802  25.6  -2.6  62.0 119.9   -1.6   52.1  -40.3               
  356  356 A S        +     0   0  113      1,-0.1     2,-0.2     0, 0.0     0, 0.0   0.904   7.5 166.8  65.3 114.1   -4.6   51.3  -42.3               
  357  357 A S        -     0   0  128      2,-0.0     2,-0.1     0, 0.0    -1,-0.1  -0.619  24.0-155.6-163.1 143.9   -6.8   50.7  -45.2               
  358  358 A Q        +     0   0  167     -2,-0.2     2,-0.2     0, 0.0     0, 0.0  -0.296  18.1 166.6 -61.6 153.6  -10.3   49.2  -45.5               
  359  359 A F        -     0   0  182     -2,-0.1     2,-0.1     2,-0.0    -2,-0.0  -0.684  23.3-139.4-159.1 174.2  -12.5   47.6  -47.6               
  360  360 A R        +     0   0  207     -2,-0.2     0, 0.0     2,-0.0     0, 0.0  -0.280  23.8 131.1 -95.3 173.3  -15.8   45.7  -47.0               
  361  361 A S        +     0   0  110     -2,-0.1    -2,-0.0     0, 0.0     2,-0.0   0.623  15.6 153.0  97.7 142.2  -18.3   42.9  -47.6               
  362  362 A S        +     0   0   94      2,-0.0    -2,-0.0     0, 0.0     0, 0.0   0.742  21.6 165.1-176.4 171.0  -20.3   40.7  -46.5               
  363  363 A D        +     0   0  147      1,-0.0     2,-0.1    -2,-0.0     0, 0.0   0.938  17.2 179.5  58.1 101.8  -23.1   38.0  -45.8               
  364  364 A A        -     0   0   99      0, 0.0     2,-0.2     0, 0.0    -1,-0.0  -0.082  12.0-160.8  74.4 111.2  -23.6   35.5  -43.7               
  365  365 A N        -     0   0  170     -2,-0.1     0, 0.0     0, 0.0     0, 0.0  -0.886  23.7-121.4-151.0 177.6  -26.1   33.0  -42.9               
  366  366 A Y        -     0   0  175     -2,-0.2     2,-0.2     1,-0.1     0, 0.0  -0.606  16.9-134.3-114.1 156.7  -26.6   30.9  -39.7               
  367  367 A P        -     0   0  102      0, 0.0     2,-0.2     0, 0.0    -1,-0.1  -0.523   9.7-135.1-107.9 172.0  -26.7   27.1  -38.6               
  368  368 A A        -     0   0  100     -2,-0.2     2,-0.1     2,-0.0     0, 0.0  -0.944  18.9 -98.3-156.0 167.7  -28.6   24.5  -36.6               
  369  369 A Y        +     0   0  214     -2,-0.2     2,-0.3     0, 0.0     0, 0.0  -0.279  30.8 121.1 177.2  99.9  -28.3   21.9  -34.4               
  370  370 A Y        +     0   0  161     -2,-0.1    -2,-0.0     1,-0.1     0, 0.0  -0.974  44.1  33.6-164.7 169.5  -28.2   18.3  -33.0               
  371  371 A E        +     0   0  128     -2,-0.3     2,-0.7     1,-0.2    -1,-0.1   0.854  28.3 171.1  51.7  79.2  -26.4   15.4  -31.2               
  372  372 A S        +     0   0  101      1,-0.1    -1,-0.2     0, 0.0     0, 0.0  -0.948  42.9 101.4 -84.0 115.5  -24.2   15.7  -28.2               
  373  373 A W        +     0   0  177     -2,-0.7    -1,-0.1   937,-0.1     3,-0.0   0.093  35.5  87.9 175.7  99.0  -23.5   12.2  -26.9               
  374  374 A N        +     0   0  107    935,-0.0     3,-0.1   933,-0.0    -1,-0.0  -0.193  49.1 101.4-168.6  81.0  -20.5    9.8  -27.3               
  375  375 A R        +     0   0  235      1,-0.1     2,-0.1     0, 0.0    -1,-0.0   0.011  54.2  84.5-152.8  46.5  -17.6   10.2  -24.8               
  376  376 A Y        +     0   0  212    932,-0.1     2,-0.2     2,-0.0    -1,-0.1  -0.530  53.6 104.8-143.1  81.4  -17.7    7.4  -22.1               
  377  377 A Q  S    S-     0   0   84     -3,-0.1   930,-0.1   930,-0.1    -1,-0.0  -0.733  76.8 -50.0-152.2 114.7  -16.0    4.2  -23.1               
  378  378 A R        +     0   0  123     -2,-0.2    -2,-0.0     1,-0.1     2,-0.0   0.781  40.1 165.7  46.1  89.7  -12.6    2.8  -21.9               
  379  379 A H        +     0   0  173      2,-0.0     2,-1.3     1,-0.0    -1,-0.1  -0.510  26.2 142.2-115.0  64.2   -9.2    4.6  -21.9               
  380  380 A T        +     0   0  129      2,-0.0     2,-0.3    -2,-0.0    -2,-0.0  -0.687  49.2 111.0 -81.4  70.2   -7.4    2.1  -19.7               
  381  381 A S  S    S-     0   0   71     -2,-1.3    -2,-0.0     3,-0.0     0, 0.0  -0.971  75.1 -94.3-152.2 138.3   -4.5    2.8  -22.0               
  382  382 A Y        -     0   0  219     -2,-0.3     3,-0.0     1,-0.1    -2,-0.0   0.013  48.7 -92.6 -43.2 148.0   -1.1    4.6  -21.7               
  383  383 A P        -     0   0  113      0, 0.0     2,-0.2     0, 0.0    -1,-0.1  -0.522  55.3-108.1 -59.2 125.8   -0.6    8.3  -22.7               
  384  384 A P        -     0   0  122      0, 0.0     2,-1.3     0, 0.0    -3,-0.0  -0.406  30.7-112.8 -64.5 130.1    0.5    8.0  -26.4               
  385  385 A R        -     0   0  209     -2,-0.2     2,-1.2     1,-0.1    -3,-0.0  -0.489  25.2-157.4 -64.3  95.6    4.2    8.8  -26.8               
  386  386 A R        -     0   0  231     -2,-1.3     2,-1.6     1,-0.1    -1,-0.1  -0.676   7.8-155.6 -65.3  98.6    4.3   12.1  -28.8               
  387  387 A A        -     0   0   96     -2,-1.2     2,-1.2     2,-0.1    -1,-0.1  -0.677   9.7-164.8 -74.5  81.4    7.8   11.7  -30.2               
  388  388 A T        -     0   0  104     -2,-1.6     2,-1.6     1,-0.1    -2,-0.0  -0.669   4.2-158.0 -70.7  99.2    8.4   15.4  -30.7               
  389  389 A R        -     0   0  195     -2,-1.2     2,-1.0     2,-0.0    -1,-0.1  -0.672  11.7-175.3 -76.8  80.7   11.5   15.4  -33.0               
  390  390 A E        -     0   0  167     -2,-1.6    -2,-0.0     0, 0.0     0, 0.0  -0.768  11.1-158.1 -69.3 102.6   12.7   18.9  -32.3               
  391  391 A E        -     0   0  127     -2,-1.0     3,-0.0     3,-0.0    -2,-0.0  -0.783  19.0-120.8 -74.4 132.6   15.6   19.1  -34.8               
  392  392 A P        -     0   0  105      0, 0.0     2,-0.2     0, 0.0    -1,-0.0  -0.533  39.5 -94.5 -67.3 143.3   18.1   21.8  -33.7               
  393  393 A P        -     0   0  131      0, 0.0     2,-0.1     0, 0.0     0, 0.0  -0.407  52.5-110.1 -63.7 129.0   18.5   24.4  -36.5               
  394  394 A G        -     0   0   78     -2,-0.2    -3,-0.0    -3,-0.0     0, 0.0  -0.306  22.3-160.4 -68.3 140.0   21.5   23.5  -38.6               
  395  395 A A        -     0   0   99     -2,-0.1     2,-0.5     2,-0.1    -1,-0.0  -0.977  33.5-125.6-103.8 128.0   24.9   25.2  -38.9               
  396  396 A P        +     0   0  123      0, 0.0     2,-0.3     0, 0.0    -2,-0.0  -0.655  44.4 147.3 -83.8 128.3   26.5   24.0  -42.2               
  397  397 A F        -     0   0  212     -2,-0.5     2,-0.3     2,-0.0    -2,-0.1  -0.933  24.4-172.9-141.2 143.0   29.9   22.4  -42.7               
  398  398 A A        +     0   0   86     -2,-0.3     2,-0.3     0, 0.0     0, 0.0  -0.944  17.4 169.4-125.4 148.6   30.5   19.9  -45.4               
  399  399 A E        -     0   0  192     -2,-0.3    -2,-0.0     2,-0.0     0, 0.0  -0.943  28.5-106.5-152.1 159.8   33.0   17.4  -46.8               
  400  400 A N        +     0   0  148     -2,-0.3     0, 0.0     2,-0.0     0, 0.0  -0.102  39.0 120.3 -73.3 171.5   32.8   14.7  -49.4               
  401  401 A T        -     0   0  134      0, 0.0    -2,-0.0     0, 0.0    -1,-0.0   0.552  26.2-144.3-158.9 156.2   32.7   11.7  -50.7               
  402  402 A A        +     0   0   81      0, 0.0     2,-0.0     0, 0.0    -2,-0.0   0.118  16.2 133.5 -46.5 166.6   30.6    9.3  -52.8               
  403  403 A E        -     0   0  145      2,-0.0     0, 0.0     0, 0.0     0, 0.0   0.489  14.7  -0.5-134.5-148.2   29.3    6.3  -53.7               
  404  404 A R        +     0   0  193      1,-0.2     0, 0.0    -2,-0.0     0, 0.0   0.872  13.1 150.0-158.2 179.5   27.3    3.6  -54.7               
  405  405 A F        +     0   0  193      0, 0.0    -1,-0.2     0, 0.0    -2,-0.0  -0.797  15.1  64.9-144.2-179.8   24.5    1.2  -55.7               
  406  406 A P        +     0   0  113      0, 0.0     0, 0.0     0, 0.0     0, 0.0   0.219  11.5 121.6-111.8-120.1   22.8   -1.3  -57.1               
  407  407 A P        -     0   0  105      0, 0.0     0, 0.0     0, 0.0     0, 0.0   0.762  25.7 -91.8-138.5 174.7   21.5   -4.3  -58.1               
  408  408 A S        -     0   0  103      1,-0.1     0, 0.0     0, 0.0     0, 0.0   0.599  34.1 -93.1  33.4 105.1   19.0   -7.2  -58.8               
  409  409 A Y        +     0   0  228      0, 0.0     2,-0.2     0, 0.0    -1,-0.1   0.343  35.2 156.3  25.9 113.2   17.5  -10.2  -57.5               
  410  410 A T        -     0   0  129      2,-0.1     2,-0.2     0, 0.0     0, 0.0  -0.792  32.7-117.6-165.7 148.8   18.3  -14.0  -57.8               
  411  411 A S        +     0   0   98     -2,-0.2     2,-0.2     0, 0.0     0, 0.0  -0.501  38.7 140.8 -71.5 143.7   17.5  -17.1  -55.6               
  412  412 A Y        -     0   0  222     -2,-0.2    -2,-0.1     0, 0.0     0, 0.0  -0.746  31.3-136.6-166.8 154.3   19.6  -19.6  -53.7               
  413  413 A L        -     0   0  163     -2,-0.2     0, 0.0     1,-0.2     0, 0.0  -0.085  31.4 -86.6-100.7-164.3   19.4  -21.4  -50.3               
  414  414 A P        -     0   0  117      0, 0.0     2,-0.2     0, 0.0    -1,-0.2   0.312   7.3-134.4 -97.2-174.4   21.9  -22.1  -47.5               
  415  415 A P        -     0   0  122      0, 0.0     0, 0.0     0, 0.0     0, 0.0  -0.701  16.5-169.8-142.9 151.5   24.6  -23.7  -45.7               
  416  416 A E        -     0   0  179     -2,-0.2     2,-0.1     0, 0.0     0, 0.0  -0.466   9.6-162.6 -68.7 158.4   25.0  -24.5  -42.0               
  417  417 A P        -     0   0  111      0, 0.0     0, 0.0     0, 0.0     0, 0.0  -0.379  19.1 -56.1-155.0 142.9   27.9  -25.7  -40.2               
  418  418 A S        -     0   0  115      1,-0.1     0, 0.0    -2,-0.1     0, 0.0   0.900  16.9-165.9  79.3 133.4   28.9  -27.3  -37.0               
  419  419 A R        -     0   0  167      0, 0.0     2,-0.3     0, 0.0    -1,-0.1  -0.875  16.8-141.1-122.7 161.1   29.3  -27.8  -33.2               
  420  420 A P        -     0   0  115      0, 0.0     0, 0.0     0, 0.0     0, 0.0  -0.907  30.0 -81.4-130.6 131.6   31.3  -29.9  -30.8               
  421  421 A T        -     0   0  124     -2,-0.3     2,-0.1     1,-0.1     0, 0.0   0.450  14.5-135.1  65.1 103.0   30.6  -31.5  -27.7               
  422  422 A D        -     0   0  142      0, 0.0    -1,-0.1     0, 0.0     2,-0.0   0.383  14.7-136.5  85.4 127.0   30.1  -31.8  -24.4               
  423  423 A Q        -     0   0  171     -2,-0.1     0, 0.0     0, 0.0     0, 0.0  -0.382  31.6 -97.4-170.9  97.9   31.0  -34.1  -21.3               
  424  424 A D        -     0   0  122     -2,-0.0     0, 0.0     0, 0.0     0, 0.0   0.942  28.4 -12.8  67.1 127.8   29.0  -35.4  -18.5               
  425  425 A Y        +     0   0  209      2,-0.0     0, 0.0     0, 0.0     0, 0.0   0.892  20.2 110.4  51.4 138.5   27.5  -35.9  -15.0               
  426  426 A R        -     0   0  215      0, 0.0     0, 0.0     0, 0.0     0, 0.0   0.683  11.1-166.0-169.4 147.9   26.5  -36.1  -12.0               
  427  427 A P        -     0   0   99      0, 0.0     2,-0.9     0, 0.0    -2,-0.0  -0.594  42.5-116.2 -73.7 138.8   23.7  -35.4   -9.4               
  428  428 A P        -     0   0  131      0, 0.0     2,-0.1     0, 0.0     3,-0.1  -0.675  36.3-163.4 -73.9 105.8   24.8  -35.6   -5.7               
  429  429 A A        -     0   0   86     -2,-0.9     2,-0.3     1,-0.1     0, 0.0  -0.320  40.8 -66.1 -71.5 169.4   22.7  -38.5   -4.3               
  430  430 A S        +     0   0   90     -2,-0.1     2,-0.3     1,-0.0    -1,-0.1  -0.466  63.8 176.8 -56.8 119.1   22.3  -39.1   -0.5               
  431  431 A E        -     0   0  191     -2,-0.3    -1,-0.0    -3,-0.1     0, 0.0  -0.920  28.0 -92.8-135.0 156.2   25.7  -40.0    1.0               
  432  432 A A        -     0   0   83     -2,-0.3    -1,-0.0     1,-0.1     0, 0.0  -0.133  40.5 -91.0 -75.7 159.0   26.8  -40.6    4.6               
  433  433 A P        -     0   0  122      0, 0.0    -1,-0.1     0, 0.0     0, 0.0  -0.435  42.1-122.1 -64.4 132.1   28.3  -38.3    7.4               
  434  434 A P        -     0   0  120      0, 0.0     2,-0.1     0, 0.0     0, 0.0  -0.505  38.4-101.8 -74.5 147.3   32.2  -38.2    7.4               
  435  435 A P        -     0   0  123      0, 0.0     0, 0.0     0, 0.0     0, 0.0  -0.294  25.1-106.9 -83.0 154.7   33.8  -39.3   10.8               
  436  436 A E        -     0   0  189     -2,-0.1     0, 0.0     1,-0.0     0, 0.0  -0.454  23.2-137.4 -65.6 136.0   35.3  -37.4   13.7               
  437  437 A P        -     0   0  118      0, 0.0    -1,-0.0     0, 0.0     2,-0.0  -0.835  41.2-100.0 -89.6 141.1   39.1  -37.4   14.3               
  438  438 A P        -     0   0  123      0, 0.0     0, 0.0     0, 0.0     0, 0.0  -0.166  25.9-121.1 -81.3 154.4   39.8  -37.9   18.0               
  439  439 A E        -     0   0  182     -2,-0.0     2,-0.2     0, 0.0     0, 0.0  -0.283  14.5-171.1 -60.9 150.0   40.8  -35.6   21.0               
  440  440 A P        -     0   0  117      0, 0.0     0, 0.0     0, 0.0     0, 0.0  -0.820  28.4-163.4-134.7 135.6   43.6  -35.6   23.3               
  441  441 A G        +     0   0   73     -2,-0.2     0, 0.0     1,-0.1     0, 0.0   0.149  15.3 117.3 -72.1-165.4   43.6  -33.3   26.4               
  442  442 A G        -     0   0   78      0, 0.0    -1,-0.1     0, 0.0     0, 0.0   0.726  15.0 -40.8 175.5 156.7   44.5  -31.7   28.9               
  443  443 A G        +     0   0   86      0, 0.0     2,-0.0     0, 0.0     0, 0.0   0.163  15.3 149.3  74.7 163.5   45.6  -29.3   31.8               
  444  444 A G        +     0   0   81      0, 0.0     0, 0.0     0, 0.0     0, 0.0  -0.041  10.1 145.4 164.6 117.2   46.6  -27.0   33.5               
  445  445 A G        +     0   0   88     -2,-0.0     0, 0.0     0, 0.0     0, 0.0   0.837  20.9  87.3  84.8 135.3   47.7  -24.1   35.8               
  446  446 A G        +     0   0   82      0, 0.0     0, 0.0     0, 0.0     0, 0.0   0.964  27.2  18.4 111.4 109.0   49.9  -21.8   37.5               
  447  447 A G        +     0   0   82      0, 0.0     0, 0.0     0, 0.0     0, 0.0   0.590   9.6 151.3  72.7 149.1   52.0  -18.6   38.2               
  448  448 A G        +     0   0   78      2,-0.1     2,-0.0     0, 0.0     0, 0.0   0.217   8.7 158.4  82.6 143.9   53.3  -15.6   38.3               
  449  449 A P        -     0   0  132      0, 0.0     0, 0.0     0, 0.0     0, 0.0   0.480  11.0-159.5-130.6-166.1   54.8  -13.4   39.9               
  450  450 A S        -     0   0  105     -2,-0.0    -2,-0.1     0, 0.0     2,-0.1  -0.208   8.1-166.1 -63.2 170.1   57.0  -10.1   39.9               
  451  451 A P        -     0   0  105      0, 0.0     0, 0.0     0, 0.0     0, 0.0  -0.147   9.7 -95.2-158.3 171.0   59.0   -8.2   41.8               
  452  452 A E        +     0   0  142     -2,-0.1     0, 0.0     0, 0.0     0, 0.0   0.936  23.0 127.2  72.0 145.6   60.9   -5.0   42.4               
  453  453 A R        +     0   0  180      0, 0.0     0, 0.0     0, 0.0     0, 0.0   0.823  17.7  70.5  71.8 141.4   63.7   -2.4   42.6               
  454  454 A E        -     0   0  130      0, 0.0     0, 0.0     0, 0.0     0, 0.0   0.773  20.2-130.5-164.6 173.0   65.1    0.5   42.1               
  455  455 A E        -     0   0  158      0, 0.0     0, 0.0     0, 0.0     0, 0.0   0.962  24.3 -15.8  61.2 121.9   66.5    4.1   42.1               
  456  456 A V        +     0   0  105      0, 0.0     0, 0.0     0, 0.0     0, 0.0   0.914  21.2 126.5  66.4 117.9   67.6    7.3   40.6               
  457  457 A R        -     0   0  221      0, 0.0     0, 0.0     0, 0.0     0, 0.0   0.389  36.6 -99.6-171.5 133.8   68.7    9.9   38.8               
  458  458 A T        -     0   0  121      0, 0.0     0, 0.0     0, 0.0     0, 0.0   0.819  16.3-128.0  46.2 115.8   67.7   13.6   38.0               
  459  459 A S        -     0   0  112      0, 0.0     2,-0.0     0, 0.0     0, 0.0   0.322   6.7-166.0   9.4 151.3   66.3   16.3   35.9               
  460  460 A P        -     0   0  122      0, 0.0     0, 0.0     0, 0.0     0, 0.0  -0.035   1.7-172.0-152.5 176.7   66.4   19.0   34.3               
  461  461 A R        +     0   0  231     -2,-0.0     2,-0.1     0, 0.0     0, 0.0  -0.202   7.3 176.0 -40.6 158.7   64.6   21.9   32.6               
  462  462 A P        +     0   0  122      0, 0.0     0, 0.0     0, 0.0     0, 0.0  -0.159  15.6  42.4-135.8-158.8   65.0   24.6   30.8               
  463  463 A A        +     0   0   88      1,-0.2     0, 0.0    -2,-0.1     0, 0.0   0.772  16.9 122.9-155.6 170.6   63.8   27.2   29.1               
  464  464 A S        -     0   0  109      2,-0.0    -1,-0.2     0, 0.0     2,-0.1  -0.807  15.2-171.4-105.4 166.5   61.7   30.2   27.9               
  465  465 A P        -     0   0  126      0, 0.0     0, 0.0     0, 0.0     0, 0.0  -0.403  15.2-145.1-150.1 146.2   62.1   33.4   27.1               
  466  466 A A        -     0   0   87     -2,-0.1    -2,-0.0     0, 0.0     2,-0.0   0.302  18.5-178.6  -7.8 144.4   59.7   36.2   26.4               
  467  467 A R        -     0   0  236      0, 0.0     0, 0.0     0, 0.0     0, 0.0   0.083  16.9-158.7-175.8 111.0   58.8   39.2   24.6               
  468  468 A S        +     0   0  106      2,-0.0     0, 0.0    -2,-0.0     0, 0.0   0.401  17.3 165.9  73.0 111.3   56.0   41.1   24.9               
  469  469 A G        +     0   0   79      0, 0.0     0, 0.0     0, 0.0     0, 0.0   0.185  16.4 147.7 171.2  56.6   54.0   43.6   22.8               
  470  470 A S        +     0   0  123      2,-0.0     2,-0.1     0, 0.0    -2,-0.0  -0.652   5.1 145.0 -66.7 148.7   50.5   44.9   23.4               
  471  471 A P        -     0   0  124      0, 0.0     0, 0.0     0, 0.0     0, 0.0  -0.477  20.4-158.2-146.2 175.2   48.9   47.8   22.8               
  472  472 A A        +     0   0   86     -2,-0.1     2,-0.0     0, 0.0    -2,-0.0  -0.338  24.0  67.3 -88.8-167.9   45.5   49.0   21.8               
  473  473 A P        +     0   0  104      0, 0.0     0, 0.0     0, 0.0     0, 0.0   0.648  30.6  82.2-123.0-148.4   43.5   51.2   20.6               
  474  474 A E        +     0   0  170     -2,-0.0     0, 0.0     0, 0.0     0, 0.0   0.655  28.4  65.7  73.6 146.2   41.9   53.5   17.8               
  475  475 A T        -     0   0  112      0, 0.0     0, 0.0     0, 0.0     0, 0.0   0.672  22.5-114.6-160.0 160.2   39.9   54.2   15.3               
  476  476 A T        +     0   0  110      0, 0.0     0, 0.0     0, 0.0     0, 0.0   0.950  24.3  90.2  67.4 113.5   37.2   54.9   12.6               
  477  477 A N        +     0   0  134      0, 0.0     0, 0.0     0, 0.0     0, 0.0   0.948  24.9 143.2 116.3  90.6   35.2   54.5    9.5               
  478  478 A E        -     0   0  114      0, 0.0     0, 0.0     0, 0.0     0, 0.0   0.891  17.7 -61.4  64.1 146.9   32.4   53.3    7.6               
  479  479 A S        -     0   0   78      0, 0.0     0, 0.0     0, 0.0     0, 0.0   0.873  21.6-133.7 166.9 178.6   29.7   52.5    5.6               
  480  480 A V        +     0   0  109      2,-0.0     0, 0.0     0, 0.0     0, 0.0   0.658  16.7  51.6  69.6 167.0   26.1   52.7    4.0               
  481  481 A P        +     0   0   95      0, 0.0     2,-0.1     0, 0.0     0, 0.0   0.651  39.6   4.5-140.5 160.3   23.1   52.7    2.7               
  482  482 A F        +     0   0  174      2,-0.0     2,-0.2     0, 0.0    -2,-0.0  -0.198  31.7 141.3 171.3 163.0   19.5   52.0    2.5               
  483  483 A A        -     0   0   81     -2,-0.1     2,-0.3     2,-0.0     0, 0.0  -0.877  26.7-137.4-150.4 174.4   16.3   50.8    4.3               
  484  484 A Q        -     0   0  198     -2,-0.2     2,-0.3     2,-0.0    -2,-0.0  -0.956  19.4-147.2-147.7 143.6   12.5   51.1    5.0               
  485  485 A H        -     0   0  190     -2,-0.3     2,-0.1     2,-0.0    -2,-0.0  -0.795   5.3-162.5-107.1 151.1   10.6   50.8    8.3               
  486  486 A S        -     0   0   95     -2,-0.3     2,-2.1     0, 0.0     3,-0.2  -0.549  30.9-117.6-144.5  78.4    7.0   49.4    9.2               
  487  487 A S  S    S+     0   0  110      1,-0.2     4,-0.1    -2,-0.1    -2,-0.0   0.112  82.1  96.3  44.9   0.4    5.4   50.3   12.5               
  488  488 A L  S >> S+     0   0   92     -2,-2.1     4,-2.2     2,-0.1     3,-0.7   0.918  74.7  50.7 -97.4 -47.8    5.0   46.8   14.2               
  489  489 A D  H 3> S+     0   0  122      1,-0.3     4,-3.3     2,-0.2     5,-0.2   0.924 109.6  50.6 -69.1 -40.2    7.9   46.1   16.5               
  490  490 A S  H 3> S+     0   0   88      1,-0.2     4,-1.7     2,-0.2    -1,-0.3   0.751 114.0  48.4 -63.2 -22.0    7.7   49.4   18.5               
  491  491 A R  H <> S+     0   0  165     -3,-0.7     4,-2.3     2,-0.2    -2,-0.2   0.815 111.3  47.9 -85.8 -33.4    3.9   48.5   18.8               
  492  492 A I  H  X S+     0   0   75     -4,-2.2     4,-2.8     2,-0.2    -2,-0.2   0.921 114.6  47.3 -66.7 -44.7    4.8   44.9   20.0               
  493  493 A E  H  X S+     0   0  111     -4,-3.3     4,-2.5     2,-0.2     5,-0.2   0.950 113.1  48.0 -64.1 -46.9    7.3   46.5   22.5               
  494  494 A M  H  X S+     0   0  127     -4,-1.7     4,-2.8    -5,-0.2    -2,-0.2   0.928 113.7  47.9 -56.4 -45.2    4.7   49.0   23.6               
  495  495 A L  H  X S+     0   0   90     -4,-2.3     4,-2.4     2,-0.2    -2,-0.2   0.903 114.3  45.3 -65.2 -40.1    2.1   46.2   24.0               
  496  496 A L  H  X S+     0   0  113     -4,-2.8     4,-2.3     2,-0.2    -1,-0.2   0.846 116.5  46.5 -68.8 -33.7    4.6   44.0   26.0               
  497  497 A K  H  X S+     0   0  134     -4,-2.5     4,-1.8     2,-0.2    -2,-0.2   0.850 113.7  48.0 -77.5 -33.7    5.6   47.1   28.1               
  498  498 A E  H  < S+     0   0   91     -4,-2.8     4,-0.4    -5,-0.2    -2,-0.2   0.880 112.5  49.1 -71.7 -39.3    1.9   48.0   28.7               
  499  499 A Q  H >X S+     0   0  124     -4,-2.4     3,-1.4     2,-0.2     4,-0.5   0.956 113.2  46.7 -63.7 -47.4    1.2   44.3   29.6               
  500  500 A R  H >< S+     0   0  217     -4,-2.3     3,-0.7     1,-0.3    -2,-0.2   0.863 111.5  52.9 -59.8 -34.9    4.2   44.4   32.1               
  501  501 A S  T 3< S+     0   0   93     -4,-1.8     3,-0.3     1,-0.2    -1,-0.3   0.515 105.1  55.8 -77.7  -7.5    2.9   47.8   33.4               
  502  502 A K  T <4 S+     0   0  136     -3,-1.4    -1,-0.2    -4,-0.4    -2,-0.2   0.435 104.5  50.1-107.7  -0.0   -0.6   46.3   34.1               
  503  503 A F  S << S+     0   0  188     -3,-0.7    -1,-0.1    -4,-0.5     2,-0.1  -0.162  87.0  94.2-122.0  33.2    0.5   43.4   36.4               
  504  504 A S        +     0   0  100     -3,-0.3    -1,-0.1     1,-0.1     3,-0.1  -0.518  48.8 102.3-128.4  61.2    2.7   45.6   38.7               
  505  505 A F        +     0   0  198      1,-0.2     2,-0.1    -2,-0.1    -1,-0.1  -0.482  64.8  52.3-149.4  77.2    0.5   46.7   41.7               
  506  506 A L        +     0   0  171     -3,-0.1     2,-0.3    -2,-0.0    -1,-0.2  -0.301  65.1 159.4-179.8 132.1    1.1   44.7   44.9               
  507  507 A A        -     0   0   88     -2,-0.1    -3,-0.0     1,-0.1     0, 0.0  -0.993  18.2 -30.3-155.7 150.4    4.7   44.3   46.4               
  508  508 A S        +     0   0  108     -2,-0.3    -1,-0.1     1,-0.0     0, 0.0   0.359  16.9 179.0  59.3 170.5    6.9   43.6   49.5               
  509  509 A D        -     0   0  142      0, 0.0    -1,-0.0     0, 0.0    -2,-0.0   0.841  36.3  -9.7-151.6 174.1    8.0   43.4   52.7               
  510  510 A T        -     0   0  112      0, 0.0     0, 0.0     0, 0.0     0, 0.0   0.771  36.1-150.6-179.6 150.3   10.6   42.3   54.8               
  511  511 A E        +     0   0  158      0, 0.0     0, 0.0     0, 0.0     0, 0.0   0.961  12.5 127.1-155.7-175.5   13.7   40.6   55.6               
  512  512 A E        +     0   0  165      0, 0.0     0, 0.0     0, 0.0     0, 0.0   0.771   9.6 126.4  72.2 151.0   16.7   38.6   57.3               
  513  513 A E        -     0   0  164      2,-0.0     0, 0.0     0, 0.0     0, 0.0   0.737  14.0-161.8-169.0 174.3   19.1   36.4   57.9               
  514  514 A E        -     0   0  159      1,-0.0     0, 0.0     0, 0.0     0, 0.0   0.937  15.1-140.1  50.8 111.3   22.4   34.3   58.7               
  515  515 A E        -     0   0  177      0, 0.0     2,-0.1     0, 0.0    -2,-0.0   0.263   3.1-159.1  65.9 111.9   24.1   31.3   58.8               
  516  516 A N        -     0   0  144      0, 0.0     0, 0.0     0, 0.0     0, 0.0  -0.278  16.0-123.4-168.5 139.9   26.4   29.0   60.4               
  517  517 A S        -     0   0   96     -2,-0.1     0, 0.0     1,-0.0     0, 0.0   0.217  14.7-148.7  -2.4 149.4   28.8   26.2   59.8               
  518  518 A S        -     0   0   87      0, 0.0    -1,-0.0     0, 0.0     0, 0.0   0.848   6.0-148.5 174.1-178.7   29.8   23.1   60.4               
  519  519 A M        -     0   0  171      0, 0.0     2,-0.0     0, 0.0     0, 0.0   0.551  11.0 -89.5  72.7 161.2   31.9   19.9   60.8               
  520  520 A V        +     0   0  118      0, 0.0     0, 0.0     0, 0.0     0, 0.0   0.450  21.2  93.5-169.5 158.5   32.9   16.8   60.9               
  521  521 A L        -     0   0  169     -2,-0.0     2,-0.1     0, 0.0     0, 0.0   0.353  15.2-172.1  71.6 151.4   34.0   13.0   61.5               
  522  522 A G        +     0   0   67      0, 0.0     0, 0.0     0, 0.0     0, 0.0   0.108   9.8 109.8 141.7 135.4   33.5   10.0   61.3               
  523  523 A A        +     0   0   99     -2,-0.1     0, 0.0     0, 0.0     0, 0.0   0.235  10.1 134.7  68.9 163.0   34.1    6.2   61.9               
  524  524 A R        -     0   0  212      0, 0.0     0, 0.0     0, 0.0     0, 0.0   0.791  21.7 -73.8-162.1 173.9   33.9    3.1   62.9               
  525  525 A D        -     0   0  108      0, 0.0     0, 0.0     0, 0.0     0, 0.0   0.961  33.0 -82.1  65.4 101.5   33.7   -0.6   63.4               
  526  526 A T        -     0   0  128      0, 0.0     0, 0.0     0, 0.0     0, 0.0   0.800  30.6 -92.6  57.9 121.6   32.0   -3.8   63.0               
  527  527 A G        -     0   0   76      0, 0.0     0, 0.0     0, 0.0     0, 0.0   0.279   5.9-123.0  80.9 169.6   29.5   -6.4   64.1               
  528  528 A S        -     0   0   95      2,-0.0     0, 0.0     0, 0.0     0, 0.0   0.681  20.4 -88.1-157.6 158.8   27.7   -8.7   65.1               
  529  529 A E        -     0   0  165      1,-0.0     0, 0.0     0, 0.0     0, 0.0   0.860  32.9 -98.6  50.0 100.7   25.2  -11.6   65.4               
  530  530 A V        -     0   0  122      0, 0.0     2,-0.2     0, 0.0    -2,-0.0   0.473   8.7-158.5  39.3 112.9   21.7  -12.6   65.5               
  531  531 A P        -     0   0  118      0, 0.0     2,-0.1     0, 0.0     0, 0.0  -0.692  12.7-155.5-129.8 148.2   19.0  -13.5   67.4               
  532  532 A S        +     0   0  113     -2,-0.2     2,-0.1     0, 0.0     0, 0.0  -0.200  24.3 148.6  67.1  97.5   16.3  -15.1   66.3               
  533  533 A G        -     0   0   70     -2,-0.1     2,-0.1     2,-0.0     0, 0.0   0.092  14.0-177.0 133.9 110.4   12.8  -15.0   67.9               
  534  534 A S        +     0   0  128     -2,-0.1     2,-0.0     0, 0.0     3,-0.0   0.393   5.8 164.2  90.2 135.1    9.5  -15.2   67.1               
  535  535 A G        +     0   0   64     -2,-0.1    -2,-0.0     3,-0.0     0, 0.0   0.276  30.7  74.2 100.7 128.8    6.0  -15.0   68.7               
  536  536 A H        +     0   0  194     -2,-0.0     0, 0.0     0, 0.0     0, 0.0   0.808  48.3  96.5-133.1 159.2    2.9  -14.6   68.0               
  537  537 A G        -     0   0   66     -3,-0.0     2,-0.1     0, 0.0     0, 0.0   0.542  32.2-153.6  91.6 141.4    0.7  -16.6   66.7               
  538  538 A P        +     0   0  115      0, 0.0    -3,-0.0     0, 0.0     0, 0.0   0.213  39.8  31.9-137.4-168.5   -1.7  -18.5   67.0               
  539  539 A C        +     0   0  108     -2,-0.1     0, 0.0     2,-0.1     0, 0.0   0.948  22.7 175.5  61.0 109.5   -3.7  -21.5   65.4               
  540  540 A T        -     0   0  134      1,-0.1     0, 0.0     0, 0.0     0, 0.0   0.377  37.2 -91.8  71.4 138.6   -3.1  -24.1   63.5               
  541  541 A P        -     0   0  110      0, 0.0    -1,-0.1     0, 0.0    -2,-0.1  -0.043  18.2-132.7 -97.3 178.6   -5.9  -26.7   62.7               
  542  542 A P        -     0   0  120      0, 0.0     0, 0.0     0, 0.0     0, 0.0  -0.744  29.1 -22.2-153.6-150.4   -7.8  -29.6   63.0               
  543  543 A P        -     0   0  116      0, 0.0     0, 0.0     0, 0.0     0, 0.0   0.737   9.3-160.6-123.9 177.1   -9.3  -32.4   61.6               
  544  544 A A        +     0   0   89      0, 0.0     2,-0.1     0, 0.0     0, 0.0  -0.510  16.6 173.0 -73.5 162.2  -10.8  -35.1   59.3               
  545  545 A P        +     0   0  122      0, 0.0     2,-0.1     0, 0.0     0, 0.0  -0.112  21.4  77.9-153.1 158.7  -12.8  -37.8   59.4               
  546  546 A A        -     0   0  100     -2,-0.1     0, 0.0     0, 0.0     0, 0.0  -0.237  35.7-144.8 176.5 146.5  -14.6  -40.4   57.6               
  547  547 A N        +     0   0  139     -2,-0.1     0, 0.0     1,-0.0     0, 0.0  -0.009  26.6 144.4 -54.2 165.3  -14.3  -43.7   55.6               
  548  548 A F        +     0   0  163      0, 0.0    -1,-0.0     0, 0.0     0, 0.0   0.457  30.0 176.3-159.0 127.5  -15.0  -45.8   53.3               
  549  549 A E        +     0   0  126      0, 0.0     0, 0.0     0, 0.0     0, 0.0   0.763  17.2 171.9  32.0 151.0  -12.9  -48.2   51.2               
  550  550 A D        -     0   0  136      0, 0.0     0, 0.0     0, 0.0     0, 0.0   0.602  34.2 -11.3-166.8 173.8  -11.9  -50.5   49.2               
  551  551 A V        -     0   0  113      2,-0.0     0, 0.0     0, 0.0     0, 0.0   0.895  48.7-127.0  82.5  69.8   -9.4  -52.8   47.1               
  552  552 A A        -     0   0   92      1,-0.0     2,-0.1     0, 0.0     0, 0.0   0.945  13.2-150.1  73.6 153.0   -5.9  -52.5   46.3               
  553  553 A P        -     0   0  115      0, 0.0    -1,-0.0     0, 0.0    -2,-0.0  -0.062  17.4-141.3-144.0-134.3   -2.7  -52.4   44.0               
  554  554 A T        +     0   0  144     -2,-0.1     0, 0.0     0, 0.0     0, 0.0   0.284  24.2  75.3  98.0 146.5    1.2  -53.3   43.9               
  555  555 A G        +     0   0   64      0, 0.0     0, 0.0     0, 0.0     0, 0.0   0.730  13.0 145.0-176.7 141.4    4.4  -52.8   43.1               
  556  556 A S        +     0   0  128      0, 0.0     2,-0.1     0, 0.0     0, 0.0   0.709   3.9 174.7  95.5 124.5    7.7  -51.5   43.1               
  557  557 A G        -     0   0   85      0, 0.0     0, 0.0     0, 0.0     0, 0.0  -0.276  14.4-157.0 162.8 122.1   11.6  -51.7   42.8               
  558  558 A E        -     0   0  189     -2,-0.1     0, 0.0     1,-0.1     0, 0.0   0.021  12.9 -48.1 -99.2-153.5   14.9  -49.6   42.8               
  559  559 A P        -     0   0  117      0, 0.0    -1,-0.1     0, 0.0     0, 0.0   0.757   6.6-137.5-131.0-169.8   18.4  -48.9   42.0               
  560  560 A G        -     0   0   73      0, 0.0     0, 0.0     0, 0.0     0, 0.0   0.083  27.5-130.1 176.4  91.8   22.2  -48.9   41.4               
  561  561 A A        +     0   0   94      0, 0.0     0, 0.0     0, 0.0     0, 0.0   0.964  25.3 114.9  66.6 137.8   25.4  -46.7   41.7               
  562  562 A T        -     0   0  132      0, 0.0     0, 0.0     0, 0.0     0, 0.0   0.970  25.4 -71.2  91.1  94.1   28.6  -44.9   41.0               
  563  563 A R        +     0   0  209      0, 0.0     0, 0.0     0, 0.0     0, 0.0   0.968  35.3  68.2 100.5 129.3   30.8  -42.0   40.5               
  564  564 A E        -     0   0  137      0, 0.0     0, 0.0     0, 0.0     0, 0.0   0.951  40.0-111.4  85.4  78.2   32.7  -38.8   39.5               
  565  565 A S        +     0   0  113      0, 0.0     0, 0.0     0, 0.0     0, 0.0   0.729  23.4 149.5  50.8 151.9   32.3  -35.2   39.2               
  566  566 A P        -     0   0  116      0, 0.0     0, 0.0     0, 0.0     0, 0.0   0.675  13.3 -93.4-145.5 176.3   31.9  -32.2   38.3               
  567  567 A K        +     0   0  202      0, 0.0     0, 0.0     0, 0.0     0, 0.0   0.726  31.3  38.9 123.5 134.6   31.0  -28.6   38.0               
  568  568 A A        -     0   0   89      0, 0.0     0, 0.0     0, 0.0     0, 0.0   0.951  39.3-109.0  92.7  86.2   29.3  -25.2   37.2               
  569  569 A N        +     0   0  167      0, 0.0     0, 0.0     0, 0.0     0, 0.0   0.945  31.8 124.4  78.8 118.2   26.2  -23.4   36.6               
  570  570 A G        -     0   0   57      0, 0.0     0, 0.0     0, 0.0     0, 0.0   0.815  34.6-100.4 133.4  81.6   23.3  -21.7   35.0               
  571  571 A Q        -     0   0  183      1,-0.0     0, 0.0     0, 0.0     0, 0.0   0.787  31.6 -59.9  45.7 110.8   19.6  -21.7   34.4               
  572  572 A N        -     0   0  128      0, 0.0    -1,-0.0     0, 0.0     0, 0.0   0.668  34.5 -59.2  50.9 110.6   16.7  -22.4   32.3               
  573  573 A Q        +     0   0  174      2,-0.0     0, 0.0     0, 0.0     0, 0.0   0.936  45.3  89.8  64.9 146.1   14.5  -22.3   29.5               
  574  574 A A        +     0   0   91      1,-0.1     0, 0.0     0, 0.0     0, 0.0   0.797  20.7 174.5  71.2 125.4   12.1  -20.5   27.0               
  575  575 A S        +     0   0  118      2,-0.0     2,-0.6     0, 0.0    -1,-0.1  -0.460   5.6 167.3-155.2  78.6   12.8  -18.8   23.6               
  576  576 A P        -     0   0  110      0, 0.0     2,-0.1     0, 0.0     0, 0.0  -0.841  48.1-112.8 -79.6 122.2    9.9  -17.5   21.4               
  577  577 A C        +     0   0  140     -2,-0.6     2,-0.4     2,-0.0    -2,-0.0  -0.381  43.0 178.2 -60.6 128.7   11.6  -15.3   18.7               
  578  578 A S        +     0   0   64     -2,-0.1     2,-0.1     2,-0.0  1030,-0.0  -0.999  15.5 148.7-136.0 132.1   10.7  -11.6   19.2               
  579  579 A S        +     0   0   68     -2,-0.4     2,-0.4     2,-0.0    -2,-0.0  -0.592   4.8 149.9-167.0  99.2   12.0   -8.6   17.1               
  580  580 A G        -     0   0   14     -2,-0.1  1031,-0.1  1041,-0.0     2,-0.1  -0.866  47.6-127.0-132.4  96.0    9.8   -5.5   16.6               
  581  581 A D        -     0   0   32     -2,-0.4     2,-0.4     1,-0.1  1043,-0.3  -0.196  22.0-152.1 -65.8 126.0   12.2   -2.6   16.2               
  582  582 A D        -     0   0   10   1043,-0.1     2,-0.7  1041,-0.1  1043,-0.1  -0.753   7.9-135.4-101.6 133.6   11.6    0.4   18.5               
  583  583 A M        -     0   0   18     -2,-0.4  1043,-1.9  1041,-0.2     2,-0.3  -0.790  24.2-166.4 -90.7 117.0   12.5    4.0   17.8               
  584  584 A E        -     0   0   74   1101,-1.1     2,-0.7    -2,-0.7  1043,-0.1  -0.762  17.3-141.7-101.2 144.1   14.1    5.9   20.7               
  585  585 A I        -     0   0   48     -2,-0.3     2,-0.4  1041,-0.2  1071,-0.0  -0.924  20.9-156.1 -97.2 114.9   14.7    9.7   21.2               
  586  586 A S        -     0   0   55     -2,-0.7     2,-1.9     1,-0.1  1099,-0.0  -0.803  18.4-130.2 -90.8 133.7   18.1   10.2   22.8               
  587  587 A D        +     0   0  153     -2,-0.4     2,-2.2     1,-0.1     3,-0.2  -0.341  41.0 165.1 -78.8  56.2   18.7   13.5   24.8               
  588  588 A D        +     0   0  129     -2,-1.9    -1,-0.1     1,-0.2     3,-0.1  -0.285  51.8  79.3 -74.3  54.2   22.0   14.2   23.0               
  589  589 A D        +     0   0  168     -2,-2.2    -1,-0.2     3,-0.0    -2,-0.0  -0.130  57.2  98.0-153.7  47.6   22.2   17.9   24.1               
  590  590 A R        +     0   0  238     -3,-0.2     2,-1.7     1,-0.0    -2,-0.1  -0.036  29.3 139.5-132.7  39.5   23.5   18.0   27.8               
  591  591 A G        +     0   0   95     -3,-0.1     2,-0.3     2,-0.0    -3,-0.0  -0.576  37.0 122.2 -75.5  77.8   27.2   18.8   27.7               
  592  592 A G        -     0   0   67     -2,-1.7    -3,-0.0     0, 0.0     0, 0.0  -0.895  55.8-132.4-149.7 116.4   27.2   21.2   30.7               
  593  593 A S        -     0   0  116     -2,-0.3    -2,-0.0     1,-0.1     0, 0.0  -0.260  31.2-103.4 -64.8 148.2   29.2   21.0   33.9               
  594  594 A P        -     0   0  118      0, 0.0    -1,-0.1     0, 0.0     0, 0.0  -0.482  33.0-125.2 -71.7 139.1   27.6   21.5   37.4               
  595  595 A P        -     0   0  120      0, 0.0     2,-0.1     0, 0.0     0, 0.0  -0.613  23.4-122.3 -78.6 143.0   28.2   24.9   39.2               
  596  596 A P        -     0   0  125      0, 0.0     0, 0.0     0, 0.0     0, 0.0  -0.265  47.1 -61.9 -75.0 171.6   29.6   24.9   42.7               
  597  597 A A        -     0   0   90      1,-0.1     0, 0.0    -2,-0.1     0, 0.0   0.053  63.4 -88.2 -60.9 160.2   27.9   26.6   45.8               
  598  598 A P        -     0   0  126      0, 0.0    -1,-0.1     0, 0.0     0, 0.0  -0.181  26.9-165.1 -78.6 161.7   27.1   30.4   46.1               
  599  599 A T        -     0   0  132      1,-0.0     3,-0.2     3,-0.0     0, 0.0  -0.967  43.9 -77.1-138.1 152.2   28.9   33.5   47.4               
  600  600 A P        -     0   0  113      0, 0.0     2,-0.4     0, 0.0    -1,-0.0   0.085  64.5 -69.8 -68.1 162.7   27.2   36.9   48.2               
  601  601 A P        +     0   0  132      0, 0.0     2,-0.7     0, 0.0     0, 0.0  -0.280  39.7 179.4 -78.9 115.5   26.1   39.4   45.5               
  602  602 A Q        -     0   0  191     -2,-0.4    -3,-0.0    -3,-0.2     0, 0.0  -0.905  50.8 -89.4 -99.1 108.8   28.5   41.4   43.4               
  603  603 A Q        -     0   0  177     -2,-0.7    -1,-0.1     1,-0.1     0, 0.0   0.410  45.0-102.8  10.7 114.7   26.5   43.7   41.0               
  604  604 A P        -     0   0  111      0, 0.0    -1,-0.1     0, 0.0     0, 0.0  -0.276  42.7-102.1 -62.4 141.7   25.6   42.2   37.5               
  605  605 A P        -     0   0  117      0, 0.0    -2,-0.0     0, 0.0     0, 0.0  -0.329  44.5 -99.1 -63.4 144.0   27.8   43.5   34.6               
  606  606 A P        -     0   0  117      0, 0.0     0, 0.0     0, 0.0     0, 0.0  -0.305  43.5 -97.2 -64.1 147.4   26.1   46.2   32.4               
  607  607 A P        -     0   0  112      0, 0.0     0, 0.0     0, 0.0     0, 0.0  -0.317  50.3 -90.3 -60.7 146.5   24.5   45.1   29.1               
  608  608 A P        -     0   0  119      0, 0.0     0, 0.0     0, 0.0     0, 0.0  -0.332  53.1-102.6 -58.7 136.8   26.7   45.6   26.0               
  609  609 A P        -     0   0  116      0, 0.0     0, 0.0     0, 0.0     0, 0.0  -0.290  37.7-102.2 -65.1 146.7   26.0   49.1   24.5               
  610  610 A P        -     0   0  111      0, 0.0     0, 0.0     0, 0.0     0, 0.0  -0.355  46.0 -93.5 -62.7 146.6   23.8   49.3   21.3               
  611  611 A P        -     0   0  119      0, 0.0     0, 0.0     0, 0.0     0, 0.0  -0.363  52.3-102.9 -60.1 139.3   25.7   49.8   18.0               
  612  612 A P        -     0   0  117      0, 0.0     0, 0.0     0, 0.0     0, 0.0  -0.240  35.5-100.7 -68.6 153.6   26.0   53.6   17.2               
  613  613 A P        -     0   0  116      0, 0.0     0, 0.0     0, 0.0     0, 0.0  -0.499  40.5-106.5 -71.4 141.7   23.7   55.3   14.6               
  614  614 A P        -     0   0   85      0, 0.0     0, 0.0     0, 0.0     0, 0.0  -0.373  42.8-103.6 -68.3 146.9   25.3   56.0   11.1               
  615  615 A P        -     0   0   85      0, 0.0     2,-0.2     0, 0.0     0, 0.0  -0.170  38.3 -93.1 -77.8 162.9   26.2   59.7   10.4               
  616  616 A P        -     0   0  125      0, 0.0     0, 0.0     0, 0.0     0, 0.0  -0.468  45.8 -75.5 -85.8 149.1   24.2   62.2    8.2               
  617  617 A Y        +     0   0  184     -2,-0.2     2,-0.3     1,-0.0     0, 0.0   0.243  31.9 167.1 -15.5 133.6   24.5   63.3    4.5               
  618  618 A L        -     0   0  181      0, 0.0     2,-0.2     0, 0.0    -1,-0.0  -0.896  34.6-160.1-136.9 166.3   26.6   65.4    2.2               
  619  619 A A        +     0   0   83     -2,-0.3     0, 0.0     1,-0.0     0, 0.0  -0.816  23.7  92.2-138.2 168.1   26.1   64.9   -1.5               
  620  620 A S        +     0   0  102     -2,-0.2    -1,-0.0     0, 0.0     0, 0.0   0.780  13.9 154.7  82.9 116.4   26.8   65.1   -5.4               
  621  621 A L        -     0   0  159      2,-0.0    -2,-0.0     0, 0.0     0, 0.0   0.976  14.6-140.5  87.6 171.0   28.0   63.8   -8.4               
  622  622 A P        +     0   0  110      0, 0.0     2,-0.1     0, 0.0     0, 0.0   0.720  27.3 118.5-133.3 171.4   28.0   63.6  -11.6               
  623  623 A L        -     0   0  184      0, 0.0    -2,-0.0     0, 0.0     0, 0.0  -0.445  51.0 -41.7 178.2 140.2   28.2   61.9  -15.0               
  624  624 A G        +     0   0   67     -2,-0.1     0, 0.0     1,-0.1     0, 0.0   0.367  22.1 178.6-176.8 125.0   26.2   61.7  -17.5               
  625  625 A Y        -     0   0  225      1,-0.0    -1,-0.1     0, 0.0     0, 0.0  -0.486  38.0-117.6 -80.3 151.9   23.0   61.3  -19.7               
  626  626 A P        -     0   0  112      0, 0.0     2,-0.1     0, 0.0    -1,-0.0  -0.672  58.8-137.4 -75.1 147.7   22.3   61.4  -23.5               
  627  627 A P        -     0   0  107      0, 0.0     0, 0.0     0, 0.0     0, 0.0  -0.454  16.6 -28.9-120.6 169.8   20.0   64.4  -23.8               
  628  628 A H        -     0   0  190     -2,-0.1     0, 0.0     1,-0.1     0, 0.0   0.786  55.2 -73.8  29.5 144.7   17.1   66.6  -25.0               
  629  629 A Q        -     0   0  174      1,-0.1     2,-0.6     2,-0.0    -1,-0.1  -0.211  25.4-136.4 -53.6 151.5   14.7   67.2  -28.0               
  630  630 A P        -     0   0  125      0, 0.0     2,-0.6     0, 0.0    -1,-0.1  -0.969  24.9-170.8 -99.1 115.0   15.4   68.7  -31.3               
  631  631 A A        +     0   0   71     -2,-0.6     2,-0.2     0, 0.0    -2,-0.0  -0.938  19.5 149.8 -94.4 123.7   12.4   71.0  -32.0               
  632  632 A Y        -     0   0  217     -2,-0.6     0, 0.0     1,-0.0     0, 0.0  -0.673  34.5 -29.6-159.7 119.0   12.3   72.5  -35.6               
  633  633 A L        -     0   0  147     -2,-0.2    -1,-0.0     2,-0.0     0, 0.0   0.949  43.7-121.1  67.6 101.2    9.7   73.6  -38.1               
  634  634 A L        -     0   0  147      1,-0.1     0, 0.0     0, 0.0     0, 0.0   0.846  23.6-150.5  50.3 134.0    6.3   73.3  -39.6               
  635  635 A P        -     0   0  120      0, 0.0    -1,-0.1     0, 0.0     2,-0.0  -0.571  52.2-115.9-124.4 175.5    3.7   72.9  -41.7               
  636  636 A P        -     0   0  115      0, 0.0     0, 0.0     0, 0.0     0, 0.0  -0.133  19.1-103.0 -92.0 176.9    0.6   75.0  -40.7               
  637  637 A R        -     0   0  192     -2,-0.0     2,-0.2     0, 0.0     0, 0.0  -0.069   5.7-159.4 -55.1 164.2   -3.1   74.9  -39.6               
  638  638 A P        -     0   0  128      0, 0.0     2,-0.1     0, 0.0     0, 0.0  -0.738  30.5-130.6-121.0 154.0   -6.3   75.3  -40.6               
  639  639 A D        -     0   0  123     -2,-0.2     0, 0.0     0, 0.0     0, 0.0  -0.474  24.4-172.1 -67.8 146.3   -8.8   76.0  -37.8               
  640  640 A G        -     0   0   69     -2,-0.1     0, 0.0     0, 0.0     0, 0.0  -0.991  24.1-106.7-145.0 142.8  -12.0   73.8  -37.6               
  641  641 A P        -     0   0  118      0, 0.0     0, 0.0     0, 0.0     0, 0.0  -0.256  37.4 -96.0 -77.8 159.0  -15.1   74.3  -35.3               
  642  642 A P        -     0   0  126      0, 0.0     3,-0.1     0, 0.0     0, 0.0  -0.530  25.3-143.9 -76.2 129.6  -16.0   72.1  -32.2               
  643  643 A P        -     0   0  116      0, 0.0     0, 0.0     0, 0.0     0, 0.0  -0.538  50.3 -63.9 -81.9 161.2  -18.6   69.2  -32.5               
  644  644 A P        -     0   0  106      0, 0.0     2,-0.5     0, 0.0     0, 0.0  -0.015  36.5-108.7 -80.8 156.3  -20.7   68.8  -29.4               
  645  645 A E        -     0   0  192     -3,-0.1     0, 0.0     1,-0.1     0, 0.0  -0.497  36.6-138.9 -59.8 107.6  -20.4   68.1  -25.6               
  646  646 A Y        -     0   0  208     -2,-0.5    -1,-0.1     1,-0.1     0, 0.0  -0.676  22.1-122.0 -74.5 128.6  -21.9   64.6  -25.1               
  647  647 A P        -     0   0  103      0, 0.0    -1,-0.1     0, 0.0     0, 0.0  -0.242  32.9 -89.4 -66.4 157.2  -24.0   64.5  -21.9               
  648  648 A P        -     0   0  113      0, 0.0     0, 0.0     0, 0.0     0, 0.0  -0.338  60.9 -83.5 -56.9 148.1  -23.2   62.1  -19.0               
  649  649 A P        -     0   0  118      0, 0.0    -3,-0.0     0, 0.0     0, 0.0  -0.316  57.9 -99.3 -57.3 137.3  -25.1   58.7  -19.4               
  650  650 A P        -     0   0  114      0, 0.0     0, 0.0     0, 0.0     0, 0.0  -0.232  39.5-100.4 -62.0 146.5  -28.6   59.1  -18.0               
  651  651 A P        -     0   0  116      0, 0.0     0, 0.0     0, 0.0     0, 0.0  -0.399  47.2 -97.7 -60.6 141.1  -29.3   57.8  -14.5               
  652  652 A P        -     0   0  116      0, 0.0     0, 0.0     0, 0.0     0, 0.0  -0.366  53.0 -92.6 -60.0 141.3  -31.1   54.3  -14.6               
  653  653 A P        -     0   0  120      0, 0.0     0, 0.0     0, 0.0     0, 0.0  -0.192  50.6 -91.7 -63.4 148.8  -34.9   54.8  -14.1               
  654  654 A P        -     0   0  117      0, 0.0     0, 0.0     0, 0.0     0, 0.0  -0.225  54.9 -72.4 -68.5 150.3  -36.4   54.6  -10.6               
  655  655 A H  S    S+     0   0  172      1,-0.2     3,-0.0     3,-0.0     0, 0.0   0.042  76.4 104.7 -36.0 131.1  -37.7   51.4   -8.9               
  656  656 A I  S >  S+     0   0  147      0, 0.0     2,-1.4     0, 0.0     3,-0.8  -0.106  73.6  60.9-157.6 -46.6  -40.9   49.4   -9.6               
  657  657 A Y  T 3  S+     0   0  200      1,-0.2    -2,-0.0     2,-0.1     0, 0.0  -0.564  79.4  80.2 -89.7  80.9  -39.9   46.2  -11.6               
  658  658 A D  T 3> S+     0   0   61     -2,-1.4     4,-1.1    -3,-0.0    -1,-0.2   0.354  81.3  60.6-147.0 -21.2  -37.6   44.3   -9.3               
  659  659 A F  H <> S+     0   0  128     -3,-0.8     4,-2.3     2,-0.2     5,-0.1   0.927 102.7  53.0 -72.7 -42.8  -39.9   42.5   -6.8               
  660  660 A V  H  > S+     0   0   87     -4,-0.3     4,-3.0     2,-0.2     5,-0.2   0.920 110.1  46.0 -62.6 -45.8  -41.8   40.5   -9.6               
  661  661 A N  H  > S+     0   0  107      1,-0.2     4,-1.7     2,-0.2    -1,-0.2   0.843 113.5  50.5 -69.3 -30.8  -38.6   39.0  -11.1               
  662  662 A S  H  X S+     0   0   31     -4,-1.1     4,-1.3     2,-0.2    -2,-0.2   0.883 113.2  46.5 -67.6 -37.9  -37.4   38.2   -7.6               
  663  663 A L  H  X S+     0   0   69     -4,-2.3     4,-2.7     2,-0.2    -2,-0.2   0.930 111.3  49.7 -72.8 -43.8  -40.8   36.5   -6.9               
  664  664 A E  H  X S+     0   0   90     -4,-3.0     4,-2.6     1,-0.2    -2,-0.2   0.895 111.7  50.0 -61.3 -38.4  -40.8   34.6  -10.3               
  665  665 A L  H  X S+     0   0  110     -4,-1.7     4,-0.8    -5,-0.2    -1,-0.2   0.837 111.2  49.5 -69.1 -30.0  -37.2   33.4   -9.4               
  666  666 A M  H  X S+     0   0   23     -4,-1.3     4,-2.5     2,-0.2    -2,-0.2   0.889 112.5  46.4 -72.6 -39.1  -38.6   32.3   -6.0               
  667  667 A D  H  X S+     0   0  104     -4,-2.7     4,-2.8     2,-0.2    -2,-0.2   0.913 111.3  51.5 -68.9 -40.8  -41.5   30.4   -7.6               
  668  668 A R  H  < S+     0   0  176     -4,-2.6    -1,-0.2     1,-0.2    -2,-0.2   0.753 113.2  46.3 -68.6 -22.4  -39.1   28.8  -10.1               
  669  669 A L  H >< S+     0   0   76     -4,-0.8     3,-1.2    -5,-0.2     4,-0.3   0.864 109.8  53.1 -78.5 -41.1  -37.0   27.8   -7.0               
  670  670 A G  H ><>S+     0   0   17     -4,-2.5     3,-1.9     1,-0.3     5,-1.0   0.917 103.6  56.9 -60.2 -40.7  -40.1   26.5   -5.2               
  671  671 A A  T 3<5S+     0   0   83     -4,-2.8     3,-0.4     1,-0.3    -1,-0.3   0.684 102.1  57.8 -61.0 -19.0  -41.0   24.3   -8.2               
  672  672 A Q  T < 5S+     0   0  127     -3,-1.2    -1,-0.3     1,-0.2    -2,-0.2   0.515  99.8  61.1 -87.0  -7.5  -37.5   22.8   -7.7               
  673  673 A W  T X 5S-     0   0  199     -3,-1.9     3,-1.1    -4,-0.3    -1,-0.2  -0.346 122.8 -85.0-121.9  48.4  -38.3   21.7   -4.1               
  674  674 A G  T 3 5S-     0   0   73     -3,-0.4    -3,-0.1     1,-0.2    -2,-0.1   0.611  74.7 -70.5  70.4  15.6  -41.3   19.3   -4.4               
  675  675 A G  T 3 <S+     0   0   61     -5,-1.0    -1,-0.2     1,-0.3    -4,-0.1   0.400  88.2 139.6  82.1   1.0  -44.2   21.8   -4.5               
  676  676 A M    <   -     0   0  149     -3,-1.1    -1,-0.3    -6,-0.2     2,-0.3  -0.650  52.0-131.2 -70.0 119.8  -44.0   22.9   -0.8               
  677  677 A P        -     0   0  116      0, 0.0     2,-0.2     0, 0.0     3,-0.1  -0.527  26.3-109.1 -67.6 133.8  -44.6   26.8   -0.7               
  678  678 A M        -     0   0   45     -2,-0.3     5,-0.1   -12,-0.1    -8,-0.0  -0.475  42.4-106.1 -58.8 128.7  -41.9   28.5    1.4               
  679  679 A S    >>  -     0   0   66     -2,-0.2     4,-3.0     1,-0.1     3,-0.6  -0.191  25.8-111.8 -55.9 149.2  -43.7   29.7    4.6               
  680  680 A F  H 3> S+     0   0  164      1,-0.3     4,-2.6     2,-0.2     5,-0.1   0.854 121.3  53.4 -53.7 -34.6  -44.3   33.5    4.8               
  681  681 A Q  H 3> S+     0   0  152      2,-0.2     4,-2.2     3,-0.2    -1,-0.3   0.881 111.3  44.8 -68.4 -36.9  -41.7   33.6    7.7               
  682  682 A M  H <> S+     0   0   95     -3,-0.6     4,-2.8     2,-0.2    -2,-0.2   0.909 113.5  49.5 -74.9 -39.9  -39.1   31.9    5.4               
  683  683 A Q  H  X S+     0   0   56     -4,-3.0     4,-3.2     2,-0.2     5,-0.2   0.940 112.9  48.8 -58.2 -44.6  -40.0   34.1    2.4               
  684  684 A T  H  X S+     0   0   55     -4,-2.6     4,-2.6    -5,-0.3    -2,-0.2   0.906 112.4  47.1 -65.0 -41.0  -39.6   37.1    4.8               
  685  685 A Q  H  X S+     0   0  106     -4,-2.2     4,-2.8     2,-0.2    -2,-0.2   0.909 114.3  47.8 -63.9 -41.6  -36.2   35.8    6.1               
  686  686 A M  H  X S+     0   0   84     -4,-2.8     4,-2.8     2,-0.2    -2,-0.2   0.960 114.9  44.7 -63.7 -50.0  -35.1   35.2    2.4               
  687  687 A L  H  X S+     0   0   50     -4,-3.2     4,-2.8     2,-0.2    -2,-0.2   0.911 115.3  48.9 -58.6 -43.7  -36.2   38.7    1.3               
  688  688 A T  H  X S+     0   0   65     -4,-2.6     4,-2.7    -5,-0.2    -2,-0.2   0.918 113.6  45.8 -65.8 -42.7  -34.6   40.2    4.5               
  689  689 A R  H  X S+     0   0  144     -4,-2.8     4,-2.5     2,-0.2    -2,-0.2   0.901 113.8  49.3 -65.0 -40.3  -31.3   38.3    3.8               
  690  690 A L  H  X S+     0   0   90     -4,-2.8     4,-2.2     2,-0.2    -2,-0.2   0.923 112.8  47.6 -64.6 -42.4  -31.4   39.3    0.1               
  691  691 A H  H  X S+     0   0  116     -4,-2.8     4,-1.9     2,-0.2    -2,-0.2   0.927 112.5  49.1 -62.4 -45.4  -32.0   43.0    1.2               
  692  692 A Q  H  X S+     0   0  113     -4,-2.7     4,-0.7     1,-0.2    -2,-0.2   0.888 112.5  47.6 -64.0 -39.9  -29.1   42.7    3.8               
  693  693 A L  H  < S+     0   0  142     -4,-2.5     3,-0.3     2,-0.2    -1,-0.2   0.883 111.4  51.9 -65.9 -36.7  -26.8   41.3    1.1               
  694  694 A R  H  < S+     0   0  181     -4,-2.2    -2,-0.2     1,-0.2    -1,-0.2   0.805 113.3  43.3 -73.2 -28.6  -27.9   44.0   -1.4               
  695  695 A Q  H  < S+     0   0  140     -4,-1.9     2,-1.7     1,-0.2    -1,-0.2   0.558  87.5 102.0 -83.9 -11.0  -27.1   46.8    1.2               
  696  696 A G     <  +     0   0   58     -4,-0.7    -1,-0.2    -3,-0.3     2,-0.1  -0.057  66.4  72.1 -73.3  35.5  -23.8   45.0    2.2               
  697  697 A K  S    S+     0   0  208     -2,-1.7    -1,-0.2     1,-0.2     2,-0.1  -0.527  72.2  53.7-156.6  87.9  -21.4   47.4    0.1               
  698  698 A G        -     0   0   71     -2,-0.1    -1,-0.2     2,-0.0     0, 0.0  -0.099  58.7 -17.0 151.8 131.3  -20.5   51.0    1.0               
  699  699 A L        +     0   0  174      1,-0.1     2,-0.2     2,-0.1     3,-0.1   0.940  13.8 170.4  64.1 104.7  -19.2   54.0    3.0               
  700  700 A I        +     0   0  175      1,-0.2    -1,-0.1     2,-0.0    -2,-0.0  -0.801  57.4  61.7-144.6 131.5  -18.4   55.4    6.4               
  701  701 A A        +     0   0   89     -2,-0.2    -1,-0.2     0, 0.0    -2,-0.1   0.910  56.8  25.2-136.7-172.0  -16.8   58.3    6.2               
  702  702 A A        -     0   0   90     -3,-0.1    -2,-0.0     0, 0.0    -3,-0.0   0.881  46.9 -11.6-164.3 168.7  -16.3   61.6    5.5               
  703  703 A S        -     0   0  108      0, 0.0     0, 0.0     0, 0.0     0, 0.0   0.590  19.6-113.1-173.5 149.3  -17.7   64.6    4.9               
  704  704 A A        +     0   0  112      1,-0.0     0, 0.0     0, 0.0     0, 0.0   0.890  26.3 130.5  65.1 136.7  -19.7   67.9    4.2               
  705  705 A G        -     0   0   77      0, 0.0    -1,-0.0     0, 0.0     0, 0.0   0.155  33.0-157.3 147.9 104.0  -20.3   70.8    1.7               
  706  706 A P        -     0   0  123      0, 0.0     0, 0.0     0, 0.0     0, 0.0  -0.448   7.6 -19.6-123.3-161.0  -23.7   72.3    0.3               
  707  707 A P        +     0   0  125      0, 0.0     0, 0.0     0, 0.0     0, 0.0   0.767  10.8 160.7-127.7 179.0  -25.8   74.0   -1.7               
  708  708 A G        -     0   0   83      2,-0.0     0, 0.0     0, 0.0     0, 0.0   0.040  27.7-102.9 171.9  97.7  -27.6   76.2   -4.4               
  709  709 A G        +     0   0   76      0, 0.0     0, 0.0     0, 0.0     0, 0.0   0.975  26.4  93.2  84.0 125.8  -30.7   76.8   -6.3               
  710  710 A A        +     0   0   98      0, 0.0    -2,-0.0     0, 0.0     0, 0.0   0.786  18.8  43.6  71.6 143.8  -33.2   77.0   -9.2               
  711  711 A F        -     0   0  200      0, 0.0     0, 0.0     0, 0.0     0, 0.0   0.746  23.7 -68.1-161.3 161.7  -35.6   76.4  -11.2               
  712  712 A G        -     0   0   52      0, 0.0     0, 0.0     0, 0.0     0, 0.0   0.978  24.7 -17.9  88.1 106.8  -38.7   75.5  -13.3               
  713  713 A E        +     0   0  191      0, 0.0     0, 0.0     0, 0.0     0, 0.0   0.893  17.9  98.2  56.7 145.7  -41.3   73.4  -14.8               
  714  714 A A        -     0   0   81      2,-0.0     0, 0.0     0, 0.0     0, 0.0   0.708  17.2-107.3-167.9 165.0  -43.4   71.4  -16.1               
  715  715 A F        -     0   0  202      0, 0.0     0, 0.0     0, 0.0     0, 0.0   0.654  15.6-142.3  81.9 147.5  -46.2   68.9  -16.9               
  716  716 A L        +     0   0  154      2,-0.0    -2,-0.0     1,-0.0     0, 0.0  -0.349  15.6 111.6-114.0-161.2  -47.8   65.4  -17.7               
  717  717 A P        -     0   0  103      0, 0.0    -1,-0.0     0, 0.0     0, 0.0   0.843  19.1 -94.5-132.4-175.6  -49.8   63.1  -19.1               
  718  718 A F        +     0   0  199      0, 0.0    -2,-0.0     0, 0.0     0, 0.0   0.448  27.2  54.9   6.2 159.1  -51.4   60.1  -21.1               
  719  719 A P        +     0   0  113      0, 0.0     0, 0.0     0, 0.0     0, 0.0   0.114  19.5 177.5-137.5-121.8  -52.9   58.4  -23.3               
  720  720 A P        -     0   0  113      0, 0.0     0, 0.0     0, 0.0     0, 0.0  -0.018   3.2-156.5-125.2-140.9  -53.7   56.7  -27.0               
  721  721 A P        -     0   0  100      0, 0.0     0, 0.0     0, 0.0     0, 0.0   0.746  13.0 -36.8-140.0-169.8  -55.1   54.9  -29.5               
  722  722 A Q        +     0   0  154      0, 0.0     0, 0.0     0, 0.0     0, 0.0   0.950  31.9   9.3  73.3 129.1  -56.0   52.9  -32.8               
  723  723 A E        +     0   0  162      0, 0.0     0, 0.0     0, 0.0     0, 0.0   0.990  25.8  25.3  75.2 119.1  -56.0   52.0  -36.4               
  724  724 A A        -     0   0   93      0, 0.0     0, 0.0     0, 0.0     0, 0.0   0.996  18.6 -35.0  96.3 120.6  -55.4   51.7  -40.0               
  725  725 A A        +     0   0   77      2,-0.0     0, 0.0     0, 0.0     0, 0.0   0.704  15.2 121.0  94.8 153.2  -54.5   51.5  -43.6               
  726  726 A Y        +     0   0  235      0, 0.0     0, 0.0     0, 0.0     0, 0.0   0.641  23.9  81.1  72.7 142.5  -53.1   52.0  -47.2               
  727  727 A G        +     0   0   73      1,-0.1    -2,-0.0     0, 0.0     0, 0.0   0.721  12.1 118.9-177.9 169.2  -51.4   51.2  -49.8               
  728  728 A L        +     0   0  170      0, 0.0    -1,-0.1     0, 0.0     0, 0.0   0.075   6.5 177.0 -59.5 176.5  -50.1   49.6  -53.2               
  729  729 A P        +     0   0  108      0, 0.0     0, 0.0     0, 0.0     0, 0.0   0.288  19.1   1.5-156.8 179.7  -48.9   49.5  -56.3               
  730  730 A Y        +     0   0  218      0, 0.0     0, 0.0     0, 0.0     0, 0.0   0.794  21.7 133.7  74.4 150.5  -47.5   47.8  -59.5               
  731  731 A A        -     0   0   65      0, 0.0     0, 0.0     0, 0.0     0, 0.0   0.699  16.1-126.3-178.4 174.1  -46.5   45.6  -61.8               
  732  732 A L        +     0   0  148      0, 0.0     0, 0.0     0, 0.0     0, 0.0   0.680  30.6  41.5  83.4 138.4  -45.7   43.5  -65.0               
  733  733 A Y        -     0   0  210      2,-0.0     0, 0.0     0, 0.0     0, 0.0   0.637  21.7-152.9-163.8 148.8  -45.6   40.7  -66.7               
  734  734 A A        -     0   0   67      0, 0.0     0, 0.0     0, 0.0     0, 0.0   0.880  14.6 -41.4  51.5 127.5  -46.2   37.3  -68.3               
  735  735 A Q        -     0   0  198      0, 0.0    -2,-0.0     0, 0.0     0, 0.0   0.758  11.9-110.8  72.2 135.9  -45.8   34.1  -69.8               
  736  736 A G        -     0   0   66      0, 0.0     0, 0.0     0, 0.0     0, 0.0   0.847   8.7-175.8 165.9-167.1  -45.0   31.4  -71.4               
  737  737 A Q        -     0   0  169      0, 0.0     0, 0.0     0, 0.0     0, 0.0   0.977  19.9-101.3  80.2 109.2  -45.5   28.4  -74.0               
  738  738 A E        +     0   0  172      0, 0.0     0, 0.0     0, 0.0     0, 0.0   0.754  19.9 171.4  39.6 139.8  -44.4   25.2  -75.6               
  739  739 A G        -     0   0   67      0, 0.0     0, 0.0     0, 0.0     0, 0.0   0.714  21.7 -34.6 149.6  96.5  -43.0   23.5  -78.5               
  740  740 A R        +     0   0  259      0, 0.0     2,-0.0     0, 0.0     0, 0.0   0.694  22.3 156.2  66.8 152.0  -41.6   20.2  -80.1               
  741  741 A G        +     0   0   71      0, 0.0     0, 0.0     0, 0.0     0, 0.0   0.219   4.8 112.4 154.8 138.5  -40.2   17.3  -80.7               
  742  742 A A        +     0   0   97     -2,-0.0     0, 0.0     0, 0.0     0, 0.0   0.386   7.4 142.4  68.7 160.5  -39.1   13.8  -82.1               
  743  743 A Y        -     0   0  216      0, 0.0     0, 0.0     0, 0.0     0, 0.0   0.637  24.1-148.8-154.1 143.9  -37.6   11.3  -83.4               
  744  744 A S        -     0   0  109      1,-0.0     2,-0.0     0, 0.0     0, 0.0   0.667   2.1 -86.1  21.8 161.5  -37.0    7.5  -83.2               
  745  745 A R        -     0   0  214      1,-0.0     2,-0.3     0, 0.0    -1,-0.0   0.440  10.2-133.2 167.6 136.9  -35.8    4.4  -83.3               
  746  746 A E        +     0   0  198      2,-0.0     2,-0.3    -2,-0.0    -1,-0.0  -0.973  33.7 158.2-157.9 160.6  -34.6    0.8  -84.2               
  747  747 A A        -     0   0   67     -2,-0.3     2,-0.3     2,-0.0     0, 0.0  -0.997  39.1-148.8-162.9 154.4  -34.9   -2.6  -82.4               
  748  748 A Y        +     0   0  244     -2,-0.3     2,-0.3     2,-0.0    -2,-0.0  -0.969  34.9 177.6-131.7 142.7  -34.9   -6.4  -82.0               
  749  749 A H        +     0   0   86     -2,-0.3     3,-0.1     5,-0.0     5,-0.1  -0.812  12.7 177.7-159.3 101.9  -37.2   -7.5  -79.1               
  750  750 A L        +     0   0  167     -2,-0.3    -2,-0.0     1,-0.2     0, 0.0  -0.916  59.6  22.9-149.5 133.3  -38.2  -11.0  -77.7               
  751  751 A P  S    S+     0   0  113      0, 0.0    -1,-0.2     0, 0.0     0, 0.0   0.758  92.0   3.1-125.6 166.1  -40.1  -11.2  -75.2               
  752  752 A M  S    S-     0   0  129     -3,-0.1    -2,-0.0     3,-0.0    -3,-0.0   0.835  71.5 -36.6-172.5 161.0  -42.3   -9.1  -73.8               
  753  753 A P  S    S-     0   0   98      0, 0.0    -3,-0.0     0, 0.0    -4,-0.0   0.486  72.1 -41.7-128.9 143.3  -43.9   -6.4  -73.7               
  754  754 A M        -     0   0  147      1,-0.1     2,-0.0    -5,-0.1    -5,-0.0   0.925  50.1-153.4  55.4  79.4  -43.2   -2.7  -74.7               
  755  755 A A        +     0   0   75      1,-0.0    -1,-0.1     0, 0.0    -6,-0.0   0.154  21.2   9.9  75.3 101.8  -40.5   -0.9  -74.1               
  756  756 A A        +     0   0   92     -2,-0.0    -2,-0.0     0, 0.0    -1,-0.0   0.972  36.6  76.3  70.5 124.1  -38.9    2.5  -73.6               
  757  757 A E        -     0   0  172      2,-0.0     0, 0.0     0, 0.0     0, 0.0   0.813  34.1  -4.9  67.7 155.0  -38.6    6.2  -73.0               
  758  758 A P        +     0   0   87      0, 0.0     0, 0.0     0, 0.0     0, 0.0   0.686  23.3 140.5-130.8 157.8  -38.6    9.2  -71.8               
  759  759 A L        +     0   0  183      2,-0.0     2,-0.5     0, 0.0    -2,-0.0  -0.648  29.3 171.9-132.1  81.5  -39.2   11.6  -68.9               
  760  760 A P        -     0   0  107      0, 0.0     0, 0.0     0, 0.0     0, 0.0  -0.785  40.0 -60.6 -87.5 129.5  -36.5   14.4  -68.6               
  761  761 A S        +     0   0  120     -2,-0.5    -2,-0.0     2,-0.0     0, 0.0   0.428  70.0 102.7  23.2  96.4  -36.6   17.4  -66.3               
  762  762 A S        +     0   0  113      1,-0.1     2,-0.3     0, 0.0    -1,-0.0   0.198  19.2 147.4 175.1 108.1  -38.9   20.2  -65.8               
  763  763 A S        +     0   0  109      2,-0.1     2,-0.3     0, 0.0    -1,-0.1  -0.878  11.8 179.3-148.2 115.4  -41.7   21.0  -63.2               
  764  764 A V        +     0   0  141     -2,-0.3     2,-0.2     0, 0.0     0, 0.0  -0.819  16.9 166.0  69.0  53.3  -42.3   24.0  -62.3               
  765  765 A S        -     0   0  107     -2,-0.3    -2,-0.1     0, 0.0     2,-0.0  -0.780  20.6-105.4-149.2 126.0  -45.1   24.1  -59.7               
  766  766 A G        -     0   0   67      1,-0.3     2,-0.2    -2,-0.2     0, 0.0   0.338   6.7-126.4  88.8  85.3  -46.2   26.3  -57.7               
  767  767 A E        +     0   0  184     -2,-0.0    -1,-0.3     0, 0.0     2,-0.1  -0.037  30.4 135.8  51.2  96.7  -46.8   28.0  -54.9               
  768  768 A E        +     0   0  177      1,-0.3     0, 0.0    -2,-0.2     0, 0.0  -0.055  31.3  16.8-172.1 166.8  -49.5   29.2  -53.3               
  769  769 A A        +     0   0   93     -2,-0.1    -1,-0.3     0, 0.0     0, 0.0   0.467  42.8  75.7  65.8 152.5  -51.2   29.5  -49.7               
  770  770 A R        +     0   0  243      1,-0.1    -2,-0.0     0, 0.0     0, 0.0   0.669  33.8 155.7-147.5 140.4  -51.6   29.5  -46.6               
  771  771 A L        -     0   0  158      3,-0.0    -1,-0.1     0, 0.0     3,-0.0  -0.275  25.9-164.4 -81.3 168.2  -50.7   31.8  -43.6               
  772  772 A P        -     0   0  121      0, 0.0     0, 0.0     0, 0.0     0, 0.0  -0.499  57.0 -47.9-137.6-176.0  -51.3   33.0  -40.5               
  773  773 A P        -     0   0  125      0, 0.0     2,-0.4     0, 0.0     0, 0.0   0.662  30.8-168.7-104.5 178.3  -49.7   36.1  -39.6               
  774  774 A R        -     0   0  205     -3,-0.0     2,-0.3     0, 0.0    -3,-0.0  -0.996   8.4-172.7-130.6 128.5  -46.7   38.5  -39.4               
  775  775 A E        -     0   0  189     -2,-0.4     2,-0.0     0, 0.0     0, 0.0  -0.960  28.4-104.3-131.6 116.5  -46.1   41.8  -37.6               
  776  776 A E        -     0   0  134     -2,-0.3     2,-0.2     1,-0.1     0, 0.0   0.221  12.0-121.4  66.2  99.3  -43.4   43.8  -37.9               
  777  777 A A        -     0   0   94     -2,-0.0     2,-0.3     0, 0.0    -1,-0.1  -0.727  14.0-160.3  92.3  68.0  -40.5   45.0  -36.7               
  778  778 A E        -     0   0  180     -2,-0.2     2,-0.1     2,-0.0     0, 0.0  -0.986  16.3-135.4-126.0 136.7  -39.0   48.4  -35.7               
  779  779 A L        +     0   0  153     -2,-0.3     2,-0.3     0, 0.0     0, 0.0  -0.403  22.8 171.6  98.9  76.9  -35.8   49.4  -35.4               
  780  780 A A        -     0   0  102     -2,-0.1    -2,-0.0     2,-0.0     0, 0.0  -0.947  38.5-108.2-146.8 132.6  -33.7   51.5  -33.0               
  781  781 A E        +     0   0  167     -2,-0.3     0, 0.0     1,-0.1     0, 0.0  -0.043  38.9 158.6 -60.5 148.6  -29.9   51.8  -33.1               
  782  782 A G        -     0   0   62      2,-0.1     2,-0.7     0, 0.0    -1,-0.1  -0.161  17.4-167.7-166.1  57.2  -27.2   50.3  -30.8               
  783  783 A K        +     0   0  184      2,-0.0     2,-0.3     0, 0.0    -2,-0.0  -0.363  27.1 148.2 -61.0 100.5  -23.6   49.9  -32.4               
  784  784 A T        -     0   0  126     -2,-0.7    -2,-0.1     2,-0.0     0, 0.0  -0.919  49.4 -84.6-135.4 157.1  -21.5   47.7  -30.1               
  785  785 A L    >>  -     0   0  129     -2,-0.3     3,-1.6     1,-0.1     4,-0.5  -0.340  23.4-129.2 -74.3 145.1  -18.6   45.2  -30.9               
  786  786 A P  H 3> S+     0   0  113      0, 0.0     4,-0.8     0, 0.0    -1,-0.1   0.642 101.6  73.7 -63.9 -14.3  -19.1   41.5  -31.9               
  787  787 A T  H 3> S+     0   0   90      2,-0.2     4,-2.4     1,-0.2     3,-0.3   0.869  87.7  60.5 -64.0 -36.7  -16.6   40.4  -29.1               
  788  788 A A  H <> S+     0   0   67     -3,-1.6     4,-2.6     1,-0.2    -1,-0.2   0.936 103.7  46.1 -66.1 -47.9  -19.1   41.1  -26.3               
  789  789 A G  H  X S+     0   0   46     -4,-0.5     4,-1.4     2,-0.2    -1,-0.2   0.747 112.9  53.2 -66.3 -22.5  -21.8   38.6  -27.4               
  790  790 A T  H  X S+     0   0   85     -4,-0.8     4,-2.3    -3,-0.3    -2,-0.2   0.941 110.0  45.6 -75.7 -47.7  -19.0   36.0  -27.9               
  791  791 A V  H  X S+     0   0   93     -4,-2.4     4,-2.8     1,-0.2     5,-0.2   0.915 111.1  55.1 -60.2 -42.0  -17.6   36.5  -24.4               
  792  792 A G  H  X S+     0   0   42     -4,-2.6     4,-2.2     1,-0.2    -1,-0.2   0.912 109.8  45.3 -58.2 -44.1  -21.2   36.3  -23.0               
  793  793 A R  H  X S+     0   0  162     -4,-1.4     4,-2.2     2,-0.2    -2,-0.2   0.902 113.3  49.8 -68.1 -39.5  -21.8   32.9  -24.7               
  794  794 A V  H  X S+     0   0   79     -4,-2.3     4,-2.3     2,-0.2    -2,-0.2   0.924 112.3  48.1 -63.2 -43.1  -18.4   31.5  -23.5               
  795  795 A L  H  X S+     0   0  113     -4,-2.8     4,-2.4     2,-0.2    -2,-0.2   0.903 109.9  52.6 -64.5 -40.7  -19.2   32.7  -19.9               
  796  796 A A  H  X S+     0   0   61     -4,-2.2     4,-2.2    -5,-0.2    -2,-0.2   0.910 110.3  47.3 -62.4 -42.4  -22.6   31.1  -20.1               
  797  797 A M  H  X S+     0   0  135     -4,-2.2     4,-2.8     2,-0.2    -2,-0.2   0.923 111.3  51.6 -65.2 -41.2  -21.1   27.7  -21.1               
  798  798 A L  H  X S+     0   0   98     -4,-2.3     4,-2.6     2,-0.2    -2,-0.2   0.912 112.0  46.4 -59.6 -44.0  -18.5   28.0  -18.3               
  799  799 A V  H  X S+     0   0   90     -4,-2.4     4,-2.6     2,-0.2    -1,-0.2   0.890 113.1  50.0 -65.4 -39.2  -21.3   28.6  -15.7               
  800  800 A Q  H  X S+     0   0  128     -4,-2.2     4,-2.4     2,-0.2    -2,-0.2   0.909 111.7  47.1 -69.3 -40.5  -23.4   25.7  -17.2               
  801  801 A E  H  X S+     0   0  129     -4,-2.8     4,-2.3     2,-0.2    -2,-0.2   0.966 112.8  50.1 -62.0 -48.3  -20.4   23.3  -17.0               
  802  802 A M  H  X S+     0   0  112     -4,-2.6     4,-3.1     1,-0.2    -2,-0.2   0.904 110.9  49.3 -54.2 -45.4  -19.7   24.5  -13.4               
  803  803 A K  H  X S+     0   0  128     -4,-2.6     4,-2.4     1,-0.2    -1,-0.2   0.916 112.2  47.9 -61.9 -42.2  -23.4   23.9  -12.5               
  804  804 A S  H  X S+     0   0   47     -4,-2.4     4,-1.7     2,-0.2    -2,-0.2   0.823 113.9  47.3 -66.8 -33.9  -23.2   20.4  -14.1               
  805  805 A I  H  X S+     0   0   83     -4,-2.3     4,-2.8     2,-0.2     5,-0.2   0.962 113.2  47.7 -70.6 -51.2  -20.0   19.7  -12.2               
  806  806 A M  H  X S+     0   0  127     -4,-3.1     4,-2.4     1,-0.2    -2,-0.2   0.860 111.9  50.5 -58.8 -39.1  -21.4   21.0   -8.8               
  807  807 A Q  H  X S+     0   0   83     -4,-2.4     4,-2.8     2,-0.2    -1,-0.2   0.923 113.0  45.5 -65.8 -43.2  -24.7   18.9   -9.4               
  808  808 A R  H  X S+     0   0  149     -4,-1.7     4,-2.5     2,-0.2    -2,-0.2   0.904 114.8  48.4 -63.8 -40.0  -22.6   15.7  -10.0               
  809  809 A D  H  X S+     0   0   75     -4,-2.8     4,-2.1     2,-0.2    -2,-0.2   0.865 114.3  46.1 -68.8 -37.3  -20.4   16.5   -7.0               
  810  810 A L  H  X S+     0   0  100     -4,-2.4     4,-2.1    -5,-0.2    -2,-0.2   0.944 114.9  45.8 -69.0 -49.2  -23.5   17.2   -4.8               
  811  811 A N  H  X S+     0   0   78     -4,-2.8     4,-2.7     2,-0.2     5,-0.2   0.913 113.1  51.3 -61.7 -41.6  -25.3   14.0   -6.0               
  812  812 A R  H  X S+     0   0  147     -4,-2.5     4,-2.7     1,-0.2    -2,-0.2   0.935 111.9  46.3 -60.6 -45.9  -22.0   12.0   -5.5               
  813  813 A K  H  X S+     0   0  105     -4,-2.1     4,-2.4     2,-0.2    -1,-0.2   0.797 111.7  52.4 -65.6 -31.8  -21.7   13.3   -1.9               
  814  814 A M  H  X S+     0   0  110     -4,-2.1     4,-2.3     2,-0.2    -2,-0.2   0.955 112.8  43.3 -68.2 -48.2  -25.4   12.6   -1.3               
  815  815 A V  H  X S+     0   0  104     -4,-2.7     4,-2.7     2,-0.2    -2,-0.2   0.903 115.2  50.4 -63.2 -42.2  -24.9    8.9   -2.5               
  816  816 A E  H  X S+     0   0   59     -4,-2.7     4,-2.7    -5,-0.2    -2,-0.2   0.944 111.4  47.8 -60.8 -47.1  -21.6    8.7   -0.5               
  817  817 A N  H  X S+     0   0  107     -4,-2.4     4,-2.3     2,-0.2    -2,-0.2   0.879 114.2  46.6 -62.6 -39.5  -23.4   10.0    2.7               
  818  818 A V  H  X S+     0   0  103     -4,-2.3     4,-2.5     2,-0.2    -2,-0.2   0.934 113.8  48.3 -67.0 -44.3  -26.3    7.6    2.3               
  819  819 A A  H  X S+     0   0   57     -4,-2.7     4,-2.2     2,-0.2    -2,-0.2   0.884 112.9  48.1 -64.5 -39.2  -23.9    4.6    1.6               
  820  820 A F  H  X S+     0   0  115     -4,-2.7     4,-2.9     2,-0.2    -2,-0.2   0.922 111.5  50.5 -66.3 -41.6  -21.8    5.6    4.7               
  821  821 A G  H  X S+     0   0   32     -4,-2.3     4,-2.2     2,-0.2    -2,-0.2   0.915 113.1  45.4 -61.9 -42.6  -25.0    5.9    6.8               
  822  822 A A  H  X S+     0   0   57     -4,-2.5     4,-2.3     2,-0.2    -1,-0.2   0.880 114.4  49.4 -66.7 -38.4  -26.1    2.4    5.6               
  823  823 A F  H  X S+     0   0  103     -4,-2.2     4,-2.6     2,-0.2    -2,-0.2   0.926 110.8  48.9 -66.1 -44.8  -22.6    1.0    6.2               
  824  824 A D  H  X S+     0   0   89     -4,-2.9     4,-3.0     2,-0.2    -2,-0.2   0.936 113.7  46.8 -63.2 -43.6  -22.4    2.5    9.8               
  825  825 A Q  H  X S+     0   0  126     -4,-2.2     4,-2.7     2,-0.2    -2,-0.2   0.904 113.5  48.2 -63.7 -41.8  -25.8    1.0   10.6               
  826  826 A W  H  X S+     0   0  145     -4,-2.3     4,-1.7     2,-0.2    -2,-0.2   0.905 114.0  47.8 -62.5 -39.9  -24.9   -2.4    9.1               
  827  827 A W  H  X S+     0   0  132     -4,-2.6     4,-2.6     2,-0.2    -2,-0.2   0.921 112.4  47.7 -68.0 -45.2  -21.6   -2.2   11.2               
  828  828 A E  H  X S+     0   0  136     -4,-3.0     4,-2.5     2,-0.2    -2,-0.2   0.949 112.9  48.6 -61.1 -46.6  -23.4   -1.2   14.4               
  829  829 A S  H  X S+     0   0   38     -4,-2.7     4,-2.3     1,-0.2    -1,-0.2   0.824 113.6  48.2 -65.5 -29.7  -25.9   -4.1   13.9               
  830  830 A K  H  X S+     0   0  120     -4,-1.7     4,-0.8     2,-0.2    -2,-0.2   0.887 111.2  49.0 -71.8 -40.2  -23.0   -6.4   13.2               
  831  831 A E  H  < S+     0   0   63     -4,-2.6     4,-0.2     2,-0.2    -2,-0.2   0.827 115.0  46.2 -69.0 -32.6  -21.1   -5.2   16.4               
  832  832 A E  H >< S+     0   0  135     -4,-2.5     3,-1.9     2,-0.2    -2,-0.2   0.963 111.6  49.4 -68.9 -52.9  -24.4   -5.7   18.4               
  833  833 A K  H 3< S+     0   0  151     -4,-2.3    -2,-0.2     1,-0.3    -1,-0.2   0.618 110.5  54.1 -64.3 -13.2  -25.0   -9.2   16.8               
  834  834 A A  T 3< S+     0   0   73     -4,-0.8    -1,-0.3     1,-0.1    -2,-0.2   0.479  90.1  77.7 -95.4  -7.8  -21.4  -10.1   17.7               
  835  835 A K    X   +     0   0  131     -3,-1.9     2,-1.7    -4,-0.2     3,-0.7   0.681  67.8  84.9 -79.9 -16.8  -21.7   -9.1   21.5               
  836  836 A P  T 3  S+     0   0   94      0, 0.0    -1,-0.2     0, 0.0    -4,-0.0  -0.392  71.9  78.0 -86.3  64.2  -23.5  -12.3   22.9               
  837  837 A F  T 3  S+     0   0  190     -2,-1.7    -2,-0.1    -3,-0.1    -3,-0.0   0.341  89.3  43.9-144.4   7.1  -20.4  -14.5   23.4               
  838  838 A Q  S <  S+     0   0  186     -3,-0.7    -3,-0.0     2,-0.0     0, 0.0   0.477 110.4  48.2-129.2  -2.8  -18.7  -13.3   26.7               
  839  839 A N  S    S+     0   0  160     -4,-0.3     3,-0.3     1,-0.1    -4,-0.0   0.352  94.4  73.7-113.8   2.6  -21.7  -12.8   29.2               
  840  840 A A  S >  S+     0   0   65      1,-0.2     3,-1.4     2,-0.1     2,-0.9   0.737  72.0  85.0 -85.7 -22.0  -23.5  -16.2   28.6               
  841  841 A A  T 3  S+     0   0  104      1,-0.2    -1,-0.2     2,-0.0     3,-0.1   0.049  89.7  49.2 -75.8  26.8  -21.0  -18.4   30.5               
  842  842 A K  T 3  S+     0   0  199     -2,-0.9    -1,-0.2    -3,-0.3    -2,-0.1   0.312 102.7  54.0-145.6   7.9  -22.6  -17.8   34.0               
  843  843 A Q    <   +     0   0  181     -3,-1.4    -1,-0.1     1,-0.1    -2,-0.0  -0.571  65.4 115.9-145.8  74.6  -26.4  -18.4   33.6               
  844  844 A Q        +     0   0  189     -3,-0.1     2,-0.2    -2,-0.1    -1,-0.1  -0.335  40.4 100.9-151.0  69.7  -27.2  -21.9   32.1               
  845  845 A A        +     0   0  102      1,-0.2    -1,-0.1     2,-0.0     2,-0.0  -0.720  47.3  40.5-161.3 135.7  -29.1  -24.4   34.3               
  846  846 A K        +     0   0  204     -2,-0.2    -1,-0.2     0, 0.0     0, 0.0   0.605  67.5  12.7-156.0 176.9  -32.2  -25.5   34.6               
  847  847 A E        +     0   0  186      1,-0.1     2,-0.2    -2,-0.0    -2,-0.0   0.973  34.2 174.9  79.7  97.1  -35.6  -26.8   33.2               
  848  848 A E        +     0   0  189      1,-0.1    -1,-0.1     0, 0.0     0, 0.0  -0.600  39.0  65.9 -93.0 174.2  -36.7  -27.8   29.7               
  849  849 A D        +     0   0  148     -2,-0.2     2,-0.2     1,-0.1    -1,-0.1   0.983  34.1 118.8  75.8  83.9  -40.1  -29.2   28.6               
  850  850 A K        -     0   0  214      0, 0.0    -1,-0.1     0, 0.0     2,-0.1  -0.805  44.0-136.7-150.3 142.9  -43.6  -28.2   28.4               
  851  851 A E        +     0   0  141     -2,-0.2     0, 0.0     1,-0.1     0, 0.0  -0.281  47.0  11.8 -82.2 158.0  -45.5  -28.0   25.2               
  852  852 A K        +     0   0  158      1,-0.1     2,-0.3    -2,-0.1    -1,-0.1   0.909  53.7 121.2  51.2  94.2  -48.1  -25.7   23.4               
  853  853 A T        -     0   0  149      2,-0.1     2,-0.2     0, 0.0    -1,-0.1  -0.964  47.4-108.5-155.1 171.1  -49.2  -22.2   23.9               
  854  854 A K        +     0   0  190     -2,-0.3     2,-0.1     2,-0.0     0, 0.0  -0.531  43.9 135.0 -71.7 155.3  -49.4  -18.9   22.0               
  855  855 A L        -     0   0  165     -2,-0.2    -2,-0.1     2,-0.0     0, 0.0   0.041  41.5 -48.3 126.7 141.4  -47.4  -15.6   22.7               
  856  856 A K        -     0   0  182      1,-0.1    -2,-0.0    -2,-0.1     3,-0.0  -0.034  12.1-166.2-166.7  95.3  -45.7  -13.2   21.3               
  857  857 A E        -     0   0  160      1,-0.1     2,-0.3     3,-0.0    -1,-0.1  -0.410  43.3-120.4 -59.2 124.0  -42.9  -12.2   18.8               
  858  858 A P        -     0   0  119      0, 0.0    -1,-0.1     0, 0.0     2,-0.0  -0.594  50.7 -92.2 -67.5 129.6  -42.0   -8.5   19.3               
  859  859 A G        -     0   0   63     -2,-0.3     2,-0.9     1,-0.1     0, 0.0  -0.213  19.2-132.5 -66.4 132.6  -42.8   -7.0   15.9               
  860  860 A L        -     0   0  131     -3,-0.1     2,-0.4    -2,-0.0    -1,-0.1  -0.669  31.1-153.5 -62.2 103.5  -40.4   -6.5   13.0               
  861  861 A L        -     0   0  147     -2,-0.9     2,-0.1     1,-0.0     5,-0.0  -0.759  12.9-131.5 -84.2 134.4  -41.3   -2.9   12.1               
  862  862 A S    >>  -     0   0   56     -2,-0.4     3,-2.2     1,-0.1     4,-0.8  -0.482  20.9-111.2 -85.3 158.8  -40.7   -2.1    8.4               
  863  863 A L  H 3> S+     0   0  102      1,-0.3     4,-2.2     2,-0.2     5,-0.2   0.805 117.2  73.8 -53.4 -26.0  -38.8    0.9    6.9               
  864  864 A V  H 3> S+     0   0   65      1,-0.2     4,-0.7     2,-0.2    -1,-0.3   0.776  89.5  56.2 -56.3 -31.3  -42.4    1.7    5.8               
  865  865 A D  H <> S+     0   0   76     -3,-2.2     4,-1.7     2,-0.2     3,-0.4   0.909 107.1  47.0 -74.7 -37.5  -43.2    2.8    9.4               
  866  866 A W  H  < S+     0   0  201     -4,-0.8    -2,-0.2     1,-0.2    -1,-0.2   0.916 111.5  52.1 -67.0 -39.5  -40.2    5.3    9.5               
  867  867 A A  H  < S+     0   0   91     -4,-2.2    -1,-0.2     1,-0.2    -2,-0.2   0.698 116.2  41.2 -67.8 -18.9  -41.5    6.6    6.1               
  868  868 A K  H  < S+     0   0  130     -4,-0.7     2,-2.1    -3,-0.4    -2,-0.2   0.634  89.8  89.2-100.9 -18.5  -45.0    7.0    7.6               
  869  869 A S     <  +     0   0   86     -4,-1.7    -1,-0.1     1,-0.2    -3,-0.1  -0.296  56.3 113.8 -77.8  55.0  -43.9    8.5   11.1               
  870  870 A G        +     0   0   79     -2,-2.1     2,-0.2     1,-0.1    -1,-0.2  -0.380  50.4  90.2-122.9  49.8  -44.1   12.1    9.8               
  871  871 A G        -     0   0   61      1,-0.2    -1,-0.1     2,-0.1    -3,-0.0  -0.622  63.4 -27.3-166.5 113.1  -46.9   13.8   11.7               
  872  872 A T        +     0   0  133     -2,-0.2    -1,-0.2     0, 0.0     0, 0.0   0.847  59.7  63.2  80.5 130.6  -47.9   15.8   14.8               
  873  873 A T        +     0   0  143      0, 0.0    -2,-0.1     0, 0.0     0, 0.0   0.866  52.4  63.2  62.3 126.8  -47.1   16.8   18.5               
  874  874 A G        +     0   0   63      1,-0.1     2,-0.1     0, 0.0     0, 0.0   0.847  31.1 176.9-151.4 153.0  -44.8   18.2   20.3               
  875  875 A I        +     0   0  155      1,-0.0    -1,-0.1     0, 0.0     0, 0.0   0.256  22.9  71.7  62.9 113.8  -42.8   20.9   21.1               
  876  876 A E        +     0   0  182     -2,-0.1     2,-0.2     1,-0.0     3,-0.1   0.616  35.0  85.4-159.2 136.7  -40.6   22.4   22.9               
  877  877 A A        +     0   0   86      1,-0.1    -1,-0.0     0, 0.0     0, 0.0  -0.897  66.6  16.0-164.6 150.2  -36.8   22.9   23.9               
  878  878 A F        -     0   0  206     -2,-0.2     2,-0.2     1,-0.1    -1,-0.1   0.994  58.7-147.5  58.0  90.7  -33.6   24.8   22.8               
  879  879 A A        -     0   0  106     -3,-0.1     2,-0.5     1,-0.1    -1,-0.1  -0.460  11.9-125.6 -75.5 146.2  -33.9   27.7   20.4               
  880  880 A F        +     0   0  222     -2,-0.2     2,-0.4     0, 0.0    -1,-0.1  -0.809  34.1 177.7 -89.3 128.7  -31.2   28.8   17.8               
  881  881 A G        -     0   0   64     -2,-0.5    -2,-0.0     1,-0.2     0, 0.0  -0.970  31.1 -25.2-140.7 128.4  -30.0   32.4   18.0               
  882  882 A S        +     0   0  139     -2,-0.4    -1,-0.2     1,-0.0     0, 0.0   0.725  58.2 110.9  69.9 142.4  -27.5   34.6   16.2               
  883  883 A G        -     0   0   81      0, 0.0     2,-0.0     0, 0.0    -1,-0.0   0.717  32.5-156.1 126.9  88.1  -24.2   34.3   14.1               
  884  884 A L        +     0   0  161      1,-0.1     0, 0.0     2,-0.0     0, 0.0  -0.283  36.9  69.3 -67.7 159.0  -23.3   34.9   10.4               
  885  885 A R        -     0   0  245     -2,-0.0    -1,-0.1     2,-0.0     0, 0.0   0.979  51.8 -87.9  80.9  91.8  -20.5   33.6    8.0               
  886  886 A G        +     0   0   85      1,-0.1     2,-0.2     0, 0.0    -2,-0.0   0.774  32.0 142.0  82.9  88.4  -19.0   31.0    6.3               
  887  887 A A        -     0   0   94      2,-0.0     2,-1.2     0, 0.0    -1,-0.1  -0.856  41.0-126.3-155.9 141.9  -16.7   28.0    5.8               
  888  888 A L        -     0   0  189     -2,-0.2     2,-0.6     1,-0.0     0, 0.0  -0.699  36.6-158.7 -77.1  95.8  -17.3   24.7    3.9               
  889  889 A R        -     0   0  190     -2,-1.2     3,-0.1     1,-0.0    -2,-0.0  -0.728   8.3-135.3 -82.6 117.5  -16.4   22.3    6.8               
  890  890 A L        -     0   0  150     -2,-0.6     2,-0.1     1,-0.1    -1,-0.0  -0.430  35.7 -92.9 -60.5 143.1  -15.4   18.8    5.7               
  891  891 A P        -     0   0   95      0, 0.0     2,-0.9     0, 0.0    -1,-0.1  -0.392  43.3-129.7 -55.1 129.7  -17.0   15.9    7.7               
  892  892 A S        -     0   0   93     -2,-0.1     2,-1.0     2,-0.1    -3,-0.0  -0.808   8.7-137.2 -94.5 105.4  -14.6   15.0   10.5               
  893  893 A F        +     0   0  200     -2,-0.9     2,-0.1     1,-0.1    -1,-0.0  -0.423  53.5 134.7 -57.4  93.5  -13.8   11.3   10.7               
  894  894 A K        -     0   0  171     -2,-1.0     2,-0.7     2,-0.0    -1,-0.1  -0.552  40.1-160.6-148.7  82.6  -14.0   10.8   14.6               
  895  895 A V        -     0   0  132      1,-0.1     2,-1.2    -2,-0.1    -2,-0.0  -0.520  13.6-158.9 -56.8 101.7  -15.9    7.8   15.7               
  896  896 A K        -     0   0  181     -2,-0.7     2,-0.1     2,-0.0    -1,-0.1  -0.726   2.6-160.2 -93.3  81.8  -16.6    8.8   19.3               
  897  897 A R        -     0   0  176     -2,-1.2     2,-0.5     1,-0.1    -2,-0.0  -0.454  20.8-127.2 -52.2 127.7  -17.3    5.5   21.0               
  898  898 A K        -     0   0  196     -2,-0.1    -1,-0.1     2,-0.0    -2,-0.0  -0.801  18.9-129.8 -81.9 121.1  -19.2    6.5   24.2               
  899  899 A E        -     0   0  157     -2,-0.5     2,-2.0     1,-0.1    -3,-0.0  -0.517  23.5-113.7 -63.9 139.3  -17.6    4.9   27.2               
  900  900 A P        -     0   0  130      0, 0.0     2,-0.4     0, 0.0    -1,-0.1  -0.581  43.2-175.7 -74.9  75.6  -20.1    3.1   29.5               
  901  901 A S        -     0   0   94     -2,-2.0    -3,-0.0     1,-0.1     0, 0.0  -0.691  28.1-112.8 -70.7 128.6  -19.7    5.5   32.4               
  902  902 A E        -     0   0  194     -2,-0.4     2,-0.3     2,-0.0    -1,-0.1  -0.183  27.6-124.9 -69.6 154.2  -21.8    4.1   35.3               
  903  903 A I        +     0   0  161      1,-0.2    -1,-0.0     0, 0.0     0, 0.0  -0.984  56.7  35.5-136.3 129.2  -25.0    5.8   36.7               
  904  904 A S        -     0   0  114     -2,-0.3     2,-0.3     0, 0.0    -1,-0.2   0.651  38.5-166.4-148.7 160.9  -25.8    6.7   39.7               
  905  905 A E        +     0   0  199      0, 0.0     2,-0.2     0, 0.0     0, 0.0  -0.607  13.9 175.0 -80.1 139.6  -24.5    8.2   43.0               
  906  906 A A        +     0   0  104     -2,-0.3     0, 0.0     1,-0.1     0, 0.0  -0.638  33.3  21.8-167.6 139.9  -26.1    8.4   46.5               
  907  907 A S        +     0   0   91     -2,-0.2    -1,-0.1     0, 0.0     0, 0.0   0.780  57.2   6.1-151.2 170.1  -25.1    9.4   49.4               
  908  908 A E        +     0   0  161      0, 0.0    -2,-0.1     0, 0.0     0, 0.0   0.776  42.5  54.0  62.0 142.0  -22.9   11.4   51.9               
  909  909 A E        -     0   0  134      2,-0.1     0, 0.0     0, 0.0     0, 0.0   0.663  38.6-105.0-155.1 154.0  -20.6   13.4   52.8               
  910  910 A K        -     0   0  177      1,-0.0     0, 0.0     0, 0.0     0, 0.0   0.787  19.9-151.7  37.9 113.9  -18.9   16.9   53.0               
  911  911 A R        +     0   0  235      0, 0.0     2,-0.1     0, 0.0    -2,-0.1  -0.143  13.0 165.2 -47.3 165.0  -15.9   19.0   51.8               
  912  912 A P        -     0   0  124      0, 0.0     0, 0.0     0, 0.0     0, 0.0  -0.142   8.5-172.1-150.5-175.2  -13.8   21.4   52.4               
  913  913 A R        +     0   0  231     -2,-0.1     2,-0.0     0, 0.0     0, 0.0  -0.244  11.0 127.5 -80.8-173.6  -10.4   23.2   51.4               
  914  914 A P        -     0   0  106      0, 0.0     0, 0.0     0, 0.0     0, 0.0   0.538  22.8 -14.0-144.0-173.0   -7.9   25.3   51.6               
  915  915 A S        +     0   0  106     -2,-0.0     0, 0.0     0, 0.0     0, 0.0   0.347  33.5  34.5  73.3 161.4   -4.2   26.5   51.7               
  916  916 A T        -     0   0  132      1,-0.1     2,-0.2     0, 0.0     0, 0.0   0.934  22.7-131.5-154.9 176.3   -0.8   26.8   52.0               
  917  917 A P        +     0   0  112      0, 0.0    -1,-0.1     0, 0.0     0, 0.0  -0.539  51.0  12.3 -96.1 170.0    3.0   25.9   51.7               
  918  918 A A        +     0   0   83     -2,-0.2     0, 0.0     1,-0.0     0, 0.0   0.009  45.5 119.7  76.7-175.5    6.3   25.8   53.7               
  919  919 A E        -     0   0  158      0, 0.0    -1,-0.0     0, 0.0     0, 0.0   0.933  43.3 -65.7  67.2 111.8    7.7   26.0   57.3               
  920  920 A E        -     0   0  170      0, 0.0     0, 0.0     0, 0.0     0, 0.0   0.849  37.1 -40.0  59.4 121.7    9.7   23.8   59.7               
  921  921 A D        +     0   0  138      2,-0.0     0, 0.0     0, 0.0     0, 0.0   0.944  37.7  17.3  62.5 150.3   10.7   21.0   61.9               
  922  922 A E        +     0   0  176      1,-0.0     2,-0.1     0, 0.0     0, 0.0   0.710  13.3 156.6  26.1 130.5   10.5   18.3   64.6               
  923  923 A D        -     0   0  167      2,-0.0    -1,-0.0     0, 0.0    -2,-0.0  -0.521  19.0-150.8-164.6 159.8    8.9   16.0   66.8               
  924  924 A D        -     0   0  150     -2,-0.1     2,-0.2     1,-0.1     0, 0.0  -0.361  33.7-101.8 -87.3 165.3    9.7   12.6   68.6               
  925  925 A P        +     0   0   90      0, 0.0    -1,-0.1     0, 0.0    -2,-0.0  -0.586  53.9  42.8 -94.7 160.8    7.1    9.9   69.5               
  926  926 A E        -     0   0  172     -2,-0.2    -2,-0.0     0, 0.0     0, 0.0   0.749  42.5 -96.9  63.5 142.3    5.2    8.7   72.6               
  927  927 A Q        +     0   0  148      0, 0.0     0, 0.0     0, 0.0     0, 0.0   0.962  27.2 110.3 174.8 179.7    3.5    8.9   75.5               
  928  928 A E        -     0   0  136      0, 0.0     0, 0.0     0, 0.0     0, 0.0   0.953  37.9 -12.0  72.2 114.9    2.2    9.0   79.2               
  929  929 A K        +     0   0  147      0, 0.0     0, 0.0     0, 0.0     0, 0.0   0.980  39.6   5.4  74.4 117.6    0.8   11.1   82.0               
  930  930 A E        -     0   0  178      0, 0.0     0, 0.0     0, 0.0     0, 0.0   0.983  35.8 -52.9  76.0 109.1   -0.4   13.9   84.1               
  931  931 A A        +     0   0  105      1,-0.0     0, 0.0     0, 0.0     0, 0.0   0.932  23.7 149.4  67.1 119.9   -1.3   17.2   85.4               
  932  932 A G        -     0   0   83      0, 0.0    -1,-0.0     0, 0.0     0, 0.0   0.074  17.2-170.5 166.8  88.0   -0.5   20.9   86.1               
  933  933 A E        +     0   0  189      1,-0.1     0, 0.0     2,-0.0     0, 0.0  -0.525  22.6  97.9 -74.9 171.8   -2.4   24.2   86.2               
  934  934 A P        -     0   0  108      0, 0.0    -1,-0.1     0, 0.0     0, 0.0   0.578  28.2-151.1-141.2 158.1   -1.8   27.4   86.4               
  935  935 A G        -     0   0   72      0, 0.0    -2,-0.0     0, 0.0     0, 0.0   0.968   5.9 -69.5  83.4 126.3   -1.4   30.8   85.2               
  936  936 A R        -     0   0  241      0, 0.0     0, 0.0     0, 0.0     0, 0.0   0.487  10.3-124.8  70.7 171.5   -0.4   34.4   84.7               
  937  937 A P        +     0   0   95      0, 0.0     0, 0.0     0, 0.0     0, 0.0   0.308  25.0 147.9-137.8 137.7    0.1   37.6   84.7               
  938  938 A G        -     0   0   80      1,-0.0     0, 0.0     0, 0.0     0, 0.0   0.348  21.1-146.7  72.7-170.5   -0.1   40.6   82.5               
  939  939 A T        +     0   0  111      0, 0.0    -1,-0.0     0, 0.0     0, 0.0   0.005  17.7 170.9-154.7 103.2   -0.6   43.7   82.3               
  940  940 A K        -     0   0  197      1,-0.0     0, 0.0     2,-0.0     0, 0.0   0.236  15.1-131.9  58.8-166.2   -2.1   46.3   79.8               
  941  941 A P        +     0   0  113      0, 0.0    -1,-0.0     0, 0.0     0, 0.0   0.792  42.3   2.6-129.3-156.1   -3.2   49.4   79.0               
  942  942 A P        +     0   0  111      0, 0.0     2,-0.0     0, 0.0    -2,-0.0   0.751  29.1 167.2-115.4 143.9   -5.6   51.3   77.7               
  943  943 A K        -     0   0  165      0, 0.0     2,-0.2     0, 0.0     0, 0.0   0.088  18.1-147.8  51.9 115.6   -8.8   51.3   76.4               
  944  944 A R        -     0   0  220     -2,-0.0     0, 0.0     1,-0.0     0, 0.0  -0.651  30.5 -86.6-153.3 121.0  -11.4   53.9   75.6               
  945  945 A D        -     0   0   78     -2,-0.2    -1,-0.0     0, 0.0     0, 0.0   0.723  22.6-139.4  25.4 156.0  -15.2   53.8   75.7               
  946  946 A E        +     0   0  165      0, 0.0     0, 0.0     0, 0.0     0, 0.0   0.876  13.4 148.3-176.0-172.8  -18.4   53.3   74.7               
  947  947 A E        -     0   0  135      1,-0.0     0, 0.0     2,-0.0     0, 0.0   0.946  40.5 -80.4  55.8 106.5  -22.3   53.8   74.2               
  948  948 A R        -     0   0  222      1,-0.1     2,-0.5     0, 0.0    -1,-0.0   0.433  27.8-159.4  53.5  84.2  -25.2   53.3   72.4               
  949  949 A G        -     0   0   82      0, 0.0     2,-0.1     0, 0.0    -1,-0.1  -0.896  10.6-170.8-122.3 107.5  -26.4   55.4   69.3               
  950  950 A K        +     0   0  194     -2,-0.5     0, 0.0     1,-0.1     0, 0.0  -0.423  33.1  29.1 -73.6 163.2  -30.1   55.5   68.2               
  951  951 A T        -     0   0  114     -2,-0.1    -1,-0.1     0, 0.0     0, 0.0   0.966  61.3 -32.6  70.7 122.8  -31.7   57.0   65.0               
  952  952 A Q        +     0   0  186      0, 0.0    -2,-0.0     0, 0.0     0, 0.0   0.934  25.7 154.0  61.2 130.1  -31.9   58.1   61.4               
  953  953 A G        -     0   0   66      0, 0.0     0, 0.0     0, 0.0     0, 0.0   0.237  29.4-124.2 142.6  87.5  -30.2   59.5   58.3               
  954  954 A K        +     0   0  203      1,-0.1     0, 0.0     0, 0.0     0, 0.0   0.713  23.4  36.5  70.5 141.5  -30.7   59.3   54.8               
  955  955 A H        -     0   0  128      0, 0.0    -1,-0.1     0, 0.0     0, 0.0  -0.126   5.8-177.3-174.6 106.2  -30.8   59.0   51.5               
  956  956 A R        -     0   0  160      0, 0.0     0, 0.0     0, 0.0     0, 0.0   0.328   6.5-162.2  54.0-170.7  -30.2   57.8   47.8               
  957  957 A K        +     0   0  103      1,-0.1     2,-0.1     0, 0.0     0, 0.0   0.817  23.9 134.0-162.2 139.3  -30.7   58.3   44.5               
  958  958 A S        -     0   0   87      0, 0.0     2,-0.3     0, 0.0    -1,-0.1  -0.242  30.7-141.0  92.0 109.8  -30.5   56.3   41.6               
  959  959 A F        +     0   0  141     -2,-0.1     2,-0.2     2,-0.0  -659,-0.0  -0.998  31.2 128.3-140.7 147.3  -32.7   55.8   38.4               
  960  960 A A        -     0   0   72     -2,-0.3     2,-0.3     0, 0.0     0, 0.0  -0.875  44.2-102.9-158.0 177.2  -33.7   52.9   36.1               
  961  961 A L        -     0   0  160     -2,-0.2     2,-0.1     0, 0.0    -2,-0.0  -0.859  40.4-164.0-138.9 124.1  -36.9   51.2   34.7               
  962  962 A D        +     0   0  100     -2,-0.3     0, 0.0     2,-0.0     0, 0.0   0.496  24.7 160.2  71.8 133.6  -38.5   48.5   35.6               
  963  963 A S        -     0   0   80     -2,-0.1     0, 0.0     0, 0.0     0, 0.0   0.860  27.8 -58.5 178.1 173.0  -40.5   45.8   35.6               
  964  964 A E        +     0   0  133      0, 0.0    -2,-0.0     0, 0.0     2,-0.0   0.656  32.3 117.3-178.1 148.4  -41.4   42.7   36.8               
  965  965 A G        -     0   0   70      0, 0.0     0, 0.0     0, 0.0     0, 0.0   0.385  19.0-131.9-147.1-115.5  -41.2   39.5   37.5               
  966  966 A E        -     0   0  146      2,-0.0     0, 0.0    -2,-0.0     0, 0.0   0.059   5.2-153.6-176.0 107.2  -41.0   36.7   39.2               
  967  967 A E        -     0   0  178      0, 0.0     2,-0.0     0, 0.0     0, 0.0   0.522  11.8 -98.1  61.7-165.4  -40.0   33.3   40.7               
  968  968 A A        +     0   0   81      0, 0.0    -2,-0.0     0, 0.0     0, 0.0   0.171  24.7 120.5-166.8-179.7  -39.9   30.1   42.2               
  969  969 A S        +     0   0  102     -2,-0.0     0, 0.0     2,-0.0     0, 0.0   0.621   7.0 120.7  93.0 151.9  -39.4   27.5   45.1               
  970  970 A Q        +     0   0  152      0, 0.0     0, 0.0     0, 0.0     0, 0.0   0.772  18.8  33.4  69.0 150.7  -40.0   24.8   47.8               
  971  971 A E        +     0   0  160      1,-0.0    -2,-0.0     0, 0.0     0, 0.0   0.823   8.2 179.4-163.4-177.4  -39.8   22.0   49.5               
  972  972 A S        +     0   0  116      0, 0.0    -1,-0.0     0, 0.0     0, 0.0  -0.052  13.9 149.6 -68.6 163.7  -38.8   18.7   51.5               
  973  973 A S        -     0   0  106      0, 0.0     0, 0.0     0, 0.0     0, 0.0   0.545  17.2-112.0 147.0 134.1  -39.5   15.8   53.5               
  974  974 A S        -     0   0   83      0, 0.0     0, 0.0     0, 0.0     0, 0.0   0.844  21.7 -33.4  51.6 127.5  -39.3   12.3   55.1               
  975  975 A E        +     0   0  181      0, 0.0     0, 0.0     0, 0.0     0, 0.0   0.714  11.9 141.6  71.6 153.4  -40.6    8.9   55.9               
  976  976 A K        +     0   0  142      0, 0.0     0, 0.0     0, 0.0     0, 0.0   0.846  22.7  31.2-155.3 175.1  -41.6    5.9   56.6               
  977  977 A D        +     0   0  105      0, 0.0     0, 0.0     0, 0.0     0, 0.0   0.891  26.6 146.3  80.6 133.2  -42.3    2.1   57.0               
  978  978 A E        +     0   0  130      0, 0.0     0, 0.0     0, 0.0     0, 0.0   0.837  16.8 178.2-179.5 163.2  -41.5   -1.1   57.0               
  979  979 A E        +     0   0  159      0, 0.0     0, 0.0     0, 0.0     0, 0.0   0.975  25.1  46.0  85.8 116.1  -40.8   -4.9   57.3               
  980  980 A D        +     0   0  138      0, 0.0     0, 0.0     0, 0.0     0, 0.0   0.948  25.8 102.2  76.7 150.0  -39.3   -8.3   56.7               
  981  981 A D        +     0   0  131      0, 0.0     0, 0.0     0, 0.0     0, 0.0   0.579   6.2 139.4-166.3 172.5  -37.0  -10.6   56.2               
  982  982 A E        -     0   0  148      0, 0.0     0, 0.0     0, 0.0     0, 0.0   0.900  20.7 -55.3  52.3 120.1  -34.5  -13.6   56.7               
  983  983 A E        +     0   0  154      0, 0.0     0, 0.0     0, 0.0     0, 0.0   0.977  22.1  83.3  85.7 132.9  -32.6  -16.6   55.9               
  984  984 A D        -     0   0  131      0, 0.0     0, 0.0     0, 0.0     0, 0.0   0.928  13.5-139.4  70.5 107.6  -31.1  -19.9   54.9               
  985  985 A E        +     0   0  164      0, 0.0     0, 0.0     0, 0.0     0, 0.0   0.955  27.1  90.8  60.3 156.3  -29.8  -22.7   53.1               
  986  986 A E        +     0   0  166      0, 0.0     0, 0.0     0, 0.0     0, 0.0   0.804  23.0  70.9  77.3 144.8  -29.4  -26.5   52.6               
  987  987 A D        -     0   0  136      0, 0.0     0, 0.0     0, 0.0     0, 0.0   0.943  27.3-147.7  70.1  92.3  -30.0  -30.1   51.3               
  988  988 A E        -     0   0  172      0, 0.0     0, 0.0     0, 0.0     0, 0.0   0.479  24.4 -26.9  36.2 125.9  -30.0  -32.5   48.6               
  989  989 A D        +     0   0  145      0, 0.0     0, 0.0     0, 0.0     0, 0.0   0.758  18.6 157.0  81.5 161.7  -31.4  -35.5   46.9               
  990  990 A R        -     0   0  181      0, 0.0     0, 0.0     0, 0.0     0, 0.0   0.969  25.6-142.5  78.9  91.1  -33.2  -38.8   46.2               
  991  991 A E        +     0   0  136      0, 0.0     0, 0.0     0, 0.0     0, 0.0   0.908  15.0   7.7  81.2 148.4  -34.7  -40.6   43.6               
  992  992 A E        +     0   0  183      0, 0.0     0, 0.0     0, 0.0     0, 0.0   0.618  12.6 176.1   6.7 153.4  -37.1  -42.8   41.6               
  993  993 A A        -     0   0   79      0, 0.0     0, 0.0     0, 0.0     0, 0.0   0.475  19.8 -62.5-174.5 171.8  -39.5  -44.6   40.6               
  994  994 A V        -     0   0  134      0, 0.0     0, 0.0     0, 0.0     0, 0.0   0.880  17.6-137.8  53.0 104.0  -41.8  -46.8   38.3               
  995  995 A D        -     0   0  135      0, 0.0     0, 0.0     0, 0.0     0, 0.0   0.909   8.6-177.6  84.3 164.8  -43.9  -47.4   35.7               
  996  996 A T        -     0   0  104      0, 0.0     0, 0.0     0, 0.0     0, 0.0   0.913  17.7-163.2  92.0  73.4  -47.0  -49.0   34.1               
  997  997 A T        -     0   0  105      0, 0.0     2,-0.1     0, 0.0     0, 0.0   0.534   8.9-156.7  39.0 128.1  -48.4  -49.0   30.8               
  998  998 A K        +     0   0  191      2,-0.0     2,-0.0     0, 0.0     0, 0.0  -0.158  17.7 160.7 170.9 160.5  -51.2  -49.6   28.7               
  999  999 A K        -     0   0  156     -2,-0.1     0, 0.0     0, 0.0     0, 0.0   0.744  13.6-176.0 171.4 168.5  -52.0  -50.4   25.5               
 1000 1000 A E        +     0   0  145     -2,-0.0    -2,-0.0     0, 0.0     0, 0.0   0.605  19.7  25.3  84.4 144.3  -54.0  -51.6   22.3               
 1001 1001 A T        -     0   0  109      0, 0.0     0, 0.0     0, 0.0     0, 0.0   0.517  24.6 -85.2-166.3 153.1  -54.3  -52.3   19.2               
 1002 1002 A E        +     0   0  166      0, 0.0     0, 0.0     0, 0.0     0, 0.0   0.650  21.8  88.5  75.1 131.9  -54.3  -53.3   15.4               
 1003 1003 A V        -     0   0  135      0, 0.0     0, 0.0     0, 0.0     0, 0.0   0.955  17.7 -72.6 106.5 140.4  -54.1  -53.0   11.8               
 1004 1004 A S        -     0   0   79      0, 0.0     0, 0.0     0, 0.0     0, 0.0   0.825  14.3  -0.1-165.9 171.3  -53.1  -52.8    8.6               
 1005 1005 A D        +     0   0  157      0, 0.0     0, 0.0     0, 0.0     0, 0.0   0.614  16.1 127.3  66.0 149.0  -51.9  -52.5    4.9               
 1006 1006 A G        -     0   0   71      0, 0.0     0, 0.0     0, 0.0     0, 0.0   0.906  22.8 -95.3 162.4 163.4  -50.5  -51.3    2.1               
 1007 1007 A E        -     0   0  175      0, 0.0     0, 0.0     0, 0.0     0, 0.0   0.882  27.0 -32.7-154.9 156.7  -48.6  -51.1   -0.6               
 1008 1008 A D        +     0   0  137      0, 0.0     0, 0.0     0, 0.0     0, 0.0   0.745  30.9  87.4  60.8 151.4  -45.5  -50.3   -2.9               
 1009 1009 A E        +     0   0  128     71,-0.0     0, 0.0     0, 0.0     0, 0.0   0.928  25.2 165.0-172.9 160.6  -42.6  -48.8   -4.3               
 1010 1010 A E        +     0   0  114     70,-0.0     0, 0.0     0, 0.0     0, 0.0   0.904  12.0  90.6-162.9-161.8  -39.2  -48.3   -4.5               
 1011 1011 A S        +     0   0   54      0, 0.0    66,-0.1     0, 0.0    65,-0.0   0.289  25.0 118.7 -14.9 146.2  -35.4  -47.6   -5.2               
 1012 1012 A D        -     0   0  131     66,-0.1    65,-0.1     0, 0.0    66,-0.0   0.807  31.0 -51.1-169.6-176.8  -32.8  -45.6   -4.9               
 1013 1013 A S        -     0   0   96      0, 0.0     2,-0.0     0, 0.0     0, 0.0   0.792  21.7-105.5-150.9 179.7  -29.5  -44.7   -3.9               
 1014 1014 A S        +     0   0  107      1,-0.1     0, 0.0     2,-0.0     0, 0.0  -0.155  37.7  83.5 -52.7 161.7  -26.4  -44.0   -1.7               
 1015 1015 A S        +     0   0  106      1,-0.1     2,-0.2    -2,-0.0    -1,-0.1   0.787  19.2 110.9-173.7 146.5  -24.4  -41.8   -0.1               
 1016 1016 A K        -     0   0  197      0, 0.0     2,-0.2     0, 0.0    -1,-0.1  -0.397  24.3-169.2  74.0  98.0  -23.6  -39.8    2.5               
 1017 1017 A C        -     0   0  116     -2,-0.2     2,-0.1     0, 0.0     0, 0.0  -0.624  15.7-164.8-162.6 124.0  -20.9  -39.7    5.1               
 1018 1018 A S        -     0   0   84     -2,-0.2     0, 0.0     1,-0.2     0, 0.0   0.245  13.4 -41.8  76.6 106.4  -20.4  -37.9    8.0               
 1019 1019 A L        -     0   0  157     -2,-0.1     2,-0.2     0, 0.0    -1,-0.2   0.366  22.8-170.4  66.1 106.9  -18.8  -36.6   10.7               
 1020 1020 A Y        -     0   0  234      0, 0.0     2,-0.0     0, 0.0     0, 0.0  -0.565  26.2-120.1-173.6 159.2  -16.3  -37.3   13.5               
 1021 1021 A A        -     0   0   83      1,-0.2     2,-0.0    -2,-0.2     0, 0.0   0.551  10.0 -63.1-172.8 156.7  -15.3  -35.6   16.2               
 1022 1022 A D        +     0   0  160      1,-0.0    -1,-0.2    -2,-0.0     2,-0.1  -0.326  30.0 166.0 -65.6 149.0  -13.4  -33.7   19.0               
 1023 1023 A S        -     0   0  119     -2,-0.0     2,-0.1     2,-0.0    -1,-0.0  -0.523  14.4-165.7-159.6 108.5  -10.7  -35.1   21.3               
 1024 1024 A D        +     0   0  158     -2,-0.1     2,-0.1     2,-0.0     0, 0.0  -0.383  16.0 172.1 -65.8 158.9   -8.4  -33.0   23.4               
 1025 1025 A G        -     0   0   74     -2,-0.1     2,-0.4     2,-0.0    -2,-0.0  -0.372  11.8-165.2-179.4  90.2   -5.4  -34.9   24.8               
 1026 1026 A E        +     0   0  198     -2,-0.1     2,-0.2     2,-0.0    -2,-0.0  -0.697  18.8 152.5 -81.9 129.1   -2.5  -33.3   26.7               
 1027 1027 A N        -     0   0  160     -2,-0.4     2,-0.3     0, 0.0    -2,-0.0  -0.844  18.6-165.4-150.9 136.0    0.9  -34.9   27.4               
 1028 1028 A D        +     0   0  144     -2,-0.2    -2,-0.0     1,-0.0     0, 0.0  -0.801  16.5 156.2 -94.6 141.5    4.4  -33.4   27.9               
 1029 1029 A S        -     0   0  106     -2,-0.3    -1,-0.0     0, 0.0     0, 0.0  -0.050  22.8-147.2-174.3  93.6    7.8  -35.2   27.8               
 1030 1030 A T        +     0   0  117      1,-0.0     0, 0.0     0, 0.0     0, 0.0   0.849  26.9 134.8  50.9 147.1   11.1  -33.8   27.2               
 1031 1031 A S        -     0   0   96      0, 0.0    -1,-0.0     0, 0.0     0, 0.0   0.939  19.1-162.6 101.4  76.5   14.6  -34.2   25.8               
 1032 1032 A D        -     0   0  141      1,-0.0     0, 0.0     0, 0.0     0, 0.0   0.500  17.8-177.8  40.9 122.1   17.1  -32.5   23.8               
 1033 1033 A S        +     0   0  127      0, 0.0    -1,-0.0     0, 0.0     0, 0.0  -0.137  24.4 177.0-164.6  96.9   20.1  -32.9   21.8               
 1034 1034 A E        +     0   0  180      1,-0.0     0, 0.0     2,-0.0     0, 0.0  -0.154  15.1 170.9 -44.9 149.3   21.6  -29.7   20.3               
 1035 1035 A S        -     0   0  113      0, 0.0    -1,-0.0     0, 0.0     0, 0.0   0.130  25.0-156.4-173.0  80.8   24.6  -28.9   18.3               
 1036 1036 A S        -     0   0   99      0, 0.0    -2,-0.0     0, 0.0     0, 0.0   0.585  13.2  -3.6  42.9 123.7   25.0  -25.6   16.8               
 1037 1037 A S        +     0   0   97      0, 0.0     0, 0.0     0, 0.0     0, 0.0   0.946  19.1 171.6  73.7 116.8   26.5  -23.4   14.3               
 1038 1038 A S        -     0   0  105      0, 0.0     0, 0.0     0, 0.0     0, 0.0   0.907  12.3 -34.4 105.5 152.9   28.2  -21.8   11.7               
 1039 1039 A S        -     0   0   96      0, 0.0     0, 0.0     0, 0.0     0, 0.0   0.785   6.9-149.0-159.1 169.4   29.3  -19.8    9.6               
 1040 1040 A S        +     0   0   99      0, 0.0     0, 0.0     0, 0.0     0, 0.0   0.663   9.3 148.4  35.8 128.4   30.2  -17.3    6.9               
 1041 1041 A S        -     0   0  102      0, 0.0     0, 0.0     0, 0.0     0, 0.0   0.489  15.5-131.2 176.7 153.8   31.5  -15.8    4.5               
 1042 1042 A S        +     0   0   94      0, 0.0     0, 0.0     0, 0.0     0, 0.0   0.898  22.1  95.9  56.3 131.5   31.8  -13.6    1.5               
 1043 1043 A S        +     0   0  109      0, 0.0     0, 0.0     0, 0.0     0, 0.0   0.772  15.4  83.5  71.1 146.5   32.8  -12.7   -2.0               
 1044 1044 A S        -     0   0   95      0, 0.0     0, 0.0     0, 0.0     0, 0.0   0.678  13.9-115.6-173.3 163.1   33.0  -12.2   -5.1               
 1045 1045 A S        +     0   0  111      0, 0.0     0, 0.0     0, 0.0     0, 0.0   0.605  12.6 179.9  63.4 151.8   33.1  -11.3   -8.9               
 1046 1046 A S        -     0   0  100      0, 0.0     0, 0.0     0, 0.0     0, 0.0   0.818  16.7-163.3-167.9-176.1   32.6  -11.4  -12.1               
 1047 1047 A S        -     0   0   81      0, 0.0     0, 0.0     0, 0.0     0, 0.0   0.943  28.9 -94.7  69.7  92.7   32.3  -11.0  -15.9               
 1048 1048 A S        +     0   0  103      0, 0.0     0, 0.0     0, 0.0     0, 0.0   0.928  29.7 124.5  74.5 148.4   30.5  -11.8  -19.0               
 1049 1049 A S        +     0   0  112      0, 0.0     0, 0.0     0, 0.0     0, 0.0   0.607  21.0 125.4  64.8 148.9   29.6  -13.6  -22.2               
 1050 1050 A S        +     0   0   99      0, 0.0     0, 0.0     0, 0.0     0, 0.0   0.645  20.5 176.9-166.8 165.7   27.4  -15.1  -24.1               
 1051 1051 A S        -     0   0   96      0, 0.0     0, 0.0     0, 0.0     0, 0.0   0.907  31.4 -20.5  56.8 112.3   25.0  -16.7  -26.6               
 1052 1052 A S        -     0   0  101      0, 0.0     0, 0.0     0, 0.0     0, 0.0   0.956  28.4 -66.5  73.7 114.8   22.5  -19.2  -27.6               
 1053 1053 A S        +     0   0   89      0, 0.0     0, 0.0     0, 0.0     0, 0.0   0.951  24.5  82.2  82.0 144.0   20.4  -22.2  -28.0               
 1054 1054 A S        -     0   0   72      0, 0.0     0, 0.0     0, 0.0     0, 0.0   0.940  16.9-161.5  60.0 111.8   19.0  -25.7  -28.7               
 1055 1055 A S        -     0   0   94      0, 0.0     2,-0.0     0, 0.0     0, 0.0   0.953   4.1-145.6  76.1 155.3   18.2  -29.0  -28.2               
 1056 1056 A S        -     0   0  104      0, 0.0     0, 0.0     0, 0.0     0, 0.0   0.563   8.4-127.3-146.4-172.5   17.4  -32.1  -28.8               
 1057 1057 A S        +     0   0   92     -2,-0.0     2,-0.0     0, 0.0     0, 0.0   0.212  10.2 177.3 -24.4 154.8   15.7  -35.5  -28.2               
 1058 1058 A S        +     0   0  106      2,-0.0     0, 0.0     0, 0.0     0, 0.0   0.432  15.0 146.1 170.3 168.5   15.8  -38.8  -27.9               
 1059 1059 A E        +     0   0  149     -2,-0.0     0, 0.0     0, 0.0     0, 0.0   0.828  11.5 169.2-172.4 177.4   14.0  -41.6  -27.2               
 1060 1060 A S        +     0   0  117      0, 0.0    -2,-0.0     0, 0.0     0, 0.0   0.680   8.2   0.2  70.9 152.1   12.4  -45.1  -26.9               
 1061 1061 A S        +     0   0   87      0, 0.0     0, 0.0     0, 0.0     0, 0.0   0.856  24.0  69.9-156.2-156.1   10.8  -47.7  -26.2               
 1062 1062 A S        +     0   0  100      0, 0.0     2,-0.0     0, 0.0     0, 0.0   0.827  32.3 178.9  75.3 101.3    8.7  -50.9  -25.1               
 1063 1063 A E        -     0   0  147      0, 0.0     2,-0.0     0, 0.0     0, 0.0   0.746  23.8-164.5  74.6 136.3    5.5  -51.9  -25.1               
 1064 1064 A D        -     0   0  140     -2,-0.0     0, 0.0     0, 0.0     0, 0.0   0.549  26.5-122.0-129.4 152.9    2.9  -53.8  -24.7               
 1065 1065 A E        -     0   0  177     -2,-0.0     0, 0.0     2,-0.0     0, 0.0   0.633  11.3-115.8  55.0 147.0   -0.6  -53.9  -25.7               
 1066 1066 A E        +     0   0  169      0, 0.0     0, 0.0     0, 0.0     0, 0.0   0.860  18.0 136.2-167.5-175.3   -4.0  -54.1  -25.6               
 1067 1067 A E        -     0   0  167      0, 0.0    -2,-0.0     0, 0.0     0, 0.0   0.856  22.3-126.3  46.4 106.1   -7.8  -55.0  -25.8               
 1068 1068 A E        +     0   0  170      0, 0.0     0, 0.0     0, 0.0     0, 0.0   0.968  26.8 124.4  68.7 154.3  -11.1  -55.1  -24.4               
 1069 1069 A E        -     0   0  119      0, 0.0     0, 0.0     0, 0.0     0, 0.0   0.974  25.8-142.5  67.7 102.7  -14.4  -57.1  -23.4               
 1070 1070 A R        +     0   0  201      2,-0.0     0, 0.0     0, 0.0     0, 0.0   0.564  20.5 147.2  71.5 177.7  -16.8  -58.0  -20.7               
 1071 1071 A P        +     0   0  116      0, 0.0     2,-0.3     0, 0.0     0, 0.0   0.364  16.0 107.6-137.7 158.6  -19.0  -59.0  -18.4               
 1072 1072 A A        -     0   0  107      1,-0.1    -2,-0.0     0, 0.0     0, 0.0  -0.996  42.3 -43.3-157.6 163.3  -21.1  -59.6  -15.1               
 1073 1073 A A        -     0   0   85     -2,-0.3    -1,-0.1     1,-0.1     0, 0.0   0.297  29.5-168.5 -35.8 148.7  -24.5  -59.0  -13.2               
 1074 1074 A L        +     0   0  166      0, 0.0    -1,-0.1     0, 0.0     2,-0.0   0.506   5.6 167.8  71.4 147.8  -27.1  -57.2  -12.2               
 1075 1075 A P        +     0   0  108      0, 0.0    -2,-0.0     0, 0.0     0, 0.0   0.658  12.5  43.2-138.0-172.0  -29.7  -56.3  -10.6               
 1076 1076 A S        +     0   0  115      2,-0.0     2,-0.0   -65,-0.0     0, 0.0   0.681  33.1   6.5  79.7 145.9  -32.6  -54.2   -9.1               
 1077 1077 A A        +     0   0   31    -66,-0.1    -1,-0.0     1,-0.1     0, 0.0   0.640  35.8  74.8-141.5-166.6  -35.0  -52.2   -8.5               
 1078 1078 A S        -     0   0   88     -2,-0.0    -1,-0.1     1,-0.0   -66,-0.1  -0.504  17.0-174.6 163.6 150.4  -37.8  -49.5   -9.5               
 1079 1079 A P        +     0   0   54      0, 0.0    -1,-0.0     0, 0.0     0, 0.0  -0.813   7.8 172.8-157.1 170.2  -40.9  -48.4  -10.9               
 1080 1080 A P        -     0   0  101      0, 0.0     2,-0.3     0, 0.0   -70,-0.0  -0.918  43.6 -80.2-119.8 168.9  -43.3  -45.6  -11.8               
 1081 1081 A P        -     0   0  120      0, 0.0     2,-0.1     0, 0.0     0, 0.0  -0.722  46.9-170.1 -78.6 136.5  -46.7  -45.5  -13.8               
 1082 1082 A R        +     0   0  209     -2,-0.3     0, 0.0     0, 0.0     0, 0.0   0.539  18.1 171.9  73.3 138.2  -47.3  -45.5  -17.1               
 1083 1083 A E        +     0   0  127     -2,-0.1     0, 0.0     0, 0.0     0, 0.0   0.634   0.9 171.4-168.8 148.7  -48.9  -45.3  -19.9               
 1084 1084 A V        -     0   0  123      0, 0.0     0, 0.0     0, 0.0     0, 0.0   0.470   8.9-149.6  49.5-169.3  -49.6  -45.2  -23.7               
 1085 1085 A P        -     0   0  104      0, 0.0     0, 0.0     0, 0.0     0, 0.0   0.591  22.3 -75.2-138.2 157.1  -51.3  -45.2  -26.6               
 1086 1086 A V        -     0   0  142      0, 0.0     0, 0.0     0, 0.0     0, 0.0   0.658  13.0-161.2  82.6 150.9  -51.7  -45.9  -30.3               
 1087 1087 A P        -     0   0  111      0, 0.0     0, 0.0     0, 0.0     0, 0.0   0.838  13.3-143.2-132.1 -84.7  -51.0  -45.1  -34.0               
 1088 1088 A T        +     0   0  129      0, 0.0     2,-0.1     0, 0.0     0, 0.0   0.274  28.0 150.7  79.2 151.2  -52.5  -45.9  -37.5               
 1089 1089 A P        -     0   0  116      0, 0.0     0, 0.0     0, 0.0     0, 0.0  -0.258  17.8-124.5-146.9-163.9  -51.0  -46.6  -40.9               
 1090 1090 A A        +     0   0   86     -2,-0.1     0, 0.0     0, 0.0     0, 0.0   0.698  17.6  38.0  85.9 155.3  -50.5  -48.0  -44.4               
 1091 1091 A P        -     0   0  111      0, 0.0     0, 0.0     0, 0.0     0, 0.0   0.748  32.1 -29.9-147.1-171.3  -49.5  -49.5  -47.0               
 1092 1092 A V        +     0   0  122      0, 0.0     0, 0.0     0, 0.0     0, 0.0   0.867  45.2  36.3  75.1 126.6  -47.9  -51.8  -49.8               
 1093 1093 A E        -     0   0  162      0, 0.0     0, 0.0     0, 0.0     0, 0.0   0.669  43.6 -49.6-161.3 150.9  -45.6  -54.0  -50.6               
 1094 1094 A V        +     0   0  120      0, 0.0     0, 0.0     0, 0.0     0, 0.0   0.906  43.8  42.6  65.5 135.7  -43.0  -56.8  -50.5               
 1095 1095 A P        -     0   0  104      0, 0.0     0, 0.0     0, 0.0     0, 0.0   0.603  30.1-157.0-140.9 152.9  -40.5  -58.4  -49.2               
 1096 1096 A V        +     0   0  135      0, 0.0     2,-0.1     0, 0.0     0, 0.0   0.427  14.6 134.1  26.6 128.3  -38.5  -60.0  -46.3               
 1097 1097 A P        -     0   0   99      0, 0.0     0, 0.0     0, 0.0     0, 0.0  -0.028  23.2 -67.4-151.3-180.0  -35.9  -61.2  -44.6               
 1098 1098 A E        -     0   0  146     -2,-0.1     2,-0.0     0, 0.0     0, 0.0   0.612  11.9-114.4  60.7 177.1  -33.7  -61.6  -41.5               
 1099 1099 A R        +     0   0  197      2,-0.1     0, 0.0     0, 0.0     0, 0.0   0.125  26.4  81.6-171.0 157.1  -31.6  -61.4  -38.8               
 1100 1100 A V        -     0   0  135     -2,-0.0     2,-0.2     1,-0.0     0, 0.0   0.499  54.1 -68.3  66.0 165.2  -28.7  -61.7  -36.2               
 1101 1101 A A        +     0   0   94      2,-0.0    -2,-0.1     0, 0.0     2,-0.0  -0.685  69.2  52.2 -92.7 159.2  -25.2  -60.5  -35.3               
 1102 1102 A G        -     0   0   73     -2,-0.2     0, 0.0     2,-0.0     0, 0.0   0.021  64.0 -72.1 110.7 154.3  -21.8  -61.0  -37.0               
 1103 1103 A S        -     0   0  104     -2,-0.0     2,-0.1     1,-0.0    -2,-0.0  -0.343  23.7-167.3 -51.9 145.9  -19.6  -60.9  -40.1               
 1104 1104 A P        -     0   0  114      0, 0.0    -2,-0.0     0, 0.0    -1,-0.0  -0.477  15.7-142.5-138.5 123.6  -19.4  -62.8  -42.9               
 1105 1105 A V        +     0   0  107     -2,-0.1     0, 0.0     2,-0.0     0, 0.0   0.469  29.9  99.1  38.9 128.9  -16.7  -62.6  -45.2               
 1106 1106 A T        +     0   0  123      1,-0.0     0, 0.0     0, 0.0     0, 0.0   0.474  17.6  71.2  70.9 154.4  -16.4  -62.9  -49.0               
 1107 1107 A P        +     0   0  113      0, 0.0    -2,-0.0     0, 0.0    -1,-0.0   0.278  35.5 161.2-114.9 135.8  -16.1  -62.6  -52.0               
 1108 1108 A L        -     0   0  157      0, 0.0     2,-0.1     0, 0.0     0, 0.0  -0.494  14.4-169.0 -49.3 147.4  -12.9  -61.6  -53.6               
 1109 1109 A P        -     0   0   97      0, 0.0     0, 0.0     0, 0.0     0, 0.0  -0.580  21.5 -89.5-139.2 136.7  -12.1  -62.1  -56.9               
 1110 1110 A E        +     0   0  156     -2,-0.1     0, 0.0     0, 0.0     0, 0.0   0.780  47.6 111.5  69.7 155.3   -8.8  -61.8  -58.6               
 1111 1111 A Q        +     0   0  152      0, 0.0     0, 0.0     0, 0.0     0, 0.0   0.658  55.2  32.3-160.5 133.1   -6.0  -61.3  -60.2               
 1112 1112 A E        -     0   0  182      2,-0.0     0, 0.0     0, 0.0     0, 0.0   0.931  50.5 -37.2-146.3-167.2   -2.7  -61.1  -59.1               
 1113 1113 A A        +     0   0   78      1,-0.1     0, 0.0     0, 0.0     0, 0.0   0.740  20.4 146.7-156.7 148.8    0.1  -61.7  -57.3               
 1114 1114 A S        -     0   0  121      0, 0.0     2,-0.4     0, 0.0    -1,-0.1  -0.966  24.2-161.7 -99.3 132.7    2.2  -62.3  -54.3               
 1115 1115 A P        -     0   0  112      0, 0.0     2,-0.1     0, 0.0     0, 0.0  -0.968   5.7-162.9-103.4 132.3    5.3  -64.3  -54.3               
 1116 1116 A A        +     0   0   86     -2,-0.4     0, 0.0     1,-0.2     0, 0.0   0.295  30.0   0.9  61.7 126.3    6.6  -65.4  -51.5               
 1117 1117 A R        +     0   0  240     -2,-0.1    -1,-0.2     0, 0.0     2,-0.1   0.337  41.0 103.6   1.9 145.9   10.1  -66.8  -50.7               
 1118 1118 A P        -     0   0  118      0, 0.0     0, 0.0     0, 0.0     0, 0.0   0.034  41.3 -55.1-141.9-163.1   13.0  -67.6  -51.1               
 1119 1119 A A        -     0   0   95     -2,-0.1     0, 0.0     0, 0.0     0, 0.0   0.854  24.7-156.4  46.0 137.4   16.8  -67.2  -50.9               
 1120 1120 A G        -     0   0   71      0, 0.0     2,-0.1     0, 0.0     0, 0.0   0.252  10.1-146.9 -75.4-146.9   19.7  -64.8  -51.6               
 1121 1121 A P        +     0   0  114      0, 0.0     0, 0.0     0, 0.0     0, 0.0  -0.067  35.9  46.7-135.7-172.7   22.7  -65.1  -52.1               
 1122 1122 A T        +     0   0  117     -2,-0.1     2,-0.0     0, 0.0     0, 0.0   0.812  53.8  30.5  65.3 134.2   26.0  -63.2  -51.4               
 1123 1123 A E        -     0   0  163      2,-0.0     0, 0.0     0, 0.0     0, 0.0   0.570  58.1 -54.6-139.9-159.8   27.9  -61.5  -49.6               
 1124 1124 A E        -     0   0  170      1,-0.0     0, 0.0    -2,-0.0     0, 0.0  -0.031  24.5-151.1 -58.3 134.0   29.3  -60.7  -46.2               
 1125 1125 A S        -     0   0   99      0, 0.0    -1,-0.0     0, 0.0    -2,-0.0   0.797  21.4-118.0  67.5 150.3   28.2  -59.8  -43.2               
 1126 1126 A P        +     0   0  100      0, 0.0    -2,-0.0     0, 0.0     0, 0.0   0.875  27.4 152.8-105.0 -98.1   29.9  -57.8  -40.5               
 1127 1127 A P        +     0   0  103      0, 0.0     0, 0.0     0, 0.0     0, 0.0   0.810  11.6 107.3-101.0-140.8   31.0  -57.6  -37.3               
 1128 1128 A S        +     0   0  100      0, 0.0     0, 0.0     0, 0.0     0, 0.0   0.846   9.3 161.7  74.0 121.3   33.4  -56.0  -34.6               
 1129 1129 A A        +     0   0   88      0, 0.0     2,-0.1     0, 0.0     0, 0.0  -0.101  17.4 137.3  51.5 122.8   33.9  -54.1  -31.9               
 1130 1130 A P        +     0   0  117      0, 0.0     0, 0.0     0, 0.0     0, 0.0  -0.182  14.7  53.5-151.0-153.7   36.1  -53.7  -29.7               
 1131 1131 A L        -     0   0  160     -2,-0.1     0, 0.0     2,-0.0     0, 0.0   0.994  28.6-139.3  83.3 103.3   38.4  -51.8  -27.3               
 1132 1132 A R        -     0   0  237      1,-0.1     0, 0.0     0, 0.0     0, 0.0   0.345  41.5-109.7 -14.1 168.5   39.0  -49.2  -24.7               
 1133 1133 A P        -     0   0  107      0, 0.0     2,-0.2     0, 0.0    -1,-0.1   0.413   6.0-102.2 -98.5-174.6   42.0  -46.9  -24.6               
 1134 1134 A P        -     0   0  116      0, 0.0     0, 0.0     0, 0.0     0, 0.0  -0.597  19.1-141.3-124.2 169.6   44.9  -45.2  -23.8               
 1135 1135 A E        -     0   0  177     -2,-0.2     0, 0.0     1,-0.1     0, 0.0   0.612  31.0-115.7  63.8 150.7   46.0  -42.4  -22.3               
 1136 1136 A P        -     0   0   99      0, 0.0    -1,-0.1     0, 0.0     2,-0.1   0.122  10.1-124.3-106.0-173.0   48.8  -40.0  -23.2               
 1137 1137 A P        -     0   0  116      0, 0.0     0, 0.0     0, 0.0     0, 0.0  -0.208  28.4 -61.7-154.5 175.4   51.6  -38.1  -23.3               
 1138 1138 A A        +     0   0  101     -2,-0.1     0, 0.0     0, 0.0     0, 0.0   0.710  29.3  23.8  46.3 111.9   53.4  -34.8  -23.5               
 1139 1139 A G        -     0   0   74      0, 0.0     0, 0.0     0, 0.0     0, 0.0   0.343   6.9-170.7 128.6 162.1   54.4  -31.9  -24.8               
 1140 1140 A P        -     0   0  124      0, 0.0     0, 0.0     0, 0.0     0, 0.0  -0.173   1.6-174.4-115.3-151.5   55.5  -28.4  -26.3               
 1141 1141 A P        +     0   0  109      0, 0.0     0, 0.0     0, 0.0     0, 0.0   0.581   8.3 166.6-142.7 158.3   57.2  -25.8  -27.1               
 1142 1142 A A        -     0   0   95      1,-0.0     2,-0.0     0, 0.0     0, 0.0   0.489  16.2-155.3  60.9-178.0   57.7  -22.3  -28.8               
 1143 1143 A P        +     0   0  127      0, 0.0    -1,-0.0     0, 0.0     0, 0.0   0.699  17.4 159.0-123.1 178.1   59.0  -19.5  -29.5               
 1144 1144 A A        -     0   0   79     -2,-0.0     2,-0.3     0, 0.0     0, 0.0  -0.337  26.3-134.9 -95.6-177.8   57.9  -16.0  -30.7               
 1145 1145 A P        +     0   0  131      0, 0.0     0, 0.0     0, 0.0     0, 0.0  -0.893  34.0 159.8-129.8 170.7   59.0  -12.6  -30.9               
 1146 1146 A R        -     0   0  182     -2,-0.3     2,-0.1     0, 0.0     0, 0.0  -0.770  30.4-150.4-124.5 170.5   56.7   -9.5  -30.1               
 1147 1147 A P        -     0   0  117      0, 0.0     0, 0.0     0, 0.0     0, 0.0  -0.393  36.1-106.5-142.6 144.3   56.1   -6.3  -29.3               
 1148 1148 A D        +     0   0  131     -2,-0.1     2,-0.0     2,-0.0     0, 0.0   0.675  52.5 102.7  22.6 150.7   53.2   -4.7  -27.4               
 1149 1149 A E        +     0   0  197      2,-0.0     0, 0.0     0, 0.0     0, 0.0   0.522  38.1 168.8-116.6 173.0   50.6   -3.2  -26.4               
 1150 1150 A R        -     0   0  210     -2,-0.0     2,-0.2     2,-0.0    -2,-0.0  -0.925  21.2-139.8-136.6 157.0   47.2   -4.9  -25.6               
 1151 1151 A P        +     0   0  105      0, 0.0    -2,-0.0     0, 0.0     0, 0.0  -0.587  49.4  36.2 -98.7 176.0   43.6   -4.5  -24.1               
 1152 1152 A S        -     0   0  120     -2,-0.2    -2,-0.0     0, 0.0     0, 0.0   0.345  55.6 -62.1  77.3 164.6   41.4   -6.8  -21.9               
 1153 1153 A S        +     0   0  102      0, 0.0     0, 0.0     0, 0.0     0, 0.0  -0.026  31.8  77.5 -86.6-169.3   41.1   -9.5  -19.0               
 1154 1154 A P        -     0   0   96      0, 0.0     0, 0.0     0, 0.0     0, 0.0   0.813  24.5 -73.1-132.7-170.9   41.3  -12.2  -17.1               
 1155 1155 A I        +     0   0  158      1,-0.1     2,-0.1     0, 0.0     0, 0.0   0.206  10.9 166.9  73.2 172.3   42.5  -15.1  -14.7               
 1156 1156 A P        -     0   0  117      0, 0.0     2,-0.2     0, 0.0    -1,-0.1   0.104  17.4-140.3-122.2-132.9   44.0  -17.7  -13.4               
 1157 1157 A L        +     0   0  163     -2,-0.1     0, 0.0     0, 0.0     0, 0.0  -0.862  11.0 177.2-134.0 163.7   44.9  -19.8  -10.1               
 1158 1158 A L        -     0   0  174     -2,-0.2     0, 0.0     0, 0.0     0, 0.0  -0.867  38.1 -76.6-170.4 170.2   47.6  -21.8   -8.1               
 1159 1159 A P        -     0   0  108      0, 0.0     0, 0.0     0, 0.0     0, 0.0  -0.023  36.5 -93.6-105.7 175.7   47.7  -23.5   -4.6               
 1160 1160 A P        -     0   0  116      0, 0.0     2,-0.8     0, 0.0     0, 0.0  -0.453  13.2-142.8 -99.0 145.9   48.0  -22.9   -0.8               
 1161 1161 A P        -     0   0  126      0, 0.0     0, 0.0     0, 0.0     0, 0.0  -0.740  30.6-128.5-107.2  92.4   50.7  -22.8    2.0               
 1162 1162 A K        +     0   0  184     -2,-0.8     0, 0.0     0, 0.0     0, 0.0   0.259  39.4  26.8  14.0 122.7   49.7  -24.2    5.5               
 1163 1163 A K        +     0   0  195      0, 0.0     2,-0.0     0, 0.0     0, 0.0   0.819  26.4 111.8  68.4 133.6   50.0  -22.9    9.1               
 1164 1164 A R        -     0   0  228      0, 0.0     2,-0.0     0, 0.0     0, 0.0   0.500  27.2-158.8-148.8 144.6   50.1  -21.0   11.9               
 1165 1165 A R        +     0   0  213      2,-0.0     0, 0.0    -2,-0.0     0, 0.0   0.352  21.0 119.2  47.6 134.8   48.2  -20.2   14.8               
 1166 1166 A K        +     0   0  157     -2,-0.0     2,-0.0     0, 0.0     0, 0.0   0.840  10.6 153.5-153.9 143.3   47.4  -18.4   17.4               
 1167 1167 A T        +     0   0  105      0, 0.0    -2,-0.0     0, 0.0     0, 0.0   0.429  14.6 118.1  87.0 124.2   44.9  -16.6   19.1               
 1168 1168 A V        +     0   0  132     -2,-0.0     0, 0.0     0, 0.0     0, 0.0   0.728  11.5 151.6  76.9 144.5   43.5  -15.2   22.5               
 1169 1169 A S        +     0   0   69      0, 0.0     0, 0.0     0, 0.0     0, 0.0   0.706   3.8 167.3 177.2 170.0   42.6  -13.2   24.9               
 1170 1170 A F        +     0   0  194      0, 0.0     0, 0.0     0, 0.0     0, 0.0   0.556  14.4  81.8  63.6 156.7   40.9  -11.5   27.9               
 1171 1171 A S        -     0   0  110      0, 0.0     0, 0.0     0, 0.0     0, 0.0   0.799  20.2-142.1-148.3 179.1   40.0   -9.6   30.4               
 1172 1172 A A        +     0   0   92      0, 0.0     2,-0.2     0, 0.0     0, 0.0  -0.053  13.7 167.9 -62.1 160.3   38.2   -6.6   32.0               
 1173 1173 A I        -     0   0  174      2,-0.0     2,-0.0     0, 0.0     0, 0.0  -0.821  24.9-129.9-159.4 154.2   38.7   -4.1   34.8               
 1174 1174 A E        +     0   0  177     -2,-0.2     0, 0.0     2,-0.0     0, 0.0  -0.226  33.9 132.7 -72.6 170.0   36.9   -0.8   35.7               
 1175 1175 A V        -     0   0  137     -2,-0.0    -2,-0.0     0, 0.0     0, 0.0   0.394  23.1-156.4 147.6 123.8   37.7    2.8   36.5               
 1176 1176 A V        +     0   0  133      1,-0.0    -2,-0.0     0, 0.0     0, 0.0  -0.690  17.7 151.0 -81.5 135.0   36.7    6.4   35.7               
 1177 1177 A P        -     0   0  112      0, 0.0    -1,-0.0     0, 0.0     0, 0.0  -0.058  29.9 -93.1-159.3 139.1   38.1    9.6   35.8               
 1178 1178 A A        -     0   0   93      0, 0.0     2,-0.0     0, 0.0     0, 0.0   0.355  26.2 -95.9  69.5-177.4   37.9   12.9   34.0               
 1179 1179 A P        +     0   0  115      0, 0.0     0, 0.0     0, 0.0     0, 0.0  -0.030  18.8 141.4-135.5-165.2   38.9   15.5   31.5               
 1180 1180 A E        +     0   0  180     -2,-0.0     0, 0.0     0, 0.0     0, 0.0   0.176  24.8  10.5  76.6 172.3   40.5   18.5   29.5               
 1181 1181 A P        -     0   0  103      0, 0.0     0, 0.0     0, 0.0     0, 0.0   0.695  16.7-157.5-130.7 174.7   41.8   20.2   26.9               
 1182 1182 A P        +     0   0  118      0, 0.0     2,-0.0     0, 0.0     0, 0.0  -0.233  15.3 124.4 -80.5-175.1   43.2   21.3   23.3               
 1183 1183 A P        +     0   0  121      0, 0.0     0, 0.0     0, 0.0     0, 0.0   0.443  17.2  13.9-145.9-162.8   45.0   23.0   21.2               
 1184 1184 A A        -     0   0   96     -2,-0.0     0, 0.0     0, 0.0     0, 0.0   0.876  14.9-164.7  99.6 125.3   47.3   24.3   18.4               
 1185 1185 A T        -     0   0  130      0, 0.0     0, 0.0     0, 0.0     0, 0.0  -0.058  11.7-165.1 -74.2-169.2   49.6   24.2   15.3               
 1186 1186 A P        +     0   0  113      0, 0.0     0, 0.0     0, 0.0     0, 0.0   0.348  12.0  10.6-133.4-132.5   52.0   25.5   13.2               
 1187 1187 A P        -     0   0  106      0, 0.0     0, 0.0     0, 0.0     0, 0.0   0.618  20.3-151.9-136.5 153.3   54.2   26.4   10.7               
 1188 1188 A Q        -     0   0  184      1,-0.0     0, 0.0     0, 0.0     0, 0.0   0.689  10.3-158.7  31.4 136.1   55.5   26.2    7.1               
 1189 1189 A A        -     0   0   96      2,-0.0    -1,-0.0     0, 0.0     0, 0.0  -0.328  42.2-102.6-156.7  92.0   58.3   26.5    4.7               
 1190 1190 A K        +     0   0  170      0, 0.0     0, 0.0     0, 0.0     0, 0.0   0.743  36.6  71.5  53.2 111.3   57.7   27.2    1.0               
 1191 1191 A F        -     0   0  188      0, 0.0    -2,-0.0     0, 0.0     0, 0.0   0.739  29.3  -7.8  66.1 161.4   57.4   26.2   -2.7               
 1192 1192 A P        +     0   0  124      0, 0.0     0, 0.0     0, 0.0     0, 0.0   0.795  27.0 158.6-125.7 174.8   56.9   25.2   -5.7               
 1193 1193 A G        +     0   0   71      1,-0.0     0, 0.0     0, 0.0     0, 0.0  -0.314  20.9 143.4 -98.8-168.1   54.9   23.1   -8.4               
 1194 1194 A P        +     0   0  133      0, 0.0     2,-0.2     0, 0.0    -1,-0.0   0.447  30.3 122.9-135.4 156.4   53.5   21.8  -10.9               
 1195 1195 A A        -     0   0  101      1,-0.1     0, 0.0     2,-0.0     0, 0.0  -0.751  32.1 -59.8-163.7 131.5   52.6   18.2  -12.2               
 1196 1196 A S        +     0   0  113     -2,-0.2    -1,-0.1     1,-0.0     2,-0.0   0.859  37.5  94.4  79.8 148.6   50.1   15.7  -13.5               
 1197 1197 A R        -     0   0  244      0, 0.0     2,-0.3     0, 0.0    -1,-0.0   0.082  37.3-105.6  89.3 161.3   47.1   13.2  -13.7               
 1198 1198 A K        +     0   0  206      1,-0.0     0, 0.0    -2,-0.0     0, 0.0  -0.905  31.9  49.1-128.0 144.9   43.5   12.8  -15.0               
 1199 1199 A A        +     0   0   98     -2,-0.3    -1,-0.0     0, 0.0     0, 0.0   0.544  33.5  58.7  68.0 158.3   39.6   12.6  -14.4               
 1200 1200 A P        -     0   0  119      0, 0.0    -2,-0.0     0, 0.0     0, 0.0   0.566  53.5 -99.8-120.3 153.9   36.6   12.8  -13.7               
 1201 1201 A R        -     0   0  245      1,-0.1     2,-0.3     2,-0.0     0, 0.0   0.412  21.1-162.8  12.5  97.1   34.0   15.6  -14.3               
 1202 1202 A G        -     0   0   77      2,-0.0     2,-0.6     0, 0.0    -1,-0.1  -0.762  14.1-147.6 -82.0 142.5   32.9   18.1  -11.6               
 1203 1203 A V        -     0   0  140     -2,-0.3     2,-0.3     2,-0.0    -2,-0.0  -0.872  15.3-161.9-113.8  93.2   29.6   19.8  -12.5               
 1204 1204 A E        -     0   0  178     -2,-0.6     2,-1.0     1,-0.1    -2,-0.0  -0.550  17.5-129.6 -73.7 137.5   29.6   23.3  -11.1               
 1205 1205 A R        +     0   0  248     -2,-0.3     2,-0.5     2,-0.0    -1,-0.1  -0.773  34.8 174.3 -84.3 100.6   26.3   25.2  -10.8               
 1206 1206 A T        -     0   0  124     -2,-1.0     2,-0.1     2,-0.0    -2,-0.0  -0.947  23.4-130.8-116.3 119.7   27.0   28.6  -12.5               
 1207 1207 A I        +     0   0  140     -2,-0.5     2,-0.2     1,-0.0    -2,-0.0  -0.351  33.9 155.8 -62.0 135.0   24.0   31.0  -12.8               
 1208 1208 A R        -     0   0  244     -2,-0.1     2,-0.1     2,-0.0    -2,-0.0  -0.616  19.6-163.1-156.6 120.5   22.7   32.9  -15.8               
 1209 1209 A N        +     0   0  131     -2,-0.2     0, 0.0     2,-0.0     0, 0.0  -0.289  26.2 119.8 -61.1 159.7   19.2   34.2  -16.5               
 1210 1210 A L        +     0   0  162     -2,-0.1     2,-0.1     0, 0.0    -2,-0.0   0.289  20.7 177.4-155.4 170.3   17.1   35.3  -18.8               
 1211 1211 A P        -     0   0  103      0, 0.0     2,-0.1     0, 0.0    -2,-0.0  -0.408   7.8-159.3 -98.7 176.7   13.7   34.4  -20.4               
 1212 1212 A L        -     0   0  150     -2,-0.1     0, 0.0     0, 0.0     0, 0.0  -0.339  23.8 -79.5-168.4 128.0   11.1   35.5  -22.9               
 1213 1213 A D        -     0   0  116     -2,-0.1     0, 0.0     1,-0.1     0, 0.0   0.744  32.6 -15.0  54.6 109.1    7.5   34.9  -23.7               
 1214 1214 A H        -     0   0  166      0, 0.0    -1,-0.1     0, 0.0     0, 0.0   0.750  15.9-124.7  70.0  99.5    4.5   33.5  -24.9               
 1215 1215 A A        -     0   0   90      0, 0.0     0, 0.0     0, 0.0     0, 0.0   0.847   2.6-171.7  96.6 158.9    2.0   31.7  -26.4               
 1216 1216 A S        -     0   0  109      0, 0.0     2,-0.1     0, 0.0     0, 0.0   0.774   2.0-172.1  73.5 124.1   -1.1   30.6  -28.4               
 1217 1217 A L        +     0   0  160      2,-0.0     0, 0.0     0, 0.0     0, 0.0   0.557  19.2 133.2  91.4 144.7   -3.3   28.3  -29.4               
 1218 1218 A V        -     0   0  115     -2,-0.1     0, 0.0     0, 0.0     0, 0.0   0.931  34.6-122.3  85.6  96.8   -6.2   27.7  -31.9               
 1219 1219 A K        +     0   0  191      0, 0.0     2,-0.2     0, 0.0    -2,-0.0   0.251  26.1 161.8  16.3 126.7   -7.4   25.2  -34.3               
 1220 1220 A S        -     0   0  118      0, 0.0     0, 0.0     0, 0.0     0, 0.0  -0.548  14.8-164.6-172.6 151.1   -8.2   25.1  -37.9               
 1221 1221 A W        +     0   0  227     -2,-0.2     0, 0.0     1,-0.2     0, 0.0  -0.824  39.4   4.1-115.0 171.2   -8.7   22.8  -40.9               
 1222 1222 A P        +     0   0  108      0, 0.0     2,-0.2     0, 0.0    -1,-0.2   0.668  33.5 106.9-132.6 169.9   -8.9   23.5  -44.0               
 1223 1223 A E        -     0   0  199      0, 0.0     2,-0.2     0, 0.0     0, 0.0  -0.838  27.4-143.0-164.1 153.5   -8.9   24.9  -47.6               
 1224 1224 A E        +     0   0  179     -2,-0.2     0, 0.0     1,-0.0     0, 0.0  -0.632  23.6 151.5 -85.8 157.1   -6.8   24.8  -50.8               
 1225 1225 A V        -     0   0  137     -2,-0.2    -1,-0.0     0, 0.0     0, 0.0   0.250  27.4-138.9 176.3  99.6   -5.9   27.1  -53.5               
 1226 1226 A S        +     0   0   86      0, 0.0    -2,-0.0     0, 0.0     0, 0.0   0.644  30.4 101.9  39.9 136.4   -2.8   27.2  -55.6               
 1227 1227 A R        +     0   0  156      0, 0.0     0, 0.0     0, 0.0     0, 0.0   0.588  23.5  76.3  75.6 141.2   -0.2   29.6  -57.2               
 1228 1228 A G        +     0   0   60    179,-0.1     0, 0.0     0, 0.0     0, 0.0   0.553  16.6  98.2 148.2 135.2    2.6   31.1  -57.5               
 1229 1229 A G        -     0   0   69    176,-0.1     0, 0.0   177,-0.0     0, 0.0   0.801  12.4-169.0 155.4-156.2    5.8   31.9  -58.1               
 1230 1230 A R        -     0   0  135    173,-0.0     0, 0.0   175,-0.0     0, 0.0   0.978  20.8-160.0  76.4  76.2    9.0   33.3  -60.0               
 1231 1231 A S        -     0   0  115      0, 0.0     2,-0.1     0, 0.0     0, 0.0   0.436   2.6-145.7  29.0 138.0   12.4   32.9  -59.3               
 1232 1232 A R        +     0   0  250      2,-0.0     0, 0.0     0, 0.0     0, 0.0  -0.265  33.0  45.9 172.4 149.3   15.7   34.6  -60.1               
 1233 1233 A A        -     0   0   94     -2,-0.1     0, 0.0     0, 0.0     0, 0.0   0.546  40.0 -27.3-171.5 152.6   18.8   33.6  -60.6               
 1234 1234 A G        +     0   0   84      0, 0.0    -2,-0.0     0, 0.0     2,-0.0   0.556  26.3 104.6  97.4 139.3   22.2   32.1  -61.5               
 1235 1235 A G        -     0   0   68      0, 0.0     2,-0.0     0, 0.0     0, 0.0   0.526  25.4-122.9 158.5 163.0   24.2   30.0  -62.4               
 1236 1236 A R        +     0   0  262     -2,-0.0     2,-0.0     0, 0.0     0, 0.0   0.370  29.1 118.9  78.9 140.2   26.7   27.6  -64.3               
 1237 1237 A G        -     0   0   78     -2,-0.0     0, 0.0     0, 0.0     0, 0.0   0.756  36.1-101.6 151.9 155.0   27.4   24.6  -65.2               
 1238 1238 A R        -     0   0  210     -2,-0.0     0, 0.0     0, 0.0     0, 0.0   0.499  37.2 -52.4-164.7 119.4   27.9   22.1  -67.3               
 1239 1239 A L        +     0   0  125      0, 0.0     0, 0.0     0, 0.0     0, 0.0   0.737  23.4 157.6  63.7 150.4   26.4   19.0  -69.1               
 1240 1240 A T        -     0   0   94      0, 0.0     0, 0.0     0, 0.0     0, 0.0   0.883  15.5-108.8-165.3-154.5   24.9   16.0  -69.6               
 1241 1241 A E        -     0   0  130      0, 0.0     0, 0.0     0, 0.0     0, 0.0   0.912  17.0 -35.2-161.5 163.9   23.1   13.5  -71.4               
 1242 1242 A E        +     0   0  167      0, 0.0     0, 0.0     0, 0.0     0, 0.0   0.859  32.2  76.4  45.2 149.9   20.5   11.0  -72.9               
 1243 1243 A E        -     0   0  170      0, 0.0     0, 0.0     0, 0.0     0, 0.0   0.860  26.5-173.4-150.2 131.3   17.9    8.8  -73.3               
 1244 1244 A E        +     0   0  171      0, 0.0     0, 0.0     0, 0.0     0, 0.0   0.999  15.1 164.4  97.7 163.7   14.3    8.5  -73.6               
 1245 1245 A A        -     0   0   95      2,-0.0     0, 0.0     0, 0.0     0, 0.0   0.848  18.3-159.7  73.7 115.2   10.8    6.6  -73.8               
 1246 1246 A E        -     0   0  172      1,-0.1     2,-0.1     0, 0.0     0, 0.0   0.515  11.7 -99.5  92.9 148.5    7.4    7.4  -73.4               
 1247 1247 A P        -     0   0  111      0, 0.0     2,-0.2     0, 0.0    -1,-0.1  -0.148   7.5-115.5-137.1-174.5    4.0    6.0  -72.7               
 1248 1248 A G        -     0   0   35    166,-0.1   168,-0.0    -2,-0.1     0, 0.0  -0.790  27.5 -66.8-170.1 130.6    0.3    4.7  -73.0               
 1249 1249 A T        -     0   0  106     -2,-0.2    -1,-0.0   167,-0.1     0, 0.0   0.717  35.5 -60.1  45.2 113.0   -3.5    4.8  -72.3               
 1250 1250 A E        -     0   0  146    166,-0.2   166,-0.1     1,-0.0    -1,-0.0   0.692  35.8 -32.1  42.3 117.4   -6.6    4.6  -70.1               
 1251 1251 A V        +     0   0  111    164,-0.4     2,-0.1   165,-0.1   165,-0.1   0.785  26.8 129.5  56.1 113.0   -9.0    3.1  -67.7               
 1252 1252 A D        +     0   0  105    164,-0.1     3,-0.0     0, 0.0     0, 0.0  -0.204  18.4 143.9-165.6 149.1  -11.1    0.9  -66.0               
 1253 1253 A L        +     0   0  115     -2,-0.1     3,-0.2     2,-0.1     4,-0.1   0.054  42.4 109.0-143.9  31.4  -11.6    0.3  -62.2               
 1254 1254 A A  S >  S+     0   0   70      1,-0.2     3,-0.5     2,-0.1     4,-0.4   0.684  74.4  66.5 -70.0 -18.3  -15.3   -0.5  -61.6               
 1255 1255 A V  T 3> S+     0   0  104      1,-0.2     4,-0.6     2,-0.1     3,-0.5   0.789  83.4  65.0 -85.1 -29.8  -14.4   -4.2  -60.8               
 1256 1256 A L  T 34 S+     0   0   90     -3,-0.2     4,-0.2     1,-0.2    -1,-0.2   0.537  93.5  63.1 -77.2  -6.3  -12.4   -4.0  -57.5               
 1257 1257 A A  T X4 S+     0   0   57     -3,-0.5     3,-0.5    -4,-0.1     4,-0.3   0.850  96.6  52.3 -85.0 -36.0  -15.3   -2.7  -55.3               
 1258 1258 A D  G >4 S+     0   0  132     -3,-0.5     3,-0.8    -4,-0.4    -2,-0.1   0.778  97.0  63.1 -79.2 -27.9  -17.8   -5.7  -55.6               
 1259 1259 A L  G 3< S+     0   0  146     -4,-0.6     3,-0.2     1,-0.2    -1,-0.2   0.644 102.0  49.3 -79.1 -13.6  -15.6   -8.6  -54.5               
 1260 1260 A A  G <  S+     0   0   86     -3,-0.5    -1,-0.2    -4,-0.2    -2,-0.1   0.512 104.9  58.9 -97.1  -8.6  -14.9   -7.4  -50.9               
 1261 1261 A L    <   +     0   0  115     -3,-0.8    -1,-0.2    -4,-0.3    -2,-0.1  -0.433  58.4 144.7-131.3  58.6  -18.5   -6.6  -49.8               
 1262 1262 A T        +     0   0  123     -3,-0.2     2,-0.8    -2,-0.1    -3,-0.0  -0.670   9.4 165.1-104.4  82.7  -20.8   -9.7  -50.1               
 1263 1263 A P        -     0   0  113      0, 0.0     2,-0.1     0, 0.0    -2,-0.0  -0.841  44.9-124.9 -81.3 108.2  -23.5   -9.9  -47.3               
 1264 1264 A A        -     0   0  106     -2,-0.8     2,-0.3     1,-0.1    -2,-0.0  -0.351  32.3-115.4 -61.6 127.5  -25.8  -12.5  -48.9               
 1265 1265 A R        +     0   0  238     -2,-0.1    -1,-0.1     2,-0.0     2,-0.1  -0.527  45.8 143.0 -77.6 133.0  -29.4  -11.1  -49.1               
 1266 1266 A R        -     0   0  257     -2,-0.3     2,-0.1     0, 0.0    -2,-0.0  -0.250  37.0-101.6 171.9 134.6  -32.7  -12.1  -47.6               
 1267 1267 A G        -     0   0   70     -2,-0.1    -2,-0.0     1,-0.0     0, 0.0  -0.761  23.7-135.9 164.7  58.0  -35.1  -10.2  -46.6               
 1268 1268 A L        +     0   0  173     -2,-0.1    -1,-0.0     0, 0.0     0, 0.0   0.415  10.5 172.0  59.8 176.6  -37.6   -8.1  -44.5               
 1269 1269 A P        -     0   0  115      0, 0.0     0, 0.0     0, 0.0     0, 0.0   0.719  17.2-140.7-129.1 168.2  -40.2   -6.7  -43.1               
 1270 1270 A A        +     0   0   87      0, 0.0     0, 0.0     0, 0.0     0, 0.0   0.546   8.9 176.9   2.9 164.5  -41.8   -4.5  -40.3               
 1271 1271 A L        -     0   0  164      0, 0.0     0, 0.0     0, 0.0     0, 0.0   0.875  12.3 -77.1-173.6-150.1  -44.0   -3.3  -37.9               
 1272 1272 A P        -     0   0  107      0, 0.0     0, 0.0     0, 0.0     0, 0.0   0.624   4.8-154.1-125.6 160.4  -45.5   -1.4  -35.4               
 1273 1273 A A        -     0   0   97      1,-0.1     2,-0.3     2,-0.0     0, 0.0   0.696  12.8-140.8  26.5 144.0  -46.5    0.0  -31.9               
 1274 1274 A V        -     0   0  128      1,-0.2    -1,-0.1     2,-0.0     0, 0.0  -0.883  38.5 -88.5-146.7 121.4  -49.1    1.7  -29.6               
 1275 1275 A E        +     0   0  174     -2,-0.3    -1,-0.2     0, 0.0    -2,-0.0   0.936  43.5 105.4  47.2 156.1  -48.7    4.5  -27.0               
 1276 1276 A D        -     0   0  142      0, 0.0    -2,-0.0     0, 0.0     0, 0.0   0.993  26.0-124.3  75.8 104.1  -48.0    5.9  -23.4               
 1277 1277 A S        +     0   0   98      0, 0.0     0, 0.0     0, 0.0     0, 0.0   0.913  22.1  69.7  82.9 145.9  -45.9    7.5  -21.0               
 1278 1278 A E        -     0   0  191      0, 0.0     0, 0.0     0, 0.0     0, 0.0   0.687  20.9-154.3  21.0 151.4  -43.9    8.5  -17.9               
 1279 1279 A A        +     0   0   79      0, 0.0     0, 0.0     0, 0.0     0, 0.0   0.868  22.0  87.3-173.9 169.8  -41.5    8.5  -15.6               
 1280 1280 A T        +     0   0  108      2,-0.0     0, 0.0     0, 0.0     0, 0.0   0.596  40.2  15.1  26.3 123.3  -38.9    8.6  -12.7               
 1281 1281 A E        +     0   0  170      0, 0.0     0, 0.0     0, 0.0     0, 0.0   0.862  29.9  10.6  63.6 149.1  -37.5    6.8   -9.7               
 1282 1282 A T        -     0   0  122      0, 0.0    -2,-0.0     0, 0.0     0, 0.0   0.712  15.9 -25.9-164.4 158.5  -36.6    4.6   -7.3               
 1283 1283 A S        -     0   0   94  -1198,-0.1 -1197,-0.1     0, 0.0 -1198,-0.0   0.841  25.0 -79.6  82.5 126.4  -35.5    1.9   -4.6               
 1284 1284 A D        +     0   0   77  -1199,-0.3 -1198,-0.0 -1200,-0.0     0, 0.0   0.918  18.0 172.2  50.4 179.1  -35.3   -1.1   -2.5               
 1285 1285 A E        +     0   0   91   -422,-0.0  -423,-0.0  -423,-0.0     0, 0.0   0.710  32.4  47.8  69.3 137.6  -36.7   -3.3    0.5               
 1286 1286 A A        -     0   0   61      0, 0.0     0, 0.0     0, 0.0     0, 0.0   0.592  31.3-149.4-162.0 150.9  -36.2   -6.2    1.8               
 1287 1287 A E        +     0   0  154      0, 0.0     0, 0.0     0, 0.0     0, 0.0   0.717  18.5 141.8  28.5 130.0  -34.6   -9.4    3.3               
 1288 1288 A R        -     0   0  190      2,-0.0     2,-0.1     0, 0.0     0, 0.0  -0.328  25.8-175.7-171.8 157.5  -34.3  -12.8    4.1               
 1289 1289 A P        -     0   0  106      0, 0.0     0, 0.0     0, 0.0     0, 0.0  -0.479  24.4-174.2-113.3 172.4  -31.3  -15.3    4.3               
 1290 1290 A R        -     0   0  246     -2,-0.1     2,-0.2     2,-0.0    -2,-0.0  -0.821  30.1-150.3-156.9 147.5  -29.6  -18.7    4.8               
 1291 1291 A P        +     0   0  115      0, 0.0     2,-0.1     0, 0.0     0, 0.0  -0.528  19.9 170.3-102.5 167.5  -25.7  -19.3    5.0               
 1292 1292 A L        -     0   0  158     -2,-0.2    -2,-0.0     0, 0.0     0, 0.0  -0.516  32.5 -60.8-173.7 145.3  -22.8  -21.5    4.4               
 1293 1293 A L        -     0   0  147     -2,-0.1     0, 0.0     1,-0.1     0, 0.0   0.681  45.5 -61.8  22.3 123.4  -18.9  -21.6    4.3               
 1294 1294 A S        +     0   0   93      2,-0.0     2,-0.2     0, 0.0    -1,-0.1   0.610  29.2 149.8  35.1 118.3  -15.7  -20.4    2.8               
 1295 1295 A H        -     0   0  185      2,-0.0     2,-0.6     0, 0.0     0, 0.0  -0.564  30.9-140.4-159.1 145.7  -13.4  -19.9    0.1               
 1296 1296 A I        +     0   0  169     -2,-0.2     2,-0.4     2,-0.0    -2,-0.0  -0.753  27.7 168.5 -85.9 121.4  -10.9  -16.9   -0.3               
 1297 1297 A L        -     0   0  117     -2,-0.6     2,-1.0     2,-0.0    -2,-0.0  -0.978  22.5-160.8-136.2 119.7  -10.6  -15.6   -3.9               
 1298 1298 A L        -     0   0  153     -2,-0.4     2,-0.2     2,-0.0    -2,-0.0  -0.580  21.5-170.7 -99.5  67.1   -8.8  -12.3   -4.7               
 1299 1299 A E        -     0   0  157     -2,-1.0     2,-1.1     1,-0.1    -2,-0.0  -0.409  21.3-131.9 -68.9 130.8  -10.2  -11.6   -8.2               
 1300 1300 A H        -     0   0  158     -2,-0.2     2,-0.7     1,-0.0    -1,-0.1  -0.675  22.4-140.2 -83.5  99.1   -8.6   -8.8  -10.2               
 1301 1301 A N        +     0   0  152     -2,-1.1     2,-0.4     1,-0.0    -1,-0.0  -0.454  35.3 158.6 -68.1 107.2  -11.6   -6.7  -11.5               
 1302 1302 A Y        +     0   0  192     -2,-0.7    -2,-0.0     1,-0.2    -1,-0.0  -0.975  36.2   1.5-133.0 126.4  -10.9   -5.6  -15.2               
 1303 1303 A A        +     0   0   68     -2,-0.4    -1,-0.2     1,-0.0     0, 0.0   0.331  46.6 110.8  68.4 149.4  -13.7   -4.5  -17.6               
 1304 1304 A L        +     0   0  143      0, 0.0     2,-0.5     0, 0.0    -1,-0.0   0.407  19.3 158.8-140.0 124.9  -16.8   -3.9  -18.6               
 1305 1305 A A        -     0   0   44      0, 0.0     2,-0.2     0, 0.0  -929,-0.0  -0.853  29.1-149.5 -91.9 130.4  -18.1   -0.4  -19.4               
 1306 1306 A V        -     0   0  127     -2,-0.5  -930,-0.0  -929,-0.0     0, 0.0  -0.501  15.0-113.8 -95.5 160.0  -21.3   -0.4  -21.7               
 1307 1307 A K        -     0   0  121     -2,-0.2     2,-0.2  -930,-0.1  -930,-0.1  -0.845  21.3-130.5-101.8 132.7  -22.2    2.3  -24.3               
 1308 1308 A P        -     0   0   81      0, 0.0  -932,-0.1     0, 0.0  -935,-0.0  -0.579  19.6-132.7 -79.6 145.9  -25.4    4.6  -24.0               
 1309 1309 A T        -     0   0  125     -2,-0.2  -935,-0.0     1,-0.0     0, 0.0  -0.706  17.9-122.1 -92.6 145.8  -27.7    5.0  -27.0               
 1310 1310 A P        -     0   0   62      0, 0.0     2,-0.2     0, 0.0  -937,-0.1  -0.429  30.8-100.4 -81.6 162.0  -29.1    8.5  -28.3               
 1311 1311 A P        -     0   0   85      0, 0.0     0, 0.0     0, 0.0     0, 0.0  -0.568  33.8-137.6 -84.8 151.2  -32.8    9.4  -28.6               
 1312 1312 A A        -     0   0  101     -2,-0.2     2,-0.4     0, 0.0     0, 0.0  -0.828  10.9-133.1-115.4 145.5  -34.7    9.4  -31.9               
 1313 1313 A P        -     0   0  102      0, 0.0     0, 0.0     0, 0.0     0, 0.0  -0.869  32.3 -45.4-108.7 132.7  -37.3   11.8  -33.6               
 1314 1314 A A        +     0   0   88     -2,-0.4     0, 0.0     0, 0.0     0, 0.0   0.848  43.6  10.7  57.6 112.7  -40.7   11.6  -35.4               
 1315 1315 A L        +     0   0  150      0, 0.0     0, 0.0     0, 0.0     0, 0.0   0.995  33.2  27.4  88.9 114.7  -43.3   10.5  -37.7               
 1316 1316 A R        +     0   0  228      0, 0.0     0, 0.0     0, 0.0     0, 0.0   0.418  22.0 158.3 112.5 144.0  -45.6    8.7  -40.3               
 1317 1317 A P        -     0   0  114      0, 0.0     2,-0.0     0, 0.0     0, 0.0  -0.485  13.5-140.8-120.9-177.6  -47.0    5.5  -42.2               
 1318 1318 A P        -     0   0  116      0, 0.0     0, 0.0     0, 0.0     0, 0.0   0.059  25.3 -55.7-163.9 165.1  -49.3    3.5  -44.1               
 1319 1319 A E        -     0   0  185     -2,-0.0     0, 0.0     0, 0.0     0, 0.0   0.657  26.7-178.0  67.0 162.4  -51.1    0.1  -45.0               
 1320 1320 A P        -     0   0  101      0, 0.0     0, 0.0     0, 0.0     0, 0.0   0.136  12.4-163.4-142.2-148.9  -51.1   -3.6  -45.9               
 1321 1321 A V        -     0   0  133      0, 0.0     0, 0.0     0, 0.0     0, 0.0  -0.055  30.7 -29.4  93.2 168.2  -52.4   -7.3  -46.9               
 1322 1322 A P        -     0   0  123      0, 0.0     0, 0.0     0, 0.0     0, 0.0   0.314  19.9-169.5-124.8-170.8  -51.4  -10.9  -47.0               
 1323 1323 A A        -     0   0   91      0, 0.0     0, 0.0     0, 0.0     0, 0.0   0.175   2.5-163.1 -81.1-168.5  -49.8  -14.5  -47.4               
 1324 1324 A P        -     0   0  125      0, 0.0     0, 0.0     0, 0.0     0, 0.0   0.405  17.7 -17.4-150.6-176.2  -49.4  -17.8  -47.6               
 1325 1325 A A        -     0   0   93      0, 0.0     0, 0.0     0, 0.0     0, 0.0   1.000  23.1 -90.6  88.9 110.7  -47.7  -21.3  -47.6               
 1326 1326 A A        +     0   0   92      0, 0.0     0, 0.0     0, 0.0     0, 0.0   0.829  17.8 138.0  96.8 148.4  -45.2  -24.1  -47.5               
 1327 1327 A L        -     0   0  151      0, 0.0     0, 0.0     0, 0.0     0, 0.0   0.942  31.2 -74.8  92.8 106.2  -42.7  -27.0  -48.0               
 1328 1328 A F        -     0   0  185      2,-0.0     0, 0.0     0, 0.0     0, 0.0   0.869  28.3 -54.6  52.8 122.5  -39.4  -28.8  -47.0               
 1329 1329 A S        -     0   0  118      1,-0.1     0, 0.0     0, 0.0     0, 0.0   0.928  30.0-102.0  50.6 150.6  -35.8  -29.7  -46.5               
 1330 1330 A S        -     0   0  112      0, 0.0     2,-0.2     0, 0.0    -1,-0.1  -0.391  11.1-155.6 -93.9 171.1  -32.3  -30.4  -47.8               
 1331 1331 A P        -     0   0  124      0, 0.0     2,-0.2     0, 0.0     0, 0.0  -0.746  20.8-166.5-129.0-158.3  -30.0  -33.2  -48.6               
 1332 1332 A A        +     0   0   83     -2,-0.2     0, 0.0     0, 0.0     0, 0.0  -0.763  18.1  73.6-148.8-174.8  -26.1  -33.2  -48.8               
 1333 1333 A D        +     0   0  156     -2,-0.2     0, 0.0     1,-0.0     0, 0.0   0.459  18.7 124.8  82.7 163.6  -22.6  -34.7  -49.7               
 1334 1334 A E        -     0   0  180      0, 0.0    -1,-0.0     0, 0.0     0, 0.0   0.652  22.7-157.7  73.4 148.9  -19.8  -35.8  -52.1               
 1335 1335 A V        -     0   0  108      0, 0.0    -2,-0.0     0, 0.0     0, 0.0   0.860  24.0-161.0-172.7-170.5  -16.5  -35.6  -52.8               
 1336 1336 A L        -     0   0  161      2,-0.0     2,-0.1     0, 0.0     0, 0.0   0.780  23.1-172.9  83.6 105.3  -12.9  -35.7  -54.6               
 1337 1337 A E        -     0   0  186      1,-0.1     0, 0.0     0, 0.0     0, 0.0   0.600  17.3 -82.5  93.0 147.9   -9.8  -35.8  -53.3               
 1338 1338 A A        -     0   0   85     -2,-0.1     2,-0.2     0, 0.0    -1,-0.1  -0.072  15.6-128.8-100.8-175.9   -6.1  -35.6  -54.2               
 1339 1339 A P        -     0   0  131      0, 0.0     2,-0.2     0, 0.0     0, 0.0  -0.864  21.6-145.4-141.9 166.2   -3.1  -37.2  -55.5               
 1340 1340 A E        -     0   0  172     -2,-0.2     2,-0.2     0, 0.0     0, 0.0  -0.506   6.5-137.8 -94.0 163.7    0.5  -37.4  -54.1               
 1341 1341 A V        -     0   0  146     -2,-0.2     2,-0.1     0, 0.0     0, 0.0  -0.827  33.4-171.8-145.0 125.0    4.2  -37.5  -55.3               
 1342 1342 A V        -     0   0   98     -2,-0.2     0, 0.0     1,-0.0     0, 0.0  -0.351   7.7  -2.8 111.7  97.9    6.4  -39.6  -53.8               
 1343 1343 A V        +     0   0  139     -2,-0.1     2,-0.1     1,-0.1    -1,-0.0   0.954  20.1 148.4  66.1 128.1    9.9  -41.0  -53.2               
 1344 1344 A A        +     0   0   95      0, 0.0     2,-0.3     0, 0.0    -1,-0.1  -0.319  16.9 156.2-177.0 142.6   13.6  -41.4  -53.7               
 1345 1345 A E        -     0   0  203     -2,-0.1     2,-0.2     0, 0.0     0, 0.0  -0.900  14.3-161.8-136.1 163.0   16.7  -42.4  -51.4               
 1346 1346 A A        -     0   0   91     -2,-0.3     0, 0.0     1,-0.0     0, 0.0  -0.675  13.6-132.2-167.7 117.0   20.3  -43.8  -51.5               
 1347 1347 A E        -     0   0  204     -2,-0.2    -1,-0.0     1,-0.1     0, 0.0   0.803   4.8-121.3  82.2 140.6   22.6  -45.3  -49.3               
 1348 1348 A E        -     0   0  177      0, 0.0     2,-0.3     0, 0.0    -1,-0.1  -0.990  19.2-138.3-149.0 143.5   26.3  -45.4  -47.9               
 1349 1349 A P        -     0   0  116      0, 0.0     0, 0.0     0, 0.0     0, 0.0  -0.791  13.8-121.3-140.9 111.0   29.2  -48.1  -47.6               
 1350 1350 A K        -     0   0  173     -2,-0.3     2,-0.1     1,-0.0     0, 0.0   0.874  23.2-112.5  46.9 168.9   31.8  -49.3  -45.2               
 1351 1351 A P        +     0   0  102      0, 0.0    -1,-0.0     0, 0.0     0, 0.0  -0.245  29.1  96.8-134.1-169.7   35.5  -49.8  -44.5               
 1352 1352 A Q        +     0   0  169      1,-0.1     2,-0.2    -2,-0.1    -2,-0.0   0.985  19.9 118.8  65.3 113.6   39.1  -51.2  -43.9               
 1353 1353 A Q        +     0   0  174      1,-0.1    -1,-0.1     0, 0.0     0, 0.0  -0.641  40.9  10.9-173.7 170.5   42.3  -52.1  -45.0               
 1354 1354 A L        -     0   0  130     -2,-0.2    -1,-0.1     0, 0.0    -2,-0.0   0.905  33.1-148.7  36.4 113.0   46.2  -51.6  -44.8               
 1355 1355 A Q        +     0   0  149      0, 0.0     0, 0.0     0, 0.0     0, 0.0   0.457  38.5  81.8  68.2 130.2   48.6  -50.2  -43.1               
 1356 1356 A Q        +     0   0  133     -2,-0.0     0, 0.0     0, 0.0     0, 0.0   0.942  36.1  97.5  71.3 118.0   52.0  -48.7  -43.9               
 1357 1357 A Q        -     0   0  128      0, 0.0     2,-0.1     0, 0.0     0, 0.0   0.693  18.0-170.8  99.2 124.0   54.0  -45.9  -45.1               
 1358 1358 A R        +     0   0  179      2,-0.0     2,-0.0     0, 0.0     0, 0.0   0.312  10.3 133.8  69.7 113.2   55.8  -43.3  -45.5               
 1359 1359 A E        -     0   0  102     -2,-0.1     0, 0.0     0, 0.0     0, 0.0   0.528  35.7-103.3-161.3-177.0   57.2  -40.9  -46.9               
 1360 1360 A E        -     0   0  153     -2,-0.0    -2,-0.0     0, 0.0     0, 0.0   0.186  50.5-106.9  25.8  72.8   58.7  -37.6  -47.9               
 1361 1361 A G        -     0   0   73      2,-0.0     0, 0.0     1,-0.0     0, 0.0   0.201  34.8-159.3  55.7-132.3   57.2  -35.7  -50.8               
 1362 1362 A E        +     0   0  173      0, 0.0    -1,-0.0     0, 0.0     2,-0.0   0.792  28.2  45.9  60.9 121.1   59.0  -35.4  -54.2               
 1363 1363 A E        -     0   0  148      2,-0.0    -2,-0.0     0, 0.0     0, 0.0   0.702  53.9  -3.4-153.5-174.9   58.8  -33.4  -56.6               
 1364 1364 A E        -     0   0  159      1,-0.2     2,-0.2    -2,-0.0     0, 0.0   0.794  14.1-175.3  47.8 106.9   58.7  -30.4  -58.9               
 1365 1365 A G        -     0   0   77      0, 0.0     2,-0.3     0, 0.0    -1,-0.2  -0.699  20.6-152.3  85.5  62.4   58.6  -27.3  -58.5               
 1366 1366 A E        +     0   0  167     -2,-0.2     0, 0.0     1,-0.2     0, 0.0  -0.972  28.9 114.2-140.5 143.0   58.2  -25.2  -61.8               
 1367 1367 A E        -     0   0  147     -2,-0.3    -1,-0.2     0, 0.0     0, 0.0   0.835  38.2-155.3-162.8 173.7   59.1  -22.2  -62.3               
 1368 1368 A E        +     0   0  179      0, 0.0    -2,-0.0     0, 0.0     0, 0.0   0.730  29.1 108.4  33.7 129.7   60.4  -18.6  -63.2               
 1369 1369 A G        +     0   0   67      3,-0.0     2,-0.1     0, 0.0     0, 0.0   0.770  16.5 108.7-150.3-175.2   60.8  -15.5  -62.2               
 1370 1370 A E        +     0   0  193      2,-0.1     0, 0.0     0, 0.0     0, 0.0   0.511  36.0 149.3  57.8 150.8   62.5  -12.9  -61.2               
 1371 1371 A E        -     0   0  182     -2,-0.1     2,-0.3     1,-0.1     0, 0.0   0.760  21.5-171.7  68.7 107.6   62.9   -9.9  -63.7               
 1372 1372 A E        +     0   0  189      0, 0.0     2,-0.1     0, 0.0    -1,-0.1  -0.734  24.8 159.0  48.2  71.8   63.2   -6.9  -62.9               
 1373 1373 A E        -     0   0  173     -2,-0.3     0, 0.0     1,-0.1     0, 0.0  -0.469  20.8-157.8-161.8 117.3   63.0   -4.9  -66.0               
 1374 1374 A E        +     0   0  175     -2,-0.1    -1,-0.1     0, 0.0     0, 0.0   0.946  28.9 102.6  37.5-177.0   62.1   -1.4  -66.8               
 1375 1375 A E        +     0   0  170      1,-0.0     0, 0.0     0, 0.0     0, 0.0   0.658  18.0 101.4  30.0 109.4   60.9    0.6  -69.8               
 1376 1376 A S        +     0   0  117      0, 0.0     2,-0.3     0, 0.0    -1,-0.0   0.087  19.9 168.1-175.0 135.6   58.5    2.0  -71.5               
 1377 1377 A S        +     0   0   96      2,-0.0     2,-0.1     0, 0.0     0, 0.0  -0.588   6.6 172.0 -57.5 139.1   57.3    5.5  -72.2               
 1378 1378 A D        +     0   0  147     -2,-0.3     2,-0.0     2,-0.0     0, 0.0  -0.283  28.5 158.0-158.0 123.7   55.0    6.9  -74.4               
 1379 1379 A S        +     0   0   80     -2,-0.1    -2,-0.0     0, 0.0     0, 0.0   0.437   7.6  96.0 108.1 138.6   54.5   10.2  -73.8               
 1380 1380 A S        +     0   0  119     -2,-0.0    -2,-0.0     0, 0.0     0, 0.0   0.337   2.9 113.8  68.0 161.8   53.3   13.6  -75.1               
 1381 1381 A S        -     0   0   95      0, 0.0     0, 0.0     0, 0.0     0, 0.0   0.604  38.6 -74.5-142.7 152.5   51.9   16.2  -75.9               
 1382 1382 A S        -     0   0   92      0, 0.0     0, 0.0     0, 0.0     0, 0.0   0.795  19.7-152.2  52.0  99.3   51.6   19.9  -75.4               
 1383 1383 A S        +     0   0   94      0, 0.0     0, 0.0     0, 0.0     0, 0.0   0.998   8.5 179.5 100.3 158.9   50.7   22.6  -73.7               
 1384 1384 A D        +     0   0  154      0, 0.0     2,-0.0     0, 0.0     0, 0.0   0.828   7.4 144.0  67.4 139.3   49.7   26.3  -73.4               
 1385 1385 A G        +     0   0   62      2,-0.0     0, 0.0     0, 0.0     0, 0.0   0.407  12.4 163.4 156.8 136.5   48.8   28.9  -72.1               
 1386 1386 A E        -     0   0  203      1,-0.1     2,-0.2    -2,-0.0     0, 0.0   0.527  20.1-116.8  61.7 154.6   48.0   32.3  -70.6               
 1387 1387 A G        -     0   0   67      0, 0.0     2,-0.4     0, 0.0    -1,-0.1  -0.879   9.1-167.7 138.6  47.6   46.7   34.6  -69.1               
 1388 1388 A A        -     0   0   98     -2,-0.2     0, 0.0     2,-0.0     0, 0.0  -0.719  25.1-141.1-130.2  90.1   44.7   37.9  -69.5               
 1389 1389 A L        +     0   0  151     -2,-0.4     2,-0.0     0, 0.0     0, 0.0   0.345  26.8 136.5  30.1 118.5   44.0   40.5  -67.0               
 1390 1390 A R        -     0   0  234      0, 0.0    -2,-0.0     0, 0.0     2,-0.0   0.175  11.5-176.2-172.5 162.7   42.0   42.7  -65.5               
 1391 1391 A R        +     0   0  221      1,-0.0     0, 0.0    -2,-0.0     0, 0.0  -0.186  13.3 134.5 -58.5 168.1   40.4   44.4  -62.5               
 1392 1392 A R        -     0   0  223     -2,-0.0    -1,-0.0     0, 0.0     0, 0.0   0.692  25.3 -46.8-175.4 161.3   38.3   46.6  -61.2               
 1393 1393 A S        -     0   0   99      0, 0.0    -2,-0.0     0, 0.0     0, 0.0   0.989  21.1-131.6  72.3  98.6   35.5   48.3  -59.0               
 1394 1394 A L        +     0   0  156      1,-0.0     0, 0.0     0, 0.0     0, 0.0   0.144  21.2 158.4  15.6 123.4   32.3   48.3  -57.4               
 1395 1395 A R        -     0   0  231      0, 0.0    -1,-0.0     0, 0.0     0, 0.0   0.376  16.8-143.6 172.3 119.6   29.4   50.5  -57.0               
 1396 1396 A S        +     0   0   90      0, 0.0     0, 0.0     0, 0.0     0, 0.0   0.874  30.1 127.4  56.3 166.4   25.7   50.5  -56.2               
 1397 1397 A H        -     0   0  174      1,-0.0     0, 0.0     0, 0.0     0, 0.0   0.961  31.5-147.9  79.9  81.2   22.1   51.8  -56.7               
 1398 1398 A A        -     0   0  103      1,-0.0     2,-0.3     0, 0.0    -1,-0.0  -0.022   3.5-160.7 -25.0 136.4   19.0   49.9  -57.3               
 1399 1399 A R        -     0   0  244      2,-0.0     2,-0.1     0, 0.0    -1,-0.0  -0.994  30.0-113.7-126.6 137.4   16.0   51.1  -59.4               
 1400 1400 A R        -     0   0  254     -2,-0.3     2,-0.3     0, 0.0     0, 0.0  -0.395  30.5-173.7 -64.0 136.8   12.7   49.2  -58.8               
 1401 1401 A R        -     0   0  246     -2,-0.1    -2,-0.0     0, 0.0     0, 0.0  -0.963  27.4-113.6-125.5 148.7   11.1   47.1  -61.5               
 1402 1402 A R        -     0   0  240     -2,-0.3     0, 0.0     1,-0.1     0, 0.0  -0.538  31.4-112.3 -77.9 141.0    7.6   45.5  -61.3               
 1403 1403 A P        -     0   0  114      0, 0.0    -1,-0.1     0, 0.0  -173,-0.0  -0.441  30.4-121.0 -71.7 149.3    7.2   41.6  -61.2               
 1404 1404 A P        -     0   0   87      0, 0.0     0, 0.0     0, 0.0     0, 0.0  -0.596  35.1 -89.0 -88.9 156.4    5.6   39.8  -64.2               
 1405 1405 A P        -     0   0  101      0, 0.0  -176,-0.1     0, 0.0  -175,-0.0  -0.135  45.1-102.0 -67.3 154.9    2.4   37.5  -63.9               
 1406 1406 A P        -     0   0   72      0, 0.0  -177,-0.0     0, 0.0     0, 0.0  -0.239  35.2-108.8 -74.1 161.6    2.5   33.7  -63.1               
 1407 1407 A P        -     0   0   80      0, 0.0  -179,-0.1     0, 0.0     0, 0.0  -0.403  34.2 -93.5 -84.2 165.8    2.1   30.8  -65.7               
 1408 1408 A P        -     0   0  112      0, 0.0     0, 0.0     0, 0.0     0, 0.0  -0.142  48.1 -95.1 -66.0 167.6   -0.9   28.3  -66.2               
 1409 1409 A P        -     0   0   78      0, 0.0     0, 0.0     0, 0.0     0, 0.0  -0.465  34.0-108.6 -80.6 161.3   -1.0   24.8  -64.6               
 1410 1410 A P        -     0   0  115      0, 0.0     0, 0.0     0, 0.0     0, 0.0  -0.447  42.2 -97.6 -73.3 160.7    0.2   21.4  -66.1               
 1411 1411 A P        -     0   0  115      0, 0.0     2,-0.1     0, 0.0     0, 0.0  -0.334  46.0 -91.4 -70.4 160.8   -2.5   18.8  -67.1               
 1412 1412 A P        -     0   0  127      0, 0.0     2,-0.3     0, 0.0     0, 0.0  -0.375  41.9-108.1 -68.4 153.8   -3.4   15.8  -64.7               
 1413 1413 A R        -     0   0  212     -2,-0.1     2,-0.2     0, 0.0     0, 0.0  -0.676  27.4-156.3 -79.7 137.7   -1.5   12.5  -64.9               
 1414 1414 A A        -     0   0   85     -2,-0.3     2,-0.3  -164,-0.0  -166,-0.1  -0.668   7.5-151.2 -98.8 164.4   -3.3    9.4  -66.3               
 1415 1415 A Y        -     0   0  167     -2,-0.2  -164,-0.4     3,-0.0  -166,-0.0  -0.977  17.9-112.7-136.6 148.0   -2.2    5.7  -65.5               
 1416 1416 A E        -     0   0  137     -2,-0.3     2,-0.5  -166,-0.1  -166,-0.2  -0.471  42.3-100.8 -75.1 144.1   -2.5    2.4  -67.5               
 1417 1417 A P        -     0   0   57      0, 0.0    -1,-0.1     0, 0.0     2,-0.1  -0.611  37.5-125.3 -75.4 120.5   -4.9   -0.3  -66.1               
 1418 1418 A R        -     0   0  137     -2,-0.5     5,-0.0     1,-0.1    -3,-0.0  -0.348  27.9-107.6 -61.2 140.1   -3.1   -3.0  -64.1               
 1419 1419 A S     >  -     0   0   55      1,-0.1     4,-2.6    -2,-0.1     5,-0.2  -0.157  28.3-107.3 -61.4 157.6   -3.6   -6.6  -65.2               
 1420 1420 A E  H  > S+     0   0  161      1,-0.2     4,-2.7     2,-0.2     5,-0.2   0.892 123.0  54.3 -55.8 -37.3   -5.7   -9.1  -63.0               
 1421 1421 A F  H  > S+     0   0  159      2,-0.2     4,-2.6     1,-0.2    -1,-0.2   0.901 109.7  45.3 -65.1 -41.5   -2.4  -10.8  -62.1               
 1422 1422 A E  H  > S+     0   0   90      2,-0.2     4,-2.9     1,-0.2    -2,-0.2   0.877 112.5  51.6 -69.5 -36.5   -0.9   -7.5  -60.9               
 1423 1423 A Q  H  X S+     0   0   51     -4,-2.6     4,-2.1     2,-0.2    -2,-0.2   0.942 113.5  44.6 -63.5 -45.1   -4.1   -6.6  -59.0               
 1424 1424 A M  H  X S+     0   0  130     -4,-2.7     4,-2.3     2,-0.2    -2,-0.2   0.907 113.4  51.2 -60.4 -44.6   -4.0  -10.1  -57.3               
 1425 1425 A T  H  X S+     0   0   51     -4,-2.6     4,-2.7     2,-0.2    -2,-0.2   0.949 111.5  46.1 -61.9 -47.5   -0.2   -9.6  -56.6               
 1426 1426 A I  H  X S+     0   0   55     -4,-2.9     4,-2.6     1,-0.2    -1,-0.2   0.883 112.5  51.0 -63.9 -38.1   -0.7   -6.2  -55.0               
 1427 1427 A L  H  X S+     0   0  107     -4,-2.1     4,-1.7    -5,-0.2    -1,-0.2   0.888 112.1  47.4 -65.0 -36.9   -3.6   -7.6  -52.9               
 1428 1428 A Y  H  X S+     0   0  151     -4,-2.3     4,-2.7     2,-0.2    -2,-0.2   0.894 112.0  49.5 -69.8 -39.8   -1.3  -10.5  -51.9               
 1429 1429 A D  H  X>S+     0   0   90     -4,-2.7     4,-2.9     2,-0.2     5,-0.6   0.911 111.8  48.4 -65.6 -41.0    1.5   -8.0  -51.0               
 1430 1430 A I  H  X5S+     0   0   47     -4,-2.6     4,-1.0     3,-0.2    -2,-0.2   0.858 113.7  48.6 -67.1 -34.5   -1.0   -5.9  -48.9               
 1431 1431 A W  H  <5S+     0   0  211     -4,-1.7    -2,-0.2    -5,-0.2    -1,-0.2   0.950 120.8  34.6 -66.3 -48.3   -2.2   -9.2  -47.2               
 1432 1432 A N  H  <5S+     0   0  104     -4,-2.7    -2,-0.2     1,-0.1    -3,-0.2   0.830 132.6  26.8 -81.8 -36.2    1.4  -10.3  -46.4               
 1433 1433 A S  H  <5S-     0   0   62     -4,-2.9    -3,-0.2    -5,-0.2    40,-0.2   0.680 106.5-129.5 -98.2 -20.7    3.2   -6.9  -45.7               
 1434 1434 A G     << -     0   0    8     -4,-1.0     2,-0.4    -5,-0.6    -1,-0.2  -0.208  37.3 -48.3  92.4 173.0    0.1   -4.9  -44.5               
 1435 1435 A L        -     0   0   41     34,-0.2    37,-2.4    -4,-0.1    36,-1.4  -0.688  58.2-159.2 -77.2 128.8   -1.4   -1.5  -45.5               
 1436 1436 A D     >  -     0   0   51     -2,-0.4     4,-1.5    34,-0.2    35,-0.1  -0.055  34.9 -90.8 -92.8-169.4    1.2    1.3  -45.6               
 1437 1437 A S  H  > S+     0   0   83      2,-0.2     4,-0.6    35,-0.2    -2,-0.0   0.752 125.8  49.5 -77.8 -26.2    0.8    5.1  -45.5               
 1438 1438 A E  H >> S+     0   0  105      2,-0.2     4,-2.5     3,-0.1     3,-0.7   0.921 110.0  51.3 -77.9 -42.9    0.5    5.6  -49.3               
 1439 1439 A D  H 3> S+     0   0   40      1,-0.3     4,-3.0     2,-0.2     5,-0.3   0.937 108.3  52.3 -52.1 -52.3   -2.1    2.8  -49.5               
 1440 1440 A M  H 3X S+     0   0   21     -4,-1.5     4,-1.1     1,-0.2    -1,-0.3   0.778 110.7  49.2 -56.4 -29.5   -4.1    4.6  -46.7               
 1441 1441 A S  H <X S+     0   0   59     -3,-0.7     4,-2.5    -4,-0.6    -2,-0.2   0.910 112.6  44.8 -78.8 -41.7   -3.8    7.8  -48.9               
 1442 1442 A Y  H  X S+     0   0  120     -4,-2.5     4,-2.4     2,-0.2    -2,-0.2   0.893 112.1  52.1 -70.3 -39.0   -5.1    6.1  -52.1               
 1443 1443 A L  H  X S+     0   0   80     -4,-3.0     4,-2.1     2,-0.2    -1,-0.2   0.898 114.0  44.9 -62.7 -37.8   -7.9    4.2  -50.3               
 1444 1444 A R  H  X S+     0   0   81     -4,-1.1     4,-2.8    -5,-0.3    -2,-0.2   0.924 112.7  50.1 -68.6 -44.1   -9.0    7.7  -48.9               
 1445 1445 A L  H  X S+     0   0   88     -4,-2.5     4,-1.3     2,-0.2    -2,-0.2   0.834 111.8  48.4 -66.2 -33.8   -8.6    9.4  -52.3               
 1446 1446 A T  H  X S+     0   0   73     -4,-2.4     4,-2.8     2,-0.2    -2,-0.2   0.924 112.3  48.7 -72.1 -41.8  -10.7    6.7  -53.9               
 1447 1447 A Y  H  X S+     0   0   37     -4,-2.1     4,-2.2     2,-0.2    -2,-0.2   0.954 113.2  46.7 -57.0 -51.5  -13.4    7.0  -51.2               
 1448 1448 A E  H  < S+     0   0   70     -4,-2.8     4,-0.3     1,-0.2    -1,-0.2   0.802 115.8  46.8 -65.0 -28.0  -13.4   10.9  -51.6               
 1449 1449 A R  H >X S+     0   0  135     -4,-1.3     4,-1.7    -5,-0.2     3,-0.8   0.865 107.7  54.7 -79.6 -38.2  -13.6   10.4  -55.4               
 1450 1450 A L  H 3X S+     0   0   72     -4,-2.8     4,-1.2     1,-0.3     3,-0.3   0.928 104.8  55.1 -60.9 -42.6  -16.4    7.8  -55.2               
 1451 1451 A L  H 3< S+     0   0   76     -4,-2.2    -1,-0.3     1,-0.2    -2,-0.2   0.696 115.2  40.8 -57.8 -24.7  -18.5   10.3  -53.2               
 1452 1452 A Q  H <4 S+     0   0  159     -3,-0.8    -1,-0.2    -4,-0.3    -2,-0.2   0.713 113.4  50.8 -94.1 -28.5  -18.0   12.8  -56.1               
 1453 1453 A Q  H  < S+     0   0  140     -4,-1.7     2,-0.5    -3,-0.3    -2,-0.2   0.659  96.9  61.4 -92.5 -19.6  -18.4   10.5  -59.2               
 1454 1454 A T    ><  -     0   0   69     -4,-1.2     3,-1.7    -5,-0.1     2,-1.3  -0.836  39.9-173.7-133.6 106.4  -21.7    8.5  -58.7               
 1455 1455 A S  T 3  S+     0   0  138     -2,-0.5    -1,-0.1     1,-0.2    -4,-0.1  -0.133  96.2  56.4 -70.5  35.4  -25.4    9.6  -58.4               
 1456 1456 A G  T 3  S+     0   0   63     -2,-1.3    -1,-0.2     0, 0.0     3,-0.2   0.260  79.1  84.0-151.0   2.0  -26.1    5.9  -57.7               
 1457 1457 A A    X>  +     0   0   13     -3,-1.7     3,-1.9     1,-0.2     4,-0.7  -0.355  45.6 147.2-101.3  48.6  -23.8    5.2  -54.7               
 1458 1458 A D  H >>  +     0   0  111      1,-0.3     3,-1.0     2,-0.2     4,-0.9   0.862  66.8  63.6 -56.7 -32.5  -26.4    6.5  -52.1               
 1459 1459 A W  H 34 S+     0   0  147      1,-0.2     4,-0.3    -3,-0.2    -1,-0.3   0.747  93.5  61.7 -61.2 -26.9  -25.1    3.8  -49.6               
 1460 1460 A L  H X4 S+     0   0   12     -3,-1.9     3,-0.6     1,-0.2    -1,-0.2   0.808  96.9  58.5 -72.7 -26.4  -21.6    5.5  -49.7               
 1461 1461 A N  H << S+     0   0   93     -3,-1.0    -1,-0.2    -4,-0.7    -2,-0.2   0.824 102.2  54.2 -69.3 -30.4  -23.3    8.7  -48.2               
 1462 1462 A D  T 3< S+     0   0  150     -4,-0.9    -1,-0.2    -3,-0.1     2,-0.2   0.569 101.2  80.3 -76.6 -11.5  -24.5    6.6  -45.3               
 1463 1463 A T    <   -     0   0   48     -3,-0.6     2,-0.4    -4,-0.3    -3,-0.0  -0.620  65.9-155.7 -91.4 156.4  -20.8    5.6  -44.7               
 1464 1464 A H        -     0   0  158     -2,-0.2     2,-0.4     0, 0.0    -3,-0.1  -0.999  28.2-106.2-130.8 135.1  -18.1    7.6  -43.0               
 1465 1465 A W        -     0   0   62     -2,-0.4     2,-0.5     1,-0.1   -21,-0.0  -0.391  34.0-160.2 -60.6 115.0  -14.3    7.4  -43.5               
 1466 1466 A V        -     0   0   97     -2,-0.4     2,-1.1     1,-0.0    -1,-0.1  -0.845  21.4-122.8 -94.4 127.9  -12.7    5.6  -40.5               
 1467 1467 A H        -     0   0  127     -2,-0.5   -27,-0.0   -23,-0.0    -2,-0.0  -0.620  33.2-156.8 -69.2 102.3   -8.9    6.1  -40.1               
 1468 1468 A H        -     0   0  111     -2,-1.1     2,-0.5   -28,-0.1   -28,-0.0  -0.225  21.4-102.2 -64.5 163.0   -7.6    2.6  -40.2               
 1469 1469 A T        -     0   0  115     -2,-0.0   -34,-0.2     1,-0.0     2,-0.1  -0.872  34.2-111.2 -90.3 128.8   -4.2    1.7  -38.5               
 1470 1470 A I        -     0   0   69     -2,-0.5   -34,-0.2     1,-0.2   -33,-0.1  -0.373  31.8-173.5 -48.6 120.6   -1.2    1.3  -40.9               
 1471 1471 A T        +     0   0   80    -36,-1.4     2,-2.3     1,-0.1   -35,-0.2   0.736  69.1  82.0 -99.2 -24.6   -0.4   -2.5  -40.6               
 1472 1472 A N        +     0   0   40    -37,-2.4     2,-1.9     1,-0.1   -35,-0.2  -0.468  59.3 171.6 -74.4  68.4    2.8   -2.3  -42.7               
 1473 1473 A L        -     0   0  135     -2,-2.3    -1,-0.1   -40,-0.2   -37,-0.1  -0.594  29.6-144.6 -77.1  72.9    4.8   -1.1  -39.6               
 1474 1474 A T        -     0   0  114     -2,-1.9    -2,-0.1     1,-0.2     3,-0.0  -0.234  33.9-101.0 -44.3 110.5    8.1   -1.4  -41.5               
 1475 1475 A T        -     0   0  123      1,-0.2     2,-1.1     3,-0.0    -1,-0.2  -0.189  38.3-114.9 -54.8 118.0   10.2   -2.6  -38.5               
 1476 1476 A P    >   -     0   0  115      0, 0.0     3,-0.6     0, 0.0    -1,-0.2  -0.414  38.6-104.7 -70.7  95.6   11.9    0.6  -37.5               
 1477 1477 A K  T 3   -     0   0  199     -2,-1.1     2,-0.5     1,-0.2    -3,-0.0   0.145  50.5 -97.8 -28.7 102.0   15.5   -0.4  -38.3               
 1478 1478 A R  T 3   -     0   0  201      1,-0.2     2,-1.4     2,-0.0    -1,-0.2   0.006  42.6-160.6 -52.1  83.3   16.4   -0.9  -34.7               
 1479 1479 A K    <   -     0   0  194     -3,-0.6    -1,-0.2    -2,-0.5    -2,-0.0  -0.520  41.9-102.1 -72.8  86.8   18.1    2.6  -34.2               
 1480 1480 A R        -     0   0  244     -2,-1.4    -1,-0.2     1,-0.1     3,-0.1   0.249  37.9-146.5 -27.4  97.0   19.9    1.5  -31.1               
 1481 1481 A R        -     0   0  204      1,-0.1    -1,-0.1     2,-0.0     4,-0.1  -0.494  37.4 -88.6 -59.3 138.9   17.9    3.1  -28.3               
 1482 1482 A P    >   -     0   0  106      0, 0.0     3,-0.6     0, 0.0     2,-0.3  -0.277  39.5-114.9 -48.4 140.5   20.2    4.1  -25.5               
 1483 1483 A Q  T 3  S+     0   0  187      1,-0.3    -2,-0.0    -3,-0.1    -3,-0.0   0.190  98.0  93.1 -72.1  19.5   20.5    1.0  -23.1               
 1484 1484 A D  T 3   +     0   0  114     -2,-0.3    -1,-0.3     3,-0.0     3,-0.1   0.031  53.9 110.8-112.8  20.3   18.7    3.1  -20.4               
 1485 1485 A G  S <  S-     0   0   37     -3,-0.6     3,-0.1     1,-0.2    25,-0.1  -0.339  83.9 -77.7 -68.8 170.9   15.1    2.2  -21.0               
 1486 1486 A P  S    S-     0   0   49      0, 0.0    -1,-0.2     0, 0.0     2,-0.1  -0.308  74.4 -68.1 -53.4 156.9   13.2    0.1  -18.5               
 1487 1487 A R        -     0   0   66     19,-0.1     2,-0.3    -3,-0.1    -3,-0.0  -0.339  49.7-132.3 -54.5 120.2   14.0   -3.7  -18.7               
 1488 1488 A E        -     0   0  130     -2,-0.1     2,-0.2    -3,-0.1     5,-0.1  -0.617  32.7-105.1 -67.2 133.8   12.8   -5.2  -21.9               
 1489 1489 A H    >   -     0   0   59     -2,-0.3     3,-1.7     3,-0.2    -1,-0.1  -0.459  19.0-136.5 -60.1 133.0   11.0   -8.5  -21.1               
 1490 1490 A Q  T 3  S+     0   0  168      1,-0.3    -1,-0.1    -2,-0.2    -2,-0.0   0.855 110.3  43.0 -60.8 -34.9   13.1  -11.5  -22.1               
 1491 1491 A T  T 3  S-     0   0   74      2,-0.2    -1,-0.3     1,-0.0     2,-0.2   0.097 115.3-118.3 -91.9  11.6   10.0  -13.1  -23.6               
 1492 1492 A G  S <  S+     0   0   70     -3,-1.7     2,-0.4     2,-0.1    -3,-0.2   0.161  89.4  70.8  69.4 -18.4    8.9   -9.7  -25.2               
 1493 1493 A S  S >> S-     0   0   47     -2,-0.2     4,-1.5    -5,-0.1     3,-1.0  -0.980  71.6-141.8-137.2 137.6    5.7   -9.8  -23.1               
 1494 1494 A A  T 34 S+     0   0   72     -2,-0.4    -2,-0.1     1,-0.2    -1,-0.1   0.450 103.8  63.5 -67.8  -3.2    4.7   -9.3  -19.4               
 1495 1495 A R  T 34 S+     0   0  164     -4,-0.1    -1,-0.2 -1435,-0.1    -3,-0.0   0.656 105.0  40.7 -96.5 -22.7    2.0  -12.1  -20.1               
 1496 1496 A S  T <4 S+     0   0   33     -3,-1.0    -2,-0.2    -5,-0.1    -4,-0.1   0.848 102.3  80.4 -90.1 -47.8    4.6  -15.0  -20.8               
 1497 1497 A E  S  < S-     0   0   23     -4,-1.5     2,-0.1     1,-0.1     3,-0.1   0.025  75.6-125.0 -56.5 157.4    7.2  -14.1  -18.1               
 1498 1498 A G        -     0   0   40      1,-0.1     2,-0.3 -1455,-0.0    -1,-0.1  -0.436  44.9 -72.6 -86.0 176.1    6.9  -15.1  -14.4               
 1499 1499 A Y        -     0   0  221     -2,-0.1    -1,-0.1 -1456,-0.1     0, 0.0  -0.576  57.5-173.1 -66.7 135.7    7.2  -12.7  -11.5               
 1500 1500 A Y        -     0   0   51     -2,-0.3     2,-0.4    -3,-0.1    -3,-0.0  -0.986  28.1-106.8-133.7 144.5   10.8  -11.5  -11.1               
 1501 1501 A P        -     0   0  112      0, 0.0     2,-0.6     0, 0.0    -2,-0.0  -0.541  31.1-134.9 -71.4 127.3   12.5   -9.3   -8.3               
 1502 1502 A I        -     0   0   88     -2,-0.4     5,-0.0     4,-0.1     2,-0.0  -0.710  21.3-131.0 -82.4 119.7   13.4   -5.8   -9.6               
 1503 1503 A S    >>  -     0   0   67     -2,-0.6     4,-2.8     1,-0.1     3,-1.4  -0.329  21.7-109.9 -67.5 155.0   16.9   -4.8   -8.5               
 1504 1504 A K  H 3> S+     0   0   89      1,-0.3     4,-2.4     2,-0.2     5,-0.2   0.904 121.3  53.7 -53.1 -42.0   17.5   -1.4   -6.8               
 1505 1505 A K  H 3> S+     0   0  178      1,-0.2     4,-1.0     2,-0.2    -1,-0.3   0.736 112.6  43.8 -62.6 -28.0   19.4   -0.1  -10.0               
 1506 1506 A E  H <> S+     0   0   27     -3,-1.4     4,-2.2     2,-0.2    -2,-0.2   0.845 108.1  57.5 -87.0 -36.7   16.3   -1.1  -12.0               
 1507 1507 A K  H  X S+     0   0   52     -4,-2.8     4,-2.2     2,-0.2    -2,-0.2   0.928 105.8  52.1 -52.8 -48.1   13.8    0.4   -9.4               
 1508 1508 A D  H  X S+     0   0   40     -4,-2.4     4,-2.6     1,-0.2     5,-0.2   0.937 107.9  50.9 -56.0 -46.9   15.7    3.7  -10.0               
 1509 1509 A K  H  X S+     0   0   69     -4,-1.0     4,-1.2     1,-0.2    -1,-0.2   0.862 110.9  48.5 -60.1 -38.9   15.2    3.4  -13.8               
 1510 1510 A Y  H  X S+     0   0   62     -4,-2.2     4,-0.7     2,-0.2    -1,-0.2   0.873 111.3  50.1 -68.7 -36.7   11.4    2.8  -13.3               
 1511 1511 A L  H >< S+     0   0   36     -4,-2.2     3,-0.8     2,-0.2     5,-0.3   0.932 110.2  49.5 -66.6 -43.1   11.1    5.8  -10.9               
 1512 1512 A D  H 3< S+     0   0  105     -4,-2.6    -1,-0.2     1,-0.2    -2,-0.2   0.780 110.6  51.5 -65.7 -27.9   12.9    8.1  -13.5               
 1513 1513 A V  H 3< S+     0   0   67     -4,-1.2    -1,-0.2    -5,-0.2    -2,-0.2   0.612  94.5  80.6 -86.7 -11.9   10.5    6.9  -16.2               
 1514 1514 A C  S << S-     0   0   73     -3,-0.8     2,-1.8    -4,-0.7    -1,-0.1  -0.810  77.2-147.1 -93.0  99.8    7.4    7.7  -14.1               
 1515 1515 A P        -     0   0  109      0, 0.0    -3,-0.1     0, 0.0    -2,-0.1  -0.478  11.0-152.6 -69.7  88.8    6.8   11.5  -14.4               
 1516 1516 A V    >   -     0   0   86     -2,-1.8     2,-2.1    -5,-0.3     3,-0.5  -0.407  37.7 -98.3 -52.8 137.5    5.3   12.3  -11.0               
 1517 1517 A S  T 3  S+     0   0  111      1,-0.2     3,-0.3     2,-0.1    -1,-0.1   0.012  89.7 117.3 -73.3  34.5    3.1   15.3  -11.7               
 1518 1518 A A  T >   +     0   0   39     -2,-2.1     3,-1.4     1,-0.2     2,-1.2   0.722  49.3  91.6 -70.5 -21.4    5.6   18.1  -10.6               
 1519 1519 A R  T <  S+     0   0  224     -3,-0.5    -1,-0.2     1,-0.3    -2,-0.1   0.065  72.7  70.8 -69.2  28.5    5.7   19.6  -14.2               
 1520 1520 A Q  T 3  S+     0   0  186     -2,-1.2    -1,-0.3    -3,-0.3    -2,-0.1   0.212  87.4  61.0-125.2  11.9    2.8   22.0  -13.5               
 1521 1521 A L    X   +     0   0  110     -3,-1.4     2,-1.9     3,-0.0     3,-0.6   0.283  63.6 113.3-120.2   7.0    4.7   24.4  -11.0               
 1522 1522 A E  T 3  S+     0   0  181      1,-0.2    -3,-0.0    -4,-0.2    -1,-0.0  -0.543  70.6  60.9 -77.9  76.4    7.5   25.7  -13.4               
 1523 1523 A G  T 3   +     0   0   73     -2,-1.9     2,-0.6     1,-0.1    -1,-0.2   0.325  64.8 122.3 173.1  26.4    6.1   29.3  -13.4               
 1524 1524 A V    <   -     0   0   84     -3,-0.6    -1,-0.1     3,-0.0     5,-0.1  -0.930  53.3-134.4-112.2 114.0    6.1   30.8   -9.8               
 1525 1525 A D    >>  -     0   0  127     -2,-0.6     3,-1.3     1,-0.1     4,-1.1  -0.310  19.3-123.4 -56.5 142.0    8.0   34.0   -9.1               
 1526 1526 A T  H 3> S+     0   0  122      1,-0.3     4,-0.6     2,-0.2    -1,-0.1   0.653 116.1  59.4 -66.0 -10.9   10.2   34.0   -5.9               
 1527 1527 A Q  H 3> S+     0   0  168      2,-0.1     4,-1.4     1,-0.1    -1,-0.3   0.785  98.8  59.1 -77.9 -30.0    8.1   37.1   -4.9               
 1528 1528 A G  H <> S+     0   0   25     -3,-1.3     4,-2.6     2,-0.2    -2,-0.2   0.883  97.6  56.3 -70.4 -38.9    4.9   34.9   -5.1               
 1529 1529 A T  H  X S+     0   0   55     -4,-1.1     4,-2.4     2,-0.2     5,-0.2   0.919 107.2  50.0 -61.9 -41.2    6.0   32.3   -2.4               
 1530 1530 A N  H  X S+     0   0  113     -4,-0.6     4,-1.8     2,-0.2    -1,-0.2   0.900 110.7  50.8 -62.0 -39.5    6.5   35.1    0.1               
 1531 1531 A R  H  X S+     0   0  179     -4,-1.4     4,-3.1     2,-0.2    -2,-0.2   0.946 110.2  48.8 -62.9 -46.0    3.0   36.4   -0.7               
 1532 1532 A V  H  X S+     0   0   68     -4,-2.6     4,-2.5     1,-0.2    -2,-0.2   0.884 112.1  48.6 -62.6 -40.6    1.4   32.9   -0.3               
 1533 1533 A L  H  X S+     0   0   69     -4,-2.4     4,-1.2     2,-0.2    -1,-0.2   0.829 115.7  44.6 -68.5 -32.3    3.2   32.5    3.2               
 1534 1534 A S  H  X S+     0   0   76     -4,-1.8     4,-2.0    -5,-0.2    -2,-0.2   0.915 113.1  50.5 -73.3 -43.4    2.0   36.0    4.2               
 1535 1535 A E  H  X S+     0   0   98     -4,-3.1     4,-2.1     2,-0.2     3,-0.3   0.953 110.5  49.0 -62.3 -48.2   -1.6   35.4    2.9               
 1536 1536 A R  H  X S+     0   0  106     -4,-2.5     4,-2.6     1,-0.2    -1,-0.2   0.868 111.4  50.2 -59.4 -39.5   -1.8   32.0    4.8               
 1537 1537 A R  H  X S+     0   0  156     -4,-1.2     4,-2.2     2,-0.2    -1,-0.2   0.843 110.0  51.3 -66.2 -32.2   -0.6   33.9    8.0               
 1538 1538 A S  H  X S+     0   0   42     -4,-2.0     4,-1.9    -3,-0.3    -2,-0.2   0.838 111.6  46.5 -71.7 -34.9   -3.3   36.5    7.3               
 1539 1539 A E  H  X S+     0   0  106     -4,-2.1     4,-2.8     2,-0.2    -2,-0.2   0.933 111.9  50.8 -69.6 -46.3   -6.0   33.7    7.0               
 1540 1540 A Q  H  X S+     0   0   62     -4,-2.6     4,-2.4     1,-0.2    -2,-0.2   0.915 112.0  47.3 -57.9 -44.7   -4.6   32.1   10.2               
 1541 1541 A R  H  X S+     0   0  176     -4,-2.2     4,-2.6     2,-0.2    -1,-0.2   0.910 111.7  51.5 -62.4 -41.8   -4.9   35.5   12.0               
 1542 1542 A R  H  X S+     0   0  160     -4,-1.9     4,-1.5     2,-0.2    -2,-0.2   0.894 110.9  47.7 -62.4 -41.9   -8.4   35.9   10.6               
 1543 1543 A L  H  X S+     0   0   94     -4,-2.8     4,-1.3     2,-0.2     3,-0.4   0.962 114.2  45.8 -61.6 -52.5   -9.5   32.5   11.9               
 1544 1544 A L  H  X S+     0   0  101     -4,-2.4     4,-0.9     1,-0.2     3,-0.4   0.902 115.2  47.3 -61.2 -41.2   -8.0   33.1   15.4               
 1545 1545 A S  H  < S+     0   0   92     -4,-2.6    -1,-0.2     1,-0.2    -2,-0.2   0.754 109.7  54.0 -71.4 -24.6   -9.6   36.6   15.5               
 1546 1546 A A  H  < S+     0   0   77     -4,-1.5     3,-0.2    -3,-0.4    -1,-0.2   0.715 110.4  46.6 -78.6 -22.6  -13.0   35.3   14.3               
 1547 1547 A I  H  < S+     0   0   54     -4,-1.3     2,-0.9    -3,-0.4     5,-0.2   0.646  85.7  96.7 -90.0 -17.9  -13.0   32.6   17.2               
 1548 1548 A G     <  +     0   0   65     -4,-0.9     2,-0.4    -5,-0.2    -1,-0.2   0.103  45.9 126.4 -69.8  22.4  -12.0   35.1   19.9               
 1549 1549 A T  S >  S-     0   0   87     -2,-0.9     3,-1.9    -3,-0.2     4,-0.3  -0.770  71.7-117.4 -81.7 131.9  -15.6   35.9   21.2               
 1550 1550 A S  T 3  S+     0   0  115     -2,-0.4    -1,-0.1     1,-0.3    -2,-0.1   0.335 106.6  61.6 -60.9  -0.6  -15.7   35.3   25.0               
 1551 1551 A A  T 3  S+     0   0   95     -2,-0.2    -1,-0.3     1,-0.1     3,-0.1   0.288  96.2  59.9-102.4   3.0  -18.2   32.3   24.9               
 1552 1552 A I  S X  S+     0   0   56     -3,-1.9     3,-1.4    -5,-0.2     6,-0.2   0.500  75.2  96.3-104.3  -8.4  -16.1   29.9   22.8               
 1553 1553 A M  T 3  S+     0   0  126      1,-0.3     5,-0.1    -4,-0.3    -1,-0.1   0.772  80.0  50.5 -63.7 -31.5  -13.0   29.7   25.2               
 1554 1554 A D  T 3  S+     0   0  157     -3,-0.1     2,-0.4     4,-0.1    -1,-0.3   0.413  88.5 102.6 -90.5  -0.7  -13.9   26.4   27.0               
 1555 1555 A S  S X> S-     0   0   64     -3,-1.4     3,-2.7     1,-0.1     4,-0.5  -0.707  78.2-125.0 -90.0 139.7  -14.6   24.3   23.8               
 1556 1556 A D  T 34 S+     0   0  112     -2,-0.4    -1,-0.1     1,-0.3    -3,-0.0   0.572 101.2  86.4 -55.2  -9.9  -12.2   21.6   22.4               
 1557 1557 A L  T 34 S+     0   0   92      1,-0.2     3,-0.4     2,-0.2    -1,-0.3   0.759  91.2  46.7 -59.4 -26.9  -12.5   23.7   19.1               
 1558 1558 A L  T <4 S+     0   0   71     -3,-2.7    -2,-0.2    -6,-0.2    -1,-0.2   0.778  99.5  67.0 -88.2 -24.8   -9.7   25.8   20.5               
 1559 1559 A K     <  +     0   0  119     -4,-0.5     2,-2.3     1,-0.2    -1,-0.2   0.128  64.2 131.2 -72.7  22.5   -7.7   22.6   21.4               
 1560 1560 A L  S    S-     0   0   87     -3,-0.4     5,-0.2     1,-0.1    -1,-0.2  -0.311  82.1 -99.2 -76.5  56.0   -7.5   22.2   17.6               
 1561 1561 A N    >>  -     0   0   11     -2,-2.3     3,-1.6     1,-0.1     4,-0.8   0.780  21.7-137.6  24.0 104.7   -3.7   21.5   18.1               
 1562 1562 A Q  T 34 S+     0   0  141      1,-0.3     4,-0.3     2,-0.2     3,-0.3   0.773 104.5  61.8 -51.0 -29.4   -1.5   24.6   17.4               
 1563 1563 A L  T >> S+     0   0   23      1,-0.2     3,-1.5     2,-0.2     4,-0.8   0.870  93.2  61.0 -62.5 -42.1    0.9   22.2   15.6               
 1564 1564 A K  T <4 S+     0   0  125     -3,-1.6     3,-0.4     1,-0.3    -1,-0.2   0.826 102.0  53.4 -62.9 -30.2   -1.7   21.1   13.0               
 1565 1565 A F  T 3< S+     0   0   91     -4,-0.8    -1,-0.3    -3,-0.3    -2,-0.2   0.600 108.4  50.1 -76.7 -14.6   -1.9   24.8   11.7               
 1566 1566 A R  T <4 S+     0   0  175     -3,-1.5    -2,-0.2    -4,-0.3    -1,-0.2   0.521  81.6 126.7-100.1  -8.8    1.9   24.9   11.3               
 1567 1567 A K     <  -     0   0   72     -4,-0.8    28,-0.2    -3,-0.4    27,-0.1  -0.218  57.1-124.9 -54.2 134.3    2.1   21.6    9.2               
 1568 1568 A K        -     0   0   15     26,-2.2     2,-0.7    25,-0.1    -1,-0.1  -0.282  27.6 -94.8 -74.4 157.0    3.9   21.9    5.8               
 1569 1569 A K        +     0   0   80     -2,-0.0    16,-2.6     2,-0.0    17,-0.6  -0.703  56.3 172.6 -72.0 115.1    2.6   20.9    2.4               
 1570 1570 A L  E     -G 1584   0D  19     -2,-0.7     2,-0.4    14,-0.2    14,-0.2  -0.957  21.6-147.9-130.7 145.2    3.8   17.3    1.9               
 1571 1571 A R  E     -G 1583   0D  58     12,-2.8    12,-2.9    -2,-0.3     2,-0.3  -0.949  11.9-135.6-115.7 132.7    3.1   14.6   -0.8               
 1572 1572 A F  E     +G 1582   0D  79     -2,-0.4     2,-0.3    10,-0.2    10,-0.2  -0.683  45.5 140.4 -77.9 134.2    3.0   10.8   -0.4               
 1573 1573 A G  E     -G 1581   0D  13      8,-2.3     8,-2.6    -2,-0.3     2,-0.3  -0.947  55.1 -61.2-160.4 177.5    4.9    9.0   -3.3               
 1574 1574 A R  E     -G 1580   0D 170     -2,-0.3     6,-0.3     6,-0.2     2,-0.2  -0.593  53.4-146.1 -72.6 134.2    7.2    6.1   -4.3               
 1575 1575 A S        -     0   0    0      4,-0.8     6,-0.1     3,-0.4    -1,-0.0  -0.596  20.9-141.6 -96.8 156.6   10.7    6.3   -2.6               
 1576 1576 A R  S    S+     0   0  114     -2,-0.2    -1,-0.1   121,-0.0   -68,-0.1   0.854 106.9  45.9 -75.2 -36.2   14.2    5.4   -3.8               
 1577 1577 A I  S    S-     0   0   27     -3,-0.0     4,-0.1     3,-0.0     2,-0.1   0.998 128.8  -1.5 -68.4 -77.5   14.9    4.1   -0.2               
 1578 1578 A H  S    S-     0   0   86      2,-0.3    -3,-0.4    69,-0.0    68,-0.0  -0.186  91.1 -83.6-104.2-170.1   11.7    2.1    0.7               
 1579 1579 A E  S    S+     0   0  125     -5,-0.1    -4,-0.8     1,-0.1     2,-0.3   0.940 112.1  20.5 -61.6 -45.1    8.4    1.4   -1.3               
 1580 1580 A W  E     +G 1574   0D  99     -6,-0.3    -2,-0.3    -4,-0.0     2,-0.3  -0.807  68.9 175.5-124.5 157.3    6.8    4.7   -0.2               
 1581 1581 A G  E     -G 1573   0D   0     -8,-2.6    -8,-2.3    -2,-0.3     2,-0.5  -0.964  30.5-109.9-156.6 169.3    8.1    8.1    1.1               
 1582 1582 A L  E     -G 1572   0D   0     62,-0.5    98,-3.2    98,-0.5     2,-0.3  -0.932  33.4-167.1-111.6 127.0    7.1   11.6    2.0               
 1583 1583 A F  E     -GH15711679D  26    -12,-2.9   -12,-2.8    -2,-0.5     2,-0.3  -0.873  22.7-112.0-119.3 145.1    8.1   14.6   -0.2               
 1584 1584 A A  E     -G 1570   0D   0     94,-2.4    93,-3.0    -2,-0.3   -14,-0.2  -0.539  21.0-175.5 -74.0 134.8    8.1   18.4    0.3               
 1585 1585 A M  S    S+     0   0   94    -16,-2.6   -15,-0.2    -2,-0.3    91,-0.1   0.407  78.1  33.5-104.1  -5.2    5.7   20.4   -1.9               
 1586 1586 A E  S    S-     0   0   21    -17,-0.6    -1,-0.2    89,-0.2    88,-0.1  -0.974 100.4 -91.8-144.1 146.2    7.0   23.8   -0.6               
 1587 1587 A P        -     0   0   80      0, 0.0     2,-0.4     0, 0.0    88,-0.2  -0.357  40.2-152.3 -63.5 139.4   10.5   24.8    0.4               
 1588 1588 A I  B     -I 1674   0E   5     86,-2.2    86,-1.9    -2,-0.1     3,-0.1  -0.926   5.7-137.2-114.7 132.8   11.2   24.3    4.2               
 1589 1589 A A    >   -     0   0   53     -2,-0.4     3,-0.7    84,-0.2    81,-0.2  -0.287  36.9 -85.5 -72.3 170.5   13.8   26.3    6.2               
 1590 1590 A A  T 3  S+     0   0   45      1,-0.2    81,-0.2    81,-0.1    -1,-0.1  -0.474 113.6  19.8 -68.2 154.7   16.1   24.8    8.8               
 1591 1591 A D  T 3  S+     0   0  108     79,-2.5     2,-0.4     1,-0.2    -1,-0.2   0.681  95.0 137.5  53.3  28.1   14.7   24.3   12.3               
 1592 1592 A E    <   -     0   0   61     -3,-0.7    78,-1.7    78,-0.2     2,-0.4  -0.797  62.9-106.6-102.8 139.8   11.1   24.6   11.0               
 1593 1593 A M  E     +J 1669   0F  16     -2,-0.4    76,-0.2    76,-0.2   -25,-0.1  -0.503  38.4 174.4 -64.7 123.3    8.2   22.3   12.1               
 1594 1594 A V  E     -     0   0F   0     74,-2.8   -26,-2.2    -2,-0.4     2,-0.3   0.916  57.4 -28.5 -92.4 -60.4    7.5   19.8    9.3               
 1595 1595 A I  E     -J 1668   0F   0     73,-1.0    73,-3.0   -28,-0.2     2,-0.4  -0.988  51.9-115.3-159.0 151.2    4.8   17.5   10.7               
 1596 1596 A E  E     -J 1667   0F  15     -2,-0.3     2,-0.5    71,-0.2    46,-0.3  -0.821  32.6-127.5 -84.4 132.2    3.5   16.0   14.0               
 1597 1597 A Y  E     -J 1666   0F   7     69,-2.2    69,-0.6    -2,-0.4     2,-0.4  -0.750  36.6-174.9 -81.6 123.3    3.8   12.2   14.3               
 1598 1598 A V        +     0   0   47     -2,-0.5    42,-1.5    67,-0.1     2,-0.2  -0.989  21.8 119.1-132.2 127.3    0.3   10.9   15.2               
 1599 1599 A G        -     0   0   17     -2,-0.4     2,-0.5    40,-0.2    36,-0.3  -0.633  67.7 -51.8-148.7-154.3   -0.9    7.4   16.1               
 1600 1600 A Q  E     -L 1634   0G  89     34,-2.9    34,-2.6    38,-0.4     2,-0.3  -0.886  50.8-127.6 -94.4 122.6   -2.6    5.6   19.1               
 1601 1601 A N  E     +L 1633   0G  97     -2,-0.5     2,-0.3    32,-0.2    32,-0.2  -0.527  41.5 165.3 -64.1 129.7   -0.9    6.1   22.5               
 1602 1602 A I  E     -L 1632   0G  15     30,-2.8    30,-2.7    -2,-0.3     2,-0.2  -0.916  35.7-108.2-141.2 162.0   -0.3    2.6   24.1               
 1603 1603 A R    >>  -     0   0  188     -2,-0.3     4,-1.4    28,-0.2     3,-1.3  -0.647  40.1-102.2 -87.6 157.9    1.8    1.1   27.0               
 1604 1604 A Q  H >> S+     0   0   53     25,-0.3     4,-2.2     1,-0.3     3,-1.5   0.898 121.4  51.9 -45.8 -57.9    4.8   -1.2   26.3               
 1605 1605 A M  H 3> S+     0   0  142      1,-0.3     4,-1.5     2,-0.2    -1,-0.3   0.753 110.1  50.8 -53.4 -29.3    2.9   -4.5   27.1               
 1606 1606 A V  H <> S+     0   0   60     -3,-1.3     4,-0.8     2,-0.2    -1,-0.3   0.758 109.4  50.3 -82.7 -26.1    0.2   -3.4   24.6               
 1607 1607 A A  H XX S+     0   0    1     -3,-1.5     4,-3.0    -4,-1.4     3,-0.9   0.968 110.0  49.7 -68.1 -51.8    2.9   -2.7   21.9               
 1608 1608 A D  H 3X S+     0   0   53     -4,-2.2     4,-2.0     1,-0.3    -2,-0.2   0.868 112.9  47.4 -56.3 -41.9    4.5   -6.2   22.4               
 1609 1609 A M  H 3X S+     0   0  127     -4,-1.5     4,-1.1    -5,-0.3    -1,-0.3   0.780 114.9  46.3 -68.4 -30.3    1.0   -7.8   22.1               
 1610 1610 A R  H <X S+     0   0   42     -3,-0.9     4,-2.8    -4,-0.8    -2,-0.2   0.896 110.0  52.8 -79.7 -41.9    0.3   -5.8   18.9               
 1611 1611 A E  H  X S+     0   0   19     -4,-3.0     4,-2.7     2,-0.2     5,-0.2   0.966 110.4  47.6 -52.1 -57.5    3.8   -6.5   17.3               
 1612 1612 A K  H  X S+     0   0  112     -4,-2.0     4,-2.1     1,-0.2    -1,-0.2   0.870 114.7  47.3 -56.6 -39.3    3.2  -10.3   17.8               
 1613 1613 A R  H  X S+     0   0  118     -4,-1.1     4,-2.5     2,-0.2    -1,-0.2   0.900 110.3  51.0 -67.5 -42.5   -0.3   -9.9   16.3               
 1614 1614 A Y  H  <>S+     0   0   10     -4,-2.8     5,-2.5     2,-0.2    -2,-0.2   0.903 111.5  48.4 -66.3 -37.2    1.0   -7.8   13.3               
 1615 1615 A V  H ><5S+     0   0   99     -4,-2.7     3,-1.4     3,-0.2    -2,-0.2   0.941 113.5  47.3 -61.2 -46.9    3.7  -10.4   12.6               
 1616 1616 A Q  H 3<5S+     0   0  169     -4,-2.1    -2,-0.2     1,-0.3    -1,-0.2   0.830 108.9  54.0 -66.6 -32.3    0.9  -13.1   12.8               
 1617 1617 A E  T 3<5S-     0   0   94     -4,-2.5    -1,-0.3    -5,-0.1    -2,-0.2   0.459 118.2-115.5 -73.4  -5.2   -1.4  -11.0   10.5               
 1618 1618 A G  T < 5 +     0   0   65     -3,-1.4     2,-1.7     1,-0.2    -3,-0.2   0.606  68.6 145.1  74.4  13.6    1.6  -11.0    8.0               
 1619 1619 A I      < -     0   0   53     -5,-2.5     2,-1.6    -6,-0.2    -1,-0.2  -0.598  29.6-171.6 -83.3  78.9    1.9   -7.1    8.3               
 1620 1620 A G        +     0   0   85     -2,-1.7     2,-0.2     1,-0.1    -1,-0.1  -0.056  64.1  67.7 -68.2  32.4    5.8   -7.1    8.0               
 1621 1621 A S        -     0   0   47     -2,-1.6     2,-0.2    -7,-0.1    -1,-0.1  -0.653  64.0-167.0-154.1  96.6    6.0   -3.4    8.9               
 1622 1622 A S        -     0   0   42     -2,-0.2     2,-0.1     1,-0.0 -1041,-0.0  -0.501  10.7-152.5 -69.8 148.5    5.2   -2.2   12.5               
 1623 1623 A Y        +     0   0   55     -2,-0.2    12,-3.1     2,-0.0    13,-0.4  -0.552  39.4 146.3-124.3  63.8    4.8    1.6   13.0               
 1624 1624 A L        -     0   0    4  -1043,-0.3     2,-0.3    10,-0.2    10,-0.2  -0.628  23.5-176.5 -95.4 155.7    5.8    2.0   16.6               
 1625 1625 A F        -     0   0    4     -2,-0.2     8,-2.4 -1043,-0.1     2,-0.4  -0.856  22.0-132.7-154.7 120.9    7.6    5.0   18.2               
 1626 1626 A R  E     +M 1632   0G  58  -1043,-1.9 -1041,-0.2    -2,-0.3     6,-0.2  -0.617  26.6 169.4 -76.3 124.5    8.8    5.3   21.9               
 1627 1627 A V  E    S-     0   0G  12      4,-2.9     2,-0.3     1,-0.6     5,-0.2   0.768  78.7 -16.2 -92.7 -40.6    7.9    8.7   23.5               
 1628 1628 A D  E >  S-M 1631   0G  53      3,-1.5     3,-1.0 -1044,-0.0    -1,-0.6  -0.907  81.3 -88.8-148.5 170.4    9.0    7.3   27.0               
 1629 1629 A H  T 3  S+     0   0  154     -2,-0.3   -25,-0.3     1,-0.2     3,-0.1   0.825 131.1  36.7 -53.3 -34.2    9.7    3.8   28.5               
 1630 1630 A D  T 3  S+     0   0  128      1,-0.2     2,-0.5   -27,-0.1    -1,-0.2   0.539 112.5  65.5 -93.5 -12.9    5.9    3.6   29.4               
 1631 1631 A T  E <   + M   01628G  42     -3,-1.0    -4,-2.9   -28,-0.2    -3,-1.5  -0.904  52.9 170.0-130.9 109.2    4.4    5.4   26.3               
 1632 1632 A I  E     -LM16021626G   0    -30,-2.7   -30,-2.8    -2,-0.5     2,-0.6  -0.813  25.6-140.4-109.4 147.5    4.5    4.2   22.7               
 1633 1633 A I  E     -L 1601   0G   7     -8,-2.4     2,-0.8    -2,-0.3   -32,-0.2  -0.909  14.1-159.2-110.3 104.6    2.6    5.7   19.7               
 1634 1634 A D  E     +L 1600   0G   1    -34,-2.6   -34,-2.9    -2,-0.6     4,-0.3  -0.734  19.2 169.6 -83.0 108.6    1.3    2.9   17.4               
 1635 1635 A A        +     0   0    1    -12,-3.1   -11,-0.1    -2,-0.8    -1,-0.1   0.350  48.6 102.6 -93.7   3.7    0.6    4.5   13.9               
 1636 1636 A T  S    S+     0   0   10    -13,-0.4     3,-0.1   -36,-0.1    -1,-0.1   0.954  98.8   8.9 -62.7 -61.1    0.1    1.0   12.2               
 1637 1637 A K  S    S+     0   0  107      1,-0.2     2,-0.5    -3,-0.1    -2,-0.1   0.969 139.3  32.6 -79.2 -60.7   -3.8    0.9   11.9               
 1638 1638 A C  S    S+     0   0   86     -4,-0.3   -38,-0.4   -38,-0.0     2,-0.3  -0.838  88.4  88.6-106.3 121.3   -4.6    4.5   13.0               
 1639 1639 A G        -     0   0   40     -2,-0.5   -40,-0.2   -40,-0.2     2,-0.2  -0.957  58.1 -88.2-178.4-165.0   -2.2    7.5   12.2               
 1640 1640 A N    >   -     0   0   40    -42,-1.5     3,-1.8    -2,-0.3     4,-0.1  -0.584  53.2 -75.7-120.6-175.8   -1.1   10.3    9.8               
 1641 1641 A L  G >  S+     0   0   61      1,-0.3     3,-1.6    -2,-0.2   -44,-0.1   0.612 111.7  81.9 -58.3 -16.6    1.3   10.8    6.9               
 1642 1642 A A  G >  S+     0   0    0    -46,-0.3     3,-1.3     1,-0.3    -1,-0.3   0.728  74.4  74.9 -66.7 -18.4    4.4   10.9    9.2               
 1643 1643 A R  G <  S+     0   0   50     -3,-1.8    -1,-0.3     1,-0.3    -2,-0.1   0.619  89.5  61.1 -61.9 -16.0    4.3    7.0    9.1               
 1644 1644 A F  G <  S+     0   0   45     -3,-1.6     2,-0.6    -4,-0.1   -62,-0.5  -0.011  72.4 115.1-103.7  22.6    5.8    7.3    5.6               
 1645 1645 A I    <   -     0   0    1     -3,-1.3    36,-0.2   -64,-0.2     2,-0.1  -0.886  61.5-138.0 -94.0 120.8    9.0    9.2    6.6               
 1646 1646 A N  E     -n 1681   0H  10     34,-1.0    36,-1.8    -2,-0.6     2,-0.2  -0.413  12.9-101.1 -85.1 155.9   12.0    6.9    5.8               
 1647 1647 A H  E     +n 1682   0H  11     34,-0.2     2,-0.3    -2,-0.1    36,-0.2  -0.476  40.7 174.5 -63.1 136.7   15.2    6.0    7.7               
 1648 1648 A C        -     0   0    7     34,-2.0    33,-0.0    -2,-0.2    58,-0.0  -0.938  34.3-146.5-145.1 132.5   18.4    7.7    6.5               
 1649 1649 A C  S    S+     0   0   17     -2,-0.3    34,-0.1     1,-0.3    -1,-0.1   0.702 107.5  46.4 -65.7 -19.0   21.9    7.6    8.1               
 1650 1650 A T  S    S-     0   0   66     32,-0.1    -1,-0.3    -3,-0.0     2,-0.2  -0.783  93.6-164.2-115.9  80.9   22.3   11.2    6.9               
 1651 1651 A P        -     0   0   27      0, 0.0    31,-0.2     0, 0.0    32,-0.1  -0.491  26.2-164.6 -77.3 136.0   18.9   12.6    8.1               
 1652 1652 A N  S    S+     0   0    7     29,-0.3    19,-2.7    -2,-0.2    20,-1.1   0.603  81.0  43.7 -87.8 -10.9   17.4   15.9    6.8               
 1653 1653 A C  E     -K 1670   0F   1     28,-2.2    30,-0.4    17,-0.3     2,-0.3  -0.896  67.1-155.9-126.1 159.4   14.9   15.9    9.7               
 1654 1654 A Y  E     -K 1669   0F  82     15,-2.5    15,-2.8    -2,-0.3     2,-0.3  -0.956  16.3-128.8-128.7 151.3   15.0   15.2   13.5               
 1655 1655 A A  E     -K 1668   0F  22     -2,-0.3     2,-0.3    13,-0.2    13,-0.2  -0.782  24.4-175.8 -95.4 144.4   12.3   14.1   15.9               
 1656 1656 A K  E     -K 1667   0F 117     11,-2.0    11,-2.7    -2,-0.3     2,-0.3  -0.988  23.5-131.1-140.4 132.1   11.6   15.9   19.3               
 1657 1657 A V  E     -K 1666   0F  39     -2,-0.3     2,-0.4     9,-0.2     9,-0.2  -0.655  29.1-176.3 -74.9 132.1    9.2   15.2   22.1               
 1658 1658 A I  E     -K 1665   0F  48      7,-2.6     7,-1.9    -2,-0.3     2,-0.6  -0.987  21.9-137.3-133.6 126.2    7.2   18.3   23.1               
 1659 1659 A T  E     +K 1664   0F  87     -2,-0.4     2,-0.4     5,-0.2     5,-0.3  -0.726  28.8 174.0 -81.8 118.5    4.7   18.5   26.1               
 1660 1660 A I  E >  S-K 1663   0F  27      3,-2.9     3,-1.4    -2,-0.6    -2,-0.1  -0.989  71.5  -8.2-130.9 121.2    1.6   20.4   25.0               
 1661 1661 A E  T 3  S-     0   0   94     -2,-0.4    -1,-0.2     1,-0.3     3,-0.1   0.956 129.8 -58.9  54.5  50.3   -1.5   20.7   27.3               
 1662 1662 A S  T 3  S+     0   0  117      1,-0.1     2,-0.5    -3,-0.1    -1,-0.3   0.218 117.6 115.3  55.2  -3.8    0.3   18.1   29.6               
 1663 1663 A Q  E <   - K   01660F 120     -3,-1.4    -3,-2.9    -2,-0.0     2,-0.3  -0.764  65.7-132.8 -92.4 125.4    0.4   15.6   26.7               
 1664 1664 A K  E     - K   01659F  85     -2,-0.5     2,-0.3    -5,-0.3    -5,-0.2  -0.579  30.5-177.9 -71.8 131.1    3.8   14.5   25.2               
 1665 1665 A K  E     - K   01658F  31     -7,-1.9    -7,-2.6    -2,-0.3     2,-0.5  -0.995  26.4-124.2-135.2 140.1    3.7   14.7   21.4               
 1666 1666 A I  E     -JK15971657F   0    -69,-0.6   -69,-2.2    -2,-0.3     2,-0.4  -0.722  29.1-170.9 -85.8 127.9    6.4   13.8   18.7               
 1667 1667 A V  E     -JK15961656F   1    -11,-2.7   -11,-2.0    -2,-0.5     2,-0.5  -0.978  15.2-141.8-124.0 130.1    7.3   16.7   16.4               
 1668 1668 A I  E     -JK15951655F   0    -73,-3.0   -74,-2.8    -2,-0.4   -73,-1.0  -0.822  22.7-175.3 -92.7 123.7    9.4   16.4   13.2               
 1669 1669 A Y  E     -JK15931654F  53    -15,-2.8   -15,-2.5    -2,-0.5     2,-0.4  -0.822  28.2-109.4-112.5 151.3   11.8   19.4   12.6               
 1670 1670 A S  E     - K   01653F   0    -78,-1.7   -79,-2.5    -2,-0.3   -17,-0.3  -0.704  18.2-166.8 -78.3 131.6   14.1   20.1    9.6               
 1671 1671 A K  S    S+     0   0  136    -19,-2.7   -18,-0.2    -2,-0.4    -1,-0.1   0.689  79.6  13.5 -83.2 -25.4   17.9   19.9   10.3               
 1672 1672 A Q  S    S-     0   0   90    -20,-1.1     2,-0.3   -83,-0.2    -1,-0.1  -0.904 102.2 -74.8-141.2 163.0   18.7   21.6    7.0               
 1673 1673 A P        -     0   0   94      0, 0.0     2,-0.4     0, 0.0   -84,-0.2  -0.561  51.8-146.5 -64.0 130.8   16.8   23.7    4.4               
 1674 1674 A I  B     -I 1588   0E   3    -86,-1.9   -86,-2.2    -2,-0.3     3,-0.1  -0.873   7.2-136.7-108.5 129.1   14.7   21.1    2.3               
 1675 1675 A G    >   -     0   0   30     -2,-0.4     3,-1.2   -88,-0.2   -91,-0.3  -0.219  32.6 -85.0 -73.4 165.4   14.0   21.6   -1.4               
 1676 1676 A V  T 3  S+     0   0   66      1,-0.2   -91,-0.2   -91,-0.1    -1,-0.1  -0.574 119.0  16.4 -67.9 140.1   10.7   21.1   -3.3               
 1677 1677 A D  T 3  S+     0   0   64    -93,-3.0    -1,-0.2     1,-0.3     2,-0.2   0.435  95.2 135.8  63.3  10.0   10.3   17.4   -4.3               
 1678 1678 A E    <   -     0   0   63     -3,-1.2   -94,-2.4   -94,-0.1     2,-0.3  -0.554  59.1-113.4 -76.1 144.9   13.1   16.4   -1.7               
 1679 1679 A E  B     -H 1583   0D  28    -96,-0.2     2,-0.4    -2,-0.2   -96,-0.2  -0.657  22.2-127.4 -82.6 133.3   12.3   13.3    0.4               
 1680 1680 A I        +     0   0    0    -98,-3.2   -34,-1.0    -2,-0.3   -98,-0.5  -0.693  39.2 170.1 -80.6 131.2   11.8   13.8    4.2               
 1681 1681 A T  E     +n 1646   0H  10     -2,-0.4   -28,-2.2   -36,-0.2   -29,-0.3  -0.988  15.3 179.0-145.1 147.9   14.1   11.5    6.3               
 1682 1682 A Y  E     -n 1647   0H   8    -36,-1.8   -34,-2.0    -2,-0.3     2,-0.4  -0.907  38.5 -95.9-138.8 167.3   15.2   10.9    9.9               
 1683 1683 A D        -     0   0   27    -30,-0.4   -28,-0.2    -2,-0.3   -34,-0.1  -0.778  26.1-153.8 -81.1 132.8   17.4    8.5   11.9               
 1684 1684 A Y        -     0   0   37     -2,-0.4 -1100,-0.4    22,-0.1    -1,-0.1   0.695  16.5-150.3 -83.3 -19.7   15.3    5.6   13.4               
 1685 1685 A K        -     0   0   79  -1102,-0.2 -1101,-1.1     1,-0.2    22,-0.1   0.865  21.9-176.8  50.3  46.2   17.8    5.0   16.4               
 1686 1686 A F        -     0   0   31     20,-0.5    -1,-0.2 -1103,-0.2 -1103,-0.1  -0.476  33.4 -98.5 -64.2 142.8   17.0    1.3   16.7               
 1687 1687 A P        -     0   0   51      0, 0.0     2,-0.9     0, 0.0    -1,-0.1  -0.228  45.2 -94.5 -55.2 152.5   18.9   -0.5   19.7               
 1688 1688 A L        +     0   0  157     19,-0.2     2,-0.3    -3,-0.1     4,-0.1  -0.652  58.5 170.2 -79.4 105.1   22.0   -2.4   18.7               
 1689 1689 A E        -     0   0   73     -2,-0.9    18,-0.1     2,-0.1    -3,-0.0  -0.765  47.3-121.7-114.4 160.1   20.9   -6.1   18.2               
 1690 1690 A D  S    S+     0   0  162     -2,-0.3     2,-1.6     1,-0.2    -1,-0.1   0.813  99.1  82.1 -66.2 -28.3   22.6   -9.3   16.8               
 1691 1691 A N  S    S-     0   0  110      1,-0.0     2,-0.5     2,-0.0    -1,-0.2  -0.538  80.5-152.3 -81.6  79.5   19.8   -9.5   14.1               
 1692 1692 A K        -     0   0  145     -2,-1.6    -2,-0.1     1,-0.1    -4,-0.0  -0.389   4.9-155.3 -68.0 112.6   21.2   -6.9   11.6               
 1693 1693 A I        -     0   0   58     -2,-0.5    13,-1.9     1,-0.1    14,-0.3  -0.720  25.8-118.3 -86.6 121.3   18.5   -5.2    9.5               
 1694 1694 A P  B     -O 1705   0I  92      0, 0.0     2,-0.5     0, 0.0    11,-0.3  -0.398  20.8-129.3 -72.9 128.7   20.1   -4.0    6.2               
 1695 1695 A C        -     0   0   16      9,-2.5     3,-0.3    -2,-0.2     9,-0.1  -0.583  21.5-174.9 -82.2 121.2   20.0   -0.2    5.6               
 1696 1696 A L        +     0   0   94     -2,-0.5    -1,-0.1     1,-0.2   -48,-0.0   0.412  55.6 102.5 -95.8   1.7   18.5    0.8    2.1               
 1697 1697 A C        -     0   0   13      1,-0.1    -1,-0.2     2,-0.0  -121,-0.0   0.894  68.4-151.2 -58.5 -39.1   19.2    4.6    2.2               
 1698 1698 A G        +     0   0   60     -3,-0.3     2,-0.2     1,-0.2    -1,-0.1   0.738  37.7 150.0  74.6  24.2   22.2    4.3   -0.1               
 1699 1699 A T    >   -     0   0   41      1,-0.1     3,-1.5     2,-0.0    -1,-0.2  -0.516  59.1-115.2 -82.0 155.5   24.1    7.4    1.2               
 1700 1700 A E  T 3  S+     0   0  209      1,-0.3    -1,-0.1    -2,-0.2    -2,-0.0   0.794 117.3  45.8 -65.0 -26.4   28.0    7.4    1.2               
 1701 1701 A S  T 3  S+     0   0   74      3,-0.0    -1,-0.3     2,-0.0     2,-0.2  -0.162  82.9 148.5-106.1  31.9   28.1    7.5    5.0               
 1702 1702 A C    <   -     0   0   41     -3,-1.5   -54,-0.0     1,-0.1    -6,-0.0  -0.488  49.9-138.5 -64.9 138.4   25.5    4.7    5.5               
 1703 1703 A R        -     0   0  142      2,-0.2     2,-0.4    -2,-0.2    -1,-0.1   0.627  32.4-128.2 -69.2 -16.0   26.0    2.4    8.6               
 1704 1704 A G  S    S+     0   0   48      1,-0.1    -9,-2.5    -9,-0.1     2,-0.2  -0.270  87.4  45.5  86.8 -39.2   25.1   -0.7    6.5               
 1705 1705 A S  B    S-O 1694   0I  19     -2,-0.4    -2,-0.2   -11,-0.3    -1,-0.1  -0.699  76.4-132.9-119.2 167.1   22.5   -1.7    9.1               
 1706 1706 A L              0   0   23    -13,-1.9   -20,-0.5    -2,-0.2   -21,-0.1   0.795 360.0 360.0 -83.0 -36.2   19.7    0.2   11.0               
 1707 1707 A N              0   0   12    -14,-0.3   -19,-0.2   -16,-0.1    -2,-0.2  -0.393 360.0 360.0-102.6 360.0   20.9   -1.4   14.2               
