==== Secondary Structure Definition by the program DSSP, CMBI version 2.0                          ==== DATE=2026-03-08        .
REFERENCE W. KABSCH AND C.SANDER, BIOPOLYMERS 22 (1983) 2577-2637                                                              .
HEADER                                            01-AUG-25                                                                    .
COMPND    MOL_ID: 1; MOLECULE: ZINC FINGER CCCH DOMAIN-CONTAINING PROTEIN 11A; C                                               .
SOURCE    MOL_ID: 1; ORGANISM_SCIENTIFIC: HOMO SAPIENS; ORGANISM_TAXID: 9606                                                   .
AUTHOR                                                                                                                         .
  810  1  0  0  0 TOTAL NUMBER OF RESIDUES, NUMBER OF CHAINS, NUMBER OF SS-BRIDGES(TOTAL,INTRACHAIN,INTERCHAIN)                .
103676.3   ACCESSIBLE SURFACE OF PROTEIN (ANGSTROM**2)                                                                         .
  245 30.2   TOTAL NUMBER OF HYDROGEN BONDS OF TYPE O(I)-->H-N(J)  , SAME NUMBER PER 100 RESIDUES                              .
    6  0.7   TOTAL NUMBER OF HYDROGEN BONDS IN     PARALLEL BRIDGES, SAME NUMBER PER 100 RESIDUES                              .
    4  0.5   TOTAL NUMBER OF HYDROGEN BONDS IN ANTIPARALLEL BRIDGES, SAME NUMBER PER 100 RESIDUES                              .
    0  0.0   TOTAL NUMBER OF HYDROGEN BONDS OF TYPE O(I)-->H-N(I-5), SAME NUMBER PER 100 RESIDUES                              .
    0  0.0   TOTAL NUMBER OF HYDROGEN BONDS OF TYPE O(I)-->H-N(I-4), SAME NUMBER PER 100 RESIDUES                              .
    1  0.1   TOTAL NUMBER OF HYDROGEN BONDS OF TYPE O(I)-->H-N(I-3), SAME NUMBER PER 100 RESIDUES                              .
    0  0.0   TOTAL NUMBER OF HYDROGEN BONDS OF TYPE O(I)-->H-N(I-2), SAME NUMBER PER 100 RESIDUES                              .
    0  0.0   TOTAL NUMBER OF HYDROGEN BONDS OF TYPE O(I)-->H-N(I-1), SAME NUMBER PER 100 RESIDUES                              .
    0  0.0   TOTAL NUMBER OF HYDROGEN BONDS OF TYPE O(I)-->H-N(I+0), SAME NUMBER PER 100 RESIDUES                              .
    0  0.0   TOTAL NUMBER OF HYDROGEN BONDS OF TYPE O(I)-->H-N(I+1), SAME NUMBER PER 100 RESIDUES                              .
   87 10.7   TOTAL NUMBER OF HYDROGEN BONDS OF TYPE O(I)-->H-N(I+2), SAME NUMBER PER 100 RESIDUES                              .
   40  4.9   TOTAL NUMBER OF HYDROGEN BONDS OF TYPE O(I)-->H-N(I+3), SAME NUMBER PER 100 RESIDUES                              .
  101 12.5   TOTAL NUMBER OF HYDROGEN BONDS OF TYPE O(I)-->H-N(I+4), SAME NUMBER PER 100 RESIDUES                              .
    4  0.5   TOTAL NUMBER OF HYDROGEN BONDS OF TYPE O(I)-->H-N(I+5), SAME NUMBER PER 100 RESIDUES                              .
  1  2  3  4  5  6  7  8  9 10 11 12 13 14 15 16 17 18 19 20 21 22 23 24 25 26 27 28 29 30     *** HISTOGRAMS OF ***           .
  0  0  0  2  1  0  0  1  0  1  0  1  0  1  0  0  2  0  0  0  0  0  0  0  0  0  0  1  0  0    RESIDUES PER ALPHA HELIX         .
  3  0  0  0  0  0  0  0  0  0  0  0  0  0  0  0  0  0  0  0  0  0  0  0  0  0  0  0  0  0    PARALLEL BRIDGES PER LADDER      .
  0  0  1  0  0  0  0  0  0  0  0  0  0  0  0  0  0  0  0  0  0  0  0  0  0  0  0  0  0  0    ANTIPARALLEL BRIDGES PER LADDER  .
  1  0  0  0  0  0  0  0  0  0  0  0  0  0  0  0  0  0  0  0  0  0  0  0  0  0  0  0  0  0    LADDERS PER SHEET                .
  #  RESIDUE AA STRUCTURE BP1 BP2  ACC     N-H-->O    O-->H-N    N-H-->O    O-->H-N    TCO  KAPPA ALPHA  PHI   PSI    X-CA   Y-CA   Z-CA            CHAIN
    1    1 A M              0   0  210      0, 0.0     2,-0.3     0, 0.0     0, 0.0   0.000 360.0 360.0 360.0 162.4  -23.5   -5.6    4.1               
    2    2 A P        -     0   0   88      0, 0.0     2,-0.8     0, 0.0    22,-0.0  -0.706 360.0-122.1 -66.4 140.5  -24.1   -2.2    2.5               
    3    3 A N    >   +     0   0   59     -2,-0.3     2,-2.0    20,-0.2     3,-0.7  -0.030  56.2 154.0 -82.3  34.3  -20.5   -1.2    1.4               
    4    4 A Q  T 3  S+     0   0  176     -2,-0.8    20,-0.1     1,-0.2    -1,-0.1  -0.435  71.2  24.4 -70.2  77.5  -20.7    2.0    3.6               
    5    5 A G  T 3  S+     0   0   16     -2,-2.0    -1,-0.2     1,-0.4    49,-0.2  -0.094  91.3 110.7 159.0 -41.1  -17.0    2.5    4.2               
    6    6 A E    <   -     0   0   68     -3,-0.7    19,-2.6     1,-0.1    -1,-0.4  -0.251  68.5-115.8 -63.0 138.6  -15.2    0.8    1.2               
    7    7 A D  B     -a   25   0A   2     47,-2.3     2,-0.7    17,-0.2    19,-0.2  -0.513  31.0-107.1 -70.2 141.1  -13.3    2.9   -1.4               
    8    8 A C    >>  -     0   0    3     17,-2.6     4,-2.2    -2,-0.2     3,-0.8  -0.570  23.1-148.4 -67.4 115.0  -14.6    2.9   -5.0               
    9    9 A Y  H 3> S+     0   0  114     -2,-0.7     4,-1.5     1,-0.2     5,-0.2   0.878  98.6  50.5 -49.4 -43.7  -12.0    0.8   -6.9               
   10   10 A F  H 3> S+     0   0  131      1,-0.2     4,-0.8     2,-0.2    -1,-0.2   0.792 111.4  47.2 -71.6 -28.5  -12.7    2.9  -10.1               
   11   11 A F  H <4 S+     0   0   39     -3,-0.8    -1,-0.2     2,-0.2    -2,-0.2   0.779 110.7  52.8 -78.7 -30.5  -12.3    6.3   -8.2               
   12   12 A F  H  < S+     0   0   18     -4,-2.2    20,-0.4     1,-0.2    -2,-0.2   0.829 125.1  22.3 -75.6 -32.5   -9.0    5.1   -6.5               
   13   13 A Y  H  < S-     0   0   37     -4,-1.5     2,-0.2    -5,-0.2    -1,-0.2   0.423 138.1 -12.9-112.8  -5.1   -7.2    4.1   -9.8               
   14   14 A S  S  < S-     0   0   63     -4,-0.8     2,-0.3    -5,-0.2    65,-0.0  -0.784  96.2 -51.8-165.5-160.3   -9.2    6.2  -12.4               
   15   15 A T        -     0   0  125     -2,-0.2     2,-0.6    -3,-0.1    -4,-0.1  -0.785  49.4-126.6 -92.7 147.7  -12.5    8.3  -12.6               
   16   16 A C    >   -     0   0   19     -2,-0.3     3,-1.6     1,-0.1     6,-0.1  -0.865   7.4-153.2 -96.6 120.1  -15.8    6.7  -11.4               
   17   17 A T  T 3  S+     0   0  144     -2,-0.6    -1,-0.1     1,-0.3    -2,-0.0   0.537  90.6  66.0 -66.7  -8.8  -18.6    6.9  -14.0               
   18   18 A K  T >  S-     0   0  110      1,-0.2     3,-1.7     2,-0.0    -1,-0.3   0.570  79.9-170.8 -86.9 -13.3  -21.2    6.8  -11.2               
   19   19 A G  G X  S-     0   0   33     -3,-1.6     3,-1.3     1,-0.2    -1,-0.2  -0.232  70.2 -14.4  50.5-136.8  -20.3   10.2   -9.7               
   20   20 A D  G 3  S+     0   0  166      1,-0.3    -1,-0.2     3,-0.1     6,-0.1   0.629 129.2  74.3 -72.6 -11.4  -22.1   10.8   -6.3               
   21   21 A S  G <   +     0   0   99     -3,-1.7    -1,-0.3     2,-0.0    -2,-0.2   0.360  69.7 124.2 -77.9   5.0  -24.5    7.9   -7.1               
   22   22 A C    <   -     0   0   19     -3,-1.3     4,-0.1     1,-0.1   -14,-0.1  -0.549  59.6-148.1 -69.6 127.1  -21.6    5.5   -6.3               
   23   23 A P  S    S+     0   0   81      0, 0.0     2,-0.3     0, 0.0   -20,-0.2   0.308  82.1  71.4 -76.4  10.5  -22.5    2.9   -3.5               
   24   24 A F  S    S-     0   0   67    -20,-0.1   -17,-0.2   -19,-0.1   -20,-0.1  -0.941  98.4 -87.9-125.4 149.8  -18.8    3.0   -2.5               
   25   25 A R  B     -a    7   0A  25    -19,-2.6   -17,-2.6   -22,-0.4     2,-0.5  -0.298  28.9-158.4 -62.6 131.8  -16.8    5.9   -0.8               
   26   26 A H        +     0   0   52    -19,-0.2     2,-0.3    -4,-0.1    -1,-0.1  -0.967  22.9 164.6-103.7 118.5  -15.3    8.6   -2.9               
   27   27 A C    >>  -     0   0    7     -2,-0.5     3,-2.3     1,-0.1     4,-0.8  -0.784  23.2-171.0-142.2  96.1  -12.5   10.3   -0.9               
   28   28 A E  G >4 S+     0   0  158     -2,-0.3     3,-1.1     1,-0.3    -1,-0.1   0.888  88.2  64.1 -53.8 -40.3   -9.9   12.5   -2.7               
   29   29 A A  G 34 S+     0   0   51      1,-0.3    -1,-0.3     3,-0.1    20,-0.0   0.463 104.0  48.2 -66.5  -4.4   -7.8   12.7    0.5               
   30   30 A A  G X4 S+     0   0    0     -3,-2.3     3,-1.8    22,-0.1    -1,-0.3   0.581  84.1 110.0-103.0 -21.0   -7.2    8.9    0.2               
   31   31 A I  T << S+     0   0   48     -3,-1.1     3,-0.1    -4,-0.8   -19,-0.1  -0.286  88.1  14.8 -57.7 135.3   -6.3    8.9   -3.6               
   32   32 A G  T 3  S+     0   0   50    -20,-0.4     2,-0.9     1,-0.2    -1,-0.3   0.145  96.0 117.2  79.8 -15.2   -2.5    8.0   -4.0               
   33   33 A N    <   -     0   0   44     -3,-1.8    20,-0.3     1,-0.2    -1,-0.2  -0.702  43.4-172.6 -82.0 108.4   -2.2    6.8   -0.4               
   34   34 A E        +     0   0   67     -2,-0.9     2,-0.3    -3,-0.1    -1,-0.2   0.692  52.8 109.2 -73.3 -11.7   -1.3    3.0   -0.6               
   35   35 A T        -     0   0   77      1,-0.1    18,-2.2    -5,-0.1     2,-0.2  -0.465  67.4-134.8 -72.6 122.6   -1.8    2.7    3.2               
   36   36 A V  B     -b   53   0B  33     -2,-0.3     2,-0.8    16,-0.2    18,-0.2  -0.502  26.5-110.2 -67.8 138.2   -4.8    0.7    4.3               
   37   37 A C    >>  -     0   0    5     16,-2.8     4,-2.3    -2,-0.2     3,-0.8  -0.653  22.9-155.8 -71.0 111.7   -6.8    2.2    7.2               
   38   38 A T  H 3> S+     0   0   92     -2,-0.8     4,-2.1     1,-0.3     6,-0.2   0.935  94.7  55.6 -52.4 -48.0   -6.2   -0.0   10.2               
   39   39 A L  H 34>S+     0   0   68      1,-0.2     5,-3.1     2,-0.2     6,-1.1   0.785 109.3  46.8 -58.3 -31.7   -9.5    1.2   11.8               
   40   40 A W  H X45S+     0   0   53     -3,-0.8     3,-2.0     4,-0.3    -1,-0.2   0.924 109.0  52.6 -76.5 -42.5  -11.4    0.1    8.6               
   41   41 A Q  H 3<5S+     0   0  112     -4,-2.3    -2,-0.2     1,-0.3    -1,-0.2   0.810 111.2  49.9 -59.2 -30.0   -9.6   -3.3    8.5               
   42   42 A E  T 3<5S-     0   0  100     -4,-2.1    -1,-0.3    -5,-0.2    -2,-0.2   0.411 118.1-115.6 -83.0  -4.3  -10.8   -3.7   12.2               
   43   43 A G  T < 5S+     0   0   58     -3,-2.0    -3,-0.2    -5,-0.2    -2,-0.1   0.685  92.6 100.8  73.9  19.4  -14.4   -2.7   11.2               
   44   44 A R      < +     0   0  145     -5,-3.1     2,-1.1    -6,-0.2    -4,-0.3   0.358  40.5 109.4-117.3  -2.2  -14.2    0.6   13.4               
   45   45 A C        +     0   0   13     -6,-1.1     5,-0.1     1,-0.1    -2,-0.1  -0.696  24.5 159.0 -86.5 101.8  -13.5    3.4   10.8               
   46   46 A F        +     0   0  170     -2,-1.1     2,-0.8   -41,-0.0    -1,-0.1   0.118  32.2 127.8 -99.9  15.5  -16.7    5.6   10.6               
   47   47 A R    >   -     0   0  173      1,-0.2     3,-0.7     2,-0.0    -2,-0.0  -0.690  44.0-164.8 -78.4 110.5  -14.6    8.6    9.1               
   48   48 A Q  T 3  S+     0   0  151     -2,-0.8     2,-1.1     1,-0.3    -1,-0.2   0.950  91.9  43.2 -57.7 -48.5  -16.4    9.7    5.9               
   49   49 A V  T 3  S+     0   0  113    -20,-0.0     2,-0.5   -22,-0.0    -1,-0.3  -0.567  81.8 167.4 -97.2  65.9  -13.2   11.7    5.0               
   50   50 A C    <   -     0   0    4     -2,-1.1     4,-0.1    -3,-0.7   -13,-0.1  -0.774  31.3-152.1 -79.4 125.2  -10.6    9.1    6.0               
   51   51 A R  S    S+     0   0  185     -2,-0.5     2,-0.3     2,-0.1    -1,-0.1   0.392  78.8  72.5 -73.9  -0.7   -7.1   10.0    4.6               
   52   52 A F  S    S-     0   0   97    -18,-0.1     2,-0.2   -15,-0.0   -16,-0.2  -0.906  94.8 -98.0-117.9 148.0   -6.3    6.2    4.5               
   53   53 A R  B     -b   36   0B   3    -18,-2.2   -16,-2.8    -2,-0.3     2,-0.8  -0.450  17.1-155.1 -75.3 133.2   -7.7    3.6    2.0               
   54   54 A H  S    S+     0   0    1     -2,-0.2   -47,-2.3   -18,-0.2     2,-0.3  -0.608  70.5  86.6 -97.8  60.9  -10.7    1.4    2.9               
   55   55 A M  S    S-     0   0   47     -2,-0.8     2,-0.1   -49,-0.2    -2,-0.1  -0.835  74.2-128.8-160.3 125.5   -9.7   -1.3    0.4               
   56   56 A E        -     0   0  106     -2,-0.3     2,-0.5   -20,-0.1    -2,-0.1  -0.441  16.2-149.3 -75.6 148.7   -7.3   -4.2    1.0               
   57   57 A I        -     0   0   42     -2,-0.1     3,-0.2     1,-0.1   -21,-0.1  -0.915  15.1-176.1-125.0 107.9   -4.5   -4.8   -1.6               
   58   58 A D  S    S+     0   0  157     -2,-0.5     2,-0.4     1,-0.2    -1,-0.1   0.582  81.2  47.4 -68.9 -16.8   -3.4   -8.4   -2.1               
   59   59 A K  S    S-     0   0  162      5,-0.0     2,-0.2     0, 0.0    -1,-0.2  -0.866  85.6-131.2-139.2  97.9   -0.6   -7.2   -4.5               
   60   60 A K    >   -     0   0  129     -2,-0.4     3,-0.9     1,-0.2     4,-0.3  -0.298  21.9-170.8 -47.0 105.8    1.7   -4.2   -3.6               
   61   61 A R  G >  S+     0   0   56      1,-0.2     3,-1.5    -2,-0.2    22,-1.0   0.869  81.5  66.6 -83.0 -27.0    1.3   -2.2   -6.9               
   62   62 A S  G 3  S+     0   0   45     20,-0.3    -1,-0.2     1,-0.2    22,-0.1   0.496  97.7  56.1 -61.2  -7.8    4.1    0.1   -5.7               
   63   63 A E  G <  S+     0   0  126     -3,-0.9    -1,-0.2    20,-0.1    -2,-0.2   0.573  92.7  82.0 -96.5 -13.9    6.5   -3.0   -6.1               
   64   64 A I  S <  S-     0   0   79     -3,-1.5    19,-2.2    -4,-0.3     3,-0.1  -0.822  87.9-117.0 -96.6 119.5    5.5   -3.5   -9.8               
   65   65 A P  B     -c   83   0C  88      0, 0.0     2,-0.8     0, 0.0    19,-0.2  -0.188  31.4-107.6 -55.0 138.5    7.3   -1.3  -12.4               
   66   66 A C    >>  -     0   0    6     17,-2.7     3,-2.1     1,-0.2     4,-0.6  -0.568  20.5-153.2 -73.6 110.4    5.1    1.1  -14.4               
   67   67 A Y  G >4 S+     0   0  159     -2,-0.8     3,-0.6     1,-0.3    -1,-0.2   0.800  93.9  59.3 -48.6 -35.9    4.8   -0.2  -18.0               
   68   68 A W  G >4 S+     0   0  143      1,-0.2     3,-0.9     2,-0.2    -1,-0.3   0.613  87.4  73.4 -76.7 -13.3    4.2    3.4  -19.2               
   69   69 A E  G <4 S+     0   0   42     -3,-2.1    -1,-0.2     1,-0.2    -2,-0.2   0.880  99.1  47.2 -65.3 -34.6    7.6    4.7  -17.9               
   70   70 A N  G << S+     0   0  144     -3,-0.6    -1,-0.2    -4,-0.6    -2,-0.2   0.303  95.1  97.2 -89.4   4.7    9.4    2.8  -20.7               
   71   71 A Q  S X  S-     0   0   60     -3,-0.9     3,-2.1     1,-0.1     4,-0.0  -0.733  85.4-119.0 -91.5 149.5    6.9    4.2  -23.4               
   72   72 A P  T 3  S+     0   0  133      0, 0.0    -1,-0.1     0, 0.0    -4,-0.0   0.733 116.4  54.3 -61.7 -21.6    7.9    7.3  -25.5               
   73   73 A T  T 3  S-     0   0   85      1,-0.2    -4,-0.1    -5,-0.1    -5,-0.1   0.616 101.7-147.8 -77.0 -19.0    4.8    9.1  -24.0               
   74   74 A G    <   -     0   0   25     -3,-2.1     2,-1.0    -6,-0.3    -5,-0.2  -0.042  41.0 -49.3  64.0-177.2    5.9    8.4  -20.4               
   75   75 A C        -     0   0   10      1,-0.1     5,-0.1    -6,-0.1    -1,-0.1  -0.766  50.3-173.1 -89.9 102.1    3.4    7.8  -17.6               
   76   76 A Q        +     0   0  145     -2,-1.0     2,-0.7    14,-0.1    -1,-0.1   0.272  50.0 112.9 -76.3   9.3    0.9   10.6  -17.7               
   77   77 A K    >   -     0   0  120      1,-0.2     3,-0.9    13,-0.0    -2,-0.1  -0.805  49.5-166.3 -90.6 116.7   -0.8    9.5  -14.4               
   78   78 A L  T 3  S+     0   0   64     -2,-0.7     2,-1.7     1,-0.3    -1,-0.2   0.995  94.7  37.1 -50.6 -69.7   -0.4   11.9  -11.5               
   79   79 A N  T 3  S+     0   0  100      2,-0.0     2,-0.5   -46,-0.0    -1,-0.3  -0.381  84.0 173.4 -85.8  56.3   -1.5    9.2   -9.0               
   80   80 A C    <   -     0   0   19     -2,-1.7     4,-0.1    -3,-0.9   -14,-0.1  -0.610  21.4-159.8 -65.9 118.6    0.2    6.3  -10.7               
   81   81 A A        +     0   0   28     -2,-0.5     2,-0.3   -68,-0.1   -17,-0.2   0.273  65.5  87.3 -84.5   6.8   -0.2    3.3   -8.4               
   82   82 A F  S    S-     0   0   70    -20,-0.1   -20,-0.3   -19,-0.1   -16,-0.1  -0.780  92.8 -87.1-101.7 154.6    2.8    1.4  -10.1               
   83   83 A H  B     -c   65   0C  17    -19,-2.2   -17,-2.7   -22,-1.0     2,-0.5  -0.359  38.2-155.9 -60.2 134.5    6.5    1.7   -9.1               
   84   84 A H        -     0   0    1    -19,-0.2    14,-2.2     1,-0.1    16,-0.1  -0.968  14.8-175.5-114.9 120.3    8.4    4.6  -10.9               
   85   85 A N  S    S+     0   0  106     -2,-0.5     2,-0.3    12,-0.2    -1,-0.1   0.808  74.6  44.5 -81.6 -32.0   12.2    4.3  -11.2               
   86   86 A R  S    S-     0   0  193     10,-0.1    12,-0.2    11,-0.0     2,-0.1  -0.841  92.0-104.8-112.4 147.6   12.6    7.8  -12.7               
   87   87 A G        -     0   0   24     -2,-0.3     2,-0.3    10,-0.1    -2,-0.1  -0.455  41.7-155.9 -65.1 143.9   11.1   11.2  -11.7               
   88   88 A R  E     -D   95   0D  37      7,-2.5     7,-3.1    -2,-0.1     2,-0.5  -0.946  15.1-136.1-127.9 146.1    8.2   12.3  -14.1               
   89   89 A Y  E     +D   94   0D 176     -2,-0.3     2,-0.3     5,-0.2     5,-0.2  -0.906  29.3 168.8 -98.6 127.4    6.6   15.6  -15.2               
   90   90 A V  E >  S-D   93   0D   8      3,-2.2     3,-2.1    -2,-0.5   -14,-0.1  -0.990  70.8 -11.3-139.2 127.9    2.8   15.5  -15.3               
   91   91 A D  T 3  S-     0   0  133     -2,-0.3     3,-0.1     1,-0.3    -1,-0.0   0.801 127.4 -58.4  51.2  35.2    0.6   18.7  -15.7               
   92   92 A G  T 3  S+     0   0   71      1,-0.2     2,-0.4     0, 0.0    -1,-0.3   0.221 113.5 120.0  79.0 -10.9    3.7   20.8  -15.0               
   93   93 A L  E <   -D   90   0D 104     -3,-2.1    -3,-2.2     1,-0.0     2,-0.6  -0.679  62.2-134.4 -84.5 130.4    4.2   19.1  -11.6               
   94   94 A F  E     -D   89   0D 110     -2,-0.4    -5,-0.2    -5,-0.2    -7,-0.0  -0.762  20.0-166.1 -80.4 121.2    7.5   17.2  -10.9               
   95   95 A L  E     -D   88   0D  39     -7,-3.1    -7,-2.5    -2,-0.6     3,-0.1  -0.953  16.0-135.0-107.7 119.8    6.7   13.8   -9.3               
   96   96 A P        -     0   0   83      0, 0.0   -10,-0.1     0, 0.0    -8,-0.1  -0.138  34.3 -78.6 -65.0 166.6    9.8   12.1   -7.8               
   97   97 A P        -     0   0   60      0, 0.0   -12,-0.2     0, 0.0     2,-0.2  -0.230  55.5 -93.3 -49.6 151.1   10.6    8.4   -8.2               
   98   98 A S        -     0   0   35    -14,-2.2     2,-0.9   -12,-0.2   -15,-0.0  -0.496  50.1-102.2 -59.1 137.4    8.7    5.8   -6.1               
   99   99 A K        -     0   0  193     -2,-0.2     2,-1.7     1,-0.1    -1,-0.1  -0.618  31.4-136.6 -69.2 107.4   10.8    5.2   -3.0               
  100  100 A T        -     0   0   93     -2,-0.9     2,-2.0     1,-0.1    -1,-0.1  -0.506  20.0-171.8 -63.3  85.0   12.5    1.8   -3.6               
  101  101 A V        +     0   0  130     -2,-1.7    -1,-0.1     2,-0.1    -2,-0.1  -0.583  14.4 175.7 -75.5  69.7   11.9    0.1   -0.2               
  102  102 A L        -     0   0  140     -2,-2.0     2,-1.0     2,-0.0    -2,-0.0  -0.779  26.8-141.9 -68.1 112.7   14.2   -2.7   -1.3               
  103  103 A P        -     0   0   94      0, 0.0     2,-2.1     0, 0.0    -2,-0.1  -0.775  13.0-140.0 -75.0 107.7   14.4   -4.9    1.8               
  104  104 A T        +     0   0  134     -2,-1.0    -2,-0.0     2,-0.1    -3,-0.0  -0.562  33.5 172.2 -68.6  81.1   18.1   -5.9    1.6               
  105  105 A V        -     0   0   94     -2,-2.1     2,-1.9     2,-0.1    -1,-0.0  -0.898  27.7-152.3 -89.4 110.7   17.5   -9.5    2.7               
  106  106 A P        +     0   0  119      0, 0.0     2,-1.1     0, 0.0    -2,-0.1  -0.589  30.3 168.7 -76.1  73.1   20.7  -11.5    2.3               
  107  107 A E        +     0   0  161     -2,-1.9    -2,-0.1     2,-0.1     0, 0.0  -0.735  11.1 148.5 -93.1  86.0   18.7  -14.7    1.9               
  108  108 A S        -     0   0   89     -2,-1.1     2,-1.4     2,-0.1     0, 0.0  -0.932  27.9-166.0-111.3  98.3   21.2  -17.3    0.7               
  109  109 A P        +     0   0  116      0, 0.0     2,-0.3     0, 0.0     3,-0.1  -0.532  43.3 111.3 -90.9  70.8   20.0  -20.7    2.1               
  110  110 A E        +     0   0  167     -2,-1.4    -2,-0.1     1,-0.1     0, 0.0  -0.983  49.5  27.9-146.1 154.2   23.0  -22.9    1.6               
  111  111 A E        +     0   0  192     -2,-0.3     2,-0.2     1,-0.2    -1,-0.1   0.934  43.4 165.8  52.3  75.1   25.8  -24.8    3.6               
  112  112 A E        +     0   0  182      1,-0.1    -1,-0.2    -3,-0.1     0, 0.0  -0.608  47.9  75.5 -69.5 162.7   25.0  -25.9    7.0               
  113  113 A V        +     0   0  111     -2,-0.2    -1,-0.1     1,-0.0     2,-0.1   0.943  54.9 101.5  83.1  67.8   27.6  -28.5    8.3               
  114  114 A K        -     0   0  204     -3,-0.1    -1,-0.0     0, 0.0     0, 0.0  -0.306  49.1-110.2 176.5 150.6   31.1  -27.6    9.4               
  115  115 A A        -     0   0   87      1,-0.2     2,-0.0    -2,-0.1     0, 0.0   0.717   6.5 -91.9 178.3 148.8   32.6  -27.3   12.3               
  116  116 A S        +     0   0  114      0, 0.0    -1,-0.2     0, 0.0     0, 0.0  -0.242  52.4  79.0 -78.1 173.8   34.5  -25.8   15.4               
  117  117 A Q        +     0   0  181      1,-0.2     2,-0.1    -2,-0.0    -2,-0.0   0.584  23.3 101.4  79.9 125.8   38.2  -25.2   16.3               
  118  118 A L        +     0   0  167      0, 0.0     2,-0.2     0, 0.0    -1,-0.2   0.021  35.0 143.2-143.2 173.6   41.0  -23.6   16.1               
  119  119 A S        +     0   0  102     -2,-0.1     0, 0.0     1,-0.0     0, 0.0  -0.838  14.1  80.8-143.4 179.0   42.6  -21.2   18.6               
  120  120 A V        +     0   0  117     -2,-0.2    -1,-0.0     0, 0.0     0, 0.0   0.610  28.8 100.1  88.1 141.5   45.8  -19.8   20.4               
  121  121 A Q        +     0   0  168      0, 0.0     2,-0.0     0, 0.0     0, 0.0   0.728  31.6 143.8  81.8 136.7   48.8  -17.4   20.3               
  122  122 A Q        -     0   0  153      0, 0.0     0, 0.0     0, 0.0     0, 0.0   0.506  18.7-161.8-177.8 170.0   49.7  -14.5   21.5               
  123  123 A N        +     0   0  123     -2,-0.0     0, 0.0     0, 0.0     0, 0.0   0.734  13.8 106.5  73.1 145.1   51.8  -11.6   23.0               
  124  124 A K        -     0   0  164      0, 0.0     0, 0.0     0, 0.0     0, 0.0   0.617  20.8-112.6-172.4 162.9   52.5   -8.8   24.4               
  125  125 A L        +     0   0  147      0, 0.0     2,-0.0     0, 0.0     0, 0.0   0.660  22.9  93.9  71.9 147.1   53.4   -5.6   26.5               
  126  126 A S        +     0   0   90      0, 0.0     0, 0.0     0, 0.0     0, 0.0   0.453  12.7 175.5-173.8 147.5   52.8   -2.9   28.2               
  127  127 A V        +     0   0  127      1,-0.0     2,-0.1    -2,-0.0     0, 0.0   0.833  18.0 126.9  62.2 139.4   52.2   -0.0   30.7               
  128  128 A Q        -     0   0  181      2,-0.0     2,-0.1     0, 0.0    -1,-0.0   0.235  32.4-124.0-146.0-171.5   51.7    2.8   32.3               
  129  129 A S        -     0   0  103      1,-0.1     0, 0.0    -2,-0.1     0, 0.0  -0.371   2.6-148.3 -94.4 155.7   49.1    4.5   34.7               
  130  130 A N        -     0   0  138     -2,-0.1     2,-0.3     0, 0.0    -1,-0.1  -0.525  14.4-144.0 -87.6 163.8   46.8    7.5   35.3               
  131  131 A P        -     0   0  117      0, 0.0     0, 0.0     0, 0.0     0, 0.0  -0.988  21.7-169.5-125.3 153.4   45.8    9.1   38.6               
  132  132 A S        -     0   0   97     -2,-0.3     2,-0.1     0, 0.0     0, 0.0  -0.481  15.1-149.8 -95.0 168.2   42.2   10.5   39.3               
  133  133 A P        -     0   0  107      0, 0.0     0, 0.0     0, 0.0     0, 0.0  -0.594  27.8 -97.8-141.9 146.1   40.3   12.4   41.5               
  134  134 A Q        +     0   0  166     -2,-0.1     2,-0.0     0, 0.0     0, 0.0   0.592  36.4 130.7  38.5 121.5   36.7   12.4   42.4               
  135  135 A L        -     0   0  136      0, 0.0     0, 0.0     0, 0.0     0, 0.0   0.216  55.0 -45.6-164.0 155.8   33.5   13.4   42.5               
  136  136 A R        -     0   0  224      1,-0.1     2,-0.0    -2,-0.0     0, 0.0   0.902  48.3-132.3  51.5  86.5   29.9   12.0   42.3               
  137  137 A S        +     0   0   99      2,-0.0     2,-0.3     0, 0.0    -1,-0.1  -0.197  24.5 173.1 -35.7 130.8   28.6    9.4   39.8               
  138  138 A V        -     0   0  142     -2,-0.0     2,-0.5     0, 0.0     0, 0.0  -0.948  38.1-121.5-129.9 140.1   25.6    9.4   37.7               
  139  139 A M        -     0   0  151     -2,-0.3    -2,-0.0     1,-0.1     0, 0.0  -0.657  23.3-100.7 -85.3 121.5   25.6    6.4   35.3               
  140  140 A K        -     0   0  208     -2,-0.5     2,-0.3     1,-0.1    -1,-0.1   0.214  33.3-159.4  -3.0 124.6   25.5    6.5   31.5               
  141  141 A V        -     0   0  134      3,-0.0     2,-0.3     0, 0.0     3,-0.1  -0.927   4.9-144.0-124.5 150.1   22.2    5.8   29.6               
  142  142 A E        +     0   0  177     -2,-0.3     0, 0.0     1,-0.2     0, 0.0  -0.856  58.0  12.9-103.2 151.1   21.6    4.6   26.0               
  143  143 A S        +     0   0  129     -2,-0.3     2,-0.4     1,-0.1    -1,-0.2   0.971  47.1 166.0  60.7  97.2   18.8    5.6   23.5               
  144  144 A S        -     0   0  108     -3,-0.1     2,-0.3     2,-0.0    -1,-0.1  -0.956  29.6-139.6-133.6 120.5   16.2    8.5   23.8               
  145  145 A E        -     0   0  184     -2,-0.4     2,-1.3     1,-0.1     0, 0.0  -0.595  33.0-120.3 -66.3 125.1   14.1    9.6   20.8               
  146  146 A N        +     0   0  145     -2,-0.3    -1,-0.1     2,-0.0    -2,-0.0  -0.600  44.4 161.9 -87.5  90.1   14.0   13.4   21.2               
  147  147 A V        -     0   0  105     -2,-1.3     2,-0.7     2,-0.0    -2,-0.0  -0.934  37.2-133.6 -97.5 115.4   10.4   14.7   21.5               
  148  148 A P        -     0   0  104      0, 0.0    -2,-0.0     0, 0.0     3,-0.0  -0.589  17.4-144.0 -70.0 111.3   10.5   18.3   23.0               
  149  149 A S        -     0   0  101     -2,-0.7     2,-0.2     1,-0.1    -2,-0.0  -0.661  31.5 -99.8 -70.5 129.5    7.9   18.4   25.8               
  150  150 A P        -     0   0  120      0, 0.0     2,-1.4     0, 0.0    -1,-0.1  -0.325  35.8-123.0 -58.4 121.0    6.1   21.8   25.8               
  151  151 A T        -     0   0  139     -2,-0.2    -2,-0.0     3,-0.0     0, 0.0  -0.507  32.4-179.9 -68.9  90.3    7.7   24.0   28.6               
  152  152 A H        -     0   0  158     -2,-1.4     3,-0.0     1,-0.0    -3,-0.0  -0.813  36.0-114.9 -78.2 132.8    4.8   25.0   30.9               
  153  153 A P        -     0   0   98      0, 0.0     2,-0.5     0, 0.0    -1,-0.0  -0.459  36.4 -99.7 -63.8 143.1    6.4   27.2   33.6               
  154  154 A P        -     0   0  110      0, 0.0     2,-0.9     0, 0.0    -3,-0.0  -0.537  31.3-132.0 -65.3 118.1    6.1   25.5   37.1               
  155  155 A V        -     0   0  128     -2,-0.5     2,-1.2     1,-0.1    -3,-0.0  -0.654  20.5-141.7 -68.7 105.0    3.1   27.1   38.9               
  156  156 A V        -     0   0  113     -2,-0.9     2,-0.9     2,-0.0    -1,-0.1  -0.656  15.6-166.4 -73.3  96.8    4.8   27.9   42.3               
  157  157 A I        -     0   0  146     -2,-1.2     2,-0.9     2,-0.0    -2,-0.0  -0.836  18.6-139.0 -80.8 103.9    2.0   27.1   44.8               
  158  158 A N        -     0   0  125     -2,-0.9     2,-1.6     1,-0.1     3,-0.3  -0.607  13.1-163.7 -66.1 103.5    3.4   28.7   47.9               
  159  159 A A  S    S+     0   0  107     -2,-0.9    -1,-0.1     1,-0.2     3,-0.1  -0.533  72.4  82.8 -83.0  61.1    2.5   26.1   50.6               
  160  160 A A  S    S+     0   0   85     -2,-1.6    -1,-0.2     3,-0.0     3,-0.1   0.031  70.3  68.2-157.2  26.7    3.2   28.8   53.3               
  161  161 A D  S    S+     0   0  153     -3,-0.3    -3,-0.0     1,-0.1    -2,-0.0  -0.299  78.0  70.6-158.6  51.6   -0.0   31.0   53.6               
  162  162 A D        +     0   0  163     -3,-0.1     2,-0.3     0, 0.0    -1,-0.1  -0.100  59.6 120.4-165.1  50.0   -2.9   29.0   55.2               
  163  163 A D        +     0   0  149     -3,-0.1    -3,-0.0     0, 0.0     0, 0.0  -0.834  46.1  68.2-103.1 162.0   -2.0   28.4   58.9               
  164  164 A E        +     0   0  173     -2,-0.3     0, 0.0     1,-0.0     0, 0.0   0.521  50.9  77.0  64.1 136.3   -4.4   29.8   61.6               
  165  165 A D        -     0   0  140     -3,-0.0    -1,-0.0     0, 0.0     0, 0.0   0.663  50.7 -14.9-159.6-176.5   -7.4   29.5   62.9               
  166  166 A D        -     0   0  138      1,-0.1     2,-0.0     0, 0.0     0, 0.0   0.986  32.5-154.8  61.1  91.7  -10.3   28.1   65.1               
  167  167 A D        +     0   0  148      0, 0.0     2,-0.2     0, 0.0    -1,-0.1  -0.302  12.7 179.3 -29.8 140.7  -10.9   24.9   66.8               
  168  168 A D        -     0   0  135     -2,-0.0     0, 0.0     2,-0.0     0, 0.0  -0.586  15.6-129.0-159.6 154.3  -14.0   23.5   67.6               
  169  169 A Q        +     0   0  144     -2,-0.2     2,-0.1     2,-0.0     0, 0.0  -0.087  35.6 140.0 -41.9 138.3  -15.1   20.3   69.4               
  170  170 A F        -     0   0  211      0, 0.0    -2,-0.0     0, 0.0     2,-0.0  -0.241  30.6-179.4-164.4 124.9  -17.3   17.5   68.9               
  171  171 A S        -     0   0  113      1,-0.2    -2,-0.0    -2,-0.1     0, 0.0  -0.113  19.7 -35.4 -82.1 174.3  -16.2   14.0   70.0               
  172  172 A E        +     0   0  180     -2,-0.0    -1,-0.2     2,-0.0     2,-0.0   0.093  52.5  61.8  -1.9 137.7  -17.1   10.4   70.2               
  173  173 A E        +     0   0  187      2,-0.0    -2,-0.0     0, 0.0     0, 0.0   0.402  20.6  86.1-164.9-163.3  -19.4    8.3   70.6               
  174  174 A G        -     0   0   68     -2,-0.0    -2,-0.0     2,-0.0     0, 0.0   0.911  38.3-123.3 114.3  58.1  -22.5    6.0   70.6               
  175  175 A D        -     0   0  160      1,-0.0     2,-0.2     0, 0.0    -2,-0.0   0.519  31.0 -14.7  63.1-174.6  -23.5    2.8   69.0               
  176  176 A E        +     0   0  147      2,-0.0    -1,-0.0     1,-0.0    -2,-0.0  -0.506  39.1  31.2-115.4 160.0  -26.0    0.9   66.8               
  177  177 A T        +     0   0   89     -2,-0.2    -1,-0.0     0, 0.0     0, 0.0   0.765  36.3  47.1  98.5 135.3  -29.1   -0.1   64.7               
  178  178 A K        -     0   0  166      0, 0.0    -2,-0.0     0, 0.0     0, 0.0   0.968  40.0-121.5  80.5  82.9  -32.2   -0.1   62.5               
  179  179 A T        -     0   0  126      0, 0.0     0, 0.0     0, 0.0     0, 0.0   0.466  15.8-150.1  28.3 153.8  -33.6    1.4   59.5               
  180  180 A P        -     0   0  110      0, 0.0     0, 0.0     0, 0.0     0, 0.0   0.796  11.9-129.6-145.5-159.7  -35.6    3.0   57.5               
  181  181 A T        +     0   0  114      1,-0.1     0, 0.0     2,-0.0     0, 0.0   0.437  32.5  70.6 111.8 144.4  -37.9    4.7   54.8               
  182  182 A L        -     0   0  154      0, 0.0    -1,-0.1     0, 0.0     0, 0.0   0.601  47.0 -44.0  73.4 144.8  -39.3    7.7   52.7               
  183  183 A Q        -     0   0  166      1,-0.0     2,-0.0     0, 0.0    -2,-0.0   0.919  28.3-179.1 177.6 168.6  -38.7   10.1   50.3               
  184  184 A P        +     0   0   89      0, 0.0    -1,-0.0     0, 0.0     0, 0.0  -0.105   2.7 176.9-135.7-165.9  -37.0   12.8   48.3               
  185  185 A T        +     0   0  126     -2,-0.0     2,-0.0     2,-0.0     0, 0.0   0.622  12.2  15.3  72.8 157.1  -36.0   15.6   45.8               
  186  186 A P        +     0   0  100      0, 0.0     0, 0.0     0, 0.0     0, 0.0   0.745  25.8  27.6-135.0-162.4  -34.6   17.8   44.1               
  187  187 A E        +     0   0  178      2,-0.0    -2,-0.0    -2,-0.0     0, 0.0   0.738  33.8  20.3  69.5 148.2  -32.2   20.4   42.4               
  188  188 A V        +     0   0  118      0, 0.0     2,-0.1     0, 0.0     0, 0.0   0.665  40.8  64.2-141.7 141.1  -29.4   21.9   41.2               
  189  189 A H        -     0   0  179      2,-0.0     2,-0.4     0, 0.0    -2,-0.0  -0.391  30.9-144.0-179.4 144.2  -25.9   22.2   39.8               
  190  190 A N        +     0   0  174     -2,-0.1     2,-0.2     2,-0.0     0, 0.0  -0.753  33.0 164.6 -81.4 134.4  -23.6   21.2   36.8               
  191  191 A G        -     0   0   65     -2,-0.4     2,-0.6     2,-0.0    -2,-0.0  -0.696  31.7-141.5-162.1 102.5  -20.0   20.4   38.0               
  192  192 A L        +     0   0  172     -2,-0.2     2,-0.4     1,-0.0    -2,-0.0  -0.468  33.7 162.1 -58.0 108.9  -17.2   18.6   36.1               
  193  193 A R        -     0   0  224     -2,-0.6     2,-0.5     2,-0.0    -2,-0.0  -0.902  26.7-161.7-134.8 115.6  -15.2   16.3   38.6               
  194  194 A V        -     0   0  141     -2,-0.4     2,-0.3     2,-0.0    -2,-0.0  -0.776  22.8-161.9 -73.1 125.1  -12.9   13.5   37.6               
  195  195 A T        -     0   0  126     -2,-0.5     2,-0.2     0, 0.0    -2,-0.0  -0.922   9.8-123.4-121.3 146.6  -12.5   11.4   40.9               
  196  196 A S        -     0   0  109     -2,-0.3    -2,-0.0     1,-0.2     0, 0.0  -0.615  29.4 -56.6-105.9 146.3   -9.8    8.9   41.6               
  197  197 A V        +     0   0  117     -2,-0.2     2,-0.3     1,-0.1    -1,-0.2   0.483  27.8 173.5  17.2 114.3   -9.0    5.3   42.5               
  198  198 A R        -     0   0  253      2,-0.0    -1,-0.1     0, 0.0     0, 0.0  -0.976  30.7-174.4-128.1 139.8   -9.9    3.0   45.2               
  199  199 A K        +     0   0  189     -2,-0.3     2,-0.1     2,-0.0     0, 0.0  -0.636  26.7 166.2 -99.6 162.9   -8.8   -0.7   44.9               
  200  200 A P        -     0   0  119      0, 0.0    -2,-0.0     0, 0.0     0, 0.0  -0.143  32.8 -90.1-152.0 167.6   -8.6   -3.8   45.7               
  201  201 A A        +     0   0   93      1,-0.1     2,-0.3    -2,-0.1    -2,-0.0   0.539  24.5 168.5  26.5 110.9   -7.6   -7.3   44.4               
  202  202 A V        -     0   0  132      2,-0.1     2,-0.6     0, 0.0    -1,-0.1  -0.980  34.5-131.5-132.1 141.3   -9.2  -10.2   42.6               
  203  203 A N        +     0   0  142     -2,-0.3     2,-0.3     2,-0.0     0, 0.0  -0.800  33.2 164.6 -94.6 113.6   -6.7  -12.9   41.3               
  204  204 A I        -     0   0  155     -2,-0.6     2,-0.1     0, 0.0    -2,-0.1  -0.976  30.4-115.2-132.1 143.4   -7.2  -14.1   37.7               
  205  205 A K        -     0   0  183     -2,-0.3    -2,-0.0     1,-0.2     0, 0.0  -0.359  41.8 -52.0 -92.0 158.6   -4.6  -16.1   35.7               
  206  206 A Q        +     0   0  207     -2,-0.1    -1,-0.2     1,-0.0     2,-0.2   0.285  51.8 157.2 -15.1 122.4   -2.3  -15.7   32.6               
  207  207 A G        -     0   0   72      0, 0.0    -1,-0.0     0, 0.0     0, 0.0  -0.625  53.5 -80.5-164.3  98.6   -3.7  -14.6   29.1               
  208  208 A E        -     0   0  196     -2,-0.2     2,-0.3     1,-0.1    -2,-0.0   0.501  38.1-162.1  21.6  78.5   -1.7  -13.0   26.3               
  209  209 A C        -     0   0  110      1,-0.1     2,-1.2     2,-0.0    -1,-0.1  -0.662  34.0-110.3 -70.4 137.5   -1.2   -9.3   26.7               
  210  210 A L        -     0   0  146     -2,-0.3     2,-0.9     1,-0.1    -1,-0.1  -0.603  32.7-144.6 -72.7  97.0   -0.2   -7.7   23.3               
  211  211 A N        -     0   0  116     -2,-1.2     2,-1.4     1,-0.1     4,-0.1  -0.555   8.9-159.7 -68.6 106.0    3.5   -6.9   23.9               
  212  212 A F        -     0   0  184     -2,-0.9    -1,-0.1     2,-0.2     3,-0.1  -0.126  61.4 -87.6 -71.0  34.9    4.2   -3.6   22.0               
  213  213 A G  S    S+     0   0   66     -2,-1.4     2,-0.5     1,-0.2    -1,-0.1   0.157  98.6 126.8  70.7 -18.4    8.0   -4.5   22.2               
  214  214 A I        -     0   0  137      1,-0.0     2,-0.2    -2,-0.0    -1,-0.2  -0.562  57.0-139.4 -70.5 116.3    8.1   -2.7   25.6               
  215  215 A K        -     0   0  114     -2,-0.5    -1,-0.0    -3,-0.1    -3,-0.0  -0.558  21.2-109.4 -77.5 140.5    9.6   -5.2   28.2               
  216  216 A T     >  -     0   0   71     -2,-0.2     4,-2.8     1,-0.1     5,-0.2  -0.278  25.2-112.1 -67.6 155.3    7.9   -5.3   31.6               
  217  217 A L  H  > S+     0   0  119      1,-0.2     4,-2.1     2,-0.2    -1,-0.1   0.842 122.1  50.4 -54.2 -34.3    9.9   -3.9   34.7               
  218  218 A E  H  > S+     0   0  148      2,-0.2     4,-3.0     3,-0.2    -1,-0.2   0.930 109.0  48.9 -71.5 -45.7   10.0   -7.5   35.9               
  219  219 A E  H  > S+     0   0   80      2,-0.2     4,-2.8     1,-0.2    -2,-0.2   0.907 112.8  49.3 -60.5 -40.4   11.4   -8.9   32.6               
  220  220 A I  H  X S+     0   0   87     -4,-2.8     4,-2.7     2,-0.2    -2,-0.2   0.935 112.5  47.1 -63.7 -46.7   14.0   -6.0   32.6               
  221  221 A K  H  X S+     0   0  125     -4,-2.1     4,-2.3    -5,-0.2    -2,-0.2   0.929 113.4  49.1 -59.9 -44.3   15.0   -6.9   36.3               
  222  222 A S  H  X S+     0   0   78     -4,-3.0     4,-2.5     2,-0.2    -2,-0.2   0.901 111.8  47.7 -65.7 -41.5   15.1  -10.7   35.3               
  223  223 A K  H  X S+     0   0  130     -4,-2.8     4,-2.5     2,-0.2     5,-0.2   0.961 112.8  49.4 -60.1 -48.4   17.3   -9.9   32.2               
  224  224 A K  H  X S+     0   0  136     -4,-2.7     4,-2.1     1,-0.2    -2,-0.2   0.847 112.9  47.4 -63.8 -33.9   19.6   -7.7   34.4               
  225  225 A M  H  X S+     0   0  139     -4,-2.3     4,-2.5     2,-0.2    -1,-0.2   0.922 113.7  47.0 -67.1 -46.0   19.8  -10.5   37.0               
  226  226 A K  H  X S+     0   0  164     -4,-2.5     4,-1.6     2,-0.2    -2,-0.2   0.824 114.4  47.8 -67.0 -32.3   20.6  -13.2   34.3               
  227  227 A E  H  X S+     0   0   99     -4,-2.5     4,-1.2     2,-0.2    -2,-0.2   0.921 111.9  48.9 -75.2 -43.7   23.2  -10.9   32.8               
  228  228 A K  H >< S+     0   0  131     -4,-2.1     3,-0.7    -5,-0.2     4,-0.2   0.943 112.8  47.8 -57.6 -50.2   24.9  -10.1   36.2               
  229  229 A S  H >< S+     0   0   74     -4,-2.5     3,-1.3     1,-0.2    -2,-0.2   0.885 108.6  53.7 -64.9 -36.0   25.0  -13.8   37.1               
  230  230 A K  H 3< S+     0   0  183     -4,-1.6     3,-0.5     1,-0.2    -1,-0.2   0.754 107.9  52.6 -68.9 -20.3   26.5  -14.7   33.6               
  231  231 A K  T << S+     0   0  177     -4,-1.2    -1,-0.2    -3,-0.7    -2,-0.2   0.354 106.1  53.8 -92.4   4.7   29.3  -12.0   34.3               
  232  232 A Q  S <  S+     0   0  167     -3,-1.3    -1,-0.2    -4,-0.2    -2,-0.2   0.176  83.1  91.3-113.6  12.2   30.1  -13.7   37.8               
  233  233 A G  S    S+     0   0   66     -3,-0.5     2,-0.5     1,-0.1    -2,-0.1   0.558  77.9  58.7 -87.0 -10.7   30.7  -17.2   36.3               
  234  234 A E        +     0   0  198     -3,-0.1     2,-0.2    -4,-0.1    -1,-0.1  -0.956  65.3 128.3-125.3 109.7   34.5  -17.0   35.7               
  235  235 A G        +     0   0   80     -2,-0.5     2,-0.2    -3,-0.0    -3,-0.0  -0.697  15.7 149.1-169.3 113.2   36.8  -16.2   38.7               
  236  236 A S        +     0   0  127     -2,-0.2     0, 0.0     1,-0.1     0, 0.0  -0.699  35.2   3.1-177.1 134.9   40.0  -17.8   40.2               
  237  237 A S        +     0   0  116     -2,-0.2    -1,-0.1     0, 0.0     0, 0.0   0.811  51.1  40.4-158.7 161.9   42.7  -16.7   41.8               
  238  238 A G        -     0   0   61      0, 0.0     2,-0.1     0, 0.0    -2,-0.1   0.461  29.3-125.8 100.2 123.4   45.2  -14.4   43.6               
  239  239 A V        +     0   0  144      2,-0.0     0, 0.0     0, 0.0     0, 0.0   0.232  26.8  95.5  78.3 121.0   46.2  -11.8   45.8               
  240  240 A S        -     0   0  114     -2,-0.1     2,-0.0     0, 0.0     0, 0.0   0.706  15.3-171.7-154.9 172.8   47.5   -9.1   46.9               
  241  241 A S        +     0   0  104      0, 0.0     2,-0.1     0, 0.0    -2,-0.0  -0.161   9.3 157.3 -74.3 160.6   47.5   -5.3   47.8               
  242  242 A L        +     0   0  165     -2,-0.0     2,-0.0     2,-0.0     0, 0.0  -0.187  15.6 177.3 152.2 164.5   49.4   -2.2   49.0               
  243  243 A L        +     0   0  141     -2,-0.1     0, 0.0     0, 0.0     0, 0.0   0.309  18.4 133.2-168.0 161.2   49.6    1.2   49.1               
  244  244 A L        -     0   0  158     -2,-0.0    -2,-0.0     2,-0.0     0, 0.0   0.438  26.9 -75.4  72.0 166.2   50.2    5.1   49.5               
  245  245 A H        -     0   0  169      1,-0.2     2,-0.1     0, 0.0     0, 0.0   0.198   8.0-148.5-157.4 148.7   50.5    8.4   48.4               
  246  246 A P        -     0   0   98      0, 0.0    -1,-0.2     0, 0.0    -2,-0.0  -0.366   8.8-165.1-109.5-177.1   51.7   11.8   46.8               
  247  247 A E        +     0   0  162     -2,-0.1     0, 0.0     0, 0.0     0, 0.0  -0.537  28.1  41.5 165.7 172.2   51.9   15.7   46.8               
  248  248 A P        +     0   0   94      0, 0.0     0, 0.0     0, 0.0     0, 0.0   0.420  21.8 177.1-135.1 155.8   52.6   18.6   44.9               
  249  249 A V        +     0   0  133      2,-0.0     2,-0.1     0, 0.0     0, 0.0   0.451   7.5 164.7  26.8 124.3   52.9   21.1   42.1               
  250  250 A P        +     0   0  130      0, 0.0     0, 0.0     0, 0.0     0, 0.0  -0.321  40.7  72.9-152.8 152.8   53.7   24.1   40.7               
  251  251 A G        -     0   0   74     -2,-0.1     2,-0.2     0, 0.0    -2,-0.0  -0.432  47.8-142.3 155.9 136.8   54.2   25.5   37.1               
  252  252 A P        +     0   0  127      0, 0.0     0, 0.0     0, 0.0     0, 0.0  -0.673  23.1  19.7-114.6 166.5   51.8   26.6   34.2               
  253  253 A E        +     0   0  154     -2,-0.2     0, 0.0     0, 0.0     0, 0.0   0.731  50.0  55.1  88.2 145.8   50.8   26.9   30.5               
  254  254 A K        -     0   0  146      1,-0.1     2,-0.0     2,-0.0     0, 0.0   0.949  34.5-156.5  66.6  76.6   50.6   26.2   26.7               
  255  255 A E        -     0   0  198      1,-0.1     2,-0.5     0, 0.0    -1,-0.1  -0.344  32.1-126.9 -56.8 147.9   49.9   22.8   25.2               
  256  256 A N        -     0   0  122      2,-0.1     2,-0.3    -2,-0.0    -1,-0.1  -0.844  12.7-149.3-131.3 100.2   51.4   23.0   21.6               
  257  257 A V        -     0   0  142     -2,-0.5     2,-0.2     1,-0.0     0, 0.0  -0.444  25.3-175.0 -57.7 119.8   49.8   22.2   18.3               
  258  258 A R        -     0   0  222     -2,-0.3    -2,-0.1     2,-0.0    -1,-0.0  -0.810   6.2-147.9-150.7 105.5   52.4   20.8   15.7               
  259  259 A T        -     0   0  103     -2,-0.2     2,-0.2     0, 0.0     0, 0.0   0.411  29.1-147.0  86.8 108.1   52.0   20.1   12.5               
  260  260 A V        +     0   0  128      2,-0.0     2,-0.4     0, 0.0    -2,-0.0  -0.706  37.4 172.7-129.4  85.0   52.8   18.0    9.4               
  261  261 A V        +     0   0  103     -2,-0.2     2,-0.2     2,-0.0     0, 0.0  -0.754  12.3 179.4 -80.3 133.8   52.5   20.6    6.6               
  262  262 A R        -     0   0  225     -2,-0.4     2,-0.3     2,-0.0    -1,-0.0  -0.686  10.8-175.4-132.9  86.5   53.5   19.5    3.1               
  263  263 A T        -     0   0  122     -2,-0.2     2,-0.1     1,-0.0    -2,-0.0  -0.606   8.6-178.7 -67.7 130.5   52.9   22.5    0.7               
  264  264 A V        -     0   0  135     -2,-0.3    -1,-0.0     0, 0.0    -2,-0.0  -0.636  34.3-108.6-138.2  86.5   53.5   22.1   -3.1               
  265  265 A T        -     0   0  118     -2,-0.1     2,-0.1     1,-0.1    -2,-0.0   0.677  12.6-120.4  49.4 109.7   52.9   25.1   -5.0               
  266  266 A L        -     0   0  158      2,-0.0     2,-0.2     1,-0.0    -1,-0.1  -0.389  21.0-168.3 -67.4 155.9   50.3   26.4   -7.5               
  267  267 A S        -     0   0  117     -2,-0.1     2,-0.5     2,-0.0    -1,-0.0  -0.670   7.0-172.6-151.4  96.1   51.4   27.5  -11.1               
  268  268 A T        +     0   0  127     -2,-0.2     2,-0.3     1,-0.0    -2,-0.0  -0.786   5.0 177.9 -95.2 125.1   48.8   29.4  -13.1               
  269  269 A K        -     0   0  183     -2,-0.5    -2,-0.0     1,-0.0    -1,-0.0  -0.776  34.8 -88.9-137.8  96.7   49.4   30.3  -16.8               
  270  270 A Q        +     0   0  176     -2,-0.3     2,-0.2     1,-0.1    -1,-0.0   0.742  48.8 142.8  55.0 102.3   47.0   32.0  -19.0               
  271  271 A G        -     0   0   77      0, 0.0     2,-0.1     0, 0.0    -1,-0.1  -0.874  38.4-104.1-173.9 145.3   44.0   30.9  -21.3               
  272  272 A E        -     0   0  188     -2,-0.2     0, 0.0     0, 0.0     0, 0.0  -0.377  35.9-109.8 -76.9 150.2   40.5   32.3  -22.2               
  273  273 A E        -     0   0  157     -2,-0.1     2,-0.0     0, 0.0     0, 0.0   0.827  27.2-147.6  49.3 160.4   36.8   31.8  -21.5               
  274  274 A P        -     0   0  117      0, 0.0     2,-0.8     0, 0.0     0, 0.0   0.354  29.9-157.4-119.1 157.8   33.8   31.2  -21.3               
  275  275 A L        +     0   0  130      1,-0.1     2,-0.3     2,-0.0     0, 0.0  -0.695  25.7 153.5 -87.1 106.3   31.6   33.4  -19.1               
  276  276 A V        +     0   0  124     -2,-0.8     2,-0.8     2,-0.1    -1,-0.1  -0.681  12.2 156.5-127.8  79.8   28.2   32.0  -17.8               
  277  277 A R        -     0   0  203     -2,-0.3     2,-0.8     2,-0.0    -2,-0.0  -0.729  19.3-172.8-101.4  83.5   27.5   33.9  -14.5               
  278  278 A L        -     0   0  153     -2,-0.8     2,-0.3     2,-0.0    -2,-0.1  -0.671  26.9-145.6 -67.4 106.2   23.8   33.7  -14.0               
  279  279 A S    >   -     0   0   49     -2,-0.8     3,-2.4     1,-0.1     4,-0.3  -0.673  18.3-132.1 -89.8 137.7   23.8   36.1  -10.9               
  280  280 A L  G >  S+     0   0  141     -2,-0.3     3,-1.5     1,-0.3     4,-0.2   0.791 104.4  71.9 -53.1 -29.4   21.4   35.8   -7.9               
  281  281 A T  G >  S+     0   0  108      1,-0.2     3,-0.9     2,-0.2    -1,-0.3   0.674  84.0  67.5 -59.8 -21.3   20.8   39.6   -8.3               
  282  282 A E  G <  S+     0   0  154     -3,-2.4    -1,-0.2     1,-0.2    -2,-0.2   0.685  89.4  64.9 -77.4 -15.1   18.8   38.9  -11.5               
  283  283 A R  G <  S+     0   0  210     -3,-1.5     2,-0.7    -4,-0.3    -1,-0.2   0.514  83.8  80.4 -82.8  -4.8   16.0   37.2   -9.4               
  284  284 A L    <   -     0   0  140     -3,-0.9     2,-1.0    -4,-0.2    -1,-0.2  -0.543  64.9-174.6-106.6  64.8   15.1   40.5   -7.6               
  285  285 A G        -     0   0   73     -2,-0.7     2,-1.2    -3,-0.1    -3,-0.1  -0.463  18.5-143.0 -65.1  98.1   12.9   42.2  -10.2               
  286  286 A K        -     0   0  207     -2,-1.0     2,-0.9     1,-0.1    -1,-0.1  -0.462  19.1-170.5 -64.5  92.7   12.2   45.7   -8.7               
  287  287 A R        -     0   0  215     -2,-1.2     2,-0.3     2,-0.0    -1,-0.1  -0.775   6.8-157.4 -88.8 104.3    8.5   46.4   -9.7               
  288  288 A K        -     0   0  191     -2,-0.9     2,-0.4     1,-0.0    -2,-0.0  -0.612  22.5-120.8 -64.0 135.5    7.5   50.1   -9.0               
  289  289 A F        -     0   0  195     -2,-0.3     2,-0.3     0, 0.0    -1,-0.0  -0.705  31.8-177.6 -76.7 131.6    3.8   50.4   -8.7               
  290  290 A S        -     0   0  126     -2,-0.4     2,-0.1     2,-0.1     0, 0.0  -0.913  30.9 -97.3-125.3 154.0    2.2   52.9  -11.1               
  291  291 A A        +     0   0  102     -2,-0.3     0, 0.0     0, 0.0     0, 0.0  -0.378  65.3  44.0 -89.1 153.9   -1.6   53.6  -11.0               
  292  292 A G        +     0   0   84      1,-0.1    -2,-0.1    -2,-0.1     0, 0.0   0.381  44.3 106.6 102.2 137.8   -4.8   52.5  -12.7               
  293  293 A G        -     0   0   82      0, 0.0    -1,-0.1     0, 0.0     2,-0.0   0.324  44.1-138.8 126.5 104.2   -6.6   49.3  -13.9               
  294  294 A D        +     0   0  161      1,-0.1     0, 0.0     2,-0.0     0, 0.0  -0.101  58.8  66.9 -73.1 173.7   -9.7   47.6  -12.3               
  295  295 A S        +     0   0  114      1,-0.2    -1,-0.1    -2,-0.0     0, 0.0   0.989  41.3 162.2  72.4  89.0  -10.6   43.8  -11.6               
  296  296 A D        -     0   0  125      3,-0.0    -1,-0.2     0, 0.0     3,-0.1  -0.994  38.7-118.9-124.4 127.1   -8.5   41.7   -9.1               
  297  297 A P        -     0   0   99      0, 0.0     2,-0.2     0, 0.0     0, 0.0  -0.344  54.8 -67.5 -68.3 154.6   -9.9   38.4   -7.7               
  298  298 A P        -     0   0  120      0, 0.0     3,-0.2     0, 0.0     0, 0.0  -0.142  55.4-132.8 -64.4 111.4  -10.4   38.2   -3.9               
  299  299 A L        -     0   0  143     -2,-0.2    -3,-0.0     1,-0.2     0, 0.0  -0.122  48.1 -55.8 -58.8 147.2   -7.0   38.3   -2.0               
  300  300 A K        -     0   0  206      1,-0.1    -1,-0.2     3,-0.0     3,-0.1   0.085  56.4-125.6 -30.1 102.9   -6.2   35.8    0.8               
  301  301 A R        -     0   0  185     -3,-0.2    -1,-0.1     1,-0.1     5,-0.1  -0.294  38.6-101.0 -53.2 129.2   -8.9   35.9    3.6               
  302  302 A S     >  -     0   0   70      1,-0.1     4,-0.6     3,-0.1     3,-0.2  -0.109  15.4-124.4 -63.7 150.6   -7.1   36.6    7.0               
  303  303 A L  H >> S+     0   0  111      1,-0.2     3,-1.4     2,-0.2     4,-0.8   0.924 113.4  55.5 -60.8 -42.3   -6.3   33.9    9.6               
  304  304 A A  H >4>S+     0   0   67      1,-0.3     5,-0.8     2,-0.2     3,-0.7   0.863 104.4  54.5 -57.2 -36.0   -8.2   35.9   12.3               
  305  305 A Q  H 345S+     0   0  155     -3,-0.2     3,-0.3     1,-0.2    -1,-0.3   0.636 106.9  51.7 -75.5 -15.2  -11.3   35.9   10.0               
  306  306 A R  H <<5S+     0   0  187     -3,-1.4    -1,-0.2    -4,-0.6    -2,-0.2   0.576  98.6  66.4 -92.2 -14.9  -11.1   32.0    9.8               
  307  307 A L  T <<5S-     0   0  131     -4,-0.8    -2,-0.1    -3,-0.7    -1,-0.1   0.121 104.6-118.6-101.6  17.9  -11.0   31.5   13.6               
  308  308 A G  T   5 +     0   0   75     -3,-0.3     2,-0.3     1,-0.2    -3,-0.1   0.628  49.2 166.2  66.5  18.1  -14.6   32.8   14.4               
  309  309 A K      < -     0   0  181     -5,-0.8     2,-0.4     1,-0.1    -1,-0.2  -0.525  39.4-122.5 -65.2 125.6  -13.7   35.8   16.6               
  310  310 A K        -     0   0  203     -2,-0.3     2,-0.7     1,-0.0    -1,-0.1  -0.590  22.7-137.4 -58.7 124.2  -16.7   38.2   17.2               
  311  311 A V        -     0   0  139     -2,-0.4     2,-0.5     2,-0.0    -1,-0.0  -0.850  16.4-162.9 -84.6 112.7  -15.6   41.6   16.0               
  312  312 A E        -     0   0  185     -2,-0.7    -2,-0.0     0, 0.0     0, 0.0  -0.859  17.4-134.6 -89.0 127.3  -16.8   44.1   18.5               
  313  313 A A        -     0   0   84     -2,-0.5     2,-0.1     1,-0.0    -2,-0.0  -0.809  19.2-120.0 -92.0 128.2  -16.7   47.6   16.9               
  314  314 A P        -     0   0  127      0, 0.0     2,-0.2     0, 0.0    -1,-0.0  -0.323  30.3-109.4 -72.2 150.3  -15.2   50.4   19.1               
  315  315 A E        -     0   0  195     -2,-0.1     2,-0.3     1,-0.0     0, 0.0  -0.472  23.4-167.7 -79.9 143.8  -17.4   53.5   20.0               
  316  316 A T        -     0   0  137     -2,-0.2    -1,-0.0     2,-0.0     0, 0.0  -0.743  32.6-111.0-136.3  95.2  -17.1   57.1   18.8               
  317  317 A N        +     0   0  146     -2,-0.3     2,-0.1     0, 0.0     0, 0.0   0.661  43.7 146.5  37.5 120.0  -19.0   59.8   20.6               
  318  318 A I        -     0   0  164      0, 0.0     2,-0.3     0, 0.0    -2,-0.0  -0.408  36.0-127.6-166.5 144.6  -21.8   62.2   20.7               
  319  319 A D        +     0   0  114     -2,-0.1     0, 0.0     1,-0.1     0, 0.0  -0.591  41.8 117.5 -79.9 127.6  -23.9   63.2   23.8               
  320  320 A K        -     0   0  169     -2,-0.3    -1,-0.1     0, 0.0     0, 0.0   0.249  47.3-102.3 177.1 107.4  -27.5   63.5   24.7               
  321  321 A T        -     0   0  125      1,-0.1     2,-0.2     0, 0.0     0, 0.0   0.880  30.9-100.7  50.4 151.9  -29.7   61.8   27.3               
  322  322 A P        -     0   0  115      0, 0.0     2,-0.2     0, 0.0    -1,-0.1  -0.514  17.0-176.0-119.1 165.3  -32.5   59.2   27.7               
  323  323 A K        -     0   0  202     -2,-0.2     0, 0.0     1,-0.0     0, 0.0  -0.722  46.1 -31.3-160.9 129.5  -36.0   57.8   28.1               
  324  324 A K        -     0   0  199     -2,-0.2    -1,-0.0     1,-0.0     0, 0.0   0.894  55.3 -80.7  50.9 102.3  -37.7   54.4   28.6               
  325  325 A A        -     0   0  105      1,-0.1     2,-0.3     0, 0.0    -1,-0.0   0.689  17.5-176.1  47.5 112.8  -37.4   50.8   27.9               
  326  326 A Q        -     0   0  189      3,-0.0     2,-0.2     0, 0.0    -1,-0.1  -0.958  39.1-112.8-140.4 145.0  -38.0   48.1   25.4               
  327  327 A V        -     0   0  132     -2,-0.3     2,-0.4     1,-0.1     3,-0.0  -0.441  33.1-101.3 -73.8 138.8  -37.3   44.4   26.4               
  328  328 A S        -     0   0  115     -2,-0.2    -1,-0.1     1,-0.1     0, 0.0  -0.412  42.9-121.0 -58.7 110.5  -34.5   42.4   24.9               
  329  329 A K        -     0   0  142     -2,-0.4    -1,-0.1     1,-0.1     5,-0.1  -0.261  33.6-104.1 -58.3 136.8  -36.1   40.1   22.2               
  330  330 A S    >>  -     0   0   72      1,-0.1     4,-1.0    -3,-0.0     3,-0.9  -0.187  20.0-114.7 -69.0 155.6  -35.5   36.4   22.8               
  331  331 A L  T 34 S+     0   0  132      1,-0.2     4,-0.1     2,-0.2    -1,-0.1   0.781 114.1  66.0 -60.0 -25.1  -33.0   34.2   20.8               
  332  332 A K  T >4>S+     0   0  145      1,-0.2     3,-1.6     2,-0.2     5,-0.7   0.897  96.7  53.2 -61.5 -43.0  -36.1   32.3   19.4               
  333  333 A E  G X45S+     0   0  109     -3,-0.9     3,-1.0     1,-0.3    -1,-0.2   0.841 103.4  58.1 -66.3 -31.0  -37.3   35.4   17.5               
  334  334 A R  G 3<5S+     0   0  222     -4,-1.0    -1,-0.3     1,-0.2    -2,-0.2   0.467  97.5  63.8 -74.9  -4.2  -33.8   35.7   15.8               
  335  335 A L  G < 5S-     0   0  120     -3,-1.6    -1,-0.2    -4,-0.1    -2,-0.2   0.293 102.9-124.3-108.4   6.7  -34.1   32.1   14.4               
  336  336 A G  T < 5 +     0   0   71     -3,-1.0     2,-0.9     1,-0.2    -3,-0.1   0.640  59.7 141.9  68.2  17.9  -37.2   32.7   12.1               
  337  337 A M      < -     0   0  141     -5,-0.7     2,-0.2     2,-0.0    -1,-0.2  -0.814  33.7-162.4 -96.1  95.8  -39.5   30.0   13.5               
  338  338 A S        -     0   0  119     -2,-0.9     2,-0.4    -3,-0.1    -5,-0.0  -0.553   1.8-162.4 -67.4 138.7  -43.1   31.3   13.5               
  339  339 A A        -     0   0   98     -2,-0.2    -2,-0.0     0, 0.0     0, 0.0  -0.993   5.3-171.1-125.4 121.2  -45.5   29.4   15.8               
  340  340 A D        -     0   0  159     -2,-0.4     2,-0.1     1,-0.0    -2,-0.0  -0.844  18.3-142.7-100.7 144.9  -49.3   29.8   15.3               
  341  341 A P        +     0   0   96      0, 0.0    -1,-0.0     0, 0.0     0, 0.0  -0.321  43.3  56.6 -93.5-179.2  -51.6   28.2   18.0               
  342  342 A D        +     0   0  144      1,-0.1     2,-0.2    -2,-0.1     0, 0.0   0.929  40.0 112.2  63.0  86.9  -55.0   26.4   18.2               
  343  343 A N        -     0   0  169      0, 0.0     2,-0.2     0, 0.0    -1,-0.1  -0.798  31.3-165.9-151.8 152.0  -56.6   23.5   16.8               
  344  344 A E        +     0   0  182     -2,-0.2     0, 0.0     2,-0.0     0, 0.0  -0.604  32.8  27.1 -98.4 170.0  -57.7   20.2   18.5               
  345  345 A D        +     0   0  163     -2,-0.2     0, 0.0     0, 0.0     0, 0.0   0.601  54.8  46.5  82.4 150.6  -58.8   16.8   17.4               
  346  346 A A        -     0   0   68      0, 0.0    -2,-0.0     0, 0.0     0, 0.0   0.776  48.5 -76.5  47.7 100.4  -59.0   13.8   15.1               
  347  347 A T        +     0   0  137      2,-0.0     0, 0.0     0, 0.0     0, 0.0   0.687  39.5  99.6  84.4 152.1  -57.0   11.4   13.0               
  348  348 A D        -     0   0  112      1,-0.1     0, 0.0     0, 0.0     0, 0.0   0.924  45.8 -98.2  60.7  91.4  -54.9    9.9   10.2               
  349  349 A K        +     0   0  175      2,-0.0     2,-0.3     3,-0.0    -1,-0.1   0.361  50.5 123.1  37.5  82.3  -51.5    9.1    9.2               
  350  350 A V        +     0   0  127      1,-0.1     0, 0.0     0, 0.0     0, 0.0  -0.961  48.8  36.3-158.4 168.4  -49.1   11.0    6.9               
  351  351 A N        -     0   0  140     -2,-0.3     2,-1.5     1,-0.2    -1,-0.1   0.957  40.9-170.7  64.2  74.8  -45.6   12.7    7.1               
  352  352 A K        +     0   0  222      2,-0.1     2,-0.4    -3,-0.1    -1,-0.2  -0.637  21.2 162.7 -79.9  81.2  -42.8   10.9    9.1               
  353  353 A V        -     0   0  130     -2,-1.5     2,-1.6     1,-0.0     0, 0.0  -0.831  54.8 -95.9 -88.9 139.9  -40.2   13.7    8.9               
  354  354 A G        +     0   0   74     -2,-0.4     2,-0.3     2,-0.0    -2,-0.1  -0.441  47.1 179.7 -75.9  84.9  -37.7   12.9   11.7               
  355  355 A E        -     0   0  189     -2,-1.6     2,-1.1     1,-0.1    -1,-0.0  -0.594  27.5-131.3 -73.6 136.1  -38.6   14.8   14.9               
  356  356 A I        -     0   0  150     -2,-0.3     2,-0.3     2,-0.0    -1,-0.1  -0.726  19.9-161.0 -97.9  87.4  -36.2   14.0   17.8               
  357  357 A H        -     0   0  128     -2,-1.1     2,-0.8     1,-0.1    -2,-0.0  -0.528  12.2-140.7 -63.6 126.2  -38.3   13.3   20.9               
  358  358 A V        -     0   0  121     -2,-0.3    -1,-0.1     1,-0.0    -2,-0.0  -0.837  24.0-126.2 -93.9 106.1  -36.1   13.6   24.0               
  359  359 A K        -     0   0   81     -2,-0.8     2,-0.0     1,-0.1    -1,-0.0  -0.225  19.4-125.7 -55.0 133.8  -37.2   10.8   26.3               
  360  360 A T     >  -     0   0   80      1,-0.1     4,-2.2     4,-0.0     5,-0.2  -0.289  26.2-106.3 -71.8 162.5  -38.2   11.8   29.9               
  361  361 A L  H  > S+     0   0  133      1,-0.2     4,-1.6     2,-0.2     5,-0.1   0.899 123.3  50.8 -56.5 -40.1  -36.6   10.1   33.0               
  362  362 A E  H  > S+     0   0  147      2,-0.2     4,-2.8     1,-0.2     5,-0.2   0.900 106.8  52.8 -67.2 -40.8  -39.8    8.1   33.5               
  363  363 A E  H  > S+     0   0   60      1,-0.2     4,-2.7     2,-0.2    -2,-0.2   0.927 110.0  49.2 -60.1 -43.1  -39.9    6.9   29.8               
  364  364 A I  H  X S+     0   0   74     -4,-2.2     4,-2.2     2,-0.2    -1,-0.2   0.848 112.2  48.5 -65.6 -35.2  -36.3    5.6   30.2               
  365  365 A L  H  X S+     0   0  104     -4,-1.6     4,-2.4     2,-0.2    -2,-0.2   0.931 112.7  47.1 -70.4 -44.0  -37.3    3.9   33.5               
  366  366 A L  H  X S+     0   0  120     -4,-2.8     4,-2.5     2,-0.2    -2,-0.2   0.892 113.2  49.5 -61.8 -41.4  -40.4    2.2   31.9               
  367  367 A E  H  X S+     0   0   96     -4,-2.7     4,-3.0    -5,-0.2    -2,-0.2   0.937 111.3  48.8 -65.5 -44.4  -38.2    1.2   28.9               
  368  368 A R  H  X S+     0   0  175     -4,-2.2     4,-2.2     2,-0.2    -2,-0.2   0.902 113.0  47.6 -59.7 -43.8  -35.5   -0.3   31.3               
  369  369 A A  H  X S+     0   0   60     -4,-2.4     4,-1.5     2,-0.2    -2,-0.2   0.929 114.4  46.5 -63.7 -43.5  -38.3   -2.2   33.2               
  370  370 A S  H  X S+     0   0   76     -4,-2.5     4,-2.4     2,-0.2    -2,-0.2   0.924 111.2  51.6 -64.9 -43.7  -39.8   -3.5   29.9               
  371  371 A Q  H  X S+     0   0  137     -4,-3.0     4,-2.4     1,-0.2     5,-0.2   0.910 108.1  52.4 -61.2 -42.2  -36.3   -4.5   28.5               
  372  372 A K  H  X S+     0   0  149     -4,-2.2     4,-1.0     1,-0.2    -1,-0.2   0.849 111.5  47.1 -61.0 -35.7  -35.7   -6.5   31.7               
  373  373 A R  H  X S+     0   0  194     -4,-1.5     4,-1.3    -3,-0.2    -2,-0.2   0.886 112.5  49.2 -73.9 -39.2  -39.0   -8.3   31.2               
  374  374 A G  H  X S+     0   0   39     -4,-2.4     4,-1.8     2,-0.2     3,-0.2   0.918 106.6  53.6 -66.1 -45.6  -38.4   -9.1   27.5               
  375  375 A E  H  < S+     0   0   99     -4,-2.4    -1,-0.2     1,-0.2    -2,-0.2   0.866 108.2  51.3 -63.4 -33.6  -34.8  -10.5   28.0               
  376  376 A L  H >< S+     0   0  136     -4,-1.0     3,-0.8    -5,-0.2    -1,-0.2   0.854 108.8  49.2 -73.0 -34.8  -36.1  -13.0   30.6               
  377  377 A Q  H >< S+     0   0  146     -4,-1.3     3,-1.7    -3,-0.2    -2,-0.2   0.873  97.1  69.7 -75.4 -29.9  -39.0  -14.4   28.4               
  378  378 A T  T 3< S+     0   0  109     -4,-1.8    -1,-0.2     1,-0.3    -2,-0.1   0.290  99.3  52.8 -68.9  13.8  -36.6  -14.9   25.3               
  379  379 A K  T <  S+     0   0  179     -3,-0.8    -1,-0.3     1,-0.1    -2,-0.2   0.418 102.0  55.9-121.9  -4.0  -34.9  -17.8   27.3               
  380  380 A L  S <  S+     0   0  149     -3,-1.7     2,-0.2    -4,-0.1    -1,-0.1  -0.570  81.3  83.4-147.6  69.9  -37.9  -20.0   28.4               
  381  381 A K        +     0   0  199     -2,-0.1    -1,-0.1    -3,-0.1     0, 0.0  -0.444  52.9  16.1 162.2 147.3  -40.3  -21.4   25.6               
  382  382 A T        +     0   0  115     -2,-0.2     2,-0.4     1,-0.1    -2,-0.0   0.676   7.1 170.5-154.2 139.5  -40.9  -23.6   23.3               
  383  383 A E        -     0   0  193      1,-0.1    -1,-0.1     2,-0.0     0, 0.0  -0.769  53.8-178.2 -78.2 136.3  -40.4  -26.9   21.5               
  384  384 A G        +     0   0   66     -2,-0.4    -1,-0.1     1,-0.0    -2,-0.0   0.314  39.5 169.2 -79.2-146.4  -43.2  -27.3   18.9               
  385  385 A P        +     0   0  131      0, 0.0     2,-0.2     0, 0.0    -2,-0.0   0.569  21.0 126.2-135.1 155.5  -45.1  -28.4   16.8               
  386  386 A S        -     0   0  116      1,-0.1     0, 0.0     2,-0.0     0, 0.0  -0.753  39.4-128.1-151.2 107.4  -48.4  -27.8   14.9               
  387  387 A K        +     0   0  194     -2,-0.2    -1,-0.1     0, 0.0     0, 0.0   0.800  39.0  95.9  28.6 157.3  -49.1  -27.5   11.2               
  388  388 A T        -     0   0  117      0, 0.0    -2,-0.0     0, 0.0     0, 0.0   0.999  44.6 -26.0  75.8  98.6  -50.7  -25.5    8.3               
  389  389 A D        -     0   0  156      0, 0.0     2,-0.2     0, 0.0     0, 0.0   0.630  38.7 -72.0  89.1 158.0  -50.1  -23.0    5.7               
  390  390 A D        +     0   0  130      2,-0.0     2,-0.1     1,-0.0     0, 0.0  -0.414  26.7 147.1 -97.3 145.3  -48.8  -20.2    3.7               
  391  391 A S        -     0   0  118     -2,-0.2     2,-0.9     2,-0.0    -1,-0.0  -0.461  26.2-165.3-162.2  88.6  -48.4  -16.4    3.4               
  392  392 A T        +     0   0  134      2,-0.1     2,-0.3    -2,-0.1    -2,-0.0  -0.651  30.0 138.9 -80.6 106.8  -45.1  -15.3    1.9               
  393  393 A S        -     0   0  108     -2,-0.9     2,-1.2     2,-0.0    -2,-0.0  -0.856  45.7-136.7-141.5 109.6  -44.3  -11.6    2.4               
  394  394 A G        +     0   0   86     -2,-0.3     2,-0.7     2,-0.0    -2,-0.1  -0.493  23.5 179.1 -78.5  94.6  -40.6  -10.9    3.1               
  395  395 A A        -     0   0   92     -2,-1.2     2,-1.0     1,-0.0    -2,-0.0  -0.789  23.6-140.9 -85.7 115.6  -40.0   -8.4    6.0               
  396  396 A R        -     0   0  250     -2,-0.7     2,-0.5     1,-0.0    -2,-0.0  -0.675  14.8-142.3 -75.3 104.0  -36.3   -8.0    6.6               
  397  397 A S        -     0   0  119     -2,-1.0     2,-0.1     1,-0.1    -1,-0.0  -0.545  20.2-123.4 -64.4 116.1  -35.9   -7.7   10.4               
  398  398 A S        -     0   0  113     -2,-0.5     2,-1.0     1,-0.1    -1,-0.1  -0.423  26.9-111.9 -61.6 132.8  -33.2   -5.1   11.1               
  399  399 A S        -     0   0  115     -2,-0.1    -1,-0.1     1,-0.0     2,-0.0  -0.570  28.4-140.4 -75.7 100.8  -30.4   -6.6   13.3               
  400  400 A T        -     0   0  133     -2,-1.0     2,-1.2     1,-0.1    -1,-0.0  -0.334  29.7-102.8 -54.3 135.4  -30.4   -4.9   16.7               
  401  401 A I        -     0   0  159     -2,-0.0     2,-0.6     2,-0.0    -1,-0.1  -0.489  41.8-172.0 -69.1  93.7  -26.9   -4.2   18.1               
  402  402 A R        -     0   0  169     -2,-1.2     2,-0.8     1,-0.0    -1,-0.0  -0.828  25.2-128.5 -86.5 118.1  -26.4   -6.9   20.7               
  403  403 A I        -     0   0  156     -2,-0.6     2,-0.2     1,-0.1    -2,-0.0  -0.581  25.7-136.9 -69.0 104.7  -23.1   -6.2   22.6               
  404  404 A K        -     0   0   88     -2,-0.8     2,-0.1     1,-0.1    -1,-0.1  -0.445  16.6-125.3 -64.1 132.2  -21.3   -9.6   22.3               
  405  405 A T     >  -     0   0   87     -2,-0.2     4,-2.6     1,-0.1     3,-0.3  -0.400  23.9-107.6 -73.1 157.9  -19.6  -10.6   25.6               
  406  406 A F  H  > S+     0   0  187      1,-0.2     4,-2.0     2,-0.2     5,-0.1   0.833 123.4  55.2 -54.6 -31.4  -15.8  -11.4   25.7               
  407  407 A S  H  > S+     0   0   92      2,-0.2     4,-2.4     3,-0.2    -1,-0.2   0.929 108.8  46.0 -67.0 -43.5  -16.9  -15.1   26.1               
  408  408 A E  H  > S+     0   0   79     -3,-0.3     4,-2.9     2,-0.2     5,-0.2   0.932 112.9  50.1 -64.1 -44.4  -19.0  -15.0   22.8               
  409  409 A V  H  X S+     0   0   73     -4,-2.6     4,-2.3     1,-0.2    -2,-0.2   0.877 113.2  46.5 -63.3 -38.3  -16.1  -13.2   21.0               
  410  410 A L  H  X S+     0   0  112     -4,-2.0     4,-2.3    -5,-0.2    -2,-0.2   0.894 113.5  48.4 -70.2 -39.0  -13.7  -15.9   22.1               
  411  411 A A  H  X S+     0   0   59     -4,-2.4     4,-2.6     2,-0.2    -2,-0.2   0.923 114.5  45.5 -65.3 -43.0  -16.1  -18.7   21.2               
  412  412 A E  H  X S+     0   0   95     -4,-2.9     4,-3.0     2,-0.2     5,-0.2   0.905 112.0  51.5 -69.7 -38.3  -16.7  -17.1   17.7               
  413  413 A K  H  X S+     0   0  144     -4,-2.3     4,-2.0    -5,-0.2    -2,-0.2   0.915 112.3  47.5 -60.9 -41.9  -12.9  -16.6   17.3               
  414  414 A K  H  X S+     0   0  147     -4,-2.3     4,-2.5     2,-0.2    -2,-0.2   0.906 113.2  47.8 -64.4 -42.9  -12.5  -20.3   18.2               
  415  415 A H  H  X S+     0   0  105     -4,-2.6     4,-2.7     2,-0.2     5,-0.2   0.965 113.6  46.5 -61.0 -51.4  -15.3  -21.3   15.7               
  416  416 A R  H  X S+     0   0  197     -4,-3.0     4,-2.2     1,-0.2    -2,-0.2   0.832 113.5  49.9 -64.0 -33.5  -13.7  -19.1   12.9               
  417  417 A Q  H  X S+     0   0  110     -4,-2.0     4,-2.5    -5,-0.2    -1,-0.2   0.924 112.1  47.2 -67.4 -44.5  -10.3  -20.6   13.7               
  418  418 A Q  H  X S+     0   0  106     -4,-2.5     4,-2.5     2,-0.2    -2,-0.2   0.854 113.4  48.9 -67.0 -34.6  -11.7  -24.2   13.6               
  419  419 A E  H  X S+     0   0   86     -4,-2.7     4,-2.4     2,-0.2    -2,-0.2   0.921 111.5  48.9 -68.6 -42.3  -13.5  -23.3   10.2               
  420  420 A A  H  X S+     0   0   59     -4,-2.2     4,-2.7     2,-0.2    -2,-0.2   0.910 114.3  46.2 -61.5 -40.1  -10.2  -21.8    8.8               
  421  421 A E  H  X S+     0   0  134     -4,-2.5     4,-3.1     2,-0.2     5,-0.3   0.902 113.1  49.3 -68.9 -38.9   -8.4  -25.0   10.0               
  422  422 A R  H  X S+     0   0  154     -4,-2.5     4,-1.3     2,-0.2    -2,-0.2   0.819 114.7  45.2 -68.0 -32.4  -11.3  -27.2    8.5               
  423  423 A Q  H  X S+     0   0  139     -4,-2.4     4,-2.6     2,-0.2    -2,-0.2   0.888 116.0  46.3 -75.9 -39.5  -11.0  -25.2    5.2               
  424  424 A K  H  X S+     0   0  140     -4,-2.7     4,-3.1     2,-0.2     5,-0.3   0.977 114.4  46.1 -66.9 -51.8   -7.1  -25.4    5.3               
  425  425 A S  H  X S+     0   0   57     -4,-3.1     4,-2.5     1,-0.2     5,-0.2   0.868 114.8  49.4 -59.9 -36.3   -7.1  -29.2    6.1               
  426  426 A K  H  X S+     0   0  144     -4,-1.3     4,-2.4    -5,-0.3    -1,-0.2   0.935 112.9  46.7 -63.2 -45.6   -9.8  -29.6    3.3               
  427  427 A K  H  X S+     0   0  163     -4,-2.6     4,-2.1     2,-0.2    -2,-0.2   0.907 116.5  43.8 -65.7 -39.2   -7.6  -27.6    0.9               
  428  428 A D  H  X S+     0   0   81     -4,-3.1     4,-2.1     2,-0.2    -2,-0.2   0.927 115.9  46.9 -72.7 -42.9   -4.4  -29.5    1.8               
  429  429 A T  H  X S+     0   0   90     -4,-2.5     4,-1.4    -5,-0.3    -2,-0.2   0.875 114.7  48.5 -63.9 -35.3   -6.3  -32.9    1.7               
  430  430 A T  H  X S+     0   0   68     -4,-2.4     4,-1.0     2,-0.2    -2,-0.2   0.866 109.6  51.7 -74.3 -33.7   -7.8  -31.8   -1.7               
  431  431 A C  H  < S+     0   0  105     -4,-2.1    -2,-0.2     1,-0.2    -1,-0.2   0.881 116.3  40.9 -66.0 -36.4   -4.3  -30.8   -3.0               
  432  432 A I  H  < S+     0   0  148     -4,-2.1    -2,-0.2     1,-0.2     3,-0.2   0.717 122.4  40.8 -84.6 -21.2   -3.0  -34.3   -2.0               
  433  433 A K  H  < S+     0   0  163     -4,-1.4    -2,-0.2    -5,-0.2    -1,-0.2   0.261  88.4  86.1-118.9  11.3   -6.1  -36.2   -3.3               
  434  434 A L  S  < S+     0   0  136     -4,-1.0     2,-0.4    -3,-0.2    -1,-0.1  -0.133  72.2  86.2-102.6  36.5   -7.0  -34.4   -6.6               
  435  435 A K  S    S+     0   0  181     -3,-0.2     0, 0.0     1,-0.2     0, 0.0  -0.982  82.9  37.1-116.3 138.6   -4.6  -36.6   -8.5               
  436  436 A I  S    S+     0   0  163     -2,-0.4    -1,-0.2     2,-0.0     0, 0.0   0.581  94.4  28.5  83.6 124.8   -6.4  -39.8   -9.5               
  437  437 A D        +     0   0  133     -3,-0.1     3,-0.0     2,-0.1    -2,-0.0   1.000  47.8 113.7  66.1 102.0  -10.0  -40.3  -10.7               
  438  438 A S        +     0   0  121      2,-0.0     2,-0.3     1,-0.0    -1,-0.0  -0.046  56.2 105.9-158.0  55.8  -12.7  -38.4  -12.4               
  439  439 A E        -     0   0  149      1,-0.1    -2,-0.1     2,-0.0    -1,-0.0  -0.770  63.2 -55.8-140.3 109.8  -13.2  -40.2  -15.8               
  440  440 A I        +     0   0  110     -2,-0.3     2,-0.2     1,-0.1    -1,-0.1   0.940  45.3 131.3  58.9 112.7  -15.9  -42.5  -16.9               
  441  441 A K        -     0   0  191      2,-0.0     2,-0.3     0, 0.0    -1,-0.1  -0.622  19.1-166.8-168.4 159.1  -18.0  -45.4  -16.6               
  442  442 A K        +     0   0  191     -2,-0.2     2,-0.1     2,-0.0     0, 0.0  -0.863   9.8 166.8-110.6 145.7  -21.8  -46.3  -16.8               
  443  443 A T        -     0   0  132     -2,-0.3     2,-0.0     2,-0.1    -2,-0.0  -0.470  17.9-149.9-176.5 103.9  -24.0  -49.3  -15.9               
  444  444 A V        +     0   0  130     -2,-0.1     2,-0.2     0, 0.0    -2,-0.0   0.137  20.3 167.1  64.1 106.5  -27.5  -49.6  -15.6               
  445  445 A V        -     0   0  146     -2,-0.0    -2,-0.1     0, 0.0     0, 0.0  -0.597  33.0-109.3-171.5 151.1  -30.2  -51.4  -13.8               
  446  446 A L        -     0   0  164     -2,-0.2     0, 0.0     1,-0.1     0, 0.0   0.278  26.0-166.2 -78.4-178.2  -34.1  -50.8  -13.5               
  447  447 A P        -     0   0  103      0, 0.0    -1,-0.1     0, 0.0     2,-0.1   0.183  22.6 -85.9-117.3-156.8  -36.7  -49.6  -10.9               
  448  448 A P        -     0   0  113      0, 0.0    -2,-0.0     0, 0.0     0, 0.0  -0.347  38.4-114.3-148.4 143.8  -40.0  -49.2  -10.0               
  449  449 A I        +     0   0  155     -2,-0.1     2,-0.2     0, 0.0     0, 0.0   0.572  35.0 144.9  35.5 120.7  -42.7  -46.8  -10.6               
  450  450 A V        -     0   0  145      2,-0.0     2,-0.3     0, 0.0     0, 0.0  -0.569  30.2-162.1-165.2 155.4  -45.1  -44.2   -9.4               
  451  451 A A        +     0   0   92     -2,-0.2     2,-0.3     2,-0.0     0, 0.0  -0.886  21.1 165.1-128.2 154.9  -46.2  -41.0  -11.4               
  452  452 A S        -     0   0  128     -2,-0.3     2,-0.2     0, 0.0    -2,-0.0  -0.940  32.4 -92.7-157.2 160.5  -47.8  -37.5  -11.4               
  453  453 A R        +     0   0  257     -2,-0.3    -2,-0.0     1,-0.0     0, 0.0  -0.568  34.1 102.7-107.1 169.4  -48.0  -34.5  -13.9               
  454  454 A G        -     0   0   63     -2,-0.2    -1,-0.0     0, 0.0     0, 0.0   0.800  19.6-140.4-155.3 168.9  -47.1  -31.7  -15.3               
  455  455 A Q        +     0   0  197      0, 0.0    -2,-0.0     0, 0.0     0, 0.0   0.374  16.9 138.2  43.6 124.5  -45.8  -29.0  -17.4               
  456  456 A S        -     0   0   94      2,-0.0     0, 0.0     0, 0.0     0, 0.0   0.738  23.4 -69.7-159.6-166.5  -44.4  -26.2  -17.9               
  457  457 A E        +     0   0  177      1,-0.1     0, 0.0     0, 0.0     0, 0.0   0.721  17.1 158.3-157.0-162.8  -42.4  -24.0  -19.5               
  458  458 A E        +     0   0  147      2,-0.0    -1,-0.1     0, 0.0     2,-0.1  -0.937   9.2 178.4-140.1 160.3  -39.3  -22.1  -21.0               
  459  459 A P        -     0   0  127      0, 0.0     2,-0.1     0, 0.0     0, 0.0  -0.367  23.7-146.0-149.0 152.7  -37.7  -20.0  -23.2               
  460  460 A A        -     0   0   59     -2,-0.1     2,-0.5     1,-0.0    -2,-0.0  -0.346   9.5-151.1 -71.7 149.3  -34.0  -18.9  -23.1               
  461  461 A G        -     0   0   82     -2,-0.1     2,-0.7     2,-0.0    -1,-0.0  -0.946  26.6-163.2-111.3 106.2  -32.2  -15.6  -24.1               
  462  462 A K        +     0   0  195     -2,-0.5     2,-0.3     2,-0.0    -2,-0.0  -0.828  14.4 175.9 -99.6 113.7  -28.7  -16.8  -25.1               
  463  463 A T        -     0   0  143     -2,-0.7     2,-0.3     1,-0.0    -2,-0.0  -0.790  40.5 -91.4-109.9 154.3  -25.7  -14.3  -25.4               
  464  464 A K        -     0   0  202     -2,-0.3     2,-0.2     1,-0.1    -1,-0.0  -0.497  22.2-136.9 -83.0 129.1  -22.2  -15.6  -26.2               
  465  465 A S        -     0   0  122     -2,-0.3     2,-0.5     1,-0.1     3,-0.1  -0.548  37.6-112.2 -67.7 136.5  -19.5  -16.7  -23.7               
  466  466 A M        -     0   0  183     -2,-0.2    -1,-0.1     1,-0.2     0, 0.0  -0.701  49.3 -65.4 -83.7 123.9  -16.1  -15.2  -24.9               
  467  467 A Q        -     0   0  181     -2,-0.5     2,-0.4     1,-0.2    -1,-0.2   0.471  48.7-128.4  16.1  93.9  -13.3  -17.5  -26.2               
  468  468 A E        -     0   0  189     -3,-0.1     2,-1.0     1,-0.1    -1,-0.2  -0.503  17.9-142.2 -67.7 119.4  -11.9  -19.8  -23.5               
  469  469 A V        -     0   0  120     -2,-0.4     2,-0.6     2,-0.0    -1,-0.1  -0.742  11.2-145.7 -90.0  97.2   -8.0  -19.4  -23.5               
  470  470 A H        -     0   0  141     -2,-1.0     2,-1.1     1,-0.1    -1,-0.0  -0.494   9.8-141.7 -64.7 110.9   -6.6  -22.9  -22.9               
  471  471 A I        -     0   0  149     -2,-0.6    -1,-0.1     1,-0.0    -2,-0.0  -0.654  21.1-134.9 -77.6  98.4   -3.4  -22.4  -20.7               
  472  472 A K        -     0   0   87     -2,-1.1    -1,-0.0     1,-0.1     2,-0.0  -0.254  20.1-115.9 -53.7 135.5   -1.0  -25.0  -22.2               
  473  473 A T     >  -     0   0   80      1,-0.1     4,-2.7     4,-0.0     5,-0.2  -0.289  21.2-112.5 -71.1 158.8    0.9  -27.1  -19.6               
  474  474 A L  H  > S+     0   0  122      2,-0.2     4,-1.6     1,-0.2    -1,-0.1   0.864 122.1  51.1 -59.8 -32.8    4.7  -26.8  -19.3               
  475  475 A E  H  > S+     0   0  147      2,-0.2     4,-2.6     1,-0.2    -1,-0.2   0.926 108.7  49.6 -70.8 -43.2    4.8  -30.5  -20.5               
  476  476 A E  H  > S+     0   0   57      1,-0.2     4,-3.0     2,-0.2     5,-0.2   0.932 111.5  49.6 -59.0 -44.6    2.5  -29.7  -23.6               
  477  477 A I  H  X S+     0   0   76     -4,-2.7     4,-1.9     2,-0.2    -1,-0.2   0.853 111.5  49.3 -65.4 -35.3    4.9  -26.7  -24.4               
  478  478 A K  H  X S+     0   0  136     -4,-1.6     4,-2.3    -5,-0.2    -2,-0.2   0.933 113.2  46.6 -65.8 -45.9    7.9  -29.0  -24.1               
  479  479 A L  H  X S+     0   0  117     -4,-2.6     4,-2.8     2,-0.2    -2,-0.2   0.916 113.5  47.4 -64.6 -44.0    6.2  -31.6  -26.4               
  480  480 A E  H  X S+     0   0   70     -4,-3.0     4,-2.7     2,-0.2    -1,-0.2   0.898 112.5  50.0 -68.3 -36.6    5.2  -29.0  -29.0               
  481  481 A K  H  X S+     0   0  147     -4,-1.9     4,-1.9    -5,-0.2    -2,-0.2   0.914 112.4  48.0 -63.3 -40.9    8.7  -27.5  -29.0               
  482  482 A A  H  X S+     0   0   49     -4,-2.3     4,-2.5     2,-0.2    -2,-0.2   0.933 114.1  45.7 -65.3 -44.9   10.2  -31.0  -29.5               
  483  483 A L  H  X S+     0   0   98     -4,-2.8     4,-3.0     2,-0.2     5,-0.2   0.911 111.9  51.5 -62.6 -43.0    7.7  -31.7  -32.4               
  484  484 A R  H  X S+     0   0  160     -4,-2.7     4,-1.5     2,-0.2    -1,-0.2   0.851 110.5  49.8 -66.9 -32.0    8.4  -28.3  -34.0               
  485  485 A V  H  X S+     0   0   96     -4,-1.9     4,-1.0     2,-0.2    -2,-0.2   0.963 112.7  46.6 -64.4 -50.8   12.2  -29.1  -33.8               
  486  486 A Q  H >X S+     0   0  106     -4,-2.5     4,-2.6     1,-0.2     3,-1.1   0.941 112.8  48.5 -59.5 -47.9   11.6  -32.6  -35.4               
  487  487 A Q  H 3X S+     0   0  126     -4,-3.0     4,-1.7     1,-0.3    -1,-0.2   0.846 108.5  55.4 -61.2 -34.0    9.4  -31.1  -38.2               
  488  488 A S  H 3< S+     0   0   84     -4,-1.5    -1,-0.3    -5,-0.2    -2,-0.2   0.672 112.8  42.5 -75.6 -15.7   12.0  -28.4  -38.8               
  489  489 A S  H << S+     0   0   70     -3,-1.1     3,-0.4    -4,-1.0    -2,-0.2   0.833 114.9  48.1 -86.8 -41.0   14.7  -31.1  -39.3               
  490  490 A E  H >< S+     0   0  151     -4,-2.6     2,-0.8     1,-0.2     3,-0.7   0.770  93.0  75.8 -77.3 -23.6   12.5  -33.5  -41.5               
  491  491 A S  T 3< S+     0   0  104     -4,-1.7    -1,-0.2     1,-0.2     3,-0.1   0.033  80.1  82.8 -73.7  30.4   11.2  -30.7  -43.9               
  492  492 A S  T 3  S+     0   0   89     -2,-0.8    -1,-0.2    -3,-0.4     2,-0.1   0.185  72.6  66.3-129.5  15.9   14.7  -30.8  -45.7               
  493  493 A T    <   +     0   0  129     -3,-0.7    -1,-0.2     1,-0.1     2,-0.1  -0.537  61.4  88.4-149.7  87.8   14.8  -33.7  -48.3               
  494  494 A S  S    S-     0   0  111     -2,-0.1    -1,-0.1    -3,-0.1     0, 0.0  -0.518  71.7 -52.3-169.5 125.1   12.7  -34.0  -51.5               
  495  495 A S        -     0   0  114     -2,-0.1     2,-0.3     1,-0.1    -2,-0.0   0.888  42.9-134.6  47.3 125.2   13.0  -32.9  -55.2               
  496  496 A P        +     0   0  132      0, 0.0     2,-0.3     0, 0.0    -1,-0.1  -0.734  23.3 163.7-103.2 151.8   13.7  -29.5  -57.0               
  497  497 A S        -     0   0  126     -2,-0.3     2,-0.3     2,-0.1     0, 0.0  -0.919  38.1 -90.6-157.0 152.6   12.3  -27.6  -59.9               
  498  498 A Q        +     0   0  190     -2,-0.3     2,-0.2     3,-0.0     0, 0.0  -0.541  53.2 116.3 -85.5 133.4   12.9  -23.8  -60.7               
  499  499 A H        -     0   0  161     -2,-0.3    -2,-0.1     0, 0.0     0, 0.0  -0.773  68.8 -60.7-150.5 170.9   11.9  -20.5  -60.3               
  500  500 A E        +     0   0  176     -2,-0.2     2,-0.3     1,-0.1    -2,-0.0   0.269  50.9 169.1 -35.2 131.3   13.7  -17.6  -58.6               
  501  501 A A        -     0   0   82      2,-0.0    -1,-0.1     0, 0.0    -3,-0.0  -1.000  19.2-167.4-139.1 140.5   14.6  -17.6  -54.9               
  502  502 A T        +     0   0  148     -2,-0.3     2,-0.8     2,-0.0    -2,-0.0  -0.674  22.7 156.2-125.8  77.4   16.8  -15.2  -52.8               
  503  503 A P        -     0   0  116      0, 0.0     2,-0.8     0, 0.0    -2,-0.0  -0.836  27.6-159.1 -98.2  97.8   17.5  -16.9  -49.3               
  504  504 A G        -     0   0   76     -2,-0.8     3,-0.1     1,-0.1    -2,-0.0  -0.692  19.8-117.3 -88.2 108.1   20.8  -15.2  -48.2               
  505  505 A A        -     0   0   95     -2,-0.8     2,-0.4     1,-0.2    -1,-0.1   0.077  24.1-102.2 -43.6 139.3   22.7  -17.2  -45.5               
  506  506 A R        -     0   0  259      1,-0.0     2,-0.5     2,-0.0    -1,-0.2  -0.453  43.2-167.2 -54.4 114.6   23.5  -16.1  -41.9               
  507  507 A R        -     0   0  208     -2,-0.4     2,-0.4    -3,-0.1    -1,-0.0  -0.941  16.3-139.9-117.2 115.1   27.2  -15.1  -42.0               
  508  508 A L        -     0   0  175     -2,-0.5     2,-0.7     1,-0.1    -2,-0.0  -0.568  20.2-157.6 -64.3 121.3   29.1  -14.5  -38.7               
  509  509 A L        -     0   0  127     -2,-0.4     2,-0.6     2,-0.0    -1,-0.1  -0.877  10.6-166.0-111.1 101.0   31.4  -11.4  -39.2               
  510  510 A R        -     0   0  245     -2,-0.7     2,-0.6     2,-0.0    -2,-0.0  -0.774  20.6-150.3 -69.6 118.7   34.4  -11.1  -37.0               
  511  511 A I        -     0   0  158     -2,-0.6     2,-0.5     2,-0.0    -2,-0.0  -0.888  13.3-170.2-101.8 116.9   35.4   -7.4  -37.6               
  512  512 A T        -     0   0  131     -2,-0.6     2,-0.2     2,-0.0    -2,-0.0  -0.929  23.3-121.3-106.2 124.3   39.1   -6.7  -37.2               
  513  513 A K        +     0   0  194     -2,-0.5     2,-0.3     2,-0.0    -2,-0.0  -0.453  38.2 158.6 -62.2 132.3   40.2   -3.0  -37.3               
  514  514 A R        -     0   0  247     -2,-0.2     2,-0.3     0, 0.0    -2,-0.0  -0.911  26.2-126.6-144.8 172.3   42.6   -1.5  -39.8               
  515  515 A T        +     0   0  147     -2,-0.3    -2,-0.0     1,-0.0     0, 0.0  -0.871  30.1  62.8-128.2 141.9   43.1    2.1  -40.8               
  516  516 A G        +     0   0   60     -2,-0.3    -1,-0.0     0, 0.0     0, 0.0   0.602  28.9  19.5 123.8 127.8   43.3    5.0  -43.2               
  517  517 A M        +     0   0  182      0, 0.0     0, 0.0     0, 0.0     0, 0.0   0.725  25.2  13.8  66.5 152.5   42.5    7.6  -45.9               
  518  518 A K        -     0   0  152      0, 0.0     0, 0.0     0, 0.0     0, 0.0   0.840  22.6 -74.3-164.4 161.6   41.1    9.7  -48.1               
  519  519 A E        -     0   0  146      0, 0.0     0, 0.0     0, 0.0     0, 0.0   0.489  22.3-133.2  -5.5 158.5   39.0   12.2  -50.3               
  520  520 A E        +     0   0  135      0, 0.0     0, 0.0     0, 0.0     0, 0.0   0.901  11.8 179.4 179.0-179.7   36.7   12.8  -52.7               
  521  521 A K        +     0   0  154      0, 0.0     0, 0.0     0, 0.0     0, 0.0   0.703  13.4 134.0  72.0 144.7   34.7   14.2  -55.9               
  522  522 A N        -     0   0  128      0, 0.0     0, 0.0     0, 0.0     0, 0.0   0.792  17.5-120.7-172.4 171.0   32.3   14.6  -58.0               
  523  523 A L        +     0   0  133      0, 0.0     0, 0.0     0, 0.0     0, 0.0   0.608  22.0  34.7  68.8 157.6   29.3   15.2  -60.5               
  524  524 A Q        -     0   0  140      1,-0.0     0, 0.0     0, 0.0     0, 0.0   0.307  11.4-164.8-166.4 133.0   26.4   15.3  -62.0               
  525  525 A E        -     0   0  173      1,-0.0    -1,-0.0     2,-0.0     0, 0.0   0.712  18.2-166.3  32.2 138.4   22.7   15.4  -63.0               
  526  526 A G        -     0   0   74      1,-0.2    -1,-0.0     0, 0.0     0, 0.0  -0.165  28.4 -66.3-177.1  89.9   20.6   14.6  -66.2               
  527  527 A N        -     0   0  164      0, 0.0     2,-0.2     0, 0.0    -1,-0.2   0.517  21.7-145.9  80.5 161.0   17.1   15.3  -67.5               
  528  528 A E        +     0   0  175      2,-0.0     2,-0.0     0, 0.0     0, 0.0  -0.562  17.1 154.8-134.3-177.4   13.2   14.9  -67.4               
  529  529 A V        -     0   0  124     -2,-0.2     0, 0.0     2,-0.0     0, 0.0   0.195  24.2-109.3 134.0 138.5   10.0   14.7  -69.6               
  530  530 A D        -     0   0  129     -2,-0.0     2,-0.2     2,-0.0    -2,-0.0   0.231  14.7-179.3 -43.1 160.0    6.3   13.5  -70.1               
  531  531 A S        +     0   0  125      2,-0.0     2,-0.3     0, 0.0    -2,-0.0  -0.603  14.4 174.7-160.9 138.9    3.9   11.3  -71.8               
  532  532 A Q        +     0   0  179     -2,-0.2     2,-0.2     2,-0.0    -2,-0.0  -0.861   6.1 154.8-111.7 153.5    0.1   11.0  -71.3               
  533  533 A S        -     0   0  124     -2,-0.3     2,-0.3     2,-0.0    -2,-0.0  -0.885  11.1-172.9-166.5 166.7   -2.9    9.2  -72.8               
  534  534 A S        -     0   0  110     -2,-0.2     2,-0.2     2,-0.0    -2,-0.0  -0.988   2.0-178.7-149.4 146.8   -6.4    7.9  -72.0               
  535  535 A I        -     0   0  164     -2,-0.3     2,-0.1     2,-0.0    -2,-0.0  -0.836  17.1-133.5-174.0 163.5   -9.3    5.7  -73.4               
  536  536 A R        +     0   0  198     -2,-0.2    -2,-0.0     0, 0.0     0, 0.0  -0.289  17.5   2.7-168.0 132.6  -12.6    4.7  -72.6               
  537  537 A T        +     0   0   98     -2,-0.1    -2,-0.0     0, 0.0     0, 0.0   0.346  19.9 137.3  61.1 169.7  -15.9    2.7  -71.9               
  538  538 A E        +     0   0  165      0, 0.0     0, 0.0     0, 0.0     0, 0.0   0.904  11.6 127.7-166.9 169.1  -18.1   -0.0  -71.6               
  539  539 A A        -     0   0   85      0, 0.0     0, 0.0     0, 0.0     0, 0.0   0.897  17.2-173.2-170.1-177.2  -20.6   -2.1  -70.3               
  540  540 A K        -     0   0  208      2,-0.0     2,-0.2     0, 0.0     0, 0.0   0.392  15.3-143.9 102.0 149.2  -23.6   -4.4  -69.3               
  541  541 A E        -     0   0  190      2,-0.0     2,-0.3     0, 0.0     0, 0.0  -0.603   2.5-160.8-123.1 168.5  -25.5   -6.4  -66.6               
  542  542 A A        -     0   0  109     -2,-0.2     2,-0.2     2,-0.0    -2,-0.0  -0.955  16.5-165.6-154.3 161.2  -27.6   -9.6  -65.8               
  543  543 A S        +     0   0  132     -2,-0.3     2,-0.0     2,-0.0    -2,-0.0  -0.825  17.8 130.2-144.3 172.3  -30.0  -10.4  -62.8               
  544  544 A G        -     0   0   65     -2,-0.2     2,-0.1     0, 0.0    -2,-0.0   0.311  15.1-172.2 104.7 121.8  -32.1  -13.2  -60.8               
  545  545 A E        +     0   0  181     -2,-0.0    -2,-0.0     0, 0.0     0, 0.0   0.426  16.4 137.3  90.3 144.3  -32.8  -14.4  -57.8               
  546  546 A T        -     0   0  113     -2,-0.1     0, 0.0     0, 0.0     0, 0.0   0.860  29.5 -92.2  90.4 108.9  -34.6  -17.5  -56.2               
  547  547 A T        +     0   0  145      0, 0.0     0, 0.0     0, 0.0     0, 0.0   0.744  27.9 132.0  58.8 119.6  -34.7  -20.1  -53.7               
  548  548 A G        -     0   0   63      2,-0.0     0, 0.0     0, 0.0     0, 0.0   0.502  18.7-102.4 129.1 129.0  -34.1  -23.5  -52.3               
  549  549 A V        +     0   0  137      2,-0.0     2,-0.1     0, 0.0     0, 0.0   0.586  21.1 127.5  34.6 123.2  -33.3  -26.6  -50.5               
  550  550 A D        -     0   0  144      2,-0.0     2,-0.4     0, 0.0    -2,-0.0   0.005  19.2-158.1-159.9 176.1  -31.7  -29.4  -49.7               
  551  551 A I        -     0   0  143     -2,-0.1     2,-0.3     2,-0.0    -2,-0.0  -0.753  13.6-179.9 -88.8 133.8  -30.1  -31.4  -46.8               
  552  552 A T        -     0   0  136     -2,-0.4     2,-0.5     2,-0.0    -2,-0.0  -1.000   7.7-164.7-138.3 143.6  -27.4  -34.1  -47.3               
  553  553 A K        +     0   0  192     -2,-0.3     2,-0.4     2,-0.0    -2,-0.0  -0.826  13.1 169.8-134.6  85.7  -25.8  -36.0  -44.4               
  554  554 A I        -     0   0  157     -2,-0.5     2,-0.4     2,-0.0    -2,-0.0  -0.855  20.5-143.3-108.8 135.0  -22.6  -38.0  -45.0               
  555  555 A Q        -     0   0  144     -2,-0.4     2,-0.4     2,-0.0    -2,-0.0  -0.787  11.8-167.6 -93.5 139.7  -20.5  -39.6  -42.2               
  556  556 A V        -     0   0  147     -2,-0.4     2,-0.5     0, 0.0    -2,-0.0  -0.998  32.1-139.3-118.4 127.9  -16.7  -39.9  -42.0               
  557  557 A K        -     0   0  164     -2,-0.4    -2,-0.0     1,-0.2     0, 0.0  -0.825  17.5 -67.8-102.0 131.4  -15.9  -42.3  -39.1               
  558  558 A R        +     0   0  210     -2,-0.5    -1,-0.2     1,-0.1     3,-0.0   0.699  30.2 164.9  48.7 108.6  -13.5  -42.8  -36.3               
  559  559 A C        +     0   0  121      2,-0.0     2,-0.7     0, 0.0     3,-0.4   0.161  47.5 111.6-144.4  28.0   -9.8  -43.5  -35.8               
  560  560 A E        +     0   0  185      1,-0.2    -2,-0.0     2,-0.1     0, 0.0  -0.859  53.8  73.7 -88.5 109.6   -9.2  -42.6  -32.1               
  561  561 A T        +     0   0   78     -2,-0.7     4,-0.3    -3,-0.0    -1,-0.2   0.295  69.4  76.0-173.3 -13.1   -8.4  -45.9  -30.2               
  562  562 A M  S    S+     0   0  166     -3,-0.4    -2,-0.1     1,-0.1     4,-0.1   0.616  85.6  48.3-102.5 -14.1   -4.9  -47.3  -30.9               
  563  563 A R  S >> S+     0   0  234      2,-0.1     3,-1.1     1,-0.1     4,-0.7   0.785  95.9  65.3 -98.9 -27.4   -2.0  -45.4  -29.0               
  564  564 A E  H >> S+     0   0  148      1,-0.2     4,-1.5     2,-0.2     3,-0.7   0.897  89.9  65.9 -65.6 -40.2   -3.2  -45.0  -25.4               
  565  565 A K  H 34 S+     0   0  167     -4,-0.3     4,-0.4     1,-0.2    -1,-0.2   0.562  97.8  55.0 -63.4 -13.8   -3.2  -48.8  -24.5               
  566  566 A H  H <4 S+     0   0  143     -3,-1.1     4,-0.3     2,-0.1    -1,-0.2   0.852 106.8  46.7 -87.7 -38.1    0.6  -49.1  -24.8               
  567  567 A M  H XX S+     0   0  127     -4,-0.7     3,-1.5    -3,-0.7     4,-1.3   0.928 107.8  54.0 -72.1 -43.8    1.7  -46.3  -22.4               
  568  568 A Q  H 3X S+     0   0  136     -4,-1.5     4,-1.2     1,-0.3    -1,-0.2   0.811  99.7  64.1 -64.8 -26.1   -0.7  -47.2  -19.5               
  569  569 A K  H 34 S+     0   0  168     -4,-0.4    -1,-0.3     1,-0.2    -2,-0.2   0.574 103.7  46.5 -79.1  -9.7    0.7  -50.9  -19.5               
  570  570 A Q  H X4 S+     0   0  127     -3,-1.5     3,-1.3    -4,-0.3     4,-0.5   0.860 108.5  52.6 -88.8 -45.0    4.2  -49.7  -18.5               
  571  571 A Q  H 3< S+     0   0  154     -4,-1.3     3,-0.4     1,-0.3    -2,-0.2   0.729 105.6  54.9 -69.2 -22.6    3.3  -47.3  -15.6               
  572  572 A E  T >< S+     0   0  148     -4,-1.2     3,-0.7     1,-0.2    -1,-0.3   0.695  97.9  65.7 -78.4 -18.7    1.1  -49.9  -13.8               
  573  573 A R  T <  S+     0   0  208     -3,-1.3     3,-0.4     1,-0.2    -1,-0.2   0.660  91.2  59.8 -85.3 -14.9    4.0  -52.5  -13.6               
  574  574 A E  T 3  S+     0   0  178     -4,-0.5    -1,-0.2    -3,-0.4     3,-0.1   0.270  99.5  56.8 -95.6   8.6    6.4  -50.6  -11.2               
  575  575 A K  S <  S+     0   0  187     -3,-0.7    -1,-0.2     1,-0.1    -2,-0.1   0.290  96.1  56.3-125.1  11.3    4.0  -50.3   -8.2               
  576  576 A S        +     0   0   96     -3,-0.4     2,-0.2     1,-0.1     3,-0.1  -0.086  69.4 101.7-145.6  42.3    3.0  -53.9   -7.3               
  577  577 A V        +     0   0  125      1,-0.2    -1,-0.1    -3,-0.1    -4,-0.0  -0.644  63.6  55.1-134.7  81.6    6.0  -56.2   -6.5               
  578  578 A L        +     0   0  163     -2,-0.2    -1,-0.2     1,-0.2     0, 0.0   0.163  63.6 104.8 175.0  97.8    6.8  -56.8   -2.9               
  579  579 A T        +     0   0  135     -3,-0.1    -1,-0.2     1,-0.0     2,-0.1  -0.800  22.1 133.9-156.5 123.6    4.3  -58.2   -0.3               
  580  580 A P        +     0   0  110      0, 0.0    -1,-0.0     0, 0.0     2,-0.0  -0.373  24.0  84.6-151.3 150.8    3.6  -61.2    1.5               
  581  581 A L        +     0   0  173     -2,-0.1     2,-0.2     1,-0.1     0, 0.0  -0.004  37.0 121.9-176.8 116.9    2.8  -62.6    4.7               
  582  582 A R        +     0   0  239     -2,-0.0     2,-0.3     0, 0.0    -1,-0.1  -0.734  25.4 174.7-156.3 117.9   -0.6  -62.9    6.5               
  583  583 A G        +     0   0   64     -2,-0.2     2,-0.0     1,-0.1     0, 0.0  -0.892  19.0  66.3-131.8 159.0   -2.5  -65.9    7.9               
  584  584 A D        -     0   0  143     -2,-0.3    -1,-0.1     0, 0.0     0, 0.0   0.664  46.5 -78.0-147.7 180.0   -5.0  -66.7    9.5               
  585  585 A V        -     0   0  133      1,-0.0    -2,-0.0    -2,-0.0     0, 0.0   0.393  34.1-172.5   6.8 142.3   -8.8  -67.2   10.3               
  586  586 A A        +     0   0   76      0, 0.0    -1,-0.0     0, 0.0     0, 0.0   0.794  16.4 140.1-175.6 169.2  -11.6  -65.7   11.3               
  587  587 A S        +     0   0  126      1,-0.0     0, 0.0     0, 0.0     0, 0.0   0.483  18.5 103.7  63.8 161.1  -15.0  -64.4   12.5               
  588  588 A C        +     0   0  125      1,-0.0     2,-0.1     0, 0.0    -1,-0.0   0.752  17.0 168.1-134.2 174.5  -17.5  -63.0   13.8               
  589  589 A N        +     0   0  150      1,-0.0    -1,-0.0     0, 0.0     0, 0.0  -0.386  21.9 102.6 -98.2-179.5  -20.3  -60.3   13.1               
  590  590 A T        +     0   0   92     -2,-0.1    -1,-0.0     0, 0.0     0, 0.0   0.905  32.5   4.2 108.0 116.2  -23.6  -59.1   14.5               
  591  591 A Q        -     0   0  169      2,-0.0     0, 0.0     0, 0.0     0, 0.0   0.813  35.5 -29.4  75.4 120.2  -26.0  -56.7   16.4               
  592  592 A V        -     0   0  127      1,-0.1     2,-0.2     0, 0.0     0, 0.0   0.650  12.9-135.7  73.1 116.4  -27.3  -53.9   18.2               
  593  593 A A        +     0   0   90      0, 0.0     2,-0.2     0, 0.0    -1,-0.1  -0.766  26.0 145.1  94.0  60.0  -27.6  -51.3   20.2               
  594  594 A E        +     0   0  149     -2,-0.2     0, 0.0     1,-0.1     0, 0.0  -0.798  19.6 177.6-153.8 132.1  -30.1  -50.0   22.7               
  595  595 A K        -     0   0  169     -2,-0.2    -1,-0.1     0, 0.0     2,-0.0   0.818  15.0-158.8  66.7 157.8  -30.2  -48.1   25.8               
  596  596 A P        -     0   0  105      0, 0.0    -2,-0.0     0, 0.0     0, 0.0   0.642  19.1 -36.9-133.4-171.3  -31.1  -46.6   28.4               
  597  597 A V        +     0   0  116     -2,-0.0     0, 0.0     0, 0.0     0, 0.0   0.919  36.5  45.6  87.5 130.9  -31.1  -44.3   31.4               
  598  598 A L        -     0   0  152      0, 0.0     2,-0.0     0, 0.0     0, 0.0   0.545  31.4 -77.0  62.5 163.9  -29.7  -42.4   34.4               
  599  599 A T        +     0   0  116      2,-0.1     0, 0.0     0, 0.0     0, 0.0   0.469  27.6  76.1-173.5 151.4  -27.7  -40.6   36.4               
  600  600 A A        -     0   0   84     -2,-0.0     0, 0.0     2,-0.0     0, 0.0   0.674  27.3-121.7  67.0 131.3  -24.9  -39.0   38.6               
  601  601 A V        +     0   0  134      1,-0.0    -2,-0.1     0, 0.0     0, 0.0  -0.173  30.7 107.7  67.4 119.9  -21.8  -37.7   39.1               
  602  602 A P        -     0   0  116      0, 0.0    -1,-0.0     0, 0.0    -2,-0.0   0.668  27.5-135.3-143.4 175.3  -19.1  -37.9   40.7               
  603  603 A G        -     0   0   69      1,-0.0     0, 0.0     0, 0.0     0, 0.0   0.072   3.8-179.4  90.6-165.8  -15.6  -38.4   41.9               
  604  604 A I        -     0   0  156      0, 0.0    -1,-0.0     0, 0.0     0, 0.0   0.940  25.9-147.3  67.9  91.4  -13.1  -39.8   44.5               
  605  605 A T        +     0   0  118      0, 0.0     0, 0.0     0, 0.0     0, 0.0   0.682  23.0 153.1  79.9 141.0   -9.7  -39.6   44.3               
  606  606 A R        -     0   0  225      0, 0.0     2,-0.0     0, 0.0     0, 0.0   0.504  12.5-164.7  92.0 114.4   -6.3  -41.3   45.1               
  607  607 A H        +     0   0  175      0, 0.0     0, 0.0     0, 0.0     0, 0.0   0.726   9.5 165.8  86.4 153.3   -3.1  -41.6   44.2               
  608  608 A L        -     0   0  143     -2,-0.0     0, 0.0     0, 0.0     0, 0.0   0.944  12.9-160.6  89.2  84.7    0.0  -43.8   44.7               
  609  609 A T        +     0   0  110      0, 0.0     0, 0.0     0, 0.0     0, 0.0   0.966  15.1 148.9  79.6 147.7    3.2  -44.4   43.4               
  610  610 A K        -     0   0  179      2,-0.0     0, 0.0     0, 0.0     0, 0.0   0.888  26.6  -6.0  92.6 114.8    6.4  -46.4   42.8               
  611  611 A R        +     0   0  226      1,-0.1     0, 0.0     0, 0.0     0, 0.0   0.970   7.4 177.0  81.8 102.3    9.3  -47.4   40.7               
  612  612 A L        +     0   0  156      0, 0.0    -1,-0.1     0, 0.0     2,-0.0  -0.498  27.2 173.9 -46.6 155.2   11.6  -47.8   37.9               
  613  613 A P        -     0   0   98      0, 0.0     0, 0.0     0, 0.0     0, 0.0  -0.009  11.8 -95.6-160.8 173.6   14.4  -49.3   37.8               
  614  614 A T        +     0   0  108     -2,-0.0     0, 0.0     0, 0.0     0, 0.0   0.880  22.0 132.0  75.1 146.5   17.4  -50.7   36.0               
  615  615 A K        +     0   0  187      0, 0.0     2,-0.0     0, 0.0     0, 0.0   0.691  11.7 121.2  78.2 147.4   19.8  -53.0   34.2               
  616  616 A S        -     0   0   93      0, 0.0     0, 0.0     0, 0.0     0, 0.0   0.602  11.5-149.0-176.7 163.9   21.8  -54.1   32.0               
  617  617 A S        +     0   0  107     -2,-0.0     0, 0.0     0, 0.0     0, 0.0   0.482  15.4  81.9  74.9 153.9   24.6  -55.5   29.7               
  618  618 A Q        -     0   0  167      0, 0.0     0, 0.0     0, 0.0     0, 0.0   0.656  18.8-135.3-155.8 154.3   26.7  -56.3   27.5               
  619  619 A K        +     0   0  177      0, 0.0     2,-0.0     0, 0.0     0, 0.0   0.817  25.0 126.5  51.9 118.9   29.7  -56.1   25.3               
  620  620 A V        +     0   0  124      0, 0.0     2,-0.3     0, 0.0     0, 0.0   0.202  14.9 165.9 176.9 124.2   31.7  -56.3   22.3               
  621  621 A E        +     0   0  180      2,-0.0     2,-0.1    -2,-0.0     0, 0.0  -0.720   8.8 150.4 -85.8 154.9   34.0  -53.9   20.4               
  622  622 A V        -     0   0  138     -2,-0.3     2,-0.3     0, 0.0     0, 0.0  -0.398  20.8-159.2-170.0 134.2   36.4  -54.5   17.6               
  623  623 A E        +     0   0  184     -2,-0.1     2,-0.1     2,-0.0    -2,-0.0  -0.721  18.4 159.9 -82.1 144.4   37.7  -52.3   14.8               
  624  624 A T        -     0   0  126     -2,-0.3     0, 0.0     2,-0.0     0, 0.0  -0.408  21.8-120.5-170.5 128.4   39.3  -53.2   11.5               
  625  625 A S        +     0   0  117     -2,-0.1    -2,-0.0     0, 0.0     0, 0.0   0.396  28.2  53.0  24.4 123.0   40.0  -52.0    8.1               
  626  626 A G        +     0   0   65      0, 0.0    -2,-0.0     0, 0.0     0, 0.0   0.404  13.8  88.7 125.6 154.5   39.7  -52.4    4.6               
  627  627 A I        +     0   0  176      0, 0.0     0, 0.0     0, 0.0     0, 0.0   0.774  27.8 141.1  66.8 133.4   39.0  -52.8    0.8               
  628  628 A G        -     0   0   60      0, 0.0     0, 0.0     0, 0.0     0, 0.0   0.737  21.1-126.2 171.5 172.4   38.4  -51.4   -1.9               
  629  629 A D        +     0   0  155      0, 0.0     0, 0.0     0, 0.0     0, 0.0   0.766  23.9  57.7  66.8 144.4   38.3  -50.3   -5.7               
  630  630 A S        -     0   0   91      0, 0.0     0, 0.0     0, 0.0     0, 0.0   0.796  36.0 -35.6-163.6-179.7   38.6  -48.3   -8.2               
  631  631 A L        -     0   0  147      0, 0.0     2,-0.0     0, 0.0     0, 0.0   0.865  36.7-157.7  66.7 112.9   39.5  -45.8  -11.0               
  632  632 A L        +     0   0  152      0, 0.0     0, 0.0     0, 0.0     0, 0.0   0.573  19.3 141.6  84.1 134.3   41.2  -42.9  -11.7               
  633  633 A N        +     0   0  126     -2,-0.0     0, 0.0     0, 0.0     0, 0.0   0.801  29.7   9.3-164.4 173.4   42.7  -40.2  -12.7               
  634  634 A V        +     0   0  119      0, 0.0     2,-0.1     0, 0.0     0, 0.0   0.901  39.5 169.5  84.0 103.0   44.5  -36.7  -13.2               
  635  635 A K        +     0   0  178      2,-0.0     0, 0.0     0, 0.0     0, 0.0   0.114  11.5 129.2  78.4 130.1   46.1  -34.6  -11.0               
  636  636 A C        +     0   0  104     -2,-0.1     2,-0.1     2,-0.0     0, 0.0   0.904   7.3 168.6-140.9 157.2   48.0  -31.9  -10.2               
  637  637 A A        -     0   0   87      1,-0.1    -2,-0.0     0, 0.0     0, 0.0  -0.023  34.0 -17.6  80.2 103.6   48.5  -29.1   -8.3               
  638  638 A A        -     0   0   96     -2,-0.1     2,-0.2     1,-0.1    -1,-0.1   0.893  18.5-179.5  46.9 133.0   51.1  -26.4   -7.3               
  639  639 A Q        -     0   0  202      2,-0.0     2,-0.4     0, 0.0    -1,-0.1  -0.782  14.0-163.5-159.3 151.1   54.5  -25.2   -6.8               
  640  640 A T        +     0   0  138     -2,-0.2     2,-0.3     2,-0.0     0, 0.0  -0.912  14.4 159.5-113.8 137.4   55.8  -21.8   -5.4               
  641  641 A L        -     0   0  170     -2,-0.4     2,-0.2     0, 0.0    -2,-0.0  -0.921  17.9-148.7-156.1 144.5   59.2  -20.1   -5.6               
  642  642 A E        +     0   0  165     -2,-0.3    -2,-0.0     1,-0.0     0, 0.0  -0.619  20.4 153.5 -87.2 155.9   60.6  -16.5   -5.2               
  643  643 A K        -     0   0  191     -2,-0.2    -1,-0.0     2,-0.0     0, 0.0   0.348  21.2-146.8 172.5 103.0   63.2  -14.2   -6.4               
  644  644 A R        -     0   0  224      1,-0.0     2,-0.1     0, 0.0    -2,-0.0   0.468  11.2-179.0  36.4 116.6   63.7  -10.5   -6.7               
  645  645 A G        -     0   0   73      2,-0.0     2,-0.0     0, 0.0    -2,-0.0  -0.391  11.1-156.8 179.5  94.7   65.5   -8.0   -9.1               
  646  646 A K        +     0   0  182     -2,-0.1     2,-0.1     2,-0.0     0, 0.0   0.006  18.3 153.4  58.0  98.3   65.7   -4.5   -9.1               
  647  647 A A        +     0   0  101     -2,-0.0    -2,-0.0     1,-0.0     0, 0.0  -0.529  14.2 121.0-172.3 137.3   66.4   -1.6  -11.4               
  648  648 A K        +     0   0  207     -2,-0.1     2,-0.2     2,-0.0    -2,-0.0  -0.762  19.4 172.6-157.3 134.5   65.7    2.2  -11.9               
  649  649 A P        -     0   0  121      0, 0.0     0, 0.0     0, 0.0     0, 0.0  -0.629  17.9-127.9-151.9 130.0   67.7    5.3  -12.2               
  650  650 A K        -     0   0  210     -2,-0.2     2,-0.2     1,-0.0    -2,-0.0   0.510   5.4-156.1  28.6 133.7   67.3    9.0  -12.9               
  651  651 A V        +     0   0  120      1,-0.1     2,-0.0     2,-0.0    -1,-0.0  -0.789  27.4 177.8-160.0 114.6   68.5   11.9  -15.1               
  652  652 A N        +     0   0  133     -2,-0.2    -1,-0.1     2,-0.0     2,-0.0   0.680  25.8 167.5  68.7 146.2   68.3   15.4  -14.3               
  653  653 A V        -     0   0  131     -2,-0.0    -2,-0.0     1,-0.0     0, 0.0   0.453  19.6-164.5-136.2-164.9   68.7   18.8  -14.7               
  654  654 A K        -     0   0  189      1,-0.1    -2,-0.0    -2,-0.0    -1,-0.0  -0.730   3.5 -57.2-144.6-169.2   67.6   22.4  -13.2               
  655  655 A P        -     0   0  115      0, 0.0    -1,-0.1     0, 0.0     0, 0.0   0.849  11.2-158.0-135.1-135.3   67.0   25.8  -12.8               
  656  656 A S        +     0   0  110      0, 0.0     0, 0.0     0, 0.0     0, 0.0   0.407  22.6  52.0  90.6 146.3   67.2   29.7  -12.3               
  657  657 A V        -     0   0  116      0, 0.0     0, 0.0     0, 0.0     0, 0.0   0.729  26.9-128.0-158.2 147.6   66.4   32.8  -11.5               
  658  658 A V        +     0   0  115      0, 0.0     0, 0.0     0, 0.0     0, 0.0   0.667  19.3 115.8  38.4 136.9   65.5   35.8   -9.3               
  659  659 A K        -     0   0  176      0, 0.0     0, 0.0     0, 0.0     0, 0.0   0.792  14.5-163.3-161.5 157.1   63.8   38.7   -8.1               
  660  660 A V        +     0   0  123      2,-0.0     0, 0.0     0, 0.0     0, 0.0   0.527  11.8 114.9  69.5 133.9   61.7   40.8   -5.9               
  661  661 A V        -     0   0  123      0, 0.0     0, 0.0     0, 0.0     0, 0.0   0.765  17.6-128.6-161.1 163.7   59.8   43.2   -4.5               
  662  662 A S        -     0   0   94      0, 0.0    -2,-0.0     0, 0.0     0, 0.0   0.596  15.3-125.8   9.8 134.7   56.7   45.1   -2.9               
  663  663 A S        -     0   0  114      0, 0.0     2,-0.0     0, 0.0     0, 0.0   0.837   8.1-164.2  42.2 165.0   54.2   47.8   -2.6               
  664  664 A P        -     0   0  116      0, 0.0     0, 0.0     0, 0.0     0, 0.0   0.593  18.9 -82.5-136.3-174.8   52.4   50.1   -1.5               
  665  665 A K        +     0   0  194     -2,-0.0     2,-0.1     1,-0.0     0, 0.0   0.715  28.7 128.7  34.7 126.2   49.4   52.7   -1.4               
  666  666 A L        +     0   0  174      0, 0.0    -1,-0.0     0, 0.0     0, 0.0  -0.437  15.8 170.9 177.0 165.6   47.7   55.7   -2.4               
  667  667 A A        +     0   0   84     -2,-0.1     0, 0.0     1,-0.1     0, 0.0  -0.649   4.0 126.5-127.3-169.7   44.6   57.6   -3.8               
  668  668 A P        -     0   0  109      0, 0.0    -1,-0.1     0, 0.0     0, 0.0   0.658  20.7 -56.2-143.3-170.6   42.5   60.0   -4.7               
  669  669 A K        +     0   0  172      0, 0.0     0, 0.0     0, 0.0     0, 0.0   0.892  25.5  93.7  80.5 141.4   40.0   62.3   -6.6               
  670  670 A R        +     0   0  221      0, 0.0     0, 0.0     0, 0.0     0, 0.0   0.596  25.3  57.1  75.1 149.9   38.7   64.7   -9.3               
  671  671 A K        +     0   0  189      0, 0.0     2,-0.0     0, 0.0     0, 0.0   0.866  23.9 176.9-131.0 145.7   37.2   66.1  -12.0               
  672  672 A A        +     0   0   90      0, 0.0     0, 0.0     0, 0.0     0, 0.0   0.754   6.4 156.8  75.9 151.9   34.0   66.3  -13.6               
  673  673 A V        +     0   0  140     -2,-0.0     0, 0.0     0, 0.0     0, 0.0   0.477  26.4  28.2  81.4 143.5   32.1   68.1  -16.6               
  674  674 A E        -     0   0  157      1,-0.1     0, 0.0     0, 0.0     0, 0.0   0.522  19.0-161.1-160.5 153.2   29.5   67.7  -18.6               
  675  675 A M        +     0   0  131      2,-0.0     2,-0.1     0, 0.0    -1,-0.1   0.169  25.0 127.2 -13.7 129.8   26.1   67.0  -20.4               
  676  676 A H        -     0   0  175      2,-0.0     2,-0.3     0, 0.0     0, 0.0  -0.427  18.8-175.2-172.9 162.6   24.5   66.7  -23.6               
  677  677 A A        +     0   0   99     -2,-0.1     2,-0.3     0, 0.0    -2,-0.0  -0.900   3.7 174.5-127.8 155.0   22.4   64.2  -25.6               
  678  678 A A        +     0   0   94     -2,-0.3    -2,-0.0     1,-0.2     0, 0.0  -0.979  37.3  30.5-156.0 156.8   20.8   63.8  -29.1               
  679  679 A V        +     0   0  139     -2,-0.3     2,-0.3     1,-0.2    -1,-0.2   0.994  33.0 162.0  67.8 103.5   18.8   61.4  -31.4               
  680  680 A I        -     0   0  175      2,-0.0     2,-0.3     0, 0.0    -1,-0.2  -0.989  22.6-165.8-127.1 134.8   16.3   58.6  -30.7               
  681  681 A A        -     0   0   91     -2,-0.3     2,-0.0     1,-0.0     0, 0.0  -0.939  13.0 -69.3-159.3 155.5   14.0   57.3  -33.5               
  682  682 A A        +     0   0   91     -2,-0.3     2,-0.3     0, 0.0    -1,-0.0   0.026  39.1 132.5-172.6 120.8   11.3   55.5  -33.9               
  683  683 A V        -     0   0  147      2,-0.0    -2,-0.0    -2,-0.0     0, 0.0  -0.983  34.7-160.8-143.0 140.4    8.5   52.9  -34.1               
  684  684 A K        -     0   0  170     -2,-0.3     2,-0.3     2,-0.0     0, 0.0  -0.553  23.0-160.3 -91.0 163.1    4.9   53.1  -32.8               
  685  685 A P        -     0   0  129      0, 0.0     2,-0.3     0, 0.0    -2,-0.0  -0.860  32.0-131.1-116.9 168.2    2.0   51.3  -31.9               
  686  686 A L        -     0   0  153     -2,-0.3     2,-0.2     2,-0.0    -2,-0.0  -0.796  22.8-176.1-101.3 147.3   -1.3   53.3  -31.7               
  687  687 A S        +     0   0  112     -2,-0.3     0, 0.0     0, 0.0     0, 0.0  -0.704  12.8 136.3-124.8-177.9   -3.9   53.4  -28.9               
  688  688 A S        +     0   0  120     -2,-0.2    -2,-0.0     0, 0.0     0, 0.0   0.366  14.5  82.2  92.0 139.1   -7.4   55.1  -28.3               
  689  689 A S        -     0   0  105      0, 0.0     0, 0.0     0, 0.0     0, 0.0   0.669  28.6-121.3-159.3 170.5  -10.3   55.0  -27.3               
  690  690 A S        +     0   0  101      2,-0.0     0, 0.0     0, 0.0     0, 0.0   0.969  34.5  26.9  70.4 128.6  -13.4   55.1  -25.0               
  691  691 A V        +     0   0  123      1,-0.2     2,-0.4     0, 0.0     0, 0.0   0.994   4.8 174.1  72.0 109.7  -16.5   53.8  -23.4               
  692  692 A L        -     0   0  183      0, 0.0     2,-0.3     0, 0.0    -1,-0.2  -0.989  32.3-178.6-112.2 134.0  -18.6   51.0  -22.2               
  693  693 A Q        -     0   0  172     -2,-0.4     0, 0.0     1,-0.1     0, 0.0  -0.914  34.9 -75.7-125.0 153.9  -21.7   52.3  -20.4               
  694  694 A E        -     0   0  163     -2,-0.3    -1,-0.1     1,-0.1     0, 0.0   0.012  51.6-107.8 -36.7 143.8  -24.6   50.6  -18.6               
  695  695 A P        -     0   0  122      0, 0.0     2,-0.4     0, 0.0    -1,-0.1  -0.738  30.6-172.9 -93.2 109.2  -27.4   49.0  -20.7               
  696  696 A P        -     0   0  119      0, 0.0     2,-0.2     0, 0.0     0, 0.0  -0.771  29.1-114.9 -90.2 140.1  -30.9   50.8  -20.9               
  697  697 A A        +     0   0   91     -2,-0.4     2,-0.2     2,-0.0     0, 0.0  -0.500  33.7 172.6 -80.5 139.6  -33.7   48.8  -22.7               
  698  698 A K        -     0   0  197     -2,-0.2     2,-0.0     2,-0.1     0, 0.0  -0.746  20.9-121.3-159.4 123.3  -35.6   49.5  -26.0               
  699  699 A K        +     0   0  206     -2,-0.2     2,-0.2     0, 0.0    -2,-0.0  -0.060  21.4 175.4  90.4  82.2  -37.9   47.8  -27.9               
  700  700 A A        -     0   0  101      1,-0.1    -2,-0.1     2,-0.1     0, 0.0  -0.774  30.8 -67.5-166.4 151.1  -38.7   46.4  -31.4               
  701  701 A A        +     0   0   87     -2,-0.2    -1,-0.1     0, 0.0     0, 0.0   0.737  44.1  71.5-165.9 169.1  -41.1   44.5  -32.6               
  702  702 A V        +     0   0  147      0, 0.0    -2,-0.1     0, 0.0     0, 0.0   0.681  42.0  30.5  71.5 133.3  -43.9   42.1  -34.0               
  703  703 A A        -     0   0   80      0, 0.0     0, 0.0     0, 0.0     0, 0.0   0.762  42.2 -15.8-164.5 170.9  -46.7   40.7  -33.0               
  704  704 A V        -     0   0  139      2,-0.0     0, 0.0     0, 0.0     0, 0.0   0.676  43.3 -77.5  71.0 144.0  -50.0   39.1  -31.6               
  705  705 A V        +     0   0  133      1,-0.1     2,-0.1     2,-0.0     0, 0.0   0.463  31.2 167.2-172.0 149.9  -52.3   39.4  -29.1               
  706  706 A P        +     0   0  110      0, 0.0    -1,-0.1     0, 0.0    -2,-0.0  -0.373  11.1  83.1-133.5-179.5  -53.6   38.9  -25.6               
  707  707 A L        +     0   0  147     -2,-0.1     2,-0.2     1,-0.1    -2,-0.0   0.928  10.3 154.5  64.9 109.2  -55.4   38.9  -22.2               
  708  708 A V        +     0   0  143      0, 0.0    -1,-0.1     0, 0.0     2,-0.0  -0.652  23.4 163.8-172.1 166.7  -58.1   37.7  -19.9               
  709  709 A S        +     0   0   78     -2,-0.2     0, 0.0     2,-0.0     0, 0.0   0.298  12.9 106.5 179.1 154.3  -58.5   37.3  -16.5               
  710  710 A E        -     0   0  178     -2,-0.0     0, 0.0     0, 0.0     0, 0.0   0.969  33.0-107.2  62.9 111.0  -59.9   36.8  -13.0               
  711  711 A D        +     0   0  141      0, 0.0     2,-0.1     0, 0.0    -2,-0.0   0.240  22.3 171.6  16.4 128.4  -60.5   34.8  -10.0               
  712  712 A K        -     0   0  200      0, 0.0     2,-0.2     0, 0.0     0, 0.0  -0.534  10.3-165.1-167.5 149.8  -63.3   33.1   -8.3               
  713  713 A S        +     0   0   91     -2,-0.1     0, 0.0     1,-0.1     0, 0.0  -0.567  28.8  42.4-102.9 166.6  -63.6   30.7   -5.3               
  714  714 A V        +     0   0  134     -2,-0.2    -1,-0.1     1,-0.0     2,-0.1   0.980  34.4 104.8  71.1 109.9  -66.0   28.2   -3.6               
  715  715 A T        +     0   0  129      0, 0.0    -1,-0.0     0, 0.0     0, 0.0  -0.180  29.7 178.6-177.7 145.0  -68.4   25.5   -3.6               
  716  716 A V        +     0   0  130     -2,-0.1     2,-0.0     2,-0.0     0, 0.0  -0.917  10.2 142.2-123.2 141.8  -68.4   21.7   -2.8               
  717  717 A P        -     0   0  109      0, 0.0    -1,-0.0     0, 0.0     0, 0.0  -0.098  25.6-112.2-157.6 165.1  -69.9   18.7   -2.5               
  718  718 A E        +     0   0  190     -2,-0.0     2,-0.1     2,-0.0    -2,-0.0   0.714  17.0 170.4  49.1 118.6  -70.0   15.0   -2.9               
  719  719 A A        -     0   0   96      1,-0.2    -1,-0.0     0, 0.0     0, 0.0  -0.349  40.3 -83.3-166.0 118.0  -71.2   11.9   -4.5               
  720  720 A E        -     0   0  202     -2,-0.1    -1,-0.2     2,-0.0    -2,-0.0   0.533  33.3-105.9  53.3-178.8  -70.0    8.3   -4.3               
  721  721 A N        +     0   0  144      1,-0.1     0, 0.0     2,-0.0     0, 0.0  -0.270  23.8   5.5-150.3-150.2  -67.6    5.6   -5.5               
  722  722 A P        +     0   0   88      0, 0.0    -1,-0.1     0, 0.0     2,-0.0   0.038  16.0  89.6-112.7 171.6  -66.3    2.5   -7.2               
  723  723 A R        +     0   0  210      1,-0.1    -2,-0.0     0, 0.0     0, 0.0   0.079  20.6  29.3 151.0 158.3  -65.3   -0.5   -9.1               
  724  724 A D        -     0   0  142     -2,-0.0    -1,-0.1     0, 0.0     2,-0.0   0.722  23.4-105.1  62.6 158.0  -64.1   -3.0  -11.7               
  725  725 A S        -     0   0   90      0, 0.0     0, 0.0     0, 0.0     0, 0.0   0.096  15.3-172.0 175.1 123.9  -62.4   -4.4  -14.1               
  726  726 A L        -     0   0  168     -2,-0.0     0, 0.0     0, 0.0     0, 0.0  -0.153  29.1-156.6-167.7  69.4  -61.2   -6.0  -17.5               
  727  727 A V        +     0   0  102      0, 0.0     0, 0.0     0, 0.0     0, 0.0   0.201  24.3  56.6  28.1 113.4  -58.1   -7.8  -18.0               
  728  728 A L        +     0   0  156      0, 0.0     0, 0.0     0, 0.0     0, 0.0   0.645  36.7   8.8  68.7 166.8  -55.8   -8.6  -21.0               
  729  729 A P        -     0   0  111      0, 0.0     2,-0.1     0, 0.0     0, 0.0   0.899  17.7-146.7-130.6-175.7  -53.8   -8.8  -23.7               
  730  730 A P        -     0   0  122      0, 0.0     2,-0.3     0, 0.0     0, 0.0  -0.326   3.3-159.6-101.2 173.9  -51.4   -7.4  -26.5               
  731  731 A T        -     0   0  148     -2,-0.1     2,-0.3     2,-0.0     0, 0.0  -0.957  27.3-108.4-145.6 160.5  -50.2   -7.9  -30.2               
  732  732 A Q        +     0   0  189     -2,-0.3     2,-0.3     2,-0.0     0, 0.0  -0.674  34.1 155.2 -98.2 144.5  -47.1   -6.7  -32.1               
  733  733 A S        -     0   0  126     -2,-0.3     2,-0.3     2,-0.0    -2,-0.0  -0.930  32.3-119.2-158.4 152.6  -46.1   -4.1  -34.7               
  734  734 A S        +     0   0  121     -2,-0.3     2,-0.3     2,-0.0    -2,-0.0  -0.622  31.3 160.4 -97.3 146.9  -42.7   -2.4  -35.4               
  735  735 A S        -     0   0  121     -2,-0.3     2,-0.2     2,-0.0    -2,-0.0  -0.859  28.0-147.4-150.4 129.5  -41.0    1.0  -35.6               
  736  736 A D        +     0   0  149     -2,-0.3     2,-0.2     2,-0.0    -2,-0.0  -0.546  20.8 167.5 -92.0 150.0  -37.2    1.3  -35.4               
  737  737 A S        -     0   0  118     -2,-0.2    -2,-0.0     0, 0.0     0, 0.0  -0.706  20.8-144.1-166.9 116.8  -35.0    4.1  -33.8               
  738  738 A S        -     0   0  109     -2,-0.2    -2,-0.0     1,-0.1     0, 0.0  -0.270  24.6-100.6 -80.7 159.3  -31.2    4.0  -33.0               
  739  739 A P        -     0   0  114      0, 0.0     2,-0.4     0, 0.0    -1,-0.1  -0.391  43.5 -94.7 -76.4 158.5  -29.3    5.7  -30.1               
  740  740 A P        -     0   0  124      0, 0.0     2,-0.3     0, 0.0     0, 0.0  -0.584  31.6-143.0 -75.7 124.5  -27.3    9.0  -30.4               
  741  741 A E        -     0   0  186     -2,-0.4     2,-0.7     1,-0.0     0, 0.0  -0.676   5.1-149.3 -76.0 136.0  -23.5    8.7  -31.2               
  742  742 A V        -     0   0  144     -2,-0.3     2,-0.1     0, 0.0    -1,-0.0  -0.916  23.4-138.8-106.7 104.1  -21.3   11.3  -29.4               
  743  743 A S        -     0   0  110     -2,-0.7    -2,-0.0     1,-0.1     0, 0.0  -0.369   4.1-135.2 -67.3 135.7  -18.4   11.9  -31.8               
  744  744 A G        -     0   0   63     -2,-0.1     2,-1.1     1,-0.1    -1,-0.1  -0.575  35.4 -96.6 -79.3 151.3  -14.8   12.2  -30.6               
  745  745 A P        -     0   0  137      0, 0.0     2,-0.7     0, 0.0    -1,-0.1  -0.567  36.3-166.0 -76.1  99.6  -12.6   15.0  -32.2               
  746  746 A S        -     0   0  113     -2,-1.1     2,-0.6     1,-0.0    -3,-0.0  -0.768  20.3-135.3 -78.4 114.2  -10.5   13.5  -35.0               
  747  747 A S        -     0   0  120     -2,-0.7     2,-0.2     1,-0.1    -1,-0.0  -0.647  22.7-137.0 -78.4 117.5   -7.9   16.2  -35.8               
  748  748 A S        -     0   0  104     -2,-0.6     2,-0.2     1,-0.1    -1,-0.1  -0.448  13.4-110.2 -80.8 146.1   -7.6   16.6  -39.6               
  749  749 A Q        -     0   0  196     -2,-0.2     2,-0.5     2,-0.0    -1,-0.1  -0.497  24.0-165.7 -66.5 137.4   -4.4   16.9  -41.7               
  750  750 A M        -     0   0  162     -2,-0.2     2,-0.7     2,-0.1    -1,-0.0  -0.963   8.2-158.4-120.5 115.6   -3.6   20.2  -43.4               
  751  751 A S        +     0   0  121     -2,-0.5     2,-0.3     2,-0.0    -2,-0.0  -0.822  19.5 165.0 -89.7 116.0   -0.8   19.8  -46.0               
  752  752 A M        -     0   0  166     -2,-0.7     2,-0.4     2,-0.0    -2,-0.1  -0.987  13.9-166.6-130.1 141.7    1.1   23.1  -46.9               
  753  753 A K        +     0   0  205     -2,-0.3     2,-0.3     0, 0.0    -2,-0.0  -0.831  18.9 143.1-143.7  98.4    4.4   23.0  -48.8               
  754  754 A T        -     0   0  123     -2,-0.4    -2,-0.0     1,-0.1     0, 0.0  -0.968  28.2 -49.5-149.4 122.0    7.0   25.8  -49.2               
  755  755 A R        +     0   0  224     -2,-0.3    -1,-0.1     0, 0.0     2,-0.0   0.669  40.8  59.5  68.8 121.4   10.4   26.6  -49.5               
  756  756 A R        -     0   0  206      0, 0.0    -2,-0.0     0, 0.0     0, 0.0   0.788  25.7-114.7-157.9 163.3   13.7   26.8  -48.9               
  757  757 A L        +     0   0  136     -2,-0.0     2,-0.0     0, 0.0     0, 0.0   0.574  22.1 134.3  12.1 141.6   17.4   25.7  -48.3               
  758  758 A S        -     0   0  109      0, 0.0     0, 0.0     0, 0.0     0, 0.0   0.259  30.2-113.6-157.3 164.6   20.2   25.2  -46.9               
  759  759 A S        -     0   0  114      1,-0.1     2,-0.0    -2,-0.0     0, 0.0   0.158  19.0-116.8 -26.4 153.6   23.0   22.7  -46.3               
  760  760 A A        -     0   0  101      0, 0.0     2,-0.3     0, 0.0    -1,-0.1   0.478   3.3-129.6 137.9 131.7   24.7   20.7  -44.1               
  761  761 A S        -     0   0  122     -2,-0.0     2,-0.1     0, 0.0     0, 0.0  -0.948  37.9 -84.5-154.2 137.7   27.8   19.6  -42.1               
  762  762 A T        -     0   0  137     -2,-0.3     2,-0.1     1,-0.1     0, 0.0  -0.292  31.0-134.5 -62.4 146.4   29.6   16.2  -41.5               
  763  763 A G        -     0   0   63     -2,-0.1    -1,-0.1     0, 0.0     0, 0.0   0.022  14.5-165.6 122.6 100.1   29.5   13.6  -39.6               
  764  764 A K        -     0   0  207     -2,-0.1     0, 0.0     0, 0.0     0, 0.0  -0.935  27.5-127.2-153.1 133.5   31.2   11.0  -37.3               
  765  765 A P        -     0   0  112      0, 0.0     0, 0.0     0, 0.0     0, 0.0  -0.298  40.6 -73.9 -86.2 168.1   29.8    7.6  -35.9               
  766  766 A P        -     0   0  127      0, 0.0     2,-0.4     0, 0.0     3,-0.1  -0.150  36.7-164.2 -75.5 154.6   29.7    6.4  -32.2               
  767  767 A L        -     0   0  157      1,-0.2     0, 0.0     2,-0.0     0, 0.0  -1.000  54.0  -5.7-134.4 132.8   32.5    5.2  -29.9               
  768  768 A S     >  -     0   0   80     -2,-0.4     4,-1.0     3,-0.1    -1,-0.2   0.978  36.7-176.3  57.0  93.7   32.3    3.3  -26.5               
  769  769 A V  H  > S+     0   0  118      2,-0.2     4,-1.8     1,-0.1     5,-0.1   0.841  91.3  56.6 -77.4 -32.9   29.0    2.5  -24.7               
  770  770 A E  H  > S+     0   0  129      2,-0.2     4,-3.0     1,-0.2     5,-0.2   0.885 104.3  51.8 -62.6 -39.0   30.9    1.0  -21.8               
  771  771 A D  H  > S+     0   0  114      2,-0.2     4,-2.4     1,-0.2    -1,-0.2   0.895 110.9  47.4 -69.6 -34.9   33.0    4.2  -21.3               
  772  772 A D  H  X S+     0   0   95     -4,-1.0     4,-2.3     2,-0.2    -1,-0.2   0.823 113.2  50.3 -73.6 -27.9   29.7    6.3  -21.2               
  773  773 A F  H  X S+     0   0  111     -4,-1.8     4,-2.7     2,-0.2    -2,-0.2   0.955 112.4  44.9 -67.9 -50.0   28.4    3.6  -18.7               
  774  774 A E  H  X S+     0   0  105     -4,-3.0     4,-2.1     2,-0.2    -2,-0.2   0.898 116.5  47.6 -62.6 -38.8   31.6    3.8  -16.5               
  775  775 A K  H  X S+     0   0  105     -4,-2.4     4,-2.3     2,-0.2    -1,-0.2   0.934 112.1  48.4 -62.5 -48.6   31.3    7.7  -16.8               
  776  776 A L  H  X S+     0   0   87     -4,-2.3     4,-1.8     2,-0.2    -2,-0.2   0.849 109.2  53.9 -64.2 -32.6   27.5    7.5  -15.9               
  777  777 A I  H  X S+     0   0   68     -4,-2.7     4,-2.8     2,-0.2    -2,-0.2   0.918 111.6  44.8 -64.9 -42.1   28.5    5.2  -12.9               
  778  778 A W  H  <>S+     0   0  202     -4,-2.1     5,-0.7     2,-0.2    -2,-0.2   0.862 113.5  50.5 -64.4 -36.7   30.9    8.0  -11.8               
  779  779 A E  H  <5S+     0   0  127     -4,-2.3    -2,-0.2     1,-0.2     3,-0.2   0.769 121.2  34.1 -75.3 -26.3   28.2   10.7  -12.4               
  780  780 A I  H  <5S+     0   0  122     -4,-1.8     2,-0.9    -5,-0.2    -2,-0.2   0.805 106.5  70.2 -91.0 -38.4   25.7    8.6  -10.3               
  781  781 A S  T  <5S-     0   0   87     -4,-2.8    -1,-0.1    -5,-0.2    -2,-0.1  -0.114 125.1 -64.1 -89.7  40.5   28.0    7.1   -7.7               
  782  782 A G  T   5 +     0   0   67     -2,-0.9     2,-2.4    -3,-0.2     3,-0.3   0.775  59.6 174.9  93.3  32.4   28.9   10.3   -5.7               
  783  783 A G  S   <S-     0   0   58     -5,-0.7    -1,-0.2     1,-0.2    -5,-0.0  -0.425  71.3 -45.8 -63.7  73.0   30.9   12.7   -7.9               
  784  784 A K  S    S+     0   0  194     -2,-2.4    -1,-0.2     1,-0.1    -2,-0.1   0.978  75.7 138.4  65.8  82.0   31.0   15.6   -5.3               
  785  785 A L        +     0   0  157     -3,-0.3     2,-1.8     2,-0.0    -2,-0.1  -0.144  24.2 131.5-136.6  50.2   28.1   16.7   -3.2               
  786  786 A E        +     0   0  194      2,-0.0     2,-1.6     1,-0.0     0, 0.0  -0.705  36.8 178.6 -71.1  72.2   29.8   17.2    0.1               
  787  787 A A        -     0   0   65     -2,-1.8     2,-0.2     2,-0.0    -2,-0.0  -0.776  20.3-149.7 -76.1  82.7   28.0   20.6   -0.0               
  788  788 A E        -     0   0  181     -2,-1.6     2,-0.8     1,-0.1    -2,-0.0  -0.476  21.6-119.3 -44.1 113.3   29.2   21.6    3.4               
  789  789 A I        -     0   0  138     -2,-0.2     2,-2.4     1,-0.1    -1,-0.1  -0.716  25.0-129.6 -67.2 111.3   26.3   23.8    4.5               
  790  790 A D        -     0   0  153     -2,-0.8     2,-0.9     1,-0.0    -1,-0.1  -0.484  32.1-175.6 -70.9  70.1   28.3   27.1    4.8               
  791  791 A L        -     0   0  123     -2,-2.4    -2,-0.0     1,-0.1    -1,-0.0  -0.734  33.4-119.2 -69.0 102.5   27.0   27.8    8.3               
  792  792 A D    >   -     0   0  111     -2,-0.9     3,-2.7     1,-0.2    -1,-0.1  -0.314  16.5-133.6 -45.9 116.4   28.6   31.3    9.0               
  793  793 A P  T 3  S+     0   0  133      0, 0.0    -1,-0.2     0, 0.0    -2,-0.0   0.480 104.2  58.4 -61.8  -4.1   30.8   30.6   12.1               
  794  794 A G  T 3  S+     0   0   68      2,-0.1     2,-0.7     1,-0.0    -2,-0.1   0.437  84.0  87.6 -98.1  -6.2   29.3   33.9   13.6               
  795  795 A K  S <  S-     0   0   77     -3,-2.7    -1,-0.0     3,-0.0     0, 0.0  -0.869  70.0-155.6 -97.0 107.1   25.6   32.8   13.5               
  796  796 A D     >  -     0   0   89     -2,-0.7     4,-1.4     1,-0.1     5,-0.1  -0.113  30.5-104.0 -76.6 170.3   24.8   30.9   16.7               
  797  797 A E  H  > S+     0   0  156      1,-0.2     4,-1.6     2,-0.2     5,-0.1   0.797 121.5  58.1 -65.5 -24.2   22.2   28.3   17.5               
  798  798 A D  H  > S+     0   0  111      2,-0.2     4,-2.4     1,-0.2    -1,-0.2   0.919 102.6  50.5 -72.4 -43.7   20.2   31.1   19.3               
  799  799 A D  H  > S+     0   0   78      2,-0.2     4,-2.2     1,-0.2    -2,-0.2   0.845 112.7  49.0 -63.3 -33.3   20.0   33.4   16.2               
  800  800 A L  H  X S+     0   0   77     -4,-1.4     4,-1.6     2,-0.2    -1,-0.2   0.864 111.7  47.7 -71.9 -37.8   18.7   30.3   14.3               
  801  801 A L  H  X S+     0   0   97     -4,-1.6     4,-1.8     2,-0.2    -2,-0.2   0.828 111.8  51.9 -69.1 -31.5   16.1   29.6   17.1               
  802  802 A L  H  X S+     0   0  114     -4,-2.4     4,-2.8     2,-0.2     5,-0.2   0.946 109.2  47.7 -70.7 -47.0   15.2   33.4   17.0               
  803  803 A E  H  X S+     0   0   97     -4,-2.2     4,-1.3     1,-0.2    -2,-0.2   0.861 114.2  48.7 -62.0 -35.6   14.6   33.3   13.2               
  804  804 A L  H  < S+     0   0   93     -4,-1.6     4,-0.5     2,-0.2    -1,-0.2   0.868 111.2  50.0 -69.2 -36.1   12.5   30.1   13.7               
  805  805 A S  H >X S+     0   0   57     -4,-1.8     4,-2.1     2,-0.2     3,-1.4   0.951 108.9  49.8 -69.9 -46.0   10.5   31.8   16.6               
  806  806 A E  H 3< S+     0   0  146     -4,-2.8    -1,-0.2     1,-0.3     4,-0.2   0.854 110.6  52.7 -58.9 -33.3    9.7   35.0   14.6               
  807  807 A M  T 3< S+     0   0  126     -4,-1.3    -1,-0.3    -5,-0.2    -2,-0.2   0.615 111.1  46.3 -76.3 -15.9    8.5   32.5   11.8               
  808  808 A I  T <4 S+     0   0  132     -3,-1.4    -2,-0.2    -4,-0.5    -1,-0.2   0.753 109.1  52.8 -95.6 -31.0    6.2   30.7   14.3               
  809  809 A D     <        0   0  148     -4,-2.1    -2,-0.2     1,-0.1    -3,-0.1   0.324 360.0 360.0 -85.9   6.5    4.7   33.9   15.9               
  810  810 A S              0   0  149     -4,-0.2    -1,-0.1    -5,-0.2    -2,-0.1   0.836 360.0 360.0-104.5 360.0    3.7   35.3   12.4               
