==== Secondary Structure Definition by the program DSSP, CMBI version 2.0                          ==== DATE=2026-03-08        .
REFERENCE W. KABSCH AND C.SANDER, BIOPOLYMERS 22 (1983) 2577-2637                                                              .
HEADER                                            01-AUG-25                                                                    .
COMPND    MOL_ID: 1; MOLECULE: CYTOPLASMIC ACONITATE HYDRATASE; CHAIN: A                                                       .
SOURCE    MOL_ID: 1; ORGANISM_SCIENTIFIC: HOMO SAPIENS; ORGANISM_TAXID: 9606                                                   .
AUTHOR                                                                                                                         .
  889  1  0  0  0 TOTAL NUMBER OF RESIDUES, NUMBER OF CHAINS, NUMBER OF SS-BRIDGES(TOTAL,INTRACHAIN,INTERCHAIN)                .
 33185.8   ACCESSIBLE SURFACE OF PROTEIN (ANGSTROM**2)                                                                         .
  631 71.0   TOTAL NUMBER OF HYDROGEN BONDS OF TYPE O(I)-->H-N(J)  , SAME NUMBER PER 100 RESIDUES                              .
   79  8.9   TOTAL NUMBER OF HYDROGEN BONDS IN     PARALLEL BRIDGES, SAME NUMBER PER 100 RESIDUES                              .
   65  7.3   TOTAL NUMBER OF HYDROGEN BONDS IN ANTIPARALLEL BRIDGES, SAME NUMBER PER 100 RESIDUES                              .
    2  0.2   TOTAL NUMBER OF HYDROGEN BONDS OF TYPE O(I)-->H-N(I-5), SAME NUMBER PER 100 RESIDUES                              .
    3  0.3   TOTAL NUMBER OF HYDROGEN BONDS OF TYPE O(I)-->H-N(I-4), SAME NUMBER PER 100 RESIDUES                              .
    5  0.6   TOTAL NUMBER OF HYDROGEN BONDS OF TYPE O(I)-->H-N(I-3), SAME NUMBER PER 100 RESIDUES                              .
    0  0.0   TOTAL NUMBER OF HYDROGEN BONDS OF TYPE O(I)-->H-N(I-2), SAME NUMBER PER 100 RESIDUES                              .
    0  0.0   TOTAL NUMBER OF HYDROGEN BONDS OF TYPE O(I)-->H-N(I-1), SAME NUMBER PER 100 RESIDUES                              .
    0  0.0   TOTAL NUMBER OF HYDROGEN BONDS OF TYPE O(I)-->H-N(I+0), SAME NUMBER PER 100 RESIDUES                              .
    0  0.0   TOTAL NUMBER OF HYDROGEN BONDS OF TYPE O(I)-->H-N(I+1), SAME NUMBER PER 100 RESIDUES                              .
   67  7.5   TOTAL NUMBER OF HYDROGEN BONDS OF TYPE O(I)-->H-N(I+2), SAME NUMBER PER 100 RESIDUES                              .
  113 12.7   TOTAL NUMBER OF HYDROGEN BONDS OF TYPE O(I)-->H-N(I+3), SAME NUMBER PER 100 RESIDUES                              .
  235 26.4   TOTAL NUMBER OF HYDROGEN BONDS OF TYPE O(I)-->H-N(I+4), SAME NUMBER PER 100 RESIDUES                              .
   22  2.5   TOTAL NUMBER OF HYDROGEN BONDS OF TYPE O(I)-->H-N(I+5), SAME NUMBER PER 100 RESIDUES                              .
  1  2  3  4  5  6  7  8  9 10 11 12 13 14 15 16 17 18 19 20 21 22 23 24 25 26 27 28 29 30     *** HISTOGRAMS OF ***           .
  0  0  0  6  0  1  2  4  5  5  1  1  1  0  1  1  0  0  0  1  0  0  0  0  0  1  0  0  0  0    RESIDUES PER ALPHA HELIX         .
  4  1  2  9  1  1  0  0  0  0  0  0  0  0  0  0  0  0  0  0  0  0  0  0  0  0  0  0  0  0    PARALLEL BRIDGES PER LADDER      .
  5  3  4  3  1  1  0  0  0  0  0  0  0  0  0  0  0  0  0  0  0  0  0  0  0  0  0  0  0  0    ANTIPARALLEL BRIDGES PER LADDER  .
  4  1  2  1  0  1  1  0  0  0  0  0  0  0  0  0  0  0  0  0  0  0  0  0  0  0  0  0  0  0    LADDERS PER SHEET                .
  #  RESIDUE AA STRUCTURE BP1 BP2  ACC     N-H-->O    O-->H-N    N-H-->O    O-->H-N    TCO  KAPPA ALPHA  PHI   PSI    X-CA   Y-CA   Z-CA            CHAIN
    1    1 A M              0   0  199      0, 0.0     2,-0.2     0, 0.0     0, 0.0   0.000 360.0 360.0 360.0 157.4  -30.1  -17.8   12.3               
    2    2 A S        -     0   0  106      1,-0.1     4,-0.0     2,-0.0     0, 0.0  -0.581 360.0 -92.6 -69.4 145.0  -30.4  -18.7    8.6               
    3    3 A N    >   -     0   0   31     -2,-0.2     3,-1.8     1,-0.2     4,-0.1  -0.417  32.4-142.7 -57.1 121.5  -29.4  -15.9    6.1               
    4    4 A P  T 3  S+     0   0   35      0, 0.0     3,-0.4     0, 0.0    -1,-0.2   0.726  99.4  55.0 -65.6 -20.2  -32.7  -14.0    5.4               
    5    5 A F  T >  S+     0   0   30     42,-0.3     3,-2.4    45,-0.2     4,-0.3   0.267  70.4 112.4 -93.6   9.7  -31.7  -13.5    1.8               
    6    6 A A  G X   +     0   0   55     -3,-1.8     3,-1.1     1,-0.3    -1,-0.2   0.739  66.6  69.2 -57.2 -22.3  -31.1  -17.3    1.2               
    7    7 A H  G 3  S+     0   0  135     -3,-0.4    -1,-0.3     1,-0.2    -2,-0.1   0.674  90.8  61.1 -68.9 -18.2  -34.2  -17.2   -1.2               
    8    8 A L  G <  S+     0   0    1     -3,-2.4    15,-2.3    14,-0.0     2,-0.5   0.589  81.5 104.9 -78.8 -15.2  -32.0  -15.1   -3.7               
    9    9 A A  E <   +A   22   0A  21     -3,-1.1    13,-0.2    -4,-0.3    11,-0.0  -0.590  46.0 154.2 -75.3 121.3  -29.5  -18.0   -4.0               
   10   10 A E  E     -A   21   0A  48     11,-2.4    11,-2.1    -2,-0.5     2,-0.2  -0.942  48.4 -84.3-141.3 158.5  -29.8  -19.9   -7.3               
   11   11 A P  E     -A   20   0A  54      0, 0.0     9,-0.3     0, 0.0     7,-0.1  -0.449  24.1-150.9 -59.4 134.5  -27.7  -22.0   -9.7               
   12   12 A L  S    S+     0   0   16      7,-2.2     8,-0.1     4,-0.3     3,-0.0   0.832  91.1  27.4 -70.5 -34.5  -25.6  -20.0  -12.1               
   13   13 A D  S >  S-     0   0   50      6,-0.6     3,-1.5     3,-0.4     6,-0.3  -0.993  71.3-143.9-129.1 126.0  -25.9  -22.9  -14.6               
   14   14 A P  T 3  S+     0   0  114      0, 0.0    -1,-0.1     0, 0.0    -2,-0.0   0.769 105.8  58.6 -55.5 -26.8  -28.8  -25.5  -14.7               
   15   15 A V  T 3  S+     0   0  126      1,-0.2     3,-0.1     2,-0.1    -3,-0.0   0.722 110.5  42.8 -75.0 -21.9  -26.1  -28.1  -15.6               
   16   16 A Q    X   +     0   0   83     -3,-1.5     3,-2.4     3,-0.1    -3,-0.4  -0.551  66.6 165.3-122.4  67.4  -24.3  -27.3  -12.3               
   17   17 A P  T 3  S+     0   0   82      0, 0.0    -1,-0.1     0, 0.0    -2,-0.1   0.677  73.5  63.7 -63.1 -18.0  -27.1  -27.0   -9.6               
   18   18 A G  T 3  S+     0   0   56      1,-0.1     2,-0.7    -3,-0.1    -2,-0.0   0.539  88.1  77.6 -78.4  -9.9  -24.5  -27.3   -6.8               
   19   19 A K    <   +     0   0   62     -3,-2.4    -7,-2.2    -6,-0.3    -6,-0.6  -0.883  68.9 169.3-109.0  97.6  -22.8  -24.0   -7.9               
   20   20 A K  E     -Ab  11 195A  81    174,-3.2   176,-2.9    -2,-0.7     2,-0.3  -0.531  19.2-170.0-104.5 168.2  -25.0  -21.1   -6.7               
   21   21 A F  E     -Ab  10 196A   4    -11,-2.1   -11,-2.4   174,-0.2     2,-0.9  -0.974  36.2-102.4-149.9 158.7  -24.9  -17.3   -6.4               
   22   22 A F  E     -A    9   0A  10    174,-0.5     2,-1.2    -2,-0.3   -13,-0.2  -0.758  36.0-145.7 -79.1 106.0  -27.0  -14.6   -4.7               
   23   23 A N    >   -     0   0   21    -15,-2.3     3,-1.5    -2,-0.9     4,-0.1  -0.634  13.2-169.3 -77.1 100.3  -28.9  -13.1   -7.7               
   24   24 A L  G >  S+     0   0    1     -2,-1.2     3,-1.6     1,-0.3     5,-0.3   0.758  80.9  68.9 -64.5 -23.5  -29.1   -9.4   -6.7               
   25   25 A N  G >  S+     0   0   84    314,-0.3     3,-1.7     1,-0.3    -1,-0.3   0.774  85.5  71.1 -67.4 -22.1  -31.6   -8.7   -9.6               
   26   26 A K  G <  S+     0   0   96     -3,-1.5    -1,-0.3     1,-0.3    -2,-0.2   0.485  76.3  79.5 -73.1  -3.4  -34.1  -10.8   -7.6               
   27   27 A L  G <  S-     0   0   39     -3,-1.6    -1,-0.3     2,-0.1    -2,-0.2   0.674  90.1-148.5 -65.7 -20.2  -34.3   -7.9   -5.0               
   28   28 A E    <   +     0   0  184     -3,-1.7     2,-0.6     1,-0.2    -2,-0.1   0.755  48.0 143.1  52.5  30.4  -36.7   -6.3   -7.7               
   29   29 A D    >>  -     0   0   42     -5,-0.3     3,-1.4     1,-0.1     4,-0.5  -0.873  48.4-155.7-108.9 114.1  -35.3   -3.0   -6.5               
   30   30 A S  T 34 S+     0   0  108     -2,-0.6     4,-0.3     1,-0.3    -1,-0.1   0.691  90.9  69.2 -60.7 -20.4  -34.7   -0.2   -9.0               
   31   31 A R  T >> S+     0   0   65      1,-0.2     3,-1.5     2,-0.2     4,-0.8   0.860  87.1  67.2 -65.5 -34.9  -32.0    1.4   -6.7               
   32   32 A Y  G X4 S+     0   0    6     -3,-1.4     3,-1.4     1,-0.3    -1,-0.2   0.908  95.5  52.4 -55.6 -49.6  -29.6   -1.5   -7.3               
   33   33 A G  G 3< S+     0   0   41     -4,-0.5    -1,-0.3     1,-0.3    -2,-0.2   0.600 109.4  52.1 -66.0 -12.2  -29.0   -0.8  -11.0               
   34   34 A R  G <4 S+     0   0  102     -3,-1.5   320,-2.8    -4,-0.3    -1,-0.3   0.550  85.3 106.3 -99.2 -12.6  -28.0    2.9  -10.1               
   35   35 A L  S << S-     0   0    6     -3,-1.4   320,-0.1    -4,-0.8     5,-0.1  -0.426  82.6-102.1 -65.0 141.5  -25.5    2.0   -7.4               
   36   36 A P     >  -     0   0    0      0, 0.0     4,-2.0     0, 0.0     3,-0.5  -0.290  33.8-116.7 -52.5 144.8  -21.7    2.5   -8.2               
   37   37 A F  H  > S+     0   0    6      1,-0.2     4,-1.6     2,-0.2     5,-0.1   0.876 116.6  58.0 -63.6 -34.5  -20.2   -0.9   -9.0               
   38   38 A S  H  > S+     0   0    0      1,-0.2     4,-1.4     2,-0.2    -1,-0.2   0.896 108.2  47.1 -57.4 -39.1  -17.9   -0.6   -5.9               
   39   39 A I  H  > S+     0   0    0     -3,-0.5     4,-2.5     2,-0.2    -2,-0.2   0.852 104.4  60.4 -73.9 -32.3  -21.0   -0.2   -3.8               
   40   40 A R  H  X S+     0   0   16     -4,-2.0     4,-2.4     2,-0.2    -1,-0.2   0.872 103.2  52.3 -60.8 -36.0  -22.6   -3.3   -5.6               
   41   41 A V  H  X S+     0   0    5     -4,-1.6     4,-2.4     2,-0.2    -2,-0.2   0.921 109.6  48.1 -65.4 -42.7  -19.6   -5.3   -4.2               
   42   42 A L  H  X S+     0   0    5     -4,-1.4     4,-2.4     2,-0.2    -2,-0.2   0.911 111.9  50.7 -60.9 -42.0  -20.4   -4.1   -0.7               
   43   43 A L  H  X S+     0   0    0     -4,-2.5     4,-2.7     2,-0.2    -2,-0.2   0.914 110.3  48.6 -62.6 -46.0  -24.1   -5.0   -1.2               
   44   44 A E  H  X S+     0   0    1     -4,-2.4     4,-2.9     2,-0.2     5,-0.3   0.953 112.2  48.8 -57.1 -50.5  -23.2   -8.5   -2.4               
   45   45 A A  H  X S+     0   0    1     -4,-2.4     4,-1.6     1,-0.2    -2,-0.2   0.882 113.3  47.2 -61.1 -40.5  -20.9   -9.1    0.6               
   46   46 A A  H  < S+     0   0    2     -4,-2.4     4,-0.5     2,-0.2    -1,-0.2   0.942 114.1  46.7 -65.4 -46.9  -23.6   -7.8    3.1               
   47   47 A I  H >< S+     0   0    0     -4,-2.7     3,-1.0     1,-0.2   -42,-0.3   0.938 114.2  46.9 -61.6 -48.5  -26.4   -9.9    1.5               
   48   48 A R  H 3< S+     0   0   41     -4,-2.9    -1,-0.2     1,-0.2    -2,-0.2   0.838 119.4  40.5 -63.1 -33.7  -24.2  -13.1    1.4               
   49   49 A N  T 3< S+     0   0   40     -4,-1.6     2,-0.6    -5,-0.3    -1,-0.2   0.246  76.8 138.6-102.6  10.0  -23.0  -12.6    5.0               
   50   50 A C    <   +     0   0    3     -3,-1.0   -45,-0.2    -4,-0.5     6,-0.2  -0.445   9.0 152.6 -63.8 108.8  -26.3  -11.4    6.7               
   51   51 A D        -     0   0   52      4,-1.3     5,-0.2    -2,-0.6    -1,-0.2   0.339  59.7-116.5-118.3   1.7  -26.5  -13.2   10.1               
   52   52 A E  S    S+     0   0   72      3,-2.3     4,-0.2     1,-0.1    -2,-0.1   0.560 105.2  54.7  62.6  17.1  -28.6  -10.6   12.0               
   53   53 A F  S    S+     0   0  135      2,-0.5     3,-0.2     3,-0.0    -1,-0.1   0.519 118.4  18.5-132.5 -67.6  -25.7  -10.0   14.4               
   54   54 A L  S    S+     0   0   20      1,-0.3     2,-0.4    -5,-0.1    -4,-0.1   0.804 141.7  26.4 -76.7 -36.0  -22.4   -9.0   12.6               
   55   55 A V  S    S-     0   0    1     -6,-0.2    -3,-2.3    21,-0.1    -4,-1.3  -0.987  81.7-168.9-131.8 120.2  -24.4   -8.1    9.4               
   56   56 A K    >>  -     0   0   93     -2,-0.4     3,-1.5    -4,-0.2     4,-1.2  -0.776  36.9-112.8-107.4 153.3  -28.0   -7.0    9.8               
   57   57 A K  H 3> S+     0   0  104     -2,-0.3     4,-2.2     1,-0.3     5,-0.2   0.814 117.6  63.8 -47.1 -36.1  -30.9   -6.4    7.2               
   58   58 A Q  H 3> S+     0   0  113      2,-0.2     4,-2.4     1,-0.2    -1,-0.3   0.849  97.6  54.3 -62.2 -34.0  -30.6   -2.7    8.2               
   59   59 A D  H <> S+     0   0   20     -3,-1.5     4,-2.1     2,-0.2    -1,-0.2   0.915 107.8  50.0 -66.6 -40.5  -27.0   -2.6    6.8               
   60   60 A I  H  X S+     0   0    3     -4,-1.2     4,-2.7     2,-0.2    -2,-0.2   0.932 112.5  46.6 -62.0 -46.8  -28.3   -4.0    3.4               
   61   61 A E  H  X S+     0   0   71     -4,-2.2     4,-2.3     1,-0.2    -2,-0.2   0.903 110.3  53.7 -63.8 -38.4  -31.1   -1.4    3.3               
   62   62 A N  H  < S+     0   0   22     -4,-2.4     7,-0.3     2,-0.2    -2,-0.2   0.885 111.9  45.1 -61.5 -39.2  -28.5    1.3    4.2               
   63   63 A I  H >< S+     0   0    2     -4,-2.1     3,-1.6     1,-0.2    -2,-0.2   0.896 111.6  51.2 -71.7 -42.3  -26.3    0.1    1.2               
   64   64 A L  H 3< S+     0   0   10     -4,-2.7     3,-0.3     1,-0.3    -2,-0.2   0.883 112.3  47.8 -61.6 -35.9  -29.4   -0.0   -1.2               
   65   65 A H  T >X S+     0   0   69     -4,-2.3     4,-2.4     1,-0.2     3,-1.8   0.003  75.5 133.6 -90.2  26.3  -30.2    3.6   -0.1               
   66   66 A W  H <>  +     0   0    4     -3,-1.6     4,-2.6     1,-0.3    -1,-0.2   0.823  58.3  69.5 -48.6 -38.5  -26.6    4.6   -0.6               
   67   67 A N  H 34 S+     0   0   87     -3,-0.3    -1,-0.3     1,-0.2    -2,-0.1   0.806 117.4  22.2 -53.9 -33.4  -27.6    7.8   -2.5               
   68   68 A V  H X4 S+     0   0   54     -3,-1.8     3,-1.3    -6,-0.1    -1,-0.2   0.776 121.1  57.1 -98.8 -40.6  -29.0    9.3    0.8               
   69   69 A T  H ><>S+     0   0    6     -4,-2.4     3,-2.1    -7,-0.3     5,-0.9   0.801  89.1  74.2 -72.8 -23.5  -27.0    7.3    3.4               
   70   70 A Q  T 3<5S+     0   0   13     -4,-2.6    -1,-0.3     1,-0.3     3,-0.2   0.640  99.7  48.0 -57.6 -18.2  -23.6    8.3    2.0               
   71   71 A H  T < 5S+     0   0  112     -3,-1.3    -1,-0.3    -5,-0.2    -2,-0.2   0.338 100.2  67.3-102.4   2.1  -24.3   11.8    3.7               
   72   72 A K  T < 5S-     0   0  130     -3,-2.1    -2,-0.2   167,-0.1    -1,-0.1   0.274 100.6-120.8-108.7   7.3  -25.4   10.4    7.1               
   73   73 A N  T   5 +     0   0  130     -3,-0.2     2,-0.4     1,-0.2    -3,-0.1   0.834  50.3 172.7  50.0  37.3  -22.0    8.9    8.3               
   74   74 A I      < -     0   0   40     -5,-0.9   165,-2.9   165,-0.2     2,-0.3  -0.663  24.3-140.7 -76.2 126.0  -23.7    5.5    8.6               
   75   75 A E  E     -D  238   0B  43     -2,-0.4   163,-0.3   163,-0.3   -13,-0.1  -0.683  19.4-173.0 -82.9 140.1  -21.3    2.7    9.3               
   76   76 A V  E     -D  237   0B   3    161,-3.0   161,-2.1    -2,-0.3     2,-0.3  -0.982  25.1-115.2-129.0 144.5  -21.7   -0.7    7.6               
   77   77 A P  E     -D  236   0B  20      0, 0.0     2,-0.4     0, 0.0   159,-0.2  -0.602  26.9-163.3 -74.8 138.6  -19.9   -4.0    8.2               
   78   78 A F  E     -D  235   0B   2    157,-2.7   157,-2.8    -2,-0.3   -36,-0.1  -0.983   9.2-169.2-124.8 121.4  -17.7   -5.4    5.3               
   79   79 A K        -     0   0   35     -2,-0.4   -30,-0.1   155,-0.2   -24,-0.0  -0.903  19.3-152.8-103.9  97.7  -16.6   -9.0    5.2               
   80   80 A P        -     0   0   10      0, 0.0   121,-0.2     0, 0.0     3,-0.1  -0.259  20.3-121.5 -64.5 158.9  -13.9   -9.2    2.4               
   81   81 A A  S    S-     0   0    6    119,-0.7     2,-0.3   117,-0.1   120,-0.2   0.763  86.0  -3.2 -71.7 -28.4  -13.4  -12.5    0.5               
   82   82 A R  E     -e  201   0C   0    118,-1.5   120,-1.3    36,-0.2     2,-0.3  -0.966  61.6-125.0-155.6 170.5   -9.6  -12.7    1.5               
   83   83 A V  E     -ef 202 120C   0     36,-2.7    38,-2.3    -2,-0.3     2,-0.4  -0.932  15.4-159.7-120.4 145.1   -6.7  -11.0    3.3               
   84   84 A I  E     -ef 203 121C   1    118,-2.0   120,-2.0    -2,-0.3     2,-0.4  -0.989  11.5-169.1-126.1 140.1   -3.2  -10.1    1.8               
   85   85 A L  E     - f   0 122C   0     36,-2.9    38,-3.0    -2,-0.4     2,-0.3  -0.966  15.9-149.5-129.9 141.0   -0.1   -9.5    4.0               
   86   86 A Q  E >>  - f   0 123C  11     -2,-0.4     4,-2.9    36,-0.2     3,-1.9  -0.853  38.5-107.0-104.2 151.4    3.5   -8.1    3.5               
   87   87 A D  H 3> S+     0   0    0     36,-1.3     4,-1.7    -2,-0.3    37,-0.1   0.692 114.4  58.6 -60.1 -27.2    6.3   -9.5    5.8               
   88   88 A F  H 34 S+     0   0   20      1,-0.2    -1,-0.3     2,-0.2   625,-0.1   0.817 125.3  23.3 -67.7 -29.4    6.8   -6.4    8.0               
   89   89 A T  H <> S+     0   0    1     -3,-1.9     4,-1.4     2,-0.1    -2,-0.2   0.644 120.6  58.8-106.5 -22.3    3.0   -6.6    9.0               
   90   90 A G  H  X S+     0   0    0     -4,-2.9     4,-2.7     2,-0.2     5,-0.2   0.893  99.3  58.6 -76.4 -38.8    2.5  -10.3    8.3               
   91   91 A V  H  X S+     0   0    2     -4,-1.7     4,-2.4    -5,-0.2     5,-0.2   0.947 108.7  43.9 -55.1 -54.1    5.2  -11.4   10.8               
   92   92 A P  H  > S+     0   0    1      0, 0.0     4,-2.6     0, 0.0    -1,-0.2   0.896 113.0  53.1 -61.9 -35.5    3.5   -9.7   13.8               
   93   93 A A  H  X S+     0   0    0     -4,-1.4     4,-2.3     2,-0.2    -2,-0.2   0.923 111.7  44.2 -63.2 -42.5    0.1  -11.0   12.6               
   94   94 A V  H  X S+     0   0    1     -4,-2.7     4,-2.3     2,-0.2    -1,-0.2   0.878 112.6  53.7 -68.7 -35.5    1.5  -14.6   12.5               
   95   95 A V  H  X S+     0   0    4     -4,-2.4     4,-2.7    -5,-0.2    -2,-0.2   0.926 109.3  48.2 -60.7 -44.4    3.2  -13.9   15.9               
   96   96 A D  H  X S+     0   0    2     -4,-2.6     4,-2.7     2,-0.2    -2,-0.2   0.936 111.4  49.1 -66.4 -43.4   -0.2  -12.9   17.4               
   97   97 A F  H  X S+     0   0    2     -4,-2.3     4,-2.0     2,-0.2    -1,-0.2   0.902 112.1  49.5 -59.9 -41.7   -1.9  -16.0   16.0               
   98   98 A A  H  X S+     0   0    1     -4,-2.3     4,-1.7     2,-0.2    -2,-0.2   0.942 113.6  45.1 -62.8 -44.8    0.9  -18.2   17.5               
   99   99 A A  H  X S+     0   0    3     -4,-2.7     4,-2.3     1,-0.2    -2,-0.2   0.847 109.0  56.5 -69.4 -32.7    0.5  -16.4   20.9               
  100  100 A M  H  X S+     0   0    0     -4,-2.7     4,-2.9     2,-0.2    -1,-0.2   0.899 104.5  53.5 -62.9 -40.2   -3.3  -16.7   20.7               
  101  101 A R  H  X S+     0   0    2     -4,-2.0     4,-2.4     2,-0.2    -2,-0.2   0.927 109.6  47.7 -59.6 -44.3   -2.8  -20.5   20.2               
  102  102 A D  H  X S+     0   0   27     -4,-1.7     4,-2.3     2,-0.2    -2,-0.2   0.905 113.1  48.6 -61.7 -42.4   -0.7  -20.6   23.4               
  103  103 A A  H  X S+     0   0    7     -4,-2.3     4,-1.8     2,-0.2    -2,-0.2   0.937 111.2  48.5 -65.0 -46.7   -3.4  -18.5   25.3               
  104  104 A V  H  <>S+     0   0    0     -4,-2.9     5,-2.6     1,-0.2     3,-0.2   0.933 113.0  48.8 -59.3 -44.8   -6.3  -20.7   24.1               
  105  105 A K  H ><5S+     0   0  121     -4,-2.4     3,-1.6     1,-0.2    -1,-0.2   0.896 108.6  52.7 -62.6 -42.2   -4.4  -23.8   25.2               
  106  106 A K  H 3<5S+     0   0  167     -4,-2.3    -1,-0.2     1,-0.3    -2,-0.2   0.833 108.3  52.0 -61.3 -32.8   -3.6  -22.2   28.6               
  107  107 A L  T 3<5S-     0   0   45     -4,-1.8    -1,-0.3    -3,-0.2    -2,-0.2   0.339 124.9-105.9 -82.6   3.7   -7.4  -21.6   29.0               
  108  108 A G  T < 5S+     0   0   71     -3,-1.6    -3,-0.2     1,-0.3    -2,-0.1   0.502  80.2 126.2  82.4   7.1   -8.1  -25.3   28.2               
  109  109 A G  S   <S-     0   0   16     -5,-2.6    -1,-0.3    -6,-0.2   779,-0.2  -0.335  71.1 -88.5 -85.9 173.8   -9.4  -24.7   24.7               
  110  110 A D    >   -     0   0   71    777,-0.5     3,-1.3     1,-0.1     4,-0.3  -0.751  27.0-155.4 -84.3 114.4   -8.3  -26.1   21.3               
  111  111 A P  G >  S+     0   0   21      0, 0.0     3,-1.5     0, 0.0    -1,-0.1   0.759  88.8  71.1 -61.1 -24.2   -5.5  -24.1   19.7               
  112  112 A E  G 3  S+     0   0   75      1,-0.3   -11,-0.0   -11,-0.1    -2,-0.0   0.776  82.1  70.8 -69.1 -21.0   -6.5  -25.3   16.2               
  113  113 A K  G <  S+     0   0   97     -3,-1.3     2,-1.3     1,-0.1    -1,-0.3   0.764  80.4  84.0 -61.6 -25.6   -9.6  -23.1   16.4               
  114  114 A I    <   +     0   0    0     -3,-1.5    -1,-0.1    -4,-0.3   -13,-0.1  -0.697  69.2 117.7 -78.7  94.0   -7.1  -20.2   16.0               
  115  115 A N  S    S-     0   0   20     -2,-1.3     2,-0.1   115,-0.1    51,-0.1  -0.974  75.0 -88.3-154.7 146.9   -6.9  -20.3   12.2               
  116  116 A P        -     0   0    1      0, 0.0   115,-0.2     0, 0.0   114,-0.1  -0.400  30.4-162.1 -55.9 126.7   -7.7  -17.9    9.3               
  117  117 A V  S    S+     0   0   85    113,-2.9   114,-0.1   112,-0.2   113,-0.1   0.690  77.7  40.1 -87.2 -21.3  -11.3  -18.5    8.3               
  118  118 A C  S    S-     0   0   16    112,-0.3   -36,-0.2   111,-0.1     2,-0.1  -0.818 110.9 -74.3-115.6 161.5  -10.8  -16.8    4.8               
  119  119 A P        -     0   0   16      0, 0.0   -36,-2.7     0, 0.0     2,-0.4  -0.374  46.4-169.0 -55.5 130.0   -7.7  -17.1    2.5               
  120  120 A A  E     -fg  83 167C   0     46,-3.1    48,-2.7   -38,-0.2     2,-0.6  -0.986   1.1-167.6-124.1 114.4   -4.8  -15.2    3.8               
  121  121 A D  E     -fg  84 168C   4    -38,-2.3   -36,-2.9    -2,-0.4     2,-0.5  -0.923   1.4-166.3-106.6 116.9   -1.8  -14.7    1.4               
  122  122 A L  E     -fg  85 169C   0     46,-3.2    48,-3.2    -2,-0.6     2,-0.4  -0.912   3.7-163.7-101.1 125.6    1.5  -13.4    2.9               
  123  123 A V  E     -fg  86 170C   0    -38,-3.0   -36,-1.3    -2,-0.5     2,-0.9  -0.920  13.9-142.6-110.1 131.1    4.2  -12.2    0.4               
  124  124 A I        +     0   0    0     46,-1.6    49,-0.5    -2,-0.4    50,-0.3  -0.832  57.3 119.6 -93.8 101.2    7.8  -11.7    1.5               
  125  125 A D        +     0   0    1     -2,-0.9   378,-2.1    47,-0.1   379,-0.5   0.349  55.7  68.8-146.6  -1.5    9.0   -8.6   -0.4               
  126  126 A H  S    S+     0   0   10     -3,-0.2   376,-0.1   376,-0.2    -2,-0.1   0.409  85.5  72.4-102.4  -0.6   10.0   -5.9    2.2               
  127  127 A S  S    S+     0   0    5    583,-0.0     2,-0.1     2,-0.0    -1,-0.1   0.793  75.9  88.8 -86.6 -29.4   13.1   -7.8    3.5               
  128  128 A I        -     0   0    2    373,-0.1   376,-0.4     2,-0.0     2,-0.3  -0.418  55.0-167.0 -78.9 144.7   15.6   -7.3    0.6               
  129  129 A Q        -     0   0   34     13,-0.3     2,-1.7    -2,-0.1     3,-0.4  -0.914  32.7-113.7-126.6 153.5   17.9   -4.3    0.2               
  130  130 A V        +     0   0    1    379,-2.4   370,-0.1    -2,-0.3     3,-0.1  -0.494  59.2 142.9 -82.6  63.7   20.0   -2.9   -2.7               
  131  131 A D  S    S+     0   0   35     -2,-1.7     2,-0.3   368,-0.2    -1,-0.2   0.932  70.5  35.2 -68.3 -42.1   23.4   -3.6   -0.9               
  132  132 A F  S    S+     0   0   64     -3,-0.4     2,-0.3     6,-0.3    -1,-0.1  -0.842  71.8 157.0-113.9 145.3   25.0   -4.6   -4.3               
  133  133 A N        +     0   0   33     -2,-0.3   337,-0.1     1,-0.1   363,-0.1  -0.941  49.8  42.6-153.9 171.0   24.3   -3.1   -7.8               
  134  134 A R  S    S+     0   0   60    361,-0.8     2,-0.3   335,-0.3   362,-0.1   0.772  94.1  96.2  56.6  29.8   25.9   -2.6  -11.3               
  135  135 A R  S >  S-     0   0  140    360,-0.1     3,-2.0   363,-0.1     4,-0.3  -0.979  80.1-125.3-148.0 142.6   27.1   -6.2  -11.3               
  136  136 A A  T 3  S+     0   0  103     -2,-0.3     3,-0.3     1,-0.3     4,-0.2   0.711 113.0  52.0 -60.8 -24.3   25.7   -9.5  -12.8               
  137  137 A D  T 3> S+     0   0   67      1,-0.2     4,-2.4     2,-0.1    -1,-0.3   0.303  78.5 102.0 -94.2   6.7   26.0  -11.2   -9.2               
  138  138 A S  H <> S+     0   0    0     -3,-2.0     4,-2.3     1,-0.2    -6,-0.3   0.891  78.3  53.0 -61.1 -42.4   24.0   -8.3   -7.5               
  139  139 A L  H  > S+     0   0   43    359,-0.6     4,-2.3    -3,-0.3    -1,-0.2   0.957 112.6  42.7 -56.0 -55.9   20.7  -10.4   -7.3               
  140  140 A Q  H  > S+     0   0  102     -4,-0.2     4,-2.9     1,-0.2     5,-0.2   0.934 115.3  49.3 -61.0 -47.3   22.4  -13.4   -5.6               
  141  141 A K  H  X S+     0   0   71     -4,-2.4     4,-2.1     1,-0.2    -1,-0.2   0.855 111.7  48.3 -62.6 -38.8   24.5  -11.3   -3.2               
  142  142 A N  H  X S+     0   0    0     -4,-2.3     4,-2.1    -5,-0.2   -13,-0.3   0.893 113.8  47.4 -68.3 -38.7   21.4   -9.2   -2.1               
  143  143 A Q  H  X S+     0   0   34     -4,-2.3     4,-2.5     2,-0.2    -2,-0.2   0.897 110.9  51.6 -67.6 -39.9   19.4  -12.4   -1.6               
  144  144 A D  H  X S+     0   0   77     -4,-2.9     4,-2.6     2,-0.2    -2,-0.2   0.949 114.0  43.5 -61.3 -47.6   22.2  -14.1    0.4               
  145  145 A L  H  X S+     0   0   29     -4,-2.1     4,-2.3     2,-0.2    -2,-0.2   0.853 111.6  54.4 -66.0 -37.8   22.5  -11.0    2.7               
  146  146 A E  H  X S+     0   0    5     -4,-2.1     4,-1.6     2,-0.2    -2,-0.2   0.942 111.9  44.7 -57.4 -47.0   18.6  -10.8    2.9               
  147  147 A F  H  X S+     0   0   30     -4,-2.5     4,-1.1     2,-0.2    -2,-0.2   0.916 111.7  51.6 -68.1 -43.0   18.6  -14.5    4.1               
  148  148 A E  H  < S+     0   0  145     -4,-2.6     3,-0.5     1,-0.2    -1,-0.2   0.936 115.9  42.0 -54.7 -48.4   21.5  -13.9    6.6               
  149  149 A R  H  < S+     0   0   57     -4,-2.3    -1,-0.2     1,-0.2    -2,-0.2   0.750 124.0  35.0 -71.4 -30.3   19.7  -10.9    8.1               
  150  150 A N  H >X S+     0   0    1     -4,-1.6     4,-2.3    -3,-0.1     3,-0.7   0.260  74.9 120.2-116.3  10.2   16.2  -12.4    8.2               
  151  151 A R  H 3X S+     0   0  145     -4,-1.1     4,-2.9    -3,-0.5     5,-0.2   0.858  79.0  48.6 -45.9 -51.7   16.8  -16.2    9.0               
  152  152 A E  H 3> S+     0   0   60      1,-0.2     4,-2.0     2,-0.2    -1,-0.3   0.858 113.5  47.9 -59.8 -38.2   14.8  -16.2   12.3               
  153  153 A R  H <> S+     0   0    2     -3,-0.7     4,-2.6     2,-0.2    -1,-0.2   0.895 113.4  47.1 -68.8 -41.6   11.8  -14.4   10.5               
  154  154 A F  H  X S+     0   0    0     -4,-2.3     4,-3.0     2,-0.2    -2,-0.2   0.912 111.1  50.4 -71.1 -40.3   11.9  -16.8    7.5               
  155  155 A E  H  X S+     0   0   58     -4,-2.9     4,-2.3    -5,-0.2    -2,-0.2   0.927 113.6  47.9 -58.4 -43.6   12.1  -19.9    9.8               
  156  156 A F  H  X S+     0   0    1     -4,-2.0     4,-2.5    -5,-0.2    -2,-0.2   0.930 113.7  44.9 -64.5 -46.1    9.1  -18.5   11.7               
  157  157 A L  H  X S+     0   0    0     -4,-2.6     4,-2.6     2,-0.2     5,-0.2   0.942 110.8  54.3 -64.8 -43.2    7.1  -17.7    8.6               
  158  158 A K  H  X S+     0   0   31     -4,-3.0     4,-0.7     1,-0.2    -2,-0.2   0.926 110.4  47.2 -57.7 -42.6    8.0  -21.2    7.1               
  159  159 A W  H >X S+     0   0    4     -4,-2.3     4,-2.4     1,-0.2     3,-1.5   0.949 110.1  53.1 -57.9 -49.4    6.6  -22.7   10.4               
  160  160 A G  H 3X S+     0   0    0     -4,-2.5     4,-1.9     1,-0.3    -2,-0.2   0.871 102.7  57.7 -57.1 -38.3    3.4  -20.5   10.1               
  161  161 A S  H 3< S+     0   0   38     -4,-2.6    -1,-0.3     1,-0.2    -2,-0.2   0.714 115.7  36.6 -64.2 -23.1    2.8  -21.7    6.5               
  162  162 A Q  H << S+     0   0  100     -3,-1.5    -2,-0.2    -4,-0.7    -1,-0.2   0.739 116.9  51.0 -95.8 -33.8    2.7  -25.3    7.8               
  163  163 A A  H  < S+     0   0   11     -4,-2.4     2,-0.5    -5,-0.1    -2,-0.2   0.712 105.3  59.3 -81.4 -25.4    0.9  -24.6   11.1               
  164  164 A F  S >< S-     0   0    7     -4,-1.9     3,-0.7    -5,-0.2     2,-0.1  -0.930  70.4-143.5-113.2 130.5   -2.1  -22.5    9.7               
  165  165 A H  T 3  S+     0   0  124     -2,-0.5     3,-0.1     1,-0.2    -3,-0.0  -0.489  90.7  24.6 -78.1 157.9   -4.7  -23.6    7.2               
  166  166 A N  T 3  S+     0   0   80      1,-0.2   -46,-3.1    -2,-0.1     2,-0.7   0.468  97.9 114.8  57.2   4.8   -5.9  -20.9    4.7               
  167  167 A M  E <   -g  120   0C  13     -3,-0.7     2,-0.4   -48,-0.2   -46,-0.2  -0.907  44.8-176.4-104.1 108.5   -2.5  -19.2    5.3               
  168  168 A R  E     -g  121   0C  83    -48,-2.7   -46,-3.2    -2,-0.7     2,-0.5  -0.899   8.5-159.8-100.7 135.9   -0.3  -19.2    2.1               
  169  169 A I  E     -g  122   0C  12     -2,-0.4   -46,-0.2   -48,-0.2   -48,-0.1  -0.965   6.3-151.0-119.1 116.9    3.2  -17.8    2.4               
  170  170 A I  E     -g  123   0C   0    -48,-3.2   -46,-1.6    -2,-0.5   447,-0.1  -0.758  28.6-119.3 -82.8 122.5    5.0  -16.7   -0.9               
  171  171 A P    >   -     0   0    1      0, 0.0     3,-1.4     0, 0.0     4,-0.2  -0.161  32.3 -87.3 -61.7 157.2    8.8  -17.1   -0.5               
  172  172 A P  T 3  S+     0   0    0      0, 0.0   451,-0.2     0, 0.0   -47,-0.1  -0.292 114.5  32.0 -57.7 144.4   11.3  -14.2   -0.8               
  173  173 A G  T 3  S+     0   0    8    328,-0.7     3,-0.1   -49,-0.5   329,-0.1   0.360  88.6 103.2  85.1  -2.5   12.5  -13.6   -4.4               
  174  174 A S  S <  S-     0   0    8     -3,-1.4   302,-0.8     1,-0.3     2,-0.2   0.677  93.0 -85.2 -79.3 -21.2    9.1  -14.6   -5.9               
  175  175 A G  B     -I  475   0D   0    326,-0.5    -1,-0.3   -51,-0.3   300,-0.3  -0.766  55.5 -54.6 134.7 175.4    7.9  -11.0   -6.6               
  176  176 A I     >  -     0   0    0    298,-2.5     4,-2.7    -2,-0.2     5,-0.4  -0.595  47.1-112.3 -87.8 155.2    6.2   -8.2   -4.8               
  177  177 A I  H  > S+     0   0    1     -2,-0.2     4,-2.0     1,-0.2     5,-0.1   0.854 112.8  48.5 -52.4 -43.7    2.8   -8.4   -3.0               
  178  178 A H  H  > S+     0   0    8      2,-0.2     4,-2.2     3,-0.2    -1,-0.2   0.920 116.5  38.8 -72.9 -43.9    0.9   -6.1   -5.5               
  179  179 A Q  H  > S+     0   0    1      2,-0.2     4,-3.1     1,-0.2     5,-0.3   0.927 117.3  49.8 -75.6 -41.2    2.1   -7.7   -8.8               
  180  180 A V  H  X>S+     0   0    0     -4,-2.7     5,-2.1   294,-0.3     4,-2.0   0.889 111.8  51.6 -60.5 -37.3    1.9  -11.3   -7.4               
  181  181 A N  I  <>S+     0   0    4     -4,-2.0     5,-2.3    -5,-0.4    -2,-0.2   0.965 115.9  39.2 -61.0 -51.7   -1.6  -10.4   -6.2               
  182  182 A L  I  <5S+     0   0    2     -4,-2.2    -2,-0.2     1,-0.2    -3,-0.2   0.924 124.2  37.4 -63.5 -48.5   -2.7   -9.0   -9.7               
  183  183 A E  I  <5S+     0   0    7     -4,-3.1    -1,-0.2    -5,-0.1    -3,-0.2   0.735 137.1   3.2 -84.1 -22.6   -0.9  -11.7  -11.8               
  184  184 A Y  I  <5S+     0   0   70     -4,-2.0    -3,-0.2    -5,-0.3    -2,-0.1   0.714 123.7  47.4-133.5 -49.6   -1.5  -14.8   -9.7               
  185  185 A L  I   <S+     0   0    3     -5,-2.1    -4,-0.2     2,-0.0    -3,-0.2   0.760  83.8 103.2 -80.1 -25.7   -3.6  -14.6   -6.4               
  186  186 A A      < +     0   0    2     -5,-2.3     3,-0.1    -6,-0.3    -4,-0.0  -0.386  38.7 174.0 -62.3 129.6   -6.5  -12.6   -8.0               
  187  187 A R        -     0   0   75     -2,-0.2     2,-2.5     1,-0.1    -1,-0.1   0.672  18.5-159.0-106.3 -25.5   -9.7  -14.7   -8.6               
  188  188 A V  S    S+     0   0    4     10,-0.0    11,-2.6   145,-0.0     2,-0.4  -0.342  85.0  32.2  64.2 -50.0  -12.1  -11.9   -9.7               
  189  189 A V  E    S-C  198   0A   0     -2,-2.5     2,-0.2     9,-0.3   144,-0.1  -0.993  86.1-139.1-130.4 122.1  -14.9  -14.4   -8.8               
  190  190 A F  E     -C  197   0A   4      7,-2.6     7,-1.2    -2,-0.4     2,-0.4  -0.542   7.0-161.2 -69.7 144.0  -14.5  -16.9   -6.0               
  191  191 A D  E     +C  196   0A  57     -2,-0.2     2,-0.3     5,-0.2     5,-0.2  -0.922  38.8 143.3-121.0  96.2  -15.8  -20.4   -6.4               
  192  192 A Q  E >   -C  195   0A  51      3,-2.4     3,-2.3    -2,-0.4    -2,-0.0  -1.000  60.0  -6.3-144.3 136.1  -16.0  -21.6   -2.7               
  193  193 A D  T 3  S-     0   0  143     -2,-0.3     3,-0.1     1,-0.3    -1,-0.1   0.769 128.3 -53.4  52.1  33.8  -18.4  -23.8   -0.7               
  194  194 A G  T 3  S+     0   0   21      1,-0.2  -174,-3.2  -175,-0.1     2,-0.4   0.529 117.0 109.0  81.2   9.3  -20.8  -24.1   -3.6               
  195  195 A Y  E <   -bC  20 192A  77     -3,-2.3    -3,-2.4  -176,-0.2     2,-0.4  -0.945  56.0-149.6-120.5 141.3  -21.1  -20.3   -4.1               
  196  196 A Y  E     +bC  21 191A  11   -176,-2.9  -174,-0.5    -2,-0.4    -5,-0.2  -0.881  33.7 151.5 -94.6 134.1  -19.9  -17.7   -6.7               
  197  197 A Y  E     - C   0 190A  18     -7,-1.2    -7,-2.6    -2,-0.4     2,-0.1  -0.969  48.0 -79.3-156.3 160.4  -19.2  -14.2   -5.3               
  198  198 A P  E     - C   0 189A   6      0, 0.0    -9,-0.3     0, 0.0     2,-0.2  -0.362  44.3-114.5 -65.0 138.8  -16.9  -11.2   -6.2               
  199  199 A D        +     0   0    2    -11,-2.6    18,-0.8    16,-0.1     2,-0.3  -0.516  47.2 163.4 -62.2 136.4  -13.3  -11.3   -5.1               
  200  200 A S  E     + h   0 217C   1     -2,-0.2  -118,-1.5    16,-0.2  -119,-0.7  -0.960   8.0 174.0-157.4 150.0  -12.7   -8.6   -2.5               
  201  201 A L  E     -eh  82 218C   0     16,-2.1    18,-1.0    -2,-0.3     2,-0.3  -0.984  27.2-144.8-152.5 160.0   -9.8   -8.0   -0.1               
  202  202 A V  E     -eh  83 219C   0   -120,-1.3  -118,-2.0    -2,-0.3     2,-0.3  -0.952  25.2-167.0-122.4 153.2   -8.1   -6.0    2.5               
  203  203 A G  E     -eh  84 220C   0     16,-2.1    18,-2.9    -2,-0.3  -118,-0.2  -0.980  33.8-125.0-139.0 154.6   -4.3   -5.9    2.9               
  204  204 A T  S    S+     0   0    3   -120,-2.0     2,-0.4    -2,-0.3    19,-0.1   0.168  94.6  78.3 -83.7  21.0   -1.6   -4.7    5.4               
  205  205 A D  S >  S-     0   0   16   -121,-0.2     3,-1.6    14,-0.1    -2,-0.2  -0.995  79.3-137.4-125.8 134.5   -0.1   -2.6    2.5               
  206  206 A S  G >  S+     0   0   25     -2,-0.4     3,-0.8     1,-0.3    14,-0.6   0.810 101.9  62.0 -60.5 -30.3   -1.6    0.7    1.5               
  207  207 A H  G >   +     0   0   10      1,-0.2     3,-2.3     2,-0.1    -1,-0.3   0.256  64.2 109.5 -88.0  11.4   -1.1   -0.1   -2.2               
  208  208 A T  G X   +     0   0    4     -3,-1.6     3,-1.8     1,-0.3    -1,-0.2   0.818  63.1  80.4 -49.3 -30.1   -3.5   -3.2   -2.0               
  209  209 A T  G X   +     0   0    3     -3,-0.8     3,-1.6     1,-0.3     4,-0.4   0.625  65.5  87.5 -55.0 -17.0   -5.7   -0.8   -4.1               
  210  210 A M  G X  S+     0   0    2     -3,-2.3     3,-1.2     1,-0.3    88,-0.3   0.842  81.6  59.8 -51.2 -34.2   -3.6   -1.9   -7.2               
  211  211 A I  G X >S+     0   0    1     -3,-1.8     3,-2.0     1,-0.2     5,-1.3   0.723  83.9  77.3 -72.9 -18.0   -6.0   -4.8   -7.6               
  212  212 A D  G X 5S+     0   0    0     -3,-1.6    98,-2.1     1,-0.3     3,-1.5   0.784  82.1  70.0 -59.9 -25.2   -9.0   -2.4   -8.0               
  213  213 A G  G < 5S+     0   0    0     -3,-1.2    -1,-0.3    -4,-0.4    81,-0.2   0.698  98.9  47.7 -63.8 -21.2   -7.6   -1.9  -11.6               
  214  214 A L  G < 5S-     0   0    0     -3,-2.0    -1,-0.3     2,-0.2    -2,-0.2   0.333 128.0-100.5 -96.9   1.1   -8.8   -5.6  -12.3               
  215  215 A G  T < 5S+     0   0   10     -3,-1.5     2,-0.6     1,-0.3    97,-0.3   0.700  82.1 131.1  81.9  24.3  -12.3   -4.8  -10.8               
  216  216 A I      < -     0   0    0     -5,-1.3     2,-0.5    -7,-0.1    -1,-0.3  -0.951  57.4-130.2-104.4 118.2  -11.6   -6.5   -7.4               
  217  217 A L  E     +h  200   0C   0    -18,-0.8   -16,-2.1    -2,-0.6     2,-0.3  -0.556  49.4 132.1 -73.2 117.7  -12.6   -4.2   -4.5               
  218  218 A G  E     +h  201   0C   0     -2,-0.5    90,-0.3   -18,-0.2     2,-0.3  -0.977  24.9 177.5-166.6 158.1   -9.8   -3.8   -1.9               
  219  219 A W  E     -h  202   0C   4    -18,-1.0   -16,-2.1    -2,-0.3     2,-0.3  -0.903  38.1 -75.6-149.5 169.4   -7.7   -1.4    0.2               
  220  220 A G  E     +h  203   0C  12    -14,-0.6     2,-0.2    86,-0.3   -16,-0.2  -0.582  47.5 169.5 -76.3 135.7   -5.0   -1.1    2.9               
  221  221 A V        -     0   0    0    -18,-2.9     2,-0.1    -2,-0.3   558,-0.1  -0.794  36.5 -85.8-133.6 170.4   -5.8   -1.8    6.6               
  222  222 A G     >  -     0   0    0     -2,-0.2     4,-2.5   558,-0.1     5,-0.2  -0.418  38.8-111.0 -71.4 159.7   -3.9   -2.2    9.9               
  223  223 A G  H  > S+     0   0    0      1,-0.2     4,-2.8     2,-0.2     5,-0.2   0.903 120.3  53.2 -57.1 -37.9   -2.4   -5.6   11.0               
  224  224 A I  H  > S+     0   0    4      2,-0.2     4,-2.4     1,-0.2    -1,-0.2   0.890 109.7  46.6 -67.7 -41.5   -5.1   -5.8   13.8               
  225  225 A E  H  > S+     0   0   17      2,-0.2     4,-2.3     1,-0.2    -1,-0.2   0.905 112.8  50.2 -66.2 -39.4   -8.0   -5.2   11.3               
  226  226 A A  H  X S+     0   0    0     -4,-2.5     4,-2.6     2,-0.2    -2,-0.2   0.937 111.2  48.5 -63.1 -44.1   -6.4   -7.9    9.0               
  227  227 A E  H  X S+     0   0    0     -4,-2.8     4,-1.9     2,-0.2    -2,-0.2   0.915 109.2  54.6 -58.1 -43.3   -6.2  -10.3   12.0               
  228  228 A A  H  <>S+     0   0    6     -4,-2.4     5,-2.8     2,-0.2    -2,-0.2   0.925 110.1  45.2 -55.0 -49.5   -9.8   -9.4   12.8               
  229  229 A V  H ><5S+     0   0    6     -4,-2.3     3,-2.0     3,-0.2    -2,-0.2   0.915 110.1  53.4 -64.2 -44.0  -10.9  -10.4    9.2               
  230  230 A M  H 3<5S+     0   0    0     -4,-2.6  -113,-2.9     1,-0.3  -112,-0.3   0.844 108.3  52.4 -59.4 -30.6   -8.8  -13.6    9.4               
  231  231 A L  T 3<5S-     0   0    4     -4,-1.9    -1,-0.3  -115,-0.2    -2,-0.2   0.232 128.1-101.5 -88.2  11.0  -10.7  -14.4   12.6               
  232  232 A G  T < 5S+     0   0   22     -3,-2.0    -3,-0.2     1,-0.3    -2,-0.1   0.604  78.1 135.9  80.8  13.1  -14.1  -13.9   10.8               
  233  233 A Q      < -     0   0    4     -5,-2.8    -1,-0.3    -6,-0.2     2,-0.1  -0.702  51.7-124.4 -85.3 142.1  -14.8  -10.3   12.0               
  234  234 A P        -     0   0   16      0, 0.0     2,-0.4     0, 0.0  -155,-0.2  -0.467  20.7-116.7 -71.5 159.2  -16.1   -7.6    9.6               
  235  235 A I  E     -D   78   0B   6   -157,-2.8  -157,-2.7    -2,-0.1     2,-0.5  -0.820  26.6-131.8 -85.9 135.7  -14.4   -4.3    9.1               
  236  236 A S  E     +D   77   0B  33     -2,-0.4     2,-0.3  -159,-0.2   570,-0.1  -0.794  35.1 170.9 -85.3 129.9  -16.6   -1.4   10.1               
  237  237 A M  E     -D   76   0B   9   -161,-2.1  -161,-3.0    -2,-0.5     2,-0.2  -1.000  37.6-116.4-138.3 141.0  -16.6    1.4    7.5               
  238  238 A V  E     -D   75   0B  48     -2,-0.3  -163,-0.3  -163,-0.3  -168,-0.1  -0.576  51.5 -97.1 -63.4 133.3  -18.6    4.6    6.9               
  239  239 A L        -     0   0    2   -165,-2.9  -166,-0.2    -2,-0.2     2,-0.2  -0.419  54.1-128.5 -52.8 113.4  -20.6    4.2    3.7               
  240  240 A P        -     0   0    5      0, 0.0    36,-0.2     0, 0.0     2,-0.1  -0.428   3.8-120.7 -78.7 142.6  -18.2    6.0    1.4               
  241  241 A Q        -     0   0   52     34,-0.4    36,-2.9  -171,-0.2     2,-0.5  -0.497  31.0-138.0 -60.0 148.4  -19.0    8.8   -1.0               
  242  242 A V  E     -j  277   0E   0     34,-0.2   114,-2.3    -2,-0.1   115,-0.9  -0.966   9.4-155.9-122.0 114.5  -18.1    7.6   -4.6               
  243  243 A I  E     -jk 278 357E   0     34,-2.9    36,-2.4    -2,-0.5     2,-0.7  -0.827  14.2-140.8 -89.3 114.6  -16.4   10.1   -6.9               
  244  244 A G  E     -jk 279 358E   0    113,-2.4   115,-2.7    -2,-0.7     2,-0.8  -0.689  13.6-161.1 -74.0 114.8  -17.0    9.2  -10.6               
  245  245 A Y  E     -jk 280 359E   0     34,-2.7    36,-2.0    -2,-0.7     2,-0.6  -0.847   9.2-154.5-102.4  99.3  -13.7    9.9  -12.5               
  246  246 A R  E     -jk 281 360E  78    113,-3.0   115,-2.6    -2,-0.8     2,-0.5  -0.642   4.6-160.1 -80.2 117.6  -14.6   10.1  -16.2               
  247  247 A L  E     + k   0 361E   0     34,-2.9    37,-2.7    -2,-0.6    38,-0.5  -0.832  16.5 176.0 -95.9 132.4  -11.8    9.3  -18.6               
  248  248 A M  E     + k   0 362E  54    113,-2.3   115,-2.9    -2,-0.5   116,-0.2  -0.874  36.7   9.2-129.8 162.2  -12.2   10.6  -22.2               
  249  249 A G  S    S-     0   0   37     -2,-0.3    38,-0.1   113,-0.2    -2,-0.0  -0.122  84.8 -69.4  70.5-166.6  -10.1   10.6  -25.4               
  250  250 A K        -     0   0  140    112,-0.0    34,-0.1    37,-0.0    38,-0.0  -0.987  47.3-107.9-125.5 140.4   -6.9    8.8  -26.1               
  251  251 A P        -     0   0   19      0, 0.0   113,-0.2     0, 0.0   112,-0.1  -0.332  41.7 -98.8 -65.1 146.8   -3.4    9.5  -24.6               
  252  252 A H    >   -     0   0   97    111,-0.6     3,-2.2   114,-0.3   113,-0.0  -0.336  37.3-109.1 -58.4 147.4   -0.8   11.2  -26.8               
  253  253 A P  T 3  S+     0   0   83      0, 0.0    -1,-0.1     0, 0.0   340,-0.1   0.708 119.4  51.5 -58.1 -22.6    1.7    8.6  -28.3               
  254  254 A L  T 3  S+     0   0   85    338,-0.1     2,-0.4     2,-0.1    -2,-0.1   0.482  88.2 104.6 -87.1  -9.5    4.6    9.9  -26.0               
  255  255 A V    <   -     0   0   20     -3,-2.2     2,-0.2   111,-0.1   111,-0.0  -0.649  55.1-160.6 -81.0 129.1    2.4    9.6  -22.8               
  256  256 A T     >  -     0   0   18     -2,-0.4     4,-1.6     1,-0.1     3,-0.3  -0.523  37.0-101.0 -95.4 168.2    3.2    6.7  -20.4               
  257  257 A S  H  > S+     0   0    5      1,-0.2     4,-2.7     2,-0.2     5,-0.2   0.884 124.1  59.2 -55.7 -36.7    1.0    5.1  -17.7               
  258  258 A T  H  > S+     0   0    4      1,-0.2     4,-3.0     2,-0.2     5,-0.3   0.898 102.8  50.5 -56.8 -44.9    3.1    7.2  -15.2               
  259  259 A D  H  > S+     0   0    2     -3,-0.3     4,-1.6     2,-0.2   108,-0.2   0.889 111.8  47.8 -67.4 -37.7    2.1   10.5  -16.9               
  260  260 A I  H  X S+     0   0    5     -4,-1.6     4,-2.6     2,-0.2    -2,-0.2   0.970 115.1  44.6 -63.2 -54.3   -1.6    9.5  -16.7               
  261  261 A V  H  X S+     0   0    1     -4,-2.7     4,-3.4     1,-0.2    -2,-0.2   0.918 112.5  50.1 -65.3 -41.2   -1.4    8.5  -13.0               
  262  262 A L  H  X S+     0   0    3     -4,-3.0     4,-2.1     2,-0.2    -1,-0.2   0.860 112.7  48.9 -65.0 -32.9    0.7   11.5  -11.9               
  263  263 A T  H  X S+     0   0   15     -4,-1.6     4,-2.2    -5,-0.3    -2,-0.2   0.940 114.3  44.9 -67.4 -45.4   -1.9   13.8  -13.7               
  264  264 A I  H  X S+     0   0    0     -4,-2.6     4,-3.2     2,-0.2     5,-0.3   0.929 111.5  53.6 -62.0 -45.3   -4.8   11.9  -12.0               
  265  265 A T  H  X S+     0   0    0     -4,-3.4     4,-1.8     1,-0.2    -2,-0.2   0.915 111.2  45.5 -59.2 -46.7   -2.9   12.0   -8.6               
  266  266 A K  H  X S+     0   0   87     -4,-2.1     4,-1.3   110,-0.2    -1,-0.2   0.934 117.3  44.6 -58.3 -49.3   -2.5   15.9   -8.9               
  267  267 A H  H >X S+     0   0   54     -4,-2.2     4,-1.9     2,-0.2     3,-0.6   0.957 113.4  47.2 -66.5 -51.1   -6.2   16.3   -9.9               
  268  268 A L  H 3X>S+     0   0    0     -4,-3.2     4,-1.7     1,-0.3     5,-0.5   0.844 108.5  57.0 -62.6 -32.3   -7.8   14.0   -7.4               
  269  269 A R  H 3<5S+     0   0  118     -4,-1.8    -1,-0.3    -5,-0.3    -2,-0.2   0.866 108.5  46.9 -65.0 -35.4   -5.7   15.6   -4.6               
  270  270 A Q  H <<5S+     0   0  141     -4,-1.3    -2,-0.2    -3,-0.6    -1,-0.2   0.838 109.5  54.2 -71.6 -35.0   -7.2   19.0   -5.6               
  271  271 A V  H  <5S-     0   0   35     -4,-1.9    -2,-0.2    -5,-0.1    -1,-0.2   0.813 109.7-127.8 -66.5 -32.8  -10.7   17.5   -5.6               
  272  272 A G  T  <5 +     0   0   35     -4,-1.7    -3,-0.2    -5,-0.2    -2,-0.1   0.961  39.0 172.0  78.3  79.7  -10.3   16.1   -2.0               
  273  273 A V    > < +     0   0    1     30,-0.6     3,-1.9    -5,-0.5    33,-0.4   0.156  20.6 144.3-107.3  16.6  -11.1   12.4   -2.1               
  274  274 A V  T 3  S+     0   0  104      1,-0.3    31,-0.2    31,-0.2     3,-0.1  -0.386  78.1   7.8 -61.6 129.4  -10.0   11.5    1.5               
  275  275 A G  T 3  S+     0   0   50     29,-0.8   -34,-0.4     1,-0.3     2,-0.3   0.550 113.9 106.2  73.2  10.0  -12.3    8.8    3.0               
  276  276 A K    <   -     0   0   40     -3,-1.9    30,-2.7    28,-0.2    31,-0.7  -0.787  69.3-120.8-112.9 158.2  -14.1    8.4   -0.4               
  277  277 A F  E     -jl 242 307E   0    -36,-2.9   -34,-2.9    -2,-0.3     2,-0.5  -0.736  19.1-149.2 -86.3 147.1  -14.1    5.8   -3.2               
  278  278 A V  E     -jl 243 308E   0     29,-2.4    31,-2.0    -2,-0.3     2,-0.5  -0.993  12.2-168.4-112.3 126.5  -13.0    6.8   -6.7               
  279  279 A E  E     -jl 244 309E   1    -36,-2.4   -34,-2.7    -2,-0.5     2,-0.4  -0.979  13.7-141.0-118.4 121.6  -14.7    4.8   -9.5               
  280  280 A F  E     +j  245   0E   0     29,-2.7     2,-0.3    -2,-0.5   -34,-0.2  -0.689  33.8 153.7 -86.8 133.1  -13.3    5.2  -13.0               
  281  281 A F  E     +j  246   0E  12    -36,-2.0   -34,-2.9    -2,-0.4     3,-0.2  -0.868  15.2  70.9-147.9 177.0  -15.8    5.4  -15.9               
  282  282 A G  S >> S-     0   0    2     -2,-0.3     3,-1.8   -36,-0.2     4,-0.6  -0.051  87.9 -60.8  90.2 169.0  -16.4    6.6  -19.5               
  283  283 A P  T 34 S+     0   0   55      0, 0.0     4,-0.3     0, 0.0     3,-0.3   0.694 123.9  67.2 -66.3 -21.5  -15.0    5.7  -23.0               
  284  284 A G  T >4 S+     0   0    0    -37,-2.7     3,-1.2    -3,-0.2     4,-0.3   0.803  90.9  64.6 -66.6 -26.6  -11.4    6.5  -22.1               
  285  285 A V  G X4 S+     0   0    0     -3,-1.8     3,-1.8   -38,-0.5    -1,-0.2   0.900  94.6  58.7 -64.0 -38.3  -11.3    3.5  -19.6               
  286  286 A A  G 3< S+     0   0   28     -4,-0.6    -1,-0.3     1,-0.3    -2,-0.2   0.610 100.6  58.2 -66.0 -12.8  -11.8    1.1  -22.6               
  287  287 A Q  G <  S+     0   0   79     -3,-1.2     2,-0.4    -4,-0.3    -1,-0.3   0.503  93.1  84.7 -90.9  -9.3   -8.5    2.6  -24.1               
  288  288 A L  S <  S-     0   0    3     -3,-1.8    27,-0.1    -4,-0.3     2,-0.0  -0.833  73.8-134.4 -99.3 133.1   -6.5    1.6  -21.0               
  289  289 A S     >  -     0   0   42     -2,-0.4     4,-2.5     1,-0.1     5,-0.2  -0.290  32.1-105.1 -67.9 164.4   -5.0   -1.9  -20.4               
  290  290 A I  H  > S+     0   0    3     25,-0.2     4,-3.0     1,-0.2     5,-0.2   0.886 125.3  57.7 -59.9 -33.7   -5.3   -3.6  -17.0               
  291  291 A A  H  > S+     0   0   11      2,-0.2     4,-2.4     1,-0.2    -1,-0.2   0.926 108.0  45.0 -61.9 -42.2   -1.6   -2.7  -16.5               
  292  292 A D  H  > S+     0   0   29      2,-0.2     4,-2.2     1,-0.2    -2,-0.2   0.928 115.1  47.7 -65.4 -44.5   -2.5    1.0  -17.0               
  293  293 A R  H  X S+     0   0    0     -4,-2.5     4,-2.9     2,-0.2     5,-0.2   0.911 111.8  50.4 -62.4 -42.2   -5.6    0.7  -14.7               
  294  294 A A  H  X S+     0   0    0     -4,-3.0     4,-2.6     2,-0.2    -2,-0.2   0.905 108.6  51.8 -64.5 -41.6   -3.5   -1.1  -12.1               
  295  295 A T  H  X S+     0   0    0     -4,-2.4     4,-1.2     2,-0.2    -2,-0.2   0.923 113.9  45.1 -57.9 -44.3   -0.8    1.7  -12.2               
  296  296 A I  H  < S+     0   0    2     -4,-2.2     3,-0.5     2,-0.2    -2,-0.2   0.959 116.2  44.0 -63.2 -51.9   -3.6    4.2  -11.7               
  297  297 A A  H >< S+     0   0    0     -4,-2.9     3,-1.5     1,-0.2    -2,-0.2   0.811 105.4  63.1 -68.1 -30.2   -5.3    2.3   -8.8               
  298  298 A N  H 3< S+     0   0    0     -4,-2.6    -1,-0.2   -88,-0.3   -88,-0.2   0.912  98.7  55.9 -59.9 -39.6   -1.9    1.5   -7.2               
  299  299 A M  T >X S+     0   0    1     -4,-1.2     4,-1.4    -3,-0.5     3,-0.8   0.310  75.1 111.5 -78.3  10.4   -1.4    5.3   -6.6               
  300  300 A C  H <>>S+     0   0    0     -3,-1.5     4,-1.6     1,-0.2     5,-1.1   0.900  73.0  52.7 -50.8 -47.1   -4.8    5.5   -4.7               
  301  301 A P  H 345S+     0   0   32      0, 0.0    -1,-0.2     0, 0.0    -2,-0.1   0.814 105.0  58.0 -60.1 -29.4   -3.1    6.2   -1.3               
  302  302 A E  H <45S+     0   0    9     -3,-0.8    -2,-0.2     1,-0.2    75,-0.2   0.858 110.4  39.3 -77.1 -33.6   -1.2    9.1   -2.9               
  303  303 A Y  H  <5S-     0   0    1     -4,-1.4   -30,-0.6    -3,-0.4    -1,-0.2   0.645 117.9-118.9 -86.4 -10.3   -4.3   11.0   -4.0               
  304  304 A G  T  <5 +     0   0   16     -4,-1.6   -29,-0.8     1,-0.3   -28,-0.2   0.449  63.1 138.9  96.9   5.4   -5.9    9.9   -0.7               
  305  305 A A      < -     0   0    8     -5,-1.1    -1,-0.3   -31,-0.2   -28,-0.2  -0.368  54.6-132.9 -73.8 159.3   -8.9    7.8   -1.7               
  306  306 A T  S    S+     0   0   37    -30,-2.7   -86,-0.3   -33,-0.4     2,-0.3   0.888  88.8   7.0 -76.2 -40.3   -9.8    4.6    0.2               
  307  307 A A  E     -l  277   0E   0    -31,-0.7   -29,-2.4   -88,-0.1    -1,-0.3  -0.961  55.5-152.6-144.9 158.0  -10.3    2.6   -3.1               
  308  308 A A  E     -l  278   0E   0    -90,-0.3     2,-0.2    -2,-0.3   -29,-0.2  -0.669  30.5-164.5-134.0  70.3   -9.7    3.2   -6.9               
  309  309 A F  E     -l  279   0E   5    -31,-2.0   -29,-2.7    -2,-0.3   -96,-0.2  -0.434  21.7-177.1 -83.2 129.6  -12.3    1.0   -8.6               
  310  310 A F        -     0   0    0    -98,-2.1     3,-0.1    -2,-0.2   -29,-0.1  -0.953  32.0-128.6-113.7 107.4  -12.4   -0.1  -12.3               
  311  311 A P        -     0   0    2      0, 0.0     2,-0.2     0, 0.0     5,-0.1  -0.187  35.4 -92.5 -53.0 144.6  -15.5   -2.2  -13.0               
  312  312 A V  B     +m  343   0F   5     30,-0.5    32,-3.0   -97,-0.3     2,-0.2  -0.414  59.2 157.2 -64.8 129.6  -14.8   -5.6  -14.8               
  313  313 A D     >  -     0   0   10     30,-0.2     4,-1.6    -2,-0.2     3,-0.1  -0.623  59.6 -74.1-133.4-168.4  -15.1   -5.4  -18.6               
  314  314 A E  H  > S+     0   0   91     30,-0.3     4,-2.5     2,-0.2     5,-0.1   0.798 127.8  60.4 -68.0 -25.6  -13.8   -7.3  -21.7               
  315  315 A V  H  > S+     0   0   42      2,-0.2     4,-2.2     1,-0.2   -25,-0.2   0.915 103.5  52.3 -67.0 -37.3  -10.2   -5.8  -21.2               
  316  316 A S  H  > S+     0   0    0      2,-0.2     4,-2.0     1,-0.2    -2,-0.2   0.929 109.9  47.5 -60.3 -45.0  -10.3   -7.5  -17.7               
  317  317 A I  H  X S+     0   0   19     -4,-1.6     4,-2.0     2,-0.2    -2,-0.2   0.929 110.3  52.7 -62.8 -42.8  -11.2  -10.9  -19.4               
  318  318 A T  H  X S+     0   0   90     -4,-2.5     4,-2.5     1,-0.2    -2,-0.2   0.901 108.7  50.4 -59.1 -41.5   -8.5  -10.4  -22.0               
  319  319 A Y  H  X S+     0   0   19     -4,-2.2     4,-2.5     2,-0.2    -1,-0.2   0.896 106.6  53.6 -65.3 -40.0   -5.9   -9.8  -19.1               
  320  320 A L  H  <>S+     0   0    2     -4,-2.0     5,-2.6     2,-0.2    -2,-0.2   0.899 111.3  47.0 -63.2 -36.8   -7.0  -13.0  -17.3               
  321  321 A V  H ><5S+     0   0   73     -4,-2.0     3,-1.8     3,-0.2    -2,-0.2   0.951 111.6  50.7 -62.8 -49.2   -6.4  -14.9  -20.6               
  322  322 A Q  H 3<5S+     0   0   56     -4,-2.5   287,-0.3     1,-0.3    -2,-0.2   0.853 107.8  53.2 -59.5 -36.1   -3.0  -13.2  -21.0               
  323  323 A T  T 3<5S-     0   0    4     -4,-2.5    -1,-0.3    -5,-0.1    -2,-0.2   0.228 121.8-107.2 -85.9  12.0   -2.1  -14.2  -17.4               
  324  324 A G  T < 5 +     0   0   11     -3,-1.8    -3,-0.2     1,-0.2    -2,-0.1   0.705  56.2 169.0  75.5  23.6   -2.8  -17.8  -18.1               
  325  325 A R      < -     0   0   39     -5,-2.6    -1,-0.2    -6,-0.2     2,-0.1  -0.389  43.8 -94.2 -65.9 145.9   -6.1  -18.3  -16.2               
  326  326 A D    >>  -     0   0   81      1,-0.1     4,-2.0    -2,-0.1     3,-0.6  -0.330  24.5-128.1 -65.2 140.0   -8.1  -21.5  -16.9               
  327  327 A E  H 3> S+     0   0  148      1,-0.2     4,-2.2     2,-0.2     5,-0.1   0.865 109.6  56.3 -58.4 -39.7  -10.8  -21.4  -19.6               
  328  328 A E  H 3> S+     0   0  113      2,-0.2     4,-1.8     1,-0.2    -1,-0.2   0.885 107.9  49.8 -60.3 -36.2  -13.4  -22.9  -17.2               
  329  329 A K  H <> S+     0   0   86     -3,-0.6     4,-2.7     2,-0.2    -2,-0.2   0.942 108.4  51.6 -66.7 -46.0  -12.7  -20.1  -14.8               
  330  330 A L  H  X S+     0   0   23     -4,-2.0     4,-2.2     1,-0.2     5,-0.2   0.884 107.8  54.2 -58.5 -40.4  -13.1  -17.4  -17.5               
  331  331 A K  H  X S+     0   0  120     -4,-2.2     4,-2.1     1,-0.2    -1,-0.2   0.946 114.0  38.1 -59.7 -53.8  -16.5  -18.9  -18.4               
  332  332 A Y  H  X S+     0   0   39     -4,-1.8     4,-2.9     2,-0.2     5,-0.2   0.878 113.4  57.4 -70.9 -34.3  -18.1  -18.8  -14.9               
  333  333 A I  H  X S+     0   0    4     -4,-2.7     4,-2.5     2,-0.2     5,-0.2   0.961 113.1  39.2 -56.7 -54.6  -16.4  -15.4  -14.1               
  334  334 A K  H  X S+     0   0   57     -4,-2.2     4,-2.3     2,-0.2     5,-0.2   0.933 117.5  48.9 -63.2 -47.6  -18.0  -13.7  -17.1               
  335  335 A K  H  X S+     0   0   78     -4,-2.1     4,-2.3    -5,-0.2    -2,-0.2   0.902 114.0  46.4 -60.9 -44.7  -21.4  -15.5  -16.7               
  336  336 A Y  H  X S+     0   0    0     -4,-2.9     4,-2.3     2,-0.2     5,-0.2   0.963 112.2  48.8 -60.7 -54.4  -21.6  -14.6  -13.0               
  337  337 A L  H  <>S+     0   0    5     -4,-2.5     5,-3.0    -5,-0.2     6,-0.9   0.843 113.9  47.2 -61.7 -35.1  -20.6  -10.9  -13.4               
  338  338 A Q  H ><5S+     0   0  107     -4,-2.3     3,-1.5     4,-0.2    -1,-0.2   0.937 110.6  52.1 -66.1 -45.9  -23.2  -10.6  -16.2               
  339  339 A A  H 3<5S+     0   0   31     -4,-2.3  -314,-0.3     1,-0.3    -2,-0.2   0.828 115.5  41.1 -62.9 -33.9  -25.9  -12.3  -14.1               
  340  340 A V  T 3<5S-     0   0    0     -4,-2.3    -1,-0.3    -5,-0.1    -2,-0.2   0.286 113.8-116.2 -92.8   6.3  -25.3  -10.0  -11.1               
  341  341 A G  T < 5S+     0   0   24     -3,-1.5    -3,-0.2    -5,-0.2    -4,-0.1   0.848  82.8 119.4  62.0  33.2  -25.0   -6.8  -13.4               
  342  342 A M      < +     0   0    9     -5,-3.0     2,-0.6    -6,-0.2   -30,-0.5   0.196  43.5  97.7-110.1  10.2  -21.2   -6.3  -12.4               
  343  343 A F  B     -m  312   0F  35     -6,-0.9     2,-0.4    -5,-0.1   -30,-0.2  -0.923  66.2-153.2-100.6 114.5  -19.9   -6.6  -16.0               
  344  344 A R        -     0   0    5    -32,-3.0     2,-0.6    -2,-0.6   -30,-0.3  -0.739  22.5-160.7 -98.6 136.2  -19.5   -3.1  -17.5               
  345  345 A D    >   -     0   0   76     -2,-0.4     3,-2.6     3,-0.2     6,-0.2  -0.860  11.4-164.8-104.2  95.8  -19.5   -1.7  -21.1               
  346  346 A F  T 3  S+     0   0    6     -2,-0.6   -61,-0.1     1,-0.3    -1,-0.1   0.569  86.2  60.3 -59.4 -10.4  -17.7    1.6  -20.7               
  347  347 A N  T 3  S+     0   0  104    -65,-0.1    -1,-0.3     1,-0.1    -3,-0.0   0.519  89.9  79.4 -91.1  -8.8  -19.0    2.8  -24.2               
  348  348 A D    X   -     0   0   47     -3,-2.6     3,-1.1     1,-0.1    -3,-0.2  -0.884  58.2-173.1-100.2 103.3  -22.7    2.4  -23.0               
  349  349 A P  G >  S+     0   0   86      0, 0.0     3,-1.7     0, 0.0    -1,-0.1   0.680  78.8  75.0 -69.8 -17.0  -23.7    5.6  -20.9               
  350  350 A S  G 3  S+     0   0   93      1,-0.3    -2,-0.0     0, 0.0     0, 0.0   0.778  93.9  54.2 -66.8 -21.2  -27.0    3.9  -19.9               
  351  351 A Q  G <  S+     0   0   61     -3,-1.1    -1,-0.3    -6,-0.2    -5,-0.0   0.322  79.6 122.0 -89.1   1.5  -25.0    1.7  -17.5               
  352  352 A D    <   -     0   0   29     -3,-1.7     2,-0.0     1,-0.1   -71,-0.0  -0.561  57.1-140.2 -66.4 125.3  -23.4    4.8  -15.8               
  353  353 A P        -     0   0    8      0, 0.0     2,-0.6     0, 0.0  -318,-0.2  -0.271  25.1 -89.4 -77.7 171.0  -24.2    4.7  -12.1               
  354  354 A D        -     0   0   75   -320,-2.8     2,-0.3    -2,-0.0  -112,-0.1  -0.743  48.3-166.4 -81.2 121.1  -25.2    7.6   -9.8               
  355  355 A F        -     0   0   30     -2,-0.6  -112,-0.2     1,-0.1     3,-0.2  -0.742  31.2-125.0-103.4 157.6  -22.0    9.2   -8.3               
  356  356 A T  S    S-     0   0   40   -114,-2.3     2,-0.3     1,-0.3  -113,-0.2   0.887  98.1  -6.7 -61.7 -41.9  -21.6   11.7   -5.4               
  357  357 A Q  E     -k  243   0E  89   -115,-0.9  -113,-2.4     2,-0.0     2,-0.4  -0.967  68.6-137.1-152.8 144.7  -19.7   13.9   -7.8               
  358  358 A V  E     -k  244   0E  73     -2,-0.3     2,-0.3  -115,-0.2  -113,-0.2  -0.906  19.1-178.7-105.9 135.2  -18.3   13.6  -11.3               
  359  359 A V  E     -k  245   0E  12   -115,-2.7  -113,-3.0    -2,-0.4     2,-0.3  -0.974  13.8-150.2-127.1 144.0  -14.8   14.8  -12.3               
  360  360 A E  E     -k  246   0E  88     -2,-0.3     2,-0.3  -115,-0.2  -113,-0.2  -0.881  15.4-175.1-122.8 148.4  -13.4   14.5  -15.8               
  361  361 A L  E     -k  247   0E  13   -115,-2.6  -113,-2.3    -2,-0.3     2,-0.7  -0.948  16.6-149.0-137.9 121.8  -10.0   14.1  -17.5               
  362  362 A D  E >   -k  248   0E  58     -2,-0.3     3,-2.1  -115,-0.2     4,-0.3  -0.805  13.1-147.9 -82.4 116.0   -9.3   14.1  -21.3               
  363  363 A L  G >  S+     0   0    0   -115,-2.9     3,-1.1    -2,-0.7  -111,-0.6   0.717  94.0  70.1 -58.6 -22.3   -6.3   11.8  -21.8               
  364  364 A K  G 3  S+     0   0  157      1,-0.2    -1,-0.3  -116,-0.2  -115,-0.1   0.731  91.8  59.4 -66.5 -23.7   -5.3   14.0  -24.8               
  365  365 A T  G <  S+     0   0   90     -3,-2.1    -1,-0.2     2,-0.0     2,-0.2   0.537  81.8 107.4 -82.8  -9.8   -4.3   16.8  -22.2               
  366  366 A V    <   -     0   0    3     -3,-1.1  -114,-0.3    -4,-0.3  -106,-0.1  -0.503  50.1-173.6 -71.3 138.2   -1.8   14.5  -20.5               
  367  367 A V        -     0   0   66   -108,-0.2  -104,-0.1    -2,-0.2    -2,-0.0  -0.934  38.5 -77.9-129.3 153.6    1.9   15.4  -21.1               
  368  368 A P        +     0   0   41      0, 0.0    14,-2.4     0, 0.0    15,-0.4  -0.256  68.9 159.1 -50.2 128.0    5.2   13.7  -20.1               
  369  369 A C  E     -N  381   0G   0     12,-0.3   184,-0.3    13,-0.1     2,-0.2  -0.979  36.4-151.8-152.2 160.7    5.8   14.5  -16.5               
  370  370 A C  E     -N  380   0G   0     10,-2.7    10,-2.8    -2,-0.3     2,-0.4  -0.743  21.6-132.2-116.4 175.6    7.6   13.7  -13.2               
  371  371 A S  E     -NO 379 551G   0    180,-1.9   180,-2.6     8,-0.3     8,-0.3  -0.993  44.5 -25.9-131.5 135.9    6.4   14.4   -9.6               
  372  372 A G        -     0   0    0      6,-2.4   178,-0.2    -2,-0.4   166,-0.1  -0.981  24.1-132.4 165.3-174.5    8.6   16.0   -6.8               
  373  373 A P  S    S-     0   0    0      0, 0.0   176,-2.8     0, 0.0    27,-0.1  -0.993 116.3  -9.2 -90.6  -2.9   10.8   16.9   -5.1               
  374  374 A K  S    S+     0   0   13     25,-0.3   165,-0.3     1,-0.2   163,-0.1   0.488 121.4  46.7-134.1 -10.5    9.0   15.6   -1.9               
  375  375 A R    >   -     0   0   61    174,-0.2     3,-0.9    24,-0.1    -1,-0.2  -0.992  66.2-130.8-139.3 151.6    5.4   14.5   -2.8               
  376  376 A P  T 3  S+     0   0    1      0, 0.0  -110,-0.2     0, 0.0  -111,-0.1   0.784 106.6  56.7 -72.3 -28.0    3.6   12.4   -5.5               
  377  377 A Q  T 3  S+     0   0   30    -75,-0.2     2,-2.0     1,-0.2  -108,-0.0   0.557  79.3  97.4 -77.5  -8.6    0.9   15.1   -6.3               
  378  378 A D    <   -     0   0   19     -3,-0.9    -6,-2.4    21,-0.1    -1,-0.2  -0.420  64.0-174.2 -81.9  61.4    3.7   17.7   -7.1               
  379  379 A K  E     -N  371   0G  44     -2,-2.0     2,-0.4    -8,-0.3    -8,-0.3  -0.411   9.2-176.1 -61.2 134.7    3.5   17.0  -10.9               
  380  380 A V  E     -N  370   0G   7    -10,-2.8   -10,-2.7    -2,-0.1     2,-0.1  -0.998  27.2-121.9-131.7 126.4    6.0   18.8  -13.1               
  381  381 A A  E >>  -N  369   0G  18     -2,-0.4     3,-1.9   -12,-0.2     4,-0.6  -0.477  25.3-120.6 -63.7 142.9    6.0   18.6  -16.9               
  382  382 A V  G >4 S+     0   0   16    -14,-2.4     3,-1.1     1,-0.3     4,-0.4   0.878 114.8  58.0 -55.4 -36.9    9.3   17.2  -18.3               
  383  383 A S  G 34 S+     0   0   56    -15,-0.4    -1,-0.3     1,-0.2     4,-0.2   0.680 110.6  42.6 -62.7 -22.6    9.7   20.5  -20.3               
  384  384 A D  G <> S+     0   0   80     -3,-1.9     4,-2.8     1,-0.1    -1,-0.2   0.423  83.7 102.6-103.6  -2.8    9.6   22.5  -17.0               
  385  385 A M  H <X S+     0   0    0     -3,-1.1     4,-2.4    -4,-0.6     5,-0.2   0.869  81.0  47.5 -58.2 -45.2   11.8   20.3  -14.8               
  386  386 A K  H  > S+     0   0   58    182,-0.4     4,-2.3    -4,-0.4    -1,-0.2   0.943 116.6  44.4 -59.1 -48.7   15.0   22.4  -14.9               
  387  387 A K  H  > S+     0   0  154      2,-0.2     4,-2.2    -4,-0.2    -2,-0.2   0.871 112.5  51.4 -65.6 -42.8   13.0   25.6  -14.1               
  388  388 A D  H  X S+     0   0   40     -4,-2.8     4,-1.9     2,-0.2    -2,-0.2   0.949 112.3  46.2 -61.4 -47.2   10.9   23.9  -11.3               
  389  389 A F  H  X S+     0   0    0     -4,-2.4     4,-1.6     2,-0.2    -2,-0.2   0.915 111.2  51.1 -64.4 -43.2   14.1   22.6   -9.6               
  390  390 A E  H  X S+     0   0   70     -4,-2.3     4,-1.0     1,-0.2     3,-0.2   0.918 111.8  48.4 -61.3 -39.7   16.0   25.9   -9.8               
  391  391 A S  H  X S+     0   0   83     -4,-2.2     4,-1.0     1,-0.2    -1,-0.2   0.851 108.0  56.0 -64.4 -35.5   12.9   27.6   -8.2               
  392  392 A C  H  < S+     0   0    4     -4,-1.9    10,-2.0     2,-0.2    11,-0.5   0.818  97.7  63.2 -67.4 -32.2   12.9   24.9   -5.5               
  393  393 A L  H  < S+     0   0    1     -4,-1.6    11,-2.8    -3,-0.2     9,-0.3   0.955 112.1  33.3 -58.4 -52.2   16.5   25.7   -4.5               
  394  394 A G  H  < S+     0   0   42     -4,-1.0    -1,-0.2     9,-0.2    -2,-0.2   0.596  96.0 108.1 -82.0 -14.8   15.8   29.3   -3.3               
  395  395 A A  S  < S-     0   0   37     -4,-1.0     8,-2.4     5,-0.2     7,-0.3  -0.345  83.3 -88.9 -66.6 147.0   12.2   28.7   -2.0               
  396  396 A K        -     0   0  187      6,-0.2     4,-0.2     1,-0.2     5,-0.1  -0.191  61.5 -78.1 -51.7 143.4   11.6   28.7    1.8               
  397  397 A Q  S    S+     0   0  149      5,-0.2     2,-0.3     3,-0.1     5,-0.2  -0.150  90.2  91.6 -51.9 126.2   12.0   25.3    3.5               
  398  398 A G  S    S-     0   0   35      3,-1.8     3,-0.3    -3,-0.2    -1,-0.0  -0.953  93.3 -42.0 175.3-160.7    8.9   23.1    2.8               
  399  399 A F  S    S+     0   0  127     -2,-0.3   -25,-0.3     1,-0.2   -24,-0.1   0.804 141.3  22.9 -63.3 -29.1    7.5   20.5    0.4               
  400  400 A K  S    S+     0   0   57     -4,-0.2     2,-0.4   -27,-0.1    -5,-0.2   0.295 114.4  79.3-116.7   1.2    8.9   22.5   -2.7               
  401  401 A G        +     0   0    1     -3,-0.3    -3,-1.8    -5,-0.1    -8,-0.2  -0.940  39.1 178.8-127.4 142.7   11.7   24.5   -1.0               
  402  402 A F        -     0   0   16    -10,-2.0    -9,-0.2    -2,-0.4    -6,-0.2   0.495  39.8-132.9-110.5 -10.5   15.3   23.8    0.1               
  403  403 A Q        +     0   0  128     -8,-2.4     2,-0.5   -11,-0.5    -9,-0.2   0.811  43.7 163.0  55.9  36.6   16.2   27.3    1.4               
  404  404 A V        -     0   0   17    -11,-2.8    -1,-0.2   -12,-0.2    -2,-0.1  -0.748  43.1-117.2 -80.2 125.0   19.6   27.4   -0.4               
  405  405 A A    >   -     0   0   34     -2,-0.5     3,-2.1     1,-0.1     4,-0.4  -0.382  23.4-114.9 -63.5 142.4   20.8   31.0   -0.6               
  406  406 A P  G >  S+     0   0   97      0, 0.0     3,-1.3     0, 0.0     4,-0.2   0.812 114.8  60.3 -50.7 -36.8   21.1   32.3   -4.2               
  407  407 A E  G 3  S+     0   0  139      1,-0.2     3,-0.3     2,-0.1    -2,-0.0   0.742 106.2  48.4 -62.1 -24.3   25.0   32.7   -3.9               
  408  408 A H  G X  S+     0   0   88     -3,-2.1     3,-2.0     1,-0.2    -1,-0.2   0.393  79.5  99.6 -96.8  -1.5   25.2   28.9   -3.2               
  409  409 A H  T <  S+     0   0   39     -3,-1.3    17,-0.2    -4,-0.4    -1,-0.2   0.725  88.5  43.8 -63.2 -20.2   22.9   27.7   -6.2               
  410  410 A N  T 3  S+     0   0  116     -3,-0.3    -1,-0.3    -4,-0.2    -2,-0.1   0.180  83.7 136.8-108.1  12.4   26.1   26.9   -8.3               
  411  411 A D    <   +     0   0   58     -3,-2.0    15,-1.0   114,-0.1     2,-0.3  -0.308  27.5 173.4 -60.8 141.0   28.0   25.2   -5.4               
  412  412 A H  E     -T  425   0H 120     13,-0.2     2,-0.4   114,-0.1    13,-0.2  -0.973  21.3-148.5-148.0 159.0   29.7   22.0   -6.5               
  413  413 A K  E     -T  424   0H  73     11,-2.8    11,-2.7    -2,-0.3     2,-0.2  -0.990   9.9-144.0-137.7 125.3   32.1   19.4   -5.0               
  414  414 A T  E     +T  423   0H  64     -2,-0.4     2,-0.3     9,-0.2     9,-0.2  -0.582  26.3 169.1 -80.9 148.6   34.8   17.3   -6.7               
  415  415 A F  E     -T  422   0H  17      7,-2.3     7,-2.9    -2,-0.2     2,-0.5  -0.976  32.2-115.1-154.0 159.4   35.4   13.7   -5.6               
  416  416 A I  E     +T  421   0H 108     -2,-0.3     2,-0.4     5,-0.2     5,-0.2  -0.882  30.8 172.1-102.8 129.4   37.3   10.6   -6.7               
  417  417 A Y  E >  S-T  420   0H  49      3,-2.7     3,-2.1    -2,-0.5    49,-0.1  -0.996  74.5 -11.3-134.9 128.5   35.5    7.4   -7.7               
  418  418 A D  T 3  S-     0   0  118     -2,-0.4     3,-0.1     1,-0.3    -1,-0.1   0.878 128.1 -57.5  46.1  46.8   37.3    4.4   -9.3               
  419  419 A N  T 3  S+     0   0  164      1,-0.2     2,-0.4    -3,-0.0    -1,-0.3   0.576 117.9 110.3  61.7  14.6   40.4    6.6   -9.8               
  420  420 A T  E <   -T  417   0H  75     -3,-2.1    -3,-2.7     0, 0.0     2,-0.4  -0.942  68.3-125.9-115.8 136.6   38.4    9.2  -11.9               
  421  421 A E  E     +T  416   0H 132     -2,-0.4     2,-0.3    -5,-0.2    -5,-0.2  -0.693  33.0 177.2 -80.3 131.8   37.5   12.7  -10.7               
  422  422 A F  E     -T  415   0H  38     -7,-2.9    -7,-2.3    -2,-0.4     2,-0.4  -0.899  19.8-136.1-127.9 162.2   33.7   13.6  -10.8               
  423  423 A T  E     -T  414   0H  73     -2,-0.3     2,-0.4    -9,-0.2    -9,-0.2  -0.979   9.6-162.6-123.4 128.0   31.7   16.7   -9.8               
  424  424 A L  E     +T  413   0H   1    -11,-2.7   -11,-2.8    -2,-0.4     2,-0.2  -0.905  16.9 168.3-100.4 139.9   28.4   16.8   -7.9               
  425  425 A A  E >   -T  412   0H  28     -2,-0.4     3,-2.2   -13,-0.2   -13,-0.2  -0.822  50.6 -59.1-129.5 175.5   26.3   20.0   -7.9               
  426  426 A H  T 3  S+     0   0    3    -15,-1.0   102,-0.2     1,-0.3   141,-0.1  -0.388 126.8  25.9 -53.8 127.7   22.7   20.9   -6.8               
  427  427 A G  T 3  S+     0   0    0    100,-2.5   139,-2.5     1,-0.3   140,-0.3   0.328  83.6 150.9  94.0  -3.3   20.3   18.6   -8.7               
  428  428 A S  B <   -U  565   0I  10     -3,-2.2   101,-3.0   137,-0.2     2,-0.5  -0.385  46.6-127.4 -61.9 131.0   22.9   15.8   -9.3               
  429  429 A V  E     +p  529   0G   0    135,-2.1   101,-0.2   131,-0.2     3,-0.1  -0.714  39.0 161.7 -80.4 122.1   21.2   12.3   -9.7               
  430  430 A V  E     +     0   0G   0     99,-2.8    38,-2.5    -2,-0.5     2,-0.4   0.537  67.0  43.4-117.3 -16.2   22.9    9.8   -7.2               
  431  431 A I  E     +pq 530 468G   1     98,-1.4   100,-2.8    36,-0.2     2,-0.4  -0.996  56.7 175.4-130.4 128.7   20.1    7.2   -7.2               
  432  432 A A  E     +pq 531 469G   0     36,-2.6    38,-1.4    -2,-0.4     2,-0.5  -0.963  16.2 179.5-130.2 111.2   18.2    5.9  -10.3               
  433  433 A A  E     -pq 532 470G   0     98,-2.6   100,-2.1    -2,-0.4     2,-0.7  -0.936  28.6-159.1-127.1 118.9   15.8    3.1   -9.5               
  434  434 A I  E     - q   0 471G   1     36,-3.0    38,-2.8    -2,-0.5     2,-0.3  -0.843  36.5-162.2 -84.7 112.6   13.4    1.1  -11.6               
  435  435 A T     >> -     0   0    2     -2,-0.7     5,-0.8    36,-0.2     4,-0.5  -0.809  20.1-119.8-117.0 153.9   11.0   -0.2   -8.9               
  436  436 A S  T  45S+     0   0    1     66,-0.5    38,-0.3    -2,-0.3     5,-0.1   0.702  87.9  46.1 -65.1 -43.8    8.4   -3.0   -8.7               
  437  437 A C  T  45S+     0   0    3      3,-0.2     4,-0.5    66,-0.1    -1,-0.1   0.983 107.8  35.6 -79.8 -61.7    4.9   -1.8   -8.0               
  438  438 A T  T  45S+     0   0    3     95,-0.2    96,-0.1     1,-0.1  -140,-0.1   0.948 135.4   0.7 -63.4 -60.9    3.7    1.3  -10.0               
  439  439 A N  T ><5S+     0   0    1     94,-0.9     3,-1.9    -4,-0.5     7,-0.3   0.648 114.4  75.9-109.5 -22.2    5.3    0.8  -13.5               
  440  440 A T  T 3 <S+     0   0    0     -5,-0.8    34,-0.3     1,-0.3    35,-0.2   0.668  92.7  59.4 -77.0  -8.3    7.2   -2.5  -13.3               
  441  441 A S  T 3  S+     0   0    7     -4,-0.5    -1,-0.3    -5,-0.1    -2,-0.1   0.474  92.1  82.7 -82.4  -7.0    3.9   -4.3  -13.5               
  442  442 A N    <>  -     0   0    1     -3,-1.9     4,-1.8     1,-0.2     3,-0.3  -0.881  63.9-162.8-107.0 108.1    3.3   -2.6  -16.9               
  443  443 A P  H  > S+     0   0   15      0, 0.0     4,-3.1     0, 0.0     5,-0.4   0.859  86.6  61.1 -58.5 -35.7    5.1   -4.3  -19.9               
  444  444 A S  H  > S+     0   0   39      1,-0.2     4,-2.2     2,-0.2     5,-0.1   0.929 110.3  37.9 -59.7 -48.1    4.8   -1.3  -22.2               
  445  445 A V  H  > S+     0   0    5     -3,-0.3     4,-1.9     2,-0.2    -1,-0.2   0.830 118.0  50.7 -76.2 -29.2    6.9    1.0  -19.9               
  446  446 A M  H  X S+     0   0    0     -4,-1.8     4,-2.2    -7,-0.3    -2,-0.2   0.931 114.5  42.1 -73.1 -45.7    9.3   -1.7  -18.9               
  447  447 A L  H  X S+     0   0    0     -4,-3.1     4,-2.9     2,-0.2     5,-0.2   0.901 112.8  56.4 -65.1 -38.3   10.0   -2.8  -22.6               
  448  448 A G  H  X S+     0   0    0     -4,-2.2     4,-2.4    -5,-0.4    -2,-0.2   0.909 107.5  47.9 -56.8 -42.4   10.1    1.0  -23.4               
  449  449 A A  H  X S+     0   0    1     -4,-1.9     4,-2.6     2,-0.2    -2,-0.2   0.932 112.6  48.4 -65.8 -42.9   12.9    1.4  -20.7               
  450  450 A G  H  X S+     0   0    0     -4,-2.2     4,-2.4     2,-0.2    -2,-0.2   0.906 113.2  47.2 -62.4 -41.9   14.8   -1.6  -22.3               
  451  451 A L  H  X S+     0   0   21     -4,-2.9     4,-2.5     2,-0.2    -2,-0.2   0.889 112.1  49.9 -68.6 -39.0   14.4   -0.2  -25.8               
  452  452 A L  H  X S+     0   0    0     -4,-2.4     4,-2.7    -5,-0.2    -2,-0.2   0.927 110.6  50.7 -62.5 -44.0   15.5    3.3  -24.6               
  453  453 A A  H  X S+     0   0    0     -4,-2.6     4,-2.6     2,-0.2    -2,-0.2   0.928 110.6  49.7 -58.6 -45.3   18.6    1.6  -22.9               
  454  454 A K  H  X S+     0   0   81     -4,-2.4     4,-2.8     1,-0.2     5,-0.2   0.955 113.2  44.9 -56.7 -53.2   19.3   -0.2  -26.2               
  455  455 A K  H  X S+     0   0   53     -4,-2.5     4,-1.6   134,-0.2    -2,-0.2   0.859 113.1  52.1 -62.3 -37.2   19.1    3.0  -28.3               
  456  456 A A  H  <>S+     0   0    0     -4,-2.7     5,-2.8   133,-0.2    -1,-0.2   0.940 113.1  43.2 -63.4 -48.4   21.2    4.9  -25.7               
  457  457 A V  H ><5S+     0   0   28     -4,-2.6     3,-2.0     3,-0.2    -2,-0.2   0.932 113.0  51.5 -63.1 -46.9   24.0    2.2  -25.7               
  458  458 A D  H 3<5S+     0   0  105     -4,-2.8    -1,-0.2     1,-0.3    -2,-0.2   0.824 109.0  52.7 -61.5 -30.2   23.9    2.0  -29.5               
  459  459 A A  T 3<5S-     0   0   25     -4,-1.6    -1,-0.3    -5,-0.2    -2,-0.2   0.479 123.3-108.9 -80.2  -3.5   24.2    5.8  -29.6               
  460  460 A G  T < 5S+     0   0   52     -3,-2.0     2,-0.2     1,-0.3    -3,-0.2   0.688  70.6 142.6  80.8  20.7   27.4    5.6  -27.3               
  461  461 A L      < +     0   0   12     -5,-2.8     2,-0.3    -6,-0.1    -1,-0.3  -0.624  23.6 178.7 -87.1 152.8   25.7    7.0  -24.1               
  462  462 A N        -     0   0   98     -2,-0.2     2,-0.4   100,-0.2    32,-0.1  -0.965  30.0-108.9-146.8 162.3   26.4    5.7  -20.5               
  463  463 A V        -     0   0    5     -2,-0.3    99,-0.2    30,-0.2   100,-0.1  -0.781  46.0-100.1 -90.2 137.5   25.4    6.3  -16.9               
  464  464 A M    >   -     0   0   64     97,-0.7     3,-2.0    -2,-0.4    -1,-0.1  -0.340  32.9-126.5 -58.6 134.7   28.0    7.9  -14.6               
  465  465 A P  T 3  S+     0   0   45      0, 0.0     4,-0.1     0, 0.0    -1,-0.1   0.728 104.8  58.9 -68.4 -22.9   29.6    5.0  -12.5               
  466  466 A Y  T 3  S+     0   0    6    -49,-0.1     2,-0.6     2,-0.1    -2,-0.1   0.590  81.5 103.7 -76.8 -14.0   29.0    6.6   -9.1               
  467  467 A I  S <  S-     0   0    0     -3,-2.0     2,-1.0    94,-0.1   -36,-0.2  -0.616  77.8-127.9 -75.2 119.7   25.2    6.7   -9.7               
  468  468 A K  E     -q  431   0G   5    -38,-2.5   -36,-2.6    -2,-0.6     2,-0.3  -0.543  34.8-174.2 -72.5 101.6   23.4    4.0   -7.8               
  469  469 A T  E     +q  432   0G   0     -2,-1.0  -335,-0.3   -38,-0.2     2,-0.3  -0.688   6.1 172.6 -98.6 145.0   21.3    2.2  -10.5               
  470  470 A S  E     -q  433   0G   3    -38,-1.4   -36,-3.0    -2,-0.3     2,-0.5  -0.948  25.3-159.3-156.6 140.4   18.8   -0.6   -9.8               
  471  471 A L  E     -qr 434 498G   0     26,-2.0    28,-2.5    -2,-0.3    29,-0.7  -0.988  12.7-179.8-115.2 117.7   16.2   -2.8  -11.4               
  472  472 A S        -     0   0    3    -38,-2.8    29,-0.2    -2,-0.5   -32,-0.1  -0.868  16.0-155.2-114.7  90.6   13.7   -4.4   -9.0               
  473  473 A P        -     0   0    0      0, 0.0    29,-0.2     0, 0.0   -37,-0.2  -0.378  13.0-139.8 -59.3 141.5   11.2   -6.4  -11.1               
  474  474 A G  S    S+     0   0    0    -38,-0.3  -298,-2.5   -34,-0.3  -294,-0.3   0.668  83.6   6.2 -84.9 -11.0    7.8   -7.0   -9.4               
  475  475 A S  B >> S-I  175   0D   0   -300,-0.3     4,-0.9   -35,-0.2     3,-0.8  -0.971  78.8-104.9-152.8 167.0    7.6  -10.6  -10.6               
  476  476 A G  H 3> S+     0   0   19   -302,-0.8     4,-2.3    -2,-0.3     5,-0.1   0.757 113.9  71.7 -61.2 -22.7    9.8  -13.1  -12.4               
  477  477 A V  H 3> S+     0   0    1      2,-0.2     4,-2.5     1,-0.2     5,-0.2   0.882  94.2  53.5 -60.5 -38.9    7.6  -12.5  -15.6               
  478  478 A V  H <> S+     0   0    0     -3,-0.8     4,-1.8     2,-0.2    -1,-0.2   0.933 109.7  45.8 -64.5 -47.5    9.2   -9.0  -16.0               
  479  479 A T  H  X S+     0   0   11     -4,-0.9     4,-1.9     2,-0.2    -2,-0.2   0.924 111.7  55.4 -58.5 -43.8   12.7  -10.5  -15.9               
  480  480 A Y  H  X S+     0   0   69     -4,-2.3     4,-2.8     1,-0.2     3,-0.4   0.951 110.5  40.7 -58.7 -56.5   11.6  -13.2  -18.4               
  481  481 A Y  H  X S+     0   0    3     -4,-2.5     4,-2.0     1,-0.2     6,-0.2   0.809 113.3  55.2 -68.9 -26.8   10.2  -10.9  -21.1               
  482  482 A L  H  <>S+     0   0    0     -4,-1.8     6,-2.0    -5,-0.2     5,-1.1   0.842 113.4  42.8 -69.5 -33.6   13.2   -8.4  -20.7               
  483  483 A Q  H ><5S+     0   0  111     -4,-1.9     3,-1.7    -3,-0.4    -2,-0.2   0.957 115.5  47.2 -71.9 -51.9   15.6  -11.3  -21.3               
  484  484 A E  H 3<5S+     0   0  110     -4,-2.8    -2,-0.2     1,-0.3    -3,-0.2   0.841 109.1  54.0 -64.6 -34.6   13.5  -12.9  -24.3               
  485  485 A S  T 3<5S-     0   0   21     -4,-2.0    -1,-0.3    -5,-0.2    -2,-0.2   0.556 111.0-125.2 -73.5  -7.2   13.1   -9.4  -26.0               
  486  486 A G  T < 5S+     0   0   34     -3,-1.7     4,-0.3    -4,-0.1    -3,-0.2   0.581  81.7 111.0  75.4  12.2   17.0   -9.1  -25.8               
  487  487 A V    >>< +     0   0    2     -5,-1.1     4,-1.6    -6,-0.2     3,-0.9   0.722  52.3  82.3 -89.2 -21.7   16.9   -5.7  -24.0               
  488  488 A M  H 3> S+     0   0   16     -6,-2.0     4,-2.6     1,-0.2     5,-0.2   0.870  85.4  56.9 -54.3 -43.4   18.2   -6.9  -20.6               
  489  489 A P  H 3> S+     0   0   73      0, 0.0     4,-2.0     0, 0.0    -1,-0.2   0.855 108.0  49.0 -58.0 -33.9   22.0   -6.7  -21.6               
  490  490 A Y  H <> S+     0   0   55     -3,-0.9     4,-1.5    -4,-0.3    -2,-0.2   0.872 109.2  51.2 -75.0 -36.1   21.5   -3.0  -22.5               
  491  491 A L  H  <>S+     0   0    1     -4,-1.6     5,-2.6     2,-0.2     3,-0.4   0.958 111.9  48.2 -60.2 -48.5   19.8   -2.3  -19.1               
  492  492 A S  H ><5S+     0   0   40     -4,-2.6     3,-1.5     3,-0.2     5,-0.3   0.877 105.7  57.4 -60.0 -40.0   22.8   -4.0  -17.4               
  493  493 A Q  H 3<5S+     0   0  111     -4,-2.0   -30,-0.2     1,-0.3    -1,-0.2   0.867 108.2  46.9 -61.5 -33.7   25.3   -2.0  -19.5               
  494  494 A L  T 3<5S-     0   0    1     -4,-1.5    -1,-0.3    -3,-0.4    -2,-0.2   0.479 128.8-104.4 -81.4  -2.1   23.7    1.2  -18.1               
  495  495 A G  T < 5S+     0   0    3     -3,-1.5     2,-1.3    -4,-0.3  -361,-0.8   0.459  82.1 131.7  90.2   7.4   23.9   -0.5  -14.6               
  496  496 A F      < +     0   0    0     -5,-2.6    -4,-0.2    -6,-0.2     2,-0.1  -0.397  32.3 161.9 -84.4  56.8   20.2   -1.4  -14.3               
  497  497 A D        -     0   0   15     -2,-1.3   -26,-2.0    -5,-0.3     2,-0.5  -0.457  54.0 -94.2 -66.8 149.4   21.0   -5.0  -13.2               
  498  498 A V  B     +r  471   0G  20    -28,-0.2  -359,-0.6     1,-0.2   -26,-0.2  -0.567  48.3 174.9 -62.0 117.0   18.2   -7.1  -11.5               
  499  499 A V        -     0   0    0    -28,-2.5     2,-0.3    -2,-0.5  -367,-0.2   0.497  55.7 -41.8-105.6 -10.0   19.1   -6.4   -7.8               
  500  500 A G        -     0   0    0    -29,-0.7     2,-0.5  -358,-0.1    -1,-0.4  -0.903  49.1-100.5 163.3 169.8   16.1   -8.2   -6.2               
  501  501 A Y  S    S+     0   0   28     -2,-0.3  -328,-0.7   -29,-0.2  -326,-0.5  -0.881  81.6  86.2-118.4  88.4   12.3   -8.9   -6.3               
  502  502 A G  S    S-     0   0    0     -2,-0.5   -66,-0.5   -29,-0.2  -376,-0.2  -0.981  92.3 -85.2-173.5 167.4   11.0   -6.5   -3.6               
  503  503 A C  S >  S+     0   0    4   -378,-2.1     3,-1.8    -2,-0.3     4,-0.3   0.822  70.8 149.5 -58.9 -33.6    9.8   -3.0   -2.7               
  504  504 A M  G > > +     0   0    0   -379,-0.5     5,-2.1  -376,-0.4     3,-1.8   0.011  65.3  16.8  45.6-122.3   13.5   -2.0   -2.2               
  505  505 A T  G > 5S+     0   0    3      4,-0.4     3,-0.9     1,-0.3     5,-0.3   0.787 120.4  65.3 -54.1 -29.5   14.3    1.7   -3.0               
  506  506 A C  G < 5S+     0   0    5     -3,-1.8    -1,-0.3     1,-0.2    -2,-0.2   0.797 110.4  36.3 -65.2 -28.5   10.5    2.6   -2.8               
  507  507 A I  G < 5S-     0   0   36     -3,-1.8    -1,-0.2    -4,-0.3    -2,-0.2   0.313 128.2 -92.6-105.6   6.0   10.5    1.7    1.0               
  508  508 A G  T < 5S+     0   0   32     -3,-0.9     2,-0.4    -4,-0.4     3,-0.3   0.415  91.5 124.5  91.0   6.3   14.0    3.1    1.8               
  509  509 A N      < +     0   0   17     -5,-2.1  -379,-2.4     1,-0.2    -4,-0.4  -0.107  28.3 124.7 -83.2  36.0   15.8   -0.3    1.2               
  510  510 A S        -     0   0    2     32,-0.5    -1,-0.2    -2,-0.4    -5,-0.1   0.455  64.3-140.3 -73.0  -3.8   18.1    1.5   -1.4               
  511  511 A G        -     0   0   11     -3,-0.3  -380,-0.2    -7,-0.1    -1,-0.1   0.118  40.2 -35.4  60.2-178.4   21.2    0.4    0.6               
  512  512 A P        -     0   0   82      0, 0.0     3,-0.1     0, 0.0    -3,-0.0  -0.348  52.6-132.6 -72.0 146.2   24.3    2.6    1.2               
  513  513 A L        -     0   0   10      1,-0.1     2,-0.1    -2,-0.1   -46,-0.1  -0.576  46.6 -79.4 -78.4 158.6   25.7    5.1   -1.3               
  514  514 A P    >>  -     0   0   35      0, 0.0     4,-2.0     0, 0.0     3,-1.0  -0.401  41.8-120.9 -57.2 137.3   29.5    5.0   -2.0               
  515  515 A E  H 3> S+     0   0  129      1,-0.3     4,-2.8     2,-0.2     5,-0.2   0.885 111.3  53.9 -51.5 -46.3   31.4    6.8    0.8               
  516  516 A P  H 3> S+     0   0   46      0, 0.0     4,-2.1     0, 0.0    -1,-0.3   0.827 109.9  48.8 -61.0 -30.9   33.1    9.5   -1.6               
  517  517 A V  H <> S+     0   0    0     -3,-1.0     4,-2.5     2,-0.2    -2,-0.2   0.920 111.5  48.7 -71.5 -44.4   29.6   10.4   -2.9               
  518  518 A V  H  X S+     0   0   29     -4,-2.0     4,-2.3     2,-0.2     5,-0.2   0.919 113.4  47.9 -60.9 -44.5   28.2   10.7    0.7               
  519  519 A E  H  X S+     0   0   96     -4,-2.8     4,-3.1     2,-0.2     5,-0.3   0.932 111.6  49.5 -61.4 -47.4   31.2   12.9    1.7               
  520  520 A A  H  X S+     0   0    2     -4,-2.1     4,-1.8    -5,-0.2     6,-0.2   0.907 113.2  46.6 -61.5 -42.8   30.8   15.1   -1.5               
  521  521 A I  H  <>S+     0   0   10     -4,-2.5     5,-2.3     2,-0.2    -1,-0.2   0.911 117.7  43.0 -61.5 -45.9   27.0   15.6   -0.8               
  522  522 A T  H ><5S+     0   0   94     -4,-2.3     3,-1.0     3,-0.2    -2,-0.2   0.921 115.5  45.8 -72.7 -45.9   27.6   16.4    2.9               
  523  523 A Q  H 3<5S+     0   0  122     -4,-3.1    -1,-0.2     1,-0.2    -2,-0.2   0.811 119.0  42.4 -68.2 -33.9   30.7   18.7    2.5               
  524  524 A G  T 3<5S-     0   0   16     -4,-1.8    -1,-0.2    -5,-0.3    -2,-0.2   0.332 102.0-131.4 -87.4   1.0   29.0   20.7   -0.3               
  525  525 A D  T < 5 -     0   0  105     -3,-1.0    -3,-0.2     1,-0.2     2,-0.2   0.893  46.6-178.1  40.9  48.4   25.6   20.8    1.4               
  526  526 A L      < -     0   0    3     -5,-2.3     2,-1.5    -6,-0.2    21,-0.2  -0.443  38.8-128.8 -82.7 143.8   24.3   19.6   -2.0               
  527  527 A V        -     0   0    0     -2,-0.2  -100,-2.5    -3,-0.1     2,-0.2  -0.701  40.1-167.6 -85.0  81.8   20.6   19.0   -2.9               
  528  528 A A        -     0   0    2     -2,-1.5    20,-2.0    17,-0.4    19,-0.5  -0.486   7.9-133.2 -75.6 149.3   21.2   15.5   -4.3               
  529  529 A V  E     -ps 429 548G   0   -101,-3.0   -99,-2.8    -2,-0.2   -98,-1.4  -0.866  16.2-164.0-115.5 133.6   18.5   13.7   -6.3               
  530  530 A G  E     -ps 431 549G   0     18,-2.3    20,-2.7    -2,-0.4     2,-0.5  -0.953  11.1-165.4-101.8 134.4   16.9   10.3   -6.4               
  531  531 A V  E     +ps 432 550G   0   -100,-2.8   -98,-2.6    -2,-0.4     2,-0.3  -0.986  20.4 162.5-117.7 124.9   14.8    9.4   -9.5               
  532  532 A L  E     -ps 433 551G   0     18,-2.7    20,-2.1    -2,-0.5   -98,-0.2  -0.981  47.0-135.5-142.6 155.3   12.6    6.4   -9.2               
  533  533 A S  S    S+     0   0    0   -100,-2.1   -94,-0.9    -2,-0.3   -93,-0.3  -0.048  74.5 108.4 -96.2  29.2    9.5    4.7  -10.8               
  534  534 A G  S    S-     0   0    3   -101,-0.1     3,-0.1   -96,-0.1    -2,-0.1   0.017  79.8-103.7 -93.2-162.1    7.9    4.0   -7.4               
  535  535 A N  S    S+     0   0    2      1,-0.2     2,-0.4    16,-0.1    16,-0.1   0.718  93.8  46.5 -98.0 -30.9    4.9    5.4   -5.5               
  536  536 A R        +     0   0   23    -30,-0.1    -1,-0.2  -161,-0.1    -2,-0.1  -0.978  40.9 175.2-131.4 134.3    6.5    7.7   -2.9               
  537  537 A N        +     0   0    0     -2,-0.4    12,-0.3    12,-0.1     3,-0.1  -0.123  29.3 155.1-124.4  27.8    9.2   10.4   -3.1               
  538  538 A F    >>  -     0   0   85      1,-0.1     3,-1.9    10,-0.1     4,-1.0  -0.328  55.3 -94.8 -59.9 141.2    9.1   11.7    0.5               
  539  539 A E  T 34 S+     0   0   59   -165,-0.3     8,-0.1     1,-0.3    -1,-0.1  -0.354 111.4   9.9 -58.8 127.8   12.4   13.4    1.8               
  540  540 A G  T 34 S+     0   0   40      6,-0.9    -1,-0.3     3,-0.5     7,-0.1   0.284 108.9  91.2  77.9  -6.8   14.5   10.8    3.7               
  541  541 A R  T <4 S+     0   0   56     -3,-1.9    -2,-0.2     2,-0.1    -4,-0.1   0.886  90.0  39.8 -78.6 -44.4   12.2    7.9    2.6               
  542  542 A V  S  < S-     0   0    0     -4,-1.0   -32,-0.5     1,-0.3   -34,-0.1   0.964 139.3 -29.3 -70.6 -54.2   14.2    7.0   -0.6               
  543  543 A H    >   -     0   0   13      3,-0.3     3,-1.7   -34,-0.1    -3,-0.5  -0.949  54.6-118.2-159.2 147.6   17.7    7.5    1.0               
  544  544 A P  T 3  S+     0   0  102      0, 0.0    -3,-0.1     0, 0.0    -1,-0.0   0.809 114.7  51.8 -59.1 -29.8   19.0    9.7    3.9               
  545  545 A N  T 3  S+     0   0   37      1,-0.1     2,-0.7    -5,-0.1   -17,-0.4   0.361  91.7  84.7 -90.5   4.6   21.4   11.6    1.5               
  546  546 A T    <   +     0   0    1     -3,-1.7    -6,-0.9     1,-0.1    -3,-0.3  -0.852  44.1 170.8-110.5  99.1   18.7   12.4   -1.2               
  547  547 A R  S    S+     0   0   57     -2,-0.7     2,-0.4   -19,-0.5   -18,-0.2   0.799  73.8  49.5 -72.0 -30.0   16.8   15.7   -0.2               
  548  548 A A  E     + s   0 529G   0    -20,-2.0   -18,-2.3    -9,-0.1     2,-0.4  -0.946  68.3 178.4-112.7 132.0   15.1   15.8   -3.6               
  549  549 A N  E     - s   0 530G   0   -176,-2.8     2,-0.4    -2,-0.4   -18,-0.2  -0.999   8.0-162.2-135.5 135.5   13.2   12.7   -5.0               
  550  550 A Y  E     - s   0 531G   0    -20,-2.7   -18,-2.7    -2,-0.4     2,-0.4  -0.961  13.6-142.7-122.2 128.6   11.3   12.4   -8.3               
  551  551 A L  E     +Os 371 532G   3   -180,-2.6  -180,-1.9    -2,-0.4     2,-0.3  -0.763  38.3 158.2 -80.9 131.1    8.8    9.9   -9.5               
  552  552 A A        -     0   0    0    -20,-2.1  -182,-0.1    -2,-0.4     5,-0.0  -0.941  45.4 -87.7-146.4 162.5    9.2    9.2  -13.2               
  553  553 A S     >  -     0   0    0   -184,-0.3     4,-2.4    -2,-0.3     3,-0.4  -0.446  48.1-105.5 -66.7 151.8    8.5    6.5  -15.8               
  554  554 A P  H  > S+     0   0    0      0, 0.0     4,-1.8     0, 0.0     5,-0.2   0.880 123.2  51.9 -49.3 -40.9   11.1    3.7  -16.2               
  555  555 A P  H  > S+     0   0    4      0, 0.0     4,-2.4     0, 0.0     5,-0.1   0.911 111.1  47.4 -60.9 -40.8   12.4    5.3  -19.5               
  556  556 A L  H  > S+     0   0    2     -3,-0.4     4,-2.8     2,-0.2     5,-0.2   0.853 105.5  58.9 -70.0 -33.4   12.7    8.7  -17.8               
  557  557 A V  H  X S+     0   0    0     -4,-2.4     4,-1.7     2,-0.2    -1,-0.2   0.937 110.8  43.1 -56.9 -45.5   14.6    7.1  -14.8               
  558  558 A I  H  X S+     0   0    0     -4,-1.8     4,-2.4     2,-0.2    -2,-0.2   0.930 112.2  53.1 -66.6 -45.2   17.2    5.9  -17.4               
  559  559 A A  H  X S+     0   0    0     -4,-2.4     4,-2.5     1,-0.2    -2,-0.2   0.922 112.3  44.4 -57.6 -45.4   17.2    9.3  -19.2               
  560  560 A Y  H  X S+     0   0    0     -4,-2.8     4,-1.5     2,-0.2     5,-0.4   0.825 110.6  55.2 -69.5 -31.2   17.9   11.2  -15.9               
  561  561 A A  H  < S+     0   0    0     -4,-1.7   -97,-0.7    -5,-0.2    -2,-0.2   0.906 110.9  45.1 -65.3 -41.2   20.6    8.5  -15.0               
  562  562 A I  H  < S+     0   0    8     -4,-2.4    -2,-0.2     1,-0.2   -98,-0.2   0.938 114.9  47.4 -66.1 -46.9   22.4    9.2  -18.3               
  563  563 A A  H  < S-     0   0   15     -4,-2.5    -1,-0.2    -5,-0.2    -2,-0.2   0.760  94.3-149.9 -63.7 -29.0   22.0   13.0  -17.9               
  564  564 A G     <  +     0   0    3     -4,-1.5  -135,-2.1    -5,-0.2     2,-0.3   0.473  68.0  68.1  68.4   4.5   23.3   12.7  -14.2               
  565  565 A T  B     -U  428   0I  35     -5,-0.4  -137,-0.2  -137,-0.3     3,-0.2  -0.998  67.6-145.8-150.5 146.7   21.2   15.8  -13.3               
  566  566 A I  S    S+     0   0    0   -139,-2.5     2,-1.4    -2,-0.3  -177,-0.2   0.601  90.4  86.9 -79.4 -14.2   17.5   16.9  -12.9               
  567  567 A R        +     0   0   52   -140,-0.3     2,-0.4  -141,-0.1    -1,-0.2  -0.265  68.3 114.3 -82.0  47.9   18.7   20.4  -14.1               
  568  568 A I        -     0   0    9     -2,-1.4     2,-0.8    -3,-0.2  -182,-0.4  -0.971  58.0-152.0-125.2 134.3   18.2   19.4  -17.8               
  569  569 A D    >>  -     0   0   17     -2,-0.4     4,-2.9  -184,-0.1     3,-1.2  -0.902  14.6-162.5 -95.9  99.1   15.9   20.7  -20.5               
  570  570 A F  T 34 S+     0   0   11     -2,-0.8    16,-0.5  -188,-0.3    17,-0.4   0.609  86.8  56.2 -63.0 -13.3   15.6   17.5  -22.7               
  571  571 A E  T 34 S+     0   0  142     15,-0.1    -1,-0.3    14,-0.1  -188,-0.0   0.770 123.0  22.8 -82.9 -29.2   14.2   19.6  -25.6               
  572  572 A K  T <4 S+     0   0  152     -3,-1.2    -2,-0.2     1,-0.1    -1,-0.1   0.640 117.4  60.3-112.0 -23.9   17.2   22.0  -25.7               
  573  573 A E  S  < S-     0   0   61     -4,-2.9    13,-0.4    10,-0.0     2,-0.1  -0.904  77.3-123.6-116.9 135.2   20.1   20.1  -24.0               
  574  574 A P        -     0   0   37      0, 0.0    11,-0.3     0, 0.0     3,-0.1  -0.457  12.7-132.5 -72.3 151.5   21.7   16.7  -25.2               
  575  575 A L  S    S-     0   0   12      9,-2.3     2,-0.3     1,-0.2    10,-0.2   0.790  81.3 -44.1 -65.2 -32.0   21.8   13.7  -22.9               
  576  576 A G  E     -V  584   0J  23      8,-1.1     8,-2.7  -115,-0.1     2,-0.4  -0.974  57.0 -93.9-179.8 179.9   25.5   13.4  -24.0               
  577  577 A V  E     -V  583   0J  88     -2,-0.3     6,-0.2     6,-0.2     2,-0.0  -0.981  38.0-139.0-117.8 126.8   28.0   13.5  -26.8               
  578  578 A N    >   -     0   0   24      4,-2.4     3,-2.5    -2,-0.4  -118,-0.1  -0.228  35.9 -88.8 -78.7 174.8   29.0   10.2  -28.5               
  579  579 A A  T 3  S+     0   0  115      1,-0.3    -1,-0.1     2,-0.1  -119,-0.1   0.660 127.5  58.0 -58.9 -17.0   32.5    9.1  -29.6               
  580  580 A K  T 3  S-     0   0  175      2,-0.1    -1,-0.3     0, 0.0     3,-0.1   0.294 119.8-108.2 -91.8   4.5   31.9   10.9  -33.1               
  581  581 A G  S <  S+     0   0   56     -3,-2.5     2,-0.4     1,-0.3    -2,-0.1   0.574  72.4 145.0  75.8  10.8   31.2   14.3  -31.4               
  582  582 A Q        -     0   0  110     -4,-0.1    -4,-2.4     1,-0.0     2,-0.3  -0.699  50.6-127.6 -85.1 130.3   27.5   14.0  -32.1               
  583  583 A Q  E     -V  577   0J 119     -2,-0.4     2,-0.5    -6,-0.2    -6,-0.2  -0.620  21.9-153.9 -69.9 128.7   25.0   15.5  -29.6               
  584  584 A V  E     -V  576   0J  10     -8,-2.7    -9,-2.3    -2,-0.3    -8,-1.1  -0.949   9.6-163.1-110.9 119.7   22.3   12.8  -28.7               
  585  585 A F    >>  -     0   0   36     -2,-0.5     3,-1.3   -11,-0.3     4,-0.8  -0.605  33.9-108.7 -95.6 161.7   19.0   14.2  -27.5               
  586  586 A L  H >> S+     0   0   16    -16,-0.5     3,-1.0   -13,-0.4     4,-0.8   0.894 119.2  58.5 -56.1 -40.1   16.2   12.3  -25.6               
  587  587 A K  H 34 S+     0   0  157    -17,-0.4    -1,-0.3     1,-0.2     3,-0.1   0.748  98.4  59.8 -60.4 -27.0   14.0   12.4  -28.8               
  588  588 A D  H <4 S+     0   0   86     -3,-1.3    -1,-0.2     1,-0.2    -2,-0.2   0.749 115.9  32.0 -75.9 -24.7   16.8   10.5  -30.7               
  589  589 A I  H << S+     0   0    3     -3,-1.0  -134,-0.2    -4,-0.8  -133,-0.2   0.357  88.5 117.7-114.0   0.0   16.6    7.5  -28.3               
  590  590 A W     <  -     0   0   44     -4,-0.8     2,-0.2    -3,-0.1  -141,-0.1  -0.558  64.7-125.4 -72.8 127.2   12.9    7.5  -27.3               
  591  591 A P        -     0   0    4      0, 0.0     2,-0.1     0, 0.0    -1,-0.1  -0.512  21.2-124.1 -71.4 139.8   11.1    4.3  -28.4               
  592  592 A T     >  -     0   0   75     -2,-0.2     4,-2.0     1,-0.1     5,-0.2  -0.449  20.9-114.7 -74.3 155.3    7.9    4.7  -30.5               
  593  593 A R  H  > S+     0   0  108      1,-0.2     4,-2.7     2,-0.2     5,-0.2   0.863 117.6  54.6 -58.1 -36.7    4.6    3.2  -29.4               
  594  594 A D  H  > S+     0   0  123      2,-0.2     4,-2.2     1,-0.2    -1,-0.2   0.901 106.0  50.8 -68.9 -40.0    4.7    0.8  -32.4               
  595  595 A E  H  > S+     0   0   71      2,-0.2     4,-1.8     1,-0.2    -2,-0.2   0.929 114.2  45.4 -59.2 -45.4    8.2   -0.5  -31.5               
  596  596 A I  H  X S+     0   0   20     -4,-2.0     4,-2.9     1,-0.2    -2,-0.2   0.950 113.7  47.8 -64.4 -49.8    6.9   -1.2  -27.9               
  597  597 A Q  H  X S+     0   0   58     -4,-2.7     4,-2.4     1,-0.2    -1,-0.2   0.831 109.0  54.2 -64.2 -35.3    3.6   -2.8  -29.0               
  598  598 A A  H  X S+     0   0   59     -4,-2.2     4,-1.3     2,-0.2    -1,-0.2   0.948 113.7  41.7 -61.8 -47.1    5.4   -5.1  -31.5               
  599  599 A V  H  X S+     0   0   25     -4,-1.8     4,-2.4     2,-0.2     5,-0.4   0.931 114.2  52.4 -66.3 -44.7    7.8   -6.4  -28.7               
  600  600 A E  H  X S+     0   0   43     -4,-2.9     4,-2.5     1,-0.2    -2,-0.2   0.940 109.9  47.4 -58.8 -48.9    5.0   -6.6  -26.2               
  601  601 A R  H  < S+     0   0  199     -4,-2.4    -1,-0.2     1,-0.2    -2,-0.2   0.789 116.3  45.9 -61.6 -32.5    2.7   -8.8  -28.5               
  602  602 A Q  H  < S+     0   0  122     -4,-1.3    -1,-0.2    -3,-0.3    -2,-0.2   0.874 126.1  23.7 -78.7 -41.1    5.6  -11.0  -29.4               
  603  603 A Y  H  < S+     0   0   64     -4,-2.4     2,-1.2     1,-0.1    -2,-0.2   0.635 101.4  79.6-109.0 -17.1    7.1  -11.7  -25.9               
  604  604 A V     <  +     0   0    7     -4,-2.5    -1,-0.1    -5,-0.4    -4,-0.0  -0.594  66.5 148.9 -97.3  75.5    4.3  -11.1  -23.3               
  605  605 A I    >>  -     0   0   87     -2,-1.2     3,-1.1    -3,-0.1     4,-0.9  -0.763  59.8-112.2-113.1 155.0    2.4  -14.5  -23.7               
  606  606 A P  H 3> S+     0   0   49      0, 0.0     4,-2.1     0, 0.0     5,-0.2   0.771 110.3  66.1 -56.6 -32.4    0.3  -16.7  -21.3               
  607  607 A G  H 3> S+     0   0   43      1,-0.2     4,-2.4     2,-0.2     5,-0.1   0.888  98.2  53.7 -59.0 -37.6    3.0  -19.5  -21.3               
  608  608 A M  H <> S+     0   0    5     -3,-1.1     4,-2.6     2,-0.2     5,-0.2   0.909 107.4  49.4 -65.0 -44.9    5.5  -17.2  -19.5               
  609  609 A F  H  X S+     0   0    8     -4,-0.9     4,-2.5  -287,-0.3     5,-0.2   0.938 112.5  48.6 -60.3 -45.9    3.0  -16.5  -16.7               
  610  610 A K  H  X S+     0   0  114     -4,-2.1     4,-2.1     1,-0.2    -2,-0.2   0.917 112.8  48.0 -59.8 -44.6    2.3  -20.2  -16.2               
  611  611 A E  H  X S+     0   0   68     -4,-2.4     4,-0.8     2,-0.2    -2,-0.2   0.927 114.9  43.7 -64.3 -47.9    6.0  -21.1  -16.2               
  612  612 A V  H >< S+     0   0   27     -4,-2.6     3,-0.8     1,-0.2    -2,-0.2   0.944 117.8  44.7 -63.4 -47.3    7.0  -18.4  -13.6               
  613  613 A Y  H >< S+     0   0   12     -4,-2.5     3,-1.1     1,-0.2     4,-0.3   0.772 102.5  63.9 -77.5 -22.2    4.0  -19.0  -11.3               
  614  614 A Q  H 3< S+     0   0  166     -4,-2.1    -1,-0.2    -5,-0.2     3,-0.2   0.797 109.6  43.1 -62.5 -27.3    4.3  -22.8  -11.4               
  615  615 A K  T XX S+     0   0   96     -3,-0.8     4,-1.7    -4,-0.8     3,-0.8   0.339  81.2 110.0 -97.4   3.2    7.7  -22.3   -9.7               
  616  616 A I  T <4 S+     0   0    7     -3,-1.1     4,-0.2     1,-0.3    -1,-0.2   0.829  84.6  39.0 -57.6 -36.9    6.5  -19.6   -7.2               
  617  617 A E  T 34 S+     0   0  108     -4,-0.3    -1,-0.3    -3,-0.2     3,-0.2   0.734 123.8  41.1 -82.3 -21.7    6.8  -21.9   -4.1               
  618  618 A T  T <4 S+     0   0   89     -3,-0.8    -2,-0.2     1,-0.1    -1,-0.2   0.493  84.8  95.5-104.9  -7.9   10.1  -23.5   -5.3               
  619  619 A V  S  < S+     0   0   78     -4,-1.7     2,-0.7     1,-0.2    -1,-0.1   0.745  77.0  63.0 -62.7 -28.5   12.0  -20.4   -6.7               
  620  620 A N     >  -     0   0   17     -4,-0.2     4,-1.9    -3,-0.2    -1,-0.2  -0.850  59.9-175.1-106.2 102.6   14.0  -19.8   -3.5               
  621  621 A E  H  > S+     0   0  166     -2,-0.7     4,-2.1     2,-0.2    -1,-0.2   0.906  85.8  54.4 -62.4 -41.8   16.4  -22.7   -2.7               
  622  622 A S  H  4 S+     0   0   47      1,-0.2     4,-0.4     2,-0.2    -1,-0.2   0.911 109.4  48.4 -60.4 -43.2   17.5  -21.1    0.6               
  623  623 A W  H >4 S+     0   0    6      1,-0.2     3,-0.9     2,-0.2    -1,-0.2   0.882 111.7  49.7 -61.4 -41.2   13.8  -20.8    1.7               
  624  624 A N  H 3< S+     0   0   65     -4,-1.9    -2,-0.2     1,-0.2    -1,-0.2   0.823 104.6  58.7 -70.5 -29.3   13.2  -24.5    0.7               
  625  625 A A  T 3< S+     0   0   82     -4,-2.1     2,-0.5    -5,-0.1    -1,-0.2   0.508  79.0 116.3 -76.1  -7.7   16.3  -25.6    2.7               
  626  626 A L    <   -     0   0   16     -3,-0.9     2,-0.7    -4,-0.4    -3,-0.0  -0.524  59.6-146.6 -65.5 117.8   14.8  -24.1    6.0               
  627  627 A A        +     0   0   94     -2,-0.5  -468,-0.1  -469,-0.0    -2,-0.1  -0.777  25.6 174.4 -83.2 116.0   14.1  -26.9    8.5               
  628  628 A T        -     0   0   25     -2,-0.7     2,-0.1  -470,-0.1  -472,-0.0  -0.968  33.3-111.9-121.6 140.0   11.0  -26.0   10.5               
  629  629 A P        -     0   0   76      0, 0.0  -467,-0.1     0, 0.0     6,-0.0  -0.381  17.2-137.9 -59.5 148.3    9.2  -28.2   13.1               
  630  630 A S        +     0   0  110     -2,-0.1     2,-0.1  -468,-0.1  -471,-0.0   0.136  57.8 136.1 -90.5  13.9    5.7  -29.3   12.1               
  631  631 A D        -     0   0  104      1,-0.1  -469,-0.1     2,-0.1     4,-0.1  -0.406  60.1-134.6 -69.3 143.2    4.3  -28.6   15.6               
  632  632 A K  S    S+     0   0  105     -2,-0.1     2,-0.4     2,-0.1    -1,-0.1   0.706  93.0  55.4 -68.8 -23.2    1.0  -26.8   16.0               
  633  633 A L  S    S-     0   0   40   -532,-0.1     2,-0.3  -531,-0.0    -2,-0.1  -0.900  91.2-117.0-110.5 144.0    2.5  -24.4   18.7               
  634  634 A F        -     0   0   41     -2,-0.4     2,-0.9  -536,-0.2    -2,-0.1  -0.597  18.4-128.9 -82.1 136.8    5.6  -22.3   18.1               
  635  635 A F        -     0   0  163     -2,-0.3     2,-0.9    -4,-0.1    -1,-0.1  -0.742  23.7-143.4 -82.5 106.6    8.7  -22.9   20.2               
  636  636 A W        -     0   0   52     -2,-0.9     2,-0.7     1,-0.1     8,-0.1  -0.574   7.4-148.1 -74.7 104.3    9.7  -19.5   21.5               
  637  637 A N    >   -     0   0   81     -2,-0.9     3,-2.0     1,-0.2     6,-0.2  -0.613   1.7-151.8 -71.8 114.8   13.5  -19.2   21.5               
  638  638 A S  T 3  S+     0   0  110     -2,-0.7    -1,-0.2     1,-0.3    -2,-0.0   0.682  96.0  55.4 -63.6 -19.1   14.4  -16.9   24.5               
  639  639 A K  T 3  S+     0   0  173      2,-0.0    -1,-0.3    -3,-0.0    -2,-0.1   0.551  81.7 120.4 -86.0 -11.8   17.6  -15.8   22.7               
  640  640 A S    <   -     0   0    9     -3,-2.0    -4,-0.0     3,-0.2     0, 0.0  -0.265  40.7-174.7 -58.5 135.2   15.6  -14.7   19.6               
  641  641 A T  S    S+     0   0    9     76,-0.0    -1,-0.1    58,-0.0    74,-0.1   0.414  85.2  39.4-105.7  -2.6   15.9  -11.0   18.7               
  642  642 A Y  S    S+     0   0   15      1,-0.3     2,-0.5    72,-0.1    72,-0.4   0.729 114.9  42.2-113.4 -35.1   13.3  -11.2   15.9               
  643  643 A I        +     0   0    4     -6,-0.2     2,-0.3    72,-0.1    -1,-0.3  -0.973  63.5 155.6-129.3 114.7   10.5  -13.4   17.2               
  644  644 A K        -     0   0   70     70,-2.7    72,-0.3    -2,-0.5    -6,-0.1  -0.999  47.6-105.1-139.6 142.3    9.1  -13.2   20.7               
  645  645 A S        -     0   0   35     -2,-0.3  -549,-0.1    70,-0.1  -550,-0.0  -0.527  42.0-128.9 -62.0 120.9    5.8  -14.2   22.4               
  646  646 A P    >   -     0   0    7      0, 0.0     3,-0.5     0, 0.0    -1,-0.1  -0.448   7.4-130.7 -70.4 149.2    4.0  -10.9   23.0               
  647  647 A P  G >  S+     0   0   36      0, 0.0     3,-1.4     0, 0.0     4,-0.3   0.278  75.2 113.8 -84.3  11.6    2.6  -10.4   26.6               
  648  648 A F  G 3  S+     0   0   16      1,-0.3     3,-0.1     2,-0.1   233,-0.1   0.745  84.6  33.9 -55.4 -27.1   -0.9   -9.4   25.4               
  649  649 A F  G X  S+     0   0   20     -3,-0.5     3,-1.8     1,-0.1    -1,-0.3   0.297  81.0 109.5-113.9   2.7   -2.5  -12.5   26.9               
  650  650 A E  T <  S+     0   0  140     -3,-1.4    -2,-0.1     1,-0.3    -1,-0.1   0.831  92.9  30.0 -59.2 -35.2   -0.5  -13.2   30.1               
  651  651 A N  T 3  S+     0   0  155     -4,-0.3     2,-0.4    -3,-0.1    -1,-0.3   0.044  88.1 139.9-108.6  18.2   -3.3  -12.2   32.5               
  652  652 A L    <   -     0   0   23     -3,-1.8     2,-0.3     2,-0.0    -3,-0.1  -0.548  26.4-179.0 -71.6 126.8   -6.2  -13.2   30.3               
  653  653 A T        -     0   0   65     -2,-0.4     4,-0.1     2,-0.3   232,-0.1  -0.813  37.2-121.8-116.5 160.2   -9.2  -15.0   32.1               
  654  654 A L  S    S+     0   0   63     -2,-0.3     2,-0.3     2,-0.1    -1,-0.1   0.811  91.9  83.2 -69.3 -30.3  -12.5  -16.3   30.7               
  655  655 A D  S    S-     0   0  123      1,-0.1     2,-0.3    -3,-0.0    -2,-0.3  -0.579  83.4-123.9 -79.4 132.9  -14.5  -14.0   33.0               
  656  656 A L        -     0   0   97     -2,-0.3   220,-0.1     1,-0.0    -2,-0.1  -0.560  19.0-143.6 -73.3 135.3  -15.1  -10.4   31.9               
  657  657 A Q        -     0   0  117    218,-0.4     3,-0.1    -2,-0.3   220,-0.1  -0.848  25.9-108.0 -94.9 136.2  -14.0   -7.7   34.2               
  658  658 A P        -     0   0   81      0, 0.0     2,-0.2     0, 0.0   183,-0.1  -0.322  44.9 -94.6 -56.4 143.5  -16.1   -4.6   34.5               
  659  659 A P        -     0   0   26      0, 0.0     2,-0.4     0, 0.0   216,-0.1  -0.422  44.5-146.8 -62.4 130.2  -14.5   -1.5   32.8               
  660  660 A K        -     0   0  166     -2,-0.2    -3,-0.0    -3,-0.1     3,-0.0  -0.845  15.3-110.9-101.4 139.5  -12.6    0.5   35.5               
  661  661 A S        -     0   0   45     -2,-0.4     2,-0.5   178,-0.3   177,-0.2  -0.299  32.2-115.7 -56.4 145.7  -12.2    4.3   35.5               
  662  662 A I  E     -W  837   0K  14    175,-1.7   175,-2.1     3,-0.0     2,-0.4  -0.814  37.7-160.8 -86.4 122.8   -8.7    5.6   34.9               
  663  663 A V  E     -     0   0K  84     -2,-0.5   173,-0.2   173,-0.2   172,-0.1  -0.934  57.5 -14.9-116.3 132.2   -7.6    7.4   38.1               
  664  664 A D  E    S-     0   0K  60     -2,-0.4   172,-0.2     1,-0.2     2,-0.2   0.786  80.8-178.7  51.2  40.8   -4.7    9.9   38.5               
  665  665 A A  E     -W  835   0K   0    170,-2.7   170,-2.8    -3,-0.1     2,-0.2  -0.454  19.3-134.8 -71.0 140.7   -3.1    9.2   35.1               
  666  666 A Y  E     -x  766   0K  45     99,-2.4   101,-2.5   168,-0.2     2,-0.7  -0.623  19.2-115.7 -87.6 150.0    0.1   11.0   34.0               
  667  667 A V  E     -x  767   0K   0    164,-0.6    77,-0.2   166,-0.4   101,-0.2  -0.788  26.7-175.3 -84.4 114.7    0.6   12.4   30.5               
  668  668 A L  E    S+     0   0K   1     99,-2.7     2,-0.3    -2,-0.7    74,-0.2   0.868  73.1  14.6 -73.2 -39.6    3.5   10.5   28.9               
  669  669 A L  E     -x  768   0K   0     98,-0.7   100,-2.7    72,-0.1     2,-0.6  -0.999  55.8-158.7-141.8 135.5    3.4   12.8   25.8               
  670  670 A N  E     -x  769   0K   9     -2,-0.3    62,-3.0    98,-0.2    63,-0.4  -0.959  34.0-177.0-112.8 105.7    1.9   16.2   24.9               
  671  671 A L  B     -D  731   0L   2     98,-2.8    60,-0.1    -2,-0.6    -2,-0.0  -0.682  19.2-137.3-111.9 156.1    1.7   16.2   21.1               
  672  672 A G        -     0   0   16     58,-0.6    99,-2.1    -2,-0.2     3,-0.5   0.027  47.3 -49.5 -87.6-158.9    0.7   18.6   18.3               
  673  673 A D  S    S+     0   0   90      1,-0.2    -1,-0.2    98,-0.2   100,-0.2  -0.341 110.3  18.7 -75.1 157.0   -1.3   18.1   15.0               
  674  674 A S        +     0   0   51     98,-2.6     2,-1.0     1,-0.2    -1,-0.2   0.776  67.5 176.7  53.8  38.6   -0.7   15.4   12.3               
  675  675 A V        -     0   0   10     97,-0.5   100,-2.8    -3,-0.5   101,-0.6  -0.610  21.4-150.9 -68.8 105.9    1.3   12.9   14.4               
  676  676 A T  B >>  -f  776   0M  36     -2,-1.0     4,-1.7    99,-0.2     3,-1.2  -0.306  27.2-107.6 -75.7 162.6    1.7   10.1   11.9               
  677  677 A T  H 3> S+     0   0    4     99,-2.2     4,-2.7     1,-0.3   100,-0.1   0.714 120.5  64.8 -57.0 -23.0    2.1    6.3   12.6               
  678  678 A D  H 34 S+     0   0   54     98,-0.4    -1,-0.3     2,-0.2    99,-0.1   0.795 103.1  45.6 -71.4 -30.9    5.8    6.9   11.5               
  679  679 A H  H <4 S+     0   0   45     -3,-1.2    47,-0.9     2,-0.1    -2,-0.2   0.882 118.9  42.2 -73.0 -39.9    6.2    9.1   14.6               
  680  680 A I  H  < S+     0   0    0     -4,-1.7    44,-2.7     1,-0.2    45,-0.3   0.887 135.5  10.9 -75.1 -43.5    4.4    6.5   16.8               
  681  681 A S  S  < S-     0   0    0     -4,-2.7    -1,-0.2    42,-0.2    42,-0.2  -0.727  78.8-158.4-142.0  82.5    6.0    3.4   15.4               
  682  682 A P        -     0   0   14      0, 0.0    -4,-0.1     0, 0.0    -3,-0.1  -0.262   9.7-164.9 -59.9 150.1    9.0    4.0   13.0               
  683  683 A A        +     0   0   21     26,-0.2    27,-2.3    27,-0.1    28,-0.3   0.523  61.4  85.2-108.7 -13.5   10.0    1.3   10.5               
  684  684 A G  S    S-     0   0   43      1,-0.2    25,-2.8    25,-0.2    26,-0.3   0.248  89.0 -29.5 -77.1-160.6   13.5    2.7    9.6               
  685  685 A N  B     -G  708   0N 139     23,-0.2     2,-0.7     1,-0.1    23,-0.2  -0.164  58.3-118.2 -57.8 143.9   17.0    2.3   11.1               
  686  686 A I        -     0   0   10     21,-0.8    -1,-0.1    17,-0.1    20,-0.1  -0.735  33.5-123.0 -83.2 114.5   17.5    1.7   14.9               
  687  687 A A    >   -     0   0   41     -2,-0.7     3,-2.1    38,-0.2     6,-0.5  -0.383  16.6-123.7 -62.6 137.0   19.5    4.7   16.3               
  688  688 A R  T 3  S+     0   0  203      1,-0.3    -1,-0.1     5,-0.1    -2,-0.0   0.692 110.0  41.3 -58.4 -27.0   22.7    3.6   18.0               
  689  689 A N  T 3  S+     0   0  131      4,-0.1    -1,-0.3     5,-0.0    -2,-0.1   0.352  91.1 116.7-101.0   0.3   21.8    5.3   21.3               
  690  690 A S  S <> S-     0   0   10     -3,-2.1     4,-2.5     1,-0.1     5,-0.2  -0.270  79.6-111.3 -68.0 158.4   18.1    4.4   21.4               
  691  691 A P  H  > S+     0   0    9      0, 0.0     4,-2.3     0, 0.0    31,-0.1   0.884 121.5  53.8 -53.5 -39.0   16.4    2.1   24.1               
  692  692 A A  H  > S+     0   0    0     29,-0.4     4,-2.3     2,-0.2     5,-0.2   0.917 107.2  49.5 -64.9 -42.3   16.0   -0.6   21.3               
  693  693 A A  H  > S+     0   0    0     -6,-0.5     4,-3.1     2,-0.2     5,-0.3   0.927 109.4  52.3 -62.2 -42.7   19.8   -0.4   20.5               
  694  694 A R  H  X S+     0   0   94     -4,-2.5     4,-2.3     1,-0.2    -2,-0.2   0.929 111.1  48.1 -57.5 -44.2   20.6   -0.7   24.2               
  695  695 A Y  H  < S+     0   0   23     -4,-2.3     4,-0.2     2,-0.2    -2,-0.2   0.890 115.1  43.9 -62.0 -43.1   18.4   -3.8   24.4               
  696  696 A L  H ><>S+     0   0    0     -4,-2.3     5,-1.9     2,-0.2     3,-1.3   0.915 112.7  51.3 -71.7 -42.3   20.0   -5.4   21.2               
  697  697 A T  H ><5S+     0   0   72     -4,-3.1     3,-2.4     1,-0.3    -2,-0.2   0.914 103.6  58.7 -59.7 -42.1   23.6   -4.5   22.3               
  698  698 A N  T 3<5S+     0   0  137     -4,-2.3    -1,-0.3     1,-0.3    -2,-0.2   0.626 104.2  53.6 -63.9 -12.5   22.9   -6.2   25.7               
  699  699 A R  T < 5S-     0   0  114     -3,-1.3    -1,-0.3    -4,-0.2    -2,-0.2   0.238 128.3 -99.0-102.0   9.8   22.2   -9.4   23.6               
  700  700 A G  T < 5S+     0   0   66     -3,-2.4     2,-0.3     1,-0.3    -3,-0.2   0.506  76.1 140.5  88.8   8.9   25.6   -9.1   21.8               
  701  701 A L      < -     0   0   27     -5,-1.9    -1,-0.3    -8,-0.1    -2,-0.1  -0.632  41.4-141.0 -86.0 143.7   24.4   -7.5   18.5               
  702  702 A T    >>  -     0   0   70     -2,-0.3     3,-1.8     1,-0.1     4,-0.8  -0.558  32.9 -99.9 -90.6 162.3   26.5   -4.7   16.8               
  703  703 A P  T 34 S+     0   0   66      0, 0.0     4,-0.3     0, 0.0     3,-0.3   0.769 123.8  58.6 -54.5 -27.6   25.0   -1.6   15.0               
  704  704 A R  T 34 S+     0   0  214      1,-0.2     3,-0.3     2,-0.1    -3,-0.0   0.767 107.2  47.6 -70.6 -25.8   25.4   -3.4   11.6               
  705  705 A E  T <4 S+     0   0  100     -3,-1.8    -1,-0.2     1,-0.2    -4,-0.0   0.474  86.2  87.0 -95.9  -7.4   23.1   -6.3   12.9               
  706  706 A F     <  +     0   0    4     -4,-0.8     2,-0.2    -3,-0.3    -1,-0.2   0.857  66.4 179.0 -60.3 -30.9   20.3   -4.0   14.4               
  707  707 A N        -     0   0   26     -4,-0.3   -21,-0.8    -3,-0.3     2,-0.3  -0.501  42.5 -45.4  60.5-124.8   18.7   -4.0   10.9               
  708  708 A S  B  >  -G  685   0N   8     -2,-0.2     4,-1.0   -23,-0.2   -23,-0.2  -0.898  39.4-114.6-133.0 161.9   15.4   -1.9   11.1               
  709  709 A Y  T  4 S+     0   0    5    -25,-2.8     3,-0.5    -2,-0.3     4,-0.2   0.898 117.1  61.4 -59.5 -36.0   12.4   -1.5   13.4               
  710  710 A G  T >4 S+     0   0    0    -27,-2.3     3,-1.0   -26,-0.3    -1,-0.2   0.908 105.1  44.8 -57.3 -43.5   10.4   -2.8   10.4               
  711  711 A S  T 34 S+     0   0    1    -28,-0.3     3,-0.4     1,-0.2    -1,-0.2   0.713 108.8  58.8 -75.0 -18.3   12.3   -6.1   10.4               
  712  712 A R  T ><  +     0   0    2     -4,-1.0     3,-2.3    -3,-0.5     7,-0.3   0.302  68.4 112.5 -93.2   8.8   12.0   -6.4   14.3               
  713  713 A R  T <   +     0   0    9     -3,-1.0    -1,-0.2     1,-0.3    -2,-0.1   0.644  68.3  64.0 -63.5 -16.9    8.1   -6.3   14.3               
  714  714 A G  T 3  S+     0   0    1     -3,-0.4   -70,-2.7   -72,-0.4     2,-0.5   0.384  93.4  74.9 -78.9   0.1    7.9   -9.9   15.6               
  715  715 A N    X>  -     0   0    0     -3,-2.3     4,-2.4   -72,-0.3     3,-0.6  -0.896  59.1-170.5-122.6 104.1    9.7   -8.8   18.8               
  716  716 A D  H 3> S+     0   0   13     -2,-0.5     4,-2.9   -72,-0.3     5,-0.3   0.842  86.9  59.4 -61.7 -33.6    7.6   -6.9   21.4               
  717  717 A A  H 3> S+     0   0   11      1,-0.2     4,-0.8     2,-0.2    -1,-0.2   0.849 112.4  39.3 -67.6 -33.9   10.6   -6.0   23.5               
  718  718 A V  H <> S+     0   0    0     -3,-0.6     4,-1.1    -6,-0.2    -2,-0.2   0.907 118.0  48.1 -76.2 -45.0   12.3   -4.2   20.5               
  719  719 A M  H  X S+     0   0    0     -4,-2.4     4,-0.7    -7,-0.3    -2,-0.2   0.862 106.6  54.4 -73.8 -33.4    9.0   -2.6   19.2               
  720  720 A A  H >< S+     0   0    9     -4,-2.9     3,-1.1     1,-0.2    -1,-0.2   0.945 111.7  47.7 -58.7 -42.7    7.9   -1.3   22.6               
  721  721 A R  H 3< S+     0   0   48     -4,-0.8   -29,-0.4    -5,-0.3    32,-0.3   0.725 109.6  53.6 -68.9 -25.1   11.3    0.5   22.8               
  722  722 A G  H >< S+     0   0    0     -4,-1.1     3,-1.9   -31,-0.1     2,-0.3   0.540  82.0 113.6 -80.8 -12.0   10.8    1.7   19.2               
  723  723 A T  T << S-     0   0    1     -3,-1.1   -42,-0.2    -4,-0.7    30,-0.2  -0.488  97.0  -4.5 -71.0 126.1    7.4    3.3   20.2               
  724  724 A F  T 3  S+     0   0    0    -44,-2.7    -1,-0.3    -2,-0.3    28,-0.2   0.633  96.7 131.2  58.5  21.9    7.6    7.1   19.9               
  725  725 A A    <   +     0   0   17     -3,-1.9     2,-0.4   -45,-0.3   -38,-0.2   0.296  27.5 126.2 -83.3   8.8   11.4    6.6   19.1               
  726  726 A N    >   -     0   0   30    -47,-0.9     3,-2.2     1,-0.1    12,-0.2  -0.582  58.9-143.7 -73.0 125.7   11.2    8.9   16.0               
  727  727 A I  T 3  S+     0   0  114     -2,-0.4    -1,-0.1     1,-0.3    13,-0.1   0.698 100.5  57.5 -61.9 -21.0   13.9   11.7   16.1               
  728  728 A R  T 3  S+     0   0  133      9,-0.1     2,-0.3    10,-0.1    -1,-0.3   0.355  75.1 127.8 -89.9   0.9   11.3   14.1   14.5               
  729  729 A L    <   -     0   0    2     -3,-2.2     9,-2.4   -50,-0.1     2,-0.8  -0.470  51.3-149.5 -61.5 119.7    8.8   13.6   17.3               
  730  730 A L  E     - E   0 737L  88     -2,-0.3   -58,-0.6     7,-0.2     2,-0.6  -0.844  14.4-173.4 -96.1 104.2    7.7   17.0   18.6               
  731  731 A N  E >>> -DE 671 736L   0      5,-1.0     3,-1.8    -2,-0.8     4,-1.4  -0.890  20.1-146.7 -97.5 119.8    6.9   16.7   22.3               
  732  732 A R  T 345S+     0   0   75    -62,-3.0    -1,-0.1    -2,-0.6   -61,-0.1   0.741  95.6  68.5 -61.9 -23.0    5.4   20.1   23.7               
  733  733 A F  T 345S+     0   0   34    -63,-0.4    -1,-0.3     1,-0.2     8,-0.1   0.817 116.0  25.4 -60.7 -31.3    7.0   19.4   27.1               
  734  734 A L  T <45S-     0   0   28     -3,-1.8    -2,-0.2     2,-0.2    -1,-0.2   0.562  91.1-143.2-108.2 -17.5   10.5   19.9   25.5               
  735  735 A N  T  <5S+     0   0  133     -4,-1.4     2,-0.3     1,-0.2    -3,-0.2   0.744  71.6  91.5  48.8  31.8    9.5   22.2   22.5               
  736  736 A K  E   <S-E  731   0L 104     -5,-0.7    -5,-1.0     2,-0.1     2,-0.7  -0.976  88.4 -97.7-143.2 156.2   12.2   20.3   20.4               
  737  737 A Q  E     +E  730   0L 125     -2,-0.3    -7,-0.2    -7,-0.2    -9,-0.1  -0.689  69.3 122.2 -76.0 111.8   12.2   17.3   18.0               
  738  738 A A  S    S-     0   0   12     -9,-2.4     2,-1.7    -2,-0.7    -7,-0.2  -0.898  70.9-116.0-165.3 148.7   13.5   14.3   20.1               
  739  739 A P  S    S+     0   0   32      0, 0.0    13,-1.6     0, 0.0     2,-0.3  -0.248  85.5 105.9 -80.0  48.2   12.2   10.8   21.1               
  740  740 A Q  E     -H  751   0O  54     -2,-1.7     2,-0.3    11,-0.3    11,-0.2  -0.879  45.6-177.4-131.4 157.4   12.2   12.1   24.7               
  741  741 A T  E     -H  750   0O   0      9,-2.7     9,-2.5    -2,-0.3     2,-0.5  -0.895  33.2 -99.2-143.9 173.2    9.8   13.2   27.5               
  742  742 A I  E     -H  749   0O  38     -2,-0.3     2,-1.3     7,-0.2     7,-0.2  -0.899  23.4-138.7 -96.5 123.4    9.8   14.5   31.0               
  743  743 A H  E >>> -H  748   0O  20      5,-2.9     4,-2.1    -2,-0.5     3,-1.5  -0.714  24.1-154.0 -75.6  94.3    9.2   12.0   33.8               
  744  744 A L  T 345S+     0   0   39     -2,-1.3    -1,-0.2     1,-0.3   -76,-0.0   0.792  84.4  55.2 -51.0 -42.0    6.9   14.4   35.7               
  745  745 A P  T 345S+     0   0   72      0, 0.0    -1,-0.3     0, 0.0    -2,-0.0   0.809 123.9  25.9 -61.5 -32.4    7.5   13.0   39.3               
  746  746 A S  T <45S-     0   0   56     -3,-1.5    -2,-0.2     2,-0.1     3,-0.1   0.564  96.4-131.4-104.1 -15.2   11.3   13.4   39.0               
  747  747 A G  T  <5 +     0   0   52     -4,-2.1     2,-0.2     1,-0.2    -3,-0.2   0.484  58.5 144.0  71.7   5.2   11.6   16.3   36.4               
  748  748 A E  E   < -H  743   0O  91     -5,-0.7    -5,-2.9    -6,-0.1     2,-0.6  -0.541  52.8-129.4 -78.4 139.5   14.2   14.1   34.5               
  749  749 A I  E     +H  742   0O  88     -7,-0.2     2,-0.3    -2,-0.2    -7,-0.2  -0.801  43.7 163.7 -84.7 119.8   14.3   14.2   30.7               
  750  750 A L  E     -H  741   0O  25     -9,-2.5    -9,-2.7    -2,-0.6     2,-0.1  -0.838  46.7 -84.3-129.0 163.6   14.3   10.5   29.5               
  751  751 A D  E  >  -H  740   0O  26     -2,-0.3     4,-2.2   -11,-0.2     3,-0.3  -0.473  50.1-112.4 -60.9 145.0   13.7    8.4   26.4               
  752  752 A V  H  > S+     0   0    3    -13,-1.6     4,-2.3     1,-0.2     5,-0.1   0.872 116.9  51.3 -54.3 -41.2    9.9    7.8   26.1               
  753  753 A F  H  > S+     0   0   17    -32,-0.3     4,-2.6   -14,-0.2    -1,-0.2   0.913 108.9  49.4 -61.3 -45.4   10.3    4.1   26.8               
  754  754 A D  H  > S+     0   0   38     -3,-0.3     4,-1.8     2,-0.2    -2,-0.2   0.883 111.9  48.9 -67.6 -37.4   12.4    4.6   30.0               
  755  755 A A  H  X S+     0   0    0     -4,-2.2     4,-2.0     2,-0.2    -1,-0.2   0.947 112.1  48.9 -62.4 -47.4    9.8    7.1   31.3               
  756  756 A A  H  X S+     0   0    0     -4,-2.3     4,-2.5    -5,-0.2    -2,-0.2   0.905 108.3  54.0 -59.8 -42.1    7.0    4.7   30.5               
  757  757 A E  H  X S+     0   0   71     -4,-2.6     4,-2.6     1,-0.2    -1,-0.2   0.911 107.7  50.7 -60.6 -42.1    8.9    1.8   32.3               
  758  758 A R  H  X S+     0   0   92     -4,-1.8     4,-1.8     2,-0.2    -1,-0.2   0.918 111.2  47.7 -62.1 -44.2    9.2    3.9   35.5               
  759  759 A Y  H  <>S+     0   0    1     -4,-2.0     5,-2.6     2,-0.2     4,-0.3   0.915 112.1  49.7 -63.7 -41.9    5.5    4.7   35.5               
  760  760 A Q  H ><5S+     0   0   86     -4,-2.5     3,-1.5     1,-0.2    -2,-0.2   0.922 109.7  50.6 -62.7 -44.3    4.6    1.0   34.9               
  761  761 A Q  H 3<5S+     0   0  148     -4,-2.6    -1,-0.2     1,-0.3    -2,-0.2   0.845 111.0  50.1 -61.3 -34.2    6.9   -0.1   37.8               
  762  762 A A  T 3<5S-     0   0   65     -4,-1.8    -1,-0.3    -5,-0.2    -2,-0.2   0.457 113.7-121.0 -79.4  -4.3    5.1    2.5   40.0               
  763  763 A G  T < 5 +     0   0   66     -3,-1.5    -3,-0.2    -4,-0.3    -2,-0.1   0.721  62.9 148.2  68.6  22.4    1.7    1.1   39.0               
  764  764 A L      < -     0   0   59     -5,-2.6    -1,-0.2    -6,-0.2    -2,-0.1  -0.774  45.7-126.1 -94.9 127.6    0.7    4.6   37.6               
  765  765 A P        -     0   0   31      0, 0.0   -99,-2.4     0, 0.0     2,-0.3  -0.395  24.0-146.7 -72.1 150.6   -1.6    4.8   34.5               
  766  766 A L  E     -xy 666 792K   0     25,-1.3    27,-3.1  -101,-0.2    28,-0.9  -0.893  16.2-179.4-118.1 148.0   -0.6    6.8   31.4               
  767  767 A I  E     -xy 667 794K   3   -101,-2.5   -99,-2.7    -2,-0.3   -98,-0.7  -0.886  18.2-136.1-129.3 167.7   -2.4    8.9   28.8               
  768  768 A V  E     -xy 669 795K   0     26,-1.4    28,-3.0    -2,-0.3     2,-0.4  -0.989   8.3-150.4-120.4 137.4   -1.3   10.8   25.6               
  769  769 A L  E     +xy 670 796K   0   -100,-2.7   -98,-2.8    -2,-0.4     2,-0.3  -0.897  27.2 169.6 -99.1 136.3   -2.5   14.3   24.6               
  770  770 A A        -     0   0    6     26,-2.5    28,-0.5    -2,-0.4    54,-0.2  -0.951  26.7-134.5-142.1 161.1   -2.6   15.0   20.9               
  771  771 A G        -     0   0    6    -99,-2.1    27,-1.4    -2,-0.3    28,-1.3   0.278  60.1 -30.4 -84.9-143.7   -3.8   17.6   18.3               
  772  772 A K  S    S+     0   0   92     26,-0.3   -98,-2.6     1,-0.2   -97,-0.5  -0.406 118.9  16.6 -74.7 155.1   -5.7   16.9   15.0               
  773  773 A E  S >  S-     0   0  106      1,-0.2     3,-1.7  -100,-0.2    27,-0.3   0.815  76.1-169.7  55.3  38.1   -5.3   13.8   12.8               
  774  774 A Y  B 3  S+i  800   0P   1     25,-2.6    27,-2.6    -3,-0.5    -1,-0.2  -0.419  71.6  18.3 -61.6 125.7   -3.6   11.6   15.4               
  775  775 A G  T 3  S+     0   0    1   -100,-2.8    -1,-0.3    -2,-0.2   -99,-0.2   0.625  87.0 164.6  85.2  17.8   -2.3    8.4   13.8               
  776  776 A A  B <   +f  676   0M  20     -3,-1.7   -99,-2.2  -101,-0.6     2,-0.4  -0.218  39.2  29.7 -59.2 153.1   -2.3    9.7   10.2               
  777  777 A G  S    S+     0   0   64   -101,-0.2     2,-0.3  -100,-0.1    27,-0.1  -0.859  98.2  23.9 110.0-135.7   -0.4    7.9    7.4               
  778  778 A S  S    S-     0   0   20     -2,-0.4     2,-0.3     1,-0.1  -101,-0.1  -0.563  79.1-107.2 -76.5 138.6    0.5    4.2    6.9               
  779  779 A S        +     0   0   18     -2,-0.3     2,-0.4  -558,-0.1  -558,-0.1  -0.410  48.4 171.6 -63.0 117.8   -1.5    1.5    8.6               
  780  780 A R    >   -     0   0   19     -2,-0.3     3,-1.1     1,-0.1     4,-0.3  -0.928  31.4-162.1-137.3 116.6    0.6    0.1   11.5               
  781  781 A D  T >> S+     0   0    0     -2,-0.4     4,-2.7     1,-0.2     3,-2.2   0.902  95.2  61.7 -57.9 -41.4   -0.5   -2.4   14.2               
  782  782 A W  H 3> S+     0   0    5      1,-0.3     4,-1.9     2,-0.2    -1,-0.2   0.691  87.5  71.2 -64.5 -17.9    2.5   -1.3   16.3               
  783  783 A A  H <4 S+     0   0    0     -3,-1.1    -1,-0.3     3,-0.2    -2,-0.2   0.727 115.8  25.5 -68.7 -18.8    1.2    2.2   16.4               
  784  784 A A  H <> S+     0   0    0     -3,-2.2     4,-2.0    -4,-0.3    -2,-0.2   0.757 122.7  51.7-105.6 -42.2   -1.5    0.8   18.7               
  785  785 A K  H  X S+     0   0    0     -4,-2.7     4,-2.3     2,-0.2    -3,-0.2   0.885 109.2  54.6 -60.8 -39.1    0.3   -2.3   20.2               
  786  786 A G  H  X S+     0   0    0     -4,-1.9     4,-1.9    -5,-0.2     5,-0.2   0.975 108.8  43.7 -59.4 -61.5    3.3   -0.0   21.2               
  787  787 A P  H  4>S+     0   0    0      0, 0.0     5,-2.2     0, 0.0     4,-0.2   0.887 113.0  54.3 -53.6 -41.1    1.2    2.5   23.2               
  788  788 A F  H ><5S+     0   0   55     -4,-2.0     3,-1.6     1,-0.2    -2,-0.2   0.938 109.4  46.8 -56.1 -48.6   -0.6   -0.4   24.9               
  789  789 A L  H 3<5S+     0   0   24     -4,-2.3    -1,-0.2     1,-0.3    -3,-0.1   0.770 104.6  60.8 -69.2 -25.7    2.7   -2.0   25.9               
  790  790 A L  T 3<5S-     0   0    1     -4,-1.9    -1,-0.3    -5,-0.1    -2,-0.2   0.460 122.8-108.3 -73.7  -2.7    4.0    1.4   27.2               
  791  791 A G  T < 5 +     0   0    9     -3,-1.6   -25,-1.3     1,-0.3     2,-0.3   0.552  63.6 158.4  84.4  10.6    0.9    1.2   29.7               
  792  792 A I  E   < -y  766   0K   1     -5,-2.2    -1,-0.3    -6,-0.2   -25,-0.2  -0.512  17.7-178.7 -67.0 125.4   -1.1    4.0   27.9               
  793  793 A K  E     +     0   0K 101    -27,-3.1    21,-2.5     1,-0.3     2,-0.3   0.725  64.2  10.1 -98.8 -29.2   -4.8    3.6   28.8               
  794  794 A A  E     -yz 767 814K   1    -28,-0.9   -26,-1.4    19,-0.2     2,-0.4  -0.993  55.3-147.7-147.7 152.4   -6.2    6.4   26.8               
  795  795 A V  E     -yz 768 815K   0     19,-2.4    21,-3.3    -2,-0.3     2,-0.5  -0.963  13.5-158.1-111.7 137.3   -5.3    8.9   24.1               
  796  796 A L  E     +yz 769 816K   2    -28,-3.0   -26,-2.5    -2,-0.4     2,-0.3  -0.961  28.0 160.2-116.8 107.9   -7.0   12.4   24.2               
  797  797 A A  E     - z   0 817K   0     19,-2.6    21,-1.7    -2,-0.5   -26,-0.2  -0.831  52.1-127.3-126.5 159.4   -6.9   14.0   20.7               
  798  798 A E  S    S-     0   0   49    -27,-1.4     2,-0.3   -28,-0.5   -26,-0.3   0.845  97.4 -13.8 -74.6 -34.0   -8.7   16.8   18.7               
  799  799 A S        -     0   0   37    -28,-1.3   -25,-2.6    17,-0.1     2,-0.3  -0.972  66.8-139.5-160.2 160.5   -9.3   14.2   16.0               
  800  800 A Y  B     -i  774   0P  24     -2,-0.3     2,-0.3   -27,-0.3   -25,-0.2  -0.879  24.5-113.7-115.0 150.4   -8.1   10.7   14.9               
  801  801 A E     >  -     0   0   57    -27,-2.6     4,-2.7    -2,-0.3     5,-0.2  -0.664  39.2-126.5 -69.6 136.5   -7.2    9.0   11.7               
  802  802 A R  H  > S+     0   0   67     -2,-0.3     4,-2.3     2,-0.2     5,-0.2   0.881 104.4  46.3 -62.0 -48.2   -9.9    6.3   11.4               
  803  803 A I  H  > S+     0   0   25      2,-0.2     4,-2.3     1,-0.2    -1,-0.2   0.924 114.6  49.4 -62.8 -43.8   -7.8    3.2   10.9               
  804  804 A H  H  > S+     0   0    2    -29,-0.2     4,-2.1     2,-0.2    -2,-0.2   0.942 109.9  50.3 -63.0 -45.2   -5.5    4.3   13.8               
  805  805 A R  H  X S+     0   0    4     -4,-2.7     4,-2.2     2,-0.2    -2,-0.2   0.932 110.9  49.9 -52.9 -49.8   -8.6    4.9   16.1               
  806  806 A S  H  X S+     0   0   18     -4,-2.3     4,-2.5     1,-0.2    -1,-0.2   0.889 109.3  51.5 -61.2 -39.0   -9.9    1.4   15.3               
  807  807 A N  H  X S+     0   0    2     -4,-2.3     4,-1.3     2,-0.2    -1,-0.2   0.872 106.9  53.2 -66.1 -37.8   -6.5   -0.1   16.1               
  808  808 A L  H >X>S+     0   0    0     -4,-2.1     5,-2.6     2,-0.2     3,-0.8   0.960 111.8  45.5 -60.4 -48.2   -6.4    1.6   19.5               
  809  809 A V  H ><5S+     0   0    1     -4,-2.2     3,-1.5     1,-0.2    -2,-0.2   0.912 107.2  59.7 -58.1 -43.6   -9.9    0.1   20.3               
  810  810 A G  H 3<5S+     0   0    5     -4,-2.5    69,-1.9     1,-0.3    70,-0.6   0.777 111.4  40.2 -57.8 -28.2   -8.5   -3.2   18.9               
  811  811 A M  H <<5S-     0   0   10     -4,-1.3    -1,-0.3    -3,-0.8    -2,-0.2   0.404 120.1-107.9 -96.0  -3.5   -5.8   -3.1   21.7               
  812  812 A G  T <<5S+     0   0   18     -3,-1.5     2,-0.5    -4,-0.5    -3,-0.2   0.654  72.6 140.6  78.4  17.6   -8.1   -1.8   24.4               
  813  813 A V      < -     0   0    1     -5,-2.6    -1,-0.3    -6,-0.2   -19,-0.2  -0.823  54.6-123.9 -85.8 128.7   -6.6    1.8   24.4               
  814  814 A I  E     -z  794   0K   4    -21,-2.5   -19,-2.4    -2,-0.5     2,-0.8  -0.644  14.0-147.2 -80.6 115.4   -9.4    4.3   24.8               
  815  815 A P  E     -z  795   0K   0      0, 0.0    49,-2.9     0, 0.0     2,-0.4  -0.735  20.6-170.9 -77.5 112.3   -9.6    7.0   22.0               
  816  816 A L  E     -zA 796 863K   2    -21,-3.3   -19,-2.6    -2,-0.8     2,-0.4  -0.898   3.6-161.0-100.5 137.4  -10.9   10.1   23.7               
  817  817 A E  E     -zA 797 862K  43     45,-2.3    45,-2.9    -2,-0.4   -19,-0.2  -0.954  18.4-121.0-118.4 135.8  -11.9   13.2   21.6               
  818  818 A Y  E     - A   0 861K   7    -21,-1.7    43,-0.2    -2,-0.4     3,-0.1  -0.281  40.9 -96.2 -60.1 154.9  -12.3   16.8   22.8               
  819  819 A L    >   -     0   0   27     41,-0.6     3,-2.7     1,-0.1    -1,-0.1  -0.408  60.7 -70.3 -67.7 157.3  -15.7   18.4   22.3               
  820  820 A P  T 3  S+     0   0  134      0, 0.0    -1,-0.1     0, 0.0     3,-0.1  -0.270 125.9  14.4 -52.3 124.5  -16.2   20.5   19.1               
  821  821 A G  T 3  S+     0   0   75      1,-0.3     2,-0.3    -3,-0.1    -2,-0.1   0.316 107.2 107.8  86.8  -3.3  -14.1   23.8   19.5               
  822  822 A E    <   +     0   0   52     -3,-2.7    -1,-0.3   -24,-0.1     2,-0.3  -0.767  33.4 146.1-100.9 149.3  -12.1   22.3   22.5               
  823  823 A N     >  -     0   0   41     -2,-0.3     4,-2.4    -3,-0.1     5,-0.2  -0.930  63.2 -77.9-159.4-178.4   -8.4   21.2   22.6               
  824  824 A A  T  4>S+     0   0    9     -2,-0.3     5,-3.1   -54,-0.2     4,-0.3   0.906 129.1  44.4 -54.1 -44.1   -5.5   21.2   25.1               
  825  825 A D  T >45S+     0   0  104      3,-0.2     3,-1.2     2,-0.2    -1,-0.2   0.937 113.5  48.7 -71.2 -44.9   -4.7   24.9   24.5               
  826  826 A A  T 345S+     0   0   69      1,-0.3    -1,-0.2     2,-0.1    -2,-0.2   0.845 116.1  44.5 -63.5 -34.9   -8.4   26.1   24.7               
  827  827 A L  T 3<5S-     0   0   30     -4,-2.4    -1,-0.3     2,-0.1    -2,-0.2   0.470 113.6-121.3 -84.9  -3.4   -8.9   24.1   27.9               
  828  828 A G  T < 5 +     0   0   40     -3,-1.2     2,-0.6    -4,-0.3    -3,-0.2   0.932  51.7 165.1  58.2  46.3   -5.5   25.4   29.3               
  829  829 A L      < +     0   0    6     -5,-3.1    -1,-0.2    -6,-0.1    -2,-0.1  -0.889  19.8 178.3 -93.5 114.8   -4.1   21.8   29.6               
  830  830 A T        -     0   0   69     -2,-0.6    -1,-0.1    -5,-0.0    -5,-0.1   0.725  44.2-121.6 -84.4 -23.3   -0.3   21.8   30.1               
  831  831 A G  S    S+     0   0    0     -7,-0.1  -164,-0.6   -63,-0.0     4,-0.1   0.302  94.2  99.6  86.1  -2.8   -0.0   18.0   30.5               
  832  832 A Q        +     0   0  137   -166,-0.1     2,-0.1     2,-0.1    -3,-0.0   0.602  64.2  93.1 -81.6 -14.6    1.5   18.5   34.0               
  833  833 A E  S    S-     0   0   16      1,-0.1  -166,-0.4  -167,-0.0     2,-0.4  -0.348  81.5-117.0 -71.7 157.7   -1.9   17.7   35.5               
  834  834 A R        -     0   0   68   -168,-0.1    20,-1.4    -2,-0.1     2,-0.5  -0.847  30.2-141.1 -96.6 137.9   -3.1   14.3   36.6               
  835  835 A Y  E     -WB 665 853K   0   -170,-2.8  -170,-2.7    -2,-0.4     2,-0.6  -0.870  16.7-171.0-112.0 122.4   -6.1   12.9   34.7               
  836  836 A T  E     - B   0 852K  20     16,-3.1    16,-2.9    -2,-0.5     2,-0.6  -0.949  10.0-163.9-108.4 116.2   -9.0   11.0   36.1               
  837  837 A I  E     -WB 662 851K   2   -175,-2.1  -175,-1.7    -2,-0.6     2,-0.9  -0.898  14.3-140.8-103.5 113.1  -11.4    9.6   33.3               
  838  838 A I        -     0   0   63     12,-2.5    12,-0.5    -2,-0.6  -175,-0.0  -0.661  20.4-173.0 -81.4 106.4  -14.7    8.5   34.7               
  839  839 A I        -     0   0   10     -2,-0.9  -178,-0.3    10,-0.1     2,-0.1  -0.905  12.6-146.7-102.2 114.7  -15.8    5.3   32.9               
  840  840 A P        -     0   0   49      0, 0.0     3,-0.1     0, 0.0     9,-0.0  -0.416  19.6-119.3 -76.8 160.4  -19.3    4.1   33.7               
  841  841 A E  S    S+     0   0  154      1,-0.2     2,-1.0    -2,-0.1  -181,-0.0   0.907 104.1  59.6 -64.7 -42.9  -20.3    0.4   33.9               
  842  842 A N  S    S-     0   0  135   -183,-0.0     2,-0.2     2,-0.0    -1,-0.2  -0.775  78.0-169.6 -94.0  98.8  -22.9    0.7   31.1               
  843  843 A L        -     0   0   26     -2,-1.0    -2,-0.0    -4,-0.1    -4,-0.0  -0.589   7.3-174.8 -87.0 147.4  -21.1    2.0   27.9               
  844  844 A K    >   -     0   0  141     -2,-0.2     3,-1.4    19,-0.1    21,-0.2  -0.956  40.3 -81.7-133.0 154.8  -22.7    3.2   24.7               
  845  845 A P  T 3  S+     0   0   47      0, 0.0    21,-0.2     0, 0.0    19,-0.1  -0.242 113.1   4.4 -56.4 141.6  -21.2    4.3   21.4               
  846  846 A Q  T 3  S+     0   0  114     19,-2.6     2,-0.2    17,-0.5    18,-0.2   0.736  90.1 175.7  52.3  30.1  -19.8    7.9   21.3               
  847  847 A M    <   -     0   0   43     -3,-1.4    16,-2.8    16,-0.4     2,-0.4  -0.440  29.9-125.7 -65.1 132.4  -20.6    8.3   25.1               
  848  848 A K  E     - C   0 862K 120     14,-0.2     2,-0.3    -2,-0.2    14,-0.2  -0.655  31.6-170.0 -74.3 131.9  -19.5   11.6   26.7               
  849  849 A V  E     - C   0 861K   6     12,-3.0    12,-2.3    -2,-0.4     2,-0.4  -0.846  22.3-112.1-121.7 156.0  -17.3   11.0   29.8               
  850  850 A Q  E     - C   0 860K  78    -12,-0.5   -12,-2.5    -2,-0.3     2,-0.5  -0.779  22.0-160.3 -89.5 132.7  -16.1   13.4   32.5               
  851  851 A V  E     -BC 837 859K   1      8,-2.8     8,-2.3    -2,-0.4     2,-0.4  -0.965  10.4-166.4-111.1 121.2  -12.3   14.1   32.8               
  852  852 A K  E     -BC 836 858K  90    -16,-2.9   -16,-3.1    -2,-0.5     2,-0.3  -0.929   4.3-153.4-109.5 135.9  -11.2   15.5   36.2               
  853  853 A L  E >   -B  835   0K  11      4,-2.9     3,-1.8    -2,-0.4   -18,-0.2  -0.769  26.2-124.0-101.7 152.8   -7.8   17.1   36.9               
  854  854 A D  T 3  S+     0   0   75    -20,-1.4   -19,-0.1    -2,-0.3    -1,-0.1   0.694 112.2  68.9 -66.9 -15.1   -6.0   17.2   40.2               
  855  855 A T  T 3  S-     0   0   93    -21,-0.2    -1,-0.3     2,-0.1     3,-0.1   0.445 121.4-109.0 -73.9  -4.6   -6.0   21.1   39.6               
  856  856 A G  S <  S+     0   0   62     -3,-1.8    -2,-0.1     1,-0.3     2,-0.1   0.196  77.7 134.3  87.7 -11.4   -9.8   20.9   40.2               
  857  857 A K        -     0   0   84     -5,-0.1    -4,-2.9     1,-0.0     2,-0.3  -0.410  34.3-170.4 -65.9 141.6  -10.6   21.6   36.5               
  858  858 A T  E     + C   0 852K  67     -6,-0.2     2,-0.2    -2,-0.1    -6,-0.2  -0.999  12.4 158.2-136.6 138.9  -13.2   19.3   34.9               
  859  859 A F  E     - C   0 851K  14     -8,-2.3    -8,-2.8    -2,-0.3     2,-0.3  -0.851  33.7-106.1-145.7 177.5  -14.3   18.9   31.3               
  860  860 A Q  E     - C   0 850K  89     -2,-0.2   -41,-0.6   -10,-0.2     2,-0.3  -0.894  26.9-178.3-111.3 147.6  -16.1   16.4   28.9               
  861  861 A A  E     -AC 818 849K   0    -12,-2.3   -12,-3.0    -2,-0.3     2,-0.5  -0.957  27.3-117.6-135.5 155.9  -14.6   14.2   26.2               
  862  862 A V  E     -AC 817 848K  20    -45,-2.9   -45,-2.3    -2,-0.3     2,-0.9  -0.839  19.0-135.3 -91.4 125.6  -16.2   11.7   23.8               
  863  863 A M  E     -A  816   0K   0    -16,-2.8     2,-1.7    -2,-0.5   -17,-0.5  -0.751  21.2-142.1 -74.4 109.8  -15.2    8.0   24.0               
  864  864 A R        +     0   0   47    -49,-2.9     2,-0.7    -2,-0.9   -55,-0.1  -0.240  55.4 133.8 -80.2  47.3  -14.7    7.2   20.3               
  865  865 A F        -     0   0    0     -2,-1.7   -19,-2.6   -21,-0.2   -18,-0.2  -0.923  34.1-175.4 -83.6 110.3  -16.1    3.7   20.4               
  866  866 A D        +     0   0   21     -2,-0.7     2,-0.3   -21,-0.2    -1,-0.1   0.698  56.4  34.3 -92.2 -17.3  -18.2    4.2   17.3               
  867  867 A T  S  > S-     0   0   27     -3,-0.1     4,-2.1     1,-0.1     5,-0.1  -0.902  75.5-117.4-134.9 161.2  -20.1    0.7   17.4               
  868  868 A D  H  > S+     0   0  102     -2,-0.3     4,-2.0     2,-0.2     5,-0.1   0.806 118.0  56.7 -62.7 -29.5  -21.5   -1.9   19.8               
  869  869 A V  H  > S+     0   0   45      2,-0.2     4,-2.3     1,-0.2    -1,-0.2   0.941 105.6  49.2 -68.7 -44.8  -18.9   -4.3   18.3               
  870  870 A E  H  > S+     0   0   12      2,-0.2     4,-2.7     1,-0.2    -2,-0.2   0.903 110.7  50.6 -60.8 -41.0  -16.0   -1.9   19.2               
  871  871 A L  H  X S+     0   0   10     -4,-2.1     4,-2.9     2,-0.2    -1,-0.2   0.910 107.9  53.2 -60.8 -41.8  -17.5   -1.7   22.7               
  872  872 A T  H  X S+     0   0   50     -4,-2.0     4,-1.1     2,-0.2    -2,-0.2   0.915 110.1  47.7 -60.5 -42.2  -17.6   -5.6   22.8               
  873  873 A Y  H ><>S+     0   0   18     -4,-2.3     5,-2.8     2,-0.2     3,-0.6   0.952 112.7  48.5 -62.3 -47.4  -13.8   -5.6   21.9               
  874  874 A F  H ><5S+     0   0   25     -4,-2.7     3,-2.1     1,-0.2    -2,-0.2   0.921 107.8  53.9 -60.0 -44.9  -13.0   -2.9   24.5               
  875  875 A L  H 3<5S+     0   0   65     -4,-2.9  -218,-0.4     1,-0.3    -1,-0.2   0.749 109.7  49.9 -62.3 -23.9  -15.0   -4.9   27.3               
  876  876 A N  T <<5S-     0   0   13     -4,-1.1    -1,-0.3    -3,-0.6    -2,-0.2   0.466 122.8-108.7 -87.2  -2.8  -12.8   -7.9   26.3               
  877  877 A G  T < 5S-     0   0   31     -3,-2.1    -3,-0.2    -4,-0.3     4,-0.2   0.827  85.9 -19.9  73.0  31.7   -9.6   -5.8   26.6               
  878  878 A G  S  ><S-     0   0    2     -5,-2.8     4,-2.0    -8,-0.1   -67,-0.2  -0.310  80.5 -81.5 118.8 164.3   -9.2   -5.8   22.8               
  879  879 A I  H  > S+     0   0    5    -69,-1.9     4,-2.5     2,-0.2     5,-0.1   0.895 123.6  51.9 -69.0 -40.2  -10.2   -7.8   19.7               
  880  880 A L  H  > S+     0   0    6    -70,-0.6     4,-2.8     2,-0.2    -1,-0.2   0.922 110.3  50.1 -65.8 -39.2   -7.7  -10.7   20.1               
  881  881 A N  H  > S+     0   0   21      2,-0.2     4,-2.4     1,-0.2    -1,-0.2   0.898 109.9  51.1 -63.4 -42.1   -8.8  -11.2   23.7               
  882  882 A Y  H  X S+     0   0   31     -4,-2.0     4,-2.1     2,-0.2    -2,-0.2   0.943 112.1  46.7 -57.6 -47.6  -12.4  -11.3   22.6               
  883  883 A M  H  X S+     0   0    4     -4,-2.5     4,-2.1     2,-0.2    -2,-0.2   0.914 110.8  51.5 -66.7 -41.0  -11.5  -13.9   19.9               
  884  884 A I  H  X S+     0   0    0     -4,-2.8     4,-2.5     1,-0.2     5,-0.2   0.951 112.4  46.3 -58.4 -50.1   -9.5  -16.0   22.4               
  885  885 A R  H  X S+     0   0   24     -4,-2.4     4,-0.8     1,-0.2    -1,-0.2   0.855 113.5  49.8 -61.4 -37.1  -12.4  -16.1   24.9               
  886  886 A K  H  < S+     0   0  104     -4,-2.1    -1,-0.2    -5,-0.2    -2,-0.2   0.838 117.1  39.7 -67.9 -36.9  -14.9  -16.9   22.1               
  887  887 A M  H  < S+     0   0   25     -4,-2.1  -777,-0.5     2,-0.2    -2,-0.2   0.706 107.2  61.3 -88.8 -25.3  -12.7  -19.8   20.8               
  888  888 A A  H  <        0   0   17     -4,-2.5    -1,-0.2     1,-0.2    -2,-0.2   0.712 360.0 360.0 -72.7 -23.2  -11.7  -21.2   24.3               
  889  889 A K     <        0   0  178     -4,-0.8    -1,-0.2    -5,-0.2    -2,-0.2   0.741 360.0 360.0 -78.3 360.0  -15.4  -21.8   24.9               
