==== Secondary Structure Definition by the program DSSP, CMBI version 2.0                          ==== DATE=2026-03-08        .
REFERENCE W. KABSCH AND C.SANDER, BIOPOLYMERS 22 (1983) 2577-2637                                                              .
HEADER                                            01-AUG-25                                                                    .
COMPND    MOL_ID: 1; MOLECULE: IRON-RESPONSIVE ELEMENT-BINDING PROTEIN 2; CHAIN:                                               .
SOURCE    MOL_ID: 1; ORGANISM_SCIENTIFIC: HOMO SAPIENS; ORGANISM_TAXID: 9606                                                   .
AUTHOR                                                                                                                         .
  963  1  0  0  0 TOTAL NUMBER OF RESIDUES, NUMBER OF CHAINS, NUMBER OF SS-BRIDGES(TOTAL,INTRACHAIN,INTERCHAIN)                .
 43120.4   ACCESSIBLE SURFACE OF PROTEIN (ANGSTROM**2)                                                                         .
  649 67.4   TOTAL NUMBER OF HYDROGEN BONDS OF TYPE O(I)-->H-N(J)  , SAME NUMBER PER 100 RESIDUES                              .
   83  8.6   TOTAL NUMBER OF HYDROGEN BONDS IN     PARALLEL BRIDGES, SAME NUMBER PER 100 RESIDUES                              .
   66  6.9   TOTAL NUMBER OF HYDROGEN BONDS IN ANTIPARALLEL BRIDGES, SAME NUMBER PER 100 RESIDUES                              .
    3  0.3   TOTAL NUMBER OF HYDROGEN BONDS OF TYPE O(I)-->H-N(I-5), SAME NUMBER PER 100 RESIDUES                              .
    2  0.2   TOTAL NUMBER OF HYDROGEN BONDS OF TYPE O(I)-->H-N(I-4), SAME NUMBER PER 100 RESIDUES                              .
    4  0.4   TOTAL NUMBER OF HYDROGEN BONDS OF TYPE O(I)-->H-N(I-3), SAME NUMBER PER 100 RESIDUES                              .
    0  0.0   TOTAL NUMBER OF HYDROGEN BONDS OF TYPE O(I)-->H-N(I-2), SAME NUMBER PER 100 RESIDUES                              .
    0  0.0   TOTAL NUMBER OF HYDROGEN BONDS OF TYPE O(I)-->H-N(I-1), SAME NUMBER PER 100 RESIDUES                              .
    0  0.0   TOTAL NUMBER OF HYDROGEN BONDS OF TYPE O(I)-->H-N(I+0), SAME NUMBER PER 100 RESIDUES                              .
    0  0.0   TOTAL NUMBER OF HYDROGEN BONDS OF TYPE O(I)-->H-N(I+1), SAME NUMBER PER 100 RESIDUES                              .
   88  9.1   TOTAL NUMBER OF HYDROGEN BONDS OF TYPE O(I)-->H-N(I+2), SAME NUMBER PER 100 RESIDUES                              .
  115 11.9   TOTAL NUMBER OF HYDROGEN BONDS OF TYPE O(I)-->H-N(I+3), SAME NUMBER PER 100 RESIDUES                              .
  238 24.7   TOTAL NUMBER OF HYDROGEN BONDS OF TYPE O(I)-->H-N(I+4), SAME NUMBER PER 100 RESIDUES                              .
   21  2.2   TOTAL NUMBER OF HYDROGEN BONDS OF TYPE O(I)-->H-N(I+5), SAME NUMBER PER 100 RESIDUES                              .
  1  2  3  4  5  6  7  8  9 10 11 12 13 14 15 16 17 18 19 20 21 22 23 24 25 26 27 28 29 30     *** HISTOGRAMS OF ***           .
  0  0  0  5  0  1  2  4  4  5  1  1  4  0  1  1  0  0  0  1  0  0  0  0  0  0  0  0  0  0    RESIDUES PER ALPHA HELIX         .
  5  1  2  7  3  1  0  0  0  0  0  0  0  0  0  0  0  0  0  0  0  0  0  0  0  0  0  0  0  0    PARALLEL BRIDGES PER LADDER      .
  7  2  4  3  1  1  0  0  0  0  0  0  0  0  0  0  0  0  0  0  0  0  0  0  0  0  0  0  0  0    ANTIPARALLEL BRIDGES PER LADDER  .
  4  0  2  1  0  1  1  0  0  0  0  0  0  0  0  0  0  0  0  0  0  0  0  0  0  0  0  0  0  0    LADDERS PER SHEET                .
  #  RESIDUE AA STRUCTURE BP1 BP2  ACC     N-H-->O    O-->H-N    N-H-->O    O-->H-N    TCO  KAPPA ALPHA  PHI   PSI    X-CA   Y-CA   Z-CA            CHAIN
    1    1 A M              0   0  179      0, 0.0     2,-0.6     0, 0.0   306,-0.0   0.000 360.0 360.0 360.0 101.4   24.5   -7.6  -15.6               
    2    2 A D        -     0   0  166      1,-0.0     3,-0.1     3,-0.0     0, 0.0  -0.866 360.0-108.5 -76.3 119.3   27.9   -8.6  -16.9               
    3    3 A A        -     0   0   88     -2,-0.6     2,-0.1     1,-0.1     3,-0.0  -0.368  27.0-116.4 -56.7 124.2   29.6   -9.2  -13.5               
    4    4 A P        -     0   0  102      0, 0.0     2,-0.4     0, 0.0    -1,-0.1  -0.407  40.6-110.0 -53.2 128.9   32.1   -6.4  -12.6               
    5    5 A K        +     0   0  203      1,-0.1    -3,-0.0    -2,-0.1     0, 0.0  -0.604  69.6   0.9 -66.4 128.9   35.5   -8.2  -12.4               
    6    6 A A  S    S+     0   0  101     -2,-0.4    -1,-0.1    -3,-0.0     0, 0.0   0.987  92.5  10.4  74.2 109.9   37.2   -8.7   -9.0               
    7    7 A G        -     0   0   60     -3,-0.1     2,-0.2     1,-0.1    -2,-0.0   0.924  57.2-118.5  80.4 107.6   36.7   -7.9   -5.3               
    8    8 A Y    >   -     0   0  145      1,-0.1     3,-2.4     2,-0.1     4,-0.3  -0.552  36.4-121.7 -60.1 132.3   33.7   -6.7   -3.3               
    9    9 A A  T 3  S+     0   0   49     44,-1.0    -1,-0.1     1,-0.3     3,-0.1   0.714 111.9  35.2 -55.1 -22.2   35.0   -3.3   -1.9               
   10   10 A F  T >  S+     0   0    1     40,-0.3     3,-2.3    43,-0.2    -1,-0.3   0.051  76.1 122.2-119.0  20.5   34.2   -4.7    1.6               
   11   11 A E  G X   +     0   0  105     -3,-2.4     3,-2.1     1,-0.3    -2,-0.1   0.824  67.3  69.5 -56.6 -29.9   35.1   -8.4    1.2               
   12   12 A Y  G 3  S+     0   0  147     -4,-0.3    -1,-0.3     1,-0.3    -2,-0.1   0.581  89.2  64.4 -64.7 -12.5   37.7   -8.1    4.0               
   13   13 A L  G <  S+     0   0    0     -3,-2.3    14,-2.9     2,-0.1     2,-0.5   0.500  74.5 115.1 -84.4  -9.5   34.6   -7.7    6.4               
   14   14 A I  E <   +A   26   0A  58     -3,-2.1     2,-0.2    12,-0.2    12,-0.2  -0.535  43.4 173.7 -69.7 118.5   33.5  -11.3    5.7               
   15   15 A E  E     -A   25   0A  66     10,-2.9    10,-2.0    -2,-0.5     2,-0.4  -0.726  31.8-118.5-114.1 165.2   33.7  -13.4    8.9               
   16   16 A T  E     -A   24   0A  65     -2,-0.2     8,-0.2     8,-0.2     2,-0.1  -0.928  36.8-111.1-102.6 132.9   32.7  -17.0    9.8               
   17   17 A L        -     0   0    4      6,-3.2     2,-1.9    -2,-0.4     5,-0.4  -0.387  21.5-124.5 -63.2 135.0   30.1  -17.3   12.6               
   18   18 A N  S    S+     0   0  163     -2,-0.1     2,-0.2   392,-0.1    -1,-0.1  -0.312  81.0  89.9 -78.8  52.2   31.5  -18.8   15.8               
   19   19 A D  S >  S-     0   0   31     -2,-1.9     3,-0.8     4,-0.1   388,-0.0  -0.768  96.1 -88.6-134.1-179.1   28.8  -21.6   15.9               
   20   20 A S  T 3  S+     0   0  117     -2,-0.2    -2,-0.1     1,-0.2   387,-0.0   0.612 117.1  66.4 -68.5 -13.1   28.3  -25.1   14.5               
   21   21 A S  T 3  S-     0   0   38    382,-0.1    -1,-0.2     2,-0.1    -3,-0.1   0.713  83.4-151.8 -83.7 -23.4   26.9  -23.8   11.2               
   22   22 A H    <   +     0   0  136     -3,-0.8     2,-0.1    -5,-0.4    -2,-0.1   0.749  35.5 165.2  50.2  30.6   30.2  -22.1   10.0               
   23   23 A K        -     0   0   32     -7,-0.1    -6,-3.2     1,-0.1     2,-0.2  -0.391  30.9-125.8 -73.2 152.1   28.0  -19.6    8.0               
   24   24 A K  E     +Ab  16 270A 109    245,-3.0   247,-3.2    -8,-0.2     2,-0.3  -0.678  31.5 165.5 -97.7 153.8   29.5  -16.4    6.7               
   25   25 A F  E     -Ab  15 271A   4    -10,-2.0   -10,-2.9    -2,-0.2     2,-0.7  -0.980  42.0 -98.9-156.6 161.9   28.5  -12.7    7.2               
   26   26 A F  E     -A   14   0A   8    245,-0.5     2,-1.7    -2,-0.3   -12,-0.2  -0.787  28.3-147.7 -81.9 113.3   29.7   -9.1    6.8               
   27   27 A D    >   +     0   0   16    -14,-2.9     3,-1.3    -2,-0.7     4,-0.1  -0.598  23.7 175.0 -78.9  81.4   31.0   -7.9   10.2               
   28   28 A V  G >   +     0   0    1     -2,-1.7     3,-2.0     1,-0.2     4,-0.2   0.743  65.9  78.0 -61.7 -22.4   29.9   -4.3    9.6               
   29   29 A S  G >  S+     0   0   26      1,-0.3     3,-1.7     2,-0.2    -1,-0.2   0.798  79.2  70.6 -64.3 -24.0   31.0   -3.3   13.2               
   30   30 A K  G <  S+     0   0  109     -3,-1.3    -1,-0.3     1,-0.3    -2,-0.2   0.584  76.1  81.0 -67.6 -11.3   34.7   -3.3   12.0               
   31   31 A L  G <  S-     0   0   30     -3,-2.0    -1,-0.3     1,-0.2     2,-0.2   0.692 112.4 -86.8 -67.6 -16.6   34.0   -0.1   10.0               
   32   32 A G    X   -     0   0   31     -3,-1.7     3,-2.0    -4,-0.2     4,-0.4  -0.568  46.3 -59.7 133.0 173.4   34.4    1.7   13.4               
   33   33 A T  G >  S+     0   0  119      1,-0.3     3,-0.8     2,-0.2     4,-0.5   0.676 114.4  76.5 -62.9 -19.4   32.8    2.8   16.7               
   34   34 A K  G >  S+     0   0  106      1,-0.2     3,-0.9     2,-0.2     4,-0.4   0.826  87.1  64.0 -57.6 -31.7   30.2    5.0   14.8               
   35   35 A Y  G X  S+     0   0    2     -3,-2.0     3,-1.3     1,-0.2    -1,-0.2   0.869  91.8  62.9 -56.3 -39.2   28.4    1.7   14.0               
   36   36 A D  G <  S+     0   0   53     -3,-0.8    -1,-0.2    -4,-0.4    -2,-0.2   0.695 105.7  43.7 -69.3 -21.3   27.7    1.0   17.7               
   37   37 A V  G <  S+     0   0   53     -3,-0.9   392,-2.8    -4,-0.5    -1,-0.3   0.401  87.7 113.9-103.0  -2.6   25.5    4.2   18.1               
   38   38 A L  S <  S-     0   0    6     -3,-1.3   392,-0.1    -4,-0.4     5,-0.1  -0.451  77.1-103.1 -66.2 142.8   23.5    3.8   14.8               
   39   39 A P     >  -     0   0    0      0, 0.0     4,-2.1     0, 0.0     3,-0.4  -0.303  32.5-114.8 -54.4 147.1   19.8    3.1   15.1               
   40   40 A Y  H  > S+     0   0   28      1,-0.2     4,-1.9     2,-0.2     5,-0.2   0.890 117.7  55.1 -58.6 -40.0   19.0   -0.6   14.4               
   41   41 A S  H  > S+     0   0    0      1,-0.2     4,-1.7     2,-0.2    -1,-0.2   0.884 109.2  47.6 -58.7 -38.5   17.0    0.4   11.2               
   42   42 A I  H  > S+     0   0    0     -3,-0.4     4,-2.7     2,-0.2    -2,-0.2   0.840 106.0  58.0 -75.1 -32.1   20.2    2.2    9.9               
   43   43 A R  H  X S+     0   0    7     -4,-2.1     4,-2.4     2,-0.2    -2,-0.2   0.915 107.5  47.7 -61.7 -41.2   22.4   -0.8   10.8               
   44   44 A V  H  X S+     0   0    4     -4,-1.9     4,-2.2     2,-0.2    -2,-0.2   0.916 112.0  49.7 -64.7 -42.7   20.2   -2.9    8.4               
   45   45 A L  H  X S+     0   0    1     -4,-1.7     4,-1.9     1,-0.2    -2,-0.2   0.913 111.8  48.9 -59.3 -43.6   20.5   -0.2    5.7               
   46   46 A L  H  X S+     0   0    0     -4,-2.7     4,-2.7     2,-0.2    -2,-0.2   0.891 109.1  51.7 -66.2 -42.1   24.3   -0.1    6.2               
   47   47 A E  H  X S+     0   0    4     -4,-2.4     4,-2.8     2,-0.2     5,-0.2   0.954 110.0  49.3 -57.9 -48.9   24.6   -3.9    5.9               
   48   48 A A  H  X S+     0   0    1     -4,-2.2     4,-1.6     1,-0.2    -2,-0.2   0.876 112.8  48.1 -60.0 -38.1   22.6   -3.9    2.7               
   49   49 A A  H  < S+     0   0    1     -4,-1.9     4,-0.4     2,-0.2    -2,-0.2   0.928 112.4  47.8 -68.0 -44.5   24.9   -1.1    1.4               
   50   50 A V  H >< S+     0   0    0     -4,-2.7     3,-1.0     1,-0.2   -40,-0.3   0.936 114.4  46.7 -59.1 -48.5   28.2   -3.0    2.4               
   51   51 A R  H 3< S+     0   0   27     -4,-2.8    -1,-0.2     1,-0.2    -2,-0.2   0.805 117.6  41.7 -67.0 -33.2   26.9   -6.2    0.8               
   52   52 A N  T 3< S+     0   0   47     -4,-1.6     2,-1.1    -5,-0.2     6,-0.2   0.240  76.2 134.9-100.6  10.4   25.8   -4.6   -2.5               
   53   53 A C    <   +     0   0    3     -3,-1.0   -44,-1.0    -4,-0.4   -43,-0.2  -0.489  13.6 155.4 -67.3  97.6   28.8   -2.2   -2.9               
   54   54 A D        -     0   0   64     -2,-1.1    -1,-0.2     4,-0.5     5,-0.2   0.421  58.0-117.0-101.2  -6.7   29.7   -2.7   -6.6               
   55   55 A G  S    S+     0   0   55      3,-2.4     4,-0.2     1,-0.1    -2,-0.1   0.409 103.3  53.4  79.3   1.3   31.4    0.8   -7.1               
   56   56 A F  S    S+     0   0  151      2,-0.3     3,-0.2     3,-0.1    -1,-0.1   0.638 119.0  19.3-125.5 -67.4   28.7    1.9   -9.6               
   57   57 A L  S    S+     0   0   43      1,-0.3     2,-0.5    -5,-0.1    -4,-0.1   0.821 139.9  31.9 -76.7 -35.4   25.1    1.6   -8.3               
   58   58 A M  S    S-     0   0    1     -6,-0.2    -3,-2.4    20,-0.1    -4,-0.5  -0.961  85.1-164.5-124.0 108.7   26.4    1.4   -4.7               
   59   59 A K     >  -     0   0  117     -2,-0.5     4,-1.6    -3,-0.2     3,-0.4  -0.551  33.1-116.2 -90.6 157.7   29.6    3.5   -4.2               
   60   60 A K  H  > S+     0   0  117      1,-0.2     4,-2.0    -2,-0.2     5,-0.1   0.845 117.7  60.3 -57.6 -34.3   32.0    3.4   -1.3               
   61   61 A E  H  > S+     0   0  119      2,-0.2     4,-2.5     1,-0.2    -1,-0.2   0.891 100.8  53.2 -60.9 -39.7   30.9    7.0   -0.6               
   62   62 A D  H  > S+     0   0   23     -3,-0.4     4,-2.2     2,-0.2    -2,-0.2   0.935 108.6  49.3 -64.6 -43.6   27.3    5.9   -0.1               
   63   63 A V  H  X S+     0   0    0     -4,-1.6     4,-2.2     1,-0.2    -1,-0.2   0.912 113.0  47.3 -59.9 -43.7   28.4    3.3    2.5               
   64   64 A M  H  X S+     0   0   77     -4,-2.0     4,-1.9     2,-0.2    -2,-0.2   0.869 108.8  54.6 -68.9 -34.4   30.4    6.0    4.4               
   65   65 A N  H  < S+     0   0   14     -4,-2.5     7,-0.3     2,-0.2    -2,-0.2   0.897 110.3  46.5 -63.7 -40.3   27.5    8.4    4.2               
   66   66 A I  H >< S+     0   0    0     -4,-2.2     3,-1.6     1,-0.2    -2,-0.2   0.902 110.7  52.3 -68.0 -40.6   25.3    5.7    5.9               
   67   67 A L  H 3< S+     0   0   16     -4,-2.2     3,-0.3     1,-0.3    -2,-0.2   0.859 112.9  45.1 -62.9 -34.2   28.1    5.1    8.5               
   68   68 A D  T >X S+     0   0   42     -4,-1.9     3,-1.8     1,-0.2     4,-1.6  -0.006  78.0 139.5 -92.3  26.6   28.1    8.9    9.2               
   69   69 A W  H <>  +     0   0    2     -3,-1.6     4,-2.6     1,-0.3    -1,-0.2   0.783  58.8  64.6 -45.3 -40.0   24.3    8.9    9.3               
   70   70 A K  H 34 S+     0   0   84     -3,-0.3    -1,-0.3     1,-0.2    -2,-0.1   0.828 115.1  29.9 -57.0 -37.3   24.1   11.4   12.3               
   71   71 A T  H <4 S+     0   0   81     -3,-1.8    -1,-0.2    -6,-0.1    -2,-0.2   0.699 123.8  49.5 -91.3 -25.4   25.7   14.2   10.2               
   72   72 A K  H >X S+     0   0   62     -4,-1.6     3,-1.9    -7,-0.3     4,-1.0   0.635  77.8 120.5 -94.9 -18.6   24.3   13.1    6.8               
   73   73 A Q  T 3< S+     0   0   26     -4,-2.6   243,-0.1     1,-0.2     4,-0.1  -0.130  84.9   6.5 -49.5 142.6   20.6   12.6    7.7               
   74   74 A S  T 34 S+     0   0   67    240,-3.4    -1,-0.2     2,-0.2    -2,-0.1   0.276 123.7  71.3  62.4  -4.8   18.2   14.7    5.6               
   75   75 A N  T <4 S+     0   0  129     -3,-1.9     2,-0.3   239,-0.1    -2,-0.2   0.576  90.3  48.6-115.7 -18.1   21.1   16.0    3.4               
   76   76 A V     <  -     0   0   29     -4,-1.0   238,-2.9   238,-0.2     2,-0.4  -0.972  64.4-137.0-129.9 145.3   22.2   13.0    1.2               
   77   77 A E  E     -D  313   0B  65     -2,-0.3   236,-0.3   236,-0.3   -12,-0.1  -0.802  24.2-173.5 -93.2 139.4   20.5   10.4   -1.0               
   78   78 A V  E     -D  312   0B   1    234,-2.5   234,-2.5    -2,-0.4     2,-0.2  -0.992  24.3-116.6-131.6 142.8   21.7    6.8   -0.8               
   79   79 A P  E     -D  311   0B  18      0, 0.0     2,-0.4     0, 0.0   232,-0.2  -0.499  26.9-155.9 -72.0 146.3   20.8    3.7   -2.9               
   80   80 A F  E     -D  310   0B   2    230,-2.2   230,-2.6    -2,-0.2   -35,-0.0  -0.986   8.8-163.5-128.2 127.8   19.0    0.8   -1.1               
   81   81 A F        -     0   0   25     -2,-0.4     2,-0.1   228,-0.2   -29,-0.1  -0.894  16.5-153.2-106.3 100.4   19.0   -2.8   -2.3               
   82   82 A P        -     0   0   12      0, 0.0   194,-0.2     0, 0.0     3,-0.1  -0.402  18.9-128.9 -69.0 152.1   16.1   -4.8   -0.5               
   83   83 A A  S    S-     0   0   10    192,-0.4     2,-0.3     1,-0.2   193,-0.2   0.758  85.7  -1.1 -69.5 -27.1   16.5   -8.5    0.0               
   84   84 A R  E     -e  276   0C   0    191,-1.4   193,-1.8    36,-0.1     2,-0.4  -0.987  62.3-125.5-157.1 166.4   13.1   -9.1   -1.6               
   85   85 A V  E     -ef 277 122C   0     36,-3.0    38,-2.8    -2,-0.3     2,-0.5  -0.942  16.7-157.1-115.9 137.7    9.9   -7.6   -3.2               
   86   86 A L  E     -ef 278 123C   3    191,-2.4   193,-0.9    -2,-0.4     2,-0.3  -0.972  16.0-178.7-117.3 126.9    6.3   -8.2   -2.1               
   87   87 A L  E     - f   0 124C   2     36,-3.0    38,-2.7    -2,-0.5     2,-0.3  -0.848  17.3-152.2-119.9 153.5    3.4   -7.7   -4.5               
   88   88 A Q  E >>  - f   0 125C   9     -2,-0.3     4,-3.2    36,-0.2     3,-1.5  -0.860  40.6 -98.7-118.2 157.3   -0.4   -8.0   -4.4               
   89   89 A D  H 3> S+     0   0    0     36,-1.4     4,-1.2    -2,-0.3    37,-0.1   0.684 116.7  59.0 -59.3 -23.7   -2.5   -8.8   -7.5               
   90   90 A F  H 34 S+     0   0   15      2,-0.1    -1,-0.3     1,-0.1    36,-0.0   0.836 124.2  22.6 -69.3 -32.3   -3.6   -5.2   -8.4               
   91   91 A T  H <> S+     0   0   10     -3,-1.5     4,-1.9     2,-0.1    -2,-0.2   0.718 118.4  61.8-106.5 -27.0    0.1   -4.1   -8.8               
   92   92 A G  H  X S+     0   0    0     -4,-3.2     4,-2.4     2,-0.2     5,-0.2   0.844  99.6  57.1 -69.4 -34.0    1.7   -7.5   -9.4               
   93   93 A I  H  X S+     0   0    3     -4,-1.2     4,-2.6    -5,-0.3     5,-0.2   0.974 109.8  41.5 -60.6 -58.6   -0.4   -8.0  -12.7               
   94   94 A P  H  > S+     0   0    2      0, 0.0     4,-2.4     0, 0.0     5,-0.2   0.922 115.6  51.9 -60.7 -39.5    0.8   -4.8  -14.4               
   95   95 A A  H  X S+     0   0    2     -4,-1.9     4,-2.0     1,-0.2    -2,-0.2   0.947 114.3  41.9 -57.8 -49.4    4.4   -5.5  -13.2               
   96   96 A M  H  X S+     0   0    1     -4,-2.4     4,-2.1     2,-0.2    -1,-0.2   0.843 111.8  55.9 -70.0 -31.4    4.4   -9.1  -14.6               
   97   97 A V  H  X S+     0   0    4     -4,-2.6     4,-2.6     2,-0.2    -1,-0.2   0.908 107.6  49.8 -62.4 -40.3    2.6   -7.9  -17.8               
   98   98 A D  H  X S+     0   0    4     -4,-2.4     4,-2.6     2,-0.2    -2,-0.2   0.905 110.2  49.4 -69.4 -38.1    5.4   -5.4  -18.4               
   99   99 A F  H  X S+     0   0    0     -4,-2.0     4,-1.7     2,-0.2    -1,-0.2   0.896 112.0  49.4 -62.0 -40.8    8.0   -8.2  -17.9               
  100  100 A A  H  X S+     0   0    0     -4,-2.1     4,-1.3     2,-0.2    -2,-0.2   0.919 113.5  45.4 -65.4 -41.9    6.0  -10.4  -20.4               
  101  101 A A  H  X S+     0   0    1     -4,-2.6     4,-2.4     2,-0.2    -2,-0.2   0.874 107.5  58.7 -68.9 -35.1    6.0   -7.5  -22.9               
  102  102 A M  H  X S+     0   0    0     -4,-2.6     4,-3.0     1,-0.2     5,-0.2   0.886 102.2  54.9 -61.0 -38.1    9.7   -6.8  -22.3               
  103  103 A R  H  X S+     0   0    3     -4,-1.7     4,-2.4     2,-0.2    -1,-0.2   0.912 108.4  47.6 -60.8 -42.9   10.4  -10.4  -23.4               
  104  104 A E  H  X S+     0   0   49     -4,-1.3     4,-2.4     2,-0.2    -2,-0.2   0.925 114.4  47.5 -61.8 -43.6    8.6   -9.8  -26.7               
  105  105 A A  H  X S+     0   0    9     -4,-2.4     4,-2.0     2,-0.2    -2,-0.2   0.942 111.9  48.5 -63.6 -48.5   10.6   -6.5  -27.1               
  106  106 A V  H  <>S+     0   0    0     -4,-3.0     5,-2.7     1,-0.2     4,-0.3   0.930 113.7  47.7 -59.2 -46.0   14.0   -8.2  -26.3               
  107  107 A K  H ><5S+     0   0  114     -4,-2.4     3,-1.5     3,-0.2    -1,-0.2   0.894 108.5  54.6 -61.3 -41.9   13.2  -11.0  -28.8               
  108  108 A T  H 3<5S+     0   0  117     -4,-2.4    -1,-0.2     1,-0.3    -2,-0.2   0.856 107.8  50.1 -62.0 -33.9   12.1   -8.4  -31.4               
  109  109 A L  T 3<5S-     0   0   28     -4,-2.0    -1,-0.3    -5,-0.1    -2,-0.2   0.464 126.6-103.4 -80.8  -0.8   15.5   -6.7  -31.0               
  110  110 A G  T < 5S+     0   0   66     -3,-1.5    -3,-0.2    -4,-0.3    -2,-0.1   0.523  80.8 128.4  86.9   9.1   17.3  -10.1  -31.4               
  111  111 A G      < -     0   0   17     -5,-2.7    -1,-0.3    -6,-0.2   852,-0.2  -0.275  69.0 -91.6 -81.2 175.5   18.0  -10.6  -27.7               
  112  112 A D    >   -     0   0   66    850,-0.7     3,-1.7     1,-0.1     4,-0.3  -0.817  25.0-160.2 -94.2 111.4   17.2  -13.7  -25.5               
  113  113 A P  G >  S+     0   0   18      0, 0.0     3,-1.3     0, 0.0    -1,-0.1   0.755  88.5  70.0 -63.0 -23.1   13.8  -13.4  -23.8               
  114  114 A E  G 3  S+     0   0  107      1,-0.2   -11,-0.0   -11,-0.1    -2,-0.0   0.672  88.1  64.8 -70.5 -13.4   14.9  -16.1  -21.2               
  115  115 A K  G <  S+     0   0  129     -3,-1.7     2,-1.1   847,-0.1    -1,-0.2   0.706  80.0  94.3 -76.8 -18.2   17.3  -13.5  -19.7               
  116  116 A V    <   +     0   0    0     -3,-1.3    -1,-0.1    -4,-0.3   -13,-0.1  -0.656  55.2 124.2 -81.9  99.6   14.3  -11.3  -18.7               
  117  117 A H        -     0   0   31     -2,-1.1     2,-0.3   122,-0.1   124,-0.1  -0.974  69.8 -84.8-144.4 154.8   13.7  -12.4  -15.0               
  118  118 A P        -     0   0    1      0, 0.0   188,-0.2     0, 0.0     4,-0.1  -0.467  29.9-164.0 -57.5 123.3   13.4  -10.6  -11.7               
  119  119 A A  S    S+     0   0   51    186,-2.6   187,-0.2    -2,-0.3   186,-0.1   0.868  78.5  63.9 -73.3 -40.6   16.9  -10.3  -10.2               
  120  120 A C  S    S-     0   0   13    185,-1.3   -36,-0.1   184,-0.4   -37,-0.1  -0.720 104.9-101.9 -84.6 130.7   15.4   -9.5   -6.8               
  121  121 A P        -     0   0   55      0, 0.0   -36,-3.0     0, 0.0     2,-0.5  -0.309  44.1-160.5 -50.0 124.4   13.3  -12.4   -5.2               
  122  122 A T  E     -fg  85 242C   2    119,-3.1   121,-2.5   -38,-0.2     2,-0.4  -0.955  12.6-167.2-123.9 117.3    9.6  -11.5   -5.7               
  123  123 A D  E     -fg  86 243C  14    -38,-2.8   -36,-3.0    -2,-0.5     2,-0.4  -0.848   8.9-164.9 -99.4 134.3    6.7  -12.9   -3.8               
  124  124 A L  E     -fg  87 244C   1    119,-2.7   121,-3.1    -2,-0.4     2,-0.4  -0.974   4.3-159.1-125.6 125.2    3.1  -12.3   -5.2               
  125  125 A T  E     -fg  88 245C   0    -38,-2.7   -36,-1.4    -2,-0.4     2,-0.5  -0.862   4.2-158.0-106.7 131.6   -0.1  -12.7   -3.2               
  126  126 A V  S    S+     0   0    4    119,-1.7   122,-0.3    -2,-0.4   123,-0.1  -0.470  70.7  80.4-109.6  58.6   -3.5  -13.2   -5.1               
  127  127 A D    >   +     0   0    6     -2,-0.5     3,-0.9   120,-0.2   451,-0.3   0.373  63.7  87.1-133.5  -4.5   -6.2  -12.2   -2.5               
  128  128 A H  T 3  S+     0   0   14     -3,-0.4   451,-0.1     1,-0.2    -2,-0.1   0.832  89.1  51.4 -74.3 -27.0   -6.2   -8.4   -2.8               
  129  129 A S  T 3  S+     0   0    2    449,-0.1    -1,-0.2   656,-0.1   657,-0.1   0.480  76.2 135.2 -87.5  -2.3   -8.7   -8.3   -5.7               
  130  130 A L    <   -     0   0    6     -3,-0.9     2,-0.3     1,-0.1   449,-0.3  -0.236  41.8-154.4 -53.4 118.1  -11.3  -10.5   -4.0               
  131  131 A Q        -     0   0   33     86,-0.2     2,-1.1    -2,-0.1     3,-0.2  -0.755  15.0-127.7 -92.2 144.5  -14.8   -9.0   -4.4               
  132  132 A I        +     0   0   14    452,-0.5     3,-0.1    -2,-0.3   443,-0.1  -0.761  45.1 152.3 -94.7  91.3  -17.6   -9.8   -1.9               
  133  133 A D        +     0   0   55     -2,-1.1     2,-0.4     1,-0.2    -1,-0.2   0.794  64.4  50.3 -84.1 -33.6  -20.5  -11.1   -4.1               
  134  134 A F        +     0   0   61     -3,-0.2     2,-0.3    79,-0.2    -1,-0.2  -0.926  55.1 137.5-115.9 128.7  -21.9  -13.3   -1.3               
  135  135 A S    >>  -     0   0   11     -2,-0.4     3,-2.7    -3,-0.1     4,-0.6  -0.913  60.2-109.2-151.8 151.1  -22.8  -12.5    2.4               
  136  136 A K  G >4 S+     0   0  148      1,-0.3     3,-0.6    -2,-0.3   409,-0.1   0.854 120.2  53.7 -51.2 -35.1  -25.9  -13.6    4.3               
  137  137 A C  G 34 S+     0   0   26    407,-0.3    -1,-0.3   433,-0.2     3,-0.2   0.476 102.2  62.9 -72.4  -7.9  -27.2  -10.0    4.3               
  138  138 A A  G <4 S+     0   0   37     -3,-2.7     2,-0.4     1,-0.2     3,-0.2   0.739  92.2  58.5 -93.0 -25.0  -26.9   -9.8    0.4               
  139  139 A I    <<  +     0   0   84     -4,-0.6    -1,-0.2    -3,-0.6    -2,-0.0  -0.701  66.6  76.8-135.7  83.2  -29.2  -12.3   -1.1               
  140  140 A Q  S    S+     0   0  168     -2,-0.4     2,-0.2    -3,-0.2    -1,-0.2   0.296 101.9  42.4-130.4 -14.0  -32.9  -12.6   -0.6               
  141  141 A N        +     0   0  155     -3,-0.2    -2,-0.0     2,-0.1     0, 0.0  -0.564  59.8 159.0-125.9  66.9  -33.9   -9.8   -3.1               
  142  142 A A        -     0   0   77     -2,-0.2     2,-0.4     1,-0.0    -3,-0.0  -0.797  56.4-108.8 -67.2 125.7  -31.8   -9.9   -6.2               
  143  143 A P        -     0   0  121      0, 0.0     4,-0.1     0, 0.0    -2,-0.1  -0.480  27.2-127.7 -60.2 117.5  -34.1   -7.9   -8.6               
  144  144 A N        -     0   0  138     -2,-0.4     4,-0.1     1,-0.1    -3,-0.0  -0.580  23.7-123.4 -61.0 127.4  -35.5  -10.4  -11.0               
  145  145 A P  S    S+     0   0  135      0, 0.0     2,-0.4     0, 0.0    -1,-0.1   0.315  94.1  65.8 -75.0  14.1  -34.6   -8.7  -14.4               
  146  146 A G  S    S-     0   0   47      2,-0.1     2,-2.4     0, 0.0    -2,-0.1  -0.954  81.7-136.2-130.9 114.7  -38.3   -8.7  -15.6               
  147  147 A G        +     0   0   95     -2,-0.4     2,-0.6    -4,-0.1     0, 0.0  -0.430  43.2 157.4 -67.4  67.8  -40.8   -6.5  -13.7               
  148  148 A G        -     0   0   68     -2,-2.4    -2,-0.1    -4,-0.1    -4,-0.1  -0.911  45.9-111.8 -93.8 120.1  -43.6   -9.0  -13.5               
  149  149 A D        -     0   0  158     -2,-0.6     2,-1.8     1,-0.2    -1,-0.0  -0.140  32.6 -99.7 -49.8 139.3  -46.0   -8.3  -10.7               
  150  150 A L        +     0   0  183      1,-0.0     2,-0.5     3,-0.0    -1,-0.2  -0.432  58.8 157.8 -62.1  81.0  -46.2  -10.7   -7.7               
  151  151 A Q        -     0   0  173     -2,-1.8    -1,-0.0     1,-0.1    -2,-0.0  -0.892  54.3 -45.8-116.1 106.0  -49.3  -12.7   -8.6               
  152  152 A K        -     0   0  202     -2,-0.5     2,-0.8     1,-0.2    -1,-0.1   0.926  46.8-120.6  55.1  98.6  -49.5  -16.2   -7.0               
  153  153 A A        -     0   0  111     -3,-0.1     2,-0.6     1,-0.0    -1,-0.2  -0.410  26.9-154.0 -50.4  97.7  -46.9  -18.9   -6.7               
  154  154 A G        -     0   0   64     -2,-0.8     2,-0.3     1,-0.1    -1,-0.0  -0.787  32.7-103.4 -74.0 121.6  -48.4  -21.9   -8.5               
  155  155 A K        -     0   0  211     -2,-0.6     2,-0.9     1,-0.1    -1,-0.1  -0.338  30.0-155.6 -48.6 110.0  -46.8  -25.0   -6.9               
  156  156 A L        -     0   0  172     -2,-0.3    -1,-0.1     3,-0.0     3,-0.1  -0.852  14.6-149.7 -88.4 104.9  -44.1  -26.5   -9.2               
  157  157 A S        -     0   0   95     -2,-0.9     2,-0.3     1,-0.1     0, 0.0  -0.470  34.9 -82.0 -67.1 150.5  -43.9  -30.2   -8.2               
  158  158 A P        -     0   0  128      0, 0.0     2,-0.8     0, 0.0    -1,-0.1  -0.381  38.1-133.6 -72.8 119.1  -40.5  -31.8   -8.7               
  159  159 A L        -     0   0  163     -2,-0.3     2,-0.5     1,-0.1    -3,-0.0  -0.599  19.2-134.0 -67.9 108.2  -39.7  -33.0  -12.2               
  160  160 A K        -     0   0  192     -2,-0.8     2,-1.1     1,-0.1    -1,-0.1  -0.549  14.6-136.8 -53.7 114.2  -38.2  -36.5  -11.9               
  161  161 A V        -     0   0  138     -2,-0.5    -1,-0.1     3,-0.0    -2,-0.0  -0.738  21.1-168.4 -75.2  98.2  -35.1  -36.6  -14.2               
  162  162 A Q        -     0   0  166     -2,-1.1     2,-0.3     1,-0.0    -3,-0.0  -0.824  33.3-105.6 -80.2 135.8  -35.5  -40.0  -15.9               
  163  163 A P        -     0   0  118      0, 0.0     2,-1.0     0, 0.0    -1,-0.0  -0.484  25.3-125.9 -74.3 124.3  -32.2  -40.7  -17.7               
  164  164 A K        -     0   0  207     -2,-0.3     2,-0.6     1,-0.0    -3,-0.0  -0.575  20.8-157.9 -65.1 100.8  -32.2  -40.2  -21.5               
  165  165 A K        -     0   0  205     -2,-1.0    -1,-0.0     1,-0.0     0, 0.0  -0.777  21.3-127.4 -71.9 120.3  -30.9  -43.5  -23.0               
  166  166 A L        -     0   0  163     -2,-0.6     2,-0.5     1,-0.1    -1,-0.0  -0.527  28.0-111.9 -65.0 137.2  -29.6  -42.6  -26.5               
  167  167 A P        -     0   0  119      0, 0.0     2,-0.5     0, 0.0    -1,-0.1  -0.642  19.1-130.8 -82.9 123.6  -31.1  -44.9  -29.2               
  168  168 A C        -     0   0  136     -2,-0.5     2,-0.7     1,-0.0     3,-0.1  -0.599  26.6-134.2 -64.4 116.0  -28.9  -47.4  -31.0               
  169  169 A R        -     0   0  251     -2,-0.5    -1,-0.0     1,-0.2     0, 0.0  -0.756  46.2 -45.8 -75.5 113.0  -29.5  -47.0  -34.8               
  170  170 A G        +     0   0   69     -2,-0.7    -1,-0.2     1,-0.0     2,-0.1   0.834  53.9 133.8  57.4 103.1  -30.0  -50.1  -36.7               
  171  171 A Q        -     0   0  188     -3,-0.1     2,-1.4     3,-0.0     3,-0.1  -0.507  40.6-139.8-156.4 122.0  -28.9  -53.5  -37.6               
  172  172 A T  S    S+     0   0  138      1,-0.2     0, 0.0    -2,-0.1     0, 0.0  -0.605  77.8  55.0 -68.5  85.2  -31.6  -56.2  -37.7               
  173  173 A T        +     0   0  137     -2,-1.4     2,-0.4     1,-0.0    -1,-0.2   0.377  48.8 133.1 162.0  76.2  -30.2  -59.3  -36.1               
  174  174 A C        +     0   0  133     -3,-0.1     2,-0.8     2,-0.0    -3,-0.0  -0.759  14.2 158.0-122.4  84.7  -28.8  -59.3  -32.6               
  175  175 A R        +     0   0  259     -2,-0.4     2,-0.2     2,-0.0     0, 0.0  -0.947  37.1 112.7 -89.0 102.8  -30.2  -62.3  -30.8               
  176  176 A G        -     0   0   62     -2,-0.8     2,-0.7     2,-0.0    -2,-0.0  -0.576  60.4-139.0 179.5 115.1  -27.6  -62.6  -28.0               
  177  177 A S        -     0   0  123     -2,-0.2     2,-1.4     1,-0.1    -2,-0.0  -0.708  19.7-150.3 -73.4 108.3  -27.5  -62.1  -24.3               
  178  178 A C        +     0   0  136     -2,-0.7     2,-0.4     3,-0.0     3,-0.1  -0.706  44.3 136.5 -86.7  84.6  -24.2  -60.3  -23.4               
  179  179 A D        +     0   0  143     -2,-1.4    -2,-0.1     1,-0.2     0, 0.0  -0.994  48.7   4.2-126.4 138.8  -23.6  -61.7  -19.9               
  180  180 A S        +     0   0  120     -2,-0.4    -1,-0.2     1,-0.1     0, 0.0   0.865  48.9 143.8  67.4 129.1  -20.3  -62.9  -18.5               
  181  181 A G        -     0   0   78     -3,-0.1    -1,-0.1     0, 0.0    -3,-0.0   0.179  31.0-145.7 164.7  73.5  -16.6  -63.1  -19.7               
  182  182 A E        +     0   0  179      1,-0.1     0, 0.0     2,-0.0     0, 0.0   0.507  35.7  35.8   5.3 143.7  -13.4  -62.6  -17.6               
  183  183 A L        +     0   0  156      1,-0.1     2,-0.3     0, 0.0    -1,-0.1   0.945  19.8 152.7  71.7  94.4   -9.9  -61.4  -17.4               
  184  184 A G        -     0   0   80      2,-0.0     2,-0.5     0, 0.0    -1,-0.1  -0.832  32.5-151.7-134.7 100.5   -7.6  -58.6  -18.6               
  185  185 A R        +     0   0  243     -2,-0.3     2,-0.1     2,-0.1     0, 0.0  -0.599  39.4 132.8 -61.2 117.1   -4.7  -57.9  -16.2               
  186  186 A N        -     0   0  161     -2,-0.5     2,-1.9     2,-0.1    -2,-0.0  -0.486  37.8-155.9-156.7 106.3   -3.2  -54.5  -16.1               
  187  187 A S        +     0   0  123     -2,-0.1     2,-0.9     2,-0.1    -2,-0.1  -0.562  22.2 167.4 -68.8  75.4   -2.8  -53.0  -12.7               
  188  188 A G        -     0   0   59     -2,-1.9     2,-0.6     3,-0.0    -2,-0.1  -0.921  40.9-128.5 -79.2 102.1   -2.8  -49.3  -13.5               
  189  189 A T        -     0   0  137     -2,-0.9     2,-0.7     1,-0.1    -2,-0.1  -0.491  16.4-130.1 -46.4 104.5   -3.1  -48.1   -9.9               
  190  190 A F        -     0   0  202     -2,-0.6     2,-0.7     1,-0.1    -1,-0.1  -0.637  26.0-119.4 -51.5 107.5   -6.1  -45.7  -10.0               
  191  191 A S        -     0   0  100     -2,-0.7     2,-0.7     1,-0.1    -1,-0.1  -0.584  28.1-126.9 -46.9  99.6   -4.5  -42.8   -8.3               
  192  192 A S        -     0   0   94     -2,-0.7     2,-0.6     1,-0.1    -1,-0.1  -0.646  29.1-116.3 -54.4 106.1   -7.1  -42.7   -5.5               
  193  193 A Q        -     0   0  173     -2,-0.7     2,-1.2     1,-0.1    -1,-0.1  -0.479  22.2-138.9 -51.7 103.0   -8.0  -39.1   -5.9               
  194  194 A I        -     0   0  143     -2,-0.6     3,-0.2     3,-0.0    -1,-0.1  -0.707  25.0-134.8 -68.2  97.5   -6.8  -37.7   -2.5               
  195  195 A E        -     0   0  171     -2,-1.2    -3,-0.0     1,-0.2    -1,-0.0  -0.365  49.4 -56.8 -49.2 140.2   -9.9  -35.4   -2.0               
  196  196 A N        -     0   0  110      1,-0.2    -1,-0.2    -2,-0.0   499,-0.0   0.048  57.4-125.3 -22.1 106.7   -8.9  -31.9   -0.8               
  197  197 A T        -     0   0  103     -3,-0.2    -1,-0.2    10,-0.0     2,-0.1  -0.551  31.5-148.6 -61.2 103.6   -6.9  -32.4    2.4               
  198  198 A P        -     0   0   50      0, 0.0     2,-0.5     0, 0.0    -1,-0.0  -0.475  34.0 -85.1 -69.5 154.1   -9.0  -30.1    4.6               
  199  199 A I        -     0   0   38      9,-0.4     9,-2.5    -2,-0.1     2,-0.4  -0.502  52.1-140.0 -59.6 110.6   -7.1  -28.4    7.4               
  200  200 A L  B     -I  207   0D  72     -2,-0.5   486,-0.1     7,-0.2    -1,-0.1  -0.639  17.4-113.7 -73.3 129.1   -7.2  -31.1   10.0               
  201  201 A C     >  -     0   0    8      5,-3.0     4,-2.7    -2,-0.4     5,-0.3  -0.559  27.2-136.1 -53.8 120.5   -7.8  -29.8   13.5               
  202  202 A P  T  4 S+     0   0   39      0, 0.0    -1,-0.2     0, 0.0    -2,-0.0   0.736 100.8  42.5 -62.3 -21.8   -4.4  -30.8   15.0               
  203  203 A F  T  4 S+     0   0  111      3,-0.1    -2,-0.0     1,-0.1    -3,-0.0   0.857 127.5  26.9 -86.4 -43.1   -6.1  -32.1   18.2               
  204  204 A H  T  4 S-     0   0  129      2,-0.2    -1,-0.1     0, 0.0    -3,-0.0   0.532  89.3-137.1 -98.7 -12.0   -9.1  -33.9   16.6               
  205  205 A L     <  +     0   0  125     -4,-2.7    -5,-0.1     1,-0.2     0, 0.0   0.738  61.4 134.9  50.1  29.4   -7.6  -34.8   13.2               
  206  206 A Q        -     0   0  132     -5,-0.3    -5,-3.0     1,-0.0    -1,-0.2  -0.831  65.2 -96.9-102.8 143.7  -11.0  -33.8   11.8               
  207  207 A P  B     -I  200   0D  76      0, 0.0    -7,-0.2     0, 0.0    -8,-0.1  -0.337  28.1-136.5 -49.4 124.7  -11.6  -31.5    8.7               
  208  208 A V        -     0   0   17     -9,-2.5    -9,-0.4    -2,-0.1     2,-0.2  -0.823  31.6-123.2 -76.3 114.8  -12.2  -27.9    9.6               
  209  209 A P        -     0   0  101      0, 0.0     3,-0.0     0, 0.0    -1,-0.0  -0.465  19.5-125.0 -63.4 125.8  -15.2  -27.2    7.2               
  210  210 A E        -     0   0   76     -2,-0.2     2,-0.1     1,-0.1     5,-0.0  -0.543  37.2 -99.3 -66.2 134.0  -14.4  -24.2    4.9               
  211  211 A P    >>  -     0   0   28      0, 0.0     4,-1.8     0, 0.0     3,-0.8  -0.354  24.5-132.3 -60.6 132.2  -17.2  -21.6    5.3               
  212  212 A E  H 3> S+     0   0  129      1,-0.3     4,-2.2     2,-0.2     5,-0.2   0.845 106.1  57.4 -54.7 -38.2  -19.8  -21.9    2.4               
  213  213 A T  H 3> S+     0   0   17      2,-0.2     4,-2.3     1,-0.2    -1,-0.3   0.891 105.7  50.2 -62.5 -38.8  -19.6  -18.1    1.8               
  214  214 A V  H <> S+     0   0    0     -3,-0.8     4,-2.8   359,-0.3     5,-0.2   0.940 110.1  50.2 -62.5 -47.1  -15.8  -18.3    1.2               
  215  215 A L  H  X S+     0   0   62     -4,-1.8     4,-1.8     1,-0.2    -2,-0.2   0.873 112.5  46.8 -61.6 -40.5  -16.3  -21.1   -1.3               
  216  216 A K  H  X S+     0   0   78     -4,-2.2     4,-2.2     2,-0.2    -1,-0.2   0.907 113.3  47.4 -67.1 -46.6  -18.9  -19.2   -3.2               
  217  217 A N  H  X S+     0   0    0     -4,-2.3     4,-2.4     1,-0.2    -2,-0.2   0.931 113.7  48.7 -62.9 -43.0  -16.9  -15.9   -3.3               
  218  218 A Q  H  X S+     0   0   15     -4,-2.8     4,-2.8     2,-0.2    -1,-0.2   0.868 108.2  54.8 -62.8 -38.2  -13.8  -17.9   -4.4               
  219  219 A E  H  X S+     0   0  121     -4,-1.8     4,-1.9    -5,-0.2    -2,-0.2   0.955 111.6  43.3 -61.5 -47.0  -15.9  -19.6   -7.2               
  220  220 A V  H  X S+     0   0   47     -4,-2.2     4,-3.3     2,-0.2     5,-0.3   0.893 113.0  54.3 -63.5 -38.6  -17.0  -16.3   -8.6               
  221  221 A E  H  X S+     0   0    9     -4,-2.4     4,-2.6     1,-0.2    -2,-0.2   0.949 109.3  46.0 -61.5 -48.3  -13.4  -15.0   -8.2               
  222  222 A F  H  < S+     0   0   20     -4,-2.8    -1,-0.2     2,-0.2    -2,-0.2   0.829 118.7  43.9 -64.1 -33.3  -11.9  -17.9  -10.2               
  223  223 A G  H >< S+     0   0   55     -4,-1.9     3,-0.8    -5,-0.2     4,-0.2   0.957 118.9  40.3 -72.0 -53.5  -14.7  -17.4  -12.9               
  224  224 A R  H 3< S+     0   0   42     -4,-3.3     3,-0.2     1,-0.2    -2,-0.2   0.836 126.1  34.1 -65.3 -41.1  -14.5  -13.6  -13.1               
  225  225 A N  T >X S+     0   0    0     -4,-2.6     4,-2.1    -5,-0.3     3,-0.6   0.095  78.1 125.9-107.8  20.0  -10.7  -13.2  -12.9               
  226  226 A R  H <> S+     0   0  129     -3,-0.8     4,-2.7     1,-0.2     5,-0.2   0.864  73.3  51.4 -47.4 -50.8   -9.8  -16.5  -14.8               
  227  227 A E  H 3> S+     0   0   51      1,-0.2     4,-2.2     2,-0.2    -1,-0.2   0.880 111.1  48.6 -57.6 -41.1   -7.5  -14.7  -17.4               
  228  228 A R  H <> S+     0   0    4     -3,-0.6     4,-2.3     2,-0.2    -1,-0.2   0.908 112.7  47.4 -65.8 -43.9   -5.6  -12.9  -14.6               
  229  229 A L  H  X S+     0   0    3     -4,-2.1     4,-2.5     2,-0.2    -2,-0.2   0.894 111.4  50.7 -66.9 -39.9   -5.1  -16.2  -12.6               
  230  230 A Q  H  X S+     0   0   42     -4,-2.7     4,-2.5    -5,-0.2    -2,-0.2   0.912 110.0  51.4 -63.4 -41.2   -4.0  -18.0  -15.8               
  231  231 A F  H  X S+     0   0    0     -4,-2.2     4,-2.9    -5,-0.2    -2,-0.2   0.928 111.5  46.3 -61.5 -45.1   -1.5  -15.2  -16.4               
  232  232 A F  H  X S+     0   0    0     -4,-2.3     4,-2.6     2,-0.2    -2,-0.2   0.896 110.5  52.8 -65.4 -38.4   -0.1  -15.5  -12.9               
  233  233 A K  H  X S+     0   0   22     -4,-2.5     4,-0.9     2,-0.2    -2,-0.2   0.937 112.2  46.2 -61.6 -44.1    0.1  -19.3  -13.2               
  234  234 A W  H >X S+     0   0    0     -4,-2.5     4,-2.3     2,-0.2     3,-1.2   0.959 111.9  51.4 -57.8 -51.0    2.1  -18.8  -16.4               
  235  235 A S  H 3X S+     0   0    0     -4,-2.9     4,-2.5     1,-0.3    -2,-0.2   0.876 106.1  54.5 -56.9 -42.1    4.3  -16.1  -14.7               
  236  236 A S  H 3< S+     0   0   37     -4,-2.6    -1,-0.3     1,-0.2    -2,-0.2   0.726 115.7  39.3 -65.2 -25.1    5.1  -18.5  -11.8               
  237  237 A R  H << S+     0   0  124     -3,-1.2    -1,-0.2    -4,-0.9    -2,-0.2   0.804 121.7  40.6 -85.9 -38.9    6.4  -21.2  -14.2               
  238  238 A V  H  < S+     0   0   23     -4,-2.3     2,-0.5    -5,-0.1    -2,-0.2   0.730 104.0  67.5 -94.9 -27.4    8.2  -19.0  -16.7               
  239  239 A F  S >< S-     0   0    6     -4,-2.5     3,-0.8    -5,-0.3  -122,-0.1  -0.856  72.0-139.4 -98.7 128.2    9.9  -16.4  -14.4               
  240  240 A K  T 3  S+     0   0  140     -2,-0.5     3,-0.1     1,-0.2    -2,-0.1  -0.428  89.4  26.8 -67.4 156.5   12.8  -17.3  -12.1               
  241  241 A N  T 3  S+     0   0   90      1,-0.2  -119,-3.1  -124,-0.1     2,-0.5   0.616  95.1 118.1  58.6  18.8   12.7  -15.7   -8.6               
  242  242 A V  E <   -g  122   0C  16     -3,-0.8     2,-0.4  -121,-0.2  -119,-0.2  -0.963  40.1-176.5-115.9 117.7    8.9  -15.3   -8.8               
  243  243 A A  E     -g  123   0C  45   -121,-2.5  -119,-2.7    -2,-0.5     2,-0.6  -0.941   9.5-158.1-108.1 131.2    6.7  -17.1   -6.2               
  244  244 A V  E     -g  124   0C  22     -2,-0.4  -119,-0.2  -121,-0.2  -121,-0.1  -0.937   5.0-153.5-112.5 114.7    2.8  -16.8   -6.6               
  245  245 A I  E     -g  125   0C   6   -121,-3.1  -119,-1.7    -2,-0.6     4,-0.1  -0.752  30.8-123.5 -81.2 120.1    0.8  -17.4   -3.4               
  246  246 A P    >   -     0   0    2      0, 0.0     3,-0.6     0, 0.0     4,-0.3  -0.188  29.4 -83.3 -71.6 161.4   -2.6  -18.7   -4.8               
  247  247 A P  T 3  S+     0   0    3      0, 0.0  -120,-0.2     0, 0.0   448,-0.2  -0.191 109.4  37.4 -59.5 151.5   -6.1  -17.2   -4.1               
  248  248 A G  T 3  S+     0   0    4   -122,-0.3  -121,-0.1     2,-0.0     3,-0.1   0.658  93.3  94.1  79.7  19.3   -7.9  -18.1   -0.9               
  249  249 A T  S <  S-     0   0    6     -3,-0.6   302,-2.1     1,-0.3     2,-0.2   0.838  88.3 -70.1-101.7 -55.3   -4.7  -18.2    1.3               
  250  250 A G  B     -J  550   0E   0     -4,-0.3   300,-0.3   300,-0.3    -1,-0.3  -0.899  50.9 -63.3 166.0 159.3   -4.4  -14.7    2.9               
  251  251 A M    >>  -     0   0    2    298,-2.5     4,-2.8    -2,-0.2     3,-0.5  -0.381  51.7-110.0 -62.5 145.2   -3.6  -11.0    2.5               
  252  252 A A  H 3> S+     0   0    4      1,-0.2     4,-2.1     2,-0.2    -1,-0.1   0.835 115.7  45.1 -40.3 -54.8   -0.1   -9.9    1.4               
  253  253 A H  H 3> S+     0   0    3      2,-0.2     4,-2.0     1,-0.2    -1,-0.2   0.845 114.6  46.2 -70.2 -36.3    0.9   -8.5    4.7               
  254  254 A Q  H <> S+     0   0    0     -3,-0.5     4,-3.0     2,-0.2     5,-0.2   0.938 114.5  47.4 -75.6 -41.8   -0.3  -11.4    6.9               
  255  255 A I  H  X>S+     0   0    0     -4,-2.8     4,-2.2   294,-0.3     5,-2.0   0.870 109.8  56.6 -61.5 -35.1    1.2  -14.0    4.6               
  256  256 A N  I  <>S+     0   0    0     -4,-2.1     5,-2.2    -5,-0.4    -2,-0.2   0.955 114.2  37.1 -58.8 -49.9    4.3  -11.9    4.7               
  257  257 A L  I  <5S+     0   0   18     -4,-2.0    -2,-0.2     1,-0.2    -1,-0.2   0.901 124.1  40.0 -68.4 -44.3    4.4  -12.2    8.5               
  258  258 A E  I  <5S+     0   0   32     -4,-3.0    -3,-0.2    -5,-0.1    -2,-0.2   0.717 136.3   2.0 -81.6 -26.6    3.2  -15.8    8.8               
  259  259 A Y  I  <5S+     0   0   71     -4,-2.2    -3,-0.2    -5,-0.2    -2,-0.1   0.680 125.2  46.2-132.9 -45.7    5.1  -17.5    5.9               
  260  260 A L  I   <S+     0   0    6     -5,-2.0    -4,-0.2    -4,-0.0    -3,-0.2   0.756  83.2  99.7 -86.0 -27.5    7.5  -15.2    3.8               
  261  261 A S      < +     0   0    6     -5,-2.2     3,-0.1    -6,-0.3    -4,-0.0  -0.413  36.3 169.1 -67.4 132.1    9.4  -13.4    6.6               
  262  262 A R        -     0   0   83     -2,-0.2     2,-2.4     1,-0.1    -1,-0.1   0.642  24.5-154.2-113.5 -22.5   12.9  -14.8    7.5               
  263  263 A V  S    S+     0   0    3     10,-0.0    11,-2.6   145,-0.0     2,-0.4  -0.355  87.8  37.0  63.5 -48.2   14.4  -12.1    9.8               
  264  264 A V  E    S-C  273   0A   9     -2,-2.4     2,-0.2     9,-0.3   144,-0.1  -0.997  83.3-146.0-127.7 122.6   17.8  -13.4    8.5               
  265  265 A F  E     -C  272   0A  20      7,-2.8     7,-1.6    -2,-0.4     2,-0.4  -0.594   4.7-156.2 -76.7 149.6   18.3  -14.6    4.9               
  266  266 A E  E     +C  271   0A 109     -2,-0.2     2,-0.4     5,-0.2     5,-0.2  -0.973  19.4 167.4-127.5 113.2   20.7  -17.4    4.1               
  267  267 A E  E >  S-C  270   0A 105      3,-2.6     3,-2.4    -2,-0.4    -2,-0.0  -0.975  73.5 -23.6-127.8 118.5   22.1  -17.4    0.6               
  268  268 A K  T 3  S-     0   0  183     -2,-0.4    -1,-0.1     1,-0.3     3,-0.1   0.904 127.2 -50.3  48.2  48.9   25.1  -19.7   -0.4               
  269  269 A D  T 3  S+     0   0   87      1,-0.2  -245,-3.0  -246,-0.1     2,-0.5   0.361 112.9 124.4  67.2   1.5   26.2  -19.8    3.3               
  270  270 A L  E <   -bC  24 267A  37     -3,-2.4    -3,-2.6  -247,-0.2     2,-0.4  -0.805  48.6-153.0 -90.0 126.7   26.0  -16.0    3.6               
  271  271 A L  E     +bC  25 266A   8   -247,-3.2  -245,-0.5    -2,-0.5    -5,-0.2  -0.822  24.6 156.3 -96.1 134.8   23.8  -14.5    6.4               
  272  272 A F  E     - C   0 265A   7     -7,-1.6    -7,-2.8    -2,-0.4     2,-0.1  -0.976  44.9 -86.5-151.6 157.9   22.2  -11.1    6.1               
  273  273 A P  E     - C   0 264A   4      0, 0.0    -9,-0.3     0, 0.0     2,-0.2  -0.363  45.0-109.9 -67.5 144.0   19.1   -9.2    7.5               
  274  274 A D        +     0   0    1    -11,-2.6    18,-1.7    16,-0.1     2,-0.3  -0.531  42.0 173.4 -68.6 135.5   15.7   -9.6    5.8               
  275  275 A S  E     - h   0 292C   1     -2,-0.2  -191,-1.4    16,-0.2  -192,-0.4  -0.992   6.5-171.9-146.7 143.4   14.5   -6.4    4.1               
  276  276 A V  E     -eh  84 293C   0     16,-2.2    18,-1.1    -2,-0.3     2,-0.3  -0.991  12.6-172.2-143.9 133.7   11.5   -5.9    1.8               
  277  277 A V  E     +eh  85 294C   0   -193,-1.8  -191,-2.4    -2,-0.4     2,-0.3  -0.857  20.8 159.9-112.5 156.3    9.9   -3.3   -0.4               
  278  278 A G  E     -eh  86 295C   0     16,-1.4    18,-2.7    -2,-0.3  -191,-0.2  -0.992  50.1 -99.5-168.2 172.9    6.5   -3.5   -2.0               
  279  279 A T  S    S+     0   0   20   -193,-0.9     2,-0.4    -2,-0.3    19,-0.1   0.275  93.2  80.6 -85.0   8.6    3.6   -1.6   -3.6               
  280  280 A D  S >  S-     0   0   17   -194,-0.3     3,-1.6    14,-0.1     4,-0.2  -0.956  74.7-136.1-115.3 138.9    1.3   -1.5   -0.5               
  281  281 A S  G >  S+     0   0   28     -2,-0.4     3,-0.8     1,-0.3    14,-0.3   0.721 101.5  66.6 -62.0 -22.6    1.7    1.1    2.3               
  282  282 A H  G >   +     0   0    8      1,-0.2     3,-2.0     2,-0.1    -1,-0.3   0.332  63.9 101.4 -89.1   5.7    1.2   -1.8    4.9               
  283  283 A I  G X   +     0   0    2     -3,-1.6     3,-1.6     1,-0.3     4,-0.3   0.857  68.6  77.3 -48.8 -32.3    4.5   -3.5    4.0               
  284  284 A T  G X   +     0   0    1     -3,-0.8     3,-1.3     1,-0.3     4,-0.3   0.617  68.9  86.6 -58.5 -14.6    5.6   -1.7    7.2               
  285  285 A M  G X  S+     0   0    1     -3,-2.0     3,-1.5     1,-0.2    -1,-0.3   0.869  81.1  58.7 -52.9 -40.7    3.8   -4.4    9.2               
  286  286 A V  G X >S+     0   0    0     -3,-1.6     3,-2.2     1,-0.3     5,-1.2   0.693  84.3  79.7 -70.4 -14.0    6.9   -6.7    9.2               
  287  287 A N  G X 5S+     0   0    0     -3,-1.3    98,-2.3     1,-0.3     3,-1.1   0.732  79.6  69.7 -65.8 -19.1    9.0   -4.1   10.9               
  288  288 A G  G < 5S+     0   0    0     -3,-1.5    -1,-0.3    -4,-0.3    81,-0.2   0.651  99.0  49.9 -65.9 -16.8    7.4   -5.3   14.1               
  289  289 A L  G < 5S-     0   0    1     -3,-2.2    -1,-0.2     2,-0.2    -2,-0.2   0.355 128.2 -99.4 -96.9  -2.3    9.5   -8.5   13.6               
  290  290 A G  T < 5S+     0   0    8     -3,-1.1     2,-0.4     1,-0.3    97,-0.2   0.691  80.5 135.1  83.1  22.9   12.8   -6.5   13.1               
  291  291 A I      < -     0   0    0     -5,-1.2     2,-0.8    -7,-0.1    -1,-0.3  -0.848  57.2-125.5 -95.9 136.3   12.7   -6.7    9.2               
  292  292 A L  E     +h  275   0C   0    -18,-1.7   -16,-2.2    -2,-0.4     2,-0.3  -0.752  51.6 139.5 -86.5 112.5   13.4   -3.4    7.3               
  293  293 A G  E     +h  276   0C   0     -2,-0.8     2,-0.3   -18,-0.2   -16,-0.2  -0.994  20.8 165.0-158.0 149.8   10.6   -2.6    4.9               
  294  294 A W  E     -h  277   0C  13    -18,-1.1   -16,-1.4    -2,-0.3     2,-0.4  -0.942  41.5 -82.7-151.5 167.9    8.3    0.1    3.4               
  295  295 A G  E     +h  278   0C  23     86,-0.4     2,-0.2   -14,-0.3   -16,-0.2  -0.675  44.0 179.3 -79.6 132.3    5.9    0.9    0.6               
  296  296 A V        -     0   0    7    -18,-2.7     2,-0.0    -2,-0.4    14,-0.0  -0.746  33.3 -86.9-123.5 167.4    7.3    1.9   -2.8               
  297  297 A G     >  -     0   0    0     -2,-0.2     4,-2.6     1,-0.1   558,-0.1  -0.312  36.1-113.0 -73.2 160.4    5.8    2.9   -6.2               
  298  298 A G  H  > S+     0   0    5    556,-0.4     4,-1.9     2,-0.2     5,-0.1   0.916 117.0  42.3 -62.5 -42.8    4.8    0.3   -8.9               
  299  299 A I  H  > S+     0   0    5      2,-0.2     4,-2.0     1,-0.2    -1,-0.2   0.898 114.7  51.9 -72.7 -38.5    7.4    1.4  -11.5               
  300  300 A E  H  > S+     0   0   29      2,-0.2     4,-2.2     1,-0.2    -2,-0.2   0.920 108.4  51.8 -60.4 -40.6   10.0    1.8   -8.7               
  301  301 A T  H  X S+     0   0    1     -4,-2.6     4,-2.8     2,-0.2    -2,-0.2   0.912 106.8  52.5 -63.3 -41.5    9.2   -1.8   -7.6               
  302  302 A E  H  X S+     0   0    1     -4,-1.9     4,-1.9     2,-0.2    -1,-0.2   0.892 107.7  53.1 -60.2 -37.0    9.7   -3.0  -11.3               
  303  303 A A  H  <>S+     0   0   11     -4,-2.0     5,-2.4     2,-0.2    -2,-0.2   0.946 110.6  46.0 -60.0 -48.0   13.1   -1.3  -11.1               
  304  304 A V  H ><5S+     0   0    4     -4,-2.2     3,-1.9     1,-0.2  -184,-0.4   0.913 109.1  54.5 -62.8 -43.5   14.0   -3.3   -7.9               
  305  305 A M  H 3<5S+     0   0    0     -4,-2.8  -186,-2.6     1,-0.3  -185,-1.3   0.887 107.2  52.1 -56.5 -38.1   12.7   -6.5   -9.5               
  306  306 A L  T 3<5S-     0   0   18     -4,-1.9    -1,-0.3  -188,-0.2    -2,-0.2   0.417 129.8 -98.5 -79.7   2.5   15.2   -5.7  -12.4               
  307  307 A G  T < 5S+     0   0   10     -3,-1.9    -3,-0.2     1,-0.3    -2,-0.1   0.688  80.4 132.2  88.0  21.3   18.0   -5.3   -9.8               
  308  308 A L      < -     0   0   30     -5,-2.4    -1,-0.3    -8,-0.1     2,-0.1  -0.735  54.4-113.8 -93.6 152.2   18.1   -1.5   -9.5               
  309  309 A P        -     0   0   32      0, 0.0     2,-0.4     0, 0.0  -228,-0.2  -0.384  20.0-115.8 -76.5 163.1   18.2    0.2   -6.0               
  310  310 A V  E     -D   80   0B   3   -230,-2.6  -230,-2.2    -2,-0.1     2,-0.5  -0.828  31.6-123.4 -85.2 134.5   15.5    2.5   -4.4               
  311  311 A S  E     -D   79   0B  40     -2,-0.4     2,-0.4  -232,-0.2  -234,-0.0  -0.728  33.8-175.5 -80.2 126.7   16.8    6.1   -3.9               
  312  312 A L  E     -D   78   0B  12   -234,-2.5  -234,-2.5    -2,-0.5     2,-0.4  -0.959  26.1-139.9-126.3 116.4   16.5    7.0   -0.2               
  313  313 A T  E     -D   77   0B  53     -2,-0.4  -236,-0.3  -236,-0.3  -240,-0.1  -0.618  49.6 -99.4 -61.4 122.1   17.2   10.4    1.3               
  314  314 A L        -     0   0    0   -238,-2.9  -240,-3.4    -2,-0.4  -238,-0.2  -0.294  51.1-135.9 -53.4 115.3   18.9    9.4    4.5               
  315  315 A P        -     0   0    4      0, 0.0    36,-0.2     0, 0.0     2,-0.2  -0.398   5.2-115.5 -82.2 150.1   16.1    9.7    7.1               
  316  316 A E        -     0   0   56     34,-0.4    36,-3.1    -2,-0.1     2,-0.5  -0.510  31.4-139.0 -62.7 149.9   16.0   11.2   10.5               
  317  317 A V  E     -k  352   0F   0     34,-0.2   114,-2.3    -2,-0.2   115,-1.0  -0.963   9.1-156.1-120.7 114.6   15.2    8.4   13.1               
  318  318 A V  E     -kl 353 432F   1     34,-3.0    36,-2.5    -2,-0.5     2,-0.5  -0.823  13.1-142.0 -89.6 113.4   12.9    9.3   16.0               
  319  319 A G  E     -kl 354 433F   0    113,-2.7   115,-2.7    -2,-0.7     2,-0.7  -0.659  11.7-160.4 -73.0 119.9   13.4    7.1   19.1               
  320  320 A C  E     -kl 355 434F   0     34,-3.0    36,-2.1    -2,-0.5     2,-0.7  -0.883   6.1-154.5-105.1 100.5   10.1    6.3   20.7               
  321  321 A E  E     -kl 356 435F  53    113,-3.0   115,-3.0    -2,-0.7     2,-0.5  -0.659   7.5-158.9 -75.2 110.7   10.8    5.2   24.3               
  322  322 A L  E     + l   0 436F   0     34,-3.2    37,-2.9    -2,-0.7    38,-0.6  -0.828  16.7 176.1 -89.7 128.5    7.9    2.9   25.4               
  323  323 A T  E     + l   0 437F  22    113,-2.3   115,-3.0    -2,-0.5   116,-0.3  -0.875  37.3  14.1-128.9 161.1    7.5    2.7   29.2               
  324  324 A G  S    S-     0   0   27     -2,-0.3     2,-0.3   113,-0.2    38,-0.2  -0.240  82.6 -75.7  74.0-163.7    5.1    0.9   31.6               
  325  325 A S        -     0   0   62    112,-0.0    34,-0.0    37,-0.0    38,-0.0  -0.998  43.0-101.7-138.8 138.8    2.4   -1.8   30.8               
  326  326 A S        -     0   0   29     -2,-0.3   113,-0.2    33,-0.1   112,-0.1  -0.266  41.7-103.2 -62.1 144.1   -1.0   -1.6   29.1               
  327  327 A N    >   -     0   0   67    111,-0.5     3,-2.1   114,-0.4    -1,-0.1  -0.348  34.5-110.2 -58.2 144.7   -4.2   -1.6   31.2               
  328  328 A P  T 3  S+     0   0   86      0, 0.0    -1,-0.1     0, 0.0    -2,-0.1   0.726 118.9  51.1 -51.7 -27.3   -6.0   -5.0   31.2               
  329  329 A F  T 3  S+     0   0  130      2,-0.1     2,-0.4   338,-0.0    -2,-0.1   0.507  87.9 103.8 -87.7  -8.7   -8.9   -3.5   29.1               
  330  330 A V    <   -     0   0   17     -3,-2.1     2,-0.2   111,-0.1    -4,-0.0  -0.659  55.5-161.0 -81.0 125.1   -6.6   -2.1   26.4               
  331  331 A T    >>  -     0   0   21     -2,-0.4     4,-1.7     1,-0.0     3,-0.6  -0.495  38.4 -94.9 -91.2 169.6   -6.4   -3.9   23.1               
  332  332 A S  H 3> S+     0   0    5      1,-0.2     4,-2.5     2,-0.2     5,-0.1   0.891 125.5  56.0 -53.5 -39.0   -3.6   -3.7   20.5               
  333  333 A I  H 3> S+     0   0    0      2,-0.2     4,-3.0     1,-0.2    -1,-0.2   0.862 103.3  53.5 -64.5 -35.2   -5.6   -1.0   18.6               
  334  334 A D  H <> S+     0   0    2     -3,-0.6     4,-2.3     2,-0.2   108,-0.2   0.927 110.1  47.9 -67.4 -41.4   -5.9    1.2   21.7               
  335  335 A V  H  X S+     0   0    4     -4,-1.7     4,-2.8     2,-0.2    -2,-0.2   0.947 114.3  47.0 -57.8 -49.5   -2.1    1.1   22.0               
  336  336 A V  H  X S+     0   0    0     -4,-2.5     4,-3.1     1,-0.2    -2,-0.2   0.908 112.9  47.0 -65.6 -43.6   -1.7    1.9   18.3               
  337  337 A L  H  X S+     0   0    2     -4,-3.0     4,-1.9     2,-0.2    -1,-0.2   0.869 113.2  51.3 -65.7 -36.8   -4.3    4.8   18.3               
  338  338 A G  H  X S+     0   0    1     -4,-2.3     4,-1.5    -5,-0.2    -2,-0.2   0.969 115.4  40.3 -58.8 -55.1   -2.5    6.1   21.5               
  339  339 A I  H  X S+     0   0    0     -4,-2.8     4,-2.8     1,-0.2     5,-0.3   0.927 112.6  56.5 -61.3 -46.2    1.0    6.0   19.8               
  340  340 A T  H  X S+     0   0    1     -4,-3.1     4,-1.7     1,-0.2    -1,-0.2   0.872 105.7  50.8 -55.1 -45.3   -0.5    7.3   16.5               
  341  341 A K  H  X S+     0   0   87     -4,-1.9     4,-1.3     2,-0.2    -1,-0.2   0.931 114.0  43.8 -59.9 -48.0   -1.9   10.5   18.2               
  342  342 A H  H  X S+     0   0   66     -4,-1.5     4,-1.7     1,-0.2     3,-0.5   0.947 111.7  51.9 -66.4 -48.2    1.5   11.3   19.9               
  343  343 A L  H  X>S+     0   0    0     -4,-2.8     4,-1.3     1,-0.2     5,-0.9   0.836 108.2  53.9 -59.9 -32.1    3.7   10.6   16.8               
  344  344 A R  H  <5S+     0   0   74     -4,-1.7    -1,-0.2    -5,-0.3    -2,-0.2   0.868 105.8  51.0 -70.2 -36.4    1.4   12.9   14.7               
  345  345 A Q  H  <5S+     0   0  144     -4,-1.3    -2,-0.2    -3,-0.5    -1,-0.2   0.829 109.2  52.7 -66.9 -32.7    1.9   15.8   17.2               
  346  346 A V  H  <5S-     0   0   48     -4,-1.7    -2,-0.2     2,-0.0    -1,-0.2   0.793 109.6-127.8 -71.6 -30.5    5.7   15.3   17.0               
  347  347 A G  T  <5 +     0   0   40     -4,-1.3    -3,-0.2    -5,-0.2    -2,-0.1   0.969  36.2 176.0  78.9  65.0    5.6   15.5   13.1               
  348  348 A V    > < +     0   0    1     -5,-0.9     3,-1.9    30,-0.4    33,-0.3   0.118  23.5 146.2 -88.2  19.8    7.4   12.3   11.9               
  349  349 A A  T 3  S+     0   0   77      1,-0.3    31,-0.2    31,-0.1     3,-0.1  -0.419  75.6   5.9 -63.2 128.8    6.7   12.9    8.2               
  350  350 A G  T 3  S+     0   0   47     29,-1.0   -34,-0.4     1,-0.3    -1,-0.3   0.524 114.0 108.0  73.9   8.0    9.7   11.6    6.0               
  351  351 A K    <   -     0   0   36     -3,-1.9    30,-2.4    28,-0.2    31,-0.7  -0.731  68.6-121.3-110.9 160.2   11.3   10.1    9.2               
  352  352 A F  E     -km 317 382F   1    -36,-3.1   -34,-3.0    -2,-0.2     2,-0.4  -0.712  21.5-148.8 -86.9 150.6   11.9    6.6   10.6               
  353  353 A V  E     -km 318 383F   0     29,-1.7    31,-2.8    -2,-0.3     2,-0.5  -0.994  10.9-167.7-117.9 129.8   10.5    5.8   14.0               
  354  354 A E  E     -km 319 384F   0    -36,-2.5   -34,-3.0    -2,-0.4     2,-0.5  -0.974  13.0-141.5-121.9 124.4   12.4    3.3   16.2               
  355  355 A F  E     +k  320   0F   0     29,-2.7     2,-0.2    -2,-0.5   -34,-0.2  -0.740  34.4 148.3 -89.8 129.8   10.8    1.8   19.3               
  356  356 A F  E     +k  321   0F  17    -36,-2.1   -34,-3.2    -2,-0.5     3,-0.2  -0.766  18.4  76.2-143.3-176.7   12.9    1.2   22.4               
  357  357 A G  S >> S-     0   0   12    -36,-0.2     3,-1.3    -2,-0.2     4,-0.5  -0.169  89.9 -58.2  91.5 172.3   12.7    1.2   26.3               
  358  358 A S  T 34 S+     0   0   77      1,-0.3     3,-0.4     2,-0.2     4,-0.3   0.753 125.7  64.0 -65.0 -26.7   11.2   -1.2   28.9               
  359  359 A G  T >> S+     0   0    0    -37,-2.9     3,-0.9    -3,-0.2     4,-0.6   0.737  87.8  71.0 -70.4 -22.8    7.7   -1.2   27.5               
  360  360 A V  G X4 S+     0   0    0     -3,-1.3     3,-1.2   -38,-0.6    -1,-0.2   0.913  95.9  51.8 -61.9 -41.0    8.9   -2.8   24.2               
  361  361 A S  G 3< S+     0   0   25     -4,-0.5    -1,-0.2    -3,-0.4    -2,-0.2   0.619 103.0  60.3 -73.0 -11.6    9.5   -6.1   26.0               
  362  362 A Q  G <4 S+     0   0  123     -3,-0.9     2,-0.4    -4,-0.3    -1,-0.3   0.608  92.0  83.9 -84.6 -16.6    5.9   -6.0   27.4               
  363  363 A L  S << S-     0   0    5     -3,-1.2    27,-0.1    -4,-0.6     2,-0.0  -0.768  77.8-131.6 -91.2 131.8    4.5   -5.9   23.8               
  364  364 A S     >  -     0   0   42     -2,-0.4     4,-2.6     1,-0.1     5,-0.2  -0.305  29.4-107.1 -66.6 160.6    3.9   -9.2   21.9               
  365  365 A I  H  > S+     0   0    4      1,-0.2     4,-2.8    25,-0.2     5,-0.2   0.874 124.6  57.2 -56.7 -33.4    5.2   -9.5   18.3               
  366  366 A V  H  > S+     0   0   20      2,-0.2     4,-2.0     1,-0.2    -1,-0.2   0.913 107.7  45.2 -66.9 -39.8    1.5   -9.3   17.3               
  367  367 A D  H  > S+     0   0   33      2,-0.2     4,-2.6    -3,-0.2    -2,-0.2   0.947 113.8  50.0 -66.0 -45.3    1.2   -5.9   19.1               
  368  368 A R  H  X S+     0   0    0     -4,-2.6     4,-2.8     2,-0.2    -2,-0.2   0.909 112.3  46.5 -59.6 -45.1    4.5   -4.6   17.6               
  369  369 A T  H  X S+     0   0    0     -4,-2.8     4,-1.9   -81,-0.2    -1,-0.2   0.873 111.0  52.9 -68.4 -34.6    3.4   -5.6   14.0               
  370  370 A T  H  X S+     0   0    0     -4,-2.0     4,-1.1    -5,-0.2    -2,-0.2   0.935 112.7  45.0 -61.9 -46.1   -0.0   -4.0   14.6               
  371  371 A I  H >< S+     0   0    1     -4,-2.6     3,-0.7     1,-0.2    -2,-0.2   0.951 114.2  48.3 -61.6 -50.1    1.8   -0.7   15.7               
  372  372 A A  H >< S+     0   0    0     -4,-2.8     3,-1.2     1,-0.2    11,-0.3   0.798 105.0  59.7 -65.3 -29.1    4.2   -0.9   12.7               
  373  373 A N  H 3< S+     0   0    0     -4,-1.9    -1,-0.2   -88,-0.3     4,-0.2   0.843  98.0  59.0 -68.4 -31.7    1.4   -1.5   10.3               
  374  374 A M  T << S+     0   0    0     -4,-1.1    -1,-0.2    -3,-0.7     5,-0.2   0.255  72.8 112.6 -81.4  15.8   -0.2    1.8   11.2               
  375  375 A C  S X>>S+     0   0    0     -3,-1.2     3,-2.4     2,-0.2     4,-1.2   0.909  74.0  50.8 -56.4 -44.8    3.0    3.6   10.1               
  376  376 A P  T 345S+     0   0   43      0, 0.0     3,-0.5     0, 0.0    -1,-0.2   0.900 105.2  61.8 -57.6 -35.8    1.3    5.4    7.1               
  377  377 A E  T 345S+     0   0   15     -4,-0.2    -2,-0.2     1,-0.2   -33,-0.1   0.325 108.7  39.0 -78.5  11.4   -1.3    6.4    9.8               
  378  378 A Y  T <45S-     0   0    1     -3,-2.4   -30,-0.4     2,-0.2    -1,-0.2   0.317 112.2-119.4-122.4   3.4    1.4    8.4   11.7               
  379  379 A G  T  <5 +     0   0   31     -4,-1.2   -29,-1.0    -3,-0.5   -28,-0.2   0.375  68.1 132.5  82.3  -1.1    3.1    9.7    8.5               
  380  380 A A      < -     0   0    8     -5,-0.9    -1,-0.3   -31,-0.2    -2,-0.2  -0.349  65.5-125.2 -68.6 158.9    6.5    8.1    9.1               
  381  381 A I  S    S-     0   0   53    -30,-2.4   -86,-0.4     1,-0.3     2,-0.3   0.921  88.1 -23.9 -67.6 -45.6    8.2    6.2    6.2               
  382  382 A L  E     -m  352   0F   0    -31,-0.7   -29,-1.7    -7,-0.1     2,-0.4  -0.972  55.3-137.6-151.3 164.2    8.5    3.2    8.6               
  383  383 A S  E     -m  353   0F   0     -2,-0.3     2,-0.4   -11,-0.3   -29,-0.2  -0.999  25.5-154.7-126.4 142.4    8.6    2.3   12.2               
  384  384 A F  E     -m  354   0F   4    -31,-2.8   -29,-2.7    -2,-0.4   -96,-0.2  -0.871  17.2-166.6-123.3 136.5   11.0   -0.4   13.5               
  385  385 A F        -     0   0    0    -98,-2.3   -29,-0.1    -2,-0.4     3,-0.1  -0.992  30.5-128.7-112.8 121.4   11.2   -2.8   16.4               
  386  386 A P        -     0   0    2      0, 0.0     2,-0.2     0, 0.0     5,-0.1  -0.286  33.0 -92.6 -65.9 154.5   14.6   -4.4   16.9               
  387  387 A V  B     +n  418   0G   5     30,-0.8    32,-3.0   -97,-0.2     2,-0.2  -0.486  59.8 152.5 -68.6 132.0   15.0   -8.2   17.2               
  388  388 A D     >  -     0   0    4     -2,-0.2     4,-2.0    30,-0.2     3,-0.4  -0.773  61.5 -71.0-142.7-171.1   14.9   -9.5   20.8               
  389  389 A N  H  > S+     0   0   95     30,-0.3     4,-2.3     1,-0.2     5,-0.2   0.789 128.0  58.6 -60.1 -28.8   13.9  -12.6   22.9               
  390  390 A V  H  > S+     0   0   41      2,-0.2     4,-1.9     1,-0.2    -1,-0.2   0.905 106.5  49.3 -69.1 -37.6   10.2  -11.9   22.2               
  391  391 A T  H  > S+     0   0    1     -3,-0.4     4,-2.6     2,-0.2    -2,-0.2   0.947 111.1  48.3 -62.2 -49.5   10.9  -12.2   18.5               
  392  392 A L  H  X S+     0   0   15     -4,-2.0     4,-2.3     1,-0.2    -2,-0.2   0.922 111.1  50.5 -60.6 -43.4   12.8  -15.5   18.9               
  393  393 A K  H  X S+     0   0  131     -4,-2.3     4,-1.9     2,-0.2    -1,-0.2   0.883 111.4  48.9 -60.7 -41.0   10.0  -17.0   21.0               
  394  394 A H  H  X S+     0   0   35     -4,-1.9     4,-1.7     2,-0.2    -2,-0.2   0.939 109.8  50.7 -64.1 -45.4    7.5  -16.0   18.3               
  395  395 A L  H  X>S+     0   0    4     -4,-2.6     5,-2.6     2,-0.2     4,-0.6   0.858 108.2  53.2 -62.8 -35.8    9.6  -17.5   15.5               
  396  396 A E  H ><5S+     0   0   78     -4,-2.3     3,-1.1     3,-0.2    -1,-0.2   0.951 109.5  48.8 -60.3 -46.2    9.8  -20.8   17.6               
  397  397 A H  H 3<5S+     0   0  103     -4,-1.9   287,-0.2     1,-0.2    -2,-0.2   0.785 108.5  53.7 -65.3 -28.0    5.9  -20.8   17.8               
  398  398 A T  H 3<5S-     0   0   20     -4,-1.7    -1,-0.2    -5,-0.1    -2,-0.2   0.490 130.0 -92.8 -88.4  -1.5    5.7  -20.1   14.0               
  399  399 A G  T <<5 +     0   0   36     -3,-1.1    -3,-0.2    -4,-0.6     2,-0.2   0.593  69.2 151.7 106.4  17.4    7.9  -23.2   13.3               
  400  400 A F      < -     0   0   37     -5,-2.6    -1,-0.3    -8,-0.1     2,-0.1  -0.523  49.9-113.4 -66.9 136.8   11.5  -22.1   13.1               
  401  401 A S     >  -     0   0   69     -2,-0.2     4,-2.2     1,-0.1     3,-0.4  -0.480  17.2-119.4 -72.1 149.1   13.9  -24.9   14.1               
  402  402 A K  H  > S+     0   0  140      1,-0.2     4,-2.7     2,-0.2     5,-0.2   0.920 115.2  53.2 -54.0 -45.8   15.9  -24.5   17.4               
  403  403 A A  H  > S+     0   0   69      1,-0.2     4,-1.9     2,-0.2    -1,-0.2   0.862 110.1  47.8 -58.5 -38.9   19.2  -24.9   15.4               
  404  404 A K  H  > S+     0   0   84     -3,-0.4     4,-2.4     2,-0.2    -1,-0.2   0.889 112.5  48.9 -68.9 -39.9   18.1  -22.1   13.0               
  405  405 A L  H  X S+     0   0   14     -4,-2.2     4,-2.8     2,-0.2    -2,-0.2   0.900 110.4  50.8 -67.0 -40.5   17.1  -19.8   15.9               
  406  406 A E  H  X S+     0   0  119     -4,-2.7     4,-2.4     2,-0.2    -2,-0.2   0.925 113.6  44.4 -62.4 -46.2   20.5  -20.4   17.7               
  407  407 A S  H  X S+     0   0   18     -4,-1.9     4,-2.7    -5,-0.2    -2,-0.2   0.933 114.5  50.4 -64.8 -41.8   22.4  -19.5   14.5               
  408  408 A M  H  X S+     0   0    7     -4,-2.4     4,-2.9     2,-0.2    -2,-0.2   0.915 111.7  47.0 -60.1 -47.2   20.1  -16.5   13.9               
  409  409 A E  H  X S+     0   0   54     -4,-2.8     4,-2.2     2,-0.2    -2,-0.2   0.921 112.7  49.4 -62.3 -44.5   20.6  -15.3   17.5               
  410  410 A T  H  X S+     0   0   52     -4,-2.4     4,-2.3     2,-0.2    -2,-0.2   0.935 114.6  45.3 -62.2 -45.5   24.4  -15.7   17.3               
  411  411 A Y  H  X S+     0   0    1     -4,-2.7     4,-2.5     2,-0.2    -2,-0.2   0.958 112.3  49.6 -60.9 -53.0   24.5  -13.8   14.0               
  412  412 A L  H  <>S+     0   0    3     -4,-2.9     5,-2.9     1,-0.2     6,-1.2   0.833 113.3  47.9 -61.5 -33.7   22.2  -11.0   15.2               
  413  413 A K  H ><5S+     0   0  109     -4,-2.2     3,-1.4     3,-0.2    -1,-0.2   0.923 109.5  52.8 -68.2 -44.3   24.4  -10.6   18.3               
  414  414 A A  H 3<5S+     0   0   37     -4,-2.3    -2,-0.2     1,-0.3    -3,-0.2   0.923 115.5  39.9 -58.8 -44.2   27.6  -10.6   16.2               
  415  415 A V  T 3<5S-     0   0    2     -4,-2.5    -1,-0.3    -5,-0.1    -2,-0.2   0.313 113.7-119.0 -86.3   9.2   26.3   -7.8   14.0               
  416  416 A K  T < 5S+     0   0   75     -3,-1.4    -3,-0.2    -5,-0.2    -4,-0.1   0.828  80.3 122.2  53.9  36.1   24.7   -5.9   17.0               
  417  417 A L      < +     0   0    9     -5,-2.9   -30,-0.8    -6,-0.2     2,-0.6   0.380  47.8  94.0 -99.0  -1.6   21.1   -6.3   15.6               
  418  418 A F  B    S-n  387   0G  19     -6,-1.2     2,-0.3   -32,-0.1   -30,-0.2  -0.851  71.8-140.8 -95.3 115.7   19.9   -8.1   18.7               
  419  419 A R        -     0   0   21    -32,-3.0     2,-0.5    -2,-0.6   -30,-0.3  -0.570  13.5-161.3 -74.5 133.2   18.4   -5.9   21.4               
  420  420 A N    >   -     0   0   70     -2,-0.3     3,-0.9     3,-0.2   -32,-0.0  -0.972  13.0-158.4-118.9 121.6   19.2   -6.7   25.1               
  421  421 A D  T 3  S+     0   0   90     -2,-0.5    -1,-0.1     1,-0.2     3,-0.1   0.700  90.6  59.4 -64.3 -25.0   17.0   -5.4   27.9               
  422  422 A Q  T 3  S+     0   0  173      1,-0.2     2,-0.7     2,-0.0    -1,-0.2   0.630  93.2  69.9 -86.5 -14.3   19.8   -5.8   30.5               
  423  423 A N    <   +     0   0   99     -3,-0.9    -3,-0.2     1,-0.1    -1,-0.2  -0.859  42.4 170.0-113.6 100.0   22.4   -3.5   28.9               
  424  424 A S    >   +     0   0  101     -2,-0.7     3,-0.9     2,-0.1     2,-0.9   0.635  61.1  98.1 -73.9 -15.7   21.7    0.2   28.9               
  425  425 A S  T 3  S+     0   0  100      1,-0.2    -2,-0.0    -3,-0.1    -3,-0.0  -0.671  85.0  28.8 -72.8 105.6   25.3    0.6   27.7               
  426  426 A G  T 3  S+     0   0   51     -2,-0.9    -1,-0.2     1,-0.2    -2,-0.1   0.653  71.4 163.2 115.5  24.2   24.9    1.1   23.9               
  427  427 A E    <   -     0   0  110     -3,-0.9    -1,-0.2     1,-0.1     2,-0.1  -0.479  47.4-100.6 -60.7 139.9   21.5    2.7   23.2               
  428  428 A P        -     0   0   13      0, 0.0     2,-1.4     0, 0.0  -390,-0.2  -0.330  26.9-118.0 -62.6 147.4   21.3    4.2   19.7               
  429  429 A E        -     0   0  101   -392,-2.8  -112,-0.1    -3,-0.1  -392,-0.1  -0.585  38.6-164.4 -86.9  83.8   21.8    7.9   19.2               
  430  430 A Y        -     0   0   16     -2,-1.4  -112,-0.2     1,-0.1     3,-0.2  -0.161  29.1-123.1 -64.4 157.1   18.4    9.0   17.7               
  431  431 A S  S    S+     0   0   33   -114,-2.3     2,-0.3     1,-0.3  -113,-0.2   0.877  99.2   1.2 -65.4 -37.0   17.7   12.4   15.9               
  432  432 A Q  E    S-l  318   0F  79   -115,-1.0  -113,-2.7     2,-0.0     2,-0.4  -0.980  70.8-145.0-147.9 146.0   15.0   13.0   18.5               
  433  433 A V  E     +l  319   0F  83     -2,-0.3     2,-0.3  -115,-0.2  -113,-0.2  -0.948  16.7 179.6-113.5 136.4   13.7   11.0   21.5               
  434  434 A I  E     -l  320   0F  22   -115,-2.7  -113,-3.0    -2,-0.4     2,-0.4  -0.966  16.7-141.0-127.3 151.8   10.0   10.9   22.6               
  435  435 A Q  E     -l  321   0F 127     -2,-0.3     2,-0.4  -115,-0.2  -113,-0.2  -0.928  14.6-176.2-118.7 135.7    8.5    9.0   25.5               
  436  436 A I  E     -l  322   0F   5   -115,-3.0  -113,-2.3    -2,-0.4     2,-0.7  -0.986  15.3-149.2-130.2 122.5    5.1    7.2   25.7               
  437  437 A N  E >   -l  323   0F  70     -2,-0.4     3,-1.7  -115,-0.2  -113,-0.2  -0.819   5.0-153.0 -91.1 117.5    3.8    5.5   28.8               
  438  438 A L  G >  S+     0   0    0   -115,-3.0     3,-1.3    -2,-0.7  -111,-0.5   0.751  92.0  68.4 -61.2 -24.8    1.6    2.5   28.0               
  439  439 A N  G 3  S+     0   0   93   -116,-0.3    -1,-0.3     1,-0.2  -115,-0.1   0.721  90.8  62.9 -65.5 -24.5   -0.3    3.0   31.3               
  440  440 A S  G <  S+     0   0   68     -3,-1.7     2,-0.3     2,-0.0    -1,-0.2   0.517  81.1 105.4 -78.4  -8.2   -1.8    6.2   29.8               
  441  441 A I    <   -     0   0    3     -3,-1.3  -114,-0.4    -4,-0.2  -106,-0.1  -0.584  48.9-176.4 -81.3 135.0   -3.6    4.4   27.0               
  442  442 A V        -     0   0   63     -2,-0.3  -104,-0.1  -108,-0.2    -2,-0.0  -0.921  42.2 -73.0-126.7 155.6   -7.4    3.9   27.3               
  443  443 A P        +     0   0   44      0, 0.0    14,-2.6     0, 0.0    15,-0.4  -0.207  68.8 166.5 -48.5 125.5  -10.0    2.0   25.1               
  444  444 A S  E     -O  456   0H   0     12,-0.3   184,-0.4    13,-0.1     2,-0.2  -0.962  31.9-161.1-143.8 156.4  -10.4    4.1   22.0               
  445  445 A V  E     -O  455   0H   0     10,-2.9    10,-2.9    -2,-0.3     2,-0.3  -0.767  21.3-132.9-121.4 177.6  -11.8    4.3   18.4               
  446  446 A S  E     -OP 454 626H   0    180,-2.0   180,-2.5     8,-0.3     8,-0.2  -1.000  42.2  -6.2-136.7 141.4  -10.8    6.7   15.6               
  447  447 A G        -     0   0    0      6,-2.2   178,-0.2    -2,-0.3    -2,-0.1  -0.963  20.7-151.0 158.1-173.7  -13.0    8.7   13.2               
  448  448 A P  S    S-     0   0    0      0, 0.0   176,-3.2     0, 0.0   157,-0.1  -0.993 115.5  -6.9 -90.4  -3.2  -15.4    9.8   11.7               
  449  449 A K  S    S+     0   0   16     25,-0.3   165,-0.3     1,-0.3    26,-0.1   0.513 125.8  42.0-129.0 -11.8  -13.2   10.5    8.6               
  450  450 A R    >   -     0   0   62    174,-0.2     3,-0.9    24,-0.1    -1,-0.3  -0.992  67.1-131.9-140.9 148.0   -9.5    9.8    9.5               
  451  451 A P  T 3  S+     0   0    3      0, 0.0  -111,-0.1     0, 0.0   160,-0.1   0.669 105.2  59.2 -76.0 -17.5   -7.7    7.0   11.5               
  452  452 A Q  T 3  S+     0   0   51      1,-0.1     2,-2.0    -6,-0.1  -108,-0.1   0.573  76.7  97.7 -84.3  -9.4   -5.6    9.5   13.6               
  453  453 A D    <   -     0   0   21     -3,-0.9    -6,-2.2    21,-0.1    -1,-0.1  -0.509  67.4-165.4 -81.4  69.8   -8.8   11.2   15.0               
  454  454 A R  E     -O  446   0H  54     -2,-2.0     2,-0.4    -8,-0.2    -8,-0.3  -0.403  12.3-177.0 -62.6 134.6   -8.7    9.2   18.3               
  455  455 A V  E     -O  445   0H   7    -10,-2.9   -10,-2.9    -2,-0.1     2,-0.1  -0.998  27.6-122.9-130.7 127.7  -11.8    9.2   20.5               
  456  456 A A  E >   -O  444   0H  15     -2,-0.4     3,-1.4   -12,-0.2     4,-0.5  -0.491  24.9-121.9 -65.0 143.6  -11.9    7.5   23.9               
  457  457 A V  G >  S+     0   0   17    -14,-2.6     3,-0.9     1,-0.3     4,-0.3   0.861 114.4  56.8 -59.0 -32.7  -14.8    4.9   24.0               
  458  458 A T  G 3  S+     0   0   83    -15,-0.4    -1,-0.3     1,-0.2     4,-0.2   0.753 110.6  43.9 -65.2 -25.9  -16.3    6.8   27.0               
  459  459 A D  G <> S+     0   0   85     -3,-1.4     4,-3.0     1,-0.1     5,-0.3   0.337  84.0 101.0-101.1   2.1  -16.4   10.0   24.9               
  460  460 A M  H <> S+     0   0    0     -3,-0.9     4,-2.4    -4,-0.5     5,-0.2   0.897  81.2  48.6 -62.6 -41.4  -17.8    8.4   21.7               
  461  461 A K  H  > S+     0   0   56     -4,-0.3     4,-1.9   182,-0.3    -1,-0.2   0.924 117.0  41.6 -61.9 -47.4  -21.4    9.6   22.3               
  462  462 A S  H  > S+     0   0   68     -4,-0.2     4,-2.4     2,-0.2    -2,-0.2   0.903 114.1  51.5 -72.2 -40.0  -20.4   13.2   23.0               
  463  463 A D  H  X S+     0   0   38     -4,-3.0     4,-2.7     2,-0.2    -2,-0.2   0.933 111.5  48.1 -60.9 -45.6  -17.8   13.3   20.2               
  464  464 A F  H  X S+     0   0    0     -4,-2.4     4,-1.4    -5,-0.3    -2,-0.2   0.925 111.8  49.1 -62.9 -43.7  -20.4   12.1   17.6               
  465  465 A Q  H  X S+     0   0   79     -4,-1.9     4,-0.9     2,-0.2     3,-0.2   0.902 111.8  49.4 -62.8 -39.0  -23.0   14.6   18.8               
  466  466 A A  H >X S+     0   0   48     -4,-2.4     4,-2.0     1,-0.2     3,-1.0   0.941 105.2  58.4 -63.1 -43.3  -20.4   17.4   18.5               
  467  467 A C  H 3< S+     0   0    3     -4,-2.7    10,-2.1     1,-0.3    11,-0.5   0.811  99.6  58.3 -56.7 -33.4  -19.5   16.2   15.0               
  468  468 A L  H 3< S+     0   0    6     -4,-1.4    11,-2.9    -3,-0.2    -1,-0.3   0.868 111.9  40.6 -63.5 -34.9  -23.2   16.7   13.9               
  469  469 A N  H << S+     0   0   92     -3,-1.0    -2,-0.2    -4,-0.9    -1,-0.2   0.803  95.4  97.4 -82.9 -35.3  -22.9   20.5   14.9               
  470  470 A E  S  < S-     0   0  113     -4,-2.0     8,-2.3     5,-0.1     7,-0.4  -0.176  85.2 -93.3 -61.8 148.6  -19.4   21.2   13.6               
  471  471 A K      > -     0   0  169      6,-0.2     5,-0.6     5,-0.2     4,-0.2  -0.235  59.9 -75.8 -57.0 148.2  -18.8   22.8   10.1               
  472  472 A V  B   5S+u  476   0I 103      5,-0.2     2,-0.2     3,-0.1     5,-0.2  -0.230  92.7 100.2 -51.2 116.6  -18.3   20.5    7.2               
  473  473 A G  T   5S-     0   0   35      3,-1.7    -1,-0.0    -3,-0.1    -3,-0.0  -0.838  91.3 -46.4-170.9-157.4  -14.7   19.2    7.6               
  474  474 A F  T   5S+     0   0  128     -2,-0.2   -25,-0.3     1,-0.1   -24,-0.1   0.831 140.2  18.1 -67.0 -31.5  -12.7   16.2    9.0               
  475  475 A K  T   5S+     0   0   52     -4,-0.2     2,-0.2   -27,-0.1    -1,-0.1   0.716 113.9  81.1-106.2 -31.6  -14.9   16.1   12.1               
  476  476 A G  B   < +u  472   0I   2     -5,-0.6    -3,-1.7     1,-0.1    -8,-0.2  -0.510  36.4 175.4 -95.9 151.3  -18.0   18.1   11.2               
  477  477 A F        -     0   0   12    -10,-2.1    -5,-0.2    -7,-0.4    -9,-0.2   0.477  37.7-135.8-119.2 -13.3  -21.2   17.4    9.2               
  478  478 A Q        +     0   0  124     -8,-2.3     2,-0.5   -11,-0.5    -9,-0.2   0.886  35.0 174.0  52.5  48.9  -23.1   20.7    9.8               
  479  479 A I        -     0   0   11    -11,-2.9    -1,-0.2   -12,-0.2     5,-0.1  -0.768  36.5-114.3 -84.0 123.0  -26.5   19.1   10.5               
  480  480 A A    >>  -     0   0   41     -2,-0.5     3,-1.6     1,-0.1     4,-1.1  -0.291  23.2-119.8 -58.0 138.8  -29.1   21.7   11.6               
  481  481 A A  T 34 S+     0   0   68      1,-0.3     3,-0.3     2,-0.2     4,-0.3   0.816 112.6  56.2 -56.8 -35.1  -30.2   21.3   15.3               
  482  482 A E  T 34 S+     0   0  149      1,-0.2     3,-0.3     2,-0.1    -1,-0.3   0.773 110.5  45.3 -66.1 -27.4  -33.9   20.8   14.3               
  483  483 A K  T X4 S+     0   0   98     -3,-1.6     3,-2.5     1,-0.2    -1,-0.2   0.616  87.2  86.6 -92.0 -16.3  -32.9   17.8   12.0               
  484  484 A Q  T 3< S+     0   0   44     -4,-1.1    17,-0.3    -3,-0.3    -1,-0.2   0.688  90.8  51.1 -62.4 -17.2  -30.5   16.1   14.4               
  485  485 A K  T 3  S+     0   0  185     -3,-0.3    -1,-0.3    -4,-0.3    -2,-0.1   0.253  81.2 136.2 -98.7   7.8  -33.5   14.2   15.9               
  486  486 A D    <   -     0   0   58     -3,-2.5    15,-0.6   113,-0.1     2,-0.4  -0.318  33.2-170.2 -61.8 135.2  -34.8   13.0   12.5               
  487  487 A I  E     -V  500   0J 108     13,-0.2     2,-0.5    -2,-0.0    13,-0.2  -0.998   5.6-163.9-130.0 128.7  -35.9    9.4   12.4               
  488  488 A V  E     -V  499   0J  13     11,-2.8    11,-2.9    -2,-0.4     2,-0.3  -0.962  14.6-138.5-116.2 122.8  -36.7    7.5    9.2               
  489  489 A S  E     -V  498   0J  55     -2,-0.5     2,-0.3     9,-0.2     9,-0.2  -0.621  20.9-170.2 -76.2 137.1  -38.7    4.2    9.3               
  490  490 A I  E     -V  497   0J   7      7,-3.0     7,-2.9    -2,-0.3     2,-0.6  -0.963  19.3-138.2-123.2 146.3  -37.5    1.3    7.0               
  491  491 A H  E     +V  496   0J 137     -2,-0.3     2,-0.4     5,-0.2     5,-0.2  -0.922  32.2 167.6 -99.8 122.1  -39.1   -2.0    6.1               
  492  492 A Y  E >   -V  495   0J  29      3,-2.8     3,-2.3    -2,-0.6    49,-0.1  -0.994  65.0 -15.4-139.3 126.7  -36.5   -4.8    6.0               
  493  493 A E  T 3  S-     0   0  118     -2,-0.4     3,-0.1     1,-0.3    -1,-0.1   0.835 127.3 -53.1  47.4  41.2  -37.3   -8.6    5.9               
  494  494 A G  T 3  S+     0   0   84      1,-0.2     2,-0.3     0, 0.0    -1,-0.3   0.422 120.0 101.8  79.0   0.5  -40.9   -8.0    7.0               
  495  495 A S  E <   -V  492   0J  55     -3,-2.3    -3,-2.8     0, 0.0     2,-0.4  -0.857  69.8-124.6-113.4 148.8  -40.0   -5.9   10.1               
  496  496 A E  E     +V  491   0J 113     -2,-0.3     2,-0.3    -5,-0.2    -5,-0.2  -0.791  31.7 179.5 -88.7 131.5  -40.1   -2.1   10.7               
  497  497 A Y  E     -V  490   0J  50     -7,-2.9    -7,-3.0    -2,-0.4     2,-0.5  -0.896  21.0-130.9-125.5 160.9  -36.8   -0.5   11.8               
  498  498 A K  E     -V  489   0J 139     -2,-0.3     2,-0.4    -9,-0.2    -9,-0.2  -0.960  14.2-161.5-117.3 126.5  -35.8    3.1   12.6               
  499  499 A L  E     +V  488   0J   0    -11,-2.9   -11,-2.8    -2,-0.5     2,-0.3  -0.898  19.9 159.2-103.2 137.0  -32.7    4.9   11.2               
  500  500 A S  E >   -V  487   0J  39     -2,-0.4     3,-2.1   -13,-0.2   -13,-0.2  -0.861  52.7 -58.2-136.7 174.4  -31.3    8.1   12.9               
  501  501 A H  T 3  S+     0   0    5    -15,-0.6   102,-0.2   -17,-0.3   141,-0.1  -0.340 126.0  27.2 -52.5 134.2  -28.0   10.0   13.0               
  502  502 A G  T 3  S+     0   0    0    100,-2.9   139,-2.3     1,-0.3   140,-0.3   0.255  84.1 149.5  89.1  -7.4  -25.3    7.6   14.3               
  503  503 A S  B <   -W  640   0K   4     -3,-2.1   101,-2.9   137,-0.2     2,-0.4  -0.359  47.1-129.1 -59.1 126.9  -27.1    4.4   13.1               
  504  504 A V  E     +q  604   0H   0    135,-1.6   101,-0.2   131,-0.2     3,-0.1  -0.656  37.0 164.1 -75.9 127.4  -24.6    1.7   12.2               
  505  505 A V  E     +     0   0H   0     99,-2.7    38,-2.8    -2,-0.4     2,-0.4   0.534  67.9  38.5-118.5 -18.5  -25.3    0.3    8.7               
  506  506 A I  E     +qr 605 543H   3     98,-1.3   100,-2.6    36,-0.2     2,-0.4  -0.998  58.0 173.8-133.2 130.4  -21.9   -1.4    8.1               
  507  507 A A  E     +qr 606 544H   0     36,-2.8    38,-1.2    -2,-0.4     2,-0.4  -0.972  13.4 176.8-133.6 119.0  -19.9   -3.4   10.7               
  508  508 A A  E     -qr 607 545H   0     98,-2.7   100,-2.1    -2,-0.4     2,-1.1  -0.950  31.0-155.9-136.2 120.5  -16.8   -5.3    9.4               
  509  509 A V  E     + r   0 546H   1     36,-2.5    38,-2.9    -2,-0.4     2,-0.2  -0.775  57.1 128.9 -86.7  93.1  -14.1   -7.3   11.1               
  510  510 A I        +     0   0    0     -2,-1.1     4,-0.4    36,-0.2     5,-0.2  -0.786  16.0  78.2-137.1 178.8  -11.5   -6.8    8.4               
  511  511 A S     >  -     0   0    3     66,-0.3     4,-1.1    36,-0.3    38,-0.2   0.266  67.0-104.5  92.2 149.8   -7.8   -5.7    7.7               
  512  512 A C  T  4 S+     0   0    5      2,-0.1     4,-0.2     1,-0.1    -1,-0.1   0.572 113.0  63.9 -70.9 -15.3   -4.2   -6.9    7.8               
  513  513 A T  T  4 S+     0   0    2     95,-0.1    -1,-0.1     2,-0.1    -2,-0.1   0.969 117.4  13.0 -77.5 -58.4   -3.8   -4.7   11.0               
  514  514 A N  T >4 S+     0   0    0     94,-0.6     3,-1.4    -4,-0.4     7,-0.2   0.759 116.8  65.7 -97.3 -27.4   -6.2   -6.2   13.6               
  515  515 A N  T 3< S+     0   0    0     -4,-1.1    34,-0.3     1,-0.3    35,-0.2   0.564  92.9  64.0 -80.2  -6.1   -7.2   -9.6   12.1               
  516  516 A C  T 3  S+     0   0   11     -4,-0.2    -1,-0.3    -3,-0.1    -2,-0.1   0.555  84.7  90.5 -81.2 -12.3   -3.6  -10.9   12.4               
  517  517 A N    <>  -     0   0    1     -3,-1.4     4,-2.0     1,-0.2     5,-0.2  -0.782  59.5-166.2 -92.6 109.9   -3.9  -10.6   16.2               
  518  518 A P  H  > S+     0   0   13      0, 0.0     4,-3.1     0, 0.0     5,-0.3   0.911  86.0  56.9 -62.3 -40.1   -5.3  -13.9   17.8               
  519  519 A S  H  > S+     0   0   36      1,-0.2     4,-2.4     2,-0.2     5,-0.1   0.920 112.3  39.7 -59.1 -47.2   -6.0  -12.2   21.2               
  520  520 A V  H  > S+     0   0    6      2,-0.2     4,-2.1     1,-0.2    -1,-0.2   0.852 117.0  50.1 -73.7 -31.9   -8.4   -9.5   19.7               
  521  521 A M  H  X S+     0   0    2     -4,-2.0     4,-1.9     2,-0.2    -2,-0.2   0.922 113.8  44.7 -71.2 -42.6  -10.0  -12.0   17.2               
  522  522 A L  H  X S+     0   0    0     -4,-3.1     4,-2.9     2,-0.2     5,-0.2   0.904 111.0  55.3 -65.7 -39.1  -10.7  -14.5   20.0               
  523  523 A A  H  X S+     0   0   11     -4,-2.4     4,-2.7    -5,-0.3    -2,-0.2   0.921 107.8  48.5 -59.4 -43.4  -11.9  -11.6   22.2               
  524  524 A A  H  X S+     0   0    2     -4,-2.1     4,-2.3     2,-0.2    -1,-0.2   0.910 113.3  48.3 -61.5 -40.8  -14.4  -10.7   19.4               
  525  525 A G  H  X S+     0   0    0     -4,-1.9     4,-2.2     2,-0.2    -2,-0.2   0.913 112.8  46.4 -64.1 -44.7  -15.5  -14.4   19.2               
  526  526 A L  H  X S+     0   0   10     -4,-2.9     4,-2.6     2,-0.2     5,-0.2   0.905 112.6  50.3 -67.4 -40.6  -15.9  -14.7   23.0               
  527  527 A L  H  X S+     0   0    0     -4,-2.7     4,-2.8    -5,-0.2    -2,-0.2   0.934 110.8  50.0 -60.4 -45.1  -17.9  -11.4   23.1               
  528  528 A A  H  X S+     0   0    0     -4,-2.3     4,-2.3    -5,-0.2    -2,-0.2   0.892 110.5  50.9 -60.6 -40.1  -20.1  -12.8   20.3               
  529  529 A K  H  X S+     0   0   76     -4,-2.2     4,-2.4     2,-0.2     5,-0.2   0.976 113.4  43.0 -58.9 -56.3  -20.6  -16.0   22.3               
  530  530 A K  H  X S+     0   0   55     -4,-2.6     4,-2.3   134,-0.2     6,-0.2   0.886 114.2  52.2 -60.1 -41.3  -21.6  -14.2   25.5               
  531  531 A A  H  <>S+     0   0    0     -4,-2.8     5,-2.3   133,-0.2    -1,-0.2   0.927 112.1  44.2 -60.1 -48.4  -23.8  -11.7   23.5               
  532  532 A V  H ><5S+     0   0   11     -4,-2.3     3,-1.2     3,-0.2    -2,-0.2   0.890 113.4  50.6 -66.0 -41.3  -25.7  -14.6   21.8               
  533  533 A E  H 3<5S+     0   0  115     -4,-2.4    -2,-0.2     1,-0.3    -1,-0.2   0.853 107.7  54.4 -65.3 -34.2  -26.1  -16.6   25.0               
  534  534 A A  T 3<5S-     0   0   21     -4,-2.3    -1,-0.3    -5,-0.2    -2,-0.2   0.401 124.1-108.5 -75.3   0.3  -27.4  -13.4   26.7               
  535  535 A G  T < 5 +     0   0   26     -3,-1.2    -3,-0.2     1,-0.3    -2,-0.1   0.413  69.8 146.4  85.2   2.2  -30.1  -13.2   23.8               
  536  536 A L      < -     0   0    8     -5,-2.3     2,-0.3    -6,-0.2    -1,-0.3  -0.319  23.1-176.7 -71.8 150.0  -28.5  -10.2   22.0               
  537  537 A R        -     0   0  137    100,-0.2     2,-0.3    32,-0.0    32,-0.1  -0.981  28.5-113.5-142.8 152.7  -28.6   -9.9   18.2               
  538  538 A V        -     0   0   17     -2,-0.3    99,-0.2    30,-0.2   100,-0.1  -0.688  46.1-101.5 -81.5 140.5  -27.4   -7.6   15.4               
  539  539 A K    >   -     0   0   75     97,-0.7     3,-2.3    -2,-0.3    -1,-0.1  -0.503  31.2-127.8 -63.7 129.6  -30.2   -5.7   13.6               
  540  540 A P  T 3  S+     0   0   47      0, 0.0     4,-0.1     0, 0.0    -1,-0.1   0.711 104.9  60.5 -59.4 -27.1  -30.7   -7.5   10.2               
  541  541 A Y  T 3  S+     0   0    7    -49,-0.1     2,-0.5     2,-0.1    48,-0.2   0.629  83.7  98.7 -72.5 -15.9  -30.4   -4.4    8.0               
  542  542 A I  S <  S-     0   0    1     -3,-2.3     2,-1.0    94,-0.1   -36,-0.2  -0.650  79.0-129.6 -75.9 122.8  -26.8   -3.9    9.4               
  543  543 A R  E     -r  506   0H  17    -38,-2.8   -36,-2.8    -2,-0.5     2,-0.3  -0.631  32.0-174.8 -75.7 104.6  -24.2   -5.2    6.9               
  544  544 A T  E     +r  507   0H   4     -2,-1.0     2,-0.3   -38,-0.2  -407,-0.3  -0.698   7.9 166.2 -97.1 147.5  -21.9   -7.5    8.8               
  545  545 A S  E     -r  508   0H   4    -38,-1.2   -36,-2.5    -2,-0.3     2,-0.4  -0.954  25.1-154.3-157.6 148.8  -18.8   -9.2    7.5               
  546  546 A L  E     +rs 509 573H   1     26,-2.5    28,-2.4    -2,-0.3    29,-0.6  -0.985  14.8 174.4-122.8 115.4  -15.6  -11.1    8.7               
  547  547 A S        -     0   0    0    -38,-2.9   -36,-0.3    -2,-0.4    29,-0.1  -0.817  16.3-162.1-120.6  83.8  -12.6  -11.0    6.4               
  548  548 A P        -     0   0    0      0, 0.0  -297,-0.1     0, 0.0   -32,-0.1  -0.331  24.2-124.4 -61.6 152.0   -9.7  -12.7    8.2               
  549  549 A G  S    S+     0   0    0    -34,-0.3  -298,-2.5   -38,-0.2     2,-0.3   0.672  87.4   6.4 -81.8  -9.6   -6.2  -12.0    6.9               
  550  550 A S  B >> S-J  250   0E   0   -300,-0.3     4,-0.9   -35,-0.2     3,-0.9  -0.980  78.0-102.5-154.0 168.5   -5.4  -15.7    6.4               
  551  551 A G  H 3> S+     0   0    5   -302,-2.1     4,-1.8    -2,-0.3  -301,-0.1   0.764 113.2  72.1 -57.8 -24.1   -6.9  -19.2    6.6               
  552  552 A M  H 3> S+     0   0    8   -303,-0.2     4,-2.2     1,-0.2     5,-0.2   0.900  93.1  53.8 -60.1 -40.1   -5.1  -19.6   10.0               
  553  553 A V  H <> S+     0   0    0     -3,-0.9     4,-2.0     1,-0.2    -1,-0.2   0.894 106.6  51.7 -64.6 -38.9   -7.6  -17.1   11.7               
  554  554 A T  H  X S+     0   0    7     -4,-0.9     4,-1.9     2,-0.2    -1,-0.2   0.912 108.7  53.4 -60.0 -41.3  -10.5  -19.2   10.4               
  555  555 A H  H  X S+     0   0    4     -4,-1.8     4,-3.0     2,-0.2     5,-0.2   0.957 111.2  41.3 -63.5 -52.4   -8.9  -22.3   12.0               
  556  556 A Y  H  X S+     0   0    3     -4,-2.2     4,-2.0     1,-0.2     6,-0.3   0.850 115.2  51.8 -69.9 -31.0   -8.4  -20.9   15.5               
  557  557 A L  H  <>S+     0   0    0     -4,-2.0     6,-2.2    -5,-0.2     5,-0.9   0.846 115.6  43.0 -67.6 -34.3  -11.9  -19.2   15.5               
  558  558 A S  H ><5S+     0   0   38     -4,-1.9     3,-1.2    -5,-0.2    -2,-0.2   0.919 114.5  47.8 -74.5 -46.8  -13.4  -22.6   14.4               
  559  559 A S  H 3<5S+     0   0   26     -4,-3.0    -2,-0.2     1,-0.3    -3,-0.2   0.827 109.3  53.7 -69.5 -31.4  -11.4  -24.8   16.8               
  560  560 A S  T 3<5S-     0   0   24     -4,-2.0    -1,-0.3    -5,-0.2    -2,-0.2   0.489 110.1-126.3 -75.2  -6.8  -12.2  -22.5   19.8               
  561  561 A G  T < 5S+     0   0   33     -3,-1.2     4,-0.3    -5,-0.1    -3,-0.2   0.550  81.8 110.4  73.7   9.2  -15.9  -22.9   18.9               
  562  562 A V    >>< +     0   0    1     -5,-0.9     4,-1.9    -6,-0.3     3,-1.0   0.754  54.3  79.8 -86.3 -23.8  -16.5  -19.1   18.7               
  563  563 A L  H 3> S+     0   0   17     -6,-2.2     4,-2.6     1,-0.3     5,-0.2   0.851  87.7  55.8 -56.0 -40.3  -17.0  -18.9   14.9               
  564  564 A P  H 3> S+     0   0   72      0, 0.0     4,-1.7     0, 0.0    -1,-0.3   0.840 108.6  49.4 -60.1 -31.8  -20.7  -20.1   15.0               
  565  565 A Y  H <> S+     0   0   49     -3,-1.0     4,-1.2    -4,-0.3    -2,-0.2   0.921 109.5  49.4 -76.9 -40.5  -21.5  -17.3   17.5               
  566  566 A L  H ><>S+     0   0    3     -4,-1.9     5,-2.1     1,-0.2     3,-0.8   0.947 112.1  50.5 -55.6 -46.1  -19.9  -14.6   15.2               
  567  567 A S  H ><5S+     0   0   35     -4,-2.6     3,-1.5     1,-0.2    -2,-0.2   0.856 104.0  57.1 -63.3 -36.9  -21.9  -16.2   12.4               
  568  568 A K  H 3<5S+     0   0  130     -4,-1.7    -1,-0.2     1,-0.3   -30,-0.2   0.771 106.9  49.8 -64.6 -26.8  -25.2  -15.9   14.5               
  569  569 A L  T <<5S-     0   0    4     -4,-1.2    -1,-0.3    -3,-0.8    -2,-0.2   0.302 128.4-104.3 -88.0   4.9  -24.4  -12.1   14.7               
  570  570 A G  T < 5S+     0   0   18     -3,-1.5     2,-2.2     1,-0.2    -3,-0.2   0.306  80.2 135.0  87.3  -2.9  -24.0  -12.1   10.9               
  571  571 A F      < +     0   0    0     -5,-2.1     2,-0.3    -6,-0.2    -1,-0.2  -0.476  33.1 171.0 -75.8  74.0  -20.1  -11.9   11.0               
  572  572 A E        -     0   0   20     -2,-2.2   -26,-2.5   -28,-0.2     2,-0.6  -0.647  42.9-104.3 -83.9 146.1  -19.6  -14.6    8.3               
  573  573 A I  B     +s  546   0H   3     -2,-0.3  -359,-0.3   -28,-0.2   -26,-0.2  -0.582  38.8 176.7 -69.6 114.4  -16.2  -15.4    6.7               
  574  574 A V        -     0   0    0    -28,-2.4     2,-0.3    -2,-0.6   -27,-0.2   0.673  55.2 -73.4 -94.8 -21.1  -16.4  -13.8    3.2               
  575  575 A G        -     0   0    1    -29,-0.6    -1,-0.4     2,-0.1   -25,-0.1  -0.923  47.8 -75.6 150.0-168.3  -12.7  -14.6    2.3               
  576  576 A Y  S    S+     0   0    5     -2,-0.3  -325,-0.1   -29,-0.1     2,-0.1   0.026  84.9 103.3-113.7  22.8   -9.1  -13.7    2.9               
  577  577 A G  S    S-     0   0    0   -327,-0.1   -66,-0.3  -326,-0.1  -449,-0.2  -0.398  89.0 -93.7 -97.4 177.6   -8.7  -10.4    1.0               
  578  578 A C    >   +     0   0    8   -451,-0.3     3,-2.0     1,-0.2     5,-0.2   0.749  65.3 169.2 -65.3 -20.9   -8.5   -6.7    1.9               
  579  579 A S  G > > +     0   0    0   -449,-0.3     5,-1.7     1,-0.3     3,-1.6  -0.149  64.3   9.3  57.4-129.6  -12.3   -6.7    1.2               
  580  580 A I  G > 5S+     0   0    5      1,-0.3     3,-1.2     3,-0.2    -1,-0.3   0.766 119.6  72.7 -58.3 -26.3  -14.1   -3.5    2.4               
  581  581 A C  G < 5S+     0   0   11     -3,-2.0    -1,-0.3     1,-0.3    -2,-0.2   0.821 104.0  39.8 -60.7 -31.1  -10.6   -1.8    3.0               
  582  582 A V  G < 5S-     0   0   31     -3,-1.6    -1,-0.3    -4,-0.1    -2,-0.2   0.434 129.0 -96.3 -96.0   2.4  -10.1   -1.6   -0.8               
  583  583 A G  T < 5S+     0   0   30     -3,-1.2     2,-1.4    -4,-0.4    -3,-0.2   0.539  80.9 137.9  90.0  12.9  -13.8   -0.6   -1.5               
  584  584 A N      < +     0   0   19     -5,-1.7  -452,-0.5  -454,-0.1     2,-0.3  -0.411  30.0 152.1 -84.7  56.5  -15.0   -4.2   -2.3               
  585  585 A T        -     0   0   38     -2,-1.4     3,-0.1    32,-0.2    -6,-0.0  -0.712  49.6-120.2 -83.4 138.0  -18.3   -3.7   -0.2               
  586  586 A A        -     0   0   10     -2,-0.3  -453,-0.1     1,-0.1   -43,-0.0  -0.564  47.2 -93.5 -65.4 143.6  -21.5   -5.6   -1.0               
  587  587 A P        -     0   0  107      0, 0.0     2,-0.1     0, 0.0    -1,-0.1  -0.254  35.7-121.6 -61.4 143.4  -24.3   -3.0   -1.8               
  588  588 A L        -     0   0   11      1,-0.1     2,-0.1    -3,-0.1   -46,-0.1  -0.443  42.1 -85.9 -72.7 158.0  -26.6   -1.8    1.0               
  589  589 A S     >  -     0   0   30    -48,-0.2     4,-2.6    -2,-0.1     3,-0.5  -0.385  29.7-121.1 -67.1 147.7  -30.4   -2.4    0.5               
  590  590 A D  H  > S+     0   0  113      1,-0.2     4,-2.9     2,-0.2     5,-0.3   0.847 114.0  61.3 -57.7 -32.8  -32.4    0.2   -1.4               
  591  591 A A  H  > S+     0   0   37      2,-0.2     4,-2.0     1,-0.2    -1,-0.2   0.931 109.7  39.7 -57.9 -47.4  -34.5    0.6    1.8               
  592  592 A V  H  > S+     0   0    0     -3,-0.5     4,-2.5     2,-0.2    -2,-0.2   0.950 116.5  50.5 -67.9 -47.8  -31.4    1.7    3.7               
  593  593 A L  H  X S+     0   0   34     -4,-2.6     4,-1.8     1,-0.2    -2,-0.2   0.889 113.1  45.5 -58.6 -43.6  -30.0    3.9    0.8               
  594  594 A N  H  X S+     0   0   95     -4,-2.9     4,-2.8    -5,-0.2    -1,-0.2   0.916 112.6  50.2 -68.7 -42.2  -33.4    5.7    0.3               
  595  595 A A  H  X S+     0   0    4     -4,-2.0     4,-2.5    -5,-0.3     6,-0.2   0.900 109.7  50.7 -64.6 -40.0  -33.9    6.3    4.0               
  596  596 A V  H  <>S+     0   0    8     -4,-2.5     5,-1.9     1,-0.2     4,-0.4   0.914 115.3  43.3 -62.9 -42.4  -30.4    7.8    4.4               
  597  597 A K  H ><5S+     0   0  158     -4,-1.8     3,-0.7    -5,-0.2    -2,-0.2   0.900 114.1  50.7 -67.0 -43.7  -31.1   10.1    1.4               
  598  598 A Q  H 3<5S+     0   0  154     -4,-2.8    -2,-0.2     1,-0.2    -1,-0.2   0.887 120.2  33.8 -62.9 -45.2  -34.6   11.0    2.6               
  599  599 A G  T 3<5S-     0   0    8     -4,-2.5    -1,-0.2    -5,-0.2    -2,-0.2   0.335 100.6-127.7 -89.5   1.0  -33.5   11.9    6.2               
  600  600 A D  T < 5 -     0   0   76     -3,-0.7    -3,-0.2    -4,-0.4     2,-0.2   0.921  48.1-173.3  44.1  48.1  -30.1   13.4    5.2               
  601  601 A L      < -     0   0    1     -5,-1.9     2,-1.2    -6,-0.2    21,-0.2  -0.446  33.4-135.7 -79.2 140.5  -28.8   10.9    7.9               
  602  602 A V        -     0   0    0     -2,-0.2  -100,-2.9    -3,-0.1     2,-0.2  -0.780  37.6-173.9 -88.6  87.6  -25.2   10.7    9.2               
  603  603 A T  E     - t   0 621H   0     -2,-1.2    20,-2.0    17,-0.6    19,-0.7  -0.567  12.2-128.9 -86.3 157.2  -24.9    6.9    9.1               
  604  604 A C  E     -qt 504 623H   0   -101,-2.9   -99,-2.7    -2,-0.2   -98,-1.3  -0.842  14.7-162.3-116.0 140.0  -22.0    5.0   10.5               
  605  605 A G  E     -qt 506 624H   0     18,-2.4    20,-2.9    -2,-0.4     2,-0.5  -0.982  13.2-161.7-110.1 130.1  -19.6    2.3    9.3               
  606  606 A I  E     +qt 507 625H   0   -100,-2.6   -98,-2.7    -2,-0.4     2,-0.3  -0.965  20.0 168.1-115.5 121.8  -17.5    0.5   12.1               
  607  607 A L  E     -qt 508 626H   1     18,-2.9    20,-2.6    -2,-0.5   -98,-0.2  -0.955  46.3-142.4-132.0 150.4  -14.4   -1.4   10.9               
  608  608 A S  S    S+     0   0    0   -100,-2.1   -94,-0.6    -2,-0.3     2,-0.3   0.297  84.1  93.3 -87.6  10.0  -11.3   -3.1   12.3               
  609  609 A G  S    S-     0   0    0   -101,-0.3    -2,-0.2    16,-0.2   -98,-0.1  -0.807  76.4-133.9-107.0 149.3   -9.5   -1.7    9.2               
  610  610 A N  S    S+     0   0    3     -2,-0.3     2,-1.7     1,-0.2    16,-0.1   0.641  82.4  88.1 -79.5 -19.7   -7.7    1.7    8.9               
  611  611 A K        +     0   0   30      1,-0.2    -1,-0.2  -161,-0.1    -2,-0.1  -0.507  44.4 150.2 -85.3  76.3   -9.1    3.1    5.6               
  612  612 A N        +     0   0    0     -2,-1.7    12,-0.3    12,-0.1    -1,-0.2  -0.060  18.9 148.0 -96.6  28.9  -12.1    4.9    7.1               
  613  613 A F    >   -     0   0   98      1,-0.1     3,-2.1    10,-0.1     4,-0.5  -0.369  59.2 -92.5 -67.3 145.4  -12.3    7.8    4.5               
  614  614 A E  T 3  S+     0   0   90   -165,-0.3     8,-0.1     1,-0.3    -1,-0.1  -0.297 113.3  14.7 -56.1 130.7  -15.7    9.3    3.5               
  615  615 A G  T 3  S+     0   0   30      6,-1.1    -1,-0.3     3,-0.5     4,-0.2   0.351  95.9 107.2  78.2  -3.0  -17.2    7.4    0.4               
  616  616 A R  S <  S+     0   0   58     -3,-2.1   -31,-0.2     2,-0.1    -2,-0.1   0.879  90.4  28.9 -68.2 -39.9  -14.7    4.5    0.8               
  617  617 A L  S    S-     0   0    4     -4,-0.5     2,-0.3     1,-0.4   -32,-0.2   0.906 138.7 -30.3 -84.5 -53.6  -17.4    2.0    2.1               
  618  618 A C    >   -     0   0   30      3,-0.3     3,-1.9   -31,-0.1    -3,-0.5  -0.916  55.4-112.2-165.2 147.5  -20.5    3.4    0.4               
  619  619 A D  T 3  S+     0   0  148      1,-0.3    -3,-0.1    -2,-0.3    -1,-0.0   0.713 116.2  56.8 -60.9 -22.5  -21.7    6.9   -0.7               
  620  620 A C  T 3  S+     0   0   13      1,-0.1     2,-0.8    -5,-0.1   -17,-0.6   0.559  87.6  85.9 -85.9 -10.2  -24.4    6.9    2.0               
  621  621 A V  E <   + t   0 603H   1     -3,-1.9    -6,-1.1     1,-0.2    -3,-0.3  -0.831  45.4 164.9 -98.1 103.7  -21.9    6.3    4.9               
  622  622 A R  E     +     0   0H  46     -2,-0.8     2,-0.5   -19,-0.7    -1,-0.2   0.705  64.2  53.0 -90.5 -24.5  -20.6    9.7    6.0               
  623  623 A A  E     + t   0 604H   0    -20,-2.0   -18,-2.4   -10,-0.1     2,-0.4  -0.966  63.3 178.2-117.9 125.0  -19.0    8.6    9.3               
  624  624 A N  E     - t   0 605H   0   -176,-3.2     2,-0.4    -2,-0.5   -18,-0.2  -0.990   7.8-163.7-127.7 131.0  -16.5    5.7    9.6               
  625  625 A Y  E     - t   0 606H   1    -20,-2.9   -18,-2.9    -2,-0.4     2,-0.5  -0.938  14.3-144.1-117.0 133.3  -14.8    4.5   12.7               
  626  626 A L  E     +Pt 446 607H   1   -180,-2.5  -180,-2.0    -2,-0.4     2,-0.3  -0.846  37.7 159.6 -85.3 125.7  -11.8    2.3   13.2               
  627  627 A A        -     0   0    0    -20,-2.6  -182,-0.1    -2,-0.5     5,-0.0  -0.919  44.6 -86.7-140.6 163.0  -12.3    0.0   16.3               
  628  628 A S     >  -     0   0    0   -184,-0.4     4,-2.5    -2,-0.3     3,-0.4  -0.405  48.8-103.4 -66.1 152.3  -10.9   -3.2   17.7               
  629  629 A P  H  > S+     0   0    0      0, 0.0     4,-1.9     0, 0.0     5,-0.1   0.868 123.4  49.2 -44.6 -46.1  -12.7   -6.5   16.5               
  630  630 A P  H  > S+     0   0    0      0, 0.0     4,-2.5     0, 0.0     5,-0.1   0.899 111.6  49.3 -65.1 -36.4  -14.7   -6.8   19.9               
  631  631 A L  H  > S+     0   0    4     -3,-0.4     4,-2.9     2,-0.2     5,-0.3   0.879 106.6  55.7 -68.7 -35.8  -15.8   -3.1   19.6               
  632  632 A V  H  X S+     0   0    0     -4,-2.5     4,-1.9     2,-0.2    -1,-0.2   0.938 111.4  44.6 -57.3 -46.1  -16.9   -3.7   16.0               
  633  633 A V  H  X S+     0   0    0     -4,-1.9     4,-2.1    -5,-0.2    -2,-0.2   0.929 113.1  51.1 -64.3 -44.3  -19.1   -6.5   17.3               
  634  634 A A  H  X S+     0   0    0     -4,-2.5     4,-2.6     1,-0.2     5,-0.2   0.935 112.3  45.0 -59.9 -48.2  -20.3   -4.4   20.3               
  635  635 A Y  H  X>S+     0   0    1     -4,-2.9     4,-2.0     1,-0.2     5,-0.5   0.835 110.4  55.6 -66.8 -32.1  -21.3   -1.4   18.0               
  636  636 A A  H  <5S+     0   0    0     -4,-1.9   -97,-0.7    -5,-0.3    -1,-0.2   0.906 110.1  45.9 -64.0 -40.9  -23.0   -3.8   15.6               
  637  637 A I  H  <5S+     0   0    7     -4,-2.1    -2,-0.2     1,-0.2  -100,-0.2   0.952 115.1  46.0 -65.8 -48.8  -25.2   -5.2   18.5               
  638  638 A A  H  <5S-     0   0   14     -4,-2.6    -2,-0.2    -5,-0.2    -1,-0.2   0.844  95.1-150.2 -60.1 -35.3  -26.0   -1.6   19.7               
  639  639 A G  T  <5 +     0   0    0     -4,-2.0  -135,-1.6    -5,-0.2     2,-0.3   0.617  68.0  67.2  69.7  13.5  -26.7   -0.6   16.0               
  640  640 A T  B   < -W  503   0K  29     -5,-0.5  -137,-0.2  -137,-0.3    -1,-0.1  -0.974  64.9-149.1-154.3 147.5  -25.6    3.0   16.8               
  641  641 A V  S    S+     0   0    0   -139,-2.3     2,-1.7    -2,-0.3  -177,-0.2   0.551  88.3  87.3 -85.8 -13.9  -22.4    5.0   17.7               
  642  642 A N  S    S+     0   0   49   -140,-0.3     2,-0.3  -141,-0.1    -1,-0.1  -0.415  72.1 106.7 -82.3  56.2  -24.6    7.4   19.7               
  643  643 A I        -     0   0   11     -2,-1.7     2,-0.7    -3,-0.1  -182,-0.3  -0.994  64.0-143.5-137.6 139.1  -24.3    5.2   22.8               
  644  644 A D    >>  -     0   0   33     -2,-0.3     4,-2.9  -184,-0.1     3,-0.9  -0.916  13.2-161.7 -99.8 104.4  -22.4    5.4   26.1               
  645  645 A F  T 34 S+     0   0   11     -2,-0.7    16,-0.7  -188,-0.3    17,-0.4   0.608  87.0  57.8 -64.0 -14.0  -21.4    1.8   26.8               
  646  646 A Q  T 34 S+     0   0  140   -188,-0.1    -1,-0.2    15,-0.1  -188,-0.0   0.797 123.0  19.0 -81.8 -33.2  -20.8    2.6   30.6               
  647  647 A T  T <4 S+     0   0   88     -3,-0.9    -2,-0.2     1,-0.1    -1,-0.1   0.624 115.7  66.3-116.3 -18.2  -24.4    3.9   31.2               
  648  648 A E  S  < S-     0   0   60     -4,-2.9    13,-0.4     2,-0.0     2,-0.1  -0.874  75.9-123.4-114.2 137.3  -26.6    2.4   28.4               
  649  649 A P        -     0   0   44      0, 0.0    11,-0.3     0, 0.0     3,-0.1  -0.448   8.0-137.7 -75.0 151.0  -27.4   -1.3   27.8               
  650  650 A L  S    S-     0   0   16      9,-2.4     2,-0.3     1,-0.2    10,-0.2   0.743  76.8 -60.5 -69.8 -28.0  -26.7   -3.1   24.5               
  651  651 A G  E     -X  659   0L  23      8,-1.0     8,-3.0  -115,-0.1     2,-0.4  -0.964  62.1 -72.2 169.6-168.1  -30.1   -4.7   24.8               
  652  652 A T  E     -X  658   0L  80     -2,-0.3     6,-0.2     6,-0.2     5,-0.0  -0.917  34.4-129.2-115.3 144.4  -32.3   -6.9   27.1               
  653  653 A D    >   -     0   0   30      4,-2.5     3,-1.9    -2,-0.4  -118,-0.2  -0.214  45.0 -87.4 -73.9 175.0  -32.0  -10.6   27.8               
  654  654 A P  T 3  S+     0   0  121      0, 0.0    -1,-0.1     0, 0.0  -119,-0.1   0.648 130.3  55.6 -61.2 -15.8  -35.1  -13.0   27.5               
  655  655 A T  T 3  S-     0   0  118      2,-0.1    -3,-0.0     0, 0.0     0, 0.0   0.477 121.6-106.7 -91.1  -5.6  -35.9  -12.2   31.2               
  656  656 A G  S <  S+     0   0   51     -3,-1.9     2,-0.3     1,-0.3    -5,-0.0   0.471  70.9 147.2  86.7   7.4  -36.0   -8.4   30.5               
  657  657 A K        -     0   0  122      1,-0.1    -4,-2.5    -5,-0.0    -1,-0.3  -0.603  53.1-116.1 -73.8 130.9  -32.6   -7.8   32.3               
  658  658 A N  E     -X  652   0L  71     -2,-0.3     2,-0.5    -6,-0.2    -6,-0.2  -0.480  25.9-150.7 -61.9 130.7  -30.5   -5.0   30.8               
  659  659 A I  E     -X  651   0L  10     -8,-3.0    -9,-2.4    -2,-0.2    -8,-1.0  -0.948  12.6-164.4-110.0 117.8  -27.2   -6.3   29.3               
  660  660 A Y    >>  -     0   0   63     -2,-0.5     3,-0.9   -11,-0.3     4,-0.8  -0.524  34.6-106.3 -94.8 164.8  -24.3   -3.9   29.4               
  661  661 A L  H >> S+     0   0   16    -16,-0.7     3,-1.0   -13,-0.4     4,-0.8   0.906 120.1  56.6 -58.8 -40.1  -21.0   -4.1   27.5               
  662  662 A H  H 34 S+     0   0  119    -17,-0.4    -1,-0.2     1,-0.2     3,-0.1   0.746  98.4  61.9 -64.7 -24.0  -19.1   -5.0   30.7               
  663  663 A D  H <4 S+     0   0   69     -3,-0.9    -1,-0.2     1,-0.2    -2,-0.2   0.771 115.7  31.0 -71.3 -27.1  -21.4   -8.1   31.2               
  664  664 A I  H << S+     0   0    4     -3,-1.0  -134,-0.2    -4,-0.8  -133,-0.2   0.345  89.5 117.3-114.8   1.2  -20.3   -9.6   27.9               
  665  665 A W     <  -     0   0   55     -4,-0.8     2,-0.2    -5,-0.1  -141,-0.1  -0.543  65.4-124.4 -71.8 130.6  -16.7   -8.4   27.7               
  666  666 A P        -     0   0    6      0, 0.0     2,-0.1     0, 0.0    -2,-0.1  -0.549  23.0-121.1 -73.3 143.3  -14.1  -11.3   27.8               
  667  667 A S     >  -     0   0   52     -2,-0.2     4,-2.4     1,-0.1     5,-0.2  -0.455  19.2-116.9 -77.8 158.4  -11.4  -11.2   30.5               
  668  668 A R  H  > S+     0   0  146      1,-0.2     4,-2.8     2,-0.2     5,-0.2   0.892 118.2  51.2 -61.5 -38.3   -7.7  -11.1   29.6               
  669  669 A E  H  > S+     0   0  129      2,-0.2     4,-2.3     1,-0.2    -1,-0.2   0.866 109.2  50.5 -66.5 -39.3   -7.2  -14.5   31.3               
  670  670 A E  H  > S+     0   0   40      2,-0.2     4,-1.8     1,-0.2    -2,-0.2   0.938 114.8  43.1 -63.6 -47.3  -10.2  -16.0   29.4               
  671  671 A V  H  X S+     0   0   13     -4,-2.4     4,-2.3     2,-0.2    -2,-0.2   0.936 114.2  50.4 -63.0 -48.6   -8.7  -14.7   26.0               
  672  672 A H  H  X S+     0   0   95     -4,-2.8     4,-2.7     1,-0.2     5,-0.2   0.907 109.6  50.3 -61.4 -43.3   -5.1  -15.8   26.9               
  673  673 A R  H  X S+     0   0  128     -4,-2.3     4,-2.2     1,-0.2    -1,-0.2   0.928 112.4  46.7 -58.8 -47.9   -6.2  -19.4   27.9               
  674  674 A V  H  X S+     0   0   14     -4,-1.8     4,-1.9     2,-0.2    -1,-0.2   0.860 112.4  51.7 -64.6 -36.4   -8.2  -19.8   24.6               
  675  675 A E  H  X S+     0   0   42     -4,-2.3     4,-2.7     2,-0.2    -2,-0.2   0.958 111.4  45.4 -64.0 -49.9   -5.2  -18.5   22.7               
  676  676 A E  H  < S+     0   0  128     -4,-2.7    -2,-0.2     1,-0.2    -1,-0.2   0.864 117.6  45.8 -61.2 -37.6   -2.7  -20.9   24.4               
  677  677 A E  H  < S+     0   0   98     -4,-2.2    -1,-0.2    -5,-0.2    -2,-0.2   0.828 126.8  24.7 -73.2 -35.1   -5.1  -23.8   23.9               
  678  678 A H  H  < S+     0   0   37     -4,-1.9     2,-0.9    -5,-0.2    -2,-0.2   0.598 103.8  73.5-116.7 -13.8   -6.1  -23.1   20.2               
  679  679 A V  S  < S+     0   0   31     -4,-2.7     2,-0.3    -5,-0.2    -1,-0.2  -0.723  71.0 161.5-103.5  79.2   -3.2  -21.1   18.5               
  680  680 A I    >>  -     0   0   40     -2,-0.9     3,-2.2    -3,-0.1     4,-0.6  -0.746  52.8-112.1-111.5 154.2   -0.7  -24.0   18.2               
  681  681 A L  H >> S+     0   0   67     -2,-0.3     4,-1.6     1,-0.3     3,-0.7   0.759 109.5  66.8 -50.0 -38.2    2.5  -24.6   16.1               
  682  682 A S  H 3> S+     0   0   43      1,-0.2     4,-2.3     2,-0.2    -1,-0.3   0.782  94.3  60.6 -60.8 -23.8    0.9  -27.4   14.0               
  683  683 A M  H <> S+     0   0    8     -3,-2.2     4,-2.0     2,-0.2    -1,-0.2   0.869 101.9  50.9 -71.0 -37.0   -1.4  -24.8   12.4               
  684  684 A F  H <X S+     0   0   28     -3,-0.7     4,-2.3    -4,-0.6    -2,-0.2   0.914 111.3  49.1 -66.4 -40.2    1.6  -22.8   11.0               
  685  685 A K  H  X S+     0   0  117     -4,-1.6     4,-2.7     2,-0.2    -2,-0.2   0.954 111.0  49.2 -61.6 -47.7    2.9  -26.0    9.5               
  686  686 A A  H  X S+     0   0   30     -4,-2.3     4,-2.1     1,-0.2    -2,-0.2   0.842 110.6  50.7 -62.7 -35.9   -0.5  -26.8    8.0               
  687  687 A L  H  X S+     0   0    9     -4,-2.0     4,-2.3     2,-0.2    -1,-0.2   0.940 110.8  49.1 -64.2 -46.9   -0.7  -23.3    6.5               
  688  688 A K  H  X S+     0   0  100     -4,-2.3     4,-2.5     2,-0.2     5,-0.2   0.940 111.6  48.5 -56.7 -48.4    2.8  -23.7    5.0               
  689  689 A D  H  X S+     0   0   81     -4,-2.7     4,-2.6     1,-0.2     5,-0.2   0.901 111.6  50.3 -60.3 -41.8    1.8  -27.1    3.5               
  690  690 A K  H  X S+     0   0   47     -4,-2.1     4,-1.7     2,-0.2    -1,-0.2   0.868 111.1  48.7 -64.5 -39.1   -1.4  -25.5    2.1               
  691  691 A I  H  < S+     0   0   14     -4,-2.3    -2,-0.2     2,-0.2    -1,-0.2   0.940 114.7  44.8 -64.2 -48.0    0.5  -22.6    0.5               
  692  692 A E  H  < S+     0   0  115     -4,-2.5    -2,-0.2     1,-0.2    -3,-0.2   0.879 119.9  40.4 -67.5 -39.9    3.1  -25.0   -1.1               
  693  693 A M  H  < S-     0   0  126     -4,-2.6    -1,-0.2    -5,-0.2    -2,-0.2   0.782  99.8-156.4 -74.3 -29.5    0.4  -27.4   -2.4               
  694  694 A G     <  -     0   0   14     -4,-1.7     2,-0.2    -5,-0.2    -2,-0.1   0.056  28.3 -62.1  65.3 175.3   -2.0  -24.6   -3.4               
  695  695 A N     >  -     0   0   32   -448,-0.2     4,-2.4    -4,-0.1     5,-0.2  -0.597  44.8-109.9 -90.8 158.2   -5.8  -25.1   -3.8               
  696  696 A K  H  > S+     0   0  135      1,-0.2     4,-2.3     2,-0.2     5,-0.1   0.835 118.2  51.9 -55.1 -38.9   -7.5  -27.5   -6.2               
  697  697 A R  H  4 S+     0   0   78      2,-0.2     4,-0.3     1,-0.2    -1,-0.2   0.917 112.4  45.7 -67.5 -41.7   -8.9  -24.7   -8.4               
  698  698 A W  H  4 S+     0   0   14     -3,-0.2     3,-0.4     2,-0.2    -2,-0.2   0.837 114.8  47.8 -65.5 -38.0   -5.4  -23.1   -8.7               
  699  699 A N  H  < S+     0   0   83     -4,-2.4    -2,-0.2     1,-0.2    -1,-0.2   0.862 111.7  49.4 -74.7 -33.8   -3.8  -26.5   -9.5               
  700  700 A S  S  < S+     0   0   83     -4,-2.3     2,-0.6    -5,-0.2    -1,-0.2   0.445  85.8 113.5 -79.8  -5.8   -6.5  -27.4  -12.1               
  701  701 A L        -     0   0   19     -3,-0.4     2,-0.3    -4,-0.3    -3,-0.0  -0.624  65.2-138.0 -74.5 115.1   -5.9  -23.9  -13.8               
  702  702 A E        +     0   0  160     -2,-0.6  -468,-0.1  -469,-0.0  -469,-0.1  -0.552  26.6 176.6 -72.4 132.5   -4.4  -24.4  -17.2               
  703  703 A A        -     0   0   13     -2,-0.3  -472,-0.1  -470,-0.1  -473,-0.0  -0.974  34.4 -99.2-132.5 146.5   -1.6  -22.0  -18.2               
  704  704 A P        -     0   0   40      0, 0.0     5,-0.0     0, 0.0     0, 0.0  -0.239  17.5-149.0 -57.1 154.6    0.6  -21.9  -21.3               
  705  705 A D        +     0   0  133   -468,-0.0     2,-0.2  -467,-0.0     4,-0.1   0.229  58.1 120.9-107.0   8.2    4.1  -23.5  -21.2               
  706  706 A S        -     0   0   51      2,-0.1  -468,-0.1     1,-0.1     0, 0.0  -0.501  69.2-130.7 -76.1 144.4    5.6  -21.0  -23.7               
  707  707 A V  S    S+     0   0   52     -2,-0.2     2,-0.3     2,-0.1    -1,-0.1   0.809 100.0  51.9 -59.6 -33.0    8.5  -18.7  -22.9               
  708  708 A L  S    S-     0   0   26   -605,-0.1    -2,-0.1  -604,-0.0  -607,-0.1  -0.835  99.2-109.9-103.4 145.0    6.4  -15.8  -24.4               
  709  709 A F        -     0   0   23     -2,-0.3     2,-1.6  -609,-0.2    -2,-0.1  -0.614  26.0-127.7 -76.6 127.0    2.8  -15.2  -23.2               
  710  710 A P        -     0   0   72      0, 0.0     2,-0.2     0, 0.0    -1,-0.1  -0.563  30.0-145.9 -76.9  88.7    0.2  -16.1  -26.0               
  711  711 A W        -     0   0   56     -2,-1.6     2,-0.6     1,-0.1     8,-0.1  -0.363   2.5-144.4 -59.1 121.9   -1.7  -12.7  -26.0               
  712  712 A D    >   -     0   0   91      6,-0.3     3,-1.3    -2,-0.2     6,-0.1  -0.785   1.3-153.6 -87.3 119.3   -5.4  -13.1  -26.7               
  713  713 A L  T 3  S+     0   0  161     -2,-0.6    -1,-0.1     1,-0.3    -2,-0.0   0.699  97.5  54.1 -63.9 -21.2   -6.7  -10.2  -28.9               
  714  714 A K  T 3  S+     0   0  173     -3,-0.0    -1,-0.3     2,-0.0    -3,-0.0   0.616  83.5 120.3 -85.7 -15.0  -10.2  -10.8  -27.3               
  715  715 A S    <   -     0   0    6     -3,-1.3    -4,-0.0     3,-0.2     0, 0.0  -0.165  40.4-175.8 -54.1 136.1   -8.9  -10.5  -23.8               
  716  716 A T  S    S+     0   0   12     76,-0.0    74,-0.1    58,-0.0    -1,-0.1   0.365  84.0  40.2-111.2   0.3  -10.3   -7.8  -21.6               
  717  717 A Y  S    S+     0   0   13      1,-0.3     2,-0.4    72,-0.1    72,-0.4   0.722 115.7  38.7-114.8 -36.2   -8.0   -8.5  -18.6               
  718  718 A I        +     0   0    4     -6,-0.1     2,-0.3    72,-0.1    -6,-0.3  -0.981  64.9 154.8-128.4 115.7   -4.5   -9.2  -20.1               
  719  719 A R        -     0   0  105     70,-2.7    72,-0.3    -2,-0.4    -6,-0.1  -0.996  47.9-105.9-141.0 143.0   -3.1   -7.3  -23.1               
  720  720 A C        -     0   0   43     -2,-0.3     2,-0.1    70,-0.1  -622,-0.1  -0.572  42.4-131.3 -65.0 118.4    0.5   -6.5  -24.3               
  721  721 A P    >   -     0   0    3      0, 0.0     3,-0.6     0, 0.0    -1,-0.1  -0.442   8.0-127.0 -70.5 152.7    1.1   -2.8  -23.6               
  722  722 A S  G >  S+     0   0   47      1,-0.2     3,-0.8    -2,-0.1     4,-0.3   0.104  77.3 112.2 -85.1  17.6    2.5   -0.6  -26.3               
  723  723 A F  G 3  S+     0   0    7      1,-0.2     3,-0.3     2,-0.1    -1,-0.2   0.824  84.1  39.1 -62.5 -30.2    5.4    0.8  -24.2               
  724  724 A F  G X  S+     0   0   17     -3,-0.6     3,-2.3     1,-0.2    -1,-0.2   0.412  82.7 102.6-100.4  -1.6    8.0   -1.1  -26.3               
  725  725 A D  T <  S+     0   0  129     -3,-0.8    -1,-0.2     1,-0.3    -2,-0.1   0.761  92.6  37.2 -59.3 -28.3    6.4   -0.5  -29.8               
  726  726 A K  T 3  S+     0   0  177     -4,-0.3     2,-0.3    -3,-0.3    -1,-0.3   0.151  87.1 136.8-105.0  11.6    9.0    2.3  -30.6               
  727  727 A L    <   +     0   0   19     -3,-2.3     2,-0.3     4,-0.0    -3,-0.1  -0.511  28.3 180.0 -69.0 125.7   11.9    0.6  -28.8               
  728  728 A T        -     0   0   57     -2,-0.3     4,-0.1     2,-0.2   232,-0.1  -0.865  40.0-114.1-118.7 156.1   15.2    0.7  -30.8               
  729  729 A K  S    S+     0   0  111     -2,-0.3   234,-0.1     2,-0.1    -1,-0.1   0.913 107.1  46.9 -56.0 -45.8   18.7   -0.7  -29.8               
  730  730 A E  S    S-     0   0  145      1,-0.1    -2,-0.2    -3,-0.0     2,-0.1  -0.726 101.3-105.4 -93.8 143.5   20.1    2.8  -29.5               
  731  731 A P        -     0   0   51      0, 0.0     2,-0.3     0, 0.0   220,-0.1  -0.437  34.0-117.2 -64.7 140.3   18.2    5.6  -27.6               
  732  732 A I        -     0   0   93     -2,-0.1     3,-0.1   218,-0.1   220,-0.1  -0.633  37.5-102.3 -74.9 135.4   16.4    8.2  -29.8               
  733  733 A A        -     0   0   84     -2,-0.3     2,-0.1     1,-0.1    -1,-0.1  -0.233  50.0 -84.5 -55.1 146.0   17.8   11.7  -29.2               
  734  734 A L        -     0   0   53    182,-0.1     2,-0.3   181,-0.1    -1,-0.1  -0.344  48.6-143.7 -58.4 123.5   15.6   14.0  -27.0               
  735  735 A Q        -     0   0  147     -2,-0.1     2,-0.1    -3,-0.1    -1,-0.1  -0.684  15.6-111.5 -88.8 143.5   12.9   15.6  -29.2               
  736  736 A A        -     0   0   37     -2,-0.3     2,-0.8   177,-0.1   177,-0.2  -0.399  24.4-124.6 -62.2 145.9   11.7   19.1  -28.6               
  737  737 A I  E     -Y  912   0M  13    175,-2.8   175,-2.8    -2,-0.1     2,-0.5  -0.893  38.9-171.1 -90.3 105.8    8.1   19.5  -27.4               
  738  738 A E  E     -     0   0M 126     -2,-0.8   173,-0.2   173,-0.2   172,-0.1  -0.904  57.0 -16.2-109.7 131.1    6.6   21.7  -30.1               
  739  739 A N  E    S-     0   0M  96     -2,-0.5   172,-0.2     1,-0.2    -1,-0.2   0.801  82.5-177.7  52.7  37.6    3.2   23.4  -30.1               
  740  740 A A  E     -Y  910   0M   0    170,-2.5   170,-2.3    -3,-0.2     2,-0.3  -0.424  17.1-138.2 -69.7 137.7    1.9   21.1  -27.3               
  741  741 A H  E     -z  841   0M  28     99,-2.2   101,-2.5   168,-0.2     2,-0.8  -0.664  20.0-111.8 -90.5 148.8   -1.7   21.5  -26.1               
  742  742 A V  E     -z  842   0M   0    164,-0.6   101,-0.2   166,-0.4    77,-0.2  -0.705  28.0-174.4 -78.8 113.3   -2.8   21.4  -22.5               
  743  743 A L  E    S+     0   0M   0     99,-2.7     2,-0.3    -2,-0.8    74,-0.2   0.882  73.7  12.6 -71.1 -41.5   -4.8   18.2  -22.0               
  744  744 A L  E     -z  843   0M   0     98,-0.7   100,-2.5    72,-0.1     2,-0.6  -0.998  56.8-158.5-141.5 135.8   -5.7   19.1  -18.4               
  745  745 A Y  E     -z  844   0M  13     -2,-0.3    62,-3.1    98,-0.2    63,-0.3  -0.941  33.0-178.6-114.7 103.9   -5.5   22.2  -16.3               
  746  746 A L  B     -F  806   0N   1     98,-3.2    60,-0.1    -2,-0.6     2,-0.1  -0.592  19.6-136.0-108.0 159.2   -5.6   21.0  -12.7               
  747  747 A G    >   -     0   0   24     58,-0.5    99,-1.9     1,-0.2     3,-0.5  -0.032  48.3 -47.5 -91.4-158.7   -5.5   22.5   -9.2               
  748  748 A D  T 3  S+     0   0   96      1,-0.2    -1,-0.2    98,-0.2   100,-0.2  -0.383 111.1  15.2 -74.3 153.9   -3.6   21.6   -6.0               
  749  749 A S  T 3   +     0   0   60     98,-3.2     2,-0.7     1,-0.2    -1,-0.2   0.785  67.9 178.9  54.8  38.0   -3.3   18.1   -4.4               
  750  750 A V    <   -     0   0   14     -3,-0.5   100,-2.4    97,-0.4   101,-0.8  -0.594  21.2-147.7 -66.0 111.4   -4.5   16.0   -7.4               
  751  751 A T  B >>  -g  851   0O  37     -2,-0.7     3,-1.6    99,-0.2     4,-1.4  -0.413  24.0-109.8 -80.6 160.4   -4.1   12.5   -6.0               
  752  752 A T  H 3> S+     0   0    0     99,-2.4     4,-3.1     1,-0.3   100,-0.1   0.743 118.6  65.3 -58.6 -23.0   -3.2    9.3   -7.9               
  753  753 A D  H 34 S+     0   0   45     98,-0.4    -1,-0.3     2,-0.2    99,-0.1   0.766 102.6  46.8 -71.3 -26.5   -6.9    8.3   -7.3               
  754  754 A H  H <4 S+     0   0   46     -3,-1.6    47,-0.8     2,-0.1    -2,-0.2   0.860 118.7  41.5 -75.2 -37.9   -8.0   11.2   -9.6               
  755  755 A I  H  < S+     0   0    0     -4,-1.4    44,-2.7     1,-0.2    45,-0.3   0.907 134.8  13.1 -76.2 -46.2   -5.3   10.1  -12.2               
  756  756 A S  S  < S-     0   0    0     -4,-3.1    -1,-0.2    42,-0.2    42,-0.1  -0.786  78.3-158.2-138.0  85.4   -5.8    6.3  -12.0               
  757  757 A P        -     0   0   15      0, 0.0    -4,-0.1     0, 0.0    -3,-0.1  -0.345   9.2-166.5 -63.1 147.0   -9.0    5.2  -10.2               
  758  758 A A        +     0   0   19     26,-0.2    27,-2.2    -5,-0.1    28,-0.3   0.551  59.7  87.0-106.4 -14.4   -9.1    1.6   -8.8               
  759  759 A G  S    S-     0   0   44      1,-0.2    25,-2.7    25,-0.2    26,-0.3   0.209  89.8 -37.3 -75.8-165.6  -12.9    1.4   -8.1               
  760  760 A S  B     -H  783   0P 107     23,-0.2     2,-0.6  -177,-0.1    23,-0.2  -0.194  61.6-110.7 -57.9 144.3  -16.0    0.5  -10.2               
  761  761 A I        -     0   0   11     21,-1.1    -1,-0.1    17,-0.1     2,-0.1  -0.672  34.3-122.0 -80.5 116.5  -16.1    1.4  -13.9               
  762  762 A A    >   -     0   0   36     -2,-0.6     3,-2.3    38,-0.2     6,-0.4  -0.380  17.7-124.8 -61.4 135.2  -18.8    4.1  -14.3               
  763  763 A R  T 3  S+     0   0  207      1,-0.3    -1,-0.1    -2,-0.1    -2,-0.0   0.669 108.8  44.2 -58.7 -24.6  -21.5    3.0  -16.9               
  764  764 A N  T 3  S+     0   0  126      4,-0.1    -1,-0.3     5,-0.0    -2,-0.1   0.280  89.9 115.9-102.5   4.6  -21.0    6.1  -19.1               
  765  765 A S  S <> S-     0   0   12     -3,-2.3     4,-2.4     1,-0.1     5,-0.2  -0.327  79.3-112.1 -73.7 159.8  -17.2    6.1  -19.1               
  766  766 A A  H  > S+     0   0    9     30,-0.3     4,-2.2     1,-0.2    31,-0.1   0.882 121.4  53.0 -54.2 -38.5  -14.9    5.6  -22.1               
  767  767 A A  H  > S+     0   0    0     29,-0.4     4,-2.4     2,-0.2    -1,-0.2   0.914 107.2  50.3 -66.6 -41.2  -13.8    2.3  -20.5               
  768  768 A A  H  > S+     0   0    0     -6,-0.4     4,-2.9     2,-0.2     5,-0.2   0.918 109.5  51.5 -63.2 -41.7  -17.5    1.1  -20.1               
  769  769 A K  H  X S+     0   0   85     -4,-2.4     4,-2.4     2,-0.2    -2,-0.2   0.939 111.3  48.6 -57.5 -46.4  -18.1    2.0  -23.8               
  770  770 A Y  H  < S+     0   0   21     -4,-2.2     4,-0.3     2,-0.2    -2,-0.2   0.904 114.4  44.1 -60.4 -45.3  -15.0   -0.1  -24.8               
  771  771 A L  H ><>S+     0   0    0     -4,-2.4     5,-1.9     2,-0.2     3,-1.3   0.908 112.3  52.5 -68.9 -40.8  -16.1   -3.1  -22.6               
  772  772 A T  H ><5S+     0   0   72     -4,-2.9     3,-2.3     1,-0.3    -2,-0.2   0.916 102.9  58.3 -60.6 -42.2  -19.8   -2.9  -23.9               
  773  773 A N  T 3<5S+     0   0  136     -4,-2.4    -1,-0.3     1,-0.3    -2,-0.2   0.617 103.3  55.0 -64.8 -12.4  -18.5   -3.0  -27.5               
  774  774 A R  T < 5S-     0   0  116     -3,-1.3    -1,-0.3    -4,-0.3    -2,-0.2   0.194 127.5 -99.9-100.7  12.3  -16.9   -6.4  -26.5               
  775  775 A G  T < 5S+     0   0   65     -3,-2.3     2,-0.3     1,-0.3    -3,-0.2   0.543  76.2 142.1  82.9  11.1  -20.3   -7.8  -25.4               
  776  776 A L      < -     0   0   34     -5,-1.9    -1,-0.3    -8,-0.1    -2,-0.1  -0.654  41.4-140.4 -85.5 141.0  -19.7   -7.2  -21.6               
  777  777 A T    >>  -     0   0   70     -2,-0.3     3,-1.8     1,-0.1     4,-0.8  -0.542  32.1-100.3 -88.5 161.9  -22.6   -6.1  -19.3               
  778  778 A P  T 34 S+     0   0   69      0, 0.0     4,-0.3     0, 0.0     3,-0.3   0.764 124.2  58.2 -54.4 -26.9  -22.2   -3.5  -16.4               
  779  779 A R  T 34 S+     0   0  224      1,-0.2     3,-0.4     2,-0.1    -3,-0.0   0.776 107.1  47.7 -71.2 -27.2  -22.1   -6.5  -13.9               
  780  780 A E  T <4 S+     0   0   91     -3,-1.8    -1,-0.2     1,-0.2    -4,-0.0   0.492  86.4  87.3 -93.9  -7.2  -19.0   -7.9  -15.8               
  781  781 A F     <  -     0   0    3     -4,-0.8    -1,-0.2    -3,-0.3    -2,-0.1   0.853  68.0-179.5 -59.7 -31.0  -17.1   -4.6  -16.0               
  782  782 A N        -     0   0   13     -3,-0.4   -21,-1.1    -4,-0.3     2,-0.3  -0.443  40.8 -47.5  61.7-137.5  -15.6   -5.4  -12.5               
  783  783 A S  B  >  -H  760   0P   4    -23,-0.2     4,-0.9    -2,-0.1   -23,-0.2  -0.867  39.8-115.8-122.0 161.1  -13.2   -2.6  -11.3               
  784  784 A Y  T >4 S+     0   0    6    -25,-2.7     3,-0.8    -2,-0.3     4,-0.2   0.909 117.6  60.2 -58.8 -37.8  -10.4   -0.6  -12.8               
  785  785 A G  G >4 S+     0   0    1    -27,-2.2     3,-1.1   -26,-0.3    -1,-0.2   0.916 105.3  46.1 -56.3 -44.2   -8.1   -2.3  -10.1               
  786  786 A A  G 34 S+     0   0    1    -28,-0.3     3,-0.3     1,-0.2    -1,-0.3   0.679 109.4  57.2 -71.7 -17.9   -9.0   -5.7  -11.5               
  787  787 A R  G X<  +     0   0    2     -4,-0.9     3,-2.3    -3,-0.8     7,-0.3   0.279  68.5 114.4 -97.6   9.8   -8.4   -4.5  -15.2               
  788  788 A R  T <   +     0   0    7     -3,-1.1    -1,-0.2     1,-0.3    -2,-0.1   0.624  68.6  62.6 -63.3 -16.8   -4.7   -3.3  -14.6               
  789  789 A G  T 3  S+     0   0    2    -72,-0.4   -70,-2.7    -3,-0.3     2,-0.6   0.376  93.0  75.9 -81.4  -0.3   -3.3   -6.0  -17.0               
  790  790 A N    X>  -     0   0    0     -3,-2.3     4,-2.4   -72,-0.3     3,-0.7  -0.889  58.8-171.3-120.1 102.2   -5.2   -4.4  -19.9               
  791  791 A D  H 3> S+     0   0   10     -2,-0.6     4,-3.0   -72,-0.3     5,-0.4   0.869  86.1  59.7 -58.7 -37.8   -3.8   -1.1  -21.2               
  792  792 A A  H 3> S+     0   0    5      1,-0.2     4,-0.8     2,-0.2    -1,-0.2   0.847 112.4  39.4 -62.5 -35.5   -6.8   -0.4  -23.4               
  793  793 A V  H <> S+     0   0    0     -3,-0.7     4,-1.1    -6,-0.2    -2,-0.2   0.911 118.4  47.1 -76.4 -45.2   -9.1   -0.4  -20.3               
  794  794 A M  H  X S+     0   0    0     -4,-2.4     4,-0.9    -7,-0.3     3,-0.2   0.887 107.6  53.5 -73.1 -36.7   -6.6    1.5  -18.1               
  795  795 A T  H >< S+     0   0   12     -4,-3.0     3,-0.7     1,-0.2    -1,-0.2   0.924 112.1  47.9 -60.5 -39.0   -5.7    4.3  -20.6               
  796  796 A R  H 3< S+     0   0   46     -4,-0.8   -29,-0.4    -5,-0.4   -30,-0.3   0.738 109.5  53.8 -70.0 -26.2   -9.5    4.9  -20.8               
  797  797 A G  H >< S+     0   0    1     -4,-1.1     3,-2.0    -3,-0.2    -1,-0.2   0.580  82.4 112.5 -79.0 -14.2   -9.6    4.9  -17.0               
  798  798 A T  T << S-     0   0    1     -4,-0.9   -42,-0.2    -3,-0.7    30,-0.2  -0.459  97.2  -3.9 -69.5 125.9   -6.9    7.5  -16.8               
  799  799 A F  T 3  S+     0   0    1    -44,-2.7    -1,-0.3    -2,-0.2    28,-0.2   0.642  96.9 129.1  58.4  22.3   -8.4   10.8  -15.4               
  800  800 A A    <   +     0   0   17     -3,-2.0     2,-0.4   -45,-0.3   -38,-0.2   0.327  29.1 126.1 -84.2   6.6  -11.9    9.0  -15.5               
  801  801 A N    >   -     0   0   31    -47,-0.8     3,-2.1    -4,-0.1    12,-0.2  -0.548  59.6-143.0 -70.4 126.4  -12.6   10.0  -11.8               
  802  802 A I  T 3  S+     0   0  112     -2,-0.4    -1,-0.1     1,-0.3    13,-0.1   0.700 101.2  57.1 -62.8 -20.7  -16.0   11.8  -11.5               
  803  803 A K  T 3  S+     0   0  135      9,-0.1    -1,-0.3    10,-0.1     2,-0.3   0.391  76.1 126.6 -89.3  -1.1  -14.4   14.0   -8.8               
  804  804 A L    <   -     0   0    1     -3,-2.1     9,-2.7   -50,-0.1     2,-0.8  -0.443  50.8-151.1 -60.4 122.2  -11.6   15.3  -11.2               
  805  805 A F  B     -I  812   0Q  96     -2,-0.3     2,-0.6     7,-0.2   -58,-0.5  -0.851  14.9-176.9-100.8 101.3  -11.7   19.1  -11.2               
  806  806 A N  B >>  -F  746   0N   0     -2,-0.8     3,-2.0     5,-0.6     4,-1.4  -0.896  23.8-143.2 -94.8 120.7  -10.4   20.4  -14.6               
  807  807 A K  T 34 S+     0   0   74    -62,-3.1    -1,-0.1    -2,-0.6   -61,-0.1   0.804  99.4  63.5 -56.1 -30.6  -10.3   24.2  -14.6               
  808  808 A F  T 34 S+     0   0   27    -63,-0.3    -1,-0.3     1,-0.2     8,-0.1   0.766 109.6  39.1 -61.6 -28.6  -11.4   24.2  -18.3               
  809  809 A I  T <4 S-     0   0   35     -3,-2.0    -2,-0.2     6,-0.2    -1,-0.2   0.694  93.3-145.6 -96.4 -27.2  -14.8   22.7  -17.2               
  810  810 A G  S  < S+     0   0   53     -4,-1.4    -3,-0.1     1,-0.1    -2,-0.1   0.438  72.9  62.7  73.2   1.8  -15.3   24.7  -14.0               
  811  811 A K  S    S-     0   0  135     -5,-0.4    -5,-0.6    -7,-0.1     2,-0.3  -0.979 100.8 -78.1-147.2 157.1  -17.0   21.6  -12.2               
  812  812 A P  B    S+I  805   0Q  82      0, 0.0    -7,-0.2     0, 0.0    -8,-0.1  -0.404  73.7 126.4 -58.8 116.2  -16.0   18.1  -11.1               
  813  813 A A        -     0   0   15     -9,-2.7     2,-2.1    -2,-0.3    -7,-0.3  -0.853  68.2-118.1-167.7 144.3  -16.1   15.9  -14.3               
  814  814 A P  S    S+     0   0   32      0, 0.0    13,-1.4     0, 0.0     2,-0.3  -0.305  81.7 111.6 -80.4  52.8  -13.7   13.5  -16.1               
  815  815 A K  E     +J  826   0R  83     -2,-2.1     2,-0.3    11,-0.3    11,-0.2  -0.899  41.4 177.4-129.3 156.3  -13.9   15.8  -19.2               
  816  816 A T  E     -J  825   0R   0      9,-2.4     9,-2.2    -2,-0.3     2,-0.5  -0.875  32.7 -99.3-145.9 177.4  -11.7   18.3  -21.1               
  817  817 A I  E     -J  824   0R  22     -2,-0.3     2,-1.1     7,-0.2     7,-0.2  -0.923  16.4-146.3-105.3 125.5  -11.8   20.5  -24.2               
  818  818 A H  E >>> -J  823   0R   1      5,-2.8     4,-1.5    -2,-0.5     3,-0.9  -0.795  21.5-161.4 -84.1  93.6  -10.4   19.4  -27.5               
  819  819 A F  T 345S+     0   0   39     -2,-1.1     3,-0.3     1,-0.2    -1,-0.2   0.833  81.5  56.3 -56.3 -43.0   -9.3   23.0  -28.5               
  820  820 A P  T 345S+     0   0   71      0, 0.0    -1,-0.2     0, 0.0    -2,-0.0   0.856 122.4  29.8 -56.7 -35.3   -8.8   22.5  -32.3               
  821  821 A S  T <45S-     0   0   53     -3,-0.9    -2,-0.2     2,-0.1     3,-0.1   0.578  98.2-133.8 -94.1 -18.0  -12.5   21.3  -32.5               
  822  822 A G  T  <5 +     0   0   55     -4,-1.5     2,-0.2    -3,-0.3    -3,-0.2   0.434  59.0 140.5  70.0   1.8  -13.9   23.3  -29.5               
  823  823 A Q  E   < -J  818   0R 110     -5,-0.8    -5,-2.8    -6,-0.1     2,-0.7  -0.498  53.8-134.5 -80.6 142.5  -15.7   20.1  -28.3               
  824  824 A T  E     +J  817   0R  75     -7,-0.2    -7,-0.2    -2,-0.2     2,-0.2  -0.866  43.4 162.4 -92.0 114.9  -16.1   19.1  -24.6               
  825  825 A L  E     -J  816   0R  29     -9,-2.2    -9,-2.4    -2,-0.7     2,-0.1  -0.693  47.3 -78.6-126.1 167.9  -15.1   15.3  -24.5               
  826  826 A D  E  >  -J  815   0R  21    -11,-0.2     4,-2.4    -2,-0.2     3,-0.3  -0.486  52.6-112.1 -61.4 145.6  -14.1   12.5  -22.1               
  827  827 A V  H  > S+     0   0    3    -13,-1.4     4,-2.3     1,-0.2     5,-0.1   0.892 118.3  49.5 -54.2 -42.8  -10.3   13.0  -21.4               
  828  828 A F  H  > S+     0   0   25    -32,-0.3     4,-2.3     2,-0.2    -1,-0.2   0.893 109.7  50.5 -60.2 -44.2   -9.5    9.8  -23.2               
  829  829 A E  H  > S+     0   0   59     -3,-0.3     4,-1.6     2,-0.2    -2,-0.2   0.912 111.5  48.1 -66.8 -40.4  -11.5   10.8  -26.3               
  830  830 A A  H  X S+     0   0    0     -4,-2.4     4,-2.3     2,-0.2    -2,-0.2   0.924 111.8  50.0 -62.6 -44.9   -9.8   14.2  -26.5               
  831  831 A A  H  X S+     0   0    1     -4,-2.3     4,-2.4    -5,-0.2    -2,-0.2   0.892 107.4  54.3 -61.5 -39.6   -6.4   12.6  -26.1               
  832  832 A E  H  X S+     0   0   68     -4,-2.3     4,-1.8     2,-0.2    -1,-0.2   0.865 109.1  48.9 -63.8 -36.7   -7.2   10.1  -29.0               
  833  833 A L  H  X S+     0   0   51     -4,-1.6     4,-1.9     2,-0.2    -2,-0.2   0.974 111.2  48.4 -65.5 -50.9   -8.0   13.1  -31.3               
  834  834 A Y  H  <>S+     0   0    0     -4,-2.3     5,-2.4     1,-0.2     4,-0.5   0.879 110.9  51.8 -57.8 -39.5   -4.8   14.9  -30.4               
  835  835 A Q  H ><5S+     0   0   93     -4,-2.4     3,-1.0     1,-0.2    -1,-0.2   0.904 108.7  49.7 -64.0 -41.9   -2.8   11.7  -31.1               
  836  836 A K  H 3<5S+     0   0  148     -4,-1.8    -1,-0.2     1,-0.2    -2,-0.2   0.821 111.4  50.7 -63.6 -32.0   -4.4   11.2  -34.5               
  837  837 A E  T 3<5S-     0   0   93     -4,-1.9    -1,-0.2     2,-0.1    -2,-0.2   0.498 113.0-122.3 -80.7  -7.7   -3.5   14.9  -35.2               
  838  838 A G  T < 5 +     0   0   66     -3,-1.0    -3,-0.2    -4,-0.5    -2,-0.1   0.674  61.1 149.5  71.4  18.8    0.1   14.3  -34.2               
  839  839 A I      < -     0   0   42     -5,-2.4    -1,-0.2    -6,-0.2    -2,-0.1  -0.731  44.0-130.6 -89.3 124.4   -0.2   17.0  -31.5               
  840  840 A P        -     0   0   30      0, 0.0   -99,-2.2     0, 0.0     2,-0.4  -0.393  23.3-141.6 -70.3 151.9    1.9   16.6  -28.3               
  841  841 A L  E     -za 741 867M   1     25,-1.4    27,-3.2  -101,-0.2    28,-0.9  -0.897  18.2-177.7-118.2 146.5    0.2   17.0  -24.9               
  842  842 A I  E     -za 742 869M   9   -101,-2.5   -99,-2.7    -2,-0.4   -98,-0.7  -0.880  18.1-135.7-127.3 165.7    1.1   18.5  -21.6               
  843  843 A I  E     -za 744 870M   0     26,-1.5    28,-3.2    -2,-0.3     2,-0.4  -0.990   8.2-151.7-118.6 134.7   -0.6   18.8  -18.2               
  844  844 A L  E     +za 745 871M   0   -100,-2.5   -98,-3.2    -2,-0.4     2,-0.3  -0.901  27.6 169.8 -97.4 132.7   -0.8   22.0  -16.0               
  845  845 A A  E     - a   0 872M   6     26,-2.4    28,-0.5    -2,-0.4    54,-0.2  -0.943  27.0-134.1-140.3 159.9   -1.1   21.3  -12.2               
  846  846 A G        -     0   0   10    -99,-1.9    28,-1.2    -2,-0.3    27,-1.2   0.250  60.4 -30.1 -84.1-145.2   -0.9   23.1   -8.8               
  847  847 A K  S    S+     0   0   93     26,-0.2   -98,-3.2     1,-0.2   -97,-0.4  -0.438 119.2  12.8 -74.1 151.5    1.0   21.9   -5.7               
  848  848 A K  S >  S-     0   0  129   -100,-0.2     3,-1.3     1,-0.2    27,-0.3   0.869  76.1-169.2  53.2  43.6    1.6   18.3   -4.7               
  849  849 A Y  B 3  S+k  875   0S   1     25,-2.6    27,-2.3    -3,-0.5    -1,-0.2  -0.469  70.3  23.6 -61.5 129.5    0.7   16.7   -8.0               
  850  850 A G  T 3  S+     0   0    0   -100,-2.4    -1,-0.2    -2,-0.2   -99,-0.2   0.616  84.3 165.2  87.7  16.4    0.4   12.9   -7.7               
  851  851 A S  B <   +g  751   0O  24     -3,-1.3   -99,-2.4  -101,-0.8   -98,-0.4  -0.196  38.2  35.1 -62.2 154.6   -0.3   12.7   -3.9               
  852  852 A G  S    S+     0   0   52   -101,-0.2     2,-0.5  -100,-0.1  -102,-0.0  -0.712 107.5   4.1 104.4-156.6   -1.6    9.5   -2.2               
  853  853 A N  S    S-     0   0   57     -2,-0.3     2,-0.5     1,-0.1  -574,-0.0  -0.562  78.9-121.5 -69.9 118.2   -0.9    5.8   -2.9               
  854  854 A S        -     0   0   18     -2,-0.5  -556,-0.4     3,-0.0     2,-0.4  -0.436  36.3-174.9 -68.8 111.9    1.8    5.6   -5.7               
  855  855 A R    >   -     0   0   24     -2,-0.5     3,-1.2  -558,-0.1     4,-0.4  -0.928  30.4-139.2-110.4 136.5    0.2    3.7   -8.6               
  856  856 A D  T >> S+     0   0    1     -2,-0.4     4,-2.7     1,-0.3     3,-2.1   0.920 105.0  58.7 -55.4 -45.1    2.1    2.7  -11.8               
  857  857 A W  H 3> S+     0   0    7      1,-0.3     4,-1.6     2,-0.2    -1,-0.3   0.656  89.3  71.7 -65.4 -15.7   -1.0    3.6  -13.9               
  858  858 A A  H <4 S+     0   0    0     -3,-1.2    -1,-0.3     3,-0.1    -2,-0.2   0.733 116.1  24.0 -70.4 -19.8   -0.9    7.2  -12.6               
  859  859 A A  H <> S+     0   0    0     -3,-2.1     4,-2.1    -4,-0.4    -2,-0.2   0.759 123.4  52.5-106.2 -43.0    2.2    7.6  -14.8               
  860  860 A K  H  X S+     0   0    0     -4,-2.7     4,-2.4     2,-0.2    -3,-0.2   0.875 107.8  55.3 -59.7 -39.0    1.6    4.8  -17.5               
  861  861 A G  H  X S+     0   0    0     -4,-1.6     4,-1.7    -5,-0.2     5,-0.2   0.974 109.2  42.6 -59.8 -61.1   -1.9    6.2  -18.1               
  862  862 A P  H  4>S+     0   0    0      0, 0.0     5,-2.3     0, 0.0     4,-0.4   0.879 113.4  55.2 -54.4 -38.4   -0.8    9.8  -19.0               
  863  863 A Y  H ><5S+     0   0   57     -4,-2.1     3,-1.6     1,-0.2    -2,-0.2   0.949 109.2  45.5 -59.5 -48.8    2.1    8.4  -21.1               
  864  864 A L  H 3<5S+     0   0   20     -4,-2.4    -1,-0.2     1,-0.3    -3,-0.1   0.736 105.1  61.9 -70.6 -21.7   -0.3    6.3  -23.2               
  865  865 A L  T 3<5S-     0   0    2     -4,-1.7    -1,-0.3    -5,-0.2    -2,-0.2   0.561 124.5-106.8 -73.6  -6.7   -2.6    9.4  -23.5               
  866  866 A G  T < 5 +     0   0   14     -3,-1.6   -25,-1.4    -4,-0.4     2,-0.3   0.573  63.5 159.2  90.0  12.6    0.4   11.1  -25.3               
  867  867 A V  E   < +a  841   0M   1     -5,-2.3    -1,-0.3    -6,-0.2   -25,-0.2  -0.530  16.3 179.9 -67.0 127.9    1.4   13.4  -22.4               
  868  868 A K  E     +     0   0M  93    -27,-3.2    21,-2.4     1,-0.3     2,-0.3   0.722  64.4  11.2-101.7 -31.4    5.1   14.5  -22.9               
  869  869 A A  E     -ab 842 889M   1    -28,-0.9   -26,-1.5    19,-0.2     2,-0.4  -0.994  55.7-147.1-145.4 150.7    5.5   16.8  -19.9               
  870  870 A V  E     -ab 843 890M   0     19,-2.4    21,-3.0    -2,-0.3     2,-0.5  -0.969  13.9-160.3-108.9 134.3    3.7   17.7  -16.7               
  871  871 A L  E     +ab 844 891M   1    -28,-3.2   -26,-2.4    -2,-0.4     2,-0.3  -0.963  27.8 158.3-114.7 107.4    4.2   21.4  -15.6               
  872  872 A A  E     -ab 845 892M   0     19,-2.5    21,-1.8    -2,-0.5   -26,-0.2  -0.827  53.4-126.0-126.0 161.8    3.3   21.6  -11.8               
  873  873 A E  S    S-     0   0   42    -27,-1.2     2,-0.3   -28,-0.5   -26,-0.2   0.830  96.8 -15.2 -75.6 -32.8    4.1   23.9   -8.8               
  874  874 A S        -     0   0   32    -28,-1.2   -25,-2.6    17,-0.1    -1,-0.3  -0.952  65.6-140.2-163.2 158.2    5.3   20.8   -7.0               
  875  875 A Y  B     -k  849   0S  28    -27,-0.3     2,-0.4    -2,-0.3   -25,-0.2  -0.724  25.8-111.5-111.0 157.8    5.2   17.0   -7.1               
  876  876 A E     >  -     0   0   58    -27,-2.3     4,-2.3    -2,-0.3     5,-0.1  -0.811  40.7-125.5 -75.6 136.5    4.9   14.1   -4.7               
  877  877 A K  H  > S+     0   0   62     -2,-0.4     4,-2.4     1,-0.2     5,-0.2   0.940 105.2  45.5 -58.4 -54.5    8.4   12.5   -4.8               
  878  878 A I  H  > S+     0   0   48      1,-0.2     4,-1.8     2,-0.2    -1,-0.2   0.848 114.5  50.5 -61.2 -36.7    7.4    8.9   -5.7               
  879  879 A H  H  > S+     0   0    0      2,-0.2     4,-1.7     1,-0.2    -1,-0.2   0.912 108.9  50.6 -68.2 -40.1    5.0   10.2   -8.4               
  880  880 A K  H  X S+     0   0    7     -4,-2.3     4,-2.2     2,-0.2     3,-0.4   0.951 109.1  52.0 -57.8 -47.1    7.7   12.4   -9.9               
  881  881 A D  H  X S+     0   0   28     -4,-2.4     4,-2.8     1,-0.3    -2,-0.2   0.870 108.9  51.5 -60.7 -36.8   10.1    9.4  -10.0               
  882  882 A H  H  X S+     0   0    1     -4,-1.8     4,-1.0    -5,-0.2    -1,-0.3   0.852 105.8  53.3 -67.6 -37.6    7.3    7.4  -11.9               
  883  883 A L  H >X>S+     0   0    0     -4,-1.7     5,-3.0    -3,-0.4     3,-0.7   0.961 114.7  42.0 -61.9 -46.8    6.9   10.2  -14.5               
  884  884 A I  H ><5S+     0   0    2     -4,-2.2     3,-1.4     1,-0.2    -2,-0.2   0.941 109.6  59.4 -60.5 -47.5   10.6   10.0  -15.2               
  885  885 A G  H 3<5S+     0   0    5     -4,-2.8    69,-2.2     1,-0.3    70,-0.6   0.672 113.0  37.9 -60.3 -19.9   10.5    6.2  -15.0               
  886  886 A I  H <<5S-     0   0    8     -4,-1.0    -1,-0.3    -3,-0.7    -2,-0.2   0.438 123.6-100.1-107.5  -3.7    7.9    6.1  -17.9               
  887  887 A G  T <<5S+     0   0   15     -3,-1.4     2,-0.5    -4,-0.7    -3,-0.2   0.764  75.1 136.0  89.2  28.5    9.6    9.0  -19.9               
  888  888 A I      < -     0   0    0     -5,-3.0    -1,-0.3    -6,-0.1   -19,-0.2  -0.933  56.3-121.9 -98.1 130.1    7.3   12.0  -19.0               
  889  889 A A  E     -b  869   0M   0    -21,-2.4   -19,-2.4    -2,-0.5     2,-0.9  -0.579  16.0-143.2 -71.4 121.7    9.3   15.2  -18.2               
  890  890 A P  E     -b  870   0M   0      0, 0.0    49,-2.6     0, 0.0     2,-0.4  -0.777  24.8-174.4 -82.9 107.5    8.6   16.6  -14.7               
  891  891 A L  E     -bC 871 938M   5    -21,-3.0   -19,-2.5    -2,-0.9     2,-0.4  -0.884   4.6-164.4-103.7 137.9    8.6   20.4  -15.2               
  892  892 A Q  E     -bC 872 937M  61     45,-2.8    45,-2.9    -2,-0.4   -19,-0.2  -0.963  20.6-119.1-122.8 136.2    8.3   22.7  -12.2               
  893  893 A F  E     - C   0 936M   5    -21,-1.8    43,-0.2    -2,-0.4     3,-0.1  -0.340  44.9 -93.4 -59.2 151.3    7.5   26.5  -12.0               
  894  894 A L    >   -     0   0   48     41,-0.7     3,-2.7     1,-0.2    -1,-0.1  -0.317  62.0 -72.2 -61.0 153.2   10.2   28.7  -10.5               
  895  895 A P  T 3  S+     0   0  120      0, 0.0    -1,-0.2     0, 0.0     3,-0.1  -0.268 125.3  14.2 -52.0 123.7    9.8   29.4   -6.8               
  896  896 A G  T 3  S+     0   0   72      1,-0.3     2,-0.3    -3,-0.1    -2,-0.1   0.271 108.0 106.9  88.1  -6.3    6.9   31.8   -6.3               
  897  897 A E    <   +     0   0   58     -3,-2.7    -1,-0.3   -24,-0.1     2,-0.3  -0.716  35.8 153.9 -99.0 150.5    5.6   31.2   -9.9               
  898  898 A N     >  -     0   0   45     -2,-0.3     4,-2.1    -3,-0.1     6,-0.2  -0.946  59.0 -83.5-155.6 179.1    2.5   29.3  -11.1               
  899  899 A A  T  4>S+     0   0    6     -2,-0.3     5,-2.9   -54,-0.2     4,-0.2   0.880 126.7  48.3 -57.1 -37.8    0.1   29.2  -14.0               
  900  900 A D  T >45S+     0   0  107      3,-0.2     3,-1.1     2,-0.2    -1,-0.2   0.928 111.7  47.5 -73.1 -42.8   -2.1   32.0  -12.5               
  901  901 A S  T 345S+     0   0   74      1,-0.3    -2,-0.2     2,-0.1    -1,-0.2   0.829 115.1  47.6 -68.1 -29.3    0.9   34.4  -11.6               
  902  902 A L  T 3<5S-     0   0   16     -4,-2.1    -1,-0.3     2,-0.1    -2,-0.2   0.475 112.8-123.4 -84.9  -3.2    2.2   33.8  -15.2               
  903  903 A G  T < 5 +     0   0   64     -3,-1.1     2,-0.5     1,-0.2    -3,-0.2   0.807  50.0 166.5  62.4  28.8   -1.3   34.5  -16.6               
  904  904 A L      < -     0   0    7     -5,-2.9    -1,-0.2    -6,-0.2    -2,-0.1  -0.679  20.7-176.1 -76.0 120.3   -1.3   31.0  -18.4               
  905  905 A S        -     0   0   55     -2,-0.5    -1,-0.1   -97,-0.0    -5,-0.1   0.641  36.6-128.2 -87.5 -18.2   -4.9   30.2  -19.5               
  906  906 A G  S    S+     0   0    0     -7,-0.1  -164,-0.6     3,-0.1     4,-0.1   0.402  91.8  96.0  75.0   1.6   -3.9   26.7  -20.7               
  907  907 A R        +     0   0  152   -166,-0.1     2,-0.1     2,-0.1    -3,-0.0   0.656  68.0  84.2 -87.6 -24.2   -5.6   27.5  -24.2               
  908  908 A E  S    S-     0   0   10      1,-0.1  -166,-0.4  -167,-0.1     2,-0.2  -0.331  86.4-112.4 -66.7 155.9   -2.2   28.6  -25.6               
  909  909 A T        -     0   0   18   -168,-0.1    20,-1.7    -2,-0.1     2,-0.4  -0.668  27.1-138.9 -89.5 155.0    0.3   26.0  -27.0               
  910  910 A F  E     -YD 740 928M   4   -170,-2.3  -170,-2.5    -2,-0.2     2,-0.4  -0.969  14.7-169.9-122.8 129.4    3.6   25.3  -25.3               
  911  911 A S  E     + D   0 927M  30     16,-2.8    16,-2.6    -2,-0.4     2,-0.3  -0.973  10.8 168.7-122.2 133.4    7.0   24.8  -26.9               
  912  912 A L  E     -YD 737 926M   7   -175,-2.8  -175,-2.8    -2,-0.4     2,-0.4  -0.992  16.7-158.2-145.4 134.9   10.2   23.5  -25.1               
  913  913 A T        -     0   0   99     12,-0.5    12,-0.3    -2,-0.3  -177,-0.1  -0.937  13.1-142.4-114.7 135.1   13.6   22.4  -26.3               
  914  914 A F        -     0   0   17     -2,-0.4     4,-0.1  -180,-0.1     2,-0.1  -0.770  21.9-121.1 -88.8 138.0   15.9   20.1  -24.2               
  915  915 A P        -     0   0   49      0, 0.0  -181,-0.1     0, 0.0     3,-0.1  -0.358  23.5-114.4 -67.6 159.5   19.7   20.8  -24.4               
  916  916 A E  S    S+     0   0  186      1,-0.2     2,-0.7    -2,-0.1  -182,-0.1   0.933 109.9  49.9 -61.1 -44.6   22.0   17.9  -25.6               
  917  917 A E  S    S-     0   0  169      2,-0.0     2,-0.4    -3,-0.0    -1,-0.2  -0.863  77.5-166.3 -97.6 109.5   23.6   17.8  -22.1               
  918  918 A L        -     0   0   15     -2,-0.7    28,-0.0    -4,-0.1    -4,-0.0  -0.823   5.5-171.3 -87.1 138.5   20.9   17.6  -19.3               
  919  919 A S    >   -     0   0   59     -2,-0.4     3,-1.6    19,-0.0    21,-0.2  -0.885  38.0 -80.1-121.3 157.2   22.1   18.3  -15.7               
  920  920 A P  T 3  S+     0   0   56      0, 0.0    21,-0.2     0, 0.0    19,-0.1  -0.268 114.7   6.4 -55.1 137.2   20.2   17.8  -12.5               
  921  921 A G  T 3  S+     0   0   39     19,-2.2    18,-0.1    17,-0.5    20,-0.1   0.682  89.0 176.1  62.4  21.4   17.8   20.8  -11.7               
  922  922 A I    <   -     0   0   33     -3,-1.6    16,-2.9    16,-0.3     2,-0.5  -0.313  27.9-128.2 -60.7 136.2   18.4   22.4  -15.2               
  923  923 A T  E     - E   0 937M  79     14,-0.2     2,-0.3    -2,-0.1    14,-0.2  -0.738  29.6-174.4 -84.7 129.0   16.4   25.6  -16.0               
  924  924 A L  E     - E   0 936M  10     12,-3.0    12,-2.7    -2,-0.5     2,-0.5  -0.859  20.7-123.4-119.7 155.6   14.6   25.5  -19.4               
  925  925 A N  E     - E   0 935M  99     -2,-0.3   -12,-0.5   -12,-0.3     2,-0.5  -0.876  17.3-158.6-101.9 131.2   12.6   28.1  -21.3               
  926  926 A I  E     -DE 912 934M   6      8,-2.9     8,-2.0    -2,-0.5     2,-0.4  -0.918   5.2-159.2-103.8 130.7    9.0   27.5  -22.4               
  927  927 A Q  E     -DE 911 933M 112    -16,-2.6   -16,-2.8    -2,-0.5     2,-0.2  -0.921   8.1-154.4-105.2 133.4    7.5   29.6  -25.2               
  928  928 A T  E >   -D  910   0M   5      4,-2.8     3,-2.0    -2,-0.4   -18,-0.2  -0.698  29.7-113.2-100.4 159.6    3.7   30.0  -25.6               
  929  929 A S  T 3  S+     0   0   80    -20,-1.7   -19,-0.1     1,-0.3    -1,-0.1   0.691 117.0  65.2 -62.1 -16.9    1.6   30.7  -28.7               
  930  930 A T  T 3  S-     0   0   99    -21,-0.3    -1,-0.3     2,-0.1     3,-0.1   0.361 122.4-107.3 -81.6   2.1    0.8   34.1  -27.1               
  931  931 A G  S <  S+     0   0   53     -3,-2.0     2,-0.3     1,-0.3    -2,-0.1   0.463  73.5 143.9  80.9   4.7    4.5   35.1  -27.3               
  932  932 A K        -     0   0   77     -5,-0.0    -4,-2.8   -30,-0.0     2,-0.4  -0.607  30.0-168.1 -75.4 134.3    5.0   34.6  -23.5               
  933  933 A V  E     + E   0 927M  86     -2,-0.3     2,-0.3    -6,-0.2    -6,-0.2  -0.985  15.5 158.8-121.3 132.3    8.5   33.2  -22.6               
  934  934 A F  E     - E   0 926M  12     -8,-2.0    -8,-2.9    -2,-0.4     2,-0.3  -0.962  34.1-111.4-148.0 162.0    9.1   32.0  -19.0               
  935  935 A S  E     + E   0 925M  36     -2,-0.3   -41,-0.7   -10,-0.2     2,-0.3  -0.711  28.1 179.9-101.7 148.2   11.6   29.6  -17.2               
  936  936 A V  E     -CE 893 924M   0    -12,-2.7   -12,-3.0    -2,-0.3     2,-0.5  -0.953  27.7-116.4-138.1 157.5   10.9   26.2  -15.5               
  937  937 A I  E     -CE 892 923M  40    -45,-2.9   -45,-2.8    -2,-0.3     2,-0.8  -0.844  17.2-138.1 -93.8 127.8   13.0   23.6  -13.7               
  938  938 A A  E     -C  891   0M   0    -16,-2.9     2,-2.0    -2,-0.5   -17,-0.5  -0.827  26.2-138.1 -78.0 109.6   13.3   20.2  -15.2               
  939  939 A S        +     0   0   12    -49,-2.6     2,-0.5    -2,-0.8   -48,-0.1  -0.194  51.4 141.2 -77.7  45.6   13.0   18.3  -11.9               
  940  940 A F        -     0   0    4     -2,-2.0   -19,-2.2   -21,-0.2   -18,-0.1  -0.798  31.0-169.8 -81.8 128.7   15.7   15.7  -12.4               
  941  941 A E        +     0   0   84     -2,-0.5     2,-0.2   -21,-0.2    -1,-0.1   0.786  62.5   5.6 -90.4 -32.3   17.6   15.0   -9.1               
  942  942 A D  S  > S-     0   0   48    -23,-0.1     4,-1.8   -22,-0.0     5,-0.1  -0.850  77.8 -94.3-147.3 175.1   20.5   12.9  -10.4               
  943  943 A D  H  > S+     0   0  113     -2,-0.2     4,-2.0     2,-0.2     5,-0.1   0.723 118.5  60.2 -68.0 -22.6   22.3   11.4  -13.5               
  944  944 A V  H  > S+     0   0   86      2,-0.2     4,-3.0     3,-0.2     5,-0.2   0.965 105.2  46.9 -71.1 -49.6   20.3    8.1  -13.1               
  945  945 A E  H  > S+     0   0   18      1,-0.2     4,-2.7     2,-0.2    -2,-0.2   0.910 113.5  49.6 -55.8 -44.5   16.9    9.9  -13.6               
  946  946 A I  H  X S+     0   0    7     -4,-1.8     4,-2.7     2,-0.2    -1,-0.2   0.911 111.7  48.7 -61.3 -44.1   18.4   11.8  -16.6               
  947  947 A T  H  X S+     0   0   55     -4,-2.0     4,-1.9     2,-0.2    -2,-0.2   0.953 111.6  48.6 -62.0 -48.9   19.7    8.5  -18.1               
  948  948 A L  H  <>S+     0   0   24     -4,-3.0     5,-2.6     2,-0.2    -2,-0.2   0.923 113.4  47.9 -58.6 -43.9   16.2    6.8  -17.6               
  949  949 A Y  H ><5S+     0   0   21     -4,-2.7     3,-2.1     3,-0.2    -2,-0.2   0.940 109.3  52.3 -62.9 -46.4   14.5    9.8  -19.2               
  950  950 A K  H 3<5S+     0   0   70     -4,-2.7    -1,-0.2     1,-0.3    -2,-0.2   0.818 108.0  53.2 -59.3 -31.4   17.0    9.8  -22.2               
  951  951 A H  T 3<5S-     0   0   38     -4,-1.9    -1,-0.3    -5,-0.2    -2,-0.2   0.474 123.1-107.9 -81.1   0.2   16.2    6.1  -22.7               
  952  952 A G  T < 5S-     0   0   27     -3,-2.1     4,-0.3    -4,-0.2    -3,-0.2   0.861  80.6 -34.4  72.8  35.0   12.4    6.9  -22.8               
  953  953 A G  S  ><S-     0   0    2     -5,-2.6     4,-2.0    -8,-0.1   -67,-0.2  -0.090  77.8 -72.3 104.1 165.2   11.8    5.4  -19.3               
  954  954 A L  H  > S+     0   0    4    -69,-2.2     4,-2.6     2,-0.2     5,-0.2   0.887 124.5  52.0 -57.5 -50.4   13.0    2.5  -17.1               
  955  955 A L  H  > S+     0   0    5    -70,-0.6     4,-2.7     1,-0.2    -1,-0.2   0.918 112.6  46.2 -61.5 -41.6   11.5   -0.4  -19.0               
  956  956 A N  H  > S+     0   0   15     -4,-0.3     4,-1.6     2,-0.2    -1,-0.2   0.828 111.5  52.9 -69.7 -35.0   13.0    0.8  -22.3               
  957  957 A F  H  X S+     0   0   27     -4,-2.0     4,-1.1     2,-0.2    -2,-0.2   0.956 114.9  40.3 -60.9 -50.1   16.4    1.4  -20.6               
  958  958 A V  H  X S+     0   0   11     -4,-2.6     4,-0.8     1,-0.2     3,-0.5   0.914 110.2  57.5 -71.5 -40.5   16.4   -2.2  -19.2               
  959  959 A A  H >X S+     0   0    0     -4,-2.7     3,-1.0     1,-0.2     4,-0.6   0.898 104.6  53.2 -56.9 -40.7   15.0   -3.8  -22.4               
  960  960 A R  H >< S+     0   0   30     -4,-1.6     3,-0.6     1,-0.2    -1,-0.2   0.840 102.7  58.2 -62.8 -33.5   18.0   -2.4  -24.4               
  961  961 A K  H 3< S+     0   0  138     -4,-1.1    -1,-0.2    -3,-0.5    -2,-0.2   0.693 109.3  44.7 -69.7 -20.9   20.5   -4.0  -21.9               
  962  962 A F  H <<        0   0   51     -3,-1.0  -850,-0.7    -4,-0.8    -1,-0.2   0.518 360.0 360.0 -93.2 -11.9   19.0   -7.4  -22.7               
  963  963 A S    <<        0   0   46     -3,-0.6  -853,-0.1    -4,-0.6  -856,-0.1  -0.362 360.0 360.0 -89.5 360.0   18.9   -6.8  -26.6               
