==== Secondary Structure Definition by the program DSSP, CMBI version 2.0                          ==== DATE=2026-03-08        .
REFERENCE W. KABSCH AND C.SANDER, BIOPOLYMERS 22 (1983) 2577-2637                                                              .
HEADER                                            01-AUG-25                                                                    .
COMPND    MOL_ID: 1; MOLECULE: SPLICING FACTOR, SUPPRESSOR OF WHITE-APRICOT HOMO                                               .
SOURCE    MOL_ID: 1; ORGANISM_SCIENTIFIC: HOMO SAPIENS; ORGANISM_TAXID: 9606                                                   .
AUTHOR                                                                                                                         .
  951  1  0  0  0 TOTAL NUMBER OF RESIDUES, NUMBER OF CHAINS, NUMBER OF SS-BRIDGES(TOTAL,INTRACHAIN,INTERCHAIN)                .
112480.4   ACCESSIBLE SURFACE OF PROTEIN (ANGSTROM**2)                                                                         .
  402 42.3   TOTAL NUMBER OF HYDROGEN BONDS OF TYPE O(I)-->H-N(J)  , SAME NUMBER PER 100 RESIDUES                              .
    0  0.0   TOTAL NUMBER OF HYDROGEN BONDS IN     PARALLEL BRIDGES, SAME NUMBER PER 100 RESIDUES                              .
   10  1.1   TOTAL NUMBER OF HYDROGEN BONDS IN ANTIPARALLEL BRIDGES, SAME NUMBER PER 100 RESIDUES                              .
    0  0.0   TOTAL NUMBER OF HYDROGEN BONDS OF TYPE O(I)-->H-N(I-5), SAME NUMBER PER 100 RESIDUES                              .
    1  0.1   TOTAL NUMBER OF HYDROGEN BONDS OF TYPE O(I)-->H-N(I-4), SAME NUMBER PER 100 RESIDUES                              .
    1  0.1   TOTAL NUMBER OF HYDROGEN BONDS OF TYPE O(I)-->H-N(I-3), SAME NUMBER PER 100 RESIDUES                              .
    0  0.0   TOTAL NUMBER OF HYDROGEN BONDS OF TYPE O(I)-->H-N(I-2), SAME NUMBER PER 100 RESIDUES                              .
    1  0.1   TOTAL NUMBER OF HYDROGEN BONDS OF TYPE O(I)-->H-N(I-1), SAME NUMBER PER 100 RESIDUES                              .
    0  0.0   TOTAL NUMBER OF HYDROGEN BONDS OF TYPE O(I)-->H-N(I+0), SAME NUMBER PER 100 RESIDUES                              .
    0  0.0   TOTAL NUMBER OF HYDROGEN BONDS OF TYPE O(I)-->H-N(I+1), SAME NUMBER PER 100 RESIDUES                              .
   84  8.8   TOTAL NUMBER OF HYDROGEN BONDS OF TYPE O(I)-->H-N(I+2), SAME NUMBER PER 100 RESIDUES                              .
   74  7.8   TOTAL NUMBER OF HYDROGEN BONDS OF TYPE O(I)-->H-N(I+3), SAME NUMBER PER 100 RESIDUES                              .
  229 24.1   TOTAL NUMBER OF HYDROGEN BONDS OF TYPE O(I)-->H-N(I+4), SAME NUMBER PER 100 RESIDUES                              .
    2  0.2   TOTAL NUMBER OF HYDROGEN BONDS OF TYPE O(I)-->H-N(I+5), SAME NUMBER PER 100 RESIDUES                              .
  1  2  3  4  5  6  7  8  9 10 11 12 13 14 15 16 17 18 19 20 21 22 23 24 25 26 27 28 29 30     *** HISTOGRAMS OF ***           .
  0  0  0  0  1  1  0  1  1  2  1  1  1  1  1  0  2  0  1  0  0  0  0  0  0  0  0  0  0  2    RESIDUES PER ALPHA HELIX         .
  0  0  0  0  0  0  0  0  0  0  0  0  0  0  0  0  0  0  0  0  0  0  0  0  0  0  0  0  0  0    PARALLEL BRIDGES PER LADDER      .
  1  0  2  0  0  0  0  0  0  0  0  0  0  0  0  0  0  0  0  0  0  0  0  0  0  0  0  0  0  0    ANTIPARALLEL BRIDGES PER LADDER  .
  2  0  0  0  0  0  0  0  0  0  0  0  0  0  0  0  0  0  0  0  0  0  0  0  0  0  0  0  0  0    LADDERS PER SHEET                .
  #  RESIDUE AA STRUCTURE BP1 BP2  ACC     N-H-->O    O-->H-N    N-H-->O    O-->H-N    TCO  KAPPA ALPHA  PHI   PSI    X-CA   Y-CA   Z-CA            CHAIN
    1    1 A M              0   0  237      0, 0.0     2,-0.4     0, 0.0     0, 0.0   0.000 360.0 360.0 360.0 100.5    9.8   35.7  -21.6               
    2    2 A Y        +     0   0  191      0, 0.0     2,-0.3     0, 0.0     0, 0.0  -0.969 360.0 162.1-132.9 118.7   12.5   36.1  -24.4               
    3    3 A G        +     0   0   84     -2,-0.4     0, 0.0     1,-0.1     0, 0.0  -0.780  23.8 124.0-140.6  88.1   15.2   38.6  -23.8               
    4    4 A A        +     0   0  100     -2,-0.3     2,-1.8     2,-0.0    -1,-0.1  -0.324  17.8 158.1-145.3  49.8   18.3   38.1  -26.0               
    5    5 A S        +     0   0  123      1,-0.1     2,-1.5     2,-0.1    -2,-0.0  -0.465   5.7 165.9 -81.9  69.5   19.0   41.4  -27.9               
    6    6 A G        +     0   0   79     -2,-1.8     2,-1.1     2,-0.1    -1,-0.1  -0.285  12.6 167.6 -77.2  47.9   22.7   40.9  -28.7               
    7    7 A G        -     0   0   73     -2,-1.5     2,-1.1     1,-0.1    -2,-0.1  -0.560  23.2-155.2 -77.7  97.2   22.7   43.8  -31.3               
    8    8 A R        +     0   0  255     -2,-1.1     2,-0.3     2,-0.0    -1,-0.1  -0.578  24.0 165.1 -75.8  97.5   26.4   44.6  -32.2               
    9    9 A A        -     0   0   91     -2,-1.1    -2,-0.0     0, 0.0     0, 0.0  -0.791  33.1-114.8-107.6 152.9   26.6   48.3  -33.5               
   10   10 A K        -     0   0  200     -2,-0.3     2,-0.5     1,-0.0    -2,-0.0  -0.656  16.5-135.4 -84.4 144.8   29.8   50.4  -33.9               
   11   11 A P        -     0   0  124      0, 0.0     2,-0.2     0, 0.0    -1,-0.0  -0.839  21.0-175.9 -88.3 133.2   30.8   53.6  -31.9               
   12   12 A E        -     0   0  192     -2,-0.5     2,-0.2     2,-0.1     0, 0.0  -0.763  23.7-109.5-118.3 170.4   32.2   56.5  -33.9               
   13   13 A R        +     0   0  233     -2,-0.2    -1,-0.0     2,-0.0     0, 0.0  -0.515  41.4 111.1-109.9 170.1   33.5   59.7  -32.2               
   14   14 A K        -     0   0  201     -2,-0.2    -2,-0.1     0, 0.0     2,-0.0   0.400  25.5-153.2  93.8 148.9   33.2   63.5  -31.3               
   15   15 A S        +     0   0  110      2,-0.0    -2,-0.0     0, 0.0     2,-0.0   0.202  24.1 153.2 176.9 145.9   32.7   65.8  -29.1               
   16   16 A G        -     0   0   74     -2,-0.0     2,-0.2     2,-0.0     0, 0.0   0.349  12.9-178.3 103.6 115.3   31.9   69.0  -27.0               
   17   17 A A        -     0   0  107     -2,-0.0     2,-0.2     2,-0.0    -2,-0.0  -0.214   9.8-173.7  77.9 105.3   31.1   70.1  -24.0               
   18   18 A K        -     0   0  213     -2,-0.2     2,-0.2     2,-0.0    -2,-0.0  -0.684  16.7-174.1-152.8 161.4   30.3   73.1  -22.2               
   19   19 A E        +     0   0  161     -2,-0.2     2,-0.1     0, 0.0    -2,-0.0  -0.757  11.5 131.1-119.0 152.4   29.7   73.4  -18.4               
   20   20 A E        +     0   0  167     -2,-0.2    -2,-0.0     1,-0.0     0, 0.0  -0.335  28.0  20.0 167.3 162.3   28.6   75.8  -15.6               
   21   21 A A        +     0   0   89     -2,-0.1    -1,-0.0     1,-0.1     0, 0.0   0.993  37.3 144.4  66.2 105.0   26.6   77.0  -12.5               
   22   22 A G        +     0   0   73      1,-0.0    -1,-0.1     0, 0.0     2,-0.0  -0.410   6.2 112.7-106.9-149.3   24.7   75.9   -9.6               
   23   23 A P        +     0   0  138      0, 0.0     2,-0.1     0, 0.0    -1,-0.0   0.748  21.5 105.8-127.3-179.9   23.7   76.0   -6.6               
   24   24 A G        +     0   0   79      1,-0.0     0, 0.0    -2,-0.0     0, 0.0  -0.449  31.3   6.1 167.1 138.1   20.9   76.7   -3.9               
   25   25 A G        -     0   0   79     -2,-0.1    -1,-0.0     0, 0.0     0, 0.0   0.981  39.8-111.8  87.2  90.6   18.4   76.3   -1.3               
   26   26 A A        +     0   0  114      2,-0.0     2,-0.0     1,-0.0     0, 0.0   0.330  32.4 155.6 -11.3 144.3   16.6   73.8    1.1               
   27   27 A G        -     0   0   79      2,-0.0     2,-0.9     0, 0.0    -1,-0.0  -0.193  23.7-156.0 171.8  93.3   13.0   72.5    1.1               
   28   28 A G        +     0   0   96      2,-0.1     2,-0.4    -2,-0.0    -2,-0.0  -0.636  29.6 154.2 -77.6 105.3   11.8   69.2    2.6               
   29   29 A G        -     0   0   68     -2,-0.9     2,-2.2     2,-0.0    -2,-0.0  -0.995  46.6-124.2-133.3 126.9    8.6   68.0    0.8               
   30   30 A G        -     0   0   86     -2,-0.4     2,-0.3     1,-0.0    -2,-0.1  -0.403  32.6-165.5 -72.6  72.9    7.5   64.3    0.7               
   31   31 A S        -     0   0  112     -2,-2.2     2,-0.5     1,-0.1    -1,-0.0  -0.414  16.3-134.0 -62.5 121.2    7.1   63.9   -3.2               
   32   32 A R        -     0   0  227     -2,-0.3     2,-1.1     1,-0.1    -1,-0.1  -0.701  23.1-122.1 -72.7 120.6    5.2   60.8   -4.1               
   33   33 A V        -     0   0  133     -2,-0.5     2,-0.6     1,-0.1    -1,-0.1  -0.543  26.7-146.6 -67.3  97.4    7.2   59.1   -6.9               
   34   34 A E        -     0   0  160     -2,-1.1     2,-1.6     1,-0.1    -1,-0.1  -0.586   7.2-138.0 -67.6 114.6    4.5   59.0   -9.6               
   35   35 A L        -     0   0  157     -2,-0.6     2,-1.2     1,-0.0    -1,-0.1  -0.613  15.6-158.6 -75.7  86.9    5.1   55.8  -11.7               
   36   36 A L        -     0   0  138     -2,-1.6     2,-0.9     1,-0.0    -1,-0.0  -0.582   9.4-169.1 -65.7  96.9    4.5   57.1  -15.2               
   37   37 A V        -     0   0  136     -2,-1.2     2,-0.5     2,-0.0    -2,-0.0  -0.825   7.0-179.6 -91.6 101.4    3.7   53.9  -17.1               
   38   38 A F        -     0   0  150     -2,-0.9     2,-0.5     2,-0.0    -2,-0.0  -0.900   8.5-161.7 -98.7 128.4    3.7   54.6  -20.8               
   39   39 A G        -     0   0   76     -2,-0.5     2,-0.3     3,-0.0    -2,-0.0  -0.950   9.7-142.6-107.7 125.7    3.0   51.7  -23.2               
   40   40 A Y        -     0   0  198     -2,-0.5     2,-0.4     1,-0.1    -2,-0.0  -0.644  35.3-101.6 -73.8 141.6    3.9   51.8  -26.8               
   41   41 A A        -     0   0   96     -2,-0.3     2,-0.8     1,-0.1    -1,-0.1  -0.522  42.6-120.4 -59.7 116.1    1.4   50.1  -29.1               
   42   42 A C        -     0   0  107     -2,-0.4     2,-1.7     1,-0.1    -1,-0.1  -0.531  17.1-147.8 -66.7 106.8    3.0   46.7  -29.8               
   43   43 A K        -     0   0  183     -2,-0.8     2,-0.9     2,-0.0    -1,-0.1  -0.672  13.3-154.4 -68.6  87.7    3.5   46.5  -33.6               
   44   44 A L        -     0   0  142     -2,-1.7     2,-0.7     2,-0.0    -2,-0.0  -0.641  12.2-139.4 -57.8 103.5    3.1   42.7  -33.9               
   45   45 A F        -     0   0  187     -2,-0.9     2,-1.9     1,-0.1    -1,-0.0  -0.701  10.0-138.4 -62.6 111.9    5.1   42.1  -37.0               
   46   46 A R        +     0   0  207     -2,-0.7     2,-1.5     1,-0.1     3,-0.2  -0.681  29.1 176.5 -74.4  78.1    2.9   39.5  -38.7               
   47   47 A D     >  +     0   0   75     -2,-1.9     4,-2.2     1,-0.2     5,-0.1  -0.735   3.1 173.1 -81.5  74.0    5.9   37.5  -39.8               
   48   48 A D  H  > S+     0   0   90     -2,-1.5     4,-2.5     2,-0.2    -1,-0.2   0.802  73.9  58.9 -66.0 -24.3    3.4   34.9  -41.3               
   49   49 A E  H  > S+     0   0  169      2,-0.2     4,-2.3     1,-0.2    -1,-0.2   0.938 109.4  43.1 -65.3 -46.5    6.5   33.0  -42.8               
   50   50 A R  H  > S+     0   0  172      2,-0.2     4,-2.0     1,-0.2    -2,-0.2   0.846 111.8  54.9 -66.9 -34.0    7.9   32.6  -39.2               
   51   51 A A  H  X S+     0   0   48     -4,-2.2     4,-2.7     2,-0.2    -2,-0.2   0.968 111.3  43.9 -61.8 -49.6    4.4   31.7  -37.9               
   52   52 A L  H  X S+     0   0   91     -4,-2.5     4,-2.6     1,-0.2    -2,-0.2   0.876 112.7  52.5 -61.6 -39.5    4.2   28.9  -40.6               
   53   53 A A  H  <>S+     0   0   38     -4,-2.3     5,-1.7     2,-0.2     6,-0.3   0.859 112.2  45.6 -66.2 -34.0    7.8   27.8  -39.8               
   54   54 A Q  H ><5S+     0   0  118     -4,-2.0     3,-1.6     3,-0.2     5,-0.3   0.934 112.9  49.7 -70.6 -44.2    6.9   27.6  -36.1               
   55   55 A E  H 3<5S+     0   0  160     -4,-2.7    -2,-0.2     1,-0.3    -3,-0.2   0.873 106.9  56.0 -62.0 -37.9    3.6   25.7  -36.9               
   56   56 A Q  T 3<5S-     0   0  131     -4,-2.6    -1,-0.3    -5,-0.2    -2,-0.2   0.321 116.1-117.9 -73.6   4.3    5.6   23.3  -39.1               
   57   57 A G  T X 5 +     0   0   16     -3,-1.6     3,-2.5     1,-0.1    -3,-0.2   0.530  68.9 142.1  70.5  10.1    7.8   22.5  -36.1               
   58   58 A Q  T 3 < +     0   0  142     -5,-1.7    -4,-0.2     1,-0.3    -1,-0.1   0.487  67.0  61.9 -64.0  -5.7   11.0   23.9  -37.8               
   59   59 A H  T 3  S+     0   0   89     -6,-0.3    14,-0.5    -5,-0.3    -1,-0.3   0.542  91.2  85.7 -91.9 -13.0   12.1   25.3  -34.4               
   60   60 A L    <   -     0   0   55     -3,-2.5    12,-0.2    12,-0.1    10,-0.1  -0.505  66.0-146.2 -91.6 159.3   12.3   21.8  -32.8               
   61   61 A I  E     -A   71   0A  80     10,-2.8    10,-2.8    -2,-0.2     2,-0.3  -0.967  25.3-105.6-126.5 136.4   15.3   19.3  -32.9               
   62   62 A P  E >   -A   70   0A  43      0, 0.0     3,-0.5     0, 0.0     2,-0.4  -0.487  36.6-129.4 -59.7 124.7   15.2   15.5  -33.0               
   63   63 A W  E >  S-A   66   0A  39      6,-2.7     3,-2.3     3,-0.7     6,-0.2  -0.658  85.4 -12.8 -79.2 129.6   16.2   14.1  -29.6               
   64   64 A M  T 3  S-     0   0  107     -2,-0.4    -1,-0.2     1,-0.3     3,-0.1   0.590 127.8 -62.3  53.3  15.8   19.0   11.5  -29.8               
   65   65 A G  T <  S+     0   0   51     -3,-0.5     2,-0.8     1,-0.2    -1,-0.3   0.272 100.0 135.4  90.8  -5.8   18.4   11.4  -33.6               
   66   66 A D  E X   -A   63   0A  62     -3,-2.3     3,-0.9     1,-0.2    -3,-0.7  -0.619  41.8-161.0 -76.4 111.2   14.7   10.1  -33.4               
   67   67 A H  E 3  S+     0   0A 147     -2,-0.8     3,-0.2     1,-0.2    -1,-0.2   0.606  89.1  62.6 -66.0 -12.9   12.7   12.3  -35.8               
   68   68 A K  E 3  S+     0   0A 186      1,-0.2     2,-1.0    -5,-0.1    -1,-0.2   0.806  96.3  61.6 -76.1 -33.4    9.5   11.2  -33.9               
   69   69 A I  E <  S-     0   0A  62     -3,-0.9    -6,-2.7    -6,-0.2     2,-0.4  -0.706  72.5-178.5-103.7  83.3   10.7   12.9  -30.7               
   70   70 A L  E     -A   62   0A  77     -2,-1.0     2,-0.3    -8,-0.2    -3,-0.1  -0.685   3.9-175.7 -82.9 131.0   11.0   16.6  -31.5               
   71   71 A I  E     -A   61   0A  11    -10,-2.8   -10,-2.8    -2,-0.4     2,-0.1  -0.904  24.7-112.5-125.6 150.8   12.3   18.9  -28.6               
   72   72 A D    >   -     0   0   47     -2,-0.3     3,-2.0   -12,-0.2     6,-0.2  -0.474  34.0-108.7 -74.8 157.6   12.8   22.6  -28.2               
   73   73 A R  T 3  S+     0   0  183    -14,-0.5    -1,-0.1     1,-0.3   -13,-0.1   0.701 122.5  46.4 -53.9 -25.9   16.3   24.2  -27.8               
   74   74 A Y  T 3  S+     0   0  155      3,-0.0    -1,-0.3     4,-0.0     2,-0.2   0.212  82.7 126.0-106.4  11.5   15.5   24.9  -24.1               
   75   75 A D    X   -     0   0   40     -3,-2.0     3,-1.1     1,-0.1     4,-0.1  -0.490  64.4-132.9 -66.9 136.3   14.0   21.4  -23.4               
   76   76 A G  G >  S+     0   0   50      1,-0.2     3,-1.9    -2,-0.2     4,-0.5   0.871 105.4  66.0 -59.0 -33.7   15.6   19.7  -20.3               
   77   77 A R  G >  S+     0   0   95      1,-0.3     3,-1.3     2,-0.2    -1,-0.2   0.807  84.2  73.7 -59.3 -29.3   15.9   16.4  -22.4               
   78   78 A G  G <  S+     0   0   48     -3,-1.1    -1,-0.3     1,-0.3    -2,-0.2   0.532  92.1  56.0 -64.3  -7.1   18.4   18.3  -24.7               
   79   79 A H  G <  S+     0   0  146     -3,-1.9     2,-0.9    -4,-0.1    -1,-0.3   0.668  89.1  81.4 -93.8 -23.2   21.0   17.9  -21.9               
   80   80 A L    <   +     0   0   67     -3,-1.3   -16,-0.2    -4,-0.5     3,-0.1  -0.774  50.7 158.3 -82.2 102.1   20.5   14.1  -21.8               
   81   81 A H        +     0   0  174     -2,-0.9     2,-0.3     1,-0.2    -1,-0.2   0.488  65.7  35.4-109.4 -12.0   22.8   13.2  -24.7               
   82   82 A D        +     0   0   86     -3,-0.1    -1,-0.2     1,-0.1   -18,-0.0  -0.947  52.1 178.8-132.8 150.4   23.3    9.5  -23.6               
   83   83 A L    >>  +     0   0   56     -2,-0.3     3,-2.3    -3,-0.1     4,-0.7   0.387  61.8  95.8-124.4  -6.1   20.8    7.2  -21.9               
   84   84 A S  G >4 S+     0   0   37      1,-0.3     3,-0.7     2,-0.2     6,-0.2   0.853  80.8  60.0 -59.1 -32.4   22.9    4.0  -21.6               
   85   85 A E  G 34 S+     0   0  151      1,-0.2    -1,-0.3     6,-0.0    -2,-0.0   0.638 116.5  33.7 -62.9 -16.5   23.8    5.0  -18.0               
   86   86 A Y  G <4 S+     0   0  156     -3,-2.3    -1,-0.2     5,-0.0    -2,-0.2   0.311  91.7 114.2-123.0   0.2   20.0    4.9  -17.2               
   87   87 A D    XX  -     0   0   75     -3,-0.7     3,-1.2    -4,-0.7     4,-0.6  -0.517  69.0-131.1 -76.5 144.3   18.9    2.0  -19.5               
   88   88 A A  G >4 S+     0   0   76      1,-0.2     3,-1.0     2,-0.2     6,-0.2   0.875 108.0  64.2 -62.6 -32.3   17.6   -1.2  -17.9               
   89   89 A E  G 34 S+     0   0  141      1,-0.2    -1,-0.2     5,-0.1    -5,-0.1   0.693 104.5  46.1 -63.8 -20.8   19.9   -3.2  -20.2               
   90   90 A Y  G <4 S+     0   0  161     -3,-1.2     2,-1.6    -6,-0.2    -1,-0.2   0.470  79.0 105.5-104.6  -3.8   22.9   -1.5  -18.5               
   91   91 A S    XX  -     0   0   49     -3,-1.0     3,-2.0    -4,-0.6     4,-0.6  -0.613  66.1-156.1 -72.4  89.4   21.6   -2.1  -14.9               
   92   92 A T  T 34 S+     0   0  135     -2,-1.6    -1,-0.2     1,-0.3     4,-0.1   0.454  78.2  67.2 -56.8 -10.5   24.2   -4.8  -14.4               
   93   93 A W  T 34 S+     0   0  211      1,-0.1    -1,-0.3     2,-0.1     3,-0.1   0.651 110.4  28.6 -86.4 -18.7   22.3   -6.7  -11.7               
   94   94 A N  T X4 S+     0   0   76     -3,-2.0     3,-1.1    -6,-0.2    -2,-0.2   0.423  88.0  97.6-120.9  -4.4   19.3   -7.9  -13.8               
   95   95 A R  T 3< S+     0   0  163     -4,-0.6    -3,-0.1     1,-0.3    -2,-0.1   0.618  90.3  42.3 -71.4 -13.7   20.6   -8.3  -17.4               
   96   96 A D  T 3  S+     0   0  120     -4,-0.1     2,-1.1    -3,-0.1    -1,-0.3   0.390  84.6 107.3-112.5  -0.8   21.2  -12.1  -17.2               
   97   97 A Y    <   -     0   0  130     -3,-1.1     2,-0.7     3,-0.0    -3,-0.0  -0.692  48.6-173.9 -81.7  98.6   17.9  -13.0  -15.3               
   98   98 A Q        -     0   0  175     -2,-1.1     2,-0.1     0, 0.0    -3,-0.0  -0.890  27.5-123.0 -89.6 116.8   15.8  -14.8  -17.9               
   99   99 A L        -     0   0   89     -2,-0.7    -2,-0.0     4,-0.1     0, 0.0  -0.405  29.9-123.0 -51.8 124.9   12.3  -15.5  -16.5               
  100  100 A S     >  -     0   0   52     -2,-0.1     4,-3.0     1,-0.1     5,-0.3  -0.234  28.9 -99.5 -61.3 163.3   11.7  -19.3  -16.8               
  101  101 A E  H  > S+     0   0  140      2,-0.2     4,-0.6     1,-0.2    -1,-0.1   0.743 128.5  48.6 -60.0 -21.5    8.6  -20.4  -18.8               
  102  102 A E  H  > S+     0   0  134      2,-0.2     4,-2.3     3,-0.1     3,-0.5   0.936 111.8  45.0 -81.0 -51.6    6.9  -20.8  -15.3               
  103  103 A E  H  > S+     0   0   69      1,-0.2     4,-3.1     2,-0.2     5,-0.2   0.871 112.1  54.2 -60.8 -35.8    7.9  -17.4  -13.9               
  104  104 A A  H  X S+     0   0   46     -4,-3.0     4,-1.4     2,-0.2    -1,-0.2   0.823 109.6  47.2 -68.4 -31.3    6.8  -15.8  -17.2               
  105  105 A R  H  X S+     0   0  134     -4,-0.6     4,-1.8    -3,-0.5    -2,-0.2   0.865 113.3  49.4 -72.0 -37.9    3.4  -17.5  -16.9               
  106  106 A I  H  X S+     0   0   92     -4,-2.3     4,-2.8     2,-0.2    -2,-0.2   0.959 111.6  46.8 -66.4 -50.1    3.2  -16.3  -13.2               
  107  107 A E  H  X S+     0   0   75     -4,-3.1     4,-2.3     1,-0.2    -2,-0.2   0.873 110.4  54.8 -63.0 -33.8    4.1  -12.6  -14.1               
  108  108 A A  H  X S+     0   0   58     -4,-1.4     4,-2.0     2,-0.2    -1,-0.2   0.906 111.4  43.4 -64.2 -41.4    1.5  -12.8  -17.0               
  109  109 A L  H  X S+     0   0  109     -4,-1.8     4,-2.4     2,-0.2    -2,-0.2   0.900 113.8  51.6 -68.0 -40.1   -1.2  -13.8  -14.5               
  110  110 A C  H  X S+     0   0   49     -4,-2.8     4,-2.1     2,-0.2    -2,-0.2   0.838 110.8  48.2 -64.9 -34.2    0.1  -11.2  -12.0               
  111  111 A D  H  X S+     0   0   57     -4,-2.3     4,-2.0     2,-0.2    -2,-0.2   0.871 108.3  54.9 -71.0 -37.9   -0.1   -8.6  -14.9               
  112  112 A E  H  X S+     0   0  132     -4,-2.0     4,-0.7     2,-0.2    -2,-0.2   0.955 114.7  39.5 -60.4 -46.8   -3.7   -9.8  -15.7               
  113  113 A E  H >< S+     0   0  157     -4,-2.4     3,-0.7     2,-0.2     4,-0.5   0.932 115.0  53.5 -63.9 -45.1   -4.8   -9.2  -12.0               
  114  114 A R  H 3< S+     0   0  133     -4,-2.1    -2,-0.2     1,-0.2    -1,-0.2   0.772 121.1  31.3 -62.5 -30.2   -2.7   -5.9  -11.8               
  115  115 A Y  H >X S+     0   0  115     -4,-2.0     3,-2.3    -3,-0.2     4,-0.8   0.335  87.0 107.1-110.2   5.7   -4.4   -4.5  -15.0               
  116  116 A L  H XX S+     0   0   73     -3,-0.7     4,-2.9    -4,-0.7     3,-1.4   0.902  79.8  52.6 -51.6 -48.3   -7.9   -6.2  -14.5               
  117  117 A A  H 34 S+     0   0   75     -4,-0.5    -1,-0.3     1,-0.3     5,-0.1   0.392 104.6  57.6 -71.3  -1.3   -9.5   -2.8  -13.5               
  118  118 A L  H <4 S+     0   0  127     -3,-2.3    -1,-0.3     3,-0.1    -2,-0.2   0.601 120.6  26.0 -95.7 -20.8   -8.1   -1.2  -16.7               
  119  119 A H  H << S+     0   0  159     -3,-1.4     2,-0.4    -4,-0.8    -2,-0.2   0.631 123.4  49.9-118.3 -24.1   -9.9   -3.7  -19.1               
  120  120 A T  S  < S-     0   0   49     -4,-2.9     2,-1.1    -5,-0.2    -1,-0.2  -0.972  77.6-133.7-116.7 128.5  -12.9   -4.8  -16.9               
  121  121 A D     >  -     0   0  105     -2,-0.4     4,-2.0     1,-0.2     5,-0.2  -0.743  21.6-166.8 -79.7 100.1  -15.2   -2.3  -15.2               
  122  122 A L  H  > S+     0   0   76     -2,-1.1     4,-2.0     1,-0.2    -1,-0.2   0.774  83.0  53.9 -64.8 -27.1  -15.3   -4.0  -11.8               
  123  123 A L  H  > S+     0   0  129      2,-0.2     4,-2.8     1,-0.2    -1,-0.2   0.894 110.2  46.4 -74.3 -40.3  -18.2   -1.8  -10.6               
  124  124 A E  H  > S+     0   0  110      2,-0.2     4,-1.5     1,-0.2    -2,-0.2   0.848 116.1  46.1 -68.0 -34.1  -20.4   -2.8  -13.6               
  125  125 A E  H  X S+     0   0   71     -4,-2.0     4,-1.9     2,-0.2    -2,-0.2   0.843 114.3  47.6 -76.9 -33.8  -19.3   -6.5  -13.1               
  126  126 A E  H  X S+     0   0  130     -4,-2.0     4,-2.6     2,-0.2    -2,-0.2   0.954 112.5  49.0 -68.6 -47.2  -20.0   -6.3   -9.3               
  127  127 A A  H  X S+     0   0   54     -4,-2.8     4,-2.5     1,-0.2    -2,-0.2   0.861 111.8  49.9 -60.8 -36.5  -23.4   -4.6   -9.9               
  128  128 A R  H  X S+     0   0   91     -4,-1.5     4,-2.6     2,-0.2    -1,-0.2   0.904 110.3  49.2 -69.1 -40.6  -24.2   -7.4  -12.5               
  129  129 A Q  H  X S+     0   0  122     -4,-1.9     4,-2.5     2,-0.2    -2,-0.2   0.886 112.4  48.9 -64.2 -37.9  -23.3  -10.1  -10.0               
  130  130 A E  H  X S+     0   0  140     -4,-2.6     4,-2.8     2,-0.2    -2,-0.2   0.926 112.0  48.2 -66.4 -42.3  -25.5   -8.4   -7.4               
  131  131 A E  H  X S+     0   0  105     -4,-2.5     4,-2.7     2,-0.2    -2,-0.2   0.909 114.4  46.2 -65.0 -39.8  -28.4   -8.2  -10.0               
  132  132 A E  H  X S+     0   0  116     -4,-2.6     4,-1.9     2,-0.2    -2,-0.2   0.906 114.6  47.2 -68.1 -38.4  -27.9  -11.9  -10.8               
  133  133 A Y  H  X S+     0   0  170     -4,-2.5     4,-2.5     2,-0.2    -2,-0.2   0.887 113.4  48.8 -68.4 -37.6  -27.7  -12.8   -7.1               
  134  134 A K  H  X S+     0   0  117     -4,-2.8     4,-2.8     2,-0.2    -2,-0.2   0.955 113.4  46.5 -64.4 -46.7  -30.9  -10.7   -6.4               
  135  135 A R  H  X S+     0   0  121     -4,-2.7     4,-1.7     1,-0.2    -2,-0.2   0.810 114.7  48.3 -64.9 -32.8  -32.7  -12.4   -9.4               
  136  136 A L  H  < S+     0   0  100     -4,-1.9     4,-0.4     2,-0.2    -2,-0.2   0.876 112.8  46.5 -74.5 -40.0  -31.4  -15.8   -8.0               
  137  137 A S  H >X S+     0   0   39     -4,-2.5     4,-0.8     2,-0.2     3,-0.7   0.896 112.7  50.4 -72.0 -36.2  -32.6  -15.1   -4.4               
  138  138 A E  H >< S+     0   0  102     -4,-2.8     3,-0.8     1,-0.2    -2,-0.2   0.935 110.7  50.1 -59.1 -45.3  -35.9  -13.8   -5.7               
  139  139 A A  T 3< S+     0   0   83     -4,-1.7    -1,-0.2     1,-0.2    -2,-0.2   0.561 114.3  45.1 -72.4  -9.7  -36.2  -17.1   -7.8               
  140  140 A L  T <4 S+     0   0  135     -3,-0.7     2,-1.2    -4,-0.4    -1,-0.2   0.427  85.3 104.9-106.2  -8.5  -35.4  -19.1   -4.5               
  141  141 A A  S X< S-     0   0   31     -3,-0.8     3,-0.6    -4,-0.8     5,-0.3  -0.659  77.4-128.4 -79.0  96.6  -37.8  -17.1   -2.3               
  142  142 A E  G >   -     0   0  176     -2,-1.2     3,-1.9     1,-0.2     4,-0.1  -0.181  61.2 -44.5 -51.2 133.5  -40.7  -19.6   -1.8               
  143  143 A D  G 3  S-     0   0  175      1,-0.2    -1,-0.2     2,-0.1    -3,-0.0   0.392 126.9 -11.7 -16.4  86.8  -44.1  -17.9   -2.7               
  144  144 A G  G <  S+     0   0   59     -3,-0.6    -1,-0.2     2,-0.1    -2,-0.1   0.400  92.1 114.6 103.8   2.9  -44.1  -14.5   -1.1               
  145  145 A S  S <  S+     0   0  102     -3,-1.9     2,-0.6     1,-0.2    -2,-0.1   0.677  74.3  63.8 -70.6 -17.0  -41.1  -14.4    1.3               
  146  146 A Y  S    S-     0   0   99     -5,-0.3     2,-1.8    -4,-0.1    -1,-0.2  -0.857  70.1-163.4-113.5  95.5  -39.5  -11.6   -0.9               
  147  147 A N        -     0   0  150     -2,-0.6     2,-0.8    -3,-0.1    -2,-0.0  -0.577   8.9-166.9 -76.5  81.5  -41.5   -8.4   -0.9               
  148  148 A A        -     0   0   59     -2,-1.8     2,-0.8     1,-0.1    -2,-0.1  -0.646  21.1-133.4 -66.2 107.7  -40.0   -6.7   -4.0               
  149  149 A V        -     0   0  122     -2,-0.8     2,-1.4     1,-0.1    -1,-0.1  -0.565  22.2-136.9 -67.6 104.7  -41.3   -3.1   -3.7               
  150  150 A G        -     0   0   64     -2,-0.8     2,-0.9     1,-0.1    -1,-0.1  -0.550  10.2-152.8 -76.6  91.1  -42.5   -2.6   -7.3               
  151  151 A F        -     0   0  165     -2,-1.4     2,-1.5     1,-0.1    -1,-0.1  -0.456  12.1-150.5 -60.1  99.2  -41.4    0.9   -8.4               
  152  152 A T        -     0   0  137     -2,-0.9     2,-1.2     1,-0.0    -1,-0.1  -0.609   4.5-158.2 -77.8  90.5  -44.1    1.6  -11.1               
  153  153 A Y        -     0   0  213     -2,-1.5     2,-0.1     2,-0.1    -1,-0.0  -0.603  19.7-135.2 -63.9  98.3  -42.3    3.9  -13.6               
  154  154 A G        -     0   0   58     -2,-1.2     2,-1.7     1,-0.1    -1,-0.0  -0.397  16.1-122.9 -53.9 130.3  -45.4    5.6  -15.2               
  155  155 A S        +     0   0  118     -2,-0.1     2,-1.6     1,-0.1    -1,-0.1  -0.164  53.1 155.6 -80.0  44.0  -44.7    5.6  -18.9               
  156  156 A D        -     0   0  149     -2,-1.7     2,-1.0     1,-0.1    -1,-0.1  -0.558  36.0-148.9 -81.2  83.9  -45.1    9.4  -19.2               
  157  157 A Y        -     0   0  219     -2,-1.6     2,-0.3     1,-0.1    -1,-0.1  -0.432  16.8-130.6 -62.0  95.2  -43.0   10.0  -22.3               
  158  158 A Y        -     0   0  160     -2,-1.0    -1,-0.1     1,-0.1    -2,-0.0  -0.314  15.1-154.5 -55.7 111.0  -41.6   13.5  -21.6               
  159  159 A D    >   -     0   0   81     -2,-0.3     3,-1.3     1,-0.1    -1,-0.1  -0.813   4.3-153.3 -85.6 112.3  -42.1   15.8  -24.7               
  160  160 A P  T 3  S+     0   0  109      0, 0.0    -1,-0.1     0, 0.0     4,-0.1   0.262  87.7  65.9 -73.2  11.7  -39.4   18.5  -24.6               
  161  161 A S  T 3  S+     0   0   92      2,-0.1    -3,-0.0     0, 0.0    -2,-0.0   0.566  75.9  92.1-110.1 -12.7  -41.6   21.0  -26.6               
  162  162 A E  S <  S-     0   0  144     -3,-1.3     2,-0.7     1,-0.1     0, 0.0  -0.632  86.6-117.9 -71.4 130.3  -44.4   21.4  -23.9               
  163  163 A P        -     0   0  112      0, 0.0     2,-0.3     0, 0.0    -2,-0.1  -0.677  38.4-113.5 -69.9 113.6  -43.6   24.5  -21.7               
  164  164 A T        -     0   0   86     -2,-0.7     2,-1.0     1,-0.1     0, 0.0  -0.294  20.7-158.0 -55.8 110.2  -43.3   22.9  -18.2               
  165  165 A E        -     0   0  188     -2,-0.3     2,-2.3     2,-0.1    -1,-0.1  -0.845  27.1-139.5 -77.9  98.1  -46.0   24.0  -15.9               
  166  166 A E        -     0   0  167     -2,-1.0     2,-1.6     1,-0.1    -2,-0.1  -0.415  27.6-179.8 -73.5  72.1  -43.8   23.1  -12.9               
  167  167 A E        -     0   0  173     -2,-2.3    -1,-0.1     1,-0.1    -2,-0.1  -0.471  35.1-111.6 -84.8  67.9  -46.4   21.5  -10.6               
  168  168 A E        +     0   0   72     -2,-1.6     3,-0.2     1,-0.1    -1,-0.1   0.533  43.3 176.4  47.8  85.7  -44.5   20.6   -7.6               
  169  169 A P  S >  S+     0   0  123      0, 0.0     3,-0.8     0, 0.0     4,-0.5   0.481  82.5  82.5 -79.6  -8.1  -43.4   17.2   -6.1               
  170  170 A S  T >>  +     0   0   48      1,-0.2     4,-3.0     2,-0.1     3,-0.8   0.807  62.7  85.7 -72.6 -27.9  -41.5   19.5   -3.6               
  171  171 A K  H 3> S+     0   0  129      1,-0.2     4,-0.7     2,-0.2    -1,-0.2   0.624  89.8  49.3 -49.7 -25.7  -44.5   20.3   -1.3               
  172  172 A Q  H <> S+     0   0  147     -3,-0.8     4,-1.4     2,-0.2    -1,-0.2   0.872 117.0  40.2 -83.9 -35.5  -44.0   17.1    0.9               
  173  173 A R  H <> S+     0   0  165     -3,-0.8     4,-2.5    -4,-0.5     5,-0.2   0.942 115.0  52.0 -75.7 -44.0  -40.2   17.7    1.3               
  174  174 A E  H  X S+     0   0  123     -4,-3.0     4,-2.1     1,-0.2    -1,-0.2   0.816 107.4  55.3 -58.6 -32.2  -40.7   21.5    1.9               
  175  175 A K  H  X S+     0   0  115     -4,-0.7     4,-2.6    -5,-0.3    -1,-0.2   0.930 110.5  42.0 -71.3 -42.6  -43.3   20.7    4.6               
  176  176 A N  H  X S+     0   0  109     -4,-1.4     4,-1.8     2,-0.2    -2,-0.2   0.873 116.9  49.0 -70.6 -35.5  -41.0   18.5    6.6               
  177  177 A E  H  X S+     0   0  114     -4,-2.5     4,-1.3     2,-0.2    -2,-0.2   0.867 113.7  47.8 -69.0 -33.3  -38.1   21.1    6.1               
  178  178 A A  H  X S+     0   0   49     -4,-2.1     4,-2.2     2,-0.2    -2,-0.2   0.925 109.7  49.7 -73.4 -45.6  -40.6   23.9    7.2               
  179  179 A E  H  X S+     0   0  111     -4,-2.6     4,-1.5     1,-0.2    -2,-0.2   0.897 113.0  49.2 -63.3 -34.6  -41.9   22.1   10.3               
  180  180 A N  H  X S+     0   0   89     -4,-1.8     4,-0.8    -5,-0.2    -1,-0.2   0.857 108.9  54.3 -67.0 -34.6  -38.2   21.5   11.2               
  181  181 A L  H  < S+     0   0  105     -4,-1.3     3,-0.5     2,-0.2     4,-0.4   0.909 104.9  52.0 -66.4 -41.0  -37.5   25.3   10.5               
  182  182 A E  H >< S+     0   0  157     -4,-2.2     3,-1.3     1,-0.2     4,-0.4   0.899 105.9  53.6 -68.1 -36.7  -40.3   26.5   13.0               
  183  183 A E  H >< S+     0   0  152     -4,-1.5     3,-0.5     1,-0.2    -1,-0.2   0.797 103.5  61.0 -63.0 -24.0  -38.9   24.4   15.9               
  184  184 A N  T 3< S+     0   0   38     -4,-0.8    23,-0.2    -3,-0.5    -1,-0.2   0.644 100.5  52.7 -79.1 -13.6  -35.5   26.1   15.3               
  185  185 A E  T <   +     0   0  135     -3,-1.3    -1,-0.2    -4,-0.4    -2,-0.2   0.454  66.2 133.5-106.7  -2.3  -36.8   29.7   16.0               
  186  186 A E    <   -     0   0  131     -3,-0.5    20,-2.9    -4,-0.4    21,-0.3  -0.263  62.0-119.0 -55.3 119.7  -38.5   29.4   19.5               
  187  187 A P  B     -B  205   0B  97      0, 0.0     2,-0.8     0, 0.0    18,-0.3  -0.424  25.5-118.9 -67.3 126.7  -37.2   32.5   21.5               
  188  188 A F        -     0   0   26     16,-0.5     2,-0.6    15,-0.3    14,-0.0  -0.489  28.8-171.5 -74.0 107.5  -35.3   31.3   24.6               
  189  189 A V        -     0   0  126     -2,-0.8    -1,-0.0    13,-0.0    16,-0.0  -0.865  31.4-117.7 -93.6 117.9  -37.0   32.7   27.8               
  190  190 A A        -     0   0   29     -2,-0.6     2,-0.0     1,-0.1    12,-0.0  -0.364  29.3-116.0 -61.6 122.8  -34.7   31.9   30.8               
  191  191 A P    >   -     0   0   71      0, 0.0     3,-2.3     0, 0.0    -1,-0.1  -0.325  26.4-111.0 -63.0 142.4  -36.4   29.5   33.3               
  192  192 A L  T 3  S+     0   0  191      1,-0.3    -2,-0.1     3,-0.1     3,-0.0   0.362 110.0  66.8 -61.3   0.4  -37.0   31.1   36.8               
  193  193 A G  T 3  S+     0   0   76      1,-0.1     2,-0.8     2,-0.0    -1,-0.3   0.578  80.3  87.4 -94.2 -14.6  -34.4   28.8   38.6               
  194  194 A L    <   -     0   0   27     -3,-2.3     2,-2.2     1,-0.1    -1,-0.1  -0.786  64.7-154.2 -92.5 110.3  -31.3   30.4   36.8               
  195  195 A S        -     0   0   84     -2,-0.8    -1,-0.1     2,-0.0    -3,-0.1  -0.442  24.6-176.3 -76.4  65.7  -29.9   33.5   38.6               
  196  196 A V        -     0   0   37     -2,-2.2     2,-0.1     1,-0.1     6,-0.0  -0.530  26.7-119.1 -63.0 124.3  -28.3   34.9   35.4               
  197  197 A P    >   -     0   0   60      0, 0.0     3,-1.6     0, 0.0    -1,-0.1  -0.425  21.0-115.5 -63.1 147.4  -26.3   38.1   36.1               
  198  198 A S  T 3  S+     0   0  119      1,-0.3    -2,-0.1    -2,-0.1     0, 0.0   0.664 112.9  63.4 -53.7 -22.8  -27.6   41.3   34.3               
  199  199 A D  T 3  S+     0   0  138      1,-0.1     2,-0.5     2,-0.1    -1,-0.3   0.179  85.8  87.5 -92.5   9.6  -24.3   41.5   32.4               
  200  200 A V  S <  S-     0   0   23     -3,-1.6     2,-0.1    51,-0.1    49,-0.1  -0.923  70.9-141.0-121.5 106.3  -24.9   38.1   30.5               
  201  201 A E        -     0   0  119     -2,-0.5    51,-0.2    47,-0.4    -2,-0.1  -0.366  21.5-124.7 -65.3 138.4  -26.9   38.1   27.2               
  202  202 A L        -     0   0   67      1,-0.1    -1,-0.1    -2,-0.1   -14,-0.0  -0.494  30.7 -91.2 -81.0 152.4  -29.3   35.2   26.7               
  203  203 A P        -     0   0    3      0, 0.0   -15,-0.3     0, 0.0    -1,-0.1  -0.369  31.9-133.3 -53.8 140.4  -29.2   32.8   23.7               
  204  204 A P  S    S+     0   0   71      0, 0.0   -16,-0.5     0, 0.0     2,-0.3   0.814  84.9  28.7 -72.1 -29.3  -31.6   34.1   20.9               
  205  205 A T  B  > S-B  187   0B  36    -18,-0.3     4,-2.1     1,-0.1     3,-0.3  -0.938  77.1-120.0-131.4 154.2  -33.3   30.7   20.3               
  206  206 A A  H  > S+     0   0   30    -20,-2.9     4,-2.9    -2,-0.3     5,-0.2   0.898 116.0  59.1 -56.6 -38.5  -34.0   27.5   22.4               
  207  207 A K  H  > S+     0   0   79    -21,-0.3     4,-2.1   -23,-0.2    -1,-0.2   0.903 105.6  47.6 -55.6 -45.3  -31.8   25.6   19.8               
  208  208 A M  H  > S+     0   0   32     -3,-0.3     4,-2.2     2,-0.2    -2,-0.2   0.908 111.7  50.4 -67.7 -39.0  -28.8   27.8   20.7               
  209  209 A H  H  X S+     0   0   23     -4,-2.1     4,-3.0     2,-0.2    -2,-0.2   0.965 111.1  48.6 -58.5 -50.0  -29.5   27.3   24.5               
  210  210 A A  H  X S+     0   0   21     -4,-2.9     4,-2.5     1,-0.2     5,-0.2   0.852 111.3  49.5 -62.5 -37.1  -29.6   23.5   24.0               
  211  211 A I  H  X S+     0   0   26     -4,-2.1     4,-2.3    -5,-0.2    -1,-0.2   0.924 114.0  46.5 -65.9 -42.1  -26.3   23.5   21.9               
  212  212 A I  H  X S+     0   0    0     -4,-2.2     4,-2.9     2,-0.2    -2,-0.2   0.926 114.5  47.0 -65.5 -45.2  -24.7   25.6   24.7               
  213  213 A E  H  X S+     0   0   24     -4,-3.0     4,-3.0     2,-0.2     5,-0.2   0.958 113.8  46.6 -61.6 -53.0  -26.0   23.4   27.5               
  214  214 A R  H  X S+     0   0  161     -4,-2.5     4,-2.7     1,-0.2    -2,-0.2   0.924 115.6  47.7 -54.7 -45.6  -25.0   20.1   25.7               
  215  215 A T  H  X S+     0   0    9     -4,-2.3     4,-2.5    -5,-0.2    -2,-0.2   0.916 112.0  47.9 -65.1 -44.4  -21.5   21.7   25.0               
  216  216 A A  H  X S+     0   0    0     -4,-2.9     4,-2.9     2,-0.2    -2,-0.2   0.940 112.7  50.4 -60.8 -44.4  -21.1   22.9   28.6               
  217  217 A S  H  X S+     0   0   43     -4,-3.0     4,-1.9     2,-0.2    -2,-0.2   0.938 112.7  45.3 -58.1 -50.0  -22.1   19.4   29.9               
  218  218 A F  H  X S+     0   0   97     -4,-2.7     4,-2.8     2,-0.2    -1,-0.2   0.895 115.0  47.7 -64.1 -39.2  -19.6   17.6   27.6               
  219  219 A V  H  X S+     0   0    5     -4,-2.5     4,-1.5     2,-0.2    -2,-0.2   0.891 110.2  52.1 -70.3 -37.8  -16.8   20.1   28.5               
  220  220 A C  H  < S+     0   0   57     -4,-2.9    -2,-0.2    -5,-0.2    -1,-0.2   0.863 118.7  37.8 -63.6 -34.4  -17.6   19.7   32.3               
  221  221 A R  H  < S+     0   0  182     -4,-1.9    -2,-0.2    -5,-0.2    -1,-0.2   0.858 124.8  36.5 -83.6 -39.5  -17.3   15.9   31.8               
  222  222 A Q  H  < S-     0   0  116     -4,-2.8     4,-0.4    -5,-0.2     3,-0.3   0.466 107.7-130.5 -95.4  -6.4  -14.4   15.7   29.3               
  223  223 A G    >X  -     0   0   32     -4,-1.5     3,-1.5    -5,-0.2     4,-0.9   0.062  39.0 -51.1  79.1 175.1  -12.4   18.6   30.8               
  224  224 A A  H 3> S+     0   0   75      1,-0.3     4,-1.7     2,-0.2    -1,-0.2   0.712 125.6  68.4 -63.3 -21.1  -10.7   21.8   29.3               
  225  225 A Q  H 3> S+     0   0  166     -3,-0.3     4,-2.6     2,-0.2    -1,-0.3   0.891  98.7  52.7 -63.1 -35.8   -8.8   19.8   26.6               
  226  226 A F  H <> S+     0   0   49     -3,-1.5     4,-2.9    -4,-0.4     5,-0.2   0.894 105.1  54.3 -67.7 -36.5  -12.2   19.0   24.9               
  227  227 A E  H  X S+     0   0   19     -4,-0.9     4,-2.1     2,-0.2    -2,-0.2   0.898 111.8  45.2 -61.7 -39.2  -13.0   22.8   24.9               
  228  228 A I  H  X S+     0   0  119     -4,-1.7     4,-2.0     2,-0.2    -2,-0.2   0.939 115.1  46.9 -68.6 -46.8   -9.7   23.4   23.0               
  229  229 A M  H  X S+     0   0  110     -4,-2.6     4,-2.7     2,-0.2    -2,-0.2   0.900 112.9  49.0 -61.8 -42.4  -10.4   20.5   20.6               
  230  230 A L  H  X S+     0   0   22     -4,-2.9     4,-2.8     2,-0.2    -2,-0.2   0.929 109.8  51.7 -68.0 -41.4  -14.0   21.6   20.0               
  231  231 A K  H  < S+     0   0   78     -4,-2.1     4,-0.3    -5,-0.2    -1,-0.2   0.873 115.0  43.6 -57.2 -40.6  -12.8   25.3   19.3               
  232  232 A A  H  < S+     0   0   77     -4,-2.0     3,-0.4     2,-0.2    -2,-0.2   0.905 118.5  42.1 -72.1 -42.9  -10.2   23.8   16.8               
  233  233 A K  H  < S+     0   0  169     -4,-2.7    -2,-0.2     1,-0.2     3,-0.2   0.868 122.4  37.2 -74.7 -38.6  -12.7   21.3   15.1               
  234  234 A Q  S >< S+     0   0   59     -4,-2.8     3,-2.4    -5,-0.2     6,-0.3   0.223  75.3 122.8-101.7  15.1  -15.8   23.7   14.9               
  235  235 A A  T 3  S+     0   0   74     -3,-0.4    -1,-0.2    -4,-0.3    -2,-0.1   0.396  81.1  43.8 -56.8  -2.2  -13.8   27.0   14.1               
  236  236 A R  T 3  S+     0   0  253     -3,-0.2     2,-0.6     1,-0.0    -1,-0.3   0.304  92.0  91.6-124.2  -0.0  -16.0   27.3   10.9               
  237  237 A N    X   -     0   0   44     -3,-2.4     3,-2.1     1,-0.1     4,-0.2  -0.922  61.6-154.2-104.4 116.7  -19.5   26.4   12.2               
  238  238 A S  G >  S+     0   0   84     -2,-0.6     3,-1.4     1,-0.3     4,-0.3   0.771  92.2  70.8 -62.3 -24.8  -21.5   29.5   13.4               
  239  239 A Q  G 3  S+     0   0   81      1,-0.3    -1,-0.3     2,-0.1     3,-0.2   0.718 105.9  40.8 -59.9 -21.2  -23.5   27.2   15.8               
  240  240 A F  G X  S+     0   0   38     -3,-2.1     3,-2.0    -6,-0.3    -1,-0.3   0.268  79.0 106.8-112.0   8.0  -20.2   27.0   17.8               
  241  241 A D  G X   +     0   0   41     -3,-1.4     3,-2.3     1,-0.3     6,-0.2   0.834  66.6  76.0 -59.3 -26.7  -19.1   30.7   17.6               
  242  242 A F  G 3  S+     0   0    1     -4,-0.3    -1,-0.3     1,-0.3    11,-0.2   0.646  82.2  67.4 -58.6 -16.2  -20.1   31.0   21.3               
  243  243 A L  G <  S+     0   0    4     -3,-2.0    -1,-0.3   -13,-0.1    -2,-0.2   0.673  83.7  93.1 -76.9 -17.8  -16.8   29.2   22.2               
  244  244 A R  S X  S-     0   0  113     -3,-2.3     3,-1.1    -4,-0.2     6,-0.1  -0.473  81.9-128.9 -74.1 148.8  -14.8   32.2   20.9               
  245  245 A F  T 3  S+     0   0  186      1,-0.2    -1,-0.1    -2,-0.1    -3,-0.1   0.613 107.0  54.7 -71.7 -16.2  -13.7   34.9   23.4               
  246  246 A D  T 3  S+     0   0   92     -5,-0.2     2,-0.4     4,-0.1    -1,-0.2   0.237  84.7 104.9-102.6   7.2  -15.1   37.7   21.1               
  247  247 A H  S X  S-     0   0   34     -3,-1.1     3,-2.3    -6,-0.2    -5,-0.0  -0.797  72.0-132.6 -96.3 136.7  -18.7   36.2   20.8               
  248  248 A Y  T 3  S+     0   0  118     -2,-0.4   -47,-0.4     1,-0.3     4,-0.4   0.781 106.6  53.7 -60.1 -28.9  -21.6   37.8   22.8               
  249  249 A L  T 3> S+     0   0    0      1,-0.2     4,-2.6     2,-0.1    -1,-0.3   0.443  82.7  91.1 -83.5  -0.9  -22.8   34.3   24.1               
  250  250 A N  H <> S+     0   0   23     -3,-2.3     4,-2.5     2,-0.2    -1,-0.2   0.924  84.7  51.3 -64.2 -41.2  -19.4   33.4   25.5               
  251  251 A P  H  > S+     0   0   61      0, 0.0     4,-2.1     0, 0.0    -1,-0.2   0.900 111.8  49.1 -56.9 -39.4  -20.2   34.9   29.0               
  252  252 A Y  H  > S+     0   0    0     -4,-0.4     4,-2.8     2,-0.2     5,-0.2   0.951 110.5  48.2 -68.5 -46.7  -23.5   32.8   28.9               
  253  253 A Y  H  X S+     0   0    0     -4,-2.6     4,-2.7     1,-0.2    -1,-0.2   0.914 114.1  48.2 -55.9 -42.4  -21.6   29.6   28.0               
  254  254 A K  H  X S+     0   0   70     -4,-2.5     4,-1.7     2,-0.2    -2,-0.2   0.850 110.6  51.7 -68.7 -33.0  -19.1   30.4   30.8               
  255  255 A F  H  X S+     0   0   25     -4,-2.1     4,-3.0     2,-0.2    -2,-0.2   0.953 113.1  43.3 -67.1 -48.3  -22.0   31.0   33.2               
  256  256 A I  H  X S+     0   0    0     -4,-2.8     4,-2.9     2,-0.2     5,-0.3   0.955 113.7  51.7 -62.4 -47.5  -23.6   27.6   32.4               
  257  257 A Q  H  X S+     0   0   36     -4,-2.7     4,-1.6    -5,-0.2    -1,-0.2   0.863 114.5  44.5 -55.1 -38.7  -20.2   25.9   32.5               
  258  258 A K  H  X S+     0   0  119     -4,-1.7     4,-2.0     2,-0.2    -2,-0.2   0.940 112.4  50.0 -70.8 -47.5  -19.7   27.5   36.0               
  259  259 A A  H  <>S+     0   0    2     -4,-3.0     5,-1.6     1,-0.2     6,-0.9   0.880 112.2  48.4 -63.0 -38.1  -23.2   26.7   37.3               
  260  260 A M  H ><5S+     0   0   38     -4,-2.9     3,-1.3     4,-0.2    -1,-0.2   0.918 111.8  49.2 -64.3 -44.5  -22.8   23.0   36.2               
  261  261 A K  H 3<5S+     0   0  185     -4,-1.6    -2,-0.2    -5,-0.3    -1,-0.2   0.804 112.6  48.5 -65.5 -30.4  -19.4   22.8   37.9               
  262  262 A E  T 3<5S-     0   0   90     -4,-2.0    -1,-0.3    -5,-0.1    -2,-0.2   0.355 111.7-122.0 -85.2  -0.5  -21.0   24.4   41.1               
  263  263 A G  T < 5S+     0   0   58     -3,-1.3    -3,-0.2     2,-0.2    -4,-0.1   0.514  82.9 117.8  67.8   6.3  -23.9   21.9   41.0               
  264  264 A R      < +     0   0  132     -5,-1.6     2,-0.3    -6,-0.2    -4,-0.2   0.383  67.4  54.3 -86.7   0.3  -26.3   24.9   40.8               
  265  265 A Y        -     0   0   33     -6,-0.9     2,-0.5    -5,-0.1    -1,-0.2  -0.906  66.4-168.6-137.4 110.0  -27.6   23.9   37.3               
  266  266 A T        -     0   0  108     -2,-0.3     2,-0.3    -3,-0.1    -6,-0.0  -0.880  33.3-113.6 -92.2 124.0  -29.1   20.4   36.7               
  267  267 A V        -     0   0   61     -2,-0.5     2,-1.5     1,-0.1    -2,-0.0  -0.401  23.8-139.1 -56.2 115.6  -29.7   19.6   33.0               
  268  268 A L        -     0   0  135     -2,-0.3     2,-0.3     2,-0.0    -1,-0.1  -0.684  16.7-148.4 -79.3  89.5  -33.5   19.3   32.6               
  269  269 A A        -     0   0   70     -2,-1.5     2,-2.3     1,-0.1    -3,-0.0  -0.496  22.0-118.3 -57.9 120.7  -33.6   16.3   30.3               
  270  270 A E        +     0   0  140     -2,-0.3     2,-1.7     1,-0.1    -1,-0.1  -0.376  45.5 164.8 -74.1  73.2  -36.7   16.9   28.1               
  271  271 A N        +     0   0  158     -2,-2.3     2,-0.5     2,-0.0     3,-0.2  -0.620  23.3 172.9 -78.6  72.6  -38.9   13.9   29.0               
  272  272 A K        -     0   0  154     -2,-1.7    -2,-0.0     1,-0.2     3,-0.0  -0.804  45.4  -0.6 -89.4 132.1  -41.9   15.6   27.4               
  273  273 A S        +     0   0  122     -2,-0.5     2,-0.8     1,-0.1     3,-0.2   0.605  64.3 135.0  71.4  36.9  -45.3   13.8   27.0               
  274  274 A D        +     0   0  168     -3,-0.2    -1,-0.1     1,-0.2    -3,-0.0  -0.691  61.8  73.8 -96.9  72.0  -45.5   10.2   28.2               
  275  275 A E        +     0   0  186     -2,-0.8     2,-0.2     1,-0.2    -1,-0.2   0.108  64.5  82.1-177.9  72.1  -48.9   10.5   30.0               
  276  276 A K        +     0   0  202     -3,-0.2    -1,-0.2     1,-0.1     0, 0.0  -0.729  63.8  11.4-165.2 149.5  -52.3   10.8   28.3               
  277  277 A K        -     0   0  198     -2,-0.2     2,-0.2     1,-0.1    -1,-0.1   0.995  37.7-157.2  69.6  93.5  -55.2    8.8   26.7               
  278  278 A K        +     0   0  205      0, 0.0    -1,-0.1     0, 0.0     0, 0.0  -0.573  55.1  63.3 -57.1 150.6  -55.9    5.1   26.7               
  279  279 A S        +     0   0  126     -2,-0.2     0, 0.0     0, 0.0     0, 0.0   0.483  47.3  79.0 105.8 134.5  -58.1    4.0   23.8               
  280  280 A G        -     0   0   72      2,-0.0     0, 0.0     0, 0.0     0, 0.0   0.896  62.1 -87.7 110.8  77.6  -58.6    3.6   20.0               
  281  281 A V        -     0   0  146      1,-0.1     2,-0.2     0, 0.0     0, 0.0   0.816  37.3 -98.9  43.0 124.7  -57.4    1.1   17.4               
  282  282 A S        +     0   0  114      2,-0.0     2,-0.3     0, 0.0    -1,-0.1  -0.465  36.3 159.8 -70.3 138.0  -54.2    0.8   15.2               
  283  283 A S        -     0   0  123     -2,-0.2     2,-0.4     2,-0.1     0, 0.0  -0.835  25.2-162.6-149.8 128.7  -53.8    1.7   11.5               
  284  284 A D        +     0   0  151     -2,-0.3     2,-0.2     0, 0.0    -2,-0.0  -0.979  19.0 139.7-133.6 115.8  -50.2    2.2   10.5               
  285  285 A N        +     0   0  142     -2,-0.4    -2,-0.1     1,-0.1     2,-0.0  -0.822  10.3  98.7-154.3 155.0  -48.5    3.9    7.5               
  286  286 A E        -     0   0  161     -2,-0.2    -1,-0.1     0, 0.0     0, 0.0   0.682  32.6-162.9-141.1 134.3  -46.1    5.9    6.2               
  287  287 A D        +     0   0  142     -2,-0.0    -2,-0.0     2,-0.0     0, 0.0   0.675  19.6 110.1  65.8 139.0  -43.0    5.2    4.5               
  288  288 A D        -     0   0  153      2,-0.0     2,-0.0     0, 0.0     0, 0.0   0.752  25.0-127.7  58.6 160.3  -39.6    6.8    3.4               
  289  289 A D        -     0   0  134      0, 0.0     2,-0.2     0, 0.0    -2,-0.0   0.302  19.9-160.6-167.5 145.8  -36.3    7.1    3.4               
  290  290 A D        -     0   0  144     -2,-0.0     2,-0.1     0, 0.0    -2,-0.0  -0.793  27.6-149.1-170.1 140.7  -32.6    8.2    3.5               
  291  291 A E        +     0   0  184     -2,-0.2     0, 0.0     1,-0.1     0, 0.0  -0.214  40.0  42.8 -95.4 175.2  -29.2    6.6    2.4               
  292  292 A E        +     0   0  192     -2,-0.1     2,-0.2     1,-0.0    -1,-0.1   0.778  50.2 103.5  60.0  70.7  -25.5    6.2    3.1               
  293  293 A D    >   -     0   0  152      3,-0.0     2,-2.1     0, 0.0     3,-0.8  -0.634  52.4-137.2-154.8 132.7  -23.4    5.8    6.1               
  294  294 A G  T 3  S+     0   0   67      1,-0.2    -2,-0.0    -2,-0.2     0, 0.0  -0.359  84.4  57.3 -80.4  67.3  -21.9    2.4    7.0               
  295  295 A N  T 3   +     0   0  167     -2,-2.1     2,-0.9     2,-0.0    -1,-0.2   0.271  59.6 139.7-162.5  15.7  -22.4    1.9   10.8               
  296  296 A Y    <   -     0   0  175     -3,-0.8     2,-0.6     1,-0.0    -3,-0.0  -0.543  33.6-161.3 -79.2 104.2  -26.2    2.2   11.6               
  297  297 A L        -     0   0   91     -2,-0.9     5,-0.1     1,-0.1    -1,-0.0  -0.743  37.2-107.8 -73.4 119.2  -27.4   -0.4   14.2               
  298  298 A H    >>  -     0   0  107     -2,-0.6     3,-2.4     1,-0.1     4,-1.5  -0.109  21.8-113.8 -51.2 145.5  -31.2   -0.5   13.8               
  299  299 A P  T 34 S+     0   0   76      0, 0.0     5,-0.1     0, 0.0    -1,-0.1   0.825 120.4  52.9 -50.5 -34.0  -33.3    1.2   16.6               
  300  300 A S  T 34 S+     0   0  100      1,-0.2     4,-0.2     3,-0.1    -2,-0.1   0.619 108.7  50.1 -75.3 -16.5  -34.7   -2.3   17.4               
  301  301 A L  T <4 S+     0   0  121     -3,-2.4     2,-0.5     2,-0.1    -1,-0.2   0.557  81.5 104.1-101.9 -14.5  -31.1   -3.7   17.7               
  302  302 A F  S  < S-     0   0  121     -4,-1.5     2,-1.6    -5,-0.1    -4,-0.0  -0.584  89.7-114.9 -55.9 117.7  -30.0   -0.9   20.1               
  303  303 A A        -     0   0   92     -2,-0.5     2,-0.2     2,-0.1    -1,-0.1  -0.437  27.6-144.4 -64.6  88.2  -30.0   -2.8   23.4               
  304  304 A S    >   -     0   0   87     -2,-1.6     2,-1.9    -4,-0.2     3,-0.7  -0.415  15.4-129.1 -54.8 121.0  -32.8   -0.9   25.2               
  305  305 A K  T 3  S+     0   0  211      1,-0.3    -1,-0.1    -2,-0.2    -2,-0.1  -0.091  96.9  65.0 -76.8  36.3  -31.5   -1.0   28.8               
  306  306 A K  T 3  S+     0   0  207     -2,-1.9     2,-0.4     1,-0.1    -1,-0.3  -0.038  74.6  93.2-151.6  25.8  -34.9   -2.4   30.1               
  307  307 A C    X   -     0   0   86     -3,-0.7     3,-0.6     1,-0.1     4,-0.2  -0.892  43.3-171.0-137.1 112.0  -35.4   -5.9   28.6               
  308  308 A N  T 3>  +     0   0   94     -2,-0.4     4,-1.2     1,-0.2     3,-0.1   0.268  59.4 108.8 -78.9  12.6  -34.3   -9.2   30.4               
  309  309 A R  H 3> S+     0   0  179      1,-0.2     4,-2.1     2,-0.2    -1,-0.2   0.773  72.6  53.6 -70.6 -26.3  -35.0  -11.3   27.2               
  310  310 A L  H <> S+     0   0  123     -3,-0.6     4,-1.5     2,-0.2    -1,-0.2   0.908 107.5  50.8 -74.4 -38.7  -31.3  -12.0   26.4               
  311  311 A E  H  4 S+     0   0  130     -4,-0.2    -2,-0.2     2,-0.2    -1,-0.2   0.768 111.9  50.7 -66.2 -23.9  -30.7  -13.4   30.0               
  312  312 A E  H >< S+     0   0  118     -4,-1.2     3,-0.8     2,-0.2    -2,-0.2   0.923 112.7  43.1 -74.3 -45.9  -33.8  -15.6   29.3               
  313  313 A L  H 3< S+     0   0  127     -4,-2.1    -2,-0.2     1,-0.2    -3,-0.1   0.611 111.6  56.4 -77.4 -14.5  -32.5  -16.9   25.9               
  314  314 A M  T 3< S+     0   0  144     -4,-1.5    -1,-0.2    -5,-0.1    -2,-0.2   0.381  77.1 107.5-100.4   1.8  -28.9  -17.4   27.4               
  315  315 A K  S <  S-     0   0  107     -3,-0.8     2,-0.1    -4,-0.2    -3,-0.0  -0.682  86.7-109.4 -63.1 127.2  -30.2  -19.7   30.2               
  316  316 A P        -     0   0  103      0, 0.0     2,-1.3     0, 0.0    -2,-0.1  -0.430  39.7 -96.1 -60.0 137.6  -29.0  -23.2   29.0               
  317  317 A L        -     0   0  148     -4,-0.1     2,-0.4    -2,-0.1     3,-0.1  -0.409  43.0-171.6 -61.6  92.0  -32.0  -25.3   27.9               
  318  318 A K        +     0   0  187     -2,-1.3    -3,-0.0     1,-0.2     0, 0.0  -0.817  68.5  43.5 -79.3 133.4  -32.8  -27.4   31.0               
  319  319 A V        +     0   0  120     -2,-0.4     2,-0.5     1,-0.2    -1,-0.2   0.908  58.0 179.4  70.0  79.3  -35.3  -29.9   29.7               
  320  320 A V        -     0   0   80     -3,-0.1    -1,-0.2     4,-0.0     0, 0.0  -0.863  57.0 -93.3 -72.0 137.3  -34.4  -31.3   26.4               
  321  321 A D    >   -     0   0  117     -2,-0.5     3,-1.9     1,-0.1     6,-0.3  -0.376  31.3-130.0 -56.0 131.2  -37.5  -33.5   26.1               
  322  322 A P  T 3  S+     0   0   79      0, 0.0    -1,-0.1     0, 0.0    -2,-0.0   0.846 107.2  45.6 -53.7 -36.7  -36.6  -37.0   27.4               
  323  323 A D  T 3  S+     0   0  150      4,-0.1    -2,-0.1     5,-0.0     5,-0.1   0.329  81.3 122.4 -94.2   5.0  -37.9  -38.8   24.3               
  324  324 A H  S X> S-     0   0   92     -3,-1.9     3,-1.5     1,-0.1     4,-1.2  -0.503  71.4-124.1 -65.3 135.1  -36.3  -36.3   21.8               
  325  325 A P  H 3> S+     0   0   99      0, 0.0     4,-2.0     0, 0.0    -1,-0.1   0.815 110.6  58.7 -58.9 -29.7  -34.0  -38.4   19.4               
  326  326 A L  H 3> S+     0   0  107      1,-0.2     4,-2.3     2,-0.2     5,-0.1   0.858 103.0  52.9 -64.5 -34.1  -30.9  -36.2   20.3               
  327  327 A A  H <> S+     0   0   19     -3,-1.5     4,-1.9    -6,-0.3    -1,-0.2   0.807 107.4  51.5 -73.6 -28.7  -31.4  -37.2   24.0               
  328  328 A A  H  X S+     0   0   54     -4,-1.2     4,-2.1     2,-0.2    -2,-0.2   0.913 110.3  49.5 -68.4 -41.2  -31.4  -40.9   23.0               
  329  329 A L  H  X S+     0   0  118     -4,-2.0     4,-2.6     2,-0.2    -2,-0.2   0.934 112.5  46.6 -62.6 -46.5  -28.1  -40.3   21.0               
  330  330 A V  H  X S+     0   0   76     -4,-2.3     4,-1.7     1,-0.2     5,-0.2   0.912 111.0  52.4 -63.4 -42.4  -26.5  -38.5   24.1               
  331  331 A R  H  X S+     0   0  143     -4,-1.9     4,-1.3     2,-0.2    -1,-0.2   0.880 111.5  47.4 -61.2 -37.8  -27.7  -41.4   26.4               
  332  332 A K  H  X S+     0   0  135     -4,-2.1     4,-2.4     2,-0.2     3,-0.5   0.961 109.5  52.0 -66.5 -48.8  -26.0  -43.9   24.1               
  333  333 A A  H  < S+     0   0   64     -4,-2.6    -2,-0.2     1,-0.2    -1,-0.2   0.778 112.4  46.5 -60.2 -30.1  -22.7  -42.0   23.8               
  334  334 A Q  H  < S+     0   0  126     -4,-1.7     3,-0.3     2,-0.2    -1,-0.2   0.754 110.5  52.6 -81.9 -27.4  -22.5  -41.8   27.7               
  335  335 A A  H >< S+     0   0   62     -4,-1.3     3,-1.1    -3,-0.5    -2,-0.2   0.925 106.2  53.0 -70.5 -42.4  -23.3  -45.6   28.1               
  336  336 A D  T 3< S+     0   0  125     -4,-2.4    -1,-0.2     1,-0.2    -2,-0.2   0.589 107.2  56.1 -68.6  -9.5  -20.5  -46.6   25.6               
  337  337 A S  T 3  S+     0   0   92     -3,-0.3    -1,-0.2    -5,-0.2    -2,-0.1   0.070  92.1  73.2-110.4  18.3  -18.0  -44.5   27.7               
  338  338 A S    <   +     0   0   82     -3,-1.1    -1,-0.2     2,-0.0    -2,-0.0  -0.388  44.0 120.6-144.4  70.1  -18.4  -46.0   31.3               
  339  339 A T        -     0   0  144     -3,-0.1     2,-0.3     2,-0.0    -4,-0.0  -0.914  40.9-173.5-124.2 104.3  -17.0  -49.5   32.1               
  340  340 A P        -     0   0  117      0, 0.0    -2,-0.0     0, 0.0     0, 0.0  -0.764  21.4-173.2-105.2 148.4  -14.4  -49.3   35.0               
  341  341 A T        -     0   0  138     -2,-0.3     2,-0.3     0, 0.0    -2,-0.0  -0.985  35.8-132.1-134.3 145.1  -11.9  -51.8   36.7               
  342  342 A P        -     0   0   96      0, 0.0     0, 0.0     0, 0.0     0, 0.0  -0.708  19.9 -18.3-134.8 156.9  -10.1  -50.5   39.8               
  343  343 A H        +     0   0  159     -2,-0.3     2,-0.2     1,-0.1     0, 0.0   0.949  23.6 129.5  54.1 120.5   -7.4  -49.6   42.5               
  344  344 A N        +     0   0  159      2,-0.0     2,-0.3     0, 0.0    -1,-0.1  -0.651  28.3 172.3-161.5 170.4   -4.4  -49.6   44.2               
  345  345 A A        +     0   0   92     -2,-0.2     2,-0.2     2,-0.0     0, 0.0  -0.996  11.2 133.9-147.4 149.6   -2.0  -46.8   45.4               
  346  346 A D        +     0   0  176     -2,-0.3    -2,-0.0     2,-0.1     0, 0.0  -0.808  32.7  67.6-168.6 163.9    1.0  -45.5   47.2               
  347  347 A G        -     0   0   64     -2,-0.2    -2,-0.0     2,-0.0     0, 0.0   0.695  57.4-101.0 113.2  34.2    4.1  -43.3   47.2               
  348  348 A A        -     0   0  103      1,-0.0     2,-0.3     2,-0.0    -2,-0.1   0.472  35.4 -81.4  68.1 164.6    4.9  -39.5   46.9               
  349  349 A P        -     0   0  122      0, 0.0     2,-0.3     0, 0.0    -1,-0.0  -0.787  17.8-173.6-125.9 156.3    6.0  -36.8   44.3               
  350  350 A V        -     0   0  134     -2,-0.3    -2,-0.0     2,-0.0     0, 0.0  -0.940  23.7-138.8-133.3 153.1    8.8  -34.9   42.3               
  351  351 A Q        -     0   0  150     -2,-0.3     2,-0.3     0, 0.0     0, 0.0  -0.721  16.0-179.6 -94.3 156.3    8.5  -31.8   39.9               
  352  352 A P        -     0   0   94      0, 0.0    -2,-0.0     0, 0.0     0, 0.0  -0.932  30.4 -67.9-139.8-171.0    9.7  -30.4   36.8               
  353  353 A S        -     0   0   98     -2,-0.3     2,-0.3     1,-0.1     0, 0.0   0.582  28.1-116.4 -25.1 163.2    9.4  -27.3   34.6               
  354  354 A Q        -     0   0  189      2,-0.0     2,-0.3     0, 0.0    -1,-0.1  -0.813  21.5-152.1 -98.2 155.4    7.0  -25.3   32.4               
  355  355 A V        -     0   0  140     -2,-0.3     2,-0.4     2,-0.0     0, 0.0  -0.980  18.3-131.0-128.3 140.9    7.7  -24.8   28.6               
  356  356 A E        -     0   0  167     -2,-0.3     2,-1.7     2,-0.1    -2,-0.0  -0.783   5.9-133.5-107.3 132.6    6.4  -21.7   26.9               
  357  357 A Y        +     0   0  238     -2,-0.4     2,-0.4     1,-0.1     3,-0.2  -0.524  48.7 147.5 -83.2  76.6    4.3  -21.5   23.6               
  358  358 A T        +     0   0   83     -2,-1.7    -1,-0.1     1,-0.1    -2,-0.1  -0.469  29.1 103.2-116.2  57.0    6.3  -18.6   22.0               
  359  359 A A  S >> S+     0   0   58     -2,-0.4     3,-1.4     3,-0.1     4,-1.1   0.866  70.7  50.1-100.5 -56.8    6.2  -19.3   18.2               
  360  360 A D  H 3> S+     0   0  148      1,-0.3     4,-1.1     2,-0.2    -2,-0.1   0.815 106.9  54.0 -68.0 -32.6    3.7  -17.0   16.4               
  361  361 A S  H 3> S+     0   0   94      1,-0.2     4,-0.9     2,-0.2    -1,-0.3   0.723 104.1  59.8 -67.7 -20.6    5.0  -13.6   17.9               
  362  362 A T  H <> S+     0   0   57     -3,-1.4     4,-2.2     2,-0.2    -2,-0.2   0.888  98.7  53.5 -82.4 -38.1    8.5  -14.5   16.6               
  363  363 A V  H  X S+     0   0  104     -4,-1.1     4,-1.4     1,-0.2    -2,-0.2   0.902 107.0  53.7 -62.8 -39.9    7.6  -14.8   12.9               
  364  364 A A  H  X S+     0   0   60     -4,-1.1     4,-0.6     1,-0.2    -1,-0.2   0.842 109.1  48.6 -65.0 -33.0    6.1  -11.3   13.0               
  365  365 A A  H >X S+     0   0   59     -4,-0.9     3,-1.0    -3,-0.2     4,-0.9   0.922 106.2  56.8 -70.7 -42.3    9.4   -9.9   14.5               
  366  366 A M  H 3< S+     0   0   88     -4,-2.2     3,-0.3     1,-0.2    -2,-0.2   0.809 103.9  53.9 -59.0 -33.6   11.5  -11.7   11.8               
  367  367 A Y  H 3< S+     0   0  194     -4,-1.4    -1,-0.2     1,-0.2     3,-0.2   0.743 115.9  38.0 -74.1 -23.0    9.5   -9.9    9.0               
  368  368 A Y  H << S+     0   0  187     -3,-1.0    -2,-0.2    -4,-0.6    -1,-0.2   0.438  97.1  80.3-106.9  -2.6   10.2   -6.4   10.5               
  369  369 A S  S  < S+     0   0   20     -4,-0.9    12,-2.8    -3,-0.3     2,-0.4   0.434  76.6  85.3 -87.1  -1.7   13.8   -6.9   11.7               
  370  370 A Y  E     -C  380   0C 111     10,-0.2     2,-0.4    -3,-0.2    10,-0.2  -0.895  50.5-173.4-111.1 131.9   15.6   -6.3    8.3               
  371  371 A Y  E     -C  379   0C 147      8,-2.8     8,-2.9    -2,-0.4     2,-0.5  -0.956  19.7-136.9-115.1 137.7   16.7   -3.0    6.7               
  372  372 A M  E     -C  378   0C 120     -2,-0.4     6,-0.2     6,-0.2     5,-0.1  -0.828  18.7-141.3 -95.4 126.5   18.0   -2.9    3.1               
  373  373 A L    >   -     0   0   69      4,-3.2     3,-2.2    -2,-0.5    -1,-0.0  -0.391  28.8-103.1 -79.8 161.0   21.1   -0.6    2.5               
  374  374 A P  T 3  S+     0   0  140      0, 0.0    -1,-0.1     0, 0.0    -2,-0.0   0.547 122.6  57.9 -64.3  -8.4   21.6    1.6   -0.6               
  375  375 A D  T 3  S-     0   0  113      2,-0.2     3,-0.1     0, 0.0    -3,-0.0   0.305 122.5-104.6 -97.1   1.4   24.2   -1.0   -1.9               
  376  376 A G  S <  S+     0   0   42     -3,-2.2     2,-0.2     1,-0.3     0, 0.0   0.336  78.6 133.5  85.8  -2.5   21.5   -3.9   -1.8               
  377  377 A T        -     0   0   74     -5,-0.1    -4,-3.2     1,-0.0     2,-0.4  -0.509  51.5-133.1 -76.5 145.2   22.9   -5.5    1.4               
  378  378 A Y  E     -C  372   0C 154     -6,-0.2     2,-0.3    -2,-0.2    -6,-0.2  -0.863  24.7-176.1 -98.9 133.3   20.5   -6.5    4.2               
  379  379 A C  E     -C  371   0C  50     -8,-2.9    -8,-2.8    -2,-0.4     2,-0.2  -0.924  28.3-105.1-126.9 151.0   21.3   -5.5    7.9               
  380  380 A L  E     -C  370   0C  56     -2,-0.3   -10,-0.2   -10,-0.2   -11,-0.1  -0.498  42.3-100.8 -73.3 141.9   19.5   -6.3   11.2               
  381  381 A A        -     0   0   15    -12,-2.8    -1,-0.1    -2,-0.2   -12,-0.0  -0.404  42.1-110.2 -58.5 129.4   17.6   -3.6   12.9               
  382  382 A P        -     0   0  104      0, 0.0    -1,-0.1     0, 0.0    -3,-0.0  -0.397  44.2 -93.4 -63.3 141.8   19.6   -2.0   15.8               
  383  383 A P        -     0   0   33      0, 0.0     3,-0.1     0, 0.0     6,-0.1  -0.230  45.4-101.8 -58.0 139.9   18.1   -2.9   19.3               
  384  384 A P    >   -     0   0   75      0, 0.0     3,-1.5     0, 0.0     2,-0.5  -0.287  48.1 -89.9 -59.7 146.5   15.6   -0.4   20.7               
  385  385 A P  T 3  S+     0   0  138      0, 0.0     3,-0.1     0, 0.0     0, 0.0  -0.445 112.2  41.8 -67.4 115.2   17.0    2.0   23.4               
  386  386 A G  T 3  S+     0   0   82      1,-0.6     2,-0.3    -2,-0.5     0, 0.0   0.091  91.4  89.6 134.4 -18.3   16.6    0.3   26.9               
  387  387 A I  S <  S-     0   0   82     -3,-1.5    -1,-0.6     1,-0.0     2,-0.2  -0.769  81.4-107.1 -97.6 148.6   17.4   -3.4   26.2               
  388  388 A D     >  -     0   0   78     -2,-0.3     4,-2.4     1,-0.1     5,-0.1  -0.536  20.2-135.7 -68.7 138.0   20.9   -4.9   26.5               
  389  389 A V  H  > S+     0   0   85     -2,-0.2     4,-2.0     2,-0.2     5,-0.2   0.878 105.3  52.6 -63.4 -40.1   22.6   -5.7   23.2               
  390  390 A T  H  > S+     0   0   98      1,-0.2     4,-2.5     2,-0.2    -1,-0.2   0.973 111.4  46.0 -60.6 -53.4   23.8   -9.1   24.5               
  391  391 A T  H  > S+     0   0   82      2,-0.2     4,-1.0     1,-0.2    -2,-0.2   0.883 110.3  54.0 -57.2 -46.4   20.3  -10.1   25.7               
  392  392 A Y  H >< S+     0   0   61     -4,-2.4     3,-1.0     1,-0.2     4,-0.2   0.960 115.3  37.3 -57.0 -55.0   18.6   -8.9   22.4               
  393  393 A Y  H >< S+     0   0   83     -4,-2.0     3,-1.2     1,-0.2    -1,-0.2   0.826 111.0  61.4 -71.8 -28.1   20.8  -11.1   20.1               
  394  394 A S  H 3< S+     0   0   94     -4,-2.5    -1,-0.2     1,-0.2    -2,-0.2   0.644  96.9  60.7 -70.8 -15.3   20.9  -14.0   22.6               
  395  395 A T  T << S+     0   0  104     -3,-1.0    -1,-0.2    -4,-1.0    -2,-0.2   0.499  88.7  91.4 -86.3  -4.8   17.1  -14.3   22.3               
  396  396 A L  S <  S-     0   0   53     -3,-1.2     4,-0.1    -4,-0.2    -3,-0.0  -0.634  94.8 -89.0 -85.6 147.9   17.4  -15.1   18.5               
  397  397 A P    >   -     0   0   85      0, 0.0     3,-1.7     0, 0.0    -1,-0.1  -0.273  44.5-106.1 -56.0 142.8   17.7  -18.7   17.2               
  398  398 A A  T 3  S+     0   0  103      1,-0.3     3,-0.1    -4,-0.1    -2,-0.0   0.368 109.7  78.6 -63.2   3.4   21.3  -19.9   17.1               
  399  399 A G  T 3  S+     0   0   77      1,-0.2     2,-0.7    -2,-0.0    -1,-0.3   0.466  78.3  80.2 -81.4  -5.0   21.5  -19.6   13.2               
  400  400 A V    <   +     0   0   53     -3,-1.7     2,-0.4    -7,-0.1    -1,-0.2  -0.698  56.2 127.2-111.7  79.5   22.0  -15.8   13.4               
  401  401 A T        +     0   0  120     -2,-0.7     2,-0.4    -3,-0.1    -3,-0.0  -0.962  19.7 165.7-133.6 122.0   25.6  -15.0   14.2               
  402  402 A V        -     0   0  138     -2,-0.4     2,-0.8     2,-0.0    -2,-0.0  -0.989  37.6-126.6-128.1 120.3   27.9  -12.6   12.2               
  403  403 A S        -     0   0  118     -2,-0.4     2,-0.7     1,-0.0    -2,-0.0  -0.575  24.8-173.6 -79.6 107.8   31.1  -11.6   14.1               
  404  404 A N        -     0   0  156     -2,-0.8    -1,-0.0     2,-0.0    -2,-0.0  -0.860   4.8-177.9 -98.2 112.0   31.7   -7.8   14.5               
  405  405 A S        -     0   0  115     -2,-0.7     2,-0.4     2,-0.0    -2,-0.0  -0.928  13.5-147.6-107.4 126.4   35.1   -7.0   16.1               
  406  406 A P        +     0   0  132      0, 0.0     2,-0.1     0, 0.0    -2,-0.0  -0.784  30.3 139.7-100.4 138.0   36.1   -3.3   16.7               
  407  407 A G        -     0   0   69     -2,-0.4     2,-0.1     2,-0.0    -2,-0.0  -0.195  20.1-170.3 157.4 100.5   39.6   -1.7   16.7               
  408  408 A V        +     0   0  134     -2,-0.1     2,-0.2     2,-0.0     0, 0.0  -0.190  16.1 156.7  70.1  94.5   40.9    1.2   15.5               
  409  409 A T        -     0   0  147     -2,-0.1     2,-0.4     2,-0.0    -2,-0.0  -0.692  22.4-150.7-163.9 156.1   44.1    2.9   14.9               
  410  410 A T        +     0   0  131     -2,-0.2     2,-0.2     2,-0.0    -2,-0.0  -0.950  28.3 122.9-119.7 128.2   45.0    5.8   12.5               
  411  411 A T        +     0   0  148     -2,-0.4    -2,-0.0     0, 0.0     0, 0.0  -0.800  22.8 169.3-171.6 155.1   48.1    7.0   10.6               
  412  412 A A        +     0   0   89     -2,-0.2    -2,-0.0     1,-0.0     0, 0.0  -0.865   7.3 124.5-156.3 177.7   49.4    7.9    7.0               
  413  413 A P        +     0   0  119      0, 0.0    -1,-0.0     0, 0.0     0, 0.0   0.462  25.7  17.9-124.3-140.3   51.2    9.0    4.5               
  414  414 A P        -     0   0  113      0, 0.0     0, 0.0     0, 0.0     0, 0.0   0.796  18.9-179.1-132.7 175.6   53.0    9.3    1.6               
  415  415 A P        +     0   0  122      0, 0.0     2,-0.2     0, 0.0     0, 0.0  -0.745  10.6 151.9-103.5 151.6   54.0    7.9   -2.0               
  416  416 A P        +     0   0  133      0, 0.0     0, 0.0     0, 0.0     0, 0.0  -0.763  16.6 125.3-151.9 165.0   56.2    8.5   -5.0               
  417  417 A G        -     0   0   80     -2,-0.2     0, 0.0     0, 0.0     0, 0.0   0.508  25.5-172.7 163.7  51.9   57.9    6.4   -7.7               
  418  418 A T        +     0   0  130      2,-0.0     0, 0.0     0, 0.0     0, 0.0  -0.042  19.9 137.1 -27.8 134.1   57.6    6.6  -11.6               
  419  419 A T        -     0   0  141      0, 0.0     2,-0.3     0, 0.0     0, 0.0  -0.595  25.9-176.5-168.4 148.7   58.8    4.6  -14.5               
  420  420 A P        -     0   0  100      0, 0.0    -2,-0.0     0, 0.0     0, 0.0  -0.941   5.0 -36.7-136.5 158.9   57.0    3.5  -17.9               
  421  421 A L        -     0   0  151     -2,-0.3     0, 0.0     1,-0.1     0, 0.0   0.825   4.3-172.8  63.1 138.8   56.5    1.7  -21.3               
  422  422 A P        -     0   0  127      0, 0.0    -1,-0.1     0, 0.0     0, 0.0  -0.244  31.6-179.4-145.7 156.0   57.0    0.4  -24.3               
  423  423 A P        +     0   0  101      0, 0.0     0, 0.0     0, 0.0     0, 0.0  -0.640   7.2  12.3-121.8-164.8   54.3   -1.1  -26.9               
  424  424 A P        +     0   0  105      0, 0.0     2,-0.3     0, 0.0     0, 0.0   0.920   2.0 169.7-123.7-172.1   53.2   -2.5  -29.6               
  425  425 A T        -     0   0  149      2,-0.1     2,-0.4     0, 0.0     0, 0.0  -0.946  28.0-153.8-151.7 151.3   52.8   -4.4  -33.0               
  426  426 A T        -     0   0  136     -2,-0.3     2,-0.2     0, 0.0     0, 0.0  -0.975   9.3-172.8-133.4 135.0   49.6   -5.6  -34.8               
  427  427 A A        +     0   0   88     -2,-0.4    -2,-0.1     1,-0.1     0, 0.0  -0.916  21.2  46.4-161.9 153.3   48.5   -8.3  -37.3               
  428  428 A E        -     0   0  161     -2,-0.2    -1,-0.1     2,-0.0     0, 0.0   0.730  32.2-129.0-156.5 161.6   46.1   -9.5  -39.0               
  429  429 A T        -     0   0  103      1,-0.1    -1,-0.0     0, 0.0     0, 0.0   0.210  23.0-144.1   6.6 110.8   43.1   -9.9  -41.4               
  430  430 A S        +     0   0   98      0, 0.0    -1,-0.1     0, 0.0    -2,-0.0   0.790  17.3 158.9  89.9 150.5   40.0  -11.4  -41.4               
  431  431 A S        +     0   0  125      0, 0.0     2,-0.0     0, 0.0     0, 0.0   0.487   7.5 128.9  72.0 146.4   37.3  -13.3  -43.4               
  432  432 A G        +     0   0   73      0, 0.0     0, 0.0     0, 0.0     0, 0.0   0.435  12.8 178.5 168.0 157.6   34.8  -15.2  -43.6               
  433  433 A A        +     0   0   89     -2,-0.0     0, 0.0     0, 0.0     0, 0.0   0.952  24.4  46.6  71.5 126.0   31.3  -16.5  -44.6               
  434  434 A T        +     0   0  130      0, 0.0     0, 0.0     0, 0.0     0, 0.0   0.880  29.4  13.0  61.8 141.4   28.6  -19.2  -44.5               
  435  435 A S        -     0   0   92      0, 0.0     0, 0.0     0, 0.0     0, 0.0   0.797  23.8 -23.6-171.2 161.2   26.5  -21.5  -43.6               
  436  436 A T        +     0   0  132      0, 0.0     0, 0.0     0, 0.0     0, 0.0   0.637  32.5  53.4  62.4 146.8   23.9  -24.1  -42.1               
  437  437 A T        -     0   0  118      0, 0.0     0, 0.0     0, 0.0     0, 0.0   0.702  31.3-118.7-157.3 144.7   22.5  -26.1  -39.9               
  438  438 A T        +     0   0  123      0, 0.0     0, 0.0     0, 0.0     0, 0.0   0.867  35.0  96.0  45.2 139.1   20.9  -27.2  -36.6               
  439  439 A T        -     0   0  111      2,-0.0     0, 0.0     0, 0.0     0, 0.0   0.833  42.7 -60.0 109.1 106.2   21.1  -29.4  -33.5               
  440  440 A T        +     0   0  129      0, 0.0     0, 0.0     0, 0.0     0, 0.0   0.950  44.1  70.9  63.7 140.2   22.0  -29.8  -29.8               
  441  441 A S        -     0   0  128      2,-0.0     2,-0.1     0, 0.0    -2,-0.0   0.404  41.4 -98.2  94.1 149.5   24.3  -30.0  -26.7               
  442  442 A A        -     0   0   90      0, 0.0     2,-0.3     0, 0.0     0, 0.0  -0.418  12.6-173.3 -98.0 155.7   26.4  -28.2  -24.2               
  443  443 A L        -     0   0  178     -2,-0.1     3,-0.0     3,-0.0    -2,-0.0  -0.972  18.8-147.8-139.4 130.1   30.0  -27.3  -23.2               
  444  444 A A        -     0   0   85     -2,-0.3     2,-0.2     1,-0.1     0, 0.0  -0.569  34.6 -91.7 -85.8 154.7   31.0  -25.6  -19.9               
  445  445 A P        -     0   0  127      0, 0.0     2,-1.0     0, 0.0    -1,-0.1  -0.483  44.0-110.2 -66.6 134.9   33.9  -23.1  -19.5               
  446  446 A V        -     0   0  148     -2,-0.2     2,-0.4     1,-0.1    -3,-0.0  -0.532  33.0-144.8 -70.1 100.2   37.2  -24.9  -18.5               
  447  447 A A        -     0   0   65     -2,-1.0     2,-0.5     1,-0.1    -1,-0.1  -0.547  14.5-124.8 -67.7 120.5   37.8  -23.7  -14.9               
  448  448 A A        -     0   0   85     -2,-0.4     2,-0.9     1,-0.1    49,-0.1  -0.568  27.5-123.0 -66.4 117.8   41.5  -23.3  -14.3               
  449  449 A I        -     0   0   83     -2,-0.5    -1,-0.1    48,-0.1    46,-0.1  -0.531  26.5-162.0 -70.9 103.3   42.2  -25.5  -11.2               
  450  450 A I        -     0   0   78     -2,-0.9    48,-0.2    44,-0.5    -1,-0.0  -0.775  25.4-115.8 -83.2 126.1   43.7  -23.2   -8.6               
  451  451 A P        -     0   0   99      0, 0.0    -1,-0.0     0, 0.0    44,-0.0  -0.438  31.5-124.1 -64.0 131.6   45.6  -25.2   -5.8               
  452  452 A P        -     0   0    8      0, 0.0     5,-0.0     0, 0.0    -3,-0.0  -0.405  31.2 -91.3 -71.7 153.6   43.9  -24.8   -2.4               
  453  453 A P    >>  -     0   0   48      0, 0.0     4,-2.5     0, 0.0     3,-1.1  -0.251  40.7-107.0 -56.7 153.2   45.8  -23.5    0.8               
  454  454 A P  T 34 S+     0   0  101      0, 0.0     0, 0.0     0, 0.0     0, 0.0   0.695 118.0  57.3 -63.8 -20.3   47.4  -26.3    3.0               
  455  455 A D  T 34 S+     0   0  137      2,-0.1     4,-0.2     1,-0.1     0, 0.0   0.813 116.6  33.4 -77.1 -31.6   44.7  -25.8    5.7               
  456  456 A V  T X> S+     0   0   43     -3,-1.1     4,-2.4     2,-0.1     3,-0.9   0.782 101.6  76.1 -95.3 -31.3   41.7  -26.5    3.3               
  457  457 A Q  H 3X S+     0   0   73     -4,-2.5     4,-2.8     1,-0.2     5,-0.2   0.878  95.5  49.1 -52.2 -44.5   43.4  -29.1    1.0               
  458  458 A P  H 3> S+     0   0   68      0, 0.0     4,-1.8     0, 0.0    -1,-0.2   0.774 112.4  49.5 -68.2 -26.2   43.1  -32.0    3.6               
  459  459 A V  H <> S+     0   0   55     -3,-0.9     4,-2.2    -4,-0.2    -2,-0.2   0.912 113.3  45.5 -74.7 -44.2   39.4  -31.1    4.2               
  460  460 A I  H  X S+     0   0    0     -4,-2.4     4,-2.5     2,-0.2     5,-0.2   0.932 114.5  49.2 -63.1 -46.3   38.6  -31.0    0.4               
  461  461 A D  H  X S+     0   0   36     -4,-2.8     4,-2.4    -5,-0.2     5,-0.2   0.937 113.1  45.5 -59.9 -50.2   40.6  -34.3   -0.1               
  462  462 A K  H  X S+     0   0  155     -4,-1.8     4,-2.2     1,-0.2    -1,-0.2   0.867 114.5  48.4 -63.7 -38.6   38.8  -36.2    2.8               
  463  463 A L  H  X S+     0   0   15     -4,-2.2     4,-2.3     2,-0.2    -1,-0.2   0.886 111.5  49.9 -69.6 -38.2   35.3  -34.9    1.6               
  464  464 A A  H  X S+     0   0    0     -4,-2.5     4,-1.8     2,-0.2    -2,-0.2   0.908 112.6  47.3 -64.7 -41.7   36.1  -35.9   -2.0               
  465  465 A E  H  X S+     0   0   62     -4,-2.4     4,-1.7     2,-0.2    -2,-0.2   0.919 114.0  47.2 -64.2 -43.6   37.1  -39.4   -0.8               
  466  466 A Y  H  X S+     0   0  114     -4,-2.2     4,-2.8     1,-0.2     5,-0.2   0.862 111.4  50.6 -70.7 -33.7   34.0  -39.7    1.4               
  467  467 A V  H  X S+     0   0    5     -4,-2.3     4,-1.3     2,-0.2    -1,-0.2   0.839 106.0  56.4 -72.5 -30.9   31.6  -38.5   -1.4               
  468  468 A A  H  < S+     0   0   16     -4,-1.8    -2,-0.2    -5,-0.2    -1,-0.2   0.947 117.5  35.0 -61.4 -44.1   33.2  -41.1   -3.8               
  469  469 A R  H  < S+     0   0  132     -4,-1.7    -2,-0.2     1,-0.2    -3,-0.1   0.931 125.6  36.9 -72.3 -53.3   32.3  -43.9   -1.2               
  470  470 A N  H  < S-     0   0   80     -4,-2.8     4,-0.3     1,-0.1     3,-0.2   0.530 107.5-132.8 -86.6  -7.1   28.9  -42.6    0.1               
  471  471 A G    >X  -     0   0   28     -4,-1.3     3,-1.9    -5,-0.2     4,-0.8   0.152  37.5 -51.6  75.8 172.6   27.7  -41.2   -3.2               
  472  472 A L  H 3> S+     0   0  106      1,-0.3     4,-2.4     2,-0.2     5,-0.2   0.713 122.0  72.4 -59.1 -24.4   26.2  -37.9   -4.4               
  473  473 A K  H 3> S+     0   0  187     -3,-0.2     4,-1.8     1,-0.2    -1,-0.3   0.858  97.4  50.7 -58.2 -37.1   23.4  -38.0   -1.7               
  474  474 A F  H <> S+     0   0   66     -3,-1.9     4,-2.5    -4,-0.3    -1,-0.2   0.918 108.0  52.4 -68.4 -40.4   26.0  -37.2    1.0               
  475  475 A E  H  X S+     0   0   10     -4,-0.8     4,-2.9     2,-0.2    -2,-0.2   0.931 108.6  50.1 -59.1 -46.3   27.3  -34.2   -1.1               
  476  476 A T  H  X S+     0   0   82     -4,-2.4     4,-2.2     1,-0.2    -1,-0.2   0.900 111.4  49.6 -59.4 -40.4   23.7  -32.8   -1.3               
  477  477 A S  H  X S+     0   0   60     -4,-1.8     4,-0.8     2,-0.2    -2,-0.2   0.909 113.2  44.5 -67.0 -42.4   23.4  -33.2    2.5               
  478  478 A V  H >X>S+     0   0   10     -4,-2.5     3,-0.8     2,-0.2     4,-0.6   0.925 113.7  51.6 -67.7 -40.8   26.7  -31.3    3.2               
  479  479 A R  H ><5S+     0   0   64     -4,-2.9     3,-1.0     1,-0.2    -2,-0.2   0.886 106.1  55.3 -59.6 -40.9   25.8  -28.7    0.6               
  480  480 A A  H 3<5S+     0   0   85     -4,-2.2    -1,-0.2     1,-0.2    -2,-0.2   0.686  98.4  62.0 -69.3 -20.6   22.4  -28.2    2.3               
  481  481 A K  H <<5S-     0   0  144     -4,-0.8    -1,-0.2    -3,-0.8    -2,-0.2   0.692  88.8-152.6 -75.7 -20.6   24.1  -27.4    5.7               
  482  482 A N  T <<5 +     0   0   99     -3,-1.0     2,-0.3    -4,-0.6    -3,-0.1   0.781  26.4 174.0  48.2  37.0   25.8  -24.3    4.2               
  483  483 A D    > < -     0   0   74     -5,-0.5     3,-2.7     1,-0.1    -1,-0.2  -0.592  39.6-130.2 -70.8 131.0   28.7  -24.6    6.7               
  484  484 A Q  G >  S+     0   0  151     -2,-0.3     3,-0.8     1,-0.3     4,-0.2   0.715 107.2  66.5 -55.0 -22.9   31.6  -22.1    6.1               
  485  485 A R  G 3  S+     0   0  191      1,-0.2    -1,-0.3     2,-0.1     3,-0.1   0.663 106.5  40.7 -71.0 -18.0   34.0  -25.2    6.3               
  486  486 A F  G X  S+     0   0   54     -3,-2.7     3,-2.6     1,-0.1     4,-0.3   0.067  72.1 123.6-121.2  20.3   32.5  -26.6    3.1               
  487  487 A E  G X   +     0   0   54     -3,-0.8     3,-1.9     1,-0.3     6,-0.2   0.838  68.1  69.4 -49.2 -35.0   32.1  -23.2    1.1               
  488  488 A F  G 3  S+     0   0    4      1,-0.3    -1,-0.3    -4,-0.2    11,-0.2   0.606  83.6  70.6 -62.3 -14.6   34.3  -25.0   -1.6               
  489  489 A L  G <  S+     0   0    1     -3,-2.6    -1,-0.3    10,-0.1    -2,-0.2   0.749  78.9  95.1 -73.6 -24.0   31.3  -27.3   -2.4               
  490  490 A Q  S X  S-     0   0   21     -3,-1.9     3,-2.1    -4,-0.3     6,-0.2  -0.454  83.4-125.5 -73.0 141.0   29.4  -24.3   -3.9               
  491  491 A P  T 3  S+     0   0   92      0, 0.0    -1,-0.1     0, 0.0     6,-0.1   0.709 108.5  52.6 -63.4 -22.8   29.7  -24.0   -7.8               
  492  492 A W  T 3  S+     0   0  194      4,-0.1     2,-0.3     3,-0.0    -4,-0.1   0.448  85.1 111.7 -87.1  -5.1   30.9  -20.3   -7.5               
  493  493 A H  S X  S-     0   0   54     -3,-2.1     3,-2.4    -6,-0.2     4,-0.5  -0.563  72.9-126.7 -82.9 139.7   33.8  -21.1   -5.1               
  494  494 A Q  T 3  S+     0   0  105      1,-0.3   -44,-0.5    -2,-0.3     3,-0.3   0.773 108.9  43.3 -52.0 -37.7   37.5  -20.8   -6.2               
  495  495 A Y  T 3> S+     0   0   39      1,-0.2     4,-2.3     2,-0.1     3,-0.5   0.390  84.4  96.7 -92.6   3.5   38.4  -24.4   -5.0               
  496  496 A N  H <> S+     0   0   25     -3,-2.4     4,-2.8     1,-0.2     5,-0.3   0.921  82.0  55.1 -61.5 -39.2   35.2  -26.1   -6.4               
  497  497 A A  H  > S+     0   0   24     -4,-0.5     4,-1.6    -3,-0.3    -1,-0.2   0.817 109.1  48.0 -61.6 -31.7   37.2  -27.1   -9.6               
  498  498 A Y  H  > S+     0   0   27     -3,-0.5     4,-2.4   -48,-0.2    -2,-0.2   0.903 111.1  50.8 -74.2 -41.3   39.8  -28.8   -7.3               
  499  499 A Y  H  X S+     0   0    0     -4,-2.3     4,-2.8     2,-0.2    -2,-0.2   0.955 112.4  45.2 -59.0 -51.5   37.0  -30.6   -5.3               
  500  500 A E  H  X S+     0   0   53     -4,-2.8     4,-2.6     1,-0.2     5,-0.2   0.922 113.4  50.7 -62.5 -42.2   35.3  -32.0   -8.5               
  501  501 A F  H  X S+     0   0  112     -4,-1.6     4,-2.1    -5,-0.3    -1,-0.2   0.921 114.1  44.5 -57.0 -44.0   38.8  -33.0  -10.0               
  502  502 A K  H  X S+     0   0   27     -4,-2.4     4,-2.4     2,-0.2    -2,-0.2   0.889 111.8  51.9 -73.0 -37.1   39.6  -34.8   -6.7               
  503  503 A K  H  X S+     0   0   27     -4,-2.8     4,-2.5     2,-0.2    -2,-0.2   0.922 112.2  47.0 -60.9 -45.6   36.1  -36.4   -6.4               
  504  504 A Q  H  X S+     0   0   90     -4,-2.6     4,-2.2     2,-0.2    -2,-0.2   0.887 110.7  53.0 -63.5 -40.2   36.6  -37.7  -10.0               
  505  505 A F  H  X S+     0   0  108     -4,-2.1     4,-1.9    -5,-0.2    -2,-0.2   0.923 112.4  43.5 -62.4 -45.5   40.1  -39.0   -9.2               
  506  506 A F  H  X S+     0   0   31     -4,-2.4     4,-2.9     2,-0.2     5,-0.3   0.933 112.2  52.8 -66.9 -42.2   38.8  -41.0   -6.1               
  507  507 A L  H  X S+     0   0   94     -4,-2.5     4,-1.4     1,-0.2    -2,-0.2   0.877 111.9  46.3 -61.9 -37.8   35.8  -42.3   -8.1               
  508  508 A Q  H  < S+     0   0  138     -4,-2.2    -1,-0.2     2,-0.2    -2,-0.2   0.866 114.3  48.3 -69.7 -37.2   38.2  -43.6  -10.9               
  509  509 A K  H >X S+     0   0  117     -4,-1.9     4,-1.8     2,-0.2     3,-1.5   0.935 111.5  47.8 -67.3 -46.6   40.6  -45.1   -8.3               
  510  510 A E  H 3< S+     0   0   76     -4,-2.9    -2,-0.2     1,-0.3    -1,-0.2   0.806 109.5  54.2 -72.7 -25.1   37.8  -46.9   -6.3               
  511  511 A G  T 3< S+     0   0   62     -4,-1.4    -1,-0.3    -5,-0.3    -2,-0.2   0.536 110.6  50.4 -74.2  -9.4   36.4  -48.3   -9.7               
  512  512 A G  T X4 S+     0   0   48     -3,-1.5     3,-1.2    -4,-0.2    -2,-0.2   0.850  96.4  61.7 -95.7 -43.0   40.0  -49.6  -10.3               
  513  513 A D  T 3< S+     0   0  132     -4,-1.8     3,-0.3     1,-0.3    -2,-0.1   0.323  90.2  74.1 -74.8  11.4   40.9  -51.6   -7.1               
  514  514 A S  T 3  S+     0   0  106      1,-0.2    -1,-0.3    -4,-0.1     3,-0.2   0.275  85.4  64.2-105.5   9.5   38.0  -54.1   -7.6               
  515  515 A M  S <  S+     0   0  174     -3,-1.2    -1,-0.2     1,-0.1    -2,-0.1  -0.162  78.4  76.4-131.4  44.7   39.5  -56.1  -10.6               
  516  516 A Q  S    S+     0   0  197     -3,-0.3     2,-0.3     1,-0.1    -1,-0.1  -0.020  78.1  67.2-144.7  47.7   42.7  -57.9   -9.3               
  517  517 A A  S    S+     0   0   92     -3,-0.2    -1,-0.1     1,-0.2     0, 0.0  -0.961  75.5  25.4-150.7 151.7   41.7  -60.9   -7.2               
  518  518 A V        +     0   0  133     -2,-0.3    -1,-0.2    -3,-0.0    -2,-0.0   0.999  45.4 128.4  67.5  91.0   40.0  -64.4   -7.8               
  519  519 A S        +     0   0  121      2,-0.0    -1,-0.0     0, 0.0     0, 0.0  -0.235  59.5 110.7-165.0  66.6   39.8  -66.5  -10.9               
  520  520 A A        -     0   0   89      0, 0.0     2,-0.0     0, 0.0     0, 0.0   0.893  50.4-133.4  81.7 149.1   40.8  -69.6   -9.7               
  521  521 A P        -     0   0  113      0, 0.0    -2,-0.0     0, 0.0    -3,-0.0   0.549  36.2  -0.4-130.3-171.7   41.2  -72.6   -8.7               
  522  522 A E        +     0   0  170     -2,-0.0     0, 0.0     0, 0.0     0, 0.0   0.913  48.3  29.9  89.5 122.2   42.5  -75.3   -6.3               
  523  523 A E        +     0   0  185      0, 0.0     0, 0.0     0, 0.0     0, 0.0   0.815  47.2   8.6  52.6 148.3   44.4  -76.4   -3.1               
  524  524 A A        -     0   0   85      1,-0.0     0, 0.0     0, 0.0     0, 0.0   0.912  25.8-156.9-156.9 169.3   45.6  -76.2   -0.0               
  525  525 A P        +     0   0  114      0, 0.0    -1,-0.0     0, 0.0     0, 0.0   0.008  14.3 136.4-105.9-165.0   46.0  -74.7    3.6               
  526  526 A T        +     0   0  136      0, 0.0     0, 0.0     0, 0.0     0, 0.0   0.358  25.4  38.5  89.4 142.7   47.9  -74.0    7.0               
  527  527 A D        -     0   0  138      0, 0.0     0, 0.0     0, 0.0     0, 0.0   0.772  35.2 -61.6-155.5 159.1   49.0  -72.1    9.4               
  528  528 A S        -     0   0  105      2,-0.0     0, 0.0     0, 0.0     0, 0.0   0.775  22.8 -30.7  53.0 162.6   49.1  -69.3   12.2               
  529  529 A A        -     0   0   91      1,-0.1     2,-0.2     0, 0.0     0, 0.0   0.783  11.4-130.3-170.1 163.7   49.2  -66.5   13.9               
  530  530 A P        -     0   0  121      0, 0.0     2,-0.2     0, 0.0    -1,-0.1  -0.747   9.9-158.2-119.1 162.1   49.7  -62.8   15.3               
  531  531 A E        -     0   0  188     -2,-0.2     0, 0.0     1,-0.0     0, 0.0  -0.879  14.5-140.1-152.4 124.1   50.9  -60.3   18.1               
  532  532 A K        -     0   0  188     -2,-0.2    -1,-0.0     0, 0.0     0, 0.0   0.624  10.1-122.3  18.3 173.5   50.5  -56.9   19.4               
  533  533 A P        +     0   0  101      0, 0.0     0, 0.0     0, 0.0     0, 0.0   0.767  16.4  96.7-147.0-167.8   51.4  -53.9   20.8               
  534  534 A S        +     0   0  109      1,-0.0     2,-0.0     0, 0.0     0, 0.0   0.439   3.5 178.5  64.2 167.5   52.1  -50.5   22.7               
  535  535 A D        -     0   0  157      0, 0.0    -1,-0.0     0, 0.0     0, 0.0   0.609  16.1-113.8-151.8-171.8   53.4  -48.1   24.7               
  536  536 A A        -     0   0   91      1,-0.0     0, 0.0    -2,-0.0     0, 0.0   0.159   5.4-146.2 -67.6 179.7   53.5  -44.5   26.3               
  537  537 A G        -     0   0   65      0, 0.0    -1,-0.0     0, 0.0     0, 0.0   0.828   5.1-168.1 167.0-171.2   54.3  -41.4   27.1               
  538  538 A E        -     0   0  198      2,-0.0     0, 0.0     0, 0.0     0, 0.0   0.579   9.5 -69.4  61.6 161.5   54.8  -38.2   29.2               
  539  539 A D        +     0   0  156      0, 0.0     0, 0.0     0, 0.0     0, 0.0   0.808  19.8 149.3-163.5 170.6   55.4  -35.0   30.1               
  540  540 A G        +     0   0   63      0, 0.0    -2,-0.0     0, 0.0     0, 0.0   0.266  20.3 172.9 136.9 122.0   56.5  -31.4   31.1               
  541  541 A A        -     0   0   97      1,-0.1     0, 0.0     0, 0.0     0, 0.0   0.273  19.7 -66.8-121.1-128.0   55.2  -27.7   31.1               
  542  542 A P        -     0   0  109      0, 0.0    -1,-0.1     0, 0.0     2,-0.1   0.302  19.3-178.5-118.5-163.1   55.7  -24.1   32.1               
  543  543 A E        +     0   0  168      1,-0.2     0, 0.0     2,-0.0     0, 0.0  -0.395  22.9  75.3 158.9 172.1   56.1  -21.0   34.3               
  544  544 A D        +     0   0  148     -2,-0.1    -1,-0.2     0, 0.0     2,-0.0   0.879  23.4 141.1  62.1 124.3   56.7  -17.2   35.1               
  545  545 A A        -     0   0   91      0, 0.0    -2,-0.0     0, 0.0     0, 0.0   0.739  18.4-138.8  90.1 157.4   55.4  -14.0   35.2               
  546  546 A A        -     0   0   82     -2,-0.0     0, 0.0     0, 0.0     0, 0.0   0.768   9.1 -38.9-158.9 175.7   55.1  -11.1   36.6               
  547  547 A E        +     0   0  180      0, 0.0     0, 0.0     0, 0.0     0, 0.0   0.760  16.3  78.7  64.5 156.3   53.9   -7.7   38.0               
  548  548 A V        -     0   0  124      0, 0.0     0, 0.0     0, 0.0     0, 0.0   0.674  14.0 -24.1-161.4 158.3   52.5   -4.8   38.8               
  549  549 A G        +     0   0   61      0, 0.0     2,-0.0     0, 0.0     0, 0.0   0.708   8.3 158.2  96.6 128.2   50.5   -1.6   39.9               
  550  550 A A        +     0   0  103      0, 0.0     0, 0.0     0, 0.0     0, 0.0   0.620   5.5 127.3  83.6 142.7   48.3    0.8   40.7               
  551  551 A R        -     0   0  233     -2,-0.0     0, 0.0     0, 0.0     0, 0.0   0.600  13.8 -81.0-177.6 145.8   46.7    3.5   41.9               
  552  552 A A        -     0   0  102      0, 0.0     0, 0.0     0, 0.0     0, 0.0   0.307   3.7-162.6  61.3 168.6   44.7    6.8   42.8               
  553  553 A G        -     0   0   74      0, 0.0     0, 0.0     0, 0.0     0, 0.0   0.889  13.3-130.3 178.9-169.8   43.7    9.9   43.2               
  554  554 A S        -     0   0  128      0, 0.0     0, 0.0     0, 0.0     0, 0.0  -0.040  15.5 -10.4-174.6 104.5   41.8   12.3   44.5               
  555  555 A G        +     0   0   85      0, 0.0     0, 0.0     0, 0.0     0, 0.0   0.028   2.3 177.8  94.6 164.2   39.4   15.4   44.8               
  556  556 A G        -     0   0   76      0, 0.0     0, 0.0     0, 0.0     0, 0.0   0.648  10.1-164.0 164.4-178.2   37.6   18.0   44.8               
  557  557 A K        +     0   0  192      0, 0.0     0, 0.0     0, 0.0     0, 0.0   0.945  18.8  76.3  75.9 126.0   35.1   20.5   46.4               
  558  558 A K        -     0   0  166      0, 0.0     0, 0.0     0, 0.0     0, 0.0   0.720  28.1 -14.5  73.7 151.7   32.6   23.3   46.1               
  559  559 A E        -     0   0  147      1,-0.0     2,-0.1     0, 0.0     0, 0.0   0.843  14.5-143.8-150.6 174.1   30.1   25.4   45.8               
  560  560 A A        +     0   0   82      2,-0.0     2,-0.2     0, 0.0    -1,-0.0  -0.336  24.4 135.7 -73.3 154.4   26.7   26.8   44.6               
  561  561 A S        -     0   0  129     -2,-0.1     2,-0.3     0, 0.0     0, 0.0  -0.618  25.5-133.3 178.4 168.4   25.0   29.8   43.5               
  562  562 A S        +     0   0  107     -2,-0.2    -2,-0.0     2,-0.0     2,-0.0  -0.783  24.8 140.2-102.5 147.5   22.5   31.3   40.9               
  563  563 A S        -     0   0  116     -2,-0.3     2,-0.1     2,-0.1    -1,-0.0  -0.078  27.2-136.2 178.6 134.5   21.5   33.8   38.5               
  564  564 A K        +     0   0  196     -2,-0.0     2,-0.3     2,-0.0    -2,-0.0  -0.177  32.2 142.3 -33.1 117.7   19.7   34.1   35.1               
  565  565 A T        -     0   0  138     -2,-0.1    -2,-0.1     0, 0.0     0, 0.0  -0.940  29.5-136.7-148.0 165.9   20.7   36.3   32.1               
  566  566 A V        +     0   0  135     -2,-0.3    -2,-0.0     1,-0.2     0, 0.0  -0.932  23.5  26.9-156.8 167.6   20.5   35.7   28.2               
  567  567 A P        +     0   0  115      0, 0.0     2,-0.2     0, 0.0    -1,-0.2   0.801  22.1 116.1-128.4 178.4   21.6   35.8   25.2               
  568  568 A D        -     0   0  171      2,-0.0     2,-0.3     0, 0.0     0, 0.0  -0.840  38.3-141.6-156.5 158.8   23.7   35.9   22.2               
  569  569 A G        -     0   0   61     -2,-0.2     2,-0.4     2,-0.0     0, 0.0  -0.743  22.6-174.0-116.0 150.6   23.9   33.3   19.3               
  570  570 A K        -     0   0  207     -2,-0.3     2,-0.5     2,-0.0    -2,-0.0  -0.933  24.8-148.3-133.6 114.9   26.2   31.4   16.8               
  571  571 A L        -     0   0  183     -2,-0.4     2,-0.3     2,-0.0    -2,-0.0  -0.719  11.6-168.4 -82.7 122.2   24.4   29.2   14.3               
  572  572 A V        -     0   0  134     -2,-0.5     2,-0.6     1,-0.0    -2,-0.0  -0.849  37.0 -94.7-109.0 147.0   26.3   26.1   13.1               
  573  573 A K        -     0   0  207     -2,-0.3     2,-0.3     1,-0.0    -2,-0.0  -0.502  41.8-162.7 -72.9 105.3   24.9   24.1   10.2               
  574  574 A A        -     0   0   97     -2,-0.6     2,-0.1     1,-0.1    -1,-0.0  -0.653  17.6-117.1 -90.9 144.3   22.7   21.1   11.3               
  575  575 A S        -     0   0  119     -2,-0.3     2,-1.1     1,-0.1    -1,-0.1  -0.418  25.7-109.2 -77.9 150.7   21.8   18.1    9.0               
  576  576 A F        +     0   0  189     -2,-0.1    -1,-0.1     2,-0.0     0, 0.0  -0.708  49.9 160.7 -84.1  97.0   18.2   17.2    7.9               
  577  577 A A        -     0   0   71     -2,-1.1     2,-0.1     1,-0.0     0, 0.0  -0.848  46.9 -94.3-107.6 152.0   17.3   14.0    9.7               
  578  578 A P        -     0   0  125      0, 0.0     2,-0.8     0, 0.0    -1,-0.0  -0.440  35.0-126.0 -65.0 137.6   13.6   12.7   10.2               
  579  579 A I        -     0   0  143     -2,-0.1     2,-0.4     2,-0.0     0, 0.0  -0.782  26.6-168.3 -86.8 109.2   11.9   13.8   13.5               
  580  580 A S        -     0   0  110     -2,-0.8     2,-0.9     2,-0.0     0, 0.0  -0.837  19.2-131.6 -94.4 133.1   10.6   10.6   15.3               
  581  581 A F        -     0   0  186     -2,-0.4     2,-0.7     2,-0.0    -2,-0.0  -0.755  18.6-159.7 -89.8 102.0    8.3   11.3   18.3               
  582  582 A A        -     0   0   99     -2,-0.9     2,-0.7     2,-0.0    -2,-0.0  -0.734   7.7-148.8 -80.3 113.6    9.4    9.2   21.3               
  583  583 A I        -     0   0  166     -2,-0.7     2,-0.9     1,-0.0    -2,-0.0  -0.757  24.0-130.0 -76.5 113.8    6.6    8.7   23.8               
  584  584 A K        -     0   0  174     -2,-0.7    -1,-0.0     1,-0.0    -2,-0.0  -0.606  16.6-143.4 -74.4 103.5    8.5    8.5   27.1               
  585  585 A A        -     0   0   82     -2,-0.9     2,-0.7     1,-0.1    -1,-0.0  -0.321  15.4-127.3 -56.8 144.1    7.3    5.4   29.0               
  586  586 A K        -     0   0  194      2,-0.0     2,-0.2    -2,-0.0    -1,-0.1  -0.901  23.1-153.0-104.8 102.4    7.3    6.0   32.8               
  587  587 A E        +     0   0  150     -2,-0.7     0, 0.0     1,-0.1     0, 0.0  -0.543  38.7 104.0 -69.8 140.1    9.2    3.4   34.8               
  588  588 A N        +     0   0  134      1,-0.3     2,-0.2    -2,-0.2    -1,-0.1   0.647  35.9  72.7 137.3  92.3    8.4    2.4   38.4               
  589  589 A D        +     0   0  146      0, 0.0    -1,-0.3     0, 0.0     2,-0.3  -0.596  39.9 165.4-160.3 165.0    6.8   -0.2   40.3               
  590  590 A L        +     0   0  151     -2,-0.2     0, 0.0     2,-0.0     0, 0.0  -0.913  13.5 106.1-143.1 173.5    7.8   -3.9   41.1               
  591  591 A L        +     0   0  156     -2,-0.3     2,-0.1     0, 0.0     0, 0.0  -0.007  41.8  37.4  90.1 156.8    7.3   -7.0   43.3               
  592  592 A P        +     0   0  113      0, 0.0    -2,-0.0     0, 0.0     0, 0.0  -0.152  13.4 178.2-139.7 163.2    5.9  -10.1   43.0               
  593  593 A L        +     0   0  155     -2,-0.1     2,-0.3     1,-0.0     0, 0.0   0.222  13.5 175.3  -5.6 123.7    4.7  -13.6   42.1               
  594  594 A E        -     0   0  197      2,-0.0     2,-0.3     0, 0.0    -1,-0.0  -0.894  20.9-159.0-134.2 170.6    2.8  -16.3   43.9               
  595  595 A K        -     0   0  181     -2,-0.3     2,-0.2     2,-0.0     0, 0.0  -0.912  23.2-179.6-136.6 156.2    1.6  -19.6   42.3               
  596  596 A N        +     0   0  176     -2,-0.3     2,-0.3     2,-0.0    -2,-0.0  -0.923  16.7 179.8-162.6 163.0   -0.7  -22.7   42.1               
  597  597 A R        -     0   0  130     -2,-0.2     2,-0.2     2,-0.0    -2,-0.0  -0.989  14.8-172.6-151.8 147.8   -1.0  -25.8   39.7               
  598  598 A V        -     0   0  135     -2,-0.3     2,-0.1     0, 0.0    -2,-0.0  -0.668  25.4-145.2-168.3 125.9   -2.7  -29.1   38.7               
  599  599 A K        -     0   0  137     -2,-0.2    -2,-0.0     0, 0.0     0, 0.0   0.393  10.5 -96.4  79.6 138.7   -2.1  -31.6   36.3               
  600  600 A L        -     0   0  114     -2,-0.1     0, 0.0     0, 0.0     0, 0.0   0.875   8.8-156.6-164.5-160.0   -2.2  -33.9   34.0               
  601  601 A D        +     0   0  141      0, 0.0     2,-0.1     0, 0.0     0, 0.0   0.916  16.6 176.0  73.5 107.4   -2.3  -37.2   31.9               
  602  602 A D        -     0   0  151      0, 0.0     2,-0.2     0, 0.0     0, 0.0   0.001  10.9-156.2  88.4 117.0   -1.7  -38.0   28.6               
  603  603 A D        -     0   0  165     -2,-0.1     2,-0.2     2,-0.0     0, 0.0  -0.898  18.8-150.0-162.4 157.8   -1.6  -41.2   26.5               
  604  604 A S        +     0   0   86     -2,-0.2     2,-0.0     2,-0.0     0, 0.0  -0.629  23.8 146.0-116.6 156.6    0.2  -42.2   23.2               
  605  605 A D        -     0   0  155     -2,-0.2     2,-0.2     2,-0.0    -2,-0.0   0.034   8.8-175.3 171.8 143.1    0.7  -43.8   20.0               
  606  606 A D        +     0   0  157      2,-0.0     2,-0.2    -2,-0.0    -2,-0.0  -0.653  13.5 174.8 -82.6 155.1    2.1  -43.7   16.4               
  607  607 A D        -     0   0  169     -2,-0.2     2,-0.4     2,-0.0    -2,-0.0  -0.775   6.9-173.8-159.2 139.9    1.9  -46.3   13.7               
  608  608 A E        +     0   0  178     -2,-0.2     2,-0.3     2,-0.0    -2,-0.0  -0.975  12.7 157.4-115.1 129.4    2.9  -46.4   10.0               
  609  609 A E        -     0   0  173     -2,-0.4     2,-0.4     2,-0.0    -2,-0.0  -0.967  13.3-170.9-144.0 145.4    2.2  -49.1    7.4               
  610  610 A S        +     0   0   97     -2,-0.3     2,-0.3     2,-0.0    -2,-0.0  -0.988  18.3 142.5-119.1 129.5    2.1  -49.0    3.6               
  611  611 A K        -     0   0  185     -2,-0.4     2,-0.1     2,-0.0    -2,-0.0  -0.950  36.2-125.1-164.7 163.3    1.0  -51.6    1.1               
  612  612 A E        +     0   0  188     -2,-0.3     2,-0.2     2,-0.0    -2,-0.0  -0.427  25.2 175.7 -84.2 157.9   -0.7  -52.3   -2.2               
  613  613 A G        -     0   0   79     -2,-0.1    -2,-0.0     0, 0.0     0, 0.0  -0.581  17.0-131.4-177.6 112.8   -3.7  -54.8   -2.9               
  614  614 A Q        -     0   0  166     -2,-0.2    -2,-0.0     1,-0.1     0, 0.0  -0.124  30.6 -22.9 -55.3 147.4   -5.9  -55.7   -5.9               
  615  615 A E        -     0   0  153      2,-0.0    -1,-0.1     0, 0.0     0, 0.0   0.992  42.9  -4.5  78.7 123.1   -9.4  -56.1   -6.9               
  616  616 A S        +     0   0  107      1,-0.1     2,-0.3     0, 0.0    -2,-0.0   0.737  18.8 145.6  61.2  97.1  -13.0  -56.7   -7.3               
  617  617 A S        -     0   0  132      0, 0.0     2,-0.3     0, 0.0    -1,-0.1  -0.928  25.4-171.7-153.7 159.9  -16.3  -57.6   -5.9               
  618  618 A S        +     0   0  101     -2,-0.3     0, 0.0     1,-0.1     0, 0.0  -0.989  15.0  20.4-138.6 150.0  -19.8  -56.2   -6.8               
  619  619 A S        -     0   0  117     -2,-0.3    -1,-0.1     2,-0.0     2,-0.0   0.372  30.3-103.2  67.2 170.3  -23.5  -56.1   -6.1               
  620  620 A A        -     0   0   89      0, 0.0     2,-0.2     0, 0.0    -2,-0.0   0.452  15.1 -74.7-174.1 156.5  -26.5  -56.2   -4.6               
  621  621 A A        +     0   0   93      1,-0.1    -2,-0.0     2,-0.0     0, 0.0  -0.880  42.8  74.3-167.2 151.8  -30.1  -56.8   -3.2               
  622  622 A N        -     0   0  142     -2,-0.2    -1,-0.1     2,-0.0     0, 0.0   0.576  40.3 -77.2-170.7 167.1  -33.2  -56.6   -4.2               
  623  623 A T        +     0   0  129      0, 0.0    -2,-0.0     0, 0.0     0, 0.0   0.559  28.4 135.0  80.0 128.4  -36.9  -56.7   -5.5               
  624  624 A N        -     0   0  153      0, 0.0    -2,-0.0     0, 0.0     0, 0.0   0.221  17.2-172.0  75.8 151.9  -38.8  -56.0   -8.2               
  625  625 A P        -     0   0  106      0, 0.0     0, 0.0     0, 0.0     0, 0.0   0.478   7.5-107.2-145.5 179.7  -41.1  -57.1  -10.0               
  626  626 A A        +     0   0   88      1,-0.1     2,-0.0     0, 0.0     0, 0.0   0.230  19.3 165.6  74.6 170.6  -43.4  -57.0  -13.2               
  627  627 A V        +     0   0  148      1,-0.0    -1,-0.1     0, 0.0     0, 0.0   0.523  26.3 129.2-132.4-161.8  -45.9  -56.7  -15.4               
  628  628 A A        -     0   0   84     -2,-0.0    -1,-0.0     2,-0.0     0, 0.0  -0.698  24.2-175.0-145.0-169.2  -46.7  -56.5  -19.2               
  629  629 A P        +     0   0  118      0, 0.0     0, 0.0     0, 0.0     0, 0.0   0.330  29.8 147.7-137.8-151.3  -47.8  -56.8  -22.3               
  630  630 A P        -     0   0  117      0, 0.0    -2,-0.0     0, 0.0     0, 0.0   0.423  17.1-161.9-139.6-153.5  -47.1  -55.7  -25.7               
  631  631 A C        +     0   0  113      1,-0.2     2,-0.1     0, 0.0     0, 0.0   0.250  30.5  68.4  80.7 156.7  -46.6  -54.9  -29.5               
  632  632 A V        -     0   0  135      0, 0.0     2,-0.3     0, 0.0    -1,-0.2   0.332  36.7-154.5-113.3-143.4  -45.7  -53.8  -32.3               
  633  633 A V        +     0   0  110     -2,-0.1     2,-0.3     2,-0.0     0, 0.0  -0.994  25.8 161.3-150.9 138.2  -42.4  -53.7  -34.4               
  634  634 A V        -     0   0  148     -2,-0.3     2,-0.2     0, 0.0     0, 0.0  -0.847  31.7-175.7-143.8 141.0  -40.1  -52.2  -37.0               
  635  635 A E        +     0   0  153     -2,-0.3    -2,-0.0     2,-0.0     0, 0.0  -0.542  14.6 135.1-116.5-179.7  -36.4  -53.0  -37.0               
  636  636 A E        +     0   0  140     -2,-0.2     0, 0.0     0, 0.0     0, 0.0   0.674  32.7   0.4  88.5 133.8  -32.9  -52.3  -38.5               
  637  637 A K        +     0   0  161      1,-0.2    -2,-0.0     0, 0.0     0, 0.0   0.657  21.4 160.8-157.2 152.4  -29.8  -51.7  -38.1               
  638  638 A K        +     0   0  201      0, 0.0    -1,-0.2     0, 0.0     2,-0.1  -0.451  10.2 161.8 -71.8 155.7  -26.4  -51.1  -36.3               
  639  639 A P        +     0   0  116      0, 0.0     0, 0.0     0, 0.0     0, 0.0  -0.479  38.9   4.9-150.9 176.4  -23.0  -51.1  -36.7               
  640  640 A Q        -     0   0  178     -2,-0.1     2,-0.4     1,-0.1     0, 0.0   0.995  34.8-145.1  72.8  94.7  -19.7  -49.9  -35.2               
  641  641 A L        -     0   0   97      3,-0.0     2,-0.1     1,-0.0    -1,-0.1  -0.588  33.6-141.6 -57.4 115.7  -18.6  -48.0  -32.1               
  642  642 A T    >>  -     0   0   79     -2,-0.4     4,-1.1     1,-0.1     3,-1.0  -0.485  21.4-112.0 -81.7 159.6  -15.6  -45.9  -33.3               
  643  643 A Q  H >> S+     0   0  146      1,-0.2     4,-2.5     2,-0.2     3,-0.5   0.894 118.5  65.7 -55.2 -36.8  -12.4  -45.2  -31.2               
  644  644 A E  H 3> S+     0   0  146      1,-0.2     4,-2.6     2,-0.2    -1,-0.2   0.808  96.8  53.2 -55.4 -34.2  -13.7  -41.6  -31.1               
  645  645 A E  H <> S+     0   0   84     -3,-1.0     4,-1.8     2,-0.2    -1,-0.2   0.831 109.2  48.3 -77.2 -28.3  -16.8  -42.8  -29.0               
  646  646 A L  H <X S+     0   0   92     -4,-1.1     4,-2.6    -3,-0.5    -2,-0.2   0.920 113.6  47.2 -69.9 -42.1  -14.5  -44.5  -26.4               
  647  647 A E  H  X S+     0   0  107     -4,-2.5     4,-2.6     2,-0.2    -2,-0.2   0.921 111.5  51.3 -63.6 -40.3  -12.4  -41.3  -26.3               
  648  648 A A  H  X S+     0   0   57     -4,-2.6     4,-2.5     2,-0.2    -2,-0.2   0.875 110.2  49.4 -63.7 -37.7  -15.7  -39.3  -25.9               
  649  649 A K  H  X S+     0   0  115     -4,-1.8     4,-2.7     2,-0.2    -2,-0.2   0.937 113.3  45.6 -66.8 -44.0  -16.7  -41.6  -23.0               
  650  650 A Q  H  X S+     0   0  105     -4,-2.6     4,-2.7     2,-0.2    -2,-0.2   0.863 113.2  50.8 -65.0 -36.6  -13.2  -41.1  -21.3               
  651  651 A A  H  X S+     0   0   58     -4,-2.6     4,-1.4     2,-0.2    -2,-0.2   0.917 111.6  47.5 -66.8 -42.0  -13.5  -37.3  -22.0               
  652  652 A K  H  X S+     0   0  137     -4,-2.5     4,-2.5     2,-0.2     3,-0.4   0.944 113.5  47.8 -61.9 -47.8  -17.1  -37.3  -20.4               
  653  653 A Q  H  X S+     0   0  119     -4,-2.7     4,-3.2     1,-0.2     5,-0.3   0.950 111.1  50.5 -60.2 -46.6  -15.8  -39.3  -17.4               
  654  654 A K  H  X S+     0   0  123     -4,-2.7     4,-1.1     1,-0.2    -1,-0.2   0.750 112.0  48.8 -62.5 -26.7  -12.7  -37.0  -17.0               
  655  655 A L  H  X S+     0   0  108     -4,-1.4     4,-2.2    -3,-0.4    -1,-0.2   0.890 113.1  46.5 -75.0 -42.1  -15.2  -34.0  -17.1               
  656  656 A E  H  X S+     0   0  115     -4,-2.5     4,-2.6     2,-0.2    -2,-0.2   0.942 113.3  48.7 -65.0 -45.7  -17.4  -35.7  -14.4               
  657  657 A D  H  X S+     0   0   91     -4,-3.2     4,-2.4     1,-0.2    -1,-0.2   0.874 111.5  50.9 -60.8 -39.9  -14.3  -36.6  -12.2               
  658  658 A R  H  X S+     0   0  194     -4,-1.1     4,-2.6    -5,-0.3    -2,-0.2   0.902 111.1  47.4 -66.3 -41.1  -13.1  -32.9  -12.6               
  659  659 A L  H  X S+     0   0  114     -4,-2.2     4,-2.3     2,-0.2    -2,-0.2   0.909 113.3  48.8 -66.1 -40.2  -16.6  -31.6  -11.5               
  660  660 A A  H  X S+     0   0   45     -4,-2.6     4,-2.0     2,-0.2    -2,-0.2   0.883 112.7  48.2 -65.7 -39.0  -16.6  -34.0   -8.6               
  661  661 A A  H  X S+     0   0   56     -4,-2.4     4,-2.6     2,-0.2    -2,-0.2   0.956 112.4  48.1 -64.6 -48.4  -13.0  -32.9   -7.6               
  662  662 A A  H  X S+     0   0   52     -4,-2.6     4,-2.7     1,-0.2    -2,-0.2   0.871 111.1  51.5 -61.6 -37.6  -14.0  -29.2   -7.8               
  663  663 A A  H  X S+     0   0   62     -4,-2.3     4,-1.9     2,-0.2    -1,-0.2   0.917 111.5  46.9 -65.1 -42.4  -17.2  -29.9   -5.7               
  664  664 A R  H  X S+     0   0  196     -4,-2.0     4,-2.4     2,-0.2    -2,-0.2   0.897 112.6  50.1 -64.7 -40.2  -15.0  -31.6   -3.0               
  665  665 A E  H  X S+     0   0  116     -4,-2.6     4,-3.0     2,-0.2    -2,-0.2   0.943 108.6  51.7 -65.3 -44.8  -12.5  -28.7   -3.1               
  666  666 A K  H  X S+     0   0  145     -4,-2.7     4,-2.5     2,-0.2    -2,-0.2   0.884 111.7  47.9 -56.8 -39.8  -15.3  -26.1   -2.7               
  667  667 A L  H  X S+     0   0  120     -4,-1.9     4,-2.3     2,-0.2    -2,-0.2   0.930 113.0  47.2 -68.0 -42.7  -16.6  -28.1    0.3               
  668  668 A A  H  X S+     0   0   48     -4,-2.4     4,-2.1     2,-0.2    -2,-0.2   0.876 112.5  50.1 -65.6 -37.8  -13.0  -28.3    1.8               
  669  669 A Q  H  X S+     0   0   84     -4,-3.0     4,-3.0     2,-0.2     5,-0.2   0.950 110.0  50.8 -62.2 -47.1  -12.6  -24.5    1.1               
  670  670 A A  H  X S+     0   0   53     -4,-2.5     4,-2.6     1,-0.2    -2,-0.2   0.883 110.1  49.6 -61.2 -38.5  -15.9  -23.8    2.9               
  671  671 A S  H  X S+     0   0   71     -4,-2.3     4,-2.0     2,-0.2    -1,-0.2   0.908 113.1  46.6 -65.6 -40.3  -14.8  -25.9    5.9               
  672  672 A K  H  X S+     0   0  157     -4,-2.1     4,-2.4     2,-0.2    -2,-0.2   0.940 114.3  47.5 -64.1 -45.8  -11.4  -24.0    6.0               
  673  673 A E  H  X S+     0   0  105     -4,-3.0     4,-2.8     1,-0.2    -2,-0.2   0.903 111.4  50.8 -63.0 -42.1  -13.3  -20.6    5.7               
  674  674 A S  H  X S+     0   0   71     -4,-2.6     4,-2.1    -5,-0.2    -1,-0.2   0.898 110.9  49.3 -61.6 -41.0  -15.8  -21.7    8.4               
  675  675 A K  H  X S+     0   0  148     -4,-2.0     4,-2.5     2,-0.2    -2,-0.2   0.913 113.5  45.1 -67.3 -41.0  -12.9  -22.6   10.8               
  676  676 A E  H  X S+     0   0   85     -4,-2.4     4,-2.7     2,-0.2    -2,-0.2   0.894 111.4  53.2 -71.5 -35.6  -11.1  -19.2   10.1               
  677  677 A K  H  X S+     0   0  129     -4,-2.8     4,-2.0     2,-0.2    -2,-0.2   0.909 110.7  48.2 -60.5 -39.8  -14.5  -17.4   10.6               
  678  678 A Q  H  X S+     0   0  131     -4,-2.1     4,-2.4     2,-0.2    -2,-0.2   0.943 112.0  48.0 -66.7 -45.0  -14.8  -19.2   14.0               
  679  679 A L  H  X S+     0   0   67     -4,-2.5     4,-2.8     1,-0.2    -2,-0.2   0.895 111.9  50.5 -60.1 -39.9  -11.2  -18.2   14.9               
  680  680 A Q  H  X S+     0   0   93     -4,-2.7     4,-2.5     2,-0.2    -1,-0.2   0.883 109.0  51.5 -66.7 -36.5  -12.0  -14.6   13.9               
  681  681 A A  H  X S+     0   0   56     -4,-2.0     4,-2.6     2,-0.2    -2,-0.2   0.916 112.1  46.1 -65.5 -41.2  -15.2  -14.7   16.1               
  682  682 A E  H  X S+     0   0  120     -4,-2.4     4,-3.0     2,-0.2     5,-0.2   0.938 112.1  50.4 -65.9 -44.2  -13.0  -16.0   19.0               
  683  683 A R  H  X S+     0   0  139     -4,-2.8     4,-2.5     2,-0.2    -2,-0.2   0.932 113.3  46.9 -57.2 -45.0  -10.4  -13.3   18.3               
  684  684 A K  H  X S+     0   0  131     -4,-2.5     4,-2.4     2,-0.2    -2,-0.2   0.914 113.3  48.4 -61.5 -44.3  -13.2  -10.7   18.3               
  685  685 A R  H  X S+     0   0  195     -4,-2.6     4,-2.3     2,-0.2    -2,-0.2   0.914 113.1  47.2 -63.5 -44.2  -14.7  -12.1   21.5               
  686  686 A K  H  X S+     0   0  168     -4,-3.0     4,-2.4     2,-0.2    -2,-0.2   0.905 113.6  48.3 -65.1 -41.9  -11.3  -12.1   23.3               
  687  687 A A  H  X S+     0   0   51     -4,-2.5     4,-2.5    -5,-0.2    -2,-0.2   0.897 111.7  49.7 -65.0 -40.8  -10.6   -8.5   22.1               
  688  688 A A  H  X S+     0   0   56     -4,-2.4     4,-1.7     2,-0.2    -2,-0.2   0.912 111.3  49.0 -64.2 -41.2  -14.2   -7.4   23.3               
  689  689 A L  H  X S+     0   0  101     -4,-2.3     4,-2.4     2,-0.2    -2,-0.2   0.922 111.3  49.8 -66.0 -40.8  -13.6   -9.0   26.7               
  690  690 A F  H  X S+     0   0  129     -4,-2.4     4,-2.2     1,-0.2    -2,-0.2   0.935 110.2  50.2 -61.9 -43.8  -10.1   -7.2   27.0               
  691  691 A L  H  < S+     0   0  112     -4,-2.5     4,-0.4     2,-0.2    -1,-0.2   0.833 109.1  53.3 -62.7 -31.7  -11.9   -3.9   26.0               
  692  692 A Q  H >X S+     0   0  128     -4,-1.7     4,-1.2     2,-0.2     3,-0.9   0.920 107.0  50.3 -68.8 -43.1  -14.4   -4.7   28.8               
  693  693 A T  H 3< S+     0   0   84     -4,-2.4     3,-0.4     1,-0.3    -2,-0.2   0.900 110.5  50.2 -62.8 -36.3  -11.6   -5.2   31.4               
  694  694 A L  T 3< S+     0   0  115     -4,-2.2    -1,-0.3     1,-0.2    -2,-0.2   0.634 107.6  56.2 -72.3 -15.3  -10.1   -1.8   30.3               
  695  695 A K  T <4 S+     0   0  169     -3,-0.9    -1,-0.2    -4,-0.4    -2,-0.2   0.781 108.1  46.4 -84.0 -29.6  -13.6   -0.2   30.7               
  696  696 A N     <  -     0   0  120     -4,-1.2     2,-0.8    -3,-0.4    -1,-0.2  -0.721  65.2-176.9-121.3  74.8  -14.1   -1.2   34.4               
  697  697 A P        -     0   0  113      0, 0.0    -3,-0.1     0, 0.0    -4,-0.0  -0.652  20.7-150.8 -67.8 108.7  -11.0   -0.5   36.6               
  698  698 A L        -     0   0  151     -2,-0.8     2,-0.7     1,-0.0    -2,-0.0  -0.703   9.2-129.6 -79.3 133.1  -12.0   -1.9   40.0               
  699  699 A P        -     0   0  114      0, 0.0     2,-0.4     0, 0.0    -1,-0.0  -0.786  18.1-161.5 -84.2 114.7  -10.5   -0.2   43.1               
  700  700 A E        -     0   0  187     -2,-0.7     2,-0.2     0, 0.0     0, 0.0  -0.788  16.0-179.1 -83.5 136.6   -8.9   -2.7   45.5               
  701  701 A A        -     0   0   89     -2,-0.4     0, 0.0     1,-0.2     0, 0.0  -0.724  20.0 -72.6-152.5 104.5   -8.4   -1.1   49.0               
  702  702 A E        +     0   0  184     -2,-0.2    -1,-0.2     2,-0.0     0, 0.0   0.876  57.1  44.1  69.8 147.0   -7.0   -2.4   52.2               
  703  703 A A        +     0   0   99      1,-0.1     2,-0.3     2,-0.0    -2,-0.1   0.908  28.7 177.5  61.2 134.0   -6.9   -4.5   55.4               
  704  704 A G        +     0   0   69      1,-0.2    -1,-0.1     0, 0.0    -2,-0.0  -0.963  29.7  57.0-149.9 172.5   -7.6   -8.0   56.7               
  705  705 A K        +     0   0  204     -2,-0.3    -1,-0.2     1,-0.1     2,-0.1   0.944  36.2 104.4  66.5 114.4   -7.5  -10.2   59.9               
  706  706 A I        -     0   0  170      0, 0.0    -1,-0.1     0, 0.0     2,-0.1  -0.334  38.5-142.7-174.5 158.0   -8.5  -10.6   63.3               
  707  707 A E        -     0   0  177      1,-0.1     0, 0.0    -2,-0.1     0, 0.0  -0.366  31.4  -7.5 -95.7 166.6  -11.1  -12.8   65.1               
  708  708 A E        +     0   0  190     -2,-0.1    -1,-0.1     2,-0.0     0, 0.0   0.751  41.5 113.0  33.1 119.5  -13.7  -13.0   67.9               
  709  709 A S        -     0   0  119      0, 0.0     2,-0.3     0, 0.0     0, 0.0  -0.029  27.2-168.3 179.2 136.8  -15.4  -11.7   70.8               
  710  710 A P        +     0   0  109      0, 0.0     2,-0.1     0, 0.0    -2,-0.0  -0.756  11.0 164.1-106.4 150.7  -19.0  -10.4   71.5               
  711  711 A F        +     0   0  214     -2,-0.3     0, 0.0     1,-0.0     0, 0.0  -0.506  23.7 179.7 177.0 145.0  -21.1   -8.5   74.1               
  712  712 A S        +     0   0   96     -2,-0.1    -1,-0.0     0, 0.0     0, 0.0   0.816  34.0 167.0-169.4-178.4  -24.2   -7.1   74.0               
  713  713 A V        -     0   0  116      0, 0.0    -2,-0.0     0, 0.0     0, 0.0   0.952  39.5 -25.4  84.6 101.1  -27.6   -5.2   74.6               
  714  714 A E        +     0   0  153      0, 0.0     0, 0.0     0, 0.0     0, 0.0   0.891  37.2  83.3  49.9 147.0  -30.6   -3.8   72.6               
  715  715 A E        -     0   0  166      0, 0.0     0, 0.0     0, 0.0     0, 0.0   0.830  41.4 -10.1-160.2 149.1  -32.7   -2.5   70.4               
  716  716 A S        -     0   0   98      2,-0.0     0, 0.0     0, 0.0     0, 0.0   0.615  51.3 -60.9-177.1 147.2  -34.8   -2.5   67.8               
  717  717 A S        -     0   0  108      1,-0.1     2,-0.1     2,-0.0     0, 0.0   0.614  32.0-171.3  18.4 120.3  -36.5   -4.4   64.8               
  718  718 A T        +     0   0  127      2,-0.0    -1,-0.1     0, 0.0    -2,-0.0   0.158  15.4  35.1  73.5 128.6  -35.7   -5.9   61.9               
  719  719 A T        -     0   0  126     -2,-0.1     2,-0.1     1,-0.1    -2,-0.0   0.885  20.8-146.4-163.8 172.4  -36.7   -7.3   58.9               
  720  720 A P        +     0   0  109      0, 0.0    -1,-0.1     0, 0.0    -2,-0.0  -0.464  41.4  48.4 -98.1-179.5  -38.4   -8.5   55.5               
  721  721 A C        +     0   0  123     -2,-0.1     2,-0.0     1,-0.1     0, 0.0   0.311  12.9 130.7  75.3 160.3  -39.0  -11.9   53.6               
  722  722 A P        -     0   0  115      0, 0.0    -1,-0.1     0, 0.0     0, 0.0   0.361  28.3-110.2-134.8-165.5  -39.6  -14.7   52.5               
  723  723 A L        +     0   0  156     -2,-0.0     2,-0.1     0, 0.0     0, 0.0   0.096  26.4 152.7 -22.6 143.0  -41.2  -17.1   49.8               
  724  724 A L        -     0   0  165      0, 0.0     0, 0.0     0, 0.0     0, 0.0  -0.197  26.8 -99.3 174.9 150.8  -43.8  -19.5   49.2               
  725  725 A T        -     0   0  130     -2,-0.1     0, 0.0     1,-0.0     0, 0.0   0.223  42.5 -46.9  -3.7 119.3  -46.4  -21.3   46.9               
  726  726 A G        +     0   0   79      1,-0.1     2,-0.2     0, 0.0    -1,-0.0   0.930  26.2 171.2  73.8 120.0  -49.9  -21.4   45.9               
  727  727 A G        -     0   0   85      2,-0.0    -1,-0.1     0, 0.0     0, 0.0  -0.672  15.1-166.2-178.6 126.5  -53.7  -21.4   46.6               
  728  728 A R        +     0   0  206     -2,-0.2     2,-0.1     0, 0.0     0, 0.0  -0.604  17.6 147.2 -93.9 167.0  -57.1  -21.2   44.7               
  729  729 A P        +     0   0  116      0, 0.0    -2,-0.0     0, 0.0     0, 0.0   0.099  17.4 172.8-123.9 171.2  -60.4  -20.7   44.6               
  730  730 A L        +     0   0  110     -2,-0.1     0, 0.0     2,-0.0     0, 0.0   0.473  12.9 173.9  62.5 151.5  -63.0  -19.4   42.5               
  731  731 A P        -     0   0  107      0, 0.0     0, 0.0     0, 0.0     0, 0.0   0.600  11.8-141.5-137.7 162.5  -65.9  -18.8   41.5               
  732  732 A T        -     0   0  119      1,-0.1     2,-0.3     0, 0.0    -2,-0.0   0.732   9.8-165.6  39.4 132.7  -68.3  -17.0   39.0               
  733  733 A L        -     0   0  175      2,-0.0     2,-0.3     0, 0.0    -1,-0.1  -0.880  25.6-163.0-146.6 141.8  -71.5  -15.2   38.3               
  734  734 A E        +     0   0  158     -2,-0.3     2,-0.3     2,-0.0     0, 0.0  -0.818  21.0 172.5-108.0 153.8  -72.9  -14.7   34.7               
  735  735 A V        -     0   0  149     -2,-0.3    -2,-0.0     0, 0.0     0, 0.0  -0.877  17.3-160.1-145.7 138.4  -75.4  -12.7   32.7               
  736  736 A K        -     0   0  180     -2,-0.3    -2,-0.0     1,-0.1     0, 0.0  -0.687  13.4-125.2-105.7 162.4  -75.6  -12.8   28.8               
  737  737 A P        -     0   0  107      0, 0.0     2,-0.3     0, 0.0    -1,-0.1  -0.365  12.2-120.7 -97.4 176.4  -77.2  -10.3   26.2               
  738  738 A P        -     0   0  122      0, 0.0     2,-0.1     0, 0.0     0, 0.0  -0.884  28.8-130.7-113.9 157.3  -79.8  -10.2   23.4               
  739  739 A D        +     0   0  156     -2,-0.3     0, 0.0     2,-0.0     0, 0.0  -0.431  30.6 137.7 -85.7 162.2  -79.4   -9.3   19.6               
  740  740 A R        -     0   0  243     -2,-0.1     2,-0.1     2,-0.0     0, 0.0  -0.273  17.7-162.6 165.1 163.8  -80.6   -7.4   16.7               
  741  741 A P        -     0   0  118      0, 0.0     2,-0.3     0, 0.0    -2,-0.0  -0.407  13.5-148.1-118.1 178.9  -79.7   -5.2   13.7               
  742  742 A S        -     0   0  127     -2,-0.1     2,-0.3     2,-0.0    -2,-0.0  -0.962  21.9-147.7-152.3 155.0  -80.3   -2.7   10.9               
  743  743 A S        +     0   0  103     -2,-0.3     2,-0.2     2,-0.0     0, 0.0  -0.776  18.4 172.3-112.9 154.0  -78.8   -2.3    7.3               
  744  744 A K        +     0   0  216     -2,-0.3     2,-0.3     2,-0.0    -2,-0.0  -0.722   6.4 171.6-160.4 127.4  -77.9    0.2    4.6               
  745  745 A S        -     0   0  118     -2,-0.2    -2,-0.0     2,-0.1     2,-0.0  -0.820   6.9-175.0-111.9 153.9  -75.9   -0.3    1.3               
  746  746 A K        +     0   0  196     -2,-0.3    -2,-0.0     2,-0.0     0, 0.0  -0.304  18.1 135.7-164.5  92.3  -75.4    2.2   -1.6               
  747  747 A D        -     0   0  158     -2,-0.0    -2,-0.1     0, 0.0     0, 0.0  -0.733  21.7-177.7 -86.0 154.4  -73.8    2.0   -5.0               
  748  748 A P        -     0   0  108      0, 0.0    -2,-0.0     0, 0.0     0, 0.0  -0.407  15.3 -12.8-159.8-157.5  -74.8    3.1   -8.1               
  749  749 A P        -     0   0  122      0, 0.0     2,-0.3     0, 0.0     0, 0.0   0.856   4.1-178.4-126.3 179.1  -74.1    3.3  -11.4               
  750  750 A R        +     0   0  228      2,-0.0     2,-0.2     0, 0.0     0, 0.0  -0.766  34.0 142.8 -90.9 148.3  -72.4    3.1  -14.9               
  751  751 A E        -     0   0  179     -2,-0.3     2,-0.1     0, 0.0     0, 0.0  -0.883  29.6-104.3-177.4 176.4  -74.2    4.2  -18.3               
  752  752 A E        +     0   0  162     -2,-0.2    -2,-0.0     1,-0.1     0, 0.0  -0.419  31.1   1.2-112.5 167.9  -73.3    6.0  -21.6               
  753  753 A E        +     0   0  130     -2,-0.1     2,-0.1     1,-0.0    -1,-0.1   0.894  18.7 145.0  60.8 113.7  -72.9    8.6  -24.3               
  754  754 A K        -     0   0  170      0, 0.0     2,-0.1     0, 0.0    -1,-0.0  -0.552  20.5-169.7-170.2 150.4  -73.4   11.9  -25.9               
  755  755 A E        +     0   0  135     -2,-0.1     0, 0.0     1,-0.1     0, 0.0  -0.301  21.4  51.3 -93.0 176.6  -71.3   14.1  -28.3               
  756  756 A K        +     0   0  157     -2,-0.1    -1,-0.1     1,-0.0     2,-0.1   0.985  17.3 125.9  72.3 111.2  -70.9   17.6  -29.9               
  757  757 A K        +     0   0  214      2,-0.0     2,-0.3     0, 0.0    -1,-0.0  -0.293  20.7 179.3-165.1 125.9  -70.6   21.1  -30.2               
  758  758 A K        +     0   0  205     -2,-0.1     2,-0.3     2,-0.0     0, 0.0  -0.652   3.8 172.5 -77.2 148.1  -67.8   23.2  -31.8               
  759  759 A K        -     0   0  210     -2,-0.3     2,-0.3     2,-0.0    -2,-0.0  -0.864  14.2-153.9-152.4 136.3  -67.6   26.9  -32.1               
  760  760 A K        -     0   0  193     -2,-0.3     2,-0.3     2,-0.0    -2,-0.0  -0.736   8.1-171.1 -85.9 146.2  -64.7   29.1  -33.3               
  761  761 A H        +     0   0  195     -2,-0.3     2,-0.3     2,-0.0    -2,-0.0  -0.975  18.4 167.5-126.6 148.7  -63.7   32.6  -32.5               
  762  762 A K        +     0   0  192     -2,-0.3     2,-0.1     2,-0.0    -2,-0.0  -0.970  12.4  77.2-150.1 161.1  -60.9   34.3  -34.6               
  763  763 A K        +     0   0  185     -2,-0.3    -2,-0.0     2,-0.0     0, 0.0   0.113  20.4 101.1  88.3 152.2  -59.4   37.8  -35.2               
  764  764 A R        -     0   0  218     -2,-0.1    -2,-0.0     0, 0.0     0, 0.0   0.509  27.5-120.9-164.9 135.4  -57.7   40.5  -34.8               
  765  765 A S        +     0   0   95      0, 0.0    -2,-0.0     0, 0.0     0, 0.0   0.680  21.5 108.2  60.7 161.9  -54.6   42.7  -35.4               
  766  766 A R        -     0   0  225      1,-0.1     0, 0.0     0, 0.0     0, 0.0   0.447   4.9-174.5-160.1 135.4  -51.9   44.5  -35.6               
  767  767 A T        +     0   0  111      0, 0.0    -1,-0.1     0, 0.0     2,-0.0   0.353  11.4 161.0  11.2 129.9  -48.3   45.6  -36.4               
  768  768 A R        -     0   0  233      2,-0.0     2,-0.1     0, 0.0     0, 0.0   0.172   8.1-179.8 163.6 113.2  -45.8   48.4  -36.0               
  769  769 A S        +     0   0   99      2,-0.0     2,-0.1    -2,-0.0     0, 0.0  -0.080   7.1 155.6  73.0  98.0  -42.4   48.7  -36.1               
  770  770 A R        +     0   0  254     -2,-0.1    -2,-0.0     0, 0.0     0, 0.0  -0.509   7.9 178.7-178.7 143.0  -39.6   51.4  -35.7               
  771  771 A S        +     0   0  110     -2,-0.1    -2,-0.0     1,-0.0     2,-0.0  -0.740   6.7 149.7-106.6 164.1  -35.9   52.0  -34.9               
  772  772 A P        -     0   0  108      0, 0.0    -1,-0.0     0, 0.0     0, 0.0   0.171  24.0 -83.8-157.6 175.6  -33.4   54.2  -34.5               
  773  773 A K        -     0   0  161     -2,-0.0    -2,-0.0     2,-0.0     0, 0.0   0.913  33.8  -4.3  57.2 126.9  -30.1   55.4  -33.0               
  774  774 A Y        +     0   0  181      1,-0.1     2,-0.1     0, 0.0     0, 0.0   0.902  21.3 125.7  56.6 131.9  -27.9   57.2  -30.3               
  775  775 A H        -     0   0  184      0, 0.0    -1,-0.1     0, 0.0    -2,-0.0  -0.107  32.6-109.6-159.7 180.0  -26.7   58.9  -27.7               
  776  776 A S        +     0   0  112     -2,-0.1     2,-0.0     0, 0.0     0, 0.0  -0.167  25.7 128.2 -61.4 157.2  -24.2   58.8  -24.7               
  777  777 A S        -     0   0  104      0, 0.0     0, 0.0     0, 0.0     0, 0.0   0.220  29.1 -24.7-172.6 178.6  -23.3   58.6  -21.6               
  778  778 A S        -     0   0  102     -2,-0.0     0, 0.0     0, 0.0     0, 0.0   0.987  40.8 -90.1  75.5  95.3  -21.6   57.5  -18.3               
  779  779 A K        +     0   0  199      0, 0.0     2,-0.1     0, 0.0     0, 0.0   0.592  31.9 135.2  32.5 124.9  -20.0   54.7  -16.3               
  780  780 A S        -     0   0  121      0, 0.0     2,-0.0     0, 0.0     0, 0.0  -0.220  30.2-120.3-157.6 173.2  -19.7   52.2  -14.4               
  781  781 A R        +     0   0  239     -2,-0.1     2,-0.0     2,-0.0     0, 0.0  -0.287  45.4  86.0 -62.1 155.3  -18.0   48.8  -14.1               
  782  782 A S        -     0   0  120     -2,-0.0     2,-0.6     2,-0.0    -1,-0.0   0.469  31.6-162.0-144.8 160.0  -18.2   45.6  -13.7               
  783  783 A R        -     0   0  246     -2,-0.0     2,-0.3     2,-0.0    -2,-0.0  -0.817   3.3-173.7 -93.5 119.6  -18.8   42.6  -16.1               
  784  784 A S        -     0   0  121     -2,-0.6     2,-0.3     0, 0.0    -2,-0.0  -0.731  18.9-151.8 -83.6 150.3  -19.9   39.1  -15.0               
  785  785 A H        -     0   0  169     -2,-0.3    -2,-0.0     1,-0.0     0, 0.0  -0.972  25.7 -72.9-127.2 146.4  -19.8   36.6  -17.9               
  786  786 A S        -     0   0   85     -2,-0.3     2,-0.1     1,-0.2    -1,-0.0  -0.149  28.7-116.3 -48.6 128.9  -22.0   33.4  -18.4               
  787  787 A K        -     0   0  212      0, 0.0     2,-0.2     0, 0.0    -1,-0.2  -0.118  28.7-168.6  39.4  95.4  -22.4   30.3  -17.1               
  788  788 A A        -     0   0   91     -2,-0.1     0, 0.0     0, 0.0     0, 0.0  -0.735  33.6 -81.1-148.5  99.1  -21.6   27.4  -19.5               
  789  789 A K        -     0   0  195     -2,-0.2     0, 0.0     1,-0.0     0, 0.0   0.777  64.1 -13.1  39.1 122.0  -22.5   23.8  -18.7               
  790  790 A H        +     0   0  186      1,-0.1     2,-0.3     0, 0.0    -1,-0.0   0.852  32.4 156.8  44.4 103.3  -21.3   20.7  -16.7               
  791  791 A S        -     0   0  118      0, 0.0     3,-0.1     0, 0.0    -1,-0.1  -0.942  48.1-114.7-132.0 135.1  -18.2   19.6  -15.0               
  792  792 A L        -     0   0  159     -2,-0.3     0, 0.0     1,-0.2     0, 0.0  -0.095  50.0 -66.6 -60.8 158.2  -18.8   16.9  -12.3               
  793  793 A P    >   -     0   0  112      0, 0.0     2,-1.2     0, 0.0     3,-0.6  -0.156  42.5-128.8 -52.4 133.0  -18.1   17.7   -8.6               
  794  794 A S  T 3  S+     0   0  108      1,-0.2     3,-0.4    -3,-0.1    -2,-0.0  -0.059  77.7 109.3 -78.5  36.8  -14.4   18.1   -7.8               
  795  795 A A  T 3  S+     0   0   76     -2,-1.2     3,-0.4     1,-0.2     2,-0.4   0.947  71.2  52.5 -77.1 -48.3  -14.4   15.6   -4.9               
  796  796 A Y  S <  S+     0   0  232     -3,-0.6    -1,-0.2     1,-0.2     3,-0.2   0.110  90.9  87.5 -80.6  23.7  -12.4   12.7   -6.5               
  797  797 A R  S    S+     0   0  220     -3,-0.4    -1,-0.2    -2,-0.4    -2,-0.1  -0.021  71.5  57.0-130.6  41.1   -9.4   14.9   -7.5               
  798  798 A T        +     0   0  128     -3,-0.4    -1,-0.2     1,-0.0     3,-0.0  -0.298  46.0 122.8-158.9  93.9   -6.8   15.3   -4.7               
  799  799 A V        +     0   0  143     -3,-0.2     2,-0.2     1,-0.1    -1,-0.0  -0.539  64.9  61.9-132.0  69.7   -5.0   12.3   -3.1               
  800  800 A R  S    S+     0   0  241     -2,-0.0    -1,-0.1     0, 0.0     0, 0.0  -0.611  85.7  14.7-174.1 142.4   -1.3   13.0   -3.6               
  801  801 A R        +     0   0  245      1,-0.2     2,-0.8    -2,-0.2    -2,-0.0   0.908  38.8 166.8  64.2  70.9    1.4   15.7   -2.6               
  802  802 A S        +     0   0  131      2,-0.0     2,-0.3     0, 0.0    -1,-0.2  -0.870  25.2 143.7 -86.0 104.4    0.7   18.2    0.1               
  803  803 A R        -     0   0  229     -2,-0.8     2,-0.1     2,-0.0     0, 0.0  -0.917  46.6-114.1-144.0 124.8    4.2   19.7    0.7               
  804  804 A S        +     0   0  114     -2,-0.3     2,-0.4     1,-0.1    -2,-0.0  -0.227  32.3 180.0 -79.9 142.7    4.3   23.4    1.5               
  805  805 A R        -     0   0  249     -2,-0.1     2,-0.1     2,-0.0    -1,-0.1  -0.799  27.1-168.6-118.4  86.6    5.6   26.6   -0.1               
  806  806 A S        -     0   0  117     -2,-0.4     2,-0.4     1,-0.0     0, 0.0  -0.451  16.3-128.6 -65.9 142.3    4.5   29.2    2.5               
  807  807 A R        -     0   0  245     -2,-0.1    -1,-0.0     2,-0.0    -2,-0.0  -0.839  24.6-177.5 -91.3 137.2    4.8   32.9    1.5               
  808  808 A S        -     0   0  117     -2,-0.4     2,-0.1     0, 0.0     0, 0.0  -0.924  36.1 -79.1-137.6 157.0    6.6   35.4    3.7               
  809  809 A P        -     0   0  128      0, 0.0     2,-0.6     0, 0.0    -2,-0.0  -0.302  22.8-154.8 -98.1 145.5    6.8   39.0    2.8               
  810  810 A R        +     0   0  246     -2,-0.1     2,-0.1     0, 0.0     0, 0.0  -0.863  40.9 115.7 -87.4 125.0    8.6   41.6    0.6               
  811  811 A R        +     0   0  236     -2,-0.6     0, 0.0     1,-0.4     0, 0.0  -0.505  39.2  46.1-176.1 145.4    8.8   45.3    1.5               
  812  812 A R        +     0   0  249     -2,-0.1    -1,-0.4     2,-0.0     0, 0.0   0.588  58.3  21.1  67.9 140.7   11.6   47.9    2.3               
  813  813 A A        +     0   0   95      1,-0.1     2,-0.3     0, 0.0    -2,-0.0   0.717   9.1 178.7-152.2 159.7   14.3   49.1    1.5               
  814  814 A H        +     0   0  191      2,-0.0    -1,-0.1     0, 0.0    -2,-0.0  -0.738  18.9 167.0 -79.9 142.4   17.5   50.0   -0.5               
  815  815 A S        -     0   0  108     -2,-0.3     2,-0.5     2,-0.0     0, 0.0  -0.882  12.7-171.2-143.0 125.3   20.3   52.1    1.0               
  816  816 A P        +     0   0  111      0, 0.0     2,-0.3     0, 0.0    -2,-0.0  -0.873  16.5 159.2-121.3 102.7   23.6   52.1   -1.2               
  817  817 A E        -     0   0  138     -2,-0.5    -2,-0.0     1,-0.1     0, 0.0  -0.853  22.0 -45.7-149.6 121.6   26.8   53.7    0.3               
  818  818 A R        +     0   0  192     -2,-0.3    -1,-0.1     0, 0.0     0, 0.0   0.952  43.4  74.5  73.3 137.0   30.6   53.8    0.1               
  819  819 A R        -     0   0  219      0, 0.0     2,-0.2     0, 0.0    -2,-0.0   0.796  17.6-166.0  70.3 127.5   34.3   52.6   -0.1               
  820  820 A R        +     0   0  212      0, 0.0     2,-0.1     0, 0.0     0, 0.0  -0.239   8.5 166.7  85.9  97.4   36.9   51.4   -1.8               
  821  821 A E        -     0   0  144     -2,-0.2     0, 0.0     0, 0.0     0, 0.0  -0.294  21.9-141.3-179.3 116.0   40.3   49.8   -1.2               
  822  822 A E        +     0   0  135     -2,-0.1     0, 0.0     0, 0.0     0, 0.0   0.920  27.1 112.6  90.8 149.8   42.5   48.1   -3.3               
  823  823 A R        -     0   0  202      2,-0.0     0, 0.0     0, 0.0     0, 0.0   0.997  38.9 -51.2  68.7 112.2   45.1   45.3   -4.1               
  824  824 A S        -     0   0  102      1,-0.2     0, 0.0     0, 0.0     0, 0.0   0.878  14.6-139.6  60.8 113.3   46.2   42.2   -5.8               
  825  825 A V        -     0   0  126      2,-0.0     2,-0.4     0, 0.0    -1,-0.2  -0.776  24.5-150.4 -81.4 142.6   45.7   38.6   -6.9               
  826  826 A P        -     0   0  123      0, 0.0     2,-0.4     0, 0.0     0, 0.0  -0.966  11.5-163.2-105.4 140.2   48.8   36.3   -6.8               
  827  827 A T        +     0   0  137     -2,-0.4     2,-0.3     0, 0.0    -2,-0.0  -0.976  13.6 174.6-122.6 122.6   48.9   33.4   -9.3               
  828  828 A A        +     0   0   85     -2,-0.4     2,-0.0     1,-0.2     0, 0.0  -0.918  30.1  47.0-155.0 149.9   51.2   30.4   -9.1               
  829  829 A Y        +     0   0  227     -2,-0.3     2,-0.3     1,-0.1    -1,-0.2   0.554  46.1 141.9-125.0 161.0   52.0   27.5  -10.3               
  830  830 A R        +     0   0  229     -2,-0.0    -1,-0.1     0, 0.0     2,-0.1  -0.920  10.8 155.2-124.4 166.5   52.7   26.5  -14.0               
  831  831 A V        +     0   0  123     -2,-0.3     0, 0.0     1,-0.1     0, 0.0   0.114  28.8  50.5 137.9 136.0   54.9   24.3  -16.1               
  832  832 A S        +     0   0  100     -2,-0.1    -1,-0.1     0, 0.0     0, 0.0   0.710  45.2 161.3-130.4 144.4   55.5   22.6  -18.9               
  833  833 A R        +     0   0  221      2,-0.0     0, 0.0     0, 0.0     0, 0.0   0.519  24.5 170.6  56.9 136.5   55.1   23.2  -22.3               
  834  834 A S        -     0   0  110      0, 0.0     2,-0.2     0, 0.0     0, 0.0   0.296  22.0-176.7-139.6 171.9   55.6   22.8  -25.5               
  835  835 A P        -     0   0  122      0, 0.0     2,-0.2     0, 0.0    -2,-0.0  -0.617  15.1-171.2-116.7 170.9   53.9   24.4  -28.5               
  836  836 A G        +     0   0   80     -2,-0.2     2,-0.3     0, 0.0     0, 0.0  -0.717  17.4 155.7-164.2 115.9   53.5   24.6  -32.4               
  837  837 A A        +     0   0   99     -2,-0.2     2,-0.1     2,-0.0     0, 0.0  -0.856  16.8 118.1-144.4 110.3   51.6   27.1  -34.5               
  838  838 A S        -     0   0  114     -2,-0.3    -1,-0.0     2,-0.1     0, 0.0  -0.550  42.8 -96.2-171.7 129.4   52.0   28.3  -38.2               
  839  839 A R        +     0   0  230     -2,-0.1     2,-0.2     2,-0.0    -2,-0.0   0.404  35.7 136.3  24.5 115.7   50.5   28.5  -41.6               
  840  840 A K        -     0   0  215      2,-0.0     2,-0.4     0, 0.0    -2,-0.1  -0.749  29.4-135.3-172.6 171.1   50.4   26.9  -44.8               
  841  841 A R        +     0   0  237     -2,-0.2     2,-0.2     2,-0.0    -2,-0.0  -0.891  26.6 154.0-102.9 134.2   48.1   25.8  -47.7               
  842  842 A T        -     0   0  141     -2,-0.4     2,-0.2     2,-0.0    -2,-0.0  -0.551  20.2-156.9 179.3 136.4   47.8   22.6  -49.8               
  843  843 A R        +     0   0  241     -2,-0.2     2,-0.2     0, 0.0    -2,-0.0  -0.775  20.5 150.2  93.0  63.9   45.5   20.8  -51.6               
  844  844 A S        -     0   0  113     -2,-0.2     2,-0.1     2,-0.0    -2,-0.0  -0.728  24.4-114.8-175.3 158.0   45.2   17.1  -52.6               
  845  845 A R        -     0   0  254     -2,-0.2     0, 0.0     1,-0.0     0, 0.0  -0.060  23.9-169.4 168.9 114.1   42.9   14.7  -53.3               
  846  846 A S        -     0   0  117     -2,-0.1     2,-0.2     0, 0.0    -1,-0.0  -0.921  54.2 -95.2-128.8 153.9   40.9   11.5  -53.0               
  847  847 A P        -     0   0  134      0, 0.0     2,-0.3     0, 0.0     0, 0.0  -0.488  21.4-156.5 -97.8 146.5   38.7   10.5  -56.0               
  848  848 A H        -     0   0  181     -2,-0.2     0, 0.0     1,-0.1     0, 0.0  -0.814  44.2 -87.4 -97.1 148.0   35.1   10.8  -57.3               
  849  849 A E        -     0   0  157     -2,-0.3     2,-0.3     1,-0.1    -1,-0.1   0.154  47.7 -88.6 -49.7 158.9   33.7    8.4  -59.9               
  850  850 A K        -     0   0  200      2,-0.0     2,-0.5     1,-0.0    -1,-0.1  -0.570  30.0-159.0 -87.2 131.7   33.9    8.7  -63.7               
  851  851 A K        +     0   0  209     -2,-0.3    -1,-0.0     1,-0.0     2,-0.0  -0.905  23.6 155.0-111.5 116.2   31.3   10.5  -66.0               
  852  852 A K        +     0   0  207     -2,-0.5     2,-0.3     2,-0.0    -1,-0.0  -0.354  10.3 127.1-155.0  77.1   31.2    9.6  -69.7               
  853  853 A K        -     0   0  202     -2,-0.0     2,-0.1     0, 0.0    -2,-0.0  -0.965  41.0-125.6-128.6 122.6   28.2   10.0  -72.1               
  854  854 A R        -     0   0  239     -2,-0.3    -2,-0.0     1,-0.1     2,-0.0   0.280  22.2 -98.5  52.2 132.9   28.1   11.5  -75.2               
  855  855 A R        +     0   0  225     -2,-0.1    -1,-0.1     0, 0.0     0, 0.0   0.624  27.1  84.4-172.9 156.1   26.8   13.7  -77.3               
  856  856 A S        +     0   0   87     -2,-0.0    -2,-0.0     0, 0.0     0, 0.0   0.897  30.7  69.0  75.7 132.0   25.2   16.0  -79.9               
  857  857 A R        +     0   0  239      0, 0.0     2,-0.1     0, 0.0     0, 0.0   0.782  17.5 178.2  68.3 150.9   22.4   18.3  -81.2               
  858  858 A S        +     0   0   89      0, 0.0     0, 0.0     0, 0.0     0, 0.0   0.290   6.8 157.9 163.1 156.9   20.4   20.9  -81.4               
  859  859 A R        +     0   0  228     -2,-0.1     2,-0.1     0, 0.0     0, 0.0   0.407  14.2 166.1  80.0 149.9   17.5   23.2  -82.9               
  860  860 A T        +     0   0  122      0, 0.0     0, 0.0     0, 0.0     0, 0.0  -0.038   3.4 129.9 168.7 148.8   15.3   25.7  -82.2               
  861  861 A K        +     0   0  193     -2,-0.1     0, 0.0     0, 0.0     0, 0.0   0.745  17.7  49.7 101.9 134.3   12.8   28.5  -82.9               
  862  862 A S        -     0   0  101      1,-0.1     2,-0.2     0, 0.0     0, 0.0   0.872  16.0-158.2  58.8 134.8    9.6   30.6  -82.8               
  863  863 A K        +     0   0  210      2,-0.0     2,-0.2     0, 0.0    -1,-0.1  -0.511  12.6 176.1  94.4  87.4    7.0   32.4  -81.5               
  864  864 A A        -     0   0   97     -2,-0.2     2,-0.2     2,-0.1     0, 0.0  -0.705   9.2-154.8-171.9 148.4    3.4   33.7  -82.3               
  865  865 A R        +     0   0  217     -2,-0.2     2,-0.2     0, 0.0    -2,-0.0  -0.527  13.3 161.8 100.6  89.6    0.7   35.4  -81.1               
  866  866 A S        -     0   0  111     -2,-0.2     2,-0.1     2,-0.0    -2,-0.1  -0.597  12.9-146.3 168.7 162.7   -3.1   35.8  -81.5               
  867  867 A Q        +     0   0  164     -2,-0.2     2,-0.1     0, 0.0     0, 0.0  -0.211  15.8 170.2 156.5 112.8   -6.1   36.9  -80.1               
  868  868 A S        -     0   0  117     -2,-0.1    -2,-0.0     0, 0.0     2,-0.0  -0.255  20.7-133.2 164.8 119.5   -9.9   37.0  -79.3               
  869  869 A V        -     0   0  143      1,-0.2     0, 0.0    -2,-0.1     0, 0.0   0.436  11.0-111.0  92.9 117.2  -12.3   38.6  -77.3               
  870  870 A S        -     0   0  109     -2,-0.0     2,-0.3     2,-0.0    -1,-0.2  -0.538  15.2-157.7 -90.0 163.8  -15.3   38.2  -74.9               
  871  871 A P        -     0   0  133      0, 0.0     2,-0.3     0, 0.0     0, 0.0  -0.861  15.8-155.1-127.2-179.6  -19.0   39.1  -75.1               
  872  872 A S        +     0   0   96     -2,-0.3    -2,-0.0     1,-0.1     0, 0.0  -0.992  23.2  21.2-144.8 158.7  -21.5   39.7  -72.2               
  873  873 A K        +     0   0  186     -2,-0.3    -1,-0.1     0, 0.0     0, 0.0   0.598  35.2 102.9  85.0 150.7  -25.2   39.8  -70.9               
  874  874 A Q        -     0   0  184      0, 0.0    -2,-0.0     0, 0.0     0, 0.0   0.966  30.7 -17.3  91.8 103.9  -28.9   38.9  -70.9               
  875  875 A A        -     0   0   93      0, 0.0     0, 0.0     0, 0.0     0, 0.0   0.969  26.2 -14.0  95.9 107.2  -31.8   37.1  -69.8               
  876  876 A A        +     0   0   94      0, 0.0     2,-0.1     0, 0.0     0, 0.0   0.344  15.7  63.4  80.7 175.7  -34.4   34.9  -68.3               
  877  877 A P        +     0   0  114      0, 0.0     0, 0.0     0, 0.0     0, 0.0  -0.216   6.2 166.2-142.8 156.4  -36.4   32.5  -66.9               
  878  878 A R        -     0   0  240     -2,-0.1     0, 0.0     1,-0.0     0, 0.0   0.311   7.3-166.4  64.5 178.6  -38.4   29.9  -64.8               
  879  879 A P        -     0   0  112      0, 0.0    -1,-0.0     0, 0.0     0, 0.0   0.668  14.8-129.5-135.8 162.3  -40.6   27.7  -63.5               
  880  880 A A        -     0   0   92      0, 0.0     0, 0.0     0, 0.0     0, 0.0   0.836  14.6 -87.0  49.9 132.1  -42.0   25.6  -60.6               
  881  881 A A        -     0   0   97      0, 0.0     2,-0.0     0, 0.0     0, 0.0   0.650  11.1-118.3  64.2 167.0  -43.3   22.4  -58.8               
  882  882 A P        -     0   0  121      0, 0.0     2,-0.2     0, 0.0     0, 0.0   0.707  21.0-171.3-103.8 175.1  -44.7   19.9  -57.3               
  883  883 A A        +     0   0   97     -2,-0.0     2,-0.2     0, 0.0     0, 0.0  -0.449   7.7 168.0  91.5  92.7  -45.1   18.8  -54.1               
  884  884 A A        -     0   0   95     -2,-0.2     0, 0.0     2,-0.0     0, 0.0  -0.942  20.9 -91.7-164.1 160.5  -46.4   15.6  -52.2               
  885  885 A H        +     0   0  185     -2,-0.2     2,-0.0     2,-0.0     0, 0.0   0.006  37.2  73.0 -67.8 173.4  -46.5   13.9  -48.8               
  886  886 A S        -     0   0  122      0, 0.0     2,-0.1     0, 0.0    -2,-0.0   0.713  28.2-130.6-153.4-173.0  -45.7   11.9  -46.3               
  887  887 A A        +     0   0   78     -2,-0.0     2,-0.2     0, 0.0    -2,-0.0  -0.334  20.4 156.7 -72.7 156.9  -43.7   10.6  -43.2               
  888  888 A H        -     0   0  196     -2,-0.1     2,-0.1     2,-0.0     0, 0.0  -0.769  31.6-101.3-168.7 170.3  -42.0    7.4  -42.0               
  889  889 A S        +     0   0  111     -2,-0.2     0, 0.0     0, 0.0     0, 0.0  -0.222  33.8   3.2 -97.2 166.4  -39.2    6.8  -39.4               
  890  890 A A        +     0   0   93     -2,-0.1    -2,-0.0     1,-0.0     0, 0.0   0.606  35.0  88.7  89.3 158.3  -35.8    6.0  -38.1               
  891  891 A S        -     0   0  123      1,-0.1     2,-0.3     0, 0.0    -1,-0.0   0.494  29.5-150.2  79.5 146.2  -32.0    5.3  -37.9               
  892  892 A V        +     0   0  143      2,-0.0    -1,-0.1     0, 0.0     0, 0.0  -0.992  26.2 139.8-141.8 129.0  -28.6    7.3  -37.6               
  893  893 A S        -     0   0  112     -2,-0.3     2,-0.3     2,-0.0     0, 0.0  -0.792  34.1-137.5-162.6 135.3  -25.0    6.8  -38.7               
  894  894 A P        -     0   0  131      0, 0.0     2,-0.3     0, 0.0    -2,-0.0  -0.666  19.4-139.1 -86.6 147.5  -22.4    9.2  -40.2               
  895  895 A V        -     0   0  140     -2,-0.3    -2,-0.0     1,-0.1     0, 0.0  -0.769  20.6-107.3-106.1 149.1  -20.1    8.2  -43.2               
  896  896 A E        -     0   0  183     -2,-0.3     2,-0.4     1,-0.0    -1,-0.1  -0.061  18.0-140.3 -63.2 166.0  -16.3    9.0  -43.6               
  897  897 A S        -     0   0  125      2,-0.0     2,-0.2     0, 0.0    -1,-0.0  -0.994  22.0-126.7-133.2 131.1  -14.6   11.4  -46.0               
  898  898 A R        -     0   0  256     -2,-0.4     0, 0.0     1,-0.1     0, 0.0  -0.459  20.3-173.9 -82.3 147.2  -11.3   10.5  -47.7               
  899  899 A G        -     0   0   79     -2,-0.2    -1,-0.1     2,-0.1    -2,-0.0  -0.350  25.9-135.8-147.4  55.2   -8.0   12.5  -47.7               
  900  900 A S        +     0   0  119      0, 0.0     2,-0.2     0, 0.0    -2,-0.0   0.421  38.3 135.1  13.3 116.5   -5.2   11.1  -50.0               
  901  901 A S        -     0   0  126      0, 0.0     2,-0.2     0, 0.0    -2,-0.1  -0.800  27.5-151.2-161.6 173.5   -1.7   10.5  -50.0               
  902  902 A Q        +     0   0  156     -2,-0.2     0, 0.0     1,-0.1     0, 0.0  -0.739  28.1  53.5-125.7 159.3    0.5    7.5  -51.3               
  903  903 A E        +     0   0  140     -2,-0.2    -1,-0.1     1,-0.0     2,-0.1   0.982  33.7  99.2  69.8 107.8    3.8    5.4  -51.0               
  904  904 A R        -     0   0  221      0, 0.0    -1,-0.0     0, 0.0     0, 0.0  -0.092  55.6 -31.6-168.6 161.3    6.0    3.5  -49.2               
  905  905 A S        -     0   0  115     -2,-0.1     0, 0.0     2,-0.1     0, 0.0   0.974  44.3-119.6  59.8 102.6    7.2    0.0  -48.2               
  906  906 A R        +     0   0  259      1,-0.2    -1,-0.0     2,-0.0     0, 0.0  -0.155  64.1 103.8 -43.4 141.5    5.5   -3.4  -47.8               
  907  907 A G        +     0   0   70      0, 0.0     2,-1.4     0, 0.0     3,-0.5  -0.016  54.0  82.3 173.2 -39.2    5.6   -5.2  -44.4               
  908  908 A V        +     0   0   97      1,-0.2     4,-0.2     2,-0.1    -2,-0.0  -0.305  61.7  99.0 -92.7  48.4    2.3   -5.0  -42.4               
  909  909 A S  S  > S+     0   0   92     -2,-1.4     4,-1.5     2,-0.1     3,-0.4   0.867  73.1  53.0 -97.1 -47.7    0.2   -7.9  -44.1               
  910  910 A Q  H  > S+     0   0  166     -3,-0.5     4,-2.6     1,-0.2     5,-0.2   0.867 103.0  56.3 -66.0 -39.1    0.5  -10.9  -41.7               
  911  911 A E  H  > S+     0   0  132      1,-0.2     4,-2.5     2,-0.2    -1,-0.2   0.877 108.9  48.3 -61.3 -37.0   -0.7   -9.2  -38.5               
  912  912 A K  H  > S+     0   0  134     -3,-0.4     4,-2.3     2,-0.2    -1,-0.2   0.885 111.5  49.1 -69.7 -38.6   -4.0   -8.1  -40.2               
  913  913 A E  H  X S+     0   0  135     -4,-1.5     4,-2.1     2,-0.2    -2,-0.2   0.893 112.6  49.0 -69.6 -35.6   -4.6  -11.6  -41.6               
  914  914 A A  H  X S+     0   0   61     -4,-2.6     4,-2.7     2,-0.2    -2,-0.2   0.929 111.9  48.2 -65.3 -45.5   -3.9  -13.0  -38.0               
  915  915 A Q  H  X S+     0   0  136     -4,-2.5     4,-2.2     2,-0.2    -2,-0.2   0.878 112.2  49.0 -64.8 -38.2   -6.4  -10.4  -36.4               
  916  916 A I  H  X S+     0   0  105     -4,-2.3     4,-2.1     2,-0.2    -1,-0.2   0.923 112.3  50.1 -64.3 -41.4   -9.1  -11.3  -39.1               
  917  917 A S  H  X S+     0   0   64     -4,-2.1     4,-2.4     2,-0.2    -2,-0.2   0.929 112.1  45.2 -64.2 -45.8   -8.5  -15.0  -38.3               
  918  918 A S  H  X S+     0   0   74     -4,-2.7     4,-2.8     2,-0.2     5,-0.2   0.899 111.7  52.9 -67.9 -36.7   -8.8  -14.6  -34.5               
  919  919 A A  H  X S+     0   0   59     -4,-2.2     4,-2.3     2,-0.2    -1,-0.2   0.892 111.0  47.5 -62.7 -39.2  -11.9  -12.3  -35.0               
  920  920 A I  H  X S+     0   0  102     -4,-2.1     4,-2.4     2,-0.2    -2,-0.2   0.942 113.4  47.3 -66.4 -46.7  -13.5  -15.1  -37.1               
  921  921 A V  H  X S+     0   0   87     -4,-2.4     4,-2.7     2,-0.2    -2,-0.2   0.932 114.0  47.7 -61.6 -44.6  -12.6  -17.9  -34.6               
  922  922 A S  H  X S+     0   0   74     -4,-2.8     4,-3.0     2,-0.2     5,-0.2   0.925 111.8  50.1 -61.8 -43.7  -14.0  -15.7  -31.7               
  923  923 A S  H  X S+     0   0   78     -4,-2.3     4,-2.0    -5,-0.2    -2,-0.2   0.900 112.2  47.9 -61.8 -40.7  -17.2  -15.0  -33.7               
  924  924 A V  H  X S+     0   0   80     -4,-2.4     4,-2.1     2,-0.2    -2,-0.2   0.939 114.2  45.7 -66.6 -46.3  -17.6  -18.8  -34.4               
  925  925 A Q  H  X S+     0   0  127     -4,-2.7     4,-2.7     2,-0.2     5,-0.2   0.953 111.7  51.7 -62.2 -48.1  -17.0  -19.7  -30.7               
  926  926 A S  H  X S+     0   0   79     -4,-3.0     4,-2.2     1,-0.2    -1,-0.2   0.903 112.1  47.5 -53.1 -43.1  -19.4  -16.9  -29.4               
  927  927 A K  H  X S+     0   0  146     -4,-2.0     4,-2.3    -5,-0.2    -1,-0.2   0.854 110.5  50.9 -71.0 -35.2  -22.1  -18.3  -31.8               
  928  928 A I  H  X S+     0   0  109     -4,-2.1     4,-2.7     2,-0.2    -2,-0.2   0.934 112.3  47.2 -64.5 -45.7  -21.6  -21.9  -30.7               
  929  929 A T  H  X S+     0   0   74     -4,-2.7     4,-2.5     2,-0.2    -2,-0.2   0.888 112.3  50.6 -64.5 -37.6  -21.9  -20.8  -27.0               
  930  930 A Q  H  X S+     0   0  129     -4,-2.2     4,-2.3    -5,-0.2    -2,-0.2   0.920 112.4  45.5 -65.6 -44.1  -25.1  -18.8  -27.9               
  931  931 A D  H  X S+     0   0  106     -4,-2.3     4,-2.7     2,-0.2    -2,-0.2   0.932 113.3  50.5 -65.2 -42.7  -26.7  -21.8  -29.8               
  932  932 A L  H  X S+     0   0  111     -4,-2.7     4,-2.4     1,-0.2    -2,-0.2   0.934 112.6  46.7 -60.5 -45.6  -25.7  -24.1  -26.9               
  933  933 A M  H  X S+     0   0   90     -4,-2.5     4,-2.5     2,-0.2    -1,-0.2   0.889 112.1  50.2 -62.6 -41.2  -27.3  -21.7  -24.4               
  934  934 A A  H  X S+     0   0   51     -4,-2.3     4,-2.6     2,-0.2    -2,-0.2   0.919 111.3  49.3 -62.9 -40.5  -30.4  -21.4  -26.6               
  935  935 A K  H  X S+     0   0  144     -4,-2.7     4,-2.2     2,-0.2    -2,-0.2   0.884 111.3  48.6 -67.4 -39.0  -30.7  -25.2  -26.7               
  936  936 A V  H  X S+     0   0   65     -4,-2.4     4,-2.6     2,-0.2    -2,-0.2   0.931 112.4  48.9 -65.1 -44.6  -30.3  -25.5  -22.9               
  937  937 A R  H  X S+     0   0  172     -4,-2.5     4,-2.3     2,-0.2    -2,-0.2   0.921 112.8  47.7 -60.6 -43.9  -33.0  -22.7  -22.4               
  938  938 A A  H  X S+     0   0   61     -4,-2.6     4,-2.3     2,-0.2    -2,-0.2   0.889 112.0  49.8 -63.9 -40.1  -35.3  -24.6  -24.9               
  939  939 A M  H  X S+     0   0  121     -4,-2.2     4,-2.5     2,-0.2    -2,-0.2   0.918 112.1  47.3 -66.4 -42.2  -34.7  -28.0  -23.1               
  940  940 A L  H  X S+     0   0  111     -4,-2.6     4,-2.1     2,-0.2    -2,-0.2   0.894 112.1  50.6 -65.0 -39.8  -35.5  -26.4  -19.6               
  941  941 A A  H  X S+     0   0   62     -4,-2.3     4,-1.0    -5,-0.2    -2,-0.2   0.898 111.2  48.6 -64.6 -40.0  -38.6  -24.8  -21.1               
  942  942 A A  H >X S+     0   0   53     -4,-2.3     3,-0.8     2,-0.2     4,-0.6   0.945 109.4  52.6 -63.2 -46.6  -39.7  -28.2  -22.5               
  943  943 A S  H >X S+     0   0   67     -4,-2.5     3,-1.2     1,-0.2     4,-1.1   0.896 105.6  53.8 -58.7 -42.7  -39.0  -29.9  -19.1               
  944  944 A K  H 3X S+     0   0  167     -4,-2.1     4,-0.6     1,-0.2    -1,-0.2   0.798 105.5  55.5 -61.0 -28.2  -41.3  -27.4  -17.2               
  945  945 A N  H << S+     0   0  118     -4,-1.0    -1,-0.2    -3,-0.8    -2,-0.2   0.551 101.4  56.6 -86.9  -9.1  -44.1  -28.2  -19.7               
  946  946 A L  H X< S+     0   0  123     -3,-1.2     3,-1.0    -4,-0.6     4,-0.2   0.808 100.1  57.8 -84.9 -32.5  -44.0  -32.0  -18.9               
  947  947 A Q  H >< S+     0   0  163     -4,-1.1     3,-0.7     1,-0.2    -2,-0.2   0.796 102.1  55.4 -70.5 -24.2  -44.6  -31.6  -15.1               
  948  948 A T  T 3< S+     0   0  108     -4,-0.6    -1,-0.2     1,-0.2    -2,-0.1   0.580 104.9  54.2 -80.2 -11.3  -47.9  -29.7  -15.7               
  949  949 A S  T <  S+     0   0   93     -3,-1.0     2,-0.6     1,-0.1    -1,-0.2   0.315  87.9  86.2-103.6   6.0  -49.3  -32.7  -17.8               
  950  950 A A    <         0   0   84     -3,-0.7    -1,-0.1    -4,-0.2    -4,-0.0  -0.696 360.0 360.0-111.4  74.6  -48.6  -35.3  -15.1               
  951  951 A S              0   0  184     -2,-0.6    -3,-0.0    -3,-0.1     0, 0.0  -0.884 360.0 360.0-129.1 360.0  -51.8  -35.2  -12.9               
