==== Secondary Structure Definition by the program DSSP, CMBI version 2.0                          ==== DATE=2026-03-08        .
REFERENCE W. KABSCH AND C.SANDER, BIOPOLYMERS 22 (1983) 2577-2637                                                              .
HEADER                                            01-AUG-25                                                                    .
COMPND    MOL_ID: 1; MOLECULE: INTERLEUKIN ENHANCER-BINDING FACTOR 3; CHAIN: A                                                 .
SOURCE    MOL_ID: 1; ORGANISM_SCIENTIFIC: HOMO SAPIENS; ORGANISM_TAXID: 9606                                                   .
AUTHOR                                                                                                                         .
  894  1  0  0  0 TOTAL NUMBER OF RESIDUES, NUMBER OF CHAINS, NUMBER OF SS-BRIDGES(TOTAL,INTRACHAIN,INTERCHAIN)                .
 81991.0   ACCESSIBLE SURFACE OF PROTEIN (ANGSTROM**2)                                                                         .
  400 44.7   TOTAL NUMBER OF HYDROGEN BONDS OF TYPE O(I)-->H-N(J)  , SAME NUMBER PER 100 RESIDUES                              .
    8  0.9   TOTAL NUMBER OF HYDROGEN BONDS IN     PARALLEL BRIDGES, SAME NUMBER PER 100 RESIDUES                              .
   55  6.2   TOTAL NUMBER OF HYDROGEN BONDS IN ANTIPARALLEL BRIDGES, SAME NUMBER PER 100 RESIDUES                              .
    1  0.1   TOTAL NUMBER OF HYDROGEN BONDS OF TYPE O(I)-->H-N(I-5), SAME NUMBER PER 100 RESIDUES                              .
    1  0.1   TOTAL NUMBER OF HYDROGEN BONDS OF TYPE O(I)-->H-N(I-4), SAME NUMBER PER 100 RESIDUES                              .
    2  0.2   TOTAL NUMBER OF HYDROGEN BONDS OF TYPE O(I)-->H-N(I-3), SAME NUMBER PER 100 RESIDUES                              .
    0  0.0   TOTAL NUMBER OF HYDROGEN BONDS OF TYPE O(I)-->H-N(I-2), SAME NUMBER PER 100 RESIDUES                              .
    0  0.0   TOTAL NUMBER OF HYDROGEN BONDS OF TYPE O(I)-->H-N(I-1), SAME NUMBER PER 100 RESIDUES                              .
    0  0.0   TOTAL NUMBER OF HYDROGEN BONDS OF TYPE O(I)-->H-N(I+0), SAME NUMBER PER 100 RESIDUES                              .
    0  0.0   TOTAL NUMBER OF HYDROGEN BONDS OF TYPE O(I)-->H-N(I+1), SAME NUMBER PER 100 RESIDUES                              .
   89 10.0   TOTAL NUMBER OF HYDROGEN BONDS OF TYPE O(I)-->H-N(I+2), SAME NUMBER PER 100 RESIDUES                              .
   53  5.9   TOTAL NUMBER OF HYDROGEN BONDS OF TYPE O(I)-->H-N(I+3), SAME NUMBER PER 100 RESIDUES                              .
  185 20.7   TOTAL NUMBER OF HYDROGEN BONDS OF TYPE O(I)-->H-N(I+4), SAME NUMBER PER 100 RESIDUES                              .
    9  1.0   TOTAL NUMBER OF HYDROGEN BONDS OF TYPE O(I)-->H-N(I+5), SAME NUMBER PER 100 RESIDUES                              .
  1  2  3  4  5  6  7  8  9 10 11 12 13 14 15 16 17 18 19 20 21 22 23 24 25 26 27 28 29 30     *** HISTOGRAMS OF ***           .
  0  0  0  1  2  0  0  2  0  0  1  1  1  2  1  2  0  0  2  0  0  0  0  0  0  0  0  0  0  1    RESIDUES PER ALPHA HELIX         .
  0  0  0  0  0  0  1  0  0  0  0  0  0  0  0  0  0  0  0  0  0  0  0  0  0  0  0  0  0  0    PARALLEL BRIDGES PER LADDER      .
  2  0  0  0  3  2  2  0  0  0  0  0  0  0  0  0  0  0  0  0  0  0  0  0  0  0  0  0  0  0    ANTIPARALLEL BRIDGES PER LADDER  .
  0  2  0  1  0  0  0  0  0  0  0  0  0  0  0  0  0  0  0  0  0  0  0  0  0  0  0  0  0  0    LADDERS PER SHEET                .
  #  RESIDUE AA STRUCTURE BP1 BP2  ACC     N-H-->O    O-->H-N    N-H-->O    O-->H-N    TCO  KAPPA ALPHA  PHI   PSI    X-CA   Y-CA   Z-CA            CHAIN
    1    1 A M              0   0  240      0, 0.0     0, 0.0     0, 0.0     0, 0.0   0.000 360.0 360.0 360.0 140.1    4.1    2.4  -34.5               
    2    2 A R        -     0   0  203      1,-0.0     2,-0.2     2,-0.0     0, 0.0  -0.728 360.0-105.1 -81.6 141.0    7.5    2.9  -32.8               
    3    3 A P    >   -     0   0   86      0, 0.0     3,-1.8     0, 0.0     4,-0.2  -0.517  21.1-120.5 -73.1 140.8    9.0   -0.5  -31.8               
    4    4 A M  G >  S+     0   0  104      1,-0.3     3,-0.8    -2,-0.2     4,-0.3   0.620 101.0  83.4 -51.4 -19.5    9.0   -1.4  -28.0               
    5    5 A R  G 3  S+     0   0  220      1,-0.2     3,-0.5     2,-0.2    -1,-0.3   0.645  75.7  71.2 -62.0 -19.0   12.8   -1.7  -28.0               
    6    6 A I  G X  S+     0   0   91     -3,-1.8     3,-0.6     1,-0.2     4,-0.3   0.898  98.0  44.9 -68.4 -40.2   13.2    2.1  -27.6               
    7    7 A F  T <> S+     0   0   23     -3,-0.8     4,-3.0     1,-0.2     5,-0.2   0.424  78.2 103.5 -91.7   4.4   12.0    2.3  -23.9               
    8    8 A V  H 3> S+     0   0   77     -3,-0.5     4,-1.2    -4,-0.3    -1,-0.2   0.789  85.7  48.1 -59.0 -29.6   14.0   -0.7  -22.5               
    9    9 A N  H <> S+     0   0   63     -3,-0.6     4,-1.6    -4,-0.2    -1,-0.2   0.893 112.2  48.0 -75.0 -38.9   16.5    1.8  -20.9               
   10   10 A D  H  > S+     0   0    7     -4,-0.3     4,-2.9    -3,-0.2     5,-0.2   0.947 108.9  54.1 -66.2 -46.2   13.7    3.9  -19.4               
   11   11 A D  H  X S+     0   0   44     -4,-3.0     4,-2.7     1,-0.2     5,-0.2   0.888 107.5  52.1 -51.8 -44.8   11.9    0.7  -18.0               
   12   12 A R  H  X S+     0   0   69     -4,-1.2     4,-1.9    -5,-0.2    -1,-0.2   0.897 112.3  44.2 -61.5 -43.5   15.2   -0.2  -16.3               
   13   13 A H  H  X S+     0   0    4     -4,-1.6     4,-2.9    -3,-0.2    -2,-0.2   0.926 114.8  48.1 -71.2 -42.2   15.6    3.2  -14.6               
   14   14 A V  H  X S+     0   0    0     -4,-2.9     4,-3.0     1,-0.2    -2,-0.2   0.933 115.1  45.5 -63.5 -44.2   11.8    3.3  -13.5               
   15   15 A M  H  X S+     0   0   47     -4,-2.7     4,-2.5    -5,-0.2    -1,-0.2   0.858 114.5  48.3 -69.0 -34.0   12.0   -0.2  -12.1               
   16   16 A A  H  X S+     0   0   33     -4,-1.9     4,-1.5    -5,-0.2    -2,-0.2   0.934 114.3  45.7 -68.7 -43.7   15.3    0.5  -10.3               
   17   17 A K  H  X S+     0   0   16     -4,-2.9     4,-1.7     2,-0.2     3,-0.5   0.949 113.2  50.5 -62.5 -47.2   13.9    3.8   -8.9               
   18   18 A H  H  X S+     0   0    1     -4,-3.0     4,-2.0     1,-0.2     3,-0.5   0.936 110.3  50.0 -52.8 -49.7   10.7    1.9   -7.9               
   19   19 A S  H  < S+     0   0   74     -4,-2.5    -1,-0.2     1,-0.2    -2,-0.2   0.760 109.7  51.9 -61.9 -28.8   12.8   -0.8   -6.2               
   20   20 A S  H  < S+     0   0   59     -4,-1.5    -1,-0.2    -3,-0.5    -2,-0.2   0.846 118.3  35.1 -76.3 -32.4   14.8    1.9   -4.3               
   21   21 A V  H  < S+     0   0   16     -4,-1.7    84,-2.3    -3,-0.5    -2,-0.2   0.537  91.1 106.4 -99.8 -14.6   11.6    3.7   -2.9               
   22   22 A Y  S  < S-     0   0   55     -4,-2.0    82,-0.2    82,-0.2    80,-0.0  -0.513  83.3 -95.4 -64.5 135.4    9.4    0.5   -2.4               
   23   23 A P        -     0   0    9      0, 0.0    -1,-0.1     0, 0.0    82,-0.1  -0.004  37.2-108.6 -52.4 151.3    9.1   -0.4    1.4               
   24   24 A T     >  -     0   0   57      1,-0.1     4,-2.1    -3,-0.1     5,-0.2  -0.317  30.5-108.5 -67.4 162.4   11.4   -2.9    3.1               
   25   25 A Q  H  > S+     0   0  125      2,-0.2     4,-2.3     1,-0.2     5,-0.2   0.904 122.6  53.3 -60.5 -37.3   10.0   -6.3    4.2               
   26   26 A E  H  > S+     0   0  143      2,-0.2     4,-2.6     1,-0.2    -1,-0.2   0.890 107.1  50.0 -66.0 -41.6   10.2   -5.0    7.8               
   27   27 A E  H  > S+     0   0   58      2,-0.2     4,-2.3     1,-0.2    -1,-0.2   0.931 113.2  47.3 -60.9 -44.2    8.2   -1.8    7.1               
   28   28 A L  H  X S+     0   0   10     -4,-2.1     4,-2.6     2,-0.2    -2,-0.2   0.872 113.1  47.7 -67.4 -37.7    5.5   -4.0    5.4               
   29   29 A E  H  X S+     0   0   99     -4,-2.3     4,-2.7     2,-0.2     5,-0.2   0.918 111.9  49.8 -69.3 -41.8    5.4   -6.5    8.3               
   30   30 A A  H  X S+     0   0   16     -4,-2.6     4,-2.4     2,-0.2    -2,-0.2   0.919 115.2  44.3 -61.8 -42.8    5.2   -3.6   10.9               
   31   31 A V  H  X S+     0   0    5     -4,-2.3     4,-2.7     2,-0.2     5,-0.3   0.927 113.9  49.4 -66.0 -47.2    2.3   -2.0    8.8               
   32   32 A Q  H  X S+     0   0   37     -4,-2.6     4,-2.3     2,-0.2    -2,-0.2   0.902 113.7  46.6 -61.6 -42.1    0.5   -5.4    8.3               
   33   33 A N  H  X S+     0   0   80     -4,-2.7     4,-1.7     2,-0.2    -2,-0.2   0.986 114.5  45.8 -63.0 -55.8    0.8   -6.2   12.1               
   34   34 A M  H >X S+     0   0    1     -4,-2.4     4,-2.6     1,-0.2     3,-0.5   0.920 116.6  44.8 -55.3 -49.3   -0.5   -2.8   13.2               
   35   35 A V  H 3X S+     0   0    1     -4,-2.7     4,-2.7     1,-0.2    -1,-0.2   0.914 115.4  47.9 -61.9 -42.7   -3.4   -2.7   10.7               
   36   36 A S  H 3X S+     0   0   18     -4,-2.3     4,-0.9    -5,-0.3    -1,-0.2   0.662 112.4  49.9 -73.6 -18.4   -4.3   -6.3   11.6               
   37   37 A H  H <X S+     0   0   18     -4,-1.7     4,-2.7    -3,-0.5    -2,-0.2   0.933 114.4  43.3 -79.1 -52.7   -4.1   -5.5   15.3               
   38   38 A T  H  X S+     0   0    0     -4,-2.6     4,-2.9     1,-0.2     5,-0.2   0.884 113.6  51.9 -58.3 -43.7   -6.4   -2.4   15.0               
   39   39 A E  H  X S+     0   0    1     -4,-2.7     4,-1.3    -5,-0.2    -1,-0.2   0.910 113.4  43.9 -62.7 -42.7   -8.8   -4.3   12.6               
   40   40 A R  H  X S+     0   0   98     -4,-0.9     4,-2.0     2,-0.2    -2,-0.2   0.932 115.8  47.7 -67.5 -43.9   -9.2   -7.2   15.1               
   41   41 A A  H  X S+     0   0    0     -4,-2.7     4,-2.6     1,-0.2    -2,-0.2   0.942 110.5  50.9 -65.0 -45.3   -9.6   -4.9   18.1               
   42   42 A L  H  X S+     0   0    0     -4,-2.9     4,-2.0     2,-0.2    -1,-0.2   0.799 108.0  54.6 -62.5 -29.7  -12.1   -2.6   16.3               
   43   43 A K  H  X S+     0   0   53     -4,-1.3     4,-1.2    -5,-0.2    -1,-0.2   0.943 109.0  47.0 -66.2 -44.3  -14.2   -5.8   15.5               
   44   44 A A  H  X S+     0   0   26     -4,-2.0     4,-2.8     2,-0.2     3,-0.3   0.891 110.9  51.8 -65.5 -37.0  -14.2   -6.7   19.2               
   45   45 A V  H  X S+     0   0    0     -4,-2.6     4,-2.2     1,-0.2    -1,-0.2   0.923 109.9  50.8 -59.2 -43.6  -15.2   -3.1   20.1               
   46   46 A S  H  X S+     0   0    7     -4,-2.0     4,-0.9     2,-0.2    43,-0.3   0.719 112.3  45.8 -67.5 -26.1  -18.1   -3.5   17.5               
   47   47 A D  H  X S+     0   0   43     -4,-1.2     4,-2.6    -3,-0.3    -2,-0.2   0.911 111.9  50.7 -79.3 -46.2  -19.2   -6.8   19.1               
   48   48 A W  H  X S+     0   0   76     -4,-2.8     4,-1.8     1,-0.2    -2,-0.2   0.839 110.3  49.9 -60.3 -37.2  -19.0   -5.3   22.7               
   49   49 A I  H  X S+     0   0    2     -4,-2.2     4,-2.0     2,-0.2    -1,-0.2   0.930 111.9  48.0 -65.5 -43.3  -21.2   -2.3   21.6               
   50   50 A D  H  X S+     0   0   14     -4,-0.9     4,-1.8     2,-0.2    -2,-0.2   0.871 110.1  52.6 -67.7 -35.8  -23.8   -4.7   20.0               
   51   51 A E  H  X S+     0   0  130     -4,-2.6     4,-2.8     2,-0.2    -1,-0.2   0.898 110.1  48.4 -64.3 -40.4  -23.8   -6.9   23.2               
   52   52 A Q  H  X S+     0   0   80     -4,-1.8     4,-1.4     2,-0.2    -2,-0.2   0.878 109.7  51.8 -67.2 -38.0  -24.5   -3.7   25.4               
   53   53 A E  H  X S+     0   0   70     -4,-2.0     4,-0.6     2,-0.2    -2,-0.2   0.865 114.9  43.8 -67.5 -33.1  -27.3   -2.6   23.0               
   54   54 A K  H >X S+     0   0   97     -4,-1.8     4,-2.2     2,-0.2     3,-1.2   0.957 111.5  51.2 -73.2 -50.7  -28.8   -6.2   23.4               
   55   55 A G  H 3X S+     0   0   34     -4,-2.8     4,-0.8     1,-0.3    -2,-0.2   0.753 109.8  51.9 -63.2 -23.9  -28.4   -6.5   27.2               
   56   56 A S  H 3< S+     0   0   78     -4,-1.4    -1,-0.3    -5,-0.2    -2,-0.2   0.658 109.5  49.1 -86.4 -16.1  -30.1   -3.0   27.7               
   57   57 A S  H XX S+     0   0   58     -3,-1.2     3,-1.6    -4,-0.6     4,-1.1   0.891 105.7  55.6 -85.4 -40.7  -33.2   -4.1   25.6               
   58   58 A E  H 3< S+     0   0  147     -4,-2.2     4,-0.5     1,-0.3     3,-0.2   0.837 104.5  55.2 -61.0 -31.5  -33.7   -7.4   27.4               
   59   59 A Q  T 3< S+     0   0  166     -4,-0.8    -1,-0.3    -5,-0.2    -2,-0.2   0.679 107.3  51.1 -73.5 -15.7  -33.9   -5.5   30.7               
   60   60 A A  T <4 S+     0   0   79     -3,-1.6     3,-0.3    -4,-0.2    -2,-0.2   0.697 106.7  51.2 -92.2 -22.7  -36.7   -3.3   29.3               
   61   61 A E  S >< S+     0   0  155     -4,-1.1     3,-1.6    -3,-0.2    -2,-0.1   0.485  75.2 102.3 -96.7  -1.4  -39.1   -6.1   28.0               
   62   62 A S  T 3  S+     0   0   99     -4,-0.5    -1,-0.2     1,-0.3     3,-0.1   0.481  71.4  67.7 -64.9  -0.7  -39.2   -8.2   31.3               
   63   63 A D  T 3  S+     0   0  151     -3,-0.3    -1,-0.3     1,-0.2     2,-0.2   0.251  91.3  63.2-104.4   7.0  -42.8   -6.8   32.1               
   64   64 A N    <   +     0   0  153     -3,-1.6     2,-0.6     0, 0.0    -1,-0.2  -0.659  57.5 169.3-137.8  90.9  -44.7   -8.5   29.1               
   65   65 A M        +     0   0  195     -2,-0.2    -3,-0.0    -3,-0.1     0, 0.0  -0.903  33.8  94.1 -91.2 120.0  -45.0  -12.3   28.9               
   66   66 A D        +     0   0  151     -2,-0.6    -1,-0.1     1,-0.2     0, 0.0   0.284  51.0  85.2 176.8  74.4  -47.3  -14.1   26.5               
   67   67 A V        -     0   0  135      2,-0.0    -1,-0.2     0, 0.0     0, 0.0  -0.826  54.9-145.2-147.7 127.3  -46.1  -15.2   23.0               
   68   68 A P        -     0   0  105      0, 0.0     2,-0.3     0, 0.0     0, 0.0  -0.666  25.7-116.0 -82.1 143.5  -44.3  -18.6   22.3               
   69   69 A P        -     0   0  130      0, 0.0     2,-0.3     0, 0.0    -2,-0.0  -0.598  22.1-139.9 -78.4 136.0  -41.6  -18.7   19.6               
   70   70 A E        -     0   0  196     -2,-0.3     2,-0.5     2,-0.0     0, 0.0  -0.678  20.3-116.9 -88.8 148.6  -42.1  -20.9   16.4               
   71   71 A D        +     0   0  138     -2,-0.3     2,-0.2     2,-0.0    -1,-0.0  -0.761  39.2 159.7 -87.3 120.7  -39.2  -22.9   14.9               
   72   72 A D        -     0   0  129     -2,-0.5     2,-1.0     2,-0.0    -2,-0.0  -0.757  15.9-173.8-137.8  96.0  -37.9  -22.1   11.4               
   73   73 A S        +     0   0   95     -2,-0.2     2,-0.3     2,-0.0    -2,-0.0  -0.687  26.9 135.3 -96.1  88.5  -34.4  -23.5   11.0               
   74   74 A K        -     0   0  147     -2,-1.0    -2,-0.0     1,-0.1     0, 0.0  -0.954  46.0 -10.6-146.5 135.2  -32.8  -22.4    7.6               
   75   75 A E    >   -     0   0  164     -2,-0.3     2,-2.8     1,-0.2     3,-1.7   0.839  36.6-163.4  67.5  61.1  -29.8  -21.1    5.7               
   76   76 A G  T 3  S+     0   0   69      1,-0.3    -1,-0.2     2,-0.1     0, 0.0  -0.228  79.1  75.0 -64.5  53.5  -26.8  -19.7    7.8               
   77   77 A A  T 3  S+     0   0   92     -2,-2.8    -1,-0.3     3,-0.0     4,-0.1   0.340  92.6  48.7-136.4 -12.7  -25.2  -17.8    4.8               
   78   78 A G  S X> S+     0   0   43     -3,-1.7     3,-1.5     2,-0.1     4,-0.7   0.859  96.4  69.5 -86.1 -42.8  -27.7  -14.8    4.6               
   79   79 A E  H >> S+     0   0  123     -4,-0.5     4,-2.6     1,-0.3     3,-1.1   0.791  86.7  62.9 -56.3 -42.9  -27.8  -13.8    8.2               
   80   80 A Q  H 3> S+     0   0  142      1,-0.3     4,-1.5     2,-0.2    -1,-0.3   0.794 104.1  50.2 -56.8 -31.7  -24.2  -12.3    8.6               
   81   81 A K  H <4 S+     0   0  174     -3,-1.5    -1,-0.3     2,-0.2    -2,-0.2   0.803 111.6  48.2 -75.1 -29.1  -25.0   -9.6    6.0               
   82   82 A T  H X< S+     0   0   90     -3,-1.1     3,-1.5    -4,-0.7    -2,-0.2   0.901 108.4  53.4 -78.1 -41.4  -28.2   -8.7    7.8               
   83   83 A E  H >X S+     0   0   84     -4,-2.6     3,-1.9     1,-0.3     4,-1.4   0.917 104.4  54.6 -58.1 -46.9  -26.5   -8.5   11.3               
   84   84 A H  T 3< S+     0   0   81     -4,-1.5    -1,-0.3     1,-0.3    -2,-0.2   0.593 104.7  59.4 -62.9  -7.2  -23.8   -6.0    9.9               
   85   85 A M  T <4 S+     0   0  131     -3,-1.5    -1,-0.3    -5,-0.1    -2,-0.2   0.370 107.6  41.2-106.6   4.3  -26.9   -3.9    8.8               
   86   86 A T  T <4 S+     0   0   88     -3,-1.9    -2,-0.2    -4,-0.2    -3,-0.1   0.790  91.0  99.4-105.2 -53.5  -28.4   -3.4   12.4               
   87   87 A R  S  < S-     0   0   16     -4,-1.4   -40,-0.1     2,-0.1   -41,-0.0   0.254  75.0-126.1 -36.5 144.7  -25.2   -2.8   14.5               
   88   88 A T  S    S+     0   0   28    -42,-0.1    29,-2.6     1,-0.1     2,-0.5   0.902 105.1  52.9 -63.8 -41.3  -24.0    0.8   15.6               
   89   89 A L  E     -A  116   0A   2    -43,-0.3    27,-0.2    27,-0.2    -1,-0.1  -0.867  69.7-172.0 -95.4 123.5  -20.6    0.1   14.1               
   90   90 A R  E     -     0   0A  76     25,-3.0     2,-0.2    -2,-0.5    26,-0.2   0.622  51.5 -79.9 -93.3 -18.1  -20.9   -1.1   10.5               
   91   91 A G  E     -A  115   0A   9     24,-0.9    24,-2.8   -49,-0.1     2,-0.4  -0.640  41.3 -78.5 138.3 173.0  -17.3   -2.1    9.9               
   92   92 A V  E     -A  114   0A   1     22,-0.2     2,-0.4    -2,-0.2    22,-0.2  -0.854  32.4-167.1-109.0 136.9  -13.7   -1.0    9.2               
   93   93 A M  E     -A  113   0A  31     20,-2.7    20,-2.7    -2,-0.4     2,-0.2  -0.985  19.9-130.3-123.9 126.4  -12.3   -0.0    5.7               
   94   94 A R  E     +A  112   0A  26     -2,-0.4    18,-0.2    18,-0.2     2,-0.2  -0.540  40.0 160.3 -64.0 137.9   -8.7    0.4    4.7               
   95   95 A V     >  +     0   0    0     16,-2.2     4,-2.5    -2,-0.2     3,-0.4  -0.410  34.1  42.5-132.1-153.6   -8.1    3.7    2.8               
   96   96 A G  H  > S-     0   0    6      1,-0.2     4,-0.9     2,-0.2     6,-0.1   0.039 120.5 -22.9  56.3-143.4   -5.1    6.0    2.1               
   97   97 A L  H  >>S+     0   0    9     12,-0.2     5,-2.6     2,-0.2     4,-0.7   0.821 135.0  62.0 -67.7 -33.8   -1.8    4.5    1.0               
   98   98 A V  H >45S+     0   0    9     -3,-0.4     3,-0.6     1,-0.2   261,-0.3   0.922 106.2  41.0 -66.3 -49.4   -2.6    1.2    2.7               
   99   99 A A  H 3<5S+     0   0   32     -4,-2.5    -1,-0.2    12,-0.2    -2,-0.2   0.786 119.9  45.4 -70.0 -29.8   -5.7    0.2    0.6               
  100  100 A K  H 3<5S-     0   0   12     -4,-0.9    -1,-0.2    -5,-0.3    -2,-0.2   0.454 106.3-122.0 -90.8  -8.2   -4.0    1.5   -2.7               
  101  101 A G  T <<5 +     0   0    6     -4,-0.7    -3,-0.2    -3,-0.6   130,-0.1   0.943  69.9 134.3  57.8  48.9   -0.6   -0.2   -2.1               
  102  102 A L      < +     0   0    1     -5,-2.6    -4,-0.2    -6,-0.1    -5,-0.1   0.225  22.7 132.2-113.9  13.5    1.1    3.3   -2.4               
  103  103 A L        -     0   0    6     -6,-0.5     2,-0.3    -5,-0.1   128,-0.0  -0.374  32.8-172.2 -63.2 142.3    3.4    3.1    0.6               
  104  104 A L    >   -     0   0   16    -82,-0.2     3,-2.0    -2,-0.1   -82,-0.2  -0.806  42.7 -66.9-123.5 164.9    7.1    4.1    0.1               
  105  105 A K  T 3  S+     0   0  104    -84,-2.3     3,-0.1    -2,-0.3    -1,-0.0  -0.379 123.0  19.3 -55.0 132.5   10.1    3.8    2.5               
  106  106 A G  T 3  S+     0   0   53      1,-0.3     2,-0.6    -2,-0.1    -1,-0.3   0.520  80.9 140.7  74.0  10.4    9.6    6.1    5.5               
  107  107 A D    <   +     0   0   19     -3,-2.0    -1,-0.3     1,-0.2    -4,-0.0  -0.779  18.5 169.7 -70.9 119.8    5.8    6.5    5.1               
  108  108 A L        +     0   0   52     -2,-0.6    58,-2.7    -3,-0.1     2,-0.4   0.630  45.0  94.8-101.9 -22.2    4.7    6.4    8.8               
  109  109 A D  E     - b   0 166A  45     56,-0.2     2,-0.3    58,-0.1   -12,-0.2  -0.628  49.7-179.8 -86.2 125.1    1.1    7.5    8.2               
  110  110 A L  E     - b   0 167A   2     56,-2.8    58,-2.9    -2,-0.4     2,-0.4  -0.935  11.4-149.8-123.5 144.9   -1.7    4.8    7.9               
  111  111 A E  E     + b   0 168A  31    -16,-0.3   -16,-2.2    -2,-0.3     2,-0.3  -0.962  18.1 168.1-128.1 127.5   -5.4    5.4    7.3               
  112  112 A L  E     -Ab  94 169A   1     56,-2.8    58,-2.8    -2,-0.4     2,-0.5  -0.918  21.7-144.7-120.1 155.2   -8.6    3.4    8.3               
  113  113 A V  E     -Ab  93 170A   0    -20,-2.7   -20,-2.7    -2,-0.3     2,-0.6  -0.989   6.5-155.4-117.9 122.8  -12.3    4.5    8.1               
  114  114 A L  E     -Ab  92 171A   1     56,-2.6    58,-1.9    -2,-0.5     2,-0.6  -0.879  16.1-144.9 -92.7 114.9  -14.7    3.3   10.8               
  115  115 A L  E     -Ab  91 172A  29    -24,-2.8   -25,-3.0    -2,-0.6   -24,-0.9  -0.758  14.7-163.6 -85.6 120.4  -18.2    3.3    9.4               
  116  116 A C  E     -A   89   0A   2     56,-3.0   -27,-0.2    -2,-0.6   -28,-0.1  -0.625  23.1-132.4 -93.3 155.2  -21.0    4.2   11.9               
  117  117 A K  S    S+     0   0   77    -29,-2.6    58,-0.4    -2,-0.2    -1,-0.1   0.981  94.2  21.2 -63.8 -61.8  -24.7    3.6   11.5               
  118  118 A E  S    S-     0   0  122    -30,-0.2    -2,-0.1     1,-0.2    58,-0.1  -0.308 116.6 -58.7 -99.2 176.5  -25.7    7.1   12.5               
  119  119 A K        -     0   0   22     -2,-0.1    -1,-0.2     1,-0.1     2,-0.2  -0.424  64.2-110.1 -56.6 134.0  -23.6   10.3   12.5               
  120  120 A P        -     0   0    1      0, 0.0    78,-2.5     0, 0.0     2,-0.2  -0.475  39.2-164.2 -67.5 140.7  -20.5    9.8   14.7               
  121  121 A T  B  >  -E  197   0B  21     76,-0.3     4,-2.2    -2,-0.2    76,-0.3  -0.710  34.3-107.2-116.8 169.1  -20.6   11.8   18.0               
  122  122 A T  H  > S+     0   0   35     74,-2.2     4,-2.7    -2,-0.2     5,-0.2   0.953 122.2  54.5 -63.4 -43.8  -18.0   12.8   20.6               
  123  123 A A  H  > S+     0   0   58      1,-0.2     4,-1.9     2,-0.2    -1,-0.2   0.816 110.6  46.5 -59.7 -31.7  -19.6   10.3   23.0               
  124  124 A L  H  > S+     0   0   26      2,-0.2     4,-1.9     3,-0.2    -1,-0.2   0.865 110.5  52.4 -76.1 -37.5  -19.2    7.6   20.3               
  125  125 A L  H  X S+     0   0    0     -4,-2.2     4,-2.6     2,-0.2    -2,-0.2   0.957 113.8  43.6 -58.7 -50.5  -15.5    8.7   19.7               
  126  126 A D  H  X S+     0   0   56     -4,-2.7     4,-2.7     1,-0.2     5,-0.3   0.949 112.8  51.2 -59.8 -52.6  -14.7    8.4   23.4               
  127  127 A K  H  X S+     0   0   71     -4,-1.9     4,-1.2    -5,-0.2    -1,-0.2   0.814 114.5  44.6 -58.6 -34.8  -16.6    5.0   23.8               
  128  128 A V  H  X S+     0   0    0     -4,-1.9     4,-2.3     2,-0.2    -1,-0.2   0.905 113.5  49.7 -74.8 -43.2  -14.7    3.6   20.9               
  129  129 A A  H  X S+     0   0    5     -4,-2.6     4,-1.4     2,-0.2    -2,-0.2   0.942 113.0  45.2 -62.9 -48.7  -11.2    5.0   22.0               
  130  130 A D  H  X S+     0   0  118     -4,-2.7     4,-1.1     1,-0.2     3,-0.3   0.920 117.3  43.7 -62.2 -46.7  -11.5    3.7   25.6               
  131  131 A N  H  X S+     0   0    7     -4,-1.2     4,-2.7    -5,-0.3     5,-0.2   0.897 106.5  61.8 -69.3 -34.8  -12.8    0.2   24.6               
  132  132 A L  H  X S+     0   0    0     -4,-2.3     4,-2.1     1,-0.2    -1,-0.2   0.836  99.5  56.1 -61.7 -31.7  -10.1   -0.0   21.8               
  133  133 A A  H  X S+     0   0   49     -4,-1.4     4,-1.6    -3,-0.3    -1,-0.2   0.934 111.5  43.1 -60.4 -46.1   -7.4    0.2   24.4               
  134  134 A I  H  X S+     0   0  111     -4,-1.1     4,-1.1     1,-0.2    -2,-0.2   0.935 115.2  48.4 -65.5 -47.8   -8.9   -2.9   26.2               
  135  135 A Q  H  < S+     0   0   35     -4,-2.7     4,-0.5     1,-0.2    -1,-0.2   0.813 107.3  55.5 -69.9 -30.2   -9.4   -4.8   22.9               
  136  136 A L  H >X S+     0   0    6     -4,-2.1     4,-1.7    -5,-0.2     3,-1.4   0.948 105.8  51.8 -64.8 -44.0   -5.9   -4.1   21.6               
  137  137 A A  H 3< S+     0   0   80     -4,-1.6    -2,-0.2     1,-0.3    -1,-0.2   0.740 109.8  50.2 -64.7 -23.8   -4.4   -5.6   24.9               
  138  138 A A  T 3< S+     0   0   82     -4,-1.1    -1,-0.3     1,-0.1    -2,-0.2   0.581 115.0  44.5 -81.4 -13.8   -6.6   -8.8   24.2               
  139  139 A V  T <4 S-     0   0   31     -3,-1.4     2,-0.3    -4,-0.5    -2,-0.2   0.637 125.2  -1.4-107.9 -23.3   -5.3   -9.0   20.6               
  140  140 A T     <  -     0   0   28     -4,-1.7    -1,-0.3     2,-0.1  -103,-0.0  -0.972  51.5-128.6-162.6 158.0   -1.5   -8.4   21.0               
  141  141 A E  S    S+     0   0  195     -2,-0.3     2,-0.2    -3,-0.1    -4,-0.1   0.490  74.7 117.8 -85.9  -8.9    1.3   -7.7   23.6               
  142  142 A D        -     0   0   78     -6,-0.1     2,-0.3     1,-0.1    -2,-0.1  -0.409  67.0-125.6 -59.9 130.5    2.4   -4.8   21.4               
  143  143 A K        -     0   0  158     -2,-0.2    17,-1.1    17,-0.0     2,-0.4  -0.616  30.2-176.2 -80.4 137.2    2.1   -1.4   23.1               
  144  144 A Y  E     -C  159   0A  40     -2,-0.3     2,-0.4    15,-0.2    15,-0.2  -0.990  23.8-138.5-131.3 141.2    0.2    1.4   21.5               
  145  145 A E  E     -C  158   0A 107     13,-2.4    13,-2.6    -2,-0.4     2,-0.5  -0.810  22.7-157.1 -85.2 137.2   -0.5    5.1   22.3               
  146  146 A I  E     +C  157   0A  46     -2,-0.4     2,-0.4    11,-0.2    11,-0.2  -0.987  14.2 176.9-124.1 122.1   -4.2    6.0   21.6               
  147  147 A L  E     -C  156   0A  87      9,-2.7     9,-3.1    -2,-0.5     2,-0.2  -0.954  15.2-151.9-133.0 108.6   -5.0    9.7   21.0               
  148  148 A Q  E     -C  155   0A  84     -2,-0.4     2,-0.4     7,-0.2     7,-0.2  -0.584   5.3-165.3 -77.0 143.0   -8.5   10.9   20.1               
  149  149 A S  E   > -C  154   0A  26      5,-3.1     5,-2.5    -2,-0.2     3,-0.5  -0.923  10.1-177.3-129.7 103.6   -9.0   14.1   18.0               
  150  150 A V  T > 5S+     0   0   57     -2,-0.4     3,-1.6     1,-0.2    49,-0.6   0.935  88.3  58.0 -61.6 -43.5  -12.6   15.5   18.1               
  151  151 A D  T 3 5S+     0   0  129      1,-0.3    -1,-0.2     2,-0.1    51,-0.1   0.688 113.1  38.8 -61.3 -25.0  -11.5   18.2   15.6               
  152  152 A D  T 3 5S-     0   0   72     -3,-0.5    -1,-0.3     2,-0.2    -2,-0.2   0.361 105.2-126.2-102.1   1.6  -10.4   15.5   13.1               
  153  153 A A  T < 5S+     0   0    0     -3,-1.6    18,-3.0    -4,-0.3     2,-0.3   0.880  74.9 111.1  49.8  41.9  -13.3   13.1   13.8               
  154  154 A A  E   < -CD 149 170A   0     -5,-2.5    -5,-3.1    16,-0.2     2,-0.5  -0.949  68.0-135.2-147.0 158.6  -10.6   10.5   14.4               
  155  155 A I  E     -CD 148 169A   0     14,-2.4    14,-3.0    -2,-0.3     2,-0.6  -0.984  24.9-154.5-116.0 121.5   -8.6    8.2   16.7               
  156  156 A V  E     -CD 147 168A  29     -9,-3.1    -9,-2.7    -2,-0.5     2,-0.4  -0.880   7.8-167.2 -99.3 120.5   -4.8    8.1   16.2               
  157  157 A I  E     -CD 146 167A   0     10,-3.0    10,-3.1    -2,-0.6     2,-0.4  -0.915   4.9-170.9-102.4 131.9   -2.9    5.0   17.2               
  158  158 A K  E     -CD 145 166A  62    -13,-2.6   -13,-2.4    -2,-0.4     8,-0.2  -0.961  14.3-137.9-119.7 141.4    0.9    5.0   17.5               
  159  159 A N  E     -C  144   0A  14      6,-1.9     2,-0.3    -2,-0.4   -15,-0.2  -0.589  24.1-116.8 -86.7 159.6    3.3    2.1   18.0               
  160  160 A T  S    S+     0   0   94    -17,-1.1     2,-0.3    -2,-0.2   -16,-0.1  -0.139  77.5 112.8 -88.5  35.0    6.3    2.2   20.4               
  161  161 A K  S    S-     0   0  110     -2,-0.3    -2,-0.1     4,-0.1     0, 0.0  -0.714  75.4 -92.0 -96.2 161.0    8.9    1.7   17.5               
  162  162 A E  S    S+     0   0  194      1,-0.3    -2,-0.1    -2,-0.3     3,-0.0  -0.974 121.6  25.6-114.3 122.0   11.4    4.4   16.3               
  163  163 A P  S    S-     0   0   86      0, 0.0    -1,-0.3     0, 0.0     2,-0.2   0.657 108.4-132.4 -67.2 151.1   10.3    6.0   14.0               
  164  164 A P        -     0   0   58      0, 0.0     2,-0.3     0, 0.0    -4,-0.1  -0.502   6.6-130.2 -75.5 135.4    6.7    5.3   15.2               
  165  165 A L        -     0   0   15     -2,-0.2    -6,-1.9   -56,-0.1     2,-0.5  -0.666  22.4-153.2 -74.2 139.8    4.0    4.2   12.8               
  166  166 A S  E     -bD 109 158A  19    -58,-2.7   -56,-2.8    -2,-0.3     2,-0.6  -0.964   9.0-168.5-125.3 110.1    0.8    6.4   13.1               
  167  167 A L  E     -bD 110 157A   0    -10,-3.1   -10,-3.0    -2,-0.5     2,-0.5  -0.897   6.0-158.9-105.9 112.6   -2.6    4.9   12.2               
  168  168 A T  E     -bD 111 156A  31    -58,-2.9   -56,-2.8    -2,-0.6     2,-0.7  -0.797   1.3-161.3 -92.5 123.6   -5.5    7.3   12.0               
  169  169 A I  E     -bD 112 155A   0    -14,-3.0   -14,-2.4    -2,-0.5     2,-0.5  -0.922  11.0-156.8-101.4 106.3   -9.0    5.8   12.3               
  170  170 A H  E     -bD 113 154A  47    -58,-2.8   -56,-2.6    -2,-0.7     2,-0.4  -0.754   6.6-144.2 -84.7 128.2  -11.5    8.3   10.8               
  171  171 A L  E     +b  114   0A   0    -18,-3.0     2,-0.3    -2,-0.5   -56,-0.2  -0.733  36.6 141.1 -87.9 135.5  -15.1    8.0   12.1               
  172  172 A T  E     -b  115   0A   0    -58,-1.9   -56,-3.0    -2,-0.4    32,-0.1  -0.981  33.9-146.0-162.0 166.1  -18.0    8.7    9.6               
  173  173 A S    >>  -     0   0    0     -2,-0.3     3,-1.6   -58,-0.2     4,-0.5  -0.996  28.2-123.0-136.2 145.2  -21.4    7.6    8.4               
  174  174 A P  H >> S+     0   0   60      0, 0.0     4,-2.1     0, 0.0     3,-1.4   0.841 109.2  71.6 -48.4 -34.3  -23.1    7.5    4.9               
  175  175 A V  H 3> S+     0   0   44    -58,-0.4     4,-2.5     1,-0.3     5,-0.2   0.819  86.7  63.7 -53.3 -35.7  -25.9    9.7    6.5               
  176  176 A V  H <> S+     0   0    5     -3,-1.6     4,-0.7     1,-0.2    -1,-0.3   0.859 109.8  38.5 -61.5 -36.1  -23.4   12.7    6.6               
  177  177 A R  H <X S+     0   0   48     -3,-1.4     4,-2.6    -4,-0.5     3,-0.3   0.899 110.3  59.1 -78.6 -43.1  -23.2   12.6    2.8               
  178  178 A E  H  X S+     0   0  107     -4,-2.1     4,-2.1     1,-0.3    -2,-0.2   0.916 109.9  44.5 -54.6 -42.9  -27.0   11.9    2.3               
  179  179 A E  H  X S+     0   0   17     -4,-2.5     4,-2.4     2,-0.2    -1,-0.3   0.768 108.7  55.9 -72.3 -28.7  -27.8   15.1    4.2               
  180  180 A M  H  X S+     0   0   54     -4,-0.7     4,-2.4    -3,-0.3    -2,-0.2   0.942 110.3  46.5 -64.4 -42.9  -25.1   17.1    2.3               
  181  181 A E  H  X S+     0   0   55     -4,-2.6     4,-1.8     2,-0.2    -2,-0.2   0.883 112.2  50.8 -66.3 -37.9  -26.9   16.0   -0.9               
  182  182 A K  H  <>S+     0   0   93     -4,-2.1     5,-2.5    -5,-0.2     4,-0.2   0.930 111.1  47.5 -62.7 -46.5  -30.3   16.9    0.6               
  183  183 A V  H ><5S+     0   0   70     -4,-2.4     3,-1.3     1,-0.2    -2,-0.2   0.907 112.5  49.5 -62.8 -41.5  -29.1   20.4    1.7               
  184  184 A L  H 3<5S+     0   0  113     -4,-2.4    -1,-0.2     1,-0.3    -2,-0.2   0.832 108.2  54.2 -66.7 -31.2  -27.6   20.9   -1.9               
  185  185 A A  T 3<5S-     0   0   87     -4,-1.8    -1,-0.3    -5,-0.2    -2,-0.2   0.440 121.0-112.1 -76.5  -1.9  -31.0   19.8   -3.3               
  186  186 A G  T < 5 +     0   0   63     -3,-1.3     2,-0.4     1,-0.3    -3,-0.2   0.600  65.4 151.0  77.6  13.9  -32.7   22.6   -1.1               
  187  187 A E      < -     0   0  106     -5,-2.5     2,-0.7    -6,-0.2    -1,-0.3  -0.632  50.0-120.9 -77.2 129.7  -34.5   20.1    1.2               
  188  188 A T        -     0   0  130     -2,-0.4     2,-0.6     1,-0.1    -1,-0.1  -0.607  26.2-128.4 -72.3 111.7  -35.1   21.4    4.8               
  189  189 A L        -     0   0   67     -2,-0.7     2,-1.1     1,-0.1    -1,-0.1  -0.475  19.5-168.5 -64.1 110.6  -33.3   19.1    7.2               
  190  190 A S        +     0   0  122     -2,-0.6     2,-0.6     2,-0.1    -1,-0.1  -0.543  37.3 149.1 -90.1  60.2  -35.8   18.0   10.0               
  191  191 A V        -     0   0   59     -2,-1.1     2,-1.6     2,-0.0    -2,-0.1  -0.906  45.6-158.4-113.2 115.3  -32.9   16.6   12.0               
  192  192 A N        -     0   0  169     -2,-0.6    -2,-0.1     3,-0.0    -1,-0.0  -0.649  32.9-169.6 -79.4  74.6  -32.7   16.4   15.8               
  193  193 A D        -     0   0   77     -2,-1.6    -2,-0.0     1,-0.1     0, 0.0  -0.484  27.9-107.5 -66.5 140.4  -28.9   16.1   15.8               
  194  194 A P    >   -     0   0   57      0, 0.0     3,-1.5     0, 0.0    -1,-0.1  -0.437  30.1-123.3 -54.6 139.7  -27.0   15.2   19.0               
  195  195 A P  T 3  S+     0   0  145      0, 0.0    -2,-0.1     0, 0.0   -74,-0.0   0.574 108.6  56.3 -68.4  -8.7  -25.2   18.4   20.1               
  196  196 A D  T 3  S+     0   0   48      2,-0.0   -74,-2.2     0, 0.0     2,-0.1   0.070  71.0 145.9-113.2  17.1  -21.8   16.5   20.0               
  197  197 A V  B <   -E  121   0B  46     -3,-1.5   -76,-0.3   -76,-0.3     3,-0.2  -0.366  52.7-111.2 -53.6 131.7  -21.9   15.3   16.3               
  198  198 A L        -     0   0    6    -78,-2.5   -47,-0.1     1,-0.2    -1,-0.1  -0.186  51.1 -60.3 -69.1 161.0  -18.3   15.3   14.9               
  199  199 A D     >  -     0   0   71    -49,-0.6     4,-2.6     1,-0.1     5,-0.2  -0.105  43.6-149.9 -49.4 117.6  -17.0   17.7   12.2               
  200  200 A R  H  > S+     0   0   88      1,-0.2     4,-2.3     2,-0.2    -1,-0.1   0.847  95.6  51.2 -58.2 -40.8  -19.2   17.2    9.0               
  201  201 A Q  H  > S+     0   0  110      2,-0.2     4,-2.4     1,-0.2    -1,-0.2   0.885 110.5  48.1 -72.1 -38.0  -16.3   18.1    6.7               
  202  202 A K  H  > S+     0   0   71      2,-0.2     4,-2.4     1,-0.2    -2,-0.2   0.954 113.5  48.6 -63.2 -46.1  -13.8   15.6    8.3               
  203  203 A C  H  X S+     0   0    1     -4,-2.6     4,-1.8     1,-0.2    -2,-0.2   0.885 112.5  48.3 -60.0 -41.5  -16.6   13.0    8.1               
  204  204 A L  H  X S+     0   0   15     -4,-2.3     4,-1.8     2,-0.2    -1,-0.2   0.898 109.7  52.3 -66.7 -40.3  -17.2   13.9    4.4               
  205  205 A A  H  X S+     0   0   47     -4,-2.4     4,-2.9     2,-0.2    -2,-0.2   0.911 107.4  52.4 -63.5 -40.6  -13.4   13.7    3.7               
  206  206 A A  H  X S+     0   0    4     -4,-2.4     4,-1.9     1,-0.2    -2,-0.2   0.920 109.9  48.8 -60.6 -41.7  -13.2   10.2    5.2               
  207  207 A L  H  X S+     0   0   13     -4,-1.8     4,-1.5     2,-0.2    -1,-0.2   0.828 110.2  52.2 -65.9 -32.7  -16.1    9.2    2.9               
  208  208 A A  H >X S+     0   0   12     -4,-1.8     4,-3.0     2,-0.2     3,-0.6   0.973 107.9  49.8 -67.2 -50.2  -14.1   10.7   -0.0               
  209  209 A S  H 3X S+     0   0   30     -4,-2.9     4,-2.4     1,-0.3    -2,-0.2   0.866 109.8  53.2 -54.4 -35.9  -11.0    8.7    0.9               
  210  210 A L  H 3X S+     0   0   10     -4,-1.9     4,-1.8    -5,-0.2    -1,-0.3   0.859 110.7  45.7 -67.8 -36.3  -13.3    5.6    1.0               
  211  211 A R  H <X S+     0   0   45     -4,-1.5     4,-3.0    -3,-0.6     5,-0.2   0.956 112.1  52.0 -66.6 -47.2  -14.5    6.4   -2.6               
  212  212 A H  H  X S+     0   0    7     -4,-3.0     4,-2.8     1,-0.2    -2,-0.2   0.891 110.5  48.1 -56.4 -45.1  -10.9    7.0   -3.7               
  213  213 A A  H  X S+     0   0    9     -4,-2.4     4,-2.3    -5,-0.2    -1,-0.2   0.937 113.8  45.9 -62.9 -47.1   -9.8    3.6   -2.3               
  214  214 A K  H  X S+     0   0  115     -4,-1.8     4,-1.9     2,-0.2    -2,-0.2   0.925 116.2  46.2 -62.0 -45.3  -12.8    1.7   -4.0               
  215  215 A W  H  X S+     0   0   36     -4,-3.0     4,-2.1     2,-0.2     5,-0.4   0.926 110.8  52.8 -62.6 -45.0  -12.2    3.5   -7.3               
  216  216 A F  H  <>S+     0   0    0     -4,-2.8     5,-2.8    -5,-0.2     6,-0.3   0.927 110.5  47.2 -59.8 -46.0   -8.4    2.9   -7.2               
  217  217 A Q  H  <5S+     0   0   60     -4,-2.3   155,-0.4     1,-0.2     5,-0.4   0.899 117.3  42.9 -62.4 -41.6   -8.9   -0.9   -6.7               
  218  218 A A  H  <5S+     0   0   26     -4,-1.9    -1,-0.2    -5,-0.2    -2,-0.2   0.750 134.1  13.9 -74.7 -26.6  -11.5   -1.0   -9.6               
  219  219 A R  T  <5S+     0   0  101     -4,-2.1     4,-0.2    -5,-0.1    -3,-0.2   0.800 128.7  33.4-115.9 -69.3   -9.5    1.2  -12.0               
  220  220 A A  T > 5S+     0   0    0     -5,-0.4     3,-1.4    -4,-0.2     7,-0.4   0.861 110.2  60.1 -70.0 -38.8   -5.8    2.0  -11.2               
  221  221 A N  T 3 <S+     0   0   26     -5,-2.8    -1,-0.2     1,-0.3     6,-0.2   0.886 108.1  44.4 -63.7 -40.1   -4.8   -1.3   -9.5               
  222  222 A G  T 3  S+     0   0   47     -5,-0.4     2,-0.7    -6,-0.3    -1,-0.3   0.454  90.9 104.2 -79.5  -3.0   -5.6   -3.5  -12.6               
  223  223 A L  S X> S-     0   0   25     -3,-1.4     3,-2.1    -4,-0.2     4,-0.6  -0.749  83.2-111.0 -89.7 115.9   -3.9   -0.9  -15.0               
  224  224 A K  T 34 S-     0   0  105     -2,-0.7    42,-0.3     1,-0.3    -2,-0.1  -0.139  94.3  -7.3 -50.9 128.3   -0.4   -2.2  -16.2               
  225  225 A S  T 3> S+     0   0   20     -4,-0.1     4,-2.4    40,-0.1    -1,-0.3   0.237 101.9 113.6  63.9  -3.5    2.4   -0.1  -14.7               
  226  226 A C  H <> S+     0   0    0     -3,-2.1     4,-2.7    -6,-0.2     5,-0.2   0.960  78.3  43.1 -61.4 -54.5   -0.0    2.5  -13.1               
  227  227 A V  H  X S+     0   0    2     -4,-0.6     4,-2.2    -7,-0.4    -1,-0.2   0.864 114.9  52.4 -59.6 -35.8    0.7    1.7   -9.4               
  228  228 A I  H  > S+     0   0   19      2,-0.2     4,-1.9     1,-0.2    -1,-0.2   0.927 111.9  44.8 -64.6 -46.4    4.5    1.5  -10.3               
  229  229 A V  H  X S+     0   0    0     -4,-2.4     4,-2.6     2,-0.2     5,-0.2   0.903 111.3  53.2 -68.1 -40.1    4.4    5.0  -12.0               
  230  230 A I  H  X S+     0   0    1     -4,-2.7     4,-2.6     2,-0.2    -2,-0.2   0.938 109.9  48.3 -60.9 -46.7    2.3    6.5   -9.1               
  231  231 A R  H  X S+     0   0    0     -4,-2.2     4,-1.7     1,-0.2    -1,-0.2   0.911 114.2  46.6 -58.5 -43.5    4.9    5.3   -6.5               
  232  232 A V  H  X S+     0   0    1     -4,-1.9     4,-1.2     2,-0.2    -2,-0.2   0.863 115.3  45.2 -69.6 -36.4    7.8    6.7   -8.6               
  233  233 A L  H  X S+     0   0    1     -4,-2.6     4,-2.7     2,-0.2    -2,-0.2   0.824 106.7  59.2 -77.4 -28.2    6.0   10.1   -9.1               
  234  234 A R  H  X S+     0   0    6     -4,-2.6     4,-1.3     2,-0.2    -2,-0.2   0.904 107.2  47.9 -66.2 -37.5    5.0   10.3   -5.4               
  235  235 A D  H  X S+     0   0   18     -4,-1.7     4,-2.2     2,-0.2    -1,-0.2   0.870 110.2  52.8 -61.8 -39.1    8.8   10.2   -4.7               
  236  236 A L  H  X S+     0   0    5     -4,-1.2     4,-2.2     2,-0.2     7,-0.3   0.939 105.5  53.1 -65.6 -43.2    9.2   12.9   -7.4               
  237  237 A C  H  < S+     0   0    5     -4,-2.7    -1,-0.2     1,-0.2    -2,-0.2   0.831 112.6  45.9 -56.7 -36.1    6.5   15.1   -5.6               
  238  238 A T  H  < S+     0   0   86     -4,-1.3    -1,-0.2    -5,-0.2    -2,-0.2   0.865 118.6  40.6 -74.5 -38.5    8.6   14.7   -2.3               
  239  239 A R  H  < S+     0   0   83     -4,-2.2    -2,-0.2     1,-0.2    -3,-0.2   0.675 118.2  46.0 -81.7 -23.8   12.0   15.4   -4.0               
  240  240 A V    ><  -     0   0   42     -4,-2.2     3,-2.6    -5,-0.2     4,-0.4  -0.878  69.7-158.9-128.2  95.0   10.8   18.3   -6.3               
  241  241 A P  G >  S+     0   0  110      0, 0.0     3,-1.8     0, 0.0    -1,-0.1   0.765  88.2  69.5 -53.5 -31.2    8.6   20.9   -4.5               
  242  242 A T  G 3  S+     0   0   51      1,-0.3    72,-0.1     2,-0.2    -5,-0.1   0.796 102.0  46.5 -49.6 -35.0    7.1   22.1   -7.8               
  243  243 A W  G X  S+     0   0    3     -3,-2.6     3,-1.5    -7,-0.3     4,-0.3   0.482  85.8  97.2 -90.4  -4.7    5.2   18.7   -8.0               
  244  244 A G  G X  S+     0   0   28     -3,-1.8     3,-2.3    -4,-0.4    -1,-0.2   0.872  71.9  63.4 -51.8 -45.5    4.1   18.9   -4.3               
  245  245 A P  G 3  S+     0   0   37      0, 0.0    -1,-0.2     0, 0.0    -2,-0.1   0.634 100.9  54.1 -60.0 -16.3    0.5   20.2   -5.1               
  246  246 A L  G < >S+     0   0    0     -3,-1.5     5,-1.9     4,-0.1     6,-0.2   0.508  78.5 128.8 -88.6 -10.5   -0.2   17.0   -7.1               
  247  247 A R  T < 5S-     0   0   92     -3,-2.3     2,-0.4    -4,-0.3   562,-0.1  -0.269  70.2  -2.3 -59.5 129.8    0.7   14.6   -4.1               
  248  248 A G  T  >5S+     0   0   18      1,-0.2     4,-1.7     2,-0.1     3,-0.5  -0.810 130.3  11.4  94.6-135.8   -2.1   12.1   -3.4               
  249  249 A W  H  >5S+     0   0   14     -2,-0.4     4,-2.4     1,-0.2     5,-0.2   0.811 123.6  54.5 -53.7 -41.0   -5.4   11.9   -5.2               
  250  250 A P  H  >5S+     0   0    5      0, 0.0     4,-2.5     0, 0.0    -1,-0.2   0.920 111.4  46.3 -63.5 -41.3   -4.6   14.4   -8.2               
  251  251 A L  H  ><S+     0   0    1     -5,-1.9     4,-2.3    -3,-0.5    -2,-0.2   0.861 111.1  52.9 -64.5 -38.7   -1.5   12.3   -9.1               
  252  252 A E  H  X S+     0   0    7     -4,-1.7     4,-2.4    -6,-0.2    -1,-0.2   0.953 113.3  42.4 -63.2 -48.4   -3.5    9.0   -8.9               
  253  253 A L  H  X S+     0   0    0     -4,-2.4     4,-2.7     2,-0.2     5,-0.3   0.906 113.2  53.5 -63.6 -44.1   -6.2   10.3  -11.2               
  254  254 A L  H  X S+     0   0    3     -4,-2.5     4,-2.2    -5,-0.2     5,-0.3   0.911 111.4  46.4 -55.7 -46.2   -3.6   11.9  -13.6               
  255  255 A C  H  X S+     0   0    0     -4,-2.3     4,-2.6     2,-0.2     5,-0.4   0.937 115.0  44.4 -66.8 -46.7   -1.8    8.5  -13.8               
  256  256 A E  H  X S+     0   0   13     -4,-2.4     4,-2.8     2,-0.2    -2,-0.2   0.940 117.5  44.3 -66.4 -44.8   -4.9    6.4  -14.4               
  257  257 A K  H  X S+     0   0   68     -4,-2.7     4,-1.1     2,-0.2    -2,-0.2   0.924 119.1  42.4 -66.5 -44.2   -6.4    8.8  -17.0               
  258  258 A S  H  < S+     0   0    3     -4,-2.2     3,-0.3    -5,-0.3    -2,-0.2   0.954 123.8  36.1 -69.0 -46.0   -3.1    9.3  -18.9               
  259  259 A I  H >< S+     0   0    5     -4,-2.6     3,-1.3    -5,-0.3    -2,-0.2   0.905 116.4  54.3 -72.0 -40.1   -2.0    5.6  -18.8               
  260  260 A G  H 3< S+     0   0   29     -4,-2.8    -1,-0.2    -5,-0.4    -2,-0.2   0.612  96.5  64.9 -77.2 -14.2   -5.6    4.2  -19.3               
  261  261 A T  T 3< S+     0   0   86     -4,-1.1     2,-0.6    -3,-0.3    -1,-0.3   0.270  79.0 107.2 -85.0   5.6   -6.3    6.3  -22.5               
  262  262 A A  S <  S-     0   0   19     -3,-1.3     2,-1.2     1,-0.1     4,-0.1  -0.820  74.4-135.7 -86.8 125.2   -3.5    4.3  -24.2               
  263  263 A N  S    S+     0   0  171     -2,-0.6    -1,-0.1     2,-0.1    -3,-0.1   0.060  85.9  32.2 -67.6  21.5   -4.9    1.7  -26.8               
  264  264 A R  S    S-     0   0   99     -2,-1.2     2,-0.5   113,-0.0    -2,-0.1  -0.854  96.5 -86.5-168.1 153.9   -2.4   -1.0  -25.4               
  265  265 A P        -     0   0   74      0, 0.0   -40,-0.1     0, 0.0    -2,-0.1  -0.460  52.9-155.1 -69.3 116.2   -0.7   -2.1  -22.1               
  266  266 A M        -     0   0    4     -2,-0.5     2,-0.2   -42,-0.3    -7,-0.0  -0.037  14.0-105.3 -83.0 174.9    2.6   -0.1  -21.8               
  267  267 A G     >  -     0   0   13      1,-0.1     4,-2.8   -42,-0.0     5,-0.2  -0.530  39.1-104.2 -85.3 172.3    6.0   -0.6  -20.1               
  268  268 A A  H  > S+     0   0    4      2,-0.2     4,-2.3     1,-0.2     5,-0.2   0.892 122.0  47.4 -70.3 -37.8    6.9    1.4  -16.9               
  269  269 A G  H  > S+     0   0    1      2,-0.2     4,-2.0  -262,-0.2    -1,-0.2   0.867 116.5  44.3 -69.0 -36.9    9.3    3.8  -18.7               
  270  270 A E  H  > S+     0   0   26      2,-0.2     4,-2.4     3,-0.2    -2,-0.2   0.909 112.5  51.1 -73.8 -41.7    6.6    4.4  -21.5               
  271  271 A A  H  X S+     0   0    0     -4,-2.8     4,-1.6     2,-0.2    -2,-0.2   0.944 112.6  46.6 -61.4 -45.8    3.8    4.7  -18.9               
  272  272 A L  H  X S+     0   0    2     -4,-2.3     4,-2.1     1,-0.2     3,-0.4   0.937 110.8  53.1 -58.4 -47.9    5.8    7.4  -17.0               
  273  273 A R  H  X S+     0   0   22     -4,-2.0     4,-2.3     1,-0.2    -2,-0.2   0.884 106.0  53.9 -55.2 -40.4    6.7    9.1  -20.3               
  274  274 A R  H  X S+     0   0   77     -4,-2.4     4,-2.2     2,-0.2    -1,-0.2   0.828 105.8  52.0 -68.8 -31.0    2.9    9.3  -21.1               
  275  275 A V  H  X S+     0   0    0     -4,-1.6     4,-2.4    -3,-0.4     5,-0.2   0.935 111.5  47.7 -63.9 -44.1    2.2   11.0  -17.8               
  276  276 A L  H  X S+     0   0    1     -4,-2.1     4,-2.6     2,-0.2    -2,-0.2   0.877 111.5  50.3 -63.9 -38.4    5.0   13.6  -18.7               
  277  277 A E  H  X S+     0   0   85     -4,-2.3     4,-1.3     2,-0.2    -2,-0.2   0.900 110.1  51.0 -63.4 -41.5    3.4   13.9  -22.2               
  278  278 A C  H  <>S+     0   0   25     -4,-2.2     5,-1.2     2,-0.2     3,-0.2   0.922 115.9  39.9 -63.7 -47.1   -0.1   14.6  -20.6               
  279  279 A L  H ><5S+     0   0    0     -4,-2.4     3,-2.0     1,-0.2     5,-0.4   0.933 112.4  56.2 -66.6 -44.5    1.3   17.3  -18.2               
  280  280 A A  H 3<5S+     0   0   16     -4,-2.6    -2,-0.2     1,-0.3    -1,-0.2   0.724  96.9  64.5 -64.8 -23.0    3.5   18.8  -21.0               
  281  281 A S  T 3<5S-     0   0   97     -4,-1.3    -1,-0.3    -3,-0.2    -2,-0.2   0.343 120.2-107.3 -78.1   3.1    0.5   19.3  -23.3               
  282  282 A G  T X 5 +     0   0   15     -3,-2.0     3,-1.9    33,-0.1    -3,-0.2   0.641  68.7 148.3  83.1  19.8   -0.9   21.8  -20.7               
  283  283 A I  T 3 <S+     0   0   37     -5,-1.2     7,-1.2     1,-0.3    -4,-0.1   0.761  78.1  48.1 -56.2 -25.5   -3.8   19.6  -19.2               
  284  284 A V  T 3  S+     0   0    0     -5,-0.4    -1,-0.3    27,-0.2     7,-0.1   0.483  87.4 112.5 -92.7  -7.5   -3.2   21.4  -15.9               
  285  285 A M  S X  S-     0   0   36     -3,-1.9     3,-1.8    -6,-0.1     5,-0.3  -0.171  85.8-104.2 -64.4 160.7   -3.2   25.0  -17.3               
  286  286 A P  T 3  S+     0   0   80      0, 0.0    -1,-0.1     0, 0.0    -3,-0.0   0.695 126.8  42.9 -61.1 -20.5   -6.1   27.5  -16.4               
  287  287 A D  T 3  S+     0   0  147     -5,-0.1     2,-0.1     3,-0.0    -2,-0.1   0.276  97.5 104.4-102.8   1.5   -7.5   26.8  -20.0               
  288  288 A G  S <  S-     0   0   31     -3,-1.8    -5,-0.1    -6,-0.1    -4,-0.1  -0.310  87.8-105.5 -74.9 167.2   -6.9   23.0  -19.8               
  289  289 A S        -     0   0  105      1,-0.2     3,-0.3    -2,-0.1    -5,-0.1   0.463  51.0-145.9 -69.7  -6.3   -9.6   20.4  -19.2               
  290  290 A G        -     0   0    7     -7,-1.2     2,-0.4    -5,-0.3    -1,-0.2  -0.156  33.0 -69.8  60.5-161.1   -8.5   19.9  -15.6               
  291  291 A I        -     0   0    4     -7,-0.1    11,-2.7   -34,-0.0    -1,-0.2  -0.779  49.3-141.6-128.5  84.1   -8.8   16.4  -14.0               
  292  292 A Y  B     -F  301   0C 118     -2,-0.4     9,-0.2    -3,-0.3     7,-0.1  -0.230  20.4-122.5 -48.7 125.2  -12.6   15.6  -13.5               
  293  293 A D    >   -     0   0    9      7,-2.7     3,-0.6     1,-0.1     7,-0.3  -0.598  17.5-162.5 -77.7 116.5  -13.1   13.7  -10.2               
  294  294 A P  T 3  S+     0   0   51      0, 0.0    -1,-0.1     0, 0.0    -2,-0.1   0.375  86.3  60.0 -78.7   2.7  -14.8   10.3  -10.8               
  295  295 A C  T 3  S+     0   0   14    -80,-0.0     2,-0.2     0, 0.0    -2,-0.0   0.598  93.3  73.2-105.5 -15.9  -15.7   10.0   -7.0               
  296  296 A E    <   -     0   0   34     -3,-0.6   -88,-0.0     2,-0.1     0, 0.0  -0.546  66.5-144.8 -97.4 158.5  -17.9   13.2   -6.7               
  297  297 A K  S    S+     0   0  128     -2,-0.2    -1,-0.1     2,-0.0     2,-0.1   0.859  85.7  67.6 -84.0 -44.9  -21.4   13.9   -8.0               
  298  298 A E  S    S-     0   0  128      1,-0.1     2,-2.3     0, 0.0    -2,-0.1  -0.325 106.9 -93.2 -71.4 157.8  -20.7   17.6   -8.8               
  299  299 A A        +     0   0   86     -2,-0.1     2,-0.3    -7,-0.1    -1,-0.1  -0.382  59.4 176.0 -77.2  66.5  -18.3   18.5  -11.6               
  300  300 A T        -     0   0   27     -2,-2.3    -7,-2.7    -7,-0.3     2,-0.7  -0.585  28.6-142.2 -77.6 129.5  -15.2   18.8   -9.4               
  301  301 A D  B >   -F  292   0C  48     -2,-0.3     3,-2.2    -9,-0.2     4,-0.3  -0.827   9.8-150.2 -82.4 115.5  -11.7   19.5  -10.9               
  302  302 A A  T 3  S+     0   0   10    -11,-2.7    -1,-0.1    -2,-0.7   -10,-0.1   0.476 100.4  43.6 -71.3  -2.6   -9.3   17.3   -8.8               
  303  303 A I  T >  S+     0   0    0    -53,-0.1     3,-2.3     3,-0.1    -1,-0.3   0.173  79.0 114.1-113.9  13.2   -6.5   20.0   -9.5               
  304  304 A G  T <   +     0   0   44     -3,-2.2    -2,-0.1     1,-0.3    -1,-0.1   0.802  68.5  64.0 -53.9 -31.3   -8.9   22.9   -8.9               
  305  305 A H  T 3  S+     0   0   72     -4,-0.3     2,-0.5   500,-0.1    -1,-0.3   0.517  79.3 102.6 -71.6 -11.4   -6.9   23.9   -5.8               
  306  306 A L    <   -     0   0    7     -3,-2.3    -3,-0.1     1,-0.1   -60,-0.0  -0.674  67.7-137.6 -77.3 127.1   -3.7   24.7   -7.9               
  307  307 A D     >  -     0   0   80     -2,-0.5     4,-2.3     1,-0.1     5,-0.2  -0.165  30.8 -95.6 -70.6 169.3   -3.1   28.4   -8.5               
  308  308 A R  H  > S+     0   0  203      2,-0.2     4,-1.7     1,-0.2     5,-0.1   0.820 124.3  47.9 -59.3 -36.1   -1.9   29.8  -11.9               
  309  309 A Q  H  > S+     0   0  113      2,-0.2     4,-3.0     1,-0.2     5,-0.2   0.921 110.1  51.3 -75.3 -41.8    1.8   29.8  -11.0               
  310  310 A Q  H  > S+     0   0   61      1,-0.2     4,-2.3     2,-0.2     5,-0.2   0.908 110.4  50.8 -57.2 -42.9    1.7   26.2   -9.7               
  311  311 A R  H  X S+     0   0   24     -4,-2.3     4,-1.8     2,-0.2    -1,-0.2   0.905 114.0  43.8 -62.8 -43.0   -0.1   25.2  -13.0               
  312  312 A E  H  X S+     0   0   84     -4,-1.7     4,-3.1     2,-0.2     5,-0.3   0.964 114.0  48.9 -64.1 -52.8    2.7   26.9  -15.1               
  313  313 A D  H  X S+     0   0   66     -4,-3.0     4,-2.5     1,-0.2    -2,-0.2   0.882 113.5  46.9 -61.2 -41.2    5.6   25.6  -13.0               
  314  314 A I  H  X S+     0   0    0     -4,-2.3     4,-2.6    -5,-0.2    -1,-0.2   0.928 114.4  47.8 -62.7 -46.0    4.3   21.9  -13.1               
  315  315 A T  H  X S+     0   0    5     -4,-1.8     4,-2.7    -5,-0.2    -2,-0.2   0.947 114.6  45.4 -62.8 -47.8    3.7   22.2  -16.9               
  316  316 A Q  H  X S+     0   0   99     -4,-3.1     4,-2.0     2,-0.2    -2,-0.2   0.931 113.2  50.3 -59.5 -47.3    7.2   23.7  -17.5               
  317  317 A S  H  X S+     0   0   26     -4,-2.5     4,-2.9    -5,-0.3    -2,-0.2   0.913 112.4  47.0 -62.6 -41.5    8.8   21.0  -15.2               
  318  318 A A  H  X S+     0   0    0     -4,-2.6     4,-2.9     2,-0.2     5,-0.2   0.924 109.5  53.5 -65.9 -42.9    7.0   18.2  -17.1               
  319  319 A Q  H  X S+     0   0   82     -4,-2.7     4,-1.2     2,-0.2    -2,-0.2   0.834 113.8  44.3 -59.5 -34.9    8.0   19.7  -20.5               
  320  320 A H  H  X S+     0   0   87     -4,-2.0     4,-2.6    -5,-0.2    -2,-0.2   0.950 113.2  49.2 -72.9 -48.6   11.6   19.6  -19.3               
  321  321 A A  H  X S+     0   0    7     -4,-2.9     4,-2.7     1,-0.2    -2,-0.2   0.884 109.3  53.7 -57.8 -40.6   11.3   16.1  -17.8               
  322  322 A L  H  X S+     0   0   35     -4,-2.9     4,-2.4     2,-0.2    -1,-0.2   0.904 109.9  47.1 -61.0 -43.5    9.8   14.8  -21.1               
  323  323 A R  H  X S+     0   0  128     -4,-1.2     4,-2.0     2,-0.2     6,-0.2   0.940 111.2  51.1 -65.3 -45.3   12.7   16.2  -23.1               
  324  324 A L  H  <>S+     0   0   30     -4,-2.6     5,-2.8     1,-0.2     6,-0.4   0.932 112.4  47.2 -56.8 -45.2   15.3   14.7  -20.6               
  325  325 A A  H ><5S+     0   0    1     -4,-2.7     3,-1.5     4,-0.3     5,-0.3   0.896 109.2  53.8 -62.0 -42.8   13.4   11.3  -21.0               
  326  326 A A  H 3<5S+     0   0   60     -4,-2.4    -1,-0.2     1,-0.3    -2,-0.2   0.859 110.2  47.9 -62.1 -33.0   13.4   11.7  -24.9               
  327  327 A F  T 3<5S-     0   0  160     -4,-2.0    -1,-0.3    -3,-0.1    -2,-0.2   0.096 123.0-103.6 -95.5  20.5   17.3   12.2  -24.8               
  328  328 A G  T < 5S+     0   0   33     -3,-1.5     3,-0.4    -5,-0.1    -3,-0.2   0.553  91.4 117.0  74.7  10.6   17.9    9.2  -22.5               
  329  329 A Q    >>< +     0   0   68     -5,-2.8     3,-1.6    -6,-0.2     4,-0.7   0.044  25.2 125.7 -97.6  23.3   18.5   11.4  -19.4               
  330  330 A L  H 3>  +     0   0    3     -6,-0.4     4,-2.1    -5,-0.3     3,-0.3   0.804  61.5  72.4 -55.5 -30.4   15.4    9.9  -17.4               
  331  331 A H  H 34>S+     0   0   31     -3,-0.4     5,-2.3     1,-0.2     4,-0.4   0.868  93.6  54.9 -52.1 -36.7   17.8    9.1  -14.5               
  332  332 A K  H X45S+     0   0  122     -3,-1.6     3,-1.0     2,-0.2    -1,-0.2   0.908 107.4  48.0 -65.1 -42.6   18.0   12.9  -13.7               
  333  333 A V  H 3<5S+     0   0   17     -4,-0.7    -2,-0.2    -3,-0.3    -1,-0.2   0.895 111.9  50.7 -63.6 -40.3   14.2   13.2  -13.5               
  334  334 A L  T 3<5S-     0   0    1     -4,-2.1    -1,-0.2     2,-0.1    -2,-0.2   0.503 113.4-121.0 -75.3  -5.6   14.2   10.1  -11.2               
  335  335 A G  T < 5S+     0   0   44     -3,-1.0     2,-0.3    -4,-0.4    -3,-0.2   0.937  74.2 111.4  61.4  46.2   16.9   11.6   -8.9               
  336  336 A M  S   <S-     0   0   44     -5,-2.3    -1,-0.2    -6,-0.1    -2,-0.1  -0.974  71.5 -94.2-142.8 160.6   19.3    8.7   -9.6               
  337  337 A D        -     0   0  139     -2,-0.3     2,-0.4     1,-0.1    -3,-0.0  -0.335  54.0 -88.9 -68.2 153.1   22.6    7.8  -11.3               
  338  338 A P        -     0   0   80      0, 0.0    -1,-0.1     0, 0.0     3,-0.1  -0.504  47.6-120.0 -65.2 124.8   22.7    6.3  -14.8               
  339  339 A L        -     0   0   45     -2,-0.4  -326,-0.1     1,-0.1    -8,-0.0  -0.366  38.9 -84.4 -66.3 144.4   22.4    2.5  -14.7               
  340  340 A P        -     0   0   94      0, 0.0    -1,-0.1     0, 0.0     0, 0.0  -0.124  30.8-139.9 -51.9 131.4   25.3    0.4  -16.2               
  341  341 A S  S    S+     0   0  121     -3,-0.1     2,-0.6     2,-0.1    -2,-0.1   0.700  84.7  78.1 -70.5 -21.0   24.8   -0.1  -20.0               
  342  342 A K  S    S-     0   0  187      0, 0.0    -1,-0.0     0, 0.0     0, 0.0  -0.833  81.0-137.0 -89.2 120.3   26.0   -3.8  -19.7               
  343  343 A M        -     0   0  147     -2,-0.6     2,-0.2     1,-0.0    -2,-0.1  -0.636  12.2-130.1 -71.1 126.7   23.3   -6.1  -18.4               
  344  344 A P        -     0   0  103      0, 0.0     2,-2.2     0, 0.0    -1,-0.0  -0.575  30.6-113.1 -61.0 137.5   24.5   -8.7  -15.8               
  345  345 A K        +     0   0  211     -2,-0.2     3,-0.1     3,-0.0    -2,-0.0  -0.465  49.0 172.6 -75.4  68.2   23.2  -12.1  -17.0               
  346  346 A K        -     0   0  182     -2,-2.2     2,-0.0     1,-0.1     3,-0.0  -0.575  40.6-103.8 -65.2 142.7   20.8  -12.7  -14.1               
  347  347 A P        -     0   0  121      0, 0.0     2,-0.6     0, 0.0    -1,-0.1  -0.375  41.1-101.9 -59.3 147.1   18.5  -15.8  -14.6               
  348  348 A K        -     0   0  181     -3,-0.1     2,-0.7    -2,-0.0     3,-0.0  -0.677  22.5-145.6 -69.2 119.0   15.0  -14.9  -15.7               
  349  349 A N        -     0   0  119     -2,-0.6     4,-0.1     1,-0.1    -3,-0.0  -0.822  15.0-161.6 -72.6 114.8   12.5  -15.2  -12.9               
  350  350 A E        +     0   0  142     -2,-0.7    -1,-0.1     2,-0.1    -2,-0.0   0.618  60.1  96.6 -82.7 -11.2    9.6  -16.5  -15.0               
  351  351 A N  S    S-     0   0  123      1,-0.1     2,-0.6    -3,-0.0    -2,-0.1  -0.662  80.3-125.2 -77.0 123.3    7.0  -15.6  -12.4               
  352  352 A P        -     0   0  127      0, 0.0     2,-0.6     0, 0.0    -2,-0.1  -0.575  25.0-137.3 -64.0 112.4    5.3  -12.2  -13.0               
  353  353 A V        -     0   0   79     -2,-0.6     2,-1.2    -4,-0.1    -4,-0.0  -0.676   7.8-140.7 -72.0 114.6    5.8  -10.3   -9.7               
  354  354 A D        -     0   0  105     -2,-0.6     3,-0.2     1,-0.2    -1,-0.1  -0.703  21.8-177.5 -75.1  97.0    2.5   -8.5   -8.9               
  355  355 A Y        +     0   0   88     -2,-1.2    -1,-0.2     1,-0.2    -2,-0.0   0.394  64.8  79.5 -73.8  -2.2    4.0   -5.3   -7.6               
  356  356 A T  S    S+     0   0   21   -135,-0.1     2,-0.4     1,-0.1    -1,-0.2   0.970  77.4  67.8 -77.9 -50.5    0.5   -3.9   -6.7               
  357  357 A V        +     0   0   84     -3,-0.2  -258,-0.1     1,-0.2    -1,-0.1  -0.541  51.2 170.2 -74.4 120.3   -0.3   -5.7   -3.4               
  358  358 A Q  S    S+     0   0   19     -2,-0.4    -1,-0.2     1,-0.3  -260,-0.1   0.807  70.2  15.5 -98.5 -39.4    2.0   -4.5   -0.6               
  359  359 A I  S    S-     0   0   16   -261,-0.3    -1,-0.3  -328,-0.1  -330,-0.1  -0.923  94.8 -88.1-128.5 155.0    0.2   -6.2    2.4               
  360  360 A P        -     0   0   72      0, 0.0     3,-0.1     0, 0.0    -2,-0.0  -0.275  50.7-101.5 -55.2 146.2   -2.4   -9.0    2.5               
  361  361 A P        -     0   0  106      0, 0.0     2,-0.1     0, 0.0     5,-0.1  -0.305  55.3 -76.4 -62.4 156.7   -6.1   -8.0    2.3               
  362  362 A S        -     0   0   14      3,-0.3     5,-0.2     1,-0.2  -326,-0.0  -0.343  34.7-169.6 -60.9 129.9   -8.0   -7.9    5.6               
  363  363 A T  S    S+     0   0  123     -3,-0.1     3,-0.4     3,-0.1    -1,-0.2   0.668  92.0  51.3 -83.6 -23.5   -9.1  -11.3    7.0               
  364  364 A T  S    S+     0   0   40      1,-0.2     2,-0.5  -328,-0.0    -1,-0.1   0.897 121.7  29.6 -78.6 -44.5  -11.3   -9.5    9.6               
  365  365 A Y  S    S-     0   0   29   -274,-0.1     2,-1.3     2,-0.0    -3,-0.3  -0.715  82.9-166.2-118.7  73.8  -13.1   -7.2    7.1               
  366  366 A A        -     0   0   85     -2,-0.5     2,-0.2    -3,-0.4    -3,-0.1  -0.472   6.6-164.0 -72.2  93.1  -13.1   -9.4    3.9               
  367  367 A I        -     0   0  102     -2,-1.3    -2,-0.0    -5,-0.2    -1,-0.0  -0.537  29.3-106.4 -75.7 139.2  -14.1   -7.0    1.0               
  368  368 A T        -     0   0  121     -2,-0.2     2,-1.1     1,-0.1    -1,-0.1  -0.525  42.3-118.4 -64.6 119.7  -15.2   -8.5   -2.3               
  369  369 A P        -     0   0   98      0, 0.0     2,-0.2     0, 0.0    -1,-0.1  -0.464  26.7-160.1 -76.5  99.2  -12.2   -7.9   -4.7               
  370  370 A M        -     0   0  124     -2,-1.1     2,-0.3  -156,-0.0    -3,-0.0  -0.520  11.0-168.4 -64.3 136.7  -13.2   -5.7   -7.6               
  371  371 A K        -     0   0  171     -2,-0.2  -153,-0.2  -153,-0.1     3,-0.1  -0.983  31.0 -99.1-126.1 144.1  -10.8   -6.0  -10.6               
  372  372 A R        -     0   0   53   -155,-0.4  -153,-0.1    -2,-0.3     2,-0.1  -0.387  52.6 -98.9 -51.3 131.0  -10.5   -3.8  -13.7               
  373  373 A P        -     0   0  102      0, 0.0     2,-0.8     0, 0.0    -1,-0.1  -0.391  37.0-128.5 -52.4 123.4  -12.3   -5.6  -16.6               
  374  374 A M        -     0   0  172     -2,-0.1     2,-0.6    -3,-0.1    -3,-0.0  -0.763  13.5-135.1 -74.4 113.0   -9.7   -7.3  -18.6               
  375  375 A E        -     0   0  180     -2,-0.8     2,-1.3     1,-0.1    -3,-0.0  -0.652  23.7-127.1 -59.1 111.7  -10.2   -6.3  -22.2               
  376  376 A E        -     0   0  182     -2,-0.6    -1,-0.1     1,-0.1    -2,-0.0  -0.667  29.8-120.5 -67.9  94.7   -9.8   -9.8  -23.8               
  377  377 A D        -     0   0  131     -2,-1.3     2,-2.0     1,-0.2    -1,-0.1  -0.236  32.2-110.9 -46.6 113.4   -7.1   -8.6  -26.3               
  378  378 A G        -     0   0   66      1,-0.1     2,-2.5     2,-0.0    -1,-0.2  -0.348  36.9-176.7 -69.5  81.0   -8.8   -9.5  -29.6               
  379  379 A E        -     0   0  165     -2,-2.0     2,-0.6     2,-0.1    -1,-0.1  -0.423   8.5-173.1 -68.4  66.7   -6.9  -12.4  -31.1               
  380  380 A E        -     0   0  170     -2,-2.5     2,-2.7     1,-0.1    -2,-0.0  -0.578  31.0-125.9 -51.4 111.9   -9.0  -12.4  -34.2               
  381  381 A K        -     0   0  184     -2,-0.6    -1,-0.1     2,-0.1    -2,-0.1  -0.345  26.5-160.3 -75.1  63.1   -7.4  -15.6  -35.6               
  382  382 A S    >   -     0   0   83     -2,-2.7     3,-0.8     1,-0.2    -1,-0.0  -0.249  11.9-142.6 -41.6 110.0   -6.6  -14.0  -39.0               
  383  383 A P  G >  S+     0   0  113      0, 0.0     3,-1.4     0, 0.0    -1,-0.2   0.512  75.6 101.6 -70.6  -0.5   -6.2  -17.2  -41.1               
  384  384 A S  G >   +     0   0  105      1,-0.3     3,-0.9     2,-0.1    -2,-0.1   0.563  58.5  78.0 -66.4 -13.4   -3.2  -15.7  -43.1               
  385  385 A K  G X  S+     0   0  198     -3,-0.8     3,-0.8     1,-0.2    -1,-0.3   0.619  74.3  81.6 -74.3  -8.1   -0.4  -17.5  -41.2               
  386  386 A K  G <  S+     0   0  197     -3,-1.4     3,-0.3     1,-0.2    -1,-0.2   0.558  82.4  60.4 -75.8  -7.6   -1.0  -20.9  -43.1               
  387  387 A K  G <  S+     0   0  207     -3,-0.9    -1,-0.2     1,-0.2    -2,-0.1   0.213  92.9  60.3-109.1  15.3    1.0  -19.9  -46.3               
  388  388 A K    <   +     0   0  205     -3,-0.8     2,-0.2     1,-0.1    -1,-0.2   0.090  66.2 105.5-129.5  25.5    4.6  -19.3  -45.0               
  389  389 A K        +     0   0  201     -3,-0.3     2,-0.3    -4,-0.0     3,-0.1  -0.352  62.9  79.3-105.2  49.4    5.6  -22.8  -43.5               
  390  390 A I  S    S+     0   0  149     -2,-0.2    -3,-0.0     1,-0.1     0, 0.0  -0.938  75.9  43.6-144.9 146.0    8.1  -24.0  -46.2               
  391  391 A Q  S    S+     0   0  188     -2,-0.3    -1,-0.1     2,-0.0     0, 0.0   0.975  86.0  68.6  63.5  69.0   11.7  -22.7  -46.5               
  392  392 A K        +     0   0  188     -3,-0.1     2,-0.6     0, 0.0     0, 0.0   0.097  41.6 154.2-173.1 101.3   13.7  -22.5  -43.5               
  393  393 A K        +     0   0  211      2,-0.1     2,-0.3     1,-0.0    -2,-0.0  -0.815  20.0 139.1-114.3  86.3   14.7  -25.8  -41.7               
  394  394 A E        -     0   0  160     -2,-0.6    -1,-0.0     2,-0.1     0, 0.0  -0.833  55.5 -96.4-137.1  91.4   17.9  -25.2  -39.7               
  395  395 A E        +     0   0  195     -2,-0.3     2,-0.2     2,-0.0    -2,-0.1   0.369  58.6 131.5  27.5  89.2   18.2  -26.7  -36.3               
  396  396 A K        -     0   0  202      2,-0.0     2,-0.5     0, 0.0    -2,-0.1  -0.633  33.9-156.0-150.6 115.7   17.5  -25.2  -32.9               
  397  397 A A        -     0   0  102     -2,-0.2    -2,-0.0     3,-0.0     0, 0.0  -0.708  15.4-143.0 -74.5 120.1   15.3  -27.2  -30.5               
  398  398 A E        -     0   0  182     -2,-0.5    -2,-0.0     1,-0.1    -1,-0.0  -0.755  29.5-108.5 -81.1 128.4   13.8  -24.7  -28.0               
  399  399 A P        -     0   0  112      0, 0.0     2,-0.1     0, 0.0     3,-0.1  -0.382  30.7-112.2 -63.3 136.4   13.6  -26.4  -24.5               
  400  400 A P        -     0   0  106      0, 0.0     3,-0.2     0, 0.0    -3,-0.0  -0.454  50.9 -83.6 -62.8 139.1   10.1  -27.4  -23.3               
  401  401 A Q        -     0   0  175      1,-0.2     2,-0.2    -2,-0.1     3,-0.0  -0.102  61.9 -81.0 -47.6 137.8    9.1  -25.3  -20.3               
  402  402 A A        -     0   0   80      1,-0.1     2,-0.3    -3,-0.1    -1,-0.2  -0.187  57.0-132.5 -54.8 102.6   10.5  -26.7  -17.0               
  403  403 A M        -     0   0   45     -3,-0.2    67,-0.3    -2,-0.2     5,-0.2  -0.447  24.1 -98.1 -76.9 126.6    8.0  -29.4  -16.4               
  404  404 A N    >>  -     0   0   84     -2,-0.3     4,-2.1     1,-0.1     3,-0.9  -0.061  29.3-127.7 -45.3 129.5    6.5  -29.6  -12.8               
  405  405 A A  H 3> S+     0   0   11      1,-0.3     4,-2.9     2,-0.2     5,-0.2   0.831 108.6  53.7 -56.0 -36.7    8.3  -32.3  -10.8               
  406  406 A L  H 3> S+     0   0   44      1,-0.2     4,-2.3     2,-0.2    -1,-0.3   0.888 111.6  45.9 -62.5 -39.0    5.0  -34.1   -9.8               
  407  407 A M  H <> S+     0   0   99     -3,-0.9     4,-0.9     2,-0.2    -2,-0.2   0.820 113.4  49.9 -75.9 -30.7    4.1  -34.3  -13.5               
  408  408 A R  H  X S+     0   0   91     -4,-2.1     4,-1.4    -5,-0.2     3,-0.5   0.967 114.7  43.0 -66.3 -52.3    7.6  -35.6  -14.4               
  409  409 A L  H  X S+     0   0    0     -4,-2.9     4,-2.8     1,-0.2     3,-0.4   0.918 113.1  51.6 -65.0 -41.7    7.6  -38.3  -11.7               
  410  410 A N  H  < S+     0   0   95     -4,-2.3    -1,-0.2    -5,-0.2    -2,-0.2   0.737 109.6  51.5 -68.4 -22.3    3.9  -39.3  -12.5               
  411  411 A Q  H  < S+     0   0  131     -4,-0.9    -1,-0.2    -3,-0.5    -2,-0.2   0.780 116.0  40.5 -78.8 -28.7    4.8  -39.7  -16.2               
  412  412 A L  H  < S+     0   0   92     -4,-1.4    -2,-0.2    -3,-0.4    -3,-0.2   0.816 135.7  17.5 -84.6 -36.9    7.9  -41.9  -15.3               
  413  413 A K  S >< S-     0   0   62     -4,-2.8     3,-1.0    -5,-0.2    -1,-0.2  -0.759  80.0-162.0-138.0  83.3    6.0  -43.9  -12.6               
  414  414 A P  T 3  S+     0   0  105      0, 0.0    -3,-0.1     0, 0.0    -4,-0.1  -0.432  73.7  30.1 -64.1 142.7    2.2  -43.5  -12.8               
  415  415 A G  T 3  S+     0   0   66      1,-0.2     2,-0.1    -2,-0.1    -5,-0.1   0.486  75.6 166.6  87.8   7.2    0.2  -44.5   -9.7               
  416  416 A L    <   -     0   0   42     -3,-1.0     2,-0.8     1,-0.1    -1,-0.2  -0.310  32.0-133.9 -58.4 129.7    2.9  -43.6   -7.0               
  417  417 A Q        -     0   0  154     20,-0.2     2,-0.6    -2,-0.1    20,-0.5  -0.746  13.9-158.5 -92.8 107.9    1.5  -43.5   -3.5               
  418  418 A Y        -     0   0   42     -2,-0.8     2,-0.3    18,-0.1    18,-0.2  -0.787  11.5-156.9 -86.4 117.4    2.5  -40.4   -1.5               
  419  419 A K  E     -G  435   0D 106     16,-1.7    16,-2.9    -2,-0.6     2,-0.6  -0.682  15.3-127.9 -94.6 137.9    2.2  -41.0    2.3               
  420  420 A L  E     +G  434   0D  76     -2,-0.3    14,-0.2    14,-0.2     3,-0.1  -0.837  28.2 177.3 -84.0 121.1    1.8  -38.2    4.9               
  421  421 A V  E     -     0   0D  77     12,-2.7     2,-0.3    -2,-0.6    13,-0.2   0.863  60.0  -5.5 -92.8 -46.0    4.5  -38.8    7.6               
  422  422 A S  E     -G  433   0D  40     11,-1.4    11,-2.8     2,-0.0     2,-0.4  -0.983  42.6-158.1-148.8 157.7    3.9  -35.7    9.9               
  423  423 A Q  E     +G  432   0D 118     -2,-0.3     9,-0.2     9,-0.2     2,-0.2  -0.945  35.7 156.4-133.3 113.1    1.9  -32.5   10.3               
  424  424 A T  E     +G  431   0D  74      7,-2.7     7,-2.8    -2,-0.4    -2,-0.0  -0.689  25.1  58.2-130.9 179.4    3.7  -30.0   12.7               
  425  425 A G  S    S-     0   0   50      5,-0.2     2,-0.1    -2,-0.2    -2,-0.0  -0.022  91.6 -47.8  77.2 169.0    3.8  -26.3   13.5               
  426  426 A P    >   -     0   0   66      0, 0.0     3,-1.7     0, 0.0    -2,-0.1  -0.340  57.6-104.0 -71.9 159.4    0.9  -24.0   14.4               
  427  427 A V  T 3  S+     0   0  146      1,-0.3    -3,-0.0     2,-0.2    -2,-0.0   0.758 122.9  51.2 -57.7 -26.5   -2.5  -24.1   12.5               
  428  428 A H  T 3  S+     0   0  169      1,-0.2    -1,-0.3     0, 0.0    -3,-0.0   0.650 123.6  27.9 -84.9 -17.8   -1.5  -20.7   10.7               
  429  429 A A  S <  S+     0   0   54     -3,-1.7     2,-0.3     2,-0.0    -1,-0.2  -0.432  84.3 179.3-137.2  59.4    2.0  -22.0    9.6               
  430  430 A P        -     0   0   29      0, 0.0     2,-0.7     0, 0.0    -5,-0.2  -0.485  18.2-150.7 -74.8 129.3    1.6  -25.9    9.3               
  431  431 A I  E     -G  424   0D  80     -7,-2.8    -7,-2.7    -2,-0.3     2,-0.5  -0.853  13.1-164.8 -95.5 112.6    4.6  -27.9    8.2               
  432  432 A F  E     -GH 423 447D  26     15,-2.6    15,-1.9    -2,-0.7     2,-0.5  -0.900   3.3-157.6 -99.1 129.5    3.5  -31.1    6.3               
  433  433 A T  E     -GH 422 446D   8    -11,-2.8   -12,-2.7    -2,-0.5   -11,-1.4  -0.925  13.9-174.0-109.6 119.6    6.0  -33.8    5.8               
  434  434 A M  E     -GH 420 445D   4     11,-2.5    11,-2.5    -2,-0.5     2,-0.3  -0.874   4.8-166.6-110.9 148.6    5.3  -36.2    2.9               
  435  435 A S  E     -GH 419 444D  19    -16,-2.9   -16,-1.7    -2,-0.3     2,-0.3  -0.891   5.2-170.7-126.5 159.6    7.1  -39.4    1.8               
  436  436 A V  E     - H   0 443D   2      7,-1.9     7,-2.9    -2,-0.3     2,-0.5  -0.976  18.3-137.6-143.3 146.6    7.1  -41.6   -1.4               
  437  437 A E  E     + H   0 442D 108    -20,-0.5     2,-0.3    -2,-0.3     5,-0.2  -0.913  30.7 168.2-107.6 121.6    8.7  -45.0   -1.9               
  438  438 A V  E >   - H   0 441D   5      3,-2.9     3,-1.8    -2,-0.5    -2,-0.1  -0.976  65.2 -15.7-144.8 122.3   10.5  -45.4   -5.3               
  439  439 A D  T 3  S-     0   0  116     -2,-0.3     3,-0.1     1,-0.3    -2,-0.0   0.707 126.2 -56.3  55.9  25.7   12.8  -48.2   -6.6               
  440  440 A G  T 3  S+     0   0   66      1,-0.3     2,-0.3     0, 0.0    -1,-0.3   0.037 116.5 114.7  90.1 -18.4   13.3  -49.3   -2.9               
  441  441 A N  E <   -H  438   0D  81     -3,-1.8    -3,-2.9    20,-0.0     2,-0.6  -0.624  59.2-145.0 -81.3 132.8   14.5  -45.8   -1.8               
  442  442 A S  E     -H  437   0D  93     -2,-0.3     2,-0.5    -5,-0.2    -5,-0.2  -0.893  15.7-163.3-100.0 118.0   12.2  -43.9    0.6               
  443  443 A F  E     -H  436   0D  24     -7,-2.9    -7,-1.9    -2,-0.6     2,-0.4  -0.896   7.2-174.9-108.4 126.1   12.2  -40.1   -0.1               
  444  444 A E  E     +H  435   0D  92     -2,-0.5     2,-0.3    -9,-0.2    -9,-0.2  -0.931   9.4 160.3-122.4 137.7   10.9  -37.6    2.5               
  445  445 A A  E     -H  434   0D  10    -11,-2.5   -11,-2.5    -2,-0.4    12,-0.2  -0.967  22.2-141.0-155.2 147.0   10.4  -33.8    2.3               
  446  446 A S  E     +H  433   0D  54     -2,-0.3   -13,-0.2   -13,-0.2    10,-0.1  -0.553  22.9 159.0-101.3 161.7    8.4  -31.1    4.1               
  447  447 A G  E     -H  432   0D   7    -15,-1.9   -15,-2.6    -2,-0.2     6,-0.2  -0.947  54.0 -90.6-172.7 167.0    6.5  -27.9    3.0               
  448  448 A P  S    S+     0   0   98      0, 0.0     2,-0.3     0, 0.0   -17,-0.1   0.345 109.1  27.5 -69.7   5.3    3.8  -25.4    4.0               
  449  449 A S  S  > S-     0   0   38    -17,-0.2     4,-2.8     1,-0.1     5,-0.3  -0.954  82.4-112.5-156.2 154.7    1.1  -27.6    2.3               
  450  450 A K  H  > S+     0   0  101     -2,-0.3     4,-1.2     1,-0.2    -1,-0.1   0.734 120.8  53.7 -55.4 -22.2    0.4  -31.2    1.5               
  451  451 A K  H  > S+     0   0  169      2,-0.2     4,-1.2     3,-0.1    -1,-0.2   0.887 111.4  40.4 -81.6 -43.5    0.8  -30.0   -2.2               
  452  452 A T  H  > S+     0   0   43     -3,-0.2     4,-2.5     2,-0.2     5,-0.2   0.897 113.7  54.3 -75.2 -37.4    4.2  -28.3   -1.9               
  453  453 A A  H  X S+     0   0    0     -4,-2.8     4,-2.5     1,-0.2     5,-0.2   0.962 108.7  48.9 -58.8 -49.0    5.6  -31.2    0.4               
  454  454 A K  H  X S+     0   0   74     -4,-1.2     4,-2.2    -5,-0.3    -1,-0.2   0.856 111.2  52.0 -56.1 -36.8    4.6  -33.7   -2.4               
  455  455 A L  H  X S+     0   0   48     -4,-1.2     4,-1.7     2,-0.2    -2,-0.2   0.926 109.0  47.8 -66.7 -44.9    6.4  -31.4   -4.9               
  456  456 A H  H  X S+     0   0   81     -4,-2.5     4,-2.4     2,-0.2    -2,-0.2   0.893 111.7  51.3 -65.2 -37.9    9.6  -31.3   -2.8               
  457  457 A V  H  X S+     0   0    0     -4,-2.5     4,-2.4   -12,-0.2     5,-0.2   0.947 109.2  50.5 -58.8 -48.5    9.4  -35.1   -2.5               
  458  458 A A  H  X S+     0   0    0     -4,-2.2     4,-1.5    -5,-0.2    -2,-0.2   0.801 109.0  52.3 -63.8 -29.4    9.0  -35.4   -6.3               
  459  459 A V  H  X S+     0   0   28     -4,-1.7     4,-2.2     2,-0.2    -2,-0.2   0.972 109.7  48.0 -66.9 -51.8   12.1  -33.1   -6.7               
  460  460 A K  H  X S+     0   0  103     -4,-2.4     4,-2.3     1,-0.2    -2,-0.2   0.904 112.1  49.6 -55.0 -47.4   14.3  -35.3   -4.4               
  461  461 A V  H  X S+     0   0    0     -4,-2.4     4,-2.1     1,-0.2    -1,-0.2   0.890 111.8  47.9 -58.8 -44.1   13.2  -38.5   -6.3               
  462  462 A L  H  <>S+     0   0    6     -4,-1.5     5,-2.6    -5,-0.2    -1,-0.2   0.839 110.1  52.2 -71.3 -31.1   14.0  -36.9   -9.7               
  463  463 A Q  H ><5S+     0   0   82     -4,-2.2     3,-1.7     3,-0.2    -2,-0.2   0.920 109.3  49.6 -66.4 -42.8   17.5  -35.7   -8.5               
  464  464 A D  H 3<5S+     0   0   99     -4,-2.3    -2,-0.2     1,-0.3    -1,-0.2   0.904 106.7  56.2 -62.9 -37.8   18.2  -39.3   -7.2               
  465  465 A M  T 3<5S-     0   0   56     -4,-2.1    -1,-0.3    -5,-0.2    -2,-0.2   0.398 117.3-118.8 -68.2   0.8   17.1  -40.6  -10.7               
  466  466 A G  T < 5 +     0   0   67     -3,-1.7    -3,-0.2     1,-0.2    -2,-0.1   0.695  67.3 143.8  65.4  18.7   19.8  -38.2  -12.2               
  467  467 A L      < -     0   0   72     -5,-2.6     2,-0.8    -6,-0.2    -1,-0.2  -0.767  59.9-105.2 -94.6 136.2   17.0  -36.3  -14.0               
  468  468 A P        -     0   0  107      0, 0.0     2,-0.2     0, 0.0    -5,-0.1  -0.388  36.8-166.7 -66.3 104.0   17.2  -32.4  -14.4               
  469  469 A T    >   -     0   0   14     -2,-0.8     3,-1.0   -10,-0.1     2,-0.4  -0.579  33.4-115.7 -75.9 151.2   14.7  -30.9  -12.0               
  470  470 A G  T 3  S+     0   0   76    -67,-0.3    -1,-0.1     1,-0.2   -68,-0.1   0.031 106.3  72.8 -73.4  26.0   14.0  -27.1  -12.6               
  471  471 A A  T 3   +     0   0   61     -2,-0.4     2,-0.5   -12,-0.1    -1,-0.2   0.376  51.0 129.9-127.0  -3.6   15.6  -26.5   -9.1               
  472  472 A E    <   +     0   0  132     -3,-1.0     0, 0.0     1,-0.2     0, 0.0  -0.423  35.8 117.2 -60.3 106.5   19.4  -27.0   -9.6               
  473  473 A G        +     0   0   64     -2,-0.5     2,-0.2     1,-0.3    -1,-0.2   0.445  51.2  47.0-171.3  10.6   20.6  -23.7   -8.0               
  474  474 A R  S    S-     0   0  212     -3,-0.1    -1,-0.3     2,-0.0    -3,-0.0  -0.740  76.3 -27.4-166.3 133.0   22.8  -23.9   -4.8               
  475  475 A D        +     0   0  139     -2,-0.2     2,-0.0     2,-0.0    -2,-0.0   0.865  54.8 102.7  59.5  95.5   25.8  -25.5   -3.2               
  476  476 A S        +     0   0  121      1,-0.1     2,-0.1     2,-0.0    -2,-0.0  -0.160  29.9 119.0-178.3 116.9   27.9  -28.6   -3.1               
  477  477 A S        -     0   0  123      1,-0.1    -1,-0.1    -2,-0.0    -2,-0.0  -0.372  54.9 -65.0-170.0 105.7   31.4  -29.5   -4.6               
  478  478 A K        +     0   0  202     -2,-0.1    -1,-0.1     1,-0.0    -2,-0.0   0.916  43.1 143.9  59.2 138.1   34.8  -30.6   -3.0               
  479  479 A G        +     0   0   79      0, 0.0     2,-0.4     0, 0.0    -1,-0.0   0.069  26.9 170.7 161.3  76.0   37.7  -29.5   -0.7               
  480  480 A E        +     0   0  171      0, 0.0     2,-0.2     0, 0.0     0, 0.0  -0.828   6.0 143.8 -94.9 136.7   39.2  -32.2    1.6               
  481  481 A D        -     0   0  152     -2,-0.4     0, 0.0     0, 0.0     0, 0.0  -0.731  34.5 -63.8-164.4 150.6   42.3  -32.4    3.8               
  482  482 A S        -     0   0   98     -2,-0.2     0, 0.0     0, 0.0     0, 0.0   0.514  33.2-151.3   4.7 124.9   43.7  -33.8    7.1               
  483  483 A A        -     0   0   96      0, 0.0     2,-0.0     0, 0.0     0, 0.0   0.965  16.1-136.0  84.3 149.9   43.7  -34.0   10.7               
  484  484 A E        -     0   0  188      0, 0.0     0, 0.0     0, 0.0     0, 0.0   0.429  24.7-139.1-132.3-170.0   44.4  -34.4   13.9               
  485  485 A E        +     0   0  174     -2,-0.0     2,-0.0     2,-0.0     0, 0.0   0.096  23.2 148.9 -65.9 168.0   43.1  -36.0   17.2               
  486  486 A T        -     0   0  138      0, 0.0     2,-0.1     0, 0.0     0, 0.0   0.191  20.4-148.3-163.3 172.4   42.4  -36.2   20.6               
  487  487 A E        +     0   0  195     -2,-0.0     2,-0.2     2,-0.0    -2,-0.0  -0.416  16.6 163.6 -88.5 158.8   39.9  -37.9   23.0               
  488  488 A A        +     0   0  102     -2,-0.1     0, 0.0     0, 0.0     0, 0.0  -0.683  23.9 152.3-164.8 145.1   38.0  -37.7   26.3               
  489  489 A K        +     0   0  202     -2,-0.2     2,-0.1     0, 0.0    -2,-0.0  -0.851   5.9  90.8-154.7-179.7   34.9  -39.6   27.9               
  490  490 A P        +     0   0  122      0, 0.0     0, 0.0     0, 0.0     0, 0.0   0.302  17.1  99.1-108.3-137.5   32.6  -41.0   29.8               
  491  491 A A        +     0   0   83     -2,-0.1     2,-0.1     1,-0.0     0, 0.0   0.878  13.2 174.9-152.9 140.8   29.8  -41.4   31.9               
  492  492 A V        +     0   0  136      2,-0.0     2,-0.2     0, 0.0    -1,-0.0   0.005   9.1 162.6  65.5 103.4   26.5  -42.5   32.3               
  493  493 A V        +     0   0  142     -2,-0.1     0, 0.0     2,-0.0     0, 0.0  -0.577  27.7 134.9-156.8 141.6   23.6  -43.1   34.7               
  494  494 A A        +     0   0   88     -2,-0.2     2,-0.2     0, 0.0    -2,-0.0  -0.913  15.1 163.8-144.2 160.1   19.8  -43.6   33.9               
  495  495 A P        +     0   0  130      0, 0.0    -2,-0.0     0, 0.0     0, 0.0  -0.472  17.9  45.9-142.4-152.6   16.7  -45.0   34.2               
  496  496 A A        +     0   0   89     -2,-0.2     2,-0.2     1,-0.1     0, 0.0   0.847  12.4 174.3-154.8 163.8   13.4  -45.5   34.0               
  497  497 A P        -     0   0  119      0, 0.0     2,-0.3     0, 0.0    -1,-0.1  -0.640  16.6-147.6-107.0 170.4    9.9  -45.5   32.2               
  498  498 A V        -     0   0  144     -2,-0.2     2,-0.2     2,-0.0     0, 0.0  -0.954  19.4-168.4-132.6 151.8    6.2  -46.6   32.9               
  499  499 A V        +     0   0  127     -2,-0.3     2,-0.0     0, 0.0     0, 0.0  -0.601  11.1 149.1-127.2-175.8    3.7  -47.9   30.3               
  500  500 A E        +     0   0  191     -2,-0.2    -2,-0.0     0, 0.0     0, 0.0   0.248  25.8  37.7  98.6 140.8   -0.1  -48.7   29.7               
  501  501 A A        -     0   0   98      1,-0.0     2,-0.2    -2,-0.0     0, 0.0   0.739  29.4-165.5-141.0 169.3   -2.7  -49.0   27.9               
  502  502 A V        +     0   0  128      2,-0.0     2,-0.2     0, 0.0    -1,-0.0  -0.600  12.1 161.8 -86.6 144.9   -4.1  -50.0   24.5               
  503  503 A S        +     0   0  118     -2,-0.2     0, 0.0     0, 0.0     0, 0.0  -0.737  22.3 166.3-156.5 129.7   -7.4  -49.6   22.6               
  504  504 A T        +     0   0  125     -2,-0.2    -2,-0.0     1,-0.1     2,-0.0  -0.862   2.0  53.1-146.8 176.2   -8.0  -49.9   18.8               
  505  505 A P        -     0   0  113      0, 0.0    -1,-0.1     0, 0.0     0, 0.0   0.710  42.2 -14.5-130.9-166.0   -9.6  -50.2   16.0               
  506  506 A S        +     0   0  114      1,-0.1     2,-0.3    -2,-0.0    -2,-0.0   0.946  18.9 154.5  67.4 102.9  -12.0  -49.6   13.1               
  507  507 A A        -     0   0   84      2,-0.0     2,-0.5     0, 0.0    -1,-0.1  -0.834  28.3-160.3-140.3 115.7  -15.0  -47.8   11.9               
  508  508 A A        -     0   0   96     -2,-0.3     0, 0.0     0, 0.0     0, 0.0  -0.806   3.0-156.0 -88.2 126.4  -15.0  -47.3    8.1               
  509  509 A F        -     0   0  192     -2,-0.5     2,-0.1     1,-0.0    -2,-0.0  -0.872  28.8-115.0 -94.9 132.1  -17.3  -44.6    6.6               
  510  510 A P        -     0   0  110      0, 0.0     2,-1.4     0, 0.0    -1,-0.0  -0.344   7.3-125.3 -69.8 146.7  -18.3  -45.4    2.9               
  511  511 A S        -     0   0  127     -2,-0.1     2,-0.2     2,-0.0    -2,-0.0  -0.742  44.6-164.1 -75.6  87.0  -17.3  -43.3   -0.1               
  512  512 A D        -     0   0  148     -2,-1.4     2,-0.6     1,-0.1    -3,-0.0  -0.490  24.4 -74.0 -88.4 155.7  -21.0  -43.0   -1.2               
  513  513 A A        +     0   0   78     -2,-0.2     2,-0.7     1,-0.1    -1,-0.1  -0.382  47.9 155.3 -81.1 115.0  -21.9  -42.0   -4.7               
  514  514 A T        -     0   0  144     -2,-0.6     3,-0.1     3,-0.0    -1,-0.1  -0.894  66.4-127.4 -95.1  89.6  -21.9  -38.7   -6.5               
  515  515 A A        -     0   0   78     -2,-0.7     2,-0.4     1,-0.2    -3,-0.0  -0.066  11.5-105.8 -53.5 135.0  -21.7  -41.1   -9.4               
  516  516 A E        -     0   0  195      1,-0.1     2,-1.9     0, 0.0    -1,-0.2  -0.379  28.2-137.5 -58.2 110.2  -18.9  -40.7  -12.0               
  517  517 A Q        -     0   0  125     -2,-0.4     3,-0.2    -3,-0.1    -1,-0.1  -0.563  25.7-153.1 -73.4  84.5  -20.5  -39.2  -15.1               
  518  518 A G        -     0   0   47     -2,-1.9     2,-0.2     1,-0.2     3,-0.0  -0.101  39.3 -67.3 -50.8 154.8  -18.7  -41.4  -17.7               
  519  519 A P        -     0   0  110      0, 0.0     2,-0.3     0, 0.0    -1,-0.2  -0.322  53.2-122.9 -58.0 120.5  -18.3  -39.9  -21.2               
  520  520 A I        -     0   0   32     -3,-0.2     2,-0.3    -2,-0.2    -3,-0.0  -0.502  39.0-175.2 -63.2 124.2  -21.7  -39.6  -22.9               
  521  521 A L        -     0   0   91     -2,-0.3     6,-0.2     6,-0.2     2,-0.1  -0.855  19.9-124.0-121.3 155.4  -21.5  -41.6  -26.2               
  522  522 A T    >   -     0   0   15      4,-2.6     3,-2.4    -2,-0.3    60,-0.0  -0.408  45.0 -88.2 -80.2 171.9  -23.8  -42.1  -29.1               
  523  523 A K  T 3  S+     0   0  122      1,-0.3    -1,-0.0     2,-0.1    -2,-0.0   0.646 131.4  57.2 -50.3 -19.3  -25.1  -45.5  -30.6               
  524  524 A H  T 3  S-     0   0  103      2,-0.2    -1,-0.3     0, 0.0     3,-0.1   0.196 119.2-110.5 -99.1  10.3  -21.9  -45.3  -32.7               
  525  525 A G  S <  S+     0   0   50     -3,-2.4     2,-0.2     1,-0.2    -2,-0.1   0.601  80.4 123.0  70.0  12.0  -19.5  -45.0  -29.6               
  526  526 A K  S    S-     0   0   76      1,-0.0    -4,-2.6     2,-0.0    -1,-0.2  -0.667  75.4 -96.3 -96.9 157.6  -18.7  -41.4  -30.5               
  527  527 A N    >>  -     0   0   52     -2,-0.2     4,-2.2    -6,-0.2     3,-1.1  -0.615  35.9-128.8 -65.9 131.3  -19.1  -38.2  -28.4               
  528  528 A P  H 3> S+     0   0    0      0, 0.0     4,-2.7     0, 0.0     5,-0.3   0.830 107.6  55.3 -54.3 -36.6  -22.5  -36.7  -29.5               
  529  529 A V  H 3> S+     0   0   43      2,-0.2     4,-1.1     1,-0.2    -2,-0.0   0.831 110.9  45.7 -68.7 -31.9  -20.9  -33.2  -30.1               
  530  530 A M  H <> S+     0   0  113     -3,-1.1     4,-1.0     2,-0.2    -1,-0.2   0.948 114.5  46.2 -72.0 -49.3  -18.3  -34.8  -32.5               
  531  531 A E  H >X S+     0   0    7     -4,-2.2     4,-2.1     2,-0.2     3,-0.7   0.922 112.1  49.6 -65.7 -41.9  -20.9  -36.9  -34.4               
  532  532 A L  H 3X S+     0   0    0     -4,-2.7     4,-2.8     1,-0.3    -1,-0.2   0.903 110.8  51.7 -62.4 -35.8  -23.4  -34.0  -34.8               
  533  533 A N  H 3< S+     0   0   72     -4,-1.1    -1,-0.3    -5,-0.3    -2,-0.2   0.646 106.3  54.3 -76.0 -14.6  -20.4  -31.9  -36.1               
  534  534 A E  H << S+     0   0  106     -4,-1.0     3,-0.2    -3,-0.7    -2,-0.2   0.875 114.6  40.5 -75.2 -40.7  -19.7  -34.7  -38.6               
  535  535 A K  H  < S+     0   0   95     -4,-2.1     2,-0.4     1,-0.3    -2,-0.2   0.893 135.7  14.5 -71.1 -44.3  -23.3  -34.5  -39.8               
  536  536 A R  S >< S-     0   0  112     -4,-2.8     3,-0.6    -5,-0.2    -1,-0.3  -0.936  80.4-146.8-139.0 108.5  -23.5  -30.6  -39.7               
  537  537 A R  T 3  S+     0   0  218     -2,-0.4    -3,-0.1    -3,-0.2    -4,-0.1  -0.572  73.9  22.0 -79.9 141.6  -20.3  -28.5  -39.4               
  538  538 A G  T 3  S+     0   0   70     -2,-0.2    -1,-0.2     1,-0.2     2,-0.1   0.605  74.4 171.0  86.9  16.3  -20.0  -25.2  -37.5               
  539  539 A L    <   -     0   0   38     -3,-0.6     2,-0.4     1,-0.1    -1,-0.2  -0.326  27.8-132.6 -60.9 136.8  -23.1  -25.5  -35.2               
  540  540 A K        -     0   0  147     20,-0.4    20,-1.1    -2,-0.1     2,-0.5  -0.751  14.3-158.9 -91.7 133.8  -23.5  -22.9  -32.5               
  541  541 A Y  E     -I  559   0E  38     -2,-0.4     2,-0.3    18,-0.2    18,-0.2  -0.980  12.0-168.0-116.2 124.1  -24.2  -24.0  -28.9               
  542  542 A E  E     -I  558   0E  84     16,-1.9    16,-3.1    -2,-0.5     2,-0.7  -0.821  23.7-119.8-119.4 142.8  -25.8  -21.3  -26.5               
  543  543 A L  E     +I  557   0E  75     -2,-0.3    14,-0.2    14,-0.2     3,-0.1  -0.764  27.1 177.4 -86.0 112.6  -26.3  -21.3  -22.7               
  544  544 A I  E     -     0   0E  83     12,-2.1     2,-0.3    -2,-0.7    -1,-0.2   0.861  66.7  -3.8 -81.1 -41.3  -30.1  -21.0  -21.9               
  545  545 A S  E     -I  556   0E  40     11,-1.4    11,-2.4     2,-0.0     2,-0.4  -0.999  43.4-163.2-152.3 153.5  -29.6  -21.2  -18.1               
  546  546 A E  E     +I  555   0E  83     -2,-0.3     2,-0.3     9,-0.2     9,-0.2  -0.989  34.1 163.6-128.3 128.9  -27.2  -21.7  -15.2               
  547  547 A T  E     +I  554   0E  89      7,-2.3     7,-3.0    -2,-0.4    -2,-0.0  -0.981  23.6  45.7-150.2 154.9  -29.0  -22.6  -11.9               
  548  548 A G  S    S-     0   0   52     -2,-0.3     5,-0.1     5,-0.2    -2,-0.0  -0.046  79.8 -61.9  89.8 162.2  -28.3  -24.1   -8.4               
  549  549 A G    >   -     0   0   38      3,-0.2     3,-0.6     1,-0.1    -2,-0.1  -0.095  62.5 -81.7 -73.4 177.0  -25.6  -23.5   -5.8               
  550  550 A S  T 3  S+     0   0  121      1,-0.2     3,-0.2     2,-0.1    -1,-0.1   0.632 129.9  45.1 -57.7 -17.4  -21.8  -24.0   -6.1               
  551  551 A H  T 3  S+     0   0  182      1,-0.2    -1,-0.2     0, 0.0     2,-0.2   0.693 120.9  33.9-102.9 -25.4  -22.2  -27.8   -5.4               
  552  552 A D  S <  S+     0   0   72     -3,-0.6     2,-0.8     2,-0.1    -1,-0.2  -0.614  74.6 171.7-127.2  68.4  -25.3  -28.7   -7.7               
  553  553 A K        -     0   0   79     18,-0.2     2,-0.4    -3,-0.2    -5,-0.2  -0.730  12.5-166.0 -77.3 116.6  -24.7  -26.4  -10.7               
  554  554 A R  E     -I  547   0E 136     -7,-3.0    -7,-2.3    -2,-0.8     2,-0.4  -0.875   3.7-168.3-104.9 130.2  -27.3  -27.3  -13.4               
  555  555 A F  E     -IJ 546 570E  19     15,-2.8    15,-1.7    -2,-0.4     2,-0.5  -0.966  11.3-155.3-121.2 135.2  -26.7  -25.9  -16.9               
  556  556 A V  E     -IJ 545 569E  31    -11,-2.4   -12,-2.1    -2,-0.4   -11,-1.4  -0.961  15.8-170.8-110.5 122.5  -29.1  -25.9  -19.9               
  557  557 A M  E     -IJ 543 568E   6     11,-2.8    11,-2.4    -2,-0.5     2,-0.3  -0.938   5.1-157.5-112.1 135.1  -27.4  -25.8  -23.4               
  558  558 A E  E     -IJ 542 567E  18    -16,-3.1   -16,-1.9    -2,-0.4     2,-0.3  -0.822   5.4-169.6-103.6 148.9  -29.2  -25.2  -26.7               
  559  559 A V  E     -IJ 541 566E   1      7,-2.2     7,-2.5    -2,-0.3     2,-0.5  -0.992  13.2-147.1-129.2 135.2  -28.0  -26.1  -30.2               
  560  560 A E  E     + J   0 565E  94    -20,-1.1     2,-0.4    -2,-0.3   -20,-0.4  -0.908  23.3 171.6-101.8 126.1  -29.8  -24.9  -33.4               
  561  561 A V  E >   - J   0 564E   1      3,-2.9     3,-2.3    -2,-0.5    -2,-0.1  -0.993  67.1 -15.0-139.0 123.2  -29.7  -27.4  -36.3               
  562  562 A D  T 3  S-     0   0   82     -2,-0.4     3,-0.1     1,-0.3    -1,-0.1   0.829 127.4 -54.1  51.7  38.1  -31.6  -27.1  -39.6               
  563  563 A G  T 3  S+     0   0   64      1,-0.2     2,-0.4     0, 0.0    -1,-0.3   0.411 117.3 113.0  75.6   0.7  -33.9  -24.4  -38.0               
  564  564 A Q  E <   -J  561   0E  72     -3,-2.3    -3,-2.9    20,-0.0     2,-0.4  -0.886  60.0-140.9-103.0 133.8  -34.8  -26.8  -35.1               
  565  565 A K  E     -J  560   0E 112     -2,-0.4     2,-0.4    -5,-0.2    -5,-0.2  -0.777  15.8-168.1 -95.5 135.8  -33.6  -25.9  -31.5               
  566  566 A F  E     -J  559   0E  13     -7,-2.5    -7,-2.2    -2,-0.4     2,-0.3  -0.992   2.4-161.6-130.7 123.9  -32.5  -28.7  -29.2               
  567  567 A Q  E     -J  558   0E 103     -2,-0.4     2,-0.3    -9,-0.2    -9,-0.2  -0.815   7.7-177.7-110.6 146.0  -31.9  -28.4  -25.5               
  568  568 A G  E     -J  557   0E   6    -11,-2.4   -11,-2.8    -2,-0.3     2,-0.2  -0.996  11.8-150.0-141.7 136.8  -29.9  -30.6  -23.0               
  569  569 A A  E     +J  556   0E  50     -2,-0.3     2,-0.3   -13,-0.2   -13,-0.2  -0.687  25.6 150.6-101.0 154.8  -29.4  -30.2  -19.2               
  570  570 A G  E     -J  555   0E  10    -15,-1.7   -15,-2.8    -2,-0.2    -2,-0.0  -0.972  57.5 -99.7-173.5 166.4  -26.4  -31.3  -17.1               
  571  571 A S  S    S+     0   0   49     -2,-0.3     2,-0.3   -17,-0.2   -18,-0.2   0.473 109.7  19.9 -66.9 -11.0  -24.1  -30.9  -14.0               
  572  572 A N  S  > S-     0   0   58    -17,-0.2     4,-2.5     1,-0.0     5,-0.2  -0.980  88.0-101.8-157.0 158.9  -21.6  -29.0  -16.3               
  573  573 A K  H  > S+     0   0   89     -2,-0.3     4,-0.8     1,-0.2    -2,-0.0   0.609 119.8  52.7 -62.7 -14.1  -21.5  -27.1  -19.6               
  574  574 A K  H  > S+     0   0  177      2,-0.2     4,-2.0     3,-0.1    -1,-0.2   0.908 110.8  44.5 -82.5 -47.7  -19.9  -30.2  -21.4               
  575  575 A V  H  > S+     0   0   19      2,-0.2     4,-2.3     1,-0.2     5,-0.2   0.939 113.8  51.1 -60.5 -46.4  -22.6  -32.8  -20.2               
  576  576 A A  H  X S+     0   0    0     -4,-2.5     4,-2.4     1,-0.2   -19,-0.2   0.911 110.6  48.9 -58.6 -43.3  -25.4  -30.3  -21.1               
  577  577 A K  H  X S+     0   0   77     -4,-0.8     4,-2.1    -5,-0.2    -1,-0.2   0.858 109.0  53.6 -63.4 -36.9  -23.8  -29.8  -24.6               
  578  578 A A  H  X S+     0   0    4     -4,-2.0     4,-2.0     2,-0.2    -2,-0.2   0.919 110.9  45.2 -67.3 -41.2  -23.6  -33.6  -25.1               
  579  579 A Y  H  X S+     0   0  116     -4,-2.3     4,-2.5     2,-0.2    -2,-0.2   0.910 111.9  52.1 -66.9 -40.2  -27.4  -34.1  -24.2               
  580  580 A A  H  X S+     0   0    0     -4,-2.4     4,-1.5     1,-0.2    -2,-0.2   0.902 111.6  47.9 -60.9 -39.0  -28.3  -31.1  -26.5               
  581  581 A A  H  X S+     0   0    0     -4,-2.1     4,-2.2     2,-0.2    -2,-0.2   0.853 109.5  52.6 -71.2 -35.2  -26.3  -32.8  -29.3               
  582  582 A L  H  X S+     0   0   29     -4,-2.0     4,-2.9     2,-0.2     5,-0.3   0.965 108.0  50.7 -61.0 -50.9  -28.0  -36.2  -28.6               
  583  583 A A  H  X S+     0   0   33     -4,-2.5     4,-1.4     1,-0.2    -2,-0.2   0.856 113.1  46.5 -58.4 -36.9  -31.5  -34.7  -28.9               
  584  584 A A  H  X S+     0   0    0     -4,-1.5     4,-2.1    -5,-0.2     5,-0.4   0.903 113.7  48.3 -69.1 -42.8  -30.4  -33.1  -32.3               
  585  585 A L  H  X S+     0   0    9     -4,-2.2     4,-2.0     1,-0.2    -2,-0.2   0.933 112.6  47.8 -62.0 -47.7  -28.9  -36.4  -33.5               
  586  586 A E  H  < S+     0   0  131     -4,-2.9    -1,-0.2     1,-0.2    -2,-0.2   0.844 119.6  37.3 -66.4 -35.7  -32.0  -38.5  -32.6               
  587  587 A K  H  < S+     0   0  136     -4,-1.4    -1,-0.2    -5,-0.3    -2,-0.2   0.791 126.9  32.3 -90.5 -32.3  -34.6  -36.2  -34.1               
  588  588 A L  H  < S+     0   0   37     -4,-2.1    -3,-0.2    -5,-0.2    -2,-0.2   0.699 130.3  34.1 -97.2 -24.4  -32.7  -35.0  -37.3               
  589  589 A F  S  < S+     0   0   47     -4,-2.0     2,-0.2    -5,-0.4    -1,-0.2  -0.334  74.0 160.5-126.1  50.0  -30.8  -38.2  -38.0               
  590  590 A P        -     0   0   75      0, 0.0     2,-0.7     0, 0.0    -4,-0.1  -0.510  52.1-106.2 -61.5 136.2  -33.1  -41.0  -36.8               
  591  591 A D        -     0   0   92     -2,-0.2    -2,-0.0     2,-0.1    -5,-0.0  -0.578  23.8-150.9 -70.3 112.8  -31.9  -44.3  -38.5               
  592  592 A T        -     0   0  128     -2,-0.7     2,-1.1     1,-0.1    -1,-0.1  -0.795  19.8-159.9 -77.1 105.2  -34.4  -45.1  -41.3               
  593  593 A P        +     0   0  113      0, 0.0     2,-0.3     0, 0.0    -1,-0.1  -0.496  40.1 115.0-106.4  65.0  -33.7  -48.9  -40.9               
  594  594 A L        +     0   0  148     -2,-1.1    -2,-0.1     1,-0.1     0, 0.0  -0.998  28.3  82.9-141.4 140.1  -34.9  -50.6  -44.2               
  595  595 A A        -     0   0   94     -2,-0.3     2,-0.3     2,-0.1    -1,-0.1   0.685  44.7-161.9  95.7  85.8  -33.1  -52.5  -47.1               
  596  596 A L        -     0   0  159      1,-0.1     2,-0.3     0, 0.0    -2,-0.0  -0.598  14.4-143.4  61.6  70.0  -32.3  -55.7  -46.9               
  597  597 A D        -     0   0  175     -2,-0.3     2,-0.3     1,-0.0    -1,-0.1  -0.673  45.8-151.8 -75.6 149.1  -29.8  -57.4  -49.1               
  598  598 A A        +     0   0   76     -2,-0.3    -1,-0.0     1,-0.1     0, 0.0  -0.887  27.0  55.3-143.2 160.3  -31.4  -60.9  -49.7               
  599  599 A N        +     0   0  116     -2,-0.3    -1,-0.1     0, 0.0     2,-0.0   0.835  29.1 102.0  62.8 128.5  -31.5  -64.7  -50.4               
  600  600 A K        -     0   0  192      0, 0.0     2,-0.0     0, 0.0     0, 0.0   0.452  37.6-167.0-147.0 137.6  -30.8  -67.9  -49.8               
  601  601 A K        +     0   0  166     -2,-0.0     0, 0.0     0, 0.0     0, 0.0   0.289  20.7 115.4  57.4 121.5  -32.6  -70.4  -48.3               
  602  602 A K        -     0   0  186     -2,-0.0     0, 0.0     2,-0.0     0, 0.0   0.646  33.5-101.4-153.5 151.5  -33.1  -73.4  -47.0               
  603  603 A R        -     0   0  251      2,-0.0     0, 0.0     0, 0.0     0, 0.0   0.735  23.6-143.7  60.0 160.0  -34.0  -75.6  -44.0               
  604  604 A A        +     0   0   91      1,-0.1    -2,-0.0     2,-0.0     0, 0.0  -0.486  19.3 150.7-129.8-163.1  -33.0  -77.8  -41.0               
  605  605 A P        -     0   0  110      0, 0.0    -1,-0.1     0, 0.0    -2,-0.0   0.680  24.0 -72.4-135.8 159.2  -32.8  -80.2  -38.7               
  606  606 A V        +     0   0  134      0, 0.0     2,-0.0     0, 0.0    -2,-0.0   0.833  30.8  49.1  53.2 148.7  -30.8  -82.5  -36.3               
  607  607 A P        +     0   0  109      0, 0.0     0, 0.0     0, 0.0     0, 0.0   0.634  33.2  61.7-126.0-159.9  -29.0  -84.8  -34.8               
  608  608 A V        -     0   0  120     -2,-0.0     0, 0.0     0, 0.0     0, 0.0   0.962  42.6 -93.8  98.0  97.3  -25.9  -87.1  -34.1               
  609  609 A R        +     0   0  248      0, 0.0     2,-0.0     0, 0.0     0, 0.0   0.727  43.2  87.0  50.6 116.7  -22.3  -87.4  -33.2               
  610  610 A G        +     0   0   77      0, 0.0     0, 0.0     0, 0.0     0, 0.0   0.208  21.3 161.3 130.5 130.1  -18.7  -87.8  -34.5               
  611  611 A G        +     0   0   76      2,-0.0     2,-0.0    -2,-0.0     0, 0.0  -0.320   8.0 174.2 -99.4-158.8  -15.3  -86.5  -35.7               
  612  612 A P        -     0   0  116      0, 0.0     0, 0.0     0, 0.0     0, 0.0   0.402  20.8-108.3-137.1 175.6  -12.3  -86.5  -36.4               
  613  613 A K        +     0   0  171     -2,-0.0     2,-0.2     1,-0.0    -2,-0.0   0.548  28.3 135.5  23.4 128.6   -9.3  -84.7  -38.0               
  614  614 A F        -     0   0  202      2,-0.0     2,-0.2     0, 0.0    -1,-0.0  -0.694  20.1-172.2-174.3-169.1   -6.9  -84.3  -40.5               
  615  615 A A        +     0   0   96     -2,-0.2     2,-0.0     2,-0.0     0, 0.0  -0.790  14.4 104.2-141.9 173.9   -5.1  -81.7  -42.7               
  616  616 A A        -     0   0  105     -2,-0.2    -2,-0.0     0, 0.0     0, 0.0  -0.008  27.6 -94.2 113.4 157.2   -2.9  -80.1  -45.5               
  617  617 A K        +     0   0  199     -2,-0.0    -2,-0.0     0, 0.0     2,-0.0  -0.107  17.2 161.0 -69.1 174.0   -2.2  -78.3  -48.9               
  618  618 A P        +     0   0  117      0, 0.0     0, 0.0     0, 0.0     0, 0.0   0.223  19.0   0.8-152.3-170.7   -1.5  -77.9  -51.9               
  619  619 A H        -     0   0  180     -2,-0.0     0, 0.0     0, 0.0     0, 0.0   0.219  17.4-175.2 115.3 155.7   -1.2  -76.2  -55.4               
  620  620 A N        +     0   0  137      0, 0.0     0, 0.0     0, 0.0     0, 0.0  -0.106   1.1 178.6-105.6-161.9   -1.5  -73.6  -58.2               
  621  621 A P        +     0   0  115      0, 0.0     2,-0.1     0, 0.0     0, 0.0   0.516  13.7  97.4-145.7-177.9   -1.3  -72.2  -61.3               
  622  622 A G        -     0   0   62      2,-0.0     0, 0.0     0, 0.0     0, 0.0  -0.042  32.9  -7.2 126.7 148.6   -1.6  -69.5  -64.1               
  623  623 A F        -     0   0  216     -2,-0.1     0, 0.0     0, 0.0     0, 0.0   0.516  36.7 -29.0-164.2 138.8   -0.7  -67.2  -66.1               
  624  624 A G        +     0   0   66      0, 0.0    -2,-0.0     0, 0.0     0, 0.0   0.485  31.8  44.0  72.6 153.9    1.4  -64.4  -67.8               
  625  625 A M        -     0   0  194      2,-0.0     0, 0.0     0, 0.0     0, 0.0   0.681  46.6 -25.9-157.5 148.8    3.5  -62.1  -68.5               
  626  626 A G        +     0   0   80      1,-0.0     0, 0.0     0, 0.0     0, 0.0   0.942  48.7 108.3  90.3  99.3    6.8  -60.0  -68.6               
  627  627 A G        +     0   0   72      1,-0.0    -2,-0.0     0, 0.0    -1,-0.0  -0.517  18.1 159.7-129.2-146.0   10.0  -59.6  -66.4               
  628  628 A P        +     0   0  114      0, 0.0    -1,-0.0     0, 0.0     0, 0.0   0.682  11.9  28.4-139.5-163.7   13.0  -59.8  -65.4               
  629  629 A M        +     0   0  158     -2,-0.0     0, 0.0     0, 0.0     0, 0.0   0.709  36.4  11.1 109.0 128.4   16.4  -59.4  -63.7               
  630  630 A H        -     0   0  159      0, 0.0     0, 0.0     0, 0.0     0, 0.0   0.998  36.6 -76.6  72.5 114.2   19.0  -58.5  -61.0               
  631  631 A N        -     0   0  106      0, 0.0     0, 0.0     0, 0.0     0, 0.0   0.899  32.3 -13.6  56.3 127.0   20.2  -57.5  -57.7               
  632  632 A E        +     0   0  160      2,-0.0     0, 0.0     3,-0.0     0, 0.0   0.937  53.4  42.1  64.9 131.4   21.1  -55.5  -54.7               
  633  633 A V  S    S-     0   0  127      1,-0.1     0, 0.0     2,-0.0     0, 0.0   0.810  74.4 -78.6  67.4 129.9   21.7  -52.4  -52.6               
  634  634 A P        -     0   0  118      0, 0.0    -1,-0.1     0, 0.0    -2,-0.0  -0.367  45.5-141.3 -70.6 117.8   19.7  -49.1  -52.4               
  635  635 A P        -     0   0  122      0, 0.0    -2,-0.0     0, 0.0    -3,-0.0  -0.469  23.8-165.7 -83.1 147.0   20.5  -46.8  -55.4               
  636  636 A P        -     0   0  121      0, 0.0     2,-0.1     0, 0.0     0, 0.0   0.467  17.5  -4.6-120.6-124.1   20.7  -42.9  -54.8               
  637  637 A P        -     0   0   95      0, 0.0     2,-0.7     0, 0.0     0, 0.0  -0.404  41.2-112.7-116.6 160.5   20.8  -39.4  -56.3               
  638  638 A N        +     0   0  181     -2,-0.1     2,-0.5     2,-0.0     0, 0.0  -0.583  42.6 179.5 -71.4 110.3   20.9  -37.0  -59.3               
  639  639 A L        +     0   0  155     -2,-0.7     2,-0.2     3,-0.0     3,-0.1  -0.967  17.2 129.1-114.2 122.6   24.4  -35.3  -59.2               
  640  640 A R        +     0   0  259     -2,-0.5    -2,-0.0     1,-0.2     0, 0.0  -0.811  33.3  75.7-164.7 143.5   25.7  -32.6  -61.7               
  641  641 A G        -     0   0   72     -2,-0.2    -1,-0.2     0, 0.0     2,-0.1   0.845  51.7-164.9  98.5  61.8   27.3  -29.1  -61.4               
  642  642 A R        +     0   0  259     -3,-0.1    -2,-0.0     2,-0.0    -3,-0.0   0.141  20.2 144.7  59.4 111.8   30.6  -29.1  -60.5               
  643  643 A G        -     0   0   80     -2,-0.1     2,-0.1     0, 0.0     0, 0.0   0.260  26.4-139.2 122.9 132.2   32.8  -26.2  -59.2               
  644  644 A R        +     0   0  248      0, 0.0    -2,-0.0     0, 0.0     0, 0.0  -0.501  18.3  14.2-175.2 110.7   35.3  -25.9  -57.0               
  645  645 A G        +     0   0   83     -2,-0.1     0, 0.0     0, 0.0     0, 0.0   0.149  22.6  90.2  76.6 162.5   37.5  -24.4  -54.1               
  646  646 A G        +     0   0   78      1,-0.1     2,-0.1     0, 0.0     0, 0.0   0.632   4.0 169.1-169.1 152.4   38.7  -22.9  -51.8               
  647  647 A S        +     0   0  115      2,-0.0     2,-0.2     0, 0.0    -1,-0.1  -0.393  17.7 148.7 -69.0 155.0   39.7  -21.8  -48.2               
  648  648 A I        -     0   0  170     -2,-0.1     2,-0.2     2,-0.0     0, 0.0  -0.658  31.9-125.1-171.6 159.8   42.0  -19.3  -46.6               
  649  649 A R        +     0   0  248     -2,-0.2     2,-0.2     2,-0.0    -2,-0.0  -0.525  24.2 174.6 -79.7 152.6   42.1  -17.2  -43.3               
  650  650 A G        -     0   0   81     -2,-0.2     2,-0.4     2,-0.0    -2,-0.0  -0.822  13.5-169.7-161.0 122.7   42.5  -13.4  -42.9               
  651  651 A R        +     0   0  264     -2,-0.2     2,-0.3     2,-0.0    -2,-0.0  -0.878  20.6 168.9 -91.4 144.2   42.4  -11.0  -39.9               
  652  652 A G        -     0   0   80     -2,-0.4     2,-0.4     2,-0.0    -2,-0.0  -0.906  20.8-171.8-156.6 128.2   42.4   -7.3  -40.6               
  653  653 A R        +     0   0  261     -2,-0.3     2,-0.3     2,-0.0    -2,-0.0  -0.953  22.1 164.7-101.0 141.1   41.8   -4.0  -38.6               
  654  654 A G        -     0   0   81     -2,-0.4     2,-0.3     2,-0.0    -2,-0.0  -0.904  21.1-176.1-156.5 127.5   41.5   -0.8  -40.6               
  655  655 A R        +     0   0  260     -2,-0.3     2,-0.1     0, 0.0    -2,-0.0  -0.875  26.7 155.0 -94.3 154.4   40.3    2.8  -39.9               
  656  656 A G        -     0   0   63     -2,-0.3    -2,-0.0     1,-0.2     0, 0.0  -0.351  30.6 -57.0 172.2 119.5   40.3    5.2  -42.9               
  657  657 A F        -     0   0  223     -2,-0.1     2,-0.2     1,-0.1    -1,-0.2   0.793  24.0-147.5  61.1 150.4   38.8    8.4  -44.4               
  658  658 A G        -     0   0   76      2,-0.0     2,-0.3     0, 0.0    -1,-0.1  -0.834  10.7-147.5-136.2-179.9   35.6   10.1  -45.5               
  659  659 A G        -     0   0   83     -2,-0.2     2,-0.2     0, 0.0     0, 0.0  -0.938  18.3-127.6-152.9 163.4   34.7   12.6  -48.2               
  660  660 A A        -     0   0   93     -2,-0.3    -2,-0.0     1,-0.2     0, 0.0  -0.729  30.8  -9.5-124.3 160.8   32.1   15.5  -48.6               
  661  661 A N        +     0   0  153     -2,-0.2     2,-0.2     1,-0.0    -1,-0.2   0.739  25.6 172.1  38.1 110.9   29.2   17.4  -50.2               
  662  662 A H        -     0   0  202      2,-0.0     2,-0.1     0, 0.0    -1,-0.0  -0.802  23.3-140.1-151.2 155.9   27.2   17.7  -53.3               
  663  663 A G        +     0   0   73     -2,-0.2     2,-0.0     0, 0.0     0, 0.0   0.045  28.1 173.0 144.4 110.9   24.5   19.5  -54.0               
  664  664 A G        -     0   0   69     -2,-0.1    -2,-0.0     0, 0.0     2,-0.0  -0.073  24.1-153.6 153.0  87.6   21.1   20.5  -55.4               
  665  665 A Y        +     0   0  209     -2,-0.0     0, 0.0     0, 0.0     0, 0.0   0.301  17.5  65.3  80.8 111.7   18.9   23.2  -55.1               
  666  666 A M        -     0   0  159     -2,-0.0     0, 0.0     0, 0.0     0, 0.0   0.752  25.8 -21.3  63.6 159.6   15.5   24.9  -55.2               
  667  667 A N        -     0   0  150      1,-0.1     0, 0.0     0, 0.0     0, 0.0   0.803  23.0 -98.4-157.9 173.6   12.4   25.9  -54.7               
  668  668 A A        +     0   0   96      2,-0.0     2,-0.2     1,-0.0    -1,-0.1  -0.052  20.5 169.4 -59.3 152.2    8.7   26.6  -53.8               
  669  669 A G        -     0   0   81      2,-0.0     2,-0.4     0, 0.0    -1,-0.0  -0.846  10.1-170.4-157.0 123.7    5.4   26.3  -55.7               
  670  670 A A        +     0   0  112     -2,-0.2     2,-0.2     0, 0.0    -2,-0.0  -0.922  18.2 151.0-111.9 140.9    1.9   26.6  -54.2               
  671  671 A G        -     0   0   73     -2,-0.4    -2,-0.0     1,-0.1     0, 0.0  -0.632  35.5 -62.9 179.9 120.6   -1.4   25.7  -56.0               
  672  672 A Y        -     0   0  245     -2,-0.2     2,-0.1     1,-0.1    -1,-0.1   0.876  30.1-152.4  43.8 134.7   -5.0   24.5  -55.7               
  673  673 A G        +     0   0   64      0, 0.0    -1,-0.1     0, 0.0     0, 0.0  -0.400  31.3 104.8-112.6-161.2   -6.9   21.4  -54.6               
  674  674 A S        +     0   0  100     -2,-0.1     0, 0.0     0, 0.0     0, 0.0   0.390  32.1  79.6  92.0 145.5  -10.3   19.6  -55.3               
  675  675 A Y        +     0   0  220      0, 0.0     2,-0.1     0, 0.0     0, 0.0   0.877  32.7 177.2  57.5 126.5  -11.9   16.6  -57.1               
  676  676 A G        -     0   0   65      0, 0.0     2,-0.3     0, 0.0     0, 0.0  -0.167  20.1-146.0 119.1 108.7  -12.2   13.5  -56.5               
  677  677 A Y        -     0   0  242     -2,-0.1     2,-0.2     2,-0.0     0, 0.0  -0.950  23.3-156.0-151.2 142.2  -13.7   10.2  -57.6               
  678  678 A G        -     0   0   77     -2,-0.3     2,-0.3     2,-0.0     0, 0.0  -0.540  12.4-161.8-113.9 176.0  -15.1    7.3  -55.4               
  679  679 A G        -     0   0   76     -2,-0.2     2,-0.1     2,-0.0    -2,-0.0  -0.898  23.0-130.6-162.4 132.1  -15.8    3.6  -55.3               
  680  680 A N        +     0   0  171     -2,-0.3     2,-0.1     0, 0.0    -2,-0.0  -0.460  30.8 145.5 -81.9 152.4  -18.1    1.6  -52.9               
  681  681 A S        -     0   0  119     -2,-0.1    -2,-0.0     0, 0.0     0, 0.0  -0.293  24.9-149.3-175.5 144.2  -18.4   -1.3  -50.7               
  682  682 A A        +     0   0   80     -2,-0.1     0, 0.0     1,-0.0     0, 0.0   0.271  24.1 126.1 -56.5 177.2  -20.2   -2.2  -47.4               
  683  683 A T        -     0   0  131      0, 0.0    -1,-0.0     0, 0.0     0, 0.0   0.730  30.4 -41.3-162.9 149.2  -21.0   -3.5  -44.5               
  684  684 A A        +     0   0  103      0, 0.0     2,-0.1     0, 0.0     0, 0.0   0.864  21.9 153.0  47.4 148.8  -22.1   -3.3  -40.7               
  685  685 A G        -     0   0   77      0, 0.0     2,-0.1     0, 0.0     0, 0.0   0.182  28.7 -96.3 146.5 130.2  -22.3   -2.4  -37.7               
  686  686 A Y        -     0   0  222     -2,-0.1     0, 0.0     0, 0.0     0, 0.0  -0.329  44.1-105.1-174.1 101.9  -23.7   -1.8  -34.1               
  687  687 A S        -     0   0   67     -2,-0.1     0, 0.0     1,-0.0     0, 0.0   0.561  20.7-125.2  68.3 100.7  -25.2    1.1  -32.6               
  688  688 A Q        -     0   0  156      3,-0.0     2,-0.1     0, 0.0    -1,-0.0   0.748  11.8-158.8  63.2 142.0  -25.5    4.0  -30.6               
  689  689 A F        +     0   0  141      2,-0.0     0, 0.0     0, 0.0     0, 0.0   0.580  52.3  12.6-122.8-178.1  -26.5    6.2  -28.6               
  690  690 A Y        +     0   0  198     -2,-0.1     2,-0.2     1,-0.0     0, 0.0   0.793  40.7 124.9-140.2 160.1  -26.1    9.5  -28.0               
  691  691 A S        +     0   0  124      2,-0.0     2,-0.2     0, 0.0    -3,-0.0  -0.827  20.3 159.0-156.0 130.0  -24.8   12.8  -29.4               
  692  692 A N        +     0   0  171     -2,-0.2     2,-0.0     2,-0.0     0, 0.0  -0.707  20.8  70.6-167.4 132.8  -26.5   16.3  -29.9               
  693  693 A G        +     0   0   74     -2,-0.2    -1,-0.0     0, 0.0    -2,-0.0   0.705  25.8  24.9 116.8 137.3  -25.6   19.4  -30.2               
  694  694 A G        -     0   0   69     -2,-0.0    -2,-0.0     0, 0.0     0, 0.0   0.570  17.8-111.2-143.5-129.4  -24.6   22.5  -30.8               
  695  695 A H        -     0   0  188      1,-0.1     2,-0.2    -2,-0.0     0, 0.0   0.770  11.5-143.7-160.1 154.4  -23.7   25.3  -32.3               
  696  696 A S        +     0   0  119      2,-0.0     2,-0.3     0, 0.0    -1,-0.1  -0.557  27.1 168.8 -76.7 140.2  -21.5   28.2  -33.5               
  697  697 A G        +     0   0   81     -2,-0.2     2,-0.5     2,-0.0     0, 0.0  -0.863   8.9 172.3-153.2 115.2  -22.8   31.8  -33.7               
  698  698 A N        +     0   0  168     -2,-0.3     2,-0.3     2,-0.0    -2,-0.0  -0.935  27.9 131.9-121.1 104.2  -20.8   35.1  -34.2               
  699  699 A A        -     0   0   97     -2,-0.5    -2,-0.0     0, 0.0     0, 0.0  -0.968  55.5 -82.6-155.2 144.5  -22.9   38.2  -34.7               
  700  700 A S        -     0   0  121     -2,-0.3    -2,-0.0     1,-0.1     0, 0.0   0.057  42.6-127.5 -31.4 133.5  -23.2   41.9  -33.5               
  701  701 A G        +     0   0   74      0, 0.0    -1,-0.1     0, 0.0     2,-0.0   0.039  30.2 163.2 -72.6-175.6  -25.0   42.8  -30.2               
  702  702 A G        -     0   0   82      0, 0.0    -2,-0.0     0, 0.0     0, 0.0   0.016  26.7 -12.6 150.8 107.4  -27.8   45.3  -29.5               
  703  703 A G        -     0   0   85     -2,-0.0     0, 0.0     1,-0.0     0, 0.0   0.972  48.3 -37.8  77.2  98.7  -30.3   46.2  -26.9               
  704  704 A G        -     0   0   84      0, 0.0    -1,-0.0     0, 0.0     0, 0.0   0.771  30.4 -83.6  85.6  83.5  -32.3   45.8  -24.0               
  705  705 A G        +     0   0   83      1,-0.0     0, 0.0     0, 0.0     0, 0.0   0.553  25.1 146.4  79.3 173.7  -34.4   44.3  -21.5               
  706  706 A G        -     0   0   84      1,-0.0     2,-0.3     0, 0.0    -1,-0.0   0.801  25.9-150.7  92.5 104.5  -37.9   43.2  -20.3               
  707  707 A G        +     0   0   89      2,-0.0     2,-0.2     0, 0.0    -1,-0.0  -0.714  23.4 158.7 -91.0 152.5  -38.7   40.1  -18.1               
  708  708 A G        -     0   0   84     -2,-0.3     2,-0.2     0, 0.0     0, 0.0  -0.786  24.6-140.5-173.9 126.5  -42.1   38.2  -18.3               
  709  709 A G        +     0   0   76     -2,-0.2    -2,-0.0     1,-0.1     0, 0.0  -0.607  32.0   6.7-102.7 159.7  -42.8   34.7  -17.1               
  710  710 A S        +     0   0  118     -2,-0.2    -1,-0.1     2,-0.0     2,-0.0   0.961  37.7 121.3  58.9 115.0  -44.5   31.4  -17.9               
  711  711 A S        -     0   0  119      1,-0.1    -1,-0.0     2,-0.1     0, 0.0   0.076  42.9 -17.7 177.3 134.1  -46.5   29.2  -20.0               
  712  712 A G        +     0   0   70     -2,-0.0    -1,-0.1     0, 0.0    -2,-0.0   0.613  47.2  93.8  97.1 138.9  -46.6   25.9  -21.9               
  713  713 A Y        -     0   0  247      0, 0.0    -2,-0.1     0, 0.0     2,-0.1   0.643  36.3 -94.2  70.0 138.2  -44.9   22.8  -23.3               
  714  714 A G        -     0   0   64      0, 0.0     0, 0.0     0, 0.0     0, 0.0  -0.446  19.9 -25.3 159.5  93.5  -44.2   19.9  -22.8               
  715  715 A S        +     0   0  112     -2,-0.1     0, 0.0     2,-0.0     0, 0.0   0.629  40.3  78.9  78.8 143.7  -43.0   16.3  -22.2               
  716  716 A Y        +     0   0  189      0, 0.0     2,-0.0     0, 0.0     0, 0.0   0.853  49.6  55.5  56.1 130.7  -40.0   13.8  -21.9               
  717  717 A Y        -     0   0  201      0, 0.0     2,-0.3     0, 0.0    -2,-0.0   0.488  37.8-172.0-123.1 160.8  -37.6   12.7  -20.2               
  718  718 A Q        -     0   0  183      1,-0.1     2,-0.1    -2,-0.0     0, 0.0  -0.722  38.8 -97.4 -98.0 147.0  -37.8   11.2  -16.6               
  719  719 A G        -     0   0   78     -2,-0.3     2,-0.4     1,-0.1    -1,-0.1  -0.342  23.8-133.0 -78.2 150.6  -34.5   10.4  -14.8               
  720  720 A D        -     0   0  165     -2,-0.1     2,-0.4     2,-0.0    -1,-0.1  -0.834  14.1-140.6 -99.6 129.8  -32.6    7.1  -14.4               
  721  721 A N        -     0   0  156     -2,-0.4     2,-2.3     1,-0.1     0, 0.0  -0.730  24.2-117.9 -83.4 132.8  -31.3    5.9  -11.0               
  722  722 A Y        +     0   0  245     -2,-0.4     2,-0.4     2,-0.0    -1,-0.1  -0.437  57.0 150.9 -72.9  76.0  -27.8    4.3  -11.0               
  723  723 A N        -     0   0  145     -2,-2.3     3,-0.0     3,-0.0    -2,-0.0  -0.868  52.2-102.4-104.4 142.8  -28.9    0.8   -9.8               
  724  724 A S        -     0   0   97     -2,-0.4     2,-0.6     1,-0.1    -2,-0.0  -0.405  43.0 -97.5 -72.2 141.6  -26.9   -2.2  -10.9               
  725  725 A P        -     0   0  129      0, 0.0    -1,-0.1     0, 0.0     0, 0.0  -0.390  33.7-164.1 -69.8 110.6  -28.4   -4.4  -13.7               
  726  726 A V        -     0   0  129     -2,-0.6    -3,-0.0     1,-0.0     0, 0.0  -0.764  34.1-108.1 -80.4 131.2  -30.2   -7.5  -12.4               
  727  727 A P        -     0   0  108      0, 0.0     2,-0.2     0, 0.0    -1,-0.0  -0.407  43.5-103.2 -66.0 138.7  -30.8  -10.0  -15.4               
  728  728 A P        -     0   0  120      0, 0.0     2,-0.8     0, 0.0     0, 0.0  -0.368  18.7-137.2 -75.5 136.1  -34.5  -10.0  -16.5               
  729  729 A K        -     0   0  206     -2,-0.2     2,-0.6     2,-0.0     0, 0.0  -0.769  20.8-140.9 -81.1 111.6  -37.0  -12.8  -15.6               
  730  730 A H        -     0   0  191     -2,-0.8     2,-0.5     1,-0.1    -1,-0.0  -0.640  21.2-177.8 -71.3 120.1  -39.0  -13.6  -18.7               
  731  731 A A        +     0   0   98     -2,-0.6     2,-0.8     2,-0.0    -1,-0.1  -0.810   6.6 171.9-120.6  87.1  -42.7  -14.2  -17.7               
  732  732 A G        -     0   0   81     -2,-0.5     2,-0.5     2,-0.0    -2,-0.0  -0.812  11.3-167.2-100.0  97.7  -44.7  -15.2  -20.9               
  733  733 A K        +     0   0  211     -2,-0.8     2,-0.3     0, 0.0    -2,-0.0  -0.744  15.7 160.6 -80.4 126.4  -48.3  -16.3  -20.1               
  734  734 A K        -     0   0  209     -2,-0.5    -2,-0.0     0, 0.0     0, 0.0  -0.927  17.7-169.5-139.4 126.8  -50.4  -18.0  -22.8               
  735  735 A Q        +     0   0  190     -2,-0.3     2,-0.0     1,-0.0     0, 0.0  -0.344  22.2 109.2 -85.5-176.3  -53.5  -20.2  -22.2               
  736  736 A P        -     0   0   99      0, 0.0    -1,-0.0     0, 0.0     0, 0.0   0.628  36.3  -1.7-131.1 176.5  -55.8  -22.3  -23.1               
  737  737 A H        -     0   0  195      2,-0.0     2,-0.0    -2,-0.0     0, 0.0   0.663  32.0 -62.4  60.0 153.6  -57.2  -25.9  -23.0               
  738  738 A G        +     0   0   81      0, 0.0     2,-0.3     0, 0.0     0, 0.0   0.205  19.0 143.1 165.2 119.3  -57.7  -28.9  -22.4               
  739  739 A G        -     0   0   82     -2,-0.0     2,-0.3     0, 0.0    -2,-0.0  -0.947  30.1-125.6-173.1 146.2  -57.8  -32.8  -22.0               
  740  740 A Q        -     0   0  171     -2,-0.3     0, 0.0     1,-0.1     0, 0.0  -0.775  31.1  -2.0-105.7 148.1  -58.8  -35.5  -19.5               
  741  741 A Q        +     0   0  141     -2,-0.3    -1,-0.1     0, 0.0     0, 0.0   0.777  37.4  55.9  59.6 151.6  -57.7  -38.6  -17.6               
  742  742 A K        -     0   0  177      1,-0.1     2,-0.1     0, 0.0    -2,-0.0   0.874  14.5-167.0-154.2 165.2  -56.2  -41.2  -16.2               
  743  743 A P        -     0   0  125      0, 0.0     2,-0.3     0, 0.0    -1,-0.1  -0.419  10.6-153.3-102.1 173.7  -53.3  -42.8  -14.1               
  744  744 A S        -     0   0  106     -2,-0.1     0, 0.0     1,-0.1     0, 0.0  -0.933  32.3 -22.5-153.1 132.5  -51.9  -46.3  -13.2               
  745  745 A Y        +     0   0  230     -2,-0.3    -1,-0.1     0, 0.0     0, 0.0   0.684  33.7 154.1  16.1 144.8  -49.8  -48.0  -10.4               
  746  746 A G        -     0   0   67      0, 0.0    -2,-0.0     0, 0.0     0, 0.0   0.687   9.0-162.2 151.7 169.0  -47.9  -48.2   -7.9               
  747  747 A S        +     0   0  123      0, 0.0     0, 0.0     0, 0.0     0, 0.0   0.527  18.1 107.6  67.0 149.2  -46.3  -49.6   -4.6               
  748  748 A G        -     0   0   65      2,-0.0     2,-0.0     0, 0.0     0, 0.0   0.852  45.2 -46.9-177.1 160.1  -44.5  -49.5   -1.9               
  749  749 A Y        +     0   0  232      1,-0.0     2,-0.3     0, 0.0     0, 0.0   0.571  35.7 151.2-144.4 171.0  -44.0  -49.5    1.4               
  750  750 A Q        -     0   0  152     -2,-0.0     2,-0.2     2,-0.0    -2,-0.0  -0.997  14.0-166.7-145.5 143.7  -45.3  -47.7    4.6               
  751  751 A S        -     0   0  108     -2,-0.3     0, 0.0     1,-0.0     0, 0.0  -0.786  36.1  -6.3-171.2 146.4  -45.8  -48.4    8.4               
  752  752 A H        +     0   0  146     -2,-0.2     2,-0.0     1,-0.1    -1,-0.0   0.460  29.9 162.6-165.5 117.6  -47.4  -46.9   10.9               
  753  753 A Q        -     0   0  138      0, 0.0    -1,-0.1     0, 0.0     2,-0.1   0.330  14.6-155.3  72.5 120.6  -49.3  -44.4   12.5               
  754  754 A G        +     0   0   73      2,-0.0     2,-0.1    -2,-0.0     0, 0.0  -0.345  25.3 163.2 167.9 102.7  -51.5  -43.8   15.6               
  755  755 A Q        +     0   0  151     -2,-0.1     2,-0.1     0, 0.0     0, 0.0   0.304  10.0 167.4  98.5 140.2  -53.9  -41.4   15.7               
  756  756 A Q        +     0   0  159     -2,-0.1    -2,-0.0     0, 0.0     0, 0.0   0.141  27.5  55.9 101.4 144.8  -57.1  -40.2   17.6               
  757  757 A Q        +     0   0  147     -2,-0.1     2,-0.1     0, 0.0     0, 0.0   0.835  28.8 126.9-152.6 153.3  -59.3  -37.7   18.1               
  758  758 A S        +     0   0  101      0, 0.0     0, 0.0     0, 0.0     0, 0.0   0.556  16.0 150.8 104.6 154.5  -61.7  -35.5   16.8               
  759  759 A Y        +     0   0  188     -2,-0.1     0, 0.0     0, 0.0     0, 0.0   0.404  16.5  76.2  70.9 147.9  -65.3  -34.1   17.1               
  760  760 A N        -     0   0  112      0, 0.0     0, 0.0     0, 0.0     0, 0.0   0.688  34.9 -99.6-154.6 149.8  -67.6  -31.9   16.8               
  761  761 A Q        +     0   0  163      2,-0.0     0, 0.0     0, 0.0     0, 0.0   0.849  31.0  71.3  37.1 151.0  -70.1  -29.7   14.7               
  762  762 A S        -     0   0   99      0, 0.0     2,-0.1     0, 0.0     0, 0.0   0.757  21.7-157.4-157.4 173.9  -71.8  -27.5   13.0               
  763  763 A P        -     0   0  111      0, 0.0     2,-0.3     0, 0.0    -2,-0.0  -0.445   4.8-173.6-106.4 164.6  -72.2  -25.4    9.7               
  764  764 A Y        -     0   0  232     -2,-0.1     0, 0.0     1,-0.0     0, 0.0  -0.984  42.3 -42.2-150.5 164.4  -73.6  -22.3    7.8               
  765  765 A S        -     0   0  101     -2,-0.3     2,-0.0     1,-0.1    -1,-0.0   0.278  35.6-130.0 -34.9 130.3  -73.9  -21.0    4.2               
  766  766 A N        +     0   0  136      0, 0.0     2,-0.2     0, 0.0    -1,-0.1  -0.304  39.2 139.9 -33.5 130.6  -71.9  -20.7    1.1               
  767  767 A Y        -     0   0  224     -2,-0.0     0, 0.0     0, 0.0     0, 0.0  -0.783  37.0-117.0-172.0 168.0  -71.5  -17.4   -0.9               
  768  768 A G        -     0   0   60     -2,-0.2     0, 0.0     1,-0.2     0, 0.0  -0.132  31.5 -92.7 -91.1-175.2  -68.8  -15.4   -2.8               
  769  769 A P        -     0   0  128      0, 0.0     2,-0.2     0, 0.0    -1,-0.2  -0.208  22.2-167.9 -82.7 166.4  -67.0  -11.9   -2.5               
  770  770 A P        -     0   0  112      0, 0.0     0, 0.0     0, 0.0     0, 0.0  -0.728  22.9 -68.1-152.9 164.6  -66.9   -8.4   -3.4               
  771  771 A Q        -     0   0  188     -2,-0.2     0, 0.0     2,-0.0     0, 0.0   0.592  38.0 -73.0  31.2 115.9  -64.9   -5.2   -3.4               
  772  772 A G        -     0   0   78      1,-0.1     2,-0.4     0, 0.0     0, 0.0   0.794  27.8-117.6  54.1 134.2  -63.4   -2.4   -1.7               
  773  773 A K        -     0   0  215      2,-0.0     2,-0.2     0, 0.0    -1,-0.1  -0.998  24.1-151.2-129.1 138.6  -64.2    0.9    0.1               
  774  774 A Q        -     0   0  193     -2,-0.4     2,-0.3     2,-0.0     0, 0.0  -0.603  12.5-173.1 -85.3 157.0  -63.2    4.5   -0.9               
  775  775 A K        +     0   0  218     -2,-0.2     2,-0.3     2,-0.0    -2,-0.0  -0.907  29.0 135.8-135.3 141.3  -62.4    7.6    1.0               
  776  776 A G        -     0   0   65     -2,-0.3     2,-0.3     2,-0.0    -2,-0.0  -0.948  30.1-159.5-163.3 155.9  -61.9   10.8   -1.0               
  777  777 A Y        -     0   0  243     -2,-0.3     2,-0.3     2,-0.0    -2,-0.0  -0.940  15.7-159.0-138.6 158.1  -62.8   14.5   -1.1               
  778  778 A N        +     0   0  130     -2,-0.3    -2,-0.0     2,-0.0     0, 0.0  -0.831  20.7  99.8-135.6 167.9  -62.7   17.0   -4.0               
  779  779 A H        +     0   0  173     -2,-0.3    -2,-0.0     0, 0.0     0, 0.0   0.452  23.1  70.3  73.6 148.0  -62.6   20.8   -4.9               
  780  780 A G        +     0   0   71      1,-0.0     2,-0.3     0, 0.0    -2,-0.0   0.693  15.2 166.0-169.7 170.8  -61.4   23.4   -5.8               
  781  781 A Q        +     0   0  211      2,-0.0     2,-0.3     0, 0.0    -1,-0.0  -0.572  33.7 163.1 -69.2 133.8  -59.8   26.4   -7.6               
  782  782 A G        -     0   0   67     -2,-0.3     2,-0.6     2,-0.0     0, 0.0  -0.890  17.2-165.0-153.1 120.0  -60.0   29.7   -5.8               
  783  783 A S        +     0   0  123     -2,-0.3     2,-0.3     2,-0.0    -2,-0.0  -0.944  25.5 141.3-106.3 119.7  -57.9   32.8   -6.5               
  784  784 A Y        -     0   0  210     -2,-0.6     2,-0.3     2,-0.0    -2,-0.0  -0.875  32.0-148.5-152.7 128.5  -57.8   35.7   -4.1               
  785  785 A S        +     0   0  119     -2,-0.3     2,-0.3     2,-0.0    -2,-0.0  -0.706  16.6 173.4 -79.9 140.5  -54.8   37.9   -3.1               
  786  786 A Y        -     0   0  209     -2,-0.3     2,-0.3     2,-0.0    -2,-0.0  -0.923  14.7-157.7-141.5 133.6  -54.3   39.5    0.3               
  787  787 A S        +     0   0   90     -2,-0.3     2,-0.2     2,-0.0    -2,-0.0  -0.750  19.7 172.5 -91.6 146.0  -51.1   41.3    1.2               
  788  788 A N        +     0   0  148     -2,-0.3     2,-0.2     2,-0.0    -2,-0.0  -0.750  18.8 178.4-144.4 115.3  -49.4   42.2    4.4               
  789  789 A S        +     0   0   85     -2,-0.2     2,-0.1     0, 0.0    -2,-0.0  -0.556  10.1 172.1 -73.9 158.3  -46.0   43.8    4.2               
  790  790 A Y        -     0   0  208     -2,-0.2    -2,-0.0     0, 0.0     0, 0.0  -0.489  40.2 -40.7-162.4 140.0  -43.5   45.0    6.5               
  791  791 A N        +     0   0  150     -2,-0.1     0, 0.0     1,-0.1     0, 0.0   0.869  38.9 170.2  46.7 103.9  -39.9   46.3    6.2               
  792  792 A S        +     0   0  109      0, 0.0    -1,-0.1     0, 0.0     2,-0.0  -0.537   3.7 175.0 -77.6 169.4  -36.7   45.5    4.5               
  793  793 A P        -     0   0  127      0, 0.0    -2,-0.0     0, 0.0     0, 0.0  -0.060  32.3 -63.6-146.3 149.8  -33.8   47.0    4.2               
  794  794 A G        +     0   0   77      1,-0.1     2,-0.1    -2,-0.0     0, 0.0   0.950  40.1 144.4  74.4 105.5  -30.5   46.2    2.7               
  795  795 A G        -     0   0   82      0, 0.0     2,-0.4     0, 0.0    -1,-0.1  -0.415  23.8-167.2-171.8  85.5  -27.4   43.9    3.0               
  796  796 A G        +     0   0   89     -2,-0.1     2,-0.1     2,-0.0     0, 0.0  -0.663  24.5 143.3 -79.8 131.8  -25.6   42.9   -0.2               
  797  797 A G        -     0   0   71     -2,-0.4     2,-0.7     2,-0.0    -1,-0.0  -0.498  27.6-164.7-169.3  88.9  -23.0   40.1   -0.0               
  798  798 A G        -     0   0   82     -2,-0.1     2,-0.8     1,-0.0    -2,-0.0  -0.739  13.8-160.5 -74.5 111.4  -22.6   37.5   -2.8               
  799  799 A S        -     0   0   89     -2,-0.7     2,-0.3     2,-0.0    -1,-0.0  -0.849   8.0-147.0 -96.6  98.9  -20.6   34.6   -1.3               
  800  800 A D        -     0   0  158     -2,-0.8     2,-2.2     1,-0.1    -2,-0.0  -0.506  22.2-124.3 -59.7 123.6  -19.0   32.6   -4.0               
  801  801 A Y        -     0   0  220     -2,-0.3     2,-0.5     2,-0.1    -1,-0.1  -0.448  30.6-163.7 -76.8  71.9  -18.9   29.0   -2.6               
  802  802 A N        -     0   0  133     -2,-2.2     2,-2.2     1,-0.1    -1,-0.0  -0.487  14.7-142.0 -64.5 111.2  -15.2   28.4   -3.0               
  803  803 A Y        -     0   0  131     -2,-0.5     2,-2.3     1,-0.1    -1,-0.1  -0.499  21.9-169.6 -74.3  74.0  -14.6   24.6   -2.7               
  804  804 A E        -     0   0  118     -2,-2.2     2,-2.5     1,-0.1    -1,-0.1  -0.425   7.0-176.6 -77.0  74.2  -11.4   25.1   -0.7               
  805  805 A S        -     0   0   25     -2,-2.3     2,-2.2     1,-0.1  -500,-0.1  -0.402   3.4-179.2 -71.4  65.5  -10.1   21.4   -0.8               
  806  806 A K        -     0   0  135     -2,-2.5     2,-2.5     1,-0.1    -1,-0.1  -0.544   7.7-168.7 -65.5  78.4   -7.1   22.1    1.3               
  807  807 A F        -     0   0  122     -2,-2.2     2,-1.7     2,-0.1    -1,-0.1  -0.477   8.6-178.0 -67.2  65.9   -5.8   18.5    1.2               
  808  808 A N        -     0   0  138     -2,-2.5     2,-1.2     2,-0.1    -2,-0.1  -0.655  17.3-155.3 -64.7  89.4   -3.3   19.3    4.0               
  809  809 A Y        -     0   0   87     -2,-1.7     2,-2.4     1,-0.1    -2,-0.1  -0.713  25.1-133.5 -61.9  98.0   -1.6   15.9    4.1               
  810  810 A S        -     0   0  101     -2,-1.2     2,-0.8     2,-0.1    -1,-0.1  -0.395  23.9-168.6 -73.5  70.8   -0.6   16.7    7.7               
  811  811 A G        -     0   0   58     -2,-2.4     2,-2.3     1,-0.1    -1,-0.1  -0.505  22.9-136.3 -57.0 101.6    3.0   15.6    7.7               
  812  812 A S        -     0   0  107     -2,-0.8     2,-0.5     1,-0.1    -1,-0.1  -0.433  19.5-158.9 -72.1  73.4    3.5   15.8   11.5               
  813  813 A G        -     0   0   68     -2,-2.3     2,-0.1     1,-0.1    -1,-0.1  -0.429  24.2-117.3 -58.0 109.2    6.9   17.5   11.4               
  814  814 A G        -     0   0   76     -2,-0.5     2,-1.2     1,-0.1    -1,-0.1  -0.296  20.4-132.7 -57.7 120.5    8.4   16.7   14.8               
  815  815 A R        -     0   0  248     -2,-0.1     2,-0.2    -3,-0.0    -1,-0.1  -0.659  15.5-158.7 -75.8  98.7    9.0   19.8   17.0               
  816  816 A S        -     0   0  121     -2,-1.2     0, 0.0     1,-0.1     0, 0.0  -0.560  37.5 -97.0 -63.4 142.0   12.5   19.6   18.4               
  817  817 A G        +     0   0   77     -2,-0.2     2,-0.3     0, 0.0    -1,-0.1  -0.170  42.7 171.4 -74.6 159.9   12.4   21.9   21.5               
  818  818 A G        -     0   0   73     -3,-0.1     2,-0.0     0, 0.0    -3,-0.0  -0.900  37.9 -98.9-163.8 138.1   13.5   25.6   22.1               
  819  819 A N        -     0   0  163     -2,-0.3     2,-0.3     1,-0.1     0, 0.0  -0.210  26.0-125.6 -77.8 154.4   12.8   27.6   25.3               
  820  820 A S        +     0   0  120     -2,-0.0     2,-0.2     2,-0.0    -1,-0.1  -0.685  38.4 134.7 -85.7 138.9   10.1   30.2   26.2               
  821  821 A Y        +     0   0  214     -2,-0.3    -2,-0.0     1,-0.0     0, 0.0  -0.736  27.8  61.7-165.3 147.7   10.5   33.7   27.6               
  822  822 A G        -     0   0   73     -2,-0.2    -1,-0.0     0, 0.0    -2,-0.0   0.873  49.9-129.9 115.1  51.3    9.2   37.3   27.2               
  823  823 A S        +     0   0  125      0, 0.0     0, 0.0     0, 0.0     0, 0.0   0.697  27.5  91.8  46.6 116.1    5.9   39.1   27.5               
  824  824 A G        +     0   0   84      0, 0.0     0, 0.0     0, 0.0     0, 0.0   0.641  11.2 114.4  75.6 152.2    3.4   41.5   25.9               
  825  825 A G        -     0   0   77      2,-0.0     0, 0.0     0, 0.0     0, 0.0   0.702  13.2-163.5 171.4 166.4    1.2   43.2   24.4               
  826  826 A A        -     0   0   90      1,-0.0     0, 0.0     0, 0.0     0, 0.0   0.960  26.8-134.7  63.7  86.2   -1.7   45.5   23.3               
  827  827 A S        +     0   0  113      0, 0.0     2,-0.2     0, 0.0    -2,-0.0   0.278  16.9 177.4  13.0 133.3   -3.7   46.1   20.2               
  828  828 A Y        -     0   0  226      0, 0.0     0, 0.0     0, 0.0     0, 0.0  -0.877   6.5-168.4-160.0 159.6   -4.9   49.1   18.1               
  829  829 A N        -     0   0  150     -2,-0.2     0, 0.0     1,-0.1     0, 0.0  -0.837  29.3 -38.7-150.0 178.0   -6.9   49.5   14.8               
  830  830 A P        -     0   0  116      0, 0.0     2,-0.4     0, 0.0    -1,-0.1   0.338  17.1-165.6-114.4 172.6   -7.8   52.1   12.5               
  831  831 A G        -     0   0   81      2,-0.1     2,-0.1     0, 0.0     0, 0.0  -0.981  31.5-122.0-135.9 126.2   -8.9   55.7   11.3               
  832  832 A S        +     0   0  104     -2,-0.4     2,-0.1     2,-0.0     0, 0.0  -0.333  27.9 159.9 -66.8 139.9  -10.2   56.9    7.9               
  833  833 A H        -     0   0  190     -2,-0.1     2,-0.1     2,-0.0    -2,-0.1  -0.448  10.8-174.9 176.5 155.1   -9.4   59.4    5.1               
  834  834 A G        +     0   0   77     -2,-0.1     2,-0.2     0, 0.0    -2,-0.0  -0.155  12.4 169.4 142.0 105.3  -10.0   60.0    2.0               
  835  835 A G        -     0   0   72     -2,-0.1    -2,-0.0     0, 0.0     0, 0.0  -0.653  22.1 -85.8 169.2 137.1   -9.8   61.8   -1.4               
  836  836 A Y        -     0   0  232     -2,-0.2     2,-0.0     1,-0.1     0, 0.0   0.097  21.0-177.5 -46.4 166.7  -10.4   62.1   -5.3               
  837  837 A G        +     0   0   72      2,-0.0    -1,-0.1     0, 0.0     0, 0.0   0.399  14.5 134.7 153.1 142.0   -9.7   61.6   -8.3               
  838  838 A G        +     0   0   91      1,-0.1     2,-0.2    -2,-0.0    -2,-0.0   0.904  14.9 134.5  82.1 125.7   -9.8   61.7  -12.2               
  839  839 A G        -     0   0   81      0, 0.0     2,-0.3     0, 0.0    -1,-0.1  -0.734  19.3-177.5 168.7 147.1   -7.9   62.1  -15.6               
  840  840 A S        +     0   0  137     -2,-0.2     2,-0.0     2,-0.0     0, 0.0  -0.995  10.1 114.8-155.1 159.0   -7.6   60.4  -19.1               
  841  841 A G        +     0   0   79     -2,-0.3     2,-0.0     2,-0.0     0, 0.0   0.104  16.9 178.3 102.4 150.1   -6.0   60.1  -22.6               
  842  842 A G        +     0   0   82     -2,-0.0    -2,-0.0     0, 0.0     2,-0.0   0.414  15.6 179.7 163.8 142.0   -4.4   59.0  -25.1               
  843  843 A G        -     0   0   77     -2,-0.0     2,-0.1     0, 0.0    -2,-0.0   0.234  14.9-127.6  97.8 135.1   -2.4   57.8  -28.3               
  844  844 A S        +     0   0  119     -2,-0.0     0, 0.0     0, 0.0     0, 0.0   0.406  10.7 171.3  84.5 132.4   -0.5   55.9  -30.4               
  845  845 A S        -     0   0   77     -2,-0.1     0, 0.0     0, 0.0     0, 0.0   0.843  10.1 -56.5-172.2-176.8    1.8   54.8  -32.5               
  846  846 A Y        -     0   0  200      0, 0.0     2,-0.0     0, 0.0     0, 0.0   0.647  24.9 -67.8  79.2 126.0    4.5   53.2  -35.0               
  847  847 A Q        -     0   0  180      0, 0.0     0, 0.0     0, 0.0     0, 0.0   0.514   9.0-149.5  89.9 128.7    7.1   51.2  -36.0               
  848  848 A G        -     0   0   63     -2,-0.0     0, 0.0     0, 0.0     0, 0.0   0.848   3.7-151.2 171.7-166.8    9.8   49.5  -36.7               
  849  849 A K        -     0   0  198      0, 0.0     0, 0.0     0, 0.0     0, 0.0   0.445  19.6 -10.0  70.7 157.2   12.7   47.3  -38.4               
  850  850 A Q        -     0   0  165      0, 0.0     0, 0.0     0, 0.0     0, 0.0   0.376  21.9  -8.1-171.5 141.6   15.2   45.2  -38.7               
  851  851 A G        +     0   0   73      0, 0.0     0, 0.0     0, 0.0     0, 0.0   0.170  17.5  93.8  83.0 161.2   18.2   42.7  -38.6               
  852  852 A G        -     0   0   66      1,-0.0     0, 0.0     0, 0.0     0, 0.0   0.525   7.8-178.6-167.2 142.0   20.6   40.8  -38.0               
  853  853 A Y        +     0   0  224      2,-0.0     2,-0.2     0, 0.0    -1,-0.0   0.000  14.4 147.5 -35.9 139.8   22.4   37.4  -37.1               
  854  854 A S        -     0   0  125      2,-0.0     2,-0.3     0, 0.0     0, 0.0  -0.796  17.6-161.5-161.8 163.5   25.7   35.9  -36.5               
  855  855 A Q        +     0   0  187     -2,-0.2     2,-0.2     2,-0.0    -2,-0.0  -0.977  16.0 156.5-118.7 145.0   27.2   33.1  -34.4               
  856  856 A S        -     0   0  120     -2,-0.3     2,-0.2     2,-0.0    -2,-0.0  -0.669  13.7-168.6-162.6 121.9   30.8   32.2  -33.2               
  857  857 A N        +     0   0  152     -2,-0.2     2,-0.1     0, 0.0    -2,-0.0  -0.654  18.2 147.1 -72.6 151.8   32.1   30.1  -30.3               
  858  858 A Y        -     0   0  215     -2,-0.2    -2,-0.0     1,-0.0     0, 0.0  -0.182  30.5 -36.4-179.4 145.0   35.5   29.8  -29.0               
  859  859 A N        -     0   0  150     -2,-0.1    -1,-0.0     0, 0.0     0, 0.0   0.955  29.3-140.8  65.3 128.7   37.8   29.3  -25.9               
  860  860 A S        +     0   0  112      0, 0.0     2,-0.0     0, 0.0     0, 0.0  -0.265  23.6 127.1 -73.6-179.9   38.7   29.8  -22.2               
  861  861 A P        +     0   0  126      0, 0.0     2,-0.0     0, 0.0     0, 0.0   0.411  14.9 107.2-138.4-176.7   40.9   30.4  -20.0               
  862  862 A G        -     0   0   68     -2,-0.0     0, 0.0     0, 0.0     0, 0.0   0.016  44.9-106.1 160.0 109.3   42.1   32.5  -17.0               
  863  863 A S        -     0   0  127      1,-0.1     0, 0.0    -2,-0.0     0, 0.0   0.305  28.9-156.9   3.1 119.2   42.7   32.5  -13.1               
  864  864 A G        -     0   0   77      1,-0.0     2,-0.3     0, 0.0    -1,-0.1   0.162  13.6-116.7 -88.6-154.2   40.5   34.6  -10.7               
  865  865 A Q        -     0   0  199      2,-0.1     2,-0.2     0, 0.0    -1,-0.0  -0.937  24.3-113.8-150.6 167.7   41.1   36.0   -7.1               
  866  866 A N        +     0   0  151     -2,-0.3     2,-0.1     0, 0.0     0, 0.0  -0.604  19.8 178.0-102.7 160.6   39.7   35.5   -3.5               
  867  867 A Y        -     0   0  232     -2,-0.2    -2,-0.1     0, 0.0     0, 0.0  -0.410  31.7-112.3 179.1 145.4   37.8   36.9   -0.5               
  868  868 A S        -     0   0  109     -2,-0.1     0, 0.0     1,-0.1     0, 0.0   0.591  22.9-150.7-176.4 153.2   36.9   35.5    2.4               
  869  869 A G        -     0   0   69      0, 0.0    -1,-0.1     0, 0.0     0, 0.0  -0.958  35.3-107.9-143.9 161.3   35.3   34.0    5.6               
  870  870 A P        -     0   0  130      0, 0.0     2,-0.2     0, 0.0     0, 0.0  -0.550  34.7-146.2 -89.4 156.1   35.9   33.6    9.4               
  871  871 A P        -     0   0  126      0, 0.0     2,-0.3     0, 0.0     0, 0.0  -0.603  19.0-169.7-108.7 169.6   37.0   30.4   11.2               
  872  872 A S        -     0   0  121     -2,-0.2     2,-0.3     2,-0.0     0, 0.0  -0.906  18.4-179.1-151.7 153.2   36.7   28.3   14.4               
  873  873 A S        +     0   0  101     -2,-0.3     2,-0.3     2,-0.0     0, 0.0  -0.986  14.7 178.6-148.7 132.5   38.8   25.2   15.3               
  874  874 A Y        -     0   0  234     -2,-0.3     2,-0.1     0, 0.0    -2,-0.0  -0.973  25.8-126.8-138.7 130.1   39.3   22.5   17.9               
  875  875 A Q        -     0   0  177     -2,-0.3    -2,-0.0     1,-0.1     2,-0.0  -0.377  21.9-131.1 -75.5 170.9   41.7   19.6   18.0               
  876  876 A S        -     0   0  100     -2,-0.1     2,-0.3     1,-0.0    -1,-0.1   0.440  11.8-114.6 176.0 146.4   41.9   16.3   18.3               
  877  877 A S        -     0   0  128      2,-0.0     2,-0.2    -2,-0.0    -1,-0.0  -0.979  31.9-122.0-153.0 161.8   42.7   12.7   19.3               
  878  878 A Q        +     0   0  197     -2,-0.3     0, 0.0     2,-0.0     0, 0.0  -0.581  39.9 137.0 -99.6 158.0   44.1    9.6   17.4               
  879  879 A G        +     0   0   82     -2,-0.2     2,-0.4     2,-0.0    -2,-0.0   0.000  27.3 171.4 166.9  74.7   42.9    6.0   16.8               
  880  880 A G        +     0   0   67      0, 0.0     2,-0.3     0, 0.0    -2,-0.0  -0.810  13.4 173.8-102.6 142.4   43.4    4.6   13.2               
  881  881 A Y        -     0   0  245     -2,-0.4    -2,-0.0     1,-0.0     2,-0.0  -0.955  27.6-121.1-136.5 156.5   43.1    1.2   11.5               
  882  882 A G        -     0   0   73     -2,-0.3    -1,-0.0     1,-0.2     2,-0.0  -0.007  35.8 -43.2 -93.6-171.9   43.5    0.5    7.8               
  883  883 A R        +     0   0  244     -2,-0.0     2,-0.2     0, 0.0    -1,-0.2  -0.233  40.0 167.3 -53.5 135.5   41.7   -0.9    4.6               
  884  884 A N        -     0   0  159      1,-0.1     0, 0.0    -2,-0.0     0, 0.0  -0.767  22.5-133.3-149.8 123.8   39.6   -3.9    4.0               
  885  885 A A        -     0   0   86     -2,-0.2    -1,-0.1     1,-0.1     0, 0.0   0.847  36.6 -38.4  78.1 143.7   37.7   -4.8    1.3               
  886  886 A D        +     0   0  151      2,-0.0     2,-0.2     0, 0.0    -1,-0.1  -0.197  41.7 163.7 -54.7 157.3   34.2   -6.1    0.4               
  887  887 A H        -     0   0  190      2,-0.0     2,-0.6     0, 0.0     0, 0.0  -0.609  25.9-141.6-164.3 143.3   31.9   -8.6    1.9               
  888  888 A S        -     0   0  107     -2,-0.2     2,-0.6     2,-0.0    -2,-0.0  -0.801  20.2-133.6 -87.0 120.5   28.2   -9.4    1.5               
  889  889 A M        -     0   0  172     -2,-0.6     2,-0.7     1,-0.0    -2,-0.0  -0.625  20.6-165.6 -71.5 115.6   26.3  -10.3    4.7               
  890  890 A N        -     0   0  118     -2,-0.6     2,-0.6     2,-0.0    -1,-0.0  -0.904  13.2-143.7-104.8  98.1   24.2  -13.4    3.7               
  891  891 A Y        -     0   0  212     -2,-0.7     2,-0.5     1,-0.0    -2,-0.0  -0.570  17.2-170.2 -71.9 115.1   21.6  -13.9    6.5               
  892  892 A Q        -     0   0  172     -2,-0.6    -2,-0.0     0, 0.0    -1,-0.0  -0.939  18.7-130.2-108.5 116.3   21.1  -17.6    7.1               
  893  893 A Y              0   0  227     -2,-0.5     0, 0.0     1,-0.0     0, 0.0  -0.281 360.0 360.0 -63.9 152.8   18.2  -18.5    9.4               
  894  894 A R              0   0  310     -2,-0.0    -1,-0.0     0, 0.0     0, 0.0  -0.893 360.0 360.0-116.3 360.0   18.2  -20.9   12.4               
