==== Secondary Structure Definition by the program DSSP, CMBI version 2.0                          ==== DATE=2026-03-08        .
REFERENCE W. KABSCH AND C.SANDER, BIOPOLYMERS 22 (1983) 2577-2637                                                              .
HEADER                                            01-AUG-25                                                                    .
COMPND    MOL_ID: 1; MOLECULE: SCAFFOLD ATTACHMENT FACTOR B2; CHAIN: A                                                         .
SOURCE    MOL_ID: 1; ORGANISM_SCIENTIFIC: HOMO SAPIENS; ORGANISM_TAXID: 9606                                                   .
AUTHOR                                                                                                                         .
  953  1  0  0  0 TOTAL NUMBER OF RESIDUES, NUMBER OF CHAINS, NUMBER OF SS-BRIDGES(TOTAL,INTRACHAIN,INTERCHAIN)                .
122470.8   ACCESSIBLE SURFACE OF PROTEIN (ANGSTROM**2)                                                                         .
  255 26.8   TOTAL NUMBER OF HYDROGEN BONDS OF TYPE O(I)-->H-N(J)  , SAME NUMBER PER 100 RESIDUES                              .
    0  0.0   TOTAL NUMBER OF HYDROGEN BONDS IN     PARALLEL BRIDGES, SAME NUMBER PER 100 RESIDUES                              .
   27  2.8   TOTAL NUMBER OF HYDROGEN BONDS IN ANTIPARALLEL BRIDGES, SAME NUMBER PER 100 RESIDUES                              .
    0  0.0   TOTAL NUMBER OF HYDROGEN BONDS OF TYPE O(I)-->H-N(I-5), SAME NUMBER PER 100 RESIDUES                              .
    0  0.0   TOTAL NUMBER OF HYDROGEN BONDS OF TYPE O(I)-->H-N(I-4), SAME NUMBER PER 100 RESIDUES                              .
    1  0.1   TOTAL NUMBER OF HYDROGEN BONDS OF TYPE O(I)-->H-N(I-3), SAME NUMBER PER 100 RESIDUES                              .
    0  0.0   TOTAL NUMBER OF HYDROGEN BONDS OF TYPE O(I)-->H-N(I-2), SAME NUMBER PER 100 RESIDUES                              .
    0  0.0   TOTAL NUMBER OF HYDROGEN BONDS OF TYPE O(I)-->H-N(I-1), SAME NUMBER PER 100 RESIDUES                              .
    0  0.0   TOTAL NUMBER OF HYDROGEN BONDS OF TYPE O(I)-->H-N(I+0), SAME NUMBER PER 100 RESIDUES                              .
    0  0.0   TOTAL NUMBER OF HYDROGEN BONDS OF TYPE O(I)-->H-N(I+1), SAME NUMBER PER 100 RESIDUES                              .
   57  6.0   TOTAL NUMBER OF HYDROGEN BONDS OF TYPE O(I)-->H-N(I+2), SAME NUMBER PER 100 RESIDUES                              .
   20  2.1   TOTAL NUMBER OF HYDROGEN BONDS OF TYPE O(I)-->H-N(I+3), SAME NUMBER PER 100 RESIDUES                              .
  149 15.6   TOTAL NUMBER OF HYDROGEN BONDS OF TYPE O(I)-->H-N(I+4), SAME NUMBER PER 100 RESIDUES                              .
    2  0.2   TOTAL NUMBER OF HYDROGEN BONDS OF TYPE O(I)-->H-N(I+5), SAME NUMBER PER 100 RESIDUES                              .
  1  2  3  4  5  6  7  8  9 10 11 12 13 14 15 16 17 18 19 20 21 22 23 24 25 26 27 28 29 30     *** HISTOGRAMS OF ***           .
  0  0  0  0  0  0  0  0  1  1  1  0  0  1  0  0  0  0  0  0  0  0  0  0  0  0  0  0  0  1    RESIDUES PER ALPHA HELIX         .
  0  0  0  0  0  0  0  0  0  0  0  0  0  0  0  0  0  0  0  0  0  0  0  0  0  0  0  0  0  0    PARALLEL BRIDGES PER LADDER      .
  0  2  0  1  1  1  0  0  0  0  0  0  0  0  0  0  0  0  0  0  0  0  0  0  0  0  0  0  0  0    ANTIPARALLEL BRIDGES PER LADDER  .
  2  0  1  0  0  0  0  0  0  0  0  0  0  0  0  0  0  0  0  0  0  0  0  0  0  0  0  0  0  0    LADDERS PER SHEET                .
  #  RESIDUE AA STRUCTURE BP1 BP2  ACC     N-H-->O    O-->H-N    N-H-->O    O-->H-N    TCO  KAPPA ALPHA  PHI   PSI    X-CA   Y-CA   Z-CA            CHAIN
    1    1 A M              0   0  236      0, 0.0     0, 0.0     0, 0.0     0, 0.0   0.000 360.0 360.0 360.0 110.2  -83.0   21.4  -13.0               
    2    2 A A        +     0   0   85      0, 0.0     0, 0.0     0, 0.0     0, 0.0   0.738 360.0  81.4  74.4 121.9  -80.7   21.1  -15.5               
    3    3 A E        -     0   0  168      2,-0.1     0, 0.0     0, 0.0     0, 0.0   0.678  35.7-160.0-150.7 126.9  -78.1   20.8  -17.4               
    4    4 A T        -     0   0  127      1,-0.2     0, 0.0     0, 0.0     0, 0.0   0.614   9.4 -84.2  77.2 120.7  -76.2   18.0  -18.7               
    5    5 A L        -     0   0  162      2,-0.0    -1,-0.2     0, 0.0     2,-0.1  -0.032  14.9-159.4 -33.6 156.0  -73.3   16.2  -20.2               
    6    6 A P        +     0   0  127      0, 0.0     2,-0.2     0, 0.0     0, 0.0  -0.157  11.6 172.9-143.4-176.0  -71.7   15.4  -23.0               
    7    7 A G        -     0   0   73     -2,-0.1     2,-0.2     0, 0.0    -2,-0.0  -0.595   7.6-162.0 121.0  79.1  -69.7   13.1  -23.9               
    8    8 A S        +     0   0  117     -2,-0.2     2,-0.1     1,-0.0     0, 0.0  -0.872  12.4 174.7-159.5 139.1  -67.8   11.6  -26.9               
    9    9 A G        +     0   0   73     -2,-0.2    -1,-0.0     0, 0.0     0, 0.0   0.586   6.1 126.9  89.2 134.8  -66.2    9.0  -28.0               
   10   10 A D        -     0   0  161     -2,-0.1    -2,-0.0     2,-0.1     0, 0.0   0.831  20.6 -15.3-163.8-179.8  -64.6    6.9  -29.8               
   11   11 A S        +     0   0  103      1,-0.1     0, 0.0     2,-0.0     0, 0.0   0.934  21.2 177.7  71.4 117.2  -62.3    4.4  -31.6               
   12   12 A G        +     0   0   70      1,-0.1    -1,-0.1     0, 0.0    -2,-0.1  -0.630  29.2  95.8-109.3-160.8  -59.0    2.8  -31.9               
   13   13 A P        +     0   0  137      0, 0.0     2,-0.3     0, 0.0    -1,-0.1   0.664  24.8 148.5-113.7 166.2  -57.1    0.8  -33.3               
   14   14 A G        -     0   0   77      2,-0.1     2,-0.6    -2,-0.0     0, 0.0  -0.891  28.8-146.3-149.4 115.4  -54.6    1.3  -36.2               
   15   15 A T        +     0   0  153     -2,-0.3     2,-0.3     2,-0.0     0, 0.0  -0.720  32.2 147.1 -84.3 118.4  -51.3   -0.6  -36.7               
   16   16 A A        -     0   0  100     -2,-0.6     2,-0.2     2,-0.0    -2,-0.1  -0.958  29.0-147.4-144.6 132.2  -48.3    1.2  -38.3               
   17   17 A S        +     0   0  111     -2,-0.3    -2,-0.0     1,-0.0     0, 0.0  -0.644  33.4 119.9 -79.5 149.0  -44.6    0.8  -37.6               
   18   18 A L        -     0   0  171     -2,-0.2    -1,-0.0     0, 0.0    -2,-0.0   0.331  47.9 -32.6 160.5 117.6  -41.7    3.2  -37.7               
   19   19 A G        -     0   0   76      1,-0.1     2,-0.3     2,-0.0     0, 0.0   0.946  26.6-147.9  83.6 114.2  -38.9    4.8  -35.6               
   20   20 A P        +     0   0  136      0, 0.0    -1,-0.1     0, 0.0     0, 0.0  -0.860  47.6 104.3-101.4 145.6  -37.9    6.0  -32.1               
   21   21 A G        +     0   0   81     -2,-0.3     2,-0.4     1,-0.1    -2,-0.0   0.553  17.5 149.1 148.7  59.7  -35.6    9.0  -31.3               
   22   22 A V        -     0   0  149      0, 0.0     2,-0.4     0, 0.0    -1,-0.1  -0.878  43.2-130.0 -94.2 134.3  -36.6   12.5  -30.2               
   23   23 A A        -     0   0   90     -2,-0.4     2,-0.6     1,-0.0    -2,-0.0  -0.711  12.4-125.8 -89.1 134.4  -33.8   14.1  -28.0               
   24   24 A E        -     0   0  197     -2,-0.4     2,-1.1     1,-0.1    -1,-0.0  -0.654  15.3-144.1 -79.8 115.8  -34.7   15.7  -24.6               
   25   25 A T        -     0   0  127     -2,-0.6     2,-1.1     1,-0.1    52,-0.1  -0.666  20.2-140.6 -79.1  97.2  -33.5   19.4  -24.3               
   26   26 A G        -     0   0   46     -2,-1.1    50,-0.7    50,-0.2     2,-0.1  -0.474  12.2-154.6 -69.9  98.0  -32.4   19.6  -20.6               
   27   27 A T  E     -A   75   0A  95     -2,-1.1     2,-0.3    48,-0.2    48,-0.2  -0.429  17.0-177.8 -58.4 135.8  -33.4   23.0  -19.1               
   28   28 A R  E     -A   74   0A 105     46,-2.5    46,-1.2    -2,-0.1     2,-0.2  -0.982  25.9-107.6-137.7 156.9  -31.2   24.1  -16.1               
   29   29 A R    >>  -     0   0  119     -2,-0.3     3,-1.4    44,-0.2     4,-0.9  -0.494  25.9-118.1 -81.2 149.1  -31.3   27.1  -13.8               
   30   30 A L  T 34 S+     0   0    9     41,-0.7     3,-0.5     1,-0.3    -1,-0.1   0.834 116.2  58.7 -48.4 -37.9  -28.7   30.0  -13.9               
   31   31 A S  T 34 S+     0   0   68      1,-0.2    -1,-0.3    41,-0.1    41,-0.0   0.819 101.2  54.2 -61.5 -34.6  -27.8   29.0  -10.3               
   32   32 A E  T <4 S+     0   0  111     -3,-1.4    -1,-0.2     2,-0.0    -2,-0.2   0.678  84.9 105.1 -80.8 -20.0  -26.8   25.4  -11.4               
   33   33 A L     <  -     0   0    2     -4,-0.9     2,-0.1    -3,-0.5    24,-0.1  -0.337  65.2-137.0 -64.5 136.1  -24.4   26.5  -14.1               
   34   34 A R     >  -     0   0  154     -2,-0.1     4,-2.9     1,-0.1     5,-0.2  -0.436  31.9 -99.7 -81.0 167.1  -20.6   26.1  -13.4               
   35   35 A V  H  > S+     0   0   57      1,-0.2     4,-2.0     2,-0.2     5,-0.1   0.855 126.4  52.4 -59.5 -33.6  -18.1   28.9  -14.3               
   36   36 A I  H  > S+     0   0  125      2,-0.2     4,-2.5     3,-0.2    -1,-0.2   0.958 111.9  44.5 -62.5 -50.6  -17.2   26.9  -17.5               
   37   37 A D  H  > S+     0   0   26      1,-0.2     4,-2.7     2,-0.2    -2,-0.2   0.920 113.8  49.9 -65.9 -43.0  -20.9   26.6  -18.5               
   38   38 A L  H  X S+     0   0    0     -4,-2.9     4,-2.5     1,-0.2    -1,-0.2   0.883 112.6  47.7 -59.5 -42.6  -21.5   30.3  -17.8               
   39   39 A R  H  X S+     0   0  113     -4,-2.0     4,-1.9    -5,-0.2    -2,-0.2   0.878 112.1  49.2 -68.9 -38.2  -18.4   31.3  -19.8               
   40   40 A A  H  X S+     0   0   43     -4,-2.5     4,-1.6     2,-0.2    -2,-0.2   0.941 114.3  45.4 -61.9 -45.4  -19.5   29.0  -22.7               
   41   41 A E  H  X S+     0   0   13     -4,-2.7     4,-1.7     2,-0.2    -2,-0.2   0.880 114.0  47.4 -73.0 -36.4  -23.1   30.5  -22.6               
   42   42 A L  H  <>S+     0   0    0     -4,-2.5     5,-2.8     2,-0.2    -1,-0.2   0.875 110.9  54.0 -65.4 -35.7  -21.8   34.1  -22.4               
   43   43 A K  H  <5S+     0   0  162     -4,-1.9     3,-0.4     3,-0.2    -2,-0.2   0.774 105.8  51.7 -73.3 -25.8  -19.4   33.2  -25.3               
   44   44 A K  H  <5S+     0   0   85     -4,-1.6    -2,-0.2     1,-0.2    -1,-0.2   0.913 113.6  45.4 -64.7 -44.1  -22.4   32.0  -27.4               
   45   45 A R  T  <5S-     0   0   46     -4,-1.7    -2,-0.2    -5,-0.1    -1,-0.2   0.327 114.1-118.8 -82.2   5.1  -24.0   35.5  -26.6               
   46   46 A N  T   5 +     0   0  153     -3,-0.4     2,-0.2     1,-0.2    -3,-0.2   0.795  67.1 139.9  57.3  35.2  -20.8   37.5  -27.4               
   47   47 A L      < -     0   0   67     -5,-2.8    -1,-0.2    -8,-0.1    -2,-0.1  -0.718  62.6 -77.4-107.5 156.8  -20.5   38.8  -23.8               
   48   48 A D        -     0   0   87     -2,-0.2    -1,-0.1     1,-0.1    11,-0.1  -0.273  34.2-169.0 -58.2 127.8  -17.5   39.4  -21.5               
   49   49 A T        +     0   0   50     -7,-0.1     2,-0.2    -2,-0.1    -1,-0.1   0.404  53.4 105.6 -99.3  -3.6  -16.3   36.1  -19.8               
   50   50 A G        +     0   0   30      5,-0.1     2,-0.2   -11,-0.0    -2,-0.0  -0.491  58.9  38.2 -77.1 148.2  -13.9   37.8  -17.3               
   51   51 A G  S    S-     0   0   43     -2,-0.2     2,-0.1     4,-0.1     0, 0.0  -0.498  88.2 -33.9 107.8-177.1  -14.8   38.0  -13.5               
   52   52 A N     >  -     0   0  122     -2,-0.2     4,-2.2     1,-0.1     3,-0.2  -0.325  60.3 -99.8 -78.7 161.6  -16.4   36.1  -10.7               
   53   53 A K  H  > S+     0   0   77      1,-0.2     4,-2.6     2,-0.2     5,-0.2   0.837 123.1  55.2 -51.1 -39.5  -19.4   33.6  -10.8               
   54   54 A S  H  > S+     0   0   76      2,-0.2     4,-2.5     1,-0.2    -1,-0.2   0.957 108.7  45.4 -57.2 -53.7  -21.7   36.4   -9.6               
   55   55 A V  H  > S+     0   0   50     -3,-0.2     4,-2.6     1,-0.2     5,-0.2   0.872 114.2  49.9 -60.2 -40.5  -20.7   38.9  -12.4               
   56   56 A L  H  X S+     0   0    0     -4,-2.2     4,-2.1     2,-0.2    -1,-0.2   0.923 113.1  45.3 -67.4 -43.1  -21.0   36.0  -15.0               
   57   57 A M  H  X S+     0   0   56     -4,-2.6     4,-2.7    -5,-0.2    -2,-0.2   0.861 113.5  51.4 -65.4 -36.2  -24.5   35.0  -13.7               
   58   58 A E  H  X S+     0   0  141     -4,-2.5     4,-2.0     2,-0.2    -2,-0.2   0.949 111.5  45.3 -69.0 -47.0  -25.6   38.7  -13.6               
   59   59 A R  H  X S+     0   0   75     -4,-2.6     4,-2.5     2,-0.2    -2,-0.2   0.920 116.7  46.4 -58.3 -44.8  -24.5   39.4  -17.2               
   60   60 A L  H  X S+     0   0    0     -4,-2.1     4,-2.7     1,-0.2     5,-0.2   0.916 111.0  51.9 -68.8 -39.0  -26.2   36.2  -18.4               
   61   61 A K  H  X S+     0   0   79     -4,-2.7     4,-1.1     2,-0.2    -1,-0.2   0.808 111.8  48.4 -63.1 -33.6  -29.4   37.1  -16.3               
   62   62 A K  H  X S+     0   0  140     -4,-2.0     4,-1.6     2,-0.2    -2,-0.2   0.959 113.8  45.2 -68.1 -51.4  -29.4   40.5  -18.1               
   63   63 A A  H  X S+     0   0   13     -4,-2.5     4,-2.1     2,-0.2     3,-0.3   0.912 111.1  51.2 -61.8 -45.7  -28.9   39.0  -21.6               
   64   64 A V  H  <>S+     0   0    0     -4,-2.7     5,-2.0     1,-0.3    -1,-0.2   0.877 112.0  48.5 -63.5 -35.3  -31.5   36.2  -21.2               
   65   65 A K  H  <5S+     0   0  133     -4,-1.1     3,-0.5    -5,-0.2    -1,-0.3   0.805 109.5  52.2 -67.9 -34.1  -34.1   38.8  -20.0               
   66   66 A E  H  <5S+     0   0  147     -4,-1.6    -2,-0.2    -3,-0.3    -1,-0.2   0.813 108.2  51.5 -73.6 -29.4  -33.2   41.0  -23.0               
   67   67 A E  T  <5S-     0   0  105     -4,-2.1    -1,-0.2    -5,-0.1    -2,-0.2   0.464 117.7-118.3 -79.0  -6.4  -33.8   38.0  -25.3               
   68   68 A G  T   5S+     0   0   73     -3,-0.5     2,-0.2     1,-0.3    -3,-0.2   0.564  71.9 127.3  77.3  11.5  -37.3   37.6  -23.5               
   69   69 A Q  S   <S-     0   0   85     -5,-2.0    -1,-0.3     1,-0.1    -2,-0.1  -0.671  72.2 -94.0 -94.4 152.7  -36.6   34.1  -22.0               
   70   70 A D    >   -     0   0  112     -2,-0.2     3,-1.8     3,-0.2    -5,-0.1  -0.498  28.0-144.6 -67.0 123.7  -37.0   33.2  -18.3               
   71   71 A P  T 3  S+     0   0   12      0, 0.0   -41,-0.7     0, 0.0     3,-0.3   0.624 100.3  53.8 -68.2 -13.0  -33.6   33.7  -16.6               
   72   72 A D  T 3  S+     0   0   53      1,-0.2     2,-0.2   -43,-0.2   -41,-0.1   0.537 106.8  53.9 -96.0  -5.0  -34.4   30.7  -14.3               
   73   73 A E    <   +     0   0  125     -3,-1.8     2,-0.7   -44,-0.1    -3,-0.2  -0.557  67.3 167.5-130.4  62.8  -35.1   28.3  -17.3               
   74   74 A I  E     -A   28   0A   1    -46,-1.2   -46,-2.5    -3,-0.3     2,-1.4  -0.692  31.7-141.7 -78.7 119.3  -32.1   28.4  -19.7               
   75   75 A G  E     -A   27   0A  36     -2,-0.7     2,-1.6   -48,-0.2   -48,-0.2  -0.681  19.6-157.3 -72.4  90.9  -32.3   25.6  -22.3               
   76   76 A I        -     0   0   19     -2,-1.4     2,-0.4   -50,-0.7   -50,-0.2  -0.619   2.2-154.1 -79.2  90.8  -28.5   24.7  -22.3               
   77   77 A E        -     0   0  135     -2,-1.6     2,-1.9     1,-0.1   -52,-0.1  -0.538  19.4-131.7 -53.0 113.2  -28.0   23.1  -25.6               
   78   78 A L        -     0   0  128     -2,-0.4     2,-0.5     2,-0.1    -1,-0.1  -0.310  33.5-179.0 -77.7  52.5  -24.9   21.0  -24.8               
   79   79 A E        -     0   0  114     -2,-1.9     2,-2.0     1,-0.1    -2,-0.0  -0.415  25.2-141.0 -51.8 104.4  -23.1   22.1  -27.9               
   80   80 A A        -     0   0   83     -2,-0.5     2,-2.7     1,-0.1    -1,-0.1  -0.540  18.4-162.7 -76.0  77.6  -19.8   20.1  -27.5               
   81   81 A T        +     0   0   78     -2,-2.0     2,-2.2     1,-0.1    -1,-0.1  -0.196  30.8 153.6 -73.7  54.1  -17.7   23.1  -28.8               
   82   82 A S        -     0   0  113     -2,-2.7     2,-2.1     1,-0.1    -1,-0.1  -0.501  33.9-163.2 -68.4  63.8  -14.6   21.1  -29.7               
   83   83 A K        +     0   0  183     -2,-2.2     2,-0.5     2,-0.1    -1,-0.1  -0.405  28.4 159.7 -72.9  78.0  -13.8   23.8  -32.3               
   84   84 A K        -     0   0  209     -2,-2.1     2,-0.7     2,-0.0    -2,-0.0  -0.850  41.1-133.9 -76.3 126.2  -11.2   22.5  -34.7               
   85   85 A S        -     0   0  120     -2,-0.5     2,-0.5     2,-0.0    -2,-0.1  -0.808  24.9-174.1 -96.4 110.8  -11.8   24.9  -37.6               
   86   86 A A        -     0   0   99     -2,-0.7     2,-0.3     0, 0.0    -2,-0.0  -0.900   9.2-176.7-104.3 124.8  -12.1   23.3  -41.1               
   87   87 A K        +     0   0  187     -2,-0.5    -2,-0.0     1,-0.1     0, 0.0  -0.903  22.5   9.7-154.8 141.4  -12.4   25.6  -44.3               
   88   88 A R        -     0   0  203     -2,-0.3    -1,-0.1     2,-0.0     0, 0.0   0.512  47.1 -44.3-170.8 140.1  -12.7   25.2  -47.5               
   89   89 A C        -     0   0  110      1,-0.0     2,-0.2     0, 0.0    -2,-0.0   0.642  15.0-128.1  62.8 144.6  -13.4   23.7  -51.0               
   90   90 A V        +     0   0  129      0, 0.0     2,-0.2     0, 0.0    -2,-0.0  -0.533  16.8 167.5  98.3  83.1  -13.3   21.6  -53.6               
   91   91 A K        -     0   0  204     -2,-0.2     2,-0.1     0, 0.0     0, 0.0  -0.525  16.3-180.0 178.5 154.3  -12.6   21.4  -57.4               
   92   92 A G        +     0   0   64     -2,-0.2     0, 0.0     2,-0.0     0, 0.0  -0.357  12.0  70.1 146.2 104.5  -12.2   19.2  -59.7               
   93   93 A L        -     0   0  169     -2,-0.1     0, 0.0     0, 0.0     0, 0.0   0.998  31.2 -79.2  75.4 109.3  -11.6   17.3  -63.1               
   94   94 A K        +     0   0  154      0, 0.0    -2,-0.0     0, 0.0     0, 0.0   0.912  22.4 145.4  81.4 151.2   -9.6   16.1  -65.9               
   95   95 A M        -     0   0  152      0, 0.0     2,-0.1     0, 0.0     0, 0.0   0.708  17.7-159.5  83.8 114.1   -7.7   15.9  -69.3               
   96   96 A E        +     0   0  145      0, 0.0     2,-0.2     0, 0.0     0, 0.0   0.092  16.9 149.4  78.6 104.7   -5.0   14.6  -70.8               
   97   97 A E        -     0   0  197     -2,-0.1     2,-0.1     0, 0.0     0, 0.0  -0.509  27.2-129.9-173.0 172.9   -2.6   14.7  -73.6               
   98   98 A E        +     0   0  196     -2,-0.2     0, 0.0     1,-0.0     0, 0.0  -0.402  33.2 144.5 -81.7 173.3    1.1   13.9  -74.6               
   99   99 A G        -     0   0   65     -2,-0.1    -1,-0.0     0, 0.0     0, 0.0   0.695  25.7-131.5 137.4  85.6    3.7   16.0  -76.4               
  100  100 A T        +     0   0  113      0, 0.0    -2,-0.0     0, 0.0     0, 0.0   0.811  26.2  21.0  46.3 135.7    7.4   16.8  -76.5               
  101  101 A E        +     0   0  171      0, 0.0     0, 0.0     0, 0.0     0, 0.0   0.881  25.4  83.0  49.5 138.7   10.2   19.4  -76.6               
  102  102 A D        +     0   0  127      0, 0.0     0, 0.0     0, 0.0     0, 0.0   0.807  26.1   9.1-179.8 165.2   12.3   22.0  -76.5               
  103  103 A N        -     0   0  142      0, 0.0     2,-0.1     0, 0.0     0, 0.0   0.648  23.6-141.7  61.6 149.8   14.9   24.7  -75.2               
  104  104 A G        -     0   0   63      0, 0.0     2,-0.1     0, 0.0     0, 0.0  -0.024  15.9-169.3 146.3 105.4   16.9   26.2  -73.4               
  105  105 A L        -     0   0  164     -2,-0.1     2,-0.1     0, 0.0     0, 0.0  -0.412  17.4-166.2 172.8 130.5   19.1   28.6  -71.3               
  106  106 A E        +     0   0  165     -2,-0.1     2,-0.0     2,-0.0     0, 0.0   0.192  17.7 144.6  62.4 117.4   21.9   28.8  -69.4               
  107  107 A D        -     0   0  149     -2,-0.1     0, 0.0     0, 0.0     0, 0.0   0.402  30.2-111.9-144.5 168.2   23.8   30.4  -67.3               
  108  108 A D        +     0   0  145      1,-0.0    -2,-0.0    -2,-0.0     0, 0.0   0.326  30.1 147.5  -6.8 132.8   26.1   29.9  -64.2               
  109  109 A S        -     0   0  116      0, 0.0    -1,-0.0     0, 0.0     0, 0.0   0.243  31.8-141.5-176.0 103.3   26.7   30.2  -60.8               
  110  110 A R        +     0   0  188      2,-0.0     0, 0.0     0, 0.0     0, 0.0   0.886  33.9  43.8  51.8 138.9   28.6   28.0  -58.4               
  111  111 A D        +     0   0  130      1,-0.0     0, 0.0     0, 0.0     0, 0.0   0.969  43.9  99.9  69.0 116.7   29.2   26.2  -55.1               
  112  112 A G        +     0   0   80      1,-0.1     2,-0.3     0, 0.0    -1,-0.0   0.634  29.6 158.5 145.8  41.3   27.5   24.2  -52.3               
  113  113 A Q        +     0   0  175      1,-0.0    -1,-0.1     2,-0.0     2,-0.0  -0.706  20.0 112.6 -67.7 133.5   27.4   20.4  -52.0               
  114  114 A E        -     0   0  167     -2,-0.3    -1,-0.0     0, 0.0     0, 0.0   0.233  54.2 -86.4-154.4 145.0   26.8   18.6  -49.2               
  115  115 A D        -     0   0  143      2,-0.0     3,-0.1    -2,-0.0     2,-0.0   0.890  19.2-122.4  44.4 133.4   24.1   16.2  -48.0               
  116  116 A M        +     0   0  181      1,-0.1    -1,-0.0     3,-0.0     0, 0.0  -0.093  63.9  93.4 -78.7-169.2   20.7   16.0  -46.2               
  117  117 A E        +     0   0  198      1,-0.0    -1,-0.1    -2,-0.0     3,-0.1   0.823  37.3 119.2  81.0  46.2   20.0   13.9  -43.0               
  118  118 A A        +     0   0  105      1,-0.1     3,-0.2    -3,-0.1     2,-0.1  -0.316  48.1 103.8-116.6  47.8   20.4   16.1  -39.9               
  119  119 A S        +     0   0  118      1,-0.1    -1,-0.1     3,-0.0    -2,-0.0  -0.487  55.0  72.2-130.1  61.9   16.7   15.7  -38.7               
  120  120 A L    >   +     0   0  147     -2,-0.1     2,-2.3    -3,-0.1     3,-0.5   0.122  41.0 142.2-159.4  37.0   16.6   13.2  -35.8               
  121  121 A E  T 3   +     0   0  198      1,-0.2    -3,-0.0    -3,-0.2     3,-0.0  -0.316  60.0  77.0 -70.8  56.6   18.0   14.9  -32.6               
  122  122 A N  T 3  S+     0   0  149     -2,-2.3    -1,-0.2    -3,-0.0     3,-0.1   0.225  75.0  63.1-154.1  26.8   15.4   13.2  -30.3               
  123  123 A L    <   +     0   0  150     -3,-0.5     3,-0.2     1,-0.1    -2,-0.1   0.017  63.5  97.9-148.6  44.0   16.3    9.4  -29.6               
  124  124 A Q        +     0   0  190      1,-0.1    -1,-0.1    -3,-0.0    -3,-0.0  -0.454  58.1  85.9-126.5  62.2   19.7    9.0  -27.7               
  125  125 A N        +     0   0  172     -3,-0.1     2,-0.5     2,-0.1    -1,-0.1  -0.149  44.9 129.4-147.0  45.5   18.7    8.5  -24.1               
  126  126 A M  S    S-     0   0  178     -3,-0.2     2,-0.1     2,-0.0    -3,-0.0  -0.910  71.0 -99.5 -92.8 126.2   17.9    4.8  -23.7               
  127  127 A G        +     0   0   81     -2,-0.5    -2,-0.1     1,-0.1    -1,-0.0  -0.276  63.6 138.1 -65.5 124.2   20.0    3.6  -20.7               
  128  128 A M        +     0   0  180     -2,-0.1     2,-0.4     2,-0.0    -1,-0.1  -0.337  31.5 112.5-155.9  66.6   23.4    1.9  -21.1               
  129  129 A M        +     0   0  199      0, 0.0     2,-0.3     0, 0.0    -2,-0.0  -0.927  31.9 164.8-131.8 116.0   25.9    3.2  -18.6               
  130  130 A D        +     0   0  144     -2,-0.4    -2,-0.0     1,-0.2     0, 0.0  -0.968  42.2  12.6-123.3 143.1   27.1    0.8  -15.9               
  131  131 A M        +     0   0  148     -2,-0.3    -1,-0.2     0, 0.0     0, 0.0   0.897  66.9  74.5  65.8 130.3   30.2    1.3  -13.6               
  132  132 A S        +     0   0  109      0, 0.0    -2,-0.0     0, 0.0     0, 0.0   0.641  36.3   7.9  72.9 147.2   32.8    3.9  -12.6               
  133  133 A V        -     0   0  136      1,-0.0     0, 0.0     0, 0.0     0, 0.0   0.846  18.3-134.0-154.5 170.6   34.1    6.5  -11.2               
  134  134 A L        +     0   0  148      2,-0.0     2,-0.0     0, 0.0    -1,-0.0   0.075  23.8 123.4 -38.7 156.8   34.9    9.7   -9.0               
  135  135 A D        -     0   0  144      2,-0.0     2,-0.1     0, 0.0     0, 0.0   0.164  28.7-138.3-156.3 179.7   35.9   12.6   -8.5               
  136  136 A E        +     0   0  172     -2,-0.0     2,-0.2     0, 0.0    -2,-0.0  -0.364  23.5 144.0 -80.0 148.3   34.8   16.1   -7.1               
  137  137 A T        -     0   0  150     -2,-0.1     2,-0.1     0, 0.0    -2,-0.0  -0.746  26.9-127.9-165.8 158.1   34.9   19.8   -7.6               
  138  138 A E        +     0   0  176     -2,-0.2     0, 0.0     2,-0.0     0, 0.0  -0.235  26.3 122.2 -76.4 170.3   32.6   22.9   -7.2               
  139  139 A V        -     0   0  130     -2,-0.1    -1,-0.0     0, 0.0     0, 0.0   0.623  32.3 -41.0-160.5 164.1   31.1   25.7   -8.1               
  140  140 A A        -     0   0   72      0, 0.0    -2,-0.0     0, 0.0     0, 0.0   0.898  29.4-116.4  68.6  93.1   28.2   28.0   -8.7               
  141  141 A N        +     0   0  151      0, 0.0     0, 0.0     0, 0.0     0, 0.0   0.897  24.5 127.4  62.1 141.1   24.8   28.8   -9.8               
  142  142 A S        +     0   0  116      0, 0.0     0, 0.0     0, 0.0     0, 0.0   0.637  23.3   5.5  70.5 144.8   22.2   30.5  -12.1               
  143  143 A S        -     0   0  114      1,-0.1     0, 0.0     0, 0.0     0, 0.0   0.762  12.2-166.1-163.5 164.8   19.6   30.6  -14.1               
  144  144 A A        +     0   0   89      0, 0.0     2,-0.2     0, 0.0    -1,-0.1  -0.197   1.7 179.2 -68.1 159.4   16.5   30.1  -16.3               
  145  145 A P        -     0   0  120      0, 0.0     2,-0.1     0, 0.0     0, 0.0  -0.380  16.8-147.2-118.8 176.3   14.3   31.1  -18.8               
  146  146 A D        +     0   0  131     -2,-0.2     0, 0.0     0, 0.0     0, 0.0   0.309  24.6 120.3  97.1 137.3   11.5   29.7  -20.3               
  147  147 A F        +     0   0  192     -2,-0.1     0, 0.0     0, 0.0     0, 0.0   0.449  21.8  82.0  64.1 149.8    9.5   29.5  -23.6               
  148  148 A G        -     0   0   71      1,-0.0     0, 0.0     0, 0.0     0, 0.0   0.786  17.0-171.1-167.4-175.4    8.2   27.9  -26.1               
  149  149 A E        +     0   0  190      1,-0.0    -1,-0.0     0, 0.0     0, 0.0  -0.141  22.6 108.9 -63.2 165.0    6.2   25.8  -28.7               
  150  150 A D        +     0   0  158      1,-0.0    -1,-0.0     0, 0.0     0, 0.0   0.598  26.4  28.0-165.8 166.3    5.8   24.3  -31.6               
  151  151 A G        +     0   0   61      0, 0.0    -1,-0.0     0, 0.0     0, 0.0   0.443  37.8  27.0  84.4 151.1    5.5   21.2  -34.0               
  152  152 A T        -     0   0  143      1,-0.0     2,-0.2     0, 0.0     0, 0.0   0.786  24.2-158.4-146.6 164.2    4.9   18.4  -35.3               
  153  153 A D        +     0   0  168      1,-0.1    -1,-0.0     0, 0.0     0, 0.0  -0.472  23.9  73.3 -78.4 149.3    2.9   15.2  -35.5               
  154  154 A G        +     0   0   73     -2,-0.2     2,-0.3     1,-0.2    -1,-0.1   0.902   6.9 114.6 120.0 114.3    2.7   11.7  -36.6               
  155  155 A L        -     0   0  168      0, 0.0    -1,-0.2     0, 0.0     0, 0.0  -0.926  55.1 -66.3-149.4 160.8    3.0    8.1  -37.2               
  156  156 A L        -     0   0  141     -2,-0.3     2,-0.1     1,-0.1    -2,-0.0   0.055  23.9-147.7 -49.6 142.6    0.3    5.3  -37.0               
  157  157 A D        +     0   0  137      0, 0.0    -1,-0.1     0, 0.0     2,-0.1   0.249  19.4 173.1  63.1 116.8   -1.7    3.4  -35.1               
  158  158 A S        +     0   0   73     -2,-0.1     0, 0.0     1,-0.0     0, 0.0  -0.242  21.1   7.3 172.5 171.3   -3.0    0.1  -35.1               
  159  159 A F        -     0   0  198      1,-0.1     2,-0.3    -2,-0.1    -1,-0.0   0.998  24.1-168.2  66.7 106.8   -4.9   -3.0  -33.8               
  160  160 A C        -     0   0  128      0, 0.0     2,-0.3     0, 0.0    -1,-0.1  -0.851  19.0-144.0 -90.7 149.4   -7.2   -4.0  -31.0               
  161  161 A D        -     0   0  151     -2,-0.3     0, 0.0     1,-0.1     0, 0.0  -0.964  46.4  -0.4-149.1 139.3   -8.1   -7.6  -30.2               
  162  162 A S        -     0   0   78     -2,-0.3     2,-3.0     2,-0.0     3,-0.2   0.346  23.7-152.9-157.0 133.4  -10.9   -8.6  -29.2               
  163  163 A K    >   +     0   0  211      1,-0.2     3,-0.5     2,-0.1     4,-0.5   0.007  64.5 106.8  28.2 -11.3  -14.6   -8.3  -28.0               
  164  164 A E  T 3>  +     0   0  168     -2,-3.0     4,-0.6     1,-0.2     3,-0.5   0.791  57.8  73.9 -80.0 -27.4  -15.1  -11.4  -25.6               
  165  165 A Y  T 34 S+     0   0  173      1,-0.2     4,-0.3    -3,-0.2    -1,-0.2   0.704  96.3  48.2 -67.4 -22.6  -15.2  -10.0  -22.0               
  166  166 A V  T X> S+     0   0  113     -3,-0.5     3,-0.9     1,-0.2     4,-0.6   0.839  99.3  64.8 -87.7 -31.8  -18.8   -8.4  -22.1               
  167  167 A A  T 34 S+     0   0   65     -4,-0.5    -1,-0.2    -3,-0.5    -2,-0.2   0.675  94.0  64.0 -67.6 -17.4  -20.7  -11.4  -23.6               
  168  168 A A  T >< S+     0   0   65     -4,-0.6     3,-0.9     1,-0.2    -1,-0.2   0.832  94.7  56.2 -74.8 -33.8  -20.0  -13.5  -20.5               
  169  169 A Q  T <4 S+     0   0  151     -3,-0.9     3,-0.5    -4,-0.3    -1,-0.2   0.750 102.7  53.4 -81.5 -20.6  -22.0  -11.4  -17.9               
  170  170 A L  T 3< S+     0   0  143     -4,-0.6     3,-0.5     1,-0.2    -1,-0.2   0.479  93.6  77.4 -83.3  -3.2  -25.4  -11.5  -19.8               
  171  171 A R  S <  S+     0   0  219     -3,-0.9    -1,-0.2     1,-0.2    -2,-0.1   0.194  76.9  70.0-100.2  14.4  -25.3  -15.4  -19.9               
  172  172 A Q        +     0   0  179     -3,-0.5    -1,-0.2     2,-0.1    -2,-0.1   0.012  64.3 108.6-123.9  26.1  -26.3  -16.3  -16.3               
  173  173 A L        -     0   0  151     -3,-0.5     2,-0.2     0, 0.0    -3,-0.0  -0.922  60.4-145.2 -95.5 113.7  -30.0  -15.2  -16.2               
  174  174 A P        -     0   0  124      0, 0.0     2,-0.1     0, 0.0    -2,-0.1  -0.587  23.6-120.4 -71.6 140.0  -32.2  -18.4  -16.0               
  175  175 A A        -     0   0  101     -2,-0.2     0, 0.0     1,-0.1     0, 0.0  -0.309  26.6-116.0 -79.1 162.6  -35.5  -17.9  -18.0               
  176  176 A Q        -     0   0  174     -2,-0.1    -1,-0.1     0, 0.0     0, 0.0  -0.305  12.8-153.7 -71.7 162.6  -39.2  -18.1  -16.7               
  177  177 A P        -     0   0  119      0, 0.0     0, 0.0     0, 0.0     0, 0.0  -0.584  40.5 -27.6-148.3-171.4  -42.1  -19.7  -16.9               
  178  178 A P        -     0   0  111      0, 0.0     2,-0.1     0, 0.0     0, 0.0   0.892  25.9-129.2-120.8-177.2  -45.2  -18.8  -16.4               
  179  179 A E        +     0   0  180      2,-0.0     2,-0.2     0, 0.0     0, 0.0  -0.452  21.4 167.5 -68.6 147.4  -48.2  -16.9  -14.9               
  180  180 A H        -     0   0  194     -2,-0.1     2,-0.2     2,-0.0     0, 0.0  -0.768  22.8-144.8-152.7 128.5  -51.4  -18.3  -13.4               
  181  181 A A        +     0   0   84     -2,-0.2     2,-0.3     2,-0.0    -2,-0.0  -0.545  19.6 176.0 -83.7 147.3  -53.8  -16.1  -11.4               
  182  182 A V        -     0   0  142     -2,-0.2     2,-0.2     2,-0.0    -2,-0.0  -0.834  19.4-151.0-142.3 111.2  -56.0  -16.8   -8.4               
  183  183 A D        +     0   0  158     -2,-0.3     2,-0.2     2,-0.0    -2,-0.0  -0.527  22.7 167.6 -71.2 143.3  -58.0  -13.9   -6.9               
  184  184 A G        -     0   0   78     -2,-0.2    -2,-0.0     0, 0.0     2,-0.0  -0.762  20.1-138.8-167.3 112.6  -58.7  -14.0   -3.1               
  185  185 A E        +     0   0  204     -2,-0.2    -2,-0.0     1,-0.0     0, 0.0  -0.205  32.0  97.1 -72.4 158.8  -60.0  -11.2   -0.8               
  186  186 A G        +     0   0   70     -2,-0.0    -1,-0.0     0, 0.0     2,-0.0   0.906  35.1  46.4  95.7 108.9  -59.5   -9.8    2.6               
  187  187 A F        +     0   0  209      0, 0.0     2,-0.3     0, 0.0     0, 0.0   0.232  35.2 162.8-155.6 150.5  -58.4   -7.8    4.8               
  188  188 A K        +     0   0  179     -2,-0.0     2,-0.1     0, 0.0     0, 0.0  -0.786  20.2  93.6-101.2 154.0  -58.1   -4.0    5.1               
  189  189 A N        +     0   0  144     -2,-0.3     0, 0.0     0, 0.0     0, 0.0  -0.026  29.8  68.5 148.4 159.3  -57.5   -1.3    7.7               
  190  190 A T        +     0   0  136     -2,-0.1     2,-0.1     0, 0.0     0, 0.0   0.993  40.9 178.9  70.7  81.6  -55.6    1.2   10.0               
  191  191 A L        -     0   0  131      0, 0.0     0, 0.0     0, 0.0     0, 0.0  -0.031  18.2  -0.8  73.7 109.7  -54.1    3.8    8.6               
  192  192 A E        +     0   0  163     -2,-0.1     0, 0.0     0, 0.0     0, 0.0   0.628  21.2 150.5  58.3 157.7  -52.1    6.8    9.9               
  193  193 A T        -     0   0  111      0, 0.0     0, 0.0     0, 0.0     0, 0.0   0.708  26.4 -61.2-150.2 160.3  -50.4    9.0   11.7               
  194  194 A S        -     0   0  101      0, 0.0     0, 0.0     0, 0.0     0, 0.0   0.844  15.7-143.1  48.3 149.5  -47.6   11.6   12.1               
  195  195 A S        +     0   0  103      2,-0.0     0, 0.0     0, 0.0     0, 0.0   0.888  16.6 149.7-178.6 179.4  -44.9   13.3   12.3               
  196  196 A L        -     0   0  143      1,-0.1     2,-0.2     0, 0.0     0, 0.0   0.978  32.4-126.5  66.1 108.1  -41.9   15.7   13.1               
  197  197 A N        -     0   0  160      2,-0.0     2,-0.4     0, 0.0    -1,-0.1  -0.554  31.2-156.0 -50.7 134.3  -38.2   16.0   13.0               
  198  198 A F        -     0   0  178     -2,-0.2     2,-0.5     2,-0.0     0, 0.0  -0.997  10.2-172.4-121.7 130.0  -37.1   17.0   16.5               
  199  199 A K        +     0   0  206     -2,-0.4     2,-0.4     2,-0.1    -2,-0.0  -0.962  13.8 169.2-122.9 106.4  -33.7   18.8   16.7               
  200  200 A V        +     0   0  110     -2,-0.5    -2,-0.0     2,-0.0     0, 0.0  -0.953   6.5 151.1-131.0 108.9  -32.5   19.4   20.3               
  201  201 A T        +     0   0  122     -2,-0.4     2,-0.2     2,-0.0    -2,-0.1  -0.789   5.5 166.5 -90.3 156.6  -29.3   20.5   21.7               
  202  202 A P        -     0   0  111      0, 0.0     2,-0.1     0, 0.0    -2,-0.0  -0.612  25.8-136.0-135.0 165.0  -28.5   22.2   24.4               
  203  203 A D        +     0   0  144     -2,-0.2     2,-0.3     2,-0.0    -2,-0.0  -0.436  18.1 179.2 -68.8 151.5  -25.0   22.6   25.9               
  204  204 A I        -     0   0  169     -2,-0.1     2,-0.3     2,-0.0     0, 0.0  -0.842  19.1-147.9-146.4 132.6  -23.9   22.3   29.5               
  205  205 A E        +     0   0  179     -2,-0.3     2,-0.2     2,-0.0    -2,-0.0  -0.698  27.1 142.1 -82.6 142.4  -20.2   22.7   30.4               
  206  206 A E        -     0   0  188     -2,-0.3    -2,-0.0     0, 0.0     2,-0.0  -0.551  22.3-146.9-170.0 155.9  -18.0   21.2   33.0               
  207  207 A S        +     0   0   92     -2,-0.2    -2,-0.0     1,-0.0     0, 0.0  -0.161  19.7 135.8 -60.1 165.3  -14.4   19.9   33.6               
  208  208 A L        -     0   0  139     -2,-0.0    -1,-0.0     2,-0.0     0, 0.0   0.733  30.6 -97.5 171.9 135.0  -12.3   17.9   35.2               
  209  209 A L        -     0   0  158      0, 0.0     0, 0.0     0, 0.0     0, 0.0   0.875  24.1-115.6  53.1 145.7   -9.3   15.4   35.3               
  210  210 A E        -     0   0  178      0, 0.0     2,-0.2     0, 0.0    -2,-0.0  -0.348  18.3-146.5 -74.1 169.8   -8.2   11.7   35.3               
  211  211 A P        -     0   0  109      0, 0.0     0, 0.0     0, 0.0     0, 0.0  -0.671  18.0-108.9-141.7 147.0   -6.7    9.6   37.7               
  212  212 A E        -     0   0  169     -2,-0.2     2,-0.1     1,-0.1     0, 0.0   0.447  14.0-167.7  19.0 127.9   -4.3    6.7   37.5               
  213  213 A N        -     0   0  152      2,-0.0     2,-0.2     0, 0.0    -1,-0.1  -0.579  17.3-168.9-144.8  85.2   -4.7    3.0   38.2               
  214  214 A E        +     0   0  189     -2,-0.1     2,-0.3     3,-0.0     3,-0.1  -0.510   8.9 176.8 -63.1 131.8   -1.2    1.4   38.3               
  215  215 A K        -     0   0  181     -2,-0.2    -2,-0.0     1,-0.1    -1,-0.0  -0.874  40.7  -2.5-144.5 127.3   -1.1   -2.5   38.3               
  216  216 A I        -     0   0  158     -2,-0.3     2,-0.4     1,-0.2    -1,-0.1   0.996  42.3-177.6  73.7  87.6    1.9   -4.9   38.3               
  217  217 A L        +     0   0  139     -3,-0.1     2,-0.2     3,-0.0    -1,-0.2  -0.759  18.7 153.3 -68.2 146.5    5.5   -4.3   38.1               
  218  218 A D        +     0   0  151     -2,-0.4     0, 0.0     1,-0.1     0, 0.0  -0.743  42.7  56.2-160.6 163.1    7.7   -7.2   38.0               
  219  219 A I        +     0   0  169      1,-0.3     2,-0.3    -2,-0.2    -1,-0.1   0.890  61.3 131.7  80.0  71.6   11.3   -7.6   36.5               
  220  220 A L        +     0   0  160     -3,-0.1    -1,-0.3     2,-0.0     2,-0.1  -0.972  29.4 104.0-137.3 145.7   13.6   -5.0   38.1               
  221  221 A G        +     0   0   72     -2,-0.3     0, 0.0     0, 0.0     0, 0.0  -0.016  27.6  66.0 110.7 139.8   17.1   -5.8   39.6               
  222  222 A E        -     0   0  169     -2,-0.1    -2,-0.0     2,-0.0     0, 0.0   0.743  69.3 -45.4-155.7 152.3   20.2   -5.8   39.5               
  223  223 A T        -     0   0   99      1,-0.1     2,-0.4     0, 0.0     0, 0.0   0.748  14.9-161.4-146.4 158.4   22.3   -3.4   39.6               
  224  224 A C        +     0   0  127      0, 0.0     2,-0.3     0, 0.0    -1,-0.1  -0.621  25.5 172.9 -69.6 131.5   23.6    0.1   38.6               
  225  225 A K        +     0   0  196     -2,-0.4     2,-0.2     2,-0.0     0, 0.0  -0.973  10.2 164.9-137.0 150.7   27.3    0.8   39.4               
  226  226 A S        +     0   0  110     -2,-0.3     0, 0.0     2,-0.0     0, 0.0  -0.545  13.2 124.8-137.1-169.3   29.2    4.0   38.2               
  227  227 A E        +     0   0  181     -2,-0.2     2,-0.1     0, 0.0    -2,-0.0   0.268  27.3 169.1  92.3 149.2   32.2    6.3   38.5               
  228  228 A P        +     0   0  105      0, 0.0    -2,-0.0     0, 0.0     0, 0.0  -0.368  13.6  91.7-142.5-170.9   34.8    7.8   36.2               
  229  229 A V        +     0   0  113      1,-0.1     2,-0.2    -2,-0.1     0, 0.0   0.936  12.3 151.4  54.8 118.8   37.6    9.9   34.7               
  230  230 A K        -     0   0  204      2,-0.0     2,-0.1     0, 0.0    -1,-0.1  -0.856  20.6-159.3-159.5 163.1   41.3   10.1   34.1               
  231  231 A E        +     0   0  162     -2,-0.2     0, 0.0     2,-0.0     0, 0.0  -0.421  20.1 110.1-110.8-179.8   43.3   11.8   31.4               
  232  232 A E        +     0   0  181     -2,-0.1    -2,-0.0     0, 0.0     0, 0.0   0.597  20.7  48.1  74.2 148.2   46.8   11.8   29.7               
  233  233 A S        -     0   0   90      2,-0.0    -2,-0.0     0, 0.0     0, 0.0   0.682  22.8 -87.1-167.8 158.9   49.1   11.4   27.5               
  234  234 A S        -     0   0  102      0, 0.0     2,-0.1     0, 0.0     0, 0.0   0.707  11.4-124.7  60.2 139.4   51.5   11.3   24.4               
  235  235 A E        +     0   0  176      0, 0.0    -2,-0.0     0, 0.0     0, 0.0   0.485  15.3 153.1  65.5 140.2   53.1   10.3   21.5               
  236  236 A L        +     0   0  142     -2,-0.1     2,-0.1     2,-0.0     0, 0.0   0.821  15.2  35.6-154.6 162.1   55.6    9.5   19.6               
  237  237 A E        +     0   0  185      0, 0.0     0, 0.0     0, 0.0     0, 0.0  -0.100  22.7 128.8 158.9 153.2   57.8    8.0   16.9               
  238  238 A Q        -     0   0  157     -2,-0.1     2,-0.1     2,-0.0    -2,-0.0  -0.926  16.5-164.1-153.2 154.6   58.6    6.7   13.4               
  239  239 A P        -     0   0  117      0, 0.0     0, 0.0     0, 0.0     0, 0.0  -0.461  18.9-108.2-156.0 149.0   60.8    6.9   10.6               
  240  240 A F        -     0   0  191     -2,-0.1     2,-0.2     2,-0.0    -2,-0.0   0.479  15.0-167.0  24.1 120.8   61.1    6.1    6.9               
  241  241 A A        -     0   0   96      1,-0.2     0, 0.0     0, 0.0     0, 0.0  -0.768  33.7 -43.2-167.0 146.9   62.9    3.7    4.5               
  242  242 A Q        -     0   0  173     -2,-0.2    -1,-0.2     0, 0.0     2,-0.1   0.809  22.4 -92.9-153.3-142.3   63.1    3.9    1.2               
  243  243 A D        +     0   0  120      1,-0.0     0, 0.0     0, 0.0     0, 0.0  -0.444  31.7  50.7-101.7 165.9   63.3    4.1   -2.7               
  244  244 A T        +     0   0  129     -2,-0.1    -1,-0.0     2,-0.0     0, 0.0   0.815  40.4  13.2  96.4 132.5   63.1    2.8   -6.2               
  245  245 A S        +     0   0  119      1,-0.1     2,-0.0     0, 0.0     0, 0.0   0.942  13.9 155.5  78.5 120.1   62.0    1.0   -9.4               
  246  246 A S        +     0   0  119      2,-0.0     2,-0.3     0, 0.0    -1,-0.1  -0.435  37.7 123.2-159.7  83.8   59.2   -0.7  -11.4               
  247  247 A V        -     0   0  139      2,-0.0     0, 0.0    -2,-0.0     0, 0.0  -0.883  38.8-161.1-137.9 110.1   59.7   -0.6  -15.2               
  248  248 A G        -     0   0   76     -2,-0.3     2,-0.4     2,-0.0    -2,-0.0  -0.824   5.3-157.7 -86.3 121.4   59.7   -3.9  -17.1               
  249  249 A P        -     0   0  121      0, 0.0     2,-0.4     0, 0.0    -2,-0.0  -0.867   9.1-174.8 -90.4 135.5   61.4   -3.9  -20.6               
  250  250 A D        +     0   0  155     -2,-0.4     2,-0.0     1,-0.1    -2,-0.0  -0.859  27.7 127.3-133.0  98.8   60.3   -6.6  -23.0               
  251  251 A R        -     0   0  233     -2,-0.4    -1,-0.1     1,-0.2     0, 0.0  -0.434  52.7 -68.7-154.9  96.6   62.2   -6.8  -26.4               
  252  252 A K        +     0   0  183     -2,-0.0    -1,-0.2     0, 0.0     0, 0.0   0.687  50.3 113.0  75.9 157.2   63.9   -9.8  -27.9               
  253  253 A L        -     0   0  162      0, 0.0    -2,-0.1     0, 0.0     0, 0.0   0.620  30.5-151.0  81.1 111.1   66.7  -12.4  -28.0               
  254  254 A A        +     0   0   77      0, 0.0     0, 0.0     0, 0.0     0, 0.0   0.722  26.9 135.0  74.8 136.9   67.3  -15.7  -27.6               
  255  255 A E        -     0   0  169      0, 0.0     0, 0.0     0, 0.0     0, 0.0   0.710  28.0 -80.8-160.5 142.7   68.4  -18.7  -27.2               
  256  256 A E        +     0   0  181      1,-0.0     0, 0.0     0, 0.0     0, 0.0   0.280  31.0 118.7  62.2 170.8   68.1  -22.3  -25.8               
  257  257 A E        -     0   0  183      0, 0.0    -1,-0.0     0, 0.0     0, 0.0   0.833  26.8-138.0-126.2-176.0   68.1  -24.9  -23.7               
  258  258 A D        +     0   0  150      1,-0.0     0, 0.0     0, 0.0     0, 0.0  -0.132  24.4 134.4 -61.4 166.7   65.9  -27.7  -22.1               
  259  259 A L        -     0   0  142      0, 0.0    -1,-0.0     0, 0.0     0, 0.0   0.820  20.9-102.1 145.4 108.4   65.1  -29.5  -19.1               
  260  260 A F        +     0   0  177      0, 0.0     0, 0.0     0, 0.0     0, 0.0   0.453  27.1 131.3  67.1 164.2   62.7  -31.0  -16.5               
  261  261 A D        -     0   0  135      1,-0.1     2,-0.4     0, 0.0     0, 0.0   0.775   5.1-177.4-139.7 172.9   60.7  -31.9  -14.2               
  262  262 A S        +     0   0  112      2,-0.0     2,-0.2     0, 0.0    -1,-0.1  -0.868  17.6 168.2-101.9 138.0   57.2  -33.3  -13.2               
  263  263 A A        +     0   0  102     -2,-0.4     0, 0.0     2,-0.0     0, 0.0  -0.802   4.5 159.2-153.6 118.4   56.0  -34.0   -9.6               
  264  264 A H        -     0   0  181     -2,-0.2     2,-0.3     0, 0.0    -2,-0.0  -0.822  19.4-152.2 -96.8 153.5   52.6  -34.7   -8.1               
  265  265 A P        -     0   0  105      0, 0.0     2,-0.1     0, 0.0    -2,-0.0  -0.799   8.7-165.5-121.7 160.4   51.7  -36.3   -5.0               
  266  266 A E        +     0   0  167     -2,-0.3     0, 0.0     0, 0.0     0, 0.0   0.464  31.4  95.4 100.8 142.7   49.0  -38.0   -4.0               
  267  267 A E        +     0   0  175     -2,-0.1     0, 0.0     1,-0.0     0, 0.0   0.916  29.9 120.8  61.0 126.0   47.1  -39.4   -0.9               
  268  268 A G        +     0   0   80      0, 0.0    -1,-0.0     0, 0.0     2,-0.0   0.386  29.7 170.3 162.2  53.8   44.1  -38.0    1.2               
  269  269 A D        +     0   0  157      2,-0.0     2,-0.0     0, 0.0     0, 0.0  -0.298  12.1 142.2 -59.2 150.8   40.8  -40.0    1.6               
  270  270 A L        -     0   0  175     -2,-0.0     2,-0.1     0, 0.0     0, 0.0  -0.088  21.2-169.4-174.0 128.7   37.8  -39.7    3.6               
  271  271 A D        +     0   0  142     -2,-0.0     2,-0.1     2,-0.0    -2,-0.0  -0.335  18.4 157.9 -69.0 157.3   34.1  -40.4    2.7               
  272  272 A L        +     0   0  177     -2,-0.1     2,-0.1     0, 0.0     0, 0.0  -0.338  16.7 166.5-165.7 142.1   30.8  -40.0    3.9               
  273  273 A A        +     0   0   83     -2,-0.1    -2,-0.0     0, 0.0     0, 0.0  -0.342   5.6 135.7-109.6-171.5   27.6  -39.9    1.9               
  274  274 A S        +     0   0  106     -2,-0.1     0, 0.0     0, 0.0     0, 0.0   0.564  20.9  47.6  82.7 141.3   23.7  -40.1    2.1               
  275  275 A E        -     0   0  171      2,-0.0     0, 0.0     0, 0.0     0, 0.0   0.560  31.2-175.8-149.6 137.9   20.7  -39.5    1.6               
  276  276 A S        -     0   0   86      0, 0.0     0, 0.0     0, 0.0     0, 0.0   0.480  18.4 -28.8  16.2 140.2   18.2  -38.8   -1.1               
  277  277 A T        +     0   0  135      0, 0.0    -2,-0.0     0, 0.0     2,-0.0   0.799  16.1 166.8  53.0 134.3   14.8  -37.9   -2.1               
  278  278 A A        -     0   0   79      0, 0.0     2,-0.0     0, 0.0     0, 0.0   0.467  11.2-145.3-149.3 167.7   11.6  -37.3   -2.5               
  279  279 A H        -     0   0  180     -2,-0.0     0, 0.0     0, 0.0     0, 0.0   0.279  16.6-119.9  51.1 126.6    8.7  -35.9   -3.9               
  280  280 A A        +     0   0   69     -2,-0.0     0, 0.0     0, 0.0     0, 0.0   0.858  20.1 167.8-167.4-166.0    5.6  -34.7   -3.7               
  281  281 A Q        -     0   0  170      0, 0.0     0, 0.0     0, 0.0     0, 0.0   0.960  26.5 -99.5  68.7  97.1    1.9  -33.7   -3.8               
  282  282 A S        +     0   0  101      0, 0.0     0, 0.0     0, 0.0     0, 0.0   0.942  23.4  72.3  73.8 125.2   -0.9  -31.8   -2.4               
  283  283 A S        -     0   0   97      0, 0.0     0, 0.0     0, 0.0     0, 0.0   0.988  24.6 -38.0  92.5 119.9   -3.9  -30.6   -0.7               
  284  284 A K        +     0   0  203      0, 0.0     0, 0.0     0, 0.0     0, 0.0   0.756  27.8 110.8  73.6 157.9   -6.6  -29.4    1.6               
  285  285 A A        -     0   0   87      0, 0.0     2,-0.2     0, 0.0     0, 0.0   0.751  22.4-156.9  66.5 119.7   -8.7  -29.3    4.8               
  286  286 A D        +     0   0  165      0, 0.0     0, 0.0     0, 0.0     0, 0.0  -0.211  18.6 163.6  57.3 105.1   -9.4  -27.4    7.5               
  287  287 A S        -     0   0  107     -2,-0.2     0, 0.0     0, 0.0     0, 0.0   0.102  28.1 -76.4 173.5 114.9  -10.7  -28.4   10.8               
  288  288 A L        -     0   0  154      1,-0.1     0, 0.0     0, 0.0     0, 0.0   0.808  30.1 -94.8  50.0 105.7  -11.0  -27.0   14.4               
  289  289 A L        -     0   0  160      0, 0.0    -1,-0.1     0, 0.0     0, 0.0   0.325  47.2 -33.7  26.9 120.2   -9.6  -26.2   17.6               
  290  290 A A        +     0   0   88      1,-0.0     0, 0.0     2,-0.0     0, 0.0   0.450  26.1 169.7  82.7 177.6   -9.1  -27.5   21.0               
  291  291 A V        -     0   0  132      2,-0.0    -1,-0.0     0, 0.0     0, 0.0   0.852  43.1 -10.6 100.5 103.6  -10.2  -29.5   24.1               
  292  292 A V        -     0   0  105      1,-0.2     2,-0.4     0, 0.0    -2,-0.0   0.996   9.6-174.7  77.6  99.0   -8.7  -30.8   27.4               
  293  293 A K        -     0   0  215      0, 0.0     2,-0.4     0, 0.0    -1,-0.2  -0.799  40.5-155.6 -69.9 145.4   -5.8  -31.2   29.6               
  294  294 A R        -     0   0  229     -2,-0.4     0, 0.0     0, 0.0     0, 0.0  -0.996   4.2-136.0-130.5 133.2   -7.4  -33.2   32.5               
  295  295 A E        -     0   0  188     -2,-0.4     2,-0.3     1,-0.0     0, 0.0  -0.569  12.9-134.1 -82.2 151.3   -6.1  -33.4   36.1               
  296  296 A P        -     0   0  124      0, 0.0     2,-0.3     0, 0.0    -1,-0.0  -0.689  16.0-157.7 -89.8 158.1   -5.9  -36.5   38.3               
  297  297 A A        -     0   0  104     -2,-0.3     0, 0.0     1,-0.0     0, 0.0  -0.935  28.6 -71.5-140.1 161.9   -7.0  -36.7   41.9               
  298  298 A E        -     0   0  191     -2,-0.3    -1,-0.0     1,-0.1     0, 0.0  -0.040  38.4-121.0 -82.6 155.1   -6.0  -39.1   44.7               
  299  299 A Q        +     0   0  186      0, 0.0    -1,-0.1     0, 0.0     2,-0.0   0.602  24.9 141.8  -2.8 173.2   -6.1  -42.7   46.2               
  300  300 A P        +     0   0  125      0, 0.0    -2,-0.0     0, 0.0     0, 0.0   0.592  25.4 106.0-129.1-177.3   -6.5  -45.2   48.1               
  301  301 A G        -     0   0   70     -2,-0.0     0, 0.0     0, 0.0     0, 0.0   0.250  39.6-133.0 159.3  86.4   -7.4  -48.9   48.4               
  302  302 A D        +     0   0  174      0, 0.0     0, 0.0     0, 0.0     0, 0.0   0.490  28.9 146.3   5.3 140.0   -5.3  -52.2   49.0               
  303  303 A G        -     0   0   73      0, 0.0     0, 0.0     0, 0.0     0, 0.0   0.247  27.0 -90.3 151.3 101.7   -5.1  -55.7   47.4               
  304  304 A E        -     0   0  177      0, 0.0     0, 0.0     0, 0.0     0, 0.0   0.629  23.4-123.8  19.7 151.2   -2.8  -58.6   46.6               
  305  305 A R        +     0   0  192      0, 0.0     0, 0.0     0, 0.0     0, 0.0   0.801  18.0 149.0-179.0 167.0   -0.8  -60.6   44.8               
  306  306 A T        -     0   0  116      0, 0.0     0, 0.0     0, 0.0     0, 0.0   0.613  18.7-172.9  64.1 154.7    1.4  -63.2   42.8               
  307  307 A D        -     0   0  135      0, 0.0     0, 0.0     0, 0.0     0, 0.0   0.583  17.5-178.8-170.3 167.8    3.5  -64.1   40.5               
  308  308 A C        -     0   0  118      2,-0.0     0, 0.0     0, 0.0     0, 0.0   0.701  22.2 -96.4  70.1 150.6    5.9  -65.7   37.9               
  309  309 A E        -     0   0  171      1,-0.1     2,-0.2     0, 0.0     0, 0.0   0.537   8.3-107.5-172.3 149.9    8.2  -65.6   35.4               
  310  310 A P        -     0   0  102      0, 0.0     2,-0.3     0, 0.0    -1,-0.1  -0.667  15.0-172.3-101.4 155.5   10.1  -65.6   32.0               
  311  311 A V        +     0   0  144     -2,-0.2     2,-0.3     2,-0.0     0, 0.0  -0.976  12.7 164.4-138.1 131.3   12.4  -68.0   30.1               
  312  312 A G        -     0   0   67     -2,-0.3     2,-0.3     0, 0.0     0, 0.0  -0.972  11.7-168.3-134.5 152.4   14.3  -67.2   26.8               
  313  313 A L        -     0   0  172     -2,-0.3    -2,-0.0     0, 0.0     0, 0.0  -0.979  21.2-115.1-141.3 152.5   17.2  -69.0   25.0               
  314  314 A E        -     0   0  171     -2,-0.3     2,-0.1     1,-0.1     0, 0.0  -0.165  35.4 -92.2 -90.6 171.8   19.5  -68.0   22.1               
  315  315 A P        -     0   0  110      0, 0.0     2,-0.3     0, 0.0    -1,-0.1  -0.258  19.7-148.4 -95.8 169.7   19.9  -69.4   18.6               
  316  316 A A        -     0   0   90      1,-0.1     0, 0.0     2,-0.1     0, 0.0  -0.922  13.8-132.4-145.1 122.4   21.9  -71.9   16.4               
  317  317 A V        +     0   0  131     -2,-0.3    -1,-0.1     0, 0.0     0, 0.0   0.651  27.1 154.3  24.7 158.1   23.0  -72.1   12.8               
  318  318 A E        +     0   0  154      0, 0.0    -2,-0.1     0, 0.0     0, 0.0   0.467  14.1   4.3  91.9 143.5   22.9  -74.8   10.0               
  319  319 A Q        -     0   0  142      0, 0.0     0, 0.0     0, 0.0     0, 0.0   0.474  25.8 -86.4-166.5 141.1   22.9  -75.8    6.9               
  320  320 A S        -     0   0  109      0, 0.0     0, 0.0     0, 0.0     0, 0.0   0.486  10.5-155.4  64.4 167.2   23.0  -76.3    3.0               
  321  321 A S        -     0   0  101      0, 0.0     0, 0.0     0, 0.0     0, 0.0   0.715   6.5-130.7-167.7 170.6   22.4  -76.6   -0.2               
  322  322 A A        +     0   0   99      0, 0.0     2,-0.0     0, 0.0     0, 0.0   0.535  13.4 123.8  72.0 161.2   22.0  -77.2   -4.1               
  323  323 A A        +     0   0   87      0, 0.0     0, 0.0     0, 0.0     0, 0.0   0.367   7.1 133.6-170.5 152.1   21.6  -76.7   -7.3               
  324  324 A S        +     0   0  107     -2,-0.0     0, 0.0     0, 0.0     0, 0.0   0.908  30.3  31.9  49.7 135.5   21.4  -76.4  -11.1               
  325  325 A E        -     0   0  168      2,-0.0     0, 0.0     0, 0.0     0, 0.0   0.977  40.2 -19.7  77.5 122.5   19.8  -76.6  -14.5               
  326  326 A L        +     0   0  159      1,-0.0     2,-0.2     0, 0.0     0, 0.0   0.774  15.4 162.2  58.6 102.5   17.3  -76.6  -17.3               
  327  327 A A        -     0   0   96      0, 0.0     2,-0.2     0, 0.0    -1,-0.0  -0.751  13.2-163.5-152.0 139.3   13.9  -76.7  -18.7               
  328  328 A E        -     0   0  173     -2,-0.2     0, 0.0     1,-0.0     0, 0.0  -0.377  41.4 -25.0  59.4  94.6   12.5  -75.9  -21.7               
  329  329 A A        +     0   0   85     -2,-0.2    -1,-0.0     0, 0.0     0, 0.0   0.870  59.8  50.8  63.0 153.7    8.9  -75.3  -22.5               
  330  330 A S        -     0   0  105      0, 0.0     0, 0.0     0, 0.0     0, 0.0   0.620  33.5 -50.7  70.4 133.4    5.2  -76.0  -21.9               
  331  331 A S        +     0   0   86      0, 0.0     0, 0.0     0, 0.0     0, 0.0   0.861  16.3  78.0  74.2 141.5    2.2  -76.2  -20.2               
  332  332 A E        -     0   0  158      0, 0.0     0, 0.0     0, 0.0     0, 0.0   0.877  12.1  -1.3-164.4 175.5   -0.5  -76.5  -18.4               
  333  333 A E        +     0   0  163      0, 0.0     0, 0.0     0, 0.0     0, 0.0   0.521  17.0  62.3  64.2 162.2   -3.5  -76.6  -16.1               
  334  334 A L        -     0   0  136      0, 0.0     0, 0.0     0, 0.0     0, 0.0   0.703  20.3 -20.5-158.5 160.6   -5.8  -76.2  -13.8               
  335  335 A A        +     0   0   74      0, 0.0     0, 0.0     0, 0.0     0, 0.0   0.608  31.3  62.9  64.6 156.3   -8.5  -75.2  -11.2               
  336  336 A E        +     0   0  177      1,-0.1     0, 0.0     0, 0.0     0, 0.0   0.729  31.4 106.6-152.4 136.4  -10.5  -73.5   -9.2               
  337  337 A A        -     0   0   87      0, 0.0    -1,-0.1     0, 0.0   592,-0.0   0.617  19.9-175.0  69.0 152.4  -13.0  -71.1   -8.8               
  338  338 A P        -     0   0   93      0, 0.0   590,-0.1     0, 0.0   592,-0.0   0.668   3.9 -21.0-144.8-166.7  -15.9  -70.1   -8.2               
  339  339 A T        -     0   0   69    590,-0.1   591,-0.1   591,-0.0     2,-0.1   0.660   8.3-170.8  67.8 168.3  -19.2  -68.1   -7.6               
  340  340 A E        -     0   0  148    589,-0.1     0, 0.0   590,-0.1     0, 0.0  -0.149  14.3  -2.6 176.6 137.4  -21.7  -65.8   -7.1               
  341  341 A A        -     0   0   91     -2,-0.1     0, 0.0     0, 0.0     0, 0.0   0.508   6.3-174.0  55.3 179.7  -25.0  -64.0   -6.4               
  342  342 A P        -     0   0  120      0, 0.0     0, 0.0     0, 0.0     0, 0.0   0.742   9.8-159.0-126.9-174.9  -28.1  -63.2   -5.9               
  343  343 A S        +     0   0  110      0, 0.0     2,-0.1     0, 0.0     0, 0.0   0.224   9.6 158.0 -30.0 172.3  -31.0  -60.8   -5.4               
  344  344 A P        +     0   0  104      0, 0.0     0, 0.0     0, 0.0     0, 0.0   0.212  20.1  56.4-144.3-166.9  -33.8  -59.7   -4.5               
  345  345 A E        +     0   0  150     -2,-0.1     0, 0.0     0, 0.0     0, 0.0   0.695  37.4  33.2  84.1 138.8  -36.4  -57.0   -3.6               
  346  346 A A        -     0   0   63      0, 0.0     0, 0.0     0, 0.0     0, 0.0   0.401  26.8-125.3-174.9 135.4  -38.2  -54.4   -4.0               
  347  347 A R        +     0   0  213      0, 0.0     2,-0.0     0, 0.0     0, 0.0   0.767  30.3 106.6  57.8 145.2  -40.4  -51.5   -5.6               
  348  348 A D        -     0   0  158      0, 0.0     2,-0.3     0, 0.0     0, 0.0   0.492  33.2-175.1-145.3 174.9  -41.7  -48.7   -6.6               
  349  349 A S        +     0   0  105     -2,-0.0     2,-0.2     0, 0.0     0, 0.0  -0.961  19.2 162.5-142.9 138.4  -41.9  -47.0  -10.1               
  350  350 A K        +     0   0  200     -2,-0.3     2,-0.1     2,-0.0     0, 0.0  -0.630  17.2 179.9-169.7 123.3  -42.8  -44.2  -12.6               
  351  351 A E        +     0   0  179     -2,-0.2     0, 0.0     0, 0.0     0, 0.0   0.636  13.2 170.2  92.5 148.9  -41.8  -43.4  -15.7               
  352  352 A D        +     0   0  157     -2,-0.1    -2,-0.0     0, 0.0     2,-0.0   0.713  30.5 146.4  79.1 122.2  -42.2  -40.9  -18.7               
  353  353 A G        -     0   0   57      2,-0.0     0, 0.0     0, 0.0     0, 0.0   0.300  38.3-167.1 157.2 141.6  -40.4  -40.7  -21.3               
  354  354 A R        +     0   0  238     -2,-0.0     2,-0.1     0, 0.0     0, 0.0   0.658  14.6 175.8  80.9 117.0  -38.8  -40.2  -24.9               
  355  355 A K        +     0   0  172      0, 0.0    -2,-0.0     0, 0.0     0, 0.0   0.179  12.8 141.4  82.3 140.5  -35.8  -40.9  -26.5               
  356  356 A F        +     0   0  164     -2,-0.1     0, 0.0     0, 0.0     0, 0.0   0.659  19.0  51.2  72.4 141.5  -34.4  -40.6  -30.0               
  357  357 A D        +     0   0  143      1,-0.1     2,-0.3     0, 0.0     0, 0.0   0.668  11.8 151.1-152.4 167.2  -32.1  -40.0  -32.0               
  358  358 A F        +     0   0  170      2,-0.0     2,-0.2     0, 0.0    -1,-0.1  -0.708  29.2 129.9 -78.2 138.4  -28.6  -40.3  -33.6               
  359  359 A D        -     0   0  142     -2,-0.3     2,-0.4     2,-0.0     0, 0.0  -0.719  34.4-135.6-173.3 174.2  -27.4  -39.9  -37.1               
  360  360 A A        -     0   0   82     -2,-0.2     2,-0.2     2,-0.1    -2,-0.0  -0.962  17.4-179.3-122.8 132.6  -24.9  -38.2  -39.4               
  361  361 A C        +     0   0  123     -2,-0.4     2,-0.3     2,-0.1    -2,-0.0  -0.903  17.4 168.8-155.0 138.9  -25.0  -36.4  -42.9               
  362  362 A N        +     0   0  163     -2,-0.2     2,-0.2     2,-0.0    -2,-0.1  -0.742  30.4 139.8  58.4  73.4  -22.9  -35.0  -44.9               
  363  363 A E        -     0   0  189     -2,-0.3    -2,-0.1     0, 0.0     0, 0.0  -0.864  28.4-143.4-163.7 168.8  -24.5  -34.3  -48.2               
  364  364 A V        -     0   0  128     -2,-0.2    -2,-0.0     0, 0.0     0, 0.0  -0.950  18.6 -66.2-158.9 151.7  -24.6  -31.5  -50.9               
  365  365 A P        -     0   0  119      0, 0.0     2,-0.1     0, 0.0     0, 0.0   0.332   7.1-158.4-109.4-123.0  -26.3  -29.7  -53.2               
  366  366 A P        +     0   0  121      0, 0.0     0, 0.0     0, 0.0     0, 0.0   0.299  20.9 175.4-131.9-178.9  -28.1  -28.7  -55.9               
  367  367 A A        -     0   0   90     -2,-0.1     2,-0.1     0, 0.0     0, 0.0  -0.414  16.8-139.1 -97.5 175.3  -28.9  -25.3  -57.7               
  368  368 A P        -     0   0  107      0, 0.0     0, 0.0     0, 0.0     0, 0.0  -0.360  30.0-132.9-150.5 135.8  -30.4  -23.7  -60.5               
  369  369 A K        +     0   0  179     -2,-0.1     0, 0.0     0, 0.0     0, 0.0   0.822  34.0 141.7  62.2 156.1  -29.5  -20.9  -62.9               
  370  370 A E        -     0   0  144      0, 0.0     0, 0.0     0, 0.0     0, 0.0   0.842  38.4 -18.7-137.4 159.8  -29.0  -18.3  -64.9               
  371  371 A S        +     0   0  111      0, 0.0     0, 0.0     0, 0.0     0, 0.0   0.858  39.9  45.3  44.6 141.3  -26.6  -15.5  -66.3               
  372  372 A S        -     0   0   95      0, 0.0     0, 0.0     0, 0.0     0, 0.0   0.698  30.2 -62.9-172.9 145.8  -24.0  -13.6  -66.5               
  373  373 A T        +     0   0  132      0, 0.0     0, 0.0     0, 0.0     0, 0.0   0.887  36.1  26.9  50.2 135.3  -20.5  -11.8  -66.5               
  374  374 A S        -     0   0  100      0, 0.0     0, 0.0     0, 0.0     0, 0.0   0.584  33.7-104.5-172.5 137.5  -17.9  -10.7  -65.2               
  375  375 A E        +     0   0  202      1,-0.0     0, 0.0     0, 0.0     0, 0.0   0.811  36.9 120.4  60.0 144.7  -14.8  -10.2  -62.9               
  376  376 A G        -     0   0   76      2,-0.0    -1,-0.0     0, 0.0     0, 0.0   0.519  47.8-117.1 127.6  90.9  -13.4   -7.9  -60.1               
  377  377 A A        -     0   0  100      1,-0.1     0, 0.0     2,-0.0     0, 0.0  -0.227  37.0 -60.9 -52.7 128.2  -12.4   -8.9  -56.6               
  378  378 A D        +     0   0  124      2,-0.0    -1,-0.1     0, 0.0    -2,-0.0   0.582  48.6  89.4  67.7 121.2  -13.4   -8.3  -53.3               
  379  379 A Q        +     0   0  154      1,-0.1     2,-0.1     0, 0.0    -2,-0.0   0.830  26.4 160.8-144.2 144.9  -14.2   -6.7  -50.5               
  380  380 A K        +     0   0  178      2,-0.0    -1,-0.1     0, 0.0    -2,-0.0   0.256   6.4 128.1  59.7 125.1  -16.8   -5.0  -48.9               
  381  381 A M        -     0   0  156     -2,-0.1     0, 0.0     2,-0.0     0, 0.0   0.600  21.7-140.9-145.0 169.8  -18.3   -3.8  -46.3               
  382  382 A S        -     0   0   79      1,-0.1     2,-0.0     0, 0.0    -2,-0.0  -0.042  20.8-108.2 -32.9 147.0  -20.1   -1.0  -44.5               
  383  383 A S        +     0   0   94      0, 0.0    -1,-0.1     0, 0.0    -2,-0.0   0.677  41.1 135.0  68.5 147.4  -20.6    0.6  -41.6               
  384  384 A F        -     0   0  193     -2,-0.0     2,-0.0     0, 0.0     0, 0.0   0.337  27.2-100.1  66.4 157.0  -23.6    0.8  -39.2               
  385  385 A K        +     0   0  161      0, 0.0     0, 0.0     0, 0.0     0, 0.0   0.497  29.9  84.6-175.0 158.1  -24.6    0.7  -36.1               
  386  386 A E        +     0   0  160      1,-0.0     0, 0.0    -2,-0.0     0, 0.0   0.253  18.3 120.1  70.5 152.1  -26.0   -0.0  -32.5               
  387  387 A E        -     0   0  145      0, 0.0    -1,-0.0     0, 0.0     0, 0.0   0.772  30.0-149.4-127.6 149.3  -25.9   -1.1  -29.4               
  388  388 A K        -     0   0  152      0, 0.0     0, 0.0     0, 0.0     0, 0.0   0.514   3.3-101.3  53.3 141.6  -26.3    0.1  -26.1               
  389  389 A D        -     0   0  122      0, 0.0     0, 0.0     0, 0.0     0, 0.0   0.864  10.5-179.6-173.2-168.8  -25.9    0.4  -22.8               
  390  390 A I        -     0   0  134      0, 0.0     0, 0.0     0, 0.0     0, 0.0   0.945  14.4-169.1  73.1 102.8  -26.2    0.3  -18.9               
  391  391 A K        -     0   0  165      0, 0.0     2,-0.0     0, 0.0     0, 0.0   0.705  15.6-136.6  62.5 143.8  -24.9    1.1  -15.7               
  392  392 A P        -     0   0  112      0, 0.0     2,-0.1     0, 0.0     0, 0.0   0.232  11.0-158.2-131.2 154.5  -24.6    1.1  -12.5               
  393  393 A I        +     0   0  146     -2,-0.0     2,-0.2     0, 0.0     0, 0.0  -0.117   7.6 179.9  46.3  97.6  -24.1    3.5  -10.0               
  394  394 A I        -     0   0  153     -2,-0.1     2,-0.0     2,-0.0     0, 0.0  -0.488  18.9-160.9-158.7 112.3  -22.8    3.1   -6.4               
  395  395 A K        +     0   0  169     -2,-0.2     0, 0.0     0, 0.0     0, 0.0   0.742  21.0 137.5  85.1 144.1  -22.4    5.9   -4.3               
  396  396 A D        +     0   0  119     -2,-0.0    -2,-0.0     0, 0.0     0, 0.0   0.779  30.9  41.0  69.4 134.2  -20.8    7.3   -1.1               
  397  397 A E        -     0   0  140      2,-0.0     0, 0.0     0, 0.0     0, 0.0   0.549  41.5-115.7-156.2 140.9  -19.4    9.9    0.2               
  398  398 A K        -     0   0  166      1,-0.1     0, 0.0     2,-0.0     0, 0.0   0.500  40.9-105.4  49.3  64.3  -18.8   13.5    1.1               
  399  399 A G        -     0   0   81      1,-0.1     2,-0.2     0, 0.0    -1,-0.1   0.880  12.5-153.3  60.6 128.7  -15.9   15.7    0.3               
  400  400 A R        -     0   0  194      0, 0.0     2,-0.8     0, 0.0    -1,-0.1  -0.811  14.6-149.4-147.1 123.0  -12.7   17.5    1.4               
  401  401 A V        +     0   0  160     -2,-0.2     0, 0.0     1,-0.1     0, 0.0  -0.734  58.0 129.3 -70.2 105.1  -11.3   20.7   -0.2               
  402  402 A G    >   +     0   0   29     -2,-0.8     3,-2.2    83,-0.0     2,-0.5   0.141  19.5 155.7-164.5  33.3   -7.8   19.5    0.8               
  403  403 A S  T 3  S+     0   0  120      1,-0.3    -2,-0.0     2,-0.1    -1,-0.0   0.195  80.1  52.9 -67.0  16.4   -5.1   19.5   -2.0               
  404  404 A G  T >> S+     0   0   25     -2,-0.5     3,-1.8     2,-0.1     4,-1.4   0.498  79.0  93.9-115.0 -13.8   -2.2   19.8    0.6               
  405  405 A S  T <4 S+     0   0   67     -3,-2.2    -2,-0.1     1,-0.3    80,-0.1   0.641  84.4  50.0 -65.6 -18.9   -3.0   16.9    2.9               
  406  406 A G  T 34 S+     0   0   27     -4,-0.2    -1,-0.3     1,-0.1    55,-0.1   0.589 113.8  43.6 -88.8 -14.5   -0.8   14.3    1.1               
  407  407 A R  T <4 S+     0   0  101     -3,-1.8    48,-2.5    76,-0.1     2,-0.4   0.648  91.7  86.5-108.6 -24.9    2.4   16.5    1.1               
  408  408 A N  E  <  -B  454   0B  10     -4,-1.4    75,-2.5    46,-0.2     2,-0.4  -0.711  59.0-164.2 -83.7 131.1    2.5   18.0    4.6               
  409  409 A L  E     -BC 453 482B   0     44,-3.0    44,-2.2    -2,-0.4     2,-0.4  -0.906  10.9-146.1-113.9 138.4    4.2   15.9    7.3               
  410  410 A W  E     -BC 452 481B  87     71,-2.8    71,-2.7    -2,-0.4     2,-0.5  -0.914  14.9-161.5-101.3 132.1    3.9   16.4   11.1               
  411  411 A V  E     +BC 451 480B   0     40,-3.0    40,-2.9    -2,-0.4     2,-0.2  -0.976  11.6 178.4-119.7 121.4    7.1   15.6   13.1               
  412  412 A S  E     + C   0 479B  31     67,-2.7    67,-2.1    -2,-0.5    38,-0.2  -0.727  54.5  49.2-117.7 165.5    6.9   14.9   16.8               
  413  413 A G  E    S+     0   0B  26     36,-0.4    37,-0.2    65,-0.2    60,-0.1   0.451  72.8 160.8  85.9   4.8    9.6   13.9   19.5               
  414  414 A L  E     -B  449   0B   0     35,-1.2    35,-1.5    -3,-0.2    -1,-0.2  -0.118  40.4-115.5 -61.2 149.4   12.1   16.7   18.4               
  415  415 A S    >   -     0   0   10     58,-0.2     3,-1.2    61,-0.1    -1,-0.1  -0.469  21.9-119.9 -70.3 153.2   14.9   17.9   20.7               
  416  416 A S  T 3  S+     0   0   56      1,-0.2    -1,-0.1    -2,-0.1    31,-0.1   0.678 118.7  58.8 -66.8 -15.2   14.9   21.6   21.8               
  417  417 A T  T 3  S+     0   0   83     57,-0.2     2,-0.4     2,-0.1    -1,-0.2   0.608  81.5 110.6 -80.1 -17.0   18.2   21.7   19.9               
  418  418 A T    <   -     0   0    4     -3,-1.2     2,-0.2    55,-0.1    -4,-0.0  -0.475  51.1-166.0 -74.1 121.5   16.5   20.7   16.6               
  419  419 A R     >  -     0   0  172     -2,-0.4     4,-1.6     1,-0.1     3,-0.5  -0.547  36.5-109.0 -99.1 164.5   16.4   23.5   14.0               
  420  420 A A  H  > S+     0   0   37      1,-0.2     4,-2.1     2,-0.2     5,-0.1   0.781 119.8  61.9 -64.5 -25.0   14.4   23.7   10.7               
  421  421 A T  H  > S+     0   0   67      2,-0.2     4,-2.9     3,-0.2    -1,-0.2   0.906 101.5  51.1 -57.4 -44.6   17.7   23.2    8.9               
  422  422 A D  H  > S+     0   0   35     -3,-0.5     4,-2.6     1,-0.2    -2,-0.2   0.906 110.7  47.1 -72.2 -40.6   18.1   19.8   10.5               
  423  423 A L  H  X S+     0   0    0     -4,-1.6     4,-2.6     2,-0.2     5,-0.3   0.920 112.7  50.8 -61.2 -45.0   14.6   18.7    9.4               
  424  424 A K  H  X S+     0   0  111     -4,-2.1     4,-2.2     1,-0.2    -2,-0.2   0.949 113.7  44.5 -58.8 -47.0   15.4   20.1    5.9               
  425  425 A N  H  X S+     0   0  110     -4,-2.9     4,-0.6     2,-0.2    -2,-0.2   0.890 115.5  47.0 -66.2 -41.7   18.7   18.1    5.7               
  426  426 A L  H >< S+     0   0   30     -4,-2.6     3,-0.6     1,-0.2    -1,-0.2   0.924 117.8  40.9 -65.8 -45.8   17.1   14.9    7.2               
  427  427 A F  H >X S+     0   0    0     -4,-2.6     3,-2.1     1,-0.2     4,-0.6   0.798 100.2  72.4 -78.2 -25.6   14.1   14.9    4.8               
  428  428 A S  H 3< S+     0   0   58     -4,-2.2     3,-0.4    -5,-0.3    -1,-0.2   0.747  85.4  69.5 -61.2 -22.1   16.1   16.0    1.7               
  429  429 A K  T << S+     0   0  165     -3,-0.6    -1,-0.3    -4,-0.6    -2,-0.2   0.672 109.3  33.6 -63.1 -20.5   17.6   12.5    1.7               
  430  430 A Y  T <4 S-     0   0   79     -3,-2.1     2,-0.2     1,-0.4    -1,-0.2   0.364 130.7 -28.3-121.4  -1.8   14.1   11.2    0.6               
  431  431 A G  S  < S-     0   0   14     -4,-0.6     2,-0.6    -3,-0.4    -1,-0.4  -0.877  80.2 -56.4 163.7 169.0   12.7   14.0   -1.6               
  432  432 A K        -     0   0  163     -2,-0.2    24,-1.8    -3,-0.1     2,-0.7  -0.554  48.6-144.2 -72.5 113.3   12.7   17.8   -2.4               
  433  433 A V  E     -D  455   0B  19     -2,-0.6    22,-0.2    22,-0.2     3,-0.1  -0.717  16.2-174.0 -81.8 113.2   11.7   19.7    0.8               
  434  434 A V  E    S-     0   0B  99     20,-2.2     2,-0.3    -2,-0.7    21,-0.2   0.842  71.4 -10.8 -72.7 -37.1    9.5   22.8   -0.1               
  435  435 A G  E     -D  454   0B  32     19,-1.4    19,-2.8     2,-0.0     2,-0.3  -0.970  53.9-162.0-164.0 148.9    9.5   24.0    3.5               
  436  436 A A  E     +D  453   0B  29     -2,-0.3     2,-0.4    17,-0.2    17,-0.2  -0.999  11.8 180.0-134.7 135.2   10.4   23.1    7.1               
  437  437 A K  E     -D  452   0B  93     15,-2.7    15,-2.3    -2,-0.3     2,-0.3  -0.968  10.2-160.5-138.2 120.2    9.1   24.8   10.3               
  438  438 A V  E     -D  451   0B  32     -2,-0.4     2,-0.5    13,-0.2    13,-0.3  -0.787   5.5-158.0 -93.5 141.8    9.9   23.9   13.9               
  439  439 A V  E     -D  450   0B  40     11,-3.2    11,-1.9    -2,-0.3     2,-0.3  -0.978  12.5-175.6-119.7 113.1    7.6   25.1   16.7               
  440  440 A T        -     0   0   81     -2,-0.5     2,-1.1     9,-0.2     9,-0.1  -0.784  32.6-111.9-103.5 148.8    9.3   25.2   20.2               
  441  441 A N    >   -     0   0   75     -2,-0.3     3,-2.2     3,-0.3     6,-0.3  -0.700  23.9-166.4 -86.6 100.0    7.4   26.1   23.4               
  442  442 A A  T 3  S+     0   0  101     -2,-1.1    -1,-0.2     1,-0.3    -2,-0.0   0.667  85.3  62.3 -58.4 -19.2    8.8   29.5   24.5               
  443  443 A R  T 3  S+     0   0  228      1,-0.3    -1,-0.3    -3,-0.1    -2,-0.0   0.604 119.9  19.3 -79.1 -15.9    7.1   29.0   28.0               
  444  444 A S    X   -     0   0   61     -3,-2.2     3,-2.4     3,-0.0    -3,-0.3  -0.630  65.4-164.1-157.9  91.5    9.3   25.9   28.8               
  445  445 A P  T 3  S+     0   0  111      0, 0.0    -3,-0.1     0, 0.0     4,-0.1   0.597  90.8  57.2 -66.2 -10.5   12.6   25.4   26.8               
  446  446 A G  T 3  S+     0   0   59     -5,-0.1   -30,-0.1     2,-0.1     3,-0.1   0.506  84.1 115.5 -87.3  -8.6   12.8   21.7   27.9               
  447  447 A A  S <  S-     0   0   32     -3,-2.4    -6,-0.2    -6,-0.3     2,-0.2  -0.195  82.2 -83.2 -66.7 154.7    9.3   20.8   26.5               
  448  448 A R        -     0   0  221     -8,-0.1     2,-0.2     1,-0.1    -1,-0.1  -0.377  49.8-145.9 -57.7 120.9    8.7   18.4   23.6               
  449  449 A C  E     -B  414   0B   4    -35,-1.5   -35,-1.2    -2,-0.2   -36,-0.4  -0.576  11.8-159.6 -90.7 153.9    9.3   20.2   20.3               
  450  450 A Y  E     - D   0 439B 100    -11,-1.9   -11,-3.2    -2,-0.2     2,-0.3  -0.954   4.7-165.3-134.3 152.8    7.3   19.6   17.0               
  451  451 A G  E     -BD 411 438B   0    -40,-2.9   -40,-3.0    -2,-0.3     2,-0.4  -0.867  11.9-145.2-132.2 165.5    7.9   20.3   13.4               
  452  452 A F  E     -BD 410 437B  35    -15,-2.3   -15,-2.7    -2,-0.3     2,-0.4  -0.997  14.0-171.2-134.0 136.2    6.2   20.4   10.0               
  453  453 A V  E     -BD 409 436B   1    -44,-2.2   -44,-3.0    -2,-0.4     2,-0.6  -0.998   9.6-155.7-131.7 126.1    7.8   19.5    6.7               
  454  454 A T  E     -BD 408 435B  39    -19,-2.8   -20,-2.2    -2,-0.4   -19,-1.4  -0.926  13.3-159.0-102.8 116.6    6.2   20.0    3.2               
  455  455 A M  E     - D   0 433B   0    -48,-2.5   -22,-0.2    -2,-0.6   -27,-0.0  -0.498  25.7-120.3 -84.5 161.2    7.5   17.7    0.5               
  456  456 A S  S    S+     0   0   40    -24,-1.8     2,-0.2    -2,-0.2    -1,-0.1   0.930  95.2  24.7 -69.1 -39.2    7.3   18.5   -3.3               
  457  457 A T  S  > S-     0   0   58    -25,-0.2     4,-1.4   -50,-0.1    -2,-0.1  -0.726  75.9-120.9-121.3 162.4    5.2   15.3   -4.0               
  458  458 A S  H  > S+     0   0   53     -2,-0.2     4,-1.4     2,-0.2     5,-0.0   0.687 112.4  56.2 -67.4 -21.5    2.8   12.9   -2.0               
  459  459 A D  H  > S+     0   0  104      2,-0.2     4,-2.8     3,-0.2     5,-0.1   0.910 104.9  47.9 -94.1 -40.7    5.1   10.0   -2.8               
  460  460 A E  H  > S+     0   0   29      2,-0.2     4,-3.0     1,-0.2     5,-0.2   0.941 111.9  53.9 -51.6 -48.8    8.3   11.6   -1.3               
  461  461 A A  H  X S+     0   0    0     -4,-1.4     4,-1.7     2,-0.2    -2,-0.2   0.873 110.2  45.2 -60.3 -36.5    6.1   12.4    1.7               
  462  462 A T  H  X S+     0   0   54     -4,-1.4     4,-2.1     2,-0.2    -1,-0.2   0.916 112.4  51.2 -74.6 -38.6    5.0    8.7    2.0               
  463  463 A K  H  X S+     0   0  122     -4,-2.8     4,-1.5     2,-0.2     5,-0.2   0.918 108.3  53.3 -59.3 -45.0    8.7    7.5    1.5               
  464  464 A C  H  X S+     0   0    0     -4,-3.0     4,-2.5     1,-0.2     5,-0.4   0.910 108.8  48.8 -57.4 -45.9    9.7   10.0    4.4               
  465  465 A I  H  X S+     0   0   36     -4,-1.7     4,-1.3     1,-0.2    15,-0.2   0.937 110.8  51.1 -59.6 -46.1    7.1    8.4    6.7               
  466  466 A S  H  < S+     0   0   90     -4,-2.1    -1,-0.2     1,-0.2    -2,-0.2   0.764 123.7  27.2 -63.3 -28.7    8.3    4.8    5.9               
  467  467 A H  H  < S+     0   0  104     -4,-1.5    -1,-0.2    -3,-0.3    -2,-0.2   0.604 124.4  42.8-112.3 -19.4   12.0    5.6    6.6               
  468  468 A L  H >< S+     0   0    3     -4,-2.5     3,-1.4    -5,-0.2     2,-0.6   0.484  80.5 106.8-109.6  -9.2   12.1    8.5    9.2               
  469  469 A H  T 3< S+     0   0   75     -4,-1.3    10,-0.2    -5,-0.4   -58,-0.0  -0.671  97.9   7.0 -72.0 119.2    9.3    7.3   11.6               
  470  470 A R  T 3  S+     0   0  179      8,-2.9    -1,-0.3    -2,-0.6     2,-0.2   0.541  95.7 138.7  73.1  19.7   11.2    6.1   14.7               
  471  471 A T    <   -     0   0   41     -3,-1.4     7,-2.7     7,-0.4     2,-0.3  -0.599  56.7-111.1 -77.3 152.4   14.7    7.4   13.6               
  472  472 A E  E     +E  477   0C 151      5,-0.2     2,-0.3    -2,-0.2     5,-0.2  -0.649  36.1 176.0 -81.8 137.2   16.9    9.1   16.2               
  473  473 A L  E >  S-E  476   0C  25      3,-2.7     3,-1.0    -2,-0.3   -58,-0.2  -0.959  72.1 -13.6-141.7 122.9   17.6   12.8   15.8               
  474  474 A H  T 3  S-     0   0   94     -2,-0.3   -57,-0.2     1,-0.2   -58,-0.1   0.881 130.7 -51.1  51.0  42.3   19.7   14.8   18.4               
  475  475 A G  T 3  S+     0   0   72      1,-0.2     2,-0.3   -60,-0.1    -1,-0.2   0.715 121.6  97.6  70.9  21.1   19.4   11.8   20.9               
  476  476 A R  E <  S-E  473   0C  91     -3,-1.0    -3,-2.7   -61,-0.0     2,-0.4  -0.997  74.8-118.9-134.8 139.8   15.6   11.5   20.6               
  477  477 A M  E     -E  472   0C 120     -2,-0.3     2,-0.3    -5,-0.2    -5,-0.2  -0.606  32.6-150.1 -71.2 130.2   13.3    9.2   18.6               
  478  478 A I        -     0   0    3     -7,-2.7    -8,-2.9    -2,-0.4     2,-0.4  -0.752   4.2-146.9 -99.0 146.8   11.1   11.2   16.1               
  479  479 A S  E     -C  412   0B  27    -67,-2.1   -67,-2.7    -2,-0.3     2,-0.5  -0.967  10.6-160.9-110.8 133.7    7.6   10.2   14.9               
  480  480 A V  E     +C  411   0B   1     -2,-0.4     2,-0.3   -69,-0.2   -69,-0.2  -0.969  19.2 165.1-117.5 118.3    6.7   11.3   11.3               
  481  481 A E  E     -C  410   0B  73    -71,-2.7   -71,-2.8    -2,-0.5     2,-0.4  -0.857  47.2 -88.2-127.5 161.3    2.9   11.4   10.4               
  482  482 A K  E     -C  409   0B  97     -2,-0.3     2,-0.3   -73,-0.2   -73,-0.3  -0.606  57.2-111.9 -69.3 121.3    0.7   12.8    7.6               
  483  483 A A        -     0   0    6    -75,-2.5     2,-2.1    -2,-0.4   -75,-0.2  -0.375  13.9-138.9 -67.6 123.7   -0.2   16.3    8.8               
  484  484 A K  S    S-     0   0  190     -2,-0.3    -1,-0.1     1,-0.1   -75,-0.1  -0.370  73.0 -43.8 -79.9  64.4   -3.9   16.8    9.7               
  485  485 A N  S    S-     0   0  116     -2,-2.1    -1,-0.1   -77,-0.1   -83,-0.0  -0.075  89.7 -31.6  85.2 168.8   -4.0   20.3    8.1               
  486  486 A E        -     0   0  109      1,-0.1     3,-0.1    -3,-0.1    -2,-0.0  -0.102  24.8-168.1 -65.2 148.0   -1.8   23.5    7.9               
  487  487 A P        +     0   0   36      0, 0.0     2,-0.2     0, 0.0    -1,-0.1   0.203  63.4  79.9-116.4  12.3    0.6   25.2   10.5               
  488  488 A A        -     0   0   64      1,-0.1    -2,-0.0     2,-0.0     0, 0.0  -0.928  54.4-152.5-158.2 153.4    1.0   28.6    8.7               
  489  489 A G        +     0   0   68     -2,-0.2    -1,-0.1    -3,-0.1    -3,-0.0   0.661  40.1 117.8 162.1 150.9   -0.2   31.5    8.1               
  490  490 A K        +     0   0  204      1,-0.1     2,-0.2     3,-0.0    -2,-0.0   0.982  28.6 142.9  71.6  82.2   -1.5   35.1    7.0               
  491  491 A K        +     0   0  198      2,-0.1     2,-0.9     3,-0.0    -1,-0.1  -0.726  21.7 162.0-121.6  81.3   -5.1   35.9    6.4               
  492  492 A L        +     0   0  171     -2,-0.2     2,-0.3     2,-0.0     3,-0.0  -0.894  33.0 106.1 -91.9  96.7   -5.0   39.4    7.8               
  493  493 A S        +     0   0   77     -2,-0.9    -2,-0.1     1,-0.0    -3,-0.0  -0.921  50.0  44.9-153.5 168.3   -8.2   40.9    6.3               
  494  494 A D  S    S+     0   0  170     -2,-0.3     3,-0.1     2,-0.1    -1,-0.0   0.738  75.4 102.3  64.4  36.4  -11.7   41.8    7.5               
  495  495 A R        +     0   0  236      1,-0.2    -1,-0.1    -3,-0.0     2,-0.0  -0.122  65.5  47.9-149.1  61.5  -11.2   43.7   10.9               
  496  496 A K        +     0   0  206      2,-0.0     2,-0.3     1,-0.0    -1,-0.2  -0.061  45.2 122.7 179.2 108.0  -11.5   47.5   10.7               
  497  497 A E        -     0   0  201     -3,-0.1     2,-0.1    -2,-0.0    -1,-0.0  -0.930  63.0 -69.6-140.9 155.6  -13.9   49.9    9.1               
  498  498 A C        -     0   0  127     -2,-0.3    -2,-0.0     1,-0.1     0, 0.0  -0.172  25.6-143.5 -75.1 134.0  -15.6   52.5   11.3               
  499  499 A E        +     0   0  177     -2,-0.1    -1,-0.1     0, 0.0     0, 0.0   0.373  43.1 103.2  -1.5 163.3  -18.1   53.1   14.0               
  500  500 A V        +     0   0  114      0, 0.0    -2,-0.0     0, 0.0     0, 0.0   0.605  36.9  73.6  92.4 133.5  -20.5   56.0   14.4               
  501  501 A K        -     0   0  195      0, 0.0     2,-0.2     0, 0.0     0, 0.0   0.890  40.3-169.8  76.4  97.7  -24.3   56.9   14.0               
  502  502 A K        +     0   0  170      2,-0.0     2,-0.2     0, 0.0     0, 0.0  -0.337  13.6 152.9  66.6  94.1  -27.0   56.0   15.8               
  503  503 A E        -     0   0  162     -2,-0.2     2,-0.2     2,-0.0     0, 0.0  -0.759  19.4-149.4-166.7 168.3  -30.6   56.2   15.6               
  504  504 A K        +     0   0  196     -2,-0.2     2,-0.1     2,-0.0    -2,-0.0  -0.744  17.4 159.4-103.0 161.6  -33.9   54.4   16.8               
  505  505 A L        -     0   0  160     -2,-0.2     2,-0.2     2,-0.0    -2,-0.0  -0.078  10.3-177.8 156.2 127.8  -37.5   53.8   15.5               
  506  506 A S        +     0   0  106     -2,-0.1     2,-0.1     0, 0.0    -2,-0.0  -0.519  11.6 168.5  75.7  90.8  -40.0   51.6   16.1               
  507  507 A S        -     0   0  110     -2,-0.2    -2,-0.0     0, 0.0     0, 0.0  -0.430  17.9-132.7 177.8 108.8  -43.5   51.5   14.3               
  508  508 A V        -     0   0  126     -2,-0.1     0, 0.0     1,-0.0     0, 0.0   0.695  24.7 -26.3  81.6 129.3  -46.2   49.3   14.1               
  509  509 A D        +     0   0  125      0, 0.0     2,-0.1     0, 0.0    -1,-0.0   0.507  17.7 172.6 -10.4 146.6  -48.9   47.2   12.2               
  510  510 A R        -     0   0  230      2,-0.0     0, 0.0     0, 0.0     0, 0.0  -0.321  15.5-159.4-169.5 142.3  -51.0   46.6    9.5               
  511  511 A H        +     0   0  156     -2,-0.1     2,-0.2     2,-0.0     0, 0.0   0.058  14.1 174.4 -35.3 154.4  -53.4   43.8    8.3               
  512  512 A H        +     0   0  193      2,-0.0     2,-0.3     0, 0.0    -2,-0.0  -0.627  11.5 167.3-156.6 163.1  -55.0   42.4    5.6               
  513  513 A S        -     0   0  100     -2,-0.2     2,-0.3     2,-0.0    -2,-0.0  -0.985  12.0-175.4-139.8 146.8  -57.1   39.2    5.3               
  514  514 A V        -     0   0  136     -2,-0.3     2,-0.3     2,-0.0    -2,-0.0  -0.927  10.6-167.5-141.7 125.3  -59.6   37.5    2.8               
  515  515 A E        -     0   0  129     -2,-0.3     2,-0.4     2,-0.0    -2,-0.0  -0.789   6.8-165.9 -92.5 152.1  -61.4   34.2    3.5               
  516  516 A I        +     0   0  156     -2,-0.3     2,-0.4     2,-0.0    -2,-0.0  -0.963  15.9 174.3-130.8 125.7  -63.3   32.1    1.0               
  517  517 A K        -     0   0  144     -2,-0.4     2,-0.4     0, 0.0    -2,-0.0  -0.997  10.7-167.2-125.5 132.7  -65.6   29.4    2.6               
  518  518 A I        -     0   0  151     -2,-0.4    -2,-0.0     1,-0.1     0, 0.0  -0.954  24.8-148.6-138.0 101.8  -68.1   27.0    0.8               
  519  519 A E        +     0   0  138     -2,-0.4    -1,-0.1     0, 0.0     0, 0.0   0.607  22.4 155.8  63.6 140.0  -70.5   25.2    2.5               
  520  520 A K        -     0   0  150      0, 0.0     0, 0.0     0, 0.0     0, 0.0   0.702  12.4  -4.6-167.2 149.6  -72.6   22.9    3.4               
  521  521 A T        -     0   0  126      2,-0.0     0, 0.0     0, 0.0     0, 0.0   0.300  24.2-109.3 157.8 133.4  -75.0   20.5    4.9               
  522  522 A V        +     0   0  128      2,-0.0     2,-0.2     0, 0.0     0, 0.0   0.461  27.8 143.3  32.0 112.3  -76.9   18.7    7.6               
  523  523 A I        +     0   0  169      0, 0.0     2,-0.3     0, 0.0    -2,-0.0  -0.565  24.1 157.0-150.3 139.6  -77.4   15.8    9.5               
  524  524 A K        +     0   0  199     -2,-0.2     2,-0.2     0, 0.0    -2,-0.0  -0.968  16.4 106.7-133.8 131.6  -78.4   16.0   13.2               
  525  525 A K        +     0   0  165     -2,-0.3     0, 0.0     1,-0.1     0, 0.0  -0.726  38.5   0.9 179.6 164.4  -80.2   13.6   15.6               
  526  526 A E        +     0   0  143     -2,-0.2    -1,-0.1     2,-0.0     2,-0.1   0.727  43.5  87.5  18.9 138.5  -80.1   11.1   18.5               
  527  527 A E        +     0   0  189      2,-0.0     2,-0.3     0, 0.0    -2,-0.1   0.180  30.3 143.9-139.5 177.6  -78.9    9.3   20.9               
  528  528 A K        +     0   0  185     -2,-0.1     2,-0.1     0, 0.0    -2,-0.0  -0.955  17.5 111.9-156.4 161.5  -78.4   10.1   24.6               
  529  529 A I        +     0   0  146     -2,-0.3    -2,-0.0     1,-0.0     0, 0.0   0.211  30.2  81.8  92.5 131.9  -78.6    8.2   28.1               
  530  530 A E        +     0   0  164     -2,-0.1     2,-0.1     1,-0.0    -1,-0.0   0.772  39.3 175.9-127.7 143.9  -76.8    7.1   30.5               
  531  531 A K        +     0   0  185      0, 0.0    -1,-0.0     0, 0.0     0, 0.0   0.330   6.0 139.2  50.0 138.1  -75.4    8.5   33.4               
  532  532 A K        +     0   0  137     -2,-0.1     0, 0.0     0, 0.0     0, 0.0   0.897  26.5  12.3-166.9 151.3  -73.8    8.3   36.3               
  533  533 A E        -     0   0  142      0, 0.0     0, 0.0     0, 0.0     0, 0.0   0.673  36.2-176.3-161.7 141.1  -71.5    9.2   38.9               
  534  534 A E        +     0   0  115      2,-0.1     0, 0.0     0, 0.0     0, 0.0   0.623  16.4 142.8  63.7 135.0  -69.4   11.6   40.2               
  535  535 A K        +     0   0  178      1,-0.2     0, 0.0     0, 0.0     0, 0.0   0.697  12.1 129.0-159.7 153.5  -67.3   13.3   42.0               
  536  536 A K        +     0   0  173      2,-0.0    -1,-0.2     0, 0.0    -2,-0.1  -0.238  15.7 157.1 -84.7-165.2  -64.5   15.9   42.5               
  537  537 A P        -     0   0   97      0, 0.0     0, 0.0     0, 0.0     0, 0.0   0.600  16.3-158.7-142.8-178.9  -63.3   18.5   44.1               
  538  538 A E        -     0   0  145      0, 0.0    -2,-0.0     0, 0.0     0, 0.0   0.534  22.7 -87.3  23.5 139.1  -61.0   21.1   45.6               
  539  539 A D        -     0   0  139      0, 0.0     0, 0.0     0, 0.0     0, 0.0   0.785  18.0-179.9 117.3 142.3  -60.3   23.7   48.0               
  540  540 A I        +     0   0  111      0, 0.0     0, 0.0     0, 0.0     0, 0.0   0.986  26.1  59.7  79.8 121.9  -59.7   26.5   50.5               
  541  541 A K        -     0   0  182      0, 0.0     0, 0.0     0, 0.0     0, 0.0   0.676  23.8 -62.2  72.4 149.8  -58.6   28.1   53.8               
  542  542 A K        +     0   0  158      0, 0.0     0, 0.0     0, 0.0     0, 0.0   0.840  23.0  66.9-171.4 170.8  -56.8   29.2   56.4               
  543  543 A E        +     0   0  150      0, 0.0     0, 0.0     0, 0.0     0, 0.0   0.610  29.2 104.0  67.1 145.4  -54.7   30.4   59.5               
  544  544 A E        -     0   0  147      2,-0.0     0, 0.0     0, 0.0     0, 0.0   0.931  34.5 -45.6-156.9 179.9  -51.8   30.6   61.1               
  545  545 A K        -     0   0  140      0, 0.0     0, 0.0     0, 0.0     0, 0.0   0.791  20.3-136.3-154.1 166.4  -48.9   31.9   62.4               
  546  546 A D        +     0   0  108      2,-0.0     2,-0.0     0, 0.0    -2,-0.0   0.102  26.1 123.7 -25.5 146.6  -45.6   34.0   62.4               
  547  547 A Q        +     0   0  187      0, 0.0     2,-0.1     0, 0.0     0, 0.0   0.283  14.8 178.3-155.5 159.8  -42.4   34.4   63.1               
  548  548 A D        +     0   0  151      2,-0.0     2,-0.2    -2,-0.0    -2,-0.0  -0.475  12.3 150.7 -73.2 157.4  -39.0   35.1   61.5               
  549  549 A E        -     0   0  195     -2,-0.1     2,-0.4     0, 0.0     0, 0.0  -0.646  24.0-131.5-177.2 176.0  -35.5   35.6   62.6               
  550  550 A L        +     0   0  146     -2,-0.2    -2,-0.0     2,-0.0     0, 0.0  -0.893  30.6   7.5-121.6 139.8  -31.9   35.2   61.5               
  551  551 A K        +     0   0  190     -2,-0.4     0, 0.0     2,-0.0     0, 0.0   0.298  35.1  62.3  69.0 174.8  -28.3   33.8   62.4               
  552  552 A P        -     0   0  123      0, 0.0    -2,-0.0     0, 0.0     0, 0.0   0.520  23.0-122.4-134.0 159.3  -25.8   32.3   63.7               
  553  553 A G        -     0   0   74      1,-0.1    -2,-0.0     2,-0.0     2,-0.0  -0.217  11.0-125.7  89.3-178.5  -23.4   29.5   65.0               
  554  554 A P        -     0   0  115      0, 0.0    -1,-0.1     0, 0.0     0, 0.0   0.374  34.8 -69.5-134.5 165.1  -21.7   28.0   67.1               
  555  555 A T        -     0   0  119      2,-0.0    -2,-0.0    -2,-0.0     0, 0.0   0.785  18.5-130.0  48.2 110.2  -18.2   26.6   67.5               
  556  556 A N        +     0   0  140      2,-0.0     0, 0.0     0, 0.0     0, 0.0   0.343  21.4 136.1  22.5 147.4  -15.4   24.6   67.0               
  557  557 A R        -     0   0  214      0, 0.0    -2,-0.0     0, 0.0     0, 0.0   0.799  14.3-151.0-166.9 154.4  -13.0   22.7   68.1               
  558  558 A S        +     0   0   84      0, 0.0    -2,-0.0     0, 0.0     0, 0.0   0.650   9.0 145.0  24.9 145.1  -10.5   19.9   68.6               
  559  559 A R        -     0   0  220      0, 0.0     0, 0.0     0, 0.0     0, 0.0   0.558  22.0 -16.4 177.7 171.7   -8.4   17.7   70.0               
  560  560 A V        -     0   0  111      0, 0.0     0, 0.0     0, 0.0     0, 0.0   0.915  47.2 -33.0  90.6 110.9   -6.2   14.6   71.1               
  561  561 A T        +     0   0  116      0, 0.0     0, 0.0     0, 0.0     0, 0.0   0.963  42.0  63.5  63.4 133.9   -5.7   10.8   70.8               
  562  562 A K        -     0   0  195      0, 0.0     0, 0.0     0, 0.0     0, 0.0   0.867  25.0 -58.7  62.3 145.2   -6.5    7.1   70.4               
  563  563 A S        +     0   0  112      2,-0.0     0, 0.0     0, 0.0     0, 0.0   0.604  34.6  72.5-176.7 152.8   -7.5    4.3   69.3               
  564  564 A G        +     0   0   73      0, 0.0     2,-0.1     0, 0.0     0, 0.0   0.853  33.7 172.1  96.5  78.1   -8.9    1.0   67.9               
  565  565 A S        +     0   0  108      0, 0.0     2,-0.1     0, 0.0    -2,-0.0   0.041  20.5 174.7  64.8 106.8   -9.8    0.4   64.8               
  566  566 A R        -     0   0  234     -2,-0.1     2,-0.1     0, 0.0     0, 0.0  -0.274  15.0-171.0-161.0 119.4  -10.8   -2.3   62.6               
  567  567 A G        -     0   0   56     -2,-0.1     2,-2.0     1,-0.1     0, 0.0  -0.246  50.4 -83.9 -72.0 175.6  -11.9   -1.6   59.1               
  568  568 A M        -     0   0  164      2,-0.1     2,-0.7    -2,-0.1    -1,-0.1  -0.377  61.2-177.7 -75.4  56.6  -13.5   -4.2   56.7               
  569  569 A E        -     0   0  150     -2,-2.0     2,-1.9     1,-0.1    -1,-0.0  -0.508  20.8-149.4 -65.0 105.5  -10.0   -5.4   55.8               
  570  570 A R        -     0   0  211     -2,-0.7     2,-0.6     2,-0.0    -1,-0.1  -0.598  20.6-166.9 -72.8  78.2  -10.4   -8.2   53.2               
  571  571 A T        -     0   0  110     -2,-1.9     2,-1.1     1,-0.1    -2,-0.0  -0.647  15.9-142.4 -72.6 117.1   -7.3  -10.1   54.3               
  572  572 A V        -     0   0  114     -2,-0.6     2,-0.8    11,-0.1    11,-0.1  -0.731  20.5-161.2 -75.9  99.5   -6.4  -12.8   51.6               
  573  573 A V        -     0   0  107     -2,-1.1     2,-0.8     9,-0.3     9,-0.3  -0.828  10.9-139.8 -87.6 111.7   -5.3  -15.6   54.0               
  574  574 A M        -     0   0  150     -2,-0.8     2,-1.1     7,-0.1     5,-0.1  -0.635   8.6-149.1 -67.1 105.7   -3.2  -18.1   52.0               
  575  575 A D    >   -     0   0   90     -2,-0.8     3,-1.8     5,-0.3     5,-0.2  -0.714   6.6-157.3 -74.4 102.9   -4.2  -21.5   53.4               
  576  576 A K  T 3  S+     0   0  211     -2,-1.1    -1,-0.1     1,-0.3     3,-0.1   0.468  87.6  57.7 -65.6  -2.6   -0.8  -23.3   52.9               
  577  577 A S  T 3  S+     0   0   90      1,-0.2     2,-0.3     0, 0.0    -1,-0.3   0.524 110.1  38.7-100.0 -13.2   -2.7  -26.7   52.8               
  578  578 A K  S <  S-     0   0  153     -3,-1.8     2,-1.1     2,-0.1    -3,-0.3  -0.950  74.7-135.4-147.9 121.1   -5.1  -25.9   49.8               
  579  579 A G  S    S+     0   0   90     -2,-0.3    -3,-0.1    -3,-0.1    -5,-0.0   0.077  73.2  94.8 -70.0  24.1   -4.2  -24.0   46.6               
  580  580 A E  S    S-     0   0  150     -2,-1.1     2,-1.3    -5,-0.2    -5,-0.3  -0.956  74.0-125.5-122.9 135.2   -7.4  -21.8   46.5               
  581  581 A P        -     0   0   97      0, 0.0     2,-0.6     0, 0.0    -7,-0.1  -0.554  30.5-161.6 -80.5  92.4   -8.0  -18.2   47.8               
  582  582 A V        -     0   0  111     -2,-1.3     2,-1.5    -9,-0.3    -9,-0.3  -0.607  10.5-147.0 -81.2 114.9  -11.1  -18.6   50.1               
  583  583 A I        -     0   0  148     -2,-0.6     2,-0.7   -11,-0.1    -1,-0.1  -0.554  21.9-171.9 -80.2  85.1  -12.9  -15.3   50.9               
  584  584 A S        -     0   0   97     -2,-1.5     2,-0.7   -11,-0.1   -11,-0.0  -0.707  12.5-156.3 -84.6 113.4  -14.2  -16.0   54.4               
  585  585 A V        -     0   0  134     -2,-0.7     2,-0.6   -15,-0.1   -15,-0.0  -0.780  17.0-175.2 -86.0 113.7  -16.6  -13.3   55.8               
  586  586 A K        -     0   0  178     -2,-0.7     2,-0.5     2,-0.0    -2,-0.0  -0.847  12.6-158.6-123.5  95.7  -16.4  -13.7   59.6               
  587  587 A T        -     0   0  132     -2,-0.6     2,-0.7     1,-0.1    -2,-0.0  -0.603   8.7-160.9 -74.2 119.5  -18.7  -11.5   61.8               
  588  588 A T        +     0   0  118     -2,-0.5     2,-0.7     2,-0.0    -1,-0.1  -0.690  17.4 169.7-111.7  82.5  -17.3  -11.2   65.4               
  589  589 A S        -     0   0  124     -2,-0.7     2,-0.3     0, 0.0    -2,-0.0  -0.815  24.1-159.8 -85.3 113.3  -19.9  -10.1   68.0               
  590  590 A R        +     0   0  231     -2,-0.7    -2,-0.0     1,-0.0     0, 0.0  -0.721  28.4  59.7 -97.4 154.3  -18.2  -10.5   71.4               
  591  591 A S        -     0   0  113     -2,-0.3     2,-0.2     1,-0.1    -1,-0.0   0.767  32.0-158.8  67.3 129.4  -19.5  -10.9   75.1               
  592  592 A K        -     0   0  197      0, 0.0     2,-0.5     0, 0.0    -1,-0.1  -0.874  13.5-176.5  84.4  56.4  -21.2  -12.4   77.4               
  593  593 A E        -     0   0  191     -2,-0.2     2,-0.0     2,-0.0     0, 0.0  -0.952  20.9-143.4-120.2 115.4  -22.3  -10.7   80.6               
  594  594 A R        +     0   0  248     -2,-0.5     2,-0.2     0, 0.0     0, 0.0  -0.214  27.6 148.9 -30.8 137.4  -24.1  -12.7   83.3               
  595  595 A S        -     0   0  115     -2,-0.0    -2,-0.0     0, 0.0     0, 0.0  -0.665  22.6-124.2-167.7 169.4  -26.7  -12.4   85.6               
  596  596 A S        +     0   0   98     -2,-0.2     0, 0.0     1,-0.1     0, 0.0  -0.054  32.1 128.7 -65.1 171.8  -29.5  -14.3   87.5               
  597  597 A K        -     0   0  181      0, 0.0    -1,-0.1     0, 0.0     0, 0.0   0.514  26.5-146.6-164.5 127.6  -32.4  -15.2   88.5               
  598  598 A S        +     0   0   81      0, 0.0    -2,-0.0     0, 0.0     0, 0.0   0.681  20.1 111.0  25.9 137.4  -34.7  -18.3   88.7               
  599  599 A Q        +     0   0  166      0, 0.0     0, 0.0     0, 0.0     0, 0.0   0.617  22.5  14.6  73.9 151.0  -38.2  -19.7   88.6               
  600  600 A D        -     0   0  125      0, 0.0     2,-0.3     0, 0.0     0, 0.0   0.682  25.5-144.7-140.2 176.5  -41.0  -21.0   88.2               
  601  601 A R        +     0   0  227      2,-0.0     2,-0.2     0, 0.0     0, 0.0  -0.532  27.7 136.8 -75.7 136.7  -43.0  -23.6   86.1               
  602  602 A K        -     0   0  212     -2,-0.3     2,-0.4     2,-0.0     0, 0.0  -0.616  18.8-174.5-161.8 134.8  -46.4  -24.0   84.8               
  603  603 A S        +     0   0  122     -2,-0.2     2,-0.3     2,-0.0    -2,-0.0  -0.900   8.0 168.0-100.4 137.9  -47.5  -25.2   81.3               
  604  604 A E        -     0   0  170     -2,-0.4     2,-0.4     2,-0.0    -2,-0.0  -0.923  22.1-143.3-145.9 135.3  -51.0  -25.3   80.0               
  605  605 A S        +     0   0  104     -2,-0.3     2,-0.1     2,-0.0    -2,-0.0  -0.747  27.6 157.5 -93.3 131.8  -51.9  -26.0   76.3               
  606  606 A K        -     0   0  175     -2,-0.4    -2,-0.0     2,-0.1    -1,-0.0  -0.534  33.9-136.5-152.5  94.6  -54.6  -24.5   74.2               
  607  607 A E        +     0   0  145     -2,-0.1     2,-0.4     1,-0.0    -2,-0.0  -0.085  22.7 178.2 -19.4 106.8  -54.2  -24.6   70.4               
  608  608 A K        -     0   0  191      2,-0.0     2,-0.6     3,-0.0    -2,-0.1  -0.993  25.5-139.3-118.9 120.8  -55.1  -21.3   68.6               
  609  609 A R        -     0   0  203     -2,-0.4     2,-0.9     1,-0.1    -2,-0.0  -0.745  24.4-121.5 -79.4 114.0  -54.4  -21.7   64.9               
  610  610 A D        -     0   0  157     -2,-0.6     2,-0.6     1,-0.1    -1,-0.1  -0.446  21.4-152.9 -64.9  99.8  -52.9  -18.3   63.8               
  611  611 A I        -     0   0  164     -2,-0.9     2,-0.1     1,-0.1     3,-0.1  -0.647  26.3-118.2 -68.0 115.0  -55.2  -17.0   61.1               
  612  612 A L        -     0   0   87     -2,-0.6    -1,-0.1     1,-0.1     5,-0.1  -0.402  32.7-113.0 -56.1 126.2  -52.9  -14.7   59.0               
  613  613 A S     >  -     0   0   55     -2,-0.1     4,-2.3     1,-0.1     3,-0.3  -0.242  23.7-110.0 -60.4 151.8  -54.2  -11.2   59.1               
  614  614 A F  H  > S+     0   0  180      1,-0.2     4,-2.4     2,-0.2     5,-0.1   0.852 120.8  55.2 -54.2 -34.5  -55.6   -9.6   55.9               
  615  615 A D  H  > S+     0   0  117      2,-0.2     4,-3.1     1,-0.2     5,-0.2   0.928 107.1  48.3 -65.6 -43.4  -52.6   -7.3   55.8               
  616  616 A K  H  > S+     0   0  121     -3,-0.3     4,-2.6     1,-0.2    -2,-0.2   0.913 114.2  47.3 -61.2 -40.7  -50.1  -10.3   56.0               
  617  617 A I  H  X S+     0   0   54     -4,-2.3     4,-1.9     2,-0.2    -2,-0.2   0.870 115.1  45.7 -67.4 -38.7  -52.2  -12.0   53.2               
  618  618 A K  H  X S+     0   0  145     -4,-2.4     4,-1.7    -5,-0.2    -2,-0.2   0.928 114.8  47.0 -68.4 -46.0  -52.1   -8.7   51.1               
  619  619 A E  H  X S+     0   0   93     -4,-3.1     4,-3.0     2,-0.2     5,-0.2   0.899 111.2  51.8 -63.6 -42.0  -48.4   -8.2   51.8               
  620  620 A Q  H  X S+     0   0  105     -4,-2.6     4,-1.5    -5,-0.2    -2,-0.2   0.923 111.2  47.7 -61.4 -42.8  -47.7  -11.8   50.8               
  621  621 A R  H  X S+     0   0  155     -4,-1.9     4,-2.1     2,-0.2    -2,-0.2   0.766 112.1  49.7 -70.5 -27.0  -49.6  -11.3   47.5               
  622  622 A E  H  X S+     0   0   65     -4,-1.7     4,-2.3     2,-0.2    -2,-0.2   0.942 110.4  49.4 -73.6 -45.1  -47.7   -8.1   46.8               
  623  623 A R  H  X S+     0   0  123     -4,-3.0     4,-2.2     2,-0.2    -2,-0.2   0.790 112.3  50.5 -58.9 -31.1  -44.3   -9.9   47.5               
  624  624 A E  H  X S+     0   0   90     -4,-1.5     4,-1.3    -5,-0.2    -2,-0.2   0.962 110.5  46.2 -71.4 -48.9  -45.6  -12.6   45.1               
  625  625 A R  H  X S+     0   0  109     -4,-2.1     4,-2.1     2,-0.2    -2,-0.2   0.770 113.4  51.9 -63.3 -28.3  -46.5  -10.0   42.4               
  626  626 A Q  H  X S+     0   0  104     -4,-2.3     4,-2.9     2,-0.2     5,-0.2   0.971 109.7  47.5 -67.2 -52.7  -43.1   -8.4   43.0               
  627  627 A R  H  < S+     0   0  127     -4,-2.2     4,-0.4     2,-0.2    -2,-0.2   0.617 113.3  50.7 -64.9 -17.1  -41.3  -11.9   42.6               
  628  628 A Q  H >X S+     0   0  102     -4,-1.3     4,-2.5     2,-0.1     3,-1.0   0.926 112.5  43.6 -77.6 -56.2  -43.4  -12.3   39.4               
  629  629 A R  H 3X S+     0   0  114     -4,-2.1     4,-2.7     1,-0.3    -2,-0.2   0.862 111.7  55.6 -54.4 -39.6  -42.4   -8.9   37.9               
  630  630 A E  H 3X S+     0   0   89     -4,-2.9     4,-1.4     2,-0.2    -1,-0.3   0.792 110.8  44.4 -67.0 -28.7  -38.8   -9.5   39.0               
  631  631 A R  H <> S+     0   0  157     -3,-1.0     4,-1.3    -4,-0.4    -2,-0.2   0.916 113.2  50.2 -77.8 -43.9  -38.8  -12.8   36.9               
  632  632 A E  H  X S+     0   0  123     -4,-2.5     4,-2.9     2,-0.2     5,-0.2   0.882 109.9  51.7 -60.7 -39.7  -40.5  -11.2   33.9               
  633  633 A I  H  X S+     0   0  107     -4,-2.7     4,-2.7     1,-0.2    -1,-0.2   0.970 111.5  46.0 -61.9 -51.0  -37.9   -8.3   34.0               
  634  634 A R  H  X S+     0   0  125     -4,-1.4     4,-1.4     2,-0.2    -1,-0.2   0.681 115.3  48.6 -67.1 -19.8  -35.0  -10.9   34.0               
  635  635 A E  H  X S+     0   0  119     -4,-1.3     4,-0.9     2,-0.2    -2,-0.2   0.895 113.0  44.5 -84.0 -43.5  -36.8  -12.8   31.2               
  636  636 A T  H  X S+     0   0   54     -4,-2.9     4,-2.7     2,-0.2    -2,-0.2   0.862 114.2  52.8 -66.9 -32.8  -37.4   -9.7   29.0               
  637  637 A E  H  X S+     0   0  111     -4,-2.7     4,-2.9    -5,-0.2     5,-0.2   0.984 109.3  46.7 -62.1 -55.9  -33.8   -8.7   29.8               
  638  638 A R  H  X S+     0   0  140     -4,-1.4     4,-0.7     1,-0.2    -1,-0.2   0.635 113.5  52.0 -62.8 -16.9  -32.4  -12.1   28.6               
  639  639 A R  H  X S+     0   0  155     -4,-0.9     4,-2.6     2,-0.2    -2,-0.2   0.917 110.9  44.7 -78.7 -51.5  -34.7  -11.7   25.5               
  640  640 A R  H  X S+     0   0  163     -4,-2.7     4,-2.0     1,-0.2    -2,-0.2   0.891 111.7  54.2 -56.5 -42.7  -33.3   -8.2   24.7               
  641  641 A E  H  X S+     0   0   81     -4,-2.9     4,-2.4     2,-0.2    -1,-0.2   0.868 111.1  45.0 -63.2 -38.0  -29.7   -9.4   25.3               
  642  642 A R  H  X S+     0   0  157     -4,-0.7     4,-2.4    -5,-0.2    -2,-0.2   0.936 112.8  50.4 -69.0 -44.5  -30.3  -12.3   22.7               
  643  643 A E  H  X S+     0   0   57     -4,-2.6     4,-1.3     2,-0.2    -2,-0.2   0.772 111.8  50.1 -64.3 -27.5  -31.9   -9.8   20.3               
  644  644 A Q  H  X S+     0   0  108     -4,-2.0     4,-2.7    -5,-0.2     3,-0.3   0.972 110.6  47.1 -71.6 -54.3  -28.9   -7.5   20.7               
  645  645 A R  H  X S+     0   0  119     -4,-2.4     4,-2.8     1,-0.2    -2,-0.2   0.858 112.8  50.9 -54.7 -39.3  -26.3  -10.3   20.1               
  646  646 A E  H  X S+     0   0   89     -4,-2.4     4,-2.1     2,-0.2    -1,-0.2   0.889 110.9  47.4 -68.4 -38.0  -28.3  -11.4   17.0               
  647  647 A R  H  X S+     0   0  150     -4,-1.3     4,-2.0    -3,-0.3    -2,-0.2   0.914 113.3  49.5 -65.9 -41.2  -28.4   -7.8   15.7               
  648  648 A E  H  X S+     0   0  117     -4,-2.7     4,-3.0     2,-0.2     3,-0.3   0.964 112.3  46.6 -61.8 -50.8  -24.6   -7.5   16.3               
  649  649 A Q  H  X S+     0   0  128     -4,-2.8     4,-2.7     1,-0.2    -2,-0.2   0.860 112.0  51.7 -59.7 -38.4  -23.9  -10.8   14.5               
  650  650 A R  H  X S+     0   0  166     -4,-2.1     4,-1.1     2,-0.2    -1,-0.2   0.868 113.3  44.6 -66.8 -36.7  -26.1   -9.7   11.6               
  651  651 A L  H  X S+     0   0  108     -4,-2.0     4,-2.5    -3,-0.3    -2,-0.2   0.924 114.2  48.9 -71.1 -45.2  -24.2   -6.4   11.3               
  652  652 A E  H  X S+     0   0  138     -4,-3.0     4,-3.2     1,-0.2     5,-0.2   0.955 111.6  49.2 -59.5 -48.5  -20.8   -8.2   11.7               
  653  653 A A  H  X S+     0   0   38     -4,-2.7     4,-1.9     1,-0.2    -1,-0.2   0.798 110.8  51.5 -62.5 -29.6  -21.8  -10.7    8.9               
  654  654 A F  H  X S+     0   0  132     -4,-1.1     4,-1.9     2,-0.2    -2,-0.2   0.924 112.9  44.3 -71.5 -43.3  -22.9   -7.8    6.7               
  655  655 A H  H  X S+     0   0  117     -4,-2.5     4,-2.6     2,-0.2    -2,-0.2   0.938 113.2  51.3 -62.9 -45.2  -19.5   -6.1    7.2               
  656  656 A E  H  X S+     0   0   98     -4,-3.2     4,-2.8     1,-0.2     5,-0.2   0.916 110.7  48.5 -61.2 -43.0  -17.7   -9.4    6.6               
  657  657 A R  H  X S+     0   0  183     -4,-1.9     4,-2.2    -5,-0.2    -1,-0.2   0.885 111.8  50.3 -61.6 -39.6  -19.6  -10.0    3.4               
  658  658 A K  H  X S+     0   0  134     -4,-1.9     4,-1.4     2,-0.2    -2,-0.2   0.906 112.9  45.2 -67.6 -41.5  -18.8   -6.3    2.3               
  659  659 A E  H  X S+     0   0   82     -4,-2.6     4,-2.7     2,-0.2     3,-0.3   0.944 112.4  51.3 -66.7 -46.1  -15.0   -6.9    3.0               
  660  660 A K  H  X S+     0   0  104     -4,-2.8     4,-2.2     1,-0.2    -2,-0.2   0.910 110.1  50.6 -55.7 -42.8  -15.0  -10.3    1.2               
  661  661 A A  H  X S+     0   0   37     -4,-2.2     4,-1.2     2,-0.2    -1,-0.2   0.799 110.8  48.7 -68.2 -29.8  -16.7   -8.6   -1.8               
  662  662 A R  H  X S+     0   0  120     -4,-1.4     4,-2.3    -3,-0.3     3,-0.3   0.966 112.0  48.2 -68.4 -50.9  -14.0   -5.8   -1.8               
  663  663 A L  H  X S+     0   0   93     -4,-2.7     4,-2.6     1,-0.2    -2,-0.2   0.823 108.1  55.4 -61.9 -34.4  -11.1   -8.4   -1.6               
  664  664 A Q  H  X S+     0   0  131     -4,-2.2     4,-2.1    -5,-0.2    -1,-0.2   0.912 110.3  45.2 -63.2 -42.0  -12.7  -10.5   -4.4               
  665  665 A R  H  X S+     0   0  187     -4,-1.2     4,-2.3    -3,-0.3    -2,-0.2   0.912 113.2  50.3 -67.1 -42.4  -12.7   -7.4   -6.7               
  666  666 A E  H  X S+     0   0   93     -4,-2.3     4,-2.4     2,-0.2    -2,-0.2   0.923 110.9  49.5 -62.1 -43.6   -9.1   -6.5   -5.7               
  667  667 A R  H  X S+     0   0  187     -4,-2.6     4,-2.2     2,-0.2    -2,-0.2   0.921 111.8  47.8 -60.2 -46.7   -8.0  -10.1   -6.4               
  668  668 A L  H  X S+     0   0   98     -4,-2.1     4,-2.5     2,-0.2    -2,-0.2   0.866 111.3  51.4 -64.0 -36.9   -9.7  -10.0   -9.9               
  669  669 A Q  H  X S+     0   0  137     -4,-2.3     4,-2.3     2,-0.2    -2,-0.2   0.931 111.7  46.1 -64.6 -45.4   -8.0   -6.6  -10.6               
  670  670 A L  H  X S+     0   0  100     -4,-2.4     4,-2.5     2,-0.2    -2,-0.2   0.858 112.1  52.2 -65.1 -36.2   -4.5   -8.0   -9.7               
  671  671 A E  H  X S+     0   0   95     -4,-2.2     4,-2.6     2,-0.2    -2,-0.2   0.946 111.2  46.1 -66.1 -45.0   -5.2  -11.2  -11.8               
  672  672 A C  H  X S+     0   0   63     -4,-2.5     4,-2.0     2,-0.2    -2,-0.2   0.898 113.5  50.0 -62.2 -40.8   -6.1   -9.0  -14.8               
  673  673 A Q  H  X S+     0   0  110     -4,-2.3     4,-2.4     2,-0.2    -2,-0.2   0.910 110.8  49.6 -65.3 -41.2   -3.0   -6.9  -14.2               
  674  674 A R  H  X S+     0   0  158     -4,-2.5     4,-2.4     2,-0.2    -2,-0.2   0.956 109.9  50.0 -60.4 -51.2   -0.8  -10.0  -14.0               
  675  675 A Q  H  X S+     0   0   87     -4,-2.6     4,-1.9     1,-0.2    -2,-0.2   0.853 111.2  50.6 -58.9 -36.1   -2.3  -11.4  -17.3               
  676  676 A R  H  X S+     0   0  162     -4,-2.0     4,-2.7     2,-0.2    -1,-0.2   0.960 112.3  44.9 -62.6 -51.7   -1.5   -8.0  -18.9               
  677  677 A L  H  X S+     0   0   96     -4,-2.4     4,-1.9     1,-0.2    -2,-0.2   0.813 110.6  55.5 -63.3 -31.5    2.1   -8.0  -17.7               
  678  678 A E  H  X S+     0   0   92     -4,-2.4     4,-2.0     2,-0.2    -1,-0.2   0.901 111.0  44.4 -69.0 -38.1    2.4  -11.7  -18.8               
  679  679 A R  H  X S+     0   0  174     -4,-1.9     4,-2.6     2,-0.2    -2,-0.2   0.960 112.8  50.2 -66.8 -50.3    1.4  -10.6  -22.3               
  680  680 A E  H  X S+     0   0   65     -4,-2.7     4,-2.1     1,-0.2    -2,-0.2   0.830 111.7  50.8 -59.5 -33.0    3.7   -7.5  -22.4               
  681  681 A R  H  X S+     0   0  173     -4,-1.9     4,-2.5    -5,-0.2    -1,-0.2   0.949 111.1  45.9 -65.8 -51.5    6.5   -9.9  -21.2               
  682  682 A M  H  X S+     0   0  116     -4,-2.0     4,-1.2     2,-0.2    -2,-0.2   0.858 112.7  52.0 -62.3 -35.6    5.9  -12.5  -24.0               
  683  683 A E  H  X S+     0   0  119     -4,-2.6     4,-2.8     2,-0.2     3,-0.3   0.937 110.5  47.2 -66.3 -45.0    5.6   -9.6  -26.5               
  684  684 A R  H  X S+     0   0  193     -4,-2.1     4,-2.6     1,-0.2    -2,-0.2   0.926 110.2  53.2 -58.6 -44.0    9.0   -8.2  -25.4               
  685  685 A E  H  X S+     0   0   59     -4,-2.5     4,-1.0     2,-0.2    -1,-0.2   0.738 112.3  45.8 -67.1 -23.9   10.5  -11.7  -25.6               
  686  686 A R  H  X S+     0   0  176     -4,-1.2     4,-2.2    -3,-0.3    -2,-0.2   0.933 113.3  47.5 -75.4 -52.7    9.2  -11.9  -29.2               
  687  687 A L  H  X S+     0   0   96     -4,-2.8     4,-2.9     1,-0.2    -2,-0.2   0.806 110.1  54.3 -61.9 -31.2   10.5   -8.4  -30.1               
  688  688 A E  H  X S+     0   0  123     -4,-2.6     4,-2.6     2,-0.2    -1,-0.2   0.932 109.4  46.4 -69.1 -43.5   13.9   -9.2  -28.5               
  689  689 A R  H  X S+     0   0  155     -4,-1.0     4,-1.4     2,-0.2    -2,-0.2   0.896 115.2  48.0 -61.5 -40.3   14.2  -12.4  -30.7               
  690  690 A E  H  X S+     0   0   99     -4,-2.2     4,-2.8     2,-0.2     3,-0.3   0.948 111.8  48.6 -67.7 -45.2   13.2  -10.3  -33.7               
  691  691 A R  H  X S+     0   0  179     -4,-2.9     4,-3.1     1,-0.2     5,-0.3   0.903 109.3  53.3 -57.8 -44.2   15.7   -7.5  -32.8               
  692  692 A M  H  X S+     0   0  131     -4,-2.6     4,-1.1     2,-0.2    -1,-0.2   0.804 111.3  46.8 -65.4 -28.7   18.4  -10.2  -32.4               
  693  693 A R  H  X S+     0   0  161     -4,-1.4     4,-1.9    -3,-0.3    -2,-0.2   0.953 113.7  47.0 -70.4 -51.4   17.6  -11.4  -36.0               
  694  694 A V  H  X S+     0   0   85     -4,-2.8     4,-3.3     1,-0.2    -2,-0.2   0.902 112.7  48.7 -61.2 -42.9   17.5   -7.8  -37.4               
  695  695 A E  H  X S+     0   0   72     -4,-3.1     4,-2.6     1,-0.2    -1,-0.2   0.877 111.3  51.1 -66.7 -33.5   20.9   -6.9  -35.8               
  696  696 A R  H  X S+     0   0  179     -4,-1.1     4,-1.4    -5,-0.3    -1,-0.2   0.828 113.5  44.8 -70.0 -32.4   22.4  -10.2  -37.1               
  697  697 A E  H  X S+     0   0   84     -4,-1.9     4,-2.1     2,-0.2    -2,-0.2   0.938 113.7  49.7 -74.0 -44.8   21.1   -9.3  -40.6               
  698  698 A R  H  X S+     0   0  136     -4,-3.3     4,-2.6     1,-0.2    -2,-0.2   0.892 110.5  51.1 -57.5 -43.5   22.4   -5.6  -40.2               
  699  699 A R  H  X S+     0   0  158     -4,-2.6     4,-2.5     2,-0.2    -1,-0.2   0.898 108.7  50.5 -63.3 -42.3   25.8   -7.0  -39.1               
  700  700 A K  H  X S+     0   0  125     -4,-1.4     4,-1.7     2,-0.2    -2,-0.2   0.887 111.4  49.0 -60.7 -39.2   26.0   -9.3  -42.1               
  701  701 A E  H  X S+     0   0   78     -4,-2.1     4,-3.1     2,-0.2     5,-0.2   0.909 110.7  49.1 -71.5 -37.8   25.2   -6.3  -44.4               
  702  702 A Q  H  X S+     0   0  103     -4,-2.6     4,-2.4     2,-0.2    -2,-0.2   0.921 111.8  49.8 -61.3 -42.3   27.9   -4.2  -42.6               
  703  703 A E  H  X S+     0   0   74     -4,-2.5     4,-1.4     2,-0.2    -2,-0.2   0.826 113.5  47.4 -65.3 -30.9   30.4   -7.2  -43.1               
  704  704 A R  H  X S+     0   0  138     -4,-1.7     4,-2.6     2,-0.2    -2,-0.2   0.963 112.1  47.2 -70.8 -53.5   29.2   -7.2  -46.9               
  705  705 A I  H  X S+     0   0   96     -4,-3.1     4,-2.6     1,-0.2    -2,-0.2   0.854 110.7  54.2 -59.0 -37.3   29.6   -3.3  -47.3               
  706  706 A H  H  X S+     0   0  113     -4,-2.4     4,-1.5    -5,-0.2    -1,-0.2   0.933 110.3  45.5 -62.4 -45.2   33.1   -3.6  -45.7               
  707  707 A R  H  X S+     0   0  151     -4,-1.4     4,-2.7     2,-0.2     3,-0.4   0.954 113.5  49.2 -62.9 -47.1   34.2   -6.3  -48.2               
  708  708 A E  H  X S+     0   0   92     -4,-2.6     4,-2.8     1,-0.2     5,-0.2   0.914 112.3  48.4 -59.6 -42.2   32.8   -4.3  -51.2               
  709  709 A R  H  X S+     0   0  188     -4,-2.6     4,-1.1     2,-0.2    -1,-0.2   0.781 113.1  48.3 -67.4 -28.7   34.6   -1.2  -49.9               
  710  710 A E  H  X S+     0   0   60     -4,-1.5     4,-2.2    -3,-0.4    -2,-0.2   0.839 111.9  48.8 -79.0 -35.1   37.9   -3.2  -49.5               
  711  711 A E  H  X S+     0   0  107     -4,-2.7     4,-2.5     2,-0.2    -2,-0.2   0.936 110.4  50.7 -68.2 -44.9   37.4   -4.7  -53.0               
  712  712 A L  H  X S+     0   0   99     -4,-2.8     4,-2.4     2,-0.2    -2,-0.2   0.880 109.5  52.3 -59.4 -37.3   36.9   -1.2  -54.5               
  713  713 A R  H  X S+     0   0  135     -4,-1.1     4,-2.6     2,-0.2    -2,-0.2   0.953 109.1  48.8 -62.8 -47.0   40.1   -0.1  -52.6               
  714  714 A R  H  X S+     0   0  120     -4,-2.2     4,-2.4     2,-0.2    -2,-0.2   0.873 111.0  50.8 -59.6 -39.5   42.0   -3.1  -54.2               
  715  715 A Q  H  X S+     0   0  103     -4,-2.5     4,-2.8     2,-0.2    -1,-0.2   0.922 111.2  47.5 -64.4 -43.0   40.6   -2.0  -57.7               
  716  716 A Q  H  X S+     0   0  148     -4,-2.4     4,-1.7     2,-0.2    -2,-0.2   0.900 112.8  49.3 -65.2 -38.7   41.7    1.6  -57.1               
  717  717 A E  H  X S+     0   0  111     -4,-2.6     4,-2.4     2,-0.2    -2,-0.2   0.901 112.6  48.3 -65.0 -40.3   45.2    0.3  -56.0               
  718  718 A Q  H  X S+     0   0  123     -4,-2.4     4,-2.5     2,-0.2    -2,-0.2   0.952 110.2  50.1 -64.4 -48.8   45.3   -1.9  -59.2               
  719  719 A L  H  X S+     0   0  103     -4,-2.8     4,-1.5     1,-0.2    -1,-0.2   0.824 112.3  49.2 -60.9 -32.8   44.3    1.0  -61.5               
  720  720 A R  H  X S+     0   0  160     -4,-1.7     4,-2.5    -5,-0.2    -1,-0.2   0.941 109.9  50.0 -67.6 -48.2   47.1    3.1  -59.8               
  721  721 A Y  H  X S+     0   0  133     -4,-2.4     4,-0.6     1,-0.2    -2,-0.2   0.858 110.1  51.3 -60.8 -36.2   49.6    0.3  -60.3               
  722  722 A E  H >< S+     0   0  115     -4,-2.5     3,-0.5     2,-0.2    -1,-0.2   0.889 110.1  48.8 -67.4 -39.3   48.7    0.0  -64.0               
  723  723 A Q  H >< S+     0   0  134     -4,-1.5     3,-1.6     1,-0.2    -2,-0.2   0.944 107.4  54.9 -63.6 -45.5   49.1    3.8  -64.5               
  724  724 A E  H 3< S+     0   0  125     -4,-2.5    -1,-0.2     1,-0.3    -2,-0.2   0.639 105.5  56.5 -63.3 -13.8   52.6    3.7  -62.8               
  725  725 A R  T << S+     0   0  171     -4,-0.6    -1,-0.3    -3,-0.5    -2,-0.2   0.374  74.5 113.4-101.3   3.6   53.6    1.0  -65.4               
  726  726 A R    <   -     0   0  190     -3,-1.6     2,-0.6    -4,-0.2    -3,-0.0  -0.672  65.4-131.8 -80.9 120.6   52.9    2.9  -68.7               
  727  727 A P        -     0   0  122      0, 0.0     2,-0.2     0, 0.0    -2,-0.1  -0.584  18.6-153.0 -82.4 114.2   56.3    3.6  -70.5               
  728  728 A G        -     0   0   81     -2,-0.6     2,-0.3     1,-0.0     0, 0.0  -0.538   4.6-148.0 -78.5 144.8   56.8    7.2  -71.8               
  729  729 A R        -     0   0  245     -2,-0.2    -1,-0.0     0, 0.0     0, 0.0  -0.860   5.1-145.1-107.4 150.1   59.0    8.2  -74.8               
  730  730 A R        -     0   0  241     -2,-0.3     2,-0.1     0, 0.0     0, 0.0  -0.942   5.0-148.7-108.1 136.4   61.0   11.4  -75.4               
  731  731 A P        -     0   0  128      0, 0.0     2,-0.2     0, 0.0     0, 0.0  -0.285  25.7-133.0 -79.9-179.2   61.7   13.2  -78.7               
  732  732 A Y        +     0   0  211     -2,-0.1     0, 0.0     1,-0.1     0, 0.0  -0.804  28.7  55.9-131.0 165.4   64.9   15.2  -79.4               
  733  733 A D        -     0   0  125     -2,-0.2    -1,-0.1     0, 0.0     0, 0.0   0.947  32.2 -18.7  84.3 127.3   66.9   18.2  -80.5               
  734  734 A L        +     0   0  140      2,-0.0    -2,-0.0     0, 0.0     0, 0.0   0.905  36.3  52.1  79.7 142.3   68.2   21.7  -81.1               
  735  735 A D        +     0   0  143      1,-0.1     2,-0.2     0, 0.0     0, 0.0   0.862  38.6 106.1  59.3  87.9   68.7   25.5  -81.2               
  736  736 A R        +     0   0  253      0, 0.0     2,-0.3     0, 0.0    -1,-0.1  -0.744  35.2 165.9-148.0 140.9   68.7   28.4  -79.2               
  737  737 A R        +     0   0  201     -2,-0.2     0, 0.0     1,-0.1     0, 0.0  -0.974  23.1  32.1-136.2 145.1   72.1   30.0  -78.2               
  738  738 A D        +     0   0  124     -2,-0.3    -1,-0.1     1,-0.0     2,-0.0   0.503  42.8  82.8  64.4 149.4   73.2   33.4  -76.7               
  739  739 A D        +     0   0  160      0, 0.0     2,-0.4     0, 0.0    -1,-0.0   0.683  32.9 173.2-131.5 165.7   73.1   36.1  -75.1               
  740  740 A A        +     0   0   72     -2,-0.0     2,-0.3     2,-0.0     0, 0.0  -0.966  12.6 172.9-132.3 130.0   74.1   36.6  -71.3               
  741  741 A Y        -     0   0  235     -2,-0.4     0, 0.0     1,-0.0     0, 0.0  -0.995  44.3 -98.6-134.7 142.4   74.5   39.5  -68.8               
  742  742 A W        -     0   0  223     -2,-0.3     2,-0.2     1,-0.1    -1,-0.0   0.009  35.1-148.7 -86.3 165.0   75.1   38.6  -65.2               
  743  743 A P        +     0   0   98      0, 0.0     2,-0.2     0, 0.0    -1,-0.1  -0.554  23.5 168.1-114.6 170.0   73.0   38.4  -62.0               
  744  744 A E        +     0   0  157     -2,-0.2     0, 0.0     0, 0.0     0, 0.0  -0.720  46.7  85.7-164.8 149.6   72.4   38.7  -58.3               
  745  745 A G        -     0   0   67     -2,-0.2     0, 0.0     1,-0.0     0, 0.0   0.276  59.0-140.2 152.2 -19.7   69.1   38.7  -56.2               
  746  746 A K        +     0   0  164      2,-0.0    -1,-0.0     0, 0.0     0, 0.0   0.747  47.5  64.5  43.4  77.7   67.7   35.2  -55.2               
  747  747 A R  S    S-     0   0  236      2,-0.0     0, 0.0     0, 0.0     0, 0.0   0.283  72.8 -32.4 155.1 128.8   64.0   34.3  -55.2               
  748  748 A V        +     0   0  141      1,-0.2     2,-0.3     2,-0.0    -2,-0.0   0.842  42.5 176.6  55.9  69.6   60.7   33.7  -57.0               
  749  749 A A        +     0   0   89      1,-0.1    -1,-0.2     2,-0.0    -2,-0.0  -0.649  28.2  25.3 -74.9 162.6   59.4   35.4  -60.0               
  750  750 A M        +     0   0  151     -2,-0.3    -1,-0.1     2,-0.0    -2,-0.0   0.878  51.1  42.6-161.1-174.3   56.7   34.9  -61.8               
  751  751 A E        +     0   0  148      1,-0.0     2,-0.2     3,-0.0    -2,-0.0   0.950  22.1 174.9  50.3 101.0   53.2   34.0  -63.3               
  752  752 A D        +     0   0  110      0, 0.0    -1,-0.0     0, 0.0    -2,-0.0  -0.000  42.0  73.6  59.5 123.8   50.2   34.4  -61.9               
  753  753 A R        +     0   0  186     -2,-0.2     3,-0.0     2,-0.1     0, 0.0   0.705  64.1  54.1  70.7 136.1   47.0   33.7  -64.0               
  754  754 A Y  S    S+     0   0  222      0, 0.0     2,-0.1     0, 0.0    -3,-0.0   0.698  90.7  45.2  79.6  40.9   45.2   30.4  -65.2               
  755  755 A R        -     0   0  252      0, 0.0     2,-0.2     0, 0.0    -2,-0.1  -0.294  63.2-177.0-172.1 126.4   44.3   28.0  -62.5               
  756  756 A A        +     0   0   76      1,-0.2     0, 0.0    -2,-0.1     0, 0.0  -0.571  37.9  28.0-103.0 162.9   42.7   28.8  -59.1               
  757  757 A D        +     0   0  116     -2,-0.2    -1,-0.2     1,-0.0     0, 0.0   0.764  60.5 108.1  67.5  59.5   41.6   27.3  -55.8               
  758  758 A F        +     0   0  212      2,-0.0     2,-0.7     0, 0.0    -1,-0.0  -0.404  27.3 162.1-147.3  82.1   43.1   24.1  -54.3               
  759  759 A P        -     0   0  117      0, 0.0    -2,-0.0     0, 0.0     0, 0.0  -0.831  30.6-143.6 -87.3 112.9   45.2   24.8  -51.1               
  760  760 A R        -     0   0  242     -2,-0.7     2,-0.6     1,-0.0    -2,-0.0  -0.649  14.1-132.3 -65.6 126.3   45.7   21.6  -49.1               
  761  761 A P        +     0   0  134      0, 0.0     2,-0.3     0, 0.0     3,-0.1  -0.719  32.0 172.6 -74.7 120.4   45.7   22.2  -45.4               
  762  762 A D        +     0   0  121     -2,-0.6     0, 0.0     1,-0.2     0, 0.0  -0.930  34.8  68.7-116.7 155.6   48.6   20.5  -43.7               
  763  763 A H        -     0   0  155     -2,-0.3     2,-0.2     1,-0.0    -1,-0.2   0.897  59.2-134.0  72.9  97.9   49.5   21.0  -40.0               
  764  764 A R        +     0   0  225     -3,-0.1     2,-0.2     0, 0.0    -2,-0.0  -0.388  32.9 152.4  57.9  69.9   48.0   20.3  -37.1               
  765  765 A F        -     0   0  183     -2,-0.2     0, 0.0     0, 0.0     0, 0.0  -0.665  42.1 -38.3-156.4 125.7   47.5   22.7  -34.3               
  766  766 A H        -     0   0  130     -2,-0.2     0, 0.0     1,-0.0     0, 0.0   0.885  47.7 -87.2  44.1 109.7   44.8   22.8  -31.6               
  767  767 A D        -     0   0  142      1,-0.1     2,-0.5     0, 0.0    -1,-0.0   0.382  21.8-154.8  43.6  95.7   41.5   22.5  -30.5               
  768  768 A F        -     0   0  194      2,-0.0     2,-0.2     3,-0.0    -1,-0.1  -0.973  26.9-126.5-118.2 115.3   38.8   25.1  -30.6               
  769  769 A D    >   -     0   0  138     -2,-0.5     2,-2.0     1,-0.1     3,-0.7  -0.388   3.6-140.7 -60.9 124.8   36.0   24.5  -28.0               
  770  770 A H  T 3  S+     0   0  201     -2,-0.2    -1,-0.1     1,-0.2     3,-0.1  -0.357  79.9  94.1 -74.9  55.7   32.4   24.4  -29.3               
  771  771 A R  T 3  S+     0   0  212     -2,-2.0     2,-0.2     1,-0.1    -1,-0.2   0.698  70.7  46.8-124.5 -23.6   31.3   26.3  -26.2               
  772  772 A D  S <  S+     0   0  157     -3,-0.7    -1,-0.1     1,-0.1     2,-0.1  -0.606  75.7  80.1-139.9  77.0   31.1   30.2  -26.7               
  773  773 A R        +     0   0  253     -2,-0.2    -1,-0.1    -3,-0.1     0, 0.0  -0.384  54.9  92.4-162.9  98.9   29.5   31.8  -29.7               
  774  774 A G        +     0   0   82     -2,-0.1     2,-0.4     1,-0.0    -1,-0.0   0.304  42.5 111.3-174.5  26.0   25.6   32.3  -29.9               
  775  775 A Q        +     0   0  170      2,-0.0    -1,-0.0     0, 0.0     0, 0.0  -0.939  56.8  40.4-106.9 145.9   24.1   35.6  -28.6               
  776  776 A Y        +     0   0  214     -2,-0.4     0, 0.0     0, 0.0     0, 0.0   0.418  55.2  68.7  65.8 147.0   22.5   38.1  -31.0               
  777  777 A Q        +     0   0  187      1,-0.1     2,-0.3    -3,-0.0    -2,-0.0   0.603  33.1 132.8-147.6 136.5   20.7   38.8  -33.4               
  778  778 A D        +     0   0  144      1,-0.1    -1,-0.1     2,-0.0     0, 0.0  -0.862  39.2  74.1-128.9 164.8   17.0   38.7  -34.3               
  779  779 A H        -     0   0  175     -2,-0.3    -1,-0.1     2,-0.0     2,-0.1   0.847  53.2-153.2  88.6  83.9   14.3   41.1  -35.9               
  780  780 A A        -     0   0  101      1,-0.1     2,-0.4     0, 0.0    -2,-0.0  -0.316  26.7-101.3 -61.1 153.1   14.6   41.7  -39.6               
  781  781 A I        +     0   0  150     -2,-0.1     2,-0.3     2,-0.0    -1,-0.1  -0.656  43.6 160.5 -74.8 133.0   13.2   45.0  -41.1               
  782  782 A D        -     0   0  155     -2,-0.4     2,-0.4     2,-0.0     0, 0.0  -0.971  20.5-145.6-147.3 162.9   10.0   45.5  -42.8               
  783  783 A R        +     0   0  208     -2,-0.3     2,-0.3     2,-0.0    -2,-0.0  -0.899  26.9 156.7-117.5 139.1    8.0   48.7  -43.5               
  784  784 A R        -     0   0  239     -2,-0.4     2,-0.2     0, 0.0    -2,-0.0  -0.877  34.9-128.4-151.4 141.5    4.6   50.2  -43.9               
  785  785 A E        +     0   0  188     -2,-0.3    -2,-0.0     1,-0.1     0, 0.0  -0.468  30.3 164.4 -80.0 145.8    3.8   53.9  -43.4               
  786  786 A G        -     0   0   77     -2,-0.2    -1,-0.1     0, 0.0     0, 0.0   0.262  29.8-151.1-153.5  13.0    0.9   55.1  -41.0               
  787  787 A S        +     0   0  100      2,-0.0    -2,-0.0     0, 0.0     0, 0.0   0.658  31.8  31.7  23.2 122.8    1.3   58.9  -40.3               
  788  788 A R        +     0   0  242      0, 0.0     2,-0.1     0, 0.0     0, 0.0   0.342  36.9 175.5  94.1 153.2    0.5   61.4  -37.6               
  789  789 A P        -     0   0  102      0, 0.0     2,-0.0     0, 0.0    -2,-0.0  -0.259  12.9-131.8-130.8-170.0    0.1   62.3  -34.0               
  790  790 A M        -     0   0  155     -2,-0.1     0, 0.0     2,-0.0     0, 0.0   0.122  21.3 -97.7 169.4 131.7   -0.5   64.5  -31.0               
  791  791 A M        +     0   0  176     -2,-0.0     0, 0.0     0, 0.0     0, 0.0   0.804  26.4 150.1  42.6 130.8    0.5   65.6  -27.5               
  792  792 A G        -     0   0   71      0, 0.0    -2,-0.0     0, 0.0     0, 0.0   0.527  21.7  -5.0 100.2 148.4    0.2   65.6  -23.7               
  793  793 A D        -     0   0  132      0, 0.0     0, 0.0     0, 0.0     0, 0.0   0.323  24.9-151.8-160.8 135.8    0.9   65.7  -20.8               
  794  794 A H        +     0   0  157      0, 0.0     0, 0.0     0, 0.0     0, 0.0   0.907  16.5 132.5  60.2 154.5    3.2   66.1  -17.7               
  795  795 A R        +     0   0  220      0, 0.0     0, 0.0     0, 0.0     0, 0.0   0.737  38.2  39.1  77.8 136.9    4.4   65.6  -14.1               
  796  796 A D        +     0   0  145      0, 0.0     2,-0.0     0, 0.0     0, 0.0   0.790  48.2  99.2-164.7 158.1    6.9   64.8  -12.1               
  797  797 A G        +     0   0   58      0, 0.0     0, 0.0     0, 0.0     0, 0.0   0.415  12.7 142.3 160.2 140.5   10.1   65.1  -11.6               
  798  798 A Q        +     0   0  140     -2,-0.0     0, 0.0     0, 0.0     0, 0.0   0.513  24.2  99.8  71.4 147.6   13.9   65.8  -10.7               
  799  799 A H        -     0   0  165      0, 0.0     0, 0.0     0, 0.0     0, 0.0   0.581  45.0-100.6-140.4 145.9   17.0   65.4  -10.0               
  800  800 A Y        +     0   0  196      1,-0.0     0, 0.0     0, 0.0     0, 0.0   0.454  25.4 156.3  -5.5 153.1   20.4   65.8  -11.9               
  801  801 A G        +     0   0   72      0, 0.0    -1,-0.0     0, 0.0     0, 0.0   0.729  11.3  89.4 162.7 172.2   22.9   65.0  -13.5               
  802  802 A D        +     0   0  156      0, 0.0     0, 0.0     0, 0.0     0, 0.0   0.592   5.3 161.1  -8.9 159.3   25.9   65.4  -16.0               
  803  803 A D        -     0   0  104      2,-0.0     0, 0.0     0, 0.0     0, 0.0   0.432  33.2 -46.8-166.7 168.6   28.7   66.0  -17.3               
  804  804 A R        -     0   0  209      1,-0.1     2,-0.3     0, 0.0     0, 0.0   0.992   7.6-163.3  65.4 106.9   31.4   65.7  -20.1               
  805  805 A H        +     0   0  201      0, 0.0    -1,-0.1     0, 0.0     2,-0.1  -0.738  38.8 160.2 -74.3 150.1   33.3   63.3  -22.3               
  806  806 A G        -     0   0   60     -2,-0.3     0, 0.0     1,-0.0     0, 0.0  -0.354  23.8 -51.7 175.0 115.5   36.4   65.1  -23.6               
  807  807 A H        +     0   0  205     -2,-0.1    -1,-0.0     0, 0.0     0, 0.0   0.957  41.1 114.6  65.5 126.3   39.9   64.5  -25.2               
  808  808 A G        -     0   0   80      2,-0.0    -2,-0.0     0, 0.0     0, 0.0   0.874  32.8 -90.6 131.9  93.5   43.2   63.0  -25.4               
  809  809 A G        -     0   0   81      1,-0.1     0, 0.0     0, 0.0     0, 0.0   0.962  21.5-129.9  78.3 114.8   45.9   60.8  -26.8               
  810  810 A P        +     0   0  121      0, 0.0    -1,-0.1     0, 0.0     2,-0.0  -0.602  31.9  28.5-108.3-173.0   47.8   57.4  -27.0               
  811  811 A P        +     0   0  116      0, 0.0     0, 0.0     0, 0.0     0, 0.0   0.547  28.9 121.9-121.3-132.2   50.4   55.4  -27.0               
  812  812 A E        +     0   0  139     -2,-0.0     0, 0.0     0, 0.0     0, 0.0   0.380  28.0  12.8  82.4 148.1   54.0   54.2  -26.0               
  813  813 A R        -     0   0  168      0, 0.0     0, 0.0     0, 0.0     0, 0.0   0.444  31.9 -60.6-165.5 139.3   56.2   52.2  -24.8               
  814  814 A H        +     0   0  170      0, 0.0     2,-0.0     0, 0.0     0, 0.0   0.434  15.5 140.4  59.9 164.1   58.1   49.1  -23.3               
  815  815 A G        +     0   0   67      0, 0.0     0, 0.0     0, 0.0     0, 0.0   0.379  11.6 167.9 175.7 140.8   59.1   46.6  -21.6               
  816  816 A R        +     0   0  222     -2,-0.0     0, 0.0     0, 0.0     0, 0.0   0.834  37.6  11.9  38.8 130.5   60.4   43.4  -20.0               
  817  817 A D        -     0   0  114      0, 0.0     0, 0.0     0, 0.0     0, 0.0   0.984  48.7  -6.3  73.3 119.2   61.7   41.6  -17.0               
  818  818 A S        +     0   0  110      0, 0.0     0, 0.0     0, 0.0     0, 0.0   0.960  45.9   4.4  67.9 117.9   62.4   40.9  -13.4               
  819  819 A R        +     0   0  210      0, 0.0     0, 0.0     0, 0.0     0, 0.0   0.669  41.3  80.7  88.2 143.5   62.7   41.6   -9.8               
  820  820 A D        +     0   0  132      0, 0.0     0, 0.0     0, 0.0     0, 0.0   0.891  33.4 178.9  59.9 124.3   62.3   43.7   -6.6               
  821  821 A G        -     0   0   57      0, 0.0     0, 0.0     0, 0.0     0, 0.0   0.826  16.1-131.2 170.8-159.5   60.1   44.5   -4.4               
  822  822 A W        +     0   0  262      0, 0.0     2,-0.0     0, 0.0     0, 0.0   0.669  18.1 169.7  68.9 140.3   58.3   46.0   -1.3               
  823  823 A G        +     0   0   68      0, 0.0     0, 0.0     0, 0.0     0, 0.0   0.140   9.7 160.2 152.9 131.1   56.4   45.7    1.2               
  824  824 A G        +     0   0   69     -2,-0.0     0, 0.0     0, 0.0     0, 0.0   0.290  28.2  89.9  85.9 149.3   54.5   46.2    4.5               
  825  825 A Y        +     0   0  241      0, 0.0     2,-0.0     0, 0.0     0, 0.0   0.744  57.4  81.7-143.5 154.5   52.4   45.9    6.9               
  826  826 A G        -     0   0   68      0, 0.0     0, 0.0     0, 0.0     0, 0.0   0.613  34.8-142.9 165.5 157.3   52.8   44.0    9.3               
  827  827 A S        +     0   0  111     -2,-0.0     0, 0.0     0, 0.0     0, 0.0   0.725  35.2  58.0  59.9 145.0   53.8   42.3   12.7               
  828  828 A D        -     0   0  112      0, 0.0     0, 0.0     0, 0.0     0, 0.0   0.593  41.1-124.9-146.9 152.2   54.6   40.0   14.5               
  829  829 A K        -     0   0  149      1,-0.0     0, 0.0     0, 0.0     0, 0.0   0.331  29.0 -11.5  -0.9 123.7   57.2   37.2   15.1               
  830  830 A R        +     0   0  216      0, 0.0    -1,-0.0     0, 0.0     0, 0.0   0.985  30.9  71.5  95.9 126.4   57.9   33.7   15.6               
  831  831 A L        -     0   0  159      0, 0.0     0, 0.0     0, 0.0     0, 0.0   0.629  36.8 -26.6 111.2 126.1   58.2   30.0   16.2               
  832  832 A S        -     0   0   84      0, 0.0     0, 0.0     0, 0.0     0, 0.0   0.947  45.9 -52.1  54.6 117.1   57.8   26.3   15.3               
  833  833 A E        +     0   0  185      1,-0.0     2,-0.1     0, 0.0     0, 0.0   0.852  30.8 149.1  59.4 119.9   56.3   23.4   13.7               
  834  834 A G        -     0   0   78      0, 0.0     2,-0.2     0, 0.0    -1,-0.0  -0.454  23.8-146.6 169.1 120.0   53.0   21.5   13.0               
  835  835 A R        +     0   0  257     -2,-0.1     0, 0.0     1,-0.1     0, 0.0  -0.586  14.4 151.1 -98.1 173.1   51.6   19.2   10.1               
  836  836 A G        +     0   0   74     -2,-0.2    -1,-0.1     2,-0.0     0, 0.0   0.727  25.9 119.8 179.8-167.2   49.2   18.1    8.3               
  837  837 A L        -     0   0  171      1,-0.1    -2,-0.0     0, 0.0     0, 0.0  -0.435  50.6-103.2 -86.9 158.8   46.6   16.7    5.8               
  838  838 A P        -     0   0  113      0, 0.0    -1,-0.1     0, 0.0    -2,-0.0  -0.438  30.5-116.7 -81.1 155.5   44.3   13.6    6.2               
  839  839 A P        -     0   0  122      0, 0.0     0, 0.0     0, 0.0     0, 0.0  -0.642  27.8-118.3 -89.8 150.3   44.8   10.1    4.5               
  840  840 A P        -     0   0  121      0, 0.0     2,-0.1     0, 0.0     0, 0.0  -0.300  34.7 -91.6 -87.0 168.4   42.3    8.6    2.0               
  841  841 A P        -     0   0  127      0, 0.0     2,-0.3     0, 0.0     0, 0.0  -0.285  21.5-165.5 -85.6 161.7   40.3    5.2    2.3               
  842  842 A R        +     0   0  255     -2,-0.1     2,-0.2     0, 0.0     0, 0.0  -0.987  22.1 166.5-132.2 142.6   40.6    1.5    1.3               
  843  843 A G        +     0   0   80     -2,-0.3     0, 0.0     1,-0.0     0, 0.0  -0.467  12.4 117.9-126.5-161.5   37.6   -0.9    1.5               
  844  844 A G        +     0   0   65      1,-0.2     2,-0.2    -2,-0.2    -1,-0.0   0.961  24.2 111.7  92.5  87.9   36.4   -4.3    0.3               
  845  845 A R        -     0   0  225      2,-0.0    -1,-0.2     0, 0.0     2,-0.1  -0.664  43.5-134.5-162.5 140.0   35.3   -7.5    2.0               
  846  846 A D        -     0   0  150     -2,-0.2     0, 0.0     1,-0.1     0, 0.0  -0.347   8.0-156.2 -65.3 154.0   32.0   -9.3    2.2               
  847  847 A W        +     0   0  199     -2,-0.1     2,-0.4     2,-0.0     3,-0.2  -0.469  33.3 145.8-138.0  63.6   30.6  -10.8    5.5               
  848  848 A G        -     0   0   62      1,-0.2    -2,-0.0     2,-0.0     0, 0.0  -0.802  70.0 -16.4 -73.5 136.5   28.2  -13.5    4.7               
  849  849 A E  S    S+     0   0  187     -2,-0.4    -1,-0.2     2,-0.1     2,-0.1   0.615  86.0 115.1  46.5  60.9   28.3  -16.4    7.2               
  850  850 A H        +     0   0  156     -3,-0.2    -1,-0.0     1,-0.1    -2,-0.0  -0.449  37.0  81.3-157.6 101.9   31.2  -16.6    9.7               
  851  851 A N        +     0   0  146     -2,-0.1     2,-0.5     2,-0.0     3,-0.1   0.080  41.5 124.2-171.3  64.8   31.2  -16.2   13.4               
  852  852 A Q  S    S+     0   0  185      1,-0.2     0, 0.0    -3,-0.1     0, 0.0  -0.976  72.5   5.1 -89.9 134.3   30.2  -19.2   15.4               
  853  853 A R        +     0   0  204     -2,-0.5     2,-0.2     1,-0.1    -1,-0.2   0.971  53.1 153.5  65.2  93.2   33.0  -20.1   17.9               
  854  854 A L        -     0   0  148     -3,-0.1    -1,-0.1     0, 0.0     2,-0.1  -0.788  28.7-156.3-143.3 127.6   36.2  -18.8   19.0               
  855  855 A E        +     0   0  130     -2,-0.2     0, 0.0     0, 0.0     0, 0.0   0.252  29.6  93.2  70.4 118.8   37.5  -19.3   22.1               
  856  856 A E        +     0   0  174     -2,-0.1     2,-0.2     0, 0.0     0, 0.0   0.559  26.0 106.0-161.6 128.2   39.4  -18.7   24.6               
  857  857 A H        -     0   0  173      0, 0.0     0, 0.0     0, 0.0     0, 0.0  -0.693  48.7  -4.0-177.6 143.5   39.7  -17.0   28.1               
  858  858 A Q        -     0   0  165     -2,-0.2     0, 0.0     0, 0.0     0, 0.0   0.320  35.7-105.3-163.2 134.7   39.9  -18.1   31.2               
  859  859 A A        +     0   0   85      2,-0.0     0, 0.0     0, 0.0     0, 0.0   0.933  39.6  56.0  66.7 136.2   40.0  -20.1   34.5               
  860  860 A R        -     0   0  235      1,-0.1     0, 0.0     0, 0.0     0, 0.0   0.936  27.6-163.7  76.6  83.1   38.7  -21.5   37.8               
  861  861 A A        -     0   0   92      0, 0.0     2,-0.3     0, 0.0    -1,-0.1  -0.064  10.4-150.8 -26.5 143.7   35.8  -23.4   39.2               
  862  862 A W        -     0   0  223      2,-0.0     2,-0.1     0, 0.0     0, 0.0  -0.874  21.1-119.3-134.6 132.0   34.6  -23.9   42.7               
  863  863 A Q        -     0   0  174     -2,-0.3     0, 0.0     0, 0.0     0, 0.0   0.252  20.4-127.2  53.4 125.8   32.9  -26.5   44.3               
  864  864 A G        -     0   0   71     -2,-0.1    -2,-0.0     0, 0.0     0, 0.0   0.839  14.1-160.0 172.7-170.7   30.4  -27.8   45.8               
  865  865 A A        -     0   0   92      0, 0.0     0, 0.0     0, 0.0     0, 0.0   0.646  25.2-140.1  70.5 120.3   27.8  -29.6   48.1               
  866  866 A M        -     0   0  179      0, 0.0     0, 0.0     0, 0.0     0, 0.0   0.749  18.8-168.2  78.5 137.3   24.6  -31.1   48.5               
  867  867 A D        -     0   0  147      0, 0.0     0, 0.0     0, 0.0     0, 0.0   0.704  20.5 -89.2-157.1 170.8   21.7  -32.2   49.1               
  868  868 A A        +     0   0   92      0, 0.0     0, 0.0     0, 0.0     0, 0.0   0.955  33.2 115.1  66.1 134.6   18.5  -34.3   48.9               
  869  869 A G        +     0   0   72      0, 0.0     2,-0.0     0, 0.0     0, 0.0   0.848  34.7 178.8 107.9  82.0   14.9  -34.9   47.6               
  870  870 A A        +     0   0  105      0, 0.0     0, 0.0     0, 0.0     0, 0.0   0.471  18.1 130.8  66.2 129.7   13.5  -37.2   45.6               
  871  871 A A        +     0   0   89      2,-0.0     0, 0.0    -2,-0.0     0, 0.0   0.700  29.8   7.4-153.6 175.0   11.4  -38.9   43.8               
  872  872 A S        +     0   0  114      0, 0.0     2,-0.2     0, 0.0     0, 0.0   0.871  27.7 136.3  69.1 127.0    9.9  -40.8   40.7               
  873  873 A R        +     0   0  211      0, 0.0    -2,-0.0     0, 0.0     2,-0.0   0.067  23.8 135.1  63.4 131.7   10.3  -41.8   37.7               
  874  874 A E        +     0   0  121     -2,-0.2     0, 0.0     1,-0.0     0, 0.0   0.435   9.9  68.3-155.3-168.0    9.6  -44.6   36.0               
  875  875 A H        +     0   0  175      2,-0.0    -1,-0.0    -2,-0.0     0, 0.0   0.656  45.6  34.5  84.5 140.3    8.3  -47.0   33.2               
  876  876 A A        +     0   0   75      0, 0.0     2,-0.3     0, 0.0     0, 0.0   0.658  22.3 129.2-164.1 145.4    8.7  -48.1   30.1               
  877  877 A R        +     0   0  227      0, 0.0     2,-0.3     0, 0.0    -2,-0.0  -0.863  32.1 172.2  65.5  56.5   10.5  -49.1   27.4               
  878  878 A W        -     0   0  205     -2,-0.3     2,-0.1     1,-0.1     0, 0.0  -0.941  15.2-143.3-126.4 131.7    9.7  -52.4   25.8               
  879  879 A Q        +     0   0  137     -2,-0.3     2,-0.1     0, 0.0    -1,-0.1   0.502  28.5 150.7  67.2 139.2   10.7  -53.9   22.9               
  880  880 A G        +     0   0   80     -2,-0.1    -2,-0.1     0, 0.0     2,-0.0   0.564  18.6 127.1 -90.4-159.5   10.9  -55.6   20.3               
  881  881 A G        -     0   0   75     -2,-0.1     0, 0.0     2,-0.0     0, 0.0   0.610  22.0-119.3 115.9 140.8   12.1  -56.1   17.4               
  882  882 A E        -     0   0  146     -2,-0.0     0, 0.0     0, 0.0     0, 0.0   0.726  18.6 -88.9-150.1 170.0   13.5  -57.3   14.8               
  883  883 A R        -     0   0  200      0, 0.0    -2,-0.0     0, 0.0     0, 0.0   0.401  13.4-163.2  15.8 129.9   16.1  -57.8   12.0               
  884  884 A G        -     0   0   67      0, 0.0     0, 0.0     0, 0.0     0, 0.0   0.770   3.0-156.2 145.8-154.5   17.0  -57.0    9.1               
  885  885 A L        -     0   0  164      2,-0.0     0, 0.0     0, 0.0     0, 0.0   0.967  22.3-111.4  65.2  92.7   19.3  -58.1    6.2               
  886  886 A S        -     0   0  103      1,-0.2     0, 0.0     0, 0.0     0, 0.0   0.783  15.2 -94.5  92.2 121.2   20.8  -56.7    3.5               
  887  887 A G        -     0   0   74      0, 0.0     2,-0.3     0, 0.0    -1,-0.2  -0.397  30.5-169.5 -69.0 161.1   21.3  -56.2   -0.3               
  888  888 A P        -     0   0  120      0, 0.0     0, 0.0     0, 0.0     0, 0.0  -0.870  27.8 -63.0-141.8 164.9   23.5  -57.8   -2.6               
  889  889 A S        -     0   0  117     -2,-0.3     0, 0.0     1,-0.1     0, 0.0   0.536  33.4-124.7  22.0 123.3   24.9  -57.5   -6.1               
  890  890 A G        -     0   0   75      1,-0.0     2,-0.3     0, 0.0    -1,-0.1  -0.522  32.7-121.4 -76.1 159.8   23.3  -57.7   -9.6               
  891  891 A P        -     0   0  131      0, 0.0     2,-0.1     0, 0.0    -1,-0.0  -0.799  23.9-168.7-100.2 149.5   24.8  -60.3  -12.0               
  892  892 A G        +     0   0   66     -2,-0.3     0, 0.0     0, 0.0     0, 0.0  -0.081  16.1 147.7-102.1-145.6   26.4  -59.6  -15.5               
  893  893 A H        +     0   0  179     -2,-0.1     2,-0.0     2,-0.0     0, 0.0   0.685  16.0  91.8  71.7 130.1   27.4  -62.0  -18.4               
  894  894 A M        +     0   0  172      0, 0.0    -1,-0.0     0, 0.0     0, 0.0   0.722  32.9  27.9-135.1-165.3   27.6  -62.2  -21.6               
  895  895 A A        -     0   0   81     -2,-0.0    -2,-0.0     0, 0.0     0, 0.0   0.761  33.9 -83.4-161.3 172.8   29.0  -61.9  -24.6               
  896  896 A S        +     0   0   99      0, 0.0     0, 0.0     0, 0.0     0, 0.0   0.864  46.4  26.4  56.9 106.4   31.4  -61.8  -27.6               
  897  897 A R        -     0   0  243      0, 0.0     2,-0.1     0, 0.0     0, 0.0   0.892  35.7-147.3  65.1 122.2   33.8  -59.6  -29.6               
  898  898 A G        -     0   0   82      0, 0.0     0, 0.0     0, 0.0     0, 0.0   0.381   2.6-123.2  89.4 121.4   35.9  -57.2  -30.1               
  899  899 A G        -     0   0   65     -2,-0.1     0, 0.0     0, 0.0     0, 0.0   0.683  12.6-154.6-179.2-150.9   37.6  -54.8  -31.2               
  900  900 A V        -     0   0  156      2,-0.0     2,-0.1     0, 0.0     0, 0.0   0.659  47.1 -85.1  61.7 145.7   40.4  -52.3  -32.3               
  901  901 A A        -     0   0  109      0, 0.0     2,-0.3     0, 0.0     0, 0.0  -0.346  33.1-173.7 -75.7 155.1   40.6  -48.5  -32.8               
  902  902 A G        -     0   0   75     -2,-0.1     2,-0.0     0, 0.0    -2,-0.0  -0.915  23.9-123.0-154.2 122.2   39.6  -46.4  -35.8               
  903  903 A R        -     0   0  254     -2,-0.3     2,-0.0     1,-0.1     0, 0.0  -0.334  27.7-132.2 -56.6 139.2   40.1  -42.6  -36.4               
  904  904 A G        +     0   0   82     -2,-0.0     2,-0.1     0, 0.0    -1,-0.1  -0.135  26.1 179.3 -77.1-177.9   37.0  -40.5  -37.2               
  905  905 A G        -     0   0   70     -2,-0.0    -2,-0.0     0, 0.0     0, 0.0  -0.405  19.7 -48.0 167.1 117.8   36.5  -37.9  -40.0               
  906  906 A F        -     0   0  211     -2,-0.1     0, 0.0     0, 0.0     0, 0.0   0.798  44.8 -38.4  47.5 112.5   34.2  -35.4  -41.6               
  907  907 A A        +     0   0   80      0, 0.0     0, 0.0     0, 0.0     0, 0.0   0.985  42.9   3.5  83.0 124.8   31.0  -34.5  -43.0               
  908  908 A Q        +     0   0  203      1,-0.0     0, 0.0     0, 0.0     0, 0.0   0.619  31.3 126.0  65.7 161.6   27.6  -34.3  -44.7               
  909  909 A G        -     0   0   67      1,-0.0     2,-0.1     2,-0.0    -1,-0.0   0.846  28.2-169.2 111.5  68.0   25.0  -36.3  -46.8               
  910  910 A G        -     0   0   86      2,-0.0     2,-0.3     0, 0.0    -1,-0.0  -0.478   4.2-174.5 -71.2 150.0   21.3  -36.3  -45.6               
  911  911 A H        -     0   0  190     -2,-0.1     2,-0.3     0, 0.0    -2,-0.0  -0.929  15.7-132.4-145.0 163.7   18.7  -38.7  -47.2               
  912  912 A S        +     0   0  100     -2,-0.3    -2,-0.0     1,-0.1     0, 0.0  -0.835  32.1  12.6-133.0 156.8   15.0  -38.9  -46.5               
  913  913 A Q        +     0   0  199     -2,-0.3    -1,-0.1     1,-0.1     0, 0.0   0.752  28.3 156.5  69.6 140.7   11.6  -40.5  -45.8               
  914  914 A G        -     0   0   76      0, 0.0    -1,-0.1     0, 0.0     0, 0.0   0.084  24.6-140.0 159.0  89.3   10.0  -43.8  -44.7               
  915  915 A H        +     0   0  174      0, 0.0     0, 0.0     0, 0.0     0, 0.0   0.289  33.9 124.6 -11.2 156.0    6.6  -44.7  -43.0               
  916  916 A V        -     0   0  118      2,-0.0     0, 0.0     0, 0.0     0, 0.0   0.754  20.0-170.7-148.4 134.0    4.7  -46.4  -40.8               
  917  917 A V        -     0   0  120      1,-0.1     2,-0.1     0, 0.0     0, 0.0   0.619  20.2-114.8  69.5 138.3    2.4  -45.5  -38.2               
  918  918 A P        -     0   0  127      0, 0.0     2,-0.2     0, 0.0    -1,-0.1  -0.314  16.1-158.9-126.1-171.9    0.5  -47.5  -35.4               
  919  919 A G        +     0   0   76      1,-0.2     0, 0.0    -2,-0.1     0, 0.0  -0.616  18.2  62.1 174.9 143.4   -2.6  -48.9  -33.7               
  920  920 A G        +     0   0   89     -2,-0.2    -1,-0.2     0, 0.0     2,-0.1   0.675   8.4 148.3  76.9 149.5   -4.7  -50.3  -30.7               
  921  921 A G        +     0   0   68      0, 0.0    -2,-0.0     0, 0.0     0, 0.0   0.353  11.4 140.3 141.7 149.4   -6.2  -50.8  -28.0               
  922  922 A L        -     0   0  162     -2,-0.1     0, 0.0     0, 0.0     0, 0.0   0.346  17.2 -76.7  68.1 170.6   -9.0  -52.3  -25.7               
  923  923 A E        +     0   0  182      0, 0.0     0, 0.0     0, 0.0     0, 0.0   0.401  18.4  50.3-161.1 158.9  -10.5  -53.7  -23.0               
  924  924 A G        -     0   0   85      0, 0.0     2,-0.0     0, 0.0     0, 0.0   0.227  10.7-116.4  75.3 167.7  -12.0  -55.7  -20.0               
  925  925 A G        -     0   0   87      0, 0.0     2,-0.0     0, 0.0     0, 0.0   0.423   7.5-154.7 164.4 144.5  -12.7  -57.5  -17.5               
  926  926 A G        -     0   0   66     -2,-0.0     2,-0.1     0, 0.0     0, 0.0   0.214  14.0-171.9 106.0 128.3  -13.9  -60.0  -14.6               
  927  927 A V        +     0   0  154     -2,-0.0     0, 0.0     0, 0.0     0, 0.0   0.468   6.4 167.1  78.2 142.0  -14.5  -60.9  -11.2               
  928  928 A A        -     0   0   67     -2,-0.1  -588,-0.0  -590,-0.1     0, 0.0   0.751  12.5 -69.3-157.2 166.8  -15.3  -62.6   -8.6               
  929  929 A S        +     0   0   80   -592,-0.0  -589,-0.1  -591,-0.0  -590,-0.1   0.647  16.0 136.6  62.4 158.9  -15.7  -63.7   -4.8               
  930  930 A Q        -     0   0  145   -591,-0.1  -590,-0.1  -592,-0.0  -591,-0.0   0.913  21.9 -83.8-156.1-177.0  -15.6  -64.6   -1.6               
  931  931 A D        +     0   0  104      2,-0.0     0, 0.0     0, 0.0     0, 0.0   0.936  48.5  38.3-156.8-178.8  -16.4  -64.6    1.9               
  932  932 A R        +     0   0  218      1,-0.1     0, 0.0     0, 0.0     0, 0.0   0.915  45.6 162.2  70.5  67.5  -16.7  -63.9    5.8               
  933  933 A G        -     0   0   74      0, 0.0     2,-0.1     0, 0.0    -1,-0.1   0.047  18.5-158.3 -75.6-172.2  -16.7  -60.3    7.0               
  934  934 A S        -     0   0  108      1,-0.1     0, 0.0     0, 0.0     0, 0.0  -0.254  34.9  -2.9-178.3 119.5  -17.7  -58.5   10.1               
  935  935 A R        -     0   0  233     -2,-0.1    -1,-0.1     0, 0.0     0, 0.0   0.864  38.2-159.8  68.1 120.5  -18.7  -54.8   11.1               
  936  936 A V        +     0   0  136      2,-0.0     2,-0.0     0, 0.0     0, 0.0   0.463  17.5 141.5  76.0 135.8  -19.2  -51.5   10.5               
  937  937 A P        -     0   0  115      0, 0.0     0, 0.0     0, 0.0     0, 0.0   0.515  18.3-149.3-131.1-172.6  -19.6  -48.3   10.9               
  938  938 A H        -     0   0  179     -2,-0.0     2,-0.5     2,-0.0    -2,-0.0  -0.523  27.9-127.2 -76.5 159.3  -19.0  -44.6    9.6               
  939  939 A P        -     0   0  122      0, 0.0    -1,-0.0     0, 0.0     0, 0.0  -0.943  21.4-179.7-110.3 124.3  -18.7  -41.4   11.8               
  940  940 A H        -     0   0  169     -2,-0.5     2,-1.1     2,-0.0    -2,-0.0  -0.972  34.5-123.0-103.4 132.6  -20.7  -38.2   11.3               
  941  941 A P        +     0   0  129      0, 0.0     0, 0.0     0, 0.0     0, 0.0  -0.619  37.7 168.6 -84.2  98.4  -19.7  -35.6   14.0               
  942  942 A H        -     0   0  168     -2,-1.1    -2,-0.0     1,-0.0     0, 0.0  -0.844  41.2-107.2 -93.0 143.9  -22.7  -34.4   16.0               
  943  943 A P        -     0   0  115      0, 0.0    -1,-0.0     0, 0.0     0, 0.0  -0.406  41.1-101.8 -72.0 149.0  -21.9  -32.3   19.2               
  944  944 A P        -     0   0  120      0, 0.0     2,-0.2     0, 0.0     0, 0.0  -0.430  26.3-129.5 -79.6 142.1  -22.4  -34.0   22.6               
  945  945 A P        -     0   0  122      0, 0.0     0, 0.0     0, 0.0     0, 0.0  -0.535  31.5-101.3 -81.7 152.6  -25.4  -33.5   25.0               
  946  946 A Y        -     0   0  213     -2,-0.2     2,-0.8     1,-0.1     0, 0.0  -0.454  33.3-112.2 -72.6 142.7  -24.9  -32.7   28.8               
  947  947 A P        -     0   0  112      0, 0.0     2,-0.9     0, 0.0    -1,-0.1  -0.616  25.6-155.5 -78.8 107.8  -25.3  -35.5   31.5               
  948  948 A H        -     0   0  171     -2,-0.8     2,-1.6     1,-0.1    -2,-0.0  -0.718   6.6-149.3 -78.3 107.0  -28.4  -34.8   33.6               
  949  949 A F        -     0   0  208     -2,-0.9     2,-1.1     1,-0.0    -1,-0.1  -0.584  16.5-171.0 -73.6  88.3  -27.8  -36.6   37.0               
  950  950 A T        -     0   0  114     -2,-1.6     2,-0.8     2,-0.0    -2,-0.0  -0.733   8.9-155.9 -80.5 100.6  -31.4  -37.4   37.9               
  951  951 A R        -     0   0  248     -2,-1.1     2,-0.4     0, 0.0    -2,-0.0  -0.708  13.4-151.6 -72.5 109.3  -31.3  -38.7   41.6               
  952  952 A R              0   0  219     -2,-0.8    -2,-0.0     1,-0.2     0, 0.0  -0.819 360.0 360.0 -83.8 133.6  -34.4  -40.9   41.9               
  953  953 A Y              0   0  298     -2,-0.4    -1,-0.2     0, 0.0     0, 0.0   0.918 360.0 360.0  45.7 360.0  -36.1  -41.2   45.3               
