==== Secondary Structure Definition by the program DSSP, CMBI version 2.0                          ==== DATE=2026-03-08        .
REFERENCE W. KABSCH AND C.SANDER, BIOPOLYMERS 22 (1983) 2577-2637                                                              .
HEADER                                            01-AUG-25                                                                    .
COMPND    MOL_ID: 1; MOLECULE: PUMILIO HOMOLOG 3; CHAIN: A                                                                     .
SOURCE    MOL_ID: 1; ORGANISM_SCIENTIFIC: HOMO SAPIENS; ORGANISM_TAXID: 9606                                                   .
AUTHOR                                                                                                                         .
  648  1  0  0  0 TOTAL NUMBER OF RESIDUES, NUMBER OF CHAINS, NUMBER OF SS-BRIDGES(TOTAL,INTRACHAIN,INTERCHAIN)                .
 44757.7   ACCESSIBLE SURFACE OF PROTEIN (ANGSTROM**2)                                                                         .
  448 69.1   TOTAL NUMBER OF HYDROGEN BONDS OF TYPE O(I)-->H-N(J)  , SAME NUMBER PER 100 RESIDUES                              .
    0  0.0   TOTAL NUMBER OF HYDROGEN BONDS IN     PARALLEL BRIDGES, SAME NUMBER PER 100 RESIDUES                              .
    2  0.3   TOTAL NUMBER OF HYDROGEN BONDS IN ANTIPARALLEL BRIDGES, SAME NUMBER PER 100 RESIDUES                              .
    0  0.0   TOTAL NUMBER OF HYDROGEN BONDS OF TYPE O(I)-->H-N(I-5), SAME NUMBER PER 100 RESIDUES                              .
    0  0.0   TOTAL NUMBER OF HYDROGEN BONDS OF TYPE O(I)-->H-N(I-4), SAME NUMBER PER 100 RESIDUES                              .
    2  0.3   TOTAL NUMBER OF HYDROGEN BONDS OF TYPE O(I)-->H-N(I-3), SAME NUMBER PER 100 RESIDUES                              .
    0  0.0   TOTAL NUMBER OF HYDROGEN BONDS OF TYPE O(I)-->H-N(I-2), SAME NUMBER PER 100 RESIDUES                              .
    0  0.0   TOTAL NUMBER OF HYDROGEN BONDS OF TYPE O(I)-->H-N(I-1), SAME NUMBER PER 100 RESIDUES                              .
    0  0.0   TOTAL NUMBER OF HYDROGEN BONDS OF TYPE O(I)-->H-N(I+0), SAME NUMBER PER 100 RESIDUES                              .
    0  0.0   TOTAL NUMBER OF HYDROGEN BONDS OF TYPE O(I)-->H-N(I+1), SAME NUMBER PER 100 RESIDUES                              .
   35  5.4   TOTAL NUMBER OF HYDROGEN BONDS OF TYPE O(I)-->H-N(I+2), SAME NUMBER PER 100 RESIDUES                              .
   85 13.1   TOTAL NUMBER OF HYDROGEN BONDS OF TYPE O(I)-->H-N(I+3), SAME NUMBER PER 100 RESIDUES                              .
  317 48.9   TOTAL NUMBER OF HYDROGEN BONDS OF TYPE O(I)-->H-N(I+4), SAME NUMBER PER 100 RESIDUES                              .
    5  0.8   TOTAL NUMBER OF HYDROGEN BONDS OF TYPE O(I)-->H-N(I+5), SAME NUMBER PER 100 RESIDUES                              .
  1  2  3  4  5  6  7  8  9 10 11 12 13 14 15 16 17 18 19 20 21 22 23 24 25 26 27 28 29 30     *** HISTOGRAMS OF ***           .
  0  0  0  4  2  4  3  2  4  4  5  0  3  0  1  1  2  0  0  0  0  1  0  0  0  0  0  0  0  1    RESIDUES PER ALPHA HELIX         .
  0  0  0  0  0  0  0  0  0  0  0  0  0  0  0  0  0  0  0  0  0  0  0  0  0  0  0  0  0  0    PARALLEL BRIDGES PER LADDER      .
  1  0  0  0  0  0  0  0  0  0  0  0  0  0  0  0  0  0  0  0  0  0  0  0  0  0  0  0  0  0    ANTIPARALLEL BRIDGES PER LADDER  .
  0  0  0  0  0  0  0  0  0  0  0  0  0  0  0  0  0  0  0  0  0  0  0  0  0  0  0  0  0  0    LADDERS PER SHEET                .
  #  RESIDUE AA STRUCTURE BP1 BP2  ACC     N-H-->O    O-->H-N    N-H-->O    O-->H-N    TCO  KAPPA ALPHA  PHI   PSI    X-CA   Y-CA   Z-CA            CHAIN
    1    1 A M              0   0  244      0, 0.0     0, 0.0     0, 0.0     0, 0.0   0.000 360.0 360.0 360.0 117.3   28.6   38.7   23.9               
    2    2 A E        +     0   0  185      2,-0.0     0, 0.0     0, 0.0     0, 0.0   0.401 360.0 107.7  -4.1 143.9   27.0   40.8   21.1               
    3    3 A V        +     0   0  140      0, 0.0     2,-0.2     0, 0.0     0, 0.0   0.477  22.8 178.9-156.5 142.6   25.7   41.4   18.1               
    4    4 A K        +     0   0  206      2,-0.0    -2,-0.0     1,-0.0     2,-0.0  -0.521   3.2 176.4 -80.5 156.8   22.1   42.0   16.9               
    5    5 A G        +     0   0   83     -2,-0.2     2,-0.4     2,-0.0    -1,-0.0  -0.329  13.0 155.4-165.3  83.2   20.7   42.8   13.4               
    6    6 A K        -     0   0  210      2,-0.0     2,-0.3    -2,-0.0    -2,-0.0  -0.830  12.0-179.6 -85.2 142.4   16.8   43.0   12.8               
    7    7 A K        -     0   0  221     -2,-0.4     2,-0.3     0, 0.0    -2,-0.0  -0.935   8.7-169.5-139.1 128.6   15.3   45.0    9.9               
    8    8 A Q        -     0   0  184     -2,-0.3    -2,-0.0     1,-0.2     0, 0.0  -0.781  25.1 -52.1-100.5 147.9   11.5   45.2    9.4               
    9    9 A F        +     0   0  196     -2,-0.3    -1,-0.2     0, 0.0     2,-0.1   0.639  34.9 162.0  26.2 129.1    9.2   46.5    6.7               
   10   10 A T        -     0   0  144      2,-0.0     2,-0.0     0, 0.0     0, 0.0  -0.173  21.0-137.0 169.1 133.1    8.1   49.3    4.4               
   11   11 A G        +     0   0   71     -2,-0.1     2,-0.2     0, 0.0     0, 0.0   0.183  22.3 170.4 117.3 100.0    6.4   49.8    1.6               
   12   12 A K        -     0   0  214      2,-0.0     2,-0.2    -2,-0.0    -2,-0.0  -0.638  20.7-148.5-168.6 129.8    5.7   51.4   -1.9               
   13   13 A S        +     0   0  109     -2,-0.2     2,-0.3     0, 0.0     0, 0.0  -0.599  14.2 176.7 -81.2 146.2    3.1   50.7   -4.6               
   14   14 A T        -     0   0  150     -2,-0.2     2,-0.0     2,-0.0    -2,-0.0  -0.940  24.1-136.4-149.9 139.0    3.1   50.9   -8.4               
   15   15 A K        +     0   0  189     -2,-0.3     0, 0.0     0, 0.0     0, 0.0  -0.189  31.5 122.6 -80.6 172.5    0.1   49.9  -10.6               
   16   16 A T        +     0   0  145     -2,-0.0    -2,-0.0     0, 0.0     0, 0.0   0.555  40.8  18.6  93.4 130.5   -0.9   48.0  -13.8               
   17   17 A A        +     0   0  101      1,-0.0     2,-0.6     0, 0.0     0, 0.0   0.701  23.4 172.3-148.0 142.7   -2.6   45.6  -15.2               
   18   18 A Q        -     0   0  196      2,-0.0     2,-0.5     0, 0.0    -1,-0.0  -0.879  16.7-165.7 -90.9 121.5   -5.7   43.3  -14.7               
   19   19 A E        -     0   0  198     -2,-0.6     2,-0.3     2,-0.0     0, 0.0  -0.941  17.8-139.8-106.2 125.8   -6.8   41.2  -17.6               
   20   20 A K        +     0   0  176     -2,-0.5     2,-0.3     2,-0.0    -2,-0.0  -0.653  26.4 173.3 -77.3 135.2  -10.3   39.7  -17.1               
   21   21 A N        -     0   0  174     -2,-0.3     2,-0.3     2,-0.0    -2,-0.0  -0.841  20.2-159.5-138.9 114.2  -11.5   36.3  -18.0               
   22   22 A R        -     0   0  197     -2,-0.3     2,-0.5     2,-0.0    -2,-0.0  -0.641  14.6-169.6 -74.4 133.4  -15.1   35.6  -16.7               
   23   23 A F        -     0   0  213     -2,-0.3     2,-0.2     2,-0.0    -2,-0.0  -0.984  32.8-128.5-118.5 117.0  -16.6   32.2  -16.2               
   24   24 A H        -     0   0  150     -2,-0.5     2,-0.6     1,-0.1    -2,-0.0  -0.406   7.3-143.1 -62.7 128.8  -20.3   32.8  -15.6               
   25   25 A K        -     0   0  200     -2,-0.2     2,-0.6     2,-0.0    -1,-0.1  -0.872  18.0-171.6 -73.2 118.9  -22.3   31.5  -12.7               
   26   26 A N        -     0   0  150     -2,-0.6     2,-0.5     2,-0.1    -2,-0.0  -0.981   3.2-167.8-107.1 108.3  -25.8   30.6  -14.0               
   27   27 A S        +     0   0  108     -2,-0.6     2,-0.3     2,-0.0    -2,-0.0  -0.858  12.7 169.4 -70.2 125.1  -27.9   29.8  -11.0               
   28   28 A D        -     0   0  158     -2,-0.5     2,-0.2     2,-0.0    -2,-0.1  -0.881  18.5-153.2-139.6 121.0  -31.2   28.2  -12.1               
   29   29 A S        +     0   0  116     -2,-0.3    -2,-0.0     0, 0.0     0, 0.0  -0.527  30.2 135.9 -62.6 142.1  -33.4   26.7   -9.4               
   30   30 A G        -     0   0   66     -2,-0.2    -2,-0.0     0, 0.0     0, 0.0   0.138  28.6 -29.3 155.2 110.0  -35.8   23.9  -10.2               
   31   31 A S        -     0   0  112      2,-0.0     0, 0.0     0, 0.0     0, 0.0   0.972  37.9 -68.3  85.4 108.9  -37.4   20.6   -9.5               
   32   32 A S        -     0   0  103      1,-0.1     0, 0.0     0, 0.0     0, 0.0   0.656  41.8 -74.9  47.8 116.4  -37.8   17.2   -8.2               
   33   33 A K        +     0   0  200      2,-0.0     2,-0.1     0, 0.0    -1,-0.1  -0.028  42.4 152.2 -10.0 125.7  -36.9   13.6   -8.2               
   34   34 A T        -     0   0  136      2,-0.0     0, 0.0     0, 0.0     0, 0.0  -0.506  24.5-158.6-168.5 128.7  -38.0   11.0  -10.7               
   35   35 A F        -     0   0  208     -2,-0.1     2,-0.6     2,-0.0    -2,-0.0  -0.698  20.7-144.4 -67.5 140.2  -36.4    7.8  -12.0               
   36   36 A P        -     0   0  125      0, 0.0     2,-0.5     0, 0.0    -2,-0.0  -0.939  17.1-177.2-110.4 117.7  -37.7    6.6  -15.4               
   37   37 A T        +     0   0  127     -2,-0.6    -2,-0.0     1,-0.0     2,-0.0  -0.976  30.9  97.5 -89.5 124.0  -38.2    2.9  -16.1               
   38   38 A R        -     0   0  216     -2,-0.5    -1,-0.0     0, 0.0     0, 0.0   0.219  41.7 -15.7 156.5 139.9  -39.3    1.8  -19.6               
   39   39 A K        -     0   0  165      2,-0.0    -2,-0.0    -2,-0.0     0, 0.0   0.984  33.4 -98.2  76.1 101.8  -39.1    0.6  -23.1               
   40   40 A V        -     0   0  132      1,-0.1     2,-0.3     0, 0.0     0, 0.0   0.603   9.8-175.5  43.3 116.0  -37.6   -0.3  -26.3               
   41   41 A A        -     0   0  104      2,-0.0     2,-0.3     0, 0.0    -1,-0.1  -0.899  31.6-146.8-138.3 133.1  -36.9    0.8  -29.8               
   42   42 A K        +     0   0  191     -2,-0.3     2,-0.1     2,-0.0     0, 0.0  -0.690  31.1 135.8 -87.2 148.2  -35.1   -1.9  -31.9               
   43   43 A E        -     0   0  202     -2,-0.3    -2,-0.0     2,-0.1     0, 0.0   0.071  43.7 -60.9 143.0 130.5  -32.5   -1.7  -34.8               
   44   44 A G        +     0   0   82     -2,-0.1    -2,-0.0     1,-0.0     0, 0.0   0.410  47.8 119.0-177.1 117.0  -29.7   -3.3  -35.5               
   45   45 A G        -     0   0   69      0, 0.0    -2,-0.1     0, 0.0    -1,-0.0  -0.920  59.1 -70.8-171.7 145.5  -26.0   -4.4  -34.9               
   46   46 A P        -     0   0  133      0, 0.0     2,-0.2     0, 0.0     0, 0.0  -0.016  51.8 -96.1 -72.4 147.2  -24.3   -7.8  -34.5               
   47   47 A K        +     0   0  211      1,-0.0     2,-0.5     2,-0.0     0, 0.0  -0.280  35.2 171.2 -56.7 118.5  -24.6  -10.3  -31.6               
   48   48 A V        -     0   0  140     -2,-0.2     2,-0.1     0, 0.0    -1,-0.0  -0.988  40.0-121.9-119.7 117.0  -22.1  -10.4  -28.7               
   49   49 A T        -     0   0  121     -2,-0.5     2,-0.7     1,-0.1    -2,-0.0  -0.350  15.9-122.1 -56.7 125.6  -23.6  -12.8  -26.1               
   50   50 A S        -     0   0  111     -2,-0.1     2,-0.9     1,-0.0    -1,-0.1  -0.578  23.3-145.8 -63.6 107.5  -24.1  -11.4  -22.6               
   51   51 A R        -     0   0  232     -2,-0.7     2,-0.3     2,-0.0    -1,-0.0  -0.764  16.5-131.2 -74.7 110.3  -22.1  -13.7  -20.2               
   52   52 A N        -     0   0  133     -2,-0.9     2,-2.0     1,-0.1    -1,-0.0  -0.495   8.7-135.3 -47.1 117.2  -24.1  -13.9  -17.0               
   53   53 A F        -     0   0  214     -2,-0.3     2,-0.4     2,-0.1    -1,-0.1  -0.615  37.6-179.6 -75.4  71.2  -21.8  -13.2  -14.1               
   54   54 A E        -     0   0  145     -2,-2.0     2,-1.7     1,-0.1    -3,-0.0  -0.686  41.0-105.5 -65.1 130.5  -23.3  -16.2  -12.4               
   55   55 A K        -     0   0  207     -2,-0.4     2,-1.1     1,-0.1    -1,-0.1  -0.509  45.3-173.3 -57.6  85.5  -21.7  -16.6   -9.0               
   56   56 A S        -     0   0   86     -2,-1.7     2,-1.8     2,-0.1    -1,-0.1  -0.820  14.6-164.9 -90.3  95.0  -19.7  -19.7   -9.9               
   57   57 A I        -     0   0  163     -2,-1.1     2,-0.8     2,-0.0    -2,-0.1  -0.738  19.5-164.8 -67.3  82.1  -18.1  -20.9   -6.7               
   58   58 A T        -     0   0  117     -2,-1.8     2,-0.8     1,-0.1    -2,-0.1  -0.777  20.6-123.7 -78.6 110.5  -15.8  -23.0   -8.8               
   59   59 A K        -     0   0  204     -2,-0.8     2,-0.4     3,-0.0     3,-0.1  -0.480  21.6-156.2 -50.2  98.9  -14.2  -25.6   -6.4               
   60   60 A L        -     0   0  173     -2,-0.8     3,-0.1     1,-0.1    -1,-0.0  -0.762  42.1 -87.7 -80.5 129.4  -10.5  -25.0   -6.8               
   61   61 A G        -     0   0   68     -2,-0.4     2,-1.0     1,-0.2    -1,-0.1  -0.013  28.3-109.3 -57.4 141.6   -9.1  -28.4   -5.7               
   62   62 A K        +     0   0  219     -3,-0.1     2,-0.2     2,-0.0    -1,-0.2  -0.552  54.8 150.5 -52.5  99.0   -8.2  -29.7   -2.3               
   63   63 A K        -     0   0  204     -2,-1.0    -1,-0.0    -3,-0.1    -2,-0.0  -0.757  54.2 -44.0-140.2 104.1   -4.3  -29.9   -2.4               
   64   64 A G        +     0   0   74     -2,-0.2     2,-1.1     1,-0.2    -2,-0.0   0.770  35.6 175.8  76.0  62.5   -2.3  -29.5    0.7               
   65   65 A V        -     0   0  144      2,-0.0     2,-0.6     0, 0.0    -1,-0.2  -0.832  39.7-139.8 -80.4  99.8   -2.5  -27.0    3.6               
   66   66 A K        -     0   0  194     -2,-1.1     2,-0.5     1,-0.1     0, 0.0  -0.561  11.2-133.1 -58.0 111.7    0.3  -28.6    5.6               
   67   67 A Q        -     0   0  157     -2,-0.6     2,-1.4     1,-0.1    -1,-0.1  -0.615  12.6-130.4 -60.2 119.7   -0.8  -28.6    9.2               
   68   68 A F        +     0   0  202     -2,-0.5     2,-0.7     2,-0.0    -1,-0.1  -0.705  34.2 178.1 -68.0  92.9    2.1  -27.3   11.4               
   69   69 A K        -     0   0  172     -2,-1.4     2,-0.7     2,-0.0    -2,-0.0  -0.928  15.7-156.8 -93.1 102.3    2.0  -30.1   14.0               
   70   70 A N        -     0   0  152     -2,-0.7     2,-0.6     2,-0.0    -2,-0.0  -0.778  10.1-161.0 -74.9 115.0    4.8  -29.4   16.4               
   71   71 A K        +     0   0  185     -2,-0.7     2,-0.3     2,-0.0    -2,-0.0  -0.930  17.0 169.3 -93.7 114.9    5.6  -32.8   17.9               
   72   72 A Q        -     0   0  186     -2,-0.6     2,-0.4     0, 0.0    -2,-0.0  -0.831  14.3-162.0-131.9  99.5    7.5  -32.6   21.2               
   73   73 A Q        -     0   0  180     -2,-0.3     2,-0.1     1,-0.1    -2,-0.0  -0.692  24.5 -98.7 -58.2 137.0    7.9  -35.7   23.2               
   74   74 A G        +     0   0   73     -2,-0.4    -1,-0.1     0, 0.0     2,-0.1   0.100  35.5 163.0 119.2  90.8    8.7  -35.7   26.3               
   75   75 A D        -     0   0  130     -2,-0.1    -2,-0.0     0, 0.0     0, 0.0  -0.492  45.8 -20.7-169.4 137.8   10.9  -36.0   29.3               
   76   76 A K        +     0   0  175     -2,-0.1     0, 0.0     1,-0.0     0, 0.0   0.963  39.6 179.5  63.1 104.8   11.1  -35.2   33.1               
   77   77 A S        -     0   0  106      0, 0.0    -1,-0.0     0, 0.0     2,-0.0  -0.162  14.3-156.6 -63.8 169.9    9.6  -32.8   35.7               
   78   78 A P        -     0   0  118      0, 0.0     0, 0.0     0, 0.0     0, 0.0  -0.232  29.3-109.2-144.9 137.7    9.7  -32.0   39.0               
   79   79 A K        +     0   0  184      1,-0.1     2,-0.3    -2,-0.0     0, 0.0   0.587  25.9 176.6  37.7 112.0    7.0  -30.3   41.0               
   80   80 A N        -     0   0  178      2,-0.0     2,-0.4     0, 0.0    -1,-0.1  -0.912  30.9-149.7-136.2 127.7    6.1  -27.2   42.7               
   81   81 A K        +     0   0  171     -2,-0.3     2,-0.3     2,-0.0     0, 0.0  -0.720  26.5 168.4 -84.9 131.9    2.5  -27.3   44.2               
   82   82 A F        -     0   0  215     -2,-0.4    -2,-0.0     2,-0.0     0, 0.0  -0.859  17.3-177.9-134.9 107.4   -0.0  -24.6   44.7               
   83   83 A Q        -     0   0  155     -2,-0.3     2,-0.8     2,-0.0    -2,-0.0  -0.729  30.4-128.0 -80.6 146.1   -3.5  -26.1   45.6               
   84   84 A P        -     0   0  131      0, 0.0     2,-0.5     0, 0.0    -2,-0.0  -0.892  40.6-151.1 -87.5 107.3   -6.6  -24.0   46.2               
   85   85 A A        -     0   0   78     -2,-0.8    -2,-0.0     1,-0.2     0, 0.0  -0.746  21.3 -55.5 -84.6 128.6   -7.6  -25.4   49.6               
   86   86 A N        -     0   0  136     -2,-0.5    -1,-0.2     1,-0.0     0, 0.0   0.842  49.5 -45.0  54.0 119.1  -11.0  -25.7   51.1               
   87   87 A K        -     0   0  181      1,-0.1     2,-0.2     0, 0.0    -1,-0.0   0.524  16.8-177.6  41.0 104.4  -14.2  -24.7   52.3               
   88   88 A F        -     0   0  186      2,-0.0     2,-0.6     0, 0.0    -1,-0.1  -0.696   9.3-179.2-136.8  97.1  -15.7  -21.9   54.4               
   89   89 A N        +     0   0  166     -2,-0.2     2,-0.1     2,-0.0     0, 0.0  -0.757  16.8 157.8 -59.5 118.1  -19.4  -22.3   54.9               
   90   90 A K        -     0   0  176     -2,-0.6     2,-0.4     2,-0.0    -2,-0.0  -0.588  27.7-158.0-150.7  98.1  -20.4  -19.3   57.0               
   91   91 A K        -     0   0  206     -2,-0.1     2,-1.1     1,-0.1    -2,-0.0  -0.538  22.1-134.1 -48.4 113.7  -24.1  -18.3   56.9               
   92   92 A R        -     0   0  250     -2,-0.4     2,-0.5     2,-0.0    -1,-0.1  -0.791  24.7-174.7 -76.8  99.2  -24.1  -14.6   58.0               
   93   93 A K        +     0   0  201     -2,-1.1     2,-0.4     2,-0.0     0, 0.0  -0.884   4.7 179.8 -73.8 126.9  -26.9  -14.4   60.5               
   94   94 A F        -     0   0  202     -2,-0.5    -2,-0.0     2,-0.0     0, 0.0  -0.977  23.0-126.4-132.7 130.5  -27.2  -10.7   61.4               
   95   95 A Q        -     0   0  164     -2,-0.4     2,-0.5     1,-0.0    -2,-0.0  -0.252   4.1-134.8 -71.8 153.6  -30.0   -9.9   63.9               
   96   96 A P        -     0   0  124      0, 0.0     2,-0.3     0, 0.0    -1,-0.0  -0.959  25.1-178.9-108.1 113.3  -32.9   -7.4   63.9               
   97   97 A D        -     0   0  160     -2,-0.5    -2,-0.0     1,-0.1     0, 0.0  -0.967  26.2 -93.3-118.4 136.4  -33.5   -5.4   67.1               
   98   98 A G        +     0   0   65     -2,-0.3    -1,-0.1     0, 0.0     0, 0.0   0.762  48.2 108.1 157.2 147.8  -36.0   -3.2   67.4               
   99   99 A R        -     0   0  244      0, 0.0    -2,-0.0     0, 0.0     0, 0.0   0.642  39.9 -24.7  93.7 100.1  -38.5   -0.2   67.6               
  100  100 A S        +     0   0   97      0, 0.0     0, 0.0     0, 0.0     0, 0.0   0.924  39.2  63.7  88.0 127.6  -41.4    1.1   66.0               
  101  101 A D        -     0   0  139      0, 0.0     0, 0.0     0, 0.0     0, 0.0   0.719  38.2 -87.4-153.3 154.1  -44.0    2.2   64.1               
  102  102 A E        +     0   0  182      2,-0.0     2,-0.1     0, 0.0     0, 0.0   0.625  44.1 118.3  37.7 102.8  -47.1    1.4   62.2               
  103  103 A S        -     0   0  121      2,-0.0     2,-1.3     0, 0.0     0, 0.0  -0.300  44.4-134.1-173.0 128.1  -48.4    0.5   58.9               
  104  104 A A        +     0   0  110     -2,-0.1     2,-0.9     1,-0.1    -2,-0.0  -0.455  25.8 172.9 -72.0  92.3  -50.3   -2.8   58.1               
  105  105 A A        -     0   0   95     -2,-1.3     2,-0.2     3,-0.0    -1,-0.1  -0.836  31.4-135.9 -94.4  99.1  -49.0   -4.4   54.8               
  106  106 A K        -     0   0  204     -2,-0.9     3,-0.1     1,-0.1    -2,-0.0  -0.374  22.8-113.6 -51.7 119.8  -50.8   -7.8   54.6               
  107  107 A K        -     0   0  193     -2,-0.2    -1,-0.1     1,-0.1     3,-0.1  -0.349  43.3 -95.5 -50.8 133.2  -48.4  -10.6   53.7               
  108  108 A P        -     0   0  114      0, 0.0     2,-0.2     0, 0.0    -1,-0.1  -0.343  41.6-111.8 -57.3 128.5  -49.4  -11.9   50.2               
  109  109 A K    >>  -     0   0  157      1,-0.1     3,-1.3    -3,-0.1     4,-1.2  -0.453  20.9-128.1 -59.7 130.0  -51.6  -15.0   50.5               
  110  110 A W  H 3> S+     0   0  176      1,-0.3     4,-2.0     2,-0.2    -1,-0.1   0.814 109.2  62.5 -51.4 -31.1  -49.6  -18.0   49.2               
  111  111 A D  H 3> S+     0   0  111      1,-0.2     4,-2.7     2,-0.2    -1,-0.3   0.873  97.9  54.6 -65.4 -35.0  -52.6  -18.8   47.0               
  112  112 A D  H <> S+     0   0   84     -3,-1.3     4,-2.8     2,-0.2    -1,-0.2   0.867 108.1  50.5 -66.7 -34.3  -52.2  -15.5   45.1               
  113  113 A F  H  X S+     0   0  137     -4,-1.2     4,-2.1     2,-0.2    -2,-0.2   0.921 112.7  45.0 -70.3 -41.9  -48.5  -16.4   44.4               
  114  114 A K  H  X S+     0   0  121     -4,-2.0     4,-2.2     2,-0.2    -2,-0.2   0.912 114.2  50.1 -64.4 -42.1  -49.6  -19.9   43.0               
  115  115 A K  H  X S+     0   0  128     -4,-2.7     4,-3.0     2,-0.2     3,-0.2   0.971 111.2  48.0 -62.2 -50.0  -52.5  -18.2   41.0               
  116  116 A K  H  X S+     0   0  147     -4,-2.8     4,-2.5     1,-0.2    -1,-0.2   0.864 112.4  50.1 -56.2 -41.1  -50.0  -15.6   39.5               
  117  117 A K  H  X S+     0   0  151     -4,-2.1     4,-1.6     2,-0.2    -1,-0.2   0.884 113.5  44.7 -67.3 -39.2  -47.6  -18.5   38.6               
  118  118 A K  H  X S+     0   0  142     -4,-2.2     4,-2.6    -3,-0.2    -2,-0.2   0.931 114.3  49.2 -69.1 -44.8  -50.4  -20.5   36.9               
  119  119 A E  H  X S+     0   0   94     -4,-3.0     4,-3.1     1,-0.2    -2,-0.2   0.910 110.6  51.1 -60.0 -42.7  -51.7  -17.4   35.1               
  120  120 A L  H  X S+     0   0   91     -4,-2.5     4,-2.1    -5,-0.2    -1,-0.2   0.874 111.6  47.6 -64.0 -37.8  -48.1  -16.6   33.9               
  121  121 A K  H  X S+     0   0  138     -4,-1.6     4,-2.2     2,-0.2    -2,-0.2   0.923 115.0  44.6 -68.6 -44.4  -47.7  -20.2   32.6               
  122  122 A Q  H  X S+     0   0  107     -4,-2.6     4,-2.6     2,-0.2     5,-0.2   0.925 112.2  52.8 -64.8 -43.2  -51.1  -20.1   30.8               
  123  123 A S  H  X S+     0   0   75     -4,-3.1     4,-2.6     2,-0.2    -2,-0.2   0.912 110.2  48.8 -57.7 -43.7  -50.3  -16.6   29.4               
  124  124 A R  H  X S+     0   0  157     -4,-2.1     4,-2.7     2,-0.2    -2,-0.2   0.937 112.3  47.5 -61.5 -47.6  -47.0  -17.9   28.0               
  125  125 A Q  H  X S+     0   0  116     -4,-2.2     4,-1.9     2,-0.2    -2,-0.2   0.887 115.3  44.9 -62.9 -40.5  -48.6  -20.9   26.4               
  126  126 A L  H  X S+     0   0  125     -4,-2.6     4,-2.7     2,-0.2     5,-0.2   0.899 112.6  52.5 -70.0 -40.6  -51.4  -18.7   24.8               
  127  127 A S  H  X S+     0   0   45     -4,-2.6     4,-2.9    -5,-0.2     5,-0.3   0.929 108.9  50.2 -54.2 -48.7  -48.7  -16.1   23.8               
  128  128 A D  H  X S+     0   0  104     -4,-2.7     4,-2.2     2,-0.2    -2,-0.2   0.912 113.0  45.7 -64.8 -39.9  -46.7  -18.9   22.0               
  129  129 A K  H  X S+     0   0  151     -4,-1.9     4,-2.2     2,-0.2    -2,-0.2   0.935 116.1  44.6 -68.1 -45.6  -49.8  -20.2   20.1               
  130  130 A T  H  X S+     0   0   69     -4,-2.7     4,-1.7     2,-0.2    -2,-0.2   0.901 115.0  48.7 -67.4 -39.6  -51.0  -16.6   19.1               
  131  131 A N  H  X S+     0   0   46     -4,-2.9     4,-2.5    -5,-0.2    -2,-0.2   0.905 110.2  53.0 -64.7 -41.1  -47.4  -15.7   18.1               
  132  132 A Y  H  X S+     0   0  154     -4,-2.2     4,-2.5    -5,-0.3    -2,-0.2   0.953 108.4  48.2 -59.2 -50.6  -47.0  -18.9   16.1               
  133  133 A D  H  X S+     0   0   71     -4,-2.2     4,-2.2     1,-0.2    -1,-0.2   0.872 113.6  48.1 -60.6 -38.0  -50.3  -18.3   14.0               
  134  134 A I  H  X S+     0   0   14     -4,-1.7     4,-2.9     2,-0.2     5,-0.2   0.933 110.8  50.4 -67.7 -45.5  -49.2  -14.7   13.3               
  135  135 A V  H  X S+     0   0   13     -4,-2.5     4,-2.3     2,-0.2    -2,-0.2   0.900 110.7  50.2 -60.5 -42.0  -45.6  -15.9   12.2               
  136  136 A V  H  X S+     0   0   49     -4,-2.5     4,-2.0     2,-0.2    -2,-0.2   0.959 115.2  41.8 -62.2 -50.7  -47.2  -18.5    9.9               
  137  137 A R  H  X S+     0   0  140     -4,-2.2     4,-2.1     2,-0.2    -2,-0.2   0.922 115.1  50.6 -63.3 -43.0  -49.5  -16.0    8.2               
  138  138 A A  H  X S+     0   0    0     -4,-2.9     4,-2.4     1,-0.2    -1,-0.2   0.877 109.3  52.0 -65.9 -35.6  -46.8  -13.3    8.0               
  139  139 A K  H  X S+     0   0   59     -4,-2.3     4,-2.7    -5,-0.2    -1,-0.2   0.900 106.5  53.7 -64.2 -41.6  -44.4  -15.9    6.4               
  140  140 A Q  H  X S+     0   0  124     -4,-2.0     4,-0.9     2,-0.2    -2,-0.2   0.937 111.8  44.8 -59.6 -45.3  -47.0  -16.8    3.8               
  141  141 A M  H >X S+     0   0   37     -4,-2.1     4,-2.7     1,-0.2     3,-0.7   0.930 113.4  51.4 -61.4 -44.9  -47.3  -13.0    2.9               
  142  142 A W  H 3X S+     0   0   28     -4,-2.4     4,-2.4     1,-0.2    -2,-0.2   0.882 101.9  59.1 -60.9 -41.0  -43.5  -12.7    2.9               
  143  143 A E  H 3< S+     0   0   78     -4,-2.7    -1,-0.2     1,-0.2    -2,-0.2   0.756 114.0  39.2 -63.0 -23.9  -43.0  -15.7    0.5               
  144  144 A I  H X< S+     0   0   55     -4,-0.9     3,-1.6    -3,-0.7     6,-0.3   0.889 114.2  52.7 -85.8 -47.9  -45.1  -13.8   -2.0               
  145  145 A L  H 3< S+     0   0    0     -4,-2.7    -2,-0.2     1,-0.3    -3,-0.2   0.793 103.3  58.5 -59.7 -33.0  -43.6  -10.3   -1.3               
  146  146 A R  T 3< S+     0   0  125     -4,-2.4    -1,-0.3    -5,-0.2     2,-0.2   0.593  88.8  95.0 -73.0 -15.5  -40.0  -11.5   -1.7               
  147  147 A R  S X  S-     0   0  134     -3,-1.6     3,-0.7    -5,-0.2    -3,-0.0  -0.496  73.6-137.7 -80.6 150.3  -40.6  -12.6   -5.3               
  148  148 A K  T 3  S+     0   0  212      1,-0.2    -1,-0.1    -2,-0.2    -3,-0.0   0.668 101.7  65.6 -77.4 -17.6  -39.9  -10.4   -8.4               
  149  149 A D  T 3  S+     0   0  116     -5,-0.1     2,-0.9     2,-0.1    -1,-0.2   0.507  72.4 108.8 -81.7  -9.3  -43.2  -11.5  -10.0               
  150  150 A C    <   -     0   0    4     -3,-0.7    -6,-0.0    -6,-0.3     0, 0.0  -0.627  67.2-142.1 -73.0 105.1  -45.3   -9.8   -7.2               
  151  151 A D     >  -     0   0   82     -2,-0.9     4,-2.2     1,-0.1     5,-0.1   0.019  22.0-101.5 -61.8 168.2  -46.8   -6.7   -9.0               
  152  152 A K  H  > S+     0   0  174      2,-0.2     4,-2.3     1,-0.2     5,-0.1   0.883 118.8  47.9 -66.3 -39.5  -47.2   -3.3   -7.4               
  153  153 A E  H  > S+     0   0  164      2,-0.2     4,-2.6     1,-0.2    -1,-0.2   0.956 113.9  46.2 -70.4 -47.4  -50.9   -3.6   -6.6               
  154  154 A K  H  > S+     0   0  103      1,-0.2     4,-2.8     2,-0.2     5,-0.2   0.881 112.6  52.7 -59.2 -40.1  -50.6   -7.1   -5.0               
  155  155 A R  H  X S+     0   0   64     -4,-2.2     4,-2.3     2,-0.2    -2,-0.2   0.929 109.4  47.3 -62.0 -47.8  -47.5   -5.8   -3.1               
  156  156 A V  H  X S+     0   0  103     -4,-2.3     4,-2.1     2,-0.2    -2,-0.2   0.930 114.5  47.9 -60.7 -44.4  -49.5   -2.8   -1.7               
  157  157 A K  H  X S+     0   0  144     -4,-2.6     4,-2.6     2,-0.2     3,-0.3   0.962 113.6  45.5 -59.7 -53.8  -52.4   -5.1   -0.7               
  158  158 A L  H  X S+     0   0   22     -4,-2.8     4,-2.4     1,-0.2    -1,-0.2   0.826 112.1  52.9 -60.8 -35.0  -50.1   -7.7    1.0               
  159  159 A M  H  X S+     0   0    3     -4,-2.3     4,-2.3    -5,-0.2    -1,-0.2   0.873 110.3  47.3 -68.6 -37.5  -48.2   -4.9    2.8               
  160  160 A S  H  X S+     0   0   42     -4,-2.1     4,-2.1    -3,-0.3    -2,-0.2   0.923 114.2  46.8 -66.9 -44.0  -51.5   -3.5    4.2               
  161  161 A D  H  X S+     0   0   60     -4,-2.6     4,-1.9     1,-0.2    -2,-0.2   0.920 114.1  48.5 -63.2 -42.0  -52.6   -7.0    5.3               
  162  162 A L  H  X S+     0   0    0     -4,-2.4     4,-2.0    -5,-0.2    -2,-0.2   0.911 108.0  54.8 -64.5 -43.0  -49.2   -7.6    6.8               
  163  163 A Q  H  X S+     0   0   23     -4,-2.3     4,-1.1     1,-0.2    -2,-0.2   0.930 111.1  44.3 -55.1 -50.8  -49.3   -4.1    8.6               
  164  164 A K  H  < S+     0   0  150     -4,-2.1    -1,-0.2     1,-0.2    -2,-0.2   0.854 114.1  51.3 -62.7 -38.0  -52.7   -5.0   10.3               
  165  165 A L  H  < S+     0   0   32     -4,-1.9    -1,-0.2     1,-0.2    -2,-0.2   0.842 117.3  35.5 -69.0 -37.9  -51.4   -8.6   11.2               
  166  166 A I  H >< S+     0   0    0     -4,-2.0     3,-2.3    -3,-0.2     4,-0.4   0.446  80.0 132.9-101.7  -4.5  -48.1   -7.5   12.9               
  167  167 A Q  T 3< S+     0   0  122     -4,-1.1    -3,-0.0     1,-0.3    31,-0.0  -0.250  84.0   6.2 -55.4 129.5  -49.2   -4.2   14.6               
  168  168 A G  T 3  S+     0   0   63     29,-0.1    -1,-0.3     1,-0.1     4,-0.1   0.484 124.4  73.1  73.2   3.5  -48.0   -4.1   18.3               
  169  169 A K    <>  +     0   0   78     -3,-2.3     4,-2.1     2,-0.1     5,-0.2   0.231  56.9 105.4-126.8   7.2  -46.0   -7.4   17.6               
  170  170 A I  H  > S+     0   0    0     -4,-0.4     4,-2.3     1,-0.2     5,-0.2   0.908  79.6  55.3 -62.2 -39.1  -43.2   -6.1   15.4               
  171  171 A K  H  > S+     0   0   94      2,-0.2     4,-1.6     1,-0.2    -1,-0.2   0.938 109.8  43.3 -57.8 -52.1  -40.7   -6.5   18.4               
  172  172 A T  H  > S+     0   0   71      1,-0.2     4,-1.5     2,-0.2     3,-0.2   0.931 117.0  47.1 -64.3 -41.4  -41.5  -10.2   19.0               
  173  173 A I  H  < S+     0   0    4     -4,-2.1    -1,-0.2     1,-0.2     6,-0.2   0.822 108.8  56.3 -67.8 -33.2  -41.4  -11.0   15.3               
  174  174 A A  H  < S+     0   0    0     -4,-2.3    -1,-0.2    -5,-0.2    -2,-0.2   0.851 111.8  41.4 -67.5 -37.2  -38.1   -9.0   14.8               
  175  175 A F  H  < S+     0   0   60     -4,-1.6     2,-0.3    -3,-0.2    -2,-0.2   0.706  91.5 101.2 -85.5 -21.8  -36.3  -11.1   17.5               
  176  176 A A  S >X S-     0   0   31     -4,-1.5     4,-2.0    -5,-0.2     3,-0.7  -0.467  70.1-142.1 -68.9 125.4  -37.8  -14.5   16.3               
  177  177 A H  T 34 S+     0   0  131     -2,-0.3     4,-0.2     1,-0.2    -1,-0.1   0.800  98.1  44.2 -58.1 -35.4  -35.1  -16.4   14.2               
  178  178 A D  T 34 S+     0   0   90      1,-0.1    -1,-0.2     2,-0.1     3,-0.1   0.647 120.7  37.7 -90.1 -17.3  -37.7  -17.8   11.7               
  179  179 A S  T X> S+     0   0    0     -3,-0.7     3,-2.0    -6,-0.2     4,-0.9   0.552  82.1  97.1-114.6  -9.3  -39.7  -14.5   11.2               
  180  180 A T  H 3X S+     0   0    5     -4,-2.0     4,-1.9     1,-0.3     5,-0.1   0.802  80.3  62.5 -52.7 -31.0  -37.1  -11.7   11.3               
  181  181 A R  H 3> S+     0   0  149      2,-0.2     4,-1.8     1,-0.2    -1,-0.3   0.796  95.0  61.2 -67.0 -27.4  -37.0  -11.7    7.4               
  182  182 A V  H <> S+     0   0    1     -3,-2.0     4,-2.7     2,-0.2     3,-0.2   0.959 106.3  44.8 -61.1 -50.6  -40.7  -10.7    7.4               
  183  183 A I  H  X S+     0   0    0     -4,-0.9     4,-2.7     1,-0.2     5,-0.2   0.898 111.0  53.8 -64.5 -39.2  -39.9   -7.4    9.2               
  184  184 A Q  H  X S+     0   0   25     -4,-1.9     4,-1.7     2,-0.2    -1,-0.2   0.884 112.5  44.3 -59.8 -39.7  -36.9   -6.8    6.9               
  185  185 A C  H  X S+     0   0    7     -4,-1.8     4,-2.3    -3,-0.2     5,-0.2   0.909 110.6  54.7 -70.6 -41.6  -39.3   -7.2    3.9               
  186  186 A Y  H  X S+     0   0    0     -4,-2.7     4,-1.2     1,-0.2    -2,-0.2   0.918 112.2  43.4 -58.9 -44.1  -41.9   -5.0    5.6               
  187  187 A I  H  < S+     0   0    0     -4,-2.7    -1,-0.2     1,-0.2    -2,-0.2   0.910 113.9  52.0 -67.8 -41.1  -39.3   -2.2    6.0               
  188  188 A Q  H  < S+     0   0   54     -4,-1.7    -2,-0.2    -5,-0.2    -1,-0.2   0.851 123.5  26.4 -65.2 -40.3  -37.9   -2.7    2.4               
  189  189 A Y  H  < S+     0   0   66     -4,-2.3    -1,-0.2    -5,-0.1    -2,-0.2   0.399  98.2 121.0-105.8  -0.3  -41.3   -2.4    0.7               
  190  190 A G     <  -     0   0    8     -4,-1.2     2,-0.1    -5,-0.2    -3,-0.1  -0.098  59.6-127.9 -55.7 153.2  -43.1   -0.3    3.3               
  191  191 A N     >  -     0   0   72    -35,-0.1     4,-2.3   -32,-0.0     5,-0.2  -0.337  44.8 -88.7 -79.9-179.9  -44.7    3.1    2.7               
  192  192 A E  H  > S+     0   0  107      2,-0.2     4,-2.5     1,-0.2     5,-0.1   0.903 129.1  49.5 -61.1 -39.6  -43.6    6.0    5.1               
  193  193 A E  H  > S+     0   0  130      2,-0.2     4,-3.0     1,-0.2     5,-0.2   0.949 111.6  47.5 -65.3 -48.0  -46.4    5.1    7.6               
  194  194 A Q  H  > S+     0   0    8      1,-0.2     4,-2.3     2,-0.2    -2,-0.2   0.896 115.0  46.3 -60.9 -44.1  -45.5    1.4    7.7               
  195  195 A R  H  X S+     0   0   32     -4,-2.3     4,-2.0     2,-0.2    -1,-0.2   0.899 112.5  50.7 -64.7 -43.2  -41.8    2.2    8.1               
  196  196 A K  H  X S+     0   0  129     -4,-2.5     4,-2.8     2,-0.2    -2,-0.2   0.941 110.8  48.7 -61.3 -46.7  -42.6    4.8   10.9               
  197  197 A Q  H  X S+     0   0   32     -4,-3.0     4,-2.1     1,-0.2    -2,-0.2   0.940 113.0  47.0 -58.0 -49.9  -44.8    2.2   12.8               
  198  198 A A  H  < S+     0   0    0     -4,-2.3     4,-0.4     1,-0.2    -1,-0.2   0.834 113.1  50.9 -60.0 -35.5  -42.0   -0.4   12.5               
  199  199 A F  H >X S+     0   0    6     -4,-2.0     4,-1.5     2,-0.2     3,-1.2   0.946 109.0  48.4 -69.3 -47.8  -39.5    2.2   13.7               
  200  200 A E  H 3< S+     0   0   89     -4,-2.8     4,-0.3     1,-0.3     3,-0.2   0.878 111.4  51.4 -62.0 -36.2  -41.5    3.3   16.8               
  201  201 A E  T 3< S+     0   0   46     -4,-2.1    -1,-0.3    -5,-0.2    -2,-0.2   0.619 123.1  30.5 -72.1 -14.2  -42.1   -0.4   17.8               
  202  202 A L  T X4 S+     0   0    0     -3,-1.2     3,-1.4    -4,-0.4     4,-0.3   0.426  86.3 101.6-123.4  -6.2  -38.2   -1.0   17.5               
  203  203 A R  G >< S+     0   0   84     -4,-1.5     3,-0.6     1,-0.3    -3,-0.1   0.786  83.8  50.5 -60.0 -30.8  -36.5    2.3   18.4               
  204  204 A D  G 3  S+     0   0  144     -4,-0.3    -1,-0.3     1,-0.2     3,-0.2   0.644 112.5  46.9 -82.7 -13.6  -35.6    1.3   22.0               
  205  205 A D  G <> S+     0   0   19     -3,-1.4     4,-3.1     1,-0.1     5,-0.3   0.250  73.3 114.4-111.7   9.5  -34.0   -2.1   20.9               
  206  206 A L  H <> S+     0   0    1     -3,-0.6     4,-1.8    -4,-0.3    -1,-0.1   0.856  80.6  46.0 -55.4 -40.1  -31.8   -0.8   17.9               
  207  207 A V  H  > S+     0   0   20      2,-0.2     4,-1.0    -3,-0.2    -1,-0.2   0.889 115.2  46.5 -70.4 -39.6  -28.5   -1.7   19.7               
  208  208 A E  H >> S+     0   0  115     -3,-0.2     4,-1.3     2,-0.2     3,-0.8   0.951 111.0  51.6 -70.2 -44.5  -29.7   -5.1   20.8               
  209  209 A L  H >< S+     0   0    0     -4,-3.1     3,-0.5     1,-0.2    -2,-0.2   0.897 107.2  55.2 -54.1 -42.9  -31.1   -5.9   17.3               
  210  210 A S  H 3< S+     0   0    0     -4,-1.8    -1,-0.2    -5,-0.3    -2,-0.2   0.771 106.9  49.9 -65.1 -28.1  -27.6   -4.9   15.9               
  211  211 A K  H << S+     0   0   77     -4,-1.0     2,-0.4    -3,-0.8    -1,-0.2   0.712  91.1  95.4 -81.8 -22.6  -25.9   -7.5   18.1               
  212  212 A A  S <X S-     0   0   29     -4,-1.3     4,-2.2    -3,-0.5     5,-0.2  -0.556  75.3-136.0 -77.5 130.5  -28.2  -10.3   17.1               
  213  213 A K  T  4 S+     0   0  121     -2,-0.4    -1,-0.1     1,-0.2     4,-0.1   0.791 102.8  25.1 -50.1 -39.0  -26.9  -12.6   14.2               
  214  214 A Y  T >4 S+     0   0  106    -39,-0.1     3,-0.7     2,-0.1    -1,-0.2   0.834 121.4  51.2 -98.8 -40.3  -30.3  -12.6   12.5               
  215  215 A S  T >> S+     0   0    3      1,-0.2     3,-2.3     2,-0.2     4,-0.7   0.705  85.6  84.0 -81.5 -17.5  -32.0   -9.3   13.6               
  216  216 A R  H 3X S+     0   0   61     -4,-2.2     4,-2.0     1,-0.3    -1,-0.2   0.795  81.6  66.1 -53.0 -31.0  -29.1   -7.0   12.8               
  217  217 A N  H <> S+     0   0   60     -3,-0.7     4,-2.0     2,-0.2    -1,-0.3   0.751  90.4  63.7 -67.5 -22.5  -30.4   -6.9    9.2               
  218  218 A I  H <> S+     0   0    0     -3,-2.3     4,-2.2     2,-0.2    -1,-0.2   0.961 105.0  45.0 -62.5 -48.3  -33.6   -5.0   10.4               
  219  219 A V  H  X S+     0   0    0     -4,-0.7     4,-2.6     1,-0.2    -2,-0.2   0.928 111.6  53.3 -63.3 -40.4  -31.4   -2.1   11.5               
  220  220 A K  H  X S+     0   0   78     -4,-2.0     4,-2.0     2,-0.2    -1,-0.2   0.885 106.9  52.8 -57.7 -39.9  -29.6   -2.4    8.1               
  221  221 A K  H  X S+     0   0   35     -4,-2.0     4,-2.8     2,-0.2     5,-0.4   0.911 108.7  48.5 -66.3 -40.0  -33.0   -2.1    6.4               
  222  222 A F  H  X S+     0   0    0     -4,-2.2     4,-2.3     1,-0.2    -2,-0.2   0.929 112.6  48.7 -63.5 -41.4  -33.9    1.1    8.4               
  223  223 A L  H  < S+     0   0    0     -4,-2.6    -2,-0.2     1,-0.2    -1,-0.2   0.851 118.4  41.6 -62.8 -34.7  -30.4    2.5    7.4               
  224  224 A M  H  < S+     0   0   66     -4,-2.0    -2,-0.2    -5,-0.2    -1,-0.2   0.894 134.7  13.0 -76.7 -44.4  -31.1    1.5    3.7               
  225  225 A Y  H  < S+     0   0   79     -4,-2.8    -3,-0.2    -5,-0.1    -2,-0.2   0.352 100.0 105.1-122.8  -5.2  -34.8    2.4    3.3               
  226  226 A G  S  < S-     0   0   16     -4,-2.3     2,-0.1    -5,-0.4   -34,-0.0  -0.249  72.9 -94.9 -76.1 168.4  -35.7    4.7    6.3               
  227  227 A S     >  -     0   0   31    -35,-0.1     4,-2.4     1,-0.1     5,-0.2  -0.340  37.7-102.2 -77.6 162.7  -36.2    8.4    6.4               
  228  228 A K  H  > S+     0   0  181      1,-0.2     4,-2.4     2,-0.2     5,-0.2   0.899 123.2  51.6 -55.4 -42.5  -33.4   11.0    7.4               
  229  229 A P  H  > S+     0   0   96      0, 0.0     4,-2.4     0, 0.0    -1,-0.2   0.903 109.8  49.7 -61.0 -40.1  -34.9   11.4   10.9               
  230  230 A Q  H  > S+     0   0   12      2,-0.2     4,-2.4     1,-0.2    -2,-0.2   0.916 111.5  48.5 -64.6 -42.4  -34.9    7.6   11.4               
  231  231 A I  H  X S+     0   0   20     -4,-2.4     4,-2.4     2,-0.2    -1,-0.2   0.926 111.8  49.7 -62.0 -44.6  -31.3    7.3   10.3               
  232  232 A A  H  X S+     0   0   40     -4,-2.4     4,-2.6     2,-0.2    -2,-0.2   0.913 110.9  49.4 -61.2 -42.0  -30.3   10.2   12.7               
  233  233 A E  H  X S+     0   0   33     -4,-2.4     4,-2.5     2,-0.2    -2,-0.2   0.899 110.0  51.1 -65.6 -39.6  -32.1    8.5   15.6               
  234  234 A I  H  X S+     0   0    0     -4,-2.4     4,-1.5     2,-0.2    -2,-0.2   0.950 111.9  46.9 -59.7 -48.2  -30.3    5.2   14.8               
  235  235 A I  H  X S+     0   0    0     -4,-2.4     4,-1.1     1,-0.2     3,-0.2   0.910 111.7  51.3 -63.8 -39.7  -27.0    7.0   14.8               
  236  236 A R  H >< S+     0   0  137     -4,-2.6     3,-0.6     1,-0.2    -1,-0.2   0.908 108.3  52.2 -60.0 -42.9  -28.0    8.8   18.1               
  237  237 A S  H 3< S+     0   0   23     -4,-2.5    -1,-0.2     1,-0.2    -2,-0.2   0.781 105.3  56.0 -65.3 -28.3  -28.9    5.3   19.6               
  238  238 A F  H >X S+     0   0    0     -4,-1.5     3,-2.3    -3,-0.2     4,-0.9   0.765  81.3 106.3 -76.8 -24.8  -25.4    4.0   18.7               
  239  239 A K  T << S+     0   0   86     -4,-1.1    32,-0.1    -3,-0.6    31,-0.0  -0.327  88.2  18.8 -58.3 131.2  -23.6    6.8   20.6               
  240  240 A G  T 34 S+     0   0   48     31,-0.1    -1,-0.3    -2,-0.0    -2,-0.1   0.299 122.9  64.5  85.0  -5.9  -22.0    5.3   23.8               
  241  241 A H  T <>  +     0   0   71     -3,-2.3     4,-2.6     2,-0.1     3,-0.4   0.506  68.3  92.9-121.2 -10.3  -22.3    1.8   22.3               
  242  242 A V  H  X S+     0   0    0     -4,-0.9     4,-3.0     1,-0.2     5,-0.2   0.912  85.7  53.0 -60.9 -44.3  -19.9    1.8   19.3               
  243  243 A R  H  4 S+     0   0   89      1,-0.2     4,-0.3     2,-0.2    -1,-0.2   0.864 113.3  44.8 -57.5 -40.0  -16.9    0.4   21.3               
  244  244 A K  H >4 S+     0   0  119     -3,-0.4     3,-1.2     2,-0.2     4,-0.3   0.913 112.6  51.2 -70.2 -42.0  -19.1   -2.5   22.4               
  245  245 A M  H >< S+     0   0    0     -4,-2.6     3,-2.1     1,-0.3     7,-0.8   0.895 101.7  61.5 -62.2 -38.5  -20.5   -3.0   18.9               
  246  246 A L  T 3< S+     0   0    3     -4,-3.0    -1,-0.3     1,-0.3    -2,-0.2   0.590  93.6  65.1 -67.2  -9.0  -16.9   -3.1   17.5               
  247  247 A R  T <  S+     0   0  135     -3,-1.2     2,-0.4    -4,-0.3    -1,-0.3   0.646  97.2  67.6 -81.1 -14.3  -16.3   -6.2   19.7               
  248  248 A H  S <> S-     0   0   78     -3,-2.1     4,-2.1    -4,-0.3     5,-0.2  -0.905  71.1-148.5-110.1 133.3  -18.9   -8.1   17.6               
  249  249 A A  H  > S+     0   0   42     -2,-0.4     4,-1.0     1,-0.2    -1,-0.1   0.839 102.6  50.0 -62.2 -32.9  -18.4   -9.1   13.9               
  250  250 A E  H  > S+     0   0   56      2,-0.2     4,-0.6   -39,-0.2    -1,-0.2   0.960 115.2  36.7 -68.6 -57.9  -22.2   -8.7   13.5               
  251  251 A A  H >> S+     0   0    0     -6,-0.3     4,-2.0     1,-0.2     3,-0.8   0.837 109.6  62.8 -73.4 -34.2  -22.8   -5.2   15.1               
  252  252 A S  H 3X S+     0   0    0     -4,-2.1     4,-2.6    -7,-0.8    -1,-0.2   0.892 100.6  54.3 -57.9 -38.6  -19.5   -3.7   13.7               
  253  253 A A  H 3X S+     0   0   41     -4,-1.0     4,-1.6    -5,-0.2    -1,-0.2   0.761 107.6  50.5 -67.4 -27.3  -20.8   -4.3   10.1               
  254  254 A I  H <X S+     0   0    5     -3,-0.8     4,-2.0    -4,-0.6    -2,-0.2   0.924 113.0  43.7 -76.1 -46.2  -24.1   -2.3   11.0               
  255  255 A V  H  X S+     0   0    0     -4,-2.0     4,-2.7     2,-0.2    -2,-0.2   0.899 113.8  52.3 -67.4 -36.7  -22.2    0.7   12.5               
  256  256 A E  H  X S+     0   0   26     -4,-2.6     4,-3.1    -5,-0.2     5,-0.4   0.936 108.8  50.0 -61.0 -46.1  -19.7    0.6    9.5               
  257  257 A Y  H  X S+     0   0   35     -4,-1.6     4,-1.7     1,-0.2     5,-0.5   0.892 112.4  47.7 -61.4 -38.8  -22.7    0.6    7.1               
  258  258 A A  H  X>S+     0   0    0     -4,-2.0     5,-2.6     3,-0.2     4,-1.2   0.952 116.7  43.9 -62.0 -47.8  -24.1    3.6    8.9               
  259  259 A Y  H  <5S+     0   0   23     -4,-2.7    -2,-0.2     3,-0.2    -3,-0.2   0.909 123.1  32.8 -63.8 -48.9  -20.7    5.4    8.9               
  260  260 A N  H  <5S+     0   0   98     -4,-3.1    -3,-0.2    -5,-0.1    -2,-0.2   0.889 130.5  25.8 -81.4 -43.3  -19.6    4.7    5.3               
  261  261 A D  H  <5S+     0   0   87     -4,-1.7    -3,-0.2    -5,-0.4    -2,-0.1   0.603 132.8  18.3-101.9 -18.3  -22.9    4.7    3.3               
  262  262 A K  T  <5S+     0   0   67     -4,-1.2     2,-0.3    -5,-0.5    -3,-0.2   0.697  89.8  99.0-128.2 -36.9  -25.4    6.9    5.3               
  263  263 A A      < -     0   0    7     -5,-2.6     2,-0.1    -6,-0.2   -31,-0.0  -0.444  54.6-146.1 -73.2 130.5  -23.7    9.2    7.8               
  264  264 A I     >  -     0   0  101     -2,-0.3     4,-2.5     1,-0.0     5,-0.2  -0.310  45.6 -84.7 -72.9 173.0  -23.1   12.9    7.1               
  265  265 A L  H  > S+     0   0  109      1,-0.2     4,-2.3     2,-0.2     5,-0.1   0.892 129.7  47.2 -53.8 -48.1  -19.9   14.5    8.7               
  266  266 A E  H  > S+     0   0  130      1,-0.2     4,-2.3     2,-0.2    -1,-0.2   0.906 113.3  49.5 -61.8 -40.3  -21.5   15.3   12.1               
  267  267 A Q  H  > S+     0   0   27      2,-0.2     4,-1.6     1,-0.2    -1,-0.2   0.873 108.4  52.8 -67.7 -37.6  -23.0   11.8   12.3               
  268  268 A R  H  X S+     0   0   86     -4,-2.5     4,-1.5     2,-0.2    -2,-0.2   0.938 109.2  50.2 -60.7 -44.4  -19.6   10.2   11.4               
  269  269 A N  H  X S+     0   0   67     -4,-2.3     4,-1.9     1,-0.2     3,-0.5   0.929 107.3  53.9 -59.8 -46.0  -18.1   12.2   14.3               
  270  270 A M  H  < S+     0   0   50     -4,-2.3     4,-0.5     1,-0.2    -1,-0.2   0.834 108.6  49.5 -55.9 -39.3  -20.8   11.0   16.7               
  271  271 A L  H  < S+     0   0    0     -4,-1.6    -1,-0.2    -3,-0.2    -2,-0.2   0.795 119.3  36.8 -72.8 -30.5  -20.0    7.3   15.8               
  272  272 A T  H >< S+     0   0    2     -4,-1.5     3,-2.0    -3,-0.5     4,-0.3   0.646  93.1  92.1 -91.2 -17.6  -16.2    7.8   16.4               
  273  273 A E  G >< S+     0   0   32     -4,-1.9     3,-1.4     1,-0.3    -2,-0.1   0.842  83.4  50.3 -53.0 -47.2  -16.5   10.2   19.4               
  274  274 A E  G >  S+     0   0   37     -4,-0.5     3,-0.8     1,-0.2    -1,-0.3   0.604  98.3  70.4 -68.3 -12.8  -16.4    7.5   22.2               
  275  275 A L  G <  S+     0   0    0     -3,-2.0    -1,-0.2     1,-0.2    -2,-0.2   0.580  83.2  70.3 -84.6  -8.7  -13.2    5.9   20.6               
  276  276 A Y  G <> S-     0   0   10     -3,-1.4     4,-0.5    -4,-0.3    33,-0.3   0.369 108.2-111.9 -85.8   0.9  -11.0    8.9   21.5               
  277  277 A G  H <>  -     0   0    2     -3,-0.8     4,-1.2    31,-0.2    -1,-0.3  -0.136  28.5 -75.2  90.5 169.3  -11.1    8.0   25.3               
  278  278 A N  H  > S+     0   0  134      2,-0.2     4,-1.4     1,-0.2    -1,-0.1   0.865 126.0  58.8 -71.6 -39.7  -12.7    9.6   28.4               
  279  279 A T  H >> S+     0   0   17      1,-0.2     4,-1.5     2,-0.2     3,-0.5   0.931 105.1  50.9 -61.0 -42.4  -10.0   12.4   28.7               
  280  280 A F  H 3X S+     0   0    5     -4,-0.5     4,-1.9     1,-0.2    -1,-0.2   0.903 106.9  54.4 -59.7 -40.4  -11.0   13.6   25.2               
  281  281 A Q  H 3< S+     0   0   53     -4,-1.2    -1,-0.2     1,-0.2    -2,-0.2   0.803 107.3  51.3 -63.0 -31.7  -14.7   13.7   26.2               
  282  282 A L  H << S+     0   0  130     -4,-1.4    -1,-0.2    -3,-0.5    -2,-0.2   0.851 117.0  37.1 -71.5 -38.7  -13.8   15.9   29.2               
  283  283 A Y  H  < S+     0   0   73     -4,-1.5    -2,-0.2    -3,-0.1     2,-0.2   0.574  88.9 106.1 -97.9 -13.0  -11.9   18.5   27.1               
  284  284 A K     <  +     0   0   72     -4,-1.9     2,-0.2    -5,-0.2     5,-0.2  -0.461  47.2 170.4 -62.3 139.2  -14.0   18.6   23.9               
  285  285 A S        -     0   0   48      3,-1.4    -2,-0.1    -2,-0.2     9,-0.0  -0.788  53.0 -90.0-137.2 178.9  -16.1   21.8   23.7               
  286  286 A A  S    S+     0   0   68     -2,-0.2     3,-0.3     1,-0.2    -2,-0.0   0.838 132.8  38.5 -59.6 -30.5  -18.3   23.6   21.1               
  287  287 A D  S    S+     0   0  131      1,-0.2     2,-0.7     2,-0.1    -1,-0.2   0.802 120.2  45.8 -87.6 -34.5  -15.0   25.4   20.0               
  288  288 A H        +     0   0   53      1,-0.2    -3,-1.4    -5,-0.1    -1,-0.2  -0.660  66.5 145.2-113.2  71.0  -12.7   22.3   20.3               
  289  289 A R        +     0   0  176     -2,-0.7     2,-0.3    -3,-0.3    -1,-0.2   0.625  54.7  62.5 -84.0 -18.8  -14.8   19.5   18.6               
  290  290 A T  S  > S-     0   0   66     -3,-0.2     4,-2.3     1,-0.1     5,-0.2  -0.763  85.1-116.2-112.8 156.1  -11.9   17.5   17.1               
  291  291 A L  H  > S+     0   0    7     -2,-0.3     4,-2.6     2,-0.2     5,-0.2   0.924 116.8  55.2 -54.4 -45.5   -8.9   15.6   18.5               
  292  292 A D  H  > S+     0   0   73      1,-0.2     4,-2.0     2,-0.2    -1,-0.2   0.932 110.7  43.4 -51.2 -52.8   -6.6   18.2   16.7               
  293  293 A K  H  > S+     0   0   82      1,-0.2     4,-1.4     2,-0.2    -1,-0.2   0.829 112.7  52.3 -68.8 -34.4   -8.2   21.2   18.4               
  294  294 A V  H  X S+     0   0    2     -4,-2.3     4,-2.1     2,-0.2    -1,-0.2   0.916 112.1  46.3 -66.0 -41.7   -8.4   19.4   21.8               
  295  295 A L  H  < S+     0   0   12     -4,-2.6    -2,-0.2     2,-0.2    -1,-0.2   0.808 107.9  56.8 -72.0 -30.2   -4.6   18.7   21.6               
  296  296 A E  H  < S+     0   0  126     -4,-2.0    -1,-0.2    -5,-0.2    -2,-0.2   0.883 117.7  34.1 -62.5 -39.1   -3.8   22.3   20.4               
  297  297 A V  H  < S+     0   0   66     -4,-1.4    -2,-0.2     1,-0.2    -1,-0.2   0.745 130.8  31.9 -89.6 -29.2   -5.5   23.6   23.7               
  298  298 A Q    ><  +     0   0   45     -4,-2.1     3,-1.9    -5,-0.1     4,-0.2  -0.501  64.2 155.1-128.1  59.7   -4.5   20.8   26.1               
  299  299 A P  G >  S+     0   0   79      0, 0.0     3,-1.6     0, 0.0     4,-0.3   0.820  71.8  66.4 -60.6 -27.8   -1.1   19.6   24.8               
  300  300 A E  G 3  S+     0   0  118      1,-0.3     4,-0.3     2,-0.1     3,-0.2   0.644  97.1  55.7 -66.3 -16.2   -0.2   18.3   28.4               
  301  301 A K  G <> S+     0   0   59     -3,-1.9     4,-2.7    -7,-0.1     5,-0.3   0.442  78.2 100.5 -93.8  -0.7   -3.1   15.7   27.9               
  302  302 A L  H <> S+     0   0   49     -3,-1.6     4,-2.6     1,-0.2     5,-0.2   0.904  82.1  44.7 -54.3 -52.7   -1.6   14.2   24.7               
  303  303 A E  H  > S+     0   0  141     -4,-0.3     4,-2.4     1,-0.2    -1,-0.2   0.907 115.6  48.2 -62.0 -41.0    0.1   11.1   26.3               
  304  304 A L  H  > S+     0   0   85     -4,-0.3     4,-2.4     2,-0.2    -2,-0.2   0.925 113.5  45.9 -66.1 -46.4   -3.0   10.3   28.4               
  305  305 A I  H  X S+     0   0    0     -4,-2.7     4,-2.5     1,-0.2    -2,-0.2   0.923 114.2  49.7 -62.6 -44.0   -5.5   10.7   25.5               
  306  306 A M  H  X S+     0   0    0     -4,-2.6     4,-2.5    -5,-0.3    -2,-0.2   0.895 110.7  48.6 -66.1 -39.6   -3.2    8.6   23.2               
  307  307 A D  H  X S+     0   0   60     -4,-2.4     4,-2.5     2,-0.2     5,-0.2   0.952 111.6  49.7 -66.2 -43.0   -2.8    5.8   25.8               
  308  308 A E  H  X S+     0   0   41     -4,-2.4     4,-1.4     1,-0.2    -2,-0.2   0.936 111.9  48.9 -57.8 -45.5   -6.7    5.7   26.3               
  309  309 A M  H  X S+     0   0    0     -4,-2.5     4,-2.9   -33,-0.3     3,-0.3   0.922 108.8  53.9 -58.7 -43.2   -7.0    5.5   22.5               
  310  310 A K  H  X S+     0   0   27     -4,-2.5     4,-2.4     1,-0.2    -2,-0.2   0.925 107.9  49.0 -58.6 -45.1   -4.4    2.6   22.5               
  311  311 A Q  H  < S+     0   0  105     -4,-2.5    -1,-0.2     1,-0.2    -2,-0.2   0.768 116.3  44.5 -65.3 -28.2   -6.4    0.6   25.1               
  312  312 A I  H  < S+     0   0   11     -4,-1.4     4,-0.3    -3,-0.3    -2,-0.2   0.917 120.0  37.9 -77.1 -47.1   -9.6    1.2   22.9               
  313  313 A L  H >X S+     0   0    0     -4,-2.9     3,-1.7     1,-0.2     4,-1.1   0.845  98.9  72.6 -81.7 -37.6   -8.1    0.4   19.5               
  314  314 A T  H >X S+     0   0   31     -4,-2.4     4,-0.7     1,-0.3     3,-0.7   0.868  96.2  51.4 -52.7 -45.5   -5.7   -2.5   20.2               
  315  315 A P  H 34 S+     0   0   68      0, 0.0    -1,-0.3     0, 0.0     3,-0.2   0.726 102.8  61.6 -65.1 -21.7   -8.5   -5.1   20.7               
  316  316 A M  H X4 S+     0   0    8     -3,-1.7     3,-1.3    -4,-0.3     7,-0.6   0.860  97.2  57.6 -72.3 -33.7  -10.1   -4.1   17.3               
  317  317 A A  H << S+     0   0    5     -4,-1.1    -1,-0.2    -3,-0.7    -3,-0.1   0.761  93.6  68.1 -66.9 -24.3   -6.9   -5.2   15.4               
  318  318 A Q  T 3< S+     0   0  126     -4,-0.7     2,-0.4    -3,-0.2    -1,-0.3   0.431  94.0  66.0 -76.2  -1.4   -7.2   -8.7   16.8               
  319  319 A K    X>  -     0   0   99     -3,-1.3     4,-2.6     1,-0.1     3,-2.4  -0.889  63.8-161.4-128.8 108.5  -10.4   -9.3   14.8               
  320  320 A E  H 3> S+     0   0  119     -2,-0.4     4,-1.0     1,-0.3    -1,-0.1   0.859  94.4  59.2 -50.5 -41.0  -10.3   -9.4   10.9               
  321  321 A A  H 34 S+     0   0   35      1,-0.2    -1,-0.3     2,-0.1   -73,-0.0   0.583 117.5  31.3 -67.4 -11.9  -14.1   -8.8   10.8               
  322  322 A V  H X4 S+     0   0    0     -3,-2.4     3,-1.9    -6,-0.3     6,-0.3   0.736 109.4  61.3-111.4 -47.9  -13.7   -5.5   12.7               
  323  323 A I  H 3< S+     0   0    0     -4,-2.6    -3,-0.1    -7,-0.6    -2,-0.1   0.632  95.1  66.8 -63.4 -16.7  -10.2   -4.1   11.7               
  324  324 A K  T 3< S+     0   0   99     -4,-1.0     2,-0.3    -5,-0.3    -1,-0.3   0.392  77.6 109.2 -77.6  -7.3  -11.4   -3.9    8.0               
  325  325 A H    X>  -     0   0   12     -3,-1.9     4,-2.1     1,-0.1     3,-0.6  -0.647  67.7-140.0 -84.3 133.9  -13.9   -1.2    8.7               
  326  326 A S  H 3> S+     0   0   19     -2,-0.3     4,-2.3     1,-0.2     5,-0.2   0.847 103.5  60.3 -60.4 -33.9  -13.3    2.4    7.5               
  327  327 A L  H 3> S+     0   0    0      2,-0.2     4,-1.3     1,-0.2    -1,-0.2   0.912 108.2  44.4 -54.5 -46.9  -14.7    3.8   10.8               
  328  328 A V  H <> S+     0   0    0     -3,-0.6     4,-2.3    -6,-0.3    -2,-0.2   0.922 110.4  54.9 -67.9 -42.8  -11.9    2.0   12.7               
  329  329 A H  H  X S+     0   0    0     -4,-2.1     4,-2.5     1,-0.2    -2,-0.2   0.875 103.4  55.5 -59.7 -40.9   -9.2    3.1   10.1               
  330  330 A K  H  X S+     0   0   47     -4,-2.3     4,-2.1     2,-0.2    -1,-0.2   0.927 110.5  44.5 -57.7 -47.3  -10.1    6.8   10.6               
  331  331 A V  H  X S+     0   0    0     -4,-1.3     4,-2.3     1,-0.2    -2,-0.2   0.872 112.2  52.5 -71.5 -34.2   -9.5    6.6   14.4               
  332  332 A F  H  X S+     0   0    0     -4,-2.3     4,-2.8     2,-0.2    -1,-0.2   0.901 107.9  52.2 -61.9 -41.1   -6.3    4.6   13.8               
  333  333 A L  H  X S+     0   0   24     -4,-2.5     4,-1.7     2,-0.2    -2,-0.2   0.928 109.0  49.4 -63.3 -42.6   -5.1    7.3   11.4               
  334  334 A D  H  X S+     0   0   28     -4,-2.1     4,-1.7     2,-0.2     3,-0.3   0.941 111.1  50.5 -59.5 -45.8   -5.7   10.0   14.1               
  335  335 A F  H  X S+     0   0    0     -4,-2.3     4,-2.6     1,-0.2     3,-0.4   0.954 112.1  46.3 -55.2 -51.0   -3.8    7.8   16.6               
  336  336 A F  H  < S+     0   0    1     -4,-2.8    -1,-0.2     1,-0.2    -2,-0.2   0.743 109.4  56.9 -67.0 -22.5   -0.8    7.5   14.2               
  337  337 A T  H  < S+     0   0   75     -4,-1.7    -1,-0.2    -3,-0.3    -2,-0.2   0.872 124.4  18.2 -72.6 -39.4   -0.9   11.2   13.5               
  338  338 A Y  H  < S+     0   0   64     -4,-1.7    -2,-0.2    -3,-0.4    -3,-0.1   0.561  90.2 121.3-112.8 -14.5   -0.5   12.3   17.2               
  339  339 A A     <  -     0   0    7     -4,-2.6   -36,-0.1    -5,-0.3   -37,-0.0  -0.316  65.6-115.4 -61.2 131.1    0.9    9.3   19.1               
  340  340 A P     >  -     0   0   22      0, 0.0     4,-2.7     0, 0.0     5,-0.2  -0.243  35.0-102.8 -55.0 151.0    4.2    9.8   20.9               
  341  341 A P  H  > S+     0   0   89      0, 0.0     4,-2.4     0, 0.0     5,-0.2   0.825 120.0  51.0 -50.6 -41.1    7.1    7.6   19.4               
  342  342 A K  H  > S+     0   0  154      2,-0.2     4,-2.3     1,-0.2     5,-0.2   0.966 114.5  40.6 -61.9 -55.8    6.9    5.0   22.3               
  343  343 A L  H  > S+     0   0   22      1,-0.2     4,-2.2     2,-0.2    -1,-0.2   0.854 114.5  54.9 -63.4 -36.1    3.1    4.5   22.1               
  344  344 A R  H  X S+     0   0   51     -4,-2.7     4,-2.2     2,-0.2    -1,-0.2   0.942 109.3  46.1 -61.0 -49.3    3.3    4.5   18.3               
  345  345 A S  H  X S+     0   0   48     -4,-2.4     4,-2.3    -5,-0.2    -2,-0.2   0.914 112.3  50.8 -62.5 -42.9    5.9    1.7   18.3               
  346  346 A E  H  X S+     0   0   70     -4,-2.3     4,-1.8     1,-0.2    -1,-0.2   0.889 110.5  49.9 -61.0 -40.8    4.0   -0.4   20.9               
  347  347 A M  H  X S+     0   0    0     -4,-2.2     4,-1.5     2,-0.2    -2,-0.2   0.926 108.7  52.4 -62.9 -44.5    0.8   -0.1   18.7               
  348  348 A I  H >X S+     0   0    0     -4,-2.2     4,-1.8     1,-0.2     3,-0.6   0.939 109.4  48.8 -58.7 -48.2    2.7   -1.2   15.5               
  349  349 A E  H 3< S+     0   0  102     -4,-2.3     4,-0.2     1,-0.2    -1,-0.2   0.893 112.8  49.0 -58.5 -39.8    4.0   -4.3   17.3               
  350  350 A A  H 3< S+     0   0   40     -4,-1.8    -1,-0.2     1,-0.2    -2,-0.2   0.741 122.8  30.4 -71.6 -26.1    0.4   -5.1   18.5               
  351  351 A I  H XX S+     0   0    2     -4,-1.5     3,-2.1    -3,-0.6     4,-0.8   0.476  82.2 107.8-114.8  -5.3   -1.2   -4.7   15.0               
  352  352 A R  T 3< S+     0   0   30     -4,-1.8     4,-0.3     1,-0.3     3,-0.3   0.740  81.7  52.2 -50.9 -31.6    1.5   -5.7   12.5               
  353  353 A E  T 34 S+     0   0  137     -4,-0.2    -1,-0.3     1,-0.2     3,-0.2   0.737 111.2  47.3 -76.5 -22.4   -0.3   -9.0   11.6               
  354  354 A A  T X> S+     0   0    9     -3,-2.1     3,-1.4     1,-0.2     4,-0.8   0.541  82.1  96.2 -95.8  -9.9   -3.6   -7.1   10.9               
  355  355 A V  H >X S+     0   0    0     -4,-0.8     4,-1.3    -3,-0.3     3,-0.7   0.826  78.1  60.0 -54.6 -36.3   -2.1   -4.3    8.7               
  356  356 A V  H 34 S+     0   0   21     -4,-0.3    -1,-0.3    -3,-0.2     4,-0.2   0.841 101.0  54.8 -62.8 -31.1   -3.0   -6.2    5.4               
  357  357 A Y  H <4 S+     0   0   87     -3,-1.4    -1,-0.2     1,-0.2     3,-0.2   0.745 112.9  40.6 -78.5 -21.9   -6.7   -6.2    6.3               
  358  358 A L  H X< S+     0   0    1     -4,-0.8     3,-1.4    -3,-0.7    -1,-0.2   0.663  90.4  89.3 -96.6 -17.9   -6.9   -2.4    6.7               
  359  359 A A  T 3< S+     0   0    2     -4,-1.3    44,-0.2     1,-0.3    -1,-0.1   0.548  70.4  75.4 -61.5 -13.0   -4.7   -1.4    3.8               
  360  360 A H  T 3  S+     0   0  102     -3,-0.2    39,-0.3    -4,-0.2    40,-0.3   0.562  85.4  68.9 -84.5 -10.4   -7.6   -1.2    1.2               
  361  361 A T  S <> S-     0   0   23     -3,-1.4     4,-2.5    38,-0.1     5,-0.2  -0.640  90.9-105.0-105.6 167.2   -9.2    2.1    2.3               
  362  362 A H  H  > S+     0   0   83     -2,-0.2     4,-1.0     2,-0.2    -1,-0.1   0.922 120.9  30.2 -52.9 -52.0   -8.1    5.8    2.1               
  363  363 A D  H  > S+     0   0   38      2,-0.2     4,-2.4     1,-0.2    -1,-0.2   0.891 117.3  56.8 -81.2 -37.7   -7.2    6.0    5.9               
  364  364 A G  H  > S+     0   0    0      1,-0.2     4,-2.4     2,-0.2    -5,-0.2   0.879 103.4  54.5 -66.3 -34.4   -6.3    2.4    6.4               
  365  365 A A  H  X S+     0   0    0     -4,-2.5     4,-2.3     2,-0.2    -1,-0.2   0.941 109.8  47.9 -59.6 -43.4   -3.6    2.6    3.6               
  366  366 A R  H  X S+     0   0   37     -4,-1.0     4,-2.5    -5,-0.2    -2,-0.2   0.895 109.6  52.4 -67.0 -38.1   -2.1    5.6    5.5               
  367  367 A V  H  X S+     0   0    0     -4,-2.4     4,-2.0     2,-0.2    -1,-0.2   0.931 110.0  49.1 -58.6 -45.7   -2.2    3.6    8.8               
  368  368 A A  H  X S+     0   0    0     -4,-2.4     4,-1.7     2,-0.2    -2,-0.2   0.897 109.0  52.6 -62.7 -39.6   -0.3    0.8    7.0               
  369  369 A M  H  X S+     0   0    0     -4,-2.3     4,-3.0     2,-0.2     3,-0.3   0.948 109.1  49.3 -61.1 -46.7    2.3    3.3    5.7               
  370  370 A H  H  X S+     0   0   18     -4,-2.5     4,-2.4     1,-0.2     5,-0.2   0.871 107.9  54.7 -60.2 -37.7    2.9    4.6    9.3               
  371  371 A C  H  X S+     0   0    0     -4,-2.0     4,-0.6     2,-0.2    -1,-0.2   0.864 114.0  41.2 -63.1 -36.8    3.3    1.0   10.5               
  372  372 A L  H  < S+     0   0    0     -4,-1.7     3,-0.3    -3,-0.3    -2,-0.2   0.950 116.5  47.3 -73.5 -50.4    6.0    0.5    7.9               
  373  373 A W  H  < S+     0   0    2     -4,-3.0    97,-0.5     1,-0.2    -2,-0.2   0.910 125.3  28.4 -59.6 -47.4    7.8    3.9    8.3               
  374  374 A H  H  < S+     0   0   27     -4,-2.4    -1,-0.2    -5,-0.2    -2,-0.2   0.438 100.6 103.4-101.3  -1.0    7.9    3.8   12.2               
  375  375 A G  S  < S-     0   0    0     -4,-0.6    95,-0.2    -3,-0.3   -30,-0.1  -0.417  74.0-109.3 -75.5 155.9    8.0   -0.1   12.6               
  376  376 A T     >  -     0   0   45    -31,-0.1     4,-2.6    -2,-0.1     5,-0.2  -0.277  38.0 -97.4 -69.4 167.0   11.2   -2.0   13.5               
  377  377 A P  H  > S+     0   0   82      0, 0.0     4,-2.1     0, 0.0     5,-0.1   0.867 129.4  53.8 -54.7 -33.4   12.9   -4.3   10.9               
  378  378 A K  H  > S+     0   0  128      2,-0.2     4,-1.9     3,-0.1     5,-0.1   0.918 108.7  47.4 -66.6 -43.1   11.0   -7.2   12.6               
  379  379 A D  H  > S+     0   0    5      2,-0.2     4,-2.8     1,-0.2     3,-0.2   0.955 111.5  49.9 -63.9 -49.1    7.6   -5.4   12.2               
  380  380 A R  H  X S+     0   0    6     -4,-2.6     4,-2.7     1,-0.2     5,-0.2   0.907 110.6  51.5 -54.2 -45.2    8.3   -4.6    8.5               
  381  381 A K  H  X S+     0   0   96     -4,-2.1     4,-1.7    -5,-0.2    -1,-0.2   0.864 111.4  46.2 -61.9 -41.4    9.2   -8.3    7.9               
  382  382 A V  H  X S+     0   0   34     -4,-1.9     4,-1.5    -3,-0.2    -2,-0.2   0.957 113.0  49.8 -66.2 -47.8    5.9   -9.5    9.5               
  383  383 A I  H  X S+     0   0    0     -4,-2.8     4,-0.8     1,-0.2     3,-0.4   0.914 111.7  47.7 -58.6 -46.9    3.8   -6.9    7.5               
  384  384 A V  H >< S+     0   0    0     -4,-2.7     3,-0.8     1,-0.2     4,-0.4   0.904 108.9  55.3 -63.7 -37.8    5.5   -7.9    4.2               
  385  385 A K  H >< S+     0   0  116     -4,-1.7     3,-0.8     1,-0.2    -1,-0.2   0.812 102.2  56.2 -66.0 -29.9    4.9  -11.7    5.0               
  386  386 A T  H 3< S+     0   0   36     -4,-1.5    -1,-0.2    -3,-0.4    -2,-0.2   0.707  99.0  62.6 -74.4 -17.9    1.1  -11.1    5.5               
  387  387 A M  T XX S+     0   0    2     -4,-0.8     3,-2.5    -3,-0.8     4,-0.5   0.584  73.8 124.3 -78.8 -12.2    1.0   -9.6    1.9               
  388  388 A K  T <4 S+     0   0  131     -3,-0.8    33,-0.1    -4,-0.4    32,-0.0  -0.291  81.7  12.5 -53.7 134.2    2.1  -13.0    0.4               
  389  389 A T  T 34 S+     0   0  105     31,-0.2    -1,-0.3     1,-0.0     4,-0.1   0.318 123.3  69.2  72.0  -0.1   -0.6  -14.1   -2.2               
  390  390 A Y  T <>  +     0   0  111     -3,-2.5     4,-2.3     2,-0.1    -2,-0.2   0.360  60.8 104.0-120.8   0.6   -2.2  -10.6   -2.1               
  391  391 A V  H  X S+     0   0    0     -4,-0.5     4,-3.1     1,-0.2     5,-0.2   0.896  81.7  50.7 -61.7 -42.8    0.5   -8.5   -3.8               
  392  392 A E  H  > S+     0   0   80      1,-0.2     4,-2.6     2,-0.2    -1,-0.2   0.944 113.6  45.8 -55.9 -48.6   -1.4   -8.2   -7.1               
  393  393 A K  H  4 S+     0   0  160      2,-0.2     4,-0.2     1,-0.2    -1,-0.2   0.849 114.6  48.1 -63.9 -37.4   -4.6   -7.1   -5.2               
  394  394 A V  H >< S+     0   0   11     -4,-2.3     3,-0.8     2,-0.2    -2,-0.2   0.932 113.6  47.5 -67.3 -45.3   -2.5   -4.6   -3.1               
  395  395 A A  H 3< S+     0   0    0     -4,-3.1    46,-0.2     1,-0.2    -2,-0.2   0.869 114.2  45.7 -64.8 -39.9   -0.8   -3.2   -6.2               
  396  396 A N  T 3< S+     0   0   30     -4,-2.6     2,-0.4    -5,-0.2    41,-0.2   0.419  91.1 109.8 -85.1  -0.7   -4.0   -2.8   -8.2               
  397  397 A G  S <> S-     0   0   17     -3,-0.8     4,-1.8    -4,-0.2     5,-0.2  -0.645  73.7-128.8 -85.0 136.9   -5.9   -1.2   -5.2               
  398  398 A Q  T  4 S+     0   0   99     -2,-0.4    -1,-0.1     1,-0.2   -37,-0.1   0.769 105.8   9.3 -49.8 -38.3   -6.8    2.5   -5.3               
  399  399 A Y  T >4 S+     0   0   71    -39,-0.3     3,-1.1     2,-0.1     4,-0.4   0.682 119.6  68.6-114.1 -32.2   -5.3    3.2   -1.9               
  400  400 A S  T >> S+     0   0    8    -40,-0.3     3,-1.3     1,-0.2     4,-0.8   0.768  86.7  69.3 -66.8 -24.9   -3.4   -0.1   -1.0               
  401  401 A H  H >X S+     0   0   16     -4,-1.8     4,-1.7     1,-0.3     3,-0.7   0.852  89.4  65.1 -61.4 -30.6   -0.8    0.5   -3.8               
  402  402 A L  H <> S+     0   0    6     -3,-1.1     4,-2.4     1,-0.2    -1,-0.3   0.775  92.9  61.8 -61.0 -27.6    0.6    3.4   -1.6               
  403  403 A V  H <> S+     0   0    0     -3,-1.3     4,-1.9    -4,-0.4    -1,-0.2   0.873 103.2  48.8 -68.3 -35.7    1.5    0.8    1.0               
  404  404 A L  H <X S+     0   0    0     -4,-0.8     4,-2.4    -3,-0.7    -2,-0.2   0.915 109.4  52.5 -68.5 -40.0    3.9   -0.8   -1.5               
  405  405 A L  H  X S+     0   0    4     -4,-1.7     4,-2.0     1,-0.2    -2,-0.2   0.951 111.6  45.8 -59.4 -47.5    5.4    2.7   -2.3               
  406  406 A A  H  X S+     0   0    0     -4,-2.4     4,-1.5     1,-0.2    -1,-0.2   0.861 110.3  54.4 -62.2 -37.1    6.0    3.2    1.4               
  407  407 A A  H  X S+     0   0    1     -4,-1.9     4,-2.0     2,-0.2    -2,-0.2   0.906 108.9  48.3 -63.1 -41.6    7.5   -0.3    1.7               
  408  408 A F  H  < S+     0   0    9     -4,-2.4    -2,-0.2     1,-0.2    -1,-0.2   0.881 111.6  51.3 -64.3 -37.3   10.0    0.6   -1.1               
  409  409 A D  H  < S+     0   0   19     -4,-2.0    -1,-0.2    -5,-0.2    -2,-0.2   0.799 124.2  21.9 -70.8 -31.5   10.9    3.9    0.6               
  410  410 A C  H  < S+     0   0    1     -4,-1.5     2,-0.8    -3,-0.1    -2,-0.2   0.596  89.4 100.6-118.6 -16.9   11.7    2.4    4.1               
  411  411 A I     <  -     0   0    5     -4,-2.0    60,-0.1    -5,-0.2     6,-0.1  -0.666  39.6-175.3 -85.0 114.1   12.5   -1.4    4.0               
  412  412 A D  S    S+     0   0   37     -2,-0.8     2,-2.2    58,-0.2     3,-0.2   0.812  72.9  79.4 -73.4 -31.6   16.3   -2.0    4.2               
  413  413 A D     >  +     0   0   74      1,-0.2     4,-1.6     2,-0.1     3,-0.5  -0.493  55.1 164.0 -75.5  70.6   15.9   -5.8    3.7               
  414  414 A T  H  >  +     0   0    9     -2,-2.2     4,-3.0     1,-0.2    -1,-0.2   0.799  68.6  66.6 -63.7 -25.5   15.4   -5.4   -0.1               
  415  415 A K  H  > S+     0   0  159     -3,-0.2     4,-2.4     2,-0.2    -1,-0.2   0.921 103.0  45.9 -60.7 -43.0   16.1   -9.2   -0.4               
  416  416 A L  H  > S+     0   0   12     -3,-0.5     4,-1.8     2,-0.2     5,-0.4   0.915 112.6  50.0 -62.5 -45.1   12.8   -9.8    1.4               
  417  417 A V  H  X>S+     0   0    1     -4,-1.6     5,-2.0     2,-0.2     4,-1.6   0.935 113.2  47.2 -60.2 -45.2   11.0   -7.2   -0.8               
  418  418 A K  I  <>S+     0   0   65     -4,-3.0     5,-1.7     1,-0.2    -2,-0.2   0.922 112.7  49.3 -57.9 -48.6   12.4   -8.9   -3.9               
  419  419 A Q  I  <5S+     0   0  136     -4,-2.4    -1,-0.2    -5,-0.2    -2,-0.2   0.783 128.4  17.2 -66.4 -34.9   11.4  -12.4   -2.7               
  420  420 A I  I  X5S+     0   0   15     -4,-1.8     4,-0.9    -3,-0.2   -31,-0.2   0.828 133.2  29.3-107.1 -53.1    7.8  -11.6   -1.8               
  421  421 A I  I  X5S+     0   0    0     -4,-1.6     4,-2.2    -5,-0.4    -3,-0.2   0.968 123.6  40.9 -81.5 -55.3    6.6   -8.3   -3.4               
  422  422 A I  I  ><S+     0   0    3     -5,-2.0     4,-2.9     1,-0.2     5,-0.2   0.904 113.9  54.0 -66.2 -39.2    8.7   -8.1   -6.6               
  423  423 A S  H  ><S+     0   0   44     -5,-1.7     4,-2.2    -6,-0.3    -1,-0.2   0.892 111.8  43.9 -61.4 -41.3    8.3  -11.8   -7.4               
  424  424 A E  H  X S+     0   0   36     -4,-0.9     4,-0.7     2,-0.2    -1,-0.2   0.857 112.9  52.7 -73.4 -33.4    4.4  -11.6   -7.2               
  425  425 A I  H >< S+     0   0    0     -4,-2.2     3,-1.0     2,-0.2     7,-0.2   0.953 110.8  47.4 -60.6 -49.5    4.5   -8.4   -9.2               
  426  426 A I  H >< S+     0   0   65     -4,-2.9     3,-1.4     1,-0.3    -2,-0.2   0.924 110.5  52.0 -57.9 -45.9    6.6  -10.2  -11.9               
  427  427 A S  H 3< S+     0   0  101     -4,-2.2    -1,-0.3     1,-0.3    -2,-0.2   0.669 117.6  39.4 -63.9 -18.6    4.2  -13.2  -11.9               
  428  428 A S  T XX S+     0   0   23     -3,-1.0     4,-2.4    -4,-0.7     3,-0.8   0.066  74.8 126.5-120.3  19.3    1.2  -10.7  -12.4               
  429  429 A L  H <> S+     0   0    8     -3,-1.4     4,-3.1     1,-0.2     5,-0.4   0.863  70.1  57.2 -51.8 -43.8    2.7   -8.2  -14.9               
  430  430 A P  H 3> S+     0   0   76      0, 0.0     4,-1.0     0, 0.0    -1,-0.2   0.869 114.3  39.6 -57.4 -37.9   -0.1   -8.6  -17.5               
  431  431 A S  H <> S+     0   0   43     -3,-0.8     4,-1.1     2,-0.2    -2,-0.2   0.932 118.7  46.2 -73.3 -46.2   -2.7   -7.5  -14.8               
  432  432 A I  H  < S+     0   0    0     -4,-2.4     7,-0.4    -7,-0.2     3,-0.2   0.878 110.1  52.4 -70.1 -40.4   -0.4   -4.8  -13.2               
  433  433 A V  H  < S+     0   0    2     -4,-3.1    -1,-0.2     1,-0.2    -2,-0.2   0.895 115.2  42.9 -61.3 -38.9    0.7   -3.2  -16.5               
  434  434 A N  H  < S+     0   0   84     -4,-1.0     2,-0.3    -5,-0.4    -2,-0.2   0.653  98.4  92.9 -87.9 -10.0   -3.0   -2.9  -17.6               
  435  435 A D  S  X S-     0   0   43     -4,-1.1     4,-2.3    -3,-0.2     5,-0.2  -0.581  73.5-135.8 -87.5 140.3   -4.2   -1.6  -14.1               
  436  436 A K  T  4 S+     0   0  123     -2,-0.3     4,-0.3     2,-0.2    -1,-0.1   0.814 107.4  30.4 -60.1 -37.9   -4.5    2.1  -13.3               
  437  437 A Y  T >> S+     0   0   50    -41,-0.2     4,-1.2     2,-0.2     3,-0.6   0.806 112.2  63.7 -94.8 -34.3   -2.9    1.7   -9.8               
  438  438 A G  H >> S+     0   0    0      1,-0.2     4,-1.7     2,-0.2     3,-0.8   0.927 100.5  55.1 -52.8 -45.4   -0.7   -1.2  -10.7               
  439  439 A R  H 3X S+     0   0   23     -4,-2.3     4,-3.0    -7,-0.4    -1,-0.2   0.839 100.2  59.1 -56.8 -36.3    1.1    1.1  -13.2               
  440  440 A K  H <> S+     0   0   71     -3,-0.6     4,-1.7    -4,-0.3    -1,-0.2   0.857 104.2  51.3 -64.9 -32.4    1.8    3.6  -10.3               
  441  441 A V  H <X S+     0   0    0     -4,-1.2     4,-1.5    -3,-0.8    -2,-0.2   0.929 113.5  43.9 -66.1 -45.7    3.7    0.8   -8.5               
  442  442 A L  H  X S+     0   0    0     -4,-1.7     4,-1.8     2,-0.2     3,-0.3   0.946 113.5  50.1 -64.4 -48.4    5.9    0.1  -11.6               
  443  443 A L  H  X S+     0   0    3     -4,-3.0     4,-3.1     1,-0.2    -1,-0.2   0.833 109.7  52.3 -60.1 -34.0    6.4    3.8  -12.3               
  444  444 A Y  H  < S+     0   0    6     -4,-1.7    -1,-0.2    -5,-0.2    -2,-0.2   0.834 108.4  49.4 -73.4 -33.0    7.5    4.3   -8.7               
  445  445 A L  H  < S+     0   0    9     -4,-1.5    -2,-0.2    -3,-0.3    -1,-0.2   0.818 120.9  37.5 -69.9 -32.4   10.1    1.4   -8.9               
  446  446 A L  H  < S+     0   0    7     -4,-1.8    -2,-0.2     1,-0.2    -3,-0.2   0.904 138.3  12.0 -79.1 -49.1   11.4    3.0  -12.2               
  447  447 A S  S >< S-     0   0   15     -4,-3.1     3,-1.9    -5,-0.2    -1,-0.2  -0.717  81.7-152.0-138.5  71.6   11.2    6.8  -11.3               
  448  448 A P  T 3  S-     0   0   36      0, 0.0    -4,-0.1     0, 0.0    -3,-0.1  -0.328  78.1  -2.6 -61.1 127.4   10.5    7.2   -7.5               
  449  449 A R  T 3  S+     0   0   39      1,-0.2    -5,-0.1    -2,-0.1     5,-0.0   0.645  82.6 169.1  63.4  23.8    8.5   10.4   -6.7               
  450  450 A D    X>  -     0   0   39     -3,-1.9     4,-1.8    -7,-0.2     3,-1.2  -0.473  34.3-141.4 -61.2 123.5    8.5   11.6  -10.3               
  451  451 A P  T 34 S+     0   0  107      0, 0.0    -1,-0.1     0, 0.0     5,-0.1   0.694  99.6  64.3 -65.3 -17.8    6.0   14.6  -10.3               
  452  452 A A  T 34 S+     0   0   79      1,-0.1     3,-0.1     3,-0.1    -2,-0.1   0.826 114.1  31.8 -67.9 -30.8    4.7   13.4  -13.8               
  453  453 A H  T <4 S+     0   0   28     -3,-1.2     2,-0.4     1,-0.2    -1,-0.1   0.718 120.9  47.4-100.6 -25.0    3.4   10.2  -12.1               
  454  454 A T  S  < S-     0   0   17     -4,-1.8    -1,-0.2    -5,-0.0     5,-0.1  -0.975  77.2-127.1-131.2 122.4    2.5   11.4   -8.6               
  455  455 A V    >>  -     0   0   90     -2,-0.4     4,-1.8     1,-0.1     3,-1.3  -0.322  32.5-110.4 -63.3 149.5    0.4   14.5   -7.5               
  456  456 A R  H 3> S+     0   0  157      1,-0.3     4,-2.8     2,-0.2     5,-0.2   0.842 115.2  57.7 -53.0 -42.3    2.1   16.8   -5.0               
  457  457 A E  H 3> S+     0   0  101      1,-0.2     4,-1.2     2,-0.2    -1,-0.3   0.801 108.7  46.5 -63.0 -31.5   -0.3   15.9   -2.1               
  458  458 A I  H <> S+     0   0   38     -3,-1.3     4,-2.4     2,-0.2    -1,-0.2   0.867 110.9  51.9 -79.5 -35.3    0.6   12.1   -2.4               
  459  459 A I  H  X S+     0   0   23     -4,-1.8     4,-2.6     2,-0.2    -2,-0.2   0.952 109.3  50.7 -60.7 -47.2    4.4   13.0   -2.6               
  460  460 A E  H  X S+     0   0   83     -4,-2.8     4,-0.6     1,-0.2    -2,-0.2   0.851 110.3  50.3 -59.7 -36.4    3.9   15.0    0.7               
  461  461 A V  H >< S+     0   0   21     -4,-1.2     3,-1.0    -5,-0.2    -1,-0.2   0.942 111.3  47.5 -64.8 -47.0    2.1   12.0    2.2               
  462  462 A L  H >< S+     0   0    0     -4,-2.4     3,-1.9     1,-0.2    -2,-0.2   0.889 103.4  62.8 -62.8 -38.4    5.1    9.7    1.2               
  463  463 A Q  H >< S+     0   0   92     -4,-2.6     3,-1.9     1,-0.3    -1,-0.2   0.698  82.7  79.3 -61.4 -20.5    7.7   12.1    2.6               
  464  464 A K  T << S+     0   0  130     -3,-1.0    -1,-0.3    -4,-0.6    -2,-0.2   0.684  91.4  54.9 -61.4 -18.5    6.2   11.7    6.1               
  465  465 A G  T X  S+     0   0    2     -3,-1.9     3,-1.1    -4,-0.2    -1,-0.3   0.520  83.8 114.9 -86.9 -10.5    8.2    8.4    6.2               
  466  466 A D  T <  S+     0   0   83     -3,-1.9   -56,-0.1     1,-0.2    -3,-0.0  -0.256  79.0  11.5 -69.8 146.6   11.6   10.0    5.4               
  467  467 A G  T 3  S+     0   0   86      1,-0.2    -1,-0.2     4,-0.0   -57,-0.0   0.678  88.0 169.6  64.6  17.1   14.4   10.0    8.0               
  468  468 A N    X   -     0   0   16     -3,-1.1     3,-1.0     1,-0.1    -1,-0.2  -0.165  46.9-104.1 -62.2 160.1   12.5    7.4   10.2               
  469  469 A A  T 3  S+     0   0   68      1,-0.2    -1,-0.1     3,-0.0   -95,-0.1   0.672 112.4  36.8 -60.1 -25.5   14.3    5.7   13.1               
  470  470 A H  T 3  S+     0   0   63    -97,-0.5     2,-0.8   -95,-0.2    -1,-0.2   0.419  85.9  96.3-117.9  -2.4   14.9    2.3   11.5               
  471  471 A S    <   +     0   0   24     -3,-1.0   -60,-0.1     1,-0.2     4,-0.1  -0.850  37.8 154.9 -92.4 106.7   15.7    3.0    7.8               
  472  472 A K        +     0   0  159     -2,-0.8    -1,-0.2   -62,-0.1     2,-0.2   0.586  37.3  99.6-110.4 -20.9   19.5    2.9    7.7               
  473  473 A K  S    S-     0   0   55    -63,-0.2   -60,-0.0     1,-0.1   -61,-0.0  -0.485  86.6 -98.6 -65.8 139.6   20.2    2.0    4.0               
  474  474 A D     >  -     0   0   92     -2,-0.2     4,-2.6     1,-0.1     5,-0.2  -0.256  29.4-123.9 -55.4 143.1   21.1    4.9    1.8               
  475  475 A T  H  > S+     0   0   66      2,-0.2     4,-2.3     1,-0.2     5,-0.1   0.914 109.8  44.1 -61.9 -44.8   18.1    6.2   -0.3               
  476  476 A E  H  > S+     0   0  110      2,-0.2     4,-3.0     1,-0.2    -1,-0.2   0.899 113.0  51.8 -73.3 -36.3   19.7    5.8   -3.7               
  477  477 A V  H  > S+     0   0   69      2,-0.2     4,-2.5     1,-0.2    -2,-0.2   0.940 111.4  47.5 -61.3 -46.7   21.2    2.3   -2.8               
  478  478 A R  H  X S+     0   0   12     -4,-2.6     4,-1.5     2,-0.2    -2,-0.2   0.935 115.2  45.9 -60.3 -46.3   17.7    1.1   -1.7               
  479  479 A R  H  X S+     0   0   64     -4,-2.3     4,-2.9     2,-0.2    -2,-0.2   0.933 112.9  50.2 -60.0 -48.2   16.1    2.5   -4.9               
  480  480 A R  H  X S+     0   0  125     -4,-3.0     4,-2.7     1,-0.2     5,-0.2   0.916 109.0  50.0 -60.1 -47.9   18.9    1.0   -7.1               
  481  481 A E  H  X S+     0   0   47     -4,-2.5     4,-0.7     2,-0.2    -1,-0.2   0.833 114.8  44.7 -61.3 -37.0   18.6   -2.5   -5.6               
  482  482 A L  H >X S+     0   0    5     -4,-1.5     4,-0.9    -5,-0.2     3,-0.5   0.921 112.3  51.7 -72.5 -43.7   14.8   -2.4   -6.1               
  483  483 A L  H >X S+     0   0   22     -4,-2.9     4,-2.4     1,-0.2     3,-1.0   0.927 107.9  52.5 -56.6 -47.7   15.1   -1.0   -9.7               
  484  484 A E  H 3< S+     0   0   82     -4,-2.7    -1,-0.2     1,-0.2    -2,-0.2   0.776 105.8  56.2 -60.8 -27.6   17.6   -3.8  -10.6               
  485  485 A S  H << S+     0   0   26     -4,-0.7    -1,-0.2    -3,-0.5    -2,-0.2   0.720 117.7  30.2 -80.1 -22.1   15.1   -6.5   -9.4               
  486  486 A I  H <X S+     0   0    0     -3,-1.0     4,-2.1    -4,-0.9     3,-0.3   0.673 100.2  82.0-106.5 -25.7   12.2   -5.4  -11.7               
  487  487 A S  H  X S+     0   0    0     -4,-2.4     4,-2.6     1,-0.2     5,-0.2   0.868  89.9  49.5 -54.9 -48.4   14.2   -4.0  -14.7               
  488  488 A P  H  > S+     0   0   81      0, 0.0     4,-2.5     0, 0.0    -1,-0.2   0.895 112.9  47.9 -61.4 -39.4   14.9   -7.4  -16.5               
  489  489 A A  H  > S+     0   0   21     -3,-0.3     4,-2.4     2,-0.2    -2,-0.2   0.885 113.9  46.6 -68.7 -38.2   11.2   -8.5  -16.2               
  490  490 A L  H  X S+     0   0    2     -4,-2.1     4,-2.6     2,-0.2     5,-0.2   0.900 113.7  47.5 -70.7 -41.4    9.9   -5.1  -17.5               
  491  491 A L  H  X S+     0   0   11     -4,-2.6     4,-2.2     2,-0.2    -2,-0.2   0.944 115.5  45.8 -63.4 -46.4   12.4   -5.0  -20.5               
  492  492 A S  H  X S+     0   0   65     -4,-2.5     4,-2.3    -5,-0.2     5,-0.2   0.924 114.5  48.2 -60.5 -46.5   11.5   -8.6  -21.4               
  493  493 A Y  H  X S+     0   0   23     -4,-2.4     4,-2.6     1,-0.2    -2,-0.2   0.915 113.3  46.5 -62.3 -45.5    7.7   -7.9  -21.0               
  494  494 A L  H  < S+     0   0    1     -4,-2.6    -1,-0.2     2,-0.2    -2,-0.2   0.844 112.5  51.2 -69.1 -32.9    7.9   -4.7  -23.1               
  495  495 A Q  H >< S+     0   0   93     -4,-2.2     3,-0.6    -5,-0.2    -2,-0.2   0.926 116.7  39.6 -65.0 -46.2   10.0   -6.5  -25.8               
  496  496 A E  H 3< S+     0   0  148     -4,-2.3     3,-0.2     1,-0.2    -2,-0.2   0.867 127.6  33.2 -73.4 -36.0    7.5   -9.4  -26.0               
  497  497 A H  T 3X S+     0   0   48     -4,-2.6     4,-2.4    -5,-0.2     5,-0.3  -0.086  76.8 133.1-111.6  30.3    4.3   -7.3  -25.8               
  498  498 A A  H <> S+     0   0    6     -3,-0.6     4,-2.6     1,-0.2     5,-0.3   0.897  73.3  47.3 -53.2 -48.1    5.6   -4.1  -27.6               
  499  499 A Q  H  > S+     0   0  107     -3,-0.2     4,-1.7     1,-0.2    -1,-0.2   0.914 113.6  47.6 -62.2 -44.6    2.5   -3.7  -29.8               
  500  500 A E  H  > S+     0   0  122      1,-0.2     4,-1.2     2,-0.2    -2,-0.2   0.939 118.4  39.0 -63.2 -48.0    0.0   -4.1  -26.9               
  501  501 A V  H  < S+     0   0    5     -4,-2.4    -2,-0.2     2,-0.2    -1,-0.2   0.903 116.9  48.3 -73.4 -42.3    1.8   -1.7  -24.5               
  502  502 A V  H  < S+     0   0    0     -4,-2.6    55,-0.3    -5,-0.3    -1,-0.2   0.834 116.9  42.2 -69.9 -34.6    2.8    1.0  -27.1               
  503  503 A L  H  < S+     0   0   42     -4,-1.7     2,-0.3    -5,-0.3    50,-0.2   0.666  90.9 100.2 -90.4 -14.7   -0.7    1.2  -28.7               
  504  504 A D     X  -     0   0   57     -4,-1.2     4,-1.8    -5,-0.2    -4,-0.0  -0.533  69.0-143.1 -72.4 129.5   -2.7    1.0  -25.4               
  505  505 A K  T  4 S+     0   0  156     -2,-0.3    -1,-0.1     1,-0.2    -4,-0.1   0.650  97.9  34.2 -64.3 -19.8   -3.8    4.6  -24.4               
  506  506 A S  T  4 S+     0   0   60      2,-0.1     3,-0.3    -5,-0.0    -1,-0.2   0.742 120.2  43.3-107.8 -37.4   -3.2    3.9  -20.7               
  507  507 A A  T >4 S+     0   0    0     -7,-0.2     3,-2.4     1,-0.2     4,-0.3   0.717  91.1  82.6 -87.2 -22.3   -0.2    1.5  -20.6               
  508  508 A C  T >X S+     0   0    5     -4,-1.8     3,-1.5     1,-0.3     4,-0.5   0.740  76.8  73.9 -57.3 -23.9    1.9    3.4  -23.2               
  509  509 A V  H 3> S+     0   0   51     -3,-0.3     4,-0.6     1,-0.3    -1,-0.3   0.644  87.4  63.0 -63.9 -17.4    3.0    5.8  -20.4               
  510  510 A L  H <> S+     0   0    1     -3,-2.4     4,-2.7    -9,-0.2    -1,-0.3   0.735  86.5  74.2 -73.8 -25.5    5.3    3.0  -19.0               
  511  511 A V  H <> S+     0   0    1     -3,-1.5     4,-2.3    -4,-0.3     5,-0.3   0.899  94.8  47.4 -63.5 -44.4    7.4    2.9  -22.2               
  512  512 A S  H  X S+     0   0   20     -4,-0.5     4,-2.1     1,-0.2    -1,-0.2   0.929 116.7  43.5 -59.7 -47.8    9.4    6.2  -21.5               
  513  513 A D  H  X>S+     0   0   15     -4,-0.6     4,-2.2     2,-0.2     5,-0.7   0.862 112.5  52.3 -72.5 -35.9   10.1    5.2  -17.9               
  514  514 A I  H  X5S+     0   0    6     -4,-2.7     4,-1.8     3,-0.2     3,-0.2   0.987 118.7  35.6 -62.1 -55.6   11.1    1.6  -18.7               
  515  515 A L  H  <5S+     0   0    6     -4,-2.3    -2,-0.2     1,-0.2    -1,-0.2   0.806 123.2  47.2 -68.4 -28.1   13.6    2.6  -21.5               
  516  516 A G  H  <5S+     0   0   12     -4,-2.1    -1,-0.2    -5,-0.3    -2,-0.2   0.769 129.3  15.4 -82.1 -30.1   14.6    5.7  -19.4               
  517  517 A S  H  <5S+     0   0   23     -4,-2.2    -3,-0.2    -3,-0.2    -2,-0.2   0.738  90.9 108.6-121.7 -34.3   15.2    4.2  -16.0               
  518  518 A A     << -     0   0    0     -4,-1.8     2,-0.3    -5,-0.7   -34,-0.1  -0.090  63.4-126.4 -57.4 140.9   15.4    0.3  -16.3               
  519  519 A T        +     0   0   18    -36,-0.3     2,-0.2   -39,-0.1   -28,-0.1  -0.663  67.2  37.3 -87.0 151.2   18.9   -1.2  -15.7               
  520  520 A G  S    S-     0   0   63     -2,-0.3     2,-0.6   -33,-0.0   -36,-0.0  -0.647 107.3 -19.6 106.1-171.5   20.5   -3.6  -18.2               
  521  521 A D        +     0   0  114     -2,-0.2     4,-0.2     1,-0.1    -2,-0.1  -0.639  52.6 176.9 -75.0 116.4   20.6   -3.7  -22.0               
  522  522 A V     >  +     0   0    9     -2,-0.6     4,-2.2     1,-0.1     3,-0.3   0.551  58.7  90.5 -92.8 -12.9   17.6   -1.7  -23.4               
  523  523 A Q  H  > S+     0   0   55      1,-0.2     4,-2.8     2,-0.2     5,-0.2   0.866  81.6  53.8 -63.8 -39.9   18.5   -2.1  -27.1               
  524  524 A P  H  > S+     0   0   44      0, 0.0     4,-2.1     0, 0.0    -1,-0.2   0.909 112.6  46.0 -58.2 -40.1   16.4   -5.3  -27.7               
  525  525 A T  H  > S+     0   0    1     -3,-0.3     4,-1.9    -4,-0.2    -2,-0.2   0.901 112.0  50.5 -70.1 -40.0   13.3   -3.5  -26.3               
  526  526 A M  H  X S+     0   0    7     -4,-2.2     4,-2.7     2,-0.2    -1,-0.2   0.925 111.0  49.5 -61.4 -44.1   14.1   -0.3  -28.4               
  527  527 A N  H  X S+     0   0   52     -4,-2.8     4,-2.5     2,-0.2    -2,-0.2   0.896 108.0  53.7 -62.2 -42.0   14.4   -2.5  -31.5               
  528  528 A A  H  X S+     0   0   22     -4,-2.1     4,-0.8    -5,-0.2    -1,-0.2   0.921 113.3  42.8 -60.4 -42.3   11.1   -4.3  -30.8               
  529  529 A I  H >< S+     0   0    0     -4,-1.9     3,-0.7     2,-0.2     4,-0.4   0.920 114.0  50.7 -69.4 -44.2    9.3   -0.8  -30.6               
  530  530 A A  H >< S+     0   0    0     -4,-2.7     3,-1.6     1,-0.2     4,-0.5   0.868 101.9  62.9 -62.5 -34.4   11.2    0.5  -33.7               
  531  531 A S  H >< S+     0   0   58     -4,-2.5     3,-1.1     1,-0.3     4,-0.5   0.824  91.9  64.6 -61.5 -30.6   10.1   -2.6  -35.6               
  532  532 A L  T << S+     0   0   41     -4,-0.8    16,-0.5    -3,-0.7    -1,-0.3   0.721 105.4  46.0 -62.1 -23.3    6.4   -1.6  -35.2               
  533  533 A A  T <  S+     0   0    0     -3,-1.6    -1,-0.2    -4,-0.4    -2,-0.2   0.502  89.7  84.1 -96.3  -9.3    7.2    1.5  -37.3               
  534  534 A A  S <  S+     0   0   36     -3,-1.1    -2,-0.1    -4,-0.5    -1,-0.1   0.729  71.2  95.1 -70.4 -22.8    9.2   -0.4  -40.1               
  535  535 A T  S    S-     0   0   83     -4,-0.5     2,-0.3    -3,-0.2    -3,-0.0  -0.249  91.8 -89.4 -65.6 153.7    5.9   -1.3  -42.0               
  536  536 A G        -     0   0   40      1,-0.1     2,-0.4    11,-0.0    -1,-0.1  -0.485  42.5-122.3 -65.3 129.4    4.7    0.9  -44.8               
  537  537 A L        -     0   0   15     -2,-0.3    -1,-0.1    52,-0.1     9,-0.0  -0.610  21.8-166.7 -73.9 126.2    2.4    3.7  -43.7               
  538  538 A H    >   -     0   0  109     -2,-0.4     3,-2.4     4,-0.0     9,-0.4  -0.975  30.5-120.3-108.0 110.6   -1.1    3.7  -45.3               
  539  539 A P  T 3  S+     0   0   85      0, 0.0    54,-0.0     0, 0.0    57,-0.0  -0.317  98.6  15.0 -57.1 129.3   -2.8    7.1  -44.5               
  540  540 A G  T 3  S-     0   0   57      7,-0.1     4,-0.1     2,-0.1     2,-0.0   0.337 120.8 -99.7  82.9  -1.1   -6.0    6.6  -42.5               
  541  541 A G    <   -     0   0   24     -3,-2.4     2,-0.3     2,-0.1     5,-0.2  -0.178  32.1 -92.2  85.6-179.5   -5.0    2.9  -41.7               
  542  542 A K  B >  S-A  545   0A 130      3,-2.3     3,-2.2    -2,-0.0    -2,-0.1  -0.997  96.6  -5.4-136.0 132.2   -5.9   -0.5  -43.2               
  543  543 A D  T 3  S-     0   0  151     -2,-0.3     3,-0.1     1,-0.3    -2,-0.1   0.753 130.2 -56.0  55.4  30.7   -8.7   -2.7  -41.9               
  544  544 A G  T 3  S+     0   0   84      1,-0.3     2,-0.5    -4,-0.1    -1,-0.3   0.317 114.0 118.1  82.4  -4.5   -9.4   -0.3  -39.0               
  545  545 A E  B <   -A  542   0A 139     -3,-2.2    -3,-2.3     6,-0.0     2,-0.4  -0.794  53.7-148.7 -94.6 127.5   -5.7   -0.5  -37.8               
  546  546 A L        -     0   0   58     -2,-0.5     5,-0.1    -5,-0.2    -9,-0.0  -0.787  23.3-109.1 -91.1 139.9   -3.6    2.7  -37.8               
  547  547 A H    >>  -     0   0   17     -2,-0.4     3,-2.3    -9,-0.4     4,-1.7  -0.325  35.4-110.3 -56.6 145.0    0.1    2.6  -38.4               
  548  548 A I  T 34 S+     0   0    6    -16,-0.5     7,-0.3     1,-0.3     3,-0.2   0.853 119.8  56.4 -51.6 -39.3    2.1    3.4  -35.2               
  549  549 A A  T 34 S+     0   0    0      1,-0.2    -1,-0.3     5,-0.1    53,-0.2   0.650 117.8  34.3 -69.1 -15.9    3.2    6.9  -36.6               
  550  550 A E  T <4 S+     0   0   31     -3,-2.3    -2,-0.2    48,-0.2    -1,-0.2   0.500  94.1 112.6-109.8 -11.4   -0.6    7.7  -37.1               
  551  551 A H  S  X S-     0   0   34     -4,-1.7     4,-2.2    -3,-0.2     5,-0.3  -0.378  73.0-127.2 -68.3 136.1   -1.9    5.9  -34.0               
  552  552 A P  T  4 S+     0   0   39      0, 0.0     4,-0.2     0, 0.0    -1,-0.1   0.788 108.9  23.1 -58.0 -32.1   -3.3    8.2  -31.2               
  553  553 A A  T >> S+     0   0    4    -50,-0.2     4,-1.8     2,-0.1     3,-0.6   0.802 119.3  60.0 -95.6 -38.5   -1.0    6.6  -28.5               
  554  554 A G  H 3> S+     0   0    0      1,-0.3     4,-2.4     2,-0.2     5,-0.2   0.887 101.0  52.7 -64.7 -41.5    1.8    5.2  -30.8               
  555  555 A H  H 3X S+     0   0   19     -4,-2.2     4,-2.1    -7,-0.3    -1,-0.3   0.817 108.4  52.3 -64.9 -30.5    2.9    8.5  -32.2               
  556  556 A L  H <> S+     0   0   57     -3,-0.6     4,-3.0    -5,-0.3    -1,-0.2   0.919 108.8  49.9 -70.4 -42.6    3.2   10.0  -28.7               
  557  557 A V  H  X S+     0   0    2     -4,-1.8     4,-2.6   -55,-0.3     5,-0.2   0.951 112.5  46.4 -59.4 -50.7    5.5    7.1  -27.6               
  558  558 A L  H  X S+     0   0    0     -4,-2.4     4,-2.1     1,-0.2    -2,-0.2   0.925 114.8  48.4 -58.1 -45.6    7.7    7.5  -30.7               
  559  559 A K  H  X S+     0   0   59     -4,-2.1     4,-2.3    -5,-0.2    -2,-0.2   0.934 112.6  47.1 -56.9 -52.4    7.8   11.3  -30.0               
  560  560 A W  H  X S+     0   0   87     -4,-3.0     4,-2.3     1,-0.2    -2,-0.2   0.880 110.8  51.3 -63.6 -39.9    8.6   10.9  -26.3               
  561  561 A L  H  X S+     0   0    5     -4,-2.6     4,-1.0     2,-0.2    16,-0.3   0.905 110.9  48.5 -66.2 -39.3   11.4    8.4  -26.9               
  562  562 A I  H >< S+     0   0    4     -4,-2.1     3,-0.5    -5,-0.2     4,-0.4   0.925 115.0  45.2 -62.0 -45.9   13.1   10.7  -29.5               
  563  563 A E  H >X S+     0   0   95     -4,-2.3     3,-0.9     1,-0.2     4,-0.5   0.857 108.0  59.2 -66.2 -33.7   12.8   13.6  -27.1               
  564  564 A Q  H 3X S+     0   0   29     -4,-2.3     4,-2.5     1,-0.2     3,-0.3   0.737  82.3  81.5 -70.9 -22.5   14.1   11.4  -24.2               
  565  565 A D  H <X S+     0   0    8     -4,-1.0     4,-2.5    -3,-0.5    -1,-0.2   0.847  89.6  56.1 -52.5 -34.4   17.4   10.6  -26.1               
  566  566 A K  H <> S+     0   0  124     -3,-0.9     4,-2.3    -4,-0.4    -1,-0.2   0.955 109.2  44.1 -60.8 -49.4   18.7   14.0  -24.8               
  567  567 A K  H  X S+     0   0  111     -4,-0.5     4,-1.9    -3,-0.3    -2,-0.2   0.846 111.7  54.7 -65.0 -36.8   17.9   13.0  -21.1               
  568  568 A M  H  <>S+     0   0   11     -4,-2.5     5,-2.8     2,-0.2    -2,-0.2   0.962 111.0  44.5 -60.3 -49.6   19.5    9.6  -21.8               
  569  569 A K  H ><5S+     0   0  148     -4,-2.5     3,-1.6     1,-0.2    -2,-0.2   0.891 111.7  52.4 -61.7 -44.3   22.8   11.2  -23.0               
  570  570 A E  H 3<5S+     0   0  133     -4,-2.3    -1,-0.2     1,-0.3    -2,-0.2   0.851 109.3  50.6 -61.6 -34.1   22.8   13.7  -20.1               
  571  571 A N  T 3<5S-     0   0   97     -4,-1.9    -1,-0.3    -5,-0.2    -2,-0.2   0.283 118.5-113.0 -84.5   6.9   22.5   10.8  -17.6               
  572  572 A G  T < 5 +     0   0   73     -3,-1.6     2,-0.4     1,-0.2    -3,-0.2   0.757  67.6 148.5  65.6  24.9   25.4    9.0  -19.3               
  573  573 A R      < -     0   0   68     -5,-2.8    -1,-0.2    -6,-0.2     2,-0.1  -0.774  44.3-128.5 -92.1 137.3   23.1    6.2  -20.6               
  574  574 A E        +     0   0  178     -2,-0.4   -52,-0.1     2,-0.0    -1,-0.0  -0.390  63.4  78.0 -75.6 159.3   23.7    4.3  -23.8               
  575  575 A G        -     0   0   26     -2,-0.1     2,-0.4     1,-0.1    -6,-0.1   0.275  48.9-153.3 106.2 127.1   21.0    4.0  -26.5               
  576  576 A C     >  -     0   0   27      1,-0.1     4,-2.4    -8,-0.1     5,-0.1  -0.946   5.7-172.5-128.1 108.5   19.6    6.5  -29.1               
  577  577 A F  H  > S+     0   0    3     -2,-0.4     4,-3.1   -16,-0.3     5,-0.2   0.894  86.4  57.7 -68.6 -38.6   16.0    5.8  -30.1               
  578  578 A A  H  > S+     0   0    0    -17,-0.3     4,-2.1     2,-0.2    -1,-0.2   0.925 111.2  43.4 -57.0 -45.5   16.0    8.4  -32.9               
  579  579 A K  H  > S+     0   0   90      2,-0.2     4,-2.3     1,-0.2    -2,-0.2   0.964 114.7  49.0 -62.2 -51.6   19.0    6.5  -34.5               
  580  580 A T  H  X S+     0   0    4     -4,-2.4     4,-1.8     1,-0.2    -2,-0.2   0.883 112.4  49.0 -56.6 -43.6   17.4    3.0  -33.9               
  581  581 A L  H  X S+     0   0    0     -4,-3.1     4,-2.5     2,-0.2     5,-0.3   0.917 110.5  49.2 -64.1 -46.3   14.1    4.2  -35.4               
  582  582 A V  H  X S+     0   0   15     -4,-2.1     4,-2.0    -5,-0.2    -2,-0.2   0.887 110.5  51.6 -64.4 -37.7   15.7    5.7  -38.6               
  583  583 A E  H  < S+     0   0  124     -4,-2.3    -1,-0.2     1,-0.2    -2,-0.2   0.883 115.8  40.7 -65.0 -39.4   17.7    2.5  -39.1               
  584  584 A H  H  < S+     0   0   65     -4,-1.8    -2,-0.2    -5,-0.2    -1,-0.2   0.867 122.0  38.4 -77.0 -40.4   14.5    0.3  -38.9               
  585  585 A V  H  X S-     0   0    8     -4,-2.5     4,-0.6    -5,-0.2    -3,-0.2   0.873  95.8-150.5 -81.0 -39.5   12.1    2.5  -40.9               
  586  586 A G  H  X  -     0   0   28     -4,-2.0     4,-2.3    -5,-0.3     3,-0.4   0.312  31.1 -82.4  72.3 154.4   14.5    3.8  -43.6               
  587  587 A M  H  > S+     0   0   62      1,-0.2     4,-2.1     2,-0.2    -1,-0.1   0.807 123.9  59.7 -62.4 -32.4   14.3    7.1  -45.4               
  588  588 A K  H  > S+     0   0  178      2,-0.2     4,-1.0     1,-0.2    -1,-0.2   0.937 111.6  38.7 -61.9 -47.8   11.7    6.0  -48.0               
  589  589 A N  H  X S+     0   0   42     -4,-0.6     4,-1.2    -3,-0.4     3,-0.3   0.893 112.2  57.5 -75.0 -36.2    9.1    5.2  -45.3               
  590  590 A L  H >X S+     0   0    3     -4,-2.3     3,-0.5     1,-0.2     4,-0.5   0.906 103.7  54.6 -58.8 -40.0   10.0    8.2  -43.1               
  591  591 A K  H >< S+     0   0   74     -4,-2.1     3,-1.1     1,-0.2    -1,-0.2   0.877 102.5  56.8 -59.5 -38.1    9.2   10.5  -46.2               
  592  592 A S  H >< S+     0   0   42     -4,-1.0     3,-1.7    -3,-0.3    -1,-0.2   0.809  94.0  67.8 -67.7 -24.8    5.7    8.9  -46.4               
  593  593 A W  H X< S+     0   0    0     -4,-1.2     3,-1.5    -3,-0.5     7,-0.5   0.744  83.4  73.1 -66.3 -21.7    5.0   10.0  -42.8               
  594  594 A A  T << S+     0   0    2     -3,-1.1    -1,-0.3    -4,-0.5    -2,-0.2   0.627  83.5  71.1 -66.6 -12.7    5.0   13.6  -43.9               
  595  595 A S  T <  S+     0   0   72     -3,-1.7     2,-0.3    -4,-0.2    -1,-0.2   0.618  96.3  56.6 -76.2 -15.1    1.6   13.0  -45.5               
  596  596 A V  S <> S-     0   0   12     -3,-1.5     4,-2.7    -4,-0.2     5,-0.2  -0.938  82.8-124.6-126.2 145.2   -0.2   12.7  -42.1               
  597  597 A N  H  > S+     0   0   62     -2,-0.3     4,-1.4     1,-0.2    -1,-0.1   0.860 110.8  43.3 -54.7 -46.3   -0.5   15.2  -39.2               
  598  598 A R  H  > S+     0   0   81      2,-0.2     4,-1.8     1,-0.2    -1,-0.2   0.889 112.9  52.4 -72.3 -36.6    0.9   12.7  -36.5               
  599  599 A G  H  > S+     0   0    0     -6,-0.2     4,-2.5     1,-0.2    -5,-0.2   0.935 107.3  52.9 -62.0 -44.0    3.7   11.5  -38.8               
  600  600 A A  H  X S+     0   0    0     -4,-2.7     4,-2.2    -7,-0.5    -1,-0.2   0.843 105.8  54.5 -61.4 -33.6    4.8   15.1  -39.4               
  601  601 A I  H  X S+     0   0   42     -4,-1.4     4,-1.7    -5,-0.2    -1,-0.2   0.930 109.6  46.7 -64.2 -44.5    4.9   15.7  -35.6               
  602  602 A I  H  X S+     0   0    0     -4,-1.8     4,-2.2   -53,-0.2    -2,-0.2   0.925 111.6  50.8 -64.6 -43.7    7.3   12.6  -35.2               
  603  603 A L  H  X S+     0   0    0     -4,-2.5     4,-2.2     1,-0.2    -1,-0.2   0.902 106.8  55.1 -59.8 -39.4    9.5   13.9  -38.2               
  604  604 A S  H  X S+     0   0    6     -4,-2.2     4,-0.6     1,-0.2    -1,-0.2   0.883 107.8  49.1 -60.6 -39.1    9.6   17.3  -36.4               
  605  605 A S  H >< S+     0   0    5     -4,-1.7     3,-0.8     2,-0.2    -2,-0.2   0.895 108.2  53.4 -67.0 -39.0   11.0   15.6  -33.3               
  606  606 A L  H >< S+     0   0    0     -4,-2.2     3,-1.5     1,-0.2    -2,-0.2   0.883 104.8  54.8 -63.0 -37.5   13.6   13.7  -35.5               
  607  607 A L  H 3< S+     0   0   27     -4,-2.2    -1,-0.2     1,-0.3    -2,-0.2   0.715 110.8  47.2 -64.6 -22.1   14.7   17.2  -36.9               
  608  608 A Q  T << S+     0   0  121     -3,-0.8    -1,-0.3    -4,-0.6    -2,-0.2   0.182  85.4 138.9-101.6  11.0   15.2   18.2  -33.2               
  609  609 A S    <   -     0   0    7     -3,-1.5     6,-0.1     2,-0.2   -46,-0.1  -0.239  59.9-134.0 -56.5 143.3   17.2   15.0  -32.3               
  610  610 A C  S    S+     0   0   40    -48,-0.4     2,-0.9     1,-0.1    -1,-0.1   0.630  95.3  84.0 -72.4 -14.2   20.2   15.4  -30.0               
  611  611 A D     >  -     0   0   37      1,-0.2     4,-2.5    -5,-0.1    -2,-0.2  -0.829  67.2-168.7 -85.4 101.2   21.9   13.0  -32.5               
  612  612 A L  H  > S+     0   0  125     -2,-0.9     4,-2.3     2,-0.2     5,-0.2   0.759  83.1  58.9 -66.6 -27.0   23.0   15.6  -35.2               
  613  613 A E  H  > S+     0   0  109      2,-0.2     4,-2.3     3,-0.2    -1,-0.2   0.952 110.5  42.5 -67.3 -46.1   23.8   12.8  -37.7               
  614  614 A V  H  > S+     0   0    8      2,-0.2     4,-2.5     1,-0.2     5,-0.2   0.948 114.8  50.3 -61.0 -50.8   20.2   11.5  -37.5               
  615  615 A A  H  X S+     0   0    9     -4,-2.5     4,-2.7     1,-0.2    -2,-0.2   0.915 113.1  45.8 -57.9 -45.1   18.8   15.1  -37.6               
  616  616 A N  H  X S+     0   0  105     -4,-2.3     4,-2.7     2,-0.2    -1,-0.2   0.911 112.4  49.9 -66.7 -43.3   20.9   16.1  -40.7               
  617  617 A K  H  X S+     0   0  108     -4,-2.3     4,-2.0     2,-0.2    -2,-0.2   0.926 114.5  44.7 -61.1 -45.3   20.1   12.8  -42.6               
  618  618 A V  H  X S+     0   0    2     -4,-2.5     4,-2.4     2,-0.2    -2,-0.2   0.937 113.3  50.9 -65.8 -44.6   16.3   13.3  -42.0               
  619  619 A K  H  X S+     0   0   56     -4,-2.7     4,-1.8    -5,-0.2    -2,-0.2   0.932 110.7  48.9 -57.3 -48.7   16.5   17.0  -42.9               
  620  620 A A  H  < S+     0   0   69     -4,-2.7     4,-0.5     1,-0.2    -1,-0.2   0.904 113.2  47.4 -59.7 -42.3   18.3   16.3  -46.2               
  621  621 A A  H >< S+     0   0   18     -4,-2.0     3,-0.6     1,-0.2    -1,-0.2   0.910 113.1  47.6 -64.8 -43.4   15.7   13.5  -47.1               
  622  622 A L  H >< S+     0   0    2     -4,-2.4     3,-2.5     1,-0.2     4,-0.4   0.738  89.0  81.6 -77.9 -21.7   12.6   15.7  -46.3               
  623  623 A K  G >< S+     0   0  116     -4,-1.8     3,-1.5     1,-0.3    -1,-0.2   0.843  83.8  64.6 -51.1 -36.6   13.8   18.9  -48.2               
  624  624 A S  G <  S+     0   0   72     -3,-0.6    -1,-0.3    -4,-0.5     4,-0.1   0.635  98.7  54.9 -60.5 -16.3   12.5   17.3  -51.4               
  625  625 A L  G X> S+     0   0   37     -3,-2.5     4,-2.6     1,-0.1     3,-1.0   0.520  74.7 101.8 -97.0  -7.8    8.9   17.4  -50.0               
  626  626 A I  H <> S+     0   0   38     -3,-1.5     4,-2.4    -4,-0.4     5,-0.2   0.878  83.0  47.8 -47.9 -50.4    8.8   21.3  -49.2               
  627  627 A P  H 3> S+     0   0   75      0, 0.0     4,-0.7     0, 0.0    -1,-0.3   0.792 115.1  46.6 -63.8 -29.7    6.7   22.1  -52.4               
  628  628 A T  H <> S+     0   0   84     -3,-1.0     4,-0.9     2,-0.2     3,-0.4   0.909 112.0  49.5 -75.2 -42.7    4.2   19.3  -51.5               
  629  629 A L  H  X S+     0   0    5     -4,-2.6     4,-1.3     1,-0.2     3,-0.4   0.849 103.6  60.5 -67.9 -34.1    4.0   20.3  -47.8               
  630  630 A E  H  < S+     0   0   99     -4,-2.4     4,-0.3    -5,-0.3    -1,-0.2   0.850 104.3  50.7 -59.1 -34.7    3.3   23.9  -48.8               
  631  631 A K  H  < S+     0   0  177     -4,-0.7    -1,-0.2    -3,-0.4    -2,-0.2   0.765 118.7  36.7 -73.3 -27.4    0.2   22.8  -50.6               
  632  632 A T  H >X S+     0   0   50     -4,-0.9     3,-2.1    -3,-0.4     4,-0.5   0.475  85.4 102.3-103.8  -4.9   -1.1   20.8  -47.6               
  633  633 A K  G >< S+     0   0  109     -4,-1.3     3,-0.9     1,-0.3     7,-0.4   0.814  77.0  57.8 -54.4 -36.3    0.1   23.2  -44.8               
  634  634 A S  G 34 S+     0   0  108     -4,-0.3    -1,-0.3     1,-0.2     3,-0.1   0.641 100.6  58.6 -70.0 -16.3   -3.5   24.6  -44.2               
  635  635 A T  G <4 S+     0   0  112     -3,-2.1     2,-0.3     1,-0.2    -1,-0.2   0.656 112.0  26.4 -90.7 -17.1   -4.9   21.1  -43.4               
  636  636 A S    XX  -     0   0   18     -3,-0.9     4,-1.8    -4,-0.5     3,-0.7  -0.903  54.9-147.8-157.6 127.3   -2.7   20.1  -40.5               
  637  637 A K  H 3> S+     0   0  160     -2,-0.3     4,-2.3     1,-0.2     5,-0.2   0.787 101.5  59.7 -58.3 -35.0   -0.7   21.8  -37.7               
  638  638 A G  H 3> S+     0   0    1      2,-0.2     4,-1.7     1,-0.2    -1,-0.2   0.878 106.4  46.3 -64.8 -37.7    1.9   19.0  -37.6               
  639  639 A I  H <> S+     0   0    4     -3,-0.7     4,-2.4     2,-0.2    -2,-0.2   0.885 110.4  53.9 -72.2 -39.1    2.8   19.7  -41.3               
  640  640 A E  H  X S+     0   0   89     -4,-1.8     4,-2.2    -7,-0.4    -2,-0.2   0.965 111.2  45.1 -56.5 -51.1    2.9   23.5  -40.7               
  641  641 A I  H  X S+     0   0   72     -4,-2.3     4,-1.7     1,-0.2    -1,-0.2   0.862 112.2  52.4 -61.3 -39.9    5.4   22.9  -37.8               
  642  642 A L  H  X S+     0   0    0     -4,-1.7     4,-1.0     2,-0.2    -1,-0.2   0.914 108.6  50.6 -62.7 -42.0    7.4   20.4  -40.0               
  643  643 A L  H >X S+     0   0   18     -4,-2.4     4,-1.6     2,-0.2     3,-0.6   0.911 106.5  54.3 -64.4 -42.8    7.7   23.0  -42.8               
  644  644 A E  H 3X S+     0   0  117     -4,-2.2     4,-1.4     1,-0.2     3,-0.3   0.923 109.6  48.2 -55.0 -45.3    8.9   25.8  -40.4               
  645  645 A K  H 3< S+     0   0   52     -4,-1.7    -1,-0.2     1,-0.2    -2,-0.2   0.658 110.3  51.1 -71.9 -21.9   11.8   23.4  -39.3               
  646  646 A L  H << S+     0   0    7     -4,-1.0    -1,-0.2    -3,-0.6    -2,-0.2   0.736 107.8  53.0 -82.9 -26.9   12.7   22.5  -42.9               
  647  647 A S  H  <        0   0   86     -4,-1.6    -2,-0.2    -3,-0.3    -3,-0.1   0.700 360.0 360.0 -83.1 -25.7   12.9   26.3  -43.8               
  648  648 A T     <        0   0  130     -4,-1.4    -2,-0.2    -5,-0.2    -3,-0.2   0.761 360.0 360.0 -78.8 360.0   15.3   27.0  -40.9               
