==== Secondary Structure Definition by the program DSSP, CMBI version 2.0                          ==== DATE=2026-03-08        .
REFERENCE W. KABSCH AND C.SANDER, BIOPOLYMERS 22 (1983) 2577-2637                                                              .
HEADER                                            01-AUG-25                                                                    .
COMPND    MOL_ID: 1; MOLECULE: ZINC FINGER PROTEIN 74; CHAIN: A                                                                .
SOURCE    MOL_ID: 1; ORGANISM_SCIENTIFIC: HOMO SAPIENS; ORGANISM_TAXID: 9606                                                   .
AUTHOR                                                                                                                         .
  644  1  0  0  0 TOTAL NUMBER OF RESIDUES, NUMBER OF CHAINS, NUMBER OF SS-BRIDGES(TOTAL,INTRACHAIN,INTERCHAIN)                .
 64637.5   ACCESSIBLE SURFACE OF PROTEIN (ANGSTROM**2)                                                                         .
  298 46.3   TOTAL NUMBER OF HYDROGEN BONDS OF TYPE O(I)-->H-N(J)  , SAME NUMBER PER 100 RESIDUES                              .
    0  0.0   TOTAL NUMBER OF HYDROGEN BONDS IN     PARALLEL BRIDGES, SAME NUMBER PER 100 RESIDUES                              .
   36  5.6   TOTAL NUMBER OF HYDROGEN BONDS IN ANTIPARALLEL BRIDGES, SAME NUMBER PER 100 RESIDUES                              .
   12  1.9   TOTAL NUMBER OF HYDROGEN BONDS OF TYPE O(I)-->H-N(I-5), SAME NUMBER PER 100 RESIDUES                              .
    0  0.0   TOTAL NUMBER OF HYDROGEN BONDS OF TYPE O(I)-->H-N(I-4), SAME NUMBER PER 100 RESIDUES                              .
    0  0.0   TOTAL NUMBER OF HYDROGEN BONDS OF TYPE O(I)-->H-N(I-3), SAME NUMBER PER 100 RESIDUES                              .
    0  0.0   TOTAL NUMBER OF HYDROGEN BONDS OF TYPE O(I)-->H-N(I-2), SAME NUMBER PER 100 RESIDUES                              .
    0  0.0   TOTAL NUMBER OF HYDROGEN BONDS OF TYPE O(I)-->H-N(I-1), SAME NUMBER PER 100 RESIDUES                              .
    0  0.0   TOTAL NUMBER OF HYDROGEN BONDS OF TYPE O(I)-->H-N(I+0), SAME NUMBER PER 100 RESIDUES                              .
    0  0.0   TOTAL NUMBER OF HYDROGEN BONDS OF TYPE O(I)-->H-N(I+1), SAME NUMBER PER 100 RESIDUES                              .
   72 11.2   TOTAL NUMBER OF HYDROGEN BONDS OF TYPE O(I)-->H-N(I+2), SAME NUMBER PER 100 RESIDUES                              .
   48  7.5   TOTAL NUMBER OF HYDROGEN BONDS OF TYPE O(I)-->H-N(I+3), SAME NUMBER PER 100 RESIDUES                              .
  140 21.7   TOTAL NUMBER OF HYDROGEN BONDS OF TYPE O(I)-->H-N(I+4), SAME NUMBER PER 100 RESIDUES                              .
    2  0.3   TOTAL NUMBER OF HYDROGEN BONDS OF TYPE O(I)-->H-N(I+5), SAME NUMBER PER 100 RESIDUES                              .
  1  2  3  4  5  6  7  8  9 10 11 12 13 14 15 16 17 18 19 20 21 22 23 24 25 26 27 28 29 30     *** HISTOGRAMS OF ***           .
  0  0  0  0  0  1  1  4  1  0  5  3  0  0  0  0  0  0  1  0  0  0  0  0  0  0  0  0  0  0    RESIDUES PER ALPHA HELIX         .
  0  0  0  0  0  0  0  0  0  0  0  0  0  0  0  0  0  0  0  0  0  0  0  0  0  0  0  0  0  0    PARALLEL BRIDGES PER LADDER      .
  0 12  0  0  0  0  0  0  0  0  0  0  0  0  0  0  0  0  0  0  0  0  0  0  0  0  0  0  0  0    ANTIPARALLEL BRIDGES PER LADDER  .
 12  0  0  0  0  0  0  0  0  0  0  0  0  0  0  0  0  0  0  0  0  0  0  0  0  0  0  0  0  0    LADDERS PER SHEET                .
  #  RESIDUE AA STRUCTURE BP1 BP2  ACC     N-H-->O    O-->H-N    N-H-->O    O-->H-N    TCO  KAPPA ALPHA  PHI   PSI    X-CA   Y-CA   Z-CA            CHAIN
    1    1 A M              0   0  245      0, 0.0     2,-0.2     0, 0.0     0, 0.0   0.000 360.0 360.0 360.0 111.9   26.2   44.1    8.6               
    2    2 A E        -     0   0  191      0, 0.0     0, 0.0     0, 0.0     0, 0.0  -0.609 360.0-171.2 -88.4 149.2   22.6   42.8    9.1               
    3    3 A I        -     0   0  167     -2,-0.2     2,-0.1     0, 0.0     0, 0.0  -0.938  23.8-149.1-134.0 115.4   19.7   42.7    6.6               
    4    4 A P        -     0   0  124      0, 0.0     0, 0.0     0, 0.0     0, 0.0  -0.254  16.1 -96.2 -86.3 171.2   16.3   41.7    8.3               
    5    5 A A        -     0   0   92      1,-0.1     2,-0.2    -2,-0.1     0, 0.0  -0.387  36.9-102.8 -84.1 160.0   13.2   39.8    7.1               
    6    6 A P        -     0   0  130      0, 0.0    -1,-0.1     0, 0.0     0, 0.0  -0.512  34.1-114.7 -85.9 154.7    9.9   41.1    5.6               
    7    7 A E        -     0   0  184     -2,-0.2     2,-0.6     1,-0.1     0, 0.0  -0.214  26.3-102.8 -82.3 166.5    6.5   41.3    7.5               
    8    8 A P        -     0   0  121      0, 0.0     2,-0.2     0, 0.0    -1,-0.1  -0.839  30.7-159.9 -97.7 122.6    3.1   39.5    6.9               
    9    9 A E        -     0   0  195     -2,-0.6     2,-0.3     1,-0.1     0, 0.0  -0.611  24.6 -99.8-103.0 159.2    0.1   41.3    5.2               
   10   10 A K        -     0   0  207     -2,-0.2     2,-0.4     1,-0.0    -1,-0.1  -0.569  17.8-143.2 -95.4 136.8   -3.5   40.3    5.4               
   11   11 A T        +     0   0  151     -2,-0.3     2,-0.3     0, 0.0    -1,-0.0  -0.785  30.8 157.8 -90.3 129.7   -5.9   38.4    3.1               
   12   12 A A        +     0   0   80     -2,-0.4    -2,-0.0     1,-0.2     0, 0.0  -0.971  21.0  45.1-152.5 146.5   -9.6   39.5    2.8               
   13   13 A L        +     0   0  168     -2,-0.3    -1,-0.2     2,-0.0     0, 0.0   0.543  48.9  51.5  63.8 149.2  -12.5   39.1    0.3               
   14   14 A S        +     0   0  102      1,-0.1     2,-0.4     0, 0.0    -2,-0.0   0.685  17.2 153.6-142.2 146.7  -14.4   37.7   -1.8               
   15   15 A S        -     0   0  115      2,-0.0     2,-0.7     0, 0.0    -1,-0.1  -0.958  31.5-146.2-108.2 130.0  -16.7   34.7   -2.2               
   16   16 A Q        -     0   0  189     -2,-0.4     0, 0.0     2,-0.0     0, 0.0  -0.888  15.1-176.8 -98.9 113.1  -19.6   34.9   -4.6               
   17   17 A D        -     0   0  157     -2,-0.7     2,-0.9     2,-0.0    -2,-0.0  -0.935  16.5-149.2 -95.4 123.3  -22.8   33.1   -3.8               
   18   18 A P        -     0   0  126      0, 0.0     2,-0.3     0, 0.0     3,-0.1  -0.832  19.3-160.6 -90.8 105.5  -25.5   33.4   -6.5               
   19   19 A A        -     0   0   87     -2,-0.9    -2,-0.0     1,-0.2     0, 0.0  -0.677  38.0  -9.7 -80.9 139.8  -28.9   33.3   -4.8               
   20   20 A L        +     0   0  175     -2,-0.3    -1,-0.2     1,-0.1     2,-0.1   0.919  46.2 140.2  57.4 100.3  -32.3   32.4   -6.4               
   21   21 A S        +     0   0  122     -3,-0.1    -1,-0.1     2,-0.0     2,-0.1  -0.596  28.1 126.2-150.8 108.0  -33.8   31.9   -9.8               
   22   22 A L        +     0   0  170     -2,-0.1     2,-0.3     0, 0.0     3,-0.1  -0.580  26.4 146.1-147.0  80.3  -36.3   29.1  -10.1               
   23   23 A K        +     0   0  167      1,-0.2    -2,-0.0    -2,-0.1     0, 0.0  -0.737  38.1  44.4 -92.4 162.0  -39.6   30.4  -11.6               
   24   24 A E        +     0   0  155     -2,-0.3    -1,-0.2     2,-0.0     0, 0.0   0.990  61.1  81.5  64.3  92.8  -41.9   28.4  -13.9               
   25   25 A N        +     0   0  169     -3,-0.1     2,-0.0     0, 0.0     0, 0.0   0.238  40.1 122.4-177.9 101.0  -43.3   25.1  -14.1               
   26   26 A L        +     0   0  173      0, 0.0     2,-0.3     0, 0.0     3,-0.1  -0.501  39.2 107.8-144.0  69.8  -46.4   24.2  -12.0               
   27   27 A E        +     0   0  188      1,-0.2     3,-0.0     3,-0.0     0, 0.0  -0.945  52.1  49.3-135.0 157.1  -49.3   23.0  -14.2               
   28   28 A D        +     0   0  151     -2,-0.3    -1,-0.2     1,-0.0     0, 0.0   0.995  65.1  85.4  62.3  83.5  -50.7   19.4  -14.6               
   29   29 A I        +     0   0  178     -3,-0.1     2,-0.5     0, 0.0    -1,-0.0  -0.145  42.6 159.6-158.6 105.7  -51.7   17.1  -12.0               
   30   30 A S        +     0   0  121     -3,-0.0     2,-0.1     0, 0.0    -3,-0.0  -0.934  30.0  91.2-105.5 128.0  -55.3   17.7  -10.8               
   31   31 A G        +     0   0   57     -2,-0.5     0, 0.0     1,-0.2     0, 0.0  -0.344  48.9  50.4 149.4 137.4  -57.1   14.9   -9.0               
   32   32 A W        -     0   0  264     -2,-0.1    -1,-0.2     2,-0.0     2,-0.1   0.750  61.5-130.7  82.1 113.2  -57.8   13.3   -5.6               
   33   33 A G        -     0   0   78      1,-0.2     0, 0.0     0, 0.0     0, 0.0  -0.246  17.3-101.2 -89.0 170.1  -59.2   15.4   -2.6               
   34   34 A L        -     0   0  160     -2,-0.1     2,-0.2     0, 0.0    -1,-0.2  -0.197   9.7-157.4 -66.9 159.6  -58.4   15.9    1.1               
   35   35 A P        -     0   0  120      0, 0.0     0, 0.0     0, 0.0     0, 0.0  -0.718  47.0 -80.1-134.0 130.9  -59.4   15.0    4.3               
   36   36 A E        -     0   0  174     -2,-0.2     2,-0.5     1,-0.2     0, 0.0   0.751  38.6-101.3  28.0 126.3  -58.6   17.2    7.3               
   37   37 A A        -     0   0  106      1,-0.0     2,-0.5     3,-0.0    -1,-0.2  -0.541  24.5-151.3 -73.3 119.0  -55.5   17.7    9.4               
   38   38 A R        -     0   0  245     -2,-0.5     2,-0.1     1,-0.0    -1,-0.0  -0.775  31.6-110.4 -79.2 131.3  -55.4   16.1   12.9               
   39   39 A S        -     0   0  111     -2,-0.5     2,-0.6     1,-0.1    -1,-0.0  -0.392  24.5-121.7 -58.1 130.1  -53.2   18.1   15.3               
   40   40 A K        -     0   0  202     -2,-0.1     2,-0.2     1,-0.0    -1,-0.1  -0.701  30.1-123.6 -70.4 117.4  -49.8   16.5   16.3               
   41   41 A E        -     0   0  191     -2,-0.6     2,-0.6     1,-0.1    -1,-0.0  -0.478  23.9-136.9 -61.8 123.8  -49.9   16.3   20.1               
   42   42 A S        -     0   0  109     -2,-0.2     2,-0.2     1,-0.0    -1,-0.1  -0.817  15.9-120.5 -89.0 122.4  -46.8   18.1   21.4               
   43   43 A V        -     0   0   89     -2,-0.6     2,-0.2     1,-0.1    -1,-0.0  -0.418  34.7-159.3 -60.2 124.2  -45.0   16.4   24.3               
   44   44 A S    >   -     0   0   38     -2,-0.2     3,-1.0     1,-0.1     4,-0.4  -0.524  33.1-101.1 -98.6 170.1  -45.0   18.7   27.4               
   45   45 A F  G >> S+     0   0   22      1,-0.2     4,-1.9     2,-0.2     3,-1.2   0.873 121.1  61.0 -59.0 -33.3  -42.7   18.8   30.5               
   46   46 A K  G 34 S+     0   0  178      1,-0.2    -1,-0.2     2,-0.2     5,-0.1   0.758  97.5  58.0 -66.8 -24.0  -45.5   17.0   32.4               
   47   47 A D  G <4 S+     0   0  106     -3,-1.0    -1,-0.2     1,-0.2    -2,-0.2   0.572 118.6  30.2 -82.5 -12.2  -45.3   13.9   30.1               
   48   48 A V  T <4 S+     0   0   40     -3,-1.2    -2,-0.2    -4,-0.4    -1,-0.2   0.486  96.8 106.9-124.8 -12.6  -41.6   13.4   30.9               
   49   49 A A     <  -     0   0   21     -4,-1.9     2,-0.5    -5,-0.2    -5,-0.0  -0.286  58.8-146.2 -56.4 147.0  -41.4   14.7   34.5               
   50   50 A V        -     0   0   67     18,-0.1     2,-0.4     2,-0.0    -3,-0.0  -1.000  19.2-163.8-109.0 124.2  -41.1   12.3   37.4               
   51   51 A D        -     0   0  107     -2,-0.5     2,-0.4    -5,-0.1    -5,-0.0  -0.884   2.3-162.0-105.5 142.3  -43.0   13.7   40.4               
   52   52 A F        -     0   0   54     -2,-0.4     2,-0.0     4,-0.0    -2,-0.0  -0.949  18.9-122.0-115.4 144.2  -42.4   12.4   44.0               
   53   53 A T     >  -     0   0   64     -2,-0.4     4,-2.9     1,-0.1     5,-0.2  -0.310  34.6-105.7 -67.8 166.4  -44.8   12.8   47.0               
   54   54 A Q  H  > S+     0   0  161      1,-0.2     4,-1.7     2,-0.2    -1,-0.1   0.882 124.7  49.7 -63.4 -34.6  -43.3   14.6   50.0               
   55   55 A E  H  > S+     0   0  135      2,-0.2     4,-0.5     1,-0.1    -1,-0.2   0.852 112.0  47.6 -70.6 -36.4  -43.1   11.1   51.8               
   56   56 A E  H >> S+     0   0   88      2,-0.2     3,-1.3     1,-0.2     4,-0.6   0.941 111.5  49.4 -69.8 -45.2  -41.4    9.6   48.7               
   57   57 A W  H >< S+     0   0   18     -4,-2.9     3,-1.1     1,-0.3    -2,-0.2   0.880 105.2  59.8 -59.5 -37.5  -38.9   12.5   48.5               
   58   58 A G  H 3< S+     0   0   55     -4,-1.7    -1,-0.3     1,-0.2    -2,-0.2   0.718 103.2  52.4 -61.7 -22.1  -38.2   12.0   52.3               
   59   59 A Q  H << S+     0   0  153     -3,-1.3     2,-0.4    -4,-0.5    -1,-0.2   0.564  87.8 102.4 -90.2 -12.6  -37.1    8.4   51.5               
   60   60 A L    <<  -     0   0   29     -3,-1.1    -3,-0.0    -4,-0.6    -4,-0.0  -0.606  64.4-140.5 -78.6 129.6  -34.5    9.4   48.8               
   61   61 A D     >  -     0   0   71     -2,-0.4     4,-2.5     1,-0.1     5,-0.2  -0.131  33.8 -93.6 -73.6 172.2  -30.8    9.5   49.8               
   62   62 A S  H  > S+     0   0   94      1,-0.2     4,-2.2     2,-0.2     5,-0.2   0.935 126.2  49.8 -60.6 -46.1  -28.3   12.2   48.6               
   63   63 A P  H  > S+     0   0   91      0, 0.0     4,-2.6     0, 0.0    -1,-0.2   0.892 112.5  48.7 -53.7 -43.0  -27.2   10.2   45.5               
   64   64 A Q  H  > S+     0   0   41      2,-0.2     4,-2.4     1,-0.2    -2,-0.2   0.904 111.0  49.0 -68.2 -40.6  -30.9    9.6   44.5               
   65   65 A R  H  X S+     0   0   77     -4,-2.5     4,-2.0     2,-0.2    -1,-0.2   0.876 112.3  49.4 -65.1 -37.7  -31.8   13.3   44.9               
   66   66 A A  H  X S+     0   0   48     -4,-2.2     4,-2.5    -5,-0.2    -2,-0.2   0.949 110.7  49.6 -64.8 -46.3  -28.7   14.2   42.8               
   67   67 A L  H  X S+     0   0   75     -4,-2.6     4,-2.6     1,-0.2    -2,-0.2   0.891 110.0  51.5 -59.2 -42.2  -29.8   11.7   40.1               
   68   68 A Y  H  X S+     0   0   17     -4,-2.4     4,-2.6     2,-0.2     5,-0.2   0.932 109.7  50.0 -59.1 -46.7  -33.3   13.1   40.1               
   69   69 A R  H  X S+     0   0   94     -4,-2.0     4,-2.3     2,-0.2    -2,-0.2   0.940 113.1  45.8 -55.9 -50.9  -31.9   16.7   39.6               
   70   70 A D  H  X S+     0   0  101     -4,-2.5     4,-2.6     1,-0.2    -2,-0.2   0.928 114.7  47.2 -61.9 -46.6  -29.7   15.5   36.7               
   71   71 A V  H  X S+     0   0   56     -4,-2.6     4,-2.7     2,-0.2    -1,-0.2   0.892 113.1  47.9 -63.1 -43.0  -32.5   13.6   35.0               
   72   72 A M  H  X S+     0   0    1     -4,-2.6     4,-2.0     2,-0.2    -1,-0.2   0.899 113.9  46.9 -70.1 -37.5  -35.1   16.4   35.4               
   73   73 A L  H  X S+     0   0   33     -4,-2.3     4,-2.5    -5,-0.2    -2,-0.2   0.910 113.5  48.9 -66.9 -41.5  -32.6   19.0   34.0               
   74   74 A E  H  X S+     0   0  105     -4,-2.6     4,-2.8     2,-0.2    -2,-0.2   0.927 110.2  51.3 -64.3 -42.9  -31.7   16.6   31.1               
   75   75 A N  H  X S+     0   0   34     -4,-2.7     4,-1.9     2,-0.2    -2,-0.2   0.911 111.6  47.7 -60.0 -42.1  -35.5   16.1   30.3               
   76   76 A Y  H  X S+     0   0   25     -4,-2.0     4,-2.3     2,-0.2    -2,-0.2   0.941 113.1  47.5 -64.7 -45.4  -36.0   19.9   30.2               
   77   77 A Q  H  X S+     0   0  128     -4,-2.5     4,-1.5     1,-0.2    -2,-0.2   0.902 110.2  53.2 -61.7 -40.9  -32.9   20.4   27.9               
   78   78 A N  H  < S+     0   0   78     -4,-2.8    -1,-0.2     2,-0.2     4,-0.2   0.877 109.7  48.4 -62.7 -38.4  -34.2   17.5   25.7               
   79   79 A L  H >X S+     0   0   11     -4,-1.9     3,-1.6     1,-0.2     4,-0.7   0.908 107.8  53.7 -69.5 -40.4  -37.6   19.3   25.4               
   80   80 A L  H 3< S+     0   0   74     -4,-2.3     3,-0.4     1,-0.3    -2,-0.2   0.815 106.3  54.8 -61.0 -29.2  -35.9   22.7   24.6               
   81   81 A A  T 3< S+     0   0   85     -4,-1.5    -1,-0.3     1,-0.2    -2,-0.2   0.544 104.7  56.1 -77.2  -8.9  -34.1   20.8   21.8               
   82   82 A L  T <4 S-     0   0  142     -3,-1.6    -2,-0.2    -4,-0.2    -1,-0.2   0.577 117.1 -33.8-100.3 -14.0  -37.5   19.5   20.3               
   83   83 A G  S  < S-     0   0   40     -4,-0.7     3,-0.2    -3,-0.4    -1,-0.1  -0.973  84.8 -22.7 179.8-171.1  -39.3   22.9   19.7               
   84   84 A P  S    S-     0   0  115      0, 0.0     2,-0.2     0, 0.0    -2,-0.1  -0.085  88.7 -57.9 -59.9 163.6  -40.2   26.5   20.6               
   85   85 A P        -     0   0  122      0, 0.0     2,-0.2     0, 0.0    -5,-0.1  -0.207  49.8-154.2 -62.4 113.2  -39.7   27.8   24.2               
   86   86 A L        -     0   0   63     -2,-0.2     2,-0.3    -3,-0.2    -6,-0.0  -0.581  35.7 -98.8 -67.7 140.8  -41.6   25.9   26.8               
   87   87 A H        -     0   0  163     -2,-0.2    -1,-0.1     1,-0.1     0, 0.0  -0.508  47.0-108.2 -59.1 123.2  -42.4   28.0   29.9               
   88   88 A K        -     0   0   62     -2,-0.3    -1,-0.1     1,-0.1     2,-0.1  -0.394  35.3-123.3 -58.1 119.6  -39.7   27.0   32.4               
   89   89 A P    >>  -     0   0   26      0, 0.0     4,-1.8     0, 0.0     3,-0.6  -0.416  12.5-124.2 -65.3 145.1  -41.4   24.8   35.2               
   90   90 A D  H 3> S+     0   0  112      1,-0.2     4,-2.4     2,-0.2     5,-0.2   0.901 112.7  59.7 -57.0 -39.0  -41.0   26.1   38.8               
   91   91 A V  H 3> S+     0   0   28      1,-0.2     4,-2.7     2,-0.2    -1,-0.2   0.887 104.9  48.5 -54.4 -43.4  -39.5   22.7   39.7               
   92   92 A I  H <> S+     0   0    0     -3,-0.6     4,-2.5     2,-0.2    -1,-0.2   0.893 109.5  53.0 -67.5 -37.4  -36.7   23.2   37.1               
   93   93 A S  H  X S+     0   0   22     -4,-1.8     4,-1.5     2,-0.2    -2,-0.2   0.899 112.4  44.1 -64.9 -39.7  -36.0   26.8   38.5               
   94   94 A H  H  X>S+     0   0   21     -4,-2.4     5,-2.3     2,-0.2     4,-1.0   0.953 113.4  51.2 -65.7 -48.0  -35.7   25.3   42.1               
   95   95 A L  H  <5S+     0   0    7     -4,-2.7     3,-0.4     1,-0.2    -2,-0.2   0.861 107.9  51.9 -62.2 -37.2  -33.4   22.4   40.8               
   96   96 A E  H  <5S+     0   0   94     -4,-2.5    -1,-0.2     1,-0.2    -2,-0.2   0.946 112.5  46.0 -62.4 -43.4  -31.1   24.8   38.9               
   97   97 A R  H  <5S-     0   0  142     -4,-1.5    -2,-0.2    -5,-0.2    -1,-0.2   0.628 117.0-116.2 -71.2 -12.3  -30.7   26.9   42.2               
   98   98 A G  T  <5S+     0   0   53     -4,-1.0    -3,-0.2    -3,-0.4     2,-0.2   0.622  70.5 139.0  78.3  16.3  -30.1   23.6   44.1               
   99   99 A E      < -     0   0   77     -5,-2.3    -1,-0.3    -6,-0.2     4,-0.1  -0.528  63.6 -97.8 -81.3 154.3  -33.4   24.2   46.2               
  100  100 A E        -     0   0   97     -2,-0.2    -1,-0.1     1,-0.1    -3,-0.0  -0.523  38.4-112.2 -68.3 145.5  -35.8   21.4   47.0               
  101  101 A P  S    S+     0   0    8      0, 0.0     2,-0.6     0, 0.0    -1,-0.1   0.555 103.8  70.7 -57.1 -11.7  -38.8   21.4   44.5               
  102  102 A W        +     0   0  138      1,-0.1    -2,-0.1    -8,-0.1     3,-0.0  -0.721  53.1 128.3-116.9  76.6  -41.3   22.5   47.2               
  103  103 A S        +     0   0   67     -2,-0.6     2,-0.2     1,-0.1    -1,-0.1  -0.279  45.0  87.5-130.1  48.2  -40.7   26.2   48.2               
  104  104 A M        -     0   0  172      2,-0.0     2,-0.6     0, 0.0    -1,-0.1  -0.735  42.3-171.7-149.5 111.1  -44.0   28.1   47.9               
  105  105 A Q        -     0   0  197     -2,-0.2     2,-1.0    -3,-0.0    -3,-0.0  -0.837  34.7-139.4 -77.0 120.2  -46.8   28.6   50.4               
  106  106 A R        -     0   0  213     -2,-0.6     2,-0.3     2,-0.0    -2,-0.0  -0.749  21.9-175.0 -94.0  94.7  -49.4   30.2   48.0               
  107  107 A E        -     0   0  181     -2,-1.0    -2,-0.0     2,-0.0     0, 0.0  -0.692  16.9-150.4 -75.1 138.6  -51.3   33.1   49.6               
  108  108 A V        -     0   0  109     -2,-0.3     2,-0.5     2,-0.0    -2,-0.0  -0.904  11.6-164.7-121.5 104.6  -54.0   34.3   47.1               
  109  109 A P        -     0   0  120      0, 0.0     2,-0.4     0, 0.0    -2,-0.0  -0.752  24.4-132.0 -78.6 124.9  -55.2   37.9   46.9               
  110  110 A R        +     0   0  248     -2,-0.5    -2,-0.0     2,-0.0     0, 0.0  -0.669  43.4 143.7 -73.2 131.2  -58.5   38.1   44.9               
  111  111 A G        -     0   0   68     -2,-0.4     2,-0.1     0, 0.0     0, 0.0  -0.894  44.2-112.6-165.4 138.1  -58.7   40.9   42.2               
  112  112 A P        -     0   0  132      0, 0.0    -2,-0.0     0, 0.0     0, 0.0  -0.406  31.9-116.3 -77.0 152.6  -60.3   41.0   38.7               
  113  113 A C        -     0   0  121     -2,-0.1     2,-0.3     0, 0.0     0, 0.0  -0.392  15.3-156.4 -72.3 150.1  -58.4   41.2   35.3               
  114  114 A P        -     0   0  114      0, 0.0     0, 0.0     0, 0.0     0, 0.0  -0.990  14.7-148.9-121.0 150.2  -58.2   43.8   32.7               
  115  115 A E        +     0   0  178     -2,-0.3     0, 0.0     0, 0.0     0, 0.0   0.175  28.9 120.7 -71.5-171.5  -57.3   43.0   29.0               
  116  116 A W        -     0   0  201      2,-0.0     0, 0.0     0, 0.0     0, 0.0   0.857  33.3  -7.6  98.9 115.8  -55.5   44.9   26.2               
  117  117 A E        -     0   0  131      1,-0.1     2,-0.4     0, 0.0     0, 0.0   1.000  23.8-135.5  75.8 118.3  -52.7   45.4   23.7               
  118  118 A L        +     0   0  177      0, 0.0     2,-0.3     0, 0.0    -1,-0.1  -0.611  32.2 179.2 -54.0 126.1  -49.5   44.7   21.9               
  119  119 A K        -     0   0  161     -2,-0.4     2,-0.1     2,-0.0     0, 0.0  -0.974  16.5-144.3-135.7 131.6  -47.4   47.9   21.2               
  120  120 A A        -     0   0   99     -2,-0.3     0, 0.0     1,-0.0     0, 0.0  -0.462  13.9-127.8 -77.6 157.3  -44.0   47.9   19.5               
  121  121 A V        -     0   0  141     -2,-0.1     2,-0.2     0, 0.0    -1,-0.0  -0.938  34.1-143.3-109.9 128.2  -41.2   50.3   20.5               
  122  122 A P        -     0   0  112      0, 0.0     0, 0.0     0, 0.0     0, 0.0  -0.510  10.7 -72.9-101.7 163.0  -39.6   52.3   17.5               
  123  123 A S        -     0   0  108     -2,-0.2     2,-0.3     1,-0.1     0, 0.0   0.505  12.2-154.7   3.6 146.9  -36.4   53.8   15.9               
  124  124 A Q        -     0   0  204      2,-0.0     2,-0.2     0, 0.0    -1,-0.1  -0.951  27.7-170.1-142.4 148.9  -34.0   56.5   16.2               
  125  125 A Q        +     0   0  173     -2,-0.3     2,-0.1     0, 0.0     0, 0.0  -0.754  17.6 172.4-117.5 161.4  -32.0   57.7   13.0               
  126  126 A Q        +     0   0  203     -2,-0.2    -2,-0.0     1,-0.0     0, 0.0  -0.223  29.5  73.3 164.0 139.9  -29.2   59.8   11.5               
  127  127 A G        -     0   0   72     -2,-0.1    -1,-0.0     2,-0.0     0, 0.0   0.887  46.5 -94.5 171.0 166.8  -27.7   60.3    8.6               
  128  128 A I        -     0   0  167      1,-0.1     2,-0.3     0, 0.0     0, 0.0   0.845  13.6-177.8-150.3 150.4  -27.2   61.3    5.4               
  129  129 A C        -     0   0  123      0, 0.0     2,-0.3     0, 0.0    -1,-0.1  -0.733   3.5-176.0 -99.5 154.3  -27.5   60.5    1.6               
  130  130 A K        -     0   0  205     -2,-0.3     2,-0.1     0, 0.0     0, 0.0  -0.849  15.5-173.2-143.9 119.4  -26.7   62.5   -1.7               
  131  131 A E        +     0   0  184     -2,-0.3     0, 0.0     0, 0.0     0, 0.0  -0.282   6.3 158.9 -80.9 178.6  -27.4   61.2   -5.2               
  132  132 A E        -     0   0  165     -2,-0.1     0, 0.0     0, 0.0     0, 0.0   0.807  19.6 -36.2-162.7-161.5  -27.0   61.9   -8.6               
  133  133 A P        -     0   0  107      0, 0.0     2,-0.1     0, 0.0     0, 0.0   0.801  19.0-145.4-127.4-171.1  -26.7   61.5  -11.9               
  134  134 A A        +     0   0   92      2,-0.0     2,-0.2     0, 0.0     0, 0.0  -0.452  10.7 174.6 -86.5 161.0  -25.8   59.4  -15.1               
  135  135 A Q        +     0   0  197     -2,-0.1     0, 0.0     2,-0.0     0, 0.0  -0.675  10.7 170.9-160.9 124.7  -24.4   60.0  -18.6               
  136  136 A E        -     0   0  164     -2,-0.2     2,-0.1     2,-0.0    -2,-0.0  -0.562  15.2-164.6 -85.6 166.9  -23.3   57.5  -21.3               
  137  137 A P        -     0   0  129      0, 0.0     2,-0.0     0, 0.0    -2,-0.0  -0.587  13.6-144.4-144.2 152.7  -22.4   57.4  -24.6               
  138  138 A I        +     0   0  133     -2,-0.1     2,-0.2     2,-0.0    -2,-0.0  -0.254  15.6 176.6 -54.4 143.5  -22.3   54.4  -26.9               
  139  139 A M        -     0   0  191     -2,-0.0     2,-0.2     0, 0.0     0, 0.0  -0.849  19.4-159.2-149.5 135.0  -19.9   53.6  -29.7               
  140  140 A E        -     0   0  142     -2,-0.2    -2,-0.0     2,-0.0     0, 0.0  -0.582  10.4-174.2 -96.4 162.9  -20.0   50.2  -31.7               
  141  141 A R        -     0   0  209     -2,-0.2     0, 0.0     0, 0.0     0, 0.0   0.575   9.9 -48.0  75.3 166.7  -18.3   47.7  -33.9               
  142  142 A P        -     0   0  101      0, 0.0    -2,-0.0     0, 0.0     0, 0.0   0.597  19.9-133.1-137.6 160.1  -16.9   45.5  -35.7               
  143  143 A L        +     0   0  172      0, 0.0     2,-0.1     0, 0.0     0, 0.0   0.764  15.5 162.9  43.9 124.6  -16.2   42.0  -36.8               
  144  144 A G        +     0   0   82      0, 0.0     2,-0.0     0, 0.0     0, 0.0  -0.032  27.3  63.1 143.0 130.3  -13.6   39.4  -37.8               
  145  145 A G        -     0   0   73     -2,-0.1     0, 0.0     0, 0.0     0, 0.0   0.433  22.7-167.9 170.7 140.3  -13.4   36.2  -38.0               
  146  146 A A        +     0   0  104     -2,-0.0     0, 0.0     0, 0.0     0, 0.0   0.671  26.4 101.7  57.3 151.1  -13.2   32.3  -38.3               
  147  147 A Q        +     0   0  181      1,-0.0     2,-0.3     0, 0.0     0, 0.0   0.612  20.3 172.5-142.2 149.3  -12.5   29.2  -37.9               
  148  148 A A        -     0   0   98      2,-0.1     2,-0.6     0, 0.0    -1,-0.0  -0.786  18.6-151.9 -99.1 145.5  -14.6   26.2  -36.5               
  149  149 A W        +     0   0  260     -2,-0.3     2,-0.3     0, 0.0     0, 0.0  -0.945  39.4 139.0-111.2 108.4  -13.8   22.5  -36.5               
  150  150 A G        +     0   0   68     -2,-0.6     2,-0.2     0, 0.0    -2,-0.1  -0.875  17.2 123.9-154.3 119.2  -17.0   20.5  -36.4               
  151  151 A R        +     0   0  227     -2,-0.3     0, 0.0     1,-0.0     0, 0.0  -0.426  33.9  33.6 160.6 145.1  -17.9   17.2  -38.4               
  152  152 A Q        +     0   0  162     -2,-0.2     2,-0.5     1,-0.1    -1,-0.0   0.628  14.3 156.3-143.9 138.1  -18.9   14.2  -38.3               
  153  153 A A        +     0   0  110      2,-0.0     2,-0.3     0, 0.0    -1,-0.1  -0.899  36.0 175.0 -83.8 129.4  -21.1   11.8  -36.5               
  154  154 A G        -     0   0   76     -2,-0.5     2,-0.1     2,-0.1     0, 0.0  -0.970  14.8-157.0-142.5 120.9  -21.7    9.1  -39.1               
  155  155 A A        +     0   0   93     -2,-0.3     2,-0.0     0, 0.0    -2,-0.0  -0.280  29.9 112.9 -86.5-176.0  -23.6    5.8  -38.6               
  156  156 A L        +     0   0  151     -2,-0.1    -2,-0.1     0, 0.0     0, 0.0   0.386  31.6  59.6  77.0 138.0  -23.4    2.4  -40.6               
  157  157 A Q        -     0   0  175     -2,-0.0     2,-0.7     0, 0.0     0, 0.0   0.657  26.0-172.5-143.6 154.4  -22.7   -0.6  -40.7               
  158  158 A R        +     0   0  249      1,-0.0     2,-0.4     0, 0.0     0, 0.0  -0.792  21.5 169.8 -87.8 112.1  -23.6   -3.8  -38.8               
  159  159 A S        -     0   0  108     -2,-0.7    -1,-0.0     1,-0.1     0, 0.0  -0.846  36.5 -87.4-135.3  99.5  -21.4   -6.8  -39.7               
  160  160 A Q        -     0   0  197     -2,-0.4    -1,-0.1     1,-0.1     2,-0.0   0.855  41.1 -84.0  39.7 135.9  -21.4  -10.1  -37.8               
  161  161 A A        -     0   0  103      2,-0.0    -1,-0.1     1,-0.0     0, 0.0  -0.253  19.1-171.9 -68.3 148.1  -19.7  -11.6  -34.8               
  162  162 A A        -     0   0   84     -2,-0.0     2,-0.5     2,-0.0    -1,-0.0  -0.981  33.9-127.4-123.8 125.9  -16.5  -13.5  -34.1               
  163  163 A P        -     0   0  127      0, 0.0     2,-1.3     0, 0.0    -2,-0.0  -0.579  10.2-136.4 -71.5 123.9  -16.5  -14.9  -30.5               
  164  164 A W        -     0   0  254     -2,-0.5    -2,-0.0     3,-0.0     3,-0.0  -0.675  23.0-147.2 -73.0  96.7  -13.4  -13.9  -28.5               
  165  165 A A        -     0   0   88     -2,-1.3     2,-0.6     1,-0.1    -1,-0.0  -0.491  19.6-116.1 -58.0 128.6  -12.6  -17.3  -26.9               
  166  166 A P        -     0   0  121      0, 0.0     3,-0.1     0, 0.0    -1,-0.1  -0.624  26.1-126.2 -69.6 117.4  -11.2  -16.7  -23.4               
  167  167 A A        -     0   0   90     -2,-0.6     2,-0.0     1,-0.1    -3,-0.0  -0.452  44.0 -90.2 -56.0 136.0   -7.6  -18.0  -23.4               
  168  168 A P        -     0   0  116      0, 0.0     2,-1.4     0, 0.0    -1,-0.1  -0.276  33.1-122.8 -61.0 130.2   -7.4  -20.5  -20.4               
  169  169 A A        -     0   0   93     -3,-0.1     2,-0.7     1,-0.0    -2,-0.0  -0.624  23.7-146.5 -67.4  94.9   -6.4  -18.9  -17.1               
  170  170 A M        -     0   0  148     -2,-1.4     2,-0.8     1,-0.1    -1,-0.0  -0.616  13.7-139.2 -58.2 108.9   -3.4  -21.1  -16.2               
  171  171 A V        -     0   0  113     -2,-0.7     2,-1.5     1,-0.1    -1,-0.1  -0.731   9.6-148.7 -70.7 108.9   -3.7  -21.1  -12.4               
  172  172 A W        -     0   0  182     -2,-0.8     2,-1.9     2,-0.1    -1,-0.1  -0.720  11.4-168.1 -83.3  84.1   -0.1  -20.8  -11.3               
  173  173 A D        +     0   0  145     -2,-1.5    -2,-0.0     3,-0.0    -1,-0.0  -0.620  17.7 169.9 -66.5  80.4   -0.2  -22.8   -8.1               
  174  174 A V        -     0   0  105     -2,-1.9    -2,-0.1     3,-0.0     0, 0.0  -0.934  37.4-118.7 -91.9 118.2    3.2  -21.5   -6.9               
  175  175 A P        -     0   0  102      0, 0.0     2,-2.1     0, 0.0    -2,-0.0  -0.290  21.2-117.0 -53.4 136.9    3.6  -22.6   -3.3               
  176  176 A V        -     0   0  135      2,-0.0     2,-0.4     3,-0.0    -3,-0.0  -0.579  38.0-170.4 -76.5  75.2    4.1  -19.7   -0.9               
  177  177 A E        -     0   0  156     -2,-2.1     2,-0.6     1,-0.1    -3,-0.0  -0.606  29.0-115.1 -62.2 121.6    7.6  -20.7    0.2               
  178  178 A E        -     0   0  167     -2,-0.4    -1,-0.1     1,-0.1    -2,-0.0  -0.542  24.9-160.0 -65.9 115.0    8.4  -18.4    3.1               
  179  179 A F        -     0   0  197     -2,-0.6     2,-0.3     2,-0.0    -1,-0.1  -0.866  18.9-141.8 -90.4 107.0   11.2  -16.0    2.3               
  180  180 A P        -     0   0  110      0, 0.0     2,-1.7     0, 0.0    -2,-0.0  -0.486  14.6-119.7 -71.3 133.3   12.5  -14.9    5.8               
  181  181 A L        +     0   0  182     -2,-0.3     2,-0.3     2,-0.0    -2,-0.0  -0.549  63.5 129.9 -70.8  88.3   13.5  -11.3    6.0               
  182  182 A R        +     0   0  238     -2,-1.7    -1,-0.0     2,-0.0     0, 0.0  -0.868  21.9 166.7-141.5 116.9   17.2  -11.6    7.1               
  183  183 A C        -     0   0  133     -2,-0.3     2,-0.6     0, 0.0    -2,-0.0  -0.954  12.0-172.9-123.9 105.9   20.0   -9.7    5.2               
  184  184 A P        -     0   0  107      0, 0.0    -2,-0.0     0, 0.0     0, 0.0  -0.952  28.8 -82.9-102.6 118.1   23.4   -9.5    6.9               
  185  185 A L        -     0   0  152     -2,-0.6     0, 0.0     1,-0.1     0, 0.0   0.720  55.1 -25.5  44.1 121.5   26.3   -7.5    5.6               
  186  186 A F        +     0   0  193      1,-0.0     2,-0.2     0, 0.0    -1,-0.1   0.623  34.6 153.9  36.2 105.8   29.2   -7.2    3.3               
  187  187 A A        -     0   0   99      2,-0.1     2,-0.5     0, 0.0    -1,-0.0  -0.823  25.2-151.8-149.7 132.2   31.5   -9.4    1.4               
  188  188 A Q        +     0   0  185     -2,-0.2     2,-0.3     2,-0.0     0, 0.0  -0.811  18.9 171.2 -84.5 130.0   33.2   -8.4   -1.9               
  189  189 A Q        -     0   0  190     -2,-0.5     2,-0.2     2,-0.0    -2,-0.1  -0.994  27.7-126.7-135.3 138.8   34.2  -11.0   -4.4               
  190  190 A R        -     0   0  249     -2,-0.3    -2,-0.0     1,-0.0     0, 0.0  -0.553   9.0-146.9 -73.9 141.7   35.5  -10.3   -8.0               
  191  191 A V        -     0   0  137     -2,-0.2     2,-0.2     0, 0.0    -2,-0.0  -0.949  22.7-137.3-101.0 126.5   33.9  -11.8  -11.1               
  192  192 A P        -     0   0  115      0, 0.0     2,-0.2     0, 0.0     0, 0.0  -0.493  18.4-110.5 -79.0 155.4   36.6  -12.4  -13.8               
  193  193 A E        +     0   0  202     -2,-0.2     0, 0.0     0, 0.0     0, 0.0  -0.498  61.1  99.0 -77.2 153.0   36.1  -11.5  -17.6               
  194  194 A G        +     0   0   87     -2,-0.2     0, 0.0     1,-0.2     0, 0.0   0.297  18.3 128.2 133.6 112.6   35.7  -14.1  -20.4               
  195  195 A G        -     0   0   73      0, 0.0    -1,-0.2     0, 0.0     0, 0.0  -0.648  44.4-124.3-176.5 116.2   32.9  -15.7  -22.5               
  196  196 A P        -     0   0  132      0, 0.0     2,-0.1     0, 0.0    -2,-0.0  -0.115  21.6 -88.3 -85.1 168.7   32.8  -15.8  -26.3               
  197  197 A L        -     0   0  158      1,-0.1     2,-0.7     2,-0.0     0, 0.0  -0.361  27.3-149.0 -54.4 130.1   30.6  -14.8  -29.3               
  198  198 A L        -     0   0  167     -2,-0.1     2,-0.4     2,-0.0    -1,-0.1  -0.919  15.6-162.3-103.9 105.3   28.0  -17.3  -30.6               
  199  199 A D        +     0   0  111     -2,-0.7    -2,-0.0     1,-0.1     0, 0.0  -0.731  12.6 177.9 -80.0 128.1   27.6  -16.7  -34.4               
  200  200 A T        +     0   0  128     -2,-0.4     2,-0.7     2,-0.1    -1,-0.1  -0.444   3.7 172.3-134.8  67.2   24.4  -18.2  -35.9               
  201  201 A R        -     0   0  226      2,-0.0     2,-0.5     0, 0.0    -2,-0.0  -0.626   7.1-178.6 -52.4 111.3   24.3  -17.3  -39.6               
  202  202 A K        -     0   0  203     -2,-0.7     2,-0.2     2,-0.0    -2,-0.1  -0.994  21.4-135.2-115.2 122.7   21.3  -19.2  -41.0               
  203  203 A N        -     0   0  123     -2,-0.5     2,-0.3     2,-0.0    -2,-0.0  -0.470  23.6-179.6 -67.2 136.3   21.0  -18.6  -44.7               
  204  204 A V        -     0   0  137     -2,-0.2     2,-0.4     2,-0.0    -2,-0.0  -0.858  10.4-168.8-134.7 105.5   17.7  -17.9  -46.5               
  205  205 A Q        +     0   0  166     -2,-0.3     2,-0.1     0, 0.0    -2,-0.0  -0.790  19.1 151.3 -77.4 131.6   18.0  -17.4  -50.2               
  206  206 A A        -     0   0   81     -2,-0.4    -2,-0.0     1,-0.0     0, 0.0  -0.560  40.5 -48.7-165.4 121.6   15.1  -16.1  -52.2               
  207  207 A T        -     0   0  138     -2,-0.1     2,-0.2     1,-0.1    -1,-0.0   0.939  36.8-117.3  59.2 114.2   14.5  -14.0  -55.3               
  208  208 A E        -     0   0  205      2,-0.0     2,-0.3     1,-0.0    -1,-0.1  -0.492  25.7-167.8 -67.8 138.7   15.7  -10.9  -57.0               
  209  209 A G        -     0   0   74     -2,-0.2     2,-1.0     2,-0.1    -1,-0.0  -0.793   5.1-160.9-139.9  89.3   13.0   -8.2  -57.5               
  210  210 A R        +     0   0  251     -2,-0.3     2,-0.4     2,-0.0    -2,-0.0  -0.628  25.4 149.4 -82.4 100.0   14.0   -5.3  -59.9               
  211  211 A T        -     0   0  139     -2,-1.0     2,-0.1     0, 0.0    -2,-0.1  -0.994  37.4-119.9-133.2 142.1   11.9   -2.1  -59.5               
  212  212 A K        -     0   0  204     -2,-0.4    -2,-0.0     1,-0.1     0, 0.0  -0.349  10.2-142.7 -77.5 147.8   13.1    1.5  -60.2               
  213  213 A A        -     0   0   95     -2,-0.1     2,-0.3     0, 0.0    -1,-0.1  -0.507  11.0-149.9 -74.1 164.4   13.4    4.6  -58.1               
  214  214 A P        -     0   0  123      0, 0.0     2,-0.1     0, 0.0     0, 0.0  -0.962  11.0-143.6-125.7 141.3   12.8    8.0  -59.4               
  215  215 A A        -     0   0   95     -2,-0.3     2,-0.4     2,-0.0     0, 0.0  -0.480   5.2-154.1 -69.6 154.9   14.5   11.0  -57.9               
  216  216 A R        -     0   0  253     -2,-0.1     2,-0.3     2,-0.0     0, 0.0  -0.959  10.6-152.6-129.2 125.6   13.0   14.5  -57.4               
  217  217 A L        +     0   0  167     -2,-0.4     2,-0.3     2,-0.0    -2,-0.0  -0.640  16.5 176.5 -72.5 141.0   15.2   17.5  -57.4               
  218  218 A C        -     0   0  133     -2,-0.3     2,-0.2     2,-0.0    -2,-0.0  -0.846  16.3-156.7-136.4 116.0   14.4   20.7  -55.6               
  219  219 A A        +     0   0  104     -2,-0.3     2,-0.1     2,-0.0    -2,-0.0  -0.522  18.3 168.9 -73.1 153.5   17.2   23.3  -55.8               
  220  220 A G        -     0   0   77     -2,-0.2     2,-0.3     2,-0.0    -2,-0.0  -0.471  17.6-156.2-172.6  82.8   17.2   25.9  -53.0               
  221  221 A E        +     0   0  181     -2,-0.1     2,-0.2     2,-0.0    -2,-0.0  -0.538  31.1 140.0 -65.7 129.0   20.3   28.1  -52.8               
  222  222 A N        -     0   0  168     -2,-0.3     2,-0.2     2,-0.0    -2,-0.0  -0.627  40.0-134.6-161.1 125.9   21.3   29.8  -49.6               
  223  223 A A        +     0   0   97     -2,-0.2     2,-0.2     2,-0.0    -2,-0.0  -0.499  33.7 155.2 -79.2 136.6   24.9   30.1  -48.5               
  224  224 A S        -     0   0  117     -2,-0.2    -2,-0.0     2,-0.0     0, 0.0  -0.728  37.1-135.1-153.0 107.2   26.4   29.4  -45.0               
  225  225 A T        -     0   0  137     -2,-0.2     2,-0.4     1,-0.1    -2,-0.0  -0.444   7.9-141.3 -62.5 121.4   30.1   28.4  -45.1               
  226  226 A P        -     0   0  126      0, 0.0    -1,-0.1     0, 0.0    -2,-0.0  -0.713  30.7-114.1 -76.4 131.2   31.2   25.4  -42.9               
  227  227 A S        -     0   0  116     -2,-0.4     0, 0.0     1,-0.1     0, 0.0  -0.286  36.2 -92.4 -63.0 147.4   34.6   26.1  -41.3               
  228  228 A E        -     0   0  168      1,-0.1     2,-0.6     3,-0.0    -1,-0.1  -0.316  31.9-123.0 -57.5 138.8   37.7   24.0  -42.3               
  229  229 A P        -     0   0  116      0, 0.0    -1,-0.1     0, 0.0     3,-0.1  -0.769  42.2-106.7 -78.0 124.3   38.6   20.9  -40.2               
  230  230 A E        -     0   0  171     -2,-0.6     2,-1.2     1,-0.1     0, 0.0  -0.122  30.0-104.5 -57.7 143.7   42.2   21.5  -39.1               
  231  231 A K        -     0   0  195     -3,-0.0    -1,-0.1     3,-0.0     3,-0.1  -0.528  34.8-157.7 -71.2  95.7   45.1   19.5  -40.6               
  232  232 A F        -     0   0  169     -2,-1.2    -1,-0.0     1,-0.1     0, 0.0  -0.458  38.8 -79.0 -71.0 149.9   46.1   16.8  -38.1               
  233  233 A P        -     0   0  112      0, 0.0     2,-0.6     0, 0.0    -1,-0.1  -0.142  38.1-113.5 -66.8 141.9   49.7   15.6  -38.6               
  234  234 A Q        -     0   0  193     -3,-0.1     2,-0.6     1,-0.1    -3,-0.0  -0.530  29.5-132.7 -64.9 112.0   50.7   13.0  -41.3               
  235  235 A V        -     0   0  142     -2,-0.6     2,-0.2     1,-0.1    -1,-0.1  -0.594  30.3-117.5 -69.3 113.0   51.9    9.9  -39.4               
  236  236 A R        -     0   0  234     -2,-0.6     2,-0.5     1,-0.1    -1,-0.1  -0.344  24.2-125.0 -58.0 118.0   55.2    9.1  -41.2               
  237  237 A R        -     0   0  239     -2,-0.2     2,-0.5     2,-0.0    -1,-0.1  -0.542  14.0-152.9 -61.8 119.1   55.1    5.6  -42.9               
  238  238 A Q        -     0   0  192     -2,-0.5     2,-1.0     2,-0.0    -1,-0.0  -0.829  22.8-129.6 -78.3 127.7   57.9    3.3  -41.9               
  239  239 A R        +     0   0  249     -2,-0.5     2,-0.5     2,-0.0    -2,-0.0  -0.783  35.7 169.6 -79.9 102.0   58.4    1.0  -44.9               
  240  240 A G        -     0   0   75     -2,-1.0     2,-0.5     2,-0.1    -2,-0.0  -0.985  24.9-146.6-102.5 119.4   58.4   -2.6  -43.7               
  241  241 A A        +     0   0  114     -2,-0.5     2,-0.2     2,-0.0    -2,-0.0  -0.805  48.5 113.6 -83.5 123.8   58.3   -4.9  -46.7               
  242  242 A G        -     0   0   70     -2,-0.5     2,-0.7     2,-0.1    -2,-0.1  -0.556  61.0-126.1 170.7 121.6   56.2   -8.1  -45.8               
  243  243 A A        +     0   0  119     -2,-0.2     2,-0.3     2,-0.1    -2,-0.0  -0.724  58.2 127.3 -76.3 113.0   52.9   -9.6  -46.9               
  244  244 A G        -     0   0   67     -2,-0.7     2,-1.5     2,-0.0    -2,-0.1  -0.925  68.9 -95.5-168.5 144.4   50.9  -10.2  -43.6               
  245  245 A E        -     0   0  200     -2,-0.3     2,-1.3     1,-0.1    -2,-0.1  -0.462  40.2-160.4 -72.2  86.5   47.4   -9.3  -42.3               
  246  246 A G        -     0   0   56     -2,-1.5     2,-0.4    12,-0.1    -1,-0.1  -0.555   4.0-158.7 -72.3  92.6   48.1   -6.0  -40.4               
  247  247 A E        -     0   0  123     -2,-1.3     2,-1.2     1,-0.1    11,-0.2  -0.558  16.0-131.9 -68.6 128.3   45.2   -5.6  -38.0               
  248  248 A F  E     -A  257   0A  85      9,-3.0     9,-0.8    -2,-0.4     2,-0.3  -0.687  29.5-161.7 -84.5  93.9   44.8   -1.9  -36.9               
  249  249 A V  E     -A  256   0A  81     -2,-1.2     2,-0.7     7,-0.2     7,-0.3  -0.588  17.2-125.3 -82.0 136.0   44.4   -2.3  -33.1               
  250  250 A C    >>  -     0   0    2      5,-2.3     4,-2.2    -2,-0.3     3,-1.0  -0.722  12.0-151.7 -77.4 116.4   43.0    0.5  -30.9               
  251  251 A G  T 34 S+     0   0   88     -2,-0.7    -1,-0.1     1,-0.2    -2,-0.0   0.596  92.9  52.3 -63.0 -12.4   45.5    1.3  -28.1               
  252  252 A E  T 34 S+     0   0  117      3,-0.1    -1,-0.2     1,-0.0    -2,-0.0   0.610 129.4   9.1-102.5 -17.7   42.6    2.4  -25.8               
  253  253 A C  T <4 S-     0   0   55     -3,-1.0    -2,-0.2     2,-0.1    -1,-0.0   0.296  92.5-117.7-142.6   8.0   40.2   -0.6  -26.0               
  254  254 A G     <  +     0   0   55     -4,-2.2     2,-0.4     1,-0.2    -3,-0.1   0.446  58.2 153.9  69.3   1.5   42.1   -3.4  -27.8               
  255  255 A K        -     0   0  114     -5,-0.2    -5,-2.3    -6,-0.1     2,-0.2  -0.508  35.2-142.9 -68.7 122.3   39.6   -3.5  -30.7               
  256  256 A A  E     -A  249   0A  44     -2,-0.4     2,-0.4    -7,-0.3    -7,-0.2  -0.587  15.5-166.6 -80.5 141.7   41.2   -4.8  -34.0               
  257  257 A F  E     -A  248   0A  45     -9,-0.8    -9,-3.0    -2,-0.2     6,-0.1  -0.998  25.7-139.8-131.8 137.7   40.2   -3.2  -37.4               
  258  258 A R  S    S+     0   0  227     -2,-0.4     2,-0.3   -11,-0.2   -12,-0.1   0.576  91.7  39.6 -67.2 -12.8   40.9   -4.5  -40.9               
  259  259 A Q  S  > S-     0   0  112    -11,-0.2     4,-2.0     1,-0.1     3,-0.5  -0.996  72.3-134.4-143.3 140.1   41.5   -0.8  -42.0               
  260  260 A S  H  > S+     0   0   59     -2,-0.3     4,-3.0     1,-0.2     5,-0.2   0.876 109.6  60.0 -57.3 -37.3   43.3    2.2  -40.6               
  261  261 A S  H  > S+     0   0   71      2,-0.2     4,-2.4     1,-0.2    -1,-0.2   0.893 105.3  47.4 -57.0 -43.3   40.2    4.3  -41.7               
  262  262 A S  H  > S+     0   0   46     -3,-0.5     4,-2.3     2,-0.2    -2,-0.2   0.908 112.6  48.8 -68.2 -40.6   37.9    2.1  -39.5               
  263  263 A L  H  X S+     0   0   22     -4,-2.0     4,-2.4     2,-0.2    -2,-0.2   0.934 111.7  49.8 -61.7 -46.1   40.4    2.5  -36.5               
  264  264 A T  H  X S+     0   0   81     -4,-3.0     4,-0.7     2,-0.2    -2,-0.2   0.910 112.1  47.4 -60.8 -42.5   40.5    6.3  -37.1               
  265  265 A L  H >< S+     0   0   83     -4,-2.4     3,-0.8     1,-0.2    -1,-0.2   0.909 112.1  50.9 -63.5 -41.1   36.6    6.5  -37.2               
  266  266 A H  H >X S+     0   0   24     -4,-2.3     3,-2.4     1,-0.2     4,-0.6   0.861  97.8  66.0 -66.1 -34.8   36.5    4.3  -34.0               
  267  267 A R  H 3X S+     0   0  144     -4,-2.4     4,-2.9     1,-0.3     3,-0.5   0.752  88.6  69.0 -62.6 -18.9   39.0    6.7  -32.2               
  268  268 A R  H << S+     0   0  111     -3,-0.8    -1,-0.3    -4,-0.7    -2,-0.2   0.540  94.0  56.7 -71.6  -9.4   36.3    9.3  -32.3               
  269  269 A W  H <4 S+     0   0  174     -3,-2.4    -1,-0.2    -4,-0.1    -2,-0.2   0.712 111.1  42.7 -84.8 -26.7   34.4    7.1  -29.8               
  270  270 A H  H  < S+     0   0   43     -4,-0.6     2,-0.4    -3,-0.5    -2,-0.2   0.919 103.3  71.4 -81.6 -53.3   37.4    7.4  -27.5               
  271  271 A S  S  < S-     0   0   40     -4,-2.9     0, 0.0     1,-0.2     0, 0.0  -0.502  82.7-142.6 -58.3 119.6   37.9   11.1  -28.1               
  272  272 A R        +     0   0  235     -2,-0.4     2,-0.6     2,-0.1    -1,-0.2   0.405  56.4 138.5 -68.6   4.1   34.9   12.8  -26.3               
  273  273 A E        -     0   0  130      1,-0.1     2,-0.9    13,-0.0     3,-0.1  -0.363  33.0-175.7 -55.7 103.0   34.9   15.2  -29.3               
  274  274 A K        +     0   0  108     -2,-0.6    12,-0.2     1,-0.2    11,-0.2  -0.757   7.7 174.0-101.1  78.1   31.3   15.7  -30.1               
  275  275 A A        +     0   0   78     -2,-0.9     2,-0.9    11,-0.2    11,-0.2   0.792  59.3  73.1 -60.2 -31.4   31.9   17.9  -33.2               
  276  276 A Y  E     -B  285   0B  85      9,-2.3     9,-2.7    -3,-0.1     2,-0.2  -0.748  67.8-174.5 -96.9  97.4   28.2   18.0  -34.2               
  277  277 A K  E     -B  284   0B 143     -2,-0.9     2,-0.6     7,-0.3     7,-0.2  -0.633  23.9-130.1 -88.0 146.6   26.3   20.3  -31.8               
  278  278 A C    >>  -     0   0    1      5,-1.6     4,-1.9    -2,-0.2     3,-1.1  -0.916  12.0-155.8 -94.5 117.6   22.5   20.8  -31.9               
  279  279 A D  T 34 S+     0   0  151     -2,-0.6    -1,-0.1     1,-0.2     3,-0.1   0.860  89.5  57.5 -63.3 -34.4   21.8   24.6  -31.9               
  280  280 A E  T 34 S+     0   0  102      1,-0.2    -1,-0.2    -3,-0.1    -3,-0.0   0.629 129.4   6.4 -74.9 -18.6   18.3   24.1  -30.3               
  281  281 A C  T <4 S-     0   0   50     -3,-1.1    -2,-0.2     2,-0.1    -1,-0.2   0.304  91.6-116.7-149.8  11.7   19.4   22.3  -27.1               
  282  282 A G     <  +     0   0   57     -4,-1.9     2,-0.2     1,-0.2    -3,-0.1   0.381  61.1 149.7  65.9  -3.0   23.3   22.2  -27.0               
  283  283 A K        -     0   0  121     -5,-0.2    -5,-1.6    -6,-0.1     2,-0.4  -0.456  33.6-151.0 -67.2 127.7   23.4   18.4  -27.3               
  284  284 A A  E     -B  277   0B  19     -2,-0.2     2,-0.3    -7,-0.2    -7,-0.3  -0.821  11.7-167.4-110.4 141.2   26.6   17.3  -29.1               
  285  285 A F  E     -B  276   0B  48     -9,-2.7    -9,-2.3    -2,-0.4     3,-0.0  -0.868  28.4-134.4-127.2 151.4   27.2   14.1  -31.2               
  286  286 A T  S    S+     0   0   31     -2,-0.3     2,-0.3   -12,-0.2   -11,-0.2   0.726  94.0  40.4 -76.2 -24.0   30.2   12.3  -32.7               
  287  287 A W  S  > S-     0   0   94    -11,-0.1     4,-1.5     1,-0.1     3,-0.4  -0.976  73.3-133.8-132.6 143.5   28.4   11.9  -36.1               
  288  288 A S  H  > S+     0   0   64     -2,-0.3     4,-2.8     1,-0.2     5,-0.2   0.826 106.8  61.5 -63.2 -33.4   26.2   14.2  -38.3               
  289  289 A T  H  > S+     0   0   93      2,-0.2     4,-2.5     1,-0.2    -1,-0.2   0.901 105.1  47.3 -58.2 -42.7   23.8   11.3  -38.9               
  290  290 A N  H  > S+     0   0   65     -3,-0.4     4,-1.8     2,-0.2    -2,-0.2   0.839 111.6  50.3 -72.3 -33.8   23.1   11.2  -35.1               
  291  291 A L  H  X S+     0   0   25     -4,-1.5     4,-2.6     2,-0.2    -2,-0.2   0.929 111.7  48.5 -64.4 -44.9   22.7   15.0  -34.9               
  292  292 A L  H  X S+     0   0   96     -4,-2.8     4,-1.2     2,-0.2    -2,-0.2   0.923 112.6  47.1 -63.0 -44.7   20.2   14.8  -37.9               
  293  293 A E  H  < S+     0   0   74     -4,-2.5    -1,-0.2     1,-0.2    -2,-0.2   0.875 113.3  51.0 -61.9 -36.6   18.2   11.9  -36.2               
  294  294 A H  H >< S+     0   0   13     -4,-1.8     3,-2.2     1,-0.2     4,-0.4   0.900 100.2  61.1 -68.6 -40.3   18.3   14.0  -33.0               
  295  295 A R  H >X S+     0   0  106     -4,-2.6     4,-2.1     1,-0.3     3,-1.6   0.838  91.5  69.7 -58.9 -29.5   17.0   17.2  -34.7               
  296  296 A R  H 3X S+     0   0   52     -4,-1.2     4,-0.8     1,-0.3    -1,-0.3   0.657  87.5  66.0 -60.0 -18.1   13.8   15.2  -35.6               
  297  297 A I  H <4 S+     0   0  119     -3,-2.2    -1,-0.3    -4,-0.2    -2,-0.2   0.828 108.9  37.4 -70.7 -32.1   13.0   15.3  -31.8               
  298  298 A H  H <4 S+     0   0   70     -3,-1.6    -2,-0.2    -4,-0.4    -3,-0.1   0.905 120.1  44.1 -86.0 -45.1   12.5   19.1  -32.1               
  299  299 A T  H  < S-     0   0   71     -4,-2.1    -3,-0.2     1,-0.1    -2,-0.2   0.627 101.3-132.4 -72.1 -14.8   10.8   19.3  -35.6               
  300  300 A G     <  +     0   0   47     -4,-0.8    -3,-0.1    -5,-0.3    -4,-0.1   0.436  47.6 163.6  72.8   1.6    8.6   16.3  -34.5               
  301  301 A E        +     0   0  106     -6,-0.2    -1,-0.2     1,-0.1    -2,-0.1  -0.234  19.5 178.3 -57.6 129.7    9.4   14.7  -37.9               
  302  302 A K        +     0   0  116     -3,-0.1    12,-0.2     1,-0.1    11,-0.2  -0.640   7.3 167.9-131.9  73.7    8.6   10.9  -38.1               
  303  303 A P        +     0   0   62      0, 0.0     2,-0.8     0, 0.0    11,-0.2   0.613  56.9  81.1 -67.7 -15.5    9.6    9.8  -41.7               
  304  304 A F  E     -C  313   0C  58      9,-2.2     9,-2.4     2,-0.0     2,-0.3  -0.824  63.9-172.1-102.6 103.1    9.3    6.0  -40.9               
  305  305 A F  E     -C  312   0C 135     -2,-0.8     2,-0.7     7,-0.2     7,-0.2  -0.711  24.2-129.0 -95.6 141.3    5.7    4.8  -41.1               
  306  306 A C    >>  -     0   0    2      5,-2.2     4,-1.9    -2,-0.3     3,-0.8  -0.815  14.8-151.5 -83.0 116.4    4.4    1.3  -40.1               
  307  307 A G  T 34 S+     0   0   84     -2,-0.7    -1,-0.1     1,-0.2    -2,-0.0   0.746  91.7  51.9 -59.3 -26.0    2.3    0.0  -43.0               
  308  308 A E  T 34 S+     0   0  128      1,-0.1    -1,-0.2     3,-0.1    -2,-0.0   0.704 128.7  11.8 -87.7 -23.8    0.1   -2.1  -40.6               
  309  309 A C  T <4 S-     0   0   52     -3,-0.8    -2,-0.2     2,-0.1    -1,-0.1   0.287  91.3-120.0-139.7   7.2   -1.0    0.6  -38.0               
  310  310 A G     <  +     0   0   55     -4,-1.9     2,-0.1     1,-0.2    -3,-0.1   0.358  57.9 152.8  67.4  -4.5    0.1    4.0  -39.4               
  311  311 A K        -     0   0  126     -5,-0.2    -5,-2.2    -6,-0.1     2,-0.3  -0.391  34.4-144.4 -63.9 129.3    2.4    4.7  -36.4               
  312  312 A A  E     -C  305   0C  30     -7,-0.2     2,-0.3    -2,-0.1    -7,-0.2  -0.745  14.2-166.6-101.1 140.6    5.3    7.1  -37.4               
  313  313 A F  E     -C  304   0C  43     -9,-2.4    -9,-2.2    -2,-0.3     3,-0.1  -0.925  27.2-136.3-127.2 147.2    8.9    6.9  -36.0               
  314  314 A S  S    S+     0   0   36     -2,-0.3     2,-0.3   -12,-0.2   -18,-0.1   0.681  92.3  32.3 -74.6 -18.2   11.9    9.3  -36.2               
  315  315 A C  S  > S-     0   0    9    -11,-0.1     4,-1.7   -13,-0.1     3,-0.5  -0.998  73.0-127.7-145.8 149.1   14.2    6.4  -37.1               
  316  316 A H  H  > S+     0   0  102     -2,-0.3     4,-2.6     1,-0.2     5,-0.2   0.801 107.8  60.5 -63.2 -33.5   14.2    3.1  -39.0               
  317  317 A S  H  > S+     0   0   75      2,-0.2     4,-1.8     1,-0.2    -1,-0.2   0.898 106.2  47.7 -64.2 -37.8   15.6    1.1  -36.0               
  318  318 A S  H  > S+     0   0   51     -3,-0.5     4,-1.7     2,-0.2    -2,-0.2   0.891 110.7  51.9 -69.3 -38.7   12.6    2.1  -33.9               
  319  319 A L  H  X S+     0   0   15     -4,-1.7     4,-2.6     2,-0.2    -2,-0.2   0.948 109.0  50.3 -60.8 -46.9   10.2    1.1  -36.8               
  320  320 A N  H  X S+     0   0   68     -4,-2.6     4,-1.1     1,-0.2    -2,-0.2   0.881 111.9  46.9 -60.5 -41.6   11.9   -2.4  -37.1               
  321  321 A V  H  < S+     0   0   49     -4,-1.8    -1,-0.2     1,-0.2    -2,-0.2   0.824 113.5  50.7 -69.6 -29.8   11.5   -3.0  -33.3               
  322  322 A H  H >< S+     0   0   16     -4,-1.7     3,-2.3     1,-0.2     4,-0.4   0.893 100.1  61.0 -73.2 -40.7    7.9   -1.8  -33.6               
  323  323 A Q  H >X S+     0   0   70     -4,-2.6     4,-1.8     1,-0.3     3,-1.5   0.851  91.9  69.8 -57.8 -31.2    7.0   -4.1  -36.5               
  324  324 A R  T 3< S+     0   0   68     -4,-1.1     4,-0.3     1,-0.3    -1,-0.3   0.589  86.9  67.3 -59.9 -13.9    7.8   -7.1  -34.1               
  325  325 A I  T <4 S+     0   0  115     -3,-2.3    -1,-0.3     2,-0.1    -2,-0.2   0.851 106.3  39.0 -72.8 -34.9    4.6   -6.1  -32.2               
  326  326 A H  T <4 S+     0   0   66     -3,-1.5    -2,-0.2    -4,-0.4    -3,-0.1   0.901 118.1  46.2 -85.0 -40.5    2.5   -7.2  -35.2               
  327  327 A T  S  < S-     0   0   84     -4,-1.8    -1,-0.2     1,-0.1    -3,-0.2   0.594 102.9-133.1 -70.8 -12.8    4.5  -10.3  -36.2               
  328  328 A G        +     0   0   51     -4,-0.3     2,-0.2    -5,-0.3    -3,-0.1   0.478  48.6 161.1  68.9   4.0    4.6  -11.3  -32.5               
  329  329 A E        +     0   0  108     -6,-0.2    -1,-0.2     1,-0.1    -2,-0.1  -0.337  18.5 172.5 -64.9 125.4    8.4  -11.9  -32.8               
  330  330 A R        +     0   0  143     -2,-0.2    12,-0.2    -3,-0.1    11,-0.2  -0.670   3.9 168.1-130.0  75.4   10.3  -11.9  -29.6               
  331  331 A P        +     0   0   71      0, 0.0     2,-1.3     0, 0.0    11,-0.2   0.773  59.3  78.3 -64.3 -27.0   13.9  -13.1  -30.5               
  332  332 A Y  E     -D  341   0D  84      9,-2.1     9,-1.7     0, 0.0     2,-0.2  -0.662  66.9-175.0 -93.4  86.0   15.5  -12.2  -27.1               
  333  333 A K  E     -D  340   0D 165     -2,-1.3     2,-0.3     7,-0.3     7,-0.2  -0.553  23.6-124.0 -76.1 141.4   14.5  -15.0  -24.7               
  334  334 A C        -     0   0   14      5,-1.8    -1,-0.0     3,-0.4    14,-0.0  -0.666   8.6-150.7 -77.5 143.3   15.3  -14.9  -21.0               
  335  335 A S  S    S+     0   0  121     -2,-0.3    -1,-0.1     1,-0.1     3,-0.1   0.695  95.3  50.7 -83.2 -23.4   17.4  -17.9  -19.7               
  336  336 A A  S    S+     0   0   61      1,-0.2     2,-0.3     3,-0.1    -1,-0.1   0.452 122.7  12.4 -99.5  -7.1   15.9  -17.6  -16.1               
  337  337 A C  S    S-     0   0   39      2,-0.2    -3,-0.4     0, 0.0    -1,-0.2  -0.963  82.0 -99.5-159.5 166.1   12.2  -17.5  -17.2               
  338  338 A E  S    S+     0   0  177     -2,-0.3     2,-0.6    -5,-0.1    -3,-0.1   0.397  79.0 122.5 -66.1   3.1    9.9  -18.1  -20.3               
  339  339 A K        -     0   0  132     -6,-0.1    -5,-1.8     8,-0.0     2,-0.2  -0.595  41.3-170.7 -78.7 119.9    9.7  -14.3  -21.0               
  340  340 A A  E     -D  333   0D  18     -2,-0.6     2,-0.3    -7,-0.2    -7,-0.3  -0.675   5.0-152.6-100.9 160.4   10.9  -13.2  -24.4               
  341  341 A F  E     -D  332   0D  30     -9,-1.7    -9,-2.1    -2,-0.2     3,-0.1  -0.939  23.1-130.1-135.7 153.6   11.5   -9.6  -25.7               
  342  342 A S  S    S+     0   0   23     -2,-0.3     2,-0.3   -12,-0.2   -18,-0.1   0.679  94.5  26.4 -78.0 -18.8   11.4   -7.7  -29.0               
  343  343 A C  S >> S-     0   0   19    -11,-0.1     4,-1.5     1,-0.1     3,-0.7  -0.994  77.3-119.2-144.9 153.9   14.8   -6.1  -28.4               
  344  344 A S  H 3> S+     0   0   57     -2,-0.3     4,-3.0     1,-0.2     5,-0.2   0.834 109.6  59.9 -59.2 -37.3   18.0   -6.9  -26.5               
  345  345 A S  H 3> S+     0   0   85      1,-0.2     4,-1.8     2,-0.2    -1,-0.2   0.847 104.5  50.0 -66.3 -31.9   17.8   -3.7  -24.3               
  346  346 A L  H <> S+     0   0   65     -3,-0.7     4,-1.8     2,-0.2    -1,-0.2   0.898 112.3  48.3 -69.4 -39.1   14.4   -4.8  -22.9               
  347  347 A L  H  X S+     0   0   23     -4,-1.5     4,-2.6     2,-0.2    -2,-0.2   0.959 111.3  49.2 -63.5 -49.7   15.9   -8.3  -22.1               
  348  348 A S  H  X S+     0   0   61     -4,-3.0     4,-0.7     1,-0.2    -2,-0.2   0.864 113.2  47.8 -59.1 -36.6   19.0   -6.7  -20.4               
  349  349 A M  H  < S+     0   0   60     -4,-1.8    -1,-0.2    -5,-0.2    -2,-0.2   0.838 112.1  50.1 -70.3 -34.3   16.6   -4.5  -18.3               
  350  350 A H  H >X S+     0   0   23     -4,-1.8     3,-2.5    -3,-0.2     4,-0.5   0.880  98.0  65.7 -70.9 -38.4   14.5   -7.6  -17.5               
  351  351 A L  H >X S+     0   0   61     -4,-2.6     4,-2.2     1,-0.3     3,-1.2   0.821  88.1  70.7 -57.1 -28.2   17.5   -9.7  -16.3               
  352  352 A R  H 3< S+     0   0   66     -4,-0.7     4,-0.4     1,-0.3    -1,-0.3   0.621  88.8  63.2 -60.2 -18.1   17.9   -7.2  -13.4               
  353  353 A V  H <4 S+     0   0   92     -3,-2.5    -1,-0.3     2,-0.1    -2,-0.2   0.851 109.0  39.5 -72.6 -35.0   14.7   -8.7  -12.0               
  354  354 A H  H << S+     0   0   82     -3,-1.2    -2,-0.2    -4,-0.5    -3,-0.1   0.886 119.3  44.1 -82.5 -41.7   16.5  -12.1  -11.6               
  355  355 A T  S  < S-     0   0   86     -4,-2.2    -1,-0.2     2,-0.1    -3,-0.2   0.564 101.5-132.4 -75.8 -11.3   19.9  -10.6  -10.4               
  356  356 A G        +     0   0   46     -4,-0.4    -3,-0.1    -5,-0.3    -4,-0.1   0.449  47.1 165.6  69.2   1.9   18.0   -8.2   -8.0               
  357  357 A E        +     0   0  109     -6,-0.2    -1,-0.2     1,-0.1    -2,-0.1  -0.217  20.0 178.2 -58.4 127.8   20.3   -5.4   -9.4               
  358  358 A K        +     0   0  128     -3,-0.1    11,-0.2     1,-0.1    12,-0.2  -0.658   5.0 171.4-128.5  74.3   19.1   -1.9   -8.6               
  359  359 A P        +     0   0   76      0, 0.0     2,-0.9     0, 0.0    11,-0.2   0.627  62.1  76.3 -64.3 -16.3   21.8    0.5  -10.1               
  360  360 A Y  E     -E  369   0E  59      9,-2.2     9,-2.4     2,-0.0     2,-0.4  -0.779  64.8-179.9-104.4  89.3   19.7    3.7   -9.5               
  361  361 A R  E     -E  368   0E 187     -2,-0.9     2,-0.5     7,-0.3     7,-0.2  -0.733  27.3-127.6 -87.1 136.1   20.0    4.5   -5.7               
  362  362 A C     >  -     0   0    0      5,-2.7     4,-1.3    -2,-0.4     3,-0.1  -0.738  12.2-149.4 -76.0 125.7   18.2    7.6   -4.2               
  363  363 A G  T  4 S+     0   0   76     -2,-0.5    -1,-0.1     1,-0.2    -2,-0.0   0.820  91.3  52.9 -63.9 -30.8   20.8    9.7   -2.2               
  364  364 A E  T  4 S+     0   0  117      1,-0.2    -1,-0.2     3,-0.1    -3,-0.0   0.789 128.2  10.6 -84.8 -31.9   18.2   10.9    0.3               
  365  365 A C  T  4 S-     0   0   51      2,-0.2    -1,-0.2    -3,-0.1    -2,-0.2   0.231  92.0-120.6-132.1   9.3   16.6    7.6    1.5               
  366  366 A G     <  +     0   0   38     -4,-1.3    -3,-0.1     1,-0.2     2,-0.1   0.343  59.2 150.5  66.9  -5.9   18.9    4.9    0.1               
  367  367 A K        -     0   0  130     -6,-0.1    -5,-2.7     1,-0.1     2,-0.3  -0.369  33.7-149.1 -62.0 130.3   16.0    3.3   -1.9               
  368  368 A A  E     -E  361   0E  32     -7,-0.2     2,-0.3    -2,-0.1    -7,-0.3  -0.835  12.0-165.6-112.2 141.7   17.3    1.6   -5.0               
  369  369 A F  E     -E  360   0E  46     -9,-2.4    -9,-2.2    -2,-0.3     3,-0.0  -0.896  26.6-138.4-126.5 150.4   15.6    1.1   -8.4               
  370  370 A N  S    S+     0   0   37     -2,-0.3     2,-0.3   -12,-0.2   -18,-0.1   0.583  92.5  45.2 -81.5 -12.5   16.2   -1.1  -11.5               
  371  371 A Q  S  > S-     0   0   47    -11,-0.2     4,-1.6     1,-0.1     3,-0.4  -0.996  73.1-136.1-135.8 141.2   15.3    1.9  -13.9               
  372  372 A R  H  > S+     0   0  173     -2,-0.3     4,-2.9     1,-0.2     5,-0.2   0.888 107.2  59.1 -61.8 -39.7   16.3    5.6  -13.9               
  373  373 A T  H  > S+     0   0   93      1,-0.2     4,-2.2     2,-0.2    -1,-0.2   0.841 104.9  50.4 -57.4 -37.0   12.6    6.6  -14.7               
  374  374 A H  H  > S+     0   0   53     -3,-0.4     4,-1.4     2,-0.2    -1,-0.2   0.908 111.1  48.1 -69.7 -40.4   11.6    4.9  -11.4               
  375  375 A L  H  X S+     0   0   22     -4,-1.6     4,-2.4     2,-0.2     3,-0.3   0.949 112.3  48.6 -62.8 -48.8   14.3    6.8   -9.5               
  376  376 A T  H  X S+     0   0   76     -4,-2.9     4,-1.0     1,-0.2    -2,-0.2   0.916 112.6  48.2 -59.5 -43.3   13.2   10.2  -11.1               
  377  377 A R  H  < S+     0   0  112     -4,-2.2    -1,-0.2    -5,-0.2    -2,-0.2   0.799 111.7  52.1 -64.8 -30.0    9.5    9.4  -10.3               
  378  378 A H  H >< S+     0   0   16     -4,-1.4     3,-2.3    -3,-0.3     4,-0.5   0.878  97.8  62.6 -75.4 -37.8   10.6    8.5   -6.7               
  379  379 A H  H >X S+     0   0   56     -4,-2.4     4,-2.4     1,-0.3     3,-1.4   0.827  89.7  71.7 -58.7 -27.4   12.6   11.8   -6.1               
  380  380 A R  T 3< S+     0   0   54     -4,-1.0     4,-0.3     1,-0.3    -1,-0.3   0.610  88.8  62.4 -60.3 -15.1    9.2   13.6   -6.5               
  381  381 A I  T <4 S+     0   0  120     -3,-2.3    -1,-0.3     2,-0.1    -2,-0.2   0.812 109.9  38.7 -76.1 -32.4    8.3   12.1   -3.1               
  382  382 A H  T <4 S+     0   0   71     -3,-1.4    -2,-0.2    -4,-0.5    -3,-0.1   0.909 120.2  43.1 -84.2 -44.8   11.2   14.1   -1.5               
  383  383 A T  S  < S-     0   0   82     -4,-2.4    -3,-0.2     1,-0.1    -1,-0.1   0.577 100.3-134.0 -73.3 -12.5   10.8   17.4   -3.6               
  384  384 A G        +     0   0   47     -4,-0.3    -4,-0.1    -5,-0.3    -3,-0.1   0.367  48.1 161.4  70.3  -3.2    7.0   17.2   -3.1               
  385  385 A E        +     0   0  106     -6,-0.2    -1,-0.2     1,-0.1    -2,-0.1  -0.199  22.0 178.5 -56.6 128.4    6.6   18.0   -6.9               
  386  386 A K        +     0   0  123     -3,-0.1    11,-0.3     1,-0.1    12,-0.2  -0.654   3.8 173.3-127.9  74.9    3.3   17.1   -8.5               
  387  387 A P        +     0   0   73      0, 0.0     2,-0.7     0, 0.0    11,-0.2   0.485  60.8  75.5 -67.9  -6.4    3.6   18.2  -12.2               
  388  388 A Y  E     -F  397   0F  72      9,-1.9     9,-2.6     2,-0.0     2,-0.4  -0.870  64.3-176.5-113.6  95.9    0.3   16.7  -13.3               
  389  389 A Q  E     -F  396   0F 133     -2,-0.7     2,-0.6     7,-0.3     7,-0.2  -0.746  26.1-125.4 -93.8 137.7   -2.7   18.8  -12.1               
  390  390 A C    >>  -     0   0    1      5,-2.3     4,-1.6    -2,-0.4     3,-1.3  -0.757  13.0-151.2 -80.8 118.0   -6.3   17.9  -12.7               
  391  391 A G  T 34 S+     0   0   79     -2,-0.6     3,-0.2     1,-0.2    -1,-0.1   0.871  91.5  54.4 -55.3 -41.1   -8.2   20.7  -14.5               
  392  392 A S  T 34 S+     0   0   92      1,-0.2    -1,-0.2     3,-0.1    -2,-0.0   0.566 129.2   8.3 -74.7 -14.8  -11.6   19.8  -12.9               
  393  393 A C  T <4 S-     0   0   52     -3,-1.3    -1,-0.2     2,-0.1    -2,-0.2   0.255  90.9-116.4-152.8  12.8  -10.6   19.9   -9.2               
  394  394 A G     <  +     0   0   38     -4,-1.6     2,-0.2    -3,-0.2    -3,-0.1   0.357  61.1 149.5  65.1  -4.1   -6.9   21.3   -8.9               
  395  395 A K        -     0   0  130     -5,-0.2    -5,-2.3    -6,-0.1     2,-0.3  -0.446  35.0-147.5 -68.7 126.9   -5.6   17.9   -7.4               
  396  396 A A  E     -F  389   0F  36     -7,-0.2     2,-0.3    -2,-0.2    -7,-0.3  -0.748  12.2-164.5-104.6 142.4   -2.0   17.4   -8.3               
  397  397 A F  E     -F  388   0F  46     -9,-2.6    -9,-1.9    -2,-0.3     3,-0.1  -0.872  27.7-132.4-125.9 152.8   -0.2   14.0   -9.0               
  398  398 A T  S    S+     0   0   44     -2,-0.3     2,-0.3   -12,-0.2   -18,-0.1   0.614  93.9  30.2 -80.6 -13.7    3.4   12.8   -9.3               
  399  399 A C  S >> S-     0   0   18    -11,-0.2     3,-1.4     1,-0.1     4,-1.4  -0.987  74.1-125.9-148.9 144.1    2.7   10.9  -12.6               
  400  400 A H  H 3> S+     0   0  111     -2,-0.3     4,-2.9     1,-0.3     5,-0.2   0.834 107.9  62.3 -52.8 -40.8    0.4   11.2  -15.6               
  401  401 A S  H 3> S+     0   0   74      1,-0.2     4,-1.1     2,-0.2    -1,-0.3   0.798 104.2  48.8 -62.6 -27.7   -1.0    7.7  -15.2               
  402  402 A S  H <> S+     0   0   51     -3,-1.4     4,-1.3     2,-0.2    -1,-0.2   0.871 111.0  50.3 -76.3 -36.8   -2.4    8.6  -11.8               
  403  403 A L  H >X S+     0   0   14     -4,-1.4     4,-2.8     2,-0.2     3,-0.8   0.971 109.1  51.1 -62.2 -49.8   -3.9   11.8  -13.2               
  404  404 A T  H 3X S+     0   0   51     -4,-2.9     4,-0.9     1,-0.3    -1,-0.2   0.815 111.9  47.0 -59.7 -34.2   -5.6    9.7  -16.1               
  405  405 A V  H 3< S+     0   0   52     -4,-1.1    -1,-0.3    -5,-0.2    -2,-0.2   0.760 114.5  48.8 -77.0 -24.8   -7.1    7.3  -13.5               
  406  406 A H  H XX S+     0   0   21     -4,-1.3     3,-2.3    -3,-0.8     4,-0.6   0.892 102.1  59.7 -78.5 -41.3   -8.3   10.3  -11.4               
  407  407 A E  H >X S+     0   0   76     -4,-2.8     4,-2.3     1,-0.3     3,-0.7   0.848  94.2  67.4 -58.9 -32.0   -9.9   12.2  -14.4               
  408  408 A K  H 3< S+     0   0   51     -4,-0.9    -1,-0.3    -5,-0.2    -2,-0.2   0.633  91.1  62.8 -60.4 -17.6  -12.2    9.1  -14.8               
  409  409 A I  H <4 S+     0   0   96     -3,-2.3     3,-0.5     2,-0.2    -1,-0.2   0.902 108.0  40.7 -72.6 -40.7  -13.7   10.0  -11.4               
  410  410 A H  H << S+     0   0   82     -3,-0.7    -2,-0.2    -4,-0.6    -3,-0.1   0.909 116.9  47.8 -74.0 -42.2  -15.0   13.4  -12.9               
  411  411 A S  S  < S-     0   0   95     -4,-2.3    -1,-0.2     1,-0.1    -2,-0.2   0.480 103.4-131.0 -70.1  -9.2  -16.1   11.8  -16.3               
  412  412 A G        +     0   0   46     -3,-0.5    -3,-0.1    -5,-0.2     2,-0.1   0.385  51.5 161.3  65.7  -2.6  -17.9    9.0  -14.4               
  413  413 A D        +     0   0   60     -6,-0.2    -1,-0.2     1,-0.1    -2,-0.1  -0.240  16.3 168.3 -60.6 119.9  -16.0    6.7  -16.8               
  414  414 A K        +     0   0  120     -2,-0.1    12,-0.2    -3,-0.1    11,-0.2  -0.630   3.6 166.0-130.5  72.5  -15.8    3.1  -15.5               
  415  415 A P        +     0   0   64      0, 0.0     2,-1.3     0, 0.0    11,-0.2   0.729  60.9  79.2 -64.5 -24.1  -14.5    0.9  -18.5               
  416  416 A F  E     +G  425   0G  70      9,-2.1     9,-2.2     0, 0.0    11,-0.2  -0.649  65.5 179.0 -93.9  79.0  -13.8   -2.1  -16.3               
  417  417 A K  E     -G  424   0G 159     -2,-1.3     2,-0.2     7,-0.3     7,-0.2  -0.490  28.0-119.1 -70.1 145.7  -17.2   -3.7  -15.7               
  418  418 A C        -     0   0   14      5,-1.6    -1,-0.1     3,-0.5    14,-0.0  -0.634   8.6-146.8 -80.2 147.3  -17.5   -6.9  -13.6               
  419  419 A S  S    S+     0   0   94     -2,-0.2    -1,-0.1     1,-0.1     3,-0.1   0.797  97.5  47.5 -75.1 -34.1  -18.8  -10.1  -15.3               
  420  420 A D  S    S+     0   0   92      1,-0.1     2,-0.3     3,-0.1    -1,-0.1   0.460 123.4  11.4-101.4  -7.4  -20.5  -11.4  -12.1               
  421  421 A C  S    S-     0   0   41      2,-0.2    -3,-0.5     0, 0.0    -1,-0.1  -0.973  81.1 -98.5-159.7 168.0  -22.3   -8.1  -11.1               
  422  422 A E  S    S+     0   0  200     -2,-0.3     2,-0.4    -5,-0.1    -3,-0.0   0.445  77.1 124.4 -67.9  -0.1  -23.2   -4.6  -12.4               
  423  423 A K        -     0   0  132     -6,-0.1    -5,-1.6     8,-0.0     2,-0.3  -0.503  41.7-167.4 -73.5 125.5  -20.2   -3.0  -10.5               
  424  424 A A  E     -G  417   0G  28     -2,-0.4     2,-0.3    -7,-0.2    -7,-0.3  -0.861   0.5-158.9-115.9 145.5  -17.9   -1.0  -12.8               
  425  425 A F  E     -G  416   0G  44     -9,-2.2    -9,-2.1    -2,-0.3     3,-0.1  -0.886  25.5-138.6-127.0 151.9  -14.4    0.4  -12.0               
  426  426 A N  S    S+     0   0   22     -2,-0.3     2,-0.3   -12,-0.2   -18,-0.1   0.443  92.5  45.0 -85.2  -2.7  -12.0    3.1  -13.3               
  427  427 A S  S >> S-     0   0   27    -11,-0.2     4,-1.8     1,-0.1     3,-0.9  -0.982  72.7-135.8-147.0 135.1   -8.9    0.8  -13.0               
  428  428 A R  H 3> S+     0   0  119     -2,-0.3     4,-2.9     1,-0.2     5,-0.2   0.851 107.3  58.0 -55.7 -38.2   -8.3   -2.9  -13.9               
  429  429 A S  H 3> S+     0   0   91      2,-0.2     4,-1.9     1,-0.2    -1,-0.2   0.814 105.6  49.7 -65.3 -31.9   -6.5   -3.5  -10.5               
  430  430 A R  H <> S+     0   0  131     -3,-0.9     4,-1.9     2,-0.2    -2,-0.2   0.917 111.3  49.1 -71.6 -41.3   -9.7   -2.4   -8.7               
  431  431 A L  H  X S+     0   0   12     -4,-1.8     4,-2.7     2,-0.2    -2,-0.2   0.943 111.1  49.7 -59.9 -48.4  -11.8   -4.8  -10.9               
  432  432 A T  H  X S+     0   0   59     -4,-2.9     4,-1.1     1,-0.2    -2,-0.2   0.900 111.6  48.5 -59.8 -41.6   -9.3   -7.7  -10.2               
  433  433 A L  H  < S+     0   0   52     -4,-1.9    -1,-0.2     1,-0.2    -2,-0.2   0.843 113.3  48.8 -66.0 -33.4   -9.5   -7.0   -6.4               
  434  434 A H  H >< S+     0   0   19     -4,-1.9     3,-2.6     2,-0.2     4,-0.5   0.893 100.0  63.0 -72.4 -39.7  -13.3   -6.9   -6.7               
  435  435 A Q  H >X S+     0   0   51     -4,-2.7     4,-2.1     1,-0.3     3,-1.7   0.867  93.6  66.2 -56.7 -30.5  -13.5  -10.2   -8.7               
  436  436 A R  H 3X S+     0   0   65     -4,-1.1     4,-0.5     1,-0.3    -1,-0.3   0.623  90.0  63.9 -63.5 -15.8  -12.0  -11.9   -5.5               
  437  437 A T  H <4 S+     0   0   92     -3,-2.6    -1,-0.3     2,-0.2    -2,-0.2   0.722 108.8  40.5 -77.4 -21.1  -15.3  -11.0   -3.7               
  438  438 A H  H <4 S+     0   0   76     -3,-1.7    -2,-0.2    -4,-0.5    -3,-0.1   0.869 120.3  41.3 -90.2 -45.0  -17.1  -13.4   -6.1               
  439  439 A T  H  < S-     0   0   83     -4,-2.1    -3,-0.2     1,-0.1    -2,-0.2   0.590 100.9-133.0 -74.9 -12.7  -14.5  -16.2   -6.2               
  440  440 A G     <  +     0   0   45     -4,-0.5    -3,-0.1    -5,-0.3    -4,-0.1   0.423  45.2 167.9  70.7   0.3  -13.9  -15.8   -2.4               
  441  441 A E        +     0   0   95     -6,-0.2    -1,-0.2     1,-0.1    -2,-0.1  -0.178  17.0 173.6 -54.1 124.0  -10.1  -15.8   -3.1               
  442  442 A K        +     0   0  128     -3,-0.1    11,-0.2     1,-0.1    12,-0.2  -0.634   5.1 167.6-130.4  72.1   -8.0  -14.8   -0.1               
  443  443 A P        +     0   0   61      0, 0.0     2,-1.0     0, 0.0    11,-0.2   0.721  62.3  74.3 -63.6 -23.3   -4.3  -15.4   -1.2               
  444  444 A F  E     -H  453   0H  67      9,-2.0     9,-2.1     2,-0.0     2,-0.2  -0.760  68.1-175.7 -99.0  91.1   -2.9  -13.4    1.8               
  445  445 A K  E     -H  452   0H 158     -2,-1.0     2,-0.5     7,-0.3     7,-0.2  -0.610  25.0-124.8 -83.6 144.1   -3.3  -15.6    4.9               
  446  446 A C    >>  -     0   0    4      5,-1.7     4,-1.7    -2,-0.2     3,-0.6  -0.829  10.4-152.4 -84.3 125.1   -2.3  -14.4    8.4               
  447  447 A A  T 34 S+     0   0   87     -2,-0.5    -1,-0.1     1,-0.2     3,-0.1   0.899  92.9  57.5 -60.3 -39.6    0.2  -16.8   10.1               
  448  448 A D  T 34 S+     0   0   84      1,-0.2    -1,-0.2    -3,-0.1    -3,-0.0   0.646 130.9   2.6 -73.4 -20.6   -1.0  -15.8   13.6               
  449  449 A C  T <4 S-     0   0   52     -3,-0.6    -1,-0.2     2,-0.1    -2,-0.2   0.264  90.2-115.8-150.8  12.3   -4.8  -16.8   13.1               
  450  450 A G     <  +     0   0   54     -4,-1.7    -3,-0.1     1,-0.2     2,-0.1   0.282  60.6 152.0  67.9 -10.6   -5.2  -18.3    9.5               
  451  451 A K        -     0   0  132     -6,-0.2    -5,-1.7     1,-0.1     2,-0.3  -0.299  36.3-141.2 -60.6 124.2   -7.5  -15.4    8.4               
  452  452 A G  E     -H  445   0H  21     -7,-0.2     2,-0.3    -2,-0.1    -7,-0.3  -0.664  14.3-163.0 -89.1 143.3   -7.3  -14.8    4.6               
  453  453 A F  E     -H  444   0H  42     -9,-2.1    -9,-2.0    -2,-0.3     3,-0.1  -0.924  25.2-135.0-125.2 147.0   -7.3  -11.4    2.9               
  454  454 A S  S    S+     0   0   26     -2,-0.3     2,-0.3   -12,-0.2   -18,-0.1   0.675  93.6  27.1 -75.9 -17.4   -8.0  -10.4   -0.7               
  455  455 A C  S >> S-     0   0   24    -11,-0.1     4,-1.5     1,-0.1     3,-0.8  -0.998  75.7-123.6-144.0 151.4   -5.0   -8.0   -0.7               
  456  456 A H  H 3> S+     0   0   98     -2,-0.3     4,-2.6     1,-0.2     5,-0.2   0.811 108.8  62.5 -58.7 -33.7   -1.6   -7.7    1.2               
  457  457 A A  H 3> S+     0   0   57      2,-0.2     4,-1.7     1,-0.2    -1,-0.2   0.880 103.9  48.1 -64.9 -35.1   -2.4   -4.2    2.5               
  458  458 A Y  H <> S+     0   0  124     -3,-0.8     4,-2.3     2,-0.2    -2,-0.2   0.906 110.4  52.2 -70.8 -37.9   -5.5   -5.6    4.5               
  459  459 A L  H  X S+     0   0   17     -4,-1.5     4,-2.5     2,-0.2    -2,-0.2   0.937 108.8  50.4 -59.9 -46.6   -3.3   -8.4    5.9               
  460  460 A L  H  X S+     0   0   84     -4,-2.6     4,-0.6     1,-0.2    -1,-0.2   0.879 112.6  46.0 -61.1 -39.5   -0.7   -5.8    7.1               
  461  461 A V  H  < S+     0   0   57     -4,-1.7     3,-0.5    -5,-0.2    -1,-0.2   0.873 112.8  52.0 -69.3 -35.3   -3.5   -3.7    8.8               
  462  462 A H  H >< S+     0   0   19     -4,-2.3     3,-2.5     1,-0.2     4,-0.5   0.893  97.1  64.7 -67.4 -40.2   -4.9   -7.0   10.3               
  463  463 A R  H >X S+     0   0  125     -4,-2.5     4,-2.2     1,-0.3     3,-0.9   0.768  87.4  72.9 -58.8 -22.6   -1.5   -8.1   11.8               
  464  464 A R  T 3< S+     0   0   64     -4,-0.6     4,-0.4    -3,-0.5    -1,-0.3   0.625  87.4  63.1 -63.1 -17.3   -1.7   -5.0   14.1               
  465  465 A I  T <4 S+     0   0  118     -3,-2.5    -1,-0.2     2,-0.2    -2,-0.2   0.857 108.7  40.2 -72.3 -35.3   -4.4   -6.9   16.0               
  466  466 A H  T <4 S+     0   0   77     -3,-0.9    -2,-0.2    -4,-0.5    -3,-0.1   0.893 120.2  42.0 -82.5 -41.4   -1.8   -9.5   16.9               
  467  467 A S  S  < S-     0   0   68     -4,-2.2    -1,-0.2     2,-0.1    -3,-0.2   0.539 100.7-133.3 -76.8  -9.9    1.1   -7.1   17.6               
  468  468 A G        +     0   0   49     -4,-0.4     2,-0.1    -5,-0.2    -3,-0.1   0.441  47.5 163.9  66.8   0.9   -1.3   -4.7   19.5               
  469  469 A E        +     0   0  114     -6,-0.2    -1,-0.2     1,-0.1    -2,-0.1  -0.259  19.3 176.5 -59.8 123.3    0.4   -1.9   17.4               
  470  470 A K        +     0   0  124     -2,-0.1    12,-0.2    -3,-0.1    11,-0.2  -0.712   5.5 169.0-124.7  76.8   -1.7    1.3   17.4               
  471  471 A P        +     0   0   73      0, 0.0     2,-1.0     0, 0.0    11,-0.2   0.700  59.5  78.3 -65.7 -21.2    0.5    3.8   15.4               
  472  472 A F  E     -I  481   0I  58      9,-2.0     9,-2.6     2,-0.0     2,-0.3  -0.757  65.5-176.2 -99.4  91.2   -2.3    6.5   15.1               
  473  473 A K  E     -I  480   0I 144     -2,-1.0     2,-0.5     7,-0.3     7,-0.2  -0.638  25.0-128.7 -84.5 142.4   -2.5    8.4   18.5               
  474  474 A C     >  -     0   0    2      5,-2.2     4,-1.5    -2,-0.3     3,-0.3  -0.848  11.6-155.5 -85.0 123.8   -5.1   11.0   19.2               
  475  475 A N  T  4 S+     0   0  159     -2,-0.5    -1,-0.1     1,-0.2    -2,-0.0   0.787  89.7  56.5 -69.5 -27.9   -3.4   14.2   20.6               
  476  476 A E  T  4 S+     0   0   90      1,-0.2    -1,-0.2     3,-0.1    -3,-0.0   0.745 129.5   6.5 -81.4 -26.2   -6.6   15.3   22.4               
  477  477 A C  T  4 S-     0   0   52     -3,-0.3    -2,-0.2     2,-0.2    -1,-0.2   0.233  91.6-118.4-141.4  10.4   -7.1   12.2   24.6               
  478  478 A G     <  +     0   0   53     -4,-1.5    -3,-0.1     1,-0.2    -2,-0.0   0.228  61.1 148.5  69.8 -14.4   -4.1    9.9   24.1               
  479  479 A K        -     0   0  131     -6,-0.1    -5,-2.2    -2,-0.1     2,-0.4  -0.258  36.1-146.3 -58.0 131.2   -6.3    7.0   22.6               
  480  480 A A  E     -I  473   0I  29     -7,-0.2     2,-0.3    -3,-0.1    -7,-0.3  -0.833  12.1-162.5-111.3 140.1   -4.4    5.0   20.0               
  481  481 A F  E     -I  472   0I  47     -9,-2.6    -9,-2.0    -2,-0.4     3,-0.1  -0.864  25.9-137.3-124.4 149.8   -5.8    3.3   16.8               
  482  482 A S  S    S+     0   0   32     -2,-0.3     2,-0.3   -12,-0.2   -18,-0.1   0.589  93.2  38.9 -80.1 -11.9   -4.6    0.6   14.4               
  483  483 A S  S >> S-     0   0   30    -11,-0.2     4,-1.5     1,-0.1     3,-0.7  -0.997  72.6-133.8-143.1 139.1   -5.8    2.7   11.3               
  484  484 A H  H 3> S+     0   0  104     -2,-0.3     4,-2.5     1,-0.2     5,-0.2   0.819 106.4  63.0 -56.0 -35.1   -5.7    6.4   10.4               
  485  485 A A  H 3> S+     0   0   62      1,-0.2     4,-2.1     2,-0.2    -1,-0.2   0.897 103.8  47.3 -62.2 -38.2   -9.4    6.1    9.2               
  486  486 A Y  H <> S+     0   0  153     -3,-0.7     4,-2.4     2,-0.2    -1,-0.2   0.858 109.6  54.0 -71.3 -33.6  -10.5    5.2   12.8               
  487  487 A L  H  X S+     0   0   19     -4,-1.5     4,-2.4     2,-0.2    -2,-0.2   0.940 109.4  47.2 -63.2 -46.5   -8.4    8.1   14.2               
  488  488 A I  H  X S+     0   0   73     -4,-2.5     4,-0.9     1,-0.2    -2,-0.2   0.931 114.4  47.3 -61.4 -44.8  -10.2   10.7   11.9               
  489  489 A V  H  < S+     0   0   51     -4,-2.1     3,-0.5     1,-0.2    -1,-0.2   0.897 112.1  51.2 -58.9 -42.6  -13.6    9.2   12.9               
  490  490 A H  H >X S+     0   0   16     -4,-2.4     3,-2.1     1,-0.2     4,-0.5   0.874  99.0  63.1 -67.3 -37.6  -12.5    9.3   16.6               
  491  491 A R  H >X S+     0   0  111     -4,-2.4     4,-2.0     1,-0.3     3,-1.2   0.818  90.3  69.7 -59.6 -27.3  -11.5   13.1   16.4               
  492  492 A R  H 3X S+     0   0   55     -4,-0.9     4,-0.6    -3,-0.5    -1,-0.3   0.643  88.3  64.5 -63.1 -17.1  -15.1   13.9   15.6               
  493  493 A I  H <4 S+     0   0  118     -3,-2.1    -1,-0.3    -4,-0.2    -2,-0.2   0.852 108.5  39.4 -71.1 -34.2  -16.0   12.9   19.2               
  494  494 A H  H << S+     0   0   80     -3,-1.2    -2,-0.2    -4,-0.5    -1,-0.1   0.843 120.3  43.3 -84.8 -36.4  -13.8   15.9   20.4               
  495  495 A T  H  < S-     0   0   73     -4,-2.0    -1,-0.2     2,-0.1    -2,-0.2   0.544 100.2-132.9 -81.4 -10.9  -14.9   18.4   17.6               
  496  496 A G     <  +     0   0   48     -4,-0.6    -3,-0.1    -5,-0.2    -4,-0.1   0.369  48.3 161.3  70.5  -3.0  -18.6   17.4   18.0               
  497  497 A E        +     0   0  104     -6,-0.2    -1,-0.2     1,-0.1    -2,-0.1  -0.241  19.4 176.1 -57.5 124.1  -18.8   17.1   14.1               
  498  498 A K        +     0   0  132     -3,-0.1    12,-0.2    -2,-0.1    11,-0.2  -0.660   3.8 171.3-125.3  74.1  -21.7   15.0   12.8               
  499  499 A P        +     0   0   67      0, 0.0     2,-0.4     0, 0.0    11,-0.1   0.229  60.1  74.8 -74.8  11.0  -21.4   15.4    8.9               
  500  500 A F  E     -J  509   0J  56      9,-1.2     9,-2.4    11,-0.0    11,-0.2  -0.798  62.7-179.4-130.8  86.2  -24.1   12.7    8.2               
  501  501 A D  E     -J  508   0J  84     -2,-0.4     2,-0.6     7,-0.3     7,-0.2  -0.392  28.2-122.9 -75.4 156.9  -27.7   13.9    8.9               
  502  502 A C    >>  -     0   0    0      5,-0.5     4,-2.6    -2,-0.1     3,-1.4  -0.930  11.1-150.3-103.3 113.9  -30.8   11.8    8.5               
  503  503 A S  T 34 S+     0   0   80     -2,-0.6    -1,-0.1     1,-0.3    -2,-0.0   0.616  94.7  54.7 -56.6 -17.5  -33.3   13.4    6.0               
  504  504 A Q  T 34 S+     0   0  144      3,-0.1    -1,-0.3     1,-0.1    -3,-0.0   0.731 131.7   3.5 -87.2 -29.2  -36.3   11.7    7.9               
  505  505 A C  T <4 S-     0   0   44     -3,-1.4    -2,-0.2     2,-0.1     3,-0.1   0.278  88.9-121.8-144.9   6.0  -35.6   13.0   11.5               
  506  506 A W     <  +     0   0  188     -4,-2.6     2,-0.3     1,-0.2    -3,-0.1   0.404  56.3 152.7  57.2   7.8  -32.5   15.3   11.2               
  507  507 A K        -     0   0  136     -5,-0.3    -5,-0.5    -6,-0.1     2,-0.3  -0.489  35.7-144.6 -64.1 121.5  -30.5   13.2   13.7               
  508  508 A A  E     -J  501   0J  37     -2,-0.3     2,-0.3    -7,-0.2    -7,-0.3  -0.714  13.8-162.3 -98.0 140.6  -26.8   13.8   12.8               
  509  509 A F  E     -J  500   0J  46     -9,-2.4    -9,-1.2    -2,-0.3     3,-0.1  -0.901  26.3-138.7-122.9 147.1  -24.0   11.1   13.0               
  510  510 A S  S    S+     0   0   36     -2,-0.3     2,-0.4   -12,-0.2   -18,-0.1   0.638  93.5  45.0 -74.2 -14.1  -20.2   11.2   13.1               
  511  511 A C  S >> S-     0   0   18    -11,-0.2     4,-1.8     1,-0.1     3,-0.9  -0.993  70.6-139.6-138.3 134.3  -20.1    8.2   10.7               
  512  512 A H  H 3> S+     0   0  106     -2,-0.4     4,-2.7     1,-0.3     5,-0.2   0.856 107.3  59.3 -54.9 -39.1  -22.0    7.2    7.5               
  513  513 A S  H 3> S+     0   0   81      2,-0.2     4,-1.7     1,-0.2    -1,-0.3   0.852 105.4  48.8 -61.0 -34.0  -22.2    3.6    8.9               
  514  514 A S  H <> S+     0   0   49     -3,-0.9     4,-2.2     2,-0.2    -2,-0.2   0.890 110.0  51.3 -73.7 -38.0  -24.1    4.9   11.9               
  515  515 A L  H  X S+     0   0   14     -4,-1.8     4,-2.7     2,-0.2    -2,-0.2   0.944 110.4  48.4 -60.5 -48.8  -26.5    6.8    9.6               
  516  516 A I  H  X S+     0   0   65     -4,-2.7     4,-1.0     1,-0.2    -2,-0.2   0.899 113.2  47.9 -59.9 -41.9  -27.2    3.7    7.5               
  517  517 A V  H  < S+     0   0   42     -4,-1.7    -1,-0.2    -5,-0.2    -2,-0.2   0.874 113.1  49.0 -66.4 -35.8  -27.8    1.7   10.7               
  518  518 A H  H >X S+     0   0   21     -4,-2.2     3,-2.3     1,-0.2     4,-0.6   0.888 100.8  62.9 -69.6 -39.2  -30.1    4.5   12.0               
  519  519 A Q  H >X S+     0   0   65     -4,-2.7     4,-2.0     1,-0.3     3,-0.7   0.810  90.2  69.7 -58.8 -27.2  -32.1    4.7    8.7               
  520  520 A R  H 3< S+     0   0   49     -4,-1.0     4,-0.5     1,-0.2    -1,-0.3   0.637  89.7  62.8 -62.6 -17.7  -33.2    1.0    9.4               
  521  521 A I  H <4 S+     0   0   83     -3,-2.3    -1,-0.2     2,-0.2    -2,-0.2   0.893 107.8  41.6 -71.5 -39.4  -35.3    2.5   12.2               
  522  522 A H  H << S+     0   0   78     -3,-0.7    -2,-0.2    -4,-0.6    -1,-0.1   0.862 120.5  41.8 -75.7 -38.2  -37.3    4.5    9.6               
  523  523 A T  S  < S-     0   0   87     -4,-2.0    -1,-0.2     2,-0.1    -2,-0.2   0.506 101.1-132.0 -83.5  -8.1  -37.6    1.6    7.1               
  524  524 A G        +     0   0   48     -4,-0.5     2,-0.2    -5,-0.2    -3,-0.2   0.493  45.7 168.0  66.3   4.6  -38.2   -1.1    9.8               
  525  525 A E        +     0   0  104     -6,-0.2    -1,-0.2    -5,-0.1    -2,-0.1  -0.272  17.4 174.5 -59.9 120.9  -35.5   -3.2    8.2               
  526  526 A K        +     0   0  123     -2,-0.2    12,-0.3    -3,-0.1    11,-0.2  -0.697   5.3 167.7-122.8  75.6  -34.4   -6.2   10.3               
  527  527 A P        +     0   0   71      0, 0.0     2,-0.9     0, 0.0    11,-0.2   0.670  57.9  77.4 -67.1 -19.5  -32.0   -8.2    8.1               
  528  528 A Y  E     -K  537   0K  77      9,-2.2     9,-2.4     2,-0.0     2,-0.3  -0.796  63.9-177.0-102.7  94.8  -30.7  -10.4   10.9               
  529  529 A K  E     -K  536   0K 152     -2,-0.9     2,-0.5     7,-0.3     7,-0.2  -0.729  25.7-126.5 -90.5 138.7  -33.2  -13.2   11.7               
  530  530 A C     >  -     0   0    3      5,-2.5     4,-1.4    -2,-0.3     3,-0.1  -0.757  11.5-150.5 -79.6 126.2  -32.7  -15.8   14.5               
  531  531 A S  T  4 S+     0   0  119     -2,-0.5    -1,-0.1     1,-0.2    -2,-0.0   0.699  91.8  50.6 -67.1 -23.0  -33.0  -19.3   13.1               
  532  532 A E  T  4 S+     0   0  126      1,-0.1    -1,-0.2     3,-0.1    -3,-0.0   0.806 129.4  10.7 -93.1 -33.1  -34.3  -20.7   16.5               
  533  533 A C  T  4 S-     0   0   55      2,-0.1    -2,-0.2    -3,-0.1    -1,-0.1   0.251  92.1-121.2-129.1   5.9  -37.2  -18.2   17.4               
  534  534 A G     <  +     0   0   53     -4,-1.4    -3,-0.1     1,-0.2     0, 0.0   0.260  57.7 152.0  71.4 -11.5  -37.7  -16.2   14.2               
  535  535 A R        -     0   0  132     -6,-0.1    -5,-2.5     1,-0.1     2,-0.4  -0.250  33.8-146.3 -57.2 130.8  -36.9  -12.8   16.0               
  536  536 A A  E     -K  529   0K  33     -7,-0.2     2,-0.3     2,-0.0    -7,-0.3  -0.815  12.7-164.9-107.3 141.2  -35.4  -10.3   13.6               
  537  537 A F  E     -K  528   0K  35     -9,-2.4    -9,-2.2    -2,-0.4     3,-0.0  -0.921  26.4-138.7-126.7 147.0  -32.8   -7.6   14.4               
  538  538 A S  S    S+     0   0   32     -2,-0.3     2,-0.3   -12,-0.3   -18,-0.1   0.671  93.9  41.5 -75.0 -17.3  -31.6   -4.4   12.6               
  539  539 A Q  S >> S-     0   0   63    -11,-0.1     4,-1.4     1,-0.1     3,-0.7  -0.996  74.6-134.2-136.6 140.9  -27.9   -5.2   13.5               
  540  540 A N  H 3> S+     0   0   75     -2,-0.3     4,-2.5     1,-0.2     5,-0.2   0.809 105.1  61.8 -60.6 -33.9  -25.9   -8.5   13.6               
  541  541 A H  H 3> S+     0   0   84      2,-0.2     4,-2.3     1,-0.2    -1,-0.2   0.894 102.4  51.3 -64.8 -35.8  -24.5   -7.7   17.1               
  542  542 A C  H <> S+     0   0    5     -3,-0.7     4,-2.2     2,-0.2    -1,-0.2   0.904 109.1  51.0 -65.2 -41.5  -28.0   -7.8   18.6               
  543  543 A L  H  X S+     0   0   15     -4,-1.4     4,-2.8     2,-0.2    -2,-0.2   0.947 110.6  48.3 -60.2 -47.7  -28.7  -11.2   16.9               
  544  544 A I  H  X S+     0   0   86     -4,-2.5     4,-1.3     1,-0.2    -2,-0.2   0.898 111.8  50.4 -60.7 -41.1  -25.4  -12.6   18.4               
  545  545 A K  H  < S+     0   0   98     -4,-2.3    -1,-0.2    -5,-0.2    -2,-0.2   0.893 113.0  46.9 -60.3 -40.6  -26.4  -11.1   21.8               
  546  546 A H  H >X S+     0   0   14     -4,-2.2     3,-2.2     1,-0.2     4,-0.8   0.892 103.4  59.7 -72.6 -38.9  -29.8  -12.8   21.5               
  547  547 A Q  H 3X S+     0   0   68     -4,-2.8     4,-2.2     1,-0.3     3,-0.3   0.843  94.7  66.6 -60.7 -30.2  -28.4  -16.3   20.4               
  548  548 A K  H 3< S+     0   0   55     -4,-1.3     5,-0.4     1,-0.2    -1,-0.3   0.581  94.3  59.4 -62.9 -14.0  -26.5  -16.4   23.7               
  549  549 A I  H X4 S+     0   0   97     -3,-2.2     3,-0.8     2,-0.1    -1,-0.2   0.882 107.8  43.4 -78.7 -42.2  -30.0  -16.6   25.4               
  550  550 A H  H 3< S+     0   0   70     -4,-0.8    -2,-0.2    -3,-0.3    -3,-0.1   0.891 109.5  55.9 -70.8 -38.5  -30.8  -19.9   23.5               
  551  551 A S  T 3< S-     0   0   72     -4,-2.2    -1,-0.2     1,-0.1    -3,-0.1   0.569  97.3-140.2 -67.4 -10.5  -27.3  -21.4   24.1               
  552  552 A G    <   +     0   0   47     -3,-0.8     2,-1.5     1,-0.2    -3,-0.1   0.595  40.7 165.8  61.7  11.4  -27.9  -20.9   27.9               
  553  553 A E        -     0   0  106     -5,-0.4     2,-1.7     1,-0.1    -1,-0.2  -0.391  17.2-179.4 -76.2  87.0  -24.2  -19.9   28.0               
  554  554 A K        +     0   0   99     -2,-1.5    12,-0.3     1,-0.2    11,-0.2  -0.556  11.1 165.9 -80.6  72.1  -23.7  -18.3   31.4               
  555  555 A S        +     0   0   60     -2,-1.7     2,-0.6    11,-0.1    11,-0.2   0.582  53.0  73.9 -68.1 -14.7  -20.0  -17.4   30.9               
  556  556 A F  E     -L  565   0L  70      9,-2.6     9,-2.8    -3,-0.1     2,-0.4  -0.877  63.6-169.1-115.0 102.3  -19.8  -15.0   33.9               
  557  557 A K  E     -L  564   0L 139     -2,-0.6     2,-0.5     7,-0.2     7,-0.2  -0.717  20.8-129.9 -88.9 136.6  -19.8  -16.5   37.5               
  558  558 A C     >  -     0   0    1      5,-3.0     4,-2.0    -2,-0.4     3,-0.2  -0.739  11.3-152.9 -79.6 123.8  -20.2  -14.4   40.7               
  559  559 A E  T  4 S+     0   0  183     -2,-0.5    -1,-0.1     1,-0.2    -2,-0.0   0.806  90.2  53.4 -68.0 -29.3  -17.4  -15.4   43.1               
  560  560 A K  T  4 S+     0   0  141      1,-0.1    -1,-0.2     3,-0.1    -2,-0.0   0.805 130.7   5.9 -79.5 -33.7  -19.5  -14.4   46.2               
  561  561 A C  T  4 S-     0   0   65     -3,-0.2    -2,-0.2     2,-0.1    -1,-0.1   0.462  91.9-117.2-129.4  -9.7  -22.7  -16.5   45.6               
  562  562 A G     <  +     0   0   32     -4,-2.0    -3,-0.1     1,-0.3    -2,-0.0   0.276  57.7 153.5  82.6  -7.4  -22.0  -18.7   42.5               
  563  563 A E        -     0   0  101     -6,-0.1    -5,-3.0     1,-0.1     2,-0.4  -0.218  34.2-143.9 -51.5 135.4  -24.7  -17.0   40.3               
  564  564 A M  E     -L  557   0L  92     -7,-0.2     2,-0.3    -9,-0.0    -7,-0.2  -0.931  16.0-169.4-116.9 133.7  -23.9  -17.3   36.6               
  565  565 A F  E     -L  556   0L  34     -9,-2.8    -9,-2.6    -2,-0.4     3,-0.0  -0.850  29.5-138.2-122.5 148.6  -24.7  -14.6   34.0               
  566  566 A N  S    S+     0   0   30     -2,-0.3     2,-0.3   -12,-0.3   -11,-0.1   0.611  92.5  45.3 -78.2 -13.0  -24.6  -14.4   30.1               
  567  567 A W  S  > S-     0   0   61    -11,-0.2     4,-1.7     1,-0.1     3,-0.2  -0.996  71.4-137.1-137.5 139.7  -23.1  -10.9   30.3               
  568  568 A S  H  > S+     0   0   63     -2,-0.3     4,-2.8     1,-0.2     5,-0.2   0.843 106.9  60.1 -61.1 -34.2  -20.3   -9.2   32.3               
  569  569 A S  H  > S+     0   0   66      2,-0.2     4,-2.3     1,-0.2    -1,-0.2   0.909 104.8  47.4 -62.0 -42.2  -22.6   -6.1   32.8               
  570  570 A H  H  > S+     0   0   92     -3,-0.2     4,-2.7     2,-0.2    -1,-0.2   0.883 112.7  50.0 -68.0 -36.9  -25.2   -8.3   34.6               
  571  571 A L  H  X S+     0   0   20     -4,-1.7     4,-2.5     2,-0.2    -2,-0.2   0.932 111.2  48.6 -63.1 -45.5  -22.4   -9.8   36.8               
  572  572 A T  H  X S+     0   0   70     -4,-2.8     4,-0.8     2,-0.2    -2,-0.2   0.885 113.9  46.7 -62.2 -40.2  -21.1   -6.2   37.6               
  573  573 A E  H >X S+     0   0  117     -4,-2.3     4,-1.1     2,-0.2     3,-1.0   0.958 113.2  48.1 -65.6 -47.9  -24.7   -5.1   38.5               
  574  574 A H  H 3< S+     0   0   29     -4,-2.7     4,-0.5     1,-0.3    -2,-0.2   0.860 104.0  61.5 -61.1 -34.8  -25.3   -8.2   40.6               
  575  575 A Q  H >< S+     0   0   74     -4,-2.5     3,-0.6     1,-0.2    -1,-0.3   0.795  96.9  59.8 -64.1 -24.9  -21.8   -7.6   42.3               
  576  576 A R  H XX S+     0   0  148     -3,-1.0     4,-2.5    -4,-0.8     3,-2.5   0.940  97.1  59.4 -66.7 -39.1  -23.3   -4.2   43.6               
  577  577 A L  T 3< S+     0   0   94     -4,-1.1     5,-0.3     1,-0.3    -1,-0.2   0.616 105.0  50.6 -63.2 -15.0  -26.0   -6.2   45.4               
  578  578 A H  T <4 S+     0   0   62     -3,-0.6    -1,-0.3    -4,-0.5    -2,-0.2   0.323 113.8  44.0 -96.7  -1.8  -23.1   -7.9   47.3               
  579  579 A S  T <4 S+     0   0   89     -3,-2.5     2,-0.5     1,-0.2    -2,-0.2   0.629 112.4  54.7-109.7 -30.7  -21.6   -4.5   48.2               
  580  580 A E  S  < S-     0   0  122     -4,-2.5     2,-0.4    -5,-0.1    -1,-0.2  -0.925  88.2-130.3-110.2 112.1  -24.9   -2.9   49.2               
  581  581 A G  S    S+     0   0   81     -2,-0.5    -3,-0.1    -3,-0.1    -4,-0.0  -0.589  79.1  10.9 -70.7 127.9  -26.9   -4.8   51.9               
  582  582 A K  S    S-     0   0  186     -2,-0.4     2,-0.7    -5,-0.3    -4,-0.0   0.668  93.0 -94.9  67.4 131.5  -30.6   -5.2   50.8               
  583  583 A P        -     0   0  100      0, 0.0     2,-0.7     0, 0.0    -2,-0.1  -0.588  25.3-148.9 -69.8 112.9  -31.7   -4.4   47.2               
  584  584 A L        -     0   0  117     -2,-0.7     2,-2.3     1,-0.1    -2,-0.0  -0.767  27.0-128.4 -64.5 118.0  -33.1   -0.9   46.8               
  585  585 A A        -     0   0   99     -2,-0.7     2,-0.7     2,-0.1    -1,-0.1  -0.454  35.4-178.7 -75.0  68.4  -35.6   -1.8   44.0               
  586  586 A I        -     0   0   98     -2,-2.3     2,-2.5     1,-0.1    -2,-0.0  -0.648  26.9-136.0 -72.8 113.1  -34.4    1.0   41.7               
  587  587 A Q        +     0   0  193     -2,-0.7     2,-1.7     1,-0.1     3,-0.1  -0.376  34.8 169.6 -69.6  68.4  -36.6    0.8   38.6               
  588  588 A F        +     0   0  140     -2,-2.5    -1,-0.1     1,-0.2     4,-0.1  -0.552  36.1 109.1 -81.2  78.0  -33.8    1.2   36.0               
  589  589 A N        +     0   0   79     -2,-1.7    -1,-0.2     2,-0.1     4,-0.1   0.110  45.4  80.6-147.8  37.4  -35.8    0.3   32.9               
  590  590 A K  S  > S+     0   0  167     -3,-0.1     4,-1.2     3,-0.1     3,-0.1   0.738  90.2  53.3-100.1 -29.0  -36.5    3.4   30.6               
  591  591 A H  T  4 S+     0   0  149      1,-0.2     4,-0.5     2,-0.2    -2,-0.1   0.775 103.7  52.0 -85.8 -25.2  -33.1    3.6   28.8               
  592  592 A L  T  4 S+     0   0  123      2,-0.2    -1,-0.2     1,-0.1     4,-0.2   0.743 109.6  50.9 -81.6 -22.6  -32.7    0.0   27.4               
  593  593 A L  T >> S+     0   0  101      1,-0.2     3,-2.0     2,-0.2     4,-1.9   0.889  98.4  65.7 -79.9 -36.3  -36.2    0.1   25.8               
  594  594 A S  T 3< S+     0   0   78     -4,-1.2    -1,-0.2     1,-0.3    -2,-0.2   0.770 100.5  51.6 -57.1 -27.5  -35.6    3.5   24.0               
  595  595 A T  T 34 S+     0   0  100     -4,-0.5    -1,-0.3     1,-0.1    -2,-0.2   0.578 121.8  30.5 -86.6  -7.3  -32.8    1.8   21.8               
  596  596 A Y  T <4 S+     0   0  129     -3,-2.0     2,-0.4     1,-0.2    -2,-0.2   0.421 114.8  60.6-128.7  -4.5  -35.2   -1.1   20.7               
  597  597 A Y     <  +     0   0  177     -4,-1.9    -1,-0.2     2,-0.0    -4,-0.0  -0.944  46.0 163.0-134.4 108.0  -38.6    0.5   20.7               
  598  598 A V        -     0   0   95     -2,-0.4     2,-0.4    -3,-0.1    -4,-0.0  -0.999  47.9-115.0-110.0 125.6  -39.6    3.5   18.5               
  599  599 A P        -     0   0  106      0, 0.0     2,-0.4     0, 0.0    -2,-0.0  -0.489  35.1-125.6 -57.7 114.5  -43.5    3.9   18.4               
  600  600 A G        -     0   0   70     -2,-0.4     2,-0.9     1,-0.1   -78,-0.0  -0.548  19.1-121.9 -67.0 123.2  -44.1    3.2   14.7               
  601  601 A S        -     0   0  123     -2,-0.4     2,-0.5     2,-0.1    -1,-0.1  -0.585  23.9-143.5 -67.3 105.2  -46.1    6.1   13.1               
  602  602 A L        +     0   0  169     -2,-0.9     2,-0.1     0, 0.0    -1,-0.0  -0.676  53.1 107.4 -62.6 117.6  -49.3    4.6   11.7               
  603  603 A L        +     0   0  179     -2,-0.5    -2,-0.1     1,-0.2     0, 0.0  -0.271  40.2  75.1 176.9 125.5  -50.4    6.3    8.4               
  604  604 A G        -     0   0   80     -2,-0.1    -1,-0.2     0, 0.0     2,-0.1   0.233  59.7-133.7 137.3  97.3  -50.3    4.9    4.8               
  605  605 A A        +     0   0  117      2,-0.0     2,-0.2     0, 0.0     0, 0.0  -0.364  29.3 160.9 -75.1 149.1  -52.7    2.4    3.3               
  606  606 A G        -     0   0   76     -2,-0.1     2,-0.4     0, 0.0     0, 0.0  -0.686  32.7-133.2-166.5 105.5  -51.8   -0.7    1.2               
  607  607 A D        +     0   0  173     -2,-0.2     2,-0.0     2,-0.0    -2,-0.0  -0.549  48.2 101.5 -75.7 118.8  -54.4   -3.5    0.9               
  608  608 A A        -     0   0   93     -2,-0.4    -1,-0.0     0, 0.0     0, 0.0  -0.126  54.3  -5.7 174.4 124.1  -53.7   -7.2    1.3               
  609  609 A G        -     0   0   77      1,-0.0    -2,-0.0    -2,-0.0     0, 0.0   0.984  46.3-121.5  87.2  80.7  -53.9  -10.2    3.6               
  610  610 A L        +     0   0  158      2,-0.0     2,-0.1     0, 0.0    -1,-0.0   0.138  35.4 141.8  -6.3 123.3  -54.8  -11.1    7.2               
  611  611 A R        -     0   0  237      2,-0.0     2,-0.0     0, 0.0     0, 0.0  -0.371  38.5-133.1-165.8 130.1  -53.1  -12.7    9.9               
  612  612 A D        -     0   0  143     -2,-0.1     2,-0.4     1,-0.0    -2,-0.0  -0.260  12.1-165.5 -60.1 138.5  -53.5  -11.7   13.6               
  613  613 A V        -     0   0  139      3,-0.0     3,-0.1    -2,-0.0    -1,-0.0  -0.938  25.0-133.9-124.6 105.5  -50.4  -11.2   15.8               
  614  614 A D        -     0   0  135     -2,-0.4     2,-0.2     1,-0.1     3,-0.0  -0.204  26.1 -97.7 -56.4 144.4  -51.6  -11.1   19.4               
  615  615 A P        -     0   0  121      0, 0.0     2,-0.5     0, 0.0    -1,-0.1  -0.464  47.8-103.7 -56.0 129.8  -50.3   -8.4   21.8               
  616  616 A I        -     0   0  127     -2,-0.2     5,-0.1     1,-0.1    -3,-0.0  -0.494  44.8-113.7 -60.2 113.0  -47.4   -9.9   23.8               
  617  617 A D    >>  -     0   0  101     -2,-0.5     3,-2.1     1,-0.1     4,-1.0  -0.186  14.2-124.0 -51.6 134.9  -49.1  -10.5   27.2               
  618  618 A A  H 3> S+     0   0   78      1,-0.3     4,-1.6     2,-0.2    -1,-0.1   0.767 109.6  69.7 -54.7 -24.3  -47.7   -8.4   30.0               
  619  619 A L  H 3> S+     0   0  107      1,-0.2     4,-1.1     2,-0.2    -1,-0.3   0.766  96.0  50.5 -66.5 -27.2  -47.0  -11.7   31.8               
  620  620 A D  H <> S+     0   0   78     -3,-2.1     4,-1.0     2,-0.2    -1,-0.2   0.777 105.0  56.1 -85.9 -24.0  -44.2  -12.7   29.3               
  621  621 A V  H  X S+     0   0   77     -4,-1.0     4,-0.6     2,-0.2     3,-0.4   0.912 105.6  53.6 -66.6 -38.7  -42.5   -9.3   29.7               
  622  622 A A  H ><>S+     0   0   48     -4,-1.6     3,-1.0     1,-0.2     5,-0.8   0.892 104.1  54.6 -62.6 -38.8  -42.3  -10.1   33.5               
  623  623 A K  H 3<5S+     0   0  138     -4,-1.1     3,-0.5     1,-0.2    -1,-0.2   0.796 105.9  52.9 -66.3 -28.9  -40.6  -13.5   32.7               
  624  624 A L  H 3<5S+     0   0  113     -4,-1.0    -1,-0.2    -3,-0.4    -2,-0.2   0.589 106.6  54.1 -79.1 -12.7  -37.8  -11.7   30.8               
  625  625 A L  T <<5S-     0   0   86     -3,-1.0    -1,-0.2    -4,-0.6    -2,-0.2   0.418  95.4-135.5-104.2  -2.0  -37.1   -9.3   33.7               
  626  626 A C  T   5 +     0   0  120     -3,-0.5     2,-0.9    -4,-0.4    -3,-0.1   0.674  49.9 151.0  53.0  24.0  -36.5  -11.9   36.5               
  627  627 A V      < -     0   0  110     -5,-0.8    -1,-0.2     2,-0.0    -2,-0.1  -0.752  30.0-163.1 -87.5 103.7  -38.7   -9.9   39.0               
  628  628 A V        -     0   0  131     -2,-0.9    -5,-0.0    -3,-0.1     3,-0.0  -0.795  17.3-135.3 -80.1 118.9  -40.2  -12.4   41.5               
  629  629 A P        -     0   0   99      0, 0.0     2,-0.5     0, 0.0    -2,-0.0  -0.552  26.4-105.5 -72.3 140.8  -43.2  -10.6   43.2               
  630  630 A P        -     0   0  129      0, 0.0     2,-0.5     0, 0.0     0, 0.0  -0.520  31.4-133.6 -68.3 117.9  -43.3  -11.2   47.1               
  631  631 A R        -     0   0  249     -2,-0.5     2,-0.1     1,-0.0    -3,-0.0  -0.628  21.6-135.5 -69.3 121.7  -46.1  -13.6   47.9               
  632  632 A A        +     0   0  102     -2,-0.5    -1,-0.0     0, 0.0     0, 0.0  -0.456  46.3  91.9 -72.2 150.7  -48.1  -12.3   50.9               
  633  633 A G        +     0   0   71     -2,-0.1    -2,-0.0     1,-0.0     0, 0.0   0.657  36.2  56.3  93.0 122.2  -49.2  -14.5   53.8               
  634  634 A R        -     0   0  247      0, 0.0     2,-0.2     0, 0.0    -1,-0.0   0.468  30.2-163.9-152.2 153.3  -48.8  -15.8   56.7               
  635  635 A N        +     0   0  147      2,-0.0     2,-0.2     0, 0.0     0, 0.0  -0.484  16.4 160.7 -62.9 140.3  -48.2  -14.7   60.3               
  636  636 A F        -     0   0  217     -2,-0.2     2,-0.2     0, 0.0     0, 0.0  -0.778  29.9-137.7-152.5 138.0  -47.0  -16.8   63.1               
  637  637 A S        -     0   0  100     -2,-0.2    -2,-0.0     1,-0.2     0, 0.0  -0.606  31.0 -32.4 -97.7 146.6  -45.6  -15.1   66.2               
  638  638 A L        +     0   0  173     -2,-0.2     2,-0.3     1,-0.1    -1,-0.2   0.791  32.8 168.2  47.2 105.7  -42.9  -15.2   68.8               
  639  639 A G        -     0   0   80      0, 0.0     2,-0.3     0, 0.0    -1,-0.1  -0.875  38.5-124.0-147.5 109.3  -40.9  -18.1   70.5               
  640  640 A S        -     0   0  118     -2,-0.3     0, 0.0     2,-0.0     0, 0.0  -0.470  37.3 -41.3 -79.6 131.0  -37.9  -16.9   72.4               
  641  641 A K        -     0   0  203     -2,-0.3     2,-0.2     1,-0.0     0, 0.0   0.701  44.3-106.5  69.1 154.5  -34.1  -17.5   72.5               
  642  642 A P        +     0   0  114      0, 0.0    -1,-0.0     0, 0.0    -2,-0.0  -0.673  19.6 168.9-113.9 162.0  -31.3  -20.2   72.2               
  643  643 A R              0   0  244     -2,-0.2     0, 0.0     1,-0.2     0, 0.0   0.037 360.0 360.0 175.7 105.6  -28.5  -22.3   73.7               
  644  644 A N              0   0  238      0, 0.0    -1,-0.2     0, 0.0     0, 0.0  -0.311 360.0 360.0-159.8 360.0  -26.5  -25.0   72.8               
