==== Secondary Structure Definition by the program DSSP, CMBI version 2.0                          ==== DATE=2026-03-08        .
REFERENCE W. KABSCH AND C.SANDER, BIOPOLYMERS 22 (1983) 2577-2637                                                              .
HEADER                                            01-AUG-25                                                                    .
COMPND    MOL_ID: 1; MOLECULE: PROTEIN MONO-ADP-RIBOSYLTRANSFERASE PARP14; CHAIN                                               .
SOURCE    MOL_ID: 1; ORGANISM_SCIENTIFIC: HOMO SAPIENS; ORGANISM_TAXID: 9606                                                   .
AUTHOR                                                                                                                         .
 1801  1  0  0  0 TOTAL NUMBER OF RESIDUES, NUMBER OF CHAINS, NUMBER OF SS-BRIDGES(TOTAL,INTRACHAIN,INTERCHAIN)                .
107377.8   ACCESSIBLE SURFACE OF PROTEIN (ANGSTROM**2)                                                                         .
 1270 70.5   TOTAL NUMBER OF HYDROGEN BONDS OF TYPE O(I)-->H-N(J)  , SAME NUMBER PER 100 RESIDUES                              .
   70  3.9   TOTAL NUMBER OF HYDROGEN BONDS IN     PARALLEL BRIDGES, SAME NUMBER PER 100 RESIDUES                              .
  291 16.2   TOTAL NUMBER OF HYDROGEN BONDS IN ANTIPARALLEL BRIDGES, SAME NUMBER PER 100 RESIDUES                              .
    8  0.4   TOTAL NUMBER OF HYDROGEN BONDS OF TYPE O(I)-->H-N(I-5), SAME NUMBER PER 100 RESIDUES                              .
    5  0.3   TOTAL NUMBER OF HYDROGEN BONDS OF TYPE O(I)-->H-N(I-4), SAME NUMBER PER 100 RESIDUES                              .
   10  0.6   TOTAL NUMBER OF HYDROGEN BONDS OF TYPE O(I)-->H-N(I-3), SAME NUMBER PER 100 RESIDUES                              .
    1  0.1   TOTAL NUMBER OF HYDROGEN BONDS OF TYPE O(I)-->H-N(I-2), SAME NUMBER PER 100 RESIDUES                              .
    1  0.1   TOTAL NUMBER OF HYDROGEN BONDS OF TYPE O(I)-->H-N(I-1), SAME NUMBER PER 100 RESIDUES                              .
    0  0.0   TOTAL NUMBER OF HYDROGEN BONDS OF TYPE O(I)-->H-N(I+0), SAME NUMBER PER 100 RESIDUES                              .
    0  0.0   TOTAL NUMBER OF HYDROGEN BONDS OF TYPE O(I)-->H-N(I+1), SAME NUMBER PER 100 RESIDUES                              .
  163  9.1   TOTAL NUMBER OF HYDROGEN BONDS OF TYPE O(I)-->H-N(I+2), SAME NUMBER PER 100 RESIDUES                              .
  172  9.6   TOTAL NUMBER OF HYDROGEN BONDS OF TYPE O(I)-->H-N(I+3), SAME NUMBER PER 100 RESIDUES                              .
  523 29.0   TOTAL NUMBER OF HYDROGEN BONDS OF TYPE O(I)-->H-N(I+4), SAME NUMBER PER 100 RESIDUES                              .
   21  1.2   TOTAL NUMBER OF HYDROGEN BONDS OF TYPE O(I)-->H-N(I+5), SAME NUMBER PER 100 RESIDUES                              .
  1  2  3  4  5  6  7  8  9 10 11 12 13 14 15 16 17 18 19 20 21 22 23 24 25 26 27 28 29 30     *** HISTOGRAMS OF ***           .
  0  0  0  3  2  3  3  6  2  6  1  3  1  7  1  4  2  3  0  1  1  0  0  0  0  1  0  0  0  1    RESIDUES PER ALPHA HELIX         .
  0  3  1  1  4  4  0  0  0  0  0  0  0  0  0  0  0  0  0  0  0  0  0  0  0  0  0  0  0  0    PARALLEL BRIDGES PER LADDER      .
  3  3  3 11 11  9  8  1  0  0  0  0  0  0  0  0  0  0  0  0  0  0  0  0  0  0  0  0  0  0    ANTIPARALLEL BRIDGES PER LADDER  .
  4  8  3  0  1  2  0  2  0  0  0  0  0  0  0  0  0  0  0  0  0  0  0  0  0  0  0  0  0  0    LADDERS PER SHEET                .
  #  RESIDUE AA STRUCTURE BP1 BP2  ACC     N-H-->O    O-->H-N    N-H-->O    O-->H-N    TCO  KAPPA ALPHA  PHI   PSI    X-CA   Y-CA   Z-CA            CHAIN
    1    1 A M              0   0  249      0, 0.0     2,-0.3     0, 0.0     0, 0.0   0.000 360.0 360.0 360.0 125.0   53.5   26.2   13.4               
    2    2 A A        -     0   0   91      1,-0.0     0, 0.0     4,-0.0     0, 0.0  -0.667 360.0-116.2 -86.3 151.1   56.2   26.0   10.8               
    3    3 A V    >   -     0   0  101     -2,-0.3     3,-1.0     1,-0.0     2,-0.1  -0.786  33.1-117.7 -84.1 125.8   57.3   22.6    9.3               
    4    4 A P  T 3  S+     0   0  125      0, 0.0     3,-0.1     0, 0.0    -1,-0.0  -0.440  94.1  36.3 -61.2 135.6   61.0   21.8   10.2               
    5    5 A G  T 3  S+     0   0   45      1,-0.2     2,-0.6    -2,-0.1    56,-0.0   0.425  77.4 121.6 102.1   3.8   63.2   21.5    7.1               
    6    6 A S    <   -     0   0   42     -3,-1.0    -1,-0.2    54,-0.0    53,-0.2  -0.887  50.0-149.2 -99.8 122.4   61.8   24.1    4.6               
    7    7 A F  E     -A   58   0A  57     51,-2.8    51,-2.6    -2,-0.6     2,-0.1  -0.766  16.5-140.8 -95.7 112.3   64.4   26.8    3.5               
    8    8 A P  E     -A   57   0A  44      0, 0.0     2,-0.3     0, 0.0    49,-0.2  -0.426  19.3-176.9 -83.2 150.6   62.8   30.2    2.8               
    9    9 A L  E     -A   56   0A   0     47,-1.7    47,-3.1    80,-0.1     2,-0.3  -0.983  22.1-133.8-143.0 122.7   63.7   32.7    0.0               
   10   10 A L  E     -AB  55  88A  12     78,-2.8    78,-2.3    -2,-0.3     2,-0.4  -0.669  23.4-163.0 -81.8 134.4   62.1   36.2   -0.4               
   11   11 A V  E     +AB  54  87A   0     43,-3.1    43,-2.3    -2,-0.3     2,-0.3  -0.975  13.1 174.3-127.1 130.8   60.9   37.2   -3.9               
   12   12 A E  E     + B   0  86A  52     74,-2.2    74,-2.3    -2,-0.4     2,-0.3  -0.796  11.5 168.6-121.4 165.9   60.0   40.5   -5.4               
   13   13 A G  E >   - B   0  85A  25     39,-0.3     2,-1.5    -2,-0.3     3,-0.6  -0.996  47.3 -78.3-174.8 174.9   59.2   41.5   -9.0               
   14   14 A S  T 3  S+     0   0   74     70,-1.5    71,-0.1    -2,-0.3    68,-0.1  -0.158  87.3 102.8 -81.7  40.8   57.9   43.9  -11.6               
   15   15 A W  T 3  S-     0   0   24     -2,-1.5     3,-0.3     1,-0.3    -1,-0.2   0.550  72.6-137.3-101.7 -10.0   54.1   43.4  -10.9               
   16   16 A G    <   -     0   0   40     -3,-0.6    -1,-0.3     1,-0.2    -3,-0.1  -0.408  50.2 -41.0  81.6-164.0   53.3   46.6   -8.9               
   17   17 A P  S    S+     0   0  104      0, 0.0    -1,-0.2     0, 0.0    -2,-0.0   0.846 131.3  53.7 -71.2 -32.4   51.1   46.9   -5.7               
   18   18 A D  S    S-     0   0  141     -3,-0.3    34,-0.1    34,-0.1     3,-0.1  -0.785  78.2-157.6-106.7  86.4   48.4   44.5   -7.0               
   19   19 A P        -     0   0   25      0, 0.0     4,-0.1     0, 0.0    -3,-0.1  -0.393  37.0 -91.0 -60.9 139.2   50.0   41.1   -8.0               
   20   20 A P    >   -     0   0   34      0, 0.0     3,-2.8     0, 0.0     4,-0.3  -0.225  37.6-110.3 -56.4 139.8   47.8   39.2  -10.5               
   21   21 A K  T 3  S+     0   0  214      1,-0.3     3,-0.1     2,-0.1     0, 0.0   0.520 116.9  40.8 -50.6 -15.3   45.3   36.7   -8.8               
   22   22 A N  T 3> S+     0   0   80      2,-0.1     4,-1.4     1,-0.1    -1,-0.3   0.105  79.6 110.1-116.8  15.4   47.3   33.6  -10.2               
   23   23 A L  H <> S+     0   0    2     -3,-2.8     4,-2.8     2,-0.2     5,-0.3   0.904  71.7  61.2 -64.1 -39.6   50.9   34.9   -9.6               
   24   24 A N  H  > S+     0   0   53     -4,-0.3     4,-2.9     1,-0.2    -1,-0.2   0.926 106.3  46.9 -48.8 -50.6   51.6   32.4   -6.7               
   25   25 A T  H  > S+     0   0   78      1,-0.2     4,-2.6     2,-0.2    -1,-0.2   0.856 113.0  49.2 -62.7 -36.7   51.1   29.5   -9.2               
   26   26 A K  H  X S+     0   0   71     -4,-1.4     4,-0.8     2,-0.2    -2,-0.2   0.885 112.7  46.5 -74.2 -37.0   53.3   31.1  -11.8               
   27   27 A L  H >X S+     0   0    0     -4,-2.8     4,-2.8     2,-0.2     3,-0.7   0.939 113.8  49.8 -64.1 -46.1   56.1   31.8   -9.3               
   28   28 A Q  H 3X S+     0   0   58     -4,-2.9     4,-2.8     1,-0.3    -2,-0.2   0.954 109.9  49.1 -60.9 -49.0   55.7   28.1   -8.0               
   29   29 A M  H 3< S+     0   0  104     -4,-2.6    -1,-0.3     1,-0.2    -2,-0.2   0.702 114.5  48.4 -59.9 -23.8   55.9   26.7  -11.6               
   30   30 A Y  H X< S+     0   0    5     -4,-0.8     3,-1.2    -3,-0.7     7,-0.3   0.917 114.5  41.6 -81.7 -48.6   59.1   28.9  -12.1               
   31   31 A F  H 3< S+     0   0    0     -4,-2.8    -2,-0.2     1,-0.3    -3,-0.2   0.819 110.7  58.8 -72.6 -25.1   60.9   27.9   -8.9               
   32   32 A Q  T 3< S+     0   0   88     -4,-2.8    -1,-0.3    -5,-0.3    -3,-0.1   0.452  91.2  85.5 -73.3  -4.5   59.8   24.2   -9.4               
   33   33 A S    X>> -     0   0   30     -3,-1.2     4,-2.2    -5,-0.2     3,-1.8  -0.813  59.5-166.4-111.1 100.1   61.6   24.1  -12.8               
   34   34 A P  H 3>5S+     0   0   90      0, 0.0     4,-1.4     0, 0.0    -1,-0.2   0.855  91.1  52.8 -51.5 -42.7   65.5   23.3  -12.6               
   35   35 A K  H 345S+     0   0  192      1,-0.2    -2,-0.0     2,-0.1     0, 0.0   0.776 118.1  35.9 -62.4 -29.3   66.0   24.5  -16.3               
   36   36 A R  H <45S+     0   0   94     -3,-1.8    38,-0.3    -6,-0.2    -1,-0.2   0.827 137.5   7.3 -99.1 -37.8   64.3   28.0  -15.6               
   37   37 A S  H  <5S-     0   0    0     -4,-2.2    33,-0.2    -7,-0.3    -2,-0.1   0.533  89.5-114.1-122.3 -15.5   65.3   29.0  -12.0               
   38   38 A G  S  <<S+     0   0   18     -4,-1.4    29,-0.2    -5,-0.7    28,-0.2   0.235  83.1 117.5  81.8  -7.6   67.9   26.4  -10.8               
   39   39 A G        +     0   0    2     -6,-0.4    -1,-0.2    -9,-0.3     2,-0.2   0.097  39.9 176.8 -84.5-168.3   65.1   25.4   -8.2               
   40   40 A G        +     0   0   14     -7,-0.2    -7,-0.1    -9,-0.2    -1,-0.1  -0.659  55.7  18.1-168.1-146.2   63.1   22.2   -7.5               
   41   41 A E  S    S+     0   0  146     -2,-0.2    18,-2.5    -9,-0.1     2,-0.3  -0.226  78.7 143.6 -58.0 114.6   60.5   21.1   -4.9               
   42   42 A C  E     -C   58   0A  10     16,-0.2     2,-0.3    17,-0.1    16,-0.2  -0.998  44.1-138.5-151.4 153.7   59.0   24.3   -3.3               
   43   43 A E  E     -C   57   0A  86     14,-2.3    14,-2.9    -2,-0.3     2,-0.4  -0.848  19.9-149.3-105.9 147.1   55.9   26.0   -1.9               
   44   44 A V  E     +C   56   0A  12     -2,-0.3     2,-0.3    12,-0.2    12,-0.2  -0.986  19.0 172.4-122.9 126.6   55.1   29.7   -2.6               
   45   45 A R  E     -C   55   0A 117     10,-2.8    10,-2.8    -2,-0.4     2,-0.2  -0.870  36.8-107.8-120.5 156.2   53.3   32.0   -0.1               
   46   46 A Q  E     -C   54   0A  89     -2,-0.3     8,-0.3     8,-0.3     6,-0.1  -0.626  43.0-107.2 -75.3 141.7   52.5   35.7   -0.0               
   47   47 A D  E >   -C   50   0A   4      6,-2.5     3,-2.0     3,-0.5     6,-0.3  -0.661  20.5-145.6 -70.8 119.6   54.6   37.6    2.6               
   48   48 A P  T 3  S+     0   0  125      0, 0.0    -1,-0.1     0, 0.0     6,-0.0   0.684  98.9  60.3 -61.2 -14.8   52.2   38.5    5.4               
   49   49 A R  T 3  S+     0   0  151      1,-0.3    -2,-0.0     2,-0.0    -3,-0.0   0.527 119.5  15.7 -88.9 -11.1   54.3   41.8    5.8               
   50   50 A S  E X   - C   0  47A  26     -3,-2.0     3,-2.0     3,-0.2    -3,-0.5  -0.742  58.5-147.5-161.5 125.2   53.7   43.0    2.2               
   51   51 A P  E 3  S+     0   0A  85      0, 0.0    -1,-0.1     0, 0.0    -2,-0.0   0.701 103.5  57.3 -64.0 -18.1   51.0   42.0   -0.4               
   52   52 A S  E 3  S+     0   0A  41    -34,-0.1   -39,-0.3    -6,-0.1     2,-0.3   0.508  98.5  77.4 -87.2  -5.5   53.6   42.7   -3.2               
   53   53 A R  E <   -     0   0A  94     -3,-2.0    -6,-2.5    -6,-0.3     2,-0.3  -0.752  61.5-159.7-106.9 152.3   56.2   40.2   -1.7               
   54   54 A F  E     -AC  11  46A   3    -43,-2.3   -43,-3.1    -8,-0.3     2,-0.5  -0.980   9.5-145.8-132.5 143.6   56.4   36.4   -1.9               
   55   55 A L  E     -AC  10  45A  19    -10,-2.8   -10,-2.8    -2,-0.3     2,-0.5  -0.948  11.7-159.9-108.6 120.7   58.2   33.7    0.3               
   56   56 A V  E     -AC   9  44A   1    -47,-3.1   -47,-1.7    -2,-0.5     2,-0.7  -0.910   4.7-159.0-100.7 120.6   59.4   30.6   -1.6               
   57   57 A F  E     -AC   8  43A  38    -14,-2.9   -14,-2.3    -2,-0.5     2,-0.3  -0.904   7.4-161.6-104.1 106.7   60.0   27.6    0.8               
   58   58 A F  E     -AC   7  42A   0    -51,-2.6   -51,-2.8    -2,-0.7   -16,-0.2  -0.700  16.2-146.4 -85.2 141.6   62.4   25.0   -0.8               
   59   59 A Y  S    S+     0   0  158    -18,-2.5     2,-0.4    -2,-0.3    -1,-0.1   0.907  87.5  49.2 -73.4 -40.4   62.5   21.5    0.6               
   60   60 A P  S  > S-     0   0   43      0, 0.0     4,-1.6     0, 0.0     3,-0.2  -0.820  72.1-146.5-101.0 140.1   66.3   21.1   -0.1               
   61   61 A E  H  > S+     0   0   91     -2,-0.4     4,-2.4     1,-0.2     5,-0.1   0.897 101.0  57.0 -69.7 -37.5   68.9   23.7    1.0               
   62   62 A D  H  > S+     0   0   87      1,-0.2     4,-2.6     2,-0.2    -1,-0.2   0.821 105.5  53.2 -61.9 -30.2   71.2   23.0   -2.1               
   63   63 A V  H  > S+     0   0   17      2,-0.2     4,-0.8    -3,-0.2    -1,-0.2   0.897 107.5  49.3 -74.5 -38.3   68.1   23.9   -4.2               
   64   64 A R  H >X S+     0   0   34     -4,-1.6     4,-1.9     2,-0.2     3,-0.5   0.922 113.3  49.5 -58.0 -43.3   67.6   27.2   -2.4               
   65   65 A Q  H 3X S+     0   0   81     -4,-2.4     4,-2.2     1,-0.2    -2,-0.2   0.944 104.9  54.6 -66.5 -46.2   71.4   27.8   -3.0               
   66   66 A K  H 3< S+     0   0   93     -4,-2.6    -1,-0.2     1,-0.2    -2,-0.2   0.679 110.0  50.3 -60.0 -20.9   71.2   27.0   -6.8               
   67   67 A V  H X< S+     0   0    0     -4,-0.8     3,-1.0    -3,-0.5    -1,-0.2   0.883 109.2  49.1 -81.2 -43.6   68.4   29.6   -7.0               
   68   68 A L  H 3< S+     0   0   53     -4,-1.9    -2,-0.2     1,-0.2    -3,-0.1   0.835 106.8  57.1 -64.0 -33.4   70.5   32.3   -5.2               
   69   69 A E  T 3< S+     0   0  128     -4,-2.2     2,-1.3    -5,-0.1    -1,-0.2   0.655  83.4  97.0 -69.8 -16.6   73.6   31.6   -7.5               
   70   70 A R    <   -     0   0   91     -3,-1.0    -1,-0.1    -5,-0.2    -4,-0.0  -0.587  61.3-161.2 -87.7  94.2   71.5   32.4  -10.7               
   71   71 A K  S    S+     0   0  205     -2,-1.3     2,-0.4     1,-0.1    -1,-0.2   0.596  73.2  45.7 -46.6 -26.9   72.3   36.1  -11.6               
   72   72 A N        -     0   0  128     14,-0.0     2,-0.4     2,-0.0    -1,-0.1  -0.987  59.1-179.2-129.5 127.5   69.1   36.5  -13.8               
   73   73 A H        +     0   0    8     12,-0.5    12,-2.3    -2,-0.4     2,-0.4  -0.984   7.6 175.7-125.5 125.8   65.4   35.5  -13.1               
   74   74 A E  E     -D   84   0B  94     -2,-0.4     2,-1.0   -38,-0.3    10,-0.2  -0.965  17.9-157.6-137.6 118.2   62.6   36.1  -15.6               
   75   75 A L  E     -D   83   0B   2      8,-3.0     8,-2.3    -2,-0.4     2,-0.4  -0.755  11.8-164.7 -97.7  91.8   59.0   35.0  -15.4               
   76   76 A V  E     -D   82   0B  87     -2,-1.0     2,-0.4     6,-0.3     6,-0.2  -0.662   8.9-176.8 -71.4 125.1   57.5   34.9  -19.0               
   77   77 A W  E >>  -D   81   0B  36      4,-3.0     3,-2.5    -2,-0.4     4,-2.0  -0.952  26.6-126.0-129.3 109.8   53.6   34.8  -18.7               
   78   78 A Q  T 34 S+     0   0  188     -2,-0.4     4,-0.0     1,-0.3    -2,-0.0  -0.302  98.7  11.9 -52.1 126.7   51.6   34.5  -22.0               
   79   79 A G  T 34 S+     0   0   85      1,-0.1    -1,-0.3    -2,-0.0     0, 0.0   0.458 128.8  59.0  76.8   3.4   49.0   37.4  -22.1               
   80   80 A K  T <4 S-     0   0  130     -3,-2.5     2,-0.2     1,-0.2    -2,-0.2   0.514  97.4-126.4-134.0 -14.4   50.7   39.2  -19.2               
   81   81 A G  E  <  -D   77   0B  40     -4,-2.0    -4,-3.0     2,-0.0     2,-0.5  -0.643  39.6 -46.8 105.0-160.7   54.4   39.9  -20.3               
   82   82 A T  E     -D   76   0B  82     -6,-0.2     2,-0.5    -2,-0.2    -6,-0.3  -0.973  47.5-159.0-118.9 117.3   57.8   39.2  -18.8               
   83   83 A F  E     -D   75   0B  22     -8,-2.3    -8,-3.0    -2,-0.5     2,-0.3  -0.846  11.0-141.0 -95.8 124.3   58.5   40.0  -15.1               
   84   84 A K  E     -D   74   0B 142     -2,-0.5   -70,-1.5   -10,-0.2     2,-0.4  -0.679  24.5-149.7 -71.7 138.1   62.0   40.4  -13.8               
   85   85 A L  E     -B   13   0A  15    -12,-2.3   -12,-0.5    -2,-0.3     2,-0.4  -0.912   9.8-151.8-114.0 142.8   62.4   38.8  -10.3               
   86   86 A T  E     -B   12   0A  78    -74,-2.3   -74,-2.2    -2,-0.4     2,-0.4  -0.901  14.2-162.1-109.3 140.5   64.6   39.8   -7.3               
   87   87 A V  E     +B   11   0A  32     -2,-0.4     2,-0.3   -76,-0.2   -76,-0.2  -0.992  20.5 147.6-131.7 126.5   65.7   37.0   -4.9               
   88   88 A Q  E     -B   10   0A  76    -78,-2.3   -78,-2.8    -2,-0.4    -2,-0.0  -0.963  45.5 -92.6-152.7 163.6   67.1   37.4   -1.3               
   89   89 A L        -     0   0  101     -2,-0.3     2,-0.2   -80,-0.2   -80,-0.1  -0.593  44.6-110.6 -80.3 145.3   67.2   35.8    2.2               
   90   90 A P        -     0   0   39      0, 0.0     2,-0.2     0, 0.0    -1,-0.1  -0.557  31.5-116.4 -72.0 140.5   64.5   36.9    4.9               
   91   91 A A        -     0   0   81     -2,-0.2     0, 0.0     1,-0.1     0, 0.0  -0.513  28.2-117.4 -73.9 143.6   65.7   38.9    7.9               
   92   92 A T        -     0   0  137     -2,-0.2     2,-0.6     1,-0.0    -1,-0.1  -0.714  25.1-156.6 -83.5 124.6   65.5   37.4   11.4               
   93   93 A P        +     0   0  106      0, 0.0     2,-0.2     0, 0.0    -2,-0.0  -0.922  23.4 163.1-109.5 107.9   63.2   39.0   14.1               
   94   94 A D        +     0   0  153     -2,-0.6     0, 0.0     0, 0.0     0, 0.0  -0.446  51.2  70.5 -72.6 179.2   63.6   38.6   17.7               
   95   95 A E        +     0   0  187     -2,-0.2     0, 0.0     0, 0.0     0, 0.0   0.455  54.6  70.2  81.3 146.9   61.6   41.5   19.4               
   96   96 A I        +     0   0  171      1,-0.1     2,-0.2     0, 0.0     0, 0.0   0.892  39.6 149.6  80.9 110.3   57.9   42.5   20.1               
   97   97 A D        +     0   0  133      1,-0.0    -1,-0.1     0, 0.0     0, 0.0  -0.848  30.1  38.4-140.6 171.6   55.3   40.9   22.4               
   98   98 A H        +     0   0  156     -2,-0.2    -1,-0.0     2,-0.0     0, 0.0   0.562  41.5 101.0  75.6 157.8   52.2   42.0   24.6               
   99   99 A V        +     0   0  100      0, 0.0     0, 0.0     0, 0.0     0, 0.0   0.982  32.5  85.3  81.9 101.6   49.0   44.1   25.1               
  100  100 A F        +     0   0  192      0, 0.0     2,-0.3     0, 0.0    -2,-0.0   0.077  45.6 153.3-166.1 111.9   45.6   44.4   25.0               
  101  101 A E        -     0   0  152      1,-0.1     2,-0.0     0, 0.0     0, 0.0  -0.964  25.7 -78.5-145.5 148.0   43.5   43.4   28.1               
  102  102 A E        -     0   0  157     -2,-0.3     2,-0.1     1,-0.1    -1,-0.1   0.617  12.9-140.7-145.4-137.2   40.7   44.0   29.7               
  103  103 A E        -     0   0  183     -2,-0.0     2,-0.2     0, 0.0    -1,-0.1  -0.313  18.1-158.2 162.1 160.1   38.0   45.6   32.0               
  104  104 A L        -     0   0  133      1,-0.1     0, 0.0    -2,-0.1     0, 0.0  -0.587  16.7  -5.8-122.6 165.6   35.1   45.0   34.5               
  105  105 A L        +     0   0  153     -2,-0.2    -1,-0.1     1,-0.0     2,-0.1   0.920  17.7 167.1  57.1 127.9   32.0   45.7   36.6               
  106  106 A T        -     0   0  120      1,-0.2    -1,-0.0     2,-0.0     0, 0.0  -0.379  28.6  -2.6-173.5 145.5   29.2   47.7   37.8               
  107  107 A K        +     0   0  190     -2,-0.1    -1,-0.2     1,-0.0     2,-0.0   0.656  40.3  81.2  67.0 146.8   25.8   47.5   39.7               
  108  108 A E        +     0   0  192      1,-0.0     2,-0.3     0, 0.0    -1,-0.0   0.473  32.5 136.8-129.1-178.6   23.2   46.7   41.3               
  109  109 A S        +     0   0  100      1,-0.1    -1,-0.0    -2,-0.0     0, 0.0  -0.933  17.4  92.8-161.7 149.4   22.2   45.9   45.0               
  110  110 A K        -     0   0  185     -2,-0.3    -1,-0.1     0, 0.0     0, 0.0   0.436  26.4 -16.3 127.6 132.6   19.7   46.3   48.0               
  111  111 A T        +     0   0  113      0, 0.0    -2,-0.0     0, 0.0     0, 0.0   0.995  22.3  49.5  84.1 125.8   16.9   45.9   50.4               
  112  112 A K        -     0   0  150      0, 0.0     0, 0.0     0, 0.0     0, 0.0   0.874  15.3-110.0  86.2 116.6   13.8   45.0   52.4               
  113  113 A E        +     0   0  137      0, 0.0     0, 0.0     0, 0.0     0, 0.0   0.926  18.2 143.9  86.1 145.1   11.1   43.5   54.1               
  114  114 A D        +     0   0  133      0, 0.0     2,-0.0     0, 0.0     0, 0.0   0.880  26.3 102.4-169.9 174.4    8.4   42.1   55.7               
  115  115 A V        +     0   0  111      0, 0.0     0, 0.0     0, 0.0     0, 0.0   0.595  11.3 157.2 176.6 169.7    6.9   39.6   57.6               
  116  116 A K        -     0   0  155     -2,-0.0     0, 0.0     0, 0.0     0, 0.0   0.949  22.4 -36.6  84.9 118.9    5.3   37.5   60.6               
  117  117 A E        -     0   0  156      1,-0.0     2,-0.1     0, 0.0     0, 0.0   0.794  20.8-165.7  80.5 158.9    3.2   34.9   62.5               
  118  118 A P        +     0   0  117      0, 0.0    -1,-0.0     0, 0.0     0, 0.0  -0.461   5.0 153.8-143.5-173.6    0.1   32.4   63.5               
  119  119 A D        +     0   0  163     -2,-0.1     0, 0.0     1,-0.0     0, 0.0   0.524   4.8  56.8 116.8 145.5   -2.7   29.8   65.5               
  120  120 A V        -     0   0  151      0, 0.0    -1,-0.0     0, 0.0     0, 0.0   0.739   9.0  -1.6  96.8 147.1   -6.1   27.3   67.2               
  121  121 A S        +     0   0  107      0, 0.0     0, 0.0     0, 0.0     0, 0.0   0.925   9.6  10.2  80.5 150.0   -9.7   24.7   68.6               
  122  122 A E        +     0   0  178      1,-0.1     0, 0.0     0, 0.0     0, 0.0   0.946   5.5 155.1  71.7 152.1  -13.2   22.0   69.8               
  123  123 A E        +     0   0  201      0, 0.0    -1,-0.1     0, 0.0     0, 0.0  -0.984  10.6 165.9-168.3 173.9  -16.7   19.0   70.2               
  124  124 A L        -     0   0  194      1,-0.0     0, 0.0     0, 0.0     0, 0.0  -0.500   5.3 -37.9 146.9 174.0  -19.9   16.1   72.1               
  125  125 A D        -     0   0  137      1,-0.1    -1,-0.0     0, 0.0     0, 0.0   0.981   2.1-177.5-168.5-174.6  -23.2   13.3   73.3               
  126  126 A T        +     0   0  120      0, 0.0    -1,-0.1     0, 0.0     0, 0.0  -0.706  10.2 178.5-156.1-168.3  -27.0   10.8   74.3               
  127  127 A K        -     0   0  165      0, 0.0     0, 0.0     0, 0.0     0, 0.0  -0.692   5.0-145.5 152.2 178.3  -29.5    7.4   76.2               
  128  128 A L        -     0   0  189      0, 0.0     0, 0.0     0, 0.0     0, 0.0  -0.789   2.1-143.3-155.1-178.8  -33.2    4.7   77.5               
  129  129 A P        +     0   0  128      0, 0.0     0, 0.0     0, 0.0     0, 0.0  -0.737   7.5 175.8-148.0-179.7  -36.1    1.8   79.9               
  130  130 A L        +     0   0  175      1,-0.1     0, 0.0     0, 0.0     0, 0.0  -0.943   6.9  35.0-176.4-175.2  -39.2   -1.6   81.0               
  131  131 A D        +     0   0  162      1,-0.1    -1,-0.1     0, 0.0     0, 0.0   0.966   6.5 173.9-171.0-176.4  -42.1   -4.7   82.9               
  132  132 A G        +     0   0   82      0, 0.0    -1,-0.1     0, 0.0     0, 0.0  -0.957   2.4 177.0-170.0-177.9  -45.2   -7.2   85.4               
  133  133 A G        -     0   0   77    203,-0.0   287,-0.0   287,-0.0   203,-0.0  -0.968   2.2-175.2 173.4 174.8  -48.1  -10.7   86.9               
  134  134 A L        -     0   0  100    203,-0.0   202,-0.2   204,-0.0   201,-0.1  -0.653   1.8-171.5-162.8-154.4  -51.3  -13.1   89.6               
  135  135 A D        -     0   0   77    200,-2.3   202,-0.1   199,-0.2   203,-0.0  -0.819   4.4-167.4 163.8 163.0  -54.1  -16.5   91.2               
  136  136 A K        -     0   0   47    223,-0.1   199,-0.0   205,-0.0   223,-0.0  -0.921   3.1-137.9-172.4-159.5  -57.4  -18.7   93.9               
  137  137 A M        -     0   0  149    221,-0.0   220,-1.2   222,-0.0     0, 0.0  -0.887   6.0-141.2-160.3 176.2  -60.2  -21.9   96.0               
  138  138 A E        +     0   0  127    218,-0.2   219,-0.0   220,-0.1   217,-0.0  -0.447  10.2  83.9-139.1-172.2  -63.9  -24.2   97.9               
  139  139 A D        -     0   0  116    217,-0.0     0, 0.0     0, 0.0     0, 0.0   0.301  11.6-125.0-159.3-140.7  -67.0  -26.7  100.3               
  140  140 A I        -     0   0  126    227,-0.0   227,-0.0     0, 0.0     0, 0.0  -0.716   4.0-140.6-148.0-177.0  -70.3  -28.6  103.2               
  141  141 A P        -     0   0  136      0, 0.0     0, 0.0     0, 0.0     0, 0.0  -0.744   5.7-156.9-147.3-173.4  -72.7  -31.3  106.1               
  142  142 A E        -     0   0  211      0, 0.0     0, 0.0     0, 0.0     0, 0.0  -0.716   3.6-176.6-157.6-167.2  -76.3  -33.5  108.0               
  143  143 A E        +     0   0  152    172,-0.0   172,-0.1     0, 0.0     0, 0.0  -0.851   6.5 158.8 166.0 162.8  -78.9  -35.5  111.2               
  144  144 A C        +     0   0  104      1,-0.1   168,-0.1   170,-0.1   169,-0.1  -0.992  10.4  70.7-174.3 171.4  -82.5  -37.8  113.0               
  145  145 A E        +     0   0   86      1,-0.1   168,-0.2   167,-0.1     2,-0.2   0.884  29.0  82.1  95.9 132.9  -85.4  -40.3  115.5               
  146  146 A N        -     0   0   53    165,-0.4   164,-0.2   164,-0.2     2,-0.1  -0.943  23.1-125.0 156.0 178.3  -88.0  -41.0  119.1               
  147  147 A I        -     0   0   91     -2,-0.2     2,-0.2   151,-0.1    47,-0.1  -0.750  17.6 -88.4-161.0-154.4  -91.2  -41.2  122.1               
  148  148 A S        +     0   0   40     -2,-0.1    46,-0.1   160,-0.1    34,-0.0  -0.926  33.8 144.9-148.8 151.3  -93.1  -40.9  126.0               
  149  149 A S        -     0   0   47     -2,-0.2    46,-3.0    32,-0.1     2,-0.2  -0.319  66.1-117.1-176.9  97.0  -94.8  -41.4  130.0               
  150  150 A L  E     +E  194   0C  22     44,-0.2    74,-1.8    75,-0.1     2,-0.4  -0.400  59.5 140.2-122.7 139.7  -94.5  -38.0  131.5               
  151  151 A V  E     -EF 193 223C   0     42,-1.8    42,-2.8    72,-0.2     2,-0.3  -0.996  37.5-145.7-126.7 123.7  -93.3  -35.4  134.0               
  152  152 A A  E     -EF 192 222C   0     70,-2.3    70,-2.8    -2,-0.4     2,-0.5  -0.679   6.5-158.3 -92.9 144.5  -92.5  -31.8  132.7               
  153  153 A F  E     -EF 191 221C   0     38,-3.2    38,-1.9    -2,-0.3     3,-0.2  -0.941  17.9-166.1-122.8 100.0  -89.7  -29.5  134.0               
  154  154 A E  E     +EF 190 220C  62     66,-2.3    66,-2.2    -2,-0.5    36,-0.2  -0.443  61.6  48.2 -87.9 166.1  -90.3  -25.9  133.1               
  155  155 A N        -     0   0   88     34,-0.9     2,-1.7    33,-0.2    35,-0.2   0.834  67.7-177.9  68.3  41.1  -87.9  -22.9  133.3               
  156  156 A L        -     0   0    4     33,-2.6    -1,-0.2    -3,-0.2    33,-0.1  -0.461  10.5-159.8 -72.8  83.7  -85.1  -24.8  131.5               
  157  157 A K    >   -     0   0   87     -2,-1.7     3,-2.8    60,-0.3    62,-0.0  -0.280  31.4-106.0 -62.7 152.2  -82.2  -22.2  131.5               
  158  158 A A  T 3  S+     0   0   92      1,-0.3    -1,-0.1    28,-0.1    -2,-0.1   0.568 119.2  59.4 -56.0 -14.4  -79.3  -22.5  129.0               
  159  159 A N  T 3  S+     0   0  108     58,-0.1     2,-0.6     2,-0.1    -1,-0.3   0.377  80.1  98.8 -96.4  -1.4  -77.0  -23.7  131.9               
  160  160 A V    <   -     0   0    2     -3,-2.8     2,-0.2    57,-0.1     3,-0.0  -0.818  64.3-157.6 -84.5 117.8  -79.2  -26.8  132.8               
  161  161 A T     >  -     0   0   54     -2,-0.6     4,-1.7     1,-0.1     5,-0.1  -0.579  29.2-118.3 -92.1 160.0  -77.6  -29.9  131.1               
  162  162 A D  H  > S+     0   0   91      2,-0.2     4,-2.9    -2,-0.2     3,-0.3   0.932 119.2  53.0 -51.8 -49.3  -79.0  -33.2  130.0               
  163  163 A I  H  > S+     0   0  107      1,-0.2     4,-2.4     2,-0.2     5,-0.2   0.889 107.7  51.0 -58.9 -41.9  -76.6  -34.9  132.5               
  164  164 A M  H  > S+     0   0   70      2,-0.2     4,-1.0     1,-0.2    -1,-0.2   0.840 113.0  45.7 -66.8 -33.4  -77.9  -32.6  135.3               
  165  165 A L  H  X S+     0   0    0     -4,-1.7     4,-2.3    -3,-0.3    -2,-0.2   0.930 113.2  48.6 -72.7 -46.5  -81.5  -33.6  134.5               
  166  166 A I  H  X S+     0   0   45     -4,-2.9     4,-2.7     1,-0.2     3,-0.3   0.969 113.9  46.0 -57.4 -54.5  -80.7  -37.4  134.2               
  167  167 A L  H  X S+     0   0   85     -4,-2.4     4,-2.2     1,-0.2    -1,-0.2   0.814 111.7  53.3 -58.7 -33.7  -78.8  -37.3  137.6               
  168  168 A L  H  X S+     0   0   11     -4,-1.0     4,-1.0    -5,-0.2    -1,-0.2   0.886 110.9  45.6 -71.5 -37.1  -81.7  -35.3  139.1               
  169  169 A V  H  X S+     0   0    0     -4,-2.3     4,-2.9    -3,-0.3     3,-0.5   0.944 113.9  49.2 -68.0 -47.2  -84.3  -37.9  138.0               
  170  170 A E  H  X S+     0   0   60     -4,-2.7     4,-2.1     1,-0.2     5,-0.3   0.949 111.8  48.4 -56.7 -50.5  -82.1  -40.8  139.2               
  171  171 A N  H  < S+     0   0  125     -4,-2.2    -1,-0.2     1,-0.2    -2,-0.2   0.730 120.5  36.5 -64.3 -26.7  -81.5  -39.3  142.7               
  172  172 A I  H  < S+     0   0   24     -4,-1.0    -1,-0.2    -3,-0.5    -2,-0.2   0.794 122.6  40.5 -97.0 -35.4  -85.3  -38.5  143.2               
  173  173 A S  H  < S-     0   0   20     -4,-2.9    -2,-0.2     2,-0.2    -3,-0.2   0.749  91.4-134.7 -82.7 -27.6  -86.9  -41.6  141.6               
  174  174 A G     <  +     0   0   73     -4,-2.1     2,-0.3    -5,-0.3    -4,-0.1   0.639  68.9 121.6  68.7  15.4  -84.5  -44.3  142.8               
  175  175 A L        -     0   0   27     -6,-0.4    -1,-0.3    -5,-0.3     2,-0.2  -0.751  64.0-118.0-101.3 154.3  -84.6  -45.6  139.2               
  176  176 A S    >   -     0   0   50     -2,-0.3     3,-2.7    -3,-0.1     4,-0.3  -0.555  33.2-103.2 -81.7 159.0  -81.6  -46.0  136.8               
  177  177 A N  G >  S+     0   0   71      1,-0.3     3,-0.6    -2,-0.2    -1,-0.1   0.692 121.9  66.8 -52.3 -19.7  -81.3  -44.1  133.5               
  178  178 A D  G 3  S+     0   0  135      1,-0.2    -1,-0.3     3,-0.0     3,-0.0   0.585  95.6  56.7 -73.7 -13.0  -82.4  -47.5  131.8               
  179  179 A D  G <  S+     0   0   22     -3,-2.7    18,-2.0    17,-0.1    17,-1.0   0.430 115.2  20.9-100.4  -5.6  -85.9  -47.1  133.5               
  180  180 A F  E <   -G  195   0C   4     -3,-0.6     2,-0.3    -4,-0.3    15,-0.2  -0.936  62.9-138.2-150.9 171.2  -86.8  -43.6  132.0               
  181  181 A Q  E     -G  194   0C  56     13,-1.8    13,-2.3    -2,-0.3     2,-0.4  -0.939  10.4-144.5-132.2 162.3  -86.0  -41.1  129.1               
  182  182 A V  E     -G  193   0C  40     -2,-0.3     2,-0.5    11,-0.2    11,-0.2  -0.977   6.8-166.8-132.3 120.3  -85.6  -37.3  128.9               
  183  183 A E  E     -G  192   0C  11      9,-2.9     9,-2.6    -2,-0.4     2,-0.5  -0.921  10.8-158.1-105.0 117.9  -86.7  -35.0  126.0               
  184  184 A I  E     -G  191   0C  29     -2,-0.5     2,-0.6     7,-0.2     7,-0.3  -0.874   6.1-168.9-101.4 128.4  -85.3  -31.4  126.1               
  185  185 A I  E > > +G  190   0C  20      5,-3.1     5,-1.7    -2,-0.5     3,-1.3  -0.836   9.7 174.5-122.1  86.8  -87.2  -28.7  124.2               
  186  186 A R  T 3 5S+     0   0  157     -2,-0.6     3,-0.4     1,-0.3    -1,-0.1   0.729  75.0  66.0 -73.1 -21.4  -85.0  -25.5  124.0               
  187  187 A D  T 3 5S+     0   0   86      1,-0.2    -1,-0.3     3,-0.1    -2,-0.0   0.575 117.4  28.8 -71.1  -9.3  -87.4  -23.5  121.7               
  188  188 A F  T < 5S-     0   0   98     -3,-1.3   -33,-0.2     2,-0.2    -1,-0.2   0.240 106.4-116.8-134.4   5.4  -89.9  -23.6  124.6               
  189  189 A D  T   5S+     0   0   93     -3,-0.4   -33,-2.6    -4,-0.3   -34,-0.9   0.793  75.4 115.3  53.0  39.1  -87.7  -23.7  127.8               
  190  190 A V  E   < -EG 154 185C  13     -5,-1.7    -5,-3.1   -36,-0.2     2,-0.3  -0.947  45.6-165.6-129.2 150.7  -89.0  -27.2  129.0               
  191  191 A A  E     -EG 153 184C   0    -38,-1.9   -38,-3.2    -2,-0.3     2,-0.4  -0.979  13.7-153.9-124.4 152.1  -87.7  -30.8  129.5               
  192  192 A V  E     -EG 152 183C   0     -9,-2.6    -9,-2.9    -2,-0.3     2,-0.5  -0.977   4.0-146.3-131.6 137.9  -90.0  -33.9  129.9               
  193  193 A V  E     -EG 151 182C   0    -42,-2.8   -42,-1.8    -2,-0.4     2,-0.7  -0.927   5.8-157.4-114.5 117.3  -89.3  -37.2  131.6               
  194  194 A T  E     -EG 150 181C   6    -13,-2.3   -13,-1.8    -2,-0.5     2,-1.0  -0.839   7.1-152.8 -95.6 104.8  -90.7  -40.5  130.4               
  195  195 A F  E     + G   0 180C  10    -46,-3.0   -15,-0.3    -2,-0.7     4,-0.1  -0.680  15.4 178.7 -82.0 100.6  -90.9  -43.3  133.1               
  196  196 A Q        +     0   0  116     -2,-1.0     2,-0.3   -17,-1.0   -16,-0.2   0.819  70.0  65.7 -68.6 -30.0  -90.7  -46.6  131.2               
  197  197 A K  S    S-     0   0  101    -18,-2.0     2,-1.4    -3,-0.1   -18,-0.0  -0.733 104.7 -98.4 -93.1 142.7  -90.9  -48.4  134.6               
  198  198 A H        +     0   0  192     -2,-0.3     2,-0.3     2,-0.0    -2,-0.1  -0.427  59.2 158.6 -69.1  91.8  -94.0  -48.2  136.7               
  199  199 A I        -     0   0   38     -2,-1.4     2,-1.4    -4,-0.1     3,-0.1  -0.744  55.7-102.4-100.5 156.5  -93.3  -45.4  139.3               
  200  200 A D     >  -     0   0   89     -2,-0.3     4,-2.2     1,-0.2     5,-0.1  -0.704  41.4-174.4 -71.0  91.4  -95.7  -43.4  141.3               
  201  201 A T  H  > S+     0   0   38     -2,-1.4     4,-2.1     2,-0.2    -1,-0.2   0.791  80.3  57.0 -67.4 -26.8  -95.3  -40.3  139.1               
  202  202 A I  H  > S+     0   0  116      2,-0.2     4,-2.6     1,-0.2    -1,-0.2   0.968 110.2  44.3 -65.4 -51.4  -97.4  -38.1  141.4               
  203  203 A R  H  > S+     0   0  157      2,-0.2     4,-2.6     1,-0.2    -2,-0.2   0.858 109.3  57.1 -61.1 -37.6  -95.1  -39.0  144.3               
  204  204 A F  H  X S+     0   0    4     -4,-2.2     4,-2.6     2,-0.2    -1,-0.2   0.954 110.8  42.8 -59.5 -47.8  -92.0  -38.3  142.0               
  205  205 A V  H  X S+     0   0   22     -4,-2.1     4,-2.5     2,-0.2    -2,-0.2   0.927 114.4  52.0 -59.6 -44.3  -93.3  -34.8  141.3               
  206  206 A D  H  X S+     0   0   89     -4,-2.6     4,-0.8     2,-0.2    -2,-0.2   0.871 112.2  44.8 -61.4 -38.2  -94.1  -34.4  145.0               
  207  207 A D  H  X S+     0   0   50     -4,-2.6     4,-1.4     2,-0.2    -2,-0.2   0.851 110.0  56.2 -80.1 -28.2  -90.5  -35.5  146.0               
  208  208 A C  H >< S+     0   0    0     -4,-2.6     3,-0.5     2,-0.2     6,-0.3   0.942 103.4  53.2 -62.0 -47.2  -89.1  -33.2  143.3               
  209  209 A T  H 3< S+     0   0   66     -4,-2.5    -1,-0.2     1,-0.3    -2,-0.2   0.801 112.8  46.0 -63.1 -24.3  -90.9  -30.1  144.8               
  210  210 A K  H 3< S+     0   0  115     -4,-0.8    -1,-0.3    -5,-0.2    -2,-0.2   0.771  91.8 105.5 -79.6 -29.3  -89.2  -31.2  148.2               
  211  211 A H    <X  -     0   0   46     -4,-1.4     4,-1.1    -3,-0.5     3,-0.5  -0.257  67.2-140.6 -68.7 135.8  -85.7  -31.7  146.6               
  212  212 A H  H  > S+     0   0  127      1,-0.2     4,-1.5     2,-0.2     3,-0.1   0.886  98.0  55.2 -63.4 -40.6  -83.0  -29.1  147.2               
  213  213 A S  H  > S+     0   0   23      2,-0.2     4,-2.4     1,-0.2     6,-0.2   0.797  99.8  61.1 -69.3 -27.2  -81.5  -29.1  143.7               
  214  214 A I  H  >>S+     0   0    6     -3,-0.5     5,-1.2    -6,-0.3     4,-1.0   0.956 107.5  44.9 -62.2 -46.6  -84.9  -28.3  142.0               
  215  215 A K  H  <5S+     0   0  146     -4,-1.1    -2,-0.2     1,-0.2    -1,-0.2   0.825 113.0  52.0 -65.6 -33.5  -85.0  -25.0  144.0               
  216  216 A Q  H  <5S+     0   0  152     -4,-1.5    -2,-0.2     1,-0.2    -1,-0.2   0.883 114.6  40.3 -70.6 -41.1  -81.3  -24.3  143.1               
  217  217 A L  H  <5S-     0   0   28     -4,-2.4   -60,-0.3     2,-0.1    -2,-0.2   0.584 105.3-129.7 -81.5 -10.2  -81.9  -24.8  139.3               
  218  218 A Q  T  <5 +     0   0  116     -4,-1.0    -3,-0.2     1,-0.2     2,-0.2   0.643  51.5 159.3  61.0  23.0  -85.3  -23.0  139.5               
  219  219 A L      < -     0   0    7     -5,-1.2    -1,-0.2    -6,-0.2   -64,-0.2  -0.466  35.8-145.2 -70.8 142.4  -86.9  -25.9  137.7               
  220  220 A S  E     -F  154   0C  48    -66,-2.2   -66,-2.3    -2,-0.2     2,-0.4  -0.893  14.9-159.7-112.3  95.2  -90.7  -26.3  138.0               
  221  221 A P  E     +F  153   0C  17      0, 0.0     2,-0.3     0, 0.0   -68,-0.2  -0.653  21.0 160.7 -76.3 130.0  -91.6  -30.1  138.0               
  222  222 A R  E     -F  152   0C  57    -70,-2.8   -70,-2.3    -2,-0.4     2,-0.2  -0.993  45.2-102.9-141.4 151.6  -95.2  -31.0  137.1               
  223  223 A L  E     -F  151   0C  80     -2,-0.3   -72,-0.2   -72,-0.2     2,-0.2  -0.525  43.4-125.3 -61.7 134.1  -97.2  -34.0  136.0               
  224  224 A L        -     0   0    9    -74,-1.8     2,-0.1    -2,-0.2    -1,-0.1  -0.604  29.3-102.1 -77.7 148.1  -97.8  -33.6  132.2               
  225  225 A E        -     0   0   62     -2,-0.2     2,-1.0     1,-0.1   -75,-0.1  -0.369  29.8-113.6 -60.1 145.5 -101.5  -33.9  131.1               
  226  226 A V        -     0   0   97     -2,-0.1    -1,-0.1   -77,-0.1     2,-0.1  -0.783  45.6-134.3 -75.5 108.7 -102.6  -37.2  129.5               
  227  227 A T        -     0   0   11     -2,-1.0    53,-0.1     1,-0.1    74,-0.1  -0.340  32.2-174.2 -68.1 145.2 -103.3  -35.8  126.1               
  228  228 A N        +     0   0   48     72,-0.1    46,-2.8    -2,-0.1     2,-0.4   0.071  68.9  87.4-107.5  10.7 -106.4  -36.6  124.0               
  229  229 A T  E     -H  273   0D  19     71,-0.5    71,-2.2    44,-0.2     2,-0.3  -0.930  57.2-164.0-122.2 137.6 -104.7  -34.7  121.0               
  230  230 A I  E     -HI 272 299D   0     42,-2.6    42,-2.4    -2,-0.4     2,-0.6  -0.883  17.5-136.4-112.5 150.6 -102.3  -35.7  118.3               
  231  231 A R  E     -HI 271 298D  31     67,-2.9    67,-2.7    -2,-0.3     2,-0.4  -0.963  25.1-161.7-100.1 118.9 -100.1  -33.7  115.9               
  232  232 A V  E     -HI 270 297D   0     38,-3.2    38,-2.5    -2,-0.6     2,-0.3  -0.854   9.6-177.1 -96.7 136.3 -100.4  -35.2  112.4               
  233  233 A E  E     +HI 269 296D  44     63,-2.6    63,-2.3    -2,-0.4    36,-0.2  -0.859  54.7  51.4-129.9 168.0  -97.8  -34.4  109.7               
  234  234 A N        +     0   0   92     34,-0.7    35,-0.2    33,-0.3    -1,-0.1   0.818  66.9 172.3  68.9  40.0  -97.4  -35.3  105.9               
  235  235 A L        -     0   0    7     33,-2.4    -1,-0.2    -3,-0.1     3,-0.1  -0.597  31.2-119.8 -73.5 133.1 -100.9  -34.2  104.9               
  236  236 A P    >   -     0   0   12      0, 0.0     3,-2.1     0, 0.0     2,-0.4  -0.390  34.8 -91.8 -68.2 151.0 -101.6  -34.2  101.1               
  237  237 A P  T 3  S+     0   0  129      0, 0.0     3,-0.1     0, 0.0     0, 0.0  -0.481 120.9  38.2 -57.6 112.2 -102.5  -30.9   99.2               
  238  238 A G  T 3  S+     0   0   60      1,-0.5     2,-0.3    -2,-0.4    -3,-0.0   0.495  78.2 132.2 104.2  10.2 -106.4  -31.2   99.5               
  239  239 A A    <   -     0   0    6     -3,-2.1    -1,-0.5     4,-0.1     2,-0.3  -0.683  35.6-176.4 -68.0 144.9 -106.7  -32.6  103.0               
  240  240 A D     >  -     0   0   82     -2,-0.3     4,-2.8    -3,-0.1     5,-0.3  -0.943  41.2-100.7-142.4 164.6 -109.3  -30.5  105.0               
  241  241 A D  H  > S+     0   0   84     -2,-0.3     4,-2.1     1,-0.2     5,-0.1   0.807 120.5  49.5 -56.4 -32.7 -110.8  -30.4  108.5               
  242  242 A Y  H  > S+     0   0  167      2,-0.2     4,-2.7     3,-0.2    -1,-0.2   0.921 113.3  42.8 -75.7 -46.7 -113.9  -32.3  107.5               
  243  243 A S  H  > S+     0   0   29      2,-0.2     4,-2.2     1,-0.2    -2,-0.2   0.886 116.0  50.0 -69.1 -37.5 -112.1  -35.2  105.6               
  244  244 A L  H  X S+     0   0    0     -4,-2.8     4,-2.4     2,-0.2     5,-0.2   0.946 110.9  49.8 -63.5 -46.4 -109.5  -35.4  108.5               
  245  245 A K  H  X S+     0   0   67     -4,-2.1     4,-2.3    -5,-0.3    -2,-0.2   0.952 113.0  46.1 -55.9 -51.3 -112.4  -35.5  111.0               
  246  246 A L  H  < S+     0   0   90     -4,-2.7     4,-0.4     1,-0.2    -1,-0.2   0.864 113.4  50.1 -58.5 -40.1 -114.1  -38.3  109.0               
  247  247 A F  H  < S+     0   0   27     -4,-2.2     3,-0.3     1,-0.2    -1,-0.2   0.870 115.5  41.6 -68.5 -37.0 -110.8  -40.2  108.6               
  248  248 A F  H  < S+     0   0    0     -4,-2.4     8,-2.0     1,-0.2    -2,-0.2   0.715 109.3  58.0 -89.2 -17.7 -110.0  -40.0  112.4               
  249  249 A E  S  < S+     0   0   67     -4,-2.3    -1,-0.2    -5,-0.2    -2,-0.2   0.569  85.5 106.8 -76.6 -10.0 -113.7  -40.8  113.5               
  250  250 A N    > > -     0   0   48     -4,-0.4     3,-1.8    -3,-0.3     5,-1.7  -0.607  62.4-154.1 -77.9 117.3 -113.3  -44.1  111.5               
  251  251 A P  G > 5S+     0   0  105      0, 0.0     3,-1.2     0, 0.0    -1,-0.1   0.756  94.0  64.7 -62.2 -24.7 -113.0  -47.2  113.7               
  252  252 A Y  G 3 5S+     0   0  217      1,-0.3    -2,-0.0     2,-0.1     0, 0.0   0.738  99.4  53.8 -68.4 -20.7 -111.1  -49.1  110.9               
  253  253 A N  G < 5S-     0   0   29     -3,-1.8    -1,-0.3    -6,-0.2    33,-0.1   0.034 126.8-100.4 -93.4  17.5 -108.3  -46.5  111.3               
  254  254 A G  T < 5S+     0   0   15     -3,-1.2    29,-0.3     1,-0.2    28,-0.2   0.641  86.3 142.7  63.5  11.8 -108.0  -47.2  115.1               
  255  255 A G      < +     0   0   13     -5,-1.7     2,-0.3    -8,-0.2    -6,-0.2  -0.101  31.3 176.5 -82.0 176.8 -110.1  -44.0  115.2               
  256  256 A G        -     0   0   14     -8,-2.0    -6,-0.1    -3,-0.1    19,-0.0  -0.960  48.7 -31.7-171.6 173.4 -112.9  -42.7  117.3               
  257  257 A R        -     0   0  169     -2,-0.3    18,-2.8    -8,-0.2     2,-0.4  -0.093  60.5-142.4 -49.3 125.3 -115.2  -39.7  117.9               
  258  258 A V  E     -J  274   0D   0     16,-0.2    16,-0.3     1,-0.2    -1,-0.1  -0.740  19.2-173.4 -97.5 127.6 -113.2  -36.4  117.2               
  259  259 A A  E     -     0   0D  34     14,-2.3     2,-0.3    -2,-0.4    -1,-0.2   0.971  69.4  -2.1 -74.7 -63.0 -113.7  -33.2  119.3               
  260  260 A N  E     -     0   0D  83     13,-0.5    13,-2.5     2,-0.0     2,-0.3  -0.840  50.3-162.3-134.5 157.9 -111.6  -30.8  117.2               
  261  261 A V  E     -J  272   0D  17     -2,-0.3     2,-0.4    11,-0.2    11,-0.2  -0.983   7.4-176.2-138.9 137.9 -109.3  -30.5  114.1               
  262  262 A E  E     -J  271   0D  96      9,-2.4     9,-2.7    -2,-0.3     2,-0.4  -0.973  14.1-153.3-138.4 116.8 -106.9  -27.6  113.3               
  263  263 A Y  E     -J  270   0D  65     -2,-0.4     7,-0.3     7,-0.2   -22,-0.0  -0.793  10.9-166.8-106.2 137.2 -104.9  -27.5  110.0               
  264  264 A F  E >>> -J  269   0D  60      5,-3.2     5,-1.8    -2,-0.4     4,-0.8  -0.845   5.4-179.6-122.6  90.8 -101.5  -25.9  109.2               
  265  265 A P  G >45S+     0   0   83      0, 0.0     3,-0.6     0, 0.0    -1,-0.1   0.874  82.4  56.5 -62.9 -38.5 -100.9  -25.7  105.3               
  266  266 A E  G 345S+     0   0  191      1,-0.2    -2,-0.0     2,-0.1     0, 0.0   0.757 118.4  34.1 -64.8 -25.9  -97.4  -24.1  105.7               
  267  267 A E  G <45S-     0   0  104     -3,-0.8   -33,-0.3     2,-0.2    -1,-0.2   0.426 103.4-128.7-104.3  -5.1  -96.2  -27.0  107.9               
  268  268 A S  T <<5S+     0   0   57     -4,-0.8   -33,-2.4    -3,-0.6   -34,-0.7   0.829  73.5 113.0  51.8  37.7  -98.3  -29.7  106.0               
  269  269 A S  E   < -HJ 233 264D   0     -5,-1.8    -5,-3.2   -36,-0.2     2,-0.3  -0.748  48.7-162.5-131.6 166.8  -99.6  -30.7  109.5               
  270  270 A A  E     -HJ 232 263D   0    -38,-2.5   -38,-3.2    -7,-0.3     2,-0.4  -0.987  18.8-131.2-147.8 153.4 -102.8  -30.7  111.8               
  271  271 A L  E     -HJ 231 262D  15     -9,-2.7    -9,-2.4    -2,-0.3     2,-0.4  -0.887  26.6-170.2 -97.4 137.4 -103.8  -31.0  115.4               
  272  272 A I  E     -HJ 230 261D   0    -42,-2.4   -42,-2.6    -2,-0.4     2,-0.4  -0.985   4.3-159.5-136.1 122.3 -106.7  -33.6  116.0               
  273  273 A E  E     -H  229   0D  65    -13,-2.5   -14,-2.3    -2,-0.4   -13,-0.5  -0.836   6.6-152.0-107.4 138.1 -108.5  -34.0  119.4               
  274  274 A F  E     - J   0 258D   1    -46,-2.8   -16,-0.2    -2,-0.4   -17,-0.1  -0.805  21.6-139.7-112.5 147.7 -110.5  -37.0  120.6               
  275  275 A F  S    S+     0   0  122    -18,-2.8     2,-0.4    -2,-0.3   -17,-0.1   0.667  98.3  44.8 -73.4 -19.8 -113.5  -37.6  122.9               
  276  276 A D  S >  S-     0   0   78    -19,-0.4     3,-1.9   -48,-0.1     4,-0.3  -0.978  71.6-148.0-129.2 122.6 -111.7  -40.7  124.3               
  277  277 A R  T >> S+     0   0  132     -2,-0.4     3,-2.2     1,-0.3     4,-0.8   0.805  95.3  72.3 -45.1 -39.8 -108.0  -40.9  125.2               
  278  278 A K  H 3> S+     0   0  140      1,-0.3     4,-1.1     2,-0.2    -1,-0.3   0.640  80.4  72.8 -63.0 -15.8 -108.0  -44.6  124.2               
  279  279 A V  H <> S+     0   0   13     -3,-1.9     4,-2.8     2,-0.2    -1,-0.3   0.820  95.7  52.1 -66.4 -27.9 -108.2  -43.5  120.6               
  280  280 A L  H <> S+     0   0   13     -3,-2.2     4,-2.8    -4,-0.3     5,-0.3   0.936 103.8  54.9 -72.2 -43.0 -104.5  -42.4  120.9               
  281  281 A D  H  < S+     0   0   92     -4,-0.8    -2,-0.2     1,-0.2    -1,-0.2   0.802 117.9  37.9 -57.4 -28.5 -103.5  -45.9  122.3               
  282  282 A T  H  < S+     0   0   66     -4,-1.1     3,-0.3   -28,-0.2    -2,-0.2   0.857 116.2  49.6 -92.3 -38.3 -105.1  -47.3  119.0               
  283  283 A I  H >< S+     0   0    3     -4,-2.8     3,-1.9   -29,-0.3    -3,-0.2   0.943 109.5  51.4 -63.4 -48.6 -104.0  -44.5  116.6               
  284  284 A M  T 3< S+     0   0   74     -4,-2.8    -1,-0.2     1,-0.3    -3,-0.1   0.679 113.7  46.8 -66.6 -15.9 -100.3  -44.7  117.7               
  285  285 A A  T 3  S+     0   0   86     -5,-0.3     2,-0.4    -3,-0.3    -1,-0.3   0.409 105.7  77.6 -96.1  -3.3 -100.6  -48.5  117.1               
  286  286 A T  S <  S-     0   0   52     -3,-1.9     2,-0.4    -4,-0.2   -33,-0.1  -0.886  75.4-129.0-115.8 137.7 -102.2  -48.1  113.6               
  287  287 A K        -     0   0  202     -2,-0.4     2,-0.5     2,-0.0     9,-0.1  -0.734  28.0-152.8 -80.9 133.5 -100.8  -47.2  110.2               
  288  288 A L        -     0   0    8     -2,-0.4     7,-2.5     7,-0.4     2,-0.6  -0.937  16.1-175.6-119.7 114.1 -102.8  -44.4  108.6               
  289  289 A D  E     -K  294   0E 101     -2,-0.5     2,-0.6     5,-0.2     3,-0.3  -0.874   7.0-170.2-108.8  98.2 -103.2  -43.9  104.8               
  290  290 A F  E >  S-K  293   0E   6      3,-2.1     3,-2.3    -2,-0.6   -46,-0.0  -0.784  80.8 -22.5 -89.2 116.0 -105.1  -40.6  104.1               
  291  291 A N  T 3  S-     0   0  125     -2,-0.6    -1,-0.2     1,-0.3    -2,-0.0   0.740 128.3 -54.1  51.5  30.4 -105.9  -40.5  100.3               
  292  292 A K  T 3  S+     0   0  196      1,-0.3    -1,-0.3    -3,-0.3    -2,-0.1   0.596 115.8 116.0  70.9  17.5 -102.9  -43.0   99.8               
  293  293 A M  E <   -K  290   0E  85     -3,-2.3    -3,-2.1   -57,-0.0    -1,-0.3  -0.976  67.0-127.8-100.9 130.7 -100.5  -40.7  101.7               
  294  294 A P  E     -K  289   0E  88      0, 0.0     2,-0.3     0, 0.0    -5,-0.2  -0.584  24.7-135.9 -75.4 136.1  -99.1  -42.2  104.9               
  295  295 A L        -     0   0   22     -7,-2.5    -7,-0.4    -2,-0.3     2,-0.4  -0.737   2.8-142.2 -95.1 139.1  -99.4  -39.9  108.0               
  296  296 A S  E     -I  233   0D  41    -63,-2.3   -63,-2.6    -2,-0.3     2,-0.4  -0.799  25.7-167.7 -87.9 139.6  -96.8  -39.2  110.7               
  297  297 A V  E     +I  232   0D  30     -2,-0.4   -65,-0.2   -65,-0.2   -67,-0.0  -0.986  11.7 174.7-140.9 128.0  -98.5  -38.9  114.2               
  298  298 A F  E     -I  231   0D  23    -67,-2.7   -67,-2.9    -2,-0.4     2,-0.5  -0.913  40.7 -99.1-128.4 149.8  -97.1  -37.6  117.5               
  299  299 A P  E     -I  230   0D  12      0, 0.0     9,-2.1     0, 0.0     2,-0.4  -0.596  41.0-150.8 -70.7 120.5  -98.7  -37.0  121.0               
  300  300 A Y  E     -L  307   0F  41    -71,-2.2     2,-0.6    -2,-0.5   -71,-0.5  -0.830   5.5-157.0 -98.3 130.7  -99.5  -33.2  121.2               
  301  301 A Y  E >>> -L  306   0F  14      5,-2.0     3,-2.0    -2,-0.4     4,-1.4  -0.905   8.9-161.5-114.4 110.6  -99.5  -31.5  124.6               
  302  302 A A  T 345S+     0   0   79     -2,-0.6    -1,-0.1     1,-0.3     5,-0.0   0.769  94.8  57.2 -60.3 -26.0 -101.5  -28.3  124.9               
  303  303 A S  T 345S+     0   0   48      1,-0.2    -1,-0.3     3,-0.1    -2,-0.0   0.531 111.8  41.5 -81.5  -9.3  -99.5  -27.4  128.0               
  304  304 A L  T <45S-     0   0   13     -3,-2.0    -2,-0.2     2,-0.3    -1,-0.2   0.575  97.6-134.2-102.4 -21.8  -96.2  -27.6  126.0               
  305  305 A G  T  <5S+     0   0   36     -4,-1.4     2,-0.3     1,-0.2    -3,-0.2   0.577  80.9  66.3  70.5  10.6  -97.4  -25.8  122.8               
  306  306 A T  E   <S-L  301   0F   9     -5,-0.8    -5,-2.0    -7,-0.0    -2,-0.3  -0.962  85.4-103.6-147.4 161.0  -95.6  -28.7  120.9               
  307  307 A A  E     -L  300   0F   0     -2,-0.3     2,-0.6    -7,-0.3    -7,-0.2  -0.515  37.4-114.5 -71.1 158.2  -95.7  -32.4  120.3               
  308  308 A L        +     0   0    1     -9,-2.1     3,-0.1    -2,-0.2  -160,-0.1  -0.918  35.1 173.4 -89.9 125.1  -93.3  -34.7  122.0               
  309  309 A Y    >   -     0   0   30     -2,-0.6     3,-2.8     1,-0.4     2,-0.4   0.353  26.0-150.5-102.5  -6.8  -91.0  -36.2  119.3               
  310  310 A G  T 3  S-     0   0    9      1,-0.3    -1,-0.4  -164,-0.2  -164,-0.2  -0.551  80.3 -22.7  59.7-120.2  -88.7  -37.9  121.8               
  311  311 A K  T 3  S+     0   0  108     -2,-0.4     2,-1.9  -166,-0.2  -165,-0.4   0.481 119.7 100.6 -86.1  -1.4  -85.4  -37.9  119.8               
  312  312 A E    <   +     0   0   81     -3,-2.8  -166,-0.2  -168,-0.1    -1,-0.1  -0.085  59.5 168.3 -76.9  37.5  -87.5  -37.6  116.4               
  313  313 A K        -     0   0   97     -2,-1.9     2,-0.3  -168,-0.2  -168,-0.1  -0.376  40.1-118.5 -70.1 126.8  -86.7  -33.9  116.5               
  314  314 A P        -     0   0   71      0, 0.0     2,-0.2     0, 0.0    -1,-0.1  -0.430  35.3-117.2 -63.5 123.0  -87.4  -31.8  113.4               
  315  315 A L        -     0   0  109     -2,-0.3     2,-1.1  -172,-0.1  -172,-0.0  -0.396  20.0-118.6 -59.4 130.4  -84.1  -30.3  112.2               
  316  316 A I        -     0   0   85     -2,-0.2     2,-0.8     1,-0.1    -1,-0.1  -0.603  34.0-140.5 -67.5 100.4  -83.8  -26.5  112.2               
  317  317 A K        -     0   0  179     -2,-1.1     3,-0.1     3,-0.0    -1,-0.1  -0.594   9.1-148.2 -67.6 107.7  -83.3  -26.0  108.5               
  318  318 A L        -     0   0   64     -2,-0.8    52,-0.0     1,-0.1    59,-0.0  -0.359  42.0 -81.2 -53.6 154.4  -80.7  -23.3  107.9               
  319  319 A P        -     0   0   20      0, 0.0    -1,-0.1     0, 0.0     3,-0.1  -0.337  57.3 -95.0 -56.9 146.0  -81.5  -21.3  104.7               
  320  320 A A        -     0   0   72      1,-0.1     2,-0.1    -3,-0.1    -3,-0.0  -0.439  42.0-104.8 -59.3 135.1  -80.3  -23.1  101.6               
  321  321 A P        -     0   0   66      0, 0.0     2,-0.3     0, 0.0    46,-0.2  -0.464  44.4-148.5 -52.5 128.6  -76.8  -21.9  100.4               
  322  322 A F  E     -M  366   0G  23     44,-1.6    44,-3.1    -2,-0.1     2,-0.6  -0.806   2.7-130.6-109.6 148.2  -77.6  -19.7   97.4               
  323  323 A E  E     -M  365   0G 102     -2,-0.3     2,-0.4    42,-0.2    42,-0.2  -0.885  14.0-166.6-101.5 121.5  -75.4  -19.2   94.3               
  324  324 A E  E     -M  364   0G  32     40,-2.4    40,-3.0    -2,-0.6     2,-0.5  -0.876  21.2-137.5 -96.2 136.1  -74.6  -15.7   92.9               
  325  325 A S  E     -M  363   0G  70     -2,-0.4     2,-0.4    38,-0.2    38,-0.2  -0.840  14.4-165.2 -99.3 127.7  -73.1  -15.9   89.4               
  326  326 A L        -     0   0   20     36,-2.1     2,-0.1    -2,-0.5     5,-0.0  -0.852  41.4 -95.4 -94.8 145.3  -70.2  -13.8   88.3               
  327  327 A D    >>  -     0   0   90     -2,-0.4     4,-2.4     1,-0.1     3,-1.0  -0.401  35.7-122.2 -53.4 129.4  -69.5  -13.5   84.5               
  328  328 A L  H 3> S+     0   0   85      1,-0.3     4,-2.3     2,-0.2     5,-0.1   0.834 113.4  51.8 -51.7 -37.1  -66.9  -16.2   83.7               
  329  329 A P  H 3> S+     0   0   18      0, 0.0     4,-1.5     0, 0.0    -1,-0.3   0.849 109.9  49.5 -65.9 -34.2  -64.5  -13.5   82.3               
  330  330 A L  H <> S+     0   0    4     -3,-1.0     4,-2.3     2,-0.2    -2,-0.2   0.907 109.3  51.7 -70.6 -39.7  -64.9  -11.4   85.5               
  331  331 A W  H  X S+     0   0    6     -4,-2.4     4,-1.8     1,-0.2     5,-0.2   0.967 110.6  48.1 -57.3 -50.2  -64.1  -14.6   87.6               
  332  332 A K  H  X S+     0   0   83     -4,-2.3     4,-1.8     1,-0.2    -1,-0.2   0.812 112.0  50.6 -60.5 -31.6  -60.9  -15.1   85.5               
  333  333 A F  H  < S+     0   0    4     -4,-1.5    -1,-0.2     2,-0.2    -2,-0.2   0.869 105.1  56.6 -71.0 -37.5  -60.1  -11.4   86.1               
  334  334 A L  H >< S+     0   0    2     -4,-2.3     3,-0.5     2,-0.2     7,-0.4   0.846 109.7  43.8 -70.8 -30.7  -60.6  -11.7   89.9               
  335  335 A Q  H >< S+     0   0   20     -4,-1.8  -200,-2.3     1,-0.2     3,-2.1   0.956 107.1  59.7 -74.0 -40.1  -58.0  -14.5   90.1               
  336  336 A K  T 3< S+     0   0   52     -4,-1.8    -2,-0.2     1,-0.3    -1,-0.2   0.516 118.2  34.4 -58.5  -4.2  -55.7  -12.3   87.7               
  337  337 A K  T X  S+     0   0   35     -3,-0.5     3,-2.7    -4,-0.1     4,-0.4  -0.239  79.6 173.7-142.5  50.2  -56.1   -9.8   90.7               
  338  338 A N  T X> S+     0   0   46     -3,-2.1     3,-1.3     1,-0.3     4,-1.0   0.640  73.0  64.9 -23.8 -48.2  -56.2  -12.3   93.7               
  339  339 A H  H >> S+     0   0   84      1,-0.3     4,-2.3     2,-0.2     3,-0.5   0.859  93.0  62.1 -54.0 -37.0  -56.2   -9.4   96.3               
  340  340 A L  H <> S+     0   0   10     -3,-2.7     4,-1.9     1,-0.2    -1,-0.3   0.796  99.9  54.2 -61.9 -29.0  -59.6   -8.3   95.1               
  341  341 A I  H <> S+     0   0    0     -3,-1.3     4,-2.2    -7,-0.4    -1,-0.2   0.826 107.0  50.8 -74.9 -29.7  -61.1  -11.7   96.2               
  342  342 A E  H <X S+     0   0  112     -4,-1.0     4,-2.2    -3,-0.5    -2,-0.2   0.949 109.7  50.7 -69.3 -43.1  -59.6  -11.0   99.7               
  343  343 A E  H  X S+     0   0  115     -4,-2.3     4,-1.2     1,-0.2    -2,-0.2   0.911 113.5  45.0 -54.8 -46.8  -61.3   -7.6   99.7               
  344  344 A I  H  X S+     0   0    7     -4,-1.9     4,-2.3     2,-0.2    -1,-0.2   0.885 110.0  55.0 -70.7 -38.2  -64.7   -9.2   98.7               
  345  345 A N  H  X S+     0   0   40     -4,-2.2     4,-2.2     1,-0.2    -2,-0.2   0.931 110.3  45.2 -57.7 -47.6  -64.3  -12.0  101.3               
  346  346 A D  H  < S+     0   0   82     -4,-2.2     4,-0.3     2,-0.2    -1,-0.2   0.705 111.6  52.5 -77.2 -18.9  -63.9   -9.5  104.2               
  347  347 A E  H >< S+     0   0   75     -4,-1.2     3,-0.7    -5,-0.2    -2,-0.2   0.934 116.3  39.5 -73.2 -46.1  -66.8   -7.3  103.0               
  348  348 A M  H ><>S+     0   0    0     -4,-2.3     3,-2.3     1,-0.2     5,-0.5   0.790  98.1  75.0 -77.5 -27.6  -69.2  -10.4  102.8               
  349  349 A R  G ><5S+     0   0  166     -4,-2.2     3,-0.8     1,-0.3     4,-0.3   0.752  87.2  67.2 -54.3 -24.9  -67.9  -12.1  106.1               
  350  350 A R  G < 5S+     0   0  193     -3,-0.7    -1,-0.3    -4,-0.3    -2,-0.2   0.626  89.1  64.0 -71.3 -17.0  -69.9   -9.3  107.9               
  351  351 A C  G < 5S-     0   0   32     -3,-2.3    -1,-0.2     2,-0.1    -2,-0.1   0.043 122.5 -99.3 -94.3  20.7  -73.2  -10.8  106.7               
  352  352 A H  T < 5S+     0   0   67     -3,-0.8    17,-2.5     1,-0.2     2,-0.4   0.925  84.6 139.0  55.2  45.0  -72.8  -14.1  108.6               
  353  353 A C  E   < -N  368   0G   5     -5,-0.5     2,-0.5    -4,-0.3    -1,-0.2  -0.957  51.2-154.3-127.4 142.3  -71.7  -15.6  105.3               
  354  354 A E  E     -N  367   0G 103     13,-2.5    13,-2.6    -2,-0.4     2,-0.5  -0.964  21.3-148.3-111.0 114.3  -69.0  -18.0  104.0               
  355  355 A L  E     -N  366   0G  27     -2,-0.5     2,-0.5    11,-0.2    11,-0.2  -0.750   9.9-167.3 -83.0 131.1  -68.1  -17.3  100.4               
  356  356 A T  E     -N  365   0G  13      9,-2.4     9,-2.4    -2,-0.5     2,-0.8  -0.976   9.1-153.9-120.7 114.7  -67.0  -20.3   98.3               
  357  357 A W  E     -N  364   0G   7   -220,-1.2     2,-0.3    -2,-0.5     7,-0.2  -0.787  16.6-131.8 -99.7 101.9  -65.4  -19.3   95.0               
  358  358 A S     >  -     0   0   22      5,-2.6     4,-1.3    -2,-0.8     3,-0.2  -0.349   7.7-148.2 -65.8 120.1  -65.8  -22.1   92.4               
  359  359 A Q  T  4 S+     0   0  116     -2,-0.3    -1,-0.2     1,-0.2  -223,-0.1   0.767  93.4  24.4 -56.0 -32.5  -62.5  -22.7   90.7               
  360  360 A L  T  4 S+     0   0  152      3,-0.1    -1,-0.2     1,-0.0    -2,-0.1   0.669 123.1  44.2-105.4 -26.4  -64.1  -23.7   87.4               
  361  361 A S  T  4 S-     0   0   51     -3,-0.2    -2,-0.1     2,-0.2   -33,-0.1   0.555  85.5-125.2-113.2 -11.4  -67.6  -22.0   87.2               
  362  362 A G     <  +     0   0    1     -4,-1.3   -36,-2.1     1,-0.3     2,-0.3   0.457  66.2 136.4  69.3   2.8  -67.5  -18.3   88.3               
  363  363 A K  E     -M  325   0G  75    -38,-0.2    -5,-2.6    -5,-0.1     2,-0.7  -0.645  46.0-153.2 -73.2 135.4  -70.2  -19.2   90.8               
  364  364 A V  E     -MN 324 357G   0    -40,-3.0   -40,-2.4    -2,-0.3     2,-0.6  -0.950  11.0-150.7-103.9 106.6  -69.9  -17.8   94.3               
  365  365 A T  E     -MN 323 356G  21     -9,-2.4    -9,-2.4    -2,-0.7     2,-0.8  -0.730   7.2-151.6 -74.1 124.5  -71.8  -20.2   96.7               
  366  366 A I  E     -MN 322 355G   0    -44,-3.1   -44,-1.6    -2,-0.6   -11,-0.2  -0.883  15.9-169.5-100.8 100.6  -73.0  -18.0   99.6               
  367  367 A R  E     - N   0 354G  26    -13,-2.6   -13,-2.5    -2,-0.8     2,-0.4  -0.776  28.0-116.3 -88.1 136.5  -73.2  -20.4  102.6               
  368  368 A P  E     - N   0 353G  15      0, 0.0   -15,-0.2     0, 0.0   -16,-0.1  -0.634  40.7-119.2 -63.3 123.2  -74.9  -19.3  105.8               
  369  369 A A    >   -     0   0    9    -17,-2.5     3,-2.7    -2,-0.4     4,-0.3  -0.351  22.2-108.5 -61.0 151.0  -72.1  -19.3  108.3               
  370  370 A A  G >  S+     0   0   74      1,-0.3     3,-1.1     2,-0.2     4,-0.4   0.739 116.5  74.1 -56.4 -20.0  -72.6  -21.8  111.3               
  371  371 A T  G >  S+     0   0   68      1,-0.2     3,-1.0     2,-0.2    -1,-0.3   0.743  78.1  74.8 -62.6 -23.8  -73.0  -18.6  113.4               
  372  372 A L  G X  S+     0   0    5     -3,-2.7     3,-1.5     1,-0.2     4,-0.3   0.761  81.8  68.0 -65.4 -25.0  -76.5  -18.1  111.8               
  373  373 A V  G X  S+     0   0   72     -3,-1.1     3,-1.1    -4,-0.3    -1,-0.2   0.877  95.0  57.4 -60.6 -33.4  -78.0  -21.0  114.0               
  374  374 A N  G <  S+     0   0  136     -3,-1.0    -1,-0.3    -4,-0.4    -2,-0.2   0.577  93.3  69.0 -72.5 -11.1  -77.4  -18.7  117.0               
  375  375 A E  G <> S-     0   0   53     -3,-1.5     4,-0.9    -4,-0.2    -1,-0.2   0.537 100.2-137.7 -88.7  -9.4  -79.7  -16.0  115.4               
  376  376 A G  H X>  -     0   0   29     -3,-1.1     4,-2.1    -4,-0.3     3,-0.5   0.256  33.0 -53.6  76.8 166.9  -82.9  -18.2  115.9               
  377  377 A R  H 3> S+     0   0  144      1,-0.2     4,-0.7     2,-0.2    -1,-0.2   0.761 130.0  55.4 -47.0 -35.7  -86.0  -19.1  113.7               
  378  378 A P  H >4 S+     0   0  100      0, 0.0     3,-0.8     0, 0.0     4,-0.2   0.937 110.6  40.7 -68.7 -46.9  -86.8  -15.3  113.1               
  379  379 A R  H XX S+     0   0  143     -4,-0.9     4,-1.8    -3,-0.5     3,-1.7   0.849 105.1  66.9 -73.7 -29.2  -83.4  -14.2  111.6               
  380  380 A I  H 3< S+     0   0   26     -4,-2.1     4,-0.3     1,-0.3    -1,-0.2   0.815  95.4  60.2 -54.1 -30.1  -83.2  -17.4  109.6               
  381  381 A K  T << S+     0   0  180     -3,-0.8    -1,-0.3    -4,-0.7    -2,-0.2   0.633 114.2  31.1 -75.1 -14.9  -86.3  -16.0  107.7               
  382  382 A T  T X> S+     0   0   74     -3,-1.7     3,-1.8    -4,-0.2     4,-1.1   0.733  87.2  96.5-112.8 -28.2  -84.5  -12.8  106.4               
  383  383 A W  H 3X S+     0   0   10     -4,-1.8     4,-1.9     1,-0.3     5,-0.2   0.664  80.1  57.0 -41.5 -41.2  -80.7  -13.7  105.9               
  384  384 A Q  H 3> S+     0   0  101     -4,-0.3     4,-1.9     2,-0.2    -1,-0.3   0.864 107.9  46.3 -64.4 -38.0  -80.9  -14.5  102.1               
  385  385 A A  H <> S+     0   0   62     -3,-1.8     4,-1.4     2,-0.2    -2,-0.2   0.933 112.0  49.1 -74.1 -45.0  -82.3  -11.0  101.1               
  386  386 A D  H  X S+     0   0   96     -4,-1.1     4,-1.2     1,-0.2    -2,-0.2   0.925 114.9  46.7 -57.2 -45.1  -79.9   -8.9  103.2               
  387  387 A T  H  X S+     0   0    1     -4,-1.9     4,-1.6     1,-0.2     5,-0.2   0.888 106.4  55.0 -70.6 -42.5  -76.9  -10.9  101.9               
  388  388 A S  H  X S+     0   0   33     -4,-1.9     4,-1.8     1,-0.2    -1,-0.2   0.849 105.1  56.8 -59.7 -34.0  -77.9  -10.8   98.1               
  389  389 A T  H  X S+     0   0  100     -4,-1.4     4,-1.6     2,-0.2    -1,-0.2   0.918 104.0  51.3 -65.9 -44.1  -78.0   -7.0   98.4               
  390  390 A T  H  X S+     0   0   42     -4,-1.2     4,-1.2     2,-0.2     3,-0.3   0.947 111.5  45.4 -61.1 -50.3  -74.4   -6.7   99.6               
  391  391 A L  H  X S+     0   0    6     -4,-1.6     4,-2.6     1,-0.2     3,-0.3   0.879 107.6  58.4 -67.7 -34.0  -72.8   -8.8   96.8               
  392  392 A S  H  X S+     0   0   51     -4,-1.8     4,-1.2     1,-0.2    -1,-0.2   0.888 105.2  51.1 -59.8 -37.3  -74.9   -6.9   94.2               
  393  393 A S  H  < S+     0   0   77     -4,-1.6    -1,-0.2    -3,-0.3    -2,-0.2   0.781 110.8  48.9 -68.5 -29.9  -73.3   -3.6   95.4               
  394  394 A I  H >< S+     0   0    4     -4,-1.2     3,-1.8    -3,-0.3    -2,-0.2   0.922 105.4  57.3 -73.3 -44.7  -69.8   -5.2   95.0               
  395  395 A R  H >< S+     0   0   83     -4,-2.6     3,-1.6     1,-0.3    -2,-0.2   0.812  93.6  68.4 -57.9 -32.4  -70.5   -6.6   91.4               
  396  396 A S  T 3< S+     0   0   89     -4,-1.2    -1,-0.3     1,-0.3    -2,-0.1   0.598  83.5  72.8 -66.3 -13.1  -71.3   -3.0   90.2               
  397  397 A K  T <  S+     0   0  103     -3,-1.8    42,-0.9    -4,-0.1     2,-0.3   0.525  97.6  58.7 -74.2  -7.9  -67.6   -2.0   90.6               
  398  398 A Y  E <   -O  438   0H  31     -3,-1.6     2,-0.4    40,-0.2    40,-0.2  -0.852  64.6-152.7-128.5 156.3  -66.6   -4.1   87.5               
  399  399 A K  E     -O  437   0H  52     38,-2.7    38,-2.1    -2,-0.3     2,-0.4  -0.993   3.6-166.0-129.4 139.4  -67.5   -4.5   83.7               
  400  400 A V  E     -O  436   0H  35     -2,-0.4    36,-0.2    36,-0.2    34,-0.0  -0.954  14.8-177.3-112.3 140.3  -67.4   -7.4   81.2               
  401  401 A N  E     -O  435   0H  24     34,-2.6    34,-2.5    -2,-0.4     2,-0.3  -0.888  11.2-156.8-143.6 107.8  -67.7   -6.4   77.5               
  402  402 A P  E     -O  434   0H  68      0, 0.0     2,-0.4     0, 0.0    32,-0.2  -0.672   7.0-169.0 -84.4 140.6  -67.8   -8.9   74.6               
  403  403 A I  E     -O  433   0H   8     30,-3.0    30,-2.5    -2,-0.3     2,-0.3  -0.998  26.0-120.0-128.1 124.3  -66.7   -7.8   71.1               
  404  404 A K  E     +O  432   0H 141     -2,-0.4     2,-0.3    28,-0.2    28,-0.3  -0.553  42.5 162.5 -71.4 126.4  -67.5  -10.0   68.0               
  405  405 A V        -     0   0    4     26,-2.2    -2,-0.0    -2,-0.3    25,-0.0  -0.991  37.3-119.6-145.6 130.6  -64.3  -11.1   66.2               
  406  406 A D     >  -     0   0   67     -2,-0.3     4,-2.7     1,-0.1     5,-0.2  -0.293  29.3-116.5 -63.1 153.0  -63.7  -14.0   63.7               
  407  407 A P  H  > S+     0   0   49      0, 0.0     4,-2.3     0, 0.0     5,-0.1   0.932 117.4  44.2 -63.5 -44.0  -61.1  -16.7   64.7               
  408  408 A T  H  > S+     0   0   81      2,-0.2     4,-0.9     1,-0.2    -2,-0.0   0.860 113.8  53.9 -63.1 -36.6  -58.7  -15.9   61.8               
  409  409 A M  H  > S+     0   0    7      2,-0.2     4,-1.4     1,-0.2     3,-0.5   0.911 109.2  45.9 -65.3 -44.9  -59.2  -12.2   62.6               
  410  410 A W  H  X S+     0   0   34     -4,-2.7     4,-2.3     1,-0.2     3,-0.3   0.931 107.0  59.1 -62.3 -44.0  -58.3  -12.7   66.3               
  411  411 A D  H  < S+     0   0   93     -4,-2.3    -1,-0.2     1,-0.2    -2,-0.2   0.736 107.5  47.8 -61.8 -21.3  -55.2  -14.8   65.3               
  412  412 A T  H  < S+     0   0   52     -4,-0.9     3,-0.3    -3,-0.5    -1,-0.2   0.845 119.6  35.5 -83.7 -37.2  -54.0  -11.7   63.3               
  413  413 A I  H >X S+     0   0    0     -4,-1.4     3,-1.4    -3,-0.3     4,-1.3   0.634  87.0  96.9 -95.2 -16.1  -54.5   -9.0   66.1               
  414  414 A K  T 3< S+     0   0   73     -4,-2.3    -1,-0.2     1,-0.3    -3,-0.1   0.553  83.3  53.2 -55.3 -16.2  -53.6  -11.1   69.3               
  415  415 A N  T 34 S+     0   0  106     -3,-0.3    -1,-0.3     1,-0.1    -2,-0.1   0.813 110.0  44.6 -87.3 -32.4  -50.0   -9.8   69.4               
  416  416 A D  T <4 S+     0   0  122     -3,-1.4     2,-1.0    -4,-0.2    -2,-0.2   0.646  99.4  77.0 -88.8 -19.6  -50.9   -6.0   69.4               
  417  417 A V     <  +     0   0   15     -4,-1.3     2,-0.3    32,-0.0    -1,-0.2  -0.721  61.3 131.1 -96.2  86.2  -53.8   -6.3   72.0               
  418  418 A K        +     0   0  157     -2,-1.0     2,-0.3    -3,-0.0    -3,-0.0  -0.947  18.3 157.5-140.2 123.3  -52.0   -6.6   75.4               
  419  419 A D        -     0   0   44     -2,-0.3     3,-0.2     3,-0.2     5,-0.1  -0.993  33.3-147.3-141.9 145.3  -52.8   -4.6   78.6               
  420  420 A D  S    S+     0   0   80     -2,-0.3    -1,-0.1     1,-0.2  -287,-0.0   0.750  90.4  68.0 -77.9 -26.8  -52.1   -5.4   82.3               
  421  421 A R  S    S+     0   0   96     20,-0.1    17,-0.4    16,-0.0     2,-0.2   0.733 105.5  25.6 -78.8 -24.3  -55.2   -3.6   83.7               
  422  422 A I  S    S-     0   0    1     -3,-0.2     2,-0.4    15,-0.1    15,-0.2  -0.694  81.3-102.6-124.3 172.9  -57.9   -6.0   82.3               
  423  423 A L  E     -P  436   0H  24     13,-3.0    13,-2.1    -2,-0.2     2,-0.4  -0.890  31.8-169.1 -88.6 137.9  -58.4   -9.6   81.2               
  424  424 A I  E     +P  435   0H  34     -2,-0.4     2,-0.3    11,-0.2    11,-0.2  -0.982  17.5 161.7-127.5 114.0  -58.4  -10.0   77.4               
  425  425 A E  E     -P  434   0H  62      9,-2.0     9,-2.9    -2,-0.4     2,-0.5  -0.907  32.0-135.1-126.1 160.8  -59.6  -13.5   76.2               
  426  426 A F  E     -P  433   0H  34     -2,-0.3     2,-1.1     7,-0.2     7,-0.2  -0.973   8.7-150.0-118.7 119.7  -60.9  -15.0   72.9               
  427  427 A D  E >>> -P  432   0H  34      5,-3.0     5,-1.5    -2,-0.5     4,-1.4  -0.753  10.5-170.0 -84.6  95.4  -63.9  -17.3   73.0               
  428  428 A T  T 345S+     0   0  103     -2,-1.1    -1,-0.2     1,-0.2     5,-0.1   0.593  85.4  50.9 -62.9 -15.0  -63.1  -19.6   70.0               
  429  429 A L  T 345S+     0   0  163      3,-0.1    -1,-0.2     1,-0.1    -2,-0.0   0.696 118.1  35.1 -94.6 -26.9  -66.7  -21.1   70.2               
  430  430 A K  T <45S-     0   0  126     -3,-0.6    -2,-0.2     2,-0.2     3,-0.1   0.453 101.3-124.2-102.2  -5.7  -68.6  -17.7   70.3               
  431  431 A E  T  <5 +     0   0   75     -4,-1.4   -26,-2.2     1,-0.2     2,-0.4   0.924  67.6 133.9  57.8  45.2  -66.3  -15.7   67.9               
  432  432 A M  E   < -OP 404 427H  53     -5,-1.5    -5,-3.0   -28,-0.3     2,-0.4  -0.967  54.7-149.4-134.4 126.4  -65.9  -13.1   70.7               
  433  433 A V  E     -OP 403 426H   0    -30,-2.5   -30,-3.0    -2,-0.4     2,-0.5  -0.762  29.5-153.5 -76.2 129.5  -63.0  -11.2   72.3               
  434  434 A I  E     -OP 402 425H  19     -9,-2.9    -9,-2.0    -2,-0.4     2,-0.4  -0.957  10.3-162.7-118.7 123.7  -64.0  -10.6   75.9               
  435  435 A L  E     +OP 401 424H   0    -34,-2.5   -34,-2.6    -2,-0.5     2,-0.3  -0.885  15.4 175.2-100.4 129.5  -62.7   -7.6   78.0               
  436  436 A A  E     +OP 400 423H   0    -13,-2.1   -13,-3.0    -2,-0.4     2,-0.3  -0.994  26.9  74.1-141.5 133.8  -63.1   -7.9   81.8               
  437  437 A G  E    S-O  399   0H   0    -38,-2.1   -38,-2.7    -2,-0.3     2,-0.1  -0.966  82.0  -6.6 169.8-154.9  -61.9   -5.6   84.7               
  438  438 A K  E  >  -O  398   0H 107    -17,-0.4     4,-2.2    -2,-0.3   -40,-0.2  -0.479  69.4-116.5 -64.2 144.1  -62.7   -2.3   86.4               
  439  439 A S  H  > S+     0   0   40    -42,-0.9     4,-1.2     1,-0.2    -1,-0.1   0.807 112.2  50.9 -58.0 -34.5  -65.4   -0.3   84.4               
  440  440 A E  H  > S+     0   0  156      2,-0.2     4,-1.8     1,-0.2    -1,-0.2   0.938 110.7  45.9 -68.6 -50.9  -63.0    2.6   83.6               
  441  441 A D  H  > S+     0   0   34      1,-0.2     4,-1.6     2,-0.2     5,-0.2   0.899 109.8  55.3 -63.8 -39.6  -60.1    0.4   82.2               
  442  442 A V  H  X S+     0   0    0     -4,-2.2     4,-1.8     1,-0.2    -1,-0.2   0.866 107.6  50.0 -63.7 -36.1  -62.5   -1.7   80.1               
  443  443 A Q  H  X S+     0   0  121     -4,-1.2     4,-0.9    -5,-0.2    -1,-0.2   0.894 109.0  52.3 -67.5 -39.3  -63.9    1.5   78.4               
  444  444 A S  H  X S+     0   0   55     -4,-1.8     4,-0.7     1,-0.2    -2,-0.2   0.837 116.4  37.8 -63.1 -37.7  -60.3    2.7   77.6               
  445  445 A I  H  X S+     0   0    3     -4,-1.6     4,-2.4     2,-0.2     5,-0.2   0.763 101.5  72.1 -93.9 -25.5  -59.3   -0.6   75.8               
  446  446 A E  H  X S+     0   0   31     -4,-1.8     4,-1.9    -5,-0.2    -1,-0.2   0.866  98.8  51.0 -51.7 -40.6  -62.6   -1.3   74.1               
  447  447 A V  H  X S+     0   0   78     -4,-0.9     4,-2.3     2,-0.2     5,-0.2   0.973 110.2  46.6 -64.4 -53.0  -61.9    1.7   71.7               
  448  448 A Q  H  X S+     0   0  106     -4,-0.7     4,-2.2     1,-0.2     5,-0.2   0.879 112.4  50.7 -58.7 -42.4  -58.4    0.4   70.7               
  449  449 A V  H  X S+     0   0    2     -4,-2.4     4,-2.0     2,-0.2    -1,-0.2   0.907 110.7  49.3 -64.5 -40.8  -59.7   -3.2   70.2               
  450  450 A R  H  X S+     0   0  116     -4,-1.9     4,-2.4    -5,-0.2    -2,-0.2   0.918 111.1  48.7 -65.7 -42.6  -62.5   -1.9   67.9               
  451  451 A E  H  X S+     0   0  123     -4,-2.3     4,-2.4     2,-0.2     5,-0.2   0.897 113.4  47.1 -63.8 -40.4  -60.1    0.3   65.8               
  452  452 A L  H  X S+     0   0   41     -4,-2.2     4,-2.1    -5,-0.2    -1,-0.2   0.853 112.1  51.4 -70.9 -32.3  -57.7   -2.7   65.4               
  453  453 A I  H  X S+     0   0   22     -4,-2.0     4,-2.3    -5,-0.2    -2,-0.2   0.909 111.2  47.2 -66.2 -44.1  -60.7   -4.9   64.5               
  454  454 A E  H  X S+     0   0  133     -4,-2.4     4,-1.7     2,-0.2    -2,-0.2   0.964 115.8  43.8 -68.1 -45.9  -61.9   -2.4   61.8               
  455  455 A S  H  X S+     0   0   59     -4,-2.4     4,-2.1     1,-0.2    -2,-0.2   0.917 118.6  43.5 -62.6 -43.6  -58.4   -2.0   60.2               
  456  456 A T  H  X S+     0   0   13     -4,-2.1     4,-2.9     2,-0.2     5,-0.2   0.822 107.0  59.9 -80.3 -22.9  -57.7   -5.8   60.3               
  457  457 A T  H  X S+     0   0   48     -4,-2.3     4,-2.0     2,-0.2    -1,-0.2   0.896 108.4  46.3 -67.3 -37.5  -61.2   -6.8   59.1               
  458  458 A Q  H  X S+     0   0   96     -4,-1.7     4,-1.7    -5,-0.2    -2,-0.2   0.973 111.9  52.0 -61.7 -51.2  -60.3   -4.7   56.0               
  459  459 A K  H  X S+     0   0   95     -4,-2.1     4,-1.8     1,-0.2    -2,-0.2   0.885 112.0  44.7 -52.9 -45.1  -56.9   -6.5   55.9               
  460  460 A I  H  X S+     0   0   19     -4,-2.9     4,-3.1     2,-0.2     5,-0.3   0.913 109.1  54.2 -74.1 -37.2  -58.4  -10.1   56.0               
  461  461 A K  H  X S+     0   0  129     -4,-2.0     4,-0.9     1,-0.2    -1,-0.2   0.831 112.9  46.5 -61.7 -28.0  -61.2   -9.3   53.4               
  462  462 A R  H  < S+     0   0   95     -4,-1.7    -2,-0.2     2,-0.2    -1,-0.2   0.827 114.4  47.1 -76.7 -35.4  -58.2   -8.2   51.2               
  463  463 A E  H >< S+     0   0   82     -4,-1.8     3,-1.0    -5,-0.2    -2,-0.2   0.854 111.6  48.4 -78.1 -34.9  -56.2  -11.4   52.2               
  464  464 A E  H 3< S+     0   0  153     -4,-3.1    -3,-0.2     1,-0.3    -2,-0.2   0.846 114.2  47.4 -73.4 -31.7  -59.2  -13.9   51.6               
  465  465 A Q  T 3< S+     0   0  130     -4,-0.9    49,-2.1    -5,-0.3     2,-0.6   0.305  92.4 125.0 -81.6   8.1  -59.8  -12.2   48.2               
  466  466 A S  E <   -Q  513   0I  34     -3,-1.0     2,-0.3    47,-0.2    -3,-0.1  -0.595  47.0-159.9 -80.7 119.6  -56.0  -12.5   47.7               
  467  467 A L  E     -Q  512   0I  44     45,-2.2    45,-1.4    -2,-0.6     2,-0.5  -0.736   6.4-148.9 -88.1 142.1  -54.8  -14.3   44.5               
  468  468 A K  E     +Q  511   0I 142     -2,-0.3     2,-0.3    43,-0.2    43,-0.2  -0.936  24.3 176.8-116.7 111.7  -51.2  -15.7   44.4               
  469  469 A E  E     -Q  510   0I  38     41,-2.2    41,-2.4    -2,-0.5     2,-0.4  -0.744  17.3-152.8-117.7 153.9  -49.7  -15.6   40.9               
  470  470 A K  E     -Q  509   0I 141     -2,-0.3     2,-0.4    39,-0.2    39,-0.2  -0.996   8.5-173.7-133.0 137.0  -46.3  -16.6   39.4               
  471  471 A M  E     -Q  508   0I  14     37,-2.8    37,-2.9    -2,-0.4     2,-0.5  -0.992  26.4-125.5-132.0 130.7  -44.5  -15.2   36.2               
  472  472 A I  E     +Q  507   0I 135     -2,-0.4     2,-0.3    35,-0.2    35,-0.2  -0.668  41.3 163.7 -76.7 119.1  -41.3  -16.4   34.6               
  473  473 A I        -     0   0    4     33,-2.5    -2,-0.0    -2,-0.5    55,-0.0  -0.990  33.1-125.9-140.1 127.3  -39.0  -13.3   34.3               
  474  474 A S     >  -     0   0   35     -2,-0.3     4,-2.8     1,-0.1     5,-0.3  -0.346  29.1-108.4 -71.8 156.1  -35.2  -13.4   33.6               
  475  475 A P  H  > S+     0   0   31      0, 0.0     4,-1.3     0, 0.0    -1,-0.1   0.745 121.1  48.7 -56.9 -28.1  -32.7  -11.6   35.9               
  476  476 A G  H  > S+     0   0    0      2,-0.2     4,-1.9     3,-0.1     5,-0.2   0.928 111.3  47.2 -73.7 -49.0  -32.0   -9.0   33.2               
  477  477 A R  H  > S+     0   0   72      1,-0.2     4,-2.2     2,-0.2     5,-0.1   0.917 112.5  50.9 -62.5 -38.8  -35.8   -8.3   32.5               
  478  478 A Y  H  X S+     0   0   62     -4,-2.8     4,-2.3     2,-0.2    -1,-0.2   0.922 106.3  55.0 -61.8 -42.4  -36.4   -8.1   36.3               
  479  479 A F  H  X S+     0   0   15     -4,-1.3     4,-0.6    -5,-0.3    -2,-0.2   0.886 109.2  48.0 -58.6 -38.8  -33.5   -5.5   36.5               
  480  480 A L  H >X S+     0   0    0     -4,-1.9     4,-1.3     2,-0.2     3,-1.1   0.919 108.0  54.2 -67.9 -41.7  -35.3   -3.4   33.8               
  481  481 A L  H >< S+     0   0    0     -4,-2.2     3,-1.0     1,-0.2     6,-0.7   0.942 105.0  54.8 -55.3 -47.8  -38.7   -3.6   35.6               
  482  482 A C  H 3< S+     0   0   49     -4,-2.3    -1,-0.2     1,-0.3    -2,-0.2   0.628 115.4  38.5 -61.5 -20.3  -37.0   -2.3   38.9               
  483  483 A H  H << S+     0   0   67     -3,-1.1    -1,-0.3    -4,-0.6    -2,-0.2   0.527  99.6  76.9-102.5 -11.3  -35.7    0.8   36.9               
  484  484 A S  S << S-     0   0    9     -4,-1.3    -2,-0.1    -3,-1.0    -3,-0.1   0.300  97.2-126.4 -81.5   6.3  -38.8    1.3   34.7               
  485  485 A S  S  > S+     0   0   78     -4,-0.2     4,-2.5    -3,-0.2     5,-0.2   0.266  83.9 111.0  55.7  -4.2  -40.9    2.9   37.6               
  486  486 A L  H  > S+     0   0   18     -5,-0.4     4,-2.8     2,-0.2     5,-0.2   0.885  74.4  48.9 -63.7 -40.2  -43.6    0.3   36.9               
  487  487 A L  H  > S+     0   0   15     -6,-0.7     4,-2.2     2,-0.2    -1,-0.2   0.912 113.7  46.6 -68.0 -38.2  -43.0   -1.6   40.2               
  488  488 A D  H  > S+     0   0   95      2,-0.2     4,-0.9     1,-0.2    -2,-0.2   0.886 113.5  49.8 -67.6 -38.6  -43.2    1.7   42.2               
  489  489 A H  H >X S+     0   0   97     -4,-2.5     4,-2.6     2,-0.2     3,-0.7   0.950 111.1  48.1 -64.2 -47.3  -46.4    2.7   40.2               
  490  490 A L  H 3X S+     0   0    0     -4,-2.8     4,-2.6     1,-0.3     7,-0.2   0.885 111.2  50.5 -62.8 -39.2  -48.0   -0.7   40.9               
  491  491 A L  H 3< S+     0   0   85     -4,-2.2    -1,-0.3     1,-0.2    -2,-0.2   0.688 115.5  44.8 -70.1 -19.1  -47.1   -0.5   44.6               
  492  492 A T  H << S+     0   0  110     -4,-0.9    -2,-0.2    -3,-0.7    -1,-0.2   0.810 122.6  33.9 -87.3 -38.8  -48.7    3.1   44.6               
  493  493 A E  H  < S+     0   0   95     -4,-2.6    -3,-0.2     1,-0.2    -2,-0.2   0.776 129.9  34.2 -93.4 -30.0  -51.9    2.2   42.6               
  494  494 A C  S >< S+     0   0    3     -4,-2.6     3,-2.0    -5,-0.3    -1,-0.2  -0.652  72.5 170.0-117.0  66.2  -52.4   -1.4   44.0               
  495  495 A P  T 3  S+     0   0   96      0, 0.0    -4,-0.1     0, 0.0    -1,-0.1   0.481  71.5  64.6 -65.0  -0.5  -51.1   -0.7   47.6               
  496  496 A E  T 3  S+     0   0   66      2,-0.0     2,-0.5    17,-0.0    -5,-0.1   0.239  81.7 103.9-103.5   6.8  -52.4   -4.2   48.7               
  497  497 A I    <   -     0   0    7     -3,-2.0     2,-0.5    -7,-0.2    15,-0.3  -0.833  56.4-154.0-100.9 123.0  -50.0   -6.1   46.4               
  498  498 A E  E     -R  511   0I 101     13,-3.4    13,-1.9    -2,-0.5     2,-0.5  -0.805  12.5-164.8 -83.7 126.1  -46.8   -8.0   47.5               
  499  499 A I  E     +R  510   0I  35     -2,-0.5     2,-0.4    11,-0.2    11,-0.2  -0.966  13.4 171.6-116.4 120.6  -44.2   -8.3   44.7               
  500  500 A C  E     -R  509   0I  81      9,-2.5     9,-3.2    -2,-0.5     2,-0.5  -0.995  18.4-152.3-134.3 135.1  -41.4  -10.8   45.3               
  501  501 A Y  E     -R  508   0I  44     -2,-0.4     2,-0.8     7,-0.2     7,-0.2  -0.915   2.7-156.2-115.5 118.7  -38.6  -12.1   42.9               
  502  502 A D  E  >> -R  507   0I  64      5,-2.9     4,-1.2    -2,-0.5     5,-1.1  -0.778   5.1-170.4 -88.2 108.5  -37.0  -15.5   43.2               
  503  503 A R  T  45S+     0   0  178     -2,-0.8    -1,-0.1     3,-0.2     5,-0.1   0.665  83.5  53.9 -71.6 -20.4  -33.5  -15.3   41.5               
  504  504 A V  T  45S+     0   0  134      1,-0.1    -1,-0.2     3,-0.1    -2,-0.0   0.920 120.7  27.7 -82.1 -48.9  -33.0  -19.1   41.6               
  505  505 A T  T  45S-     0   0   75      2,-0.1    -2,-0.2   -33,-0.0    -1,-0.1   0.519 103.0-126.0 -89.9  -5.1  -36.2  -20.2   39.9               
  506  506 A Q  T  <5 +     0   0   86     -4,-1.2   -33,-2.5     1,-0.2     2,-0.5   0.821  61.0 142.2  59.7  37.3  -36.5  -16.9   37.8               
  507  507 A H  E   < -QR 472 502I  54     -5,-1.1    -5,-2.9   -35,-0.2     2,-0.5  -0.930  45.2-153.4-109.6 130.3  -40.1  -16.3   39.1               
  508  508 A L  E     -QR 471 501I   0    -37,-2.9   -37,-2.8    -2,-0.5     2,-0.4  -0.843  22.1-155.1 -84.4 131.6  -41.8  -13.0   39.9               
  509  509 A C  E     -QR 470 500I  24     -9,-3.2    -9,-2.5    -2,-0.5     2,-0.4  -0.949   7.6-164.4-111.7 133.9  -44.5  -13.7   42.5               
  510  510 A L  E     +QR 469 499I   0    -41,-2.4   -41,-2.2    -2,-0.4     2,-0.3  -0.946   9.7 175.1-115.8 135.3  -47.6  -11.5   43.0               
  511  511 A K  E     +QR 468 498I  51    -13,-1.9   -13,-3.4    -2,-0.4   -43,-0.2  -0.918  33.9  88.0-143.3 117.9  -49.9  -11.7   46.1               
  512  512 A G  E    S-Q  467   0I   3    -45,-1.4   -45,-2.2    -2,-0.3   -15,-0.2  -0.931  80.9 -22.7 177.5-175.9  -52.8   -9.2   46.7               
  513  513 A P  E  >  -Q  466   0I  16      0, 0.0     4,-2.9     0, 0.0     5,-0.3  -0.161  66.4-114.3 -50.4 142.2  -56.6   -8.7   45.8               
  514  514 A S  H  > S+     0   0   55    -49,-2.1     4,-2.1     1,-0.2     5,-0.2   0.838 115.6  48.4 -55.5 -36.8  -57.6  -10.7   42.7               
  515  515 A A  H  > S+     0   0   68      2,-0.2     4,-2.7     1,-0.2    -1,-0.2   0.968 114.6  45.0 -63.6 -52.9  -58.3   -7.5   40.6               
  516  516 A D  H  > S+     0   0   38      2,-0.2     4,-3.1     1,-0.2     5,-0.3   0.877 113.5  50.8 -58.2 -42.8  -55.0   -5.9   41.6               
  517  517 A V  H  X S+     0   0    0     -4,-2.9     4,-2.3     2,-0.2    -1,-0.2   0.906 112.6  45.0 -68.0 -41.2  -53.0   -9.1   41.0               
  518  518 A Y  H  X S+     0   0  119     -4,-2.1     4,-2.5    -5,-0.3    -2,-0.2   0.903 115.4  49.2 -68.4 -37.1  -54.6   -9.6   37.5               
  519  519 A K  H  X S+     0   0   73     -4,-2.7     4,-2.8     2,-0.2     5,-0.2   0.982 114.7  42.8 -61.5 -56.7  -54.0   -5.8   36.8               
  520  520 A A  H  X S+     0   0    0     -4,-3.1     4,-2.5     1,-0.2     5,-0.2   0.872 114.2  52.9 -58.5 -39.7  -50.3   -6.0   37.9               
  521  521 A K  H  X S+     0   0   38     -4,-2.3     4,-2.3    -5,-0.3    -1,-0.2   0.934 112.0  45.4 -60.3 -46.3  -49.9   -9.3   36.1               
  522  522 A C  H  X S+     0   0   73     -4,-2.5     4,-3.1     2,-0.2    -2,-0.2   0.951 114.9  45.9 -63.5 -49.8  -51.3   -7.7   32.8               
  523  523 A E  H  X S+     0   0   46     -4,-2.8     4,-2.7     1,-0.2    -2,-0.2   0.893 115.7  46.0 -64.1 -40.0  -49.1   -4.5   33.1               
  524  524 A I  H  X S+     0   0    0     -4,-2.5     4,-2.0    -5,-0.2    -1,-0.2   0.895 113.9  49.8 -69.5 -37.6  -45.9   -6.5   33.9               
  525  525 A Q  H  X S+     0   0  100     -4,-2.3     4,-1.8    -5,-0.2    -2,-0.2   0.945 113.2  46.0 -63.4 -46.1  -46.8   -9.0   31.1               
  526  526 A E  H  X S+     0   0  138     -4,-3.1     4,-2.1     2,-0.2     3,-0.3   0.958 114.2  47.8 -59.8 -49.6  -47.3   -6.0   28.6               
  527  527 A K  H  < S+     0   0   76     -4,-2.7    -1,-0.2     1,-0.2     4,-0.2   0.817 113.4  47.7 -63.8 -33.1  -44.0   -4.3   29.9               
  528  528 A V  H  < S+     0   0   21     -4,-2.0     3,-0.4     2,-0.2    -1,-0.2   0.774 109.7  54.3 -75.4 -27.8  -42.1   -7.6   29.5               
  529  529 A Y  H  < S+     0   0  212     -4,-1.8    -2,-0.2    -3,-0.3    -3,-0.2   0.836 104.6  53.3 -75.8 -31.7  -43.6   -8.1   26.0               
  530  530 A T  S  < S+     0   0   64     -4,-2.1     2,-0.7    -5,-0.1    -1,-0.2   0.558  82.3 115.2 -75.7  -7.5  -42.4   -4.6   24.9               
  531  531 A M        -     0   0   13     -3,-0.4    49,-0.2    -4,-0.2     2,-0.2  -0.535  53.5-160.6 -70.8 110.3  -38.8   -5.6   26.0               
  532  532 A A  E     -S  579   0J  20     47,-1.5    47,-2.5    -2,-0.7     2,-0.3  -0.591   3.9-159.6 -90.6 149.0  -36.6   -5.7   22.8               
  533  533 A Q  E     +S  578   0J  80     -2,-0.2     2,-0.3    45,-0.2    45,-0.2  -0.976   9.7 179.1-131.8 142.4  -33.3   -7.5   22.6               
  534  534 A K  E     -S  577   0J  78     43,-2.5    43,-2.9    -2,-0.3     2,-0.4  -0.951  21.5-140.2-147.1 126.4  -30.3   -7.1   20.1               
  535  535 A N  E     -S  576   0J  73     -2,-0.3     2,-0.3    41,-0.2    41,-0.2  -0.708  27.0-170.9 -79.9 131.1  -26.9   -8.9   19.8               
  536  536 A I  E     -S  575   0J   9     39,-2.8    39,-2.5    -2,-0.4     2,-0.4  -0.902  18.7-131.7-120.9 150.6  -24.0   -6.5   18.9               
  537  537 A Q        +     0   0  169     -2,-0.3     2,-0.2    37,-0.2    37,-0.1  -0.888  26.6 178.7 -99.4 133.4  -20.4   -7.0   17.9               
  538  538 A V        -     0   0   35     -2,-0.4    55,-0.0     1,-0.1     5,-0.0  -0.762  39.8 -79.5-121.6 167.8  -17.6   -5.0   19.7               
  539  539 A S     >  -     0   0   24     -2,-0.2     4,-2.9     1,-0.1     5,-0.2  -0.356  41.5-112.7 -65.5 154.7  -13.8   -5.1   19.3               
  540  540 A P  H  > S+     0   0  106      0, 0.0     4,-2.5     0, 0.0     5,-0.1   0.864 120.5  52.1 -55.8 -35.8  -11.9   -8.0   21.0               
  541  541 A E  H  > S+     0   0   18      2,-0.2     4,-1.6     1,-0.2     5,-0.1   0.914 110.9  45.8 -65.0 -45.0  -10.3   -5.3   23.3               
  542  542 A I  H  > S+     0   0   20      2,-0.2     4,-2.6     1,-0.2    -1,-0.2   0.905 112.8  51.0 -67.5 -38.9  -13.7   -3.9   24.3               
  543  543 A F  H  X S+     0   0   25     -4,-2.9     4,-2.2     1,-0.2    -2,-0.2   0.946 109.3  50.5 -61.4 -45.0  -15.1   -7.5   24.8               
  544  544 A Q  H  < S+     0   0   85     -4,-2.5     4,-0.3     2,-0.2    -1,-0.2   0.807 111.3  49.4 -63.0 -32.0  -12.1   -8.2   27.1               
  545  545 A F  H >< S+     0   0    1     -4,-1.6     3,-1.6     2,-0.2     4,-0.5   0.937 109.6  50.2 -68.9 -46.5  -12.9   -5.0   29.0               
  546  546 A L  H >< S+     0   0    2     -4,-2.6     3,-0.7     1,-0.3    -2,-0.2   0.839 105.4  58.0 -64.0 -31.7  -16.6   -5.9   29.4               
  547  547 A Q  T 3< S+     0   0  118     -4,-2.2    -1,-0.3     1,-0.2    -2,-0.2   0.655 107.5  49.0 -65.8 -18.8  -15.5   -9.4   30.7               
  548  548 A Q  T <  S+     0   0   98     -3,-1.6     2,-0.3    -4,-0.3    -1,-0.2   0.422 101.1  72.3-105.3  -3.0  -13.6   -7.6   33.5               
  549  549 A V  S <  S-     0   0   18     -3,-0.7     2,-0.7    -4,-0.5     3,-0.0  -0.833  92.0-101.6-111.7 151.2  -16.3   -5.2   34.8               
  550  550 A N     >  -     0   0  100     -2,-0.3     4,-3.0     1,-0.2     5,-0.3  -0.622  30.8-148.1 -70.6 113.2  -19.5   -6.0   36.7               
  551  551 A W  H  > S+     0   0   70     -2,-0.7     4,-2.1     1,-0.2    17,-0.4   0.785  92.4  51.1 -58.5 -30.7  -22.2   -6.0   34.0               
  552  552 A K  H  > S+     0   0   50      2,-0.2     4,-2.1     3,-0.2    -1,-0.2   0.969 115.6  38.5 -70.8 -53.3  -25.0   -4.7   36.4               
  553  553 A E  H  > S+     0   0   78      2,-0.2     4,-2.3     1,-0.2    -2,-0.2   0.904 118.3  50.1 -67.8 -37.0  -23.0   -1.7   37.9               
  554  554 A F  H  X S+     0   0    7     -4,-3.0     4,-2.5     2,-0.2     5,-0.2   0.905 108.5  52.7 -69.1 -36.1  -21.5   -1.0   34.4               
  555  555 A S  H  X>S+     0   0    0     -4,-2.1     4,-2.5    -5,-0.3     5,-1.4   0.897 109.5  50.5 -62.8 -38.2  -25.1   -1.1   32.8               
  556  556 A K  H  <>S+     0   0   72     -4,-2.1     5,-2.7     3,-0.2     6,-0.2   0.956 115.8  41.0 -60.1 -51.0  -26.2    1.5   35.5               
  557  557 A C  H  <5S+     0   0   65     -4,-2.3    -2,-0.2     3,-0.2    -1,-0.2   0.824 122.2  41.1 -66.4 -35.3  -23.2    3.8   34.7               
  558  558 A L  H  <5S+     0   0    8     -4,-2.5    -2,-0.2    -5,-0.2    -3,-0.2   0.888 135.3   3.8 -82.9 -43.0  -23.5    3.3   30.9               
  559  559 A F  T ><>S+     0   0    0     -4,-2.5     5,-2.4    -5,-0.2     3,-1.4   0.824 125.0  50.3-113.1 -58.7  -27.3    3.4   30.3               
  560  560 A I  G > <S+     0   0   37     -5,-1.4     3,-2.1     6,-0.3    -3,-0.2   0.890 108.2  55.8 -61.5 -40.4  -29.4    4.1   33.4               
  561  561 A A  G 3 <S+     0   0   73     -5,-2.7    -1,-0.3     1,-0.3    -4,-0.1   0.731 108.5  49.2 -62.6 -22.3  -27.3    7.2   34.4               
  562  562 A Q  G < 5S-     0   0  114     -3,-1.4    -1,-0.3    -6,-0.2    -2,-0.2   0.206 123.5-108.2 -94.8  10.8  -28.1    8.6   30.8               
  563  563 A K  T < 5S+     0   0  198     -3,-2.1     2,-0.7     1,-0.2    -3,-0.2   0.607  76.6 139.4  63.0  19.1  -31.9    7.8   31.4               
  564  564 A I      < -     0   0   14     -5,-2.4     2,-2.1    23,-0.1    -1,-0.2  -0.820  51.4-143.3 -91.1 113.1  -31.6    4.9   28.9               
  565  565 A L        +     0   0   51     -2,-0.7    15,-1.6    -3,-0.1     2,-0.3  -0.505  60.7 109.6 -77.2  73.9  -33.7    1.9   30.2               
  566  566 A A  E     -T  579   0J   0     -2,-2.1    -6,-0.3    13,-0.2     2,-0.3  -0.941  43.7-168.8-142.0 164.3  -31.2   -0.8   29.0               
  567  567 A L  E     -T  578   0J   0     11,-2.1    11,-2.3    -2,-0.3     2,-0.4  -0.944  16.3-132.8-141.4 165.4  -28.6   -3.4   30.1               
  568  568 A Y  E     -T  577   0J   0    -17,-0.4     2,-0.3    -2,-0.3     9,-0.2  -0.974  16.5-176.7-119.7 144.0  -26.0   -5.6   28.5               
  569  569 A E  E     -T  576   0J  48      7,-2.3     7,-2.4    -2,-0.4     2,-0.6  -0.852  30.4-115.2-123.0 159.9  -25.3   -9.3   29.1               
  570  570 A L  E     -T  575   0J  69     -2,-0.3     2,-0.5     5,-0.2     5,-0.2  -0.908  30.2-177.5-103.4 118.8  -22.4  -11.3   27.5               
  571  571 A E  E >   -T  574   0J  97      3,-2.2     3,-2.4    -2,-0.6     2,-0.6  -0.936  59.1 -59.7-120.6 104.8  -23.6  -14.1   25.1               
  572  572 A G  T 3  S-     0   0   73     -2,-0.5    -2,-0.0     1,-0.3     0, 0.0  -0.452 119.1 -21.5  63.5-106.8  -20.7  -16.3   23.6               
  573  573 A T  T 3  S+     0   0  124     -2,-0.6    -1,-0.3     2,-0.0     2,-0.3   0.082 128.4  77.9-115.8  15.7  -18.5  -13.7   21.7               
  574  574 A T  E <  S- T   0 571J  32     -3,-2.4    -3,-2.2   -37,-0.1     2,-0.6  -0.797  77.3-120.1-123.6 160.9  -21.3  -11.1   21.4               
  575  575 A V  E     -ST 536 570J   0    -39,-2.5   -39,-2.8    -2,-0.3     2,-0.8  -0.945  22.1-148.7-105.8 121.1  -22.9   -8.5   23.7               
  576  576 A L  E     -ST 535 569J  27     -7,-2.4    -7,-2.3    -2,-0.6     2,-0.4  -0.803  11.1-160.6 -91.5 107.7  -26.7   -8.9   24.2               
  577  577 A L  E     -ST 534 568J   0    -43,-2.9   -43,-2.5    -2,-0.8     2,-0.4  -0.733   7.6-172.2 -82.2 138.6  -28.5   -5.6   24.7               
  578  578 A T  E     +ST 533 567J   1    -11,-2.3   -11,-2.1    -2,-0.4     2,-0.3  -0.999  11.5 164.0-131.8 133.9  -31.9   -5.7   26.4               
  579  579 A S  E     -ST 532 566J   0    -47,-2.5   -47,-1.5    -2,-0.4   -13,-0.2  -0.975  47.9-111.1-150.9 159.1  -34.2   -2.6   26.7               
  580  580 A C  S    S+     0   0   11    -15,-1.6     2,-0.3    -2,-0.3   -14,-0.1   0.556  99.3   9.6 -71.8 -13.5  -37.9   -1.6   27.5               
  581  581 A S  S  > S-     0   0   37    -16,-0.2     4,-1.7   -49,-0.1     5,-0.1  -0.957  77.8-106.1-152.9 171.4  -38.5   -0.4   23.9               
  582  582 A S  H  > S+     0   0   70     -2,-0.3     4,-1.9     2,-0.2     5,-0.1   0.857 119.4  51.4 -71.8 -32.4  -36.9   -0.4   20.4               
  583  583 A E  H  > S+     0   0  137      2,-0.2     4,-2.5     1,-0.2     5,-0.2   0.937 111.1  47.0 -67.3 -46.5  -36.0    3.3   20.6               
  584  584 A A  H  > S+     0   0   22      1,-0.2     4,-2.0     2,-0.2    -2,-0.2   0.841 111.1  53.2 -66.9 -30.5  -34.3    2.8   24.0               
  585  585 A L  H  X S+     0   0   13     -4,-1.7     4,-2.3     2,-0.2    -1,-0.2   0.895 110.5  46.4 -67.5 -41.8  -32.5   -0.3   22.6               
  586  586 A L  H  X S+     0   0  103     -4,-1.9     4,-2.6     2,-0.2    -2,-0.2   0.890 113.0  48.7 -68.2 -39.9  -31.1    1.8   19.6               
  587  587 A E  H  X S+     0   0   75     -4,-2.5     4,-2.9     2,-0.2    -2,-0.2   0.874 110.9  51.8 -69.5 -32.3  -30.1    4.6   22.0               
  588  588 A A  H  X S+     0   0    0     -4,-2.0     4,-2.8     2,-0.2    -2,-0.2   0.931 110.9  46.8 -65.4 -45.2  -28.4    2.0   24.2               
  589  589 A E  H  X S+     0   0   38     -4,-2.3     4,-2.5     2,-0.2     5,-0.2   0.955 115.0  47.3 -58.6 -48.7  -26.5    0.6   21.2               
  590  590 A K  H  X S+     0   0  118     -4,-2.6     4,-1.7     1,-0.2    -2,-0.2   0.929 114.1  46.9 -57.2 -48.6  -25.5    4.2   20.2               
  591  591 A Q  H  X S+     0   0   33     -4,-2.9     4,-1.9     2,-0.2     5,-0.2   0.882 112.7  49.2 -63.4 -41.7  -24.5    5.0   23.8               
  592  592 A M  H  X S+     0   0    2     -4,-2.8     4,-1.3     1,-0.2    -2,-0.2   0.920 114.9  44.1 -65.8 -42.6  -22.4    1.7   24.1               
  593  593 A L  H  < S+     0   0  100     -4,-2.5    -1,-0.2    -5,-0.2    -2,-0.2   0.742 119.4  43.2 -73.7 -25.3  -20.6    2.3   20.8               
  594  594 A S  H  < S+     0   0   73     -4,-1.7    -2,-0.2    -5,-0.2    -1,-0.2   0.660 115.6  46.0 -93.3 -20.4  -20.0    6.1   21.6               
  595  595 A A  H  < S+     0   0   21     -4,-1.9    56,-2.7    -5,-0.2     2,-0.3   0.699 103.8  68.1 -94.3 -23.1  -18.9    5.7   25.3               
  596  596 A L  E  <  +U  650   0K  10     -4,-1.3     2,-0.3    54,-0.2    54,-0.2  -0.781  58.8 151.9-103.7 141.5  -16.4    2.8   24.8               
  597  597 A N  E     -U  649   0K  55     52,-2.6    52,-2.4    -2,-0.3     2,-0.3  -0.982  26.7-147.5-155.9 164.5  -13.1    3.0   23.0               
  598  598 A Y  E     -U  648   0K  85     -2,-0.3     2,-0.3    50,-0.2    50,-0.2  -0.984   9.9-167.2-135.9 151.4   -9.5    1.5   22.8               
  599  599 A K  E     -U  647   0K  60     48,-2.6    48,-2.9    -2,-0.3     2,-0.3  -0.994   6.7-151.8-135.7 147.5   -6.1    3.0   21.8               
  600  600 A R  E     -U  646   0K 110     -2,-0.3     2,-0.5    46,-0.2    46,-0.2  -0.904   1.7-159.7-117.0 144.7   -2.7    1.5   21.0               
  601  601 A I  E     -U  645   0K   5     44,-1.8    44,-2.1    -2,-0.3     2,-0.3  -0.982  15.6-145.4-121.7 113.0    0.8    2.9   21.5               
  602  602 A E  E     -U  644   0K 155     -2,-0.5     2,-0.5    42,-0.2    42,-0.2  -0.594  11.9-154.4 -74.3 138.0    3.5    1.3   19.3               
  603  603 A V        -     0   0    8     40,-2.7    40,-0.2    -2,-0.3     3,-0.1  -0.871  15.9-174.0-126.5  98.9    6.9    1.1   21.1               
  604  604 A E  S    S+     0   0  105     -2,-0.5     2,-0.5     1,-0.2    -1,-0.1   0.820  83.6  43.2 -59.4 -35.6   10.1    1.0   18.9               
  605  605 A N    >   -     0   0   38      1,-0.1     3,-1.3    38,-0.0     4,-0.3  -0.929  67.7-163.8-120.0 111.4   12.4    0.4   22.1               
  606  606 A K  T >> S+     0   0   61     -2,-0.5     3,-1.4     1,-0.2     4,-0.9   0.706  79.2  80.9 -64.0 -24.9   11.0   -2.1   24.7               
  607  607 A E  H 3> S+     0   0  136      1,-0.3     4,-0.8     2,-0.2     3,-0.3   0.803  82.0  67.0 -54.3 -30.6   13.5   -0.8   27.4               
  608  608 A V  H X4 S+     0   0   14     -3,-1.3     3,-0.5     1,-0.2     6,-0.4   0.869  99.2  49.4 -57.9 -39.2   11.0    2.1   28.1               
  609  609 A L  H <4 S+     0   0    1     -3,-1.4    -1,-0.2    -4,-0.3    -2,-0.2   0.774 108.6  52.3 -76.0 -27.3    8.3   -0.4   29.4               
  610  610 A H  H 3< S+     0   0  140     -4,-0.9    -1,-0.2    -3,-0.3    -2,-0.2   0.599  86.9 111.7 -82.1 -11.8   10.8   -2.1   31.8               
  611  611 A G  S XX S-     0   0   30     -4,-0.8     4,-1.6    -3,-0.5     3,-1.3  -0.427  74.8-129.0 -68.2 135.2   11.8    1.3   33.3               
  612  612 A K  H 3> S+     0   0  198      1,-0.3     4,-2.0     2,-0.2     5,-0.1   0.817 109.3  59.6 -49.7 -36.2   10.8    2.0   37.0               
  613  613 A K  H 3> S+     0   0  151      2,-0.2     4,-2.0     1,-0.2    -1,-0.3   0.867 103.8  49.6 -61.8 -39.6    9.3    5.4   35.8               
  614  614 A W  H <> S+     0   0    0     -3,-1.3     4,-2.8    -6,-0.4     5,-0.2   0.930 110.6  48.6 -67.9 -45.5    6.8    3.5   33.4               
  615  615 A K  H  X S+     0   0   97     -4,-1.6     4,-1.9     1,-0.2    -2,-0.2   0.875 112.5  49.7 -65.3 -35.2    5.6    1.1   36.1               
  616  616 A G  H  X S+     0   0   33     -4,-2.0     4,-2.0    -5,-0.2    -1,-0.2   0.914 112.9  47.1 -64.6 -42.9    5.1    4.0   38.5               
  617  617 A L  H  X S+     0   0   43     -4,-2.0     4,-2.0     2,-0.2    -2,-0.2   0.944 113.6  46.0 -65.2 -49.8    3.1    6.0   35.8               
  618  618 A T  H  X S+     0   0   13     -4,-2.8     4,-2.4     2,-0.2     5,-0.2   0.917 113.4  49.4 -63.0 -43.7    0.8    3.0   34.8               
  619  619 A H  H  X S+     0   0  122     -4,-1.9     4,-2.6    -5,-0.2    -1,-0.2   0.931 112.2  48.0 -60.5 -46.0    0.1    2.0   38.4               
  620  620 A N  H  X S+     0   0  103     -4,-2.0     4,-1.5     2,-0.2    -1,-0.2   0.843 111.5  51.1 -65.4 -34.1   -0.8    5.7   39.3               
  621  621 A L  H  X S+     0   0   11     -4,-2.0     4,-2.6     2,-0.2     5,-0.3   0.950 112.1  45.1 -68.8 -47.7   -3.1    6.0   36.2               
  622  622 A L  H  X S+     0   0   57     -4,-2.4     4,-2.4     1,-0.2    -2,-0.2   0.943 113.4  51.1 -59.5 -47.5   -5.0    2.8   37.0               
  623  623 A K  H  < S+     0   0  156     -4,-2.6    -1,-0.2    -5,-0.2    -2,-0.2   0.815 114.7  44.5 -60.2 -34.1   -5.4    3.8   40.7               
  624  624 A K  H >< S+     0   0  145     -4,-1.5     3,-0.7    -5,-0.2    -2,-0.2   0.951 119.2  37.3 -74.2 -52.5   -6.7    7.3   39.6               
  625  625 A Q  H 3< S+     0   0   27     -4,-2.6     3,-0.3     1,-0.2    -2,-0.2   0.795 114.7  53.3 -77.2 -28.2   -9.2    6.3   36.9               
  626  626 A N  T 3<  +     0   0   34     -4,-2.4    -1,-0.2    -5,-0.3     4,-0.1  -0.159  62.3 127.5-100.1  36.6  -10.6    3.0   38.5               
  627  627 A S  S <  S+     0   0  100     -3,-0.7    -1,-0.2     1,-0.2     3,-0.1   0.889  87.2   1.3 -63.9 -38.7  -11.6    4.5   41.9               
  628  628 A S  S    S+     0   0  110      1,-0.7    -1,-0.2    -3,-0.3     2,-0.1  -0.463 133.7   7.9 175.5 136.3  -15.0    2.9   41.4               
  629  629 A P  S    S-     0   0   46      0, 0.0    -1,-0.7     0, 0.0     2,-0.3   0.770  94.2 -93.3 -73.2-173.8  -16.1    1.2   39.0               
  630  630 A N        +     0   0   66      1,-0.2    -4,-0.1    -3,-0.1     3,-0.1  -0.496  47.9 166.2 -61.1 123.2  -13.3    0.2   36.5               
  631  631 A T        +     0   0   25     -2,-0.3    19,-2.6     1,-0.3     2,-0.3   0.626  61.4  30.1-110.9 -23.7  -13.2    2.8   33.7               
  632  632 A V  E     -V  649   0K   0     17,-0.2     2,-0.3   -10,-0.1    -1,-0.3  -1.000  54.3-164.5-143.4 141.3   -9.8    1.9   32.0               
  633  633 A I  E     -V  648   0K  19     15,-2.6    15,-2.1    -2,-0.3     2,-0.4  -0.940   8.9-158.2-115.9 144.3   -7.5   -1.1   31.5               
  634  634 A I  E     -V  647   0K  21     -2,-0.3     2,-0.4    13,-0.2    13,-0.2  -0.962  12.7-174.5-123.8 110.9   -3.8   -0.9   30.4               
  635  635 A N  E     -V  646   0K  44     11,-2.8    11,-2.6    -2,-0.4     2,-0.5  -0.890  13.2-151.9-104.7 133.8   -2.4   -4.0   28.7               
  636  636 A E  E     -V  645   0K  65     -2,-0.4     2,-0.5     9,-0.2     9,-0.2  -0.929  13.1-170.3-102.5 122.8    1.3   -4.4   27.8               
  637  637 A L  E     -V  644   0K  87      7,-2.9     7,-2.7    -2,-0.5     2,-0.5  -0.967   5.2-179.1-117.8 119.0    1.9   -6.7   24.8               
  638  638 A T  E     +V  643   0K  85     -2,-0.5     5,-0.2     5,-0.2     2,-0.2  -0.974   4.3 173.0-122.8 122.5    5.5   -7.8   24.0               
  639  639 A S        -     0   0   53      3,-2.7    -2,-0.0    -2,-0.5     0, 0.0  -0.529  50.9 -95.5-104.8-177.5    6.6  -10.0   21.1               
  640  640 A E  S    S+     0   0  190     -2,-0.2     3,-0.0     1,-0.1    -1,-0.0   0.881 124.3  25.1 -65.6 -31.8   10.1  -10.8   19.9               
  641  641 A T  S    S+     0   0  125      1,-0.1     2,-0.3    -3,-0.0    -1,-0.1   0.681 125.2  32.0-109.2 -21.7    9.9   -8.1   17.2               
  642  642 A T        -     0   0   88    -37,-0.0    -3,-2.7     2,-0.0     2,-0.3  -0.865  51.3-158.7-135.1 160.9    7.3   -5.5   18.5               
  643  643 A A  E     + V   0 638K   4     -2,-0.3   -40,-2.7   -40,-0.2     2,-0.3  -0.970  15.7 177.5-139.6 136.2    5.8   -4.0   21.7               
  644  644 A E  E     -UV 602 637K  51     -7,-2.7    -7,-2.9    -2,-0.3     2,-0.5  -0.976  20.5-147.4-133.0 148.1    2.4   -2.3   22.0               
  645  645 A V  E     -UV 601 636K   0    -44,-2.1   -44,-1.8    -2,-0.3     2,-0.4  -0.979  17.7-160.0-114.3 118.0    0.5   -0.7   24.9               
  646  646 A I  E     -UV 600 635K   9    -11,-2.6   -11,-2.8    -2,-0.5     2,-0.4  -0.853   5.7-169.2-102.5 132.0   -3.3   -1.1   24.7               
  647  647 A I  E     +UV 599 634K   0    -48,-2.9   -48,-2.6    -2,-0.4     2,-0.3  -0.989  14.9 175.2-123.4 118.1   -5.6    1.2   26.7               
  648  648 A T  E     +UV 598 633K   5    -15,-2.1   -15,-2.6    -2,-0.4     2,-0.3  -0.969  27.7  55.2-134.9 142.6   -9.4    0.2   26.7               
  649  649 A G  E    S+UV 597 632K   1    -52,-2.4   -52,-2.6    -2,-0.3   -17,-0.2  -0.998  84.2  19.9 145.9-141.0  -12.6    1.4   28.4               
  650  650 A C  E  >  -U  596   0K  26    -19,-2.6     4,-2.9    -2,-0.3     5,-0.3  -0.395  69.6-123.6 -67.7 135.7  -14.5    4.8   28.7               
  651  651 A V  H  > S+     0   0   45    -56,-2.7     4,-1.8     1,-0.2    -1,-0.1   0.797 106.8  45.5 -50.8 -43.3  -13.7    7.3   25.9               
  652  652 A K  H  > S+     0   0  119    -57,-0.2     4,-2.5     2,-0.2    -1,-0.2   0.972 116.7  42.7 -68.9 -51.4  -12.6   10.2   28.3               
  653  653 A E  H  > S+     0   0   30      1,-0.2     4,-2.6     2,-0.2     5,-0.2   0.871 114.4  52.0 -67.4 -37.3  -10.4    8.1   30.6               
  654  654 A V  H  X S+     0   0    0     -4,-2.9     4,-2.7     2,-0.2    -1,-0.2   0.905 111.7  47.3 -61.6 -43.3   -8.9    6.2   27.6               
  655  655 A N  H  X S+     0   0   60     -4,-1.8     4,-2.3    -5,-0.3    -2,-0.2   0.912 114.3  45.6 -67.9 -43.1   -8.1    9.6   25.9               
  656  656 A E  H  X S+     0   0   68     -4,-2.5     4,-1.8     2,-0.2    -2,-0.2   0.948 116.4  45.7 -61.4 -49.1   -6.5   11.1   29.2               
  657  657 A T  H  X S+     0   0    0     -4,-2.6     4,-2.7     1,-0.2     5,-0.3   0.925 112.8  50.8 -63.4 -44.5   -4.5    7.9   29.8               
  658  658 A Y  H  X S+     0   0   60     -4,-2.7     4,-3.0     1,-0.2     5,-0.3   0.930 108.8  51.4 -57.1 -48.5   -3.4    7.7   26.1               
  659  659 A K  H  X S+     0   0  141     -4,-2.3     4,-1.7     1,-0.2    -1,-0.2   0.865 114.6  43.2 -59.9 -38.5   -2.2   11.4   26.2               
  660  660 A L  H  X S+     0   0   89     -4,-1.8     4,-1.7     2,-0.2    -2,-0.2   0.924 118.2  42.5 -75.9 -44.6   -0.1   10.7   29.4               
  661  661 A L  H  X S+     0   0    0     -4,-2.7     4,-2.4     2,-0.2    -2,-0.2   0.922 115.3  50.4 -68.0 -42.6    1.4    7.4   28.3               
  662  662 A F  H  X S+     0   0   68     -4,-3.0     4,-2.8    -5,-0.3     5,-0.2   0.947 110.6  49.0 -61.3 -47.9    2.1    8.6   24.7               
  663  663 A N  H  X S+     0   0   73     -4,-1.7     4,-1.2    -5,-0.3    -1,-0.2   0.879 111.2  50.7 -59.6 -39.2    3.9   11.8   26.0               
  664  664 A F  H  X S+     0   0   29     -4,-1.7     4,-1.9     2,-0.2     5,-0.2   0.930 112.1  46.8 -63.2 -44.5    6.0    9.6   28.4               
  665  665 A V  H  X S+     0   0    0     -4,-2.4     4,-2.4     1,-0.2     3,-0.2   0.956 111.6  50.1 -63.0 -49.2    6.9    7.2   25.4               
  666  666 A E  H  < S+     0   0   32     -4,-2.8    56,-1.2     1,-0.2    -1,-0.2   0.733 117.0  42.5 -61.7 -25.9    7.8   10.2   23.1               
  667  667 A Q  H  < S+     0   0  130     -4,-1.2    -1,-0.2    -5,-0.2    -2,-0.2   0.772 122.5  34.8 -89.8 -31.8   10.0   11.7   25.8               
  668  668 A N  H  < S+     0   0   62     -4,-1.9     2,-0.5    -3,-0.2    -2,-0.2   0.592  90.8 103.0-106.3 -13.7   11.8    8.6   27.2               
  669  669 A M     <  -     0   0    0     -4,-2.4    52,-2.6    -5,-0.2     2,-0.4  -0.599  59.5-150.1 -70.4 119.4   12.2    6.5   23.9               
  670  670 A K  E     +W  720   0L 151     -2,-0.5     2,-0.3    50,-0.3    50,-0.2  -0.759  24.9 178.8 -78.3 137.1   15.7    6.6   22.4               
  671  671 A I  E     -W  719   0L  10     48,-2.5    48,-1.6    -2,-0.4     2,-0.4  -0.940  27.0-137.9-133.6 161.2   15.7    6.2   18.6               
  672  672 A E  E     -W  718   0L 124     -2,-0.3     2,-0.4    46,-0.2    46,-0.2  -0.940  21.5-176.4-109.9 140.9   18.0    6.1   15.6               
  673  673 A R  E     -W  717   0L  82     44,-2.5    44,-2.6    -2,-0.4     2,-0.5  -0.971  13.9-152.4-137.9 126.1   17.2    7.9   12.4               
  674  674 A L  E     -W  716   0L  55     -2,-0.4     2,-0.9    42,-0.2    42,-0.2  -0.853   7.3-152.2 -89.6 124.1   19.1    7.9    9.1               
  675  675 A V  E     -W  715   0L  12     40,-3.2    40,-2.5    -2,-0.5     2,-0.4  -0.882  15.8-147.9 -88.4 103.0   18.7   11.0    6.9               
  676  676 A E  E     -W  714   0L 104     -2,-0.9     2,-0.5    38,-0.2    38,-0.2  -0.656  12.0-159.6 -66.7 127.7   19.3    9.7    3.4               
  677  677 A V        -     0   0    0     36,-1.3     6,-0.2    -2,-0.4     5,-0.0  -0.965  10.7-142.5-118.7 116.8   21.0   12.5    1.4               
  678  678 A K  S    S+     0   0  105     -2,-0.5     2,-0.1     4,-0.1    -2,-0.0  -0.997  78.7  40.4-128.4 128.7   20.7   12.2   -2.4               
  679  679 A P  S >  S-     0   0   23      0, 0.0     3,-1.8     0, 0.0     4,-0.4   0.507  83.0-135.1 -73.3 161.9   22.8   13.0   -4.5               
  680  680 A S  T >> S+     0   0   50      1,-0.3     3,-1.9     2,-0.2     4,-0.8   0.833  98.7  72.5 -49.2 -43.2   25.9   11.7   -2.6               
  681  681 A L  H 3> S+     0   0   14      1,-0.3     4,-1.7     2,-0.2    -1,-0.3   0.729  86.8  63.6 -42.6 -36.4   27.8   14.9   -3.4               
  682  682 A V  H <> S+     0   0    0     -3,-1.8     4,-2.9     1,-0.2    -1,-0.3   0.806  93.4  61.3 -71.1 -26.7   25.7   16.9   -0.9               
  683  683 A I  H <> S+     0   0    2     -3,-1.9     4,-2.4    -4,-0.4    -1,-0.2   0.939 107.1  44.5 -63.9 -44.7   27.1   14.8    2.1               
  684  684 A D  H  X S+     0   0   73     -4,-0.8     4,-1.8     2,-0.2     5,-0.2   0.888 114.3  49.9 -69.7 -35.5   30.6   16.0    1.4               
  685  685 A Y  H  X>S+     0   0    6     -4,-1.7     4,-2.7     2,-0.2     5,-1.1   0.959 114.0  44.5 -61.9 -50.5   29.4   19.6    0.9               
  686  686 A L  H  <5S+     0   0    1     -4,-2.9    -2,-0.2     1,-0.2    -1,-0.2   0.877 117.0  46.7 -62.5 -39.7   27.4   19.5    4.2               
  687  687 A K  H  <5S+     0   0  101     -4,-2.4    -1,-0.2    -5,-0.2    -2,-0.2   0.807 124.0  31.5 -69.5 -34.2   30.4   17.9    6.0               
  688  688 A T  H  <5S+     0   0   43     -4,-1.8     3,-0.3    -5,-0.2    -2,-0.2   0.903 128.7  26.5 -97.0 -47.1   33.0   20.3    4.6               
  689  689 A E  T  <5S+     0   0   84     -4,-2.7     3,-0.4    -5,-0.2     2,-0.4   0.870 116.0  55.1 -94.6 -39.7   31.4   23.8    4.0               
  690  690 A K    >>< +     0   0   41     -5,-1.1     3,-1.9     1,-0.2     4,-0.6   0.023  67.4 132.7 -84.8  34.2   28.5   23.9    6.6               
  691  691 A K  T 34  +     0   0  132     -2,-0.4     3,-0.4    -3,-0.3    -1,-0.2   0.818  61.9  63.6 -56.6 -34.7   31.0   23.1    9.6               
  692  692 A L  T 34 S+     0   0  166     -3,-0.4    -1,-0.3     1,-0.2     4,-0.2   0.547  95.5  63.2 -67.0 -10.9   29.6   25.9   11.8               
  693  693 A F  T X> S+     0   0   25     -3,-1.9     3,-2.3     1,-0.1     4,-0.6   0.905  83.9  69.7 -83.5 -43.6   26.1   24.2   11.9               
  694  694 A W  H 3X S+     0   0   33     -4,-0.6     4,-1.8    -3,-0.4     3,-0.5   0.756  87.7  64.9 -56.6 -32.8   26.9   20.8   13.7               
  695  695 A P  H 3> S+     0   0   77      0, 0.0     4,-0.8     0, 0.0    -1,-0.3   0.778  96.6  60.6 -58.5 -25.3   27.6   22.4   17.2               
  696  696 A K  H <4 S+     0   0  145     -3,-2.3     3,-0.4     2,-0.2    -2,-0.2   0.908 104.5  46.5 -69.2 -39.9   23.9   23.4   17.2               
  697  697 A I  H ><>S+     0   0    1     -4,-0.6     3,-2.2    -3,-0.5     5,-1.0   0.912 105.8  59.8 -69.2 -39.7   22.7   19.8   17.0               
  698  698 A K  H ><5S+     0   0  160     -4,-1.8     3,-0.8     1,-0.3    -1,-0.2   0.756  95.3  63.8 -60.3 -25.0   25.2   18.8   19.8               
  699  699 A K  T 3<5S+     0   0  187     -4,-0.8    -1,-0.3    -3,-0.4    -2,-0.2   0.515  97.8  57.8 -72.3  -6.5   23.4   21.3   22.1               
  700  700 A V  T < 5S-     0   0   40     -3,-2.2    -1,-0.2     2,-0.2    -2,-0.1  -0.122 117.0-108.2-114.2  26.6   20.2   19.0   21.8               
  701  701 A N  T < 5S+     0   0  125     -3,-0.8     2,-0.5     1,-0.2    -3,-0.2   0.491  76.2 136.2  55.4  10.6   21.8   15.7   23.1               
  702  702 A V      < -     0   0    3     -5,-1.0     2,-0.2    21,-0.1    17,-0.2  -0.733  46.3-145.5 -88.8 126.3   21.7   14.2   19.6               
  703  703 A Q  E     -X  718   0L 143     15,-2.6    15,-1.8    -2,-0.5     2,-0.4  -0.602  15.6-154.9 -82.4 150.9   24.8   12.4   18.3               
  704  704 A V  E     +X  717   0L  41     -2,-0.2     2,-0.3    13,-0.2    13,-0.2  -0.996  14.8 177.3-134.4 129.1   25.7   12.6   14.6               
  705  705 A S  E     -X  716   0L  45     11,-2.2    11,-2.2    -2,-0.4     2,-0.4  -0.945  18.2-143.5-128.7 153.7   27.6   10.3   12.2               
  706  706 A F  E    S-X  715   0L  54     -2,-0.3     9,-0.2     9,-0.2     6,-0.1  -0.978  78.5 -10.2-120.2 124.3   28.4   10.6    8.4               
  707  707 A N  S    S-     0   0   67      7,-2.6    -1,-0.2    -2,-0.4     5,-0.2   0.957  79.1-151.8  48.9  61.0   28.4    7.5    6.2               
  708  708 A P    >   -     0   0   30      0, 0.0     3,-2.7     0, 0.0    -1,-0.1  -0.363  29.4-102.2 -57.6 146.7   28.3    4.8    9.0               
  709  709 A E  T 3  S+     0   0  188      1,-0.3     3,-0.3     2,-0.1    -2,-0.0   0.733 118.7  42.2 -53.1 -36.4   30.0    1.6    7.8               
  710  710 A N  T 3  S+     0   0  161      1,-0.2    -1,-0.3     2,-0.0     2,-0.1   0.403 116.2  49.2 -89.6  -2.8   26.9   -0.4    7.0               
  711  711 A K    <   -     0   0  116     -3,-2.7     3,-0.4     3,-0.1    -1,-0.2  -0.575  66.2-172.5-145.0  77.1   24.9    2.5    5.3               
  712  712 A Q        +     0   0  161     -3,-0.3     3,-0.1     1,-0.2    -3,-0.0  -0.407  69.8  41.7 -59.1 147.5   26.7    4.5    2.6               
  713  713 A K  S    S+     0   0  101      1,-0.2   -36,-1.3   -33,-0.1     2,-0.3   0.748 100.9  77.4  79.6  34.8   24.7    7.7    1.4               
  714  714 A G  E     -W  676   0L   0     -3,-0.4    -7,-2.6   -38,-0.2     2,-0.5  -0.996  67.2-122.5-161.9 169.5   23.3    9.1    4.7               
  715  715 A I  E     -WX 675 706L   0    -40,-2.5   -40,-3.2    -2,-0.3     2,-0.4  -0.973  30.5-144.0-113.1 122.8   23.7   11.0    8.1               
  716  716 A L  E     -WX 674 705L  31    -11,-2.2   -11,-2.2    -2,-0.5     2,-0.4  -0.787  13.8-169.6 -94.2 133.0   22.8    9.0   11.3               
  717  717 A L  E     -WX 673 704L   0    -44,-2.6   -44,-2.5    -2,-0.4     2,-0.3  -0.985   5.5-178.9-121.5 128.5   21.1   10.8   14.2               
  718  718 A T  E     +WX 672 703L  29    -15,-1.8   -15,-2.6    -2,-0.4     2,-0.3  -0.984  32.3  81.7-134.4 139.8   20.7    9.2   17.7               
  719  719 A G  E    S-W  671   0L  17    -48,-1.6   -48,-2.5    -2,-0.3     2,-0.1  -0.970  82.4 -21.0 162.2-163.5   19.1   10.5   20.9               
  720  720 A S  E  >  -W  670   0L  21     -2,-0.3     4,-3.2   -50,-0.2     3,-0.4  -0.483  63.7-114.9 -70.2 151.4   15.5   10.9   22.4               
  721  721 A K  H  > S+     0   0   34    -52,-2.6     4,-2.3     1,-0.2     5,-0.2   0.911 116.6  49.5 -54.1 -45.3   12.6   10.7   19.8               
  722  722 A T  H  > S+     0   0   50    -56,-1.2     4,-1.1   -53,-0.2    -1,-0.2   0.828 117.1  40.7 -63.4 -36.6   11.6   14.4   20.5               
  723  723 A E  H  > S+     0   0   45     -3,-0.4     4,-2.4     2,-0.2    -2,-0.2   0.900 113.6  52.2 -81.2 -40.3   15.3   15.6   20.1               
  724  724 A V  H  X S+     0   0    0     -4,-3.2     4,-2.5     2,-0.2    -2,-0.2   0.893 107.7  52.3 -64.0 -40.7   16.2   13.4   17.1               
  725  725 A L  H  X S+     0   0   75     -4,-2.3     4,-2.3    -5,-0.3     5,-0.2   0.944 110.5  48.0 -63.1 -42.5   13.0   14.6   15.2               
  726  726 A K  H  X S+     0   0  116     -4,-1.1     4,-2.4     1,-0.2    -2,-0.2   0.910 112.3  49.7 -60.1 -42.6   14.1   18.3   15.8               
  727  727 A A  H  X S+     0   0    3     -4,-2.4     4,-2.3     2,-0.2    -2,-0.2   0.876 108.4  53.3 -65.3 -36.7   17.6   17.4   14.6               
  728  728 A V  H  X S+     0   0   18     -4,-2.5     4,-2.6     2,-0.2    -2,-0.2   0.936 112.1  43.9 -60.3 -48.4   16.2   15.7   11.5               
  729  729 A D  H  X S+     0   0   82     -4,-2.3     4,-2.6     2,-0.2    -2,-0.2   0.892 112.3  52.7 -69.3 -35.1   14.2   18.9   10.6               
  730  730 A I  H  X S+     0   0   53     -4,-2.4     4,-1.1    -5,-0.2    -1,-0.2   0.899 111.7  46.8 -62.2 -41.3   17.3   21.0   11.4               
  731  731 A V  H  X S+     0   0    1     -4,-2.3     4,-2.2     2,-0.2     3,-0.3   0.909 110.8  52.6 -67.9 -41.2   19.3   18.8    9.0               
  732  732 A K  H  X S+     0   0   89     -4,-2.6     4,-3.3     1,-0.2     5,-0.3   0.962 104.3  55.6 -57.7 -50.9   16.6   19.1    6.3               
  733  733 A Q  H  X S+     0   0  143     -4,-2.6     4,-0.6     1,-0.2    -1,-0.2   0.802 112.1  43.2 -53.8 -34.9   16.6   22.9    6.5               
  734  734 A V  H  < S+     0   0   23     -4,-1.1    -1,-0.2    -3,-0.3    -2,-0.2   0.853 113.9  50.0 -82.7 -31.9   20.4   22.9    5.7               
  735  735 A W  H >< S+     0   0   72     -4,-2.2     3,-2.2     1,-0.2    -2,-0.2   0.955 109.4  51.8 -63.1 -47.1   20.0   20.2    3.0               
  736  736 A D  H 3< S+     0   0  126     -4,-3.3    -1,-0.2     1,-0.3    -2,-0.2   0.720 102.6  62.0 -61.6 -23.1   17.1   22.4    1.4               
  737  737 A S  T 3< S+     0   0   52     -4,-0.6     2,-0.7    -5,-0.3    -1,-0.3   0.516  85.0  92.1 -78.8  -7.7   19.6   25.3    1.5               
  738  738 A V  S <  S-     0   0   10     -3,-2.2     2,-0.4    -4,-0.2   696,-0.2  -0.811  74.9-140.0 -90.1 113.7   22.0   23.5   -0.9               
  739  739 A C  E     -Y 1433   0M  21    694,-1.8   694,-2.3    -2,-0.7     2,-0.4  -0.584  24.3-175.4 -68.1 126.7   21.3   24.3   -4.5               
  740  740 A V  E     +Y 1432   0M  54     -2,-0.4     2,-0.3   692,-0.2   692,-0.2  -0.993   5.5 175.3-124.0 130.4   21.6   21.2   -6.7               
  741  741 A K  E     -Y 1431   0M  69    690,-2.7   690,-2.9    -2,-0.4     2,-0.4  -0.992  19.2-148.4-129.5 144.7   21.4   21.1  -10.5               
  742  742 A S  E     -Y 1430   0M  70     -2,-0.3     2,-0.4   688,-0.2   688,-0.2  -0.936  12.6-162.4-102.6 133.2   21.8   18.3  -13.1               
  743  743 A V  E     -Y 1429   0M  14    686,-2.8   686,-2.7    -2,-0.4     2,-0.3  -0.970   3.7-159.4-113.2 128.5   23.2   19.2  -16.5               
  744  744 A H  E     -Y 1428   0M 134     -2,-0.4     2,-0.3   684,-0.2   684,-0.2  -0.819   6.7-170.0 -98.1 147.6   22.8   16.8  -19.5               
  745  745 A T  E     -Y 1427   0M  21    682,-2.3   682,-2.4    -2,-0.3     6,-0.1  -0.992  21.9-173.8-140.2 135.0   24.9   16.9  -22.6               
  746  746 A D        +     0   0  112     -2,-0.3     3,-0.1   680,-0.2    -1,-0.1   0.293  47.6 130.1 -98.1   0.2   24.5   15.0  -25.9               
  747  747 A K    >   -     0   0   59      1,-0.1     3,-2.0   680,-0.1     4,-0.2  -0.451  69.4-106.3 -63.8 119.3   27.9   16.3  -27.2               
  748  748 A P  T 3  S+     0   0    5      0, 0.0   736,-0.2     0, 0.0    -1,-0.1  -0.148  99.4   8.2 -53.9 134.4   29.9   13.3  -28.5               
  749  749 A G  T 3> S+     0   0    2    734,-0.5     4,-2.4   750,-0.2     3,-0.3   0.298  86.9 126.7  77.8  -4.2   32.9   12.3  -26.2               
  750  750 A A  H <> S+     0   0    2     -3,-2.0     4,-1.5     1,-0.2     5,-0.1   0.796  71.0  52.9 -59.9 -32.2   31.8   14.6  -23.3               
  751  751 A K  H  > S+     0   0   60     -4,-0.2     4,-2.3   674,-0.2    -1,-0.2   0.956 112.4  44.1 -62.3 -50.7   31.8   11.8  -20.7               
  752  752 A Q  H  > S+     0   0   79     -3,-0.3     4,-3.0     1,-0.2     5,-0.2   0.915 108.0  59.1 -64.0 -43.5   35.3   10.7  -21.6               
  753  753 A F  H  < S+     0   0   14     -4,-2.4     4,-0.4     1,-0.2    -1,-0.2   0.882 111.7  40.7 -52.6 -44.2   36.5   14.4  -21.7               
  754  754 A F  H >< S+     0   0    3     -4,-1.5     3,-1.1    -5,-0.2     4,-0.3   0.924 114.7  51.2 -71.2 -44.5   35.5   14.8  -18.0               
  755  755 A Q  H >< S+     0   0   72     -4,-2.3     3,-1.3     1,-0.2     4,-0.2   0.918 100.7  62.6 -60.8 -42.0   36.7   11.3  -16.9               
  756  756 A D  T 3< S+     0   0   85     -4,-3.0    -1,-0.2     1,-0.3    -2,-0.2   0.675 126.5  14.7 -56.8 -22.2   40.2   11.9  -18.5               
  757  757 A K  T X> S+     0   0  110     -3,-1.1     4,-1.7    -4,-0.4     3,-1.3   0.084  82.4 139.6-139.1  25.8   40.8   14.9  -16.0               
  758  758 A A  H <> S+     0   0   28     -3,-1.3     4,-2.6     1,-0.3     5,-0.2   0.819  72.2  51.6 -51.8 -45.2   38.0   14.4  -13.3               
  759  759 A R  H 3> S+     0   0  219     -4,-0.2     4,-2.1     2,-0.2    -1,-0.3   0.837 110.3  50.8 -59.5 -36.3   40.1   15.3  -10.2               
  760  760 A F  H <> S+     0   0  113     -3,-1.3     4,-2.7     2,-0.2     5,-0.2   0.966 111.4  45.7 -68.5 -50.1   41.2   18.6  -11.9               
  761  761 A Y  H  X S+     0   0    7     -4,-1.7     4,-2.6    -7,-0.2     5,-0.2   0.895 113.7  50.8 -61.4 -40.1   37.6   19.7  -12.8               
  762  762 A Q  H  X S+     0   0   81     -4,-2.6     4,-1.8    -5,-0.2    -1,-0.2   0.927 113.8  44.0 -60.8 -46.9   36.4   18.8   -9.3               
  763  763 A S  H  X S+     0   0   69     -4,-2.1     4,-2.1    -5,-0.2    -2,-0.2   0.903 116.7  46.2 -66.0 -39.3   39.3   20.8   -7.7               
  764  764 A E  H  X S+     0   0   38     -4,-2.7     4,-2.6     2,-0.2     5,-0.3   0.901 110.5  51.0 -76.7 -38.3   38.8   23.8  -10.0               
  765  765 A I  H  X S+     0   0    0     -4,-2.6     4,-2.2    -5,-0.2     6,-1.2   0.916 113.8  46.9 -64.4 -38.9   35.0   24.0   -9.7               
  766  766 A K  H  X S+     0   0   83     -4,-1.8     4,-1.3    -5,-0.2    -2,-0.2   0.925 115.6  45.8 -63.1 -44.9   35.4   23.9   -5.9               
  767  767 A R  H  < S+     0   0  144     -4,-2.1    -2,-0.2     1,-0.2    -1,-0.2   0.811 122.2  34.5 -69.1 -36.4   38.1   26.6   -6.1               
  768  768 A L  H  < S+     0   0   74     -4,-2.6    -2,-0.2     3,-0.1    -3,-0.2   0.818 134.9  16.5 -88.0 -37.3   36.3   28.9   -8.6               
  769  769 A F  H  < S-     0   0   40     -4,-2.2    -3,-0.2    -5,-0.3    -2,-0.2   0.323  90.5-117.8-124.8  -0.2   32.6   28.5   -7.6               
  770  770 A G  S  < S+     0   0   40     -4,-1.3     2,-0.2    -5,-0.3    -4,-0.2   0.691  77.3 128.9  62.2  16.7   32.5   27.0   -4.1               
  771  771 A C        -     0   0    0     -6,-1.2     2,-0.3   667,-0.1   662,-0.2  -0.658  52.1-143.3-104.4 157.3   30.6   24.1   -5.8               
  772  772 A Y  E     -Z 1432   0M  32    660,-2.7   660,-1.8    -2,-0.2     2,-0.3  -0.795  15.1-156.0-111.7 159.6   31.1   20.3   -6.0               
  773  773 A I  E     -Z 1431   0M   3     -2,-0.3     2,-0.4   658,-0.2   658,-0.2  -0.983  12.2-177.7-143.2 131.4   30.6   18.0   -9.0               
  774  774 A E  E     -Z 1430   0M  28    656,-2.3   656,-2.9    -2,-0.3     2,-0.5  -0.963  24.1-134.9-115.8 141.0   29.8   14.2   -9.6               
  775  775 A L  E     -Z 1429   0M  30     -2,-0.4     2,-0.9   654,-0.2   654,-0.2  -0.837  28.4-125.6 -80.9 129.3   29.5   12.5  -13.0               
  776  776 A Q        -     0   0   70    652,-2.9   652,-0.4    -2,-0.5     2,-0.3  -0.715  24.0-148.0 -78.4 107.5   26.4   10.3  -12.9               
  777  777 A E        -     0   0  145     -2,-0.9     2,-1.1   650,-0.1   650,-0.0  -0.575  17.0-120.9 -71.1 134.8   27.6    6.7  -13.8               
  778  778 A N        -     0   0  109     -2,-0.3     2,-1.1     1,-0.1    -1,-0.1  -0.723  25.5-136.7 -76.1 100.9   25.1    4.6  -15.7               
  779  779 A E        -     0   0  167     -2,-1.1     2,-0.3     1,-0.1    -1,-0.1  -0.463  18.9-141.9 -60.4  94.6   24.7    1.6  -13.3               
  780  780 A V        -     0   0  135     -2,-1.1     2,-0.3     1,-0.2    -1,-0.1  -0.523  41.7 -79.0 -64.5 127.8   24.7   -1.2  -16.0               
  781  781 A M  S    S+     0   0  185     -2,-0.3     2,-0.3     1,-0.0    -1,-0.2  -0.043  76.4 134.6 -46.8  97.7   22.2   -3.8  -14.8               
  782  782 A K        -     0   0  184     -2,-0.3    -1,-0.0     1,-0.1    -2,-0.0  -0.901  56.3 -69.0-141.4 118.5   23.6   -6.1  -12.0               
  783  783 A E  S    S+     0   0  197     -2,-0.3    -1,-0.1     1,-0.1     0, 0.0   0.745  75.5  73.2  41.0 116.0   21.8   -7.1   -8.8               
  784  784 A G        -     0   0   83      0, 0.0    -1,-0.1     0, 0.0     0, 0.0   0.875  67.0 -88.5 118.1  54.1   20.7   -5.3   -5.6               
  785  785 A G        +     0   0   82      1,-0.0    -2,-0.0     2,-0.0     0, 0.0   0.793  55.2 118.8  58.9  84.6   17.9   -2.9   -4.8               
  786  786 A S        -     0   0   87      0, 0.0     2,-2.0     0, 0.0    -1,-0.0  -0.737  48.7-133.1-159.6 136.3   17.4    0.8   -4.7               
  787  787 A P    >   +     0   0   73      0, 0.0     2,-2.2     0, 0.0     3,-1.2  -0.370  32.8 168.7 -84.1  68.2   14.7    2.6   -6.9               
  788  788 A A  T 3   +     0   0  100     -2,-2.0     3,-0.0     1,-0.2     0, 0.0  -0.235  67.0  58.9 -74.6  51.9   16.9    5.5   -8.3               
  789  789 A G  T 3   +     0   0   62     -2,-2.2     2,-0.7    19,-0.1    -1,-0.2   0.264  67.9 116.9-158.0   9.4   14.2    6.6  -10.9               
  790  790 A Q    <   -     0   0   56     -3,-1.2     2,-0.6    19,-0.1    19,-0.2  -0.814  40.7-169.4 -98.4 109.6   11.0    7.5   -8.9               
  791  791 A K        -     0   0  101     -2,-0.7    17,-3.0    17,-0.4     2,-0.4  -0.872  11.2-148.9-100.4 112.6   10.0   11.2   -9.2               
  792  792 A C  E     +A  807   0N  63     -2,-0.6    15,-0.3    15,-0.3     3,-0.1  -0.707  16.2 179.8 -79.8 131.1    7.3   12.4   -6.8               
  793  793 A F  E     -     0   0N  60     13,-2.9     2,-0.3    -2,-0.4    14,-0.2   0.762  62.5  -4.5-103.0 -36.1    5.0   15.2   -8.3               
  794  794 A S  E     -A  806   0N  24     12,-1.5    12,-2.8     2,-0.0     2,-0.4  -0.963  47.2-156.1-158.7 147.5    2.6   15.9   -5.4               
  795  795 A R  E     -A  805   0N 148     -2,-0.3     2,-0.4    10,-0.2    10,-0.2  -0.984  19.8-179.9-118.7 135.7    1.4   14.7   -2.0               
  796  796 A T  E     -A  804   0N  36      8,-2.6     8,-3.2    -2,-0.4     2,-0.4  -0.987  24.8-132.0-141.1 121.9   -2.1   15.5   -0.8               
  797  797 A V  E     +A  803   0N 107     -2,-0.4     6,-0.3     6,-0.2    -2,-0.0  -0.630  22.1 178.8 -75.5 127.7   -3.8   14.6    2.5               
  798  798 A L  E     -     0   0N  36      4,-2.6     5,-0.2     1,-0.4    -1,-0.2   0.805  67.9 -18.1 -93.0 -42.0   -7.2   13.0    2.1               
  799  799 A A  E >  S-A  802   0N  25      3,-1.1     3,-2.7   156,-0.1    -1,-0.4  -0.918 100.1 -50.6-155.8 168.3   -8.1   12.3    5.7               
  800  800 A P  T 3  S+     0   0  133      0, 0.0     3,-0.1     0, 0.0    -3,-0.0  -0.330 131.3   1.1 -53.4 116.2   -6.2   12.1    9.1               
  801  801 A G  T 3  S+     0   0   60     -2,-0.2     2,-0.4     1,-0.2    -4,-0.0   0.555 110.3 109.9  77.0  10.6   -3.3    9.7    8.4               
  802  802 A V  E <   -A  799   0N   6     -3,-2.7    -4,-2.6   154,-0.0    -3,-1.1  -0.978  43.4-178.6-120.8 122.5   -4.3    9.2    4.7               
  803  803 A V  E     -Ab 797 956N  22    152,-2.9   154,-2.8    -2,-0.4     2,-0.5  -0.968  20.7-148.5-125.4 133.0   -2.1   10.6    1.8               
  804  804 A L  E     -Ab 796 957N   0     -8,-3.2    -8,-2.6    -2,-0.4     2,-0.5  -0.860  20.6-165.8 -93.1 127.6   -2.5   10.6   -2.0               
  805  805 A I  E     -Ab 795 958N   0    152,-3.2   154,-3.0    -2,-0.5     2,-0.6  -0.961  11.0-158.0-126.0 110.4    1.0   10.5   -3.7               
  806  806 A V  E     +Ab 794 959N   0    -12,-2.8   -13,-2.9    -2,-0.5   -12,-1.5  -0.828  32.2 161.2 -90.0 120.7    1.4   11.3   -7.4               
  807  807 A Q  E     -Ab 792 960N  18    152,-2.6   154,-0.7    -2,-0.6     2,-0.3  -0.998  42.3-123.5-148.8 136.4    4.7    9.7   -8.5               
  808  808 A Q  E     + b   0 961N  42    -17,-3.0   -17,-0.4    -2,-0.3     2,-0.3  -0.636  59.7 108.6 -75.8 134.2    6.5    8.5  -11.6               
  809  809 A G        -     0   0   10    152,-2.2     2,-0.5    -2,-0.3   154,-0.1  -0.967  67.5 -82.3 173.4 171.6    7.5    4.8  -11.4               
  810  810 A D    >   -     0   0   59     -2,-0.3     3,-2.3     3,-0.1   151,-0.1  -0.888  29.0-141.4 -96.7 123.6    7.2    1.2  -12.5               
  811  811 A L  G >  S+     0   0    2     -2,-0.5     3,-0.5     1,-0.3    -1,-0.1   0.695 101.5  64.8 -57.2 -21.7    4.3   -0.8  -10.8               
  812  812 A A  G 3  S+     0   0    7      1,-0.2    -1,-0.3    60,-0.1    62,-0.0   0.550 111.7  34.3 -73.6  -9.5    6.6   -3.8  -10.7               
  813  813 A R  G <  S+     0   0  189     -3,-2.3    -1,-0.2    59,-0.1    -2,-0.2  -0.080  82.6 124.2-145.3  34.7    9.0   -2.0   -8.3               
  814  814 A L    <   -     0   0    6     -3,-0.5     2,-1.5    -5,-0.1   103,-0.1  -0.766  65.2-117.4 -92.6 149.4    7.1    0.4   -5.9               
  815  815 A P  S    S+     0   0   84      0, 0.0     2,-0.3     0, 0.0    59,-0.1  -0.623  74.6 113.3 -82.7  76.9    7.3    0.3   -2.0               
  816  816 A V  S    S-     0   0   11     -2,-1.5   100,-0.1    57,-0.2     3,-0.1  -0.949  73.0-122.6-139.8 162.6    3.6   -0.6   -1.4               
  817  817 A D  S    S+     0   0   63     98,-0.6    58,-0.9    -2,-0.3    59,-0.6   0.814  94.1  10.5 -75.1 -32.8    1.7   -3.7   -0.0               
  818  818 A V  E     -cd 876 916N   0     97,-1.1    99,-1.7    56,-0.1     2,-0.3  -0.997  64.1-149.4-148.6 147.1   -0.4   -4.2   -3.2               
  819  819 A V  E     -cd 877 917N   0     57,-0.7    59,-2.6    -2,-0.3     2,-0.7  -0.925  17.3-129.1-120.1 146.8   -0.6   -2.9   -6.9               
  820  820 A V  E     -c  878   0N   0     97,-2.8     2,-0.4    -2,-0.3    59,-0.2  -0.845  21.0-151.9 -95.3 111.6   -3.6   -2.4   -9.2               
  821  821 A N  E     -c  879   0N   0     57,-3.1    59,-2.1    -2,-0.7     2,-1.3  -0.690  18.0-128.1 -76.8 129.8   -3.1   -4.0  -12.6               
  822  822 A A  E     +c  880   0N  31     -2,-0.4    12,-0.4    57,-0.2    59,-0.2  -0.687  53.5 170.1 -76.3  93.2   -5.0   -2.4  -15.5               
  823  823 A S  E     -c  881   0N   3     57,-2.1    59,-0.7    -2,-1.3     2,-0.2  -0.289  28.8-123.6-107.4-178.0   -6.5   -5.7  -16.7               
  824  824 A N    >   -     0   0   12     57,-0.2     3,-2.1    -2,-0.1    35,-0.2  -0.733  39.9 -86.5-125.7 174.1   -9.1   -7.2  -19.0               
  825  825 A E  T 3  S+     0   0   24      1,-0.3    34,-2.2    -2,-0.2    56,-0.1   0.714 127.8  41.4 -53.7 -29.1  -12.2   -9.5  -18.9               
  826  826 A D  T 3  S-     0   0   48     32,-0.2    -1,-0.3     2,-0.1    27,-0.1   0.259 105.6-122.7-101.9   4.4  -10.1  -12.7  -19.2               
  827  827 A L    <   +     0   0    0     -3,-2.1     2,-0.7     1,-0.2    -2,-0.1   0.757  59.0 156.2  48.5  30.6   -7.3  -11.5  -16.8               
  828  828 A K        -     0   0   79      1,-0.1     2,-1.5    21,-0.1     3,-0.3  -0.743  35.8-156.2 -91.8 113.5   -4.9  -12.1  -19.8               
  829  829 A H        +     0   0   10     -2,-0.7     9,-0.1     1,-0.2    10,-0.1  -0.246  47.0 131.8 -89.0  49.4   -1.8  -10.0  -19.5               
  830  830 A Y        +     0   0  155     -2,-1.5     2,-0.3     8,-0.0    -1,-0.2   0.526  66.6  16.9 -82.2  -9.0   -0.8   -9.9  -23.2               
  831  831 A G  S >> S+     0   0   28     -3,-0.3     4,-1.1     0, 0.0     3,-0.6  -0.980  97.5   7.8-158.4 168.6   -0.2   -6.1  -23.5               
  832  832 A G  H 3> S-     0   0   52     -2,-0.3     4,-1.3     1,-0.2     3,-0.5  -0.111 116.3 -18.6  57.6-148.5    0.5   -2.7  -21.8               
  833  833 A L  H 3> S+     0   0   47      1,-0.2     4,-2.5     2,-0.2    -1,-0.2   0.820 134.8  62.4 -60.8 -31.7    1.2   -2.4  -18.1               
  834  834 A A  H <> S+     0   0    6     -3,-0.6     4,-2.9   -12,-0.4    -1,-0.2   0.911 102.2  50.2 -61.4 -42.3   -0.3   -5.9  -17.5               
  835  835 A A  H  X S+     0   0   33     -4,-1.1     4,-2.1    -3,-0.5    -1,-0.2   0.862 109.5  51.5 -65.7 -34.9    2.4   -7.5  -19.7               
  836  836 A A  H  X S+     0   0   44     -4,-1.3     4,-2.0     2,-0.2    -2,-0.2   0.963 112.7  45.2 -64.1 -48.4    5.1   -5.7  -17.7               
  837  837 A L  H  X S+     0   0    0     -4,-2.5     4,-3.0     1,-0.2     5,-0.2   0.923 114.5  48.3 -60.6 -45.5    3.7   -7.0  -14.4               
  838  838 A S  H  X S+     0   0   22     -4,-2.9     4,-1.4     1,-0.2    -1,-0.2   0.848 110.9  51.0 -66.3 -34.1    3.3  -10.5  -15.8               
  839  839 A K  H  < S+     0   0  187     -4,-2.1    -1,-0.2    -5,-0.2    -2,-0.2   0.858 115.5  42.4 -68.6 -36.3    6.9  -10.5  -17.1               
  840  840 A A  H  < S+     0   0   46     -4,-2.0    -2,-0.2     1,-0.2    -3,-0.2   0.887 118.0  45.1 -76.6 -40.6    8.2   -9.3  -13.7               
  841  841 A A  H  < S-     0   0    0     -4,-3.0    30,-2.4     1,-0.2     3,-0.4   0.746 102.3-144.0 -67.4 -29.1    5.9  -11.8  -11.7               
  842  842 A G    >X  -     0   0   18     -4,-1.4     3,-0.8    -5,-0.2     4,-0.6  -0.385  49.3 -39.6  75.7-168.2    6.7  -14.7  -14.0               
  843  843 A P  H 3> S+     0   0   99      0, 0.0     4,-2.5     0, 0.0    -1,-0.2   0.706 122.4  76.9 -68.7 -21.1    4.1  -17.4  -14.9               
  844  844 A E  H 3> S+     0   0  105     -3,-0.4     4,-2.5     1,-0.2     5,-0.2   0.869  91.0  53.9 -60.9 -39.4    2.5  -17.6  -11.4               
  845  845 A L  H <> S+     0   0    0     -3,-0.8     4,-2.2    24,-0.2    -1,-0.2   0.929 114.3  41.2 -60.2 -46.7    0.5  -14.3  -11.8               
  846  846 A Q  H  X S+     0   0   36     -4,-0.6     4,-2.6     2,-0.2    -2,-0.2   0.867 113.6  53.6 -71.7 -35.0   -1.1  -15.6  -15.1               
  847  847 A A  H  X S+     0   0   60     -4,-2.5     4,-1.8     2,-0.2    -2,-0.2   0.898 111.6  44.5 -66.2 -40.4   -1.6  -19.1  -13.7               
  848  848 A D  H  X S+     0   0   18     -4,-2.5     4,-2.4     2,-0.2    -2,-0.2   0.926 113.9  50.6 -70.2 -40.9   -3.5  -17.8  -10.6               
  849  849 A C  H  X S+     0   0    0     -4,-2.2     4,-2.7    -5,-0.2     5,-0.2   0.917 109.9  50.3 -57.8 -44.8   -5.5  -15.4  -12.9               
  850  850 A D  H  X S+     0   0   64     -4,-2.6     4,-1.9     1,-0.2    -1,-0.2   0.872 110.9  49.4 -63.2 -37.0   -6.4  -18.4  -15.2               
  851  851 A Q  H  X S+     0   0  116     -4,-1.8     4,-1.1     2,-0.2    -2,-0.2   0.876 110.7  50.4 -69.3 -37.9   -7.5  -20.3  -12.1               
  852  852 A I  H >X S+     0   0    1     -4,-2.4     4,-3.0     2,-0.2     3,-1.0   0.973 112.5  45.7 -61.8 -52.9   -9.7  -17.3  -11.0               
  853  853 A V  H 3X S+     0   0   27     -4,-2.7     4,-1.3     1,-0.3    -2,-0.2   0.853 112.5  51.7 -64.0 -33.1  -11.4  -17.0  -14.5               
  854  854 A K  H 3< S+     0   0  190     -4,-1.9    -1,-0.3    -5,-0.2    -2,-0.2   0.751 119.3  36.8 -69.4 -25.9  -11.9  -20.8  -14.5               
  855  855 A R  H << S+     0   0  147     -4,-1.1    -2,-0.2    -3,-1.0    -3,-0.2   0.828 132.5  22.2 -92.1 -43.4  -13.6  -20.6  -11.0               
  856  856 A E  H  < S-     0   0   98     -4,-3.0    -3,-0.2     1,-0.3   247,-0.2   0.492 104.9-122.7-108.8  -9.6  -15.6  -17.3  -11.1               
  857  857 A G     <  -     0   0   33     -4,-1.3    -1,-0.3    -5,-0.5     2,-0.3  -0.354  51.6 -30.9  89.8-177.4  -15.9  -16.8  -14.9               
  858  858 A R        -     0   0  150     -2,-0.1   -32,-0.2    -4,-0.1   -33,-0.1  -0.592  65.9-124.7 -71.0 135.8  -14.9  -13.9  -17.2               
  859  859 A L        -     0   0    6    -34,-2.2    -1,-0.1    -2,-0.3     3,-0.0  -0.354  21.7-136.1 -72.6 160.0  -14.9  -10.5  -15.5               
  860  860 A L    >   -     0   0   70      1,-0.1     3,-0.7    -2,-0.1    21,-0.2  -0.781  35.5 -73.8-110.4 160.6  -16.9   -7.5  -16.9               
  861  861 A P  T 3  S+     0   0   35      0, 0.0    21,-0.2     0, 0.0    -1,-0.1  -0.222 119.8  30.8 -46.2 136.5  -16.0   -3.8  -17.4               
  862  862 A G  T 3  S+     0   0    0     19,-2.5     2,-0.3     1,-0.3    20,-0.2   0.819  97.4 117.4  72.6  32.0  -16.0   -2.0  -14.1               
  863  863 A N  E <   -E  881   0N   1     18,-1.0    18,-2.6    -3,-0.7     2,-0.3  -0.842  42.9-164.1-114.7 163.2  -15.0   -5.0  -12.0               
  864  864 A A  E     +E  880   0N  11    236,-0.4     2,-0.2    -2,-0.3    16,-0.2  -0.987   9.8 171.5-138.1 149.7  -11.9   -5.9   -9.8               
  865  865 A T  E     -E  879   0N  17     14,-1.2    14,-3.0    -2,-0.3     2,-0.4  -0.818  24.6-122.5-137.8-179.0  -10.6   -9.2   -8.4               
  866  866 A I  E     +E  878   0N  19     12,-0.3     2,-0.3    -2,-0.2    12,-0.2  -0.995  26.5 171.8-136.0 136.3   -7.3  -10.2   -6.6               
  867  867 A S  E     -E  877   0N   2     10,-2.6    10,-2.4    -2,-0.4     2,-0.2  -0.841  43.0 -76.2-133.1 168.2   -4.6  -12.8   -7.4               
  868  868 A K  E     -E  876   0N 113     -2,-0.3     8,-0.3     8,-0.2   -20,-0.2  -0.474  36.4-139.1 -62.6 139.9   -1.1  -14.0   -6.1               
  869  869 A A    >   -     0   0    1      6,-1.9     3,-1.2     1,-0.2   -24,-0.2   0.530  24.5-159.4 -82.1  -7.7    1.7  -11.6   -7.2               
  870  870 A G  T 3  S-     0   0   23      5,-0.3    -1,-0.2     1,-0.2   -28,-0.2  -0.415  70.9  -7.7  59.8-130.6    4.3  -14.3   -8.1               
  871  871 A K  T 3  S+     0   0  155    -30,-2.4    -1,-0.2    -2,-0.1   -30,-0.1   0.236 106.1 114.1 -83.1   9.4    7.9  -12.9   -8.1               
  872  872 A L  S <  S-     0   0   12     -3,-1.2     2,-0.8     2,-0.1   -59,-0.1  -0.445  85.8-105.7 -70.2 158.9    6.7   -9.2   -7.6               
  873  873 A P  S    S+     0   0   87      0, 0.0     2,-0.3     0, 0.0   -57,-0.2  -0.019  98.2  80.5 -76.5  34.4    7.7   -7.5   -4.3               
  874  874 A Y  S    S-     0   0   15     -2,-0.8   -56,-0.1    -4,-0.2    -5,-0.1  -0.893  75.5-137.0-132.5 160.2    3.9   -7.9   -3.3               
  875  875 A H  S    S+     0   0  153    -58,-0.9    -6,-1.9    -2,-0.3    -5,-0.3   0.865  89.7  14.1 -84.4 -38.0    1.8  -10.7   -1.8               
  876  876 A H  E     -cE 818 868N  50    -59,-0.6   -57,-0.7    -8,-0.3     2,-0.4  -0.884  60.7-144.3-132.0 161.0   -1.2  -10.0   -4.2               
  877  877 A V  E     -cE 819 867N   0    -10,-2.4   -10,-2.6    -2,-0.3     2,-0.4  -0.994  17.4-142.8-120.5 133.6   -2.1   -8.0   -7.3               
  878  878 A I  E     -cE 820 866N   0    -59,-2.6   -57,-3.1    -2,-0.4     2,-0.8  -0.839  14.0-147.1 -93.1 131.8   -5.5   -6.4   -7.7               
  879  879 A H  E     -cE 821 865N   0    -14,-3.0   -14,-1.2    -2,-0.4     2,-0.7  -0.843   9.6-164.6-109.4  98.0   -6.9   -6.6  -11.3               
  880  880 A A  E     -cE 822 864N   0    -59,-2.1   -57,-2.1    -2,-0.8     2,-1.3  -0.737   8.1-153.5 -83.1 113.8   -9.0   -3.7  -12.3               
  881  881 A V  E     -cE 823 863N   0    -18,-2.6   -19,-2.5    -2,-0.7   -18,-1.0  -0.726  21.6-166.3 -88.0  88.2  -11.1   -4.4  -15.5               
  882  882 A G        -     0   0    0     -2,-1.3     2,-0.3   -59,-0.7    40,-0.1  -0.254  24.4 -93.7 -66.8 161.7  -11.5   -0.9  -16.8               
  883  883 A P        -     0   0    3      0, 0.0     2,-0.3     0, 0.0    45,-0.1  -0.624  29.5-117.6 -77.8 141.3  -14.0   -0.1  -19.6               
  884  884 A R        -     0   0  122     -2,-0.3     2,-0.3     1,-0.1    43,-0.2  -0.614  47.7-109.1 -65.7 125.4  -13.1    0.0  -23.3               
  885  885 A W        +     0   0   74     41,-2.9     2,-0.4    -2,-0.3    -1,-0.1  -0.488  41.6 174.4 -74.5 132.3  -13.7    3.7  -24.2               
  886  886 A S    >   -     0   0   33     -2,-0.3     3,-0.9     1,-0.1     7,-0.3  -0.989  26.0-152.1-131.7 123.6  -16.7    4.7  -26.4               
  887  887 A G  G >  S+     0   0   54     -2,-0.4     3,-0.9     1,-0.2    -1,-0.1   0.850 101.4  57.0 -60.9 -31.5  -17.5    8.3  -27.0               
  888  888 A Y  G 3  S+     0   0  186      1,-0.2    -1,-0.2     2,-0.1    -3,-0.0   0.724 116.5  34.4 -69.6 -24.3  -21.2    7.3  -27.5               
  889  889 A E  G X> S+     0   0   76     -3,-0.9     4,-2.5     1,-0.1     3,-0.9   0.052  78.3 136.0-116.5  22.2  -21.2    5.7  -24.0               
  890  890 A A  H <> S+     0   0   13     -3,-0.9     4,-2.4     1,-0.3     5,-0.1   0.794  71.7  49.0 -49.1 -42.1  -18.9    8.2  -22.3               
  891  891 A P  H 3> S+     0   0   67      0, 0.0     4,-2.4     0, 0.0    -1,-0.3   0.901 114.0  47.0 -64.4 -37.8  -21.0    8.6  -19.1               
  892  892 A R  H <> S+     0   0   32     -3,-0.9     4,-2.8     2,-0.2    -2,-0.2   0.890 110.5  52.6 -71.2 -36.9  -21.2    4.8  -18.7               
  893  893 A C  H  X S+     0   0    4     -4,-2.5     4,-2.5    -7,-0.3     5,-0.2   0.932 109.8  48.9 -61.0 -44.7  -17.4    4.6  -19.4               
  894  894 A V  H  X S+     0   0   15     -4,-2.4     4,-2.5    -5,-0.2    -2,-0.2   0.953 113.6  47.0 -59.6 -47.8  -16.9    7.1  -16.5               
  895  895 A Y  H  X S+     0   0    2     -4,-2.4     4,-2.8     2,-0.2    -2,-0.2   0.936 113.2  47.8 -56.7 -49.9  -19.1    5.1  -14.2               
  896  896 A L  H  X S+     0   0   18     -4,-2.8     4,-2.2     2,-0.2    -1,-0.2   0.885 112.8  48.1 -66.6 -37.2  -17.4    1.8  -15.1               
  897  897 A L  H  X S+     0   0    0     -4,-2.5     4,-1.8     2,-0.2    -1,-0.2   0.944 112.6  49.1 -65.8 -45.0  -13.9    3.2  -14.6               
  898  898 A R  H  X S+     0   0   29     -4,-2.5     4,-2.9    -5,-0.2    -2,-0.2   0.937 111.4  50.5 -57.0 -46.2  -15.0    4.8  -11.2               
  899  899 A R  H  X S+     0   0    7     -4,-2.8     4,-2.8     1,-0.2     5,-0.2   0.883 106.4  53.8 -61.4 -42.7  -16.5    1.3  -10.2               
  900  900 A A  H  X S+     0   0    0     -4,-2.2     4,-1.5     2,-0.2    -1,-0.2   0.887 113.7  43.3 -60.0 -38.1  -13.2   -0.5  -11.1               
  901  901 A V  H  X S+     0   0    0     -4,-1.8     4,-2.5     2,-0.2    -2,-0.2   0.947 112.9  50.8 -72.2 -48.0  -11.3    1.9   -8.8               
  902  902 A Q  H  X S+     0   0    4     -4,-2.9     4,-2.7     1,-0.2    -2,-0.2   0.933 113.2  46.7 -54.4 -47.4  -13.9    1.8   -5.9               
  903  903 A L  H  X S+     0   0    2     -4,-2.8     4,-2.0     2,-0.2    -1,-0.2   0.863 109.8  53.6 -63.9 -36.9  -13.8   -2.1   -6.1               
  904  904 A S  H  X S+     0   0    0     -4,-1.5     4,-2.1    -5,-0.2    -2,-0.2   0.908 110.9  46.2 -65.6 -40.0   -9.9   -2.1   -6.1               
  905  905 A L  H  X S+     0   0    0     -4,-2.5     4,-2.9     2,-0.2     5,-0.3   0.951 110.8  53.0 -64.7 -46.3  -10.0    0.1   -2.9               
  906  906 A C  H  X S+     0   0   42     -4,-2.7     4,-2.0     1,-0.2    -2,-0.2   0.839 109.4  49.8 -57.3 -36.4  -12.6   -2.2   -1.4               
  907  907 A L  H  X S+     0   0   12     -4,-2.0     4,-2.3     2,-0.2    -1,-0.2   0.935 112.4  45.4 -69.3 -44.8  -10.3   -5.2   -2.1               
  908  908 A A  H  <>S+     0   0    0     -4,-2.1     5,-2.1     2,-0.2    -2,-0.2   0.937 115.0  48.8 -62.8 -42.5   -7.2   -3.5   -0.5               
  909  909 A E  H ><5S+     0   0   21     -4,-2.9     3,-0.8     1,-0.2    -2,-0.2   0.863 110.4  51.3 -63.2 -39.0   -9.4   -2.5    2.5               
  910  910 A K  H 3<5S+     0   0   98     -4,-2.0    -1,-0.2    -5,-0.3    -2,-0.2   0.934 111.2  47.3 -61.7 -46.8  -10.7   -6.1    2.8               
  911  911 A Y  T 3<5S-     0   0   95     -4,-2.3    -1,-0.2    -5,-0.1    -2,-0.2   0.340 114.3-120.1 -81.1   6.7   -7.2   -7.5    2.8               
  912  912 A K  T < 5 +     0   0  128     -3,-0.8    -3,-0.2     1,-0.2    -4,-0.1   0.664  52.2 165.2  61.4  26.0   -6.1   -4.8    5.4               
  913  913 A Y      < -     0   0   28     -5,-2.1    -1,-0.2    -6,-0.2     3,-0.1  -0.373  28.7-163.4 -67.8 145.6   -3.4   -3.2    3.2               
  914  914 A R  S    S+     0   0  151      1,-0.2    41,-3.0    40,-0.2    42,-2.4   0.618  74.6  43.0-102.8 -21.5   -2.1    0.2    4.3               
  915  915 A S  E     + f   0 956N  13     40,-0.2   -97,-1.1    39,-0.2   -98,-0.6  -0.993  62.0 173.9-135.7 135.4   -0.5    1.1    0.9               
  916  916 A I  E     -df 818 957N   0     40,-2.2    42,-3.2    -2,-0.4     2,-0.4  -0.996  19.2-147.9-138.2 142.3   -1.7    0.7   -2.7               
  917  917 A A  E     -df 819 958N   0    -99,-1.7   -97,-2.8    -2,-0.3    42,-0.2  -0.966  16.1-172.6-113.1 133.3   -0.5    1.8   -6.2               
  918  918 A I  E     - f   0 959N   0     40,-3.1    42,-1.8    -2,-0.4   -97,-0.1  -0.984   5.9-157.7-126.9 123.7   -3.1    2.7   -8.9               
  919  919 A P        -     0   0    2      0, 0.0     2,-2.3     0, 0.0    42,-0.2  -0.299  46.7 -74.4 -88.9-179.7   -2.2    3.4  -12.6               
  920  920 A A    >   -     0   0    6     40,-0.4     3,-2.1    -2,-0.1     4,-0.5  -0.457  60.9-151.3 -71.7  70.2   -4.1    5.3  -15.3               
  921  921 A I  T 3  S+     0   0    1     -2,-2.3    16,-0.1     1,-0.3   -20,-0.1  -0.292  73.7   3.5 -54.5 124.2   -6.6    2.3  -15.7               
  922  922 A S  T 3  S+     0   0    7    -40,-0.1     6,-2.4    -2,-0.1    -1,-0.3   0.175  97.8 108.7  80.3  -8.9   -8.0    2.2  -19.3               
  923  923 A S  S <  S+     0   0   34     -3,-2.1     7,-0.2     4,-0.2    -2,-0.1   0.798  81.2  41.2 -68.4 -28.8   -5.8    5.2  -20.6               
  924  924 A G  S >  S+     0   0   55     -4,-0.5     3,-2.5     3,-0.1     4,-0.1   0.742 128.5   3.2 -81.5-113.2   -3.6    2.8  -22.7               
  925  925 A V  T 3  S+     0   0  110      1,-0.3    -2,-0.1     2,-0.1   -93,-0.0   0.669 129.2  57.7 -58.2 -20.8   -5.0   -0.2  -24.8               
  926  926 A F  T 3  S-     0   0   26     -4,-0.1   -41,-2.9   -42,-0.1    -1,-0.3   0.474 103.1-131.3 -92.2  -2.1   -8.7    0.7  -23.8               
  927  927 A G    <   +     0   0   46     -3,-2.5    -4,-0.2     1,-0.2    -2,-0.1   0.633  42.0 165.3  71.5  17.8   -8.4    4.3  -25.3               
  928  928 A F        -     0   0    3     -6,-2.4    -1,-0.2   -45,-0.1     5,-0.1  -0.576  50.1-103.5 -70.8 122.1   -9.8    6.3  -22.4               
  929  929 A P     >  -     0   0   56      0, 0.0     4,-2.3     0, 0.0     3,-0.2  -0.236  32.9-127.7 -54.0 122.5   -9.0   10.0  -22.9               
  930  930 A L  H  > S+     0   0   61      1,-0.2     4,-2.6     2,-0.2     5,-0.2   0.802 102.0  45.6 -48.9 -53.9   -6.1   10.7  -20.4               
  931  931 A G  H  > S+     0   0   36      1,-0.2     4,-2.9     2,-0.2    -1,-0.2   0.938 116.8  45.1 -55.6 -50.2   -7.5   13.7  -18.5               
  932  932 A R  H  > S+     0   0   45     -3,-0.2     4,-1.7     1,-0.2    -1,-0.2   0.824 112.7  53.7 -64.2 -33.1  -11.0   12.2  -18.1               
  933  933 A C  H  X S+     0   0    0     -4,-2.3     4,-2.2     2,-0.2    -2,-0.2   0.972 113.5  39.8 -62.8 -55.3   -9.4    8.9  -17.1               
  934  934 A V  H  X S+     0   0    2     -4,-2.6     4,-2.8     1,-0.2     5,-0.3   0.905 114.1  54.1 -68.3 -38.3   -7.2   10.5  -14.3               
  935  935 A E  H  X S+     0   0   48     -4,-2.9     4,-2.4    -5,-0.2    -1,-0.2   0.906 110.7  47.7 -54.6 -45.3  -10.1   12.8  -13.2               
  936  936 A T  H  X S+     0   0    5     -4,-1.7     4,-2.3    -5,-0.2    -2,-0.2   0.917 113.5  46.4 -66.6 -43.1  -12.3    9.7  -12.8               
  937  937 A I  H  X S+     0   0    0     -4,-2.2     4,-2.1     2,-0.2    -2,-0.2   0.940 115.0  46.1 -64.9 -47.9   -9.7    7.7  -10.8               
  938  938 A V  H  X S+     0   0    0     -4,-2.8     4,-2.6     1,-0.2    -2,-0.2   0.891 113.2  50.8 -64.2 -38.2   -8.9   10.7   -8.5               
  939  939 A S  H  X S+     0   0   42     -4,-2.4     4,-2.6    -5,-0.3    -2,-0.2   0.910 108.4  51.5 -65.1 -42.2  -12.7   11.3   -8.0               
  940  940 A A  H  X S+     0   0    0     -4,-2.3     4,-1.9     2,-0.2    -2,-0.2   0.895 112.2  47.1 -60.0 -41.5  -13.2    7.6   -7.1               
  941  941 A I  H  X S+     0   0    0     -4,-2.1     4,-1.2     2,-0.2    -2,-0.2   0.934 111.3  50.5 -66.6 -46.3  -10.4    7.9   -4.5               
  942  942 A K  H  X S+     0   0   36     -4,-2.6     4,-1.1     1,-0.2     3,-0.5   0.929 111.2  49.3 -56.0 -47.4  -11.8   11.2   -3.1               
  943  943 A E  H >X S+     0   0   23     -4,-2.6     4,-3.0     1,-0.2     3,-0.6   0.897 101.5  62.5 -60.4 -42.5  -15.3    9.6   -2.7               
  944  944 A N  H 3X S+     0   0   25     -4,-1.9     4,-0.6     1,-0.3    -1,-0.2   0.836 115.5  32.1 -54.1 -38.5  -14.0    6.5   -0.9               
  945  945 A F  H 3< S+     0   0   10     -4,-1.2    -1,-0.3    -3,-0.5    -2,-0.2   0.531 121.5  51.2 -96.1 -11.0  -12.7    8.7    2.0               
  946  946 A Q  H << S+     0   0  104     -4,-1.1    -2,-0.2    -3,-0.6     3,-0.2   0.866 109.2  45.6 -90.8 -44.5  -15.5   11.3    1.8               
  947  947 A F  H  < S+     0   0   52     -4,-3.0     2,-0.4     1,-0.3    -3,-0.1   0.929 130.2  20.6 -69.3 -46.6  -18.7    9.1    1.8               
  948  948 A K     <  +     0   0  117     -4,-0.6    -1,-0.3    -5,-0.5     4,-0.0  -0.995  65.4 178.9-122.1 125.0  -17.4    6.9    4.7               
  949  949 A K        +     0   0  157     -2,-0.4     3,-0.4    -3,-0.2     2,-0.3   0.771  60.1  67.7 -93.1 -29.5  -14.7    8.5    6.9               
  950  950 A D  S    S+     0   0  130      1,-0.2     0, 0.0     0, 0.0     0, 0.0  -0.661  86.0  31.8-105.0 146.9  -14.2    5.6    9.5               
  951  951 A G  S    S+     0   0   72     -2,-0.3     2,-0.4     1,-0.3    -1,-0.2   0.384  71.3 145.1  95.0   1.2  -12.8    2.1    9.2               
  952  952 A H        -     0   0   33     -3,-0.4    -1,-0.3     1,-0.1   -38,-0.0  -0.569  30.3-174.0 -75.1 127.3  -10.2    2.6    6.4               
  953  953 A C        +     0   0   34     -2,-0.4    -1,-0.1   -40,-0.1   -44,-0.1   0.795  58.9 100.7 -81.6 -32.0   -6.9    0.6    6.7               
  954  954 A L        +     0   0    0      1,-0.1   -39,-0.2   -49,-0.1   -40,-0.2  -0.224  33.5 158.6 -60.9 140.9   -5.4    2.5    3.7               
  955  955 A K        +     0   0   56    -41,-3.0  -152,-2.9     1,-0.3     2,-0.4   0.518  64.8  44.0-133.2 -33.5   -2.9    5.3    4.6               
  956  956 A E  E     -bf 803 915N  68    -42,-2.4   -40,-2.2  -154,-0.2     2,-0.6  -0.975  58.8-175.7-128.1 120.3   -0.8    5.7    1.4               
  957  957 A I  E     -bf 804 916N   0   -154,-2.8  -152,-3.2    -2,-0.4     2,-0.5  -0.950  11.6-158.7-118.2 111.6   -2.3    5.8   -2.2               
  958  958 A Y  E     -bf 805 917N  16    -42,-3.2   -40,-3.1    -2,-0.6     2,-0.6  -0.796   6.5-160.0 -93.5 125.1    0.2    6.0   -5.0               
  959  959 A L  E     +bf 806 918N   0   -154,-3.0  -152,-2.6    -2,-0.5     2,-0.4  -0.940  33.3 177.1-102.8 110.9   -1.0    7.3   -8.4               
  960  960 A V  E     +b  807   0N   0    -42,-1.8   -40,-0.4    -2,-0.6     2,-0.3  -0.950  26.3 149.2-135.0 138.9    1.7    6.0  -10.8               
  961  961 A D  E     -b  808   0N  30   -154,-0.7  -152,-2.2    -2,-0.4  -151,-0.1  -0.959  41.9-129.1-148.7 164.4    2.8    5.7  -14.4               
  962  962 A V  S    S+     0   0   90     -2,-0.3     2,-0.6  -154,-0.2  -152,-0.1   0.769  90.5  84.5 -80.4 -27.9    6.3    5.5  -16.2               
  963  963 A S  S >> S-     0   0   49      1,-0.1     4,-1.8  -154,-0.1     3,-1.1  -0.681  72.5-148.2 -80.6 117.9    5.3    8.3  -18.5               
  964  964 A E  H 3> S+     0   0   78     -2,-0.6     4,-2.9     1,-0.3     5,-0.2   0.896  99.3  58.2 -49.1 -42.4    5.9   11.8  -17.1               
  965  965 A K  H 3> S+     0   0  155      1,-0.2     4,-1.9     2,-0.2    -1,-0.3   0.798 105.5  48.2 -61.9 -33.8    2.8   13.1  -19.1               
  966  966 A T  H <> S+     0   0   14     -3,-1.1     4,-2.1     2,-0.2    -1,-0.2   0.873 113.4  47.5 -73.5 -36.5    0.5   10.6  -17.3               
  967  967 A V  H  X S+     0   0    0     -4,-1.8     4,-2.4     2,-0.2    -2,-0.2   0.887 111.1  51.3 -72.2 -38.4    1.9   11.6  -13.9               
  968  968 A E  H  X S+     0   0   97     -4,-2.9     4,-2.3     2,-0.2    -2,-0.2   0.941 109.6  50.3 -59.9 -47.0    1.5   15.3  -14.8               
  969  969 A A  H  X S+     0   0   16     -4,-1.9     4,-2.8     1,-0.2    -2,-0.2   0.910 111.0  48.9 -60.6 -42.2   -2.1   14.6  -15.8               
  970  970 A F  H  X S+     0   0    0     -4,-2.1     4,-2.5     2,-0.2    -1,-0.2   0.916 110.7  50.5 -60.6 -42.3   -2.6   12.8  -12.4               
  971  971 A A  H  X S+     0   0    5     -4,-2.4     4,-1.6     2,-0.2    -2,-0.2   0.832 112.3  47.4 -67.8 -32.1   -1.0   15.8  -10.6               
  972  972 A E  H  X S+     0   0  133     -4,-2.3     4,-2.5     2,-0.2    -2,-0.2   0.942 110.9  50.8 -69.4 -46.2   -3.4   18.1  -12.5               
  973  973 A A  H  X S+     0   0    3     -4,-2.8     4,-2.7     2,-0.2     5,-0.3   0.878 110.0  50.1 -61.3 -37.8   -6.5   15.9  -11.6               
  974  974 A V  H  X S+     0   0    5     -4,-2.5     4,-1.6     1,-0.2     5,-0.2   0.932 111.6  49.4 -64.4 -41.2   -5.4   16.0   -7.9               
  975  975 A K  H  X S+     0   0  132     -4,-1.6     4,-1.3    -5,-0.2    -2,-0.2   0.896 116.8  41.0 -63.3 -40.7   -5.2   19.8   -8.2               
  976  976 A T  H  X S+     0   0   75     -4,-2.5     4,-0.6     2,-0.2    -2,-0.2   0.954 115.9  46.8 -74.4 -47.7   -8.7   20.1   -9.8               
  977  977 A V  H  < S+     0   0   27     -4,-2.7    -2,-0.2     1,-0.2    -3,-0.2   0.774 122.3  35.8 -68.7 -27.9  -10.6   17.5   -7.7               
  978  978 A F  H >< S+     0   0   33     -4,-1.6     3,-1.2    -5,-0.3    -1,-0.2   0.709  93.7  83.9-101.0 -18.5   -9.3   18.8   -4.4               
  979  979 A K  H >< S+     0   0  166     -4,-1.3     3,-0.9     1,-0.3    -2,-0.1   0.804  83.7  63.8 -54.2 -33.5   -9.1   22.7   -5.1               
  980  980 A A  T 3< S+     0   0   96     -4,-0.6    -1,-0.3     1,-0.2    -2,-0.1   0.083  93.4  67.5 -76.1  21.2  -12.8   23.0   -4.1               
  981  981 A T  T <  S+     0   0   84     -3,-1.2    -1,-0.2    -2,-0.1    -2,-0.1   0.228  71.9  94.0-134.0  12.7  -12.1   21.9   -0.5               
  982  982 A L    <   -     0   0  134     -3,-0.9     2,-1.5    -4,-0.0    -4,-0.0  -0.945  67.4-136.4-106.9 129.4  -10.0   24.7    1.1               
  983  983 A P        -     0   0  114      0, 0.0     2,-0.2     0, 0.0    -3,-0.0  -0.640  24.8-156.7 -82.6  82.7  -11.7   27.5    3.2               
  984  984 A D        -     0   0  160     -2,-1.5     2,-0.4     1,-0.0     3,-0.1  -0.423  10.2-147.7 -59.7 129.4   -9.8   30.5    1.9               
  985  985 A T        +     0   0  133      1,-0.2    -1,-0.0    -2,-0.2     0, 0.0  -0.906  47.7  15.0-111.3 133.1  -10.0   33.4    4.4               
  986  986 A A        +     0   0  101     -2,-0.4    -1,-0.2     1,-0.2    -2,-0.0   0.998  56.3 117.4  71.8  94.6  -10.0   37.2    3.8               
  987  987 A A        -     0   0  100     -3,-0.1    -1,-0.2     0, 0.0    -3,-0.0  -0.825  53.4-115.7-154.7 150.1  -10.6   39.4    0.8               
  988  988 A P        -     0   0  127      0, 0.0     2,-0.2     0, 0.0     0, 0.0  -0.296  27.9-107.5 -84.1 162.8  -13.6   41.9    0.5               
  989  989 A P        +     0   0  135      0, 0.0     0, 0.0     0, 0.0     0, 0.0  -0.574  48.4 119.5 -89.0 146.4  -16.6   42.0   -1.9               
  990  990 A G        +     0   0   70     -2,-0.2     0, 0.0     1,-0.1     0, 0.0   0.183  29.9  69.3 153.3 103.5  -17.5   44.2   -5.0               
  991  991 A L        +     0   0  172      0, 0.0    -1,-0.1     0, 0.0     0, 0.0   0.143  40.1 153.9 172.0 101.6  -18.2   44.2   -8.7               
  992  992 A P        +     0   0  115      0, 0.0     2,-0.2     0, 0.0     0, 0.0  -0.612   8.1 167.3 -89.0 163.3  -21.3   42.8  -10.6               
  993  993 A P        +     0   0  128      0, 0.0     0, 0.0     0, 0.0     0, 0.0  -0.775  27.2  56.3-154.0-176.8  -23.2   43.3  -13.6               
  994  994 A A        -     0   0   94     -2,-0.2     0, 0.0     1,-0.0     0, 0.0   0.839  49.9-138.6  92.0  54.9  -25.8   42.2  -16.2               
  995  995 A A        +     0   0  106      0, 0.0     2,-0.1     0, 0.0    -1,-0.0   0.391  24.8 163.5  31.9 107.1  -29.4   41.3  -15.7               
  996  996 A A        -     0   0  111      0, 0.0     0, 0.0     0, 0.0     0, 0.0  -0.357  45.5 -60.1-176.0 131.7  -32.0   38.9  -16.8               
  997  997 A G        -     0   0   71     -2,-0.1     2,-0.1     1,-0.1     0, 0.0   0.835  27.0-113.4 179.5 146.8  -34.9   38.3  -15.2               
  998  998 A P        +     0   0  141      0, 0.0    -1,-0.1     0, 0.0     0, 0.0  -0.396  55.3  66.1 -83.9 147.3  -37.3   37.4  -12.3               
  999  999 A G        +     0   0   74      1,-0.2     2,-0.2    -2,-0.1    -2,-0.0   0.812  41.2 103.0 119.9  84.6  -39.8   34.6  -11.6               
 1000 1000 A K        -     0   0  190      0, 0.0    -1,-0.2     0, 0.0     3,-0.0  -0.874  54.3-107.6-161.0 153.7  -39.8   30.8  -11.1               
 1001 1001 A T        -     0   0  103     -2,-0.2     2,-1.7     1,-0.1     0, 0.0  -0.138  41.2 -85.3 -73.5 162.8  -40.2   28.6   -7.9               
 1002 1002 A S        -     0   0  114      1,-0.1     2,-1.6     3,-0.0    -1,-0.1  -0.484  43.3-165.0 -71.0  82.5  -37.7   26.5   -6.0               
 1003 1003 A W        -     0   0  211     -2,-1.7     4,-0.1     1,-0.1    -1,-0.1  -0.638  34.5-102.4 -79.1  83.8  -37.7   23.1   -7.9               
 1004 1004 A E    >   -     0   0  165     -2,-1.6     2,-0.8     1,-0.1     3,-0.7   0.607  10.6-117.3  33.7 120.2  -36.1   20.7   -5.6               
 1005 1005 A K  T 3  S+     0   0  222      1,-0.2    -1,-0.1    -3,-0.1   185,-0.1   0.057  99.3  81.5 -71.7  24.4  -32.5   19.2   -5.5               
 1006 1006 A G  T 3  S+     0   0   18     -2,-0.8    12,-2.4   180,-0.1     2,-0.4   0.137  70.3  86.8-125.0  15.0  -34.1   15.7   -6.0               
 1007 1007 A S  E <   +G 1017   0O  46     -3,-0.7     2,-0.3    10,-0.2    10,-0.2  -0.962  40.2 175.2-127.0 142.3  -34.8   15.3   -9.8               
 1008 1008 A L  E     -G 1016   0O  12      8,-2.6     8,-3.0    -2,-0.4     2,-0.4  -0.955  14.6-151.6-130.4 156.3  -32.9   14.2  -12.9               
 1009 1009 A V  E     -G 1015   0O  89     -2,-0.3     6,-0.2     6,-0.2     5,-0.1  -0.993  13.1-141.7-128.3 136.0  -34.0   13.7  -16.6               
 1010 1010 A S    >   -     0   0    6      4,-2.6     3,-2.2    -2,-0.4   143,-0.0  -0.535  31.1-103.8 -87.5 162.2  -32.4   11.2  -19.0               
 1011 1011 A P  T 3  S+     0   0  115      0, 0.0    -1,-0.1     0, 0.0   146,-0.1   0.745 122.2  57.2 -59.8 -24.2  -31.7   11.8  -22.7               
 1012 1012 A G  T 3  S-     0   0   50    141,-0.1   149,-0.1     2,-0.1     3,-0.1   0.320 122.3-105.9 -83.9   3.3  -34.7    9.6  -23.6               
 1013 1013 A G  S <  S+     0   0   52     -3,-2.2     2,-0.2     1,-0.3   144,-0.0   0.100  73.7 141.8  90.4 -16.6  -37.1   11.8  -21.5               
 1014 1014 A L        -     0   0    2     -5,-0.1    -4,-2.6   138,-0.1    -1,-0.3  -0.379  43.2-142.4 -58.2 122.6  -37.4    9.3  -18.5               
 1015 1015 A Q  E     -Gh10091166O  65    150,-2.8   152,-2.4    -6,-0.2     2,-0.4  -0.615   8.5-154.2 -88.3 145.7  -37.4   11.3  -15.2               
 1016 1016 A M  E     -Gh10081167O   0     -8,-3.0    -8,-2.6    -2,-0.2     2,-0.3  -0.994  11.2-168.0-122.7 126.7  -35.7   10.1  -12.0               
 1017 1017 A L  E     -Gh10071168O  40    150,-2.6   152,-3.0    -2,-0.4     2,-0.7  -0.892  17.8-144.0-116.7 142.5  -36.9   11.3   -8.6               
 1018 1018 A L  E     - h   01169O  22    -12,-2.4     2,-0.4    -2,-0.3   152,-0.2  -0.914  26.5-172.5-106.3 105.1  -35.3   11.0   -5.1               
 1019 1019 A V  E     - h   01170O  34    150,-2.4   152,-2.8    -2,-0.7     2,-0.9  -0.853  19.3-150.3-111.2 128.9  -38.2   10.4   -2.6               
 1020 1020 A K        +     0   0  120     -2,-0.4     2,-0.3   150,-0.2   152,-0.1  -0.555  60.2  92.9-101.7  66.2  -37.6   10.4    1.2               
 1021 1021 A E  S    S-     0   0   56     -2,-0.9     2,-0.3   151,-0.1    -2,-0.1  -0.885  82.9 -77.7-142.8 170.1  -40.4    8.0    2.4               
 1022 1022 A G    >   -     0   0    5     -2,-0.3     3,-2.4   150,-0.1     4,-0.2  -0.621  41.9-122.9 -70.4 137.7  -41.1    4.3    3.2               
 1023 1023 A V  G >  S+     0   0    7      1,-0.3     3,-1.5    -2,-0.3    -1,-0.1   0.759 108.9  68.9 -54.2 -27.6  -41.5    2.2    0.1               
 1024 1024 A Q  G 3  S+     0   0   38      1,-0.3    61,-0.4    60,-0.1    -1,-0.3   0.551  97.8  51.2 -71.4  -9.0  -45.0    1.1    1.4               
 1025 1025 A N  G <  S+     0   0   72     -3,-2.4    -1,-0.3    59,-0.1     2,-0.2   0.370  80.5 131.6-101.4  -1.7  -46.3    4.7    0.8               
 1026 1026 A A    <   -     0   0    3     -3,-1.5     2,-0.2    -4,-0.2   102,-0.1  -0.370  44.8-158.9 -67.3 125.2  -45.0    4.9   -2.8               
 1027 1027 A K        +     0   0  154     -2,-0.2     2,-0.2    59,-0.1    -1,-0.1  -0.180  50.0 122.0 -97.2  35.0  -47.7    6.2   -5.3               
 1028 1028 A T  S    S-     0   0    2     -2,-0.2    59,-0.3     1,-0.1    99,-0.1  -0.635  75.4-115.1 -91.3 158.6  -46.1    4.8   -8.4               
 1029 1029 A D  S    S+     0   0   24     -2,-0.2    58,-2.2    57,-0.2    59,-1.2   0.863 103.4  29.7 -60.8 -33.9  -47.8    2.3  -10.8               
 1030 1030 A V  E     -ij10881127O   1     96,-1.8    98,-2.6    57,-0.2     2,-0.4  -0.968  67.7-161.5-128.4 143.2  -45.2   -0.4   -9.8               
 1031 1031 A V  E     -ij10891128O   1     57,-2.1    59,-3.0    -2,-0.3     2,-0.4  -0.982  14.7-139.4-122.5 136.4  -43.2   -1.0   -6.6               
 1032 1032 A V  E     -i 1090   0O   0     96,-2.5     2,-0.4    -2,-0.4    59,-0.2  -0.822  16.6-168.3 -98.7 133.7  -40.0   -3.2   -6.4               
 1033 1033 A N  E     -i 1091   0O   0     57,-3.0    59,-3.3    -2,-0.4     2,-1.0  -0.972  18.6-138.2-124.4 129.2  -39.5   -5.5   -3.3               
 1034 1034 A S  E     +i 1092   0O  21     -2,-0.4    13,-0.3    57,-0.2    59,-0.2  -0.720  35.1 179.2 -92.9  94.7  -36.2   -7.3   -2.5               
 1035 1035 A V        -     0   0    5     57,-1.4    59,-0.4    -2,-1.0     6,-0.1  -0.509  25.4-114.9 -98.1 155.3  -37.2  -10.9   -1.4               
 1036 1036 A P    >   -     0   0   29      0, 0.0     3,-1.9     0, 0.0    -1,-0.1  -0.318  38.9 -96.7 -76.8 171.1  -35.2  -14.0   -0.3               
 1037 1037 A L  T 3  S+     0   0   90      1,-0.3    34,-0.1     2,-0.1    56,-0.1   0.727 126.2  55.0 -60.2 -27.7  -35.0  -17.3   -2.2               
 1038 1038 A D  T 3  S-     0   0   82      2,-0.1    -1,-0.3     1,-0.0     3,-0.1   0.218 107.9-128.0 -88.6   8.3  -37.8  -18.8   -0.1               
 1039 1039 A L    <   +     0   0   11     -3,-1.9     2,-0.6     1,-0.2    -2,-0.1   0.344  53.8 154.7  58.6   1.2  -40.1  -15.8   -1.0               
 1040 1040 A V    >   -     0   0   46      1,-0.2     3,-1.2     2,-0.1     4,-0.3  -0.381  27.5-167.5 -67.0 107.2  -40.8  -15.1    2.7               
 1041 1041 A L  G >  S+     0   0    0     -2,-0.6     3,-0.7     1,-0.2    10,-0.2   0.756  79.0  67.0 -69.5 -26.4  -41.8  -11.4    2.9               
 1042 1042 A S  G 3  S+     0   0   66      1,-0.2    -1,-0.2     5,-0.1     6,-0.1   0.613  87.3  71.9 -71.7 -11.2  -41.5  -11.2    6.7               
 1043 1043 A R  G <  S+     0   0  152     -3,-1.2    -1,-0.2     4,-0.0    -2,-0.1   0.743  91.4  53.4 -80.2 -31.1  -37.7  -11.8    6.7               
 1044 1044 A G  S <> S-     0   0   14     -3,-0.7     4,-2.9    -4,-0.3     5,-0.2  -0.908  78.4-130.3-110.1 141.2  -36.4   -8.5    5.3               
 1045 1045 A P  H  > S+     0   0   89      0, 0.0     4,-2.4     0, 0.0     5,-0.2   0.894 110.6  48.8 -58.9 -39.5  -37.3   -5.0    6.8               
 1046 1046 A L  H  > S+     0   0   43      2,-0.2     4,-1.3     1,-0.2     5,-0.1   0.933 115.8  41.9 -59.2 -51.9  -38.2   -3.7    3.3               
 1047 1047 A S  H  > S+     0   0    0    -13,-0.3     4,-2.6     2,-0.2    -1,-0.2   0.848 113.0  54.7 -69.3 -33.9  -40.4   -6.7    2.5               
 1048 1048 A K  H  X S+     0   0   90     -4,-2.9     4,-3.1     2,-0.2     5,-0.2   0.937 106.8  49.6 -66.3 -46.4  -41.9   -6.7    6.0               
 1049 1049 A S  H  X S+     0   0   34     -4,-2.4     4,-0.7    -5,-0.2    -1,-0.2   0.778 113.2  47.9 -66.1 -26.5  -43.0   -3.0    5.7               
 1050 1050 A L  H  X S+     0   0    0     -4,-1.3     4,-2.4     2,-0.2     3,-0.4   0.928 113.9  46.1 -73.5 -45.7  -44.6   -3.9    2.3               
 1051 1051 A L  H  X S+     0   0   31     -4,-2.6     4,-2.6     1,-0.2    -2,-0.2   0.918 111.1  52.9 -59.3 -46.1  -46.4   -7.0    3.8               
 1052 1052 A E  H  < S+     0   0  121     -4,-3.1    -1,-0.2     1,-0.2    -2,-0.2   0.765 117.5  37.7 -61.9 -30.2  -47.6   -5.0    6.9               
 1053 1053 A K  H  < S+     0   0   75     -4,-0.7    -1,-0.2    -3,-0.4    -2,-0.2   0.762 121.3  43.3 -91.6 -32.6  -49.1   -2.3    4.5               
 1054 1054 A A  H  < S-     0   0    0     -4,-2.4    29,-1.8     1,-0.2    -2,-0.2   0.857 108.6-118.1 -78.7 -39.0  -50.5   -4.7    1.8               
 1055 1055 A G    ><  -     0   0   13     -4,-2.6     3,-1.5    -5,-0.2     4,-0.3  -0.362  35.7 -71.6 106.7 161.1  -51.9   -7.5    4.0               
 1056 1056 A P  T >> S+     0   0   85      0, 0.0     3,-1.7     0, 0.0     4,-1.6   0.768 120.7  79.0 -58.9 -24.3  -51.0  -11.2    4.3               
 1057 1057 A E  H 3> S+     0   0   67      1,-0.3     4,-2.7     2,-0.2     5,-0.2   0.763  81.9  65.4 -58.5 -26.2  -52.6  -11.8    0.8               
 1058 1058 A L  H <> S+     0   0    0     -3,-1.5     4,-1.3     2,-0.2    -1,-0.3   0.810 104.4  45.0 -66.8 -31.0  -49.4  -10.3   -0.7               
 1059 1059 A Q  H <> S+     0   0   30     -3,-1.7     4,-3.0    -4,-0.3     5,-0.3   0.928 113.1  50.0 -73.3 -46.6  -47.5  -13.4    0.7               
 1060 1060 A E  H  X S+     0   0  131     -4,-1.6     4,-2.0     1,-0.2    -2,-0.2   0.893 113.6  45.4 -61.8 -41.0  -50.3  -15.8   -0.5               
 1061 1061 A E  H  X S+     0   0   41     -4,-2.7     4,-2.7     2,-0.2    -1,-0.2   0.911 114.4  48.8 -67.3 -41.4  -50.2  -14.3   -4.1               
 1062 1062 A L  H  X S+     0   0    0     -4,-1.3     4,-1.9    -5,-0.2    -2,-0.2   0.925 112.2  47.4 -65.2 -43.5  -46.4  -14.4   -4.2               
 1063 1063 A D  H  X S+     0   0   68     -4,-3.0     4,-0.9     2,-0.2    -2,-0.2   0.901 114.2  48.4 -63.9 -39.4  -46.2  -18.0   -3.0               
 1064 1064 A T  H  < S+     0   0   90     -4,-2.0     3,-0.5    -5,-0.3    -2,-0.2   0.907 113.0  46.5 -66.1 -42.2  -48.9  -18.9   -5.6               
 1065 1065 A V  H  < S+     0   0   55     -4,-2.7    -2,-0.2     1,-0.2    -1,-0.2   0.759 111.5  54.0 -71.8 -24.8  -47.0  -17.0   -8.4               
 1066 1066 A G  H >< S+     0   0   10     -4,-1.9     3,-2.1    -5,-0.2     5,-0.2   0.661  79.8 114.6 -79.6 -19.0  -43.8  -18.8   -7.2               
 1067 1067 A Q  T 3< S+     0   0  144     -4,-0.9     3,-0.1    -3,-0.5    -3,-0.0  -0.347  89.9   7.7 -60.8 121.7  -45.4  -22.3   -7.5               
 1068 1068 A G  T 3  S+     0   0   90      1,-0.3     2,-0.5    -2,-0.2    -1,-0.3   0.254 101.3 119.8  85.0  -7.5  -43.5  -24.2  -10.2               
 1069 1069 A V    <   -     0   0   63     -3,-2.1     2,-1.9     1,-0.1    -1,-0.3  -0.745  66.3-135.3 -86.0 127.9  -40.8  -21.4  -10.6               
 1070 1070 A A        -     0   0   95     -2,-0.5    -3,-0.1    -3,-0.1     2,-0.1  -0.549  32.4-145.1 -77.6  74.8  -37.2  -22.6   -9.9               
 1071 1071 A V        +     0   0   36     -2,-1.9     2,-0.3    -5,-0.2   -34,-0.0  -0.222  33.6 156.3 -54.5 119.6  -36.5  -19.4   -7.7               
 1072 1072 A S    >   -     0   0   64     -2,-0.1     3,-2.5    21,-0.0    21,-0.2  -0.866  52.8 -62.3-134.8 168.9  -32.9  -18.3   -8.1               
 1073 1073 A M  T 3  S+     0   0   57     -2,-0.3    21,-0.2     1,-0.3    19,-0.0  -0.392 126.2  29.0 -51.3 123.1  -30.7  -15.1   -7.8               
 1074 1074 A G  T 3  S+     0   0   19     19,-2.7    -1,-0.3     1,-0.3    20,-0.1   0.189  85.3 144.0 101.0 -12.1  -32.1  -12.7  -10.5               
 1075 1075 A T    <   -     0   0   21     -3,-2.5    18,-2.7    18,-0.2     2,-0.4  -0.392  31.0-163.8 -64.8 135.4  -35.8  -14.0  -10.3               
 1076 1076 A V  E     -K 1092   0O  20     16,-0.2     2,-0.3    -2,-0.1    16,-0.2  -0.987   7.3-176.3-118.7 125.0  -38.5  -11.4  -10.8               
 1077 1077 A L  E     -K 1091   0O  15     14,-2.6    14,-2.8    -2,-0.4     2,-0.5  -0.945  14.3-143.8-120.9 143.4  -42.2  -12.3   -9.8               
 1078 1078 A K  E     +K 1090   0O  71     -2,-0.3    12,-0.2    12,-0.2     2,-0.1  -0.905  23.7 165.8-117.6 112.0  -45.3  -10.0  -10.2               
 1079 1079 A T  E     -K 1089   0O   0     10,-2.0    10,-1.2    -2,-0.5     2,-0.1  -0.438  40.1 -95.8-100.4 173.4  -48.2   -9.8   -7.7               
 1080 1080 A S  E     -K 1088   0O  35      8,-0.2     9,-0.3    -2,-0.1     8,-0.2  -0.237  34.3-115.0 -73.1 175.3  -51.0   -7.3   -7.3               
 1081 1081 A S    >   -     0   0   19      6,-0.8     3,-1.8     1,-0.2     5,-0.1   0.665  36.5-176.6 -91.5 -19.5  -50.7   -4.4   -4.8               
 1082 1082 A W  T 3  S-     0   0  119      1,-0.3    -1,-0.2     5,-0.2   -27,-0.1  -0.348  78.4  -3.5  48.1-120.9  -53.5   -5.3   -2.3               
 1083 1083 A N  T 3  S+     0   0  103    -29,-1.8     2,-0.3    -2,-0.1    -1,-0.3   0.229 111.6 108.4 -84.4  15.4  -53.6   -2.4    0.3               
 1084 1084 A L  S <  S-     0   0   11     -3,-1.8   -59,-0.1   -30,-0.1    -3,-0.1  -0.738  79.5-121.6 -86.5 146.3  -50.6   -0.6   -1.3               
 1085 1085 A D  S    S+     0   0   78    -61,-0.4     2,-0.1    -2,-0.3    -1,-0.1   0.402  90.2  78.5 -68.1   1.6  -51.1    2.7   -3.3               
 1086 1086 A C  S    S-     0   0   11     -5,-0.1   -57,-0.2     1,-0.1    -5,-0.2  -0.263  80.8-125.6 -96.6-174.0  -49.6    1.1   -6.5               
 1087 1087 A R  S    S+     0   0  135    -58,-2.2    -6,-0.8     1,-0.3     2,-0.3   0.737  85.7  12.2-102.8 -34.7  -51.0   -1.5   -9.1               
 1088 1088 A Y  E     -iK10301080O  76    -59,-1.2   -57,-2.1    -8,-0.2     2,-0.5  -0.997  60.1-140.2-144.8 147.9  -48.4   -4.3   -8.9               
 1089 1089 A V  E     -iK10311079O   0    -10,-1.2   -10,-2.0    -2,-0.3     2,-0.7  -0.930  12.3-151.7-107.7 129.4  -45.4   -5.4   -6.7               
 1090 1090 A L  E     -iK10321078O   1    -59,-3.0   -57,-3.0    -2,-0.5     2,-0.6  -0.893  11.9-158.0 -98.8 104.5  -42.3   -6.8   -8.5               
 1091 1091 A H  E     -iK10331077O   1    -14,-2.8   -14,-2.6    -2,-0.7     2,-0.4  -0.772  14.2-168.9 -86.9 116.7  -40.6   -9.2   -6.0               
 1092 1092 A V  E     -iK10341076O   0    -59,-3.3     2,-1.6    -2,-0.6   -57,-1.4  -0.930  26.6-139.6-118.4 130.1  -36.9   -9.6   -6.9               
 1093 1093 A V        -     0   0    2    -18,-2.7   -19,-2.7    -2,-0.4   -18,-0.2  -0.636  34.7-160.1 -85.2  80.4  -34.4  -12.1   -5.6               
 1094 1094 A A        -     0   0    2     -2,-1.6     2,-0.1   -59,-0.4    39,-0.1  -0.342  15.6-110.6 -64.3 143.3  -31.5   -9.6   -5.3               
 1095 1095 A P        -     0   0    4      0, 0.0     2,-0.2     0, 0.0    -1,-0.1  -0.393  25.9-106.3 -74.4 151.7  -27.9  -11.0   -5.2               
 1096 1096 A E        -     0   0   83      1,-0.1    42,-0.2    -2,-0.1    41,-0.1  -0.492  31.8-119.8 -61.8 144.5  -25.5  -11.0   -2.3               
 1097 1097 A W    >>  -     0   0   29     40,-3.0     3,-2.2    36,-0.2     4,-1.3   0.840  33.0-172.2 -57.3 -40.2  -22.7   -8.4   -2.7               
 1098 1098 A R  T 34 S-     0   0  143      1,-0.3    -1,-0.1    39,-0.3     6,-0.1   0.751  74.4 -56.7  45.7  39.1  -19.9  -11.1   -2.6               
 1099 1099 A N  T 34 S-     0   0   80      1,-0.2    -1,-0.3    39,-0.1    -2,-0.1   0.695 104.4 -52.7  68.5  24.5  -17.2   -8.3   -2.5               
 1100 1100 A G  T <4 S-     0   0    2     -3,-2.2  -236,-0.4     1,-0.1    -2,-0.2   0.844  83.2-171.7  79.9  37.1  -18.6   -6.8   -5.8               
 1101 1101 A S     X  -     0   0   36     -4,-1.3     4,-2.6     1,-0.1     5,-0.3  -0.247  34.1-116.6 -59.8 149.3  -18.4  -10.1   -7.8               
 1102 1102 A T  H  > S+     0   0   25      1,-0.2     4,-2.6     2,-0.2     5,-0.2   0.903 118.1  48.1 -52.5 -44.4  -19.1  -10.0  -11.6               
 1103 1103 A S  H  > S+     0   0   66      2,-0.2     4,-2.9     1,-0.2     5,-0.3   0.915 110.6  50.6 -64.7 -44.4  -22.2  -12.1  -11.1               
 1104 1104 A S  H  > S+     0   0    4      2,-0.2     4,-1.8     1,-0.2    -2,-0.2   0.925 115.1  42.7 -59.8 -46.8  -23.5   -9.9   -8.2               
 1105 1105 A L  H  X S+     0   0    1     -4,-2.6     4,-2.1     2,-0.2    -2,-0.2   0.917 117.3  46.6 -67.6 -43.8  -23.1   -6.7  -10.2               
 1106 1106 A K  H  X S+     0   0   99     -4,-2.6     4,-2.6    -5,-0.3    -2,-0.2   0.943 111.9  49.2 -63.8 -50.0  -24.5   -8.3  -13.4               
 1107 1107 A I  H  X S+     0   0   43     -4,-2.9     4,-2.7     1,-0.2    -1,-0.2   0.879 112.0  50.0 -61.9 -37.2  -27.6   -9.9  -11.7               
 1108 1108 A M  H  X S+     0   0    0     -4,-1.8     4,-2.1    -5,-0.3    -1,-0.2   0.928 112.0  47.0 -66.1 -43.9  -28.4   -6.5  -10.0               
 1109 1109 A E  H  X S+     0   0   23     -4,-2.1     4,-1.9     2,-0.2    -2,-0.2   0.882 114.1  49.0 -61.8 -38.6  -28.1   -4.6  -13.4               
 1110 1110 A D  H  X S+     0   0   40     -4,-2.6     4,-3.1     2,-0.2    -2,-0.2   0.935 110.2  49.6 -69.3 -44.1  -30.3   -7.3  -15.0               
 1111 1111 A I  H  X S+     0   0    1     -4,-2.7     4,-2.6     2,-0.2     5,-0.2   0.922 112.1  48.7 -55.8 -49.6  -33.0   -7.2  -12.2               
 1112 1112 A I  H  X S+     0   0    0     -4,-2.1     4,-1.2     1,-0.2    -1,-0.2   0.909 115.5  44.3 -60.9 -42.8  -33.2   -3.3  -12.4               
 1113 1113 A R  H  X S+     0   0   67     -4,-1.9     4,-2.6     2,-0.2     3,-0.3   0.936 112.0  51.9 -65.5 -47.8  -33.5   -3.6  -16.2               
 1114 1114 A E  H  X S+     0   0   74     -4,-3.1     4,-3.0     1,-0.2     5,-0.2   0.894 106.2  54.4 -61.9 -39.9  -36.1   -6.4  -16.1               
 1115 1115 A C  H  X S+     0   0    0     -4,-2.6     4,-1.8     2,-0.2    -1,-0.2   0.871 112.4  43.9 -61.7 -36.0  -38.3   -4.5  -13.7               
 1116 1116 A M  H  X S+     0   0    0     -4,-1.2     4,-2.5    -3,-0.3     5,-0.2   0.898 112.4  52.2 -74.0 -39.1  -38.3   -1.5  -16.1               
 1117 1117 A E  H  X S+     0   0   73     -4,-2.6     4,-2.4     2,-0.2    -2,-0.2   0.921 111.8  47.1 -60.9 -43.3  -38.9   -3.8  -19.1               
 1118 1118 A I  H  X S+     0   0   39     -4,-3.0     4,-2.2     2,-0.2    -2,-0.2   0.936 111.8  50.4 -61.9 -47.0  -41.9   -5.4  -17.3               
 1119 1119 A T  H  <>S+     0   0    0     -4,-1.8     5,-2.3     1,-0.2    -2,-0.2   0.914 113.6  44.1 -62.8 -43.5  -43.3   -1.9  -16.4               
 1120 1120 A E  H ><5S+     0   0   31     -4,-2.5     3,-1.6     3,-0.2    -1,-0.2   0.897 111.8  54.2 -65.9 -39.2  -43.1   -0.7  -20.0               
 1121 1121 A S  H 3<5S+     0   0   89     -4,-2.4    -2,-0.2     1,-0.3    -1,-0.2   0.873 106.0  52.5 -64.3 -33.6  -44.6   -4.0  -21.2               
 1122 1122 A L  T 3<5S-     0   0   60     -4,-2.2    -1,-0.3    -5,-0.1    -2,-0.2   0.402 115.9-119.8 -77.4   1.2  -47.6   -3.5  -18.8               
 1123 1123 A S  T < 5 +     0   0   85     -3,-1.6    -3,-0.2     1,-0.2     2,-0.2   0.793  63.4 150.2  59.4  32.3  -48.0    0.1  -20.5               
 1124 1124 A L      < -     0   0    9     -5,-2.3    -1,-0.2    -6,-0.2    39,-0.1  -0.521  42.9-148.3 -95.8 160.9  -47.4    1.7  -17.0               
 1125 1125 A K        +     0   0  112      1,-0.2    40,-2.7    39,-0.2    41,-2.3   0.753  68.7  36.8-102.9 -32.4  -45.9    5.1  -16.3               
 1126 1126 A S  E     - l   01166O  12     39,-0.2   -96,-1.8    38,-0.2     2,-0.4  -0.982  51.0-170.9-138.0 141.6  -44.0    5.0  -13.0               
 1127 1127 A I  E     -jl10301167O   0     39,-1.9    41,-2.9    -2,-0.4     2,-0.6  -0.997  13.4-147.2-131.8 133.3  -41.8    2.6  -10.9               
 1128 1128 A A  E     -jl10311168O   0    -98,-2.6   -96,-2.5    -2,-0.4    41,-0.2  -0.887  14.0-172.9 -98.6 118.1  -40.6    2.8   -7.3               
 1129 1129 A F  E     - l   01169O   0     39,-2.9    41,-1.9    -2,-0.6     2,-0.1  -0.945   6.2-161.0-104.0 118.1  -37.1    1.3   -6.6               
 1130 1130 A P  E     - l   01170O   3      0, 0.0     2,-2.5     0, 0.0    41,-0.2  -0.346  50.4 -76.7 -74.3 175.8  -36.0    1.2   -2.9               
 1131 1131 A A    >   -     0   0   17     39,-0.7     3,-1.6    -2,-0.1     4,-0.3  -0.341  64.3-168.6 -73.7  60.8  -32.3    0.7   -2.2               
 1132 1132 A I  T 3   +     0   0    1     -2,-2.5   -99,-0.0     1,-0.2    -3,-0.0  -0.112  66.4  16.9 -54.9 146.2  -32.4   -3.1   -3.0               
 1133 1133 A G  T 3  S+     0   0    4      1,-0.1     6,-2.4   -39,-0.1    -1,-0.2   0.122  99.1  98.5  75.3 -22.7  -29.4   -5.2   -2.0               
 1134 1134 A T  S <  S+     0   0   16     -3,-1.6     7,-0.2     4,-0.2    -2,-0.1   0.600  80.6  49.7 -80.4 -10.3  -28.1   -2.4    0.4               
 1135 1135 A G  S >  S-     0   0   51     -4,-0.3     3,-2.6     3,-0.0     4,-0.1   0.468 127.8  -7.8 -86.2-124.2  -29.5   -4.1    3.6               
 1136 1136 A N  T 3  S+     0   0  135      1,-0.3    -2,-0.1     2,-0.1   -40,-0.0   0.631 130.0  62.2 -52.9 -22.9  -28.9   -7.8    4.5               
 1137 1137 A L  T 3  S-     0   0   45     -4,-0.1   -40,-3.0   -41,-0.1    -1,-0.3   0.535 103.9-130.6 -87.1  -8.0  -27.3   -8.5    1.1               
 1138 1138 A G    <   +     0   0   41     -3,-2.6    -4,-0.2     1,-0.2   -39,-0.1   0.626  42.8 163.1  77.5  18.9  -24.4   -6.0    1.8               
 1139 1139 A F        -     0   0    3     -6,-2.4    -1,-0.2    -4,-0.1     2,-0.2  -0.580  48.3-110.6 -65.8 127.4  -24.2   -3.8   -1.3               
 1140 1140 A P     >  -     0   0   36      0, 0.0     4,-2.5     0, 0.0     5,-0.2  -0.416  27.4-130.5 -59.4 125.8  -22.2   -0.6   -0.5               
 1141 1141 A K  H  > S+     0   0   37      1,-0.2     4,-2.6     2,-0.2     5,-0.2   0.829 103.3  46.3 -57.7 -41.2  -24.9    2.2   -0.6               
 1142 1142 A N  H  > S+     0   0   17      2,-0.2     4,-2.7     1,-0.2    -1,-0.2   0.928 112.8  50.0 -66.8 -42.6  -22.9    4.6   -2.9               
 1143 1143 A I  H  > S+     0   0    3      2,-0.2     4,-2.0     1,-0.2    -2,-0.2   0.890 113.8  46.7 -64.2 -38.2  -22.0    1.8   -5.4               
 1144 1144 A F  H  X S+     0   0    0     -4,-2.5     4,-2.8     2,-0.2     5,-0.3   0.954 111.2  50.5 -65.9 -48.8  -25.7    0.7   -5.5               
 1145 1145 A A  H  X S+     0   0    0     -4,-2.6     4,-2.1     1,-0.2     5,-0.3   0.922 114.4  44.8 -55.8 -45.6  -26.9    4.3   -6.0               
 1146 1146 A E  H  X S+     0   0    0     -4,-2.7     4,-2.4     2,-0.2    -1,-0.2   0.883 113.3  52.0 -64.7 -38.9  -24.4    4.7   -8.9               
 1147 1147 A L  H  X S+     0   0    0     -4,-2.0     4,-2.3    -5,-0.2    -2,-0.2   0.963 113.0  41.8 -62.4 -53.9  -25.4    1.3  -10.3               
 1148 1148 A I  H  X S+     0   0    0     -4,-2.8     4,-2.9     2,-0.2     5,-0.2   0.938 118.1  45.9 -65.3 -44.1  -29.2    1.8  -10.4               
 1149 1149 A I  H  X S+     0   0    0     -4,-2.1     4,-2.4    -5,-0.3     5,-0.2   0.935 114.1  50.0 -63.0 -44.3  -28.9    5.5  -11.7               
 1150 1150 A S  H  X S+     0   0    4     -4,-2.4     4,-1.5    -5,-0.3    -1,-0.2   0.862 113.9  45.5 -60.6 -36.4  -26.3    4.3  -14.3               
 1151 1151 A E  H  X S+     0   0    1     -4,-2.3     4,-2.7     2,-0.2    -2,-0.2   0.914 110.7  51.3 -77.9 -39.5  -28.6    1.4  -15.4               
 1152 1152 A V  H  X S+     0   0    0     -4,-2.9     4,-2.4     1,-0.2     5,-0.3   0.936 113.0  46.9 -61.5 -43.8  -31.8    3.6  -15.6               
 1153 1153 A F  H  X S+     0   0   38     -4,-2.4     4,-1.8    -5,-0.2    -1,-0.2   0.895 113.8  48.7 -61.1 -40.6  -29.8    6.1  -17.8               
 1154 1154 A K  H  < S+     0   0   53     -4,-1.5     4,-0.5    -5,-0.2    -2,-0.2   0.850 112.7  47.8 -68.6 -35.9  -28.5    3.1  -19.9               
 1155 1155 A F  H >X S+     0   0    7     -4,-2.7     4,-1.7     2,-0.2     3,-1.2   0.970 114.5  44.1 -69.0 -53.1  -32.1    1.7  -20.3               
 1156 1156 A S  H 3< S+     0   0    4     -4,-2.4     5,-0.2     1,-0.3    -2,-0.2   0.828 112.8  52.5 -62.7 -34.9  -33.7    5.0  -21.3               
 1157 1157 A S  T 3< S+     0   0   72     -4,-1.8    -1,-0.3    -5,-0.3    -2,-0.2   0.598 117.5  37.6 -79.2  -9.3  -30.9    5.9  -23.7               
 1158 1158 A K  T <4 S+     0   0  126     -3,-1.2     2,-0.4    -4,-0.5    -2,-0.2   0.577 112.1  58.4-114.0 -16.0  -31.2    2.5  -25.6               
 1159 1159 A N  S  < S-     0   0   73     -4,-1.7     2,-1.5    -5,-0.1    -1,-0.2  -0.963  73.6-135.1-120.8 132.3  -35.0    1.9  -25.6               
 1160 1160 A Q        -     0   0  192     -2,-0.4    -3,-0.1    -3,-0.1    -4,-0.1  -0.674  35.0-150.3 -84.0  85.1  -37.6    4.3  -27.1               
 1161 1161 A L        -     0   0   38     -2,-1.5    -5,-0.0    -5,-0.2   -41,-0.0  -0.312  20.6-173.6 -61.8 138.2  -40.0    4.1  -24.1               
 1162 1162 A K  S    S+     0   0  177    -42,-0.0    -1,-0.1    -2,-0.0     3,-0.0   0.724  82.3   2.8-102.9 -34.1  -43.8    4.5  -24.9               
 1163 1163 A T  S    S+     0   0   28    -39,-0.1     2,-0.5     1,-0.1   -43,-0.1   0.684  98.5  98.3-125.9 -38.9  -45.3    4.6  -21.3               
 1164 1164 A L        +     0   0    5      1,-0.2   -39,-0.2   -48,-0.1   -38,-0.2  -0.426  37.6 149.8 -67.2 111.4  -42.5    4.5  -18.7               
 1165 1165 A Q        +     0   0   92    -40,-2.7  -150,-2.8    -2,-0.5     2,-0.4   0.655  53.1  43.3-118.2 -27.0  -42.0    8.2  -17.8               
 1166 1166 A E  E     -hl10151126O  70    -41,-2.3   -39,-1.9  -152,-0.2     2,-0.5  -0.980  47.6-170.0-136.0 137.3  -40.8    8.2  -14.1               
 1167 1167 A V  E     -hl10161127O   0   -152,-2.4  -150,-2.6    -2,-0.4     2,-0.5  -0.976  17.6-161.5-120.8 115.3  -38.4    6.2  -11.8               
 1168 1168 A H  E     -hl10171128O  27    -41,-2.9   -39,-2.9    -2,-0.5     2,-0.7  -0.837   9.8-148.9 -99.3 129.9  -38.7    7.0   -8.1               
 1169 1169 A F  E     -hl10181129O   0   -152,-3.0  -150,-2.4    -2,-0.5     2,-0.8  -0.894  15.8-153.5 -98.6 108.2  -35.9    6.1   -5.7               
 1170 1170 A L  E     -hl10191130O   5    -41,-1.9   -39,-0.7    -2,-0.7     2,-0.6  -0.751  16.5-179.6 -93.3 102.8  -37.7    5.3   -2.3               
 1171 1171 A L        -     0   0    2   -152,-2.8    -2,-0.0    -2,-0.8  -149,-0.0  -0.914  29.4-122.9-114.3 112.4  -35.2    6.1    0.5               
 1172 1172 A H    >   -     0   0   96     -2,-0.6     3,-2.2  -152,-0.1     7,-0.2  -0.247  25.3-120.5 -55.4 134.0  -36.5    5.4    4.1               
 1173 1173 A P  T 3  S+     0   0   69      0, 0.0    -1,-0.1     0, 0.0  -152,-0.0   0.745 111.1  49.2 -54.5 -31.0  -36.2    8.7    6.2               
 1174 1174 A S  T 3  S+     0   0   80      1,-0.2     2,-1.9     2,-0.1     3,-0.2   0.596  85.7  90.2 -83.5 -12.7  -33.8    7.1    8.8               
 1175 1175 A D    <>  +     0   0   40     -3,-2.2     4,-2.7     1,-0.2     3,-0.3  -0.485  48.9 164.7 -84.8  70.8  -31.4    5.6    6.1               
 1176 1176 A H  H  > S+     0   0  134     -2,-1.9     4,-2.3     1,-0.2    -1,-0.2   0.802  70.1  57.5 -59.0 -30.4  -29.2    8.7    6.1               
 1177 1177 A E  H  > S+     0   0   98     -3,-0.2     4,-2.7     2,-0.2    -1,-0.2   0.904 110.2  41.9 -70.5 -42.2  -26.4    6.8    4.3               
 1178 1178 A N  H  > S+     0   0    2     -3,-0.3     4,-2.7     2,-0.2     5,-0.3   0.930 114.0  53.0 -69.2 -41.8  -28.6    5.8    1.3               
 1179 1179 A I  H  X S+     0   0   18     -4,-2.7     4,-2.1    -7,-0.2    -2,-0.2   0.918 114.0  43.4 -55.3 -44.7  -30.1    9.3    1.3               
 1180 1180 A Q  H  X S+     0   0   92     -4,-2.3     4,-2.8     2,-0.2     5,-0.2   0.951 112.5  52.5 -65.4 -48.9  -26.5   10.7    1.1               
 1181 1181 A A  H  X S+     0   0    0     -4,-2.7     4,-1.8     1,-0.2    -2,-0.2   0.901 115.3  39.7 -54.9 -50.1  -25.4    8.1   -1.6               
 1182 1182 A F  H  X S+     0   0    0     -4,-2.7     4,-2.8     2,-0.2    -1,-0.2   0.900 114.8  53.4 -69.7 -39.3  -28.3    8.9   -3.9               
 1183 1183 A S  H  X S+     0   0   38     -4,-2.1     4,-2.7    -5,-0.3    -2,-0.2   0.893 109.5  49.1 -62.2 -39.1  -28.1   12.7   -3.2               
 1184 1184 A D  H  X S+     0   0   45     -4,-2.8     4,-2.0     2,-0.2    -1,-0.2   0.871 114.1  43.5 -72.5 -38.2  -24.3   12.7   -4.1               
 1185 1185 A E  H  X S+     0   0    2     -4,-1.8     4,-2.4    -5,-0.2     5,-0.2   0.908 113.5  53.0 -72.7 -35.1  -24.8   10.8   -7.4               
 1186 1186 A F  H  X S+     0   0    4     -4,-2.8     4,-3.1     2,-0.2     5,-0.2   0.957 112.0  45.3 -58.6 -47.2  -27.9   13.0   -8.2               
 1187 1187 A A  H  X S+     0   0   42     -4,-2.7     4,-2.3     1,-0.2    -2,-0.2   0.892 111.8  52.2 -62.9 -39.9  -25.6   16.1   -7.6               
 1188 1188 A R  H  <>S+     0   0   58     -4,-2.0     5,-0.9     2,-0.2    -1,-0.2   0.875 117.0  39.4 -63.3 -38.0  -22.8   14.4   -9.7               
 1189 1189 A R  H ><5S+     0   0   49     -4,-2.4     3,-1.4     3,-0.1    -2,-0.2   0.921 117.0  48.2 -75.3 -47.1  -25.3   13.9  -12.6               
 1190 1190 A A  H 3<5S+     0   0   67     -4,-3.1    -3,-0.2     1,-0.3    -2,-0.2   0.873 104.7  58.2 -67.4 -39.2  -27.2   17.3  -12.3               
 1191 1191 A N  T 3<5S-     0   0  121     -4,-2.3    -1,-0.3    -5,-0.2    -2,-0.1   0.429 104.3-134.6 -71.3   0.4  -24.0   19.4  -12.1               
 1192 1192 A G  T < 5 -     0   0   40     -3,-1.4     2,-1.9     1,-0.2    -3,-0.1   0.623  30.7-177.0  64.2  21.0  -23.2   17.8  -15.6               
 1193 1193 A N      < +     0   0  121     -5,-0.9     2,-0.3     2,-0.1    -1,-0.2   0.043  43.0 118.5 -72.0  36.3  -19.5   17.1  -14.7               
 1194 1194 A L  S    S-     0   0   88     -2,-1.9     2,-0.3    -5,-0.1     3,-0.0  -0.630 100.1 -79.5 -49.5 143.5  -18.7   15.8  -17.9               
 1195 1195 A V        -     0   0   84     -2,-0.3    -1,-0.1     1,-0.1    -2,-0.1  -0.530  64.0-107.0 -57.1 119.0  -16.0   18.4  -18.6               
 1196 1196 A S        -     0   0   72     -2,-0.3     2,-2.1     1,-0.2    -1,-0.1  -0.230  26.9-104.4 -54.2 145.2  -18.3   21.3  -19.7               
 1197 1197 A D        +     0   0  160      1,-0.1     2,-1.9     2,-0.1    -1,-0.2  -0.029  69.1 141.8 -68.5  39.4  -18.4   22.3  -23.4               
 1198 1198 A K        -     0   0  177     -2,-2.1    -1,-0.1     2,-0.0    -2,-0.0  -0.620  48.9-146.8 -73.1  76.7  -16.2   25.4  -22.8               
 1199 1199 A I        -     0   0  129     -2,-1.9     2,-1.3     1,-0.1    -2,-0.1  -0.301  11.7-125.1 -41.7 114.5  -14.3   24.8  -26.1               
 1200 1200 A P        -     0   0  112      0, 0.0     2,-2.3     0, 0.0    -1,-0.1  -0.593  18.3-160.9 -68.8  98.7  -10.7   26.0  -25.5               
 1201 1201 A K        +     0   0  206     -2,-1.3     2,-0.1     1,-0.1    -2,-0.0  -0.400  53.6 124.4 -73.1  60.6  -10.4   28.5  -28.4               
 1202 1202 A A  S    S-     0   0   75     -2,-2.3    -1,-0.1     2,-0.1     0, 0.0  -0.583  74.6 -94.7-134.1  61.7   -6.7   28.0  -27.8               
 1203 1203 A K        +     0   0  206     -2,-0.1     2,-0.3     1,-0.1    -2,-0.1   0.685  62.8 138.9  35.4  86.3   -5.0   26.9  -31.1               
 1204 1204 A D        -     0   0  145      2,-0.1     2,-1.6     0, 0.0    -1,-0.1  -0.834  34.8-156.0-141.2 110.0   -4.4   23.3  -31.9               
 1205 1205 A T        -     0   0  121     -2,-0.3     2,-0.5   185,-0.0    -2,-0.0  -0.552  14.5-180.0 -85.1  77.1   -5.2   22.6  -35.6               
 1206 1206 A Q        -     0   0  143     -2,-1.6     4,-0.2     1,-0.1    -2,-0.1  -0.689  19.0-150.2 -72.8 119.3   -6.0   18.9  -35.7               
 1207 1207 A G        -     0   0   17      2,-0.7   183,-0.3    -2,-0.5   182,-0.2  -0.089  35.3 -88.8 -76.0-177.4   -6.8   18.1  -39.4               
 1208 1208 A F  S    S+     0   0   43    181,-0.9    17,-2.6     1,-0.2     2,-0.7   0.840 126.8  61.6 -61.3 -31.0   -9.1   15.5  -41.0               
 1209 1209 A Y  B    S-M 1224   0P   7    180,-1.7   179,-1.6   177,-0.3    -2,-0.7  -0.890  89.9-149.9 -93.2 108.6   -5.8   13.5  -40.8               
 1210 1210 A G        -     0   0   11     13,-2.9   178,-0.2    -2,-0.7   179,-0.1  -0.178  36.0 -64.9 -69.2 169.3   -4.8   13.2  -37.1               
 1211 1211 A T        -     0   0   93    176,-0.2     2,-0.8     1,-0.1    12,-0.2  -0.306  49.6-119.9 -56.2 133.7   -1.2   12.9  -35.7               
 1212 1212 A V        -     0   0    7     10,-0.1    10,-0.2    -3,-0.1     2,-0.2  -0.719  33.2-152.8 -78.7 107.9    0.7    9.8  -36.8               
 1213 1213 A S  B     -N 1221   0P  54      8,-2.7     8,-1.6    -2,-0.8    -3,-0.0  -0.509  11.1-165.3 -84.2 151.6    1.6    8.0  -33.5               
 1214 1214 A S        -     0   0   73      6,-0.2     2,-0.2    -2,-0.2     6,-0.1  -0.734   5.1-176.4-143.8  85.2    4.6    5.7  -33.0               
 1215 1215 A P    >   -     0   0   65      0, 0.0     2,-2.4     0, 0.0     3,-0.7  -0.517  50.1 -96.3 -67.0 157.8    4.9    3.4  -30.0               
 1216 1216 A D  T 3  S+     0   0  178      1,-0.2    -2,-0.0    -2,-0.2     0, 0.0  -0.118 107.7  83.1 -72.1  41.7    8.2    1.4  -29.8               
 1217 1217 A S  T 3  S-     0   0   83     -2,-2.4    -1,-0.2     2,-0.2    16,-0.1   0.240 104.6-101.4-139.8  12.0    6.5   -1.6  -31.4               
 1218 1218 A G  S <  S+     0   0   29     -3,-0.7    15,-2.1     1,-0.2     2,-0.5   0.746  83.2 121.0  70.3  23.8    6.5   -1.2  -35.3               
 1219 1219 A V  E     - O   01232P  35     -4,-0.5     2,-0.4    13,-0.2    13,-0.2  -0.988  44.3-163.9-118.7 117.8    2.8   -0.1  -35.4               
 1220 1220 A Y  E     - O   01231P  41     11,-3.0    11,-2.8    -2,-0.5     2,-0.4  -0.846  11.4-173.3 -98.4 137.4    2.0    3.3  -36.9               
 1221 1221 A E  E     +NO12131230P  61     -8,-1.6    -8,-2.7    -2,-0.4     2,-0.3  -0.996  12.1 165.5-134.1 137.3   -1.5    4.7  -36.2               
 1222 1222 A M  E     - O   01229P   3      7,-2.5     7,-2.7    -2,-0.4     2,-0.5  -0.932  32.8-119.7-131.4 168.6   -3.5    7.8  -37.4               
 1223 1223 A K  E     - O   01228P 117     -2,-0.3   -13,-2.9     5,-0.2     2,-0.6  -0.934  16.0-165.9-104.4 129.6   -7.1    8.9  -37.3               
 1224 1224 A I  E >   -MO12091227P   0      3,-3.0     3,-2.3    -2,-0.5     2,-0.6  -0.929  66.0 -67.5-112.4  94.8   -8.9    9.5  -40.6               
 1225 1225 A G  T 3  S-     0   0   28    -17,-2.6   127,-0.1    -2,-0.6   -15,-0.0  -0.393 121.3  -9.2  56.1-103.0  -12.1   11.4  -39.5               
 1226 1226 A S  T 3  S+     0   0   51     -2,-0.6     2,-0.3    -3,-0.1    -1,-0.3   0.617 121.5  86.5 -93.3 -17.2  -14.0    8.7  -37.5               
 1227 1227 A I  E <   -O 1224   0P   0     -3,-2.3    -3,-3.0   124,-0.1     2,-0.7  -0.692  69.9-136.6 -95.4 137.4  -11.8    5.7  -38.5               
 1228 1228 A I  E     -Op12231365P  64    136,-2.9   138,-2.7    -2,-0.3     2,-0.7  -0.827  21.8-160.4 -85.1 115.4   -8.6    4.5  -36.8               
 1229 1229 A F  E     -Op12221366P   0     -7,-2.7    -7,-2.5    -2,-0.7     2,-0.3  -0.901  12.3-177.8-102.3 110.3   -6.0    3.7  -39.6               
 1230 1230 A Q  E     -Op12211367P  25    136,-2.5   138,-3.0    -2,-0.7     2,-0.4  -0.850  14.4-169.8-103.4 146.6   -3.2    1.4  -38.4               
 1231 1231 A V  E     +Op12201368P   0    -11,-2.8   -11,-3.0    -2,-0.3     2,-0.3  -0.989  20.8 175.3-131.7 123.7   -0.2    0.1  -40.4               
 1232 1232 A A  E     -Op12191369P   0    136,-2.6   138,-3.1    -2,-0.4     2,-0.4  -0.965  39.0-116.1-130.2 145.0    1.8   -2.7  -38.7               
 1233 1233 A S  E    S+ p   01370P  67    -15,-2.1     2,-0.3    -2,-0.3   138,-0.2  -0.645  70.4 107.3 -64.8 128.5    4.8   -5.0  -39.3               
 1234 1234 A G  S    S-     0   0   21    136,-2.3     2,-0.6    -2,-0.4   138,-0.0  -0.984  72.2 -89.1 175.0 173.3    3.1   -8.5  -39.1               
 1235 1235 A D    >   -     0   0   41     -2,-0.3     3,-2.2     1,-0.1     4,-0.1  -0.957  30.6-148.8-108.8 113.3    1.7  -11.8  -40.5               
 1236 1236 A I  G >  S+     0   0    7     -2,-0.6     3,-1.1     1,-0.3    -1,-0.1   0.675  92.9  69.2 -62.5 -18.4   -2.0  -11.4  -41.4               
 1237 1237 A T  G 3  S+     0   0   20      1,-0.2    57,-0.3    56,-0.1    -1,-0.3   0.662 100.3  49.8 -71.5 -14.9   -2.7  -15.1  -40.5               
 1238 1238 A K  G <  S+     0   0  150     -3,-2.2    -1,-0.2    55,-0.1     2,-0.2   0.278  91.2 110.6-101.8   3.7   -2.1  -14.1  -36.8               
 1239 1239 A E    <   -     0   0   30     -3,-1.1     2,-0.5    -4,-0.1    55,-0.4  -0.552  58.0-141.6 -91.3 149.7   -4.4  -11.0  -36.8               
 1240 1240 A E        +     0   0  126     -2,-0.2     2,-0.3    53,-0.1    55,-0.2  -0.945  42.8 126.0-113.3 118.1   -7.8  -10.5  -35.0               
 1241 1241 A A        -     0   0   13     53,-1.4    55,-0.4    -2,-0.5    85,-0.1  -0.972  68.7-108.5-159.5 159.4  -10.6   -8.6  -36.9               
 1242 1242 A D  S    S+     0   0   16     83,-0.4    54,-1.7    -2,-0.3    55,-1.6   0.917 110.2  26.0 -58.1 -40.0  -14.2   -9.0  -38.0               
 1243 1243 A V  E     -qr12971326P   0     82,-1.8    84,-2.8    53,-0.2     2,-0.4  -0.988  63.3-162.8-127.9 135.4  -12.8   -9.3  -41.6               
 1244 1244 A I  E     -qr12981327P   0     53,-1.7    55,-2.2    -2,-0.4     2,-0.5  -0.935  22.1-140.3-103.0 134.3   -9.5  -10.5  -43.1               
 1245 1245 A V  E     -q 1299   0P   0     82,-2.6     2,-0.5    -2,-0.4    55,-0.2  -0.850  10.3-154.9 -96.3 125.8   -8.9   -9.4  -46.7               
 1246 1246 A N  E     -q 1300   0P   0     53,-2.4    55,-2.8    -2,-0.5     2,-0.8  -0.876   5.2-150.5 -99.8 123.6   -7.3  -11.9  -49.0               
 1247 1247 A S  E     +q 1301   0P  13     -2,-0.5    12,-0.6    53,-0.2    55,-0.2  -0.821  43.0 144.1 -94.3 103.0   -5.3  -10.6  -52.1               
 1248 1248 A T  E     -q 1302   0P   5     53,-2.7    55,-2.6    -2,-0.8    56,-0.3  -0.411  44.5 -71.3-130.2-171.0   -5.7  -13.4  -54.7               
 1249 1249 A S    >   -     0   0   20     53,-0.2     3,-2.0    -2,-0.1    -1,-0.1  -0.399  45.2-101.0 -85.2 169.6   -6.2  -14.2  -58.4               
 1250 1250 A N  T 3  S+     0   0  120      1,-0.3    -1,-0.1    -2,-0.1    52,-0.1   0.640 128.3  54.1 -59.8 -15.7   -9.1  -13.8  -60.9               
 1251 1251 A S  T 3  S-     0   0   52      0, 0.0    -1,-0.3     0, 0.0    27,-0.1   0.326 103.5-135.8 -96.4   0.6   -9.6  -17.6  -60.2               
 1252 1252 A F  S <  S+     0   0    1     -3,-2.0    -2,-0.1     1,-0.1    26,-0.1   0.522  84.1  95.6  52.0  13.3   -9.8  -17.1  -56.3               
 1253 1253 A N        +     0   0   96     21,-0.1     2,-1.1    22,-0.1    -1,-0.1   0.058  44.4 150.0-116.9  20.3   -7.4  -20.2  -55.9               
 1254 1254 A L        -     0   0   50      1,-0.1     2,-1.0    -5,-0.1     9,-0.2  -0.428  24.0-174.5 -67.4  99.6   -4.0  -18.4  -55.7               
 1255 1255 A K        +     0   0  119     -2,-1.1     2,-0.3     4,-0.1    -1,-0.1  -0.242  56.7  95.5 -83.3  46.5   -1.7  -20.6  -53.5               
 1256 1256 A A  S >> S-     0   0   29     -2,-1.0     3,-0.9     4,-0.0     4,-0.8  -0.979  82.0 -18.7-137.0 152.3    1.0  -17.9  -53.7               
 1257 1257 A G  H >> S-     0   0   53     -2,-0.3     4,-1.6     1,-0.2     3,-0.7  -0.190 126.0 -11.0  55.8-140.0    2.2  -15.0  -51.5               
 1258 1258 A V  H 3> S+     0   0   47      1,-0.2     4,-2.7     2,-0.2    -1,-0.2   0.848 136.4  59.1 -59.9 -34.2   -0.3  -13.7  -48.8               
 1259 1259 A S  H <> S+     0   0    0     -3,-0.9     4,-2.0   -12,-0.6    -1,-0.2   0.829 103.3  53.2 -69.1 -28.5   -3.2  -15.8  -50.4               
 1260 1260 A K  H <X S+     0   0   90     -4,-0.8     4,-2.8    -3,-0.7     5,-0.2   0.981 112.0  43.8 -61.8 -55.3   -1.1  -19.0  -49.8               
 1261 1261 A A  H  X S+     0   0   32     -4,-1.6     4,-2.4     1,-0.2    -2,-0.2   0.896 114.8  49.0 -60.8 -44.1   -0.7  -18.1  -46.1               
 1262 1262 A I  H  X S+     0   0    0     -4,-2.7     4,-1.7     2,-0.2    -1,-0.2   0.927 115.4  43.4 -61.4 -46.9   -4.4  -17.1  -45.6               
 1263 1263 A L  H  X S+     0   0    3     -4,-2.0     4,-2.1     2,-0.2     8,-0.2   0.907 114.8  48.9 -70.9 -39.0   -5.7  -20.3  -47.3               
 1264 1264 A E  H  < S+     0   0  117     -4,-2.8    -2,-0.2     1,-0.2    -1,-0.2   0.916 117.6  41.3 -64.8 -41.7   -3.2  -22.6  -45.5               
 1265 1265 A C  H  < S+     0   0   59     -4,-2.4    -2,-0.2    -5,-0.2    -1,-0.2   0.707 116.1  49.5 -80.5 -20.9   -4.1  -21.0  -42.1               
 1266 1266 A A  H  < S-     0   0    1     -4,-1.7    26,-1.3    -5,-0.2     4,-0.3   0.784 108.1-139.1 -83.5 -29.0   -7.9  -20.9  -42.9               
 1267 1267 A G    >X  -     0   0   12     -4,-2.1     4,-1.2    24,-0.2     3,-1.1   0.026  29.8 -55.6  89.5 167.5   -8.0  -24.6  -44.0               
 1268 1268 A Q  H 3> S+     0   0  149      1,-0.3     4,-1.6     2,-0.2    -1,-0.1   0.606 122.8  67.8 -60.5 -16.6   -9.6  -26.6  -46.8               
 1269 1269 A N  H 3> S+     0   0   88     -3,-0.2     4,-2.6     2,-0.2    -1,-0.3   0.965 103.1  45.8 -65.7 -45.6  -13.2  -25.5  -45.9               
 1270 1270 A V  H <> S+     0   0    0     -3,-1.1     4,-2.9    -4,-0.3    -2,-0.2   0.880 109.6  54.9 -65.9 -36.5  -12.3  -21.9  -47.1               
 1271 1271 A E  H  X S+     0   0   41     -4,-1.2     4,-1.9    -8,-0.2    -1,-0.2   0.880 111.0  45.9 -62.9 -35.4  -10.6  -23.4  -50.2               
 1272 1272 A R  H  X S+     0   0  152     -4,-1.6     4,-2.4     2,-0.2    -2,-0.2   0.930 112.6  49.1 -71.8 -43.8  -13.9  -25.2  -51.0               
 1273 1273 A E  H  X S+     0   0   60     -4,-2.6     4,-2.9     2,-0.2     5,-0.3   0.920 112.1  50.2 -60.3 -42.8  -16.1  -22.1  -50.3               
 1274 1274 A C  H  X S+     0   0    4     -4,-2.9     4,-2.3     1,-0.2    -2,-0.2   0.926 111.5  48.2 -56.5 -47.7  -13.7  -20.1  -52.6               
 1275 1275 A S  H  X S+     0   0   64     -4,-1.9     4,-0.9     2,-0.2    -2,-0.2   0.873 114.7  45.3 -65.2 -38.2  -14.1  -22.8  -55.3               
 1276 1276 A Q  H >< S+     0   0  121     -4,-2.4     3,-0.5     2,-0.2     4,-0.5   0.936 116.0  44.3 -70.7 -47.4  -17.9  -22.8  -55.0               
 1277 1277 A Q  H >< S+     0   0   56     -4,-2.9     3,-0.9     1,-0.2    -2,-0.2   0.831 104.8  63.9 -71.7 -27.7  -18.3  -18.9  -54.9               
 1278 1278 A A  H >< S+     0   0   25     -4,-2.3     3,-0.8    -5,-0.3    -1,-0.2   0.862 102.6  50.0 -59.0 -35.2  -15.8  -18.6  -57.8               
 1279 1279 A Q  T << S+     0   0  170     -4,-0.9    -1,-0.2    -3,-0.5    -2,-0.2   0.640 111.5  49.4 -75.3 -16.1  -18.3  -20.5  -60.0               
 1280 1280 A Q  T <  S+     0   0  152     -3,-0.9    -1,-0.2    -4,-0.5    -2,-0.2   0.127  80.5 165.8-109.1  14.5  -21.1  -18.1  -58.8               
 1281 1281 A R    <   +     0   0   90     -3,-0.8    -3,-0.1     1,-0.2     3,-0.1  -0.127  17.4 143.3 -44.5 107.7  -19.2  -14.8  -59.5               
 1282 1282 A K  S    S+     0   0  200      3,-0.2     2,-0.3     1,-0.1    -1,-0.2   0.594  70.3  40.4-104.9 -24.9  -21.5  -11.7  -59.5               
 1283 1283 A N  S    S-     0   0   80      2,-0.4    -1,-0.1     1,-0.0     0, 0.0  -0.798  86.3-110.9-123.1 161.8  -18.8   -9.4  -57.8               
 1284 1284 A D  S    S+     0   0   98     -2,-0.3    18,-0.9    -3,-0.1     2,-0.3   0.495 105.4  43.9 -68.6  -3.8  -15.0   -8.7  -58.1               
 1285 1285 A Y  E     -S 1301   0P  32     16,-0.2    -2,-0.4    28,-0.0     2,-0.3  -0.923  69.7-151.0-134.5 161.9  -14.8  -10.3  -54.6               
 1286 1286 A I  E     -S 1300   0P  10     14,-1.5    14,-2.6    -2,-0.3     2,-0.5  -0.902  12.3-137.8-130.1 161.1  -16.2  -13.3  -52.7               
 1287 1287 A I  E     +S 1299   0P  29     -2,-0.3    12,-0.2    12,-0.2     2,-0.2  -0.928  24.5 172.6-129.8 106.7  -16.9  -13.8  -49.0               
 1288 1288 A T  E     -S 1298   0P   1     10,-2.2    10,-1.9    -2,-0.5   -18,-0.1  -0.556  39.6 -89.6 -98.4 168.4  -16.0  -17.1  -47.1               
 1289 1289 A G  E     -S 1297   0P  22      8,-0.2     8,-0.3    -2,-0.2     9,-0.2  -0.234  43.6-104.6 -60.7 165.6  -16.2  -18.0  -43.4               
 1290 1290 A G    >   -     0   0    7      6,-1.1     3,-2.0     5,-0.3     2,-0.2   0.692  45.5-167.7 -66.2 -20.6  -13.0  -17.4  -41.3               
 1291 1291 A G  T 3  S-     0   0   45      1,-0.3    -1,-0.2     5,-0.2   -24,-0.2  -0.521  71.6 -22.8  62.0-127.3  -12.1  -21.1  -41.2               
 1292 1292 A F  T 3  S+     0   0  172    -26,-1.3    -1,-0.3    -2,-0.2   -26,-0.2   0.409 117.5 105.3 -90.4  -0.1   -9.3  -21.4  -38.6               
 1293 1293 A L  S <  S-     0   0   12     -3,-2.0     2,-2.1   -27,-0.1   -55,-0.1  -0.523  86.3-108.8 -76.0 152.1   -8.4  -17.7  -38.9               
 1294 1294 A R  S    S+     0   0  168    -55,-0.4   -53,-1.4   -57,-0.3     2,-0.3  -0.296  86.7  91.7 -81.4  55.2   -9.4  -15.3  -36.1               
 1295 1295 A C  S    S-     0   0   19     -2,-2.1    -5,-0.3   -55,-0.2   -53,-0.2  -0.953  74.8-129.8-141.3 161.6  -12.1  -13.5  -38.2               
 1296 1296 A K  S    S+     0   0  123    -54,-1.7    -6,-1.1   -55,-0.4     2,-0.3   0.919  93.1   4.4 -76.4 -44.9  -15.9  -13.8  -38.9               
 1297 1297 A N  E     -qS12431289P  29    -55,-1.6   -53,-1.7    -8,-0.3     2,-0.5  -0.984  61.0-138.3-138.9 151.8  -15.4  -13.7  -42.7               
 1298 1298 A I  E     -qS12441288P   0    -10,-1.9   -10,-2.2    -2,-0.3     2,-0.7  -0.952  17.1-154.8-105.1 123.3  -12.5  -13.6  -45.3               
 1299 1299 A I  E     -qS12451287P   1    -55,-2.2   -53,-2.4    -2,-0.5     2,-0.7  -0.893  10.6-153.1 -97.4 113.5  -13.2  -11.1  -48.2               
 1300 1300 A H  E     -qS12461286P   0    -14,-2.6   -14,-1.5    -2,-0.7     2,-0.3  -0.810  16.3-175.7 -94.1 112.7  -11.2  -12.4  -51.2               
 1301 1301 A V  E     -qS12471285P   3    -55,-2.8   -53,-2.7    -2,-0.7     2,-0.7  -0.824  33.7-107.9-108.9 145.7  -10.2   -9.5  -53.6               
 1302 1302 A I  E >   -q 1248   0P  15    -18,-0.9     3,-2.1    -2,-0.3   -53,-0.2  -0.606  25.0-149.0 -73.7 113.4   -8.4   -9.8  -57.0               
 1303 1303 A G  T 3  S+     0   0    3    -55,-2.6    35,-0.2    -2,-0.7    -1,-0.1   0.542  93.4  58.4 -66.4  -8.2   -4.9   -8.3  -56.3               
 1304 1304 A G  T 3  S+     0   0   57    -56,-0.3    -1,-0.3     2,-0.1     3,-0.1   0.449  88.6  92.4 -95.9  -6.6   -4.7   -7.0  -60.0               
 1305 1305 A N  S <  S-     0   0   43     -3,-2.1     2,-0.2     1,-0.2    -4,-0.0  -0.288  98.6 -68.2 -76.7 170.0   -7.8   -4.8  -59.7               
 1306 1306 A D     >  -     0   0   84      1,-0.1     4,-2.3    -2,-0.1    -1,-0.2  -0.434  42.5-146.6 -56.7 124.7   -7.9   -1.1  -58.8               
 1307 1307 A V  H  > S+     0   0    1     -2,-0.2     4,-2.6     2,-0.2     5,-0.2   0.877  95.1  54.8 -66.6 -37.5   -6.9   -0.9  -55.1               
 1308 1308 A K  H  > S+     0   0   51      2,-0.2     4,-2.8     1,-0.2     5,-0.2   0.974 113.4  40.9 -63.4 -51.4   -9.1    2.1  -54.3               
 1309 1309 A S  H  > S+     0   0   69      1,-0.2     4,-2.3     2,-0.2    -2,-0.2   0.871 115.5  51.9 -61.4 -40.5  -12.3    0.4  -55.7               
 1310 1310 A S  H  X S+     0   0   12     -4,-2.3     4,-1.9     2,-0.2    -1,-0.2   0.924 113.8  42.9 -63.3 -44.7  -11.3   -3.0  -54.1               
 1311 1311 A V  H  X S+     0   0    4     -4,-2.6     4,-2.8     2,-0.2    -2,-0.2   0.910 113.1  51.9 -72.0 -40.8  -10.8   -1.3  -50.6               
 1312 1312 A S  H  X S+     0   0   20     -4,-2.8     4,-2.3    -5,-0.2    -2,-0.2   0.901 109.8  50.6 -60.2 -39.2  -14.0    0.8  -51.0               
 1313 1313 A S  H  X S+     0   0   39     -4,-2.3     4,-2.2     2,-0.2    -2,-0.2   0.911 111.5  47.4 -64.9 -42.5  -16.0   -2.4  -51.8               
 1314 1314 A V  H  X S+     0   0    6     -4,-1.9     4,-2.5     2,-0.2    -2,-0.2   0.936 111.9  50.3 -60.5 -48.4  -14.5   -4.1  -48.7               
 1315 1315 A L  H  X S+     0   0    2     -4,-2.8     4,-2.5     1,-0.2    -2,-0.2   0.906 111.4  49.0 -58.8 -42.6  -15.4   -1.1  -46.5               
 1316 1316 A Q  H  X S+     0   0  107     -4,-2.3     4,-2.6     2,-0.2    -1,-0.2   0.885 112.7  45.3 -68.1 -41.5  -19.0   -1.1  -47.9               
 1317 1317 A E  H  X S+     0   0   23     -4,-2.2     4,-1.0     2,-0.2    -2,-0.2   0.885 113.6  50.9 -70.2 -35.8  -19.6   -4.8  -47.3               
 1318 1318 A C  H ><>S+     0   0    0     -4,-2.5     5,-3.0    -5,-0.2     3,-0.5   0.946 113.1  45.7 -62.2 -45.8  -18.1   -4.5  -43.8               
 1319 1319 A E  H ><5S+     0   0   26     -4,-2.5     3,-2.3     1,-0.2    -2,-0.2   0.958 110.9  52.0 -60.5 -49.7  -20.4   -1.6  -43.1               
 1320 1320 A K  H 3<5S+     0   0  150     -4,-2.6    -1,-0.2     1,-0.3    -2,-0.2   0.677 112.5  47.2 -60.1 -21.9  -23.5   -3.4  -44.5               
 1321 1321 A K  T <<5S-     0   0   75     -4,-1.0    -1,-0.3    -3,-0.5    -2,-0.2   0.283 115.5-117.3 -98.6   6.1  -22.6   -6.4  -42.2               
 1322 1322 A N  T < 5 +     0   0  127     -3,-2.3     2,-0.4     1,-0.2    -3,-0.2   0.831  57.2 163.8  54.5  37.6  -22.1   -4.0  -39.1               
 1323 1323 A Y      < -     0   0   34     -5,-3.0    -1,-0.2    -6,-0.1    39,-0.1  -0.721  25.8-169.0 -89.2 135.6  -18.4   -5.0  -38.9               
 1324 1324 A S        +     0   0   54     -2,-0.4    41,-2.4    39,-0.2    40,-2.3   0.703  64.5  46.3 -97.2 -25.7  -16.1   -2.8  -36.8               
 1325 1325 A S  E     - t   01365P  24     39,-0.2   -82,-1.8    38,-0.2   -83,-0.4  -0.982  55.5-174.4-136.9 131.1  -12.6   -4.0  -37.7               
 1326 1326 A I  E     -rt12431366P   3     39,-2.1    41,-3.1    -2,-0.4     2,-0.5  -0.991   6.0-165.7-130.5 125.4  -10.8   -4.9  -41.0               
 1327 1327 A C  E     +rt12441367P   4    -84,-2.8   -82,-2.6    -2,-0.4    41,-0.2  -0.953  20.4 167.4-106.9 125.7   -7.3   -6.4  -41.5               
 1328 1328 A L  E     - t   01368P   5     39,-2.6    41,-2.9    -2,-0.5     2,-0.1  -0.960  28.5-129.8-132.1 151.6   -5.9   -6.2  -45.1               
 1329 1329 A P  E     - t   01369P   9      0, 0.0     2,-1.8     0, 0.0    41,-0.2  -0.392  52.9 -78.4 -78.5 175.0   -2.4   -6.7  -46.7               
 1330 1330 A A    >   -     0   0    8     39,-0.6     3,-1.8    -2,-0.1     4,-0.3  -0.604  66.1-130.5 -69.1  84.5   -0.8   -4.2  -49.0               
 1331 1331 A I  T 3  S-     0   0    1     -2,-1.8   -24,-0.1     1,-0.3    16,-0.1  -0.082  77.5  -0.4 -46.7 129.4   -3.1   -5.5  -51.9               
 1332 1332 A G  T 3  S+     0   0    5      1,-0.1     6,-2.2     5,-0.1    -1,-0.3   0.239  92.6 116.0  74.8  -9.9   -1.3   -6.3  -55.1               
 1333 1333 A T  S <  S+     0   0   41     -3,-1.8    -2,-0.1     4,-0.2    -1,-0.1   0.675  76.8  48.6 -66.9 -17.3    2.3   -5.4  -53.9               
 1334 1334 A G  S >  S-     0   0   50     -4,-0.3     3,-2.5     3,-0.1     4,-0.1   0.576 128.6  -7.2 -84.7-120.8    3.4   -9.0  -54.3               
 1335 1335 A N  T 3  S+     0   0  113      1,-0.3    -2,-0.1     2,-0.1   -78,-0.0   0.701 131.2  59.0 -58.5 -24.4    2.7  -11.1  -57.5               
 1336 1336 A A  T 3  S-     0   0   46     -4,-0.2    -1,-0.3   -33,-0.1    -3,-0.1   0.509  99.4-138.7 -83.1  -4.1    0.5   -8.4  -59.1               
 1337 1337 A K    <   +     0   0  186     -3,-2.5     2,-0.2     1,-0.2    -4,-0.2   0.663  36.4 168.4  57.3  26.2    3.5   -5.9  -58.9               
 1338 1338 A Q        -     0   0   48     -6,-2.2    -1,-0.2   -35,-0.2    -2,-0.1  -0.504  45.5-107.1 -67.4 131.3    1.5   -2.8  -57.8               
 1339 1339 A H    >>  -     0   0  103     -2,-0.2     4,-1.7     1,-0.1     3,-1.3  -0.480  24.2-132.1 -67.2 123.7    3.9   -0.1  -56.7               
 1340 1340 A P  H 3> S+     0   0   35      0, 0.0     4,-2.7     0, 0.0     5,-0.2   0.778 103.8  56.1 -51.0 -37.6    3.8    0.2  -52.8               
 1341 1341 A D  H 3> S+     0   0   53      1,-0.2     4,-2.5     2,-0.2     5,-0.1   0.892 110.2  45.1 -61.1 -39.7    3.4    4.0  -52.8               
 1342 1342 A K  H <> S+     0   0  110     -3,-1.3     4,-2.6     2,-0.2    -1,-0.2   0.841 112.1  51.8 -75.7 -31.9    0.3    3.8  -55.1               
 1343 1343 A V  H  X S+     0   0    0     -4,-1.7     4,-2.1     2,-0.2    -2,-0.2   0.915 113.2  45.0 -67.8 -42.6   -1.2    1.0  -53.0               
 1344 1344 A A  H  X S+     0   0    0     -4,-2.7     4,-2.2     2,-0.2     5,-0.2   0.940 115.2  47.3 -64.5 -47.7   -0.6    3.1  -49.8               
 1345 1345 A E  H  X S+     0   0   48     -4,-2.5     4,-2.6     1,-0.2    -2,-0.2   0.939 114.2  47.7 -58.5 -47.0   -2.1    6.2  -51.5               
 1346 1346 A A  H  X S+     0   0   15     -4,-2.6     4,-1.7     2,-0.2    -1,-0.2   0.819 111.4  49.6 -67.5 -35.6   -5.1    4.2  -52.9               
 1347 1347 A I  H  X S+     0   0    0     -4,-2.1     4,-1.7     2,-0.2    -1,-0.2   0.935 114.4  44.4 -66.9 -46.4   -5.9    2.6  -49.5               
 1348 1348 A I  H  X S+     0   0    0     -4,-2.2     4,-2.5     1,-0.2    -2,-0.2   0.921 114.3  50.7 -67.0 -40.3   -5.8    6.0  -47.6               
 1349 1349 A D  H  X S+     0   0   46     -4,-2.6     4,-2.7    -5,-0.2    -1,-0.2   0.838 107.8  53.0 -59.7 -40.0   -7.9    7.5  -50.5               
 1350 1350 A A  H  X S+     0   0    0     -4,-1.7     4,-1.5     2,-0.2    -1,-0.2   0.857 111.7  45.3 -67.3 -35.3  -10.5    4.7  -50.2               
 1351 1351 A I  H  X S+     0   0    0     -4,-1.7     4,-2.5     2,-0.2     5,-0.2   0.900 113.4  50.0 -73.7 -42.4  -10.8    5.3  -46.4               
 1352 1352 A E  H  X S+     0   0   30     -4,-2.5     4,-3.1     1,-0.2     5,-0.2   0.969 112.2  47.7 -57.6 -52.9  -11.0    9.1  -47.0               
 1353 1353 A D  H  X S+     0   0   44     -4,-2.7     4,-1.8     1,-0.2    -1,-0.2   0.857 113.4  48.6 -52.6 -44.0  -13.7    8.6  -49.7               
 1354 1354 A F  H  <>S+     0   0    5     -4,-1.5     5,-1.6     2,-0.2     6,-0.4   0.889 114.5  43.9 -70.9 -38.8  -15.7    6.2  -47.4               
 1355 1355 A V  H ><5S+     0   0   19     -4,-2.5     3,-1.6     4,-0.2     5,-0.2   0.923 113.1  51.8 -70.2 -43.5  -15.6    8.6  -44.4               
 1356 1356 A Q  H 3<5S+     0   0  100     -4,-3.1    -2,-0.2     1,-0.3    -1,-0.2   0.851 102.1  60.9 -63.3 -33.3  -16.4   11.7  -46.6               
 1357 1357 A K  T 3<5S-     0   0  120     -4,-1.8    -1,-0.3    -5,-0.2    -2,-0.2   0.244 114.1-120.0 -73.5  10.3  -19.5    9.7  -48.0               
 1358 1358 A G  T < 5S+     0   0   54     -3,-1.6    -3,-0.2     1,-0.1    -2,-0.1   0.602  79.4 125.1  63.5  12.3  -20.8    9.6  -44.3               
 1359 1359 A S      < +     0   0   35     -5,-1.6     2,-2.2     1,-0.2     3,-0.5   0.635  33.4  98.6 -82.5 -14.7  -20.7    5.7  -44.5               
 1360 1360 A A        +     0   0   12     -6,-0.4    -1,-0.2     1,-0.2    -2,-0.1  -0.278  39.1 120.5 -78.6  56.1  -18.5    5.0  -41.4               
 1361 1361 A Q  S    S+     0   0  154     -2,-2.2    -1,-0.2    -3,-0.0    -2,-0.1   0.880  90.3  15.0 -82.0 -36.6  -21.2    4.2  -38.9               
 1362 1362 A S  S    S+     0   0   24     -3,-0.5     2,-0.4   -39,-0.1    -2,-0.1   0.838 107.1  83.4-107.6 -48.2  -20.0    0.6  -38.1               
 1363 1363 A V        +     0   0    0     -4,-0.3   -39,-0.2     1,-0.2   -38,-0.2  -0.459  43.6 154.6 -66.1 115.5  -16.4    0.4  -39.5               
 1364 1364 A K        +     0   0   59    -40,-2.3  -136,-2.9    -2,-0.4     2,-0.4   0.638  58.5  42.4-112.7 -25.9  -14.1    2.0  -36.7               
 1365 1365 A K  E     -pt12281325P  69    -41,-2.4   -39,-2.1  -138,-0.2     2,-0.4  -0.987  50.1-180.0-135.5 129.1  -10.7    0.3  -37.4               
 1366 1366 A V  E     -pt12291326P   1   -138,-2.7  -136,-2.5    -2,-0.4     2,-0.5  -0.990  13.4-171.8-124.2 118.2   -8.8   -0.5  -40.6               
 1367 1367 A K  E     -pt12301327P  26    -41,-3.1   -39,-2.6    -2,-0.4     2,-0.5  -0.960  12.7-154.4-115.2 122.6   -5.4   -2.2  -40.2               
 1368 1368 A V  E     -pt12311328P   0   -138,-3.0  -136,-2.6    -2,-0.5     2,-0.6  -0.843  14.5-152.0 -92.1 126.5   -2.9   -2.7  -43.0               
 1369 1369 A V  E     -pt12321329P   6    -41,-2.9     2,-0.6    -2,-0.5   -39,-0.6  -0.902  10.7-165.3-110.2 115.9   -0.6   -5.8  -42.2               
 1370 1370 A I  E     -p 1233   0P   4   -138,-3.1  -136,-2.3    -2,-0.6     6,-0.1  -0.905  20.1-179.3-114.9 115.9    2.8   -5.6  -43.7               
 1371 1371 A F  S    S+     0   0  158     -2,-0.6    -1,-0.1  -138,-0.2  -138,-0.1   0.608  74.4  63.5 -84.5 -14.6    5.2   -8.6  -44.0               
 1372 1372 A L  S >> S-     0   0   89      1,-0.1     3,-2.3  -138,-0.0     4,-1.2  -0.949  71.5-148.8-118.5 115.3    8.0   -6.6  -45.7               
 1373 1373 A P  H >> S+     0   0   86      0, 0.0     4,-1.9     0, 0.0     3,-0.7   0.875  96.7  61.3 -51.6 -44.1    9.7   -3.7  -43.8               
 1374 1374 A Q  H 34 S+     0   0  103      1,-0.3     4,-0.4     2,-0.2     0, 0.0   0.600 105.7  48.5 -60.2 -15.2   10.5   -1.7  -47.0               
 1375 1375 A V  H <> S+     0   0    9     -3,-2.3     4,-1.9     2,-0.1    -1,-0.3   0.779 105.3  57.6 -89.1 -33.5    6.6   -1.5  -47.6               
 1376 1376 A L  H <X S+     0   0   13     -4,-1.2     4,-2.9    -3,-0.7    -2,-0.2   0.926 103.8  53.2 -61.8 -43.4    5.9   -0.4  -44.0               
 1377 1377 A D  H  X S+     0   0   91     -4,-1.9     4,-2.6     1,-0.2    -1,-0.2   0.847 107.6  51.6 -58.1 -37.7    8.2    2.6  -44.5               
 1378 1378 A V  H  > S+     0   0   39     -4,-0.4     4,-1.9     2,-0.2    -1,-0.2   0.874 111.5  45.7 -73.4 -36.8    6.2    3.6  -47.7               
 1379 1379 A F  H  X S+     0   0    0     -4,-1.9     4,-2.6     2,-0.2    -2,-0.2   0.942 113.5  49.9 -67.4 -45.0    2.9    3.4  -45.8               
 1380 1380 A Y  H  X S+     0   0   73     -4,-2.9     4,-3.0     2,-0.2    -2,-0.2   0.910 110.5  50.5 -59.7 -41.5    4.5    5.5  -42.9               
 1381 1381 A A  H  X S+     0   0   55     -4,-2.6     4,-2.0     2,-0.2    -1,-0.2   0.913 111.9  46.9 -62.2 -42.4    5.8    8.0  -45.4               
 1382 1382 A N  H  X S+     0   0    2     -4,-1.9     4,-0.6     2,-0.2    -2,-0.2   0.878 113.1  49.8 -68.4 -35.3    2.2    8.3  -47.0               
 1383 1383 A M  H >X S+     0   0    0     -4,-2.6     3,-1.4     2,-0.2     4,-1.1   0.967 113.2  45.1 -62.6 -52.7    0.7    8.6  -43.4               
 1384 1384 A K  H 3< S+     0   0   69     -4,-3.0    -2,-0.2     1,-0.3    -1,-0.2   0.816 105.4  62.7 -64.2 -29.2    3.3   11.4  -42.5               
 1385 1385 A K  H 3< S+     0   0  134     -4,-2.0    -1,-0.3    -5,-0.2    -2,-0.2   0.703 112.6  36.3 -66.2 -23.0    2.6   13.1  -45.9               
 1386 1386 A R  H X< S+     0   0   33     -3,-1.4     3,-2.2    -4,-0.6  -177,-0.3   0.534  85.8 130.9-104.6 -11.6   -1.1   13.6  -44.8               
 1387 1387 A E  T 3< S-     0   0   63     -4,-1.1  -177,-0.2     1,-0.3  -176,-0.2  -0.131  83.7  -0.4 -45.8 124.4   -0.4   14.3  -41.0               
 1388 1388 A G  T 3  S+     0   0   39   -179,-1.6    -1,-0.3     1,-0.2     2,-0.1   0.352  96.3 142.4  74.5  -4.0   -2.3   17.4  -39.8               
 1389 1389 A T    <   -     0   0   61     -3,-2.2  -180,-1.7  -182,-0.2  -181,-0.9  -0.414  38.4-149.8 -71.6 138.4   -3.8   18.2  -43.3               
 1390 1390 A Q        -     0   0  137   -183,-0.3     2,-0.3  -182,-0.2  -183,-0.1  -0.690  41.5 -74.4 -92.8 159.5   -7.4   19.5  -43.6               
 1391 1391 A L        -     0   0   91     -2,-0.2     2,-0.9     1,-0.1    -1,-0.1  -0.378  42.9-147.5 -53.4 116.7   -9.7   18.7  -46.6               
 1392 1392 A S        -     0   0  109     -2,-0.3     2,-0.5     3,-0.0     3,-0.3  -0.812  17.9-136.2 -86.2 106.5   -8.5   20.8  -49.6               
 1393 1393 A S        -     0   0  108     -2,-0.9    -2,-0.0     1,-0.2    -1,-0.0  -0.563  55.9 -49.2 -65.6 115.6  -11.7   21.6  -51.6               
 1394 1394 A Q        -     0   0  199     -2,-0.5     2,-0.8     1,-0.1    -1,-0.2   0.614  60.2-169.8  32.8  69.2  -11.3   21.1  -55.3               
 1395 1395 A Q        -     0   0  181     -3,-0.3    -1,-0.1     1,-0.1    -3,-0.0  -0.804  43.6 -70.6 -91.2 108.4   -8.2   22.9  -56.6               
 1396 1396 A S    >   -     0   0   89     -2,-0.8     3,-0.6     1,-0.1    -1,-0.1   0.769  24.8-133.9  31.3 122.9   -8.0   23.0  -60.4               
 1397 1397 A V  G >  S+     0   0  130      1,-0.2     3,-1.3     2,-0.1     4,-0.1   0.609  82.1  96.2 -69.6 -14.4   -7.3   20.3  -63.0               
 1398 1398 A M  G 3  S+     0   0  168      1,-0.3     3,-0.3     2,-0.1    -1,-0.2   0.468  71.2  61.9 -74.6  -2.1   -4.7   22.3  -65.0               
 1399 1399 A S  G <  S+     0   0  105     -3,-0.6     3,-0.4     1,-0.1    -1,-0.3   0.503  87.5  70.7 -97.9  -5.7   -1.4   21.0  -63.4               
 1400 1400 A K  S <  S+     0   0  175     -3,-1.3     3,-0.5     1,-0.2    -1,-0.1   0.475  71.3  85.7 -94.7  -2.6   -1.6   17.2  -64.4               
 1401 1401 A L    >   +     0   0  153     -3,-0.3     3,-0.6     1,-0.2    -1,-0.2   0.519  65.1  82.8 -83.9  -5.2   -1.0   17.3  -68.3               
 1402 1402 A A  T 3  S+     0   0  107     -3,-0.4    -1,-0.2     1,-0.2     3,-0.1   0.265  88.7  47.4 -87.6   9.4    2.8   17.2  -68.5               
 1403 1403 A S  T 3  S+     0   0  108     -3,-0.5    -1,-0.2     1,-0.1    -2,-0.1   0.258  76.9  94.3-136.4  13.1    3.6   13.4  -68.1               
 1404 1404 A F  S <  S+     0   0  189     -3,-0.6     2,-0.4     1,-0.1    -2,-0.1   0.247  70.2  73.9-103.4  11.2    1.3   11.3  -70.4               
 1405 1405 A L        +     0   0  176      1,-0.2    -1,-0.1    -3,-0.1     0, 0.0  -0.940  63.4  30.1-138.1 122.7    3.4   10.8  -73.6               
 1406 1406 A G        -     0   0   58     -2,-0.4    -1,-0.2    -3,-0.0    -2,-0.0   0.889  61.5 -33.2 112.6 104.7    6.3    8.8  -75.0               
 1407 1407 A F        -     0   0  224      1,-0.1     2,-0.3     0, 0.0    -2,-0.0   0.901  35.4-124.8  70.8 130.8    8.5    5.8  -75.1               
 1408 1408 A S        +     0   0  112      2,-0.0     2,-0.3     0, 0.0    -1,-0.1  -0.803  26.4 154.3-104.5 142.1   10.1    3.0  -73.0               
 1409 1409 A K        -     0   0  209     -2,-0.3     2,-0.1     0, 0.0     0, 0.0  -0.910  52.3 -91.8-150.5 153.0   13.5    1.5  -72.2               
 1410 1410 A Q        -     0   0  203     -2,-0.3    -2,-0.0     1,-0.0     0, 0.0  -0.347  36.3-158.5 -65.5 134.0   14.3   -0.4  -69.0               
 1411 1411 A S        -     0   0  109      1,-0.1    -1,-0.0    -2,-0.1     0, 0.0  -0.783  26.2 -97.6-108.3 152.8   15.7    1.5  -66.0               
 1412 1412 A P        -     0   0  126      0, 0.0    -1,-0.1     0, 0.0     2,-0.1  -0.167  44.0 -83.1 -73.1 164.0   17.7   -0.1  -63.1               
 1413 1413 A Q        -     0   0  192      1,-0.1     2,-0.5     0, 0.0     0, 0.0  -0.343  44.3-112.9 -59.9 135.7   16.6   -1.2  -59.6               
 1414 1414 A K        -     0   0  179     -2,-0.1     2,-0.2     3,-0.0    -1,-0.1  -0.608  27.1-138.1 -64.8 120.1   16.3    1.4  -56.8               
 1415 1415 A K        -     0   0  168     -2,-0.5     2,-0.1     1,-0.1    -1,-0.0  -0.571  29.4-106.5 -65.1 144.0   18.9    0.7  -54.1               
 1416 1416 A N        -     0   0  113     -2,-0.2     2,-0.7     1,-0.1    -1,-0.1  -0.444  37.5 -99.8 -67.4 147.6   17.3    1.2  -50.6               
 1417 1417 A H        -     0   0  170     -2,-0.1     2,-0.2    -3,-0.0    -1,-0.1  -0.645  37.1-142.3 -71.1 111.7   18.4    4.4  -48.8               
 1418 1418 A L        -     0   0   47     -2,-0.7     2,-0.3    -3,-0.0    -3,-0.0  -0.537  20.3-164.6 -71.6 140.2   21.1    3.4  -46.3               
 1419 1419 A V        -     0   0  108     -2,-0.2     2,-0.2     3,-0.0    -2,-0.0  -0.983  16.8-122.4-134.1 139.5   20.9    5.2  -42.9               
 1420 1420 A L        -     0   0   22     -2,-0.3     2,-0.5    66,-0.1    53,-0.1  -0.599  35.7-104.0 -81.3 143.7   23.4    5.7  -40.0               
 1421 1421 A E        -     0   0   90     -2,-0.2     2,-1.6     1,-0.1    -1,-0.1  -0.517  26.9-138.2 -68.9 116.9   22.3    4.6  -36.5               
 1422 1422 A K        +     0   0  210     -2,-0.5     2,-0.3    63,-0.1    -1,-0.1  -0.575  54.9 127.9 -78.8  85.8   21.5    7.6  -34.3               
 1423 1423 A K        +     0   0  164     -2,-1.6     2,-0.3     2,-0.0    60,-0.1  -0.843  21.0 160.9-140.0 107.8   23.1    6.7  -31.0               
 1424 1424 A T        -     0   0   50     -2,-0.3     2,-0.5    61,-0.1    61,-0.1  -0.869  46.9-104.6-106.2 150.2   25.6    9.0  -29.1               
 1425 1425 A E        -     0   0   88     -2,-0.3     2,-0.4    59,-0.1  -674,-0.2  -0.672  32.1-143.4 -73.0 123.5   26.4    8.5  -25.4               
 1426 1426 A S        -     0   0   73     -2,-0.5     2,-0.4  -676,-0.1  -680,-0.2  -0.732  12.2-150.5 -81.4 132.3   24.6   11.2  -23.2               
 1427 1427 A A  E     -Y  745   0M   3   -682,-2.4  -682,-2.3    -2,-0.4     2,-0.5  -0.841   6.4-160.9-103.7 140.2   26.6   12.4  -20.2               
 1428 1428 A T  E     -Y  744   0M  17   -652,-0.4  -652,-2.9    -2,-0.4     2,-0.4  -0.979   6.7-173.7-122.6 122.8   24.9   13.7  -17.0               
 1429 1429 A F  E     -YZ 743 775M   1   -686,-2.7  -686,-2.8    -2,-0.5     2,-0.5  -0.902  10.5-152.8-111.0 142.6   26.8   15.9  -14.4               
 1430 1430 A R  E     -YZ 742 774M  62   -656,-2.9  -656,-2.3    -2,-0.4     2,-0.4  -0.973  12.8-172.5-114.7 129.0   25.4   16.9  -11.0               
 1431 1431 A V  E     -YZ 741 773M   0   -690,-2.9  -690,-2.7    -2,-0.5     2,-0.3  -0.965   1.8-175.0-120.8 134.1   26.6   20.2   -9.4               
 1432 1432 A C  E     +YZ 740 772M   0   -660,-1.8  -660,-2.7    -2,-0.4     2,-0.2  -0.984  16.5 135.1-130.7 148.2   25.9   21.4   -5.9               
 1433 1433 A G  E     -Y  739   0M   0   -694,-2.3  -694,-1.8    -2,-0.3  -662,-0.1  -0.920  62.4 -71.3-169.2-172.9   26.7   24.7   -4.0               
 1434 1434 A E  S    S+     0   0  115     -2,-0.2     2,-0.3  -664,-0.2  -694,-0.1   0.767 105.0   4.4 -72.1 -29.1   25.4   27.5   -1.7               
 1435 1435 A N  S  > S-     0   0   60   -696,-0.1     4,-1.7  -697,-0.1     5,-0.2  -0.966  74.9-100.9-153.3 165.7   23.1   29.2   -4.3               
 1436 1436 A V  H  > S+     0   0   70     -2,-0.3     4,-2.5     1,-0.2     5,-0.2   0.889 115.8  56.1 -56.7 -43.8   21.7   29.0   -7.8               
 1437 1437 A T  H  > S+     0   0   71      1,-0.2     4,-2.4     2,-0.2    -1,-0.2   0.895 107.4  46.8 -62.9 -45.2   24.2   31.6   -9.3               
 1438 1438 A C  H  > S+     0   0   37      2,-0.2     4,-2.1     1,-0.2    -1,-0.2   0.910 114.6  47.9 -62.3 -41.8   27.3   29.7   -8.1               
 1439 1439 A V  H  X S+     0   0    0     -4,-1.7     4,-2.1     2,-0.2    -2,-0.2   0.870 111.4  51.0 -68.8 -36.5   25.9   26.4   -9.5               
 1440 1440 A E  H  X S+     0   0   92     -4,-2.5     4,-3.0     2,-0.2    -2,-0.2   0.918 109.7  49.1 -68.0 -42.0   24.9   28.2  -12.9               
 1441 1441 A Y  H  X S+     0   0  146     -4,-2.4     4,-2.5     2,-0.2    -2,-0.2   0.918 112.0  49.6 -62.7 -40.6   28.5   29.7  -13.3               
 1442 1442 A A  H  X S+     0   0    0     -4,-2.1     4,-1.7     2,-0.2    -2,-0.2   0.891 114.2  44.8 -63.7 -40.2   30.0   26.2  -12.6               
 1443 1443 A I  H  X S+     0   0   19     -4,-2.1     4,-2.6     2,-0.2    -2,-0.2   0.933 113.0  50.3 -68.3 -45.7   27.6   24.6  -15.2               
 1444 1444 A S  H  X S+     0   0   72     -4,-3.0     4,-2.8     1,-0.2    -2,-0.2   0.912 111.0  49.7 -60.6 -42.3   28.2   27.4  -17.8               
 1445 1445 A W  H  X S+     0   0   54     -4,-2.5     4,-2.0     2,-0.2    -1,-0.2   0.892 112.1  47.8 -62.7 -41.6   32.0   26.9  -17.3               
 1446 1446 A L  H  X S+     0   0    1     -4,-1.7     4,-2.1     2,-0.2    -2,-0.2   0.899 113.2  48.0 -66.6 -41.1   31.7   23.1  -17.8               
 1447 1447 A Q  H  X S+     0   0   95     -4,-2.6     4,-2.9     2,-0.2    -2,-0.2   0.942 110.7  51.0 -64.5 -46.0   29.5   23.6  -20.9               
 1448 1448 A D  H  X S+     0   0   66     -4,-2.8     4,-2.2     1,-0.2    -2,-0.2   0.884 111.2  49.1 -58.2 -41.2   32.0   26.2  -22.4               
 1449 1449 A L  H  X S+     0   0   44     -4,-2.0     4,-0.7     2,-0.2    -1,-0.2   0.906 113.7  45.1 -64.2 -43.9   34.9   23.6  -21.8               
 1450 1450 A I  H >< S+     0   0    7     -4,-2.1     3,-0.7     2,-0.2     4,-0.5   0.913 113.9  49.7 -67.1 -43.1   33.0   20.8  -23.5               
 1451 1451 A E  H >< S+     0   0  106     -4,-2.9     3,-1.1     1,-0.2    -2,-0.2   0.899 106.9  55.7 -62.1 -41.9   31.9   23.1  -26.4               
 1452 1452 A K  H 3< S+     0   0  144     -4,-2.2    -1,-0.2     1,-0.2    -2,-0.2   0.667 106.6  50.6 -66.3 -20.4   35.6   24.2  -26.9               
 1453 1453 A E  T << S+     0   0   68     -3,-0.7    48,-1.1    -4,-0.7     2,-0.7   0.461  82.1 108.2 -99.8  -3.2   36.8   20.6  -27.3               
 1454 1454 A Q  E <   -U 1500   0Q  24     -3,-1.1    46,-0.2    -4,-0.5  -705,-0.1  -0.642  54.9-164.5 -72.0 114.0   34.1   19.7  -30.0               
 1455 1455 A C  E     -U 1499   0Q  46     44,-3.0    44,-0.9    -2,-0.7     2,-0.6  -0.886   6.3-150.3-101.9 122.1   36.1   19.4  -33.3               
 1456 1456 A P  E     -U 1498   0Q 100      0, 0.0     2,-0.3     0, 0.0    42,-0.2  -0.839  13.4-175.5 -88.5 125.9   34.1   19.5  -36.6               
 1457 1457 A Y  E     -U 1497   0Q  31     40,-2.6    40,-2.5    -2,-0.6     2,-0.3  -0.875   4.5-179.0-106.7 148.8   35.6   17.5  -39.5               
 1458 1458 A T  E     -U 1496   0Q  71     -2,-0.3     2,-0.4    38,-0.2    38,-0.2  -0.958   9.2-171.7-148.3 133.9   33.9   17.7  -43.0               
 1459 1459 A S  E     -U 1495   0Q  15     36,-2.4    36,-2.4    -2,-0.3     2,-0.5  -0.997   3.8-168.7-127.4 128.3   34.8   16.0  -46.3               
 1460 1460 A E  E     +U 1494   0Q  75     -2,-0.4     2,-0.3    34,-0.2    34,-0.2  -0.946  28.7 142.8-118.6 104.6   33.1   16.7  -49.7               
 1461 1461 A D    >   -     0   0   20     32,-2.0     3,-2.7    -2,-0.5     4,-0.2  -0.952  52.3-131.6-149.4 122.8   34.1   14.2  -52.3               
 1462 1462 A E  G >  S+     0   0   41     -2,-0.3     3,-1.9     1,-0.3     4,-0.3   0.703 100.6  75.6 -53.3 -23.8   31.8   12.7  -55.1               
 1463 1463 A C  G >  S+     0   0    7      1,-0.3     3,-1.6     2,-0.2     4,-0.3   0.738  79.9  74.2 -58.6 -22.5   32.9    9.1  -54.2               
 1464 1464 A I  G X  S+     0   0   12     -3,-2.7     3,-0.7     1,-0.3    -1,-0.3   0.773  86.5  62.3 -63.4 -24.2   30.6    9.4  -51.1               
 1465 1465 A K  G <  S+     0   0  121     -3,-1.9    -1,-0.3    -4,-0.2    -2,-0.2   0.677 103.0  51.1 -69.1 -18.5   27.6    9.0  -53.6               
 1466 1466 A D  G <  S+     0   0   55     -3,-1.6    -1,-0.2    -4,-0.3    -2,-0.2   0.388  76.7 127.0-104.9  -2.1   29.0    5.5  -54.4               
 1467 1467 A F    <   -     0   0   12     -3,-0.7     2,-0.1    -4,-0.3    -3,-0.0  -0.379  43.8-160.6 -56.0 126.8   29.3    4.2  -50.8               
 1468 1468 A D     >  -     0   0   73     -2,-0.1     4,-2.3     1,-0.0     5,-0.2  -0.254  40.5 -73.1-101.0-171.8   27.5    0.8  -50.5               
 1469 1469 A E  H  > S+     0   0  123      1,-0.2     4,-1.7     2,-0.2     5,-0.1   0.798 129.8  57.0 -57.5 -27.2   26.1   -1.2  -47.5               
 1470 1470 A K  H  > S+     0   0   92      2,-0.2     4,-2.4     1,-0.2    -1,-0.2   0.944 107.9  44.0 -69.1 -51.4   29.8   -2.1  -46.6               
 1471 1471 A E  H  > S+     0   0   12      1,-0.2     4,-2.4     2,-0.2    -2,-0.2   0.901 113.2  53.3 -63.8 -36.2   31.0    1.5  -46.2               
 1472 1472 A Y  H  X S+     0   0   33     -4,-2.3     4,-1.9     2,-0.2    -1,-0.2   0.872 109.2  48.7 -65.3 -36.1   27.7    2.3  -44.3               
 1473 1473 A Q  H  X S+     0   0  123     -4,-1.7     4,-2.3    -5,-0.2     5,-0.2   0.941 110.9  49.9 -65.6 -44.9   28.5   -0.6  -41.9               
 1474 1474 A E  H  X S+     0   0   58     -4,-2.4     4,-2.4     1,-0.2    -2,-0.2   0.894 110.9  50.1 -62.6 -37.8   32.1    0.7  -41.4               
 1475 1475 A L  H  X S+     0   0    0     -4,-2.4     4,-2.3     2,-0.2    -1,-0.2   0.901 109.6  51.0 -63.7 -42.3   30.8    4.2  -40.7               
 1476 1476 A N  H  X S+     0   0   22     -4,-1.9     4,-1.7     2,-0.2    -2,-0.2   0.912 113.8  43.6 -63.3 -42.1   28.2    2.9  -38.1               
 1477 1477 A E  H  X S+     0   0  108     -4,-2.3     4,-2.9     2,-0.2    -2,-0.2   0.898 111.7  54.0 -71.8 -36.8   31.0    0.9  -36.3               
 1478 1478 A L  H  X S+     0   0    7     -4,-2.4     4,-1.6    -5,-0.2     6,-0.3   0.908 107.6  51.9 -59.4 -41.5   33.4    3.9  -36.5               
 1479 1479 A Q  H  X>S+     0   0    9     -4,-2.3     5,-1.2     2,-0.2     4,-0.7   0.925 114.8  40.9 -61.4 -46.1   30.7    6.1  -34.9               
 1480 1480 A K  H ><5S+     0   0   96     -4,-1.7     3,-0.8     1,-0.2    -2,-0.2   0.934 113.5  53.2 -65.7 -49.6   30.3    3.6  -31.9               
 1481 1481 A K  H 3<5S+     0   0  127     -4,-2.9    -1,-0.2     1,-0.2    -2,-0.2   0.759 120.8  31.4 -56.4 -35.5   34.1    2.9  -31.5               
 1482 1482 A L  H 3<5S-     0   0   12     -4,-1.6    -1,-0.2    -5,-0.2    -2,-0.2   0.340  99.8-125.7-111.5   0.7   35.0    6.6  -31.2               
 1483 1483 A N  T <<5 +     0   0   31     -3,-0.8  -734,-0.5    -4,-0.7    17,-0.2   0.836  66.8 134.3  50.2  38.4   31.8    8.0  -29.5               
 1484 1484 A I      < -     0   0    1     -5,-1.2     2,-0.4    -6,-0.3    15,-0.2  -0.423  58.9-116.7 -97.9 176.2   31.5   10.6  -32.4               
 1485 1485 A N  E     -V 1498   0Q  61     13,-2.6    13,-2.2    -2,-0.1     2,-0.5  -0.995  26.5-167.1-118.9 124.3   28.5   11.7  -34.5               
 1486 1486 A I  E     -V 1497   0Q   6     -2,-0.4     2,-0.4    11,-0.2    11,-0.2  -0.951   8.3-179.6-112.0 129.0   28.6   11.0  -38.3               
 1487 1487 A S  E     -V 1496   0Q  52      9,-2.7     9,-2.8    -2,-0.5     2,-0.4  -0.983  14.1-153.0-132.3 142.9   26.2   12.7  -40.7               
 1488 1488 A L  E     -V 1495   0Q  30     -2,-0.4     2,-0.4     7,-0.2     7,-0.2  -0.929  16.5-133.6-110.5 130.5   25.7   12.5  -44.5               
 1489 1489 A D        -     0   0   46      5,-2.5     5,-0.5    -2,-0.4    -2,-0.0  -0.721  12.2-155.0 -74.2 128.2   24.2   15.2  -46.7               
 1490 1490 A H  S    S+     0   0  144     -2,-0.4    -1,-0.1     1,-0.1    -2,-0.0   0.488  93.7  41.5 -84.2  -3.7   21.6   13.5  -49.0               
 1491 1491 A K  S    S+     0   0  196      1,-0.2    -1,-0.1     3,-0.1    -2,-0.0   0.646 118.0  43.2-111.5 -29.7   22.0   16.3  -51.6               
 1492 1492 A R  S    S-     0   0  138      2,-0.1     2,-2.3   -28,-0.0    -3,-0.2  -0.902  88.1-114.1-115.4 150.1   25.8   16.8  -51.5               
 1493 1493 A P  S    S+     0   0    9      0, 0.0   -32,-2.0     0, 0.0     2,-0.5  -0.444  72.7 138.4 -78.5  65.3   28.5   14.1  -51.4               
 1494 1494 A L  E     -U 1460   0Q  14     -2,-2.3    -5,-2.5    -5,-0.5     2,-0.4  -0.964  40.3-168.2-133.1 118.7   29.4   15.3  -47.9               
 1495 1495 A I  E     -UV14591488Q   0    -36,-2.4   -36,-2.4    -2,-0.5     2,-0.4  -0.877   9.7-166.1 -97.3 134.2   30.3   13.6  -44.6               
 1496 1496 A K  E     -UV14581487Q 104     -9,-2.8    -9,-2.7    -2,-0.4     2,-0.4  -0.982   1.0-167.1-115.2 138.9   30.4   15.6  -41.3               
 1497 1497 A V  E     -UV14571486Q   2    -40,-2.5   -40,-2.6    -2,-0.4     2,-0.3  -0.976   4.8-175.7-121.5 136.0   32.0   14.2  -38.2               
 1498 1498 A L  E     +UV14561485Q  64    -13,-2.2   -13,-2.6    -2,-0.4     2,-0.3  -0.994  32.1  87.4-131.2 139.6   31.6   15.8  -34.7               
 1499 1499 A G  E    S-U 1455   0Q   0    -44,-0.9   -44,-3.0    -2,-0.3  -750,-0.2  -0.963  77.7 -26.6 164.9-167.4   33.2   14.8  -31.4               
 1500 1500 A I  E >>  -U 1454   0Q  12     -2,-0.3     4,-2.3   -46,-0.2     3,-0.9  -0.459  65.7-108.0 -73.5 146.4   36.4   15.4  -29.3               
 1501 1501 A S  H 3> S+     0   0   53    -48,-1.1     4,-1.8     1,-0.3     5,-0.1   0.780 114.8  49.7 -44.6 -47.4   39.6   16.4  -31.2               
 1502 1502 A R  H 3> S+     0   0  129      2,-0.2     4,-1.6     1,-0.2    -1,-0.3   0.897 115.3  42.0 -55.7 -47.9   41.5   13.1  -30.8               
 1503 1503 A D  H <> S+     0   0   14     -3,-0.9     4,-2.2     2,-0.2    -2,-0.2   0.846 111.5  53.8 -83.3 -31.6   38.6   10.9  -31.9               
 1504 1504 A V  H  X S+     0   0    3     -4,-2.3     4,-2.2     2,-0.2    -1,-0.2   0.874 107.2  53.8 -66.6 -37.3   37.5   13.1  -34.9               
 1505 1505 A M  H  X S+     0   0  105     -4,-1.8     4,-1.6    -5,-0.3    -2,-0.2   0.939 110.4  45.7 -62.7 -45.7   41.1   12.9  -36.1               
 1506 1506 A Q  H  X S+     0   0   81     -4,-1.6     4,-1.6     1,-0.2    -2,-0.2   0.899 111.7  52.5 -64.2 -39.5   41.0    9.1  -36.0               
 1507 1507 A A  H  X S+     0   0    0     -4,-2.2     4,-2.2     1,-0.2    -2,-0.2   0.894 106.0  54.9 -63.3 -40.4   37.6    9.1  -37.8               
 1508 1508 A R  H  X S+     0   0  101     -4,-2.2     4,-2.8     2,-0.2     5,-0.2   0.927 106.4  49.7 -54.2 -51.4   38.9   11.4  -40.6               
 1509 1509 A D  H  X S+     0   0   95     -4,-1.6     4,-1.5     1,-0.2    -1,-0.2   0.876 112.2  47.4 -65.7 -35.9   41.8    9.0  -41.4               
 1510 1510 A E  H  X S+     0   0   73     -4,-1.6     4,-1.9     2,-0.2    -1,-0.2   0.908 113.8  48.5 -67.8 -40.6   39.4    5.9  -41.6               
 1511 1511 A I  H  X S+     0   0    0     -4,-2.2     4,-2.6     2,-0.2    -2,-0.2   0.921 108.5  52.4 -68.2 -43.6   36.9    7.9  -43.8               
 1512 1512 A E  H  X S+     0   0   80     -4,-2.8     4,-2.1     1,-0.2    -1,-0.2   0.880 109.0  52.5 -59.6 -35.6   39.7    9.2  -46.2               
 1513 1513 A A  H  X S+     0   0   47     -4,-1.5     4,-1.9    -5,-0.2    -2,-0.2   0.925 108.7  48.8 -65.8 -42.5   40.7    5.4  -46.5               
 1514 1514 A M  H  X S+     0   0    5     -4,-1.9     4,-2.3     2,-0.2     3,-0.3   0.959 111.2  49.6 -59.9 -49.8   37.0    4.5  -47.4               
 1515 1515 A I  H  X S+     0   0    3     -4,-2.6     4,-2.4     1,-0.2    -2,-0.2   0.905 110.7  51.4 -54.2 -44.4   36.9    7.3  -50.1               
 1516 1516 A K  H  X S+     0   0  157     -4,-2.1     4,-1.9    -5,-0.2    -1,-0.2   0.856 109.4  49.3 -65.1 -37.6   40.2    6.0  -51.5               
 1517 1517 A R  H  X S+     0   0   96     -4,-1.9     4,-2.0    -3,-0.3    -2,-0.2   0.945 112.2  47.2 -64.0 -49.1   38.9    2.4  -51.8               
 1518 1518 A V  H  X S+     0   0   14     -4,-2.3     4,-2.2     2,-0.2    -2,-0.2   0.904 111.7  51.5 -64.7 -39.9   35.6    3.5  -53.6               
 1519 1519 A R  H  X S+     0   0   91     -4,-2.4     4,-2.1    -5,-0.2    -1,-0.2   0.944 109.7  49.1 -57.6 -49.9   37.6    5.7  -56.0               
 1520 1520 A L  H  X S+     0   0   98     -4,-1.9     4,-2.1     2,-0.2    -2,-0.2   0.843 108.7  53.9 -63.2 -34.7   40.0    2.8  -56.9               
 1521 1521 A A  H  X S+     0   0   59     -4,-2.0     4,-2.5     2,-0.2    -1,-0.2   0.950 109.9  46.8 -63.7 -46.5   37.0    0.5  -57.5               
 1522 1522 A K  H  X S+     0   0   91     -4,-2.2     4,-2.6     2,-0.2    -2,-0.2   0.834 109.6  54.5 -64.2 -34.3   35.5    3.1  -60.0               
 1523 1523 A E  H  X S+     0   0  101     -4,-2.1     4,-1.8     2,-0.2    -1,-0.2   0.914 110.6  46.0 -64.9 -40.7   38.9    3.5  -61.7               
 1524 1524 A Q  H  X S+     0   0   84     -4,-2.1     4,-2.5     2,-0.2    -2,-0.2   0.909 112.3  50.2 -68.4 -39.4   39.0   -0.4  -62.2               
 1525 1525 A E  H  X S+     0   0  114     -4,-2.5     4,-2.7     2,-0.2    -2,-0.2   0.959 111.2  49.3 -61.9 -44.5   35.3   -0.4  -63.5               
 1526 1526 A S  H  X S+     0   0   62     -4,-2.6     4,-2.0     1,-0.2    -1,-0.2   0.851 113.3  46.9 -61.3 -37.2   36.3    2.5  -65.9               
 1527 1527 A R  H  X S+     0   0  103     -4,-1.8     4,-2.5     2,-0.2    -1,-0.2   0.874 110.6  52.4 -69.4 -38.7   39.4    0.4  -67.1               
 1528 1528 A A  H  X S+     0   0    3     -4,-2.5     4,-1.9     2,-0.2    -2,-0.2   0.899 110.8  47.6 -66.0 -41.6   37.2   -2.8  -67.4               
 1529 1529 A D  H  X S+     0   0   69     -4,-2.7     4,-1.1     2,-0.2     3,-0.4   0.981 113.5  46.9 -56.2 -59.6   34.7   -0.8  -69.6               
 1530 1530 A C  H  X S+     0   0   52     -4,-2.0     4,-0.5     1,-0.2     3,-0.5   0.876 114.0  47.3 -56.5 -42.1   37.5    0.6  -71.8               
 1531 1531 A I  H >X S+     0   0   20     -4,-2.5     4,-2.7     1,-0.2     3,-0.9   0.858 104.1  61.8 -70.6 -31.9   39.3   -2.8  -72.2               
 1532 1532 A S  H 3< S+     0   0   16     -4,-1.9    -1,-0.2    -3,-0.4    -2,-0.2   0.771  96.9  59.5 -67.4 -23.3   35.9   -4.6  -73.0               
 1533 1533 A E  H 3< S+     0   0  130     -4,-1.1    -1,-0.2    -3,-0.5    -2,-0.2   0.769 121.6  23.9 -71.0 -25.3   35.6   -2.4  -76.2               
 1534 1534 A F  H << S+     0   0   57     -3,-0.9    66,-2.8    -4,-0.5     2,-0.4   0.696 126.2  36.7-109.8 -29.4   38.9   -3.7  -77.6               
 1535 1535 A I  E  <  -W 1599   0R  18     -4,-2.7     2,-0.4    64,-0.2    -1,-0.3  -0.996  56.9-173.9-140.6 132.6   39.5   -7.2  -75.9               
 1536 1536 A E  E     -W 1598   0R  43     62,-1.7    62,-3.2    -2,-0.4     2,-0.4  -0.973   8.6-159.4-137.9 119.9   37.1  -10.0  -74.9               
 1537 1537 A W  E     +W 1597   0R   1     -2,-0.4    11,-2.7    60,-0.2     2,-0.3  -0.803  20.1 178.9 -91.5 137.5   37.8  -13.2  -72.9               
 1538 1538 A Q  E     -WX15961547R  24     58,-2.6    58,-2.7    -2,-0.4     2,-0.3  -0.895  17.1-150.6-133.9 160.2   35.3  -16.1  -73.3               
 1539 1539 A Y  E     -WX15951546R  21      7,-2.5     7,-2.9    -2,-0.3     2,-0.6  -0.986  17.0-129.4-130.8 147.4   34.8  -19.7  -72.1               
 1540 1540 A N  E     +WX15941545R  56     54,-2.6    54,-0.7    -2,-0.3     2,-0.4  -0.870  25.5 175.3 -99.2 121.6   33.2  -22.7  -73.8               
 1541 1541 A D  E >  S- X   01544R  35      3,-2.6     3,-2.5    -2,-0.6    52,-0.1  -0.994  76.1 -17.3-122.5 123.2   30.5  -24.7  -71.7               
 1542 1542 A N  T 3  S-     0   0  150     -2,-0.4    -1,-0.1     1,-0.3     3,-0.1   0.886 127.8 -53.3  44.2  54.1   28.7  -27.6  -73.6               
 1543 1543 A N  T 3  S+     0   0  173      1,-0.2     2,-0.5    -3,-0.1    -1,-0.3   0.451 116.4 117.0  58.3   8.3   29.7  -26.2  -77.1               
 1544 1544 A T  E <   -X 1541   0R  76     -3,-2.5    -3,-2.6     2,-0.0     2,-0.4  -0.879  61.2-138.6-101.1 126.4   28.3  -22.7  -76.1               
 1545 1545 A S  E     -X 1540   0R  50     -2,-0.5     2,-0.4    -5,-0.2    -5,-0.2  -0.745  20.9-170.5 -84.6 131.3   30.7  -19.7  -75.9               
 1546 1546 A H  E     -X 1539   0R  70     -7,-2.9    -7,-2.5    -2,-0.4     2,-0.2  -0.980  17.5-130.0-125.7 127.0   30.2  -17.4  -72.9               
 1547 1547 A C  E     -X 1538   0R  71     -2,-0.4    -9,-0.3    -9,-0.2     2,-0.2  -0.483  24.2-118.3 -72.9 141.3   31.9  -14.0  -72.3               
 1548 1548 A F        -     0   0   15    -11,-2.7   -11,-0.2    -2,-0.2    -1,-0.1  -0.515  39.3 -96.4 -70.1 146.2   33.5  -13.2  -69.0               
 1549 1549 A N    >>  -     0   0   96     -2,-0.2     4,-2.8     1,-0.1     3,-0.7  -0.285  42.2-100.8 -60.0 153.0   32.1  -10.3  -67.1               
 1550 1550 A K  H 3> S+     0   0  103      1,-0.3     4,-2.5     2,-0.2     5,-0.1   0.810 122.3  48.4 -51.0 -41.0   34.0   -6.9  -67.6               
 1551 1551 A M  H 3> S+     0   0   77      2,-0.2     4,-2.3     1,-0.2    -1,-0.3   0.876 114.7  45.1 -70.6 -35.5   35.9   -7.1  -64.2               
 1552 1552 A T  H <> S+     0   0   20     -3,-0.7     4,-2.4     2,-0.2    -2,-0.2   0.889 111.4  53.9 -73.3 -35.4   36.9  -10.8  -64.9               
 1553 1553 A N  H  X S+     0   0    4     -4,-2.8     4,-2.2     2,-0.2    -2,-0.2   0.926 111.1  46.1 -59.5 -45.7   37.8   -9.8  -68.5               
 1554 1554 A L  H  X S+     0   0    4     -4,-2.5     4,-2.9    -5,-0.2     5,-0.3   0.938 111.6  51.7 -59.6 -49.0   40.1   -7.0  -67.0               
 1555 1555 A K  H  X S+     0   0  107     -4,-2.3     4,-1.9     1,-0.2    -2,-0.2   0.864 112.3  45.8 -59.0 -41.2   41.6   -9.5  -64.4               
 1556 1556 A L  H  X S+     0   0    0     -4,-2.4     4,-1.9     2,-0.2    -1,-0.2   0.900 115.7  45.6 -69.3 -41.6   42.4  -12.0  -67.2               
 1557 1557 A E  H  X S+     0   0    5     -4,-2.2     4,-2.3     2,-0.2    -2,-0.2   0.904 114.4  46.3 -73.0 -40.2   44.0   -9.3  -69.5               
 1558 1558 A D  H  X S+     0   0   28     -4,-2.9     4,-2.7     2,-0.2    -2,-0.2   0.947 113.3  50.6 -66.8 -40.8   46.0   -7.6  -66.8               
 1559 1559 A A  H  <>S+     0   0    3     -4,-1.9     5,-2.5    -5,-0.3    -2,-0.2   0.865 110.2  50.3 -63.2 -34.8   47.2  -11.1  -65.6               
 1560 1560 A R  H ><5S+     0   0  107     -4,-1.9     3,-1.1     3,-0.2    -1,-0.2   0.915 111.4  47.8 -65.6 -43.8   48.2  -11.9  -69.3               
 1561 1561 A R  H 3<5S+     0   0  131     -4,-2.3    -2,-0.2     1,-0.2    -1,-0.2   0.890 112.5  49.4 -63.1 -38.1   50.1   -8.5  -69.4               
 1562 1562 A E  T 3<5S-     0   0  116     -4,-2.7    -1,-0.2    -5,-0.1    -2,-0.2   0.429 112.5-124.7 -76.5  -3.1   51.8   -9.5  -66.1               
 1563 1563 A K  T < 5 +     0   0  186     -3,-1.1    -3,-0.2     1,-0.2     2,-0.2   0.768  46.3 171.1  57.8  31.9   52.7  -13.0  -67.5               
 1564 1564 A K      < -     0   0  106     -5,-2.5    -1,-0.2    -6,-0.2    16,-0.2  -0.493  31.1-145.8 -66.3 137.3   50.9  -14.8  -64.6               
 1565 1565 A K  S    S+     0   0  152     -2,-0.2    15,-2.2     1,-0.2    16,-0.6   0.860  78.0  18.6 -72.5 -38.2   50.6  -18.6  -65.3               
 1566 1566 A T  E     -Y 1579   0R  76     13,-0.2     2,-0.3    14,-0.1    13,-0.2  -0.950  57.7-172.4-136.6 152.4   47.2  -19.0  -63.5               
 1567 1567 A V  E     -Y 1578   0R  12     11,-2.2    11,-3.0    -2,-0.3     2,-0.3  -0.957  22.7-130.8-144.4 129.8   44.2  -16.9  -62.4               
 1568 1568 A D  E     +Y 1577   0R  86     -2,-0.3     2,-0.3     9,-0.2     9,-0.2  -0.621  33.5 170.1 -80.2 135.3   41.2  -17.9  -60.3               
 1569 1569 A V  E     -Y 1576   0R   8      7,-3.0     7,-2.5    -2,-0.3     2,-0.5  -0.840  32.6-117.5-131.2 166.2   37.7  -16.9  -61.6               
 1570 1570 A K  E     +Y 1575   0R 124     -2,-0.3     2,-0.4     5,-0.2     5,-0.2  -0.975  29.3 175.9-107.8 129.5   34.0  -17.7  -60.9               
 1571 1571 A I  E >  S-Y 1574   0R   3      3,-2.0     3,-1.9    -2,-0.5   -23,-0.0  -0.996  76.2 -11.5-127.9 127.9   31.9  -19.5  -63.5               
 1572 1572 A N  T 3  S-     0   0  102     -2,-0.4    -1,-0.1     1,-0.3     3,-0.1   0.876 126.9 -60.9  46.5  46.8   28.3  -20.4  -62.7               
 1573 1573 A H  T 3  S+     0   0  183      1,-0.2    -1,-0.3    -3,-0.0     2,-0.1   0.173 116.4 112.0  60.9  -8.3   29.1  -19.6  -59.0               
 1574 1574 A R  E <  S-Y 1571   0R 133     -3,-1.9    -3,-2.0     1,-0.0     2,-0.4  -0.489  72.7-113.2 -80.6 154.3   31.8  -22.4  -58.9               
 1575 1575 A H  E     -Y 1570   0R 112     -5,-0.2    13,-0.7    -2,-0.1     2,-0.3  -0.786  36.1-179.4 -85.6 132.7   35.5  -21.5  -58.5               
 1576 1576 A Y  E     -YZ15691587R  13     -7,-2.5    -7,-3.0    -2,-0.4     2,-0.7  -0.996  23.5-138.9-129.3 139.5   37.8  -22.3  -61.5               
 1577 1577 A T  E     -YZ15681586R  59      9,-2.7     9,-2.2    -2,-0.3     2,-0.5  -0.875  20.5-149.4 -95.0 113.8   41.6  -21.9  -62.0               
 1578 1578 A V  E     -YZ15671585R   0    -11,-3.0   -11,-2.2    -2,-0.7     2,-0.6  -0.752   1.2-151.4 -80.3 123.6   42.3  -20.5  -65.5               
 1579 1579 A N  E  >> -YZ15661584R  48      5,-2.9     4,-1.3    -2,-0.5     5,-1.1  -0.888   3.2-162.0 -93.4 115.4   45.7  -21.6  -66.9               
 1580 1580 A L  T  45S+     0   0   12    -15,-2.2   -14,-0.1    -2,-0.6    -1,-0.1   0.531  87.6  52.9 -80.1  -7.1   46.9  -18.8  -69.3               
 1581 1581 A N  T  45S+     0   0  113    -16,-0.6    -1,-0.2     3,-0.1   -15,-0.1   0.820 119.6  31.1 -89.8 -41.3   49.4  -21.1  -71.0               
 1582 1582 A T  T  45S-     0   0   81      2,-0.2    -2,-0.2    12,-0.0    13,-0.1   0.511 100.0-130.0 -93.9  -8.0   47.0  -24.0  -71.8               
 1583 1583 A Y  T  <5 +     0   0   88     -4,-1.3    12,-3.0     1,-0.2     2,-0.4   0.841  65.3 126.8  57.2  40.4   43.9  -21.8  -72.2               
 1584 1584 A T  E   < -ZA15791594R  45     -5,-1.1    -5,-2.9    10,-0.2     2,-0.5  -0.988  49.8-152.9-129.9 135.9   41.8  -24.1  -69.9               
 1585 1585 A A  E     -ZA15781593R   0      8,-2.8     8,-2.9    -2,-0.4     2,-0.4  -0.934  19.4-168.5-103.8 125.7   39.8  -23.3  -66.7               
 1586 1586 A T  E     -ZA15771592R  47     -9,-2.2    -9,-2.7    -2,-0.5     6,-0.2  -0.948   8.4-146.0-122.3 133.9   39.5  -26.2  -64.2               
 1587 1587 A D  E >   -Z 1576   0R  14      4,-2.2     3,-2.1    -2,-0.4   -11,-0.2  -0.353  38.5 -94.4 -85.7 171.9   37.2  -26.6  -61.1               
 1588 1588 A T  T 3  S+     0   0  137    -13,-0.7   -12,-0.1     1,-0.3    -1,-0.1   0.461 126.2  53.9 -68.6   0.3   37.9  -28.4  -57.8               
 1589 1589 A K  T 3  S-     0   0  173      2,-0.1    -1,-0.3     0, 0.0     3,-0.1   0.206 122.5-102.9-111.6   7.9   36.3  -31.6  -59.2               
 1590 1590 A G    <   +     0   0   52     -3,-2.1     2,-0.7     1,-0.3    -2,-0.1   0.567  69.4 149.2  78.1  12.3   38.5  -31.7  -62.4               
 1591 1591 A H        -     0   0  120      2,-0.0    -4,-2.2     1,-0.0     2,-0.4  -0.713  31.1-159.9 -73.5 117.4   35.9  -30.3  -64.8               
 1592 1592 A S  E     - A   01586R  75     -2,-0.7     2,-0.3    -6,-0.2    -6,-0.2  -0.851   9.9-168.7-101.4 136.0   37.9  -28.4  -67.5               
 1593 1593 A L  E     - A   01585R  18     -8,-2.9    -8,-2.8    -2,-0.4     2,-0.2  -0.926  26.4-115.3-115.4 142.7   36.4  -25.6  -69.8               
 1594 1594 A S  E     -WA15401584R  62    -54,-0.7   -54,-2.6    -2,-0.3     2,-0.3  -0.589  30.2-158.8 -75.0 141.6   38.2  -24.1  -72.8               
 1595 1595 A V  E     -W 1539   0R   4    -12,-3.0     2,-0.3   -56,-0.2   -56,-0.2  -0.921  11.0-179.0-120.3 145.1   39.1  -20.4  -72.6               
 1596 1596 A Q  E     -W 1538   0R  71    -58,-2.7   -58,-2.6    -2,-0.3     2,-0.4  -0.952  18.5-142.0-141.7 162.9   39.8  -17.9  -75.5               
 1597 1597 A R  E     -W 1537   0R  55     -2,-0.3   -60,-0.2   -60,-0.2     2,-0.2  -0.968  16.4-168.9-131.9 119.3   40.7  -14.3  -76.1               
 1598 1598 A L  E     -W 1536   0R  74    -62,-3.2   -62,-1.7    -2,-0.4     2,-0.4  -0.562   8.8-148.4 -99.6 160.2   39.3  -12.1  -79.0               
 1599 1599 A T  E     -W 1535   0R  98    -64,-0.2   -64,-0.2    -2,-0.2     2,-0.1  -1.000  12.5-138.3-132.9 133.2   40.4   -8.7  -80.2               
 1600 1600 A K        -     0   0   87    -66,-2.8   -66,-0.1    -2,-0.4   -67,-0.0  -0.375  41.5 -68.5 -91.0 163.9   38.1   -6.0  -81.8               
 1601 1601 A S        -     0   0  109     -2,-0.1    -1,-0.1     1,-0.1     0, 0.0  -0.181  47.6-115.5 -66.7 147.1   39.0   -3.8  -84.9               
 1602 1602 A K        -     0   0  207      1,-0.1     2,-0.3   -68,-0.0    -1,-0.1  -0.174  20.6-125.6 -70.4 164.9   41.7   -1.0  -85.0               
 1603 1603 A V        -     0   0   54      1,-0.1    55,-0.1     0, 0.0     2,-0.1  -0.811  32.4 -97.3-109.1 151.5   41.2    2.8  -85.6               
 1604 1604 A D        -     0   0  145     -2,-0.3    -1,-0.1     1,-0.1     3,-0.0  -0.340  31.0-130.5 -73.1 150.6   42.9    4.9  -88.3               
 1605 1605 A I        -     0   0  104     -2,-0.1     2,-0.1     1,-0.1    -1,-0.1  -0.733  35.9 -88.6-101.6 144.8   46.1    7.0  -87.7               
 1606 1606 A P    >   -     0   0   19      0, 0.0     3,-2.3     0, 0.0    -1,-0.1  -0.337  30.1-134.1 -61.4 131.3   46.4   10.7  -88.8               
 1607 1607 A A  T 3  S+     0   0  113      1,-0.3    -2,-0.0    -2,-0.1    -3,-0.0   0.573 102.1  61.2 -64.1 -12.7   47.8   11.1  -92.4               
 1608 1608 A H  T 3  S+     0   0   73      2,-0.1    -1,-0.3     0, 0.0     2,-0.1   0.507  80.3 115.3 -87.9  -8.0   50.3   13.8  -91.3               
 1609 1609 A W    <   -     0   0   32     -3,-2.3     2,-0.2     1,-0.1     3,-0.1  -0.379  62.7-129.2 -69.1 141.0   52.1   11.5  -88.8               
 1610 1610 A S        -     0   0   51      1,-0.1    -1,-0.1    -2,-0.1    -2,-0.1  -0.574  42.3 -78.1 -80.5 150.3   55.8   10.5  -89.4               
 1611 1611 A D        -     0   0  125     -2,-0.2    -1,-0.1     1,-0.2     0, 0.0  -0.246  37.5-156.1 -50.6 121.5   56.9    6.8  -89.4               
 1612 1612 A M    >   -     0   0   28     -3,-0.1     3,-2.3     3,-0.1    -1,-0.2   0.443  21.1-137.0 -84.6  -6.2   57.2    5.8  -85.7               
 1613 1613 A K  T 3   -     0   0  159      1,-0.3     3,-0.1     3,-0.1    -2,-0.1   0.855  69.8 -54.5  50.5  45.6   59.8    2.9  -86.5               
 1614 1614 A Q  T 3  S+     0   0  197      1,-0.2     2,-0.3     2,-0.0    -1,-0.3   0.507 101.4 140.7  61.9  12.7   58.0    0.5  -84.1               
 1615 1615 A Q    <   -     0   0  115     -3,-2.3    -1,-0.2     1,-0.1     3,-0.1  -0.649  56.0-136.4 -77.7 136.9   58.1    3.0  -81.1               
 1616 1616 A N  S    S+     0   0  123     -2,-0.3    39,-0.5     1,-0.2     2,-0.3   0.736  89.6   2.2 -66.7 -24.6   54.9    3.0  -78.9               
 1617 1617 A F  S    S-     0   0   57     36,-0.2     2,-0.3    -5,-0.1    36,-0.2  -0.958  70.9-178.5-149.8 154.9   55.2    6.9  -78.9               
 1618 1618 A C  E     -B 1652   0S  16     34,-2.4    34,-2.8    -2,-0.3     2,-0.4  -0.966  20.1-134.7-147.2 166.6   57.5    9.5  -80.5               
 1619 1619 A V  E     -B 1651   0S  54     -2,-0.3     2,-0.5    32,-0.2    32,-0.2  -0.980  16.0-161.9-122.4 131.9   58.1   13.3  -80.6               
 1620 1620 A V  E     -B 1650   0S  37     30,-2.7    30,-2.9    -2,-0.4     2,-0.3  -0.967  12.7-141.9-122.1 111.4   58.8   15.1  -83.9               
 1621 1621 A E  E     -B 1649   0S 113     -2,-0.5     2,-0.3    28,-0.3    28,-0.2  -0.606  23.3-136.4 -70.1 125.7   60.3   18.6  -83.9               
 1622 1622 A L  E     -B 1648   0S   8     26,-3.0    26,-0.5    -2,-0.3    -1,-0.0  -0.710  12.1-125.1 -88.8 137.0   58.7   20.7  -86.7               
 1623 1623 A L    >   -     0   0  108     -2,-0.3     3,-2.5     1,-0.1     6,-0.3  -0.531  20.5-119.1 -76.8 146.8   60.8   22.9  -88.9               
 1624 1624 A P  T 3  S+     0   0   86      0, 0.0    -1,-0.1     0, 0.0     6,-0.1   0.676 115.1  63.3 -59.1 -15.9   59.9   26.7  -89.2               
 1625 1625 A S  T 3  S+     0   0   89      4,-0.1    -3,-0.0     5,-0.0    -2,-0.0   0.631  81.9 104.6 -72.6 -20.3   59.4   25.9  -93.0               
 1626 1626 A D  S <> S-     0   0   47     -3,-2.5     4,-2.4     1,-0.1     5,-0.2  -0.452  71.0-139.9 -78.0 135.5   56.5   23.5  -92.2               
 1627 1627 A P  H  > S+     0   0  104      0, 0.0     4,-1.8     0, 0.0    -1,-0.1   0.841 108.0  54.5 -57.2 -30.4   52.8   24.6  -92.8               
 1628 1628 A E  H  > S+     0   0   34      2,-0.2     4,-2.4     1,-0.2     5,-0.2   0.949 106.7  48.3 -68.8 -48.3   52.0   22.8  -89.5               
 1629 1629 A Y  H  > S+     0   0   27     -6,-0.3     4,-3.1     1,-0.2     5,-0.2   0.944 112.9  49.2 -54.0 -50.3   54.7   24.8  -87.5               
 1630 1630 A N  H  X S+     0   0   84     -4,-2.4     4,-2.1     1,-0.2    -1,-0.2   0.854 110.5  51.0 -63.9 -34.1   53.3   28.0  -89.1               
 1631 1631 A T  H  X S+     0   0   81     -4,-1.8     4,-2.0    -5,-0.2    -1,-0.2   0.953 115.5  40.3 -65.3 -50.3   49.7   27.0  -88.2               
 1632 1632 A V  H  X S+     0   0    2     -4,-2.4     4,-2.0     2,-0.2    -2,-0.2   0.920 115.9  51.2 -69.1 -41.2   50.5   26.3  -84.5               
 1633 1633 A A  H  X S+     0   0    9     -4,-3.1     4,-2.9    -5,-0.2    -1,-0.2   0.908 109.3  51.1 -60.5 -43.4   52.9   29.3  -84.2               
 1634 1634 A S  H  X S+     0   0   66     -4,-2.1     4,-1.5    -5,-0.2    -2,-0.2   0.947 109.6  49.9 -59.4 -47.7   50.1   31.6  -85.6               
 1635 1635 A K  H  < S+     0   0   84     -4,-2.0    84,-0.4     2,-0.2    -2,-0.2   0.863 115.3  43.7 -60.7 -39.0   47.6   30.3  -83.0               
 1636 1636 A F  H >X S+     0   0    0     -4,-2.0     4,-2.1     1,-0.2     3,-1.9   0.960 110.3  53.9 -68.5 -50.4   50.1   30.9  -80.2               
 1637 1637 A N  H 3X S+     0   0   63     -4,-2.9     4,-1.1     1,-0.3    -2,-0.2   0.709  85.9  83.2 -65.2 -19.3   51.2   34.3  -81.4               
 1638 1638 A Q  H 3< S+     0   0  129     -4,-1.5    -1,-0.3     1,-0.2    -2,-0.1   0.739 120.9   4.2 -53.2 -25.9   47.5   35.6  -81.5               
 1639 1639 A T  H <4 S+     0   0   34     -3,-1.9    -2,-0.2    -4,-0.2    -1,-0.2   0.478 135.5  53.4-132.8 -12.0   47.9   36.2  -77.7               
 1640 1640 A C  H ><  +     0   0    0     -4,-2.1     3,-2.6     1,-0.1    -3,-0.2   0.082  60.9 130.8-112.1  22.0   51.7   35.4  -77.0               
 1641 1641 A S  T 3<  +     0   0   97     -4,-1.1    -1,-0.1     1,-0.3    -4,-0.1   0.594  69.4  62.2 -54.7 -16.3   53.4   37.7  -79.7               
 1642 1642 A H  T 3  S+     0   0  111     -3,-0.2     2,-0.4    -5,-0.1    -1,-0.3   0.337  92.4  80.3 -90.8   1.6   55.8   39.1  -77.0               
 1643 1643 A F  S <  S-     0   0   22     -3,-2.6     2,-0.7   158,-0.2   158,-0.2  -0.912  79.4-130.0-104.0 140.8   57.3   35.6  -76.4               
 1644 1644 A R  E     - C   01800S 169    156,-2.2   156,-2.5    -2,-0.4     2,-0.2  -0.804  18.5-139.2 -87.2 114.9   59.9   34.0  -78.7               
 1645 1645 A I  E     - C   01799S  21     -2,-0.7   154,-0.3   154,-0.3     3,-0.1  -0.527  17.8-174.6 -62.5 132.3   59.0   30.5  -79.8               
 1646 1646 A E  E     -     0   0S  62    152,-3.0     2,-0.3     1,-0.4   153,-0.2   0.830  64.2 -22.6 -91.4 -49.5   62.1   28.2  -79.7               
 1647 1647 A K  E     - C   01798S  53    151,-1.6   151,-2.4   -24,-0.0    -1,-0.4  -0.976  47.8-138.0-156.6 163.1   60.5   25.1  -81.2               
 1648 1648 A I  E     -BC16221797S   0    -26,-0.5   -26,-3.0    -2,-0.3     2,-0.5  -0.999  21.5-164.1-127.3 129.9   57.2   23.3  -81.8               
 1649 1649 A E  E     -BC16211796S  30    147,-2.9   147,-2.8    -2,-0.4     2,-0.3  -0.968  10.4-143.9-123.1 118.7   57.1   19.5  -81.3               
 1650 1650 A R  E     -BC16201795S  15    -30,-2.9   -30,-2.7    -2,-0.5     2,-0.5  -0.660  16.3-141.3 -79.3 133.3   54.3   17.1  -82.6               
 1651 1651 A I  E     -B 1619   0S   0    143,-2.5     2,-0.5    -2,-0.3   -32,-0.2  -0.827  13.6-167.8 -99.6 130.9   53.4   14.2  -80.3               
 1652 1652 A Q  E     +B 1618   0S   0    -34,-2.8   -34,-2.4    -2,-0.5   142,-0.0  -0.962  21.3 151.6-122.5 110.6   52.6   10.8  -81.9               
 1653 1653 A N     >  -     0   0    4     -2,-0.5     4,-2.5   -36,-0.2   -36,-0.2  -0.806  25.1-168.9-146.4  96.0   51.1    8.2  -79.5               
 1654 1654 A P  H  > S+     0   0   31      0, 0.0     4,-2.9     0, 0.0     5,-0.2   0.817  89.5  55.3 -55.3 -36.0   48.7    5.5  -81.0               
 1655 1655 A D  H  > S+     0   0   99    -39,-0.5     4,-1.8     2,-0.2     5,-0.1   0.932 113.4  40.8 -69.9 -41.2   47.5    4.3  -77.5               
 1656 1656 A L  H  > S+     0   0   30      2,-0.2     4,-2.6     1,-0.2    -1,-0.2   0.899 116.0  52.1 -67.1 -40.2   46.4    7.9  -76.6               
 1657 1657 A W  H  X S+     0   0   22     -4,-2.5     4,-3.0     2,-0.2     5,-0.2   0.928 109.8  47.3 -64.5 -45.0   45.0    8.4  -80.1               
 1658 1658 A N  H  X S+     0   0   43     -4,-2.9     4,-2.3     2,-0.2    -1,-0.2   0.918 114.5  47.6 -60.6 -44.1   42.9    5.1  -80.0               
 1659 1659 A S  H  X S+     0   0   36     -4,-1.8     4,-1.9    -5,-0.2    -2,-0.2   0.914 114.0  47.7 -63.4 -43.0   41.6    6.2  -76.5               
 1660 1660 A Y  H  X S+     0   0    1     -4,-2.6     4,-2.6     2,-0.2    -2,-0.2   0.938 112.7  47.4 -62.5 -49.2   40.8    9.7  -77.8               
 1661 1661 A Q  H  X S+     0   0   44     -4,-3.0     4,-2.9     2,-0.2     5,-0.2   0.872 109.1  54.2 -67.3 -35.0   39.0    8.4  -80.9               
 1662 1662 A A  H  X S+     0   0   33     -4,-2.3     4,-2.0    -5,-0.2    -1,-0.2   0.944 112.9  43.4 -61.4 -44.5   36.9    5.9  -78.9               
 1663 1663 A K  H  X S+     0   0   33     -4,-1.9     4,-2.4   126,-0.2    -2,-0.2   0.882 113.1  53.0 -68.0 -36.4   35.8    8.8  -76.6               
 1664 1664 A K  H  X S+     0   0   34     -4,-2.6     4,-3.1     2,-0.2     5,-0.3   0.977 110.6  45.9 -60.0 -55.3   35.2   11.0  -79.8               
 1665 1665 A K  H  X S+     0   0  164     -4,-2.9     4,-1.8     1,-0.2    -2,-0.2   0.860 114.9  49.1 -54.6 -40.5   33.0    8.4  -81.4               
 1666 1666 A T  H  X S+     0   0   91     -4,-2.0     4,-2.1    -5,-0.2    -1,-0.2   0.881 114.7  43.4 -67.4 -40.7   31.1    7.9  -78.1               
 1667 1667 A M  H  X S+     0   0    4     -4,-2.4     4,-2.6     2,-0.2     6,-0.3   0.897 111.1  53.5 -75.2 -39.2   30.6   11.7  -77.6               
 1668 1668 A D  H  X>S+     0   0   31     -4,-3.1     4,-0.8     1,-0.2     5,-0.6   0.919 114.7  43.2 -60.0 -41.9   29.6   12.3  -81.3               
 1669 1669 A A  H  <5S+     0   0   81     -4,-1.8     3,-0.3    -5,-0.3    -2,-0.2   0.896 114.5  50.6 -67.8 -41.8   27.0    9.5  -80.8               
 1670 1670 A K  H  <5S+     0   0   93     -4,-2.1    -2,-0.2     1,-0.2    -1,-0.2   0.863 118.0  36.7 -63.7 -41.6   25.9   10.9  -77.3               
 1671 1671 A N  H  <5S-     0   0   23     -4,-2.6    -1,-0.2     2,-0.3    -2,-0.2   0.463  99.3-128.5 -96.6  -5.8   25.4   14.5  -78.5               
 1672 1672 A G  T  <5S+     0   0   74     -4,-0.8     2,-0.3    -3,-0.3    -3,-0.1   0.616  80.4  84.6  67.7  14.1   23.9   13.8  -82.0               
 1673 1673 A Q  S   <S-     0   0   74     -5,-0.6    -2,-0.3    -6,-0.3    -1,-0.2  -0.964  70.0-142.2-141.8 157.3   26.5   16.2  -83.5               
 1674 1674 A T  S    S+     0   0  104     -2,-0.3     2,-1.1     1,-0.2     3,-0.5   0.558  82.4  90.5 -96.4 -11.0   30.2   16.0  -84.8               
 1675 1675 A M        +     0   0  153      1,-0.2    -1,-0.2    -7,-0.1    70,-0.0  -0.148  49.1 112.9 -81.4  40.9   31.2   19.6  -83.5               
 1676 1676 A N        +     0   0    0     -2,-1.1    70,-2.0    -3,-0.1    69,-0.9   0.506  57.5  87.7 -87.9  -5.9   32.3   18.2  -80.1               
 1677 1677 A E  E     +D 1744   0S  54     -3,-0.5     2,-0.3    67,-0.3    67,-0.2  -0.755  46.2 171.8-103.5 141.3   36.1   19.0  -80.7               
 1678 1678 A K  E     -D 1743   0S  78     65,-2.4    65,-3.2    -2,-0.3     2,-0.5  -0.987  30.7-128.5-135.5 150.7   38.2   22.2  -80.1               
 1679 1679 A Q  E     +D 1742   0S  72     -2,-0.3     2,-0.2    63,-0.2    63,-0.2  -0.906  44.2 164.4 -97.2 124.0   42.0   23.0  -80.3               
 1680 1680 A L  E     -D 1741   0S   4     61,-2.5    61,-2.9    -2,-0.5     2,-0.4  -0.824  33.5-103.9-138.7 167.9   43.1   24.6  -77.0               
 1681 1681 A F  E     -DE17401716S   7     35,-3.0    35,-2.6    -2,-0.2     2,-0.4  -0.825  22.8-172.2-106.0 140.8   46.2   25.5  -74.9               
 1682 1682 A H  E     -D 1739   0S  37     57,-2.4    57,-2.9    -2,-0.4     2,-0.3  -0.975  15.8-142.6-132.2 119.3   47.6   23.9  -71.7               
 1683 1683 A G  E     +D 1738   0S   9     -2,-0.4     2,-0.3    55,-0.2    55,-0.2  -0.607  26.7 175.7 -79.0 137.6   50.5   25.3  -69.6               
 1684 1684 A T  E     -D 1737   0S   7     53,-2.7    53,-0.7    -2,-0.3     2,-0.2  -0.964  32.0-117.9-135.8 153.4   53.0   22.8  -68.1               
 1685 1685 A D    >>  -     0   0   36     -2,-0.3     3,-1.0    43,-0.2     4,-0.8  -0.605  37.4-113.5 -77.6 155.6   56.3   22.7  -66.1               
 1686 1686 A A  T 34 S+     0   0   38     43,-0.4     3,-0.3     1,-0.2    -1,-0.1   0.782 114.1  60.9 -63.7 -28.2   59.2   21.0  -67.9               
 1687 1687 A G  T 34 S+     0   0   59      1,-0.2    -1,-0.2     2,-0.1     4,-0.2   0.773 103.3  50.9 -70.6 -25.2   59.3   18.0  -65.4               
 1688 1688 A S  T X> S+     0   0   31     -3,-1.0     4,-2.1     1,-0.2     3,-0.9   0.695  88.0  84.7 -86.3 -18.6   55.7   17.0  -66.4               
 1689 1689 A V  H 3X S+     0   0   18     -4,-0.8     4,-2.4    -3,-0.3     5,-0.3   0.886  86.5  52.2 -53.7 -48.1   56.4   17.0  -70.2               
 1690 1690 A P  H 3> S+     0   0   81      0, 0.0     4,-0.7     0, 0.0    -1,-0.2   0.776 112.3  47.9 -64.3 -24.9   57.8   13.3  -70.3               
 1691 1691 A H  H <> S+     0   0  100     -3,-0.9     4,-3.0    -4,-0.2     5,-0.4   0.930 112.1  46.8 -77.2 -47.1   54.6   12.1  -68.5               
 1692 1692 A V  H  X S+     0   0   15     -4,-2.1     4,-1.7     1,-0.2    -3,-0.1   0.914 111.9  50.6 -65.1 -41.1   52.1   14.0  -70.7               
 1693 1693 A N  H  < S+     0   0   11     -4,-2.4    -1,-0.2    -5,-0.2    -2,-0.2   0.822 122.8  31.2 -63.5 -33.5   53.7   12.8  -74.0               
 1694 1694 A R  H  < S+     0   0  161     -4,-0.7    -2,-0.2    -3,-0.3    -1,-0.2   0.854 135.7  21.0 -93.7 -40.4   53.8    9.1  -72.9               
 1695 1695 A N  H  < S-     0   0  102     -4,-3.0    -3,-0.2     1,-0.3    -2,-0.2   0.377  99.8-127.3-116.2  -4.4   50.7    8.7  -70.7               
 1696 1696 A G     <  -     0   0    7     -4,-1.7    -1,-0.3    -5,-0.4    -2,-0.1  -0.212  53.9 -30.3  81.1-176.2   48.4   11.7  -71.7               
 1697 1697 A F        -     0   0    5     91,-0.4     2,-0.4    94,-0.4    94,-0.1  -0.495  60.6-155.2 -65.1 146.2   46.9   14.3  -69.4               
 1698 1698 A N    >   -     0   0   66     -2,-0.1     3,-1.7     1,-0.1    -2,-0.1  -0.954  13.3-157.7-132.1 115.0   46.1   13.0  -65.9               
 1699 1699 A R  G >  S+     0   0   77     -2,-0.4     3,-2.2     1,-0.3    -1,-0.1   0.634  84.3  83.9 -65.5 -13.4   43.3   14.6  -63.8               
 1700 1700 A S  G 3  S+     0   0   86      1,-0.3    -1,-0.3     3,-0.0    12,-0.0   0.603  86.7  58.4 -65.0 -11.0   45.0   13.2  -60.6               
 1701 1701 A Y  G X  S+     0   0  134     -3,-1.7     3,-1.8     2,-0.1    -1,-0.3   0.326  76.6 125.4 -95.4   3.1   47.2   16.3  -60.8               
 1702 1702 A A  T <   +     0   0   36     -3,-2.2     5,-0.1     1,-0.2     9,-0.1  -0.404  68.1  36.5 -59.2 136.9   44.2   18.7  -60.7               
 1703 1703 A G  T 3  S+     0   0   44      3,-1.0    -1,-0.2     9,-0.2     4,-0.1   0.107  79.7 113.3  97.3 -14.6   44.7   21.2  -57.8               
 1704 1704 A K  S <  S+     0   0  111     -3,-1.8    -2,-0.1     2,-0.1     3,-0.1   0.759 104.1   0.3 -56.9 -30.2   48.6   21.5  -58.4               
 1705 1705 A N  S    S-     0   0   58      1,-0.4     2,-0.3    -4,-0.2    -1,-0.1   0.615 134.5 -29.4-125.4 -48.0   48.0   25.2  -59.4               
 1706 1706 A A        -     0   0   46     47,-0.0    -3,-1.0     1,-0.0    -1,-0.4  -0.965  31.5-162.7-162.6 164.0   44.2   25.9  -59.1               
 1707 1707 A V        +     0   0   39     -2,-0.3     3,-0.4    -4,-0.1     4,-0.1  -0.304  36.9 143.6-141.5  51.3   40.7   24.2  -59.3               
 1708 1708 A A  S    S+     0   0   57      1,-0.2    45,-0.8    44,-0.1    46,-0.1   0.856  82.5  25.7 -62.1 -34.3   38.3   27.3  -59.7               
 1709 1709 A Y  S    S-     0   0   69      1,-0.4    43,-1.2    43,-0.3    -1,-0.2   0.310 132.2 -44.2-117.3   4.5   35.8   25.5  -62.1               
 1710 1710 A G        -     0   0    0     -3,-0.4     2,-1.2    41,-0.2    -1,-0.4  -0.620  60.0 -82.0 143.9 161.7   36.4   21.8  -61.2               
 1711 1711 A K  S    S+     0   0   73     44,-3.3    -9,-0.2    -2,-0.2     2,-0.2  -0.377  92.1  98.7 -85.2  51.6   39.0   19.0  -60.3               
 1712 1712 A G  S    S-     0   0    2     -2,-1.2     2,-0.4   -11,-0.1    74,-0.2  -0.551  85.6 -68.3-119.4-170.3   39.7   18.3  -64.0               
 1713 1713 A T  E     - F   01785S  16     72,-2.6    72,-2.4    -2,-0.2     2,-0.3  -0.775  50.8-136.0 -88.1 129.4   42.3   19.2  -66.7               
 1714 1714 A Y  E     - F   01784S  39     -2,-0.4     2,-0.4    70,-0.2    70,-0.2  -0.710  21.2-176.9 -93.6 135.9   42.2   22.9  -67.7               
 1715 1715 A F  E     - F   01783S   1     68,-2.8    68,-2.7    -2,-0.3     2,-0.2  -0.979  12.6-151.0-135.8 116.0   42.5   24.1  -71.4               
 1716 1716 A A  E     -EF16811782S   2    -35,-2.6   -35,-3.0    -2,-0.4    66,-0.3  -0.615  15.1-147.0 -87.5 146.4   42.5   27.8  -72.3               
 1717 1717 A V  S    S+     0   0   59     64,-2.9     2,-0.5    -2,-0.2    -1,-0.1   0.887  91.3  58.7 -71.0 -39.4   41.2   29.4  -75.6               
 1718 1718 A N  S >> S-     0   0   74     63,-0.6     3,-1.0     1,-0.1     4,-1.0  -0.797  75.6-146.3 -98.2 129.5   44.0   32.0  -75.3               
 1719 1719 A A  H 3> S+     0   0    0     -2,-0.5     4,-2.6   -84,-0.4     5,-0.2   0.840  94.2  70.0 -59.9 -34.0   47.6   31.0  -75.2               
 1720 1720 A N  H 34 S+     0   0   78      2,-0.2    -1,-0.2     1,-0.2     4,-0.1   0.776  97.1  51.6 -60.0 -28.9   48.5   33.9  -72.8               
 1721 1721 A Y  H X4 S+     0   0   84     -3,-1.0     3,-1.8     2,-0.2     6,-0.3   0.980 114.4  41.1 -67.0 -56.1   46.6   32.3  -70.0               
 1722 1722 A S  H 3< S+     0   0    5     -4,-1.0    -2,-0.2     1,-0.3     6,-0.2   0.789 111.2  59.3 -63.9 -28.2   48.5   28.9  -70.4               
 1723 1723 A A  T 3< S+     0   0    1     -4,-2.6    -1,-0.3     4,-0.1    -2,-0.2   0.376  79.0 117.5 -82.1   1.2   51.7   30.9  -70.9               
 1724 1724 A N  S X> S-     0   0   78     -3,-1.8     4,-2.7    -5,-0.2     3,-1.3  -0.479  79.3-117.4 -66.2 144.2   51.5   32.6  -67.5               
 1725 1725 A D  T 34 S+     0   0   85      1,-0.3    -1,-0.1     2,-0.2    -3,-0.0   0.714 112.2  65.6 -59.1 -20.8   54.4   31.7  -65.1               
 1726 1726 A T  T 34 S+     0   0   66      2,-0.1     3,-0.3     1,-0.1    -1,-0.3   0.900 119.1  19.4 -62.4 -43.2   51.8   30.1  -62.7               
 1727 1727 A Y  T <4 S+     0   0   56     -3,-1.3     2,-0.7    -6,-0.3    -2,-0.2   0.855 133.2  39.9-101.4 -44.3   50.9   27.3  -65.2               
 1728 1728 A S  S  < S-     0   0    0     -4,-2.7    -1,-0.2   -45,-0.2   -43,-0.2  -0.685  83.7-166.3-106.6  71.2   53.9   27.3  -67.6               
 1729 1729 A R        -     0   0  126     -2,-0.7   -43,-0.4    -3,-0.3     8,-0.2  -0.392  24.6-111.3 -59.3 131.9   56.7   27.8  -65.0               
 1730 1730 A P        -     0   0   65      0, 0.0     6,-0.2     0, 0.0    -1,-0.1  -0.385  29.9-130.6 -62.0 141.0   60.1   28.8  -66.6               
 1731 1731 A D    >   -     0   0   35      4,-2.3     3,-2.3    -2,-0.1     5,-0.0  -0.162  42.2 -78.7 -75.1-179.1   62.9   26.2  -66.4               
 1732 1732 A A  T 3  S+     0   0  107      1,-0.3    -1,-0.1     2,-0.1     0, 0.0   0.638 136.0  49.8 -60.5 -13.5   66.5   26.9  -65.2               
 1733 1733 A N  T 3  S-     0   0  121      2,-0.1    -1,-0.3     0, 0.0    -2,-0.0   0.187 123.1-104.0-105.2   8.3   67.2   28.4  -68.7               
 1734 1734 A G  S <  S+     0   0   37     -3,-2.3    67,-0.4     1,-0.2     2,-0.3   0.524  73.0 147.8  79.3   7.7   64.0   30.7  -68.7               
 1735 1735 A R        -     0   0   87     65,-0.1    -4,-2.3    -5,-0.1     2,-0.3  -0.595  31.6-157.0 -87.6 139.3   62.2   28.3  -71.1               
 1736 1736 A K  E     - G   01799S   9     63,-3.3    63,-2.5    -2,-0.3     2,-0.4  -0.788   2.1-147.8-122.8 149.2   58.4   27.9  -70.9               
 1737 1737 A H  E     +DG16841798S  16    -53,-0.7   -53,-2.7    -2,-0.3     2,-0.4  -0.976  19.1 167.0-135.5 116.3   56.2   25.0  -72.1               
 1738 1738 A V  E     -DG16831797S   0     59,-2.3    59,-2.8    -2,-0.4     2,-0.3  -0.994  22.8-142.5-131.8 127.1   52.6   25.1  -73.5               
 1739 1739 A Y  E     -DG16821796S   0    -57,-2.9   -57,-2.4    -2,-0.4     2,-0.5  -0.652   5.4-145.4 -79.1 145.9   50.7   22.3  -75.3               
 1740 1740 A Y  E     -DG16811795S   9     55,-2.6    55,-2.5    -2,-0.3     2,-0.4  -0.965  36.6-170.8-105.8 126.2   48.3   22.9  -78.2               
 1741 1741 A V  E     -D 1680   0S   0    -61,-2.9   -61,-2.5    -2,-0.5     2,-0.6  -0.962  34.3-130.0-135.6 132.4   45.7   20.2  -77.7               
 1742 1742 A R  E     -DG16791792S  55     50,-2.0    50,-2.7    -2,-0.4     2,-0.4  -0.757  38.4-175.2 -77.9 122.1   42.7   18.5  -79.3               
 1743 1743 A V  E     -DG16781791S   0    -65,-3.2   -65,-2.4    -2,-0.6     2,-1.4  -0.980  28.5-138.3-126.9 128.0   40.0   18.6  -76.6               
 1744 1744 A L  E     +D 1677   0S   0     46,-2.8   -67,-0.3    -2,-0.4   -68,-0.1  -0.682  31.5 167.8 -83.3  86.9   36.5   17.0  -76.8               
 1745 1745 A T        +     0   0    1     -2,-1.4    27,-0.4   -69,-0.9    26,-0.2   0.798  14.9 169.6 -72.4 -29.5   34.5   19.9  -75.1               
 1746 1746 A G        -     0   0    5    -70,-2.0     2,-0.5    25,-0.2    -1,-0.1  -0.177  59.1 -13.0  55.0-142.9   31.1   18.4  -76.2               
 1747 1747 A I  S    S-     0   0   63     26,-0.0    24,-3.1     0, 0.0    25,-0.8  -0.839  85.2-171.1 -88.8 124.2   28.0   20.1  -74.6               
 1748 1748 A Y  E     -h 1772   0S  60     -2,-0.5     2,-0.2    22,-0.2    25,-0.2  -0.719  17.6-174.4-123.1 162.7   29.2   22.3  -71.7               
 1749 1749 A T  E     -h 1773   0S  30     23,-1.0    25,-2.3    -2,-0.2     2,-0.2  -0.838  45.7 -58.4-143.6 177.9   28.0   24.3  -68.7               
 1750 1750 A H  E     -h 1774   0S 108     -2,-0.2    25,-0.2    23,-0.2     2,-0.1  -0.473  56.0-143.0 -67.7 129.7   29.3   26.7  -65.9               
 1751 1751 A G        -     0   0    1     23,-2.8     2,-0.3    -2,-0.2   -41,-0.2  -0.319  15.9-170.2 -85.3 168.1   32.0   25.1  -63.7               
 1752 1752 A N    >   -     0   0   64    -43,-1.2     3,-1.2    -2,-0.1   -43,-0.3  -0.972  36.5-102.6-156.3 161.3   32.7   25.3  -59.9               
 1753 1753 A H  T 3  S+     0   0  125    -45,-0.8   -44,-0.2    -2,-0.3   -43,-0.1   0.643 112.1  54.3 -61.3 -23.5   35.6   24.2  -57.6               
 1754 1754 A S  T 3  S+     0   0   38    -46,-0.1  -292,-0.3   -44,-0.1    -1,-0.2   0.737  81.1 109.3 -86.1 -19.5   33.8   21.1  -56.0               
 1755 1755 A L    <   +     0   0   20     -3,-1.2   -44,-3.3     1,-0.2    -3,-0.0  -0.319  31.2 168.3 -57.3 125.5   33.0   19.3  -59.3               
 1756 1756 A I  S    S+     0   0   38      1,-0.2    -1,-0.2   -46,-0.2   -46,-0.0   0.404  81.1  25.9-111.5  -3.7   35.0   16.2  -60.1               
 1757 1757 A V  S    S-     0   0   41    -45,-0.0    -1,-0.2    15,-0.0   -46,-0.1  -0.930 103.1 -88.3-138.5 160.0   32.6   15.3  -62.9               
 1758 1758 A P        -     0   0    2      0, 0.0    -2,-0.1     0, 0.0    15,-0.1  -0.305  53.2 -95.8 -60.7 156.0   30.4   17.7  -65.0               
 1759 1759 A P        -     0   0   42      0, 0.0    11,-2.7     0, 0.0     2,-0.2  -0.177  47.3 -89.2 -60.0 164.5   26.9   18.5  -63.7               
 1760 1760 A S  E     -J 1769   0T  35      9,-0.3     9,-0.3     1,-0.1     7,-0.0  -0.580  19.6-145.9 -70.8 140.6   23.8   16.6  -64.8               
 1761 1761 A K  E    S+     0   0T  52      7,-3.2     8,-0.1    -2,-0.2    -1,-0.1   0.787  95.6  34.5 -67.4 -31.0   22.0   17.9  -67.9               
 1762 1762 A N  E >   -J 1765   0T  58      6,-0.6     3,-1.5     3,-0.5     6,-0.2  -0.963  69.0-152.3-131.0 117.8   18.8   16.7  -66.2               
 1763 1763 A P  T 3  S+     0   0  128      0, 0.0    -1,-0.1     0, 0.0    -2,-0.0   0.724 101.5  56.0 -55.1 -23.8   18.2   16.7  -62.4               
 1764 1764 A Q  T 3  S+     0   0  174      1,-0.3     0, 0.0     2,-0.0     0, 0.0   0.649 112.4  41.3 -85.8 -19.0   15.8   13.6  -62.9               
 1765 1765 A N  E X   -J 1762   0T  66     -3,-1.5     3,-1.6     3,-0.1    -3,-0.5  -0.755  66.8-178.1-126.7  85.8   18.6   11.6  -64.6               
 1766 1766 A P  E 3  S+     0   0T  97      0, 0.0    -1,-0.1     0, 0.0     3,-0.0   0.426  78.2  66.2 -66.9   2.4   21.9   12.2  -62.7               
 1767 1767 A T  E 3  S+     0   0T 115      1,-0.1     2,-1.6    -5,-0.1    -2,-0.0   0.668  78.4  82.2 -94.5 -19.9   23.7    9.9  -65.3               
 1768 1768 A D  E <  S+     0   0T  56     -3,-1.6    -7,-3.2    -6,-0.2    -6,-0.6  -0.598  71.1 177.4 -85.3  79.3   23.3   12.3  -68.3               
 1769 1769 A L  E     -J 1760   0T  30     -2,-1.6    -9,-0.3    -9,-0.3    -2,-0.1  -0.442  35.2-104.0 -76.7 155.7   26.2   14.6  -67.5               
 1770 1770 A Y        -     0   0   60    -11,-2.7   -22,-0.2    -2,-0.1    -1,-0.1  -0.206  31.3-127.3 -57.2 165.5   27.5   17.6  -69.4               
 1771 1771 A D  S    S-     0   0    9    -24,-3.1    15,-0.5     1,-0.3     2,-0.3   0.843  79.7  -8.7 -97.1 -36.8   30.8   16.7  -71.3               
 1772 1772 A T  E     -hI17481785S   0    -25,-0.8   -23,-1.0   -27,-0.4    -1,-0.3  -0.873  65.9-130.5-139.5 176.3   33.0   19.6  -70.0               
 1773 1773 A V  E     -hI17491784S   0     11,-1.6    11,-2.9    -2,-0.3     2,-0.3  -0.906  19.3-165.1-126.3 165.0   32.6   22.8  -67.9               
 1774 1774 A T  E     -hI17501783S   0    -25,-2.3   -23,-2.8    -2,-0.3     3,-0.2  -0.869  35.0-114.7-138.9 165.8   33.7   26.4  -68.5               
 1775 1775 A D  S    S+     0   0   29      7,-0.8     2,-0.3    -2,-0.3     8,-0.1   0.796 108.8  18.0 -69.0 -33.6   34.2   29.8  -66.8               
 1776 1776 A N        -     0   0   65      6,-0.3    -1,-0.3     1,-0.1     6,-0.1  -0.929  61.9-156.3-148.2 119.3   31.5   31.3  -69.1               
 1777 1777 A V  S    S+     0   0   55     -2,-0.3    -1,-0.1     1,-0.2   -29,-0.1   0.819  99.2  39.1 -65.9 -30.7   28.8   29.4  -71.1               
 1778 1778 A H  S    S+     0   0  158      1,-0.2    -1,-0.2     0, 0.0    -2,-0.0   0.855 134.1  19.0 -87.0 -39.1   28.3   32.3  -73.6               
 1779 1779 A H  S    S-     0   0  153      0, 0.0     2,-0.3     0, 0.0    -1,-0.2  -0.617  81.9-164.6-133.4  68.2   32.0   33.5  -73.9               
 1780 1780 A P        +     0   0   28      0, 0.0     3,-0.1     0, 0.0    -3,-0.1  -0.416  18.5 173.7 -65.9 121.0   34.2   30.5  -72.7               
 1781 1781 A S  S    S+     0   0   47     -2,-0.3   -64,-2.9     1,-0.2   -63,-0.6   0.699  73.0  19.5 -94.3 -23.1   37.8   31.5  -72.0               
 1782 1782 A L  E     -F 1716   0S   5    -66,-0.3    -7,-0.8   -65,-0.1     2,-0.3  -0.979  63.3-152.0-141.8 156.8   38.7   28.0  -70.6               
 1783 1783 A F  E     -FI17151774S   1    -68,-2.7   -68,-2.8    -2,-0.3     2,-0.5  -0.968   7.7-151.6-124.5 144.3   37.3   24.5  -70.6               
 1784 1784 A V  E     -FI17141773S   0    -11,-2.9   -11,-1.6    -2,-0.3     2,-0.3  -0.971  11.4-161.4-117.5 114.6   37.7   21.8  -67.9               
 1785 1785 A A  E     -FI17131772S   2    -72,-2.4   -72,-2.6    -2,-0.5   -13,-0.1  -0.782   8.3-165.5 -95.7 141.5   37.7   18.1  -69.1               
 1786 1786 A F        +     0   0    0    -15,-0.5     2,-0.4    -2,-0.3    -1,-0.1   0.361  69.4  68.6-113.4   1.9   37.1   15.3  -66.5               
 1787 1787 A Y  S >  S-     0   0   67      1,-0.1     3,-1.7   -74,-0.1     4,-0.1  -0.994  71.9-143.5-121.3 132.8   38.2   12.2  -68.5               
 1788 1788 A D  G >  S+     0   0   39     -2,-0.4     3,-1.1     1,-0.3   -91,-0.4   0.914 101.9  52.7 -63.2 -42.3   42.0   11.8  -69.2               
 1789 1789 A Y  G 3  S+     0   0   79      1,-0.2    -1,-0.3   -93,-0.1  -126,-0.2   0.228  86.7  86.9 -76.1  10.4   41.4   10.3  -72.7               
 1790 1790 A Q  G <  S+     0   0    1     -3,-1.7   -46,-2.8     1,-0.1     2,-0.3   0.512  89.8  50.9 -86.2  -7.7   39.1   13.4  -73.6               
 1791 1791 A A  E <   - G   01743S   9     -3,-1.1   -94,-0.4   -48,-0.2   -48,-0.2  -0.997  65.7-156.2-134.9 138.1   42.2   15.3  -74.8               
 1792 1792 A Y  E     - G   01742S   1    -50,-2.7     2,-2.1    -2,-0.3   -50,-2.0  -0.970  20.8-135.9-113.8 119.3   45.1   14.5  -77.2               
 1793 1793 A P  E     +     0   0S   1      0, 0.0  -142,-0.3     0, 0.0   -52,-0.2  -0.479  35.9 170.1 -74.8  74.6   48.4   16.5  -76.6               
 1794 1794 A E  E     +     0   0S   2     -2,-2.1  -143,-2.5     1,-0.2     2,-0.3   0.888  57.9  11.9 -63.3 -43.6   48.9   17.2  -80.3               
 1795 1795 A Y  E     -CG16501740S  14    -55,-2.5   -55,-2.6  -145,-0.3     2,-0.4  -0.988  58.4-149.1-136.2 145.5   51.8   19.7  -80.1               
 1796 1796 A L  E     -CG16491739S   2   -147,-2.8  -147,-2.9    -2,-0.3     2,-0.5  -0.953  15.2-157.0-107.5 129.5   54.3   21.0  -77.5               
 1797 1797 A I  E     -CG16481738S   0    -59,-2.8   -59,-2.3    -2,-0.4     2,-0.5  -0.942   3.1-164.2-107.7 118.7   55.4   24.7  -77.8               
 1798 1798 A T  E     +CG16471737S   4   -151,-2.4  -152,-3.0    -2,-0.5  -151,-1.6  -0.910  25.7 156.1-100.1 127.6   58.8   25.6  -76.2               
 1799 1799 A F  E     -CG16451736S   0    -63,-2.5   -63,-3.3    -2,-0.5     2,-0.3  -0.936  26.6-152.8-145.9 164.5   59.2   29.4  -75.8               
 1800 1800 A R  E      C 1644   0S 109   -156,-2.5  -156,-2.2    -2,-0.3   -65,-0.1  -0.891 360.0 360.0-134.2 164.9   61.0   32.2  -73.9               
 1801 1801 A K              0   0  200    -67,-0.4  -158,-0.2    -2,-0.3   -65,-0.0  -0.412 360.0 360.0 -79.4 360.0   60.4   35.9  -72.9               
