==== Secondary Structure Definition by the program DSSP, CMBI version 2.0                          ==== DATE=2026-03-08        .
REFERENCE W. KABSCH AND C.SANDER, BIOPOLYMERS 22 (1983) 2577-2637                                                              .
HEADER                                            01-AUG-25                                                                    .
COMPND    MOL_ID: 1; MOLECULE: PROTEIN MONO-ADP-RIBOSYLTRANSFERASE PARP10; CHAIN                                               .
SOURCE    MOL_ID: 1; ORGANISM_SCIENTIFIC: HOMO SAPIENS; ORGANISM_TAXID: 9606                                                   .
AUTHOR                                                                                                                         .
 1025  1  0  0  0 TOTAL NUMBER OF RESIDUES, NUMBER OF CHAINS, NUMBER OF SS-BRIDGES(TOTAL,INTRACHAIN,INTERCHAIN)                .
 80758.0   ACCESSIBLE SURFACE OF PROTEIN (ANGSTROM**2)                                                                         .
  553 54.0   TOTAL NUMBER OF HYDROGEN BONDS OF TYPE O(I)-->H-N(J)  , SAME NUMBER PER 100 RESIDUES                              .
    4  0.4   TOTAL NUMBER OF HYDROGEN BONDS IN     PARALLEL BRIDGES, SAME NUMBER PER 100 RESIDUES                              .
  149 14.5   TOTAL NUMBER OF HYDROGEN BONDS IN ANTIPARALLEL BRIDGES, SAME NUMBER PER 100 RESIDUES                              .
    1  0.1   TOTAL NUMBER OF HYDROGEN BONDS OF TYPE O(I)-->H-N(I-5), SAME NUMBER PER 100 RESIDUES                              .
    1  0.1   TOTAL NUMBER OF HYDROGEN BONDS OF TYPE O(I)-->H-N(I-4), SAME NUMBER PER 100 RESIDUES                              .
    5  0.5   TOTAL NUMBER OF HYDROGEN BONDS OF TYPE O(I)-->H-N(I-3), SAME NUMBER PER 100 RESIDUES                              .
    0  0.0   TOTAL NUMBER OF HYDROGEN BONDS OF TYPE O(I)-->H-N(I-2), SAME NUMBER PER 100 RESIDUES                              .
    0  0.0   TOTAL NUMBER OF HYDROGEN BONDS OF TYPE O(I)-->H-N(I-1), SAME NUMBER PER 100 RESIDUES                              .
    0  0.0   TOTAL NUMBER OF HYDROGEN BONDS OF TYPE O(I)-->H-N(I+0), SAME NUMBER PER 100 RESIDUES                              .
    0  0.0   TOTAL NUMBER OF HYDROGEN BONDS OF TYPE O(I)-->H-N(I+1), SAME NUMBER PER 100 RESIDUES                              .
   95  9.3   TOTAL NUMBER OF HYDROGEN BONDS OF TYPE O(I)-->H-N(I+2), SAME NUMBER PER 100 RESIDUES                              .
   82  8.0   TOTAL NUMBER OF HYDROGEN BONDS OF TYPE O(I)-->H-N(I+3), SAME NUMBER PER 100 RESIDUES                              .
  207 20.2   TOTAL NUMBER OF HYDROGEN BONDS OF TYPE O(I)-->H-N(I+4), SAME NUMBER PER 100 RESIDUES                              .
    4  0.4   TOTAL NUMBER OF HYDROGEN BONDS OF TYPE O(I)-->H-N(I+5), SAME NUMBER PER 100 RESIDUES                              .
  1  2  3  4  5  6  7  8  9 10 11 12 13 14 15 16 17 18 19 20 21 22 23 24 25 26 27 28 29 30     *** HISTOGRAMS OF ***           .
  0  0  0  2  2  1  2  4  0  1  1  2  3  2  2  0  1  0  1  0  0  0  0  0  0  0  0  0  0  0    RESIDUES PER ALPHA HELIX         .
  0  0  1  0  0  0  0  0  0  0  0  0  0  0  0  0  0  0  0  0  0  0  0  0  0  0  0  0  0  0    PARALLEL BRIDGES PER LADDER      .
  3  2  4  3  7  2  3  1  1  0  0  0  0  0  0  0  0  0  0  0  0  0  0  0  0  0  0  0  0  0    ANTIPARALLEL BRIDGES PER LADDER  .
  2  3  3  0  0  0  0  1  0  0  0  0  0  0  0  0  0  0  0  0  0  0  0  0  0  0  0  0  0  0    LADDERS PER SHEET                .
  #  RESIDUE AA STRUCTURE BP1 BP2  ACC     N-H-->O    O-->H-N    N-H-->O    O-->H-N    TCO  KAPPA ALPHA  PHI   PSI    X-CA   Y-CA   Z-CA            CHAIN
    1    1 A M    >>        0   0  199      0, 0.0     3,-2.2     0, 0.0     4,-1.2   0.000 360.0 360.0 360.0 -57.9  -40.1  -21.3    6.4               
    2    2 A V  H >>  +     0   0  103      1,-0.3     4,-2.0     2,-0.2     3,-1.3   0.908 360.0  58.8 -41.8 -58.1  -39.2  -19.4    3.1               
    3    3 A A  H 34 S+     0   0   75      1,-0.3    -1,-0.3     2,-0.2     4,-0.0   0.392 105.4  50.0 -60.5  -1.5  -42.9  -18.6    2.4               
    4    4 A M  H <> S+     0   0  154     -3,-2.2     4,-0.8     2,-0.1    -1,-0.3   0.677 108.5  49.8-102.9 -29.2  -43.1  -16.7    5.8               
    5    5 A A  H XX S+     0   0   46     -3,-1.3     4,-1.7    -4,-1.2     3,-0.6   0.895 106.8  56.9 -71.3 -37.8  -40.0  -14.5    5.3               
    6    6 A E  H 3X S+     0   0  127     -4,-2.0     4,-0.9     1,-0.2    -1,-0.2   0.792 101.2  59.3 -59.9 -28.2  -41.4  -13.5    1.8               
    7    7 A A  H 34 S+     0   0   70     -5,-0.3    -1,-0.2     1,-0.2    -2,-0.2   0.823 106.4  44.2 -76.8 -31.8  -44.6  -12.3    3.6               
    8    8 A E  H XX S+     0   0   53     -4,-0.8     3,-1.6    -3,-0.6     4,-0.9   0.844 104.0  67.2 -73.6 -33.6  -42.7   -9.7    5.8               
    9    9 A A  H 3< S+     0   0   42     -4,-1.7     3,-0.3     1,-0.3    74,-0.3   0.815  95.0  55.2 -60.3 -32.9  -40.6   -8.6    2.7               
   10   10 A G  T 3< S+     0   0   38     -4,-0.9    53,-0.3     1,-0.2    -1,-0.3   0.578 113.9  39.4 -75.9 -12.1  -43.7   -7.0    1.0               
   11   11 A V  T <4 S+     0   0   21     -3,-1.6    45,-2.8    -4,-0.2     2,-0.5   0.481  96.8  89.9-113.8  -7.9  -44.6   -4.7    4.0               
   12   12 A A  E  <  -A   55   0A  13     -4,-0.9    71,-2.5    -3,-0.3     2,-0.4  -0.839  48.5-174.0-107.9 127.6  -41.2   -3.5    5.2               
   13   13 A V  E     -AB  54  82A   0     41,-3.0    41,-3.0    -2,-0.5     2,-0.5  -0.953  20.0-138.2-116.0 128.7  -39.3   -0.4    4.0               
   14   14 A E  E     -AB  53  81A  28     67,-2.8    67,-1.6    -2,-0.4     2,-0.4  -0.792  21.0-157.6 -81.5 125.1  -35.7    0.6    5.0               
   15   15 A V  E     +AB  52  80A   0     37,-2.9    37,-2.1    -2,-0.5     2,-0.3  -0.926  14.2 179.4-104.9 130.9  -35.6    4.4    5.7               
   16   16 A R  E     +AB  51  79A  50     63,-2.3    63,-2.2    -2,-0.4    35,-0.2  -0.929  54.0  42.6-131.6 156.0  -32.1    6.1    5.5               
   17   17 A G        +     0   0   39     33,-1.3    34,-0.2    -2,-0.3    -1,-0.1   0.700  69.6 146.7  82.7  23.1  -30.9    9.7    5.9               
   18   18 A L        -     0   0    1     32,-2.3    -1,-0.2    -3,-0.2    -3,-0.0  -0.832  46.3-130.8 -93.6 108.5  -33.1   10.4    9.1               
   19   19 A P    >   -     0   0   47      0, 0.0     3,-1.8     0, 0.0    57,-0.0  -0.168  15.1-121.8 -58.6 148.1  -31.3   12.8   11.5               
   20   20 A P  T 3  S+     0   0   91      0, 0.0    29,-0.0     0, 0.0    -2,-0.0   0.810 111.1  65.2 -60.1 -26.1  -31.1   11.6   15.2               
   21   21 A A  T 3  S+     0   0   91      2,-0.1    -3,-0.0     0, 0.0     0, 0.0   0.545  79.7  95.9 -72.6 -11.1  -32.9   14.9   16.1               
   22   22 A V  S <  S-     0   0   11     -3,-1.8     2,-0.1    51,-0.0     5,-0.1  -0.761  78.7-124.9 -86.4 119.6  -36.2   13.9   14.2               
   23   23 A P    >>  -     0   0   69      0, 0.0     4,-1.3     0, 0.0     3,-1.1  -0.368  11.1-129.7 -63.8 138.0  -38.9   12.3   16.5               
   24   24 A D  H 3> S+     0   0   64      1,-0.3     4,-2.4     2,-0.2     5,-0.1   0.781 107.5  62.7 -59.4 -28.5  -40.1    8.8   15.5               
   25   25 A E  H 3> S+     0   0  150      2,-0.2     4,-2.8     1,-0.2    -1,-0.3   0.896 101.8  50.2 -61.2 -40.6  -43.7   10.1   15.9               
   26   26 A L  H <> S+     0   0   65     -3,-1.1     4,-1.0     2,-0.2    -2,-0.2   0.850 110.9  48.8 -73.8 -31.8  -43.1   12.7   13.1               
   27   27 A L  H  X S+     0   0    0     -4,-1.3     4,-2.2     2,-0.2     3,-0.4   0.931 112.1  49.0 -65.8 -46.1  -41.7   10.0   10.8               
   28   28 A T  H  X S+     0   0   35     -4,-2.4     4,-2.6     1,-0.2     5,-0.2   0.961 112.0  48.4 -59.4 -48.2  -44.7    7.7   11.6               
   29   29 A L  H  < S+     0   0  109     -4,-2.8     4,-0.3     1,-0.2    -1,-0.2   0.711 109.9  54.0 -65.1 -23.5  -47.1   10.7   10.8               
   30   30 A Y  H  < S+     0   0    8     -4,-1.0     3,-0.4    -3,-0.4     7,-0.3   0.922 113.3  40.5 -72.4 -45.7  -45.2   11.3    7.5               
   31   31 A F  H  < S+     0   0    0     -4,-2.2     9,-0.8     1,-0.2    -2,-0.2   0.805 110.4  56.1 -81.7 -25.9  -45.6    7.7    6.3               
   32   32 A E  S  < S+     0   0   78     -4,-2.6     2,-1.4    -5,-0.2    -1,-0.2   0.702  88.2  96.4 -69.4 -17.6  -49.3    7.2    7.5               
   33   33 A N    >>> -     0   0   64     -3,-0.4     3,-2.6    -4,-0.3     4,-1.9  -0.569  59.3-166.0 -86.6  92.8  -50.1   10.4    5.3               
   34   34 A R  T 345S+     0   0  141     -2,-1.4    -1,-0.2     1,-0.3     4,-0.1   0.562  88.5  53.4 -41.9 -22.0  -51.4    9.2    1.9               
   35   35 A R  T 345S+     0   0  239      2,-0.1    -1,-0.3     1,-0.0    -2,-0.1   0.545 115.2  34.8 -96.2 -14.4  -50.9   12.8    0.6               
   36   36 A R  T <45S+     0   0  127     -3,-2.6    36,-0.2    -6,-0.3    -2,-0.2   0.727 137.3  10.9-106.3 -35.6  -47.2   13.3    1.5               
   37   37 A S  T  <5S-     0   0    0     -4,-1.9    31,-0.2    -7,-0.3    -3,-0.2   0.269  90.8-119.3-127.7  -3.8  -45.5    9.8    1.1               
   38   38 A G  S   <S+     0   0   16     -5,-0.6    -4,-0.2     1,-0.1    27,-0.2   0.234  79.1 114.8  73.2 -10.7  -48.2    7.7   -0.7               
   39   39 A G        -     0   0    0     -6,-0.3    -7,-0.2    -9,-0.2    -5,-0.1   0.634  45.4-165.0 -74.7-145.0  -48.2    5.4    2.3               
   40   40 A G        +     0   0    0     -9,-0.8    -7,-0.1    -7,-0.1    -1,-0.1  -0.948  47.0   6.6 174.3-164.9  -50.8    4.4    5.0               
   41   41 A P        -     0   0   50      0, 0.0    16,-2.2     0, 0.0    17,-0.3  -0.087  64.4-138.2 -50.9 123.1  -51.3    2.7    8.4               
   42   42 A V  E     -C   56   0A  10     14,-0.2    14,-0.3     1,-0.1     3,-0.1  -0.475  18.5-171.5 -80.5 144.0  -48.0    1.8   10.1               
   43   43 A L  E    S-     0   0A 114     12,-3.2     2,-0.3     1,-0.4    13,-0.2   0.756  71.3 -15.7 -98.5 -44.2  -47.6   -1.6   11.9               
   44   44 A S  E     -C   55   0A  45     11,-1.6    11,-3.1   -16,-0.0    -1,-0.4  -0.968  50.1-153.9-158.5 151.3  -44.2   -0.8   13.5               
   45   45 A W  E     -C   54   0A  42     -2,-0.3     2,-0.4     9,-0.2     9,-0.2  -0.984   9.9-173.8-120.7 138.7  -41.2    1.5   13.3               
   46   46 A Q  E     -C   53   0A  39      7,-2.1     7,-2.2    -2,-0.4     2,-0.2  -0.858  14.4-149.5-133.7  99.3  -37.7    0.5   14.4               
   47   47 A R  E     -C   52   0A  51     -2,-0.4     5,-0.3     5,-0.3     3,-0.1  -0.486  14.3-178.0 -64.9 132.7  -35.0    3.2   14.4               
   48   48 A L        -     0   0   13      3,-2.6   201,-0.6    -2,-0.2     2,-0.4  -0.506  59.5 -72.1-131.4  58.8  -31.5    1.8   13.7               
   49   49 A G  S    S+     0   0   20    199,-0.2     2,-0.1   200,-0.2    -1,-0.1  -0.780 118.1   3.8  90.4-127.2  -29.3    5.0   14.0               
   50   50 A C  S    S+     0   0   52     -2,-0.4   -32,-2.3    -3,-0.1   -33,-1.3   0.004 142.8   8.9 -79.2  28.0  -29.6    7.5   11.1               
   51   51 A G  E     -A   16   0A   2    -35,-0.2    -3,-2.6   -34,-0.2     2,-0.3  -0.873  68.7-176.2-176.9-161.7  -32.4    5.3    9.6               
   52   52 A G  E     -AC  15  47A   5    -37,-2.1   -37,-2.9    -5,-0.3     2,-0.5  -0.961  35.3 -69.9 165.2-177.0  -34.5    2.2   10.5               
   53   53 A V  E     -AC  14  46A  16     -7,-2.2    -7,-2.1    -2,-0.3     2,-0.5  -0.933  35.8-165.9-108.6 125.7  -37.1   -0.3    9.3               
   54   54 A L  E     -AC  13  45A   0    -41,-3.0   -41,-3.0    -2,-0.5     2,-0.5  -0.947   4.4-161.4-109.3 123.4  -40.8    0.8    8.8               
   55   55 A T  E     -AC  12  44A   7    -11,-3.1   -12,-3.2    -2,-0.5   -11,-1.6  -0.933   5.5-156.2-108.6 124.8  -43.5   -1.9    8.5               
   56   56 A F  E     - C   0  42A   1    -45,-2.8   -14,-0.2    -2,-0.5   -24,-0.0  -0.421  21.8-127.8 -86.3 165.0  -46.9   -1.1    6.9               
   57   57 A R  S    S+     0   0  158    -16,-2.2   -15,-0.1     1,-0.2    -1,-0.1   0.727  98.6  39.9 -82.6 -24.8  -50.2   -2.9    7.5               
   58   58 A E  S >> S-     0   0  101    -17,-0.3     3,-1.7     1,-0.1     4,-1.0  -0.992  74.7-140.8-125.7 132.7  -50.8   -3.4    3.8               
   59   59 A P  H 3> S+     0   0   68      0, 0.0     4,-2.6     0, 0.0     3,-0.5   0.912 104.2  63.1 -62.8 -35.1  -48.1   -4.3    1.2               
   60   60 A A  H 3> S+     0   0   39      1,-0.2     4,-1.1     2,-0.2   -49,-0.1   0.656  98.3  56.2 -61.3 -19.3  -49.7   -1.9   -1.3               
   61   61 A D  H <> S+     0   0    0     -3,-1.7     4,-1.2     2,-0.2    -1,-0.2   0.872 109.7  44.9 -78.0 -37.2  -48.9    1.0    1.2               
   62   62 A A  H  X S+     0   0    3     -4,-1.0     4,-2.5    -3,-0.5     3,-0.3   0.931 110.8  53.9 -67.7 -45.8  -45.2    0.1    1.1               
   63   63 A E  H  X S+     0   0  128     -4,-2.6     4,-2.0   -53,-0.3    -1,-0.2   0.902 108.8  48.6 -55.8 -44.6  -45.1   -0.3   -2.7               
   64   64 A R  H  < S+     0   0   90     -4,-1.1     4,-0.5     2,-0.2    -1,-0.2   0.812 110.7  50.9 -69.3 -30.5  -46.6    3.3   -3.2               
   65   65 A V  H >< S+     0   0    0     -4,-1.2     3,-0.7    -3,-0.3    -2,-0.2   0.909 112.4  46.3 -69.4 -43.3  -44.0    4.7   -0.7               
   66   66 A L  H 3< S+     0   0   61     -4,-2.5    -2,-0.2     1,-0.2    -1,-0.2   0.797 107.6  57.7 -69.1 -31.0  -41.2    3.0   -2.7               
   67   67 A A  T 3< S+     0   0   86     -4,-2.0     2,-0.7    -5,-0.2    -1,-0.2   0.632  87.4  87.6 -74.5 -16.2  -42.7    4.2   -6.0               
   68   68 A Q    <   -     0   0   66     -3,-0.7    -1,-0.0    -4,-0.5    -4,-0.0  -0.797  67.6-159.7 -85.5 113.6  -42.4    7.9   -4.8               
   69   69 A A  S    S+     0   0   98     -2,-0.7     2,-0.5     1,-0.1    11,-0.2   0.814  70.2  50.3 -66.6 -36.5  -38.9    9.0   -5.8               
   70   70 A D        +     0   0  112      9,-0.1     2,-0.4     2,-0.0    -1,-0.1  -0.920  57.0 173.4-112.4 127.8  -38.5   12.0   -3.4               
   71   71 A H  E     -D   78   0B   3      7,-0.6     7,-2.3    -2,-0.5     2,-0.4  -0.999   7.3-176.0-128.5 132.6  -39.2   12.0    0.4               
   72   72 A E  E     +D   77   0B 116     -2,-0.4     2,-0.4     5,-0.2     5,-0.2  -0.987   8.4 173.8-135.7 126.6  -38.4   15.0    2.7               
   73   73 A L  E >  S-D   76   0B   3      3,-2.5     3,-1.6    -2,-0.4   -46,-0.1  -0.961  77.2 -20.5-136.1 113.4  -38.8   15.3    6.5               
   74   74 A H  T 3  S-     0   0  134     -2,-0.4     3,-0.1     1,-0.3    -1,-0.1   0.839 125.2 -54.3  55.1  39.1  -37.5   18.4    8.3               
   75   75 A G  T 3  S+     0   0   61      1,-0.3     2,-0.4     0, 0.0    -1,-0.3   0.282 112.7 121.8  76.9  -8.2  -35.2   19.3    5.4               
   76   76 A A  E <   -D   73   0B  17     -3,-1.6    -3,-2.5   -57,-0.0     2,-0.7  -0.741  62.8-135.0 -82.8 129.3  -33.5   15.9    5.5               
   77   77 A Q  E     -D   72   0B 140     -2,-0.4     2,-0.4    -5,-0.2    -5,-0.2  -0.777  22.4-146.6 -87.4 111.2  -33.9   14.0    2.1               
   78   78 A L  E     -D   71   0B   8     -7,-2.3    -7,-0.6    -2,-0.7     2,-0.4  -0.684   4.8-151.7 -86.2 132.5  -34.9   10.4    3.0               
   79   79 A S  E     -B   16   0A  69    -63,-2.2   -63,-2.3    -2,-0.4     2,-0.3  -0.887  18.2-166.3-102.8 130.7  -33.7    7.5    0.8               
   80   80 A L  E     +B   15   0A  37     -2,-0.4   -65,-0.2   -65,-0.2   -67,-0.0  -0.907  16.8 152.7-122.2 145.4  -36.1    4.4    0.8               
   81   81 A R  E     -B   14   0A  41    -67,-1.6   -67,-2.8    -2,-0.3     2,-0.1  -0.965  54.0 -69.2-156.8 164.0  -35.8    0.8   -0.4               
   82   82 A P  E     -B   13   0A  85      0, 0.0   -69,-0.3     0, 0.0   -72,-0.1  -0.386  60.2-119.0 -54.1 131.7  -37.3   -2.7    0.4               
   83   83 A A        -     0   0    5    -71,-2.5   -71,-0.2   -74,-0.3     3,-0.1  -0.477  20.8-108.7 -73.4 146.8  -36.1   -3.8    3.9               
   84   84 A P        -     0   0    9      0, 0.0     3,-0.1     0, 0.0    -1,-0.1  -0.482  46.7-100.9 -60.0 143.7  -33.9   -6.9    4.5               
   85   85 A P        -     0   0   22      0, 0.0    86,-2.7     0, 0.0     2,-0.2  -0.198  53.6 -74.6 -62.5 160.0  -36.1   -9.6    6.2               
   86   86 A R  E     -E  170   0C  59     84,-0.3   -78,-0.0     1,-0.1   -77,-0.0  -0.389  47.3-113.7 -60.8 128.1  -35.6  -10.0   10.1               
   87   87 A A  E >   -     0   0C   2     82,-2.5     3,-1.0    -2,-0.2    82,-0.3  -0.465  28.7-146.1 -61.2 116.2  -32.3  -11.8   11.0               
   88   88 A P  E 3  S+     0   0C  71      0, 0.0    54,-1.6     0, 0.0    -1,-0.2   0.606  88.9  22.8 -76.2 -10.7  -33.8  -15.0   12.4               
   89   89 A A  E 3  S+     0   0C  12     52,-0.2    49,-2.9    49,-0.1     2,-0.5   0.126  99.2 100.5-137.7  15.2  -31.1  -15.6   15.1               
   90   90 A R  E <   - F   0 137C  15     -3,-1.0    79,-1.2    47,-0.2     2,-0.4  -0.952  46.2-172.1-118.8 124.4  -29.5  -12.0   15.7               
   91   91 A L  E     -EF 168 136C   2     45,-2.6    45,-2.9    -2,-0.5     2,-0.5  -0.933  14.6-147.3-118.3 136.1  -30.5   -9.8   18.7               
   92   92 A L  E     -EF 167 135C   0     75,-3.1    75,-1.9    -2,-0.4     2,-0.4  -0.906  14.2-164.5 -97.2 126.6  -29.5   -6.2   19.4               
   93   93 A L  E     -EF 166 134C   0     41,-2.9    41,-2.2    -2,-0.5     2,-0.3  -0.935   9.9-177.5-109.7 136.7  -29.1   -5.3   23.1               
   94   94 A Q  E     +EF 165 133C  38     71,-2.5    71,-2.9    -2,-0.4    39,-0.2  -0.986  56.7  45.1-138.8 147.7  -29.1   -1.6   24.2               
   95   95 A G  S    S+     0   0   36     37,-1.9    64,-0.2    -2,-0.3    38,-0.2   0.703  71.7 166.9  86.4  26.1  -28.6    0.2   27.5               
   96   96 A L        -     0   0   11     36,-2.4    -1,-0.2    -3,-0.2     3,-0.1  -0.517  41.1-109.5 -70.1 139.9  -25.7   -2.0   28.5               
   97   97 A P    >   -     0   0   14      0, 0.0     3,-1.6     0, 0.0    -1,-0.1  -0.475  43.2 -95.1 -69.6 141.5  -23.6   -0.8   31.5               
   98   98 A P  T 3  S+     0   0  118      0, 0.0     3,-0.1     0, 0.0    34,-0.1  -0.305 112.4  29.5 -61.1 135.3  -20.1    0.5   30.6               
   99   99 A G  T 3  S+     0   0   61      1,-0.3     2,-0.5    -3,-0.1    33,-0.1   0.514  77.4 158.8  84.6   9.2  -17.4   -2.3   30.9               
  100  100 A T    <   -     0   0   30     -3,-1.6    -1,-0.3    31,-0.3    -4,-0.0  -0.508  34.7-141.4 -57.8 113.5  -19.9   -5.2   30.2               
  101  101 A T    >>  -     0   0   59     -2,-0.5     4,-2.0     1,-0.1     3,-1.0  -0.535  17.5-116.1 -76.4 149.7  -17.7   -8.1   29.1               
  102  102 A P  H 3> S+     0   0   62      0, 0.0     4,-2.7     0, 0.0     5,-0.2   0.898 116.2  56.0 -55.0 -38.7  -18.9  -10.3   26.2               
  103  103 A Q  H 3> S+     0   0  109      1,-0.2     4,-1.9     2,-0.2     5,-0.1   0.818 108.2  47.3 -65.0 -31.8  -19.1  -13.4   28.6               
  104  104 A R  H <> S+     0   0  102     -3,-1.0     4,-1.8     2,-0.2    -1,-0.2   0.859 111.3  51.1 -78.8 -31.2  -21.4  -11.4   31.0               
  105  105 A L  H  X S+     0   0    5     -4,-2.0     4,-2.5     2,-0.2    -2,-0.2   0.927 112.1  47.2 -64.3 -44.4  -23.6  -10.3   28.0               
  106  106 A E  H  X S+     0   0   44     -4,-2.7     4,-2.5     2,-0.2    -2,-0.2   0.924 111.6  50.1 -63.5 -44.6  -23.8  -14.0   26.9               
  107  107 A Q  H  X S+     0   0  120     -4,-1.9     4,-1.5    -5,-0.2    -1,-0.2   0.870 110.4  51.8 -60.6 -36.6  -24.6  -15.1   30.5               
  108  108 A H  H  X S+     0   0   13     -4,-1.8     4,-2.6     2,-0.2    -2,-0.2   0.953 110.1  46.5 -67.1 -47.3  -27.3  -12.4   30.6               
  109  109 A V  H  X S+     0   0    0     -4,-2.5     4,-2.7     1,-0.2    -2,-0.2   0.912 112.6  51.4 -62.3 -38.7  -29.0  -13.6   27.2               
  110  110 A Q  H  X S+     0   0   52     -4,-2.5     4,-1.8     2,-0.2    -1,-0.2   0.832 110.5  49.1 -65.3 -31.9  -28.8  -17.2   28.6               
  111  111 A A  H  X S+     0   0   30     -4,-1.5     4,-2.6    -3,-0.2    -2,-0.2   0.903 110.4  50.0 -72.2 -40.0  -30.5  -15.9   31.8               
  112  112 A L  H  X S+     0   0    0     -4,-2.6     4,-2.5     2,-0.2     6,-0.2   0.929 111.2  48.9 -62.2 -45.9  -33.2  -14.2   29.7               
  113  113 A L  H  <>S+     0   0    0     -4,-2.7     5,-2.2     1,-0.2    -2,-0.2   0.942 113.8  47.1 -56.3 -48.0  -33.8  -17.4   27.7               
  114  114 A R  H ><5S+     0   0  160     -4,-1.8     3,-1.0     1,-0.2    -2,-0.2   0.872 112.6  48.1 -63.1 -42.1  -34.0  -19.4   31.0               
  115  115 A A  H 3<5S+     0   0   52     -4,-2.6    -1,-0.2     1,-0.2    -2,-0.2   0.888 109.7  53.5 -66.5 -37.5  -36.5  -16.8   32.6               
  116  116 A S  T 3<5S-     0   0   22     -4,-2.5    -1,-0.2    -5,-0.2    -2,-0.2   0.402 115.9-115.7 -73.4  -2.6  -38.6  -16.9   29.4               
  117  117 A G  T < 5S+     0   0   69     -3,-1.0    -3,-0.2     1,-0.2    -2,-0.1   0.579  70.9 141.4  72.1  11.1  -38.9  -20.8   29.6               
  118  118 A L      < -     0   0   23     -5,-2.2     2,-0.6    -6,-0.2    -1,-0.2  -0.435  66.0 -85.8 -84.0 154.8  -37.0  -20.9   26.3               
  119  119 A P        -     0   0  100      0, 0.0     2,-0.3     0, 0.0    -1,-0.1  -0.462  45.5-130.1 -62.8 111.0  -34.3  -23.5   25.4               
  120  120 A V        +     0   0   63     -2,-0.6   -10,-0.1    -7,-0.1    -9,-0.0  -0.498  36.7 174.9 -63.4 122.3  -31.0  -22.1   26.7               
  121  121 A Q        -     0   0   22     -2,-0.3    -8,-0.1    19,-0.1    -3,-0.0  -0.896  38.3 -93.4-124.6 152.8  -28.4  -22.3   23.9               
  122  122 A P        -     0   0  102      0, 0.0     2,-0.3     0, 0.0    -1,-0.0  -0.358  48.2-172.2 -57.4 150.0  -24.8  -21.0   23.7               
  123  123 A C        -     0   0    8     15,-0.2     2,-0.5    16,-0.1    15,-0.2  -0.962  17.3-132.7-146.6 155.7  -24.6  -17.5   22.1               
  124  124 A C  E     -G  137   0C  76     13,-2.3    13,-2.8    -2,-0.3     2,-0.6  -0.972  10.2-140.3-120.1 122.5  -21.8  -15.2   20.9               
  125  125 A A  E     -G  136   0C  21     -2,-0.5    11,-0.2    11,-0.2     2,-0.2  -0.715  27.4-141.4 -73.8 117.0  -21.5  -11.5   21.8               
  126  126 A L        -     0   0   38      9,-2.7     9,-0.5    -2,-0.6     2,-0.1  -0.567  28.1 -90.5 -80.8 147.3  -20.3   -9.9   18.5               
  127  127 A A        -     0   0   47     -2,-0.2    -1,-0.1     7,-0.1     7,-0.0  -0.350  45.7-162.5 -59.3 130.6  -17.7   -7.0   18.7               
  128  128 A S        -     0   0   35     -2,-0.1     6,-0.1     2,-0.1   123,-0.1  -0.858  27.2-140.7-110.8 146.6  -19.4   -3.6   19.0               
  129  129 A P  S    S+     0   0   15      0, 0.0    -1,-0.1     0, 0.0     5,-0.1   0.588  92.0  57.3 -70.1 -14.0  -17.8   -0.1   18.3               
  130  130 A R        -     0   0   34      3,-0.4     3,-0.3     1,-0.1    -2,-0.1  -0.921  69.3-146.6-124.0 147.5  -19.8    1.1   21.4               
  131  131 A P  S    S+     0   0   86      0, 0.0   -31,-0.3     0, 0.0    -1,-0.1   0.735  98.4  56.6 -80.5 -24.5  -20.0    0.0   25.1               
  132  132 A D  S    S+     0   0   42      1,-0.1   -36,-2.4   -37,-0.1   -37,-1.9   0.552 111.8  37.3 -85.1 -11.3  -23.8    0.8   25.5               
  133  133 A R  E     +F   94   0C  49     -3,-0.3    -3,-0.4   -39,-0.2     2,-0.3  -0.999  61.8 167.5-144.7 142.1  -25.0   -1.5   22.7               
  134  134 A A  E     -F   93   0C  10    -41,-2.2   -41,-2.9    -2,-0.3     2,-0.4  -0.994  29.2-122.5-152.3 155.4  -24.0   -4.9   21.2               
  135  135 A L  E     -F   92   0C   5     -9,-0.5    -9,-2.7    -2,-0.3     2,-0.4  -0.809  20.2-159.7 -93.5 141.4  -25.2   -7.7   18.9               
  136  136 A V  E     -FG  91 125C   0    -45,-2.9   -45,-2.6    -2,-0.4     2,-0.5  -0.989   7.0-150.9-120.9 125.3  -25.7  -11.3   20.1               
  137  137 A Q  E     -FG  90 124C  56    -13,-2.8   -13,-2.3    -2,-0.4   -47,-0.2  -0.826   7.3-156.7 -95.8 129.2  -25.7  -14.1   17.6               
  138  138 A L        -     0   0    5    -49,-2.9   -15,-0.2    -2,-0.5   -49,-0.1  -0.796  16.2-140.1 -99.4 147.8  -27.7  -17.3   18.4               
  139  139 A P  S    S+     0   0   85      0, 0.0    -1,-0.1     0, 0.0   -16,-0.1   0.664  92.4  39.1 -83.7 -19.1  -26.9  -20.7   16.8               
  140  140 A K  S    S-     0   0  147    -51,-0.1   -19,-0.1   -52,-0.0     2,-0.0  -0.995  92.6-113.2-126.4 141.0  -30.7  -21.5   16.3               
  141  141 A P        -     0   0   74      0, 0.0     2,-0.3     0, 0.0   -52,-0.2  -0.297  23.9-135.9 -67.8 152.6  -33.4  -19.1   15.3               
  142  142 A L        -     0   0   20    -54,-1.6     2,-0.1    -4,-0.0    -4,-0.0  -0.796  20.5-114.9-100.4 148.8  -36.2  -18.0   17.7               
  143  143 A S     >  -     0   0   56     -2,-0.3     4,-2.3     1,-0.1     5,-0.2  -0.412  30.8-108.5 -72.4 161.4  -39.9  -17.7   16.7               
  144  144 A E  H  > S+     0   0   79      1,-0.2     4,-2.3     2,-0.2     5,-0.1   0.865 122.1  52.8 -58.9 -34.7  -41.5  -14.3   16.8               
  145  145 A A  H  > S+     0   0   64      2,-0.2     4,-2.1     1,-0.2    -1,-0.2   0.940 108.5  49.0 -66.0 -45.1  -43.5  -15.3   19.8               
  146  146 A D  H  > S+     0   0   52      1,-0.2     4,-2.0     2,-0.2    -2,-0.2   0.890 111.9  50.1 -60.3 -41.6  -40.3  -16.4   21.7               
  147  147 A V  H  X S+     0   0    1     -4,-2.3     4,-2.7     2,-0.2     5,-0.2   0.933 107.1  52.9 -64.9 -45.8  -38.7  -13.1   20.8               
  148  148 A R  H  X S+     0   0  142     -4,-2.3     4,-2.2     1,-0.2     5,-0.2   0.912 111.1  47.4 -58.4 -41.6  -41.7  -11.0   22.1               
  149  149 A V  H  X S+     0   0   67     -4,-2.1     4,-2.4     2,-0.2    -1,-0.2   0.901 112.9  49.2 -63.6 -39.9  -41.5  -12.9   25.4               
  150  150 A L  H  X S+     0   0    0     -4,-2.0     4,-2.0     2,-0.2    -2,-0.2   0.874 110.6  50.1 -66.3 -38.1  -37.6  -12.2   25.5               
  151  151 A E  H  X S+     0   0   50     -4,-2.7     4,-1.1     2,-0.2    15,-0.2   0.873 114.7  44.0 -68.6 -39.2  -38.2   -8.5   24.7               
  152  152 A E  H  X S+     0   0  128     -4,-2.2     4,-0.6    -5,-0.2    -2,-0.2   0.888 114.0  51.0 -67.9 -40.4  -40.8   -8.3   27.6               
  153  153 A Q  H >X S+     0   0   53     -4,-2.4     4,-1.4    -5,-0.2     3,-0.6   0.843 102.6  59.5 -71.9 -31.3  -38.5  -10.3   29.9               
  154  154 A A  H 3< S+     0   0    0     -4,-2.0    10,-0.5     1,-0.2     3,-0.4   0.924 102.3  53.4 -61.3 -41.8  -35.4   -8.0   29.2               
  155  155 A Q  H 3< S+     0   0  125     -4,-1.1    -1,-0.2     1,-0.2    -2,-0.2   0.729 114.6  42.5 -64.1 -23.2  -37.4   -5.0   30.6               
  156  156 A N  H << S+     0   0  132     -4,-0.6     2,-0.5    -3,-0.6    -1,-0.2   0.637 113.0  52.6 -97.9 -20.5  -38.0   -7.0   33.8               
  157  157 A L  S  < S-     0   0   64     -4,-1.4    -1,-0.2    -3,-0.4     7,-0.1  -0.781  78.1-167.9-121.4  83.9  -34.5   -8.5   34.2               
  158  158 A G        -     0   0   31     -2,-0.5     2,-0.6    -3,-0.2     5,-0.2  -0.223  23.9-114.0 -67.8 159.6  -31.9   -5.7   34.1               
  159  159 A L  B >  S-H  162   0D  18      3,-1.5     3,-2.5     1,-0.2    -1,-0.1  -0.864  92.4 -22.2 -97.7 119.0  -28.1   -6.1   33.8               
  160  160 A E  T 3  S-     0   0  119     -2,-0.6    -1,-0.2     1,-0.3     3,-0.1   0.679 129.2 -51.7  51.7  24.1  -26.2   -5.0   37.0               
  161  161 A G  T 3  S+     0   0   78      1,-0.4    -1,-0.3    -3,-0.0     2,-0.3   0.250 114.4 116.9  94.1  -7.1  -29.3   -2.8   37.8               
  162  162 A T  B <  S-H  159   0D  53     -3,-2.5    -3,-1.5    -5,-0.1     2,-0.7  -0.645  72.0-114.9 -83.9 144.8  -29.5   -1.1   34.4               
  163  163 A L        -     0   0  133     -2,-0.3     2,-0.5    -5,-0.2    -8,-0.1  -0.753  31.8-158.3 -80.0 113.4  -32.6   -1.6   32.2               
  164  164 A V        -     0   0    1     -2,-0.7     2,-0.3   -10,-0.5   -69,-0.2  -0.822   0.9-152.9 -93.6 126.3  -31.5   -3.5   29.0               
  165  165 A S  E     -E   94   0C  54    -71,-2.9   -71,-2.5    -2,-0.5     2,-0.3  -0.756  10.9-161.1 -92.3 147.4  -33.7   -3.2   25.9               
  166  166 A L  E     +E   93   0C  15     -2,-0.3     2,-0.3   -15,-0.2   -73,-0.2  -0.955  14.8 163.8-128.9 143.7  -33.7   -6.1   23.4               
  167  167 A A  E     -E   92   0C  17    -75,-1.9   -75,-3.1    -2,-0.3     2,-0.2  -0.980  36.3-113.1-151.5 151.2  -34.8   -6.2   19.7               
  168  168 A R  E     -E   91   0C  24     -2,-0.3   -77,-0.2   -77,-0.2   -82,-0.0  -0.562  35.1-146.7 -68.6 152.1  -34.4   -8.3   16.5               
  169  169 A V  E     -     0   0C   1    -79,-1.2   -82,-2.5   -82,-0.3   -79,-0.2  -0.804  17.5-104.6-112.1 157.5  -32.5   -6.7   13.7               
  170  170 A P  E     -E   86   0C  12      0, 0.0   -84,-0.3     0, 0.0     3,-0.1  -0.345  56.4 -78.8 -61.8 160.3  -32.9   -6.9    9.8               
  171  171 A Q        -     0   0   39    -86,-2.7     2,-0.1     1,-0.1    53,-0.1  -0.354  64.1 -97.3 -56.8 143.3  -30.4   -9.0    7.9               
  172  172 A A        +     0   0    0      1,-0.1    55,-0.4    51,-0.1    54,-0.1  -0.387  37.6 177.8 -74.5 148.1  -27.2   -7.0    7.5               
  173  173 A R  S    S+     0   0   39     73,-0.5    47,-2.8    53,-0.1     2,-0.4   0.489  75.1  56.0-117.3 -16.6  -26.2   -5.0    4.4               
  174  174 A A  E     -IJ 219 246E   7     72,-0.7    72,-2.6    45,-0.3     2,-0.3  -0.909  67.0-162.8-112.4 145.9  -23.0   -3.6    5.9               
  175  175 A V  E     -IJ 218 245E   0     43,-2.6    43,-2.9    -2,-0.4     2,-0.5  -0.947   8.3-146.5-122.4 145.7  -20.1   -5.7    7.4               
  176  176 A R  E     -IJ 217 244E   8     68,-3.0    68,-2.4    -2,-0.3     2,-0.4  -0.973  10.9-137.4-116.8 123.4  -17.3   -4.4    9.7               
  177  177 A V  E     -IJ 216 243E   8     39,-2.9    39,-1.1    -2,-0.5     2,-0.4  -0.689  24.6-154.2 -73.8 123.7  -13.8   -5.8    9.6               
  178  178 A V  E     + J   0 242E  40     64,-3.1    64,-0.7    -2,-0.4     2,-0.2  -0.912  50.4  41.3-110.4 129.1  -12.7   -6.2   13.2               
  179  179 A G  S    S-     0   0   43     -2,-0.4     2,-2.4    34,-0.4    36,-0.1  -0.767 110.4 -28.6 128.0-173.6   -8.9   -6.1   14.2               
  180  180 A D    >   +     0   0  135     -2,-0.2     3,-1.9     1,-0.2     4,-0.2  -0.252  66.1 157.1 -75.1  57.3   -5.8   -4.0   13.3               
  181  181 A G  T 3   +     0   0   12     -2,-2.4     3,-0.5     1,-0.3    -1,-0.2   0.358  50.4  95.7 -64.9   6.0   -7.1   -3.3    9.7               
  182  182 A A  T 3  S+     0   0   82      1,-0.2    -1,-0.3    -3,-0.1    -2,-0.1   0.809  82.6  55.6 -58.3 -30.9   -4.8   -0.2    9.8               
  183  183 A S  S <  S+     0   0   87     -3,-1.9     2,-0.4     2,-0.1    -1,-0.2   0.668  92.3  85.2 -74.5 -24.1   -2.4   -2.7    8.0               
  184  184 A V  S    S-     0   0   10     -3,-0.5     2,-0.3    -4,-0.2    53,-0.0  -0.701  80.6-122.8 -90.7 130.6   -4.9   -3.5    5.1               
  185  185 A D     >  -     0   0   88     -2,-0.4     4,-2.2     1,-0.1     5,-0.2  -0.520  13.1-139.4 -65.8 130.7   -5.1   -1.3    2.0               
  186  186 A L  H  > S+     0   0   58     -2,-0.3     4,-2.6     1,-0.2    -1,-0.1   0.881 103.9  52.4 -57.9 -39.9   -8.7    0.0    1.5               
  187  187 A L  H  > S+     0   0   80      2,-0.2     4,-2.5     1,-0.2    -1,-0.2   0.870 110.5  47.0 -69.2 -37.1   -8.4   -0.6   -2.3               
  188  188 A L  H  > S+     0   0   55      2,-0.2     4,-1.2     1,-0.2    -1,-0.2   0.851 113.1  49.2 -71.2 -34.3   -7.3   -4.2   -1.8               
  189  189 A L  H  X S+     0   0    5     -4,-2.2     4,-2.5     2,-0.2    -2,-0.2   0.909 111.3  50.3 -68.2 -42.2  -10.2   -4.7    0.7               
  190  190 A E  H  X S+     0   0   75     -4,-2.6     4,-2.2     1,-0.2     5,-0.2   0.982 112.8  45.8 -54.2 -58.0  -12.6   -3.2   -1.9               
  191  191 A L  H  < S+     0   0  107     -4,-2.5     4,-0.3     1,-0.2    -1,-0.2   0.715 114.7  48.7 -62.5 -26.2  -11.3   -5.5   -4.7               
  192  192 A Y  H  < S+     0   0    7     -4,-1.2     3,-0.4     2,-0.2     9,-0.3   0.879 112.9  45.7 -79.3 -41.0  -11.5   -8.6   -2.3               
  193  193 A L  H  < S+     0   0    0     -4,-2.5     9,-2.0     1,-0.2    -2,-0.2   0.739 110.2  54.2 -78.4 -21.7  -15.0   -7.8   -1.1               
  194  194 A E  S  < S+     0   0   82     -4,-2.2     2,-1.1     7,-0.3    -1,-0.2   0.658  88.5  94.1 -78.2 -14.6  -16.3   -7.2   -4.7               
  195  195 A N    >>  -     0   0   66     -3,-0.4     4,-1.9    -4,-0.3     3,-1.3  -0.622  55.7-171.6 -87.6  96.3  -14.9  -10.7   -5.7               
  196  196 A E  H 3> S+     0   0  115     -2,-1.1     4,-1.7     1,-0.3    -1,-0.2   0.851  84.9  53.2 -53.7 -39.7  -17.8  -13.2   -5.4               
  197  197 A R  H 34 S+     0   0  181      1,-0.2    -1,-0.3     2,-0.2    -2,-0.1   0.737 117.9  36.1 -69.1 -25.5  -15.5  -16.2   -6.1               
  198  198 A R  H <4 S+     0   0  134     -3,-1.3    -2,-0.2    -6,-0.2    -1,-0.2   0.631 137.7  11.0-103.4 -20.7  -13.0  -15.2   -3.2               
  199  199 A S  H  < S-     0   0    0     -4,-1.9    33,-0.2    35,-0.1    -3,-0.2   0.275  93.5-110.8-137.6   0.8  -15.3  -13.7   -0.5               
  200  200 A G  S  < S+     0   0    5     -4,-1.7    29,-0.3    -5,-0.4    -4,-0.2   0.584  83.1 131.2  65.8   7.9  -19.0  -14.6   -1.5               
  201  201 A G        +     0   0    0     -6,-0.7    -7,-0.3    -9,-0.3    -5,-0.1   0.454  34.8 173.3 -76.6-154.4  -19.0  -10.8   -2.1               
  202  202 A G        -     0   0    8     -9,-2.0    -7,-0.1    -7,-0.1    -1,-0.1  -0.947  46.8  -5.2 158.0-174.4  -20.2   -8.5   -4.9               
  203  203 A P        -     0   0   67      0, 0.0    18,-2.5     0, 0.0    19,-0.3  -0.101  63.6-134.6 -60.6 130.6  -20.7   -4.8   -5.8               
  204  204 A L  E     -K  220   0E  17     16,-0.2    16,-0.3     1,-0.1     3,-0.1  -0.393  18.0-166.3 -81.9 151.7  -20.2   -2.2   -3.0               
  205  205 A E  E    S-     0   0E  69     14,-3.3     2,-0.3     1,-0.4    15,-0.2   0.696  78.7 -16.3-101.0 -37.2  -22.4    0.7   -2.1               
  206  206 A D  E     -K  219   0E  92     13,-1.5    13,-2.9     2,-0.0    -1,-0.4  -0.960  49.9-152.7-162.7 159.7  -19.7    2.4    0.2               
  207  207 A L  E     +K  218   0E  32     -2,-0.3     2,-0.4    11,-0.2    11,-0.2  -0.834  24.4 174.8-141.1 101.0  -16.4    1.6    2.1               
  208  208 A Q  E     -K  217   0E  84      9,-2.3     9,-3.2    -2,-0.3     2,-0.5  -0.898  25.1-144.2-115.5 127.7  -15.7    3.7    5.2               
  209  209 A R  E     -K  216   0E 102     -2,-0.4     7,-0.2     7,-0.3     3,-0.1  -0.782  25.2-139.2 -82.3 124.4  -12.8    3.4    7.8               
  210  210 A L        -     0   0    4      5,-2.6     5,-0.3    -2,-0.5     4,-0.1  -0.431  33.8 -81.0 -77.0 159.1  -14.1    4.3   11.3               
  211  211 A P  S >  S-     0   0   72      0, 0.0     3,-1.2     0, 0.0    -1,-0.1  -0.313  89.6 -21.6 -61.0 142.9  -12.0    6.4   13.7               
  212  212 A G  G >  S-     0   0   67      1,-0.2     3,-0.7     2,-0.1    -2,-0.1  -0.195 126.8 -17.7  59.7-146.4   -9.2    4.6   15.7               
  213  213 A P  G 3  S+     0   0  111      0, 0.0   -34,-0.4     0, 0.0    -1,-0.2   0.216 103.1 108.1 -78.7  16.3   -9.3    0.8   16.2               
  214  214 A L  G <  S-     0   0   39     -3,-1.2    -2,-0.1     1,-0.2     2,-0.1   0.608  76.3-138.2 -75.1  -7.6  -13.1    0.7   15.3               
  215  215 A G    <   -     0   0    9     -3,-0.7    -5,-2.6    -5,-0.3     2,-0.4  -0.384  24.1 -53.2  91.9-165.7  -12.3   -1.0   12.0               
  216  216 A T  E     -IK 177 209E   4    -39,-1.1   -39,-2.9    -7,-0.2     2,-0.5  -0.978  40.8-148.5-121.9 130.9  -13.5   -0.7    8.4               
  217  217 A V  E     -IK 176 208E   8     -9,-3.2    -9,-2.3    -2,-0.4     2,-0.5  -0.879   8.9-167.0-100.7 123.8  -17.2   -0.8    7.3               
  218  218 A A  E     -IK 175 207E   1    -43,-2.9   -43,-2.6    -2,-0.5     2,-0.5  -0.964   5.2-160.7-111.1 119.3  -18.1   -2.2    3.8               
  219  219 A S  E     -IK 174 206E  16    -13,-2.9   -14,-3.3    -2,-0.5   -13,-1.5  -0.887  10.1-149.8 -98.6 131.0  -21.8   -1.6    2.6               
  220  220 A F  E     - K   0 204E   0    -47,-2.8   -16,-0.2    -2,-0.5   -26,-0.0  -0.670  21.9-126.3 -99.0 155.0  -23.1   -3.8   -0.2               
  221  221 A Q  S    S+     0   0  102    -18,-2.5     2,-0.3    -2,-0.2   -17,-0.1   0.632 102.1  37.8 -72.2 -10.9  -25.7   -3.0   -3.0               
  222  222 A Q  S  > S-     0   0  107    -19,-0.3     4,-1.3   -49,-0.2     3,-0.3  -0.999  72.0-143.0-139.6 137.8  -27.6   -6.2   -1.8               
  223  223 A W  H  > S+     0   0   54     -2,-0.3     4,-2.4     1,-0.2     5,-0.2   0.829 101.5  65.3 -71.1 -28.0  -28.1   -7.5    1.7               
  224  224 A Q  H  > S+     0   0   85      2,-0.2     4,-1.8     1,-0.2    -1,-0.2   0.900 100.4  51.3 -57.1 -42.3  -27.8  -11.1    0.4               
  225  225 A V  H  > S+     0   0    6     -3,-0.3     4,-2.6     2,-0.2     3,-0.3   0.948 109.4  49.0 -62.9 -48.9  -24.2  -10.4   -0.5               
  226  226 A A  H  X S+     0   0    0     -4,-1.3     4,-2.3     1,-0.2    -2,-0.2   0.903 112.0  48.4 -58.7 -42.9  -23.4   -9.0    3.0               
  227  227 A E  H  < S+     0   0   16     -4,-2.4    -1,-0.2   -55,-0.4    -2,-0.2   0.794 110.7  51.5 -72.5 -26.0  -25.0  -12.1    4.6               
  228  228 A R  H >< S+     0   0   89     -4,-1.8     3,-1.7    -3,-0.3     4,-0.3   0.925 109.2  50.4 -68.5 -45.4  -23.0  -14.5    2.2               
  229  229 A V  H >< S+     0   0    0     -4,-2.6     3,-1.8   -29,-0.3    -2,-0.2   0.929 106.0  56.4 -56.5 -44.9  -19.7  -12.7    3.2               
  230  230 A L  T 3< S+     0   0   41     -4,-2.3    -1,-0.3     1,-0.3    -2,-0.2   0.460 101.9  58.4 -67.6  -2.6  -20.7  -13.2    6.9               
  231  231 A Q  T <  S+     0   0  153     -3,-1.7     2,-0.3    -5,-0.1    -1,-0.3   0.395  98.7  72.5-103.1  -2.1  -20.9  -17.0    6.2               
  232  232 A Q  S <  S-     0   0   97     -3,-1.8     2,-0.4    -4,-0.3   -33,-0.0  -0.775  78.9-119.0-112.7 156.5  -17.2  -17.4    5.0               
  233  233 A E        -     0   0  160     -2,-0.3     2,-0.4     9,-0.1     9,-0.1  -0.793  37.0-147.8 -85.5 137.2  -13.7  -17.3    6.5               
  234  234 A H  E     -L  241   0F   3      7,-0.5     7,-2.6    -2,-0.4     2,-0.4  -0.917  19.3-179.8-120.9 133.7  -11.7  -14.5    5.0               
  235  235 A R  E     +L  240   0F 151     -2,-0.4     2,-0.4     5,-0.2     5,-0.2  -0.984   6.3 167.5-136.5 125.6   -7.9  -14.2    4.3               
  236  236 A L  E >  S-L  239   0F   7      3,-2.4     3,-1.8    -2,-0.4   -47,-0.0  -1.000  73.1  -8.4-140.8 129.3   -6.1  -11.2    2.8               
  237  237 A Q  T 3  S-     0   0  123     -2,-0.4     3,-0.1     1,-0.3    -1,-0.1   0.732 127.4 -59.8  53.5  27.2   -2.3  -10.6    2.7               
  238  238 A G  T 3  S+     0   0   79      1,-0.3    -1,-0.3     0, 0.0     2,-0.2   0.115 115.0 116.6  85.4 -16.0   -1.8  -13.6    5.0               
  239  239 A S  E <   -L  236   0F  58     -3,-1.8    -3,-2.4     1,-0.0     2,-0.5  -0.571  67.2-126.5 -79.4 141.6   -4.0  -12.0    7.8               
  240  240 A E  E     -L  235   0F 124     -2,-0.2     2,-0.8    -5,-0.2    -5,-0.2  -0.780  22.5-141.5 -87.4 125.9   -7.3  -13.5    8.8               
  241  241 A L  E     -L  234   0F  15     -7,-2.6     2,-0.5    -2,-0.5    -7,-0.5  -0.815   5.3-152.9 -97.3 108.0  -10.2  -11.0    8.6               
  242  242 A S  E     -J  178   0E  70     -2,-0.8   -64,-3.1   -64,-0.7     2,-0.4  -0.684  19.0-166.6 -75.6 120.2  -12.8  -11.1   11.4               
  243  243 A L  E     -J  177   0E  26     -2,-0.5   -66,-0.2   -66,-0.2    -2,-0.0  -0.946   9.3-178.9-116.3 130.1  -16.1   -9.8    9.9               
  244  244 A V  E     -J  176   0E  12    -68,-2.4   -68,-3.0    -2,-0.4     2,-0.1  -0.937  37.2 -96.1-122.6 148.5  -19.2   -8.8   11.9               
  245  245 A P  E     -J  175   0E   9      0, 0.0     2,-0.3     0, 0.0   -70,-0.3  -0.413  45.2-152.2 -57.7 136.5  -22.7   -7.5   10.8               
  246  246 A H  E     +J  174   0E   5    -72,-2.6   -72,-0.7   -28,-0.1   -73,-0.5  -0.873  20.3 174.1-119.8 147.7  -22.8   -3.7   11.0               
  247  247 A Y    >   -     0   0   16     -2,-0.3     3,-2.5   -75,-0.1     4,-0.2  -0.969  41.6-116.8-150.7 141.7  -25.7   -1.2   11.5               
  248  248 A D  G >  S+     0   0   58      1,-0.3     3,-2.0    -2,-0.3  -199,-0.2   0.763 109.8  70.5 -54.2 -31.2  -25.5    2.7   12.0               
  249  249 A I  G 3  S+     0   0   14   -201,-0.6    -1,-0.3     1,-0.3  -200,-0.2   0.589  92.8  59.2 -61.2 -13.7  -27.0    2.3   15.6               
  250  250 A L  G <  S+     0   0    4     -3,-2.5    -1,-0.3  -202,-0.2    -2,-0.2   0.474  84.5 101.5 -93.1  -7.0  -23.6    0.8   16.6               
  251  251 A E  S <  S-     0   0   46     -3,-2.0     5,-0.1    -4,-0.2  -121,-0.1  -0.593  84.3 -99.2 -84.2 137.9  -21.6    3.9   15.6               
  252  252 A P    >   -     0   0   28      0, 0.0     3,-2.0     0, 0.0     4,-0.4  -0.284  26.3-126.3 -53.3 137.0  -20.3    6.4   18.3               
  253  253 A E  G >> S+     0   0  117      1,-0.3     3,-1.7     2,-0.2     4,-0.5   0.791 104.3  75.4 -59.7 -26.3  -22.6    9.5   18.6               
  254  254 A E  G 34 S+     0   0  168      1,-0.3    -1,-0.3     2,-0.2     3,-0.2   0.680  90.8  57.3 -59.4 -20.4  -19.4   11.7   18.1               
  255  255 A L  G X4 S+     0   0   55     -3,-2.0     3,-0.6     1,-0.2    -1,-0.3   0.743  96.7  64.0 -78.2 -24.2  -19.6   10.8   14.4               
  256  256 A A  G X4 S+     0   0   37     -3,-1.7     3,-0.6    -4,-0.4    -2,-0.2   0.693  83.6  72.2 -78.9 -20.7  -23.2   12.1   13.9               
  257  257 A E  G >< S+     0   0  162     -4,-0.5     3,-1.3     1,-0.2     2,-0.3   0.737  73.2  84.6 -74.8 -18.6  -22.6   15.9   14.7               
  258  258 A N  G <  S+     0   0  144     -3,-0.6    -1,-0.2     1,-0.2     3,-0.1   0.216  85.5  56.8 -73.8  17.2  -20.7   16.7   11.4               
  259  259 A T  G <  S+     0   0  136     -3,-0.6     2,-0.3    -2,-0.3    -1,-0.2   0.337  90.6  72.0-129.0   8.0  -24.0   17.3    9.3               
  260  260 A S    <   +     0   0  112     -3,-1.3    -1,-0.1     1,-0.1     2,-0.1  -0.731  63.6  78.1-139.3  93.7  -26.0   20.0   11.2               
  261  261 A G        +     0   0   86     -2,-0.3    -1,-0.1     1,-0.1    -4,-0.0  -0.425  50.4  58.7 172.3 124.1  -25.2   23.8   11.4               
  262  262 A G        -     0   0   81     -2,-0.1     2,-0.2     0, 0.0    -1,-0.1   0.687  38.8-165.9 128.6  80.5  -25.3   27.1    9.4               
  263  263 A D        +     0   0  156      2,-0.0     0, 0.0     0, 0.0     0, 0.0  -0.563  25.1 135.7 -65.7 138.9  -28.3   29.0    8.0               
  264  264 A H        -     0   0  186     -2,-0.2     2,-0.2     0, 0.0     0, 0.0  -0.662  45.5 -84.8-175.8 159.8  -28.2   31.9    5.5               
  265  265 A P        -     0   0  107      0, 0.0    -2,-0.0     0, 0.0     0, 0.0  -0.382  34.0 -83.2 -99.6 140.3  -30.2   32.6    2.4               
  266  266 A S        +     0   0  109     -2,-0.2     2,-0.3     1,-0.1     0, 0.0   0.632  25.6 166.9  29.4 114.8  -30.7   32.0   -1.3               
  267  267 A T        -     0   0  148      2,-0.1     2,-0.2     0, 0.0    -1,-0.1  -0.949  44.3-103.1-144.6 150.1  -29.4   33.4   -4.6               
  268  268 A Q        +     0   0  200     -2,-0.3     0, 0.0     2,-0.0     0, 0.0  -0.431  54.3 130.1 -81.0 139.3  -30.2   31.5   -7.8               
  269  269 A G        -     0   0   70     -2,-0.2     2,-0.3     0, 0.0    -2,-0.1  -0.672  41.8-123.1-178.9 124.5  -27.9   29.2   -9.9               
  270  270 A P        -     0   0  129      0, 0.0    -2,-0.0     0, 0.0     0, 0.0  -0.592  43.7 -27.9 -93.2 142.7  -28.6   25.6  -11.3               
  271  271 A R        +     0   0  246     -2,-0.3     2,-0.3     1,-0.1     0, 0.0   0.863  41.6 155.8  59.6  89.3  -27.2   22.1  -11.2               
  272  272 A A        -     0   0   87      2,-0.0     2,-0.3     0, 0.0    -1,-0.1  -0.842  26.7-150.9-140.0 106.7  -23.7   20.7  -10.8               
  273  273 A T        -     0   0  152     -2,-0.3     2,-0.4     1,-0.0     0, 0.0  -0.540  18.2-166.2 -67.2 132.0  -23.2   17.1   -9.5               
  274  274 A K        -     0   0  187     -2,-0.3     2,-0.5     2,-0.0    -2,-0.0  -0.966  20.4-151.9-127.0 119.0  -19.9   16.6   -7.6               
  275  275 A H        -     0   0  198     -2,-0.4     2,-0.8     1,-0.0    -2,-0.0  -0.759  22.2-149.0 -69.6 125.4  -18.2   13.5   -6.5               
  276  276 A A        -     0   0   92     -2,-0.5     2,-0.5     3,-0.0    -1,-0.0  -0.771  12.9-171.0-101.6  84.0  -16.3   14.6   -3.4               
  277  277 A L        -     0   0  150     -2,-0.8    -2,-0.0     1,-0.1     0, 0.0  -0.696  37.9-109.2 -65.2 121.6  -13.1   12.4   -3.3               
  278  278 A L        -     0   0  170     -2,-0.5     2,-0.6     1,-0.1    -1,-0.1  -0.218  22.5-134.2 -57.3 138.5  -11.8   13.4    0.2               
  279  279 A R        -     0   0  236      2,-0.1     2,-0.4    -3,-0.0    -1,-0.1  -0.884  14.8-132.6 -85.3 125.2   -8.6   15.5    0.5               
  280  280 A T        +     0   0  157     -2,-0.6     2,-0.2     2,-0.0     0, 0.0  -0.647  53.3 137.2 -64.4 126.8   -6.1   14.3    3.1               
  281  281 A G        -     0   0   69     -2,-0.4    -2,-0.1     2,-0.1     2,-0.1  -0.528  44.8-130.9 179.4 101.2   -5.3   17.5    5.0               
  282  282 A G        -     0   0   78     -2,-0.2     2,-0.4     2,-0.0    -2,-0.0  -0.301  24.9-175.9 -74.8 150.3   -5.1   17.1    8.8               
  283  283 A L        -     0   0  161     -2,-0.1     2,-0.5     2,-0.1   196,-0.1  -0.968  19.0-164.4-125.4 127.5   -6.5   18.9   11.8               
  284  284 A V        +     0   0  111     -2,-0.4     2,-0.2   194,-0.1   194,-0.1  -0.940  29.1 115.8-103.5 129.1   -5.2   17.5   15.1               
  285  285 A T        +     0   0  113     -2,-0.5    -2,-0.1     1,-0.0     0, 0.0  -0.780  41.5  33.0-172.8 161.8   -6.8   18.3   18.5               
  286  286 A A        +     0   0   91     -2,-0.2     2,-0.2     1,-0.1    -1,-0.0   0.920  40.4 130.1  63.9  75.5   -8.6   16.9   21.6               
  287  287 A L        +     0   0  182      0, 0.0     2,-0.3     0, 0.0    -1,-0.1  -0.735  38.9 123.9-126.6  94.6   -8.2   13.5   23.1               
  288  288 A Q        +     0   0  201     -2,-0.2     2,-0.3     2,-0.0    -2,-0.0  -0.858  35.6 134.9-143.4 101.1   -7.8   14.5   26.8               
  289  289 A G        -     0   0   76     -2,-0.3     3,-0.0     0, 0.0     0, 0.0  -0.829  48.8 -24.8-165.2 121.8  -10.3   12.8   29.1               
  290  290 A A        +     0   0   91     -2,-0.3     2,-1.2     1,-0.2    -2,-0.0   0.693  36.4 157.1  61.6  52.1  -11.0   11.0   32.4               
  291  291 A G        +     0   0   83      2,-0.1     2,-1.3     1,-0.0    -1,-0.2  -0.379  36.3 167.3 -76.6  51.6   -8.2    9.0   34.1               
  292  292 A T        -     0   0  110     -2,-1.2     2,-0.8    -3,-0.0    -1,-0.0  -0.544  21.7-174.2 -89.8  86.9  -10.4    9.6   37.2               
  293  293 A V        -     0   0  130     -2,-1.3     2,-0.7     1,-0.0    -2,-0.1  -0.640  18.7-147.1 -73.3 110.2   -9.3    7.3   40.1               
  294  294 A T        +     0   0  129     -2,-0.8     2,-0.4     0, 0.0    -1,-0.0  -0.725  21.8 175.8 -83.8 114.7  -12.0    8.0   42.8               
  295  295 A M        -     0   0  171     -2,-0.7    -2,-0.0     1,-0.0     0, 0.0  -0.949  32.6-103.8-117.8 141.6  -10.6    7.8   46.4               
  296  296 A G        -     0   0   81     -2,-0.4     2,-0.2     1,-0.1    -1,-0.0  -0.152  29.8-115.7 -74.1 158.4  -12.9    8.6   49.4               
  297  297 A S        +     0   0  129      0, 0.0    -1,-0.1     0, 0.0     2,-0.0  -0.593  39.2 126.1 -90.8 150.6  -13.1   11.7   51.7               
  298  298 A G        +     0   0   75      1,-0.2     2,-0.1    -2,-0.2    -2,-0.0   0.196  21.3  52.4 123.7 127.3  -12.5   12.5   55.4               
  299  299 A E        -     0   0  206     -2,-0.0    -1,-0.2     2,-0.0     0, 0.0   0.034  50.5-106.6-142.7-164.5  -11.3   14.0   58.0               
  300  300 A E        -     0   0  187      1,-0.1     2,-0.1    -2,-0.1     0, 0.0  -0.123  22.0-128.6 -86.9 163.7  -10.9   17.6   59.4               
  301  301 A P        -     0   0  116      0, 0.0     2,-0.2     0, 0.0    -1,-0.1  -0.244  14.9-144.8 -99.0-178.4   -8.2   20.3   60.0               
  302  302 A G        +     0   0   65      1,-0.2     0, 0.0    -2,-0.1     0, 0.0  -0.795  33.0  21.5-162.3 131.0   -6.8   22.5   62.7               
  303  303 A Q        +     0   0  192     -2,-0.2    -1,-0.2     0, 0.0     0, 0.0   0.880  50.7  68.6  67.3 130.4   -5.2   25.9   63.7               
  304  304 A S        +     0   0  120      0, 0.0    -2,-0.0     0, 0.0     0, 0.0   0.874  37.7 103.0-162.6 167.7   -4.7   29.1   63.0               
  305  305 A G        -     0   0   67      0, 0.0     0, 0.0     0, 0.0     0, 0.0   0.784  19.5-166.1 151.9 172.1   -6.0   32.0   62.8               
  306  306 A A        +     0   0  104      0, 0.0     0, 0.0     0, 0.0     0, 0.0   0.392  23.5  85.7  70.9 147.4   -7.1   35.7   63.5               
  307  307 A S        -     0   0  104      0, 0.0     0, 0.0     0, 0.0     0, 0.0   0.653  41.9 -49.1-158.4 157.9   -8.8   38.3   63.0               
  308  308 A L        +     0   0  143      0, 0.0     0, 0.0     0, 0.0     0, 0.0   0.974  39.6   1.1  71.4  98.1  -11.9   40.7   63.4               
  309  309 A R        -     0   0  217      0, 0.0     0, 0.0     0, 0.0     0, 0.0   0.926  37.4 -18.3 106.9 130.6  -15.5   41.3   63.4               
  310  310 A T        +     0   0  131      0, 0.0     0, 0.0     0, 0.0     0, 0.0   0.982  31.3 126.1  67.8 102.9  -19.3   41.6   63.3               
  311  311 A G        +     0   0   73      0, 0.0     2,-0.0     0, 0.0     0, 0.0   0.069  20.1 174.6 -95.9-136.7  -22.5   39.9   62.1               
  312  312 A P        +     0   0  122      0, 0.0     0, 0.0     0, 0.0     0, 0.0   0.455   9.5  81.7-142.2-153.1  -25.3   38.8   63.0               
  313  313 A M        +     0   0  170     -2,-0.0     0, 0.0     0, 0.0     0, 0.0   0.485  39.1  39.6  89.7 139.0  -29.0   37.3   62.9               
  314  314 A V        -     0   0   99      0, 0.0     0, 0.0     0, 0.0     0, 0.0   0.658  47.5 -74.8-153.6 147.1  -31.1   35.0   62.7               
  315  315 A Q        +     0   0  183      1,-0.0     2,-0.0     0, 0.0     0, 0.0   0.731  25.9 148.5  22.3 144.3  -32.3   31.4   63.7               
  316  316 A G        -     0   0   71      0, 0.0    -1,-0.0     0, 0.0     0, 0.0   0.566   9.8-166.7 147.5 161.8  -32.3   28.2   63.6               
  317  317 A R        +     0   0  251     -2,-0.0     0, 0.0     0, 0.0     0, 0.0   0.537  14.3 119.3  68.7 149.8  -32.7   24.5   65.1               
  318  318 A G        -     0   0   71      0, 0.0     0, 0.0     0, 0.0     0, 0.0   0.756  26.7-105.6 150.9 160.9  -32.4   21.3   65.3               
  319  319 A I        -     0   0  134      0, 0.0     0, 0.0     0, 0.0     0, 0.0   0.798  12.7-150.7-165.4 146.2  -31.5   18.5   66.7               
  320  320 A M        +     0   0  153      0, 0.0     0, 0.0     0, 0.0     0, 0.0   0.817  13.5 174.0  26.5 157.1  -29.4   15.1   67.3               
  321  321 A T        -     0   0  118      2,-0.0     0, 0.0     0, 0.0     0, 0.0   0.707  12.8-177.5-163.0 126.9  -28.6   11.9   68.2               
  322  322 A T        -     0   0  135      0, 0.0     2,-0.2     0, 0.0     0, 0.0   0.406   7.5-170.5  64.3 122.8  -25.8    9.7   67.9               
  323  323 A G        -     0   0   81      0, 0.0     2,-0.3     0, 0.0    -2,-0.0  -0.874  17.3-176.0-171.5 146.1  -24.6    6.1   68.7               
  324  324 A S        -     0   0  134     -2,-0.2     0, 0.0     2,-0.0     0, 0.0  -0.909  17.4-176.7-146.5 161.1  -21.1    4.4   68.4               
  325  325 A G        -     0   0   70     -2,-0.3     0, 0.0     0, 0.0     0, 0.0  -0.086  31.5 -86.1 177.7  86.3  -18.8    1.3   68.7               
  326  326 A Q        -     0   0  190      2,-0.0    -2,-0.0     0, 0.0     0, 0.0   0.736  22.5-122.1  45.1 105.6  -15.0    0.6   68.2               
  327  327 A E        -     0   0  176      0, 0.0     0, 0.0     0, 0.0     0, 0.0   0.462  14.7-138.0  26.2 160.2  -12.0   -0.2   66.4               
  328  328 A P        -     0   0  110      0, 0.0    -2,-0.0     0, 0.0     0, 0.0   0.775   5.3-126.1-149.1-173.5   -9.3   -2.0   65.7               
  329  329 A G        +     0   0   66      1,-0.0     0, 0.0     0, 0.0     0, 0.0   0.417  20.3  79.5 126.0 149.0   -5.9   -3.4   64.7               
  330  330 A Q        -     0   0  192      0, 0.0     2,-0.1     0, 0.0    -1,-0.0   0.674  29.6-176.6  75.7 149.0   -2.7   -5.1   63.4               
  331  331 A S        +     0   0  109      2,-0.0     0, 0.0     0, 0.0     0, 0.0  -0.154  13.2 112.0-177.9 134.6   -0.2   -5.1   61.1               
  332  332 A G        +     0   0   66     -2,-0.1     2,-0.0     0, 0.0     0, 0.0   0.284  13.0  40.5  80.2 165.4    2.7   -5.5   58.6               
  333  333 A T        -     0   0  142      0, 0.0    -2,-0.0     0, 0.0     0, 0.0  -0.040   9.7-153.2-173.6 118.9    4.8   -6.0   56.2               
  334  334 A S        +     0   0  111     -2,-0.0     0, 0.0     0, 0.0     0, 0.0   0.747  16.0 136.1  72.9 160.6    6.8   -6.2   52.9               
  335  335 A L        -     0   0  148      0, 0.0     0, 0.0     0, 0.0     0, 0.0   0.974  24.8-132.0  83.6  92.2    9.4   -7.7   50.4               
  336  336 A R        +     0   0  219      0, 0.0     0, 0.0     0, 0.0     0, 0.0   0.900  26.5  31.0  67.2 130.9   10.0   -8.6   47.0               
  337  337 A T        +     0   0  127      0, 0.0     0, 0.0     0, 0.0     0, 0.0   0.956  25.7 120.2  66.1 130.3   11.0  -10.6   43.9               
  338  338 A G        -     0   0   75      0, 0.0     2,-0.4     0, 0.0     0, 0.0   0.292  20.5-166.7 145.6 107.9   11.5  -13.8   41.9               
  339  339 A P        +     0   0  127      0, 0.0     2,-0.2     0, 0.0     0, 0.0  -0.866  16.0 165.4-105.4 135.1   10.2  -15.2   38.4               
  340  340 A M        -     0   0  196     -2,-0.4     2,-0.0     1,-0.1     0, 0.0  -0.845   9.0-164.7-160.7 158.6   10.3  -18.8   36.9               
  341  341 A G        +     0   0   61     -2,-0.2    -1,-0.1     0, 0.0     0, 0.0   0.606  12.3 135.5 139.0 148.1    9.3  -20.9   34.7               
  342  342 A S        -     0   0  128     -2,-0.0     2,-0.1     0, 0.0    -2,-0.1   0.266  20.3 -96.8  68.9 171.7    8.6  -24.2   32.8               
  343  343 A L        -     0   0  158      0, 0.0     2,-0.1     0, 0.0     0, 0.0   0.038   9.0-169.9 179.9 137.1    6.9  -26.5   31.1               
  344  344 A G        -     0   0   65     -2,-0.1     2,-0.0     0, 0.0     0, 0.0  -0.231  16.1-159.2 153.0 109.0    4.7  -29.6   30.1               
  345  345 A Q        +     0   0  180     -2,-0.1     0, 0.0     1,-0.0     0, 0.0   0.243  18.2   5.9  87.5 110.5    3.6  -31.5   27.5               
  346  346 A A        +     0   0   92     -2,-0.0     2,-0.1     0, 0.0    -1,-0.0   0.919  13.0 159.9  58.3 123.5    1.3  -33.9   25.7               
  347  347 A E        -     0   0  188      2,-0.0     2,-0.2     0, 0.0     0, 0.0   0.041  14.7-161.9 171.4 122.8   -1.6  -36.2   25.1               
  348  348 A Q        -     0   0  192     -2,-0.1     2,-0.2     0, 0.0     0, 0.0  -0.551   6.4-179.0  71.0  73.7   -3.2  -37.5   22.4               
  349  349 A V        -     0   0  137     -2,-0.2     2,-0.0     1,-0.0    -2,-0.0  -0.854  17.1-168.5-146.8 122.8   -6.6  -39.1   21.9               
  350  350 A S        +     0   0  108     -2,-0.2    -1,-0.0     2,-0.0     0, 0.0   0.630  22.4 136.4 105.7 147.7   -7.8  -40.4   18.9               
  351  351 A S        +     0   0  104     -2,-0.0    -2,-0.0     0, 0.0     0, 0.0   0.827  18.6 176.3  63.5 120.3  -10.9  -41.8   16.8               
  352  352 A M        +     0   0  175      0, 0.0    -2,-0.0     0, 0.0     0, 0.0   0.155   8.7  47.7  63.5 148.3  -12.1  -41.5   13.7               
  353  353 A P        +     0   0   99      0, 0.0     0, 0.0     0, 0.0     0, 0.0   0.777  10.0 107.5-143.1-148.2  -14.3  -42.4   11.4               
  354  354 A M        +     0   0  176      0, 0.0     0, 0.0     0, 0.0     0, 0.0   0.524  24.3  82.8  79.4 147.1  -17.1  -43.4    8.8               
  355  355 A G        +     0   0   56      0, 0.0     0, 0.0     0, 0.0     0, 0.0   0.645  12.0 118.1 175.8 132.7  -19.1  -43.1    6.2               
  356  356 A S        +     0   0  107      0, 0.0     0, 0.0     0, 0.0     0, 0.0   0.955  15.4 161.7  86.9 155.3  -20.3  -43.1    2.9               
  357  357 A L        +     0   0  144      2,-0.0     0, 0.0     0, 0.0     0, 0.0   0.507  14.6  60.7  80.7 144.2  -22.8  -44.5    0.2               
  358  358 A E        +     0   0  148      0, 0.0     0, 0.0     0, 0.0     0, 0.0   0.778  33.7  17.2-167.6 171.2  -24.4  -44.4   -2.6               
  359  359 A H        -     0   0  170      0, 0.0    -2,-0.0     0, 0.0     2,-0.0   0.537  32.5-134.3 107.7 107.4  -25.8  -44.3   -6.3               
  360  360 A E        +     0   0  173      2,-0.0     0, 0.0     0, 0.0     0, 0.0   0.460  25.1 171.0  98.6 114.7  -24.8  -44.8   -9.5               
  361  361 A G        +     0   0   82     -2,-0.0     2,-0.6     0, 0.0     0, 0.0  -0.078  31.1 173.0-178.3  50.1  -24.9  -43.5  -13.1               
  362  362 A L        +     0   0  149      2,-0.0     2,-0.3     0, 0.0    -2,-0.0  -0.738  18.0 136.3 -96.8 119.7  -22.5  -45.6  -15.3               
  363  363 A V        +     0   0  144     -2,-0.6     2,-0.3     2,-0.0     0, 0.0  -0.910  22.4 166.5-141.7 132.1  -21.9  -45.6  -19.0               
  364  364 A S        +     0   0   90     -2,-0.3     2,-0.3     2,-0.0    -2,-0.0  -0.998  11.8 162.8-132.3 141.4  -18.3  -45.8  -20.5               
  365  365 A L        -     0   0  178     -2,-0.3    -2,-0.0     0, 0.0     0, 0.0  -0.929  18.0-162.0-145.8 151.9  -16.7  -46.5  -23.8               
  366  366 A R        -     0   0  236     -2,-0.3     2,-0.1     1,-0.1    -2,-0.0  -0.602  18.4 -79.8-134.0-178.8  -13.0  -45.7  -24.9               
  367  367 A P        -     0   0  112      0, 0.0     2,-0.3     0, 0.0    -1,-0.1  -0.178  10.2-142.0-118.1 174.5  -11.0  -45.4  -28.0               
  368  368 A V        -     0   0  135      1,-0.1     2,-0.1    -2,-0.1     0, 0.0  -0.907  21.7-176.9-147.8 143.9   -9.0  -46.1  -31.2               
  369  369 A G        +     0   0   59     -2,-0.3    -1,-0.1     0, 0.0     0, 0.0   0.571  10.5 153.9 127.7 151.9   -6.4  -44.8  -32.8               
  370  370 A L        -     0   0  151     -2,-0.1    -2,-0.1     0, 0.0     0, 0.0   0.433  15.8-169.4  73.6 150.9   -3.9  -44.7  -35.8               
  371  371 A Q        +     0   0  130      0, 0.0     0, 0.0     0, 0.0     0, 0.0   0.615  11.7 133.6-172.9 161.0   -1.8  -42.9  -37.7               
  372  372 A E        +     0   0  141      0, 0.0     0, 0.0     0, 0.0     0, 0.0   0.642   7.3  89.0  67.2 157.0    0.6  -41.3  -40.3               
  373  373 A Q        -     0   0  131      0, 0.0     0, 0.0     0, 0.0     0, 0.0   0.777  20.1 -23.2-156.3 162.2    2.5  -39.7  -42.4               
  374  374 A E        +     0   0  173      2,-0.0     0, 0.0     0, 0.0     0, 0.0   0.711  23.7  27.7  62.3 153.0    5.1  -37.4  -44.1               
  375  375 A G        +     0   0   67      1,-0.1     2,-0.2     0, 0.0     0, 0.0   0.713   3.4 162.0-173.8 156.0    7.3  -35.4  -45.0               
  376  376 A P        -     0   0  125      0, 0.0     2,-0.3     0, 0.0    -1,-0.1  -0.497  12.3-163.9-100.2 167.2   10.2  -32.8  -45.2               
  377  377 A M        -     0   0  190     -2,-0.2     2,-0.2     2,-0.0     0, 0.0  -0.961  12.6-166.5-149.4 141.0   12.6  -31.2  -47.7               
  378  378 A S        -     0   0  110     -2,-0.3     2,-0.1     0, 0.0     0, 0.0  -0.675   5.9-177.2-109.6 164.6   15.9  -29.2  -47.1               
  379  379 A L        -     0   0  183     -2,-0.2    -2,-0.0     0, 0.0     0, 0.0  -0.326  17.5-100.5 163.9 145.4   18.4  -26.9  -48.9               
  380  380 A G        -     0   0   64     -2,-0.1     2,-0.2     1,-0.1     0, 0.0   0.354   3.3-122.7 161.3 122.3   21.2  -25.3  -48.5               
  381  381 A P        -     0   0  131      0, 0.0     2,-0.2     0, 0.0    -1,-0.1  -0.630  15.0-175.3-103.5 150.8   24.0  -22.6  -47.9               
  382  382 A V        +     0   0  153     -2,-0.2     0, 0.0     1,-0.2     0, 0.0  -0.880  19.6 133.7-152.9 131.2   27.1  -21.0  -49.5               
  383  383 A G        -     0   0   74     -2,-0.2    -1,-0.2     0, 0.0     0, 0.0   0.958  17.6-169.3 139.9-177.8   29.5  -18.7  -48.7               
  384  384 A S        -     0   0  118      0, 0.0    -2,-0.0     0, 0.0     0, 0.0   0.547   7.0 -11.0-171.6 147.4   32.5  -17.2  -48.2               
  385  385 A A        +     0   0  105      0, 0.0     0, 0.0     0, 0.0     0, 0.0   0.371  24.4  65.4  63.5 161.5   35.7  -15.1  -47.4               
  386  386 A G        +     0   0   68      1,-0.0     2,-0.1     0, 0.0     0, 0.0   0.816   7.9 137.4-173.5 169.0   37.7  -12.8  -46.3               
  387  387 A P        +     0   0  124      0, 0.0    -1,-0.0     0, 0.0     2,-0.0  -0.255  16.1 120.2-124.8-160.6   39.8  -10.2  -44.2               
  388  388 A V        +     0   0  123     -2,-0.1     0, 0.0     1,-0.1     0, 0.0   0.132  18.7 106.6 106.4 155.8   43.1   -8.2  -43.3               
  389  389 A E        +     0   0  178      1,-0.0     2,-0.2    -2,-0.0    -1,-0.1   0.873  23.6 169.7  77.4 110.3   45.0   -4.8  -42.9               
  390  390 A T        +     0   0  128      0, 0.0     2,-0.1     0, 0.0    -1,-0.0  -0.506   3.8 176.1  87.0  98.5   46.0   -3.1  -40.1               
  391  391 A S        -     0   0   95     -2,-0.2     0, 0.0     0, 0.0     0, 0.0  -0.471  13.8 -86.4-176.8 136.6   48.2   -0.2  -39.3               
  392  392 A K        +     0   0  203     -2,-0.1     0, 0.0     0, 0.0     0, 0.0   0.600  16.6 175.1  30.7 142.2   49.6    2.3  -36.8               
  393  393 A G        +     0   0   74      0, 0.0     0, 0.0     0, 0.0     0, 0.0   0.906   8.2 161.1 163.0-175.3   50.0    4.9  -34.8               
  394  394 A L        +     0   0  156      0, 0.0     0, 0.0     0, 0.0     0, 0.0   0.864   8.7  72.3 174.2 155.9   51.6    6.8  -32.4               
  395  395 A L        +     0   0  154      0, 0.0     0, 0.0     0, 0.0     0, 0.0   0.526  20.1 120.3  69.5 145.0   52.9    9.7  -30.0               
  396  396 A G        +     0   0   73      0, 0.0     0, 0.0     0, 0.0     0, 0.0   0.859  18.6 144.0 167.9 180.0   52.6   11.8  -27.6               
  397  397 A Q        +     0   0  150      0, 0.0     0, 0.0     0, 0.0     0, 0.0   0.730   6.2 109.6-174.5 160.2   53.6   13.2  -24.7               
  398  398 A E        +     0   0  173      0, 0.0     0, 0.0     0, 0.0     0, 0.0   0.594  16.8 116.4  73.9 144.6   54.5   15.2  -21.4               
  399  399 A G        -     0   0   62      2,-0.0     0, 0.0     0, 0.0     0, 0.0   0.580  19.4-125.6 171.6 160.9   54.4   16.3  -18.5               
  400  400 A L        -     0   0  165      1,-0.0     2,-0.2     2,-0.0     0, 0.0   0.735   2.8-165.4  60.9 139.1   54.9   17.3  -14.7               
  401  401 A V        -     0   0  113      0, 0.0     2,-0.2     0, 0.0    -2,-0.0  -0.385  11.2-164.1  82.6 103.6   54.0   17.5  -11.5               
  402  402 A E        -     0   0  192     -2,-0.2     2,-0.2     2,-0.0    -2,-0.0  -0.916  16.4-164.0-155.5-175.7   55.4   19.4   -8.5               
  403  403 A I        +     0   0  143     -2,-0.2     0, 0.0     2,-0.0     0, 0.0  -0.716  16.3 108.2-154.0 165.6   55.0   19.2   -4.8               
  404  404 A A        -     0   0   84     -2,-0.2     2,-0.1     2,-0.0    -2,-0.0   0.495  16.6-150.2  79.8 138.9   55.0   20.1   -1.0               
  405  405 A M        +     0   0  167      0, 0.0     2,-0.2     0, 0.0    -2,-0.0  -0.097   8.5 175.3  86.1 109.9   53.9   20.9    2.1               
  406  406 A D        +     0   0  158     -2,-0.1    -2,-0.0     0, 0.0     0, 0.0  -0.799  16.4 165.8-166.8 178.6   54.7   22.5    5.3               
  407  407 A S        +     0   0   95     -2,-0.2     0, 0.0     1,-0.1     0, 0.0  -0.541   6.3  88.8-140.5-151.4   53.1   23.5    8.8               
  408  408 A P        +     0   0  106      0, 0.0    -1,-0.1     0, 0.0     0, 0.0   0.925  17.6  17.5-128.5-164.2   52.4   24.5   12.0               
  409  409 A E        +     0   0  180      0, 0.0     0, 0.0     0, 0.0     0, 0.0   0.412  17.3 113.5  74.8 156.0   51.5   26.3   15.4               
  410  410 A Q        -     0   0  155      2,-0.0     0, 0.0     0, 0.0     0, 0.0   0.712  34.0-110.6-153.8 147.7   50.6   28.4   17.9               
  411  411 A E        +     0   0  171      1,-0.1     2,-0.2     0, 0.0     0, 0.0   0.720  24.1 164.7  22.3 133.3   48.1   29.0   20.8               
  412  412 A G        -     0   0   76      0, 0.0     2,-0.4     0, 0.0    -1,-0.1  -0.885  29.1-113.9-170.3 141.5   45.2   31.4   21.7               
  413  413 A L        -     0   0  166     -2,-0.2     0, 0.0     1,-0.1     0, 0.0  -0.700  33.3 -67.9 -96.1 134.9   42.4   31.3   24.4               
  414  414 A V        +     0   0  139     -2,-0.4    -1,-0.1     1,-0.0     0, 0.0   0.744  39.6 146.2  43.8 115.9   38.6   31.0   24.9               
  415  415 A G        -     0   0   62      2,-0.0     2,-0.5     0, 0.0    -1,-0.0  -0.681  39.9-127.1-172.5 131.5   35.4   32.8   24.2               
  416  416 A P        -     0   0  139      0, 0.0     2,-0.4     0, 0.0     0, 0.0  -0.673  32.9-156.5 -73.3 123.4   31.9   31.6   23.3               
  417  417 A M        -     0   0  177     -2,-0.5     2,-0.2     3,-0.0    -2,-0.0  -0.896  17.7-112.0-111.3 132.6   30.8   33.5   20.1               
  418  418 A E        -     0   0  180     -2,-0.4     2,-1.0     1,-0.1    -1,-0.0  -0.400  21.7-133.1 -62.2 122.8   27.2   34.1   19.1               
  419  419 A I        -     0   0  171     -2,-0.2     2,-0.1     1,-0.0    -1,-0.1  -0.712  32.0-138.2 -78.2 103.4   26.2   32.2   15.8               
  420  420 A T        -     0   0  126     -2,-1.0     2,-0.1     1,-0.1    -1,-0.0  -0.375  18.2-102.3 -66.1 139.4   24.5   35.1   14.0               
  421  421 A M        -     0   0  177     -2,-0.1     2,-0.2     1,-0.1    -1,-0.1  -0.400  35.2-118.2 -62.9 132.7   21.2   34.4   12.1               
  422  422 A G        -     0   0   77     -2,-0.1     2,-0.4     1,-0.1    -1,-0.1  -0.516  36.4-109.2 -70.6 133.4   21.6   34.2    8.3               
  423  423 A S        -     0   0  113     -2,-0.2     2,-0.9     1,-0.1    -1,-0.1  -0.528  14.5-152.3 -75.6 123.5   19.6   36.9    6.5               
  424  424 A L        -     0   0  177     -2,-0.4     2,-0.3     3,-0.0     3,-0.3  -0.792  37.3-138.3 -79.1 106.6   16.5   36.3    4.4               
  425  425 A E        -     0   0  136     -2,-0.9    -1,-0.0     1,-0.2    -2,-0.0  -0.544  46.9  -2.1 -77.0 137.1   16.9   39.2    2.0               
  426  426 A K        +     0   0  168     -2,-0.3     2,-0.3     1,-0.2    -1,-0.2   0.847  54.7 131.1  63.3  71.0   14.2   41.6    0.7               
  427  427 A A        -     0   0  102     -3,-0.3    -1,-0.2     3,-0.0     3,-0.0  -0.965  58.5-112.9-115.6 149.0   10.6   41.8    1.2               
  428  428 A G        -     0   0   57     -2,-0.3     2,-1.4     1,-0.1     0, 0.0  -0.224  40.9 -75.6 -74.0 167.5    9.5   45.4    2.2               
  429  429 A P        -     0   0  135      0, 0.0     2,-0.8     0, 0.0    -1,-0.1  -0.435  46.2-170.1 -71.0  91.3    8.1   46.6    5.6               
  430  430 A V        -     0   0  139     -2,-1.4     3,-0.1    -3,-0.0    -3,-0.0  -0.742  21.2-136.5 -76.0 107.8    4.4   45.3    5.6               
  431  431 A S        -     0   0   96     -2,-0.8     2,-0.1     1,-0.2    -1,-0.0  -0.362  43.4 -71.9 -59.4 151.4    3.0   47.0    8.7               
  432  432 A P        -     0   0  132      0, 0.0     2,-1.3     0, 0.0    -1,-0.2  -0.258  57.3-128.1 -55.0 111.5    0.8   44.8   11.0               
  433  433 A G        -     0   0   67     -2,-0.1     2,-1.4    -3,-0.1    -3,-0.0  -0.516  15.9-155.7 -75.6  92.7   -2.3   44.3    8.8               
  434  434 A C        -     0   0   98     -2,-1.3     2,-1.7     1,-0.1    -1,-0.1  -0.522   9.3-158.0 -66.0  91.9   -5.4   45.2   10.9               
  435  435 A V        -     0   0  124     -2,-1.4     2,-1.5    10,-0.2    10,-0.1  -0.581   7.4-158.7 -74.3  85.6   -8.0   43.2    8.9               
  436  436 A K        -     0   0  182     -2,-1.7     2,-1.0     2,-0.1    -1,-0.1  -0.574   6.3-163.6 -69.0  93.2  -11.2   45.1   10.0               
  437  437 A L    >   -     0   0  146     -2,-1.5     2,-1.7     1,-0.1     3,-0.6  -0.707  20.9-140.1 -65.9 103.0  -14.0   42.7    9.4               
  438  438 A A  T 3  S+     0   0  109     -2,-1.0     3,-0.1     1,-0.2    -1,-0.1  -0.565  71.5  96.9 -74.5  84.2  -16.7   45.5    9.6               
  439  439 A G  T 3  S+     0   0   70     -2,-1.7     2,-0.3     1,-0.4    -1,-0.2   0.555  75.8  26.0-147.5 -24.7  -19.4   43.5   11.6               
  440  440 A Q  S <  S-     0   0  165     -3,-0.6     2,-0.7     3,-0.1    -1,-0.4  -0.988  73.9-106.8-148.4 154.0  -19.3   44.2   15.4               
  441  441 A E  S    S-     0   0  206     -2,-0.3    -3,-0.0     1,-0.2     0, 0.0  -0.734  89.0  -1.0 -87.8 112.9  -18.3   47.0   17.8               
  442  442 A G  S    S+     0   0   63     -2,-0.7    49,-0.6     1,-0.3     2,-0.2   0.076  85.8 118.8 114.0 -18.2  -15.1   46.6   19.9               
  443  443 A L  E     -M  490   0G 116     47,-0.1     2,-0.3    -3,-0.1    -1,-0.3  -0.533  36.5-169.8 -82.2 144.2  -13.4   43.2   19.2               
  444  444 A V  E     -M  489   0G  40     45,-2.7    45,-2.2    -2,-0.2     2,-0.4  -0.970   9.5-150.1-130.8 146.4   -9.8   42.8   17.8               
  445  445 A E  E     +M  488   0G 103     -2,-0.3     2,-0.3    43,-0.2    43,-0.2  -0.953  19.0 173.5-118.1 133.8   -8.0   39.7   16.5               
  446  446 A M  E     -M  487   0G  35     41,-2.3    41,-2.7    -2,-0.4     2,-0.4  -0.930  19.1-143.2-136.0 159.4   -4.2   39.3   16.7               
  447  447 A V  E     -M  486   0G  71     -2,-0.3     2,-0.6    39,-0.2    39,-0.2  -0.991   6.3-167.5-132.8 125.9   -1.7   36.5   15.9               
  448  448 A L  E     -M  485   0G   8     37,-3.0    37,-2.4    -2,-0.4     2,-0.2  -0.951  17.6-153.5-112.3 107.7    1.5   35.6   17.9               
  449  449 A L  E     +M  484   0G  95     -2,-0.6    35,-0.3    35,-0.2     2,-0.3  -0.550  24.2 153.0 -82.5 147.1    3.7   33.1   15.9               
  450  450 A M        -     0   0   22     33,-2.1    33,-0.2    -2,-0.2     5,-0.0  -0.975  48.3 -72.6-161.2 165.7    6.2   30.7   17.6               
  451  451 A E     >  -     0   0  113     -2,-0.3     4,-2.0     1,-0.1     3,-0.3  -0.354  45.8-119.4 -58.7 144.0    8.0   27.3   17.3               
  452  452 A P  H  > S+     0   0   48      0, 0.0     4,-2.3     0, 0.0     5,-0.1   0.900 114.1  48.7 -57.5 -43.5    5.7   24.2   17.9               
  453  453 A G  H  > S+     0   0    3      2,-0.2     4,-2.2     1,-0.2     5,-0.1   0.844 108.4  53.8 -68.5 -30.6    7.7   23.0   20.9               
  454  454 A A  H  > S+     0   0    8     -3,-0.3     4,-2.2     2,-0.2    -1,-0.2   0.891 108.5  50.0 -69.4 -36.9    7.7   26.5   22.5               
  455  455 A M  H  X S+     0   0    4     -4,-2.0     4,-2.4     2,-0.2    -2,-0.2   0.951 111.5  48.2 -64.1 -46.8    3.8   26.5   22.1               
  456  456 A R  H  X S+     0   0   90     -4,-2.3     4,-2.1     2,-0.2    -2,-0.2   0.882 109.8  53.4 -57.5 -41.2    3.7   23.0   23.8               
  457  457 A F  H  X S+     0   0    7     -4,-2.2     4,-2.5     2,-0.2     5,-0.4   0.931 109.9  46.8 -63.5 -43.7    6.0   24.3   26.6               
  458  458 A L  H  X S+     0   0    0     -4,-2.2     4,-1.4     1,-0.2     8,-0.2   0.915 114.5  48.3 -60.1 -44.4    3.7   27.3   27.3               
  459  459 A Q  H  < S+     0   0   63     -4,-2.4    -2,-0.2     1,-0.2    -1,-0.2   0.832 119.8  37.1 -65.4 -35.4    0.6   24.9   27.3               
  460  460 A L  H  < S+     0   0   90     -4,-2.1    -2,-0.2    -5,-0.2    -1,-0.2   0.812 130.3  23.8 -90.0 -36.0    2.3   22.3   29.7               
  461  461 A Y  H  < S+     0   0   78     -4,-2.5    -3,-0.2    -5,-0.2    -2,-0.1   0.480 126.0  43.9-114.6  -6.1    4.3   24.5   32.2               
  462  462 A H    >X  +     0   0   39     -4,-1.4     4,-2.1    -5,-0.4     3,-0.8   0.107  67.5 124.0-127.7  23.4    2.5   27.8   32.0               
  463  463 A E  H 3> S+     0   0  141      1,-0.3     4,-3.0     2,-0.2     5,-0.2   0.908  77.3  52.6 -49.4 -49.0   -1.2   26.7   32.1               
  464  464 A D  H 3> S+     0   0  148      1,-0.2     4,-1.0     2,-0.2    -1,-0.3   0.823 111.2  47.2 -56.1 -36.1   -1.9   28.9   35.3               
  465  465 A L  H <4 S+     0   0   72     -3,-0.8    -1,-0.2     2,-0.2    -2,-0.2   0.833 112.5  48.0 -79.9 -32.9   -0.4   32.0   33.4               
  466  466 A L  H >< S+     0   0   28     -4,-2.1     3,-1.6    -8,-0.2    -2,-0.2   0.917 110.9  51.6 -69.6 -43.2   -2.4   31.3   30.2               
  467  467 A A  H 3< S+     0   0   80     -4,-3.0     3,-0.5     1,-0.3    -2,-0.2   0.783  99.2  67.0 -63.3 -27.3   -5.6   30.9   32.4               
  468  468 A G  T 3< S+     0   0   64     -4,-1.0     2,-0.3    -5,-0.2    -1,-0.3   0.651  81.9  77.7 -64.8 -15.7   -4.7   34.3   34.0               
  469  469 A L    X   +     0   0   30     -3,-1.6     3,-2.5    -4,-0.2    -1,-0.2  -0.043  55.1 147.7 -87.2  33.7   -5.4   36.0   30.6               
  470  470 A G  T 3   +     0   0   72     -3,-0.5    -1,-0.2    -2,-0.3    -2,-0.1   0.516  61.5  64.4 -58.2 -10.5   -9.3   35.9   31.1               
  471  471 A D  T 3  S+     0   0  131     -3,-0.2    19,-0.7     1,-0.1     2,-0.4   0.410 104.2  55.5 -82.7  -3.8  -10.0   39.2   29.2               
  472  472 A V  E <  S-N  489   0G  13     -3,-2.5     2,-0.6    17,-0.2    17,-0.2  -0.984  78.5-133.7-137.1 124.6   -8.6   37.5   26.0               
  473  473 A A  E     -N  488   0G  55     15,-2.7    15,-2.5    -2,-0.4     2,-0.5  -0.680  22.7-153.4 -75.0 120.5   -9.7   34.3   24.2               
  474  474 A L  E     -N  487   0G  43     -2,-0.6    13,-0.2    13,-0.2    11,-0.0  -0.882  12.6-175.0 -96.5 122.2   -6.5   32.3   23.3               
  475  475 A L  E     -N  486   0G  88     11,-2.7    11,-3.1    -2,-0.5     2,-0.1  -0.983  21.5-131.6-118.0 115.7   -7.0   30.0   20.3               
  476  476 A P  E     -N  485   0G  63      0, 0.0     2,-0.5     0, 0.0     9,-0.2  -0.388  15.2-149.6 -64.5 145.8   -4.0   27.7   19.3               
  477  477 A L  E     +N  484   0G  36      7,-2.7     7,-1.8    -2,-0.1     2,-0.4  -0.991  17.8 176.2-117.8 120.8   -2.9   27.6   15.7               
  478  478 A E        +     0   0   94     -2,-0.5     5,-0.2     5,-0.2  -194,-0.1  -0.997  22.8 123.0-126.3 125.2   -1.4   24.4   14.3               
  479  479 A G    >   -     0   0   35     -2,-0.4     3,-0.8     3,-0.1  -196,-0.0  -0.945  68.3 -97.1-175.0 160.6   -0.5   24.1   10.6               
  480  480 A P  T 3  S+     0   0  135      0, 0.0     3,-0.1     0, 0.0    -1,-0.0   0.746 122.9  24.9 -64.1 -26.8    2.5   23.4    8.3               
  481  481 A D  T 3  S+     0   0  146      1,-0.2     2,-0.3    -3,-0.0    -3,-0.0   0.337 124.5  48.7-111.9  -4.4    3.4   27.1    7.7               
  482  482 A M    <   +     0   0  113     -3,-0.8     2,-0.3     2,-0.0    -1,-0.2  -0.853  53.9 164.9-153.1 109.2    1.9   28.7   10.9               
  483  483 A T        +     0   0   31     -2,-0.3   -33,-2.1   -33,-0.2     2,-0.3  -0.955  38.4  55.3-124.4 145.8    2.1   27.8   14.6               
  484  484 A G  E    S-MN 449 477G   0     -7,-1.8    -7,-2.7    -2,-0.3     2,-0.4  -0.971  79.5 -31.3 141.8-150.0    1.3   29.9   17.8               
  485  485 A F  E     -MN 448 476G   7    -37,-2.4   -37,-3.0    -2,-0.3     2,-0.5  -0.907  30.2-153.1-114.2 133.5   -1.7   31.8   19.3               
  486  486 A R  E     -MN 447 475G  91    -11,-3.1   -11,-2.7    -2,-0.4     2,-0.5  -0.887  22.0-153.9 -89.1 124.6   -4.6   33.7   17.9               
  487  487 A L  E     -MN 446 474G   0    -41,-2.7   -41,-2.3    -2,-0.5     2,-0.4  -0.915  13.3-176.8-104.4 123.8   -5.7   36.3   20.5               
  488  488 A C  E     +MN 445 473G  31    -15,-2.5   -15,-2.7    -2,-0.5     2,-0.3  -0.985  36.8  72.5-124.1 125.9   -9.4   37.5   20.4               
  489  489 A G  E    S-MN 444 472G   6    -45,-2.2   -45,-2.7    -2,-0.4     2,-0.2  -0.976  83.3 -17.8 169.5-162.5  -10.7   40.3   22.7               
  490  490 A A  E  >  -M  443   0G  51    -19,-0.7     4,-2.7    -2,-0.3     3,-0.3  -0.580  65.7-115.3 -71.5 141.8  -10.6   44.1   23.5               
  491  491 A Q  H  > S+     0   0  115    -49,-0.6     4,-2.1     1,-0.2     5,-0.1   0.830 113.7  45.0 -50.0 -46.3   -7.7   45.9   21.8               
  492  492 A A  H  > S+     0   0   70      2,-0.2     4,-2.4     1,-0.2    -1,-0.2   0.897 113.9  49.0 -67.7 -41.0   -5.9   46.8   25.1               
  493  493 A S  H  > S+     0   0   30     -3,-0.3     4,-2.5     2,-0.2    -2,-0.2   0.930 112.3  48.8 -64.8 -44.0   -6.3   43.4   26.7               
  494  494 A C  H  X S+     0   0    0     -4,-2.7     4,-2.4     2,-0.2    -2,-0.2   0.891 111.2  49.9 -63.5 -40.1   -5.0   41.6   23.5               
  495  495 A Q  H  X S+     0   0   91     -4,-2.1     4,-2.4    -5,-0.3    -2,-0.2   0.928 112.1  47.5 -64.6 -43.2   -2.0   44.0   23.4               
  496  496 A A  H  X S+     0   0   58     -4,-2.4     4,-2.3     2,-0.2    -2,-0.2   0.903 113.9  47.6 -63.9 -40.4   -1.2   43.3   27.1               
  497  497 A A  H  X S+     0   0    2     -4,-2.5     4,-2.8     2,-0.2    -2,-0.2   0.887 111.1  51.6 -65.5 -38.9   -1.6   39.5   26.5               
  498  498 A E  H  X S+     0   0   34     -4,-2.4     4,-1.8     2,-0.2    -2,-0.2   0.904 112.4  45.4 -66.6 -41.3    0.7   39.8   23.4               
  499  499 A E  H  X S+     0   0  140     -4,-2.4     4,-2.0     2,-0.2    -2,-0.2   0.922 114.7  49.0 -65.1 -43.4    3.4   41.7   25.4               
  500  500 A F  H  X S+     0   0   80     -4,-2.3     4,-2.0     2,-0.2    -2,-0.2   0.939 111.2  48.1 -63.6 -46.6    3.1   39.1   28.3               
  501  501 A L  H  X S+     0   0    0     -4,-2.8     4,-2.8     1,-0.2    -1,-0.2   0.868 110.0  53.3 -65.2 -34.7    3.3   36.1   25.9               
  502  502 A R  H  X S+     0   0  122     -4,-1.8     4,-1.8     2,-0.2    -1,-0.2   0.894 108.4  50.4 -63.3 -38.5    6.4   37.7   24.3               
  503  503 A S  H  < S+     0   0   90     -4,-2.0    -2,-0.2     2,-0.2    -1,-0.2   0.854 111.8  47.7 -66.8 -35.4    8.0   38.0   27.8               
  504  504 A L  H >X S+     0   0   15     -4,-2.0     3,-2.1     2,-0.2     4,-0.6   0.934 109.1  52.5 -69.1 -45.4    7.2   34.3   28.4               
  505  505 A L  H >< S+     0   0   43     -4,-2.8     3,-1.0     1,-0.3    -2,-0.2   0.873 104.2  58.9 -56.4 -36.6    8.7   33.2   25.0               
  506  506 A G  T 3< S+     0   0   60     -4,-1.8    -1,-0.3     1,-0.2    -2,-0.2   0.497 102.2  54.6 -69.7  -6.3   11.8   35.2   26.1               
  507  507 A S  T <4 S+     0   0   50     -3,-2.1   208,-0.9    -5,-0.1     2,-0.5   0.530  87.7  92.3-101.4 -11.2   12.1   32.9   29.2               
  508  508 A I  E <<  -O  714   0H  20     -3,-1.0     2,-0.3    -4,-0.6   206,-0.2  -0.739  68.1-146.3 -86.0 121.9   12.1   29.6   27.2               
  509  509 A S  E     -O  713   0H  10    204,-2.6   204,-1.9    -2,-0.5     2,-0.4  -0.633   7.4-150.6 -83.3 146.3   15.6   28.3   26.3               
  510  510 A C  E     +O  712   0H  80     -2,-0.3     2,-0.3   202,-0.2   202,-0.2  -0.988  19.3 174.9-122.9 122.2   16.0   26.4   22.9               
  511  511 A H  E     -O  711   0H  62    200,-2.6   200,-2.7    -2,-0.4     2,-0.5  -0.880  21.8-141.2-126.7 155.9   18.7   23.7   22.6               
  512  512 A V  E     -O  710   0H  64     -2,-0.3     2,-0.4   198,-0.2   198,-0.2  -0.984  11.7-159.9-123.2 122.2   19.7   21.3   19.8               
  513  513 A L  E     -O  709   0H  12    196,-2.9   196,-2.6    -2,-0.5     2,-0.5  -0.874  13.4-138.8-101.0 129.8   20.8   17.7   20.6               
  514  514 A C  E     -O  708   0H  69     -2,-0.4     2,-0.5   194,-0.2   194,-0.2  -0.784  15.7-132.9 -89.4 124.2   22.8   15.7   18.0               
  515  515 A L        -     0   0    7    192,-2.7   192,-0.2    -2,-0.5     6,-0.1  -0.654  15.3-164.7 -82.0 119.8   21.8   12.1   17.6               
  516  516 A E        +     0   0   95     -2,-0.5    -1,-0.1   190,-0.1    -2,-0.0   0.740  65.2  67.7 -77.6 -27.0   25.0    9.9   17.7               
  517  517 A H  S >  S-     0   0   51    190,-0.1     3,-1.4     1,-0.0     4,-0.2  -0.813  83.4-117.3-102.3 136.0   23.4    6.6   16.3               
  518  518 A P  T 3  S+     0   0   51      0, 0.0   243,-0.2     0, 0.0   256,-0.2  -0.268 101.6  28.9 -60.6 152.1   22.0    6.0   12.7               
  519  519 A G  T 3> S+     0   0   18    241,-0.1     4,-2.2   254,-0.1     3,-0.4   0.170  83.2 118.2  77.5 -13.5   18.3    5.2   12.7               
  520  520 A S  H <> S+     0   0    1     -3,-1.4     4,-2.8     1,-0.2     5,-0.2   0.833  73.1  53.8 -52.6 -38.4   17.7    7.2   15.9               
  521  521 A A  H  > S+     0   0   10     -4,-0.2     4,-1.7     2,-0.2    -1,-0.2   0.932 109.0  46.6 -64.9 -44.6   15.3    9.6   14.0               
  522  522 A R  H  > S+     0   0   43     -3,-0.4     4,-0.7     2,-0.2    -2,-0.2   0.883 115.6  48.1 -64.0 -37.6   13.1    6.7   12.7               
  523  523 A F  H >< S+     0   0   17     -4,-2.2     3,-1.0     2,-0.2     6,-0.9   0.948 110.5  49.2 -65.8 -49.1   13.1    5.2   16.3               
  524  524 A L  H 3< S+     0   0    0     -4,-2.8    -2,-0.2     1,-0.3    -1,-0.2   0.743 110.4  51.4 -67.3 -25.3   12.2    8.6   18.0               
  525  525 A L  H 3< S+     0   0   66     -4,-1.7    -1,-0.3    -5,-0.2    -2,-0.2   0.639  99.3  86.5 -80.3 -17.6    9.3    9.2   15.5               
  526  526 A G  S <X S-     0   0   21     -3,-1.0     4,-2.6    -4,-0.7     5,-0.2  -0.362  97.0-103.4 -77.9 164.4    8.0    5.6   16.3               
  527  527 A P  H  > S+     0   0  106      0, 0.0     4,-2.0     0, 0.0     5,-0.1   0.855 120.9  50.7 -62.8 -36.6    5.6    4.8   19.3               
  528  528 A E  H  > S+     0   0  123      2,-0.2     4,-1.9     1,-0.2    -4,-0.1   0.929 113.2  46.2 -64.2 -44.0    8.4    3.4   21.5               
  529  529 A G  H  > S+     0   0    0     -6,-0.9     4,-2.6     2,-0.2    -5,-0.2   0.890 109.2  54.6 -67.5 -38.1   10.6    6.5   20.9               
  530  530 A Q  H  X S+     0   0   65     -4,-2.6     4,-2.7    -7,-0.3    -2,-0.2   0.914 109.5  47.5 -61.9 -41.7    7.6    8.8   21.5               
  531  531 A H  H  X S+     0   0  132     -4,-2.0     4,-2.0     2,-0.2    -2,-0.2   0.878 110.7  52.2 -66.6 -35.7    7.1    7.1   25.0               
  532  532 A L  H  X S+     0   0   21     -4,-1.9     4,-1.7     2,-0.2    -2,-0.2   0.916 111.7  46.4 -63.5 -42.7   10.9    7.4   25.7               
  533  533 A L  H  X S+     0   0    5     -4,-2.6     4,-2.9     2,-0.2     3,-0.3   0.963 110.6  52.2 -63.5 -49.6   10.7   11.2   24.8               
  534  534 A Q  H  X S+     0   0   94     -4,-2.7     4,-2.2     1,-0.2    -2,-0.2   0.850 108.5  52.2 -54.9 -38.8    7.5   11.6   27.0               
  535  535 A G  H  X S+     0   0   43     -4,-2.0     4,-1.6     2,-0.2    -1,-0.2   0.906 112.9  43.8 -63.5 -41.3    9.4    9.9   29.9               
  536  536 A L  H  X S+     0   0   11     -4,-1.7     4,-2.6    -3,-0.3    -2,-0.2   0.893 110.9  54.6 -72.5 -39.0   12.3   12.4   29.5               
  537  537 A E  H  X>S+     0   0   15     -4,-2.9     4,-1.4     1,-0.2     5,-1.2   0.940 113.1  43.3 -55.8 -48.5   10.0   15.4   29.1               
  538  538 A A  H  <5S+     0   0   78     -4,-2.2    -1,-0.2    -5,-0.2    -2,-0.2   0.840 116.2  47.9 -67.9 -35.5    8.3   14.5   32.5               
  539  539 A Q  H  <5S+     0   0  134     -4,-1.6    -2,-0.2    -5,-0.2    -1,-0.2   0.880 124.2  28.7 -71.2 -41.2   11.7   13.8   34.2               
  540  540 A F  H  <5S-     0   0   22     -4,-2.6    -2,-0.2     2,-0.1    -3,-0.2   0.433 101.8-119.7-105.1  -1.3   13.5   17.0   33.0               
  541  541 A Q  T  <5S+     0   0  121     -4,-1.4   173,-0.4     1,-0.2     2,-0.3   0.936  73.6 118.5  55.4  51.6   10.5   19.5   32.7               
  542  542 A C      < -     0   0    0     -5,-1.2     2,-0.4    -6,-0.2    -1,-0.2  -0.838  58.8-128.7-133.0 171.6   11.2   20.1   29.0               
  543  543 A V  E     -P  712   0H   0    169,-2.5   169,-2.8    -2,-0.3     2,-0.5  -0.996  18.3-138.8-124.2 134.3    9.5   19.6   25.5               
  544  544 A F  E     -P  711   0H   6     -2,-0.4     2,-0.5   167,-0.2   167,-0.2  -0.810   7.3-146.6 -92.1 127.3   11.1   17.8   22.5               
  545  545 A G  E     +P  710   0H   1    165,-2.2   165,-1.9    -2,-0.5     4,-0.1  -0.807  18.3 177.0 -84.2 124.1   10.7   19.3   19.0               
  546  546 A T    >>  +     0   0   39     -2,-0.5     4,-1.9   163,-0.2     3,-0.9   0.439  56.0  97.6-110.5  -3.8   10.5   16.4   16.5               
  547  547 A E  H 3> S+     0   0   63      1,-0.3     4,-1.8     2,-0.2     5,-0.1   0.864  84.2  53.1 -52.8 -38.3    9.9   18.6   13.4               
  548  548 A R  H 3> S+     0   0  116      1,-0.2     4,-1.6     2,-0.2   160,-0.3   0.793 107.0  51.9 -71.0 -25.9   13.7   18.4   12.6               
  549  549 A L  H <4 S+     0   0    0     -3,-0.9     4,-0.4     2,-0.2    -2,-0.2   0.849 105.0  55.5 -76.1 -35.6   13.6   14.5   12.8               
  550  550 A A  H >X S+     0   0   45     -4,-1.9     3,-1.4     2,-0.2     4,-0.9   0.963 109.8  46.3 -59.6 -48.7   10.7   14.4   10.3               
  551  551 A T  H >< S+     0   0   96     -4,-1.8     3,-0.9     1,-0.3     4,-0.5   0.928 109.9  54.5 -58.0 -45.0   12.8   16.4    7.8               
  552  552 A A  T 3< S+     0   0   44     -4,-1.6    -1,-0.3     1,-0.2    -2,-0.2   0.483 106.8  52.2 -70.8  -5.4   15.8   14.1    8.5               
  553  553 A T  T X4 S+     0   0   29     -3,-1.4     3,-1.6    -4,-0.4    -1,-0.2   0.618  85.6  80.9-105.8 -12.7   13.7   10.9    7.6               
  554  554 A L  G X< S+     0   0  133     -4,-0.9     3,-1.4    -3,-0.9    -2,-0.1   0.856  84.9  63.5 -59.0 -34.3   12.4   12.1    4.2               
  555  555 A D  G 3  S+     0   0  129     -4,-0.5    -1,-0.3     1,-0.3    -2,-0.1   0.593 106.5  43.7 -68.1 -12.2   15.7   11.0    2.6               
  556  556 A T  G <  S+     0   0   27     -3,-1.6     2,-2.6   202,-0.0    -1,-0.3  -0.070  75.6 158.8-123.3  33.4   15.0    7.3    3.6               
  557  557 A G    <   +     0   0   64     -3,-1.4     2,-0.4     2,-0.1    -3,-0.1  -0.293  27.4 114.6 -65.4  61.9   11.3    7.1    2.6               
  558  558 A L        +     0   0   84     -2,-2.6    -1,-0.0   199,-0.1     0, 0.0  -0.916  15.8 152.7-127.2 107.9   10.8    3.4    2.2               
  559  559 A E        +     0   0  155     -2,-0.4     2,-0.2     2,-0.0    -2,-0.1  -0.379  35.9 147.2-107.0  39.4    8.4    1.7    4.6               
  560  560 A E        -     0   0  129      1,-0.1     2,-0.1     0, 0.0    -2,-0.1  -0.558  62.1 -93.4 -71.9 144.8    7.8   -0.9    1.9               
  561  561 A V        -     0   0  119     -2,-0.2    -1,-0.1     1,-0.1    -2,-0.0  -0.441  52.0 -96.7 -57.1 127.0    7.0   -4.4    3.1               
  562  562 A D    >   -     0   0    6      1,-0.2     3,-2.4    -2,-0.1     4,-0.4  -0.300  33.4-155.1 -53.6 104.9   10.4   -6.4    3.2               
  563  563 A P  G >  S+     0   0   47      0, 0.0     3,-0.8     0, 0.0     4,-0.2   0.716  88.4  72.7 -65.5 -15.7   10.2   -8.2   -0.3               
  564  564 A T  G >  S+     0   0   31      1,-0.2     3,-0.9     2,-0.2    -2,-0.1   0.751  86.2  63.6 -64.2 -26.1   12.5  -10.8    1.2               
  565  565 A E  G <  S+     0   0  124     -3,-2.4    -1,-0.2     1,-0.2    -3,-0.1   0.731  97.4  56.8 -75.1 -17.8    9.6  -12.2    3.3               
  566  566 A A  G <  S+     0   0   86     -3,-0.8    -1,-0.2    -4,-0.4    -2,-0.2   0.520  87.9  94.1 -83.4  -7.7    7.8  -13.1    0.0               
  567  567 A L  S <  S-     0   0   59     -3,-0.9     2,-0.3    -4,-0.2    -1,-0.0  -0.773  78.1-132.9 -88.5 111.4   10.8  -15.3   -1.0               
  568  568 A P        -     0   0   88      0, 0.0     2,-1.7     0, 0.0    -2,-0.1  -0.433  13.0-134.8 -63.3 121.3   10.3  -19.0   -0.0               
  569  569 A V        -     0   0  132     -2,-0.3    -2,-0.0     2,-0.0     0, 0.0  -0.641  19.8-153.2 -73.7  85.0   13.5  -20.3    1.7               
  570  570 A L        -     0   0  143     -2,-1.7     2,-0.6     1,-0.1    -3,-0.0  -0.558  24.3-118.5 -57.2 115.4   13.7  -23.6   -0.2               
  571  571 A P        -     0   0  117      0, 0.0     2,-0.3     0, 0.0     3,-0.3  -0.492  22.7-138.2 -71.3 112.9   15.6  -25.7    2.4               
  572  572 A G  S    S+     0   0   68     -2,-0.6    -3,-0.0     1,-0.2     0, 0.0  -0.537  70.9  15.6 -64.2 130.7   18.9  -26.9    0.9               
  573  573 A N        +     0   0  166     -2,-0.3    -1,-0.2     1,-0.1     2,-0.1   0.974  68.9 120.4  69.1  77.6   19.7  -30.6    1.8               
  574  574 A A        -     0   0   98     -3,-0.3     2,-0.6     0, 0.0    -1,-0.1  -0.595  33.7-171.8-148.9  98.9   17.2  -33.1    3.1               
  575  575 A H        +     0   0  180     -2,-0.1     2,-0.1     2,-0.0     0, 0.0  -0.793  32.9  87.4 -79.9 119.4   16.5  -36.3    1.0               
  576  576 A T        +     0   0  129     -2,-0.6     0, 0.0     2,-0.1     0, 0.0  -0.307  48.2  20.9 172.1 154.3   13.8  -38.7    1.8               
  577  577 A L        +     0   0  147     -2,-0.1     2,-0.2     1,-0.1    -2,-0.0   0.900  56.2  89.1  65.6  79.9   10.2  -40.0    1.6               
  578  578 A W        -     0   0  255      2,-0.0    -1,-0.1     0, 0.0    -2,-0.1  -0.686  54.9-141.8-147.0 156.1    7.4  -39.7   -0.4               
  579  579 A T        -     0   0  110     -2,-0.2     2,-0.5     2,-0.1     0, 0.0  -0.724   9.7-122.8-101.9 144.1    6.9  -42.2   -3.3               
  580  580 A P        +     0   0  119      0, 0.0    -1,-0.0     0, 0.0    -2,-0.0  -0.704  47.0 138.2 -80.8 123.0    5.5  -41.9   -6.9               
  581  581 A D        +     0   0  155     -2,-0.5     2,-0.2     1,-0.1    -2,-0.1  -0.335  35.8  84.5-164.5  80.7    2.6  -44.2   -7.9               
  582  582 A S        -     0   0  125      0, 0.0     2,-0.4     0, 0.0    -1,-0.1  -0.795  58.6-143.0-163.4 144.4   -0.3  -42.8   -9.9               
  583  583 A T        +     0   0  144     -2,-0.2     2,-0.0     1,-0.0     0, 0.0  -0.939  46.1  68.5-128.1 126.9   -0.3  -42.6  -13.7               
  584  584 A G        -     0   0   78     -2,-0.4     2,-0.2     2,-0.0    -1,-0.0   0.437  44.7-154.1  92.4 121.2   -1.7  -40.0  -16.2               
  585  585 A G        +     0   0   77     -2,-0.0     2,-0.4     2,-0.0    -2,-0.0  -0.779  18.7 172.4 117.6  58.3   -1.0  -37.1  -17.0               
  586  586 A D        -     0   0  163     -2,-0.2     2,-0.4     2,-0.0    -2,-0.0  -0.968  29.8-136.9-117.0 139.1   -2.7  -34.1  -18.5               
  587  587 A Q        -     0   0  156     -2,-0.4     2,-2.7     2,-0.0    -2,-0.0  -0.834  31.2-114.3 -81.7 133.8   -0.9  -30.8  -18.6               
  588  588 A E        +     0   0  189     -2,-0.4     2,-1.5     1,-0.1    -1,-0.0  -0.372  46.4 174.0 -73.6  62.4   -3.4  -28.0  -17.5               
  589  589 A D        -     0   0   83     -2,-2.7    -1,-0.1     1,-0.1    -2,-0.0  -0.646  37.6-122.8 -73.3  86.8   -3.3  -26.4  -21.0               
  590  590 A V        -     0   0   46     -2,-1.5     2,-0.2     1,-0.1    72,-0.1  -0.025  28.7-127.2 -37.8 126.9   -6.1  -23.8  -20.3               
  591  591 A S     >  -     0   0   39      1,-0.1     4,-1.6     4,-0.0     5,-0.2  -0.451  10.1-125.7 -85.6 154.4   -8.9  -24.3  -22.8               
  592  592 A L  H  > S+     0   0   64      2,-0.2     4,-1.2     1,-0.2    -1,-0.1   0.731 112.6  57.2 -64.8 -20.3  -10.5  -21.7  -25.1               
  593  593 A E  H  > S+     0   0  148      2,-0.2     4,-2.5     3,-0.1     5,-0.2   0.940 103.5  48.7 -80.7 -45.6  -13.8  -22.8  -23.6               
  594  594 A E  H  > S+     0   0  111      1,-0.2     4,-2.3     2,-0.2    -2,-0.2   0.885 112.8  50.1 -58.2 -39.1  -12.9  -22.0  -19.9               
  595  595 A V  H  X S+     0   0   19     -4,-1.6     4,-1.9     2,-0.2    -1,-0.2   0.871 108.9  51.5 -72.4 -33.8  -11.6  -18.6  -21.0               
  596  596 A R  H  X S+     0   0   57     -4,-1.2     4,-2.7     2,-0.2    -2,-0.2   0.929 110.5  48.9 -62.4 -45.3  -15.0  -18.0  -22.9               
  597  597 A E  H  X S+     0   0  116     -4,-2.5     4,-2.3     1,-0.2    -2,-0.2   0.920 111.1  50.1 -62.7 -41.1  -16.9  -18.9  -19.7               
  598  598 A L  H  X S+     0   0   86     -4,-2.3     4,-1.1     1,-0.2    -1,-0.2   0.885 113.8  45.5 -61.3 -40.5  -14.6  -16.5  -17.7               
  599  599 A L  H  X S+     0   0   14     -4,-1.9     4,-2.1     2,-0.2    -2,-0.2   0.885 110.9  51.6 -74.4 -37.9  -15.2  -13.6  -20.3               
  600  600 A A  H  X>S+     0   0    2     -4,-2.7     5,-2.5     1,-0.2     4,-1.0   0.936 111.9  47.3 -63.3 -43.3  -19.0  -14.2  -20.4               
  601  601 A T  H  <5S+     0   0   85     -4,-2.3    -1,-0.2     1,-0.2    -2,-0.2   0.775 111.9  51.9 -69.2 -24.3  -19.2  -14.0  -16.6               
  602  602 A L  H  <5S+     0   0  134     -4,-1.1    -2,-0.2    -5,-0.2    -1,-0.2   0.815 113.2  42.2 -80.1 -33.0  -17.0  -10.8  -16.7               
  603  603 A E  H  <5S-     0   0  104     -4,-2.1    -2,-0.2     2,-0.1    -1,-0.2   0.560 115.2-116.3 -85.4  -8.0  -19.3   -9.1  -19.3               
  604  604 A G  T  <5 +     0   0   59     -4,-1.0     2,-0.7     1,-0.2    -3,-0.2   0.853  60.0 152.9  74.7  35.8  -22.5  -10.3  -17.4               
  605  605 A L      < -     0   0   71     -5,-2.5     2,-0.8    -6,-0.1    -1,-0.2  -0.891  39.6-146.0 -97.2 110.9  -23.9  -12.5  -20.3               
  606  606 A D    >   -     0   0  153     -2,-0.7     3,-0.8     1,-0.2    -5,-0.0  -0.620  11.6-167.4 -66.0 107.0  -26.0  -15.4  -19.1               
  607  607 A L  T 3  S+     0   0   97     -2,-0.8    -1,-0.2     1,-0.2   -10,-0.0   0.624  81.2  59.7 -74.7 -11.1  -25.1  -18.0  -21.8               
  608  608 A D  T 3  S+     0   0  169      1,-0.0     2,-0.8     2,-0.0    -1,-0.2   0.148  77.5 112.3-103.9  12.3  -28.1  -20.3  -20.7               
  609  609 A G    <   -     0   0   59     -3,-0.8     2,-1.8     1,-0.1    -1,-0.0  -0.757  44.1-169.0-101.6  99.0  -31.0  -17.8  -21.3               
  610  610 A E        +     0   0  201     -2,-0.8    -1,-0.1     1,-0.1     2,-0.0  -0.503  59.5  92.1 -75.8  72.0  -33.5  -18.5  -24.1               
  611  611 A D        +     0   0  147     -2,-1.8    -1,-0.1     1,-0.1    -2,-0.0  -0.403  33.4 114.9-161.6  95.9  -35.3  -15.1  -24.1               
  612  612 A W        +     0   0  227     -2,-0.0    -1,-0.1     2,-0.0    -2,-0.0  -0.442  24.7 138.0-151.4  81.7  -34.3  -12.1  -26.4               
  613  613 A L        -     0   0  150      2,-0.1     2,-0.6    -2,-0.0     0, 0.0  -0.946  48.3-133.1-118.6 110.8  -36.9  -11.1  -29.0               
  614  614 A P        +     0   0  108      0, 0.0     2,-0.3     0, 0.0    -2,-0.0  -0.503  36.4 173.9 -70.0 111.3  -37.4   -7.2  -29.3               
  615  615 A R        -     0   0  211     -2,-0.6    -2,-0.1     1,-0.2     0, 0.0  -0.930  20.3 -17.3-157.6 135.5  -41.2   -6.5  -29.3               
  616  616 A E        +     0   0  138     -2,-0.3    -1,-0.2     0, 0.0     2,-0.0   0.896  32.1 136.9-143.8 170.8  -42.9   -3.7  -29.3               
  617  617 A L        -     0   0  159      2,-0.1    -2,-0.0     0, 0.0     0, 0.0  -0.239  41.2-125.9-170.3  98.9  -44.0    0.0  -29.0               
  618  618 A E        +     0   0  179     -2,-0.0     2,-0.2     1,-0.0     0, 0.0   0.461  28.3 170.3  21.1 124.5  -46.2    2.0  -31.4               
  619  619 A E        -     0   0  203      2,-0.0     2,-0.1     0, 0.0    -2,-0.1  -0.862  37.5-121.8-148.5 148.0  -46.3    5.1  -33.4               
  620  620 A E        +     0   0  203     -2,-0.2     0, 0.0     2,-0.0     0, 0.0  -0.436  44.1 131.7 -88.7 153.5  -49.2    5.6  -35.9               
  621  621 A G        -     0   0   76     -2,-0.1     2,-0.4     0, 0.0    -2,-0.0  -0.107  24.0-170.4 170.6 100.2  -49.7    6.1  -39.7               
  622  622 A P        +     0   0  116      0, 0.0     2,-0.2     0, 0.0    -2,-0.0  -0.834  17.8 133.6-109.7 131.6  -52.0    4.3  -42.3               
  623  623 A Q        -     0   0  177     -2,-0.4     0, 0.0     0, 0.0     0, 0.0  -0.663  34.0 -82.9-170.2 120.7  -52.5    4.2  -46.1               
  624  624 A E        +     0   0  163     -2,-0.2     0, 0.0     2,-0.0     0, 0.0   0.511  42.1  44.2  61.9 123.4  -53.0    1.9  -48.8               
  625  625 A Q        -     0   0  167      1,-0.1     2,-0.3     0, 0.0     0, 0.0   0.853  15.8-175.6-155.5 166.4  -52.3   -0.2  -51.3               
  626  626 A P        +     0   0  122      0, 0.0     2,-0.2     0, 0.0    -1,-0.1  -0.849   6.5 178.9-120.5 157.2  -50.5   -3.3  -53.0               
  627  627 A E        +     0   0  193     -2,-0.3     0, 0.0     1,-0.2     0, 0.0  -0.821  28.7  46.9-171.4 148.2  -50.1   -5.4  -56.4               
  628  628 A E        +     0   0  175     -2,-0.2    -1,-0.2     0, 0.0     2,-0.0   0.969  23.9 169.3-135.8 160.5  -48.4   -8.2  -57.8               
  629  629 A E        +     0   0  172      0, 0.0    -2,-0.0     0, 0.0     0, 0.0   0.420   8.6 159.3  58.2 132.2  -47.0  -11.5  -58.1               
  630  630 A V        -     0   0  108     -2,-0.0     0, 0.0     2,-0.0     0, 0.0   0.582  26.9-137.6-162.2 114.3  -45.5  -14.0  -59.9               
  631  631 A T        -     0   0  127      1,-0.0     2,-0.0     0, 0.0     0, 0.0   0.909   8.3-119.2  45.0 161.3  -43.5  -17.2  -58.9               
  632  632 A P        -     0   0  118      0, 0.0     2,-0.3     0, 0.0    -1,-0.0  -0.087  21.6 -92.8-123.9-159.3  -40.4  -19.5  -59.5               
  633  633 A G        -     0   0   73     -2,-0.0     2,-0.2     2,-0.0     0, 0.0  -0.962  39.2-133.6-133.4 154.0  -38.8  -23.0  -60.4               
  634  634 A H        +     0   0  159     -2,-0.3     2,-0.2     2,-0.0     0, 0.0  -0.635  32.1 158.0-101.4 157.3  -37.7  -25.9  -58.0               
  635  635 A E        -     0   0  201     -2,-0.2     2,-0.3     2,-0.1    -2,-0.0  -0.719  29.4-148.8-159.3 156.9  -35.2  -28.4  -57.0               
  636  636 A E        +     0   0  173     -2,-0.2     2,-0.3     0, 0.0    -2,-0.0  -0.899  23.2 159.2-122.6 140.6  -34.9  -30.0  -53.5               
  637  637 A E        -     0   0  202     -2,-0.3    -2,-0.1     0, 0.0     0, 0.0  -0.963  44.8 -76.5-153.9 166.2  -32.5  -31.5  -50.9               
  638  638 A E        -     0   0  185     -2,-0.3     2,-0.1     1,-0.1     0, 0.0  -0.046  42.9-104.6 -80.2 160.5  -32.6  -32.0  -47.1               
  639  639 A P        -     0   0  121      0, 0.0     2,-0.3     0, 0.0    -1,-0.1  -0.365  14.9-148.7 -87.6 156.7  -32.3  -29.7  -44.0               
  640  640 A V        -     0   0  144     -2,-0.1     3,-0.1     1,-0.0     0, 0.0  -0.898  31.5-105.4-116.3 143.8  -29.6  -28.9  -41.3               
  641  641 A A        -     0   0   84     -2,-0.3     2,-0.4     1,-0.1    -1,-0.0  -0.240  42.0 -90.2 -66.6 154.0  -30.3  -27.8  -37.7               
  642  642 A P        -     0   0  130      0, 0.0     2,-0.5     0, 0.0    -1,-0.1  -0.512  36.5-138.5 -68.6 119.7  -29.8  -24.2  -36.4               
  643  643 A S        -     0   0   98     -2,-0.4     2,-0.5    -3,-0.1    -3,-0.0  -0.706  25.7-114.2 -74.3 122.5  -26.3  -23.6  -35.0               
  644  644 A T        -     0   0  142     -2,-0.5     2,-1.7     1,-0.1    -1,-0.1  -0.417  27.8-141.9 -59.2 107.3  -26.5  -21.5  -31.8               
  645  645 A V        -     0   0  128     -2,-0.5    -1,-0.1     2,-0.0     3,-0.1  -0.589  18.9-167.8 -81.6  85.4  -24.8  -18.3  -32.8               
  646  646 A A        -     0   0   36     -2,-1.7     2,-0.5     1,-0.1     5,-0.1  -0.315  47.2 -75.8 -55.7 153.7  -22.9  -17.3  -29.7               
  647  647 A P    >>  -     0   0   46      0, 0.0     3,-2.4     0, 0.0     4,-0.7  -0.433  40.6-147.1 -62.5 111.5  -21.5  -13.7  -29.8               
  648  648 A R  H >> S+     0   0  193     -2,-0.5     4,-1.4     1,-0.3     3,-0.6   0.783  95.0  68.2 -47.0 -33.7  -18.4  -14.0  -32.2               
  649  649 A W  H 3> S+     0   0   72      1,-0.2     4,-1.6     2,-0.2    -1,-0.3   0.790  93.4  57.4 -58.5 -30.1  -16.7  -11.3  -30.2               
  650  650 A L  H <> S+     0   0    4     -3,-2.4     4,-1.7     2,-0.2    -1,-0.2   0.827 103.2  52.6 -76.7 -30.6  -16.4  -13.6  -27.2               
  651  651 A E  H <X S+     0   0   77     -4,-0.7     4,-2.3    -3,-0.6    -2,-0.2   0.907 109.7  48.9 -69.3 -42.8  -14.4  -16.3  -29.2               
  652  652 A E  H  X S+     0   0   64     -4,-1.4     4,-2.1     2,-0.2    -2,-0.2   0.883 111.2  48.4 -64.6 -42.5  -11.9  -13.6  -30.3               
  653  653 A E  H  X S+     0   0   51     -4,-1.6     4,-2.2     2,-0.2    -2,-0.2   0.881 112.0  49.9 -73.9 -31.5  -11.3  -12.2  -26.8               
  654  654 A A  H  X S+     0   0    0     -4,-1.7     4,-2.6     2,-0.2    -2,-0.2   0.930 110.0  50.6 -66.5 -43.7  -10.9  -15.8  -25.4               
  655  655 A A  H  X S+     0   0   45     -4,-2.3     4,-2.0     2,-0.2    -2,-0.2   0.887 110.9  50.0 -61.3 -38.7   -8.3  -16.6  -28.2               
  656  656 A L  H  X S+     0   0   42     -4,-2.1     4,-2.0     2,-0.2    -2,-0.2   0.942 111.6  47.1 -62.0 -50.2   -6.4  -13.3  -27.3               
  657  657 A Q  H  X S+     0   0   90     -4,-2.2     4,-2.3     1,-0.2    -2,-0.2   0.904 112.1  51.7 -60.1 -40.3   -6.4  -14.2  -23.5               
  658  658 A L  H  X S+     0   0   21     -4,-2.6     4,-2.5     2,-0.2    -1,-0.2   0.898 109.0  49.4 -61.9 -44.0   -5.2  -17.8  -24.4               
  659  659 A A  H  X S+     0   0   56     -4,-2.0     4,-0.9     2,-0.2    -1,-0.2   0.857 109.8  52.2 -67.4 -34.8   -2.3  -16.4  -26.6               
  660  660 A L  H  < S+     0   0   54     -4,-2.0     3,-0.4     2,-0.2    -2,-0.2   0.935 110.7  48.0 -63.1 -46.6   -1.3  -14.1  -23.7               
  661  661 A H  H >< S+     0   0   88     -4,-2.3     3,-2.2     1,-0.2     4,-0.3   0.963 111.4  48.2 -59.6 -53.5   -1.2  -17.1  -21.3               
  662  662 A R  H 3< S+     0   0  121     -4,-2.5     3,-0.4     1,-0.3    -1,-0.2   0.658 103.9  62.8 -66.6 -15.2    0.9  -19.4  -23.6               
  663  663 A S  T 3< S+     0   0   71     -4,-0.9    -1,-0.3    -3,-0.4    -2,-0.2   0.457 101.2  53.8 -81.5  -4.2    3.3  -16.5  -24.2               
  664  664 A L  S <  S+     0   0  139     -3,-2.2    -2,-0.2    -4,-0.2    -1,-0.2   0.387  75.9 115.0-111.5  -1.6    4.2  -16.5  -20.4               
  665  665 A E        -     0   0   91     -3,-0.4     2,-0.2    -4,-0.3    -3,-0.0  -0.581  66.2-122.3 -77.3 127.9    5.2  -20.2  -19.9               
  666  666 A P        -     0   0   89      0, 0.0     2,-1.2     0, 0.0     3,-0.1  -0.424  10.8-127.8 -79.7 142.4    9.0  -20.7  -19.0               
  667  667 A Q  S    S-     0   0  195      1,-0.2     4,-0.2    -2,-0.2    -2,-0.0  -0.434  70.0 -23.9 -93.6  68.0   11.5  -22.8  -21.0               
  668  668 A G    >>  -     0   0   38     -2,-1.2     4,-1.6     1,-0.1     3,-1.3   0.598  54.5-106.2 108.2 131.0   13.1  -25.2  -18.6               
  669  669 A Q  H 3> S+     0   0  163      1,-0.3     4,-1.0     2,-0.2    -1,-0.1   0.539 110.3  54.4 -53.8 -26.2   14.1  -25.8  -14.9               
  670  670 A V  H 3> S+     0   0  116      2,-0.2     4,-1.4     3,-0.1    -1,-0.3   0.893 110.6  46.1 -80.0 -37.3   17.9  -25.1  -15.1               
  671  671 A A  H <> S+     0   0   53     -3,-1.3     4,-3.1     1,-0.2     3,-0.3   0.947 108.9  57.6 -66.0 -44.1   17.4  -21.7  -16.6               
  672  672 A E  H  X S+     0   0   80     -4,-1.6     4,-2.5     1,-0.2    -1,-0.2   0.827 106.2  49.2 -52.7 -38.7   14.7  -20.9  -14.0               
  673  673 A Q  H  X S+     0   0  152     -4,-1.0     4,-1.1     2,-0.2    -1,-0.2   0.866 115.7  40.6 -78.2 -34.1   17.2  -21.6  -11.1               
  674  674 A E  H  X S+     0   0  151     -4,-1.4     4,-2.7    -3,-0.3    -2,-0.2   0.907 118.4  48.4 -74.1 -40.8   20.0  -19.3  -12.5               
  675  675 A E  H  X S+     0   0  126     -4,-3.1     4,-3.2     1,-0.2     5,-0.2   0.921 111.0  49.9 -66.7 -41.6   17.4  -16.6  -13.6               
  676  676 A A  H  X S+     0   0   42     -4,-2.5     4,-2.0    -5,-0.3    -1,-0.2   0.837 112.2  48.9 -65.2 -32.4   15.7  -16.8  -10.1               
  677  677 A A  H  X S+     0   0   42     -4,-1.1     4,-2.3     2,-0.2    -2,-0.2   0.933 114.0  45.1 -70.3 -43.7   19.2  -16.4   -8.5               
  678  678 A A  H  X S+     0   0   56     -4,-2.7     4,-3.0     2,-0.2    -2,-0.2   0.923 113.7  49.9 -64.0 -44.2   20.1  -13.4  -10.8               
  679  679 A L  H  X S+     0   0  111     -4,-3.2     4,-2.8     2,-0.2     5,-0.2   0.910 109.8  51.5 -60.2 -44.2   16.6  -11.9  -10.2               
  680  680 A R  H  X S+     0   0  100     -4,-2.0     4,-2.5    -5,-0.2    -2,-0.2   0.942 114.3  43.1 -59.2 -47.2   17.1  -12.3   -6.4               
  681  681 A Q  H  X S+     0   0   47     -4,-2.3     4,-2.4     2,-0.2    -2,-0.2   0.921 115.9  47.7 -64.6 -44.6   20.5  -10.5   -6.6               
  682  682 A A  H  X S+     0   0   57     -4,-3.0     4,-2.6     2,-0.2    -2,-0.2   0.896 113.4  48.3 -63.8 -40.2   19.2   -7.8   -9.0               
  683  683 A L  H  X S+     0   0   85     -4,-2.8     4,-2.2     2,-0.2    -2,-0.2   0.937 112.3  47.9 -68.6 -44.5   16.1   -7.2   -6.8               
  684  684 A T  H  X S+     0   0    5     -4,-2.5     4,-0.6    -5,-0.2    -2,-0.2   0.884 114.0  48.1 -64.0 -35.9   18.2   -6.9   -3.6               
  685  685 A L  H >< S+     0   0   35     -4,-2.4     3,-0.9     2,-0.2    -2,-0.2   0.929 110.2  51.7 -66.8 -41.6   20.6   -4.5   -5.4               
  686  686 A S  H >< S+     0   0   81     -4,-2.6     3,-1.1     1,-0.3    -2,-0.2   0.844 105.3  55.1 -63.6 -35.2   17.6   -2.5   -6.6               
  687  687 A L  H 3< S+     0   0   40     -4,-2.2    -1,-0.3     1,-0.2    -2,-0.2   0.682 109.8  47.8 -69.4 -18.1   16.3   -2.2   -3.0               
  688  688 A L  T << S+     0   0    5     -3,-0.9     2,-0.5    -4,-0.6    -1,-0.2   0.286  97.2  85.1-100.4   4.7   19.8   -0.8   -2.2               
  689  689 A E    <   +     0   0  100     -3,-1.1    -1,-0.1    -4,-0.1    -4,-0.0  -0.683  53.5 178.9-112.5  77.8   19.5    1.7   -5.2               
  690  690 A Q        -     0   0   75     -2,-0.5    -3,-0.0    -3,-0.1    -2,-0.0  -0.623  43.7-109.2 -54.5 129.1   17.6    4.7   -4.1               
  691  691 A P        -     0   0  102      0, 0.0     2,-1.2     0, 0.0    -1,-0.1  -0.422  37.3 -97.8 -61.9 144.2   17.7    6.8   -7.4               
  692  692 A P        -     0   0  124      0, 0.0     2,-0.4     0, 0.0    -3,-0.0  -0.537  37.6-158.7 -67.3  97.0   20.0    9.8   -7.1               
  693  693 A L        -     0   0  154     -2,-1.2     2,-1.6     1,-0.1    -3,-0.0  -0.706  31.4-111.1 -65.9 127.0   17.7   12.7   -6.4               
  694  694 A E        -     0   0  199     -2,-0.4     2,-0.6     3,-0.0    -1,-0.1  -0.532  39.1-171.5 -69.2  86.9   19.6   15.8   -7.4               
  695  695 A A        -     0   0   91     -2,-1.6     2,-0.0     1,-0.0    -1,-0.0  -0.796  26.1-122.9 -75.2 117.9   20.3   17.4   -4.1               
  696  696 A E        -     0   0  184     -2,-0.6    -1,-0.0     1,-0.1     0, 0.0  -0.345  42.7 -87.8 -52.1 140.9   21.9   20.9   -4.7               
  697  697 A E        -     0   0  187      1,-0.1    -1,-0.1    -2,-0.0    -3,-0.0  -0.373  44.9-119.4 -59.3 124.0   25.3   21.1   -3.0               
  698  698 A P        -     0   0  117      0, 0.0     2,-0.5     0, 0.0     3,-0.2  -0.477  39.5 -98.7 -66.9 133.8   24.8   22.4    0.6               
  699  699 A P        -     0   0  125      0, 0.0    -3,-0.0     0, 0.0    -2,-0.0  -0.432  55.1 -75.2 -69.7 111.9   26.6   25.7    1.1               
  700  700 A D  S    S+     0   0  177     -2,-0.5    -3,-0.0     1,-0.1     0, 0.0   0.494  89.5 109.7  19.4  81.9   30.1   25.5    2.8               
  701  701 A G        -     0   0   66     -3,-0.2     2,-0.6     2,-0.1    -1,-0.1  -0.241  59.1-135.2 179.2  78.0   29.5   24.9    6.5               
  702  702 A G        +     0   0   86      0, 0.0     2,-0.3     0, 0.0    -2,-0.0  -0.321  43.6 138.4 -64.9 109.2   30.4   21.4    7.9               
  703  703 A T        -     0   0  121     -2,-0.6    -2,-0.1     3,-0.0     0, 0.0  -0.976  54.7-115.1-124.9 134.9   28.2   19.5   10.3               
  704  704 A D        -     0   0  133     -2,-0.3     2,-2.7     1,-0.1     0, 0.0  -0.213  40.2 -88.2 -59.7 155.6   28.0   15.8    9.5               
  705  705 A G  S    S+     0   0   83      2,-0.0     2,-0.3  -153,-0.0    -1,-0.1  -0.120  75.4 144.1 -70.0  41.4   24.6   14.3    8.4               
  706  706 A K        -     0   0   86     -2,-2.7  -190,-0.1     1,-0.1     2,-0.1  -0.673  55.0-109.4 -85.1 134.9   23.3   13.6   12.0               
  707  707 A A        -     0   0   21     -2,-0.3  -192,-2.7  -192,-0.2     2,-0.4  -0.356  32.2-140.8 -64.0 139.4   19.7   14.0   12.9               
  708  708 A Q  E     -O  514   0H  64   -160,-0.3     2,-0.4  -194,-0.2  -194,-0.2  -0.892  10.3-160.9-108.7 132.1   18.9   16.9   15.2               
  709  709 A L  E     -O  513   0H   0   -196,-2.6  -196,-2.9    -2,-0.4     2,-0.3  -0.939  15.7-139.9-108.8 131.1   16.4   16.9   18.1               
  710  710 A V  E     -OP 512 545H   7   -165,-1.9  -165,-2.2    -2,-0.4     2,-0.4  -0.688  14.1-161.1 -90.2 145.1   15.1   20.3   19.5               
  711  711 A V  E     -OP 511 544H   0   -200,-2.7  -200,-2.6    -2,-0.3     2,-0.5  -0.997   7.5-164.5-126.6 130.2   14.6   20.9   23.2               
  712  712 A H  E     +OP 510 543H   6   -169,-2.8  -169,-2.5    -2,-0.4     2,-0.3  -0.964  30.4 145.7-109.3 126.9   12.5   23.6   24.9               
  713  713 A S  E     -O  509   0H   1   -204,-1.9  -204,-2.6    -2,-0.5     2,-0.2  -0.880  51.6 -82.0-145.4 171.1   13.3   24.2   28.6               
  714  714 A A  E >   -O  508   0H  40   -173,-0.4     3,-1.8    -2,-0.3  -206,-0.2  -0.555  49.9-105.6 -74.8 156.4   13.5   26.8   31.3               
  715  715 A F  T 3  S+     0   0  163   -208,-0.9    -1,-0.1     1,-0.3  -207,-0.1   0.469 116.7  60.0 -61.3  -4.5   16.7   28.9   31.4               
  716  716 A E  T 3  S+     0   0  190      2,-0.1    -1,-0.3  -207,-0.0     2,-0.2   0.347  76.8 116.3-109.3   0.8   17.8   26.9   34.6               
  717  717 A Q    <   -     0   0   55     -3,-1.8     2,-1.0     1,-0.1     3,-0.1  -0.482  68.2-122.9 -71.9 142.5   17.9   23.3   33.2               
  718  718 A D     >  -     0   0   88     -2,-0.2     4,-1.7     1,-0.2     3,-0.1  -0.723  26.0-174.0 -81.9 102.5   21.1   21.2   32.9               
  719  719 A V  H  > S+     0   0   38     -2,-1.0     4,-2.4     1,-0.2    -1,-0.2   0.766  81.6  58.1 -71.7 -25.8   21.2   20.3   29.2               
  720  720 A E  H  > S+     0   0  131      2,-0.2     4,-2.1     1,-0.2    -1,-0.2   0.846 105.3  49.6 -73.7 -34.6   24.3   18.0   29.7               
  721  721 A E  H  > S+     0   0  108      2,-0.2     4,-2.2     3,-0.2    -2,-0.2   0.927 112.9  48.3 -65.8 -40.0   22.3   15.9   32.1               
  722  722 A L  H  X S+     0   0    7     -4,-1.7     4,-2.8     2,-0.2    -2,-0.2   0.933 112.4  47.2 -63.2 -48.8   19.4   15.7   29.5               
  723  723 A D  H  X S+     0   0   33     -4,-2.4     4,-2.6     1,-0.2     5,-0.2   0.932 113.8  49.0 -56.9 -45.7   21.9   14.8   26.6               
  724  724 A R  H  X S+     0   0  135     -4,-2.1     4,-1.9     2,-0.2    -2,-0.2   0.870 112.8  47.3 -64.6 -38.2   23.5   12.1   28.9               
  725  725 A A  H  X S+     0   0   22     -4,-2.2     4,-2.4     2,-0.2    -2,-0.2   0.912 111.4  50.8 -69.7 -42.4   20.0   10.7   29.9               
  726  726 A L  H  X S+     0   0    3     -4,-2.8     4,-2.3     2,-0.2    -2,-0.2   0.937 112.3  46.7 -60.5 -47.9   18.8   10.7   26.2               
  727  727 A R  H  X S+     0   0   97     -4,-2.6     4,-2.4     1,-0.2    -1,-0.2   0.910 113.3  49.1 -60.9 -43.0   22.0    8.8   25.1               
  728  728 A A  H  X S+     0   0   62     -4,-1.9     4,-0.9    -5,-0.2    -2,-0.2   0.877 112.3  48.0 -64.9 -38.2   21.6    6.3   28.0               
  729  729 A A  H  < S+     0   0   27     -4,-2.4     4,-0.4     2,-0.2    -2,-0.2   0.858 112.9  49.4 -70.5 -35.2   17.9    5.7   27.1               
  730  730 A L  H >< S+     0   0    3     -4,-2.3     3,-2.0    -5,-0.2     4,-0.4   0.942 104.0  56.7 -68.6 -47.4   18.8    5.2   23.4               
  731  731 A E  H >< S+     0   0   85     -4,-2.4     3,-0.8     1,-0.3    -1,-0.2   0.799  99.5  62.3 -60.5 -25.9   21.6    2.7   24.0               
  732  732 A V  T 3< S+     0   0  119     -4,-0.9    -1,-0.3     1,-0.2    -2,-0.2   0.763 106.3  45.7 -64.8 -25.2   19.1    0.5   25.9               
  733  733 A H  T <  S+     0   0   68     -3,-2.0    42,-0.7    -4,-0.4     2,-0.5   0.370  85.1 113.9-102.1   0.8   17.0    0.2   22.6               
  734  734 A V  E <   -Q  774   0I  28     -3,-0.8     2,-0.3    -4,-0.4    40,-0.2  -0.648  52.3-157.1 -76.3 120.2   20.1   -0.6   20.3               
  735  735 A Q  E     -Q  773   0I 104     38,-3.0    38,-1.8    -2,-0.5     2,-0.5  -0.741   1.9-149.5 -94.7 145.2   19.9   -4.1   18.8               
  736  736 A E  E     -Q  772   0I  75     -2,-0.3     2,-0.3    36,-0.2    36,-0.2  -0.965  13.9-176.4-120.9 114.0   23.0   -6.0   17.6               
  737  737 A E  E     -Q  771   0I  81     34,-2.8    34,-2.9    -2,-0.5     2,-0.4  -0.784  10.4-152.1-104.6 150.7   22.8   -8.5   14.7               
  738  738 A T  E     -Q  770   0I  77     -2,-0.3     2,-0.5    32,-0.2    32,-0.2  -0.951   9.6-172.7-134.3 120.6   25.8  -10.6   13.4               
  739  739 A V  E     -Q  769   0I  13     30,-2.7    30,-2.8    -2,-0.4     3,-0.2  -0.923  35.4 -58.6-111.6 124.4   26.4  -12.1    9.9               
  740  740 A G        -     0   0   43     -2,-0.5    28,-0.2    28,-0.2    -2,-0.1  -0.936  28.2 -89.8 161.9-177.4   29.3  -14.4    9.3               
  741  741 A P        +     0   0  107      0, 0.0     2,-0.3     0, 0.0    -1,-0.2   0.445  56.6 160.0 -86.4 141.7   31.8  -16.0    8.9               
  742  742 A W        -     0   0   28     25,-2.4    -3,-0.0    -3,-0.2    47,-0.0  -0.831  40.7-134.2-117.1 159.9   32.6  -15.0    5.3               
  743  743 A R  S    S+     0   0  253     -2,-0.3     2,-0.3     2,-0.1    24,-0.0   0.188  81.0  60.3 -97.1  12.1   36.0  -15.3    3.4               
  744  744 A R  S    S-     0   0  153     23,-0.2     2,-0.2     0, 0.0    -2,-0.1  -0.992  81.4-107.8-143.1 147.6   36.0  -11.8    1.8               
  745  745 A T        -     0   0  122     -2,-0.3    -2,-0.1     1,-0.1    22,-0.0  -0.486  37.0-113.0 -69.8 142.3   35.9   -8.1    2.8               
  746  746 A L        -     0   0   19     -2,-0.2     2,-0.1     1,-0.1    -1,-0.1  -0.571  34.1-110.1 -66.7 138.0   32.7   -6.0    2.3               
  747  747 A P     >  -     0   0   59      0, 0.0     4,-2.2     0, 0.0     5,-0.1  -0.450  21.1-128.4 -60.3 140.8   33.1   -3.2   -0.3               
  748  748 A A  H  > S+     0   0   79      1,-0.2     4,-2.6     2,-0.2     5,-0.1   0.877 109.3  54.6 -63.3 -36.1   33.0    0.2    1.4               
  749  749 A E  H  > S+     0   0  113      2,-0.2     4,-2.3     1,-0.2    -1,-0.2   0.911 108.8  47.1 -60.5 -44.9   30.2    1.4   -1.1               
  750  750 A L  H  > S+     0   0   19      2,-0.2     4,-2.3     1,-0.2    -2,-0.2   0.871 111.7  51.5 -72.3 -34.1   28.0   -1.6   -0.1               
  751  751 A R  H  X S+     0   0   98     -4,-2.2     4,-2.7     2,-0.2    -2,-0.2   0.962 110.5  48.1 -57.9 -53.1   28.6   -0.9    3.6               
  752  752 A A  H  X S+     0   0   43     -4,-2.6     4,-2.2     1,-0.2    -2,-0.2   0.842 110.9  51.8 -63.5 -34.0   27.6    2.7    3.1               
  753  753 A R  H  X S+     0   0   38     -4,-2.3     4,-3.1     2,-0.2     5,-0.3   0.957 111.6  46.2 -62.0 -50.3   24.4    1.6    1.2               
  754  754 A L  H  X S+     0   0    0     -4,-2.3     4,-1.7     2,-0.2     6,-0.5   0.902 112.9  50.2 -60.2 -42.6   23.5   -0.8    4.1               
  755  755 A E  H  X>S+     0   0   47     -4,-2.7     5,-1.1     2,-0.2     4,-0.8   0.928 119.0  38.4 -61.1 -44.3   24.2    1.9    6.7               
  756  756 A R  H  <5S+     0   0  153     -4,-2.2     3,-0.4    -5,-0.2    -2,-0.2   0.953 115.8  48.3 -69.6 -54.9   22.0    4.5    4.7               
  757  757 A C  H  <5S+     0   0   27     -4,-3.1    -3,-0.2     1,-0.2    -2,-0.2   0.800 125.5  27.5 -66.8 -32.7   19.1    2.2    3.5               
  758  758 A H  H  <5S-     0   0   15     -4,-1.7    -1,-0.2    -5,-0.3    -2,-0.2   0.477 102.3-120.2-104.2  -6.7   18.4    0.6    6.9               
  759  759 A G  T  <5 +     0   0   12     -4,-0.8    15,-0.4    -3,-0.4     2,-0.3   0.920  69.6 132.9  62.3  43.4   19.6    3.4    9.3               
  760  760 A V      < -     0   0    1     -5,-1.1     2,-0.4    -6,-0.5    13,-0.2  -0.769  58.2-123.6-117.2 164.6   22.2    1.0   10.8               
  761  761 A S  E     -R  772   0I  39     11,-2.9    11,-2.7    -2,-0.3     2,-0.5  -0.950  23.8-149.3-106.7 132.3   25.9    1.1   11.8               
  762  762 A V  E     -R  771   0I   3     -2,-0.4     2,-0.4     9,-0.2     9,-0.2  -0.903  16.1-177.7-106.4 120.0   28.1   -1.6   10.2               
  763  763 A A  E     -R  770   0I  46      7,-2.9     7,-3.2    -2,-0.5     2,-0.6  -0.957  19.6-140.4-119.7 134.0   31.1   -2.9   12.2               
  764  764 A L  E     +R  769   0I  87     -2,-0.4     2,-0.4     5,-0.2     5,-0.2  -0.815  21.6 174.4 -91.6 122.0   33.7   -5.5   11.0               
  765  765 A R  E >   -R  768   0I 175      3,-2.8     3,-0.8    -2,-0.6     2,-0.2  -0.744  63.5 -64.4-127.4  83.3   34.9   -7.9   13.8               
  766  766 A G  T 3  S-     0   0   68     -2,-0.4    -1,-0.1     1,-0.2     0, 0.0  -0.583 116.2 -11.7  72.0-135.0   37.1  -10.5   12.1               
  767  767 A D  T 3  S+     0   0  107     -2,-0.2   -25,-2.4    -3,-0.1     2,-0.4   0.313 126.3  79.9 -77.5   5.3   35.3  -12.7    9.5               
  768  768 A C  E <   - R   0 765I  35     -3,-0.8    -3,-2.8   -27,-0.2     2,-0.4  -0.929  68.8-140.7-118.4 142.8   31.9  -11.3   10.8               
  769  769 A T  E     -QR 739 764I   0    -30,-2.8   -30,-2.7    -2,-0.4     2,-0.4  -0.863  14.5-152.6 -96.0 133.8   29.8   -8.1   10.2               
  770  770 A I  E     -QR 738 763I   6     -7,-3.2    -7,-2.9    -2,-0.4     2,-0.5  -0.895   5.6-158.4-103.2 132.9   28.0   -6.6   13.2               
  771  771 A L  E     -QR 737 762I   0    -34,-2.9   -34,-2.8    -2,-0.4     2,-0.4  -0.976   9.9-172.8-117.5 118.1   24.9   -4.6   12.5               
  772  772 A R  E     +QR 736 761I  90    -11,-2.7   -11,-2.9    -2,-0.5     2,-0.3  -0.967  28.7 101.2-119.1 128.4   23.8   -2.0   15.1               
  773  773 A G  E     -Q  735   0I   2    -38,-1.8   -38,-3.0    -2,-0.4     2,-0.3  -0.940  62.6 -59.6-179.1-168.0   20.5   -0.0   15.1               
  774  774 A F  E >  S-Q  734   0I   5    -15,-0.4     3,-1.4    -2,-0.3   -40,-0.1  -0.756  83.3 -27.0-106.4 144.5   16.9    0.3   16.4               
  775  775 A G  T 3  S-     0   0   22    -42,-0.7     4,-0.3    -2,-0.3   -40,-0.1  -0.196 121.4 -18.4  55.8-144.1   13.9   -2.2   16.2               
  776  776 A A  T 3> S+     0   0   60      1,-0.2     4,-2.3     2,-0.1    -1,-0.2   0.448 109.9  98.3 -73.5  -1.1   13.8   -4.7   13.3               
  777  777 A H  H <> S+     0   0   34     -3,-1.4     4,-2.8     1,-0.2    -1,-0.2   0.898  80.1  50.0 -62.4 -42.2   16.3   -2.7   11.1               
  778  778 A P  H  > S+     0   0    0      0, 0.0     4,-2.2     0, 0.0    -1,-0.2   0.888 112.6  48.8 -62.1 -36.3   19.5   -4.7   12.0               
  779  779 A A  H  > S+     0   0   34     -4,-0.3     4,-2.2     2,-0.2    -2,-0.2   0.895 112.1  47.5 -72.0 -39.0   17.6   -8.0   11.1               
  780  780 A R  H  X S+     0   0   80     -4,-2.3     4,-2.6     2,-0.2     5,-0.2   0.957 113.0  49.3 -62.5 -46.7   16.4   -6.5    7.8               
  781  781 A A  H  X S+     0   0    0     -4,-2.8     4,-2.5     1,-0.2    -2,-0.2   0.879 109.8  52.4 -58.7 -38.7   20.0   -5.4    7.1               
  782  782 A A  H  X S+     0   0   13     -4,-2.2     4,-2.5    -5,-0.2    -1,-0.2   0.912 111.3  46.3 -64.2 -43.1   21.2   -8.9    8.0               
  783  783 A R  H  X S+     0   0   99     -4,-2.2     4,-2.5     2,-0.2    -2,-0.2   0.938 114.5  45.9 -63.1 -49.7   18.7  -10.5    5.5               
  784  784 A H  H  X S+     0   0   13     -4,-2.6     4,-2.0     2,-0.2    -2,-0.2   0.932 114.0  49.8 -63.2 -43.8   19.5   -8.1    2.6               
  785  785 A L  H  X S+     0   0    1     -4,-2.5     4,-1.2    -5,-0.2    -2,-0.2   0.934 111.3  48.7 -55.6 -50.4   23.2   -8.6    3.3               
  786  786 A V  H  X S+     0   0   73     -4,-2.5     4,-0.5     1,-0.2     3,-0.4   0.887 108.0  54.5 -60.7 -40.7   22.8  -12.5    3.3               
  787  787 A A  H >< S+     0   0   22     -4,-2.5     3,-1.1     1,-0.2    -1,-0.2   0.898 105.0  53.9 -61.8 -38.1   20.8  -12.3   -0.0               
  788  788 A L  H 3< S+     0   0   10     -4,-2.0     3,-0.5     1,-0.2    -1,-0.2   0.815 108.2  50.5 -63.9 -31.2   23.7  -10.4   -1.6               
  789  789 A L  H 3< S+     0   0   52     -4,-1.2    -1,-0.2    -3,-0.4    -2,-0.2   0.583  88.6  89.2 -73.0 -16.8   26.1  -13.2   -0.5               
  790  790 A A  S << S+     0   0   83     -3,-1.1    -1,-0.2    -4,-0.5    -2,-0.1   0.336  83.4  43.8 -81.6   6.0   23.9  -16.0   -2.0               
  791  791 A G  S    S-     0   0   21     -3,-0.5     2,-1.2    -4,-0.1  -113,-0.0  -0.810 100.4 -61.6-140.7 175.9   25.3  -16.2   -5.6               
  792  792 A P        -     0   0  120      0, 0.0     2,-1.6     0, 0.0    -2,-0.1  -0.490  45.7-151.8 -70.1  96.6   28.6  -16.3   -7.7               
  793  793 A W        -     0   0  107     -2,-1.2     2,-0.3    -4,-0.2    -4,-0.0  -0.543  19.1-179.8 -65.0  88.6   30.4  -13.0   -7.0               
  794  794 A D    >   -     0   0  118     -2,-1.6     3,-0.9     1,-0.1     0, 0.0  -0.644  38.4-118.6 -78.8 151.8   32.3  -12.4  -10.2               
  795  795 A Q  T 3  S+     0   0  169     -2,-0.3    -1,-0.1     1,-0.2    -2,-0.1   0.181  92.1  99.7 -81.1  18.5   34.4   -9.2  -10.1               
  796  796 A S  T 3   +     0   0   91      1,-0.2     2,-2.2     2,-0.1    -1,-0.2   0.503  46.8 100.3 -87.4  -6.8   32.4   -7.8  -13.1               
  797  797 A L    <   +     0   0  105     -3,-0.9     2,-1.4     2,-0.1    -1,-0.2  -0.459  51.0 172.2 -72.7  64.4   30.1   -5.6  -10.9               
  798  798 A A        -     0   0   84     -2,-2.2    -2,-0.1     2,-0.0    -3,-0.0  -0.701  33.2-133.7 -74.6  90.1   32.2   -2.6  -11.8               
  799  799 A F        -     0   0   68     -2,-1.4     2,-1.9     1,-0.1     3,-0.3  -0.312   5.7-144.2 -50.3 114.9   29.9    0.0  -10.2               
  800  800 A P  S    S+     0   0  131      0, 0.0    -1,-0.1     0, 0.0    -2,-0.0  -0.300  74.4 101.2 -82.9  54.9   29.5    2.9  -12.8               
  801  801 A L        +     0   0  138     -2,-1.9     2,-0.6     2,-0.1    -2,-0.1  -0.041  39.7 115.7-133.1  28.4   29.5    5.5   -9.9               
  802  802 A A        -     0   0   93     -3,-0.3     2,-0.5     2,-0.1     0, 0.0  -0.906  64.9-131.3 -97.3 113.4   33.1    6.9  -10.0               
  803  803 A A        +     0   0  102     -2,-0.6     2,-0.3     0, 0.0    -2,-0.1  -0.526  51.0 125.5 -70.7 114.4   32.8   10.6  -11.0               
  804  804 A S        -     0   0  122     -2,-0.5    -2,-0.1     0, 0.0     0, 0.0  -0.922  54.1-100.5-164.0 151.2   35.3   11.7  -13.8               
  805  805 A G        -     0   0   70     -2,-0.3     2,-0.2     1,-0.1     0, 0.0  -0.012  51.8 -69.1 -71.8 173.6   35.1   13.4  -17.2               
  806  806 A P        +     0   0  124      0, 0.0    -1,-0.1     0, 0.0     0, 0.0  -0.462  56.9 116.8 -87.7 135.3   35.1   11.7  -20.7               
  807  807 A T        +     0   0  137     -2,-0.2     2,-0.2     1,-0.1    -2,-0.0   0.028  32.3  79.5 177.1 111.1   37.5    9.9  -23.0               
  808  808 A L        -     0   0  183      0, 0.0     2,-0.3     0, 0.0    -1,-0.1  -0.673  49.6-130.5-165.5 159.6   37.9    6.6  -24.6               
  809  809 A A        -     0   0   94     -2,-0.2     0, 0.0     1,-0.2     0, 0.0  -0.718  38.2 -15.7 -98.7 142.1   36.3    5.0  -27.7               
  810  810 A G        +     0   0   70     -2,-0.3     2,-0.3     1,-0.1    -1,-0.2   0.904  34.5 142.0  70.4  93.0   34.7    1.9  -29.0               
  811  811 A Q        -     0   0  197      2,-0.0     2,-0.9     0, 0.0    -1,-0.1  -0.909  45.4-121.0-147.9 146.9   33.9   -1.7  -28.4               
  812  812 A T        -     0   0  124     -2,-0.3     2,-1.0     2,-0.1     0, 0.0  -0.675  24.5-179.3 -91.8 105.8   30.5   -3.1  -29.3               
  813  813 A L        -     0   0  176     -2,-0.9     2,-1.6     2,-0.0    -1,-0.0  -0.795   6.8-172.2 -92.9  91.6   28.3   -4.7  -26.7               
  814  814 A K        -     0   0  200     -2,-1.0    -2,-0.1     2,-0.0    -1,-0.0  -0.674  15.6-177.1 -75.9  80.4   25.2   -5.9  -28.7               
  815  815 A G    >   -     0   0   46     -2,-1.6     3,-0.8     1,-0.1    -2,-0.0  -0.522  37.5-111.4 -71.8 153.9   23.2   -6.9  -25.7               
  816  816 A P  T 3  S+     0   0  125      0, 0.0    -1,-0.1     0, 0.0    -2,-0.0   0.448 104.6  67.4 -64.8  -2.0   19.7   -8.5  -26.4               
  817  817 A W  T 3   +     0   0  224      1,-0.1     2,-1.6     2,-0.0    -3,-0.0   0.111  53.3 122.3-116.8  13.3   17.7   -5.4  -24.9               
  818  818 A N    <   +     0   0  129     -3,-0.8    -1,-0.1     1,-0.2    -4,-0.0  -0.559  29.0 173.9 -85.1  81.6   18.3   -2.4  -27.3               
  819  819 A N        +     0   0   47     -2,-1.6    38,-2.5    76,-0.1     2,-0.5   0.335  56.5  81.1 -69.6   4.8   14.7   -1.6  -28.2               
  820  820 A L  E     -S  856   0J  38     36,-0.2     2,-0.5   180,-0.0    36,-0.2  -0.962  55.6-173.5-120.6 120.6   15.8    1.6  -30.1               
  821  821 A E  E     -S  855   0J 107     34,-2.6    34,-3.0    -2,-0.5     2,-0.5  -0.928  24.9-131.3-111.9 114.1   17.2    1.6  -33.7               
  822  822 A R  E     -S  854   0J 150     -2,-0.5    32,-0.3    32,-0.3     2,-0.2  -0.509  22.9-136.9 -67.4 118.7   18.6    5.0  -35.0               
  823  823 A L        -     0   0   10     30,-2.1    30,-0.4    -2,-0.5     2,-0.3  -0.454  15.1-120.1 -72.8 141.4   17.2    5.7  -38.4               
  824  824 A A    >   -     0   0   53     -2,-0.2     3,-2.3     1,-0.1     6,-0.3  -0.659  18.7-125.3 -82.6 140.0   19.5    7.1  -41.1               
  825  825 A E  T 3  S+     0   0  124     -2,-0.3    -1,-0.1     1,-0.3     6,-0.1   0.648 107.3  62.1 -65.2 -17.4   18.5   10.5  -42.6               
  826  826 A N  T 3  S+     0   0  133      4,-0.1    -1,-0.3     5,-0.0     2,-0.2   0.435  82.7 104.2 -86.3  -3.3   18.5    9.2  -46.2               
  827  827 A T  S <> S-     0   0   46     -3,-2.3     4,-1.8     1,-0.1     5,-0.1  -0.547  74.7-132.3 -78.5 146.5   15.6    6.6  -45.4               
  828  828 A G  H  > S+     0   0   41     -2,-0.2     4,-2.3     2,-0.2     5,-0.2   0.935 108.2  57.2 -60.6 -42.0   12.0    7.3  -46.6               
  829  829 A E  H  > S+     0   0   62      1,-0.2     4,-2.7     2,-0.2     5,-0.3   0.909 106.2  47.9 -56.3 -48.5   10.8    6.4  -43.1               
  830  830 A F  H  > S+     0   0   23     -6,-0.3     4,-2.6     1,-0.2     5,-0.2   0.933 113.6  48.2 -57.5 -46.5   13.0    9.2  -41.4               
  831  831 A Q  H  X S+     0   0   94     -4,-1.8     4,-1.5     2,-0.2    -2,-0.2   0.820 113.3  47.4 -67.6 -31.8   11.8   11.7  -44.0               
  832  832 A E  H  X S+     0   0  128     -4,-2.3     4,-2.7     2,-0.2     5,-0.2   0.947 114.9  44.4 -73.2 -48.4    8.1   10.7  -43.5               
  833  833 A V  H  X S+     0   0   20     -4,-2.7     4,-2.2     1,-0.2    -2,-0.2   0.934 116.9  46.3 -61.3 -47.2    8.2   10.9  -39.7               
  834  834 A V  H  X S+     0   0   22     -4,-2.6     4,-2.6    -5,-0.3    -1,-0.2   0.877 113.2  50.3 -66.7 -36.3   10.2   14.2  -39.7               
  835  835 A R  H  X S+     0   0  141     -4,-1.5     4,-2.6    -5,-0.2    -2,-0.2   0.964 110.8  47.8 -64.7 -50.2    7.8   15.7  -42.3               
  836  836 A A  H  X S+     0   0   45     -4,-2.7     4,-0.6     2,-0.2    88,-0.3   0.879 113.7  49.3 -59.3 -39.0    4.7   14.7  -40.3               
  837  837 A F  H >< S+     0   0    0     -4,-2.2     3,-1.6    -5,-0.2     4,-0.4   0.985 113.8  43.8 -61.1 -56.9    6.3   16.2  -37.2               
  838  838 A Y  H >< S+     0   0   51     -4,-2.6     3,-0.8     1,-0.3     4,-0.2   0.820 109.1  57.8 -62.0 -32.2    7.3   19.5  -38.9               
  839  839 A D  H 3< S+     0   0   81     -4,-2.6    -1,-0.3     1,-0.2    -2,-0.2   0.617 113.3  40.8 -75.1  -9.6    3.8   19.8  -40.6               
  840  840 A T  T << S+     0   0   23     -3,-1.6    85,-2.6    -4,-0.6    -1,-0.2   0.299  89.8  89.0-118.4   9.9    2.2   19.7  -37.1               
  841  841 A L    X   -     0   0    0     -3,-0.8     3,-1.7    -4,-0.4     4,-0.3   0.545  64.9-175.1 -80.8  -8.4    4.7   22.0  -35.2               
  842  842 A D  G >  S-     0   0   83      1,-0.3     3,-1.4    -4,-0.2    -1,-0.2  -0.201  71.0  -3.2  48.6-127.8    2.7   25.2  -36.1               
  843  843 A A  G >  S+     0   0   84      1,-0.2     3,-1.3     2,-0.1    -1,-0.3   0.814 130.6  66.5 -62.1 -29.1    4.6   28.3  -34.9               
  844  844 A A  G X> S+     0   0   24     -3,-1.7     3,-2.2     1,-0.3     4,-0.8   0.632  74.2  89.5 -71.9 -10.4    7.4   26.1  -33.3               
  845  845 A R  G <4 S+     0   0  125     -3,-1.4    -1,-0.3     1,-0.3    -2,-0.1   0.723  88.3  51.7 -54.0 -23.6    8.4   24.9  -36.9               
  846  846 A S  G <4 S+     0   0   68     -3,-1.3    -1,-0.3    -4,-0.2    -2,-0.2   0.379 116.6  35.4 -94.1  -2.9   10.8   28.0  -36.8               
  847  847 A S  T <4 S+     0   0   16     -3,-2.2   160,-2.1     1,-0.1     2,-0.4   0.235  97.8  85.0-138.7  12.2   12.5   27.2  -33.5               
  848  848 A I  E  <  - T   01006J  11     -4,-0.8     2,-0.4   158,-0.2   158,-0.2  -0.981  50.2-169.4-123.3 127.8   12.8   23.3  -33.3               
  849  849 A R  E     - T   01005J 123    156,-2.5   156,-2.5    -2,-0.4     2,-0.4  -0.941  21.2-132.0-110.2 131.8   15.6   21.2  -34.8               
  850  850 A V  E     - T   01004J  25     -2,-0.4   154,-0.3   154,-0.2     3,-0.1  -0.745  21.4-177.6 -77.8 131.3   15.4   17.3  -35.1               
  851  851 A V  E     -     0   0J  38    152,-2.9     2,-0.3     1,-0.4   153,-0.2   0.753  64.5 -21.8 -98.7 -39.0   18.6   15.8  -33.8               
  852  852 A R  E     - T   01003J  69    151,-1.5   151,-2.4     2,-0.0    -1,-0.4  -0.955  49.2-139.7-163.5 158.3   17.7   12.1  -34.5               
  853  853 A V  E     - T   01002J   0    -30,-0.4   -30,-2.1    -2,-0.3     2,-0.4  -0.992  20.3-167.6-122.8 134.3   14.8    9.7  -35.0               
  854  854 A E  E     -ST 8221001J  29    147,-2.5   147,-3.0    -2,-0.4     2,-0.3  -0.991  18.0-131.2-128.1 119.9   15.0    6.2  -33.4               
  855  855 A R  E     -ST 8211000J  76    -34,-3.0   -34,-2.6    -2,-0.4     2,-0.4  -0.594  20.2-135.9 -71.1 133.7   12.6    3.4  -34.3               
  856  856 A V  E     -S  820   0J  13    143,-2.4     2,-0.5    -2,-0.3   -36,-0.2  -0.802  17.5-166.0 -91.8 130.3   11.0    1.6  -31.3               
  857  857 A S        +     0   0   64    -38,-2.5   142,-0.1    -2,-0.4   143,-0.0  -0.936  25.6 147.9-122.6 107.9   11.0   -2.2  -31.4               
  858  858 A H     >  -     0   0   33     -2,-0.5     4,-2.2   140,-0.2     5,-0.2  -0.739  19.3-175.4-137.1  85.5    8.7   -4.1  -28.9               
  859  859 A P  H  > S+     0   0   84      0, 0.0     4,-2.4     0, 0.0     5,-0.2   0.865  80.9  49.2 -57.5 -45.0    7.4   -7.3  -30.6               
  860  860 A L  H  > S+     0   0   67      1,-0.2     4,-2.5     2,-0.2     5,-0.2   0.943 113.3  46.4 -59.8 -50.4    5.0   -8.5  -27.8               
  861  861 A L  H  > S+     0   0    6      1,-0.2     4,-2.4     2,-0.2    -1,-0.2   0.852 111.3  53.9 -62.0 -35.2    3.4   -5.1  -27.4               
  862  862 A Q  H  X S+     0   0   80     -4,-2.2     4,-2.4     2,-0.2    -2,-0.2   0.932 109.5  46.7 -64.5 -44.6    3.0   -4.9  -31.2               
  863  863 A Q  H  X S+     0   0  119     -4,-2.4     4,-2.2     2,-0.2    -2,-0.2   0.937 114.4  47.4 -62.9 -45.0    1.2   -8.3  -31.3               
  864  864 A Q  H  X S+     0   0   44     -4,-2.5     4,-2.0     1,-0.2    -2,-0.2   0.912 113.9  48.2 -59.2 -44.6   -1.1   -7.2  -28.4               
  865  865 A Y  H  X S+     0   0    0     -4,-2.4     4,-2.1    -5,-0.2    -2,-0.2   0.871 109.9  51.7 -63.0 -41.1   -1.7   -3.9  -30.2               
  866  866 A E  H  X S+     0   0   63     -4,-2.4     4,-2.3     2,-0.2    -2,-0.2   0.915 109.2  49.4 -71.1 -36.2   -2.5   -5.6  -33.5               
  867  867 A L  H  X S+     0   0   73     -4,-2.2     4,-2.4     2,-0.2    -2,-0.2   0.933 113.4  46.4 -65.9 -43.0   -5.1   -8.0  -32.0               
  868  868 A Y  H  X S+     0   0   49     -4,-2.0     4,-2.4     1,-0.2    -2,-0.2   0.872 111.1  54.4 -66.5 -32.7   -6.8   -5.0  -30.2               
  869  869 A R  H  X S+     0   0   82     -4,-2.1     4,-2.1     2,-0.2    -2,-0.2   0.927 108.6  46.7 -64.9 -45.5   -6.7   -3.1  -33.6               
  870  870 A E  H  X S+     0   0  114     -4,-2.3     4,-1.8     2,-0.2    -2,-0.2   0.942 112.1  52.4 -62.5 -44.1   -8.4   -6.0  -35.4               
  871  871 A R  H  X S+     0   0   23     -4,-2.4     4,-2.5     1,-0.2    -2,-0.2   0.913 111.6  44.7 -54.8 -49.4  -11.0   -6.1  -32.6               
  872  872 A L  H  X S+     0   0    0     -4,-2.4     4,-2.3     1,-0.2    -1,-0.2   0.829 107.9  58.4 -71.7 -29.0  -11.7   -2.3  -32.8               
  873  873 A L  H  < S+     0   0   65     -4,-2.1    -1,-0.2    -5,-0.2    -2,-0.2   0.860 114.3  38.9 -64.0 -34.4  -11.9   -2.6  -36.7               
  874  874 A Q  H  < S+     0   0  131     -4,-1.8    -2,-0.2    -3,-0.2    -1,-0.2   0.883 122.0  42.0 -78.8 -40.5  -14.7   -5.1  -36.2               
  875  875 A R  H  < S+     0   0   89     -4,-2.5     2,-0.4    -5,-0.2    -3,-0.2   0.841 101.9  69.6 -80.0 -40.5  -16.5   -3.4  -33.2               
  876  876 A C     <  -     0   0    4     -4,-2.3     5,-0.1    -5,-0.2    75,-0.0  -0.689  53.3-164.9 -85.6 136.9  -16.4    0.3  -34.2               
  877  877 A E        +     0   0  191     -2,-0.4    -1,-0.1     2,-0.0     4,-0.0   0.820  69.9  90.1 -76.1 -33.5  -18.5    1.8  -37.0               
  878  878 A R  S    S-     0   0  142      2,-0.1    -2,-0.1     3,-0.0     3,-0.1  -0.260  75.6-115.6 -69.1 150.3  -16.4    5.0  -37.0               
  879  879 A R  S    S+     0   0  140      1,-0.2     2,-0.1     2,-0.1    -2,-0.0  -0.995  86.2  32.6-136.0 144.0  -13.2    5.5  -39.0               
  880  880 A P        +     0   0   86      0, 0.0    -1,-0.2     0, 0.0    -2,-0.1   0.546  57.8 174.7 -77.6 147.7  -10.3    5.8  -38.5               
  881  881 A V  S    S+     0   0    4     69,-0.1    70,-2.2    -2,-0.1    69,-0.6   0.659  72.9  56.2 -81.1 -19.3  -10.1    3.7  -35.3               
  882  882 A E  E     -U  949   0J  41     67,-0.2     2,-0.3    68,-0.2    67,-0.2  -0.925  66.7-178.2-117.8 134.4   -6.3    4.2  -35.3               
  883  883 A Q  E     -U  948   0J  28     65,-2.5    65,-2.7    -2,-0.4     2,-0.6  -0.992  29.5-125.6-132.5 144.8   -4.4    7.6  -35.3               
  884  884 A V  E     +U  947   0J  88     -2,-0.3     2,-0.3    63,-0.2    63,-0.2  -0.816  46.0 171.6 -83.6 118.1   -0.7    8.5  -35.4               
  885  885 A L  E     -U  946   0J   0     61,-2.5    61,-2.8    -2,-0.6     2,-0.4  -0.855  29.4-117.8-131.9 163.2   -0.3   10.8  -32.3               
  886  886 A Y  E     -UV 945 921J  11     35,-2.9    35,-2.9    -2,-0.3     2,-0.5  -0.885  17.2-169.4-109.9 133.4    2.6   12.5  -30.4               
  887  887 A H  E     -U  944   0J  24     57,-2.4    57,-2.8    -2,-0.4     2,-0.4  -0.962   9.3-156.8-122.5 111.4    3.6   12.0  -26.7               
  888  888 A G  E     +U  943   0J  10     -2,-0.5     2,-0.3    55,-0.3    55,-0.2  -0.745  25.5 165.7 -82.7 136.4    6.1   14.4  -25.1               
  889  889 A T  E     -U  942   0J  15     53,-2.2    53,-0.7    -2,-0.4     2,-0.2  -0.892  38.0 -88.2-144.2 170.8    8.0   13.0  -22.1               
  890  890 A T    >   -     0   0   59     -2,-0.3     3,-0.9    43,-0.2     4,-0.3  -0.506  40.4-114.5 -76.4 151.9   11.0   13.4  -19.7               
  891  891 A A  G >  S+     0   0   45     43,-0.3     3,-1.4     1,-0.2    -1,-0.1   0.894 114.2  56.2 -57.9 -40.3   14.4   11.9  -20.7               
  892  892 A P  G 3  S+     0   0  104      0, 0.0     4,-0.5     0, 0.0    -1,-0.2   0.756 103.3  55.7 -63.7 -24.3   14.4    9.4  -17.7               
  893  893 A A  G <> S+     0   0   22     -3,-0.9     4,-1.8     1,-0.2    -2,-0.2   0.410  84.2  86.6 -87.8  -1.4   11.0    7.9  -18.8               
  894  894 A V  H <> S+     0   0   19     -3,-1.4     4,-1.6    -4,-0.3    -1,-0.2   0.928  88.4  47.5 -65.7 -45.6   12.3    7.1  -22.4               
  895  895 A P  H  > S+     0   0   81      0, 0.0     4,-1.9     0, 0.0     3,-0.3   0.951 111.6  51.1 -59.9 -47.1   13.8    3.6  -21.4               
  896  896 A D  H  > S+     0   0   68     -4,-0.5     4,-2.4     1,-0.2     5,-0.4   0.898 110.2  48.2 -58.3 -45.5   10.5    2.6  -19.6               
  897  897 A I  H  X S+     0   0   13     -4,-1.8     4,-1.1     1,-0.2    -1,-0.2   0.842 114.7  46.8 -66.8 -31.6    8.3    3.5  -22.6               
  898  898 A C  H  < S+     0   0    5     -4,-1.6    -1,-0.2    -3,-0.3    -2,-0.2   0.759 119.7  39.7 -77.1 -26.6   10.6    1.5  -24.9               
  899  899 A A  H  < S+     0   0   40     -4,-1.9    -2,-0.2    -3,-0.2    -3,-0.2   0.702 136.7  11.5 -92.6 -26.9   10.7   -1.5  -22.5               
  900  900 A H  H  < S-     0   0  117     -4,-2.4    -3,-0.2     1,-0.3    -2,-0.1   0.328  95.2-130.0-137.4  -1.7    7.0   -1.6  -21.3               
  901  901 A G     <  -     0   0    1     -4,-1.1     2,-1.2    -5,-0.4    -1,-0.3  -0.327  62.5 -19.9  73.1-159.2    5.0    0.8  -23.6               
  902  902 A F        -     0   0    3     94,-0.6     2,-0.4    91,-0.6    93,-0.2  -0.650  69.3-172.6 -92.0  89.0    2.6    3.5  -22.4               
  903  903 A N    >>  -     0   0   42     -2,-1.2     3,-0.8     1,-0.1     4,-0.7  -0.668  23.3-148.4 -87.7 127.6    1.7    2.6  -18.8               
  904  904 A R  T 34 S+     0   0  102     -2,-0.4     3,-0.3     1,-0.2    -1,-0.1   0.758  93.7  69.3 -60.7 -26.3   -1.1    4.6  -17.0               
  905  905 A S  T 34 S+     0   0   90      1,-0.2    -1,-0.2     2,-0.1     3,-0.1   0.845 100.3  45.4 -66.7 -33.9    0.7    4.0  -13.6               
  906  906 A F  T X4 S+     0   0  123     -3,-0.8     2,-1.9     1,-0.2     3,-0.6   0.715  93.1  85.5 -79.5 -18.4    3.6    6.3  -14.5               
  907  907 A C  T 3<  +     0   0   38     -4,-0.7    -1,-0.2    -3,-0.3    10,-0.2  -0.239  61.0 104.5 -80.7  50.9    1.1    8.9  -15.9               
  908  908 A G  T 3   +     0   0   56     -2,-1.9    -1,-0.2    -3,-0.1     4,-0.1   0.774  63.4  56.7-101.2 -33.5    0.6   10.5  -12.4               
  909  909 A R  S <  S+     0   0  247     -3,-0.6     2,-0.4     1,-0.1     3,-0.1   0.776  99.4  49.0 -84.8 -27.5    2.6   13.9  -12.2               
  910  910 A N  S    S-     0   0  107      1,-0.2    -1,-0.1    22,-0.0    22,-0.0  -0.931 104.0 -14.8-125.1 139.2    1.2   16.0  -15.2               
  911  911 A A        +     0   0   40     -2,-0.4     3,-0.3     1,-0.1    -1,-0.2   0.873  45.1 170.1  47.8  78.9   -2.2   17.0  -16.6               
  912  912 A T        +     0   0   47      1,-0.2    47,-0.8    -3,-0.1    48,-0.2  -0.025  42.2 119.1 -96.8  29.4   -5.2   14.9  -15.2               
  913  913 A V  S    S+     0   0   82      1,-0.2    45,-0.4    45,-0.2    -1,-0.2   0.825  82.6  26.3 -71.6 -34.5   -7.8   17.3  -16.8               
  914  914 A Y  S    S-     0   0   63      1,-0.4    43,-1.4    -3,-0.3     2,-0.2   0.445 133.2 -46.9-110.1  -4.4   -9.6   14.8  -19.1               
  915  915 A G        -     0   0    0     41,-0.2     2,-0.8     2,-0.1    -1,-0.4  -0.863  58.4 -81.9 158.7 171.4   -8.8   11.6  -17.1               
  916  916 A K  S    S+     0   0  106     44,-3.2     2,-0.2    -2,-0.2    -4,-0.1  -0.880  92.4  90.3 -95.8  87.9   -6.2    9.5  -15.2               
  917  917 A G  S    S-     0   0    2     -2,-0.8     2,-0.4   -10,-0.2    74,-0.2  -0.894  87.0 -56.0-163.6-175.2   -4.7    7.9  -18.3               
  918  918 A V  E     - W   0 990J   1     72,-1.8    72,-2.0    -2,-0.2     2,-0.4  -0.697  51.0-140.7 -86.6 129.0   -2.0    8.4  -21.0               
  919  919 A Y  E     - W   0 989J  44     -2,-0.4     2,-0.4    70,-0.2    70,-0.2  -0.753  19.2-176.9 -95.5 133.6   -2.2   11.7  -22.9               
  920  920 A F  E     - W   0 988J   2     68,-2.8    68,-2.7    -2,-0.4     2,-0.4  -0.991  14.8-142.8-130.8 133.1   -1.5   11.9  -26.7               
  921  921 A A  E     -VW 886 987J   2    -35,-2.9   -35,-2.9    -2,-0.4    66,-0.2  -0.776  10.1-149.0 -95.7 140.0   -1.5   15.1  -28.9               
  922  922 A R  S    S+     0   0  119     64,-2.9     2,-0.4    -2,-0.4    65,-0.1   0.541  89.6  49.8 -75.7  -9.9   -2.8   15.2  -32.5               
  923  923 A R  S >> S-     0   0   97     63,-0.4     3,-1.8   -37,-0.2     4,-1.1  -0.998  73.5-141.0-134.1 133.7   -0.2   18.0  -33.2               
  924  924 A A  H 3> S+     0   0    0     -2,-0.4     4,-2.6   -88,-0.3   -83,-0.3   0.819  98.8  76.0 -57.8 -30.7    3.6   18.0  -32.4               
  925  925 A S  H 34 S+     0   0   24    -85,-2.6    -1,-0.3     1,-0.2   -84,-0.1   0.652 100.3  42.0 -56.9 -20.4    3.1   21.7  -31.4               
  926  926 A L  H X4 S+     0   0   33     -3,-1.8     3,-1.9   -86,-0.2    -1,-0.2   0.903 116.0  44.6 -86.2 -56.9    1.5   20.6  -28.2               
  927  927 A S  H 3< S+     0   0    7     -4,-1.1     6,-0.2     1,-0.3    -2,-0.2   0.713 104.7  64.4 -65.9 -22.5    3.9   17.7  -27.2               
  928  928 A V  T 3< S+     0   0    9     -4,-2.6    -1,-0.3     4,-0.1     2,-0.2   0.501  77.3 111.6 -75.8  -7.3    7.0   19.7  -28.1               
  929  929 A Q  S X> S-     0   0   67     -3,-1.9     3,-2.5    -5,-0.2     4,-2.4  -0.515  79.6-122.4 -71.5 140.6    6.2   22.2  -25.2               
  930  930 A D  T 34 S+     0   0   89      1,-0.3    -1,-0.1     2,-0.2    -3,-0.0   0.755 108.8  68.6 -61.9 -23.7    8.7   22.0  -22.3               
  931  931 A R  T 34 S+     0   0  147      2,-0.2    -1,-0.3     1,-0.1    -3,-0.1   0.510 117.9  22.9 -67.1  -9.6    5.9   21.2  -19.8               
  932  932 A Y  T <4 S+     0   0   57     -3,-2.5    -2,-0.2    -5,-0.1    -1,-0.1   0.603 137.6  29.3-121.8 -47.4    5.5   17.8  -21.6               
  933  933 A S  S  < S-     0   0    0     -4,-2.4    -2,-0.2    -6,-0.2   -43,-0.2  -0.688  80.4-170.9-113.5  70.4    9.0   17.2  -23.3               
  934  934 A P        -     0   0   45      0, 0.0     8,-0.5     0, 0.0   -43,-0.3  -0.383  28.1-109.0 -61.4 141.1   11.4   19.1  -20.9               
  935  935 A P        -     0   0   64      0, 0.0     6,-0.2     0, 0.0     2,-0.1  -0.439  27.5-135.5 -65.6 144.7   15.0   19.4  -22.3               
  936  936 A N    >   -     0   0   57      4,-2.3     3,-2.2    -2,-0.1     5,-0.0  -0.220  46.8 -73.5 -78.4-174.8   17.8   17.4  -20.7               
  937  937 A A  T 3  S+     0   0  111      1,-0.3    -1,-0.0     2,-0.1     0, 0.0   0.741 135.7  52.0 -56.3 -26.3   21.2   18.8  -19.8               
  938  938 A D  T 3  S-     0   0  110      2,-0.1    -1,-0.3    67,-0.0     3,-0.1   0.494 121.7-105.5 -81.7 -10.0   22.2   18.9  -23.6               
  939  939 A G  S <  S+     0   0   29     -3,-2.2    67,-0.5     1,-0.3     2,-0.4   0.465  73.6 148.2  86.1   5.2   19.0   20.8  -24.5               
  940  940 A H  E     - X   01005J  43     65,-0.1    -4,-2.3    -5,-0.1     2,-0.4  -0.610  31.2-161.0 -80.1 129.4   17.5   17.5  -26.0               
  941  941 A K  E     - X   01004J   3     63,-3.4    63,-2.3    -2,-0.4     2,-0.5  -0.902  11.3-135.6-113.4 133.7   13.7   17.0  -25.8               
  942  942 A A  E     +UX 8891003J   8    -53,-0.7   -53,-2.2    -8,-0.5     2,-0.4  -0.791  26.5 169.3 -97.6 121.2   12.0   13.6  -26.1               
  943  943 A V  E     -UX 8881002J   0     59,-2.3    59,-2.9    -2,-0.5   -55,-0.3  -0.933  17.8-153.5-132.0 112.8    8.8   13.2  -28.2               
  944  944 A F  E     -UX 8871001J   0    -57,-2.8   -57,-2.4    -2,-0.4     2,-0.5  -0.544   6.2-145.7 -76.5 147.5    7.4    9.7  -29.1               
  945  945 A V  E     -UX 8861000J   7     55,-3.0    54,-2.7   -59,-0.2    55,-1.8  -0.978  29.0-176.7-109.6 119.8    5.3    9.0  -32.2               
  946  946 A A  E     -UX 885 998J   0    -61,-2.8   -61,-2.5    -2,-0.5     2,-0.6  -0.912  34.0-131.1-122.0 145.0    2.7    6.3  -31.4               
  947  947 A R  E     -UX 884 997J  50     50,-2.4    50,-2.5    -2,-0.3     2,-0.4  -0.860  39.7-167.2 -83.2 122.0   -0.0    4.3  -33.2               
  948  948 A V  E     -UX 883 996J   0    -65,-2.7   -65,-2.5    -2,-0.6     2,-1.5  -0.975  25.3-139.3-125.8 127.1   -3.0    4.9  -30.9               
  949  949 A L  E     +U  882   0J   0     46,-2.8   -67,-0.2    -2,-0.4   -68,-0.1  -0.626  33.0 164.7 -83.8  81.0   -6.4    3.0  -30.9               
  950  950 A T        +     0   0    0     -2,-1.5    27,-0.4   -69,-0.6    26,-0.2   0.711  14.8 168.1 -72.8 -22.7   -8.7    6.0  -30.3               
  951  951 A G        -     0   0    3    -70,-2.2     2,-0.6    25,-0.2    -1,-0.1  -0.042  62.6  -9.8  50.0-141.5  -11.8    4.0  -31.4               
  952  952 A D  S    S-     0   0   15    -74,-0.0    24,-2.7   -71,-0.0    25,-1.4  -0.807  83.3-153.5 -78.8 124.5  -15.1    5.8  -30.5               
  953  953 A Y  E     -y  977   0J  52     -2,-0.6    25,-0.2    23,-0.2     2,-0.2  -0.819  10.1-162.9-108.6 140.0  -14.1    8.7  -28.2               
  954  954 A G  E     -y  978   0J   0     23,-2.4    25,-2.0    -2,-0.4     2,-0.5  -0.688  40.4 -74.9-111.6 166.5  -16.2   10.5  -25.5               
  955  955 A Q  E     -y  979   0J  66     -2,-0.2    25,-0.2    23,-0.2    23,-0.0  -0.465  52.5-134.3 -64.6 115.3  -15.8   13.9  -23.7               
  956  956 A G        -     0   0    4     23,-2.7     2,-0.3    -2,-0.5   -41,-0.2  -0.297  23.7-171.4 -69.5 151.7  -13.0   13.6  -21.1               
  957  957 A R    >   -     0   0  180    -43,-1.4     3,-1.7   -45,-0.0   -43,-0.2  -0.993  33.1 -87.0-146.8 148.0  -13.4   14.8  -17.5               
  958  958 A R  T 3  S+     0   0  214    -45,-0.4   -45,-0.2    -2,-0.3   -44,-0.1  -0.314 110.1  19.0 -58.8 129.6  -11.2   15.3  -14.4               
  959  959 A G  T 3  S+     0   0   42    -47,-0.8    -1,-0.2     1,-0.3     2,-0.1   0.242  79.1 145.5  91.4  -6.7  -10.9   12.2  -12.3               
  960  960 A L    <   -     0   0   41     -3,-1.7   -44,-3.2   -48,-0.2    -1,-0.3  -0.411  28.1-171.6 -54.9 129.0  -12.1    9.5  -14.8               
  961  961 A R  S    S+     0   0  161    -46,-0.2    -1,-0.1     2,-0.1   -46,-0.1   0.469  75.4  19.1 -97.7  -9.4  -10.1    6.2  -14.2               
  962  962 A A  S    S-     0   0   31      1,-0.1   -46,-0.1   -45,-0.0     3,-0.1  -0.886 109.3 -60.7-146.4 170.2  -11.5    4.6  -17.4               
  963  963 A P        -     0   0   18      0, 0.0    15,-0.1     0, 0.0    -2,-0.1  -0.159  69.3 -87.5 -55.4 152.2  -13.2    6.0  -20.6               
  964  964 A P        -     0   0   15      0, 0.0    11,-2.3     0, 0.0     2,-0.1  -0.215  48.0 -99.4 -58.6 151.5  -16.5    8.0  -20.1               
  965  965 A L  B     -A  974   0K 100      9,-0.2     9,-0.3    -3,-0.1     2,-0.2  -0.408  32.5-122.2 -63.6 145.4  -19.8    6.1  -20.1               
  966  966 A R        -     0   0   31      7,-2.1     3,-0.1     6,-0.2    -1,-0.1  -0.494  33.6-110.3 -76.3 157.2  -21.9    6.1  -23.2               
  967  967 A G    >   -     0   0   41      1,-0.2     3,-0.9    -2,-0.2    -1,-0.1  -0.362  48.8 -65.3 -77.6 171.5  -25.5    7.5  -22.9               
  968  968 A P  T 3  S+     0   0  144      0, 0.0    -1,-0.2     0, 0.0     3,-0.1  -0.329 120.5  51.2 -51.7 137.7  -28.8    5.5  -23.0               
  969  969 A G  T 3  S+     0   0   84      1,-0.3     2,-0.4    -3,-0.1    -2,-0.1   0.445  87.2  99.7  99.1   7.0  -29.2    4.0  -26.5               
  970  970 A H    <   -     0   0  105     -3,-0.9    -1,-0.3     1,-0.1    -4,-0.1  -0.987  59.7-152.1-119.1 138.7  -25.7    2.4  -26.8               
  971  971 A V  S    S+     0   0  154     -2,-0.4     2,-0.5    -3,-0.1    -1,-0.1   0.890  83.6  74.7 -68.9 -41.2  -25.0   -1.4  -26.2               
  972  972 A L  S    S-     0   0   56      1,-0.1    -6,-0.2    -7,-0.0    -1,-0.0  -0.645  74.7-149.0 -79.2 123.1  -21.4   -0.6  -25.1               
  973  973 A L  S    S+     0   0  125     -2,-0.5    -7,-2.1    -8,-0.1     2,-0.3   0.740  76.0  31.6 -60.8 -28.7  -21.3    0.9  -21.5               
  974  974 A R  B    S-A  965   0K 105     -9,-0.3    -9,-0.2   -20,-0.0     2,-0.1  -0.894  76.8-113.7-132.4 155.5  -18.1    3.0  -22.3               
  975  975 A Y        -     0   0   59    -11,-2.3   -22,-0.2    -2,-0.3     3,-0.1  -0.351  30.6-122.0 -69.2 167.2  -16.2    4.8  -25.1               
  976  976 A D  S    S+     0   0    6    -24,-2.7    15,-0.4   -26,-0.2     2,-0.3   0.843  89.0   2.9 -84.6 -35.3  -12.8    3.4  -26.3               
  977  977 A S  E     -y  953   0J   0    -25,-1.4   -23,-2.4   -27,-0.4     2,-0.3  -0.893  69.0-121.1-137.8 170.4  -11.0    6.7  -25.4               
  978  978 A A  E     -yZ 954 989J   0     11,-2.7    11,-2.7    -2,-0.3     2,-0.3  -0.836  26.9-165.3-105.0 156.8  -11.5   10.2  -23.9               
  979  979 A V  E     -yZ 955 988J   0    -25,-2.0   -23,-2.7    -2,-0.3     9,-0.2  -0.928  31.9-123.8-134.4 162.6  -10.9   13.6  -25.7               
  980  980 A D  S    S+     0   0   27      7,-1.5     2,-0.3    -2,-0.3    -1,-0.1   0.873 101.7   6.3 -66.7 -41.6  -10.5   17.4  -24.9               
  981  981 A C        -     0   0   50      6,-0.3     3,-0.3     1,-0.1    -1,-0.3  -0.953  58.7-149.6-149.8 126.7  -13.4   18.3  -27.4               
  982  982 A I  S    S+     0   0   82     -2,-0.3    -1,-0.1     1,-0.2   -29,-0.1   0.859  98.3  54.9 -61.5 -37.3  -15.8   16.0  -29.3               
  983  983 A C  S    S+     0   0  123      1,-0.3    -1,-0.2     0, 0.0     0, 0.0   0.810 131.9   2.8 -72.8 -33.6  -16.1   18.5  -32.2               
  984  984 A Q  S    S-     0   0  154     -3,-0.3    -1,-0.3     0, 0.0     2,-0.2  -0.551  79.9-154.1-152.4  79.3  -12.4   18.9  -33.0               
  985  985 A P        +     0   0    6      0, 0.0     3,-0.1     0, 0.0    -3,-0.1  -0.403  25.7 163.4 -66.3 128.4  -10.2   16.6  -30.8               
  986  986 A S        +     0   0   49      1,-0.3   -64,-2.9    -2,-0.2   -63,-0.4   0.587  69.7  42.7-112.3 -24.2   -6.7   17.8  -30.2               
  987  987 A I  E     -W  921   0J  23    -66,-0.2    -7,-1.5   -65,-0.1     2,-0.4  -0.994  65.9-166.3-127.1 131.1   -5.9   15.6  -27.2               
  988  988 A F  E     -WZ 920 979J   0    -68,-2.7   -68,-2.8    -2,-0.4     2,-0.4  -0.903   4.8-158.7-110.7 144.4   -6.7   11.9  -26.8               
  989  989 A V  E     -WZ 919 978J   0    -11,-2.7   -11,-2.7    -2,-0.4     2,-0.3  -0.993   6.8-167.5-124.3 122.4   -6.6   10.0  -23.4               
  990  990 A I  E     -W  918   0J   0    -72,-2.0   -72,-1.8    -2,-0.4   -13,-0.1  -0.713  11.9-167.4-102.9 158.1   -6.3    6.2  -23.3               
  991  991 A F        +     0   0   16    -15,-0.4     2,-0.4    -2,-0.3   -87,-0.1   0.383  67.6  70.3-127.4  -2.0   -6.8    4.0  -20.2               
  992  992 A H  S >  S-     0   0   94      1,-0.1     3,-1.5   -74,-0.1     4,-0.1  -0.976  73.4-137.9-127.7 133.9   -5.4    0.6  -21.3               
  993  993 A D  G >  S+     0   0   38     -2,-0.4     3,-0.9     1,-0.3   -91,-0.6   0.826 100.5  53.3 -77.5 -27.3   -1.7    0.1  -21.8               
  994  994 A T  G 3  S+     0   0   27      1,-0.2    -1,-0.3   -93,-0.1  -126,-0.1   0.471  87.0  87.9 -77.1  -1.6   -1.8   -2.1  -25.1               
  995  995 A Q  G <  S+     0   0    3     -3,-1.5   -46,-2.8   -93,-0.2     2,-0.4   0.558  89.5  47.4 -78.7  -8.1   -4.0    0.7  -26.7               
  996  996 A A  E <   - X   0 948J   0     -3,-0.9   -94,-0.6   -48,-0.2   -48,-0.2  -0.962  66.1-161.2-136.8 125.8   -0.9    2.6  -27.9               
  997  997 A L  E     - X   0 947J   7    -50,-2.5   -50,-2.4    -2,-0.4     2,-0.3  -0.892  18.6-138.5 -99.9 113.3    2.2    1.2  -29.7               
  998  998 A P  E     + X   0 946J   2      0, 0.0   -52,-0.2     0, 0.0  -140,-0.2  -0.575  30.0 168.5 -64.0 131.5    5.3    3.5  -29.6               
  999  999 A T  E     +     0   0J  26    -54,-2.7  -143,-2.4     1,-0.4     2,-0.3   0.683  57.8  13.7-117.2 -34.9    6.9    3.4  -33.1               
 1000 1000 A H  E     -TX 855 945J  22    -55,-1.8   -55,-3.0  -145,-0.3     2,-0.5  -0.997  54.6-145.5-144.4 147.8    9.5    6.2  -33.1               
 1001 1001 A L  E     -TX 854 944J   5   -147,-3.0  -147,-2.5    -2,-0.3     2,-0.6  -0.968  16.8-158.3-105.4 123.7   11.3    8.5  -30.7               
 1002 1002 A I  E     -TX 853 943J   0    -59,-2.9   -59,-2.3    -2,-0.5     2,-0.6  -0.928   1.9-160.7 -98.1 116.3   12.1   12.0  -32.0               
 1003 1003 A T  E     +TX 852 942J   6   -151,-2.4  -152,-2.9    -2,-0.6  -151,-1.5  -0.886  24.5 167.8 -90.2 122.6   14.9   13.7  -30.2               
 1004 1004 A C  E     -TX 850 941J   0    -63,-2.3   -63,-3.4    -2,-0.6     2,-0.3  -0.905  20.5-154.6-135.0 161.9   14.6   17.4  -30.9               
 1005 1005 A E  E     -TX 849 940J  40   -156,-2.5  -156,-2.5    -2,-0.3     2,-0.6  -0.912  26.6-104.3-134.6 158.8   16.2   20.7  -29.5               
 1006 1006 A H  E     -T  848   0J 104    -67,-0.5  -158,-0.2    -2,-0.3  -159,-0.0  -0.777  30.0-149.2 -89.0 120.0   15.2   24.4  -29.3               
 1007 1007 A V        -     0   0   46   -160,-2.1     2,-0.2    -2,-0.6  -161,-0.0  -0.763  18.2-125.2 -87.1 120.3   17.0   26.7  -31.9               
 1008 1008 A P        -     0   0  108      0, 0.0     2,-0.8     0, 0.0    -1,-0.0  -0.444  22.7-123.7 -59.7 128.1   17.6   30.3  -30.6               
 1009 1009 A R        -     0   0  186     -2,-0.2     2,-0.2  -162,-0.0  -162,-0.1  -0.688  24.3-129.6 -69.7 113.3   16.2   32.8  -33.1               
 1010 1010 A A        -     0   0   95     -2,-0.8    -1,-0.0     1,-0.1    -3,-0.0  -0.494  26.1-119.3 -57.5 124.2   19.1   35.1  -34.0               
 1011 1011 A S    >   -     0   0   87     -2,-0.2     3,-0.5     1,-0.1    -1,-0.1  -0.555  11.3-136.5 -65.4 134.0   17.8   38.7  -33.5               
 1012 1012 A P  T 3  S+     0   0  126      0, 0.0    -1,-0.1     0, 0.0    -2,-0.1   0.524  88.8  78.7 -64.2  -6.7   17.9   40.7  -36.8               
 1013 1013 A D  T 3   +     0   0  139      1,-0.1    -2,-0.0     2,-0.0    -3,-0.0  -0.141  59.8  93.3-113.8  33.3   19.3   43.7  -34.9               
 1014 1014 A D    <   +     0   0  110     -3,-0.5     3,-0.4     1,-0.0     2,-0.2  -0.813  34.1 168.0-122.9  95.4   23.1   43.2  -34.3               
 1015 1015 A P        +     0   0  134      0, 0.0    -1,-0.0     0, 0.0    -2,-0.0  -0.181  52.9  96.2 -90.9  39.4   25.3   44.8  -37.1               
 1016 1016 A S        +     0   0   92     -2,-0.2     2,-0.7     2,-0.1    -2,-0.0   0.336  45.4 107.1-118.9  11.6   28.6   44.4  -35.1               
 1017 1017 A G        -     0   0   73     -3,-0.4    -3,-0.0     2,-0.0    -1,-0.0  -0.778  59.7-143.6 -93.3 109.0   30.3   41.2  -36.3               
 1018 1018 A L        -     0   0  171     -2,-0.7     2,-0.7     1,-0.1    -2,-0.1  -0.511  17.3-126.0 -71.7 130.5   33.4   41.8  -38.5               
 1019 1019 A P        -     0   0  126      0, 0.0    -1,-0.1     0, 0.0    -2,-0.0  -0.669  46.6 -13.3 -85.1 117.3   33.9   39.4  -41.5               
 1020 1020 A G        +     0   0   75     -2,-0.7     2,-0.2     1,-0.2    -2,-0.0   0.798  14.2 170.9 107.2 126.9   37.1   37.5  -42.1               
 1021 1021 A R        -     0   0  251      0, 0.0    -1,-0.2     0, 0.0     0, 0.0  -0.770  37.2-135.2-146.2 145.5   40.4   36.2  -42.2               
 1022 1022 A S        -     0   0  108     -2,-0.2     2,-0.2     1,-0.1     0, 0.0  -0.342  30.4 -98.1 -71.9 157.4   41.2   32.9  -44.1               
 1023 1023 A P        +     0   0  121      0, 0.0    -1,-0.1     0, 0.0     2,-0.1  -0.517  40.7 166.1 -78.2 147.4   43.4   30.1  -42.6               
 1024 1024 A D              0   0  163     -2,-0.2    -2,-0.0     1,-0.2     0, 0.0  -0.510 360.0 360.0-163.6  90.8   47.2   29.6  -43.3               
 1025 1025 A T              0   0  220     -2,-0.1    -1,-0.2     0, 0.0     0, 0.0  -0.214 360.0 360.0 178.5 360.0   49.4   27.3  -41.2               
