==== Secondary Structure Definition by the program DSSP, CMBI version 2.0                          ==== DATE=2026-03-08        .
REFERENCE W. KABSCH AND C.SANDER, BIOPOLYMERS 22 (1983) 2577-2637                                                              .
HEADER                                            01-AUG-25                                                                    .
COMPND    MOL_ID: 1; MOLECULE: TRNA (GUANINE(27)-N(2))-DIMETHYLTRANSFERASE; CHAI                                               .
SOURCE    MOL_ID: 1; ORGANISM_SCIENTIFIC: HOMO SAPIENS; ORGANISM_TAXID: 9606                                                   .
AUTHOR                                                                                                                         .
  733  1  0  0  0 TOTAL NUMBER OF RESIDUES, NUMBER OF CHAINS, NUMBER OF SS-BRIDGES(TOTAL,INTRACHAIN,INTERCHAIN)                .
 57095.8   ACCESSIBLE SURFACE OF PROTEIN (ANGSTROM**2)                                                                         .
  424 57.8   TOTAL NUMBER OF HYDROGEN BONDS OF TYPE O(I)-->H-N(J)  , SAME NUMBER PER 100 RESIDUES                              .
   23  3.1   TOTAL NUMBER OF HYDROGEN BONDS IN     PARALLEL BRIDGES, SAME NUMBER PER 100 RESIDUES                              .
   64  8.7   TOTAL NUMBER OF HYDROGEN BONDS IN ANTIPARALLEL BRIDGES, SAME NUMBER PER 100 RESIDUES                              .
    2  0.3   TOTAL NUMBER OF HYDROGEN BONDS OF TYPE O(I)-->H-N(I-5), SAME NUMBER PER 100 RESIDUES                              .
    0  0.0   TOTAL NUMBER OF HYDROGEN BONDS OF TYPE O(I)-->H-N(I-4), SAME NUMBER PER 100 RESIDUES                              .
    4  0.5   TOTAL NUMBER OF HYDROGEN BONDS OF TYPE O(I)-->H-N(I-3), SAME NUMBER PER 100 RESIDUES                              .
    0  0.0   TOTAL NUMBER OF HYDROGEN BONDS OF TYPE O(I)-->H-N(I-2), SAME NUMBER PER 100 RESIDUES                              .
    0  0.0   TOTAL NUMBER OF HYDROGEN BONDS OF TYPE O(I)-->H-N(I-1), SAME NUMBER PER 100 RESIDUES                              .
    0  0.0   TOTAL NUMBER OF HYDROGEN BONDS OF TYPE O(I)-->H-N(I+0), SAME NUMBER PER 100 RESIDUES                              .
    0  0.0   TOTAL NUMBER OF HYDROGEN BONDS OF TYPE O(I)-->H-N(I+1), SAME NUMBER PER 100 RESIDUES                              .
  110 15.0   TOTAL NUMBER OF HYDROGEN BONDS OF TYPE O(I)-->H-N(I+2), SAME NUMBER PER 100 RESIDUES                              .
   52  7.1   TOTAL NUMBER OF HYDROGEN BONDS OF TYPE O(I)-->H-N(I+3), SAME NUMBER PER 100 RESIDUES                              .
  150 20.5   TOTAL NUMBER OF HYDROGEN BONDS OF TYPE O(I)-->H-N(I+4), SAME NUMBER PER 100 RESIDUES                              .
    9  1.2   TOTAL NUMBER OF HYDROGEN BONDS OF TYPE O(I)-->H-N(I+5), SAME NUMBER PER 100 RESIDUES                              .
  1  2  3  4  5  6  7  8  9 10 11 12 13 14 15 16 17 18 19 20 21 22 23 24 25 26 27 28 29 30     *** HISTOGRAMS OF ***           .
  0  0  0  2  0  0  2  1  2  4  0  0  2  1  2  0  0  0  1  0  0  0  0  0  0  0  0  0  0  0    RESIDUES PER ALPHA HELIX         .
  0  1  1  2  1  0  0  0  0  0  0  0  0  0  0  0  0  0  0  0  0  0  0  0  0  0  0  0  0  0    PARALLEL BRIDGES PER LADDER      .
  4  4  3  0  1  2  0  0  1  0  0  0  0  0  0  0  0  0  0  0  0  0  0  0  0  0  0  0  0  0    ANTIPARALLEL BRIDGES PER LADDER  .
  3  3  0  0  0  0  0  1  0  0  0  0  0  0  0  0  0  0  0  0  0  0  0  0  0  0  0  0  0  0    LADDERS PER SHEET                .
  #  RESIDUE AA STRUCTURE BP1 BP2  ACC     N-H-->O    O-->H-N    N-H-->O    O-->H-N    TCO  KAPPA ALPHA  PHI   PSI    X-CA   Y-CA   Z-CA            CHAIN
    1    1 A M              0   0  250      0, 0.0     2,-0.3     0, 0.0     0, 0.0   0.000 360.0 360.0 360.0 109.0   22.5    1.5   14.4               
    2    2 A E        +     0   0  179      0, 0.0     2,-0.0     0, 0.0     0, 0.0  -0.647 360.0  80.9 -85.3 142.0   23.1   -1.9   12.7               
    3    3 A N        +     0   0  148     -2,-0.3     0, 0.0     2,-0.0     0, 0.0   0.300  36.9  44.3 141.2 143.9   21.6   -5.3   12.6               
    4    4 A M        +     0   0  182     -2,-0.0     0, 0.0     0, 0.0     0, 0.0   0.981  51.3  66.5  86.9  95.2   19.1   -8.0   11.6               
    5    5 A A        +     0   0   99      0, 0.0     2,-0.6     0, 0.0    -2,-0.0   0.415  18.9 160.6 174.1  97.5   17.4   -9.6    9.0               
    6    6 A E        -     0   0  206      2,-0.0     2,-0.5     0, 0.0     0, 0.0  -0.869  27.0-167.5 -73.6 119.3   18.7  -11.7    6.1               
    7    7 A E        -     0   0  185     -2,-0.6     2,-0.3     2,-0.0     0, 0.0  -0.992  24.5-114.6-116.7 122.7   15.6  -13.7    5.0               
    8    8 A E        -     0   0  194     -2,-0.5     2,-1.0     1,-0.1    -2,-0.0  -0.371  18.3-143.6 -59.8 114.8   16.3  -16.5    2.6               
    9    9 A L        -     0   0  172     -2,-0.3    -1,-0.1     3,-0.0     3,-0.0  -0.739  15.3-149.6 -79.6 101.8   14.8  -16.2   -0.9               
   10   10 A L        -     0   0  152     -2,-1.0     2,-0.4     1,-0.1     0, 0.0  -0.494  30.8-100.2 -61.4 140.3   13.8  -19.7   -2.0               
   11   11 A P        -     0   0  120      0, 0.0     2,-0.9     0, 0.0    -1,-0.1  -0.519  25.7-136.9 -72.0 122.1   14.1  -20.1   -5.8               
   12   12 A L        -     0   0  172     -2,-0.4     2,-0.2     1,-0.0    -3,-0.0  -0.722  24.5-132.2 -70.9 105.9   10.8  -19.7   -7.7               
   13   13 A E        -     0   0  190     -2,-0.9     2,-1.0     1,-0.1    -1,-0.0  -0.428  21.0-118.6 -54.1 126.9   11.0  -22.6  -10.3               
   14   14 A K        -     0   0  197     -2,-0.2     2,-1.0     2,-0.0    -1,-0.1  -0.702  23.1-162.5 -72.8 100.8   10.1  -21.2  -13.7               
   15   15 A E        -     0   0  179     -2,-1.0     2,-1.1     2,-0.0    -1,-0.0  -0.828  15.5-145.8 -76.1 103.6    7.0  -23.1  -15.0               
   16   16 A E        -     0   0  189     -2,-1.0     2,-0.9     2,-0.0    -2,-0.0  -0.690  13.1-164.5 -63.2 100.2    7.3  -22.2  -18.7               
   17   17 A V        -     0   0  111     -2,-1.1     2,-1.0     2,-0.0    -2,-0.0  -0.876  13.1-144.6 -89.0 102.7    3.6  -22.0  -19.6               
   18   18 A E        -     0   0  192     -2,-0.9     2,-1.2     1,-0.1    -2,-0.0  -0.583  12.8-156.8 -60.6  95.4    3.7  -22.1  -23.4               
   19   19 A V        -     0   0  121     -2,-1.0     2,-0.2     2,-0.0    -1,-0.1  -0.760  11.4-142.3 -82.0  96.4    0.8  -19.7  -24.2               
   20   20 A A        -     0   0   78     -2,-1.2     2,-0.8     1,-0.1    -2,-0.0  -0.430  23.3-113.2 -51.7 121.7   -0.2  -20.8  -27.7               
   21   21 A Q        -     0   0  187     -2,-0.2     2,-0.9     1,-0.1    -1,-0.1  -0.545  28.7-163.6 -62.1 104.5   -1.1  -17.7  -29.6               
   22   22 A V        -     0   0  124     -2,-0.8     2,-0.7     2,-0.0    -1,-0.1  -0.863  13.7-146.0 -87.1 102.3   -4.9  -17.8  -30.3               
   23   23 A Q        -     0   0  182     -2,-0.9    -2,-0.0     2,-0.0     0, 0.0  -0.641  10.7-160.5 -60.3 110.4   -5.3  -15.3  -33.1               
   24   24 A V        -     0   0  122     -2,-0.7     2,-0.2     0, 0.0    -2,-0.0  -0.920  21.1-127.1 -90.3 119.9   -8.7  -13.7  -32.5               
   25   25 A P        -     0   0  112      0, 0.0    -2,-0.0     0, 0.0     0, 0.0  -0.504  14.7-123.2 -67.8 133.3   -9.8  -12.1  -35.8               
   26   26 A T        -     0   0  137     -2,-0.2     2,-0.4     1,-0.0     0, 0.0  -0.650  28.0-128.9 -62.1 123.6  -10.9   -8.4  -35.7               
   27   27 A P        -     0   0  123      0, 0.0    -1,-0.0     0, 0.0     2,-0.0  -0.684  25.1-117.3 -77.7 132.1  -14.4   -8.2  -37.1               
   28   28 A A        -     0   0   90     -2,-0.4     2,-0.7     1,-0.1     0, 0.0  -0.299  27.3-105.4 -58.1 144.5  -14.8   -5.5  -39.8               
   29   29 A R        +     0   0  248      2,-0.0     2,-0.4    -2,-0.0    -1,-0.1  -0.750  47.4 164.5 -69.0 114.4  -17.1   -2.5  -39.3               
   30   30 A D        -     0   0  154     -2,-0.7     2,-0.4     2,-0.1     0, 0.0  -0.983  28.8-136.7-132.1 127.5  -20.2   -2.9  -41.4               
   31   31 A S        +     0   0  118     -2,-0.4     2,-0.2     2,-0.0    -2,-0.0  -0.666  36.9 147.2 -72.3 122.2  -23.2   -0.7  -40.7               
   32   32 A A        -     0   0  100     -2,-0.4     2,-0.2     2,-0.0    -2,-0.1  -0.819  30.1-147.9-154.6 122.6  -26.7   -2.2  -40.6               
   33   33 A G        -     0   0   78     -2,-0.2    -2,-0.0     0, 0.0     0, 0.0  -0.532  13.1-176.1 -79.8 151.2  -29.5   -0.9  -38.3               
   34   34 A V        -     0   0  139     -2,-0.2     2,-0.1     0, 0.0    -2,-0.0  -0.950  24.0-133.2-141.8 133.3  -32.4   -2.8  -36.7               
   35   35 A P        -     0   0  123      0, 0.0     0, 0.0     0, 0.0     0, 0.0  -0.316  17.3 -99.2 -90.2 167.2  -35.0   -0.9  -34.6               
   36   36 A A        -     0   0   94     -2,-0.1     2,-0.4     1,-0.1     0, 0.0  -0.358  30.9-116.6 -72.1 156.5  -36.7   -1.4  -31.2               
   37   37 A P        -     0   0  129      0, 0.0    -1,-0.1     0, 0.0     0, 0.0  -0.821  25.7-135.2 -94.0 138.5  -40.2   -2.9  -30.5               
   38   38 A A        -     0   0   92     -2,-0.4     2,-0.3     1,-0.1     0, 0.0  -0.372  26.0-102.2 -77.2 163.0  -42.9   -0.7  -28.8               
   39   39 A P        -     0   0  122      0, 0.0     2,-0.3     0, 0.0    -1,-0.1  -0.756  25.4-135.6 -94.2 141.6  -45.2   -1.9  -25.9               
   40   40 A D        -     0   0  174     -2,-0.3     2,-0.3     2,-0.0     0, 0.0  -0.758  19.2-165.4 -94.8 140.5  -48.8   -3.0  -26.2               
   41   41 A S        +     0   0  112     -2,-0.3     2,-0.2     0, 0.0     0, 0.0  -0.944  16.1 149.6-120.9 137.7  -51.5   -1.8  -23.8               
   42   42 A A        -     0   0   83     -2,-0.3    -2,-0.0     2,-0.0     0, 0.0  -0.468  20.4-112.8 178.3 117.0  -55.1   -3.1  -23.0               
   43   43 A L        +     0   0  157     -2,-0.2     0, 0.0     0, 0.0     0, 0.0   0.767  23.1 134.8  67.9 131.4  -57.6   -3.4  -20.5               
   44   44 A D        -     0   0  131      0, 0.0    -2,-0.0     0, 0.0     0, 0.0   0.789  19.7 -56.1-173.5 156.8  -59.8   -4.3  -18.3               
   45   45 A S        -     0   0  104      2,-0.0     0, 0.0     0, 0.0     0, 0.0   0.879  26.2 -38.5  56.8 148.6  -62.0   -4.6  -15.1               
   46   46 A A        -     0   0   93      1,-0.1     2,-0.1     0, 0.0     0, 0.0   0.917  14.9-130.7-179.2 166.3  -63.0   -5.0  -11.9               
   47   47 A P        +     0   0  113      0, 0.0    -1,-0.1     0, 0.0    -2,-0.0  -0.386  12.3 158.3-111.2 169.4  -63.5   -6.1   -8.2               
   48   48 A T        -     0   0  143     -2,-0.1     2,-0.2     2,-0.0     0, 0.0  -0.402  12.3-164.6 177.4 153.2  -65.2   -7.3   -5.0               
   49   49 A P        -     0   0  123      0, 0.0     2,-0.2     0, 0.0     0, 0.0  -0.701   6.1-172.6-111.4 165.4  -64.6   -9.0   -1.6               
   50   50 A A        -     0   0   88     -2,-0.2    -2,-0.0     1,-0.1     0, 0.0  -0.736  18.9 -13.4-165.4 134.1  -66.6  -10.7    1.3               
   51   51 A S        -     0   0  116     -2,-0.2    -1,-0.1     2,-0.0     0, 0.0   0.892  34.3 -21.5  54.9 145.9  -66.4  -12.3    4.8               
   52   52 A A        -     0   0   92      1,-0.1     2,-0.2     0, 0.0    -2,-0.0   0.908   7.7-147.6-176.1 164.9  -65.6  -13.6    7.7               
   53   53 A P        -     0   0  129      0, 0.0    -1,-0.1     0, 0.0    -2,-0.0  -0.575   9.6-175.4-106.2 167.6  -63.9  -15.3   10.8               
   54   54 A A        +     0   0   98     -2,-0.2     2,-0.1     2,-0.0     0, 0.0  -0.888  13.5 174.5-159.5 149.2  -64.8  -17.4   14.0               
   55   55 A P        +     0   0  127      0, 0.0     0, 0.0     0, 0.0     0, 0.0  -0.404   8.9 142.8-120.6-167.9  -62.6  -18.7   16.9               
   56   56 A A        +     0   0   88     -2,-0.1    -2,-0.0     0, 0.0     2,-0.0   0.061  12.8 167.2 110.6 159.3  -62.3  -20.5   20.4               
   57   57 A P        +     0   0  124      0, 0.0     0, 0.0     0, 0.0     0, 0.0   0.084   5.1 173.5-136.0-167.3  -60.5  -22.8   22.5               
   58   58 A A        +     0   0   82      2,-0.0     0, 0.0    -2,-0.0     0, 0.0   0.608  11.9  29.5 117.2 138.3  -59.3  -24.7   25.6               
   59   59 A L        +     0   0  170      0, 0.0     0, 0.0     0, 0.0     0, 0.0   0.994  29.8  83.7  74.1 110.6  -57.7  -27.0   28.2               
   60   60 A A        +     0   0  100      0, 0.0     2,-0.1     0, 0.0    -2,-0.0   0.244  23.1 178.7 172.6 136.7  -55.4  -29.0   29.7               
   61   61 A Q        +     0   0  191      2,-0.0     0, 0.0     0, 0.0     0, 0.0  -0.262  19.9  96.8 -70.2 166.5  -52.3  -29.0   32.1               
   62   62 A A        -     0   0   93     -2,-0.1     2,-0.0     0, 0.0     0, 0.0   0.678  22.7-179.4-179.3 174.5  -49.9  -30.9   33.7               
   63   63 A P        +     0   0  121      0, 0.0    -2,-0.0     0, 0.0     0, 0.0  -0.123  13.5  93.1-117.4-170.0  -46.4  -32.5   34.0               
   64   64 A A        +     0   0   86      1,-0.1     2,-0.0    -2,-0.0     0, 0.0   0.867  14.1 118.8  87.2 122.6  -43.5  -34.5   35.6               
   65   65 A L        -     0   0  181      0, 0.0    -1,-0.1     0, 0.0     0, 0.0  -0.048  26.5-175.2 176.0 129.0  -41.4  -37.5   36.2               
   66   66 A S        -     0   0  108      1,-0.1     0, 0.0    -2,-0.0     0, 0.0  -0.817  18.1 -14.1-123.3 180.0  -37.7  -38.3   35.6               
   67   67 A P        +     0   0  115      0, 0.0    -1,-0.1     0, 0.0     2,-0.1   0.894  24.4 131.0-122.8 176.2  -35.3  -40.7   35.7               
   68   68 A S        +     0   0  110      1,-0.0     0, 0.0     0, 0.0     0, 0.0  -0.329  32.5  18.0 172.6 148.8  -33.1  -43.7   36.3               
   69   69 A L        -     0   0  161     -2,-0.1    -1,-0.0     0, 0.0     0, 0.0   0.998  45.0 -41.4  81.1 104.5  -30.7  -46.6   35.3               
   70   70 A A        +     0   0   90      0, 0.0     2,-0.1     0, 0.0     0, 0.0   0.900  40.6  98.6  77.6  98.5  -28.4  -48.2   33.1               
   71   71 A S        -     0   0  131      0, 0.0     0, 0.0     0, 0.0     0, 0.0  -0.113  34.0-167.0-179.3 128.2  -26.9  -49.6   30.1               
   72   72 A A        +     0   0   97      1,-0.2     0, 0.0    -2,-0.1     0, 0.0  -0.894  28.3  32.1-128.0 166.5  -24.0  -48.3   27.8               
   73   73 A P        +     0   0  122      0, 0.0     2,-0.5     0, 0.0    -1,-0.2   0.619  19.3 145.3-132.1 151.8  -22.4  -48.6   25.1               
   74   74 A E        -     0   0  199      2,-0.0     2,-0.3     0, 0.0     0, 0.0  -0.985  52.5-119.7-111.4 124.7  -22.5  -49.4   21.3               
   75   75 A E        -     0   0  185     -2,-0.5     2,-1.3     1,-0.1     0, 0.0  -0.425  18.7-125.9 -64.2 121.1  -20.1  -47.2   19.3               
   76   76 A A        -     0   0  105     -2,-0.3     2,-0.6     1,-0.1    -1,-0.1  -0.506  22.3-148.8 -69.1  93.4  -21.7  -45.0   16.6               
   77   77 A K        -     0   0  184     -2,-1.3     2,-0.2     1,-0.1    -1,-0.1  -0.553  22.0-119.8 -59.3 110.5  -19.7  -45.8   13.4               
   78   78 A S        -     0   0   89     -2,-0.6     2,-0.9     1,-0.1    -1,-0.1  -0.378  32.9-116.6 -49.0 114.0  -19.7  -42.6   11.3               
   79   79 A K        -     0   0  206     -2,-0.2    -1,-0.1     1,-0.0     2,-0.1  -0.540  29.2-145.3 -67.6 103.0  -21.5  -43.8    8.1               
   80   80 A R        -     0   0  125     -2,-0.9     2,-0.1     1,-0.1   107,-0.1  -0.389  27.5 -98.1 -60.4 143.5  -18.9  -43.4    5.3               
   81   81 A H    >   -     0   0   50    105,-0.2     3,-2.4     1,-0.1    -1,-0.1  -0.421  32.7-113.3 -63.9 144.2  -20.4  -42.4    1.9               
   82   82 A I  T 3  S+     0   0   64      1,-0.3    -1,-0.1    -2,-0.1    12,-0.1   0.638 113.7  68.7 -57.6 -17.3  -20.9  -45.4   -0.5               
   83   83 A S  T 3  S+     0   0    0      1,-0.1    75,-3.0    75,-0.1     2,-0.7   0.456  82.5  84.1 -77.5  -5.0  -18.2  -44.0   -2.8               
   84   84 A I  E <   +A  157   0A   8     -3,-2.4     2,-0.3    73,-0.2    73,-0.2  -0.898  61.7 152.0-106.3 104.1  -15.5  -44.9   -0.1               
   85   85 A Q  E     -A  156   0A  34     71,-2.2    71,-3.3    -2,-0.7     3,-0.1  -0.838  45.5-146.4-132.3 161.0  -14.5  -48.6   -0.5               
   86   86 A R  S    S+     0   0  144     -2,-0.3     2,-0.3     1,-0.2    -1,-0.1   0.821  86.9  24.9 -95.3 -38.8  -11.5  -50.9    0.2               
   87   87 A Q  S >> S-     0   0  127      1,-0.1     3,-1.0    69,-0.1     4,-0.8  -0.889  74.4-121.9-126.8 153.3  -12.0  -53.3   -2.8               
   88   88 A L  H >> S+     0   0   32     -2,-0.3     4,-1.6     1,-0.2     3,-0.6   0.869 112.9  65.7 -61.2 -33.3  -13.6  -53.1   -6.2               
   89   89 A A  H 3> S+     0   0   41      1,-0.2     4,-2.9     2,-0.2    -1,-0.2   0.805  92.1  61.9 -57.1 -31.0  -15.8  -56.0   -5.1               
   90   90 A D  H <> S+     0   0   47     -3,-1.0     4,-1.7     1,-0.2    -1,-0.2   0.904 105.7  45.2 -65.9 -39.6  -17.4  -53.8   -2.4               
   91   91 A L  H <X S+     0   0    0     -4,-0.8     4,-0.8    -3,-0.6    -1,-0.2   0.847 113.0  51.0 -69.3 -36.2  -18.7  -51.4   -5.2               
   92   92 A E  H >X S+     0   0   20     -4,-1.6     3,-1.2     2,-0.2     4,-0.7   0.953 108.2  52.0 -65.1 -45.7  -19.9  -54.4   -7.2               
   93   93 A N  H >X S+     0   0   93     -4,-2.9     3,-1.0     1,-0.3     4,-0.9   0.866 103.0  59.1 -58.7 -38.6  -21.7  -55.8   -4.1               
   94   94 A L  H 3< S+     0   0   50     -4,-1.7     4,-0.4     1,-0.2    -1,-0.3   0.780  99.4  58.6 -62.0 -26.8  -23.5  -52.4   -3.6               
   95   95 A A  H << S+     0   0    3     -3,-1.2    25,-0.4    -4,-0.8     3,-0.3   0.752 103.5  51.7 -74.1 -23.8  -25.0  -52.9   -7.1               
   96   96 A F  H X< S+     0   0  125     -3,-1.0     3,-0.6    -4,-0.7    -2,-0.2   0.719 102.5  60.3 -80.7 -22.6  -26.7  -56.2   -6.0               
   97   97 A V  G >< S+     0   0  107     -4,-0.9     3,-0.9     1,-0.2    -1,-0.2   0.617  81.5  82.8 -82.8 -12.5  -28.3  -54.6   -2.9               
   98   98 A T  G 3  S+     0   0   93     -4,-0.4    -1,-0.2    -3,-0.3     3,-0.1   0.566  78.7  67.8 -76.6  -2.3  -30.5  -52.0   -4.8               
   99   99 A D  G <  S+     0   0  149     -3,-0.6    -1,-0.2     1,-0.2     2,-0.1   0.095  90.0  64.5-106.4  22.5  -33.4  -54.4   -5.6               
  100  100 A G    <   +     0   0   56     -3,-0.9    -1,-0.2     1,-0.1     2,-0.1  -0.497  66.4  64.4-160.6  91.6  -34.9  -55.1   -2.1               
  101  101 A N        +     0   0  154     -3,-0.1    -1,-0.1    -2,-0.1     0, 0.0  -0.267  58.9  47.7 175.9 143.6  -36.6  -53.0    0.5               
  102  102 A F        -     0   0  176     -2,-0.1    -2,-0.0     0, 0.0    -1,-0.0   0.907  52.9-141.2  91.2  75.4  -39.8  -50.9    1.2               
  103  103 A D        +     0   0  139      2,-0.0     0, 0.0     0, 0.0     0, 0.0   0.248  30.6 122.4  33.9 107.4  -43.3  -51.6    0.7               
  104  104 A S        -     0   0  116      2,-0.0     0, 0.0     0, 0.0     0, 0.0   0.558  38.8 -87.1 157.0 113.5  -46.4  -50.3   -0.3               
  105  105 A A        +     0   0   96      0, 0.0     2,-0.1     0, 0.0    -2,-0.0   0.768  43.5  93.9  46.7 103.8  -49.3  -50.5   -2.7               
  106  106 A S        +     0   0  116      0, 0.0    -2,-0.0     0, 0.0     0, 0.0  -0.073  48.4  19.1 164.7 152.9  -50.7  -49.6   -5.9               
  107  107 A S        -     0   0  116     -2,-0.1     2,-0.0     1,-0.0     0, 0.0   0.995  42.5-146.9  74.8  88.6  -51.5  -50.2   -9.7               
  108  108 A L        +     0   0  163      2,-0.0     2,-0.1     0, 0.0    -1,-0.0  -0.291  29.0 145.4 -29.0 128.4  -51.4  -53.3  -11.7               
  109  109 A N        -     0   0  160     -2,-0.0     2,-0.0     0, 0.0     0, 0.0  -0.315  32.3-132.9-171.4 137.2  -50.5  -53.6  -15.2               
  110  110 A S        +     0   0   96     -2,-0.1     2,-0.0     2,-0.0    -2,-0.0  -0.265  40.7 103.9 -58.5 138.8  -48.6  -56.4  -17.1               
  111  111 A D        +     0   0  141     -2,-0.0     0, 0.0     0, 0.0     0, 0.0   0.162  49.3  39.6 157.7 139.4  -45.9  -56.7  -19.5               
  112  112 A N        -     0   0  151      1,-0.2     2,-1.2    -2,-0.0     3,-0.3   0.884  34.0-173.1  91.2  70.0  -42.2  -57.6  -20.0               
  113  113 A L        +     0   0  185      1,-0.2    -1,-0.2     2,-0.1     0, 0.0  -0.721  63.5  89.7 -55.4  90.2  -40.6  -60.5  -18.2               
  114  114 A D        +     0   0  145     -2,-1.2     3,-0.3     0, 0.0    -1,-0.2   0.121  50.9 102.3-161.6  24.4  -37.0  -60.0  -19.2               
  115  115 A A    >   +     0   0   80     -3,-0.3     3,-0.9     1,-0.2     2,-0.1   0.389  43.8 113.7 -89.3   6.2  -35.7  -57.8  -16.4               
  116  116 A G  T 3  S+     0   0   75      1,-0.2    -1,-0.2     0, 0.0    -3,-0.0   0.199  79.5  24.8 -81.2  10.6  -33.8  -60.4  -14.3               
  117  117 A N  T 3  S+     0   0  125     -3,-0.3     2,-0.7    -2,-0.1    17,-0.4   0.219  76.7 124.1-155.2  20.0  -30.0  -59.5  -14.6               
  118  118 A R    <   -     0   0  167     -3,-0.9     2,-0.4    15,-0.1    15,-0.2  -0.808  40.9-163.4 -93.3 114.1  -29.6  -55.7  -15.3               
  119  119 A Q  B     -C  132   0B  18     13,-2.5    13,-1.9    -2,-0.7     2,-0.2  -0.762   6.4-144.1-101.5 135.4  -27.4  -54.0  -12.6               
  120  120 A A        -     0   0   33    -25,-0.4   -22,-0.1    -2,-0.4    10,-0.1  -0.561  26.7-105.0 -88.3 156.8  -27.2  -50.2  -12.0               
  121  121 A C    >   -     0   0    6      8,-0.4     3,-1.4    -2,-0.2     8,-0.1  -0.765  21.6-148.1 -80.3 123.1  -24.1  -48.3  -11.0               
  122  122 A P  T 3  S+     0   0   16      0, 0.0    -1,-0.1     0, 0.0   -40,-0.1   0.586  97.6  46.4 -66.9 -10.9  -24.3  -47.4   -7.3               
  123  123 A L  T 3  S+     0   0    0     38,-0.1    38,-2.8    37,-0.1    39,-0.4   0.331 106.0  65.1-113.6   3.3  -22.3  -44.1   -8.0               
  124  124 A C  S <  S-     0   0    9     -3,-1.4    38,-0.1    37,-0.2    -3,-0.1  -0.983  79.0-118.4-127.2 141.7  -24.1  -42.9  -11.1               
  125  125 A P    >>  -     0   0   39      0, 0.0     3,-2.0     0, 0.0     4,-1.6  -0.402  41.1-103.3 -65.7 155.8  -27.7  -41.6  -11.8               
  126  126 A K  T 34 S+     0   0  181      1,-0.3     5,-0.0     2,-0.2    -5,-0.0   0.746 122.0  63.1 -54.1 -26.8  -29.7  -43.7  -14.3               
  127  127 A E  T 34 S+     0   0  163      1,-0.2    -1,-0.3     3,-0.1     3,-0.2   0.808 108.2  39.7 -64.7 -34.6  -29.0  -41.0  -16.9               
  128  128 A K  T <4 S+     0   0  120     -3,-2.0     2,-0.3     1,-0.3    -2,-0.2   0.759 130.8  21.0 -93.4 -29.8  -25.2  -41.6  -16.8               
  129  129 A F  S  < S-     0   0   24     -4,-1.6    -8,-0.4    -8,-0.1    -1,-0.3  -0.881  72.4-152.6-141.8 109.1  -25.2  -45.4  -16.6               
  130  130 A R        -     0   0  210     -2,-0.3   -11,-0.1    -3,-0.2    -3,-0.1  -0.610  43.3 -89.1 -73.6 140.3  -28.3  -47.4  -17.7               
  131  131 A A        +     0   0   41     -2,-0.3   -11,-0.3   -13,-0.1     2,-0.2  -0.250  64.3 166.9 -54.4 126.3  -28.6  -50.8  -15.9               
  132  132 A C  B     -C  119   0B  35    -13,-1.9   -13,-2.5     1,-0.1     5,-0.1  -0.783  40.7 -58.1-136.1 174.2  -26.6  -53.3  -18.0               
  133  133 A N    >>  -     0   0   98     -2,-0.2     4,-1.6   -15,-0.2     3,-1.4  -0.301  58.6-106.0 -58.6 147.1  -25.2  -56.9  -17.8               
  134  134 A S  H 3> S+     0   0   59    -17,-0.4     4,-3.0     1,-0.3     5,-0.2   0.810 118.1  56.8 -51.7 -40.3  -22.8  -57.5  -14.9               
  135  135 A H  H 3> S+     0   0  134      1,-0.2     4,-2.1     2,-0.2    -1,-0.3   0.874 108.1  47.8 -60.5 -39.0  -19.6  -57.5  -17.1               
  136  136 A K  H <> S+     0   0  137     -3,-1.4     4,-1.8     2,-0.2    -1,-0.2   0.899 112.2  49.9 -70.0 -38.4  -20.5  -54.0  -18.4               
  137  137 A L  H  X S+     0   0    3     -4,-1.6     4,-3.0     2,-0.2     5,-0.2   0.953 110.4  49.4 -63.5 -49.2  -21.1  -52.7  -14.9               
  138  138 A R  H  X S+     0   0  135     -4,-3.0     4,-2.8     1,-0.2     5,-0.2   0.931 112.2  48.7 -54.2 -47.7  -17.7  -54.1  -13.6               
  139  139 A R  H  X S+     0   0  167     -4,-2.1     4,-1.9    -5,-0.2    -1,-0.2   0.845 113.4  47.8 -62.6 -35.4  -16.0  -52.4  -16.6               
  140  140 A H  H  X>S+     0   0   31     -4,-1.8     4,-2.8     2,-0.2     5,-0.7   0.951 113.3  46.2 -70.0 -49.2  -17.8  -49.1  -15.8               
  141  141 A L  I  X>S+     0   0    0     -4,-3.0     5,-2.9     1,-0.2     4,-1.3   0.930 116.2  46.9 -57.2 -46.8  -17.0  -49.3  -12.0               
  142  142 A Q  I  <>S+     0   0   97     -4,-2.8     5,-2.0    -5,-0.2    -1,-0.2   0.923 121.4  33.5 -62.9 -48.0  -13.3  -50.2  -12.8               
  143  143 A N  I  <5S+     0   0   75     -4,-1.9    -2,-0.2    -5,-0.2    -1,-0.2   0.853 129.2  29.8 -84.2 -36.5  -12.7  -47.5  -15.5               
  144  144 A L  I  <5S+     0   0   61     -4,-2.8    15,-0.2    -5,-0.2    -3,-0.2   0.816 134.1  19.7 -93.2 -36.6  -14.8  -44.5  -14.3               
  145  145 A H  I  <<S+     0   0    0     -4,-1.3    14,-0.9    -5,-0.7    -3,-0.2   0.876 128.1  36.3-103.3 -50.4  -14.9  -44.9  -10.5               
  146  146 A W  I > <S+     0   0   37     -5,-2.9     3,-1.2     1,-0.2    -4,-0.2   0.875 111.7  54.8 -78.9 -43.0  -12.0  -47.1   -9.3               
  147  147 A K  T 3 <S+     0   0  152     -5,-2.0    -1,-0.2    -6,-0.3    -4,-0.1   0.812 114.8  41.0 -64.3 -31.4   -9.2  -46.1  -11.8               
  148  148 A V  T 3  S+     0   0   50     -6,-0.1    -1,-0.3    -4,-0.1    -2,-0.2   0.181  90.6 126.0-102.9  12.7   -9.5  -42.3  -10.9               
  149  149 A S    <   -     0   0    6     -3,-1.2     2,-0.4     9,-0.1     9,-0.2  -0.165  59.5-124.8 -64.8 162.9  -10.0  -42.8   -7.1               
  150  150 A V  E     -B  157   0A   1      7,-1.7     7,-3.2     2,-0.0     2,-0.4  -0.950  25.7-141.9-105.9 131.9   -7.9  -41.1   -4.4               
  151  151 A E  E     +B  156   0A 115     -2,-0.4     2,-0.3     5,-0.2     5,-0.2  -0.818  27.2 163.7-100.3 135.2   -6.2  -43.6   -1.9               
  152  152 A F  E >   -B  155   0A  28      3,-2.6     3,-2.3    -2,-0.4    -2,-0.0  -0.913  69.1 -20.9-151.2 123.3   -5.9  -43.0    1.8               
  153  153 A E  T 3  S-     0   0  156     -2,-0.3     3,-0.1     1,-0.3    -2,-0.0   0.843 126.9 -47.6  46.0  46.8   -5.1  -45.5    4.6               
  154  154 A G  T 3  S+     0   0   46      1,-0.2     2,-0.4   -68,-0.0    -1,-0.3   0.467 117.8 111.0  75.6   2.4   -6.3  -48.6    2.5               
  155  155 A Y  E <   - B   0 152A  39     -3,-2.3    -3,-2.6     2,-0.0     2,-0.5  -0.872  57.8-145.6-102.1 143.8   -9.5  -46.8    1.5               
  156  156 A R  E     -AB  85 151A  71    -71,-3.3   -71,-2.2    -2,-0.4     2,-1.1  -0.935   3.8-151.2-109.4 121.5  -10.3  -45.7   -2.1               
  157  157 A M  E     -AB  84 150A   0     -7,-3.2    -7,-1.7    -2,-0.5   -73,-0.2  -0.784  23.8-159.8 -90.2  91.9  -12.4  -42.5   -2.5               
  158  158 A C        -     0   0    0    -75,-3.0    27,-0.5    -2,-1.1     2,-0.2  -0.469  26.1 -95.9 -75.4 150.9  -14.1  -43.2   -5.8               
  159  159 A I        -     0   0   21    -14,-0.9     2,-0.4   -15,-0.2    25,-0.2  -0.477  41.4-150.1 -66.5 135.5  -15.6  -40.4   -7.9               
  160  160 A C  B     +D  183   0C   0     23,-3.5    23,-2.4    -2,-0.2   -36,-0.1  -0.886  23.9 179.9-110.4 140.1  -19.4  -40.0   -7.3               
  161  161 A H        +     0   0   23    -38,-2.8   -37,-0.2    -2,-0.4    -1,-0.1   0.318  51.5 108.9-117.5  -0.2  -22.0  -38.8   -9.8               
  162  162 A L  S    S-     0   0   44    -39,-0.4     2,-1.9   -38,-0.1    21,-0.1  -0.408  87.8 -99.8 -69.2 155.3  -25.0  -39.0   -7.5               
  163  163 A P        +     0   0  116      0, 0.0     2,-0.4     0, 0.0    -1,-0.1  -0.491  53.0 172.2 -75.5  76.6  -26.7  -35.7   -6.3               
  164  164 A C        +     0   0   36     -2,-1.9    -2,-0.0    -4,-0.0    28,-0.0   0.005  41.9  78.8 -86.6  31.3  -24.9  -35.9   -2.8               
  165  165 A R        -     0   0  147     -2,-0.4     2,-0.9     2,-0.1    15,-0.1  -0.927  53.2-159.0-140.6 127.2  -25.9  -32.4   -1.3               
  166  166 A P        -     0   0  131      0, 0.0     2,-0.6     0, 0.0    -2,-0.0  -0.853  23.9-164.9 -84.2 102.9  -28.9  -30.8    0.3               
  167  167 A V        -     0   0  111     -2,-0.9    -2,-0.1     3,-0.0     3,-0.0  -0.868  23.1-124.6 -82.0 119.7  -28.1  -27.1   -0.3               
  168  168 A K        -     0   0  189     -2,-0.6     2,-0.5     1,-0.1     0, 0.0  -0.537  34.3-112.0 -52.9 125.5  -30.4  -25.0    2.1               
  169  169 A P        -     0   0  120      0, 0.0     2,-0.5     0, 0.0    -1,-0.1  -0.563  25.2-143.9 -67.2 116.1  -32.1  -22.7   -0.4               
  170  170 A N        -     0   0  161     -2,-0.5     2,-0.6     2,-0.1    -3,-0.0  -0.768  26.5-115.4 -72.4 124.7  -31.0  -19.1    0.3               
  171  171 A I  S    S+     0   0  160     -2,-0.5     2,-0.1     2,-0.1    -1,-0.0  -0.626  78.9  89.3 -63.2 109.3  -34.0  -16.9   -0.3               
  172  172 A I  S    S-     0   0  158     -2,-0.6    -2,-0.1     0, 0.0     2,-0.1  -0.016  77.1-101.7 172.6 122.1  -33.6  -14.5   -3.2               
  173  173 A G        +     0   0   75     -2,-0.1     2,-0.1     2,-0.1    -2,-0.1  -0.235  65.9 108.2 -66.5 130.0  -34.7  -15.7   -6.6               
  174  174 A E        -     0   0  174     -2,-0.1     2,-1.7     2,-0.0     0, 0.0  -0.360  50.2-141.7-163.6 115.2  -33.2  -17.0   -9.7               
  175  175 A Q        +     0   0  198     -2,-0.1     2,-0.7     2,-0.1    -2,-0.1  -0.539  35.1 158.1 -70.2  89.3  -33.8  -20.7  -10.3               
  176  176 A I        -     0   0  130     -2,-1.7     2,-1.7     2,-0.0    -1,-0.1  -0.891  31.5-152.8-106.5  97.1  -30.5  -22.0  -11.8               
  177  177 A T        -     0   0  130     -2,-0.7     2,-1.4     1,-0.1    -2,-0.1  -0.540  13.3-155.1 -61.5  85.9  -30.6  -25.7  -11.0               
  178  178 A S        -     0   0  101     -2,-1.7     2,-0.5     1,-0.0    -1,-0.1  -0.617   9.2-141.2 -71.8  93.9  -26.8  -26.1  -10.9               
  179  179 A K        -     0   0  180     -2,-1.4     2,-0.2     1,-0.1    -1,-0.0  -0.476  22.7-125.8 -53.4 109.1  -26.4  -29.8  -11.8               
  180  180 A M        -     0   0   83     -2,-0.5     3,-0.1     1,-0.1    -1,-0.1  -0.469  25.7-138.2 -65.3 126.3  -23.6  -30.8   -9.5               
  181  181 A G        -     0   0   46     -2,-0.2    -1,-0.1     1,-0.2   -21,-0.1  -0.034  42.4 -52.8 -69.1-177.5  -20.7  -32.4  -11.5               
  182  182 A A        +     0   0   24    -23,-0.1     2,-0.3   -21,-0.1   -21,-0.2  -0.299  67.9 173.7 -55.7 140.9  -18.7  -35.4  -10.5               
  183  183 A H  B     -D  160   0C   1    -23,-2.4   -23,-3.5    -3,-0.1     2,-0.3  -0.974  29.0-125.4-151.1 162.7  -17.1  -35.2   -7.0               
  184  184 A Y  E     -E  193   0D   6      9,-3.0     9,-2.5    -2,-0.3     2,-0.5  -0.875  20.9-135.8-107.8 144.2  -15.1  -37.1   -4.3               
  185  185 A H  E     -E  192   0D  13    -27,-0.5     2,-0.3    -2,-0.3     7,-0.2  -0.899  21.4-125.3-100.8 127.6  -16.2  -37.6   -0.7               
  186  186 A C     >  -     0   0    1      5,-2.4     4,-1.7    -2,-0.5  -105,-0.2  -0.539  10.2-157.5 -69.8 128.6  -13.5  -37.0    2.0               
  187  187 A I  T  4 S+     0   0   38     -2,-0.3    -1,-0.1     2,-0.2  -103,-0.0   0.808  95.4  44.8 -72.7 -29.1  -13.1  -40.0    4.4               
  188  188 A I  T  4 S+     0   0   47      1,-0.1    26,-0.4     3,-0.1    -1,-0.1   0.895 136.0   7.6 -83.1 -44.4  -11.6  -37.7    7.0               
  189  189 A C  T  4 S-     0   0   21      2,-0.1    -2,-0.2    24,-0.1    -1,-0.1   0.311  87.3-123.0-126.6   6.3  -14.1  -34.8    6.8               
  190  190 A S     <  +     0   0   60     -4,-1.7    -3,-0.1     1,-0.2     2,-0.0   0.475  57.7 153.5  60.1   5.7  -17.0  -35.8    4.5               
  191  191 A A        -     0   0   34     -6,-0.1    -5,-2.4     1,-0.1     2,-0.6  -0.332  44.5-128.2 -62.9 141.9  -16.3  -32.8    2.2               
  192  192 A T  E     -E  185   0D  26     -7,-0.2     2,-0.4    -9,-0.1    -7,-0.2  -0.847  27.6-174.7 -92.9 119.8  -17.3  -33.0   -1.5               
  193  193 A I  E     -E  184   0D  24     -9,-2.5    -9,-3.0    -2,-0.6     6,-0.1  -0.962  16.5-157.7-122.0 128.9  -14.3  -32.1   -3.8               
  194  194 A T  S    S+     0   0   80     -2,-0.4     2,-0.4   -11,-0.3    -1,-0.1   0.802  73.0  55.1 -81.8 -29.6  -14.9  -31.9   -7.6               
  195  195 A R  S  > S-     0   0  166      1,-0.1     4,-2.0   -11,-0.1     5,-0.1  -0.866  70.1-139.3-111.0 141.5  -11.2  -32.4   -8.9               
  196  196 A R  H  > S+     0   0  119     -2,-0.4     4,-2.5     2,-0.2     5,-0.2   0.860 105.5  53.8 -62.1 -39.2   -8.9  -35.3   -8.1               
  197  197 A T  H  > S+     0   0   95      2,-0.2     4,-2.4     1,-0.2    -1,-0.2   0.929 109.9  46.6 -61.2 -45.5   -5.9  -32.9   -7.8               
  198  198 A D  H  > S+     0   0   74      2,-0.2     4,-2.1     1,-0.2    -2,-0.2   0.861 111.3  53.1 -67.4 -35.4   -7.7  -30.8   -5.2               
  199  199 A M  H  X S+     0   0    0     -4,-2.0     4,-2.9     2,-0.2    -2,-0.2   0.921 109.4  47.5 -65.7 -44.0   -8.7  -34.0   -3.4               
  200  200 A L  H  X S+     0   0   63     -4,-2.5     4,-2.5     2,-0.2    -2,-0.2   0.902 114.1  47.5 -62.3 -42.7   -5.1  -35.2   -3.2               
  201  201 A G  H  X S+     0   0   25     -4,-2.4     4,-1.6     2,-0.2    -2,-0.2   0.849 112.6  50.4 -65.1 -34.2   -4.1  -31.7   -1.9               
  202  202 A H  H  X S+     0   0   29     -4,-2.1     4,-1.7     2,-0.2    -2,-0.2   0.939 111.3  46.1 -70.2 -45.6   -7.0  -31.9    0.6               
  203  203 A V  H  X S+     0   0    7     -4,-2.9     4,-2.1     1,-0.2    -2,-0.2   0.929 111.6  53.1 -63.0 -42.4   -5.9  -35.4    1.9               
  204  204 A R  H  X S+     0   0  156     -4,-2.5     4,-2.7     1,-0.2    -1,-0.2   0.864 105.3  54.9 -60.3 -35.9   -2.3  -34.1    2.1               
  205  205 A R  H  X S+     0   0  157     -4,-1.6     4,-1.5     2,-0.2     6,-0.3   0.898 107.5  49.5 -63.9 -38.7   -3.6  -31.1    4.2               
  206  206 A H  H  X S+     0   0   25     -4,-1.7     4,-0.7     1,-0.2    -2,-0.2   0.889 114.6  45.9 -64.2 -38.8   -5.2  -33.6    6.6               
  207  207 A M  H  < S+     0   0  123     -4,-2.1     3,-0.3     1,-0.2    -2,-0.2   0.915 115.8  43.2 -68.0 -45.6   -1.8  -35.6    6.8               
  208  208 A N  H  < S+     0   0  137     -4,-2.7    -1,-0.2     1,-0.2    -2,-0.2   0.715 116.5  43.2 -78.9 -25.2    0.5  -32.6    7.2               
  209  209 A K  H  < S-     0   0  126     -4,-1.5    -1,-0.2    -5,-0.2    -2,-0.1   0.525  81.5-141.9-102.6  -8.4   -1.5  -30.5    9.8               
  210  210 A G     <  +     0   0   76     -4,-0.7     2,-0.7    -3,-0.3     3,-0.1   0.562  61.6 136.8  57.0   7.0   -2.8  -33.1   12.4               
  211  211 A E        +     0   0  129     -6,-0.3    -1,-0.2     1,-0.2    -2,-0.1  -0.847  28.3  52.5-114.9  93.2   -5.9  -30.9   12.3               
  212  212 A T        -     0   0   85     -2,-0.7     2,-2.1    -3,-0.1    -1,-0.2   0.468  29.9-174.3 171.1 110.8   -9.2  -31.9   12.2               
  213  213 A K        -     0   0  206      1,-0.1     2,-1.0    -3,-0.1   -24,-0.1  -0.656  25.0-174.7 -59.4  84.4  -11.5  -34.2   14.1               
  214  214 A S        +     0   0   40     -2,-2.1     2,-0.8   -26,-0.4    -1,-0.1  -0.467  17.2 163.0 -81.2  56.3  -14.2  -33.6   11.5               
  215  215 A S        -     0   0   69     -2,-1.0     2,-2.6     1,-0.1    -2,-0.1  -0.785  44.4-133.2 -62.5 114.3  -16.4  -35.7   13.6               
  216  216 A Y        +     0   0  198     -2,-0.8     2,-0.7     2,-0.1    -1,-0.1  -0.582  40.0 171.7 -62.2  66.2  -19.8  -34.7   12.3               
  217  217 A I        -     0   0  119     -2,-2.6     2,-0.9     3,-0.0    -2,-0.0  -0.854  49.4-114.8 -65.3 119.1  -20.9  -34.3   15.9               
  218  218 A A        -     0   0   90     -2,-0.7     2,-1.2     1,-0.1    -2,-0.1  -0.668  45.8-118.5 -49.2  98.4  -24.2  -32.8   15.3               
  219  219 A A        -     0   0   82     -2,-0.9    -1,-0.1     2,-0.0     2,-0.0  -0.534  17.9-137.8 -65.3  97.1  -22.8  -29.7   17.0               
  220  220 A S        -     0   0   97     -2,-1.2     2,-2.1     1,-0.2    -3,-0.0  -0.385  51.2 -80.9 -34.7 125.5  -24.8  -29.1   20.0               
  221  221 A T  S    S+     0   0  146     -2,-0.0     2,-0.5     1,-0.0    -1,-0.2  -0.305  85.6 132.5 -56.8  70.4  -25.1  -25.3   19.7               
  222  222 A A        -     0   0   84     -2,-2.1    -2,-0.0     3,-0.0    -1,-0.0  -0.947  47.4-145.1-124.8 105.0  -21.7  -24.1   21.2               
  223  223 A K        -     0   0  163     -2,-0.5     3,-0.1     1,-0.1    -2,-0.0  -0.509  35.4-100.9 -58.4 134.2  -19.9  -21.5   19.2               
  224  224 A P        -     0   0   88      0, 0.0    -1,-0.1     0, 0.0     2,-0.0  -0.324  55.5 -83.5 -55.8 144.6  -16.1  -22.1   19.4               
  225  225 A P        -     0   0  115      0, 0.0     2,-0.2     0, 0.0    -3,-0.0  -0.318  46.1-124.8 -59.8 127.7  -14.6  -19.6   22.0               
  226  226 A K        -     0   0   66     13,-0.1     2,-0.3    -3,-0.1    13,-0.2  -0.522  21.0-130.4 -68.4 140.8  -13.9  -16.2   20.3               
  227  227 A E  E     -F  238   0E  89     11,-2.1    11,-2.8    -2,-0.2     2,-0.6  -0.736  12.1-137.6 -90.5 140.5  -10.4  -14.9   20.7               
  228  228 A I  E     -F  237   0E  94     -2,-0.3     2,-0.3     9,-0.2     9,-0.2  -0.919  23.6-176.1-100.3 117.0   -9.8  -11.3   22.0               
  229  229 A L  E     -F  236   0E  35      7,-2.8     7,-3.1    -2,-0.6     2,-0.4  -0.778  15.1-141.1-102.8 155.9   -7.1   -9.4   20.1               
  230  230 A K  E     +F  235   0E 133     -2,-0.3     2,-0.4     5,-0.2     5,-0.2  -0.979  21.3 172.6-121.9 126.3   -5.8   -5.9   21.0               
  231  231 A E  E >  S-F  234   0E  18      3,-2.6     3,-1.7    -2,-0.4    -2,-0.0  -0.975  72.9 -18.0-135.7 121.8   -4.9   -3.3   18.3               
  232  232 A A  T 3  S-     0   0   37     -2,-0.4    -1,-0.1     1,-0.3     3,-0.1   0.950 127.5 -52.2  48.5  54.7   -4.0    0.4   19.2               
  233  233 A D  T 3  S+     0   0  103      1,-0.2     2,-0.5    -3,-0.1    -1,-0.3   0.534 114.7 120.1  57.9  12.5   -5.7    0.0   22.7               
  234  234 A T  E <   -F  231   0E   0     -3,-1.7    -3,-2.6     2,-0.0     2,-0.3  -0.914  56.5-143.9-105.6 123.9   -8.9   -1.3   21.0               
  235  235 A D  E     -F  230   0E  51     -2,-0.5     2,-0.4    -5,-0.2    -5,-0.2  -0.680  20.6-173.2 -85.5 135.3  -10.0   -4.9   22.1               
  236  236 A V  E     -F  229   0E   0     -7,-3.1    -7,-2.8    -2,-0.3     2,-0.4  -0.975  20.5-139.7-137.4 123.1  -11.6   -7.0   19.3               
  237  237 A Q  E     -F  228   0E  41     -2,-0.4     2,-0.3    -9,-0.2    -9,-0.2  -0.678  29.4-178.7 -73.9 130.7  -13.3  -10.4   19.4               
  238  238 A V  E     -F  227   0E   0    -11,-2.8   -11,-2.1    -2,-0.4    13,-0.1  -0.902  32.8-104.5-127.1 152.8  -12.4  -12.5   16.4               
  239  239 A C    >   -     0   0   30     11,-0.4     3,-2.1    -2,-0.3     4,-0.1  -0.597  37.1-115.0 -70.6 145.0  -13.4  -16.0   15.3               
  240  240 A P  T 3  S+     0   0   62      0, 0.0     3,-0.4     0, 0.0    -1,-0.1   0.743 117.5  54.3 -55.7 -25.2  -10.6  -18.6   15.9               
  241  241 A N  T >   +     0   0   52      1,-0.2     3,-1.8     2,-0.1     8,-0.1   0.077  68.7 124.5 -93.5  22.4  -10.2  -19.1   12.2               
  242  242 A Y  T <   +     0   0   46     -3,-2.1    10,-0.6     1,-0.3    -1,-0.2   0.770  69.4  60.1 -57.3 -26.5   -9.7  -15.3   11.5               
  243  243 A S  T 3  S+     0   0   91     -3,-0.4    -1,-0.3     1,-0.3    -2,-0.1   0.760 125.3  17.2 -70.7 -26.3   -6.4  -16.1    9.7               
  244  244 A I  S <  S-     0   0  126     -3,-1.8    -1,-0.3     2,-0.0    -2,-0.1  -0.576  90.4-172.3-143.0  69.8   -8.3  -18.3    7.1               
  245  245 A P        -     0   0   36      0, 0.0     2,-0.1     0, 0.0    -3,-0.1  -0.331  21.8-122.7 -70.7 146.0  -12.0  -17.2    7.5               
  246  246 A Q    >   -     0   0  132      1,-0.1     3,-1.9     4,-0.1    -5,-0.0  -0.464  36.5 -99.4 -73.3 162.7  -14.8  -19.0    5.7               
  247  247 A K  T 3  S+     0   0  221      1,-0.3    -1,-0.1    -2,-0.1     4,-0.1   0.677 125.7  49.4 -56.5 -22.4  -17.1  -16.9    3.3               
  248  248 A T  T 3  S+     0   0   84      2,-0.1    -1,-0.3    63,-0.0     2,-0.2   0.497  95.0  94.0 -91.4 -12.2  -19.7  -16.7    6.2               
  249  249 A D  S <  S-     0   0   41     -3,-1.9     2,-0.3     1,-0.1    63,-0.1  -0.553  86.1-102.0 -91.2 148.2  -17.2  -15.7    8.9               
  250  250 A S        -     0   0    6     -2,-0.2   -11,-0.4    61,-0.1     2,-0.3  -0.540  46.0-128.9 -65.2 124.4  -16.4  -12.1   10.1               
  251  251 A Y        +     0   0   78     -2,-0.3    35,-0.5    -4,-0.1     2,-0.3  -0.594  32.2 171.4 -82.9 136.2  -13.1  -11.3    8.5               
  252  252 A F        -     0   0    9    -10,-0.6    33,-0.0    -2,-0.3   -14,-0.0  -0.947   7.6-172.9-141.7 124.6  -10.1   -9.9   10.4               
  253  253 A N    >   -     0   0   31     -2,-0.3     3,-1.6     1,-0.1   -10,-0.1  -0.946  15.5-163.5-118.7 113.9   -6.6   -9.6    8.8               
  254  254 A P  G >  S+     0   0   61      0, 0.0     3,-2.0     0, 0.0     4,-0.2   0.834  91.4  67.7 -58.5 -31.1   -3.6   -8.6   11.0               
  255  255 A K  G 3  S+     0   0  134      1,-0.3     3,-0.3     2,-0.1     4,-0.2   0.649  90.7  63.4 -66.5 -14.1   -1.7   -7.7    7.8               
  256  256 A M  G <> S+     0   0    9     -3,-1.6     4,-2.4     1,-0.2     3,-0.3   0.361  71.0 102.9 -89.4   4.2   -4.2   -4.8    7.3               
  257  257 A K  H <> S+     0   0   77     -3,-2.0     4,-2.5     1,-0.2    -1,-0.2   0.917  80.9  49.5 -52.1 -47.0   -2.9   -3.0   10.5               
  258  258 A L  H  > S+     0   0   48     -3,-0.3     4,-2.1    -4,-0.2    -1,-0.2   0.842 109.6  52.0 -65.4 -33.6   -0.9   -0.5    8.6               
  259  259 A N  H  > S+     0   0    1     -3,-0.3     4,-2.2     2,-0.2    -2,-0.2   0.971 110.6  47.7 -63.6 -51.0   -3.9    0.3    6.3               
  260  260 A R  H  X S+     0   0   17     -4,-2.4     4,-2.6     1,-0.2    -2,-0.2   0.892 112.2  50.0 -57.8 -42.8   -6.1    0.9    9.4               
  261  261 A Q  H  X S+     0   0   10     -4,-2.5     4,-2.6     2,-0.2    -1,-0.2   0.901 109.0  51.1 -64.7 -41.8   -3.4    3.2   11.0               
  262  262 A L  H  X S+     0   0    0     -4,-2.1     4,-1.7     2,-0.2    -2,-0.2   0.917 113.8  45.4 -59.5 -43.4   -3.1    5.2    7.7               
  263  263 A I  H  X S+     0   0    0     -4,-2.2     4,-2.6     2,-0.2    -2,-0.2   0.908 111.1  52.8 -68.3 -42.0   -6.9    5.7    7.7               
  264  264 A F  H  X S+     0   0    8     -4,-2.6     4,-2.9     2,-0.2    -2,-0.2   0.961 111.1  45.7 -57.1 -52.5   -6.9    6.6   11.4               
  265  265 A C  H  X S+     0   0    0     -4,-2.6     4,-2.3     1,-0.2    -1,-0.2   0.828 112.3  53.3 -61.9 -33.1   -4.2    9.3   10.9               
  266  266 A T  H  X S+     0   0    0     -4,-1.7     4,-1.6    -5,-0.2    -1,-0.2   0.930 112.2  43.3 -63.3 -48.6   -6.2   10.6    7.8               
  267  267 A L  H  X S+     0   0    0     -4,-2.6     4,-2.5     2,-0.2    -2,-0.2   0.901 113.1  52.0 -68.8 -40.0   -9.4   10.9    9.8               
  268  268 A A  H  X S+     0   0    1     -4,-2.9     4,-1.5     1,-0.2    -2,-0.2   0.953 110.1  49.2 -57.4 -47.8   -7.6   12.5   12.8               
  269  269 A A  H  < S+     0   0    0     -4,-2.3     4,-0.3     1,-0.2    -1,-0.2   0.805 113.8  46.2 -65.0 -31.5   -6.0   15.1   10.5               
  270  270 A L  H >X S+     0   0    4     -4,-1.6     4,-1.3     2,-0.2     3,-1.1   0.844 104.4  61.7 -74.5 -37.5   -9.5   15.8    8.9               
  271  271 A A  H 3< S+     0   0    1     -4,-2.5    -2,-0.2     1,-0.3    -1,-0.1   0.844  98.0  58.0 -61.4 -32.4  -11.1   16.0   12.4               
  272  272 A E  T 3< S+     0   0  112     -4,-1.5    -1,-0.3     1,-0.2    -2,-0.2   0.765 106.0  50.2 -67.2 -22.4   -8.8   19.0   13.2               
  273  273 A E  T <4 S+     0   0   68     -3,-1.1     2,-0.3    -4,-0.3    -2,-0.2   0.821 126.4   8.8 -82.2 -35.1  -10.3   20.8   10.2               
  274  274 A R  S  < S-     0   0  101     -4,-1.3    -1,-0.3    -3,-0.1     3,-0.2  -0.971  74.5-129.3-151.8 136.2  -14.0   20.3   11.1               
  275  275 A K  S    S+     0   0  118     -2,-0.3    26,-0.1     1,-0.2    25,-0.1  -0.998  81.4  24.4-138.2 139.4  -16.0   18.9   14.1               
  276  276 A P  S    S-     0   0   68      0, 0.0     2,-0.4     0, 0.0    25,-0.3   0.588  76.8-165.7 -81.7 148.6  -18.1   16.8   14.4               
  277  277 A L  E     -g  301   0F   3     23,-2.4    25,-3.3    -3,-0.2     2,-0.7  -0.806  19.7-133.3 -94.6 132.7  -17.5   14.7   11.2               
  278  278 A E  E     -g  302   0F  42     -2,-0.4    90,-2.4    23,-0.2    91,-2.2  -0.748  35.9-169.3 -80.1 113.9  -20.1   12.1    9.9               
  279  279 A C  E     -gh 303 369F   0     23,-2.9    25,-2.5    -2,-0.7     2,-0.5  -0.885  14.0-159.5-117.0 137.0  -17.9    9.0    9.3               
  280  280 A L  E     -gh 304 370F   0     89,-2.5    91,-2.7    -2,-0.4     2,-0.8  -0.962  13.9-170.8-119.0 119.9  -18.7    5.7    7.4               
  281  281 A D  E     -gh 305 371F   4     23,-2.9    25,-2.7    -2,-0.5     3,-0.5  -0.926  17.9-172.0 -91.3 101.2  -16.9    2.4    7.8               
  282  282 A A  S    S+     0   0    0     89,-1.9     2,-0.2    -2,-0.8    -1,-0.1   0.726  76.7  33.2 -74.3 -22.8  -18.8    0.8    4.8               
  283  283 A F        +     0   0   48     88,-0.2    -1,-0.3     1,-0.1    24,-0.2  -0.666  69.7 166.1-135.0  70.2  -17.4   -2.8    5.4               
  284  284 A G    >   +     0   0    5     22,-3.2     3,-3.2    -3,-0.5     2,-0.9   0.799   2.6 167.6 -64.0 -35.7  -17.0   -3.1    9.2               
  285  285 A A  T 3  S+     0   0   17      1,-0.3    31,-0.3    21,-0.3    -1,-0.2  -0.375  87.9   2.4  51.4 -93.3  -16.5   -6.9    9.4               
  286  286 A T  T 3  S-     0   0    2     -2,-0.9    -1,-0.3   -35,-0.5   -49,-0.2   0.577 101.0-123.5 -87.1 -13.0  -15.3   -7.0   13.1               
  287  287 A G    <>  +     0   0    0     -3,-3.2     4,-2.8    -4,-0.1     5,-0.2   0.359  66.8 138.4  85.4   0.2  -15.8   -3.2   13.4               
  288  288 A I  H  > S+     0   0    8     -4,-0.3     4,-2.1     1,-0.2     5,-0.1   0.807  70.4  44.8 -48.4 -42.2  -12.1   -2.7   14.5               
  289  289 A M  H  > S+     0   0   12     -5,-0.3     4,-2.2     2,-0.2    -1,-0.2   0.970 116.1  43.4 -73.3 -51.5  -11.5    0.4   12.3               
  290  290 A G  H  > S+     0   0    0      1,-0.2     4,-2.3     2,-0.2    -2,-0.2   0.862 113.4  55.0 -60.1 -34.1  -14.8    2.2   13.2               
  291  291 A L  H  X S+     0   0    0     -4,-2.8     4,-2.8     2,-0.2    -2,-0.2   0.938 107.0  49.3 -63.2 -47.0  -14.2    1.2   16.9               
  292  292 A Q  H  X S+     0   0    4     -4,-2.1     4,-2.4    -5,-0.2     5,-0.4   0.910 110.8  51.5 -58.8 -43.0  -10.7    2.8   16.8               
  293  293 A W  H  X S+     0   0    0     -4,-2.2     4,-2.2     1,-0.2     5,-0.4   0.961 115.1  40.2 -58.8 -52.2  -12.2    6.0   15.3               
  294  294 A A  H  X S+     0   0    1     -4,-2.3     4,-1.0     1,-0.2    55,-0.7   0.889 117.6  49.5 -65.2 -40.2  -15.0    6.3   18.0               
  295  295 A K  H  < S+     0   0   51     -4,-2.8    -1,-0.2    -5,-0.2    -2,-0.2   0.891 122.8  27.4 -67.3 -44.9  -12.6    5.3   20.9               
  296  296 A H  H  < S+     0   0   62     -4,-2.4    -2,-0.2    -5,-0.2    -3,-0.2   0.737 126.8  41.0 -98.4 -25.4   -9.7    7.7   20.1               
  297  297 A L  H >< S+     0   0   22     -4,-2.2     3,-2.0    -5,-0.4    -3,-0.2   0.577  84.1 176.8 -97.9 -12.8  -11.4   10.7   18.3               
  298  298 A G  G ><  +     0   0   17     -4,-1.0     3,-1.6    -5,-0.4    -1,-0.2  -0.134  66.1   1.5  52.7-130.8  -14.5   10.7   20.7               
  299  299 A N  G 3  S+     0   0  119      1,-0.3    -1,-0.3    48,-0.2    -5,-0.1   0.503 116.4  80.3 -71.1  -5.1  -17.0   13.5   20.0               
  300  300 A A  G <  S+     0   0   16     -3,-2.0   -23,-2.4   -24,-0.1     2,-0.3   0.727  99.8  41.7 -69.6 -19.7  -14.9   14.8   17.0               
  301  301 A V  E <   -g  277   0F   6     -3,-1.6     2,-0.6   -25,-0.3   -23,-0.2  -0.965  64.0-151.2-131.5 143.2  -16.5   12.0   14.9               
  302  302 A K  E     -g  278   0F 107    -25,-3.3   -23,-2.9    -2,-0.3     2,-0.4  -0.955  33.8-153.6-106.8 106.7  -20.0   10.4   14.5               
  303  303 A V  E     -gi 279 351F   2     47,-0.8    49,-2.7    -2,-0.6     2,-0.5  -0.717  18.8-173.1 -94.1 129.8  -19.2    6.9   13.5               
  304  304 A T  E     -gi 280 352F   2    -25,-2.5   -23,-2.9    -2,-0.4     2,-0.5  -0.990   6.2-165.0-110.5 129.0  -21.3    4.5   11.5               
  305  305 A I  E     -gi 281 353F   0     47,-2.4    49,-2.4    -2,-0.5     2,-0.4  -0.951  13.5-171.7-108.3 122.1  -20.1    0.9   11.1               
  306  306 A N  E     + i   0 354F   2    -25,-2.7   -22,-3.2    -2,-0.5     2,-0.3  -0.935  13.0 164.5-115.6 139.8  -21.9   -1.0    8.3               
  307  307 A D        -     0   0   22     47,-2.0    49,-0.4    -2,-0.4   -24,-0.1  -0.991  31.9-147.7-146.0 150.8  -21.9   -4.7    7.3               
  308  308 A L  S    S+     0   0  113     -2,-0.3     2,-0.5    47,-0.2    49,-0.1   0.790  80.4  84.6 -80.3 -29.8  -24.2   -6.8    5.0               
  309  309 A N     >  -     0   0   48      1,-0.1     4,-2.6    47,-0.1     3,-0.4  -0.638  69.3-149.2 -81.7 124.3  -23.6  -10.0    7.2               
  310  310 A E  H  > S+     0   0   94     -2,-0.5     4,-2.7     1,-0.2     5,-0.2   0.866 100.5  54.9 -56.8 -38.6  -25.8  -10.4   10.3               
  311  311 A N  H  > S+     0   0   90      2,-0.2     4,-2.1     1,-0.2    -1,-0.2   0.872 109.5  47.1 -64.9 -37.1  -23.0  -12.3   12.1               
  312  312 A S  H  > S+     0   0    4     -3,-0.4     4,-2.8     2,-0.2    -2,-0.2   0.937 111.5  50.2 -71.1 -43.7  -20.6   -9.3   11.4               
  313  313 A V  H  X S+     0   0    8     -4,-2.6     4,-2.3     2,-0.2    -2,-0.2   0.925 112.4  47.7 -58.4 -46.1  -23.3   -6.8   12.6               
  314  314 A T  H  X S+     0   0   50     -4,-2.7     4,-2.5     2,-0.2    -1,-0.2   0.925 113.5  47.8 -59.9 -45.0  -23.8   -8.9   15.8               
  315  315 A L  H  X S+     0   0    6     -4,-2.1     4,-2.6     2,-0.2    -2,-0.2   0.879 108.9  53.3 -66.2 -38.8  -20.0   -9.1   16.3               
  316  316 A I  H  X S+     0   0    0     -4,-2.8     4,-2.2   -31,-0.3    -2,-0.2   0.940 110.4  48.2 -59.2 -47.4  -19.6   -5.3   15.7               
  317  317 A Q  H  X S+     0   0   57     -4,-2.3     4,-2.2     2,-0.2    -2,-0.2   0.937 111.9  48.6 -60.1 -47.7  -22.2   -4.7   18.5               
  318  318 A E  H  X S+     0   0   61     -4,-2.5     4,-2.4     1,-0.2    -2,-0.2   0.911 111.9  49.9 -58.2 -41.4  -20.4   -7.2   20.9               
  319  319 A N  H  X S+     0   0    0     -4,-2.6     4,-1.4     2,-0.2    -1,-0.2   0.831 106.7  55.0 -70.3 -31.2  -17.1   -5.4   20.1               
  320  320 A C  H  <>S+     0   0    0     -4,-2.2     5,-2.7     2,-0.2     3,-0.4   0.962 111.1  45.1 -60.4 -49.1  -18.7   -2.0   20.8               
  321  321 A H  H ><5S+     0   0  128     -4,-2.2     3,-1.9     1,-0.2    -2,-0.2   0.903 108.0  57.6 -62.7 -40.5  -19.8   -3.3   24.3               
  322  322 A L  H 3<5S+     0   0   55     -4,-2.4    -1,-0.2     1,-0.3    -2,-0.2   0.842 111.3  43.0 -57.1 -34.7  -16.3   -4.8   24.9               
  323  323 A N  T 3<5S-     0   0    7     -4,-1.4    -1,-0.3    -3,-0.4    -2,-0.2   0.259 117.0-113.1 -94.6  10.4  -14.8   -1.3   24.4               
  324  324 A K  T < 5 +     0   0  181     -3,-1.9     2,-0.4     1,-0.2    24,-0.3   0.835  65.8 151.1  57.5  36.4  -17.5    0.4   26.6               
  325  325 A L      < -     0   0    5     -5,-2.7     2,-0.5    -6,-0.1    -1,-0.2  -0.846  48.6-119.4 -98.6 134.9  -18.9    2.2   23.4               
  326  326 A K        -     0   0  119     22,-0.8    25,-2.8    -2,-0.4     2,-0.5  -0.602  24.5-147.4 -77.2 122.6  -22.6    3.2   23.3               
  327  327 A V  E     -j  351   0F  30     -2,-0.5     2,-0.6    23,-0.2    25,-0.2  -0.793   4.4-156.6 -91.2 125.8  -24.5    1.6   20.4               
  328  328 A V  E     -j  352   0F  58     23,-2.8    25,-1.0    -2,-0.5     2,-0.5  -0.915   9.6-165.7 -99.9 114.8  -27.4    3.5   18.7               
  329  329 A V        -     0   0   81     -2,-0.6     2,-2.2    23,-0.1    25,-0.1  -0.911  22.4-130.7 -99.3 123.4  -29.8    1.2   17.0               
  330  330 A D        +     0   0  117     -2,-0.5     2,-0.5    23,-0.4    -2,-0.0  -0.505  48.7 152.8 -71.0  73.8  -32.3    2.8   14.6               
  331  331 A S        -     0   0   83     -2,-2.2     2,-0.5     2,-0.1    -2,-0.1  -0.959  50.2-133.4 -96.7 127.7  -35.4    1.1   16.0               
  332  332 A K  S    S+     0   0  224     -2,-0.5     2,-0.4     1,-0.1    -2,-0.1   0.129  83.1  90.1 -65.1  23.4  -38.5    3.3   15.3               
  333  333 A E        +     0   0  166     -2,-0.5    -1,-0.1     1,-0.1    -2,-0.1  -0.892  50.1  80.7-137.9  96.5  -39.4    2.6   19.0               
  334  334 A K        +     0   0  196     -2,-0.4     2,-0.3     0, 0.0     3,-0.2   0.183  28.5 166.1 177.0  95.5  -38.4    4.6   22.0               
  335  335 A E        +     0   0  175      1,-0.2    -2,-0.0     0, 0.0     0, 0.0  -0.663  66.6  11.5 -60.9 141.7  -39.8    7.8   23.2               
  336  336 A K        +     0   0  200     -2,-0.3     2,-0.3     1,-0.1    -1,-0.2   0.899  52.5 143.9  56.3  86.7  -38.6    8.6   26.8               
  337  337 A S        -     0   0   85     -3,-0.2     2,-1.2     2,-0.0    -1,-0.1  -0.804  29.0-160.1-133.3 105.2  -35.9    7.1   28.8               
  338  338 A D        -     0   0  168     -2,-0.3     2,-0.8     2,-0.0     0, 0.0  -0.727  15.8-154.2 -65.1  95.1  -34.2    9.7   30.9               
  339  339 A D        -     0   0  111     -2,-1.2     2,-0.5     1,-0.0    -2,-0.0  -0.779  15.0-128.5 -76.2 112.5  -31.0    7.9   31.6               
  340  340 A I        -     0   0  160     -2,-0.8     2,-0.8     1,-0.1    -1,-0.0  -0.526  22.5-134.1 -53.7 109.5  -29.6    9.3   34.9               
  341  341 A L        -     0   0  136     -2,-0.5     2,-0.6     3,-0.0    -1,-0.1  -0.706  10.4-137.5 -69.9 111.3  -26.0   10.2   34.0               
  342  342 A E    >   -     0   0  162     -2,-0.8     3,-1.3     1,-0.1     2,-1.1  -0.661  29.1-117.1 -62.3 116.5  -23.7    8.9   36.7               
  343  343 A E  T 3  S+     0   0  204     -2,-0.6    -1,-0.1     1,-0.2    -3,-0.0  -0.497  97.5  50.4 -61.5  96.3  -21.4   11.9   37.1               
  344  344 A G  T 3   +     0   0   76     -2,-1.1     2,-0.6     1,-0.3    -1,-0.2   0.204  70.0 110.3 160.6 -21.0  -18.0   10.2   36.2               
  345  345 A E    <   -     0   0  165     -3,-1.3     2,-0.5     1,-0.0    -1,-0.3  -0.644  64.3-130.1 -82.8 119.1  -18.2    8.3   32.8               
  346  346 A K        -     0   0  192     -2,-0.6     2,-0.9     1,-0.1    -1,-0.0  -0.577  32.2-114.8 -58.9 113.9  -16.3    9.9   29.9               
  347  347 A N        -     0   0  114     -2,-0.5     2,-0.5   -22,-0.0   -48,-0.2  -0.405  31.6-157.4 -55.1  93.6  -18.9   10.0   27.1               
  348  348 A L        -     0   0   56     -2,-0.9   -22,-0.8   -24,-0.3   -53,-0.1  -0.759  41.5 -84.6 -80.6 119.1  -17.1    7.5   24.7               
  349  349 A G        -     0   0    4    -55,-0.7   -23,-0.2    -2,-0.5     2,-0.2   0.226  42.2-104.6 -45.0 144.5  -18.7    8.5   21.3               
  350  350 A N        -     0   0   92    -25,-0.1   -47,-0.8    -3,-0.1     2,-0.5  -0.467  33.9-154.5 -66.3 129.8  -22.0    7.1   20.1               
  351  351 A I  E     -ij 303 327F   0    -25,-2.8   -23,-2.8    -2,-0.2     2,-0.6  -0.920   4.1-150.5-109.6 127.5  -21.6    4.4   17.3               
  352  352 A K  E     -ij 304 328F  46    -49,-2.7   -47,-2.4    -2,-0.5     2,-0.5  -0.850  12.0-161.4 -91.1 122.6  -24.4    3.7   14.8               
  353  353 A V  E     -i  305   0F  12    -25,-1.0   -23,-0.4    -2,-0.6     2,-0.4  -0.918  12.5-174.6-106.2 126.3  -24.4    0.0   13.6               
  354  354 A T  E     -i  306   0F  15    -49,-2.4   -47,-2.0    -2,-0.5     2,-0.6  -0.945  25.8-151.7-124.1 145.3  -26.2   -0.7   10.3               
  355  355 A K        +     0   0  108     -2,-0.4     2,-0.3   -49,-0.2   -47,-0.2  -0.829  54.6 115.7-109.7  86.5  -27.1   -3.8    8.3               
  356  356 A M  S    S-     0   0   61     -2,-0.6     2,-0.3   -49,-0.4   -47,-0.1  -0.984  73.3 -89.3-146.0 158.0  -27.3   -2.6    4.7               
  357  357 A D     >  -     0   0   61     -2,-0.3     4,-2.4     1,-0.1     3,-0.2  -0.563  42.8-128.3 -61.7 131.7  -25.7   -2.8    1.3               
  358  358 A A  H  > S+     0   0    3     -2,-0.3     4,-2.3     1,-0.2     5,-0.2   0.857 107.3  53.9 -58.7 -36.8  -23.0   -0.1    1.2               
  359  359 A N  H  > S+     0   0   41      2,-0.2     4,-1.5     1,-0.2    -1,-0.2   0.918 109.9  47.5 -63.1 -44.0  -24.3    1.4   -2.1               
  360  360 A V  H  > S+     0   0   69     -3,-0.2     4,-1.6     2,-0.2     3,-0.4   0.952 111.7  50.0 -62.9 -47.4  -27.9    1.8   -0.5               
  361  361 A L  H  X S+     0   0    5     -4,-2.4     4,-1.3     1,-0.2     3,-0.3   0.901 110.3  49.4 -58.8 -44.1  -26.5    3.3    2.7               
  362  362 A M  H  < S+     0   0    2     -4,-2.3    26,-0.3     1,-0.2    -1,-0.2   0.774 111.8  50.0 -69.3 -24.7  -24.3    5.9    0.7               
  363  363 A H  H  < S+     0   0   95     -4,-1.5    -1,-0.2    -3,-0.4    -2,-0.2   0.767 107.8  53.9 -79.6 -26.2  -27.4    6.8   -1.4               
  364  364 A L  H  < S+     0   0  119     -4,-1.6     2,-0.3    -3,-0.3    -2,-0.2   0.784 119.4  11.6 -80.6 -29.6  -29.7    7.3    1.7               
  365  365 A R  S  < S-     0   0   57     -4,-1.3     2,-0.3     2,-0.0    -1,-0.2  -0.990  70.5-114.0-149.5 157.8  -27.4    9.8    3.5               
  366  366 A S        -     0   0   44     -2,-0.3     2,-0.3    -3,-0.1    23,-0.2  -0.682  27.3-167.3 -87.6 147.2  -24.4   12.1    3.1               
  367  367 A F        -     0   0    1     -2,-0.3    23,-2.4    18,-0.2   -88,-0.2  -0.866  26.4-147.4-126.9 158.8  -21.0   11.6    5.0               
  368  368 A D  S    S+     0   0   16    -90,-2.4    26,-2.4     1,-0.3     2,-0.4   0.721  95.8  31.2 -88.3 -31.2  -17.9   13.8    5.5               
  369  369 A F  E     -hk 279 394F   0    -91,-2.2   -89,-2.5    24,-0.2     2,-0.4  -0.994  67.8-178.8-132.1 126.7  -15.7   10.7    5.6               
  370  370 A I  E     -hk 280 395F   2     24,-2.5    26,-3.0    -2,-0.4     2,-0.5  -0.989   6.5-165.9-125.0 124.1  -16.3    7.4    3.7               
  371  371 A H  E     -hk 281 396F   0    -91,-2.7   -89,-1.9    -2,-0.4     2,-0.5  -0.941   2.1-166.5-107.9 129.6  -14.0    4.4    3.8               
  372  372 A L  E     + k   0 397F   0     24,-2.8    26,-3.1    -2,-0.5     6,-0.1  -0.946  22.0 153.6-115.6 108.9  -14.3    1.6    1.3               
  373  373 A D        +     0   0   48     -2,-0.5     2,-0.2    24,-0.2    26,-0.1  -0.570  17.9 157.2-130.0  65.1  -12.5   -1.8    2.0               
  374  374 A P        -     0   0    6      0, 0.0    26,-0.4     0, 0.0     2,-0.4  -0.519  55.3 -85.4 -74.8 160.7  -14.5   -4.5    0.2               
  375  375 A F  S    S-     0   0  149     -2,-0.2     2,-0.8    24,-0.1    -2,-0.0  -0.499 100.2 -17.0 -63.9 123.9  -12.9   -7.9   -0.8               
  376  376 A G  S    S+     0   0   25     -2,-0.4    24,-2.0     2,-0.0    25,-1.5  -0.736 125.3  23.4  83.8-108.6  -11.1   -7.4   -4.1               
  377  377 A T        -     0   0   12     -2,-0.8     3,-0.3    23,-0.2    22,-0.1  -0.827  45.1-163.8-105.7 137.8  -12.2   -4.3   -6.0               
  378  378 A S  S >> S+     0   0    0     -2,-0.4     3,-2.0     1,-0.2     4,-0.6   0.488  70.6  97.7 -88.1  -5.4  -13.8   -1.0   -4.7               
  379  379 A V  H >> S+     0   0   33      1,-0.3     3,-1.2     2,-0.2     4,-0.5   0.854  73.0  64.2 -55.8 -37.9  -14.9    0.1   -8.2               
  380  380 A N  H 34 S+     0   0  108     -3,-0.3    -1,-0.3     1,-0.3     4,-0.2   0.600 108.5  40.7 -62.0 -15.7  -18.5   -1.2   -7.6               
  381  381 A Y  H <> S+     0   0   45     -3,-2.0     4,-2.4     2,-0.1    -1,-0.3   0.488  88.7  90.7-111.1  -8.7  -19.0    1.3   -4.8               
  382  382 A L  H <X S+     0   0    5     -3,-1.2     4,-2.6    -4,-0.6     5,-0.2   0.901  85.1  51.1 -62.7 -45.4  -17.4    4.4   -6.3               
  383  383 A D  H  X S+     0   0   72     -4,-0.5     4,-1.1     1,-0.2    -1,-0.2   0.907 113.3  46.2 -60.4 -40.7  -20.5    5.9   -8.0               
  384  384 A S  H  > S+     0   0    1      2,-0.2     4,-1.0     1,-0.2     3,-0.4   0.928 112.1  50.6 -67.9 -42.3  -22.5    5.6   -4.7               
  385  385 A A  H  X S+     0   0    0     -4,-2.4     4,-1.0     1,-0.2    -2,-0.2   0.924 114.3  44.0 -61.1 -44.7  -19.7    7.1   -2.6               
  386  386 A F  H  < S+     0   0    0     -4,-2.6    -1,-0.2    -5,-0.2    -2,-0.2   0.674 100.9  72.6 -76.9 -15.1  -19.4   10.1   -4.9               
  387  387 A R  H  < S+     0   0  148     -4,-1.1    -1,-0.2    -3,-0.4    -2,-0.2   0.972 116.6  10.4 -63.4 -53.4  -23.2   10.6   -5.2               
  388  388 A N  H  < S+     0   0   57     -4,-1.0    -1,-0.2   -26,-0.3   -21,-0.2   0.315  87.1 130.6-116.9   2.9  -23.9   12.0   -1.7               
  389  389 A I     <  -     0   0    7     -4,-1.0   -21,-0.2   -23,-0.2     3,-0.1  -0.352  61.3-111.7 -57.8 138.2  -20.4   12.8   -0.2               
  390  390 A R    >   -     0   0   92    -23,-2.4     3,-2.1     1,-0.1    78,-0.2  -0.243  40.8 -81.5 -68.5 156.9  -20.3   16.3    1.3               
  391  391 A N  T 3  S+     0   0   71      1,-0.3    78,-0.2    78,-0.1    -1,-0.1  -0.474 119.4  11.6 -62.7 132.5  -18.2   19.1   -0.2               
  392  392 A L  T 3  S+     0   0   19     76,-2.5    -1,-0.3     1,-0.3    77,-0.1   0.499  97.1 141.9  66.7  12.0  -14.5   18.7    1.0               
  393  393 A G    <   -     0   0    2     -3,-2.1    75,-2.8    75,-0.2     2,-0.4  -0.320  49.8-119.6 -66.8 161.2  -15.4   15.3    2.4               
  394  394 A I  E     -kL 369 467F   0    -26,-2.4   -24,-2.5    73,-0.2     2,-0.5  -0.914  16.9-161.5-108.9 131.6  -12.8   12.5    2.1               
  395  395 A V  E     -kL 370 466F   0     71,-2.4    71,-2.6    -2,-0.4     2,-0.5  -0.970   8.5-165.4-105.1 123.0  -13.2    9.2    0.2               
  396  396 A S  E     -kL 371 465F   0    -26,-3.0   -24,-2.8    -2,-0.5     2,-0.5  -0.947   7.7-168.2-107.1 123.7  -10.7    6.5    1.3               
  397  397 A V  E     -kL 372 464F   1     67,-3.0    67,-2.5    -2,-0.5     2,-0.4  -0.953   8.6-170.6-123.2 114.1  -10.5    3.5   -1.1               
  398  398 A T  E     - L   0 463F   0    -26,-3.1     2,-0.4    -2,-0.5    65,-0.2  -0.827   5.0-169.5 -96.2 133.6   -8.7    0.2   -0.4               
  399  399 A S  E     + L   0 462F   1     63,-2.5    63,-2.5    -2,-0.4   -22,-0.2  -0.981  16.4 177.5-123.6 123.4   -8.3   -2.3   -3.3               
  400  400 A T        +     0   0   47    -24,-2.0     2,-2.3   -26,-0.4     3,-0.3   0.337  53.9 110.0-101.2   3.6   -7.1   -5.8   -2.6               
  401  401 A D     >  +     0   0   25    -25,-1.5     4,-2.3     1,-0.2     3,-0.4  -0.276  34.7 148.4 -72.7  52.9   -7.5   -6.8   -6.3               
  402  402 A I  H  >  +     0   0   23     -2,-2.3     4,-2.4     1,-0.2     6,-0.3   0.832  61.4  62.4 -62.7 -33.4   -3.6   -7.0   -6.6               
  403  403 A S  H  4>S+     0   0   64     -3,-0.3     5,-1.6     2,-0.2     6,-1.6   0.904 111.5  36.4 -64.2 -40.9   -3.7   -9.7   -9.2               
  404  404 A S  H >45S+     0   0    0     -3,-0.4     3,-1.6     4,-0.2     9,-0.2   0.964 118.3  50.1 -73.5 -48.2   -5.6   -7.5  -11.7               
  405  405 A L  H 3<5S+     0   0    1     -4,-2.3    -2,-0.2     1,-0.3    -3,-0.2   0.783 108.2  52.8 -63.9 -31.5   -3.7   -4.3  -10.8               
  406  406 A Y  T 3<5S-     0   0   22     -4,-2.4    -1,-0.3    -5,-0.2    -2,-0.1   0.046 119.8-109.0 -91.7  23.3   -0.2   -5.9  -11.1               
  407  407 A A  T < 5S+     0   0   15     -3,-1.6     3,-0.5     2,-0.1    16,-0.2   0.603  88.0 120.1  58.3  21.1   -1.1   -7.1  -14.6               
  408  408 A K  S   <S+     0   0  154     -5,-1.6    -4,-0.2    -6,-0.3     2,-0.2   0.837  90.9  26.4 -73.7 -32.5   -1.4  -10.9  -13.6               
  409  409 A A  S >> S+     0   0   22     -6,-1.6     4,-1.8    -5,-0.1     3,-1.4  -0.615  74.5 170.1-128.5  70.7   -5.1  -10.7  -14.8               
  410  410 A Q  H 3> S+     0   0   94     -3,-0.5     4,-2.5     1,-0.3     5,-0.2   0.836  76.8  58.1 -54.5 -38.0   -5.1   -7.9  -17.5               
  411  411 A H  H 3> S+     0   0  116      2,-0.2     4,-1.5     1,-0.2    -1,-0.3   0.812 106.5  49.7 -65.3 -29.4   -8.7   -8.8  -18.7               
  412  412 A V  H <> S+     0   0   21     -3,-1.4     4,-3.0     2,-0.2     5,-0.4   0.934 109.5  50.7 -71.6 -44.6   -9.9   -8.2  -15.0               
  413  413 A A  H  X S+     0   0    0     -4,-1.8     4,-2.0     1,-0.2     6,-1.0   0.892 109.9  51.4 -60.6 -37.9   -8.1   -4.8  -14.9               
  414  414 A R  H  X S+     0   0  186     -4,-2.5     4,-0.7     4,-0.2    -1,-0.2   0.884 115.0  42.2 -63.4 -41.6   -9.8   -3.9  -18.2               
  415  415 A R  H  < S+     0   0  167     -4,-1.5    -2,-0.2    -5,-0.2    -1,-0.2   0.928 124.7  33.1 -71.9 -48.2  -13.3   -4.8  -16.8               
  416  416 A H  H  < S+     0   0   60     -4,-3.0    -3,-0.2     1,-0.1    -2,-0.2   0.948 135.3  22.1 -76.4 -50.6  -12.9   -3.3  -13.3               
  417  417 A Y  H  < S-     0   0    3     -4,-2.0    -3,-0.2    -5,-0.4    -2,-0.1   0.456  93.0-127.5-103.9  -1.2  -10.7   -0.2  -14.0               
  418  418 A G     <  +     0   0   37     -4,-0.7     2,-0.3    -5,-0.5    -4,-0.2   0.789  66.4 130.9  62.6  25.7  -11.3    0.3  -17.8               
  419  419 A C        -     0   0    3     -6,-1.0     2,-0.5    -9,-0.1    -1,-0.2  -0.810  58.0-137.4-116.1 152.9   -7.5    0.3  -18.4               
  420  420 A N  B     +O  528   0G  92    108,-2.9   108,-2.6    -2,-0.3     2,-0.3  -0.947  39.3 163.9-100.8 125.2   -5.0   -1.4  -20.7               
  421  421 A I        -     0   0    2     -2,-0.5     2,-0.3   106,-0.2    -7,-0.1  -0.985  22.8-166.4-142.4 154.0   -1.8   -2.5  -18.8               
  422  422 A V        -     0   0   31     -2,-0.3     2,-0.4   103,-0.0   -14,-0.1  -0.809  45.0 -79.5-125.5 170.1    1.2   -4.7  -19.0               
  423  423 A R        +     0   0  201     -2,-0.3     2,-0.3   -16,-0.2   -16,-0.1  -0.639  59.3 164.9 -69.7 124.4    3.8   -6.0  -16.5               
  424  424 A T    >   -     0   0    7     -2,-0.4     3,-0.9     1,-0.1     4,-0.1  -0.856  50.0-113.3-131.5 166.9    6.3   -3.2  -15.8               
  425  425 A E  T 3  S+     0   0   76     -2,-0.3     3,-0.4     1,-0.2    -1,-0.1   0.876 119.1  51.3 -70.2 -32.6    9.0   -2.7  -13.1               
  426  426 A Y  T >> S+     0   0    1      1,-0.2     4,-2.3     2,-0.1     3,-0.7   0.082  72.8 130.6 -88.6  23.4    7.0    0.4  -11.7               
  427  427 A Y  H <>  +     0   0   71     -3,-0.9     4,-2.6     1,-0.2    -1,-0.2   0.740  64.2  58.9 -57.1 -28.5    3.7   -1.7  -11.6               
  428  428 A K  H 3> S+     0   0   38     -3,-0.4     4,-2.0     2,-0.2    -1,-0.2   0.921 110.7  40.4 -69.2 -42.8    2.9   -0.6   -8.0               
  429  429 A E  H <> S+     0   0    0     -3,-0.7     4,-2.7     2,-0.2    -2,-0.2   0.898 113.5  55.7 -70.8 -37.3    2.8    3.1   -8.9               
  430  430 A L  H  X S+     0   0    2     -4,-2.3     4,-2.0     2,-0.2    -2,-0.2   0.948 108.0  49.2 -55.3 -47.6    1.0    2.1  -12.1               
  431  431 A A  H  X S+     0   0    0     -4,-2.6     4,-2.2     2,-0.2    -2,-0.2   0.909 109.8  50.5 -58.1 -46.7   -1.6    0.3   -9.9               
  432  432 A A  H  X S+     0   0    0     -4,-2.0     4,-2.6     1,-0.2    -2,-0.2   0.946 111.4  48.5 -57.4 -47.0   -2.0    3.4   -7.6               
  433  433 A R  H  X S+     0   0    1     -4,-2.7     4,-2.2     1,-0.2    98,-1.3   0.819 109.6  52.9 -65.5 -32.8   -2.5    5.7  -10.7               
  434  434 A I  H  X S+     0   0    2     -4,-2.0     4,-2.0     2,-0.2    -1,-0.2   0.925 110.6  46.6 -64.5 -48.0   -5.1    3.2  -12.2               
  435  435 A V  H  X S+     0   0    3     -4,-2.2     4,-2.5     2,-0.2    -2,-0.2   0.952 113.0  49.4 -62.9 -45.8   -7.2    3.3   -8.9               
  436  436 A V  H  X S+     0   0    0     -4,-2.6     4,-3.2     1,-0.2    -2,-0.2   0.916 110.1  51.6 -58.6 -43.0   -6.9    7.1   -8.8               
  437  437 A A  H  X S+     0   0    1     -4,-2.2     4,-2.0     2,-0.2    -1,-0.2   0.862 110.6  47.9 -63.5 -36.3   -8.1    7.3  -12.5               
  438  438 A A  H  X S+     0   0    6     -4,-2.0     4,-1.8     2,-0.2    -2,-0.2   0.939 114.3  46.5 -66.9 -43.7  -11.1    5.1  -11.7               
  439  439 A V  H  X S+     0   0    0     -4,-2.5     4,-2.6     2,-0.2    -2,-0.2   0.935 111.8  51.7 -60.7 -48.0  -11.9    7.3   -8.6               
  440  440 A A  H  X S+     0   0    0     -4,-3.2     4,-2.7     1,-0.2    -2,-0.2   0.907 110.2  48.2 -57.9 -45.9  -11.5   10.5  -10.7               
  441  441 A R  H  X S+     0   0   80     -4,-2.0     4,-1.8     2,-0.2    -1,-0.2   0.857 111.5  50.3 -64.8 -37.7  -13.9    9.2  -13.4               
  442  442 A A  H  X S+     0   0    0     -4,-1.8     4,-0.6     2,-0.2    -2,-0.2   0.925 113.1  45.7 -67.0 -42.7  -16.5    8.2  -10.8               
  443  443 A A  H ><>S+     0   0    0     -4,-2.6     3,-1.6     1,-0.2     5,-1.5   0.939 109.6  55.3 -61.5 -45.7  -16.3   11.7   -9.1               
  444  444 A A  H ><5S+     0   0   25     -4,-2.7     3,-2.1     1,-0.3    -2,-0.2   0.889  99.9  59.1 -60.5 -39.8  -16.5   13.4  -12.5               
  445  445 A R  H 3<5S+     0   0  141     -4,-1.8    -1,-0.3     1,-0.3    -2,-0.2   0.728 106.8  50.2 -57.0 -23.9  -19.8   11.6  -13.4               
  446  446 A C  T <<5S-     0   0   22     -3,-1.6    -1,-0.3    -4,-0.6    -2,-0.2   0.109 123.3-105.4 -99.5  17.2  -21.2   13.3  -10.3               
  447  447 A N  T < 5S+     0   0  100     -3,-2.1    24,-2.4     1,-0.2     2,-0.4   0.890  83.5 125.8  52.6  42.9  -20.0   16.9  -11.2               
  448  448 A K  E   < -M  470   0F  22     -5,-1.5    22,-0.2    22,-0.2    -1,-0.2  -0.992  48.4-151.3-127.6 138.9  -17.2   16.5   -8.6               
  449  449 A G  E     -M  469   0F   0     20,-3.0    20,-2.5    -2,-0.4     2,-0.4  -0.552  15.5-135.2 -91.6 169.5  -13.4   16.9   -8.8               
  450  450 A I  E     -M  468   0F   6     24,-0.4     2,-0.5    18,-0.2    18,-0.2  -0.977   9.5-158.9-126.8 145.3  -10.8   15.2   -6.6               
  451  451 A E  E     -M  467   0F  66     16,-2.6    16,-2.8    -2,-0.4     2,-0.6  -0.991  26.7-132.2-112.3 122.4   -7.6   16.2   -4.8               
  452  452 A V  E     -M  466   0F  11     -2,-0.5    14,-0.2    14,-0.2     3,-0.1  -0.673  24.0-179.4 -76.5 119.0   -5.3   13.3   -4.1               
  453  453 A L  E     -     0   0F   1     12,-2.4    84,-2.9    -2,-0.6     2,-0.3   0.902  68.1 -31.7 -83.9 -47.0   -4.2   13.4   -0.5               
  454  454 A F  E     -MN 465 536F   0     11,-1.3    11,-2.6    82,-0.3     2,-0.4  -0.943  49.4-153.1-162.1 157.8   -2.0   10.3   -0.8               
  455  455 A A  E     -M  464   0F   0     80,-0.8     2,-0.4    -2,-0.3     9,-0.2  -0.997  15.9-175.6-131.5 131.9   -1.8    7.0   -2.6               
  456  456 A V  E     -M  463   0F   0      7,-2.9     7,-3.0    -2,-0.4     2,-0.5  -0.988   9.2-170.1-127.6 131.2    0.0    3.9   -1.2               
  457  457 A A  E     +M  462   0F   0     -2,-0.4     5,-0.2     5,-0.2     2,-0.1  -0.935  19.6 162.0-123.8 109.7    0.7    0.5   -2.9               
  458  458 A L        -     0   0   38      3,-2.4   212,-0.0    -2,-0.5    -2,-0.0  -0.349  56.2 -80.7-107.8-171.9    2.0   -2.3   -0.6               
  459  459 A E  S    S+     0   0  142      1,-0.2     3,-0.1    -2,-0.1   -57,-0.0   0.861 125.8  29.6 -61.2 -36.0    2.1   -6.1   -0.9               
  460  460 A H  S    S+     0   0   58      1,-0.2     2,-0.3  -205,-0.1   -58,-0.2   0.655 123.3  14.0-104.9 -21.1   -1.5   -6.6    0.2               
  461  461 A F        -     0   0    2    -60,-0.1    -3,-2.4   -59,-0.1     2,-0.5  -0.995  51.3-134.6-154.2 156.1   -3.4   -3.5   -0.9               
  462  462 A V  E     -LM 399 457F   0    -63,-2.5   -63,-2.5    -2,-0.3     2,-0.5  -0.991  29.9-166.0-109.4 119.7   -3.6   -0.3   -2.9               
  463  463 A L  E     -LM 398 456F   0     -7,-3.0    -7,-2.9    -2,-0.5     2,-0.4  -0.945   7.7-177.9-109.6 127.1   -4.9    2.6   -0.7               
  464  464 A V  E     -LM 397 455F   0    -67,-2.5   -67,-3.0    -2,-0.5     2,-0.5  -0.995   4.7-169.1-125.3 126.3   -6.1    5.9   -2.3               
  465  465 A V  E     +LM 396 454F   0    -11,-2.6   -12,-2.4    -2,-0.4   -11,-1.3  -0.972  12.4 177.0-118.7 124.0   -7.3    8.8   -0.3               
  466  466 A V  E     -LM 395 452F   0    -71,-2.6   -71,-2.4    -2,-0.5     2,-0.4  -0.968  26.1-138.9-128.4 142.6   -9.0   11.8   -2.0               
  467  467 A R  E     -LM 394 451F  25    -16,-2.8   -16,-2.6    -2,-0.4     2,-0.5  -0.815  30.6-127.2 -92.1 138.4  -10.7   15.1   -1.0               
  468  468 A V  E     - M   0 450F   1    -75,-2.8   -76,-2.5    -2,-0.4     2,-0.5  -0.767  17.6-163.0 -95.9 129.4  -13.8   15.9   -2.9               
  469  469 A L  E     - M   0 449F  52    -20,-2.5   -20,-3.0    -2,-0.5     2,-0.4  -0.933  17.8-136.9-111.0 117.9  -14.3   19.2   -4.7               
  470  470 A R  E     + M   0 448F 190     -2,-0.5   -22,-0.2   -22,-0.2     4,-0.1  -0.623  57.3  61.9 -78.9 134.2  -17.9   20.1   -5.7               
  471  471 A G  S  > S-     0   0   18    -24,-2.4     4,-1.8    -2,-0.4     5,-0.1  -0.289  79.7-100.4 132.1 149.5  -18.7   21.6   -9.1               
  472  472 A P  H  > S+     0   0   75      0, 0.0     4,-2.9     0, 0.0     5,-0.2   0.913 119.5  56.8 -60.5 -39.7  -18.5   20.9  -12.9               
  473  473 A T  H  > S+     0   0   97      1,-0.2     4,-2.5     2,-0.2     5,-0.2   0.921 108.4  46.3 -58.3 -45.1  -15.3   23.1  -13.2               
  474  474 A S  H  > S+     0   0   36      2,-0.2     4,-1.6     1,-0.2   -24,-0.4   0.858 112.7  51.3 -65.0 -34.9  -13.5   20.9  -10.5               
  475  475 A A  H  X S+     0   0    3     -4,-1.8     4,-2.4   -26,-0.2    -2,-0.2   0.925 110.7  47.9 -64.9 -44.3  -14.8   17.8  -12.4               
  476  476 A D  H  X S+     0   0   96     -4,-2.9     4,-2.1     2,-0.2    -2,-0.2   0.929 112.0  48.7 -64.2 -46.5  -13.4   19.1  -15.7               
  477  477 A E  H  X S+     0   0   92     -4,-2.5     4,-0.5     1,-0.2    -1,-0.2   0.859 113.5  48.5 -62.4 -34.5  -10.0   20.0  -14.2               
  478  478 A T  H >< S+     0   0    6     -4,-1.6     3,-0.8    -5,-0.2    -2,-0.2   0.895 108.2  53.8 -69.1 -40.9   -9.9   16.5  -12.6               
  479  479 A A  H >< S+     0   0   44     -4,-2.4     3,-1.8     1,-0.2    -2,-0.2   0.884 100.5  60.2 -64.9 -37.2  -10.8   14.9  -15.9               
  480  480 A K  H 3< S+     0   0  107     -4,-2.1    -1,-0.2     1,-0.3    -2,-0.2   0.731  96.2  63.3 -59.8 -24.8   -7.9   16.6  -17.7               
  481  481 A K  T << S+     0   0   75     -3,-0.8    51,-2.7    -4,-0.5     2,-0.7   0.357  81.1  93.1 -83.7   2.8   -5.5   14.8  -15.3               
  482  482 A I  E <   +P  531   0H  33     -3,-1.8     2,-0.3    49,-0.2    49,-0.2  -0.895  59.2 154.1 -98.9 108.5   -6.6   11.4  -16.7               
  483  483 A Q  E     -P  530   0H  33     47,-2.5    47,-2.8    -2,-0.7     2,-0.2  -0.844  44.1-108.7-132.9 160.7   -4.1   10.5  -19.5               
  484  484 A Y  E     -     0   0H  97     -2,-0.3    13,-2.8    45,-0.2     2,-0.5  -0.632  28.9-135.8 -84.5 151.8   -2.5    7.6  -21.3               
  485  485 A L  E     -PQ 527 496H   2     42,-3.1    42,-2.8    11,-0.3     2,-0.5  -0.958   6.9-148.2-111.3 119.3    1.1    6.6  -20.7               
  486  486 A I  E     -PQ 526 495H   0      9,-2.8     9,-2.0    -2,-0.5     2,-0.4  -0.759  24.5-171.6 -83.5 125.6    3.3    5.8  -23.7               
  487  487 A H  E     -PQ 525 494H   8     38,-2.7    38,-2.3    -2,-0.5     2,-0.7  -0.986  24.0-139.0-128.0 129.2    5.9    3.2  -22.6               
  488  488 A C  E  >  -P  524   0H   0      5,-3.0     4,-2.0    -2,-0.4    36,-0.3  -0.770  11.0-156.8 -81.6 115.6    9.0    1.7  -24.3               
  489  489 A Q  T  4 S+     0   0   96     34,-2.5    35,-0.1    -2,-0.7    -1,-0.1   0.612  88.6  48.8 -68.3 -14.5    9.0   -2.0  -23.6               
  490  490 A W  T  4 S+     0   0  163     33,-0.5    -1,-0.2     3,-0.1    34,-0.1   0.920 128.0  13.0 -90.1 -58.8   12.8   -2.1  -24.3               
  491  491 A C  T  4 S-     0   0   12      2,-0.1    -2,-0.2    22,-0.0     3,-0.1   0.610  93.8-123.5 -98.5 -12.9   14.4    0.7  -22.3               
  492  492 A E     <  +     0   0    9     -4,-2.0    -3,-0.1     1,-0.3     2,-0.0   0.434  54.7 154.8  70.5  11.8   11.4    1.6  -20.0               
  493  493 A E        +     0   0   10     -5,-0.1    -5,-3.0    -6,-0.1     2,-0.3  -0.371  20.1 178.6 -57.7 140.8   11.3    5.3  -21.1               
  494  494 A R  E     -Q  487   0H  26     -7,-0.2     2,-0.3    -3,-0.1    -7,-0.2  -0.996  20.1-178.5-156.0 146.9    7.8    6.7  -20.7               
  495  495 A I  E     -Q  486   0H  53     -9,-2.0    -9,-2.8    -2,-0.3     2,-0.4  -0.996  34.3-111.6-146.5 140.0    5.8    9.8  -21.1               
  496  496 A F  E     -Q  485   0H  28     -2,-0.3   -11,-0.3   -11,-0.2     2,-0.1  -0.645  46.7-110.6 -67.6 127.8    2.2   10.9  -20.4               
  497  497 A Q        -     0   0   42    -13,-2.8   -13,-0.2    -2,-0.4     2,-0.1  -0.420  34.8-113.6 -60.8 130.9    0.5   11.4  -23.8               
  498  498 A K        -     0   0  152     -2,-0.1     2,-0.2     1,-0.1    -1,-0.1  -0.443  33.7-100.8 -66.2 141.4   -0.2   15.1  -24.4               
  499  499 A D        +     0   0  106     -2,-0.1     2,-0.3   -19,-0.1    -1,-0.1  -0.429  59.2 152.7 -61.6 127.5   -3.9   16.2  -24.5               
  500  500 A G        -     0   0   60     -2,-0.2     4,-0.1    -3,-0.1    -3,-0.0  -0.951  48.4-147.7-159.8 139.7   -4.9   16.6  -28.2               
  501  501 A N  S    S+     0   0  178     -2,-0.3     2,-0.4     2,-0.1    -1,-0.0   0.504  82.0  88.7 -81.0  -8.6   -8.1   16.4  -30.3               
  502  502 A M  S    S-     0   0  166     -3,-0.0     2,-0.6     1,-0.0    -2,-0.0  -0.802  83.5-122.9 -93.3 133.1   -6.0   15.2  -33.2               
  503  503 A V        -     0   0  146     -2,-0.4     2,-0.5     1,-0.0    -2,-0.1  -0.645  25.8-139.0 -70.1 114.7   -5.2   11.5  -33.7               
  504  504 A E        -     0   0   83     -2,-0.6    -1,-0.0     1,-0.1    -4,-0.0  -0.689   2.9-143.9 -74.2 126.5   -1.4   11.2  -33.8               
  505  505 A E  S    S+     0   0  187     -2,-0.5    -1,-0.1     1,-0.3    -2,-0.0   0.824  94.1  16.5 -60.4 -34.2   -0.4    8.7  -36.5               
  506  506 A N    >   -     0   0   37      1,-0.1     3,-1.8    -3,-0.0    -1,-0.3  -0.713  63.4-177.5-142.6  91.1    2.5    7.4  -34.3               
  507  507 A P  G >  S+     0   0   21      0, 0.0     3,-2.1     0, 0.0     4,-0.2   0.755  78.4  77.6 -60.8 -21.3    2.3    8.4  -30.6               
  508  508 A Y  G >  S+     0   0   43      1,-0.3     3,-1.5     2,-0.2     8,-0.2   0.703  74.8  76.2 -67.1 -15.9    5.7    6.6  -30.1               
  509  509 A R  G <  S+     0   0  195     -3,-1.8    -1,-0.3     1,-0.3     0, 0.0   0.662  84.0  67.2 -64.0 -17.8    7.4    9.7  -31.6               
  510  510 A Q  G <  S+     0   0   33     -3,-2.1    -1,-0.3    -4,-0.2    -2,-0.2   0.632  78.3 101.1 -75.5 -17.3    6.7   11.4  -28.2               
  511  511 A L  S <  S-     0   0   14     -3,-1.5     5,-0.1    -4,-0.2   -24,-0.1  -0.566  71.4-141.7 -70.9 131.9    9.2    9.0  -26.5               
  512  512 A P  S    S+     0   0   78      0, 0.0     2,-0.3     0, 0.0    -1,-0.1   0.655  78.3  88.5 -62.2 -18.9   12.7   10.6  -25.8               
  513  513 A C        -     0   0   22      1,-0.1     3,-0.4   169,-0.0    -2,-0.1  -0.619  69.8-146.4 -85.7 149.2   14.3    7.2  -26.7               
  514  514 A N    >>  +     0   0  120     -2,-0.3     3,-1.9     1,-0.2     4,-1.4   0.311  67.4 113.2 -90.3   8.8   15.4    6.1  -30.2               
  515  515 A C  H 3>  +     0   0   14      1,-0.3     4,-1.6     2,-0.2    -1,-0.2   0.794  68.5  63.4 -56.8 -31.4   14.5    2.4  -29.6               
  516  516 A H  H 34 S+     0   0   73     -3,-0.4    -1,-0.3     1,-0.2    -2,-0.1   0.768 109.5  40.0 -63.4 -28.6   11.7    2.5  -32.1               
  517  517 A G  H <4 S+     0   0   76     -3,-1.9    -1,-0.2     1,-0.1    -2,-0.2   0.733 117.5  47.9 -88.0 -27.4   14.3    3.2  -34.9               
  518  518 A S  H  < S+     0   0   83     -4,-1.4    -2,-0.2     2,-0.1    -3,-0.1   0.642 108.2  54.3 -89.4 -19.2   17.0    0.8  -33.6               
  519  519 A M  S  < S-     0   0   69     -4,-1.6     2,-0.2    -5,-0.2     4,-0.2  -0.922  83.8-109.5-122.3 144.8   14.8   -2.3  -33.1               
  520  520 A P  S    S+     0   0  126      0, 0.0     2,-0.1     0, 0.0    -3,-0.1  -0.467  78.5   9.9 -69.0 140.3   12.4   -4.4  -35.3               
  521  521 A G  S    S-     0   0   59     -2,-0.2     2,-1.0    -5,-0.1    -2,-0.1  -0.281 109.3 -30.2  94.0-177.2    8.7   -4.2  -34.4               
  522  522 A K        +     0   0  163      1,-0.2   -33,-0.0    -2,-0.1    -6,-0.0  -0.718  54.4 175.8 -77.1 105.1    6.4   -2.1  -32.1               
  523  523 A T        +     0   0   14     -2,-1.0   -34,-2.5    -4,-0.2   -33,-0.5   0.527  59.7  62.1 -84.2 -12.4    8.7   -1.2  -29.2               
  524  524 A A  E     -P  488   0H   0    -36,-0.3     2,-0.3   -35,-0.1   -36,-0.2  -0.896  59.3-172.1-126.2 149.6    6.2    1.0  -27.5               
  525  525 A I  E     -P  487   0H  30    -38,-2.3   -38,-2.7    -2,-0.3     2,-0.5  -0.943  25.5-117.9-136.9 154.8    2.7    0.6  -26.0               
  526  526 A E  E     -P  486   0H  70     -2,-0.3     2,-0.4   -40,-0.2   -40,-0.2  -0.863  30.5-169.6 -98.4 123.8   -0.1    2.7  -24.6               
  527  527 A L  E     -P  485   0H   0    -42,-2.8   -42,-3.1    -2,-0.5     3,-0.2  -0.900  32.2 -28.8-111.3 144.1   -1.0    2.2  -20.9               
  528  528 A G  E     -O  420   0H   1   -108,-2.6  -108,-2.9    -2,-0.4     2,-0.2  -0.816  47.7-104.0 123.6-167.0   -4.0    3.6  -19.1               
  529  529 A P  E    S+     0   0H  14      0, 0.0     2,-0.3     0, 0.0    -1,-0.3   0.363  72.2 168.4 -68.8 148.2   -6.1    5.6  -18.6               
  530  530 A L  E     -P  483   0H   0    -47,-2.8   -47,-2.5    -3,-0.2     2,-0.5  -0.923  43.8-100.3-132.3 155.0   -4.0    6.7  -15.6               
  531  531 A W  E     -P  482   0H   3    -98,-1.3   -49,-0.2    -2,-0.3   -94,-0.1  -0.697  33.8-174.2 -72.7 125.2   -3.8    9.6  -13.2               
  532  532 A S        +     0   0   23    -51,-2.7    -1,-0.1    -2,-0.5   -50,-0.1   0.754  55.4  72.8 -96.0 -25.5   -0.9   11.9  -14.4               
  533  533 A S  S    S-     0   0   11    -52,-0.5    -2,-0.0     1,-0.2   -52,-0.0   0.101  97.3 -42.4 -80.6-171.7   -0.7   14.5  -11.6               
  534  534 A S        -     0   0   21      1,-0.1   -82,-0.2     2,-0.1    -1,-0.2  -0.192  34.1-160.1 -56.0 141.8    0.6   14.3   -8.0               
  535  535 A L  S    S+     0   0    0     -3,-0.1   -80,-0.8     1,-0.1     2,-0.3   0.359  74.7  54.2 -95.8  -2.5   -0.1   11.2   -5.8               
  536  536 A F  B     -N  454   0F   9    -82,-0.2     2,-0.6    31,-0.1   -82,-0.3  -0.998  59.5-152.7-141.9 140.5    0.7   13.1   -2.6               
  537  537 A N     >  -     0   0   43    -84,-2.9     4,-2.6    -2,-0.3     5,-0.2  -0.935  15.6-162.3-106.8 106.4   -0.3   16.3   -0.6               
  538  538 A T  H  > S+     0   0   34     -2,-0.6     4,-2.1     1,-0.2    -1,-0.1   0.862  88.7  52.7 -56.8 -41.2    2.8   17.2    1.4               
  539  539 A G  H  > S+     0   0   33      2,-0.2     4,-1.6     1,-0.2    -1,-0.2   0.913 111.5  45.9 -65.1 -41.6    0.8   19.5    3.8               
  540  540 A F  H  > S+     0   0    0      2,-0.2     4,-2.7     1,-0.2    -2,-0.2   0.933 111.3  52.1 -66.2 -44.6   -1.8   16.7    4.5               
  541  541 A L  H  X S+     0   0    0     -4,-2.6     4,-2.1   -88,-0.2    -2,-0.2   0.871 107.0  53.6 -61.0 -37.7    1.0   14.1    5.1               
  542  542 A K  H  X S+     0   0   90     -4,-2.1     4,-1.9     2,-0.2    -1,-0.2   0.904 109.5  48.4 -63.9 -39.8    2.8   16.4    7.6               
  543  543 A R  H  X S+     0   0   92     -4,-1.6     4,-2.7     2,-0.2     5,-0.2   0.947 109.9  51.8 -63.9 -45.0   -0.6   16.7    9.5               
  544  544 A M  H  X S+     0   0    0     -4,-2.7     4,-2.4     1,-0.2    -2,-0.2   0.864 108.1  52.2 -58.0 -38.3   -0.9   12.9    9.5               
  545  545 A L  H  X S+     0   0    9     -4,-2.1     4,-1.6     2,-0.2    -1,-0.2   0.923 109.6  49.0 -63.4 -43.8    2.7   12.6   10.9               
  546  546 A F  H  X S+     0   0  131     -4,-1.9     4,-2.4     2,-0.2     3,-0.4   0.952 112.6  47.5 -59.0 -47.7    1.7   15.0   13.7               
  547  547 A E  H  X S+     0   0   13     -4,-2.7     4,-2.3     1,-0.2     6,-0.2   0.872 107.6  56.0 -63.3 -37.5   -1.5   12.9   14.5               
  548  548 A S  H  <>S+     0   0    0     -4,-2.4     5,-2.7    -5,-0.2    -1,-0.2   0.864 111.5  44.0 -63.6 -33.6    0.6    9.6   14.4               
  549  549 A L  H ><5S+     0   0   88     -4,-1.6     3,-1.2    -3,-0.4    -2,-0.2   0.904 112.2  52.3 -73.6 -43.7    2.9   11.1   17.1               
  550  550 A H  H 3<5S+     0   0  134     -4,-2.4    -2,-0.2     1,-0.3    -3,-0.2   0.873 114.5  42.3 -60.9 -38.4   -0.1   12.5   19.1               
  551  551 A H  T 3<5S-     0   0   53     -4,-2.3    -1,-0.3    -5,-0.2    -2,-0.2   0.270 112.9-114.8 -94.4   8.6   -1.8    9.0   19.1               
  552  552 A G  T < 5 +     0   0   50     -3,-1.2     2,-1.2     1,-0.2     3,-0.2   0.815  60.8 152.2  65.2  31.0    1.4    6.9   19.8               
  553  553 A L    >>< +     0   0   13     -5,-2.7     4,-0.7    -6,-0.2     3,-0.6  -0.624   5.9 159.7 -92.6  75.2    1.3    5.2   16.4               
  554  554 A D  H >>  +     0   0  108     -2,-1.2     3,-0.8     1,-0.2     4,-0.6   0.881  61.6  67.0 -69.0 -35.8    5.1    4.5   16.1               
  555  555 A D  H 34 S+     0   0  102      1,-0.2     4,-0.3    -3,-0.2    -1,-0.2   0.779 106.1  41.2 -56.1 -33.5    4.8    1.7   13.5               
  556  556 A I  H <> S+     0   0    0     -3,-0.6     4,-2.5     1,-0.2     3,-0.4   0.675  90.7  85.0 -93.8 -19.0    3.5    4.0   10.7               
  557  557 A Q  H <X S+     0   0   20     -3,-0.8     4,-2.7    -4,-0.7     5,-0.2   0.850  88.6  53.6 -58.3 -38.4    5.7    7.1   11.3               
  558  558 A T  H  X S+     0   0   95     -4,-0.6     4,-2.0     2,-0.2    -1,-0.2   0.900 111.2  46.1 -63.6 -40.8    8.5    5.7    9.1               
  559  559 A L  H  > S+     0   0   25     -3,-0.4     4,-2.5    -4,-0.3    -2,-0.2   0.967 112.8  48.6 -66.3 -50.5    6.1    5.1    6.2               
  560  560 A I  H  X S+     0   0    0     -4,-2.5     4,-2.2     1,-0.2    -2,-0.2   0.916 111.6  50.6 -58.5 -43.5    4.5    8.6    6.6               
  561  561 A K  H  X S+     0   0   66     -4,-2.7     4,-2.2    -5,-0.2    -1,-0.2   0.924 110.0  50.5 -57.1 -45.6    8.0   10.2    6.7               
  562  562 A T  H  X S+     0   0   29     -4,-2.0     4,-2.1     1,-0.2    -2,-0.2   0.921 109.2  51.1 -59.3 -43.9    9.0    8.3    3.5               
  563  563 A L  H  X S+     0   0    0     -4,-2.5     4,-2.2     2,-0.2    -1,-0.2   0.856 108.1  52.8 -62.0 -37.7    5.8    9.5    1.8               
  564  564 A I  H  X S+     0   0    0     -4,-2.2     4,-2.1     2,-0.2    -2,-0.2   0.927 111.5  44.9 -64.2 -45.7    6.7   13.2    2.8               
  565  565 A F  H  X>S+     0   0   14     -4,-2.2     5,-2.0     1,-0.2     4,-0.9   0.867 114.2  50.6 -65.1 -35.4   10.2   12.8    1.2               
  566  566 A E  H  <5S+     0   0    0     -4,-2.1    -2,-0.2     3,-0.2    -1,-0.2   0.858 110.2  49.3 -69.7 -34.6    8.6   11.2   -1.9               
  567  567 A S  H  <5S+     0   0    2     -4,-2.2    -2,-0.2     1,-0.2    -1,-0.2   0.862 118.4  38.5 -72.6 -37.5    6.0   14.0   -2.2               
  568  568 A E  H  <5S-     0   0   60     -4,-2.1    -1,-0.2    -5,-0.1    -2,-0.2   0.625 103.9-133.3 -81.7 -14.5    8.8   16.7   -2.0               
  569  569 A C  T  <5 +     0   0    2     -4,-0.9    96,-1.1     1,-0.2    -3,-0.2   0.890  59.4 139.8  53.1  45.6   11.1   14.5   -4.1               
  570  570 A T      < -     0   0   33     -5,-2.0    97,-0.4    94,-0.2    -1,-0.2  -0.797  60.5 -95.0-114.5 153.5   13.9   15.2   -1.5               
  571  571 A P    >   -     0   0   27      0, 0.0     3,-1.3     0, 0.0    95,-0.1  -0.477  35.1-120.3 -66.2 142.0   16.7   13.1    0.1               
  572  572 A Q  G >  S+     0   0   97      1,-0.3     3,-0.7    -2,-0.2    94,-0.0   0.596 102.1  76.7 -59.5 -14.6   15.8   11.6    3.5               
  573  573 A S  G 3  S+     0   0  110      1,-0.2    -1,-0.3     3,-0.0     0, 0.0   0.392  75.9  77.8 -80.1   2.0   18.7   13.4    5.3               
  574  574 A Q  G <   +     0   0  132     -3,-1.3     2,-0.9     2,-0.0    -1,-0.2   0.366  59.9 114.3-100.7   6.2   17.0   16.9    5.4               
  575  575 A F    <   +     0   0   86     -3,-0.7     2,-0.5     2,-0.1    -3,-0.0  -0.685  25.6 160.8 -86.5 107.7   14.5   16.6    8.3               
  576  576 A S        -     0   0   81     -2,-0.9     2,-1.7     2,-0.1    -2,-0.0  -0.994  31.4-146.7-107.7 118.4   15.1   18.8   11.3               
  577  577 A I        +     0   0  118     -2,-0.5     2,-0.7     2,-0.1    -2,-0.1  -0.660  39.1 152.3 -81.0  78.5   11.9   19.1   13.4               
  578  578 A H        -     0   0  156     -2,-1.7     2,-1.6     2,-0.0    -2,-0.1  -0.946  37.1-152.8-101.6 105.3   12.5   22.6   14.6               
  579  579 A A        -     0   0   97     -2,-0.7     2,-1.5     1,-0.0    -2,-0.1  -0.689  18.8-151.4 -60.7  88.6    9.1   24.1   15.2               
  580  580 A S        -     0   0  105     -2,-1.6     2,-1.5     2,-0.1    -2,-0.0  -0.689   2.8-153.9 -71.4  95.3   10.3   27.6   14.5               
  581  581 A S        +     0   0  114     -2,-1.5     2,-0.1     2,-0.1    -2,-0.0  -0.676  48.4 128.1 -56.1  87.4    8.0   29.7   16.6               
  582  582 A N        -     0   0  150     -2,-1.5     2,-0.4     0, 0.0    -2,-0.1  -0.576  48.8-149.0-152.8 102.0    8.4   32.9   14.5               
  583  583 A V        +     0   0  135     -2,-0.1    -2,-0.1     2,-0.0     2,-0.0  -0.534  43.6 126.4 -50.3 108.7    5.2   34.6   13.3               
  584  584 A N        -     0   0  141     -2,-0.4    -1,-0.0     2,-0.1     0, 0.0  -0.196  61.4 -90.2-174.2 107.3    5.9   36.3   10.0               
  585  585 A K        +     0   0  206      1,-0.0     2,-0.3    -2,-0.0    -2,-0.0   0.490  49.7 149.5  27.4  89.9    4.0   36.1    6.6               
  586  586 A Q        -     0   0  188      0, 0.0    -2,-0.1     0, 0.0     2,-0.1  -0.945  54.3 -88.4-149.9 139.0    5.0   33.5    4.0               
  587  587 A E        -     0   0  188     -2,-0.3     2,-0.8     1,-0.1    -2,-0.0  -0.148  28.1-152.3 -63.3 117.1    2.5   32.1    1.6               
  588  588 A E        -     0   0  148      2,-0.1     2,-1.9    -2,-0.1     4,-0.2  -0.742   7.2-152.0 -75.9 109.7    0.4   29.0    2.4               
  589  589 A N        +     0   0  164     -2,-0.8     2,-0.3     2,-0.1    -1,-0.1  -0.596  62.3 113.9 -75.0  72.4   -0.5   27.2   -0.8               
  590  590 A G  S    S-     0   0   46     -2,-1.9     2,-0.7   -51,-0.0    -2,-0.1  -0.950  78.2-109.7-143.1 126.5   -3.6   25.8    1.0               
  591  591 A V        -     0   0  138     -2,-0.3     2,-0.7     1,-0.1    -2,-0.1  -0.464  30.5-147.6 -60.7 104.7   -7.1   26.9   -0.1               
  592  592 A F        -     0   0  168     -2,-0.7     2,-0.8    -4,-0.2    -1,-0.1  -0.675   8.9-160.8 -69.5 113.4   -8.4   29.1    2.8               
  593  593 A I        -     0   0   86     -2,-0.7     2,-0.8     2,-0.0    -2,-0.0  -0.886   8.6-150.1 -95.0 104.0  -12.2   28.6    3.0               
  594  594 A K        -     0   0  192     -2,-0.8     2,-0.8     2,-0.0    -2,-0.0  -0.698   3.1-152.1 -65.9 109.3  -13.5   31.6    4.9               
  595  595 A T        -     0   0  118     -2,-0.8     2,-1.1     2,-0.0    -2,-0.0  -0.836  14.0-145.3 -71.5 108.6  -16.6   30.4    6.8               
  596  596 A T        -     0   0  127     -2,-0.8     2,-0.7     2,-0.1    -2,-0.0  -0.822  15.9-171.0 -74.0  99.6  -18.6   33.7    7.0               
  597  597 A D        +     0   0  141     -2,-1.1     2,-0.1     2,-0.0    -2,-0.0  -0.917  29.2 138.5 -75.9 113.9  -20.4   33.5   10.3               
  598  598 A D        -     0   0  148     -2,-0.7     2,-0.6     0, 0.0    -2,-0.1  -0.440  33.1-165.2-159.7 100.3  -22.7   36.4   10.1               
  599  599 A T        +     0   0  135     -2,-0.1     2,-0.1     2,-0.0    -2,-0.0  -0.705  35.2 130.5 -53.3 112.7  -26.2   36.2   11.4               
  600  600 A T        -     0   0  127     -2,-0.6     0, 0.0     0, 0.0     0, 0.0  -0.382  42.0-129.8-171.3 119.8  -28.2   39.2   10.2               
  601  601 A T        +     0   0  119     -2,-0.1    -2,-0.0     1,-0.0     0, 0.0  -0.202  34.8 122.4 -27.0 124.0  -31.6   39.5    8.5               
  602  602 A D        -     0   0  129      0, 0.0    -1,-0.0     0, 0.0     0, 0.0   0.464  34.2 -80.9 163.1 132.0  -33.0   41.0    5.6               
  603  603 A N        -     0   0  128      0, 0.0    -2,-0.0     0, 0.0     0, 0.0   0.786  24.1-100.2  54.0 103.6  -34.8   41.1    2.4               
  604  604 A Y        +     0   0  219      0, 0.0     0, 0.0     0, 0.0     0, 0.0   0.874  27.8 134.5  56.1 141.2  -35.1   40.8   -1.2               
  605  605 A I        -     0   0  145      0, 0.0     0, 0.0     0, 0.0     0, 0.0   0.897  23.9-142.8 101.5  90.3  -35.3   42.1   -4.8               
  606  606 A A        +     0   0   80      2,-0.0     0, 0.0     0, 0.0     0, 0.0   0.657  34.1  47.6  47.0 132.1  -34.0   41.7   -8.2               
  607  607 A Q        +     0   0  204      1,-0.1     2,-0.0     0, 0.0     0, 0.0   0.939  20.0 147.8  75.2 126.5  -32.8   43.1  -11.5               
  608  608 A G        -     0   0   84      0, 0.0     2,-0.1     0, 0.0    -1,-0.1  -0.177  21.6-163.8 172.2  98.0  -30.6   45.6  -13.3               
  609  609 A K        +     0   0  186      1,-0.0     0, 0.0    -2,-0.0     0, 0.0  -0.426  22.9  64.8 -67.1 152.6  -28.8   45.3  -16.7               
  610  610 A R        -     0   0  208     -2,-0.1    -1,-0.0     0, 0.0     0, 0.0   0.889  34.5 -23.8 101.6 126.0  -26.0   47.0  -18.6               
  611  611 A K        -     0   0  188      2,-0.0    -2,-0.0     0, 0.0     0, 0.0   0.948  21.6 -95.3  63.8 112.5  -22.8   48.5  -20.0               
  612  612 A S        -     0   0  109      1,-0.0     2,-0.2     0, 0.0     0, 0.0   0.674   2.9-167.2  86.8 109.3  -19.6   49.8  -20.3               
  613  613 A N        -     0   0  149      2,-0.0    -1,-0.0     0, 0.0     2,-0.0  -0.821  27.6-134.4-157.4 150.5  -17.0   52.4  -20.6               
  614  614 A E        +     0   0  151     -2,-0.2     0, 0.0     0, 0.0     0, 0.0  -0.146  24.4 147.9 -70.5 155.1  -13.4   52.3  -21.7               
  615  615 A M        -     0   0  155     -2,-0.0    -2,-0.0     2,-0.0     0, 0.0   0.417  26.6 -78.6 162.6 122.7   -9.9   53.2  -21.1               
  616  616 A I        +     0   0  134      0, 0.0     2,-0.0     0, 0.0     0, 0.0   0.880  40.5 103.8  65.2 104.3   -6.3   52.4  -21.4               
  617  617 A T        -     0   0  133      0, 0.0     2,-0.4     0, 0.0    -2,-0.0   0.134  28.1-151.0 174.3 129.7   -3.1   50.9  -20.6               
  618  618 A N        +     0   0  165      2,-0.0     2,-0.3    -2,-0.0     0, 0.0  -0.566  26.9 156.4 -63.6 122.5   -0.9   48.0  -21.8               
  619  619 A L        -     0   0  165     -2,-0.4     2,-0.1     2,-0.0     0, 0.0  -0.815  41.9-122.1-147.0 114.2    1.3   46.3  -19.2               
  620  620 A G        -     0   0   79     -2,-0.3     2,-1.0     1,-0.1    -2,-0.0  -0.270  14.2-154.5 -54.8 119.4    2.4   42.7  -20.1               
  621  621 A K        -     0   0  205     -2,-0.1    -1,-0.1     3,-0.0     3,-0.1  -0.816  21.5-138.0 -96.9  89.5    1.3   40.0  -17.6               
  622  622 A K        -     0   0  202     -2,-1.0     2,-0.9     1,-0.1     0, 0.0  -0.248  25.1-108.6 -30.5 115.3    4.0   37.4  -18.2               
  623  623 A Q        -     0   0  184      1,-0.1     2,-1.3     3,-0.0    -1,-0.1  -0.548  33.4-151.3 -59.1  95.0    2.3   34.0  -18.2               
  624  624 A K        -     0   0  198     -2,-0.9     2,-0.5    -3,-0.1    -1,-0.1  -0.768   9.0-145.5 -76.6  92.2    3.7   32.7  -14.8               
  625  625 A T        -     0   0  116     -2,-1.3     2,-0.9     1,-0.1    -3,-0.0  -0.603  20.3-122.1 -51.4 110.1    3.7   29.0  -15.5               
  626  626 A D        -     0   0  150     -2,-0.5     2,-2.2     1,-0.1    -1,-0.1  -0.598  16.1-150.3 -56.7 101.3    2.8   27.6  -12.1               
  627  627 A V        -     0   0  138     -2,-0.9    -1,-0.1     2,-0.0     2,-0.1  -0.678  27.5-147.9 -70.8  75.2    5.9   25.4  -11.6               
  628  628 A S        -     0   0   65     -2,-2.2     2,-2.1     1,-0.1    -3,-0.0  -0.377  16.0-117.0 -54.2 130.4    3.5   23.2   -9.5               
  629  629 A T        +     0   0  122     -2,-0.1     2,-0.3   -95,-0.0    -1,-0.1  -0.130  63.7 149.7 -64.1  37.5    5.4   21.5   -6.6               
  630  630 A E        -     0   0   64     -2,-2.1   -62,-0.1     1,-0.1   -63,-0.0  -0.565  46.7-125.1 -79.7 136.8    4.5   18.1   -8.2               
  631  631 A H        -     0   0    8     -2,-0.3   -64,-0.1   -95,-0.2   -63,-0.1  -0.497  41.0 -88.2 -69.5 151.8    6.9   15.2   -7.7               
  632  632 A P        -     0   0   11      0, 0.0     2,-0.2     0, 0.0    -1,-0.1  -0.319  48.6-107.2 -58.5 141.8    8.1   13.4  -10.9               
  633  633 A P  S    S-     0   0   61      0, 0.0    44,-0.2     0, 0.0   -99,-0.1  -0.553  77.4  -9.6 -74.0 142.7    5.8   10.6  -12.1               
  634  634 A F  S    S-     0   0    4     -2,-0.2    43,-0.3    42,-0.1     2,-0.3  -0.021  73.8-113.3  61.9-173.8    7.1    7.0  -11.6               
  635  635 A Y        -     0   0    5     41,-0.2     2,-0.5    33,-0.0    41,-0.3  -0.953  14.7-115.1-147.4 163.8   10.5    5.8  -10.5               
  636  636 A Y  E     -R  675   0I  21     39,-2.8    39,-2.6    -2,-0.3     2,-0.5  -0.931  21.5-135.1-105.3 129.8   13.5    3.9  -11.9               
  637  637 A N  E  >  -R  674   0I  19     -2,-0.5     4,-1.3    37,-0.2    37,-0.2  -0.741  13.1-148.8 -78.6 124.0   14.6    0.6  -10.4               
  638  638 A I  T  4 S+     0   0    0     35,-2.2     4,-0.4    -2,-0.5    -1,-0.1   0.877  95.2  51.1 -67.7 -34.6   18.4    0.7  -10.0               
  639  639 A H  T >4 S+     0   0  100      1,-0.2     3,-1.0     2,-0.2    -1,-0.2   0.907 105.9  56.0 -68.2 -39.7   18.9   -3.0  -10.6               
  640  640 A R  T 34 S+     0   0  117      1,-0.3    -1,-0.2     3,-0.0    -2,-0.2   0.839 114.5  39.1 -58.9 -37.7   16.8   -2.9  -13.8               
  641  641 A H  T 3< S+     0   0   15     -4,-1.3    -1,-0.3    -3,-0.1    -2,-0.2   0.364  90.9 118.2 -97.5   2.8   19.1   -0.2  -15.2               
  642  642 A S    <   -     0   0   48     -3,-1.0     2,-0.5    -4,-0.4    -3,-0.1  -0.342  66.9-119.4 -65.8 149.0   22.3   -1.7  -13.9               
  643  643 A I    >   -     0   0   74     42,-0.1     3,-1.8    45,-0.1    -1,-0.1  -0.804  28.1-109.2 -96.2 130.2   24.9   -2.8  -16.4               
  644  644 A K  T 3  S+     0   0  206     -2,-0.5     3,-0.1     1,-0.3    -1,-0.0  -0.358 104.8  23.7 -57.0 133.0   26.0   -6.5  -16.6               
  645  645 A G  T 3  S+     0   0   54      1,-0.2    50,-2.4    49,-0.1     2,-0.4   0.503 102.5 105.7  83.5   8.1   29.5   -6.9  -15.3               
  646  646 A M  E <   -T  694   0J  44     -3,-1.8     2,-0.6    48,-0.2    -1,-0.2  -0.972  68.6-130.2-119.2 137.3   29.5   -3.7  -13.2               
  647  647 A N  E     -T  693   0J  77     46,-3.4    46,-2.2    -2,-0.4    -3,-0.0  -0.729  32.4-132.6 -78.3 116.2   29.2   -3.3   -9.4               
  648  648 A M        -     0   0   53     -2,-0.6    44,-0.1    44,-0.2     3,-0.1  -0.423  20.7-105.7 -70.6 141.3   26.5   -0.8   -8.7               
  649  649 A P        -     0   0   14      0, 0.0    -1,-0.1     0, 0.0    43,-0.1  -0.336  48.6 -88.0 -60.2 147.7   27.1    2.2   -6.3               
  650  650 A K    >>  -     0   0  169      1,-0.1     4,-2.3     4,-0.1     3,-1.2  -0.377  40.5-116.6 -54.5 136.5   25.3    1.8   -2.9               
  651  651 A L  H 3> S+     0   0   18      1,-0.3     4,-2.6     2,-0.2     5,-0.2   0.838 114.1  53.9 -47.7 -48.2   21.7    3.3   -3.2               
  652  652 A K  H 3> S+     0   0  125      1,-0.2     4,-1.1     2,-0.2    -1,-0.3   0.862 112.8  44.1 -56.6 -39.9   22.4    6.1   -0.6               
  653  653 A K  H <> S+     0   0  123     -3,-1.2     4,-2.1     2,-0.2    -1,-0.2   0.907 111.0  53.9 -71.1 -41.6   25.6    7.2   -2.6               
  654  654 A F  H  X S+     0   0    0     -4,-2.3     4,-2.2     1,-0.2    -2,-0.2   0.909 105.2  53.4 -61.9 -41.2   23.8    7.0   -6.0               
  655  655 A L  H  X S+     0   0   17     -4,-2.6     4,-2.2     1,-0.2    -1,-0.2   0.888 109.0  50.9 -57.2 -39.9   21.0    9.3   -4.7               
  656  656 A C  H  X S+     0   0   61     -4,-1.1     4,-2.8    -5,-0.2    -2,-0.2   0.917 107.6  52.1 -65.8 -41.3   23.8   11.8   -3.7               
  657  657 A Y  H  X S+     0   0   53     -4,-2.1     4,-1.4     2,-0.2    -2,-0.2   0.899 111.0  47.3 -63.0 -40.9   25.3   11.6   -7.3               
  658  658 A L  H  <>S+     0   0    0     -4,-2.2     5,-2.0     2,-0.2    -1,-0.2   0.926 113.5  48.3 -63.5 -43.4   21.9   12.4   -8.9               
  659  659 A S  H ><5S+     0   0   55     -4,-2.2     3,-1.6     1,-0.2    -2,-0.2   0.902 109.4  52.5 -65.1 -40.0   21.4   15.3   -6.4               
  660  660 A Q  H 3<5S+     0   0  136     -4,-2.8    -1,-0.2     1,-0.3    -2,-0.2   0.789 103.0  59.3 -64.6 -29.3   25.0   16.6   -7.2               
  661  661 A A  T 3<5S-     0   0   52     -4,-1.4    -1,-0.3    -5,-0.2    -2,-0.2   0.418 127.0-102.8 -77.8   0.8   24.1   16.5  -10.9               
  662  662 A G  T < 5S+     0   0   66     -3,-1.6     2,-0.3     1,-0.3    -3,-0.2   0.472  78.1 132.4  93.0   6.7   21.2   18.9  -10.1               
  663  663 A F      < -     0   0   39     -5,-2.0    -1,-0.3     1,-0.0     2,-0.2  -0.621  60.6-115.8 -87.8 147.8   18.2   16.5  -10.1               
  664  664 A R        -     0   0  100     -2,-0.3    14,-0.9   -94,-0.1    15,-0.4  -0.583  44.1-177.2 -71.1 140.7   15.5   16.1   -7.5               
  665  665 A V  E     +S  677   0I   1    -96,-1.1     2,-0.3    -2,-0.2    12,-0.2  -0.983  16.5 155.5-148.5 136.8   15.7   12.7   -5.9               
  666  666 A S  E     -S  676   0I   0     10,-2.2    10,-2.3    -2,-0.3     2,-0.1  -0.966  39.6-109.4-142.4 164.5   13.9   10.6   -3.4               
  667  667 A R  E     -S  675   0I 107    -97,-0.4     2,-0.4    -2,-0.3     8,-0.2  -0.412  37.0-136.3 -69.2 168.8   13.4    7.0   -2.4               
  668  668 A T        -     0   0    7      6,-0.7     3,-0.5     3,-0.6     6,-0.3  -0.993  13.6-141.1-129.8 143.2    9.9    5.5   -3.1               
  669  669 A H  S    S+     0   0   24     -2,-0.4    -1,-0.1     1,-0.2  -106,-0.1   0.681  99.5  71.2 -68.0 -19.1    7.7    3.3   -0.9               
  670  670 A F  S    S+     0   0    0      1,-0.2    -1,-0.2     2,-0.1  -242,-0.1   0.890 112.5  16.2 -65.6 -38.0    6.7    1.5   -4.1               
  671  671 A D    >   -     0   0   22     -3,-0.5     3,-2.1     1,-0.1    -3,-0.6  -0.971  61.0-146.4-143.5 122.0   10.1   -0.2   -4.5               
  672  672 A P  T 3  S+     0   0   97      0, 0.0    -1,-0.1     0, 0.0    -2,-0.1   0.789 111.6  39.3 -52.8 -31.4   13.0   -0.6   -1.9               
  673  673 A M  T 3  S+     0   0   66     -3,-0.1   -35,-2.2    -6,-0.1     2,-0.3   0.206  96.0 118.3-102.3   8.3   15.5   -0.3   -4.9               
  674  674 A G  E <   -R  637   0I   0     -3,-2.1    -6,-0.7    -6,-0.3     2,-0.5  -0.600  46.1-162.6 -82.9 137.6   13.3    2.5   -6.6               
  675  675 A V  E     -RS 636 667I   0    -39,-2.6   -39,-2.8    -2,-0.3     2,-0.5  -0.976   5.1-155.9-119.8 115.9   14.6    6.0   -7.3               
  676  676 A R  E     + S   0 666I   0    -10,-2.3   -10,-2.2    -2,-0.5     2,-0.3  -0.814  33.5 145.5 -87.1 131.9   12.2    8.8   -8.0               
  677  677 A T  E     - S   0 665I   9     -2,-0.5   -12,-0.2   -43,-0.3    -2,-0.0  -0.978  58.5-128.9-159.4 156.0   13.8   11.7  -10.0               
  678  678 A D  S    S+     0   0   65    -14,-0.9   -13,-0.1    -2,-0.3    -1,-0.0   0.383  73.1 120.9 -85.8   0.6   13.3   14.3  -12.7               
  679  679 A A  S    S-     0   0    2    -15,-0.4    -2,-0.1     1,-0.1   -17,-0.0  -0.485  71.6-116.9 -61.1 126.4   16.4   13.0  -14.4               
  680  680 A P    >>  -     0   0   61      0, 0.0     4,-2.6     0, 0.0     3,-0.6  -0.332  30.4-108.7 -54.6 147.4   15.7   11.8  -18.0               
  681  681 A L  H 3> S+     0   0    4      1,-0.2     4,-2.6     2,-0.2     5,-0.2   0.822 118.8  56.1 -55.1 -36.9   16.4    8.0  -18.3               
  682  682 A M  H 3> S+     0   0  129      2,-0.2     4,-2.3     1,-0.2    -1,-0.2   0.925 111.6  42.1 -61.2 -44.3   19.5    8.7  -20.5               
  683  683 A Q  H <> S+     0   0   93     -3,-0.6     4,-2.7     2,-0.2     5,-0.3   0.919 112.7  54.1 -71.5 -40.4   21.1   10.9  -17.8               
  684  684 A F  H  X S+     0   0    0     -4,-2.6     4,-2.2     1,-0.2    -2,-0.2   0.936 113.3  43.0 -54.4 -49.2   20.0    8.5  -15.0               
  685  685 A K  H  X S+     0   0   72     -4,-2.6     4,-2.8     2,-0.2    -2,-0.2   0.889 112.5  52.5 -66.0 -42.0   21.8    5.6  -16.9               
  686  686 A S  H  X S+     0   0   75     -4,-2.3     4,-2.7     2,-0.2    -2,-0.2   0.931 112.3  44.9 -62.0 -44.6   24.9    7.8  -17.7               
  687  687 A I  H  X S+     0   0   20     -4,-2.7     4,-1.5     2,-0.2    -2,-0.2   0.919 113.5  51.0 -64.9 -42.7   25.3    8.8  -14.0               
  688  688 A L  H  < S+     0   0    3     -4,-2.2     4,-0.3    -5,-0.3     3,-0.3   0.937 113.6  44.5 -60.2 -46.2   24.7    5.1  -12.9               
  689  689 A L  H >< S+     0   0   82     -4,-2.8     3,-1.5     1,-0.2    -2,-0.2   0.931 109.3  56.5 -61.2 -48.1   27.4    3.9  -15.4               
  690  690 A K  H 3< S+     0   0  152     -4,-2.7    -1,-0.2     1,-0.3    -2,-0.2   0.788 114.6  38.1 -55.3 -36.1   29.9    6.7  -14.4               
  691  691 A Y  T 3< S+     0   0   83     -4,-1.5     2,-0.3    -3,-0.3    -1,-0.3   0.260  95.8  98.8-105.4   8.6   29.8    5.6  -10.7               
  692  692 A S    <   -     0   0   13     -3,-1.5   -44,-0.2    -4,-0.3    -3,-0.0  -0.728  63.4-142.4 -90.4 146.9   29.7    1.8  -11.2               
  693  693 A T  E     -T  647   0J  84    -46,-2.2   -46,-3.4    -2,-0.3    -2,-0.1  -0.857  24.8 -99.7-108.8 144.4   32.9   -0.2  -11.0               
  694  694 A P  E     -T  646   0J  91      0, 0.0   -48,-0.2     0, 0.0   -49,-0.1  -0.321  27.1-130.5 -58.7 143.8   34.0   -3.3  -13.1               
  695  695 A T  S    S+     0   0   66    -50,-2.4     2,-0.5     1,-0.1   -49,-0.1   0.633  85.1  68.8 -74.9 -10.5   33.3   -6.7  -11.4               
  696  696 A Y        +     0   0  211    -51,-0.3     2,-0.2     1,-0.0    -1,-0.1  -0.914  37.9 132.4-122.1 113.1   36.9   -8.0  -12.1               
  697  697 A T        +     0   0  147     -2,-0.5     2,-0.0     1,-0.1    -1,-0.0  -0.716  51.5  88.3-140.5  93.8   40.3   -6.9  -10.7               
  698  698 A G        +     0   0   78     -2,-0.2    -1,-0.1     1,-0.2     0, 0.0  -0.186  60.3  37.1 172.8  97.0   42.2  -10.0   -9.7               
  699  699 A G        +     0   0   74     -3,-0.1    -1,-0.2    -2,-0.0    -3,-0.0   0.522  63.4  44.7 126.6 115.8   44.6  -12.5  -11.5               
  700  700 A Q        -     0   0  186      2,-0.0    -2,-0.0     0, 0.0     0, 0.0   0.894  46.4-127.1  98.9  90.4   47.4  -12.9  -14.0               
  701  701 A S        -     0   0  102      1,-0.1     0, 0.0     0, 0.0     0, 0.0   0.352  42.2 -33.4  26.2 120.8   50.6  -11.4  -15.1               
  702  702 A E        +     0   0  190      0, 0.0     2,-0.1     0, 0.0    -1,-0.1   0.528  45.8 139.6  29.0 106.7   52.3  -10.1  -18.1               
  703  703 A S        -     0   0  120      2,-0.0     2,-0.1     0, 0.0     0, 0.0  -0.409  34.4-132.2-171.2 131.1   52.5  -10.7  -21.7               
  704  704 A H        +     0   0  181     -2,-0.1     2,-0.3     0, 0.0     0, 0.0  -0.328  24.4 166.6 -41.7 132.2   52.7   -8.5  -24.8               
  705  705 A V        -     0   0  144     -2,-0.1    -2,-0.0     0, 0.0     0, 0.0  -0.864  31.0-126.7-146.0 137.0   50.6   -8.7  -27.9               
  706  706 A Q        -     0   0  172     -2,-0.3     0, 0.0     1,-0.2     0, 0.0  -0.107  27.8 -72.0 -70.0 159.8   50.6   -5.8  -30.4               
  707  707 A S        +     0   0  121      0, 0.0     2,-0.3     0, 0.0    -1,-0.2  -0.084  32.2 175.7 -37.8 133.2   48.1   -3.5  -32.2               
  708  708 A A        -     0   0  106      0, 0.0     2,-0.1     0, 0.0     0, 0.0  -0.943  29.6-131.8-142.7 140.8   45.7   -4.2  -35.0               
  709  709 A S        +     0   0  100     -2,-0.3     0, 0.0     1,-0.1     0, 0.0  -0.259  37.0  49.7 -86.5 161.7   43.3   -1.4  -36.0               
  710  710 A E        +     0   0  167     -2,-0.1    -1,-0.1     0, 0.0     0, 0.0   0.997  37.5  93.8  75.6 101.8   39.8   -0.4  -36.8               
  711  711 A D        +     0   0  172      0, 0.0     2,-0.6     0, 0.0     0, 0.0   0.006  37.2 164.3-166.1 109.5   36.3   -0.2  -36.2               
  712  712 A T        +     0   0  114      2,-0.1     2,-0.4     1,-0.0     0, 0.0  -0.910  16.0 167.1-107.3 117.3   35.0    3.0  -34.4               
  713  713 A V        +     0   0  151     -2,-0.6     2,-0.7     2,-0.1    -1,-0.0  -0.814  23.3 162.1-116.8  84.5   31.4    4.2  -34.2               
  714  714 A T        -     0   0  103     -2,-0.4     2,-0.9     2,-0.0    -2,-0.1  -0.923  29.2-154.8 -98.4 106.1   31.9    6.8  -31.5               
  715  715 A E        -     0   0  189     -2,-0.7     2,-0.7     2,-0.0    -2,-0.1  -0.748  18.9-149.5 -69.6 105.8   29.0    9.3  -31.3               
  716  716 A R        -     0   0  219     -2,-0.9     2,-0.6     2,-0.0    -2,-0.0  -0.798  17.7-175.7 -76.2 114.5   30.9   12.3  -29.8               
  717  717 A V        -     0   0  126     -2,-0.7     2,-0.4     2,-0.0    -2,-0.0  -0.964  20.2-148.5-102.6 105.4   28.6   14.4  -27.6               
  718  718 A E        -     0   0  177     -2,-0.6     2,-0.4     2,-0.0    -2,-0.0  -0.629  18.1-178.1 -66.5 124.7   30.8   17.3  -26.6               
  719  719 A M        -     0   0  162     -2,-0.4     2,-0.6     2,-0.1    -2,-0.0  -0.903   9.2-161.3-125.5 106.1   30.0   18.7  -23.2               
  720  720 A S        +     0   0  120     -2,-0.4     2,-0.3     2,-0.0    -2,-0.0  -0.764  23.4 155.8 -73.8 115.3   32.2   21.7  -22.2               
  721  721 A V        -     0   0  126     -2,-0.6     2,-0.3     2,-0.0    -2,-0.1  -0.867  36.1-134.2-140.9 116.2   32.2   22.3  -18.5               
  722  722 A N        -     0   0  165     -2,-0.3     2,-0.4     1,-0.1    -2,-0.0  -0.483  17.1-130.7 -60.1 123.8   35.2   24.2  -17.0               
  723  723 A D        +     0   0  153     -2,-0.3    -1,-0.1     1,-0.0    -2,-0.0  -0.661  53.3 117.3 -67.8 125.5   36.6   22.7  -13.7               
  724  724 A K        +     0   0  209     -2,-0.4    -2,-0.1     1,-0.1    -1,-0.0   0.086  26.2  99.0 173.8  98.4   37.2   25.2  -10.9               
  725  725 A A        -     0   0   98      0, 0.0    -1,-0.1     0, 0.0     0, 0.0  -0.235  62.0-106.7-170.9  95.9   35.7   25.3   -7.4               
  726  726 A E        -     0   0  194      1,-0.1     2,-0.1    -2,-0.0    -2,-0.0   0.644  23.2-103.2  35.8 118.8   37.4   24.0   -4.3               
  727  727 A A        +     0   0   98      2,-0.0    -1,-0.1     0, 0.0     2,-0.1  -0.391  47.5 126.2 -53.9 133.8   37.1   21.1   -1.9               
  728  728 A S        +     0   0  125     -2,-0.1     0, 0.0     0, 0.0     0, 0.0  -0.231  41.6  29.1 178.6 137.2   35.7   20.9    1.5               
  729  729 A G        +     0   0   80      1,-0.1     2,-0.3    -2,-0.1    -2,-0.0   0.935  38.4 132.3 108.9  71.1   33.2   19.0    3.6               
  730  730 A C        +     0   0  135      2,-0.0     2,-0.5     0, 0.0    -1,-0.1  -0.759  27.9 177.6-127.3  89.6   31.8   15.5    3.5               
  731  731 A R        -     0   0  226     -2,-0.3     2,-0.0     1,-0.1     0, 0.0  -0.808  44.6 -90.1 -78.4 130.4   32.0   14.2    7.1               
  732  732 A R              0   0  246     -2,-0.5    -1,-0.1     0, 0.0    -2,-0.0  -0.215 360.0 360.0 -34.3 114.4   30.6   10.6    7.5               
  733  733 A W              0   0  284     -3,-0.0    -2,-0.0    -2,-0.0     0, 0.0  -0.903 360.0 360.0-150.3 360.0   26.9   10.4    8.3               
