==== Secondary Structure Definition by the program DSSP, CMBI version 2.0                          ==== DATE=2026-03-08        .
REFERENCE W. KABSCH AND C.SANDER, BIOPOLYMERS 22 (1983) 2577-2637                                                              .
HEADER                                            01-AUG-25                                                                    .
COMPND    MOL_ID: 1; MOLECULE: SURP AND G-PATCH DOMAIN-CONTAINING PROTEIN 1; CHA                                               .
SOURCE    MOL_ID: 1; ORGANISM_SCIENTIFIC: HOMO SAPIENS; ORGANISM_TAXID: 9606                                                   .
AUTHOR                                                                                                                         .
  645  1  0  0  0 TOTAL NUMBER OF RESIDUES, NUMBER OF CHAINS, NUMBER OF SS-BRIDGES(TOTAL,INTRACHAIN,INTERCHAIN)                .
 65531.1   ACCESSIBLE SURFACE OF PROTEIN (ANGSTROM**2)                                                                         .
  339 52.6   TOTAL NUMBER OF HYDROGEN BONDS OF TYPE O(I)-->H-N(J)  , SAME NUMBER PER 100 RESIDUES                              .
    0  0.0   TOTAL NUMBER OF HYDROGEN BONDS IN     PARALLEL BRIDGES, SAME NUMBER PER 100 RESIDUES                              .
    0  0.0   TOTAL NUMBER OF HYDROGEN BONDS IN ANTIPARALLEL BRIDGES, SAME NUMBER PER 100 RESIDUES                              .
    1  0.2   TOTAL NUMBER OF HYDROGEN BONDS OF TYPE O(I)-->H-N(I-5), SAME NUMBER PER 100 RESIDUES                              .
    0  0.0   TOTAL NUMBER OF HYDROGEN BONDS OF TYPE O(I)-->H-N(I-4), SAME NUMBER PER 100 RESIDUES                              .
    0  0.0   TOTAL NUMBER OF HYDROGEN BONDS OF TYPE O(I)-->H-N(I-3), SAME NUMBER PER 100 RESIDUES                              .
    0  0.0   TOTAL NUMBER OF HYDROGEN BONDS OF TYPE O(I)-->H-N(I-2), SAME NUMBER PER 100 RESIDUES                              .
    0  0.0   TOTAL NUMBER OF HYDROGEN BONDS OF TYPE O(I)-->H-N(I-1), SAME NUMBER PER 100 RESIDUES                              .
    0  0.0   TOTAL NUMBER OF HYDROGEN BONDS OF TYPE O(I)-->H-N(I+0), SAME NUMBER PER 100 RESIDUES                              .
    0  0.0   TOTAL NUMBER OF HYDROGEN BONDS OF TYPE O(I)-->H-N(I+1), SAME NUMBER PER 100 RESIDUES                              .
   41  6.4   TOTAL NUMBER OF HYDROGEN BONDS OF TYPE O(I)-->H-N(I+2), SAME NUMBER PER 100 RESIDUES                              .
   56  8.7   TOTAL NUMBER OF HYDROGEN BONDS OF TYPE O(I)-->H-N(I+3), SAME NUMBER PER 100 RESIDUES                              .
  238 36.9   TOTAL NUMBER OF HYDROGEN BONDS OF TYPE O(I)-->H-N(I+4), SAME NUMBER PER 100 RESIDUES                              .
    3  0.5   TOTAL NUMBER OF HYDROGEN BONDS OF TYPE O(I)-->H-N(I+5), SAME NUMBER PER 100 RESIDUES                              .
  1  2  3  4  5  6  7  8  9 10 11 12 13 14 15 16 17 18 19 20 21 22 23 24 25 26 27 28 29 30     *** HISTOGRAMS OF ***           .
  0  0  0  1  1  0  0  1  1  1  1  1  1  0  0  1  2  0  0  0  1  0  1  1  0  0  0  0  0  2    RESIDUES PER ALPHA HELIX         .
  0  0  0  0  0  0  0  0  0  0  0  0  0  0  0  0  0  0  0  0  0  0  0  0  0  0  0  0  0  0    PARALLEL BRIDGES PER LADDER      .
  0  0  0  0  0  0  0  0  0  0  0  0  0  0  0  0  0  0  0  0  0  0  0  0  0  0  0  0  0  0    ANTIPARALLEL BRIDGES PER LADDER  .
  0  0  0  0  0  0  0  0  0  0  0  0  0  0  0  0  0  0  0  0  0  0  0  0  0  0  0  0  0  0    LADDERS PER SHEET                .
  #  RESIDUE AA STRUCTURE BP1 BP2  ACC     N-H-->O    O-->H-N    N-H-->O    O-->H-N    TCO  KAPPA ALPHA  PHI   PSI    X-CA   Y-CA   Z-CA            CHAIN
    1    1 A M              0   0  248      0, 0.0     2,-0.2     0, 0.0     0, 0.0   0.000 360.0 360.0 360.0 142.0    4.8   76.2    1.5               
    2    2 A S        +     0   0  119      2,-0.0     2,-0.2     0, 0.0     0, 0.0  -0.556 360.0 162.2 -72.9 150.2    1.3   74.4    1.3               
    3    3 A L        +     0   0  150     -2,-0.2     2,-0.3     2,-0.0     0, 0.0  -0.799   5.7 167.4-155.5 144.5   -0.9   73.8   -1.6               
    4    4 A K        -     0   0  178     -2,-0.2     2,-0.4     2,-0.1    -2,-0.0  -0.948   9.3-172.3-150.9 120.3   -3.7   71.2   -1.6               
    5    5 A M        -     0   0  164     -2,-0.3     2,-0.3     2,-0.0    -2,-0.0  -0.946   4.5-178.6-127.2 111.0   -6.5   70.8   -4.2               
    6    6 A D        +     0   0  125     -2,-0.4    -2,-0.1     2,-0.0     0, 0.0  -0.765   8.9 158.7 -82.3 145.1   -9.5   68.5   -4.0               
    7    7 A N        -     0   0  130     -2,-0.3    -2,-0.0     0, 0.0    -1,-0.0  -0.089  23.6-115.8-171.1 113.8  -12.2   67.9   -6.4               
    8    8 A R        -     0   0  202      1,-0.0    -2,-0.0     0, 0.0     0, 0.0   0.789  26.4 -17.7  56.5 117.7  -14.6   65.2   -7.0               
    9    9 A D        +     0   0  136      1,-0.1     2,-0.3     0, 0.0    -1,-0.0   0.737   9.5 169.0  61.6  99.1  -16.4   62.5   -8.5               
   10   10 A V        -     0   0  153      2,-0.0     2,-0.3     0, 0.0    -1,-0.1  -0.951  38.2-141.6-132.2 133.1  -17.4   60.5  -11.6               
   11   11 A A        +     0   0  105     -2,-0.3     2,-0.0     1,-0.0     0, 0.0  -0.666  21.1 178.0 -96.8 145.7  -19.3   57.3  -10.6               
   12   12 A G        -     0   0   74     -2,-0.3    -1,-0.0     0, 0.0    -2,-0.0  -0.358  33.2 -81.5-160.2  72.5  -18.9   53.8  -12.3               
   13   13 A K        -     0   0  206      1,-0.1    -2,-0.0     2,-0.0     0, 0.0   0.816  47.0 -66.5  51.0  93.8  -20.6   50.5  -11.3               
   14   14 A A        -     0   0   81      1,-0.2     2,-0.5     0, 0.0    -1,-0.1   0.640  13.5-160.6  55.0  87.9  -20.3   47.7   -9.0               
   15   15 A N        -     0   0  172      0, 0.0     2,-0.5     0, 0.0    -1,-0.2  -0.881  31.8-160.2 -88.3 131.8  -18.0   44.8   -8.2               
   16   16 A R        -     0   0  214     -2,-0.5     0, 0.0     1,-0.1     0, 0.0  -0.977  33.6 -23.3-119.0 127.0  -20.1   42.2   -6.1               
   17   17 A W        +     0   0  233     -2,-0.5    -1,-0.1     1,-0.1     2,-0.1   0.884  56.8 125.1  61.5  83.4  -19.0   39.4   -3.9               
   18   18 A F        +     0   0  210      2,-0.0     2,-0.7     0, 0.0    -1,-0.1  -0.592  28.0 159.7-142.6  95.0  -16.0   37.3   -3.5               
   19   19 A G        -     0   0   79     -2,-0.1     2,-0.6     2,-0.0    -2,-0.0  -0.913  26.1-155.1-106.0 101.8  -15.0   37.7    0.2               
   20   20 A V        -     0   0  139     -2,-0.7    -2,-0.0     1,-0.0     0, 0.0  -0.680  10.3-146.6 -75.9 118.5  -12.8   34.7    1.3               
   21   21 A A        -     0   0   82     -2,-0.6    -2,-0.0     1,-0.1    -1,-0.0  -0.712  25.2-106.2 -81.9 139.5  -13.0   34.2    5.1               
   22   22 A P        -     0   0  109      0, 0.0     2,-0.1     0, 0.0    -1,-0.1  -0.350  42.1 -98.7 -67.3 144.9   -9.8   33.0    6.8               
   23   23 A P        -     0   0  114      0, 0.0     3,-0.3     0, 0.0     0, 0.0  -0.342  16.8-147.6 -69.3 141.7   -9.8   29.3    7.9               
   24   24 A K    >   +     0   0  190      1,-0.2     3,-0.6    -2,-0.1     4,-0.4   0.112  61.5 121.0 -88.1  19.1  -10.5   28.5   11.6               
   25   25 A S  T >>  +     0   0   47      1,-0.2     3,-2.0     2,-0.2     4,-1.4   0.873  52.3  65.0 -60.1 -51.5   -8.2   25.4   11.5               
   26   26 A G  H 3> S+     0   0   48     -3,-0.3     4,-1.3     1,-0.3    -1,-0.2   0.726  97.4  55.3 -56.9 -29.8   -5.5   26.0   14.1               
   27   27 A K  H <> S+     0   0  181     -3,-0.6     4,-0.7     1,-0.2    -1,-0.3   0.757 108.7  48.5 -75.6 -23.4   -7.8   25.8   17.2               
   28   28 A M  H X> S+     0   0  127     -3,-2.0     4,-1.9    -4,-0.4     3,-0.6   0.919 105.5  57.7 -77.8 -42.6   -9.2   22.4   16.2               
   29   29 A N  H 3X S+     0   0   53     -4,-1.4     4,-2.5     1,-0.2    -2,-0.2   0.883 103.6  52.0 -58.9 -42.2   -5.7   20.8   15.6               
   30   30 A M  H 3X S+     0   0  135     -4,-1.3     4,-1.8     1,-0.2    -1,-0.2   0.843 109.0  50.0 -64.2 -35.6   -4.5   21.6   19.2               
   31   31 A N  H <X S+     0   0   72     -4,-0.7     4,-1.6    -3,-0.6    -1,-0.2   0.873 111.5  49.6 -71.6 -35.4   -7.5   19.9   20.8               
   32   32 A I  H  X S+     0   0   55     -4,-1.9     4,-2.3     2,-0.2    -2,-0.2   0.946 109.6  50.9 -65.1 -48.0   -7.0   16.8   18.6               
   33   33 A L  H  X S+     0   0   84     -4,-2.5     4,-2.2     1,-0.2    -2,-0.2   0.891 109.9  49.0 -60.9 -41.6   -3.2   16.6   19.5               
   34   34 A H  H  X S+     0   0  102     -4,-1.8     4,-2.2     2,-0.2    -1,-0.2   0.907 112.1  48.5 -65.8 -39.0   -4.0   16.7   23.3               
   35   35 A Q  H  X S+     0   0  103     -4,-1.6     4,-2.1     2,-0.2    -2,-0.2   0.872 110.7  51.7 -68.4 -34.6   -6.6   14.0   23.0               
   36   36 A E  H  X S+     0   0   30     -4,-2.3     4,-2.6     2,-0.2    -2,-0.2   0.894 108.9  50.4 -66.6 -39.2   -4.1   11.8   20.9               
   37   37 A E  H  X S+     0   0  134     -4,-2.2     4,-2.9     2,-0.2    -2,-0.2   0.930 110.1  50.1 -64.8 -42.8   -1.5   12.3   23.7               
   38   38 A L  H  X S+     0   0   60     -4,-2.2     4,-2.3     2,-0.2    -2,-0.2   0.915 112.9  46.8 -59.1 -43.7   -4.1   11.1   26.3               
   39   39 A I  H  X S+     0   0   71     -4,-2.1     4,-2.7     2,-0.2    -2,-0.2   0.916 113.4  48.2 -65.8 -42.6   -4.9    8.1   24.1               
   40   40 A A  H  X S+     0   0   58     -4,-2.6     4,-2.4     2,-0.2    -2,-0.2   0.924 112.0  49.2 -64.3 -43.1   -1.2    7.3   23.6               
   41   41 A Q  H  X S+     0   0  134     -4,-2.9     4,-2.0     2,-0.2    -2,-0.2   0.914 113.0  47.9 -61.5 -41.5   -0.5    7.7   27.4               
   42   42 A K  H  X S+     0   0  107     -4,-2.3     4,-2.2     2,-0.2    -2,-0.2   0.897 109.4  51.9 -71.0 -38.3   -3.5    5.3   28.1               
   43   43 A K  H  X S+     0   0   81     -4,-2.7     4,-2.5     2,-0.2    -2,-0.2   0.950 111.9  48.2 -55.6 -48.0   -2.3    2.7   25.5               
   44   44 A R  H  X S+     0   0  191     -4,-2.4     4,-2.5     1,-0.2    -2,-0.2   0.838 109.7  51.4 -65.2 -36.6    1.1    2.8   27.3               
   45   45 A E  H  X S+     0   0   86     -4,-2.0     4,-2.0     2,-0.2    -1,-0.2   0.920 112.0  46.9 -63.3 -44.3   -0.5    2.4   30.8               
   46   46 A I  H  X S+     0   0   98     -4,-2.2     4,-2.1     2,-0.2    -2,-0.2   0.925 113.7  48.6 -64.6 -44.2   -2.4   -0.7   29.5               
   47   47 A E  H  X S+     0   0  138     -4,-2.5     4,-2.8     2,-0.2     5,-0.2   0.962 113.0  46.0 -59.7 -52.9    0.7   -2.2   27.9               
   48   48 A A  H  X S+     0   0   46     -4,-2.5     4,-2.5     1,-0.2    -1,-0.2   0.862 113.6  50.5 -59.8 -36.0    2.9   -1.6   31.1               
   49   49 A K  H  X S+     0   0  135     -4,-2.0     4,-1.6     2,-0.2    -1,-0.2   0.839 111.2  48.0 -73.2 -33.3    0.0   -3.1   33.2               
   50   50 A M  H  X S+     0   0  126     -4,-2.1     4,-2.3    -3,-0.2    -2,-0.2   0.915 112.8  48.4 -68.4 -43.3   -0.2   -6.2   30.9               
   51   51 A E  H  X S+     0   0  103     -4,-2.8     4,-2.7     2,-0.2    -2,-0.2   0.916 110.9  50.5 -67.0 -40.6    3.6   -6.6   31.0               
   52   52 A Q  H  X S+     0   0  134     -4,-2.5     4,-2.6    -5,-0.2    -1,-0.2   0.916 111.7  48.7 -58.6 -42.8    3.6   -6.3   34.9               
   53   53 A K  H  X S+     0   0  128     -4,-1.6     4,-2.1     2,-0.2    -2,-0.2   0.877 111.1  49.7 -67.4 -36.7    0.8   -9.0   34.9               
   54   54 A A  H  X S+     0   0   47     -4,-2.3     4,-1.4     2,-0.2    -2,-0.2   0.929 112.4  47.5 -65.3 -43.8    2.8  -11.3   32.6               
   55   55 A K  H  X S+     0   0  111     -4,-2.7     4,-0.7     2,-0.2     3,-0.3   0.908 111.6  51.1 -63.1 -41.8    5.9  -10.8   34.9               
   56   56 A Q  H >< S+     0   0  145     -4,-2.6     3,-0.8     1,-0.2     4,-0.5   0.908 108.3  52.2 -62.1 -42.1    3.7  -11.6   38.0               
   57   57 A N  H >< S+     0   0  113     -4,-2.1     3,-0.5     1,-0.2    -1,-0.2   0.791 104.6  56.3 -66.5 -29.1    2.4  -14.8   36.3               
   58   58 A Q  H 3< S+     0   0  170     -4,-1.4    -1,-0.2    -3,-0.3    -2,-0.2   0.667 101.0  57.5 -77.7 -15.8    5.9  -16.1   35.5               
   59   59 A V  T << S+     0   0  127     -3,-0.8     2,-1.3    -4,-0.7    -1,-0.2   0.587  84.5  88.5 -90.1  -9.7    7.1  -15.9   39.3               
   60   60 A A    <   +     0   0   79     -3,-0.5    -1,-0.2    -4,-0.5    -4,-0.0  -0.558  49.6 150.9 -93.3  74.0    4.2  -18.2   40.5               
   61   61 A S        -     0   0  112     -2,-1.3     2,-0.4    -3,-0.0    -3,-0.0  -0.905  26.8-160.8-105.9 108.6    5.8  -21.8   40.2               
   62   62 A P        -     0   0  117      0, 0.0    -2,-0.0     0, 0.0     0, 0.0  -0.725   9.6-137.4 -92.6 135.8    4.4  -24.3   42.8               
   63   63 A Q        -     0   0  183     -2,-0.4     0, 0.0     1,-0.1     0, 0.0  -0.507  35.9 -94.1 -75.7 154.2    6.1  -27.6   43.7               
   64   64 A P        -     0   0  109      0, 0.0    -1,-0.1     0, 0.0     2,-0.1  -0.342  54.7 -97.1 -71.6 156.9    3.9  -30.9   44.1               
   65   65 A P        -     0   0  118      0, 0.0     0, 0.0     0, 0.0     0, 0.0  -0.232  19.8-155.1 -92.2 164.2    2.7  -31.7   47.7               
   66   66 A H        -     0   0  176      2,-0.1     2,-0.5    -2,-0.1     0, 0.0  -0.981  30.4-122.3-121.5 138.0    3.4  -33.7   50.8               
   67   67 A P        +     0   0  138      0, 0.0     2,-0.1     0, 0.0     0, 0.0  -0.722  45.2 153.9 -83.8 126.2    0.5  -34.7   53.2               
   68   68 A G        -     0   0   72     -2,-0.5    -2,-0.1     0, 0.0     0, 0.0  -0.543  33.8 -70.4-169.7  95.0    1.1  -33.4   56.9               
   69   69 A E        -     0   0  179     -2,-0.1     0, 0.0     1,-0.0     0, 0.0   0.840  43.2 -68.9  56.5 102.4   -1.0  -32.5   59.8               
   70   70 A I        +     0   0  139      0, 0.0     2,-0.1     0, 0.0    -1,-0.0   0.572  40.7 120.8  35.9 113.6   -3.4  -30.1   61.4               
   71   71 A T        -     0   0  136      0, 0.0     2,-0.1     0, 0.0     0, 0.0  -0.488  28.7-122.9 176.6 163.1   -4.0  -26.7   62.9               
   72   72 A N        +     0   0  163     -2,-0.1     0, 0.0     1,-0.0     0, 0.0  -0.440  23.9 124.3 -78.3 166.7   -5.9  -23.3   62.8               
   73   73 A A        -     0   0   81     -2,-0.1    -1,-0.0     0, 0.0     0, 0.0   0.554  26.2 -45.1-170.0 178.2   -6.0  -20.1   62.6               
   74   74 A H        -     0   0  164      2,-0.0     0, 0.0     0, 0.0     0, 0.0   0.992  35.7 -70.1  70.3 114.0   -6.8  -16.4   61.6               
   75   75 A N        +     0   0  142      1,-0.1     2,-0.2     0, 0.0     0, 0.0   0.727  15.2 174.5  48.0 115.9   -7.2  -13.6   59.2               
   76   76 A S        -     0   0  126      2,-0.1     2,-0.2     0, 0.0    -1,-0.1  -0.831  35.5-125.5-148.3 143.4   -6.0  -11.2   56.9               
   77   77 A S        +     0   0  117     -2,-0.2     2,-0.3     2,-0.0     0, 0.0  -0.452  31.5 164.8 -68.4 133.5   -8.4   -9.0   54.8               
   78   78 A C        -     0   0  114     -2,-0.2     2,-2.0     2,-0.0    -2,-0.1  -0.950  38.0-129.1-144.5 132.5   -8.3   -8.7   51.0               
   79   79 A I        +     0   0  172     -2,-0.3     2,-0.1     3,-0.0     3,-0.0  -0.517  43.0 176.9 -81.8  75.8  -11.2   -7.1   49.0               
   80   80 A S        -     0   0  101     -2,-2.0     2,-0.2     1,-0.1    -2,-0.0  -0.464  37.5 -89.0 -85.9 156.0  -11.6  -10.0   46.5               
   81   81 A N        -     0   0  137     -2,-0.1    -1,-0.1     1,-0.1    -2,-0.0  -0.432  26.5-144.2 -71.5 128.7  -14.3  -10.2   43.8               
   82   82 A K  S    S+     0   0  162     -2,-0.2     2,-0.5     1,-0.1    -1,-0.1   0.623  86.0  59.8 -72.2 -13.3  -17.6  -11.8   44.9               
   83   83 A F  S    S-     0   0   89      9,-0.0     2,-0.2     2,-0.0    -1,-0.1  -0.980  70.2-163.4-118.2 116.8  -18.1  -13.5   41.5               
   84   84 A A        -     0   0   50     -2,-0.5     2,-0.8     1,-0.0     5,-0.4  -0.621  30.1-120.4 -87.1 156.2  -15.6  -16.0   40.2               
   85   85 A N  S    S+     0   0  181     -2,-0.2    -1,-0.0     1,-0.2    -2,-0.0  -0.365  87.1 104.9 -89.8  49.9  -15.5  -17.0   36.5               
   86   86 A D  S    S-     0   0  103     -2,-0.8    -1,-0.2     0, 0.0    -3,-0.0   0.173 100.6-102.0-112.9   6.5  -16.0  -20.7   37.6               
   87   87 A G  S >  S+     0   0   68     -3,-0.4     3,-0.8     1,-0.0     4,-0.3   0.252  96.5 113.3  79.7  -7.0  -19.8  -21.1   36.6               
   88   88 A S  T >>  +     0   0   31      1,-0.2     4,-2.9     2,-0.1     3,-0.5   0.598  42.9 100.2 -72.3  -8.4  -20.7  -20.6   40.4               
   89   89 A F  H 3> S+     0   0  105     -5,-0.4     4,-2.8     1,-0.2    -1,-0.2   0.849  81.2  48.4 -44.4 -47.3  -22.4  -17.2   39.5               
   90   90 A L  H <> S+     0   0  117     -3,-0.8     4,-2.3     2,-0.2    -1,-0.2   0.883 114.2  45.4 -69.6 -36.0  -25.9  -18.7   39.5               
   91   91 A Q  H <> S+     0   0  152     -3,-0.5     4,-2.2    -4,-0.3    -2,-0.2   0.922 115.4  47.3 -69.7 -43.3  -25.4  -20.6   42.9               
   92   92 A Q  H  X S+     0   0   63     -4,-2.9     4,-2.2     2,-0.2    -2,-0.2   0.900 112.6  50.3 -63.6 -39.7  -23.9  -17.4   44.4               
   93   93 A F  H  X S+     0   0   80     -4,-2.8     4,-2.6    -5,-0.3    -2,-0.2   0.941 111.5  46.8 -66.0 -45.8  -26.8  -15.3   43.0               
   94   94 A L  H  X S+     0   0   90     -4,-2.3     4,-2.2     1,-0.2    -1,-0.2   0.879 113.6  50.0 -60.4 -38.5  -29.4  -17.7   44.5               
   95   95 A K  H  X S+     0   0  163     -4,-2.2     4,-1.2     2,-0.2    -2,-0.2   0.866 110.3  50.3 -68.2 -35.1  -27.5  -17.6   47.8               
   96   96 A L  H  X S+     0   0   85     -4,-2.2     4,-1.1     2,-0.2    -2,-0.2   0.900 110.1  49.0 -70.2 -41.8  -27.4  -13.8   47.7               
   97   97 A Q  H >X S+     0   0  111     -4,-2.6     4,-1.5     1,-0.2     3,-0.9   0.947 109.7  52.0 -63.3 -44.2  -31.2  -13.6   47.1               
   98   98 A K  H 3< S+     0   0  152     -4,-2.2    -1,-0.2     1,-0.3    -2,-0.2   0.804 109.0  51.7 -60.7 -29.5  -31.8  -16.0   50.0               
   99   99 A A  H 3< S+     0   0   71     -4,-1.2     3,-0.4     1,-0.2    -1,-0.3   0.722 107.9  52.2 -77.2 -23.3  -29.7  -13.7   52.2               
  100  100 A Q  H << S+     0   0  157     -4,-1.1     2,-0.4    -3,-0.9     3,-0.3   0.790  99.0  63.3 -80.0 -30.4  -31.8  -10.6   51.1               
  101  101 A T  S  < S+     0   0  119     -4,-1.5    -1,-0.2     1,-0.2    -2,-0.1  -0.035  87.4  80.6 -84.5  29.2  -35.2  -12.2   52.1               
  102  102 A S        +     0   0   85     -2,-0.4     2,-0.3    -3,-0.4    -1,-0.2  -0.064  65.1  79.6-140.0  35.6  -34.4  -12.5   55.8               
  103  103 A T        -     0   0  136     -3,-0.3     2,-0.1     0, 0.0    -1,-0.1  -0.805  59.7-147.6-147.3 111.1  -34.8   -9.2   57.9               
  104  104 A D        +     0   0  158     -2,-0.3    -2,-0.0    -3,-0.1    -3,-0.0  -0.391  31.0  49.5 -80.0 167.8  -38.2   -7.7   59.2               
  105  105 A A        +     0   0   91     -2,-0.1     2,-0.2     1,-0.1    -1,-0.0   0.843  24.2 171.9-154.0 171.0  -39.9   -5.0   59.9               
  106  106 A P        -     0   0  117      0, 0.0     2,-0.2     0, 0.0    -1,-0.1  -0.666   8.7-160.1-118.8 169.7  -41.4   -1.4   59.2               
  107  107 A T        -     0   0  135     -2,-0.2     0, 0.0     1,-0.2     0, 0.0  -0.716  27.4 -57.6-161.3 132.8  -43.7    1.5   60.3               
  108  108 A S        -     0   0  117     -2,-0.2    -1,-0.2     2,-0.0     0, 0.0   0.802  30.4-153.3  63.3 153.8  -45.7    4.6   59.2               
  109  109 A A        +     0   0   95      1,-0.1     0, 0.0     0, 0.0     0, 0.0  -0.151  17.0  42.6-141.2-132.4  -45.8    8.2   57.6               
  110  110 A P        +     0   0  127      0, 0.0     2,-0.2     0, 0.0    -1,-0.1   0.244   9.1 172.0-127.1 173.2  -47.1   11.6   57.0               
  111  111 A S        -     0   0  122      1,-0.1     0, 0.0     0, 0.0     0, 0.0  -0.900  25.8 -51.6-173.1 161.3  -48.5   15.2   57.0               
  112  112 A A        +     0   0   94     -2,-0.2    -1,-0.1     1,-0.1     0, 0.0   0.763  13.9 177.0-170.2 159.8  -49.2   18.2   55.5               
  113  113 A P        -     0   0  119      0, 0.0     2,-0.2     0, 0.0    -1,-0.1  -0.420  10.9-160.6-107.5 178.9  -49.5   21.7   53.6               
  114  114 A P        +     0   0  122      0, 0.0     0, 0.0     0, 0.0     0, 0.0  -0.601  18.8 102.1-138.1-159.3  -51.1   24.6   52.4               
  115  115 A S        -     0   0  110     -2,-0.2     0, 0.0     0, 0.0     0, 0.0   0.659  20.7-174.3-157.2 176.6  -51.7   27.4   50.4               
  116  116 A T        +     0   0  132      2,-0.0     0, 0.0     0, 0.0     0, 0.0  -0.210  13.9 108.7 -92.0-175.4  -53.4   29.4   47.4               
  117  117 A P        +     0   0  119      0, 0.0     0, 0.0     0, 0.0     0, 0.0   0.629  12.6 158.6-137.3-175.8  -54.4   31.6   45.1               
  118  118 A T        -     0   0  128      0, 0.0    -2,-0.0     0, 0.0     2,-0.0  -0.048   5.3-176.4 -77.6-173.4  -54.8   33.1   41.5               
  119  119 A P        +     0   0  111      0, 0.0     0, 0.0     0, 0.0     0, 0.0   0.320  14.3  38.1-155.3-168.3  -56.1   35.0   39.0               
  120  120 A S        -     0   0  117     -2,-0.0     2,-0.0     0, 0.0     0, 0.0   0.382  30.3 -40.1  92.8 158.1  -56.8   36.6   35.5               
  121  121 A A        -     0   0  101      0, 0.0     0, 0.0     0, 0.0     0, 0.0  -0.170  16.4 -69.5-168.6 126.2  -57.1   36.8   32.2               
  122  122 A G        +     0   0   73     -2,-0.0     0, 0.0     0, 0.0     0, 0.0   0.048  12.9  90.0  93.3 168.4  -57.2   36.8   28.3               
  123  123 A K        -     0   0  184      0, 0.0     0, 0.0     0, 0.0     0, 0.0   0.167  19.9 -79.5-171.4 122.1  -57.2   36.9   25.2               
  124  124 A R        +     0   0  231      0, 0.0     0, 0.0     0, 0.0     0, 0.0   0.299  24.1 109.5  69.7 162.6  -56.6   35.9   21.4               
  125  125 A S        +     0   0  110      1,-0.1     2,-0.4     0, 0.0     0, 0.0   0.711   5.4 176.0-147.4 158.9  -55.4   35.4   18.4               
  126  126 A L        +     0   0  158      2,-0.0     2,-0.2     0, 0.0    -1,-0.1  -0.776  23.6 175.7 -83.2 135.8  -54.1   33.1   15.7               
  127  127 A L        -     0   0  158     -2,-0.4     2,-0.1     2,-0.0     0, 0.0  -0.738  17.9-153.8-156.5 114.5  -53.2   34.4   12.2               
  128  128 A I        -     0   0  153     -2,-0.2     2,-0.1     2,-0.0    -2,-0.0  -0.056   4.6-155.5  51.2 105.5  -51.9   32.9    9.4               
  129  129 A S        +     0   0  105     -2,-0.1     2,-0.5     2,-0.0    -2,-0.0  -0.628  19.8 166.4-143.0  80.7  -49.9   34.9    6.8               
  130  130 A R        -     0   0  228     -2,-0.1     2,-0.6     2,-0.0    -2,-0.0  -0.837  21.3-156.5 -74.7 131.0  -49.9   33.3    3.3               
  131  131 A R        -     0   0  244     -2,-0.5     2,-0.3     0, 0.0    -2,-0.0  -0.962  20.6-179.1-109.9 112.9  -48.6   35.8    0.8               
  132  132 A T        +     0   0  128     -2,-0.6    -2,-0.0     1,-0.2     0, 0.0  -0.795  26.1  25.7 -99.4 150.3  -49.9   34.9   -2.7               
  133  133 A G        +     0   0   74     -2,-0.3    -1,-0.2     1,-0.1     2,-0.1   0.992  29.2 152.2  81.0  92.4  -49.5   36.2   -6.2               
  134  134 A L        -     0   0  177      2,-0.1     2,-0.2     0, 0.0    -1,-0.1  -0.498  32.2-169.9-166.7 115.7  -47.2   38.2   -8.4               
  135  135 A G        +     0   0   64     -2,-0.1     2,-0.2     0, 0.0     0, 0.0  -0.827  20.1 153.8 129.5  49.0  -47.6   37.4  -11.4               
  136  136 A L        -     0   0  173     -2,-0.2    -2,-0.1     1,-0.1     0, 0.0  -0.839  31.8 -64.6-168.6 152.7  -45.8   38.0  -14.8               
  137  137 A A        -     0   0   90     -2,-0.2     2,-0.3     1,-0.1    -1,-0.1   0.571  10.4-118.7-162.6 149.9  -45.5   36.4  -17.8               
  138  138 A S        +     0   0  113      2,-0.0    -1,-0.1     0, 0.0     0, 0.0  -0.608  27.6 164.5 -79.2 136.9  -44.7   34.0  -20.7               
  139  139 A L        -     0   0  172     -2,-0.3     2,-0.3     2,-0.0     0, 0.0  -0.914  15.0-167.4-142.6 125.1  -42.5   34.9  -23.7               
  140  140 A P        -     0   0  118      0, 0.0    -2,-0.0     0, 0.0     0, 0.0  -0.829  19.6 -63.4-108.5 152.5  -41.0   32.1  -26.1               
  141  141 A G        -     0   0   75     -2,-0.3     2,-0.0     1,-0.1    -2,-0.0  -0.090   2.4-144.3  82.9-176.0  -38.3   32.1  -28.8               
  142  142 A P        -     0   0  129      0, 0.0     2,-0.1     0, 0.0    -1,-0.1   0.522  23.5-154.3-106.9 166.2  -36.9   32.6  -31.4               
  143  143 A V        -     0   0  133     -2,-0.0     2,-0.2     2,-0.0     0, 0.0  -0.489   7.2-173.3 -71.4 152.8  -34.8   29.9  -33.3               
  144  144 A K        -     0   0  204     -2,-0.1     2,-0.4     2,-0.0    -1,-0.0  -0.661   4.5-174.7-147.9  96.1  -31.9   30.7  -35.6               
  145  145 A S        +     0   0  112     -2,-0.2     2,-0.3     2,-0.0    -2,-0.0  -0.710   4.8 177.8 -73.3 134.7  -30.4   27.8  -37.5               
  146  146 A Y        -     0   0  224     -2,-0.4     2,-0.5     2,-0.0    -2,-0.0  -0.834   6.5-174.3-135.4 103.3  -27.4   28.5  -39.7               
  147  147 A S        +     0   0  108     -2,-0.3     2,-0.3     2,-0.0    -2,-0.0  -0.840  12.6 161.1 -84.5 126.0  -25.9   25.3  -41.3               
  148  148 A H        -     0   0  175     -2,-0.5     2,-0.3     2,-0.1    -2,-0.0  -0.868  17.5-164.3-140.6 117.3  -22.7   25.6  -43.2               
  149  149 A A        +     0   0   89     -2,-0.3     2,-0.2     2,-0.0    -2,-0.0  -0.730  21.5 147.1 -86.8 143.6  -20.7   22.5  -44.0               
  150  150 A K        -     0   0  204     -2,-0.3     2,-0.2     2,-0.1    -2,-0.1  -0.779  35.7-127.4-161.2 142.5  -17.1   22.2  -45.1               
  151  151 A Q        +     0   0  188     -2,-0.2    -2,-0.0     0, 0.0     0, 0.0  -0.518  32.7 153.9 -74.0 152.4  -14.6   19.4  -44.3               
  152  152 A L        -     0   0  171     -2,-0.2    -2,-0.1     0, 0.0     0, 0.0  -0.794  41.1 -77.9-169.6 169.2  -11.0   19.7  -42.9               
  153  153 A P        -     0   0  111      0, 0.0     2,-0.3     0, 0.0     0, 0.0   0.072  32.9 -84.6-101.0 177.3   -9.1   17.1  -40.9               
  154  154 A V        -     0   0  140      1,-0.0     2,-0.5     0, 0.0     0, 0.0  -0.465  36.3-160.9 -60.4 121.2   -8.4   15.2  -37.7               
  155  155 A A        -     0   0   89     -2,-0.3     2,-0.2     2,-0.0    -1,-0.0  -0.938  15.2-133.0-102.8 125.8   -5.9   16.9  -35.3               
  156  156 A H        -     0   0  183     -2,-0.5     0, 0.0     1,-0.0     0, 0.0  -0.548  15.3-136.5 -66.5 137.2   -4.2   14.8  -32.7               
  157  157 A R        -     0   0  231     -2,-0.2     2,-0.1     0, 0.0    -1,-0.0  -0.917  17.8-137.2 -89.3 124.1   -4.2   16.3  -29.2               
  158  158 A P        -     0   0  114      0, 0.0     2,-0.2     0, 0.0     0, 0.0  -0.449  22.9-111.4 -66.6 151.2   -0.8   15.9  -27.5               
  159  159 A S        -     0   0   77     -2,-0.1     3,-0.1     1,-0.1     0, 0.0  -0.603  12.1-143.5 -74.8 147.5   -0.8   14.8  -23.8               
  160  160 A V  S    S+     0   0  138     -2,-0.2     2,-0.2     1,-0.2    -1,-0.1  -0.195  87.6  68.0-102.3  32.5    0.4   17.5  -21.3               
  161  161 A F        +     0   0  182      2,-0.0     2,-0.3     0, 0.0    -1,-0.2  -0.651  55.7 121.8-158.6  92.0    2.0   14.7  -19.2               
  162  162 A Q        -     0   0  108     -2,-0.2     0, 0.0    -3,-0.1     0, 0.0  -0.894  60.1-113.6-139.9 149.2    5.0   12.8  -20.6               
  163  163 A S    >>  -     0   0   56     -2,-0.3     3,-2.4     1,-0.1     4,-1.0  -0.805  17.4-128.5 -91.5 133.9    8.4   12.7  -18.7               
  164  164 A P  T 34 S+     0   0   57      0, 0.0     4,-0.4     0, 0.0    -1,-0.1   0.691 106.5  58.5 -54.1 -26.4   11.4   14.5  -20.4               
  165  165 A D  T 34 S+     0   0  145      1,-0.2     4,-0.2     2,-0.1   327,-0.0   0.562 106.0  47.9 -82.1 -10.7   13.7   11.3  -20.0               
  166  166 A E  T <> S+     0   0  120     -3,-2.4     4,-2.1     2,-0.1     3,-0.4   0.706  92.0  80.8 -95.4 -22.4   11.2    9.1  -22.1               
  167  167 A D  H  X S+     0   0   72     -4,-1.0     4,-2.3     1,-0.2     5,-0.2   0.766  85.0  57.5 -61.6 -32.2   10.8   11.6  -25.0               
  168  168 A E  H  > S+     0   0  121     -4,-0.4     4,-2.1     2,-0.2    -1,-0.2   0.951 112.6  38.8 -65.0 -47.6   14.2   10.7  -26.8               
  169  169 A E  H  > S+     0   0  118     -3,-0.4     4,-2.2    -4,-0.2    -2,-0.2   0.913 117.8  49.8 -73.2 -36.3   13.3    7.0  -27.2               
  170  170 A E  H  X S+     0   0   97     -4,-2.1     4,-2.5     2,-0.2    -2,-0.2   0.890 111.3  48.4 -68.6 -38.2    9.6    7.7  -28.0               
  171  171 A D  H  X S+     0   0   70     -4,-2.3     4,-2.7    -5,-0.2     5,-0.3   0.940 110.9  51.7 -67.2 -41.4   10.5   10.3  -30.7               
  172  172 A Y  H  X S+     0   0   19     -4,-2.1     4,-1.7    -5,-0.2    -2,-0.2   0.924 111.8  46.3 -58.5 -44.3   13.0    7.8  -32.3               
  173  173 A E  H  X S+     0   0  104     -4,-2.2     4,-1.9     2,-0.2    -2,-0.2   0.940 111.5  52.7 -63.9 -42.2   10.2    5.2  -32.4               
  174  174 A Q  H  X S+     0   0  127     -4,-2.5     4,-1.0     1,-0.2     3,-0.2   0.929 111.2  45.2 -58.7 -48.2    7.8    7.8  -33.9               
  175  175 A W  H  < S+     0   0   46     -4,-2.7    -1,-0.2     1,-0.2    -2,-0.2   0.826 110.8  55.9 -66.8 -29.5   10.2    8.7  -36.7               
  176  176 A L  H  < S+     0   0   45     -4,-1.7    -2,-0.2    -5,-0.3    -1,-0.2   0.854 103.2  54.2 -71.0 -33.2   11.0    5.0  -37.3               
  177  177 A E  H  < S+     0   0  162     -4,-1.9    -1,-0.2    -3,-0.2    -2,-0.2   0.789  81.2 110.5 -70.7 -25.2    7.2    4.2  -37.9               
  178  178 A I     <  -     0   0   55     -4,-1.0     2,-2.0     1,-0.1    -3,-0.0  -0.256  68.8-137.3 -62.1 123.6    6.8    6.9  -40.6               
  179  179 A K        +     0   0  192     -2,-0.1     2,-0.6     2,-0.0    -1,-0.1  -0.418  40.0 163.0 -83.0  65.2    6.3    5.2  -44.1               
  180  180 A V        -     0   0   14     -2,-2.0    49,-0.0    52,-0.1    50,-0.0  -0.787  32.1-141.0 -85.5 119.6    8.6    7.5  -46.1               
  181  181 A S        -     0   0   68     -2,-0.6    52,-0.1     1,-0.1     3,-0.1  -0.626  37.5 -94.2 -67.1 140.5    9.7    6.2  -49.5               
  182  182 A P        -     0   0   76      0, 0.0    -1,-0.1     0, 0.0    48,-0.1  -0.357  54.2 -94.0 -54.2 132.8   13.4    7.1  -50.3               
  183  183 A P        -     0   0    4      0, 0.0     6,-0.2     0, 0.0    -3,-0.0  -0.116  30.4-121.8 -51.2 146.8   13.6   10.4  -52.3               
  184  184 A E  S    S+     0   0  188     -3,-0.1     2,-0.4     4,-0.1     0, 0.0   0.905  89.8  85.0 -66.9 -40.5   13.7    9.9  -56.1               
  185  185 A G     >  -     0   0   34      1,-0.2     4,-2.5     2,-0.0     5,-0.2  -0.418  65.9-155.1 -65.7 114.3   17.0   11.8  -56.7               
  186  186 A A  H  > S+     0   0   50     -2,-0.4     4,-1.0     2,-0.2    -1,-0.2   0.722  96.8  49.7 -64.4 -22.9   20.0    9.4  -56.1               
  187  187 A E  H  > S+     0   0  157      2,-0.2     4,-2.1     3,-0.1     3,-0.2   0.931 108.1  51.6 -79.2 -47.8   22.2   12.5  -55.3               
  188  188 A T  H  > S+     0   0   49      1,-0.2     4,-2.8     2,-0.2     5,-0.2   0.909 108.5  53.1 -53.4 -45.2   19.7   13.9  -52.7               
  189  189 A R  H  X S+     0   0   79     -4,-2.5     4,-2.6     1,-0.2    -1,-0.2   0.904 109.0  48.8 -57.3 -43.1   19.6   10.4  -51.0               
  190  190 A K  H  X S+     0   0  138     -4,-1.0     4,-1.2    -3,-0.2    -1,-0.2   0.835 112.7  47.8 -67.5 -35.6   23.4   10.5  -50.7               
  191  191 A V  H  X S+     0   0   35     -4,-2.1     4,-2.6     2,-0.2     3,-0.5   0.970 114.0  46.7 -66.4 -52.2   23.4   14.1  -49.2               
  192  192 A I  H  X S+     0   0    0     -4,-2.8     4,-3.0     1,-0.2    -2,-0.2   0.910 113.3  48.4 -55.8 -49.0   20.6   13.1  -46.7               
  193  193 A E  H  X S+     0   0   52     -4,-2.6     4,-1.1    -5,-0.2    -1,-0.2   0.763 112.0  49.5 -68.5 -27.1   22.4    9.9  -45.7               
  194  194 A K  H  X S+     0   0  154     -4,-1.2     4,-2.0    -3,-0.5     3,-0.2   0.951 115.4  42.9 -71.2 -49.1   25.8   11.7  -45.2               
  195  195 A L  H  X S+     0   0   12     -4,-2.6     4,-2.8     1,-0.2     5,-0.3   0.908 111.1  55.6 -61.4 -43.3   24.1   14.4  -43.1               
  196  196 A A  H  X S+     0   0    0     -4,-3.0     4,-1.4    -5,-0.2    -1,-0.2   0.826 107.7  49.1 -63.6 -32.9   22.0   11.8  -41.2               
  197  197 A R  H  X S+     0   0  117     -4,-1.1     4,-2.1    -3,-0.2    -1,-0.2   0.959 113.0  47.5 -65.4 -48.2   25.3    9.9  -40.2               
  198  198 A F  H  X S+     0   0  121     -4,-2.0     4,-2.7     1,-0.2    -2,-0.2   0.906 115.8  42.8 -62.4 -44.6   26.9   13.2  -39.0               
  199  199 A V  H  X S+     0   0    1     -4,-2.8     4,-0.6     1,-0.2    -1,-0.2   0.767 113.3  53.2 -75.6 -25.9   23.9   14.4  -36.9               
  200  200 A A  H  < S+     0   0   18     -4,-1.4    -2,-0.2    -5,-0.3    -1,-0.2   0.885 117.1  38.9 -69.1 -36.4   23.4   10.8  -35.5               
  201  201 A E  H  < S+     0   0  172     -4,-2.1    -2,-0.2     1,-0.1    -3,-0.2   0.890 126.4  31.2 -82.3 -45.0   27.1   10.8  -34.4               
  202  202 A G  H  < S-     0   0   45     -4,-2.7     4,-0.4     1,-0.2     3,-0.3   0.189 108.7-117.6-106.2  14.5   27.6   14.4  -33.1               
  203  203 A G    ><  -     0   0   19     -4,-0.6     3,-0.9     1,-0.2     4,-0.4  -0.003  43.7 -50.6  80.9 178.3   24.0   15.2  -31.9               
  204  204 A P  T >> S+     0   0   65      0, 0.0     4,-1.2     0, 0.0     3,-1.0   0.713 120.0  72.3 -69.6 -20.6   21.3   17.7  -32.7               
  205  205 A E  H 3> S+     0   0  106     -3,-0.3     4,-2.3     1,-0.2     3,-0.2   0.885  90.6  60.6 -63.7 -33.0   23.5   20.9  -32.6               
  206  206 A L  H <> S+     0   0   44     -3,-0.9     4,-2.3    -4,-0.4    -1,-0.2   0.759 100.1  56.3 -64.2 -23.3   25.1   19.7  -35.9               
  207  207 A E  H <> S+     0   0   15     -3,-1.0     4,-1.9    -4,-0.4    -1,-0.2   0.880 106.9  47.9 -74.4 -37.4   21.6   20.0  -37.5               
  208  208 A K  H  X S+     0   0  117     -4,-1.2     4,-1.8    -3,-0.2    -2,-0.2   0.931 113.6  48.0 -65.4 -44.2   21.4   23.7  -36.4               
  209  209 A V  H  X S+     0   0   72     -4,-2.3     4,-3.0     1,-0.2     5,-0.3   0.949 111.7  49.7 -60.3 -47.7   24.9   24.3  -37.8               
  210  210 A A  H  X S+     0   0    5     -4,-2.3     4,-1.3     1,-0.2    -1,-0.2   0.820 108.9  53.3 -63.5 -32.2   23.9   22.5  -41.1               
  211  211 A M  H  < S+     0   0   54     -4,-1.9     4,-0.4     2,-0.2    -1,-0.2   0.879 116.2  38.7 -65.2 -39.7   20.7   24.6  -41.4               
  212  212 A E  H >< S+     0   0  116     -4,-1.8     3,-0.5    -3,-0.3     4,-0.2   0.919 118.5  46.1 -79.6 -42.7   22.8   27.9  -41.0               
  213  213 A D  H 3< S+     0   0  110     -4,-3.0     3,-0.2     1,-0.2    -3,-0.2   0.781 121.3  36.8 -69.8 -31.7   25.8   26.9  -43.2               
  214  214 A Y  T >< S+     0   0   93     -4,-1.3     3,-2.1    -5,-0.3     6,-0.3   0.320  77.7 112.5-110.8  10.3   23.8   25.4  -46.1               
  215  215 A K  T <  S+     0   0  106     -3,-0.5    -1,-0.1    -4,-0.4    -2,-0.1   0.791  85.4  43.8 -51.3 -35.3   20.7   27.8  -46.2               
  216  216 A D  T 3  S+     0   0  146     -4,-0.2    -1,-0.3    -3,-0.2    -2,-0.1   0.396  95.4  95.3 -90.7  -1.0   21.9   29.2  -49.7               
  217  217 A N    X>  -     0   0   63     -3,-2.1     3,-2.4     1,-0.1     4,-0.5  -0.828  62.5-154.5-100.9 114.3   22.7   25.6  -51.1               
  218  218 A P  T 34 S+     0   0  116      0, 0.0     3,-0.4     0, 0.0     4,-0.2   0.727  93.4  66.6 -63.1 -19.8   19.9   24.0  -53.1               
  219  219 A A  T 34 S+     0   0   43      1,-0.2     3,-0.1     2,-0.1   -28,-0.1   0.686 110.6  36.4 -68.3 -17.8   21.2   20.5  -52.3               
  220  220 A F  T X4 S+     0   0   29     -3,-2.4     3,-2.6    -6,-0.3     4,-0.3   0.335  79.0 112.0-117.4   2.4   20.2   21.2  -48.6               
  221  221 A A  G >X  +     0   0   54     -4,-0.5     3,-1.3    -3,-0.4     4,-0.9   0.744  66.3  74.5 -53.2 -24.5   17.0   23.2  -49.1               
  222  222 A F  G 34 S+     0   0   13      1,-0.2    -1,-0.3    -4,-0.2     6,-0.2   0.674  81.0  69.4 -62.6 -19.8   15.1   20.2  -47.6               
  223  223 A L  G <4 S+     0   0    3     -3,-2.6    -1,-0.2     1,-0.2    -2,-0.2   0.804 101.5  46.2 -68.0 -27.2   16.3   21.2  -44.0               
  224  224 A H  T <4 S+     0   0   94     -3,-1.3     2,-1.1    -4,-0.3    -2,-0.2   0.761  99.5  71.1 -90.2 -27.1   14.1   24.3  -44.1               
  225  225 A D    ><  -     0   0   83     -4,-0.9     3,-1.8     1,-0.1     6,-0.3  -0.735  59.9-174.8 -91.2  94.1   10.9   22.5  -45.4               
  226  226 A K  T 3  S+     0   0  147     -2,-1.1    -1,-0.1     1,-0.3    -4,-0.0   0.601  85.8  52.9 -61.5 -12.0    9.7   20.4  -42.4               
  227  227 A N  T 3  S+     0   0  143      4,-0.1    -1,-0.3    -3,-0.1    -2,-0.0   0.449  83.2 117.1-103.8  -4.4    7.0   19.0  -44.7               
  228  228 A S  S <> S-     0   0   12     -3,-1.8     4,-2.1    -6,-0.2     5,-0.2  -0.259  71.9-127.0 -64.0 148.1    9.3   17.9  -47.6               
  229  229 A R  H  > S+     0   0  105      1,-0.2     4,-1.5     2,-0.2    -1,-0.1   0.849 113.5  52.9 -61.1 -34.3    9.6   14.1  -48.5               
  230  230 A E  H  > S+     0   0   51      2,-0.2     4,-2.5     1,-0.2    -1,-0.2   0.878 106.2  51.2 -71.8 -42.2   13.4   14.5  -48.1               
  231  231 A F  H  > S+     0   0   12     -6,-0.3     4,-2.8     2,-0.2     5,-0.2   0.926 111.0  48.3 -62.4 -45.2   13.1   16.1  -44.5               
  232  232 A L  H  X S+     0   0   43     -4,-2.1     4,-1.8     1,-0.2    -2,-0.2   0.873 113.6  47.4 -64.8 -36.6   10.9   13.2  -43.4               
  233  233 A Y  H  X S+     0   0   23     -4,-1.5     4,-2.0    -5,-0.2    -2,-0.2   0.895 112.0  51.5 -68.8 -38.7   13.4   10.7  -44.9               
  234  234 A Y  H  X S+     0   0    0     -4,-2.5     4,-2.2     2,-0.2    -2,-0.2   0.965 109.8  47.0 -61.6 -54.8   16.3   12.6  -43.2               
  235  235 A R  H  X S+     0   0   54     -4,-2.8     4,-2.2     1,-0.2     5,-0.2   0.931 114.2  48.8 -52.2 -50.4   14.6   12.6  -39.6               
  236  236 A K  H  X S+     0   0   43     -4,-1.8     4,-2.4     1,-0.2    -1,-0.2   0.859 109.8  51.9 -57.9 -40.0   13.9    8.8  -40.1               
  237  237 A K  H  X S+     0   0   30     -4,-2.0     4,-2.0     2,-0.2    -1,-0.2   0.870 107.8  51.4 -70.2 -35.7   17.5    8.1  -41.2               
  238  238 A V  H  X S+     0   0    6     -4,-2.2     4,-2.6     2,-0.2    -2,-0.2   0.956 112.8  46.1 -61.3 -49.1   18.9    9.9  -38.1               
  239  239 A A  H  X S+     0   0    2     -4,-2.2     4,-2.7     1,-0.2    -2,-0.2   0.908 111.7  51.8 -60.8 -42.6   16.7    7.8  -35.8               
  240  240 A E  H  X S+     0   0   84     -4,-2.4     4,-1.8     2,-0.2    -1,-0.2   0.899 112.8  44.9 -60.3 -41.9   17.7    4.6  -37.7               
  241  241 A I  H  X S+     0   0   42     -4,-2.0     4,-2.2     2,-0.2    -2,-0.2   0.918 113.3  49.5 -73.2 -41.5   21.4    5.3  -37.3               
  242  242 A R  H  X S+     0   0   38     -4,-2.6     4,-2.8     2,-0.2     5,-0.2   0.935 111.8  49.6 -61.6 -42.9   21.0    6.3  -33.6               
  243  243 A K  H  X S+     0   0   60     -4,-2.7     4,-2.4     1,-0.2    -2,-0.2   0.874 111.6  47.7 -66.0 -37.1   19.1    3.0  -32.9               
  244  244 A E  H  X S+     0   0   94     -4,-1.8     4,-1.9    -5,-0.2    -1,-0.2   0.868 112.3  50.3 -71.9 -32.0   21.7    0.9  -34.7               
  245  245 A A  H  X S+     0   0   50     -4,-2.2     4,-2.5     2,-0.2    -2,-0.2   0.963 112.9  45.3 -66.6 -49.1   24.5    2.7  -32.7               
  246  246 A Q  H  X S+     0   0   81     -4,-2.8     4,-3.1     1,-0.2     5,-0.2   0.932 113.5  51.1 -56.1 -47.2   22.6    2.0  -29.4               
  247  247 A K  H  X S+     0   0  119     -4,-2.4     4,-1.2     2,-0.2    -1,-0.2   0.847 109.8  50.3 -60.6 -35.8   22.0   -1.6  -30.5               
  248  248 A S  H  X S+     0   0   62     -4,-1.9     4,-2.0     2,-0.2    -2,-0.2   0.934 113.4  44.2 -69.3 -45.2   25.8   -1.9  -31.3               
  249  249 A Q  H  X S+     0   0  136     -4,-2.5     4,-1.4     1,-0.2    -2,-0.2   0.946 113.8  50.7 -62.5 -46.4   26.8   -0.6  -27.8               
  250  250 A A  H  < S+     0   0   53     -4,-3.1    -1,-0.2     1,-0.2    -2,-0.2   0.743 108.8  53.0 -65.5 -25.5   24.1   -2.8  -26.1               
  251  251 A A  H >< S+     0   0   60     -4,-1.2     3,-1.3    -5,-0.2    -1,-0.2   0.930 108.3  49.2 -71.9 -45.3   25.5   -5.8  -28.1               
  252  252 A S  H 3< S+     0   0  111     -4,-2.0    -2,-0.2     1,-0.2    -1,-0.2   0.710 106.6  57.5 -67.5 -21.7   29.1   -5.2  -26.8               
  253  253 A Q  T 3< S+     0   0  157     -4,-1.4     2,-1.2    -5,-0.1    -1,-0.2   0.452  74.4 113.6 -88.4  -0.7   27.9   -4.9  -23.2               
  254  254 A K    <   -     0   0  154     -3,-1.3     2,-0.2    -4,-0.2    -3,-0.0  -0.605  66.1-140.8 -73.4 100.5   26.3   -8.4  -23.1               
  255  255 A V        -     0   0   45     -2,-1.2    -2,-0.1     1,-0.1    -1,-0.0  -0.423  20.2-114.2 -60.5 124.9   28.4  -10.2  -20.6               
  256  256 A S        -     0   0   85     -2,-0.2    52,-0.1     1,-0.1    -1,-0.1  -0.328  40.4 -93.0 -54.7 143.1   29.1  -13.8  -21.7               
  257  257 A P        -     0   0   81      0, 0.0    -1,-0.1     0, 0.0    48,-0.1  -0.303  51.7 -93.8 -52.9 142.7   27.6  -16.5  -19.4               
  258  258 A P        -     0   0    9      0, 0.0     6,-0.1     0, 0.0    45,-0.0  -0.348  26.8-127.9 -54.9 141.0   30.0  -17.7  -16.7               
  259  259 A E  S    S+     0   0  200      1,-0.1     2,-1.0    -3,-0.1     3,-0.1   0.852  95.9  79.6 -61.2 -33.1   32.0  -20.8  -17.7               
  260  260 A D     >  -     0   0  109      1,-0.2     4,-2.5     2,-0.0     5,-0.2  -0.638  65.9-164.8 -78.9 103.7   30.8  -22.4  -14.4               
  261  261 A E  H  > S+     0   0  104     -2,-1.0     4,-2.4     1,-0.2    -1,-0.2   0.804  90.7  58.0 -55.5 -29.4   27.2  -23.6  -14.9               
  262  262 A E  H  > S+     0   0  159      2,-0.2     4,-2.5     3,-0.2    -1,-0.2   0.967 107.8  43.4 -66.7 -50.0   27.0  -23.9  -11.1               
  263  263 A V  H  > S+     0   0   35      2,-0.2     4,-3.0     1,-0.2     5,-0.2   0.925 115.3  50.9 -59.7 -45.1   27.9  -20.2  -10.5               
  264  264 A K  H  X S+     0   0   44     -4,-2.5     4,-2.3     1,-0.2    -2,-0.2   0.921 112.3  45.8 -57.4 -47.6   25.5  -19.3  -13.4               
  265  265 A N  H  X S+     0   0   72     -4,-2.4     4,-1.9     2,-0.2    -2,-0.2   0.847 114.6  47.5 -66.3 -38.1   22.6  -21.4  -11.8               
  266  266 A L  H  X S+     0   0   45     -4,-2.5     4,-2.7     2,-0.2     5,-0.2   0.943 112.5  49.2 -69.3 -45.9   23.3  -19.9   -8.3               
  267  267 A A  H  X S+     0   0    0     -4,-3.0     4,-2.7     1,-0.2    -2,-0.2   0.914 113.6  47.4 -55.6 -46.0   23.4  -16.3   -9.6               
  268  268 A E  H  X S+     0   0   40     -4,-2.3     4,-1.6    -5,-0.2    -1,-0.2   0.847 113.5  46.6 -68.3 -37.4   20.1  -17.0  -11.5               
  269  269 A K  H  X S+     0   0  132     -4,-1.9     4,-2.4     2,-0.2    -2,-0.2   0.923 116.4  44.8 -68.4 -43.6   18.3  -18.6   -8.5               
  270  270 A L  H  X S+     0   0   16     -4,-2.7     4,-2.6     2,-0.2     5,-0.3   0.906 110.0  54.4 -69.9 -40.8   19.5  -15.7   -6.2               
  271  271 A A  H  X S+     0   0    0     -4,-2.7     4,-2.2    -5,-0.2    -1,-0.2   0.896 111.8  45.7 -58.8 -42.2   18.6  -13.0   -8.7               
  272  272 A R  H  X S+     0   0  102     -4,-1.6     4,-1.8     2,-0.2    -2,-0.2   0.961 112.9  49.8 -62.0 -51.1   15.0  -14.5   -8.9               
  273  273 A F  H  X S+     0   0  133     -4,-2.4     4,-2.7     2,-0.2    -2,-0.2   0.856 114.7  43.7 -60.4 -37.7   14.8  -14.7   -5.0               
  274  274 A I  H  X S+     0   0    5     -4,-2.6     4,-2.2     2,-0.2     7,-0.2   0.892 111.6  52.3 -77.7 -39.0   15.9  -11.1   -4.5               
  275  275 A A  H  < S+     0   0   17     -4,-2.2    -2,-0.2    -5,-0.3    -1,-0.2   0.804 116.4  44.5 -62.5 -25.7   13.7   -9.7   -7.3               
  276  276 A D  H  < S+     0   0  113     -4,-1.8    -2,-0.2    -5,-0.2    -1,-0.2   0.930 121.4  34.3 -81.4 -46.5   10.9  -11.6   -5.5               
  277  277 A G  H  < S-     0   0   45     -4,-2.7     3,-0.3     1,-0.2    -2,-0.2   0.588 105.8-131.6 -85.2 -14.7   11.7  -10.6   -1.8               
  278  278 A G    >X  -     0   0   24     -4,-2.2     3,-1.4     1,-0.2     4,-0.9  -0.242  45.3 -44.4  84.6-177.6   13.0   -7.0   -2.6               
  279  279 A P  H 3> S+     0   0  103      0, 0.0     4,-1.8     0, 0.0    -1,-0.2   0.765 129.5  65.3 -66.0 -24.6   16.2   -5.1   -1.5               
  280  280 A E  H 3> S+     0   0  150     -3,-0.3     4,-1.9     1,-0.2    -2,-0.1   0.836 101.5  51.9 -62.4 -30.4   15.9   -6.3    2.2               
  281  281 A V  H <> S+     0   0   29     -3,-1.4     4,-2.4    -7,-0.2    -1,-0.2   0.804 103.4  57.8 -79.5 -24.9   16.5   -9.8    0.9               
  282  282 A E  H  X S+     0   0   37     -4,-0.9     4,-2.6    -8,-0.2    -2,-0.2   0.947 109.6  44.3 -64.8 -45.2   19.6   -8.6   -1.0               
  283  283 A T  H  X S+     0   0   91     -4,-1.8     4,-1.1     2,-0.2    -2,-0.2   0.930 115.4  47.3 -67.7 -42.1   21.1   -7.4    2.4               
  284  284 A I  H  X S+     0   0  107     -4,-1.9     4,-2.8     2,-0.2     3,-0.5   0.924 114.7  46.9 -63.0 -44.3   20.1  -10.6    4.2               
  285  285 A A  H  X S+     0   0   10     -4,-2.4     4,-1.8     1,-0.2    -2,-0.2   0.914 111.2  51.4 -64.5 -41.7   21.5  -12.8    1.4               
  286  286 A L  H  < S+     0   0   55     -4,-2.6    -1,-0.2     1,-0.2    -2,-0.2   0.650 116.4  42.3 -68.9 -18.7   24.8  -10.7    1.3               
  287  287 A Q  H >< S+     0   0  151     -4,-1.1     3,-1.0    -3,-0.5    -2,-0.2   0.879 115.9  44.9 -88.9 -47.9   25.1  -11.2    5.1               
  288  288 A N  H 3< S+     0   0  130     -4,-2.8     3,-0.4     1,-0.2    -2,-0.2   0.745 111.6  51.1 -73.1 -26.9   24.1  -14.9    5.5               
  289  289 A N  T >< S+     0   0   27     -4,-1.8     3,-1.3    -5,-0.2     6,-0.3   0.348  75.0 106.2 -95.2   8.9   26.2  -16.3    2.5               
  290  290 A R  T <  S+     0   0  186     -3,-1.0    -1,-0.2     1,-0.3    -2,-0.1   0.775  86.9  40.3 -57.8 -33.1   29.6  -14.6    3.5               
  291  291 A E  T 3  S+     0   0  198     -3,-0.4     2,-0.8     1,-0.0    -1,-0.3   0.438  94.2  97.8 -95.0  -4.5   31.1  -18.0    4.7               
  292  292 A N    X   -     0   0   73     -3,-1.3     3,-2.4     1,-0.2     4,-0.1  -0.768  59.0-159.6 -95.5 105.7   29.6  -20.0    1.7               
  293  293 A Q  G >  S+     0   0  172     -2,-0.8     3,-1.8     1,-0.3     4,-0.3   0.771  88.1  70.1 -53.2 -30.2   32.3  -20.4   -1.0               
  294  294 A A  G 3  S+     0   0   43      1,-0.3    -1,-0.3     2,-0.1     3,-0.2   0.657 103.3  44.1 -64.1 -15.9   29.5  -21.1   -3.6               
  295  295 A F  G X  S+     0   0   27     -3,-2.4     3,-2.3    -6,-0.3     4,-0.4   0.165  74.0 116.9-113.6  15.7   28.5  -17.4   -3.3               
  296  296 A S  G X>  +     0   0   51     -3,-1.8     3,-2.1     1,-0.3     4,-0.5   0.870  66.7  70.5 -49.2 -38.2   32.1  -15.9   -3.4               
  297  297 A F  G 34 S+     0   0    5      1,-0.3     3,-0.3    -4,-0.3    -1,-0.3   0.656  87.1  63.7 -58.1 -20.0   31.0  -14.2   -6.7               
  298  298 A L  G <4 S+     0   0   11     -3,-2.3    -1,-0.3     1,-0.2    -2,-0.2   0.743 106.0  44.4 -74.3 -21.4   28.7  -11.8   -4.7               
  299  299 A Y  T <4 S+     0   0   86     -3,-2.1    -2,-0.2    -4,-0.4    -1,-0.2   0.415 102.5  72.1-102.3  -0.6   31.8  -10.3   -2.9               
  300  300 A E    ><  -     0   0  110     -4,-0.5     3,-2.0    -3,-0.3     6,-0.4  -0.808  59.4-174.3-115.9  88.9   34.0  -10.1   -6.1               
  301  301 A P  T 3  S+     0   0   82      0, 0.0    -1,-0.1     0, 0.0     6,-0.1   0.709  85.2  54.9 -58.7 -22.2   32.6   -7.1   -8.3               
  302  302 A N  T 3  S+     0   0  142      4,-0.1    -5,-0.1     5,-0.0    -2,-0.0   0.653  86.2 106.3 -84.3 -17.5   35.0   -8.0  -11.1               
  303  303 A S  S <> S-     0   0   22     -3,-2.0     4,-1.7    -6,-0.2     5,-0.1  -0.189  76.3-127.7 -63.6 150.9   33.8  -11.7  -11.4               
  304  304 A Q  H  > S+     0   0   98      1,-0.2     4,-2.6     2,-0.2     5,-0.2   0.890 111.3  59.5 -65.3 -34.6   31.7  -12.9  -14.3               
  305  305 A G  H  > S+     0   0    4      2,-0.2     4,-2.7     1,-0.2    -1,-0.2   0.918 104.6  48.2 -58.7 -45.5   29.3  -14.4  -11.7               
  306  306 A Y  H  > S+     0   0   60     -6,-0.4     4,-2.8     2,-0.2     5,-0.2   0.935 113.5  46.6 -59.9 -48.8   28.7  -10.9  -10.1               
  307  307 A K  H  X S+     0   0   83     -4,-1.7     4,-2.4     2,-0.2    -2,-0.2   0.924 114.8  46.5 -62.7 -44.5   28.0   -9.2  -13.5               
  308  308 A Y  H  X S+     0   0   19     -4,-2.6     4,-2.6     2,-0.2    -2,-0.2   0.907 112.4  51.1 -65.1 -42.3   25.7  -12.0  -14.6               
  309  309 A Y  H  X S+     0   0    1     -4,-2.7     4,-2.7    -5,-0.2    -2,-0.2   0.948 112.0  46.3 -57.4 -51.2   23.9  -11.9  -11.2               
  310  310 A R  H  X S+     0   0  113     -4,-2.8     4,-2.0     2,-0.2    -2,-0.2   0.901 113.5  49.4 -62.5 -41.6   23.4   -8.1  -11.4               
  311  311 A Q  H  X S+     0   0   72     -4,-2.4     4,-2.2    -5,-0.2    -1,-0.2   0.924 114.1  45.2 -61.0 -46.5   22.2   -8.4  -15.1               
  312  312 A K  H  X S+     0   0   28     -4,-2.6     4,-2.6     2,-0.2    -2,-0.2   0.868 109.1  55.4 -68.8 -36.5   19.7  -11.2  -14.1               
  313  313 A L  H  X S+     0   0   20     -4,-2.7     4,-2.4     2,-0.2    -1,-0.2   0.936 111.9  43.9 -60.3 -45.0   18.4   -9.3  -11.0               
  314  314 A E  H  X S+     0   0   59     -4,-2.0     4,-2.7     2,-0.2     5,-0.2   0.886 110.9  55.0 -69.0 -36.7   17.6   -6.3  -13.3               
  315  315 A E  H  X S+     0   0   86     -4,-2.2     4,-2.3     2,-0.2    -2,-0.2   0.947 113.3  41.5 -58.0 -48.1   16.0   -8.7  -15.9               
  316  316 A F  H  X S+     0   0   39     -4,-2.6     4,-2.3     2,-0.2    -2,-0.2   0.876 113.0  54.1 -70.3 -34.8   13.7  -10.1  -13.2               
  317  317 A R  H  X S+     0   0  148     -4,-2.4     4,-2.2    -5,-0.2    -2,-0.2   0.935 112.7  43.5 -63.5 -43.9   13.0   -6.6  -11.7               
  318  318 A K  H  X S+     0   0  134     -4,-2.7     4,-2.3     2,-0.2     5,-0.2   0.889 113.1  51.8 -68.6 -38.8   11.9   -5.3  -15.2               
  319  319 A A  H  X S+     0   0   50     -4,-2.3     4,-2.2    -5,-0.2    -2,-0.2   0.882 111.7  47.9 -62.8 -37.2    9.9   -8.5  -15.8               
  320  320 A K  H  X S+     0   0   82     -4,-2.3     4,-2.2     2,-0.2    -2,-0.2   0.904 110.6  50.4 -72.2 -40.2    8.1   -8.0  -12.4               
  321  321 A A  H  X S+     0   0   69     -4,-2.2     4,-1.2     2,-0.2    -2,-0.2   0.964 115.6  42.1 -59.6 -51.5    7.4   -4.3  -13.1               
  322  322 A S  H  < S+     0   0   80     -4,-2.3     3,-0.3     1,-0.2     4,-0.3   0.895 114.6  51.0 -65.2 -40.1    5.8   -5.1  -16.6               
  323  323 A S  H >< S+     0   0   67     -4,-2.2     3,-1.2    -5,-0.2    -1,-0.2   0.895 107.2  54.0 -64.4 -37.6    3.9   -8.2  -15.2               
  324  324 A T  H 3< S+     0   0  105     -4,-2.2     3,-0.4     1,-0.2    -1,-0.2   0.802 102.9  59.0 -69.3 -25.4    2.4   -6.1  -12.3               
  325  325 A G  T 3< S+     0   0   70     -4,-1.2    -1,-0.2    -3,-0.3    -2,-0.2   0.511  95.2  66.8 -77.1  -7.1    1.1   -3.5  -14.9               
  326  326 A S    <   +     0   0   72     -3,-1.2    -1,-0.2    -4,-0.3    -2,-0.1  -0.142  48.0 121.8-125.4  43.0   -1.1   -6.0  -16.8               
  327  327 A F        +     0   0  186     -3,-0.4     2,-0.4     2,-0.0    -1,-0.1  -0.048  61.8  81.5 -96.5  36.6   -4.1   -7.4  -14.7               
  328  328 A T  S    S-     0   0  137     -3,-0.1    -3,-0.0     0, 0.0     0, 0.0  -0.980  85.2-131.2-121.4 129.1   -6.6   -6.1  -17.2               
  329  329 A A        +     0   0   87     -2,-0.4    -2,-0.0     1,-0.1     2,-0.0  -0.877  34.7  36.8-151.8 174.8   -6.7   -8.7  -20.0               
  330  330 A P        +     0   0  117      0, 0.0    -1,-0.1     0, 0.0    -3,-0.0   0.702  39.2  77.0-128.1 174.3   -6.8  -10.5  -22.5               
  331  331 A D        -     0   0  147     -2,-0.0     2,-1.0     0, 0.0     0, 0.0  -0.129  28.1-162.8-168.9 119.9   -5.9  -11.6  -25.9               
  332  332 A P        -     0   0   94      0, 0.0     2,-2.7     0, 0.0     0, 0.0  -0.709  19.2-145.8 -84.5 103.5   -2.7  -13.4  -27.0               
  333  333 A G        -     0   0   73     -2,-1.0     2,-0.6     1,-0.1     0, 0.0  -0.273  22.5-173.6 -66.5  63.1   -2.5  -13.0  -30.9               
  334  334 A L        -     0   0  151     -2,-2.7     2,-1.3     1,-0.1    -1,-0.1  -0.457  20.7-137.2 -64.7 110.0   -0.9  -16.4  -31.7               
  335  335 A K        -     0   0  206     -2,-0.6     2,-0.2     1,-0.0    -1,-0.1  -0.554  21.6-138.9 -69.6  97.5   -0.0  -16.6  -35.4               
  336  336 A R        -     0   0  249     -2,-1.3     2,-0.4     1,-0.0    -1,-0.0  -0.371  19.0-170.4 -51.0 124.5   -1.1  -20.1  -36.4               
  337  337 A K        -     0   0  193     -2,-0.2    -2,-0.0     1,-0.0    -1,-0.0  -0.999  42.6 -79.0-119.5 119.6    1.3  -22.0  -38.7               
  338  338 A S        -     0   0   96     -2,-0.4    -1,-0.0     1,-0.1     0, 0.0   0.330  32.2-143.2  -2.7 118.9   -0.0  -25.3  -40.1               
  339  339 A P        -     0   0  119      0, 0.0     2,-0.1     0, 0.0    -1,-0.1  -0.537  36.0-104.8 -74.6 160.0   -0.2  -28.7  -38.3               
  340  340 A P        -     0   0  127      0, 0.0     2,-0.3     0, 0.0     0, 0.0  -0.407  33.2 -99.7 -83.5 164.7    0.6  -31.7  -40.6               
  341  341 A E        +     0   0  197     -2,-0.1     2,-0.0     1,-0.0     0, 0.0  -0.626  43.0 152.8 -78.4 139.0   -1.9  -34.3  -42.1               
  342  342 A A        -     0   0   91     -2,-0.3    -1,-0.0     2,-0.0     0, 0.0  -0.234  35.0-102.1-169.9 102.5   -2.7  -37.8  -40.9               
  343  343 A L        +     0   0  167     -2,-0.0     0, 0.0     0, 0.0     0, 0.0   0.842  42.7  92.2  51.3 129.6   -5.8  -39.9  -41.3               
  344  344 A S        +     0   0  127      2,-0.0    -2,-0.0     0, 0.0     0, 0.0   0.768  21.1 120.4  70.3 138.2   -9.1  -41.3  -39.7               
  345  345 A G        -     0   0   71      0, 0.0     2,-0.0     0, 0.0     0, 0.0   0.689  25.5-144.5 167.5 172.5  -12.1  -41.3  -39.0               
  346  346 A S        -     0   0  128      2,-0.0    -2,-0.0     0, 0.0     0, 0.0   0.090  27.5-130.4  83.0 160.2  -15.9  -42.2  -38.5               
  347  347 A L        -     0   0  161      1,-0.2     0, 0.0     2,-0.0     0, 0.0  -0.757  12.6-144.3-141.7 167.5  -19.2  -40.3  -38.4               
  348  348 A P        -     0   0  109      0, 0.0    -1,-0.2     0, 0.0    -2,-0.0   0.248   8.5-150.1 -91.0-146.2  -22.7  -39.7  -36.5               
  349  349 A P        -     0   0  115      0, 0.0    -2,-0.0     0, 0.0     0, 0.0   0.667   3.9 -71.6-146.4-171.0  -25.9  -39.0  -36.2               
  350  350 A A        +     0   0   89      1,-0.1     2,-0.2     2,-0.0     0, 0.0   0.953   9.1 169.0  86.5 126.9  -29.5  -37.9  -35.3               
  351  351 A T        -     0   0  138      0, 0.0    -1,-0.1     0, 0.0     0, 0.0  -0.542  39.2 -79.3 176.6 151.8  -32.9  -37.8  -33.6               
  352  352 A T        -     0   0  120     -2,-0.2    -2,-0.0     1,-0.1     0, 0.0   0.393  16.7-156.7-163.8 142.5  -35.5  -35.5  -33.6               
  353  353 A C        +     0   0  122      2,-0.0     2,-0.3     0, 0.0    -1,-0.1  -0.717  10.5 171.9-101.3 156.2  -37.9  -32.5  -32.9               
  354  354 A P        -     0   0  134      0, 0.0     2,-0.3     0, 0.0     0, 0.0  -0.948  11.7-160.4-143.4 177.3  -41.4  -31.4  -33.0               
  355  355 A A        -     0   0   97     -2,-0.3     2,-0.2     2,-0.0    -2,-0.0  -0.976   4.1-166.6-142.1 153.4  -43.4  -28.3  -31.8               
  356  356 A S        -     0   0  116     -2,-0.3     2,-0.1     2,-0.0     0, 0.0  -0.879  13.0-105.4-174.5 164.1  -47.0  -27.0  -30.9               
  357  357 A S        -     0   0   89     -2,-0.2    -2,-0.0     0, 0.0     0, 0.0  -0.485  11.0 -91.1-179.9 105.9  -49.1  -24.4  -30.3               
  358  358 A T        +     0   0  139     -2,-0.1     2,-0.0     1,-0.0    -2,-0.0   0.301  10.5 162.9  59.3-178.5  -51.4  -21.5  -28.9               
  359  359 A P        +     0   0  125      0, 0.0    -1,-0.0     0, 0.0     0, 0.0   0.727   6.3 158.7-124.6-168.4  -54.0  -19.9  -27.9               
  360  360 A A        -     0   0   92     -2,-0.0     2,-0.2     0, 0.0     0, 0.0  -0.959  26.1-114.1-142.4 162.8  -55.4  -16.9  -25.9               
  361  361 A P        -     0   0  119      0, 0.0     0, 0.0     0, 0.0     0, 0.0  -0.789  21.9-121.2-120.1 179.5  -58.5  -14.6  -25.5               
  362  362 A T        +     0   0  123     -2,-0.2     0, 0.0     0, 0.0     0, 0.0   0.857  22.6 159.3-169.9-178.2  -59.9  -11.4  -25.8               
  363  363 A I        -     0   0  150      0, 0.0     0, 0.0     0, 0.0     0, 0.0   0.698  43.4 -12.1  76.6 132.5  -61.7   -7.9  -25.1               
  364  364 A I        +     0   0  153      1,-0.1     2,-0.1     0, 0.0     0, 0.0   0.824  34.3 143.5-152.4 162.1  -62.0   -4.8  -26.3               
  365  365 A P        -     0   0  116      0, 0.0    -1,-0.1     0, 0.0     0, 0.0  -0.459  10.2-172.2-127.3-165.7  -61.1   -1.7  -28.5               
  366  366 A A        +     0   0   88     -2,-0.1     0, 0.0     0, 0.0     0, 0.0   0.067  16.5  76.8 114.9 162.5  -62.1    1.4  -30.6               
  367  367 A P        -     0   0  122      0, 0.0     0, 0.0     0, 0.0     0, 0.0   0.476  23.2-132.4-143.9 179.6  -61.5    3.9  -32.6               
  368  368 A A        +     0   0   95      1,-0.0     0, 0.0     0, 0.0     0, 0.0   0.997  30.5 114.7  82.1 109.9  -60.7    6.2  -35.6               
  369  369 A A        +     0   0  105      2,-0.0     2,-0.3     0, 0.0    -1,-0.0  -0.288  29.1 171.3-170.7 116.9  -59.1    8.8  -37.7               
  370  370 A P        +     0   0  136      0, 0.0     2,-0.3     0, 0.0     0, 0.0  -0.920   6.9 179.0-116.5 146.7  -57.1    8.1  -41.0               
  371  371 A G        -     0   0   81     -2,-0.3    -2,-0.0     0, 0.0     0, 0.0  -0.966  26.1-116.6-139.7 151.4  -55.5   10.4  -43.7               
  372  372 A K        -     0   0  214     -2,-0.3     2,-0.1     1,-0.1     0, 0.0  -0.477  25.5-132.6-103.1 162.7  -53.5    9.4  -46.9               
  373  373 A P        -     0   0  124      0, 0.0     2,-0.3     0, 0.0    -1,-0.1  -0.448   9.8-156.3-111.2 173.2  -49.9   10.2  -48.1               
  374  374 A A        -     0   0   98     -2,-0.1     0, 0.0     1,-0.0     0, 0.0  -0.958  38.8 -39.9-150.3 141.6  -47.5   11.3  -50.9               
  375  375 A S        +     0   0  124     -2,-0.3     2,-0.1     2,-0.0    -1,-0.0   0.627  54.5 110.4  31.3 105.7  -43.8   10.9  -51.9               
  376  376 A A        -     0   0   97      2,-0.0     2,-0.5     0, 0.0    -2,-0.0  -0.411  32.6-155.6-169.9 142.9  -40.4   10.8  -50.7               
  377  377 A A        +     0   0   95     -2,-0.1     2,-0.2     2,-0.0    -2,-0.0  -0.836  28.0 137.0 -98.1 130.7  -37.8    7.9  -50.5               
  378  378 A T        -     0   0  142     -2,-0.5     2,-0.2     0, 0.0    -2,-0.0  -0.877  52.2 -94.5-162.3 152.1  -34.8    7.6  -48.1               
  379  379 A V        -     0   0  130     -2,-0.2     2,-1.3     1,-0.1    -2,-0.0  -0.348  26.2-132.2 -67.1 126.0  -33.4    4.7  -46.1               
  380  380 A K        -     0   0  210     -2,-0.2     2,-0.6     1,-0.0    -1,-0.1  -0.587  26.1-169.4 -70.5  93.4  -34.3    4.2  -42.4               
  381  381 A R        -     0   0  233     -2,-1.3     2,-0.1     3,-0.0    -1,-0.0  -0.787  20.7-129.1 -78.7 121.6  -30.9    3.6  -40.7               
  382  382 A K        -     0   0  205     -2,-0.6     2,-0.9     1,-0.1    -1,-0.0  -0.424  30.1-102.7 -56.4 143.8  -31.5    2.4  -37.1               
  383  383 A R        -     0   0  249     -2,-0.1    -1,-0.1     3,-0.0     3,-0.1  -0.680  40.6-148.1 -69.4 102.8  -29.5    4.5  -34.5               
  384  384 A K        -     0   0  107     -2,-0.9     4,-0.1     1,-0.1    -3,-0.0  -0.392  32.9 -85.1 -60.9 151.3  -26.5    2.1  -33.7               
  385  385 A S        -     0   0   58      3,-0.2    -1,-0.1     1,-0.1     3,-0.1  -0.275  24.9-133.9 -52.3 145.0  -25.2    2.4  -30.1               
  386  386 A R  S    S+     0   0  222      1,-0.2     2,-0.4    -3,-0.1    -1,-0.1   0.560  98.7  57.4 -73.8  -9.3  -22.6    5.2  -29.5               
  387  387 A W  S    S-     0   0  207      1,-0.2    -1,-0.2     0, 0.0    -2,-0.1  -0.970 110.1 -30.7-129.1 110.0  -20.7    2.4  -27.6               
  388  388 A G  S    S-     0   0   53     -2,-0.4     2,-0.8     1,-0.1    -3,-0.2   0.466  75.4 -69.3  78.0 153.6  -19.7   -0.9  -29.4               
  389  389 A P        -     0   0  103      0, 0.0     2,-1.8     0, 0.0     3,-0.1  -0.747  39.2-146.6 -76.0 109.5  -21.0   -3.2  -32.2               
  390  390 A E        +     0   0  160     -2,-0.8     3,-0.1     1,-0.2    -2,-0.0  -0.642  67.9 100.7 -71.4  77.4  -24.2   -4.8  -30.9               
  391  391 A E        +     0   0  147     -2,-1.8     2,-0.3     1,-0.1    -1,-0.2   0.049  42.8  88.0-165.9  51.9  -23.6   -8.1  -32.9               
  392  392 A D        +     0   0  141     -3,-0.1    -1,-0.1     2,-0.1     2,-0.1  -0.923  44.0 176.2-129.2 123.9  -22.2  -11.0  -30.9               
  393  393 A K        -     0   0  192     -2,-0.3     2,-0.2    -3,-0.1    -3,-0.0  -0.455   9.3-171.4-121.3  53.4  -25.1  -12.9  -29.4               
  394  394 A V        -     0   0  106      1,-0.1     2,-1.1    -2,-0.1    -2,-0.1  -0.318  22.3-133.8 -52.9 111.8  -23.3  -15.9  -27.7               
  395  395 A E        -     0   0  179     -2,-0.2    -1,-0.1     3,-0.0    -2,-0.0  -0.646  16.5-147.9 -74.5  95.3  -26.1  -18.2  -26.6               
  396  396 A L        -     0   0  148     -2,-1.1     3,-0.1     1,-0.1    -1,-0.0  -0.563  25.9-111.7 -59.4 128.9  -25.1  -19.1  -23.0               
  397  397 A P        -     0   0  108      0, 0.0     3,-0.1     0, 0.0    -1,-0.1  -0.315  44.3 -87.9 -59.9 148.4  -26.4  -22.7  -22.4               
  398  398 A P        -     0   0  120      0, 0.0     2,-0.8     0, 0.0    -3,-0.0  -0.284  51.5 -92.6 -58.3 144.5  -29.3  -22.9  -19.9               
  399  399 A A        -     0   0  102     -3,-0.1     2,-0.7     1,-0.1    -3,-0.0  -0.457  39.5-139.0 -61.7 102.2  -28.2  -23.1  -16.2               
  400  400 A E        -     0   0  177     -2,-0.8     2,-2.1     1,-0.1    -1,-0.1  -0.574  15.1-136.2 -69.7 107.4  -28.1  -26.9  -15.7               
  401  401 A L        -     0   0  140     -2,-0.7     2,-2.3     1,-0.1    -1,-0.1  -0.467  21.8-168.3 -72.5  76.1  -29.7  -27.1  -12.2               
  402  402 A V        -     0   0   88     -2,-2.1     2,-0.7     2,-0.0    -1,-0.1  -0.496   7.2-179.4 -71.7  78.4  -27.3  -29.7  -10.6               
  403  403 A Q        +     0   0  155     -2,-2.3     2,-0.4     0, 0.0    -2,-0.0  -0.765   6.8 173.8 -59.5 112.9  -29.1  -30.5   -7.5               
  404  404 A R        -     0   0  209     -2,-0.7    -2,-0.0     1,-0.0     0, 0.0  -0.981  29.5-117.0-124.0 135.5  -26.7  -33.1   -6.0               
  405  405 A D        -     0   0  152     -2,-0.4    -1,-0.0     1,-0.1     0, 0.0   0.131  30.5 -70.6 -74.7 176.6  -27.8  -34.1   -2.5               
  406  406 A V  S    S+     0   0  127      1,-0.1    -1,-0.1     0, 0.0     0, 0.0   0.130  76.2  70.1 -52.9 168.3  -26.5  -33.8    1.1               
  407  407 A D        +     0   0  161      1,-0.2     2,-0.3     0, 0.0    -1,-0.1   0.956  43.2 120.9  77.9  74.0  -23.6  -35.5    3.0               
  408  408 A A        -     0   0  104      3,-0.0    -1,-0.2     0, 0.0     3,-0.1  -0.950  52.5-124.2-141.7 137.9  -20.0  -34.9    2.3               
  409  409 A S        -     0   0  101     -2,-0.3     2,-0.3     1,-0.1     0, 0.0  -0.364  31.1 -93.7 -74.0 151.9  -17.6  -33.6    5.2               
  410  410 A P        -     0   0  125      0, 0.0    -1,-0.1     0, 0.0     0, 0.0  -0.439  41.6-130.6 -62.7 121.5  -15.4  -30.4    5.1               
  411  411 A S        -     0   0  112     -2,-0.3     2,-0.0     1,-0.1    -3,-0.0  -0.565  27.9-112.3 -71.9 137.0  -11.9  -31.4    3.9               
  412  412 A P        -     0   0  124      0, 0.0    -1,-0.1     0, 0.0     0, 0.0  -0.278  37.0 -85.3 -72.3 158.9   -9.1  -30.0    6.2               
  413  413 A L        -     0   0  139      1,-0.1     5,-0.0     2,-0.1     2,-0.0  -0.090  55.9 -85.3 -57.4 156.3   -6.5  -27.3    5.2               
  414  414 A S    >>  -     0   0   55      1,-0.1     4,-1.2     3,-0.0     3,-0.9  -0.268  25.3-120.9 -68.0 150.2   -3.3  -28.3    3.4               
  415  415 A V  H 3> S+     0   0  132      1,-0.2     4,-0.5     2,-0.2    -1,-0.1   0.753 116.7  61.4 -58.6 -22.3   -0.1  -29.4    5.1               
  416  416 A Q  H >> S+     0   0  158      2,-0.2     4,-0.8     1,-0.2     3,-0.6   0.868  95.7  58.0 -71.3 -34.7    1.4  -26.3    3.4               
  417  417 A D  H <4 S+     0   0   86     -3,-0.9     3,-0.4     1,-0.3    -2,-0.2   0.877 104.6  50.4 -68.8 -36.6   -0.9  -23.9    5.2               
  418  418 A L  H ><>S+     0   0   99     -4,-1.2     3,-1.2     1,-0.2     5,-1.1   0.750  98.9  68.9 -68.3 -24.1    0.3  -25.1    8.7               
  419  419 A K  H X<5S+     0   0  132     -3,-0.6     3,-1.3    -4,-0.5    -1,-0.2   0.852  89.4  60.6 -70.7 -32.1    4.0  -24.6    7.6               
  420  420 A G  T 3<5S+     0   0   78     -4,-0.8    -1,-0.3    -3,-0.4    -2,-0.1   0.552  98.7  61.0 -68.0  -9.1    3.7  -20.7    7.4               
  421  421 A L  T < 5S-     0   0  133     -3,-1.2    -1,-0.2    -4,-0.2    -2,-0.2   0.171 119.0-101.7-107.9  13.5    2.8  -20.7   11.2               
  422  422 A G  T < 5S+     0   0   71     -3,-1.3     2,-1.4     1,-0.1    -3,-0.1   0.509  73.7 140.8  84.6   8.0    6.1  -22.3   12.5               
  423  423 A Y      < +     0   0  174     -5,-1.1     2,-1.3     1,-0.0    -1,-0.1  -0.481  20.2 171.0 -91.4  71.2    4.7  -25.9   13.1               
  424  424 A E        -     0   0  129     -2,-1.4    -1,-0.0     1,-0.1    -5,-0.0  -0.682  52.6 -61.9 -81.6  93.7    7.5  -28.3   12.0               
  425  425 A K  S    S+     0   0  194     -2,-1.3     2,-0.1     2,-0.0    -1,-0.1   0.754  79.2  95.9  62.2  76.2    6.6  -31.8   12.9               
  426  426 A G        -     0   0   79     -3,-0.1    -2,-0.0     0, 0.0     0, 0.0  -0.515  27.6-179.7 172.6 132.6    6.0  -33.4   16.4               
  427  427 A K        +     0   0  196     -2,-0.1     2,-0.2     2,-0.0    -2,-0.0  -0.964  10.4 163.7-115.5 143.6    3.5  -34.5   19.1               
  428  428 A P        -     0   0  118      0, 0.0     2,-0.1     0, 0.0     0, 0.0  -0.563  32.9-131.0-126.3 138.6    3.1  -35.9   22.1               
  429  429 A V        +     0   0  135     -2,-0.2    -2,-0.0     1,-0.1     0, 0.0  -0.072  51.1 128.6  49.7  90.0    0.3  -35.7   24.1               
  430  430 A G        +     0   0   73      1,-0.3     2,-0.3    -2,-0.1    -1,-0.1   0.526  42.3  70.6 173.9   9.5    1.0  -34.7   27.7               
  431  431 A L        -     0   0  164      0, 0.0     2,-0.5     0, 0.0    -1,-0.3  -0.976  53.6-146.0-146.7 136.4   -0.9  -31.8   29.5               
  432  432 A V        +     0   0  154     -2,-0.3     0, 0.0     2,-0.1     0, 0.0  -0.857  56.8  77.1-100.8 119.8   -4.5  -31.4   30.7               
  433  433 A G  S    S-     0   0   58     -2,-0.5    -1,-0.1     3,-0.0     0, 0.0   0.320  97.1 -45.9 141.5  93.3   -6.3  -28.0   30.5               
  434  434 A V        +     0   0  134      1,-0.1    -2,-0.1     2,-0.1     3,-0.0   0.820  55.6 166.7  47.2  58.4   -7.9  -26.0   27.6               
  435  435 A T        +     0   0  130     -4,-0.1     2,-0.5     1,-0.1    -1,-0.1   0.672  63.7  61.1 -75.1 -16.6   -5.3  -26.3   24.8               
  436  436 A E  S    S-     0   0  142      6,-0.0     2,-0.2     0, 0.0    -1,-0.1  -0.957  72.3-145.2-117.7 121.1   -7.9  -25.0   22.2               
  437  437 A L        -     0   0   78     -2,-0.5     5,-0.0     1,-0.1    -2,-0.0  -0.567  44.1-102.5 -56.9 136.5   -9.7  -21.7   22.2               
  438  438 A S     >  -     0   0   58     -2,-0.2     4,-3.0     1,-0.1     3,-0.4  -0.286  31.6-107.2 -60.7 155.7  -13.2  -22.5   20.8               
  439  439 A D  H  > S+     0   0  120      1,-0.3     4,-2.4     2,-0.2    -1,-0.1   0.843 124.9  55.6 -63.6 -23.9  -13.6  -21.4   17.1               
  440  440 A A  H  > S+     0   0   72      2,-0.2     4,-2.8     3,-0.2    -1,-0.3   0.916 110.8  43.5 -65.7 -43.3  -15.7  -18.5   18.4               
  441  441 A Q  H  > S+     0   0   88     -3,-0.4     4,-2.5     2,-0.2    -2,-0.2   0.896 113.0  51.7 -69.3 -39.9  -12.8  -17.4   20.7               
  442  442 A K  H  X S+     0   0   77     -4,-3.0     4,-1.9     2,-0.2    -2,-0.2   0.936 114.0  45.1 -58.9 -46.0  -10.3  -17.9   17.8               
  443  443 A K  H  X S+     0   0  140     -4,-2.4     4,-2.8    -5,-0.2    -2,-0.2   0.949 112.6  50.1 -60.4 -51.6  -12.6  -15.8   15.6               
  444  444 A Q  H  X S+     0   0  118     -4,-2.8     4,-2.4     1,-0.2    -2,-0.2   0.852 110.8  49.7 -59.9 -38.1  -13.1  -13.1   18.4               
  445  445 A L  H  X S+     0   0  114     -4,-2.5     4,-1.6     2,-0.2    -1,-0.2   0.898 113.6  45.8 -68.2 -39.2   -9.3  -12.9   18.9               
  446  446 A K  H  X S+     0   0  125     -4,-1.9     4,-2.7     2,-0.2    -2,-0.2   0.887 111.4  52.7 -67.4 -38.7   -8.7  -12.5   15.1               
  447  447 A E  H  X S+     0   0   94     -4,-2.8     4,-2.7     2,-0.2    -2,-0.2   0.915 108.9  49.4 -65.4 -40.9  -11.6   -9.9   15.0               
  448  448 A Q  H  X S+     0   0  120     -4,-2.4     4,-2.3     2,-0.2    -1,-0.2   0.885 112.3  49.4 -59.9 -39.6   -9.8   -7.9   17.8               
  449  449 A Q  H  X S+     0   0  115     -4,-1.6     4,-2.4     2,-0.2    -2,-0.2   0.913 111.6  46.6 -69.4 -42.3   -6.6   -8.2   15.7               
  450  450 A E  H  X S+     0   0   78     -4,-2.7     4,-2.5     2,-0.2    -2,-0.2   0.922 113.8  50.5 -64.0 -42.2   -8.3   -6.9   12.5               
  451  451 A M  H  X S+     0   0   85     -4,-2.7     4,-2.7     2,-0.2    -2,-0.2   0.913 111.5  47.2 -57.9 -46.6   -9.9   -4.1   14.6               
  452  452 A Q  H  X S+     0   0  117     -4,-2.3     4,-2.6     2,-0.2     5,-0.2   0.922 112.3  49.1 -68.5 -40.3   -6.5   -3.1   16.1               
  453  453 A Q  H  X S+     0   0   89     -4,-2.4     4,-2.2     2,-0.2    -2,-0.2   0.912 112.8  48.8 -60.6 -42.9   -4.9   -3.2   12.6               
  454  454 A M  H  X S+     0   0   80     -4,-2.5     4,-2.6     2,-0.2    -2,-0.2   0.934 112.5  47.9 -63.1 -46.0   -7.8   -1.0   11.3               
  455  455 A Y  H  X S+     0   0   88     -4,-2.7     4,-2.4     2,-0.2    -2,-0.2   0.941 114.4  44.3 -59.3 -51.0   -7.4    1.5   14.2               
  456  456 A D  H  X S+     0   0   58     -4,-2.6     4,-2.1     1,-0.2    -1,-0.2   0.875 114.2  51.4 -68.8 -30.6   -3.6    1.8   13.9               
  457  457 A M  H  X S+     0   0   17     -4,-2.2     4,-2.4    -5,-0.2    -2,-0.2   0.897 109.9  48.9 -68.2 -40.8   -4.0    2.2   10.1               
  458  458 A I  H  X S+     0   0   87     -4,-2.6     4,-2.7     2,-0.2    -2,-0.2   0.910 112.0  49.8 -64.3 -40.5   -6.7    5.0   10.5               
  459  459 A M  H  X S+     0   0   51     -4,-2.4     4,-2.4     2,-0.2    -2,-0.2   0.891 109.6  50.9 -65.8 -38.7   -4.2    6.7   13.0               
  460  460 A Q  H  X S+     0   0  129     -4,-2.1     4,-3.0     2,-0.2    -2,-0.2   0.935 112.4  46.6 -61.2 -45.4   -1.4    6.3   10.4               
  461  461 A H  H  X S+     0   0   56     -4,-2.4     4,-2.1     2,-0.2    -2,-0.2   0.922 111.1  51.5 -63.6 -43.5   -3.7    7.9    7.7               
  462  462 A K  H  X S+     0   0   70     -4,-2.7     4,-2.3     2,-0.2    -2,-0.2   0.927 114.1  44.5 -58.9 -45.1   -4.7   10.7   10.1               
  463  463 A R  H  X S+     0   0  166     -4,-2.4     4,-3.2     2,-0.2     5,-0.3   0.940 109.9  54.5 -62.9 -47.7   -1.0   11.4   10.8               
  464  464 A A  H  X S+     0   0   32     -4,-3.0     4,-1.1     1,-0.2    -2,-0.2   0.825 112.3  45.0 -59.8 -32.7   -0.1   11.2    7.1               
  465  465 A M  H  X S+     0   0   98     -4,-2.1     4,-2.8     2,-0.2    -1,-0.2   0.890 112.5  50.3 -73.0 -43.9   -2.8   13.9    6.4               
  466  466 A Q  H  X S+     0   0   31     -4,-2.3     4,-2.6     2,-0.2    -2,-0.2   0.938 112.3  47.9 -58.2 -45.4   -1.7   16.1    9.4               
  467  467 A D  H  X S+     0   0   82     -4,-3.2     4,-1.9     2,-0.2    -1,-0.2   0.838 112.2  49.5 -64.7 -35.2    2.0   15.9    8.1               
  468  468 A M  H  X S+     0   0   32     -4,-1.1     4,-2.6    -5,-0.3    -2,-0.2   0.924 111.4  48.5 -69.5 -41.9    0.7   16.8    4.6               
  469  469 A Q  H  X S+     0   0   74     -4,-2.8     4,-3.1     2,-0.2    -2,-0.2   0.894 112.4  49.0 -63.2 -40.6   -1.3   19.8    6.0               
  470  470 A L  H  X S+     0   0   90     -4,-2.6     4,-2.6     2,-0.2    -1,-0.2   0.872 112.0  48.2 -67.0 -37.0    1.9   20.8    7.9               
  471  471 A L  H  X S+     0   0   70     -4,-1.9     4,-2.2     2,-0.2     5,-0.3   0.908 113.6  48.1 -67.2 -40.6    4.0   20.5    4.7               
  472  472 A W  H  X S+     0   0  116     -4,-2.6     4,-2.8     2,-0.2     5,-0.3   0.964 115.8  43.0 -60.8 -53.5    1.3   22.6    2.9               
  473  473 A E  H  X S+     0   0   74     -4,-3.1     4,-2.3     1,-0.2    -2,-0.2   0.913 114.3  52.2 -61.5 -43.9    1.2   25.3    5.6               
  474  474 A K  H  X S+     0   0  129     -4,-2.6     4,-1.3     2,-0.2    -1,-0.2   0.919 117.5  34.8 -58.2 -52.0    5.1   25.3    5.9               
  475  475 A A  H  X S+     0   0    6     -4,-2.2     4,-2.5     2,-0.3    -2,-0.2   0.837 112.5  57.7 -90.5 -20.9    5.8   25.8    2.2               
  476  476 A V  H  X S+     0   0   49     -4,-2.8     4,-0.8    -5,-0.3    -1,-0.2   0.955 110.9  48.5 -54.2 -45.3    2.7   28.1    1.6               
  477  477 A Q  H  < S+     0   0  112     -4,-2.3    -2,-0.3    -5,-0.3     3,-0.2   0.825 111.8  47.3 -66.4 -32.6    4.5   30.1    4.4               
  478  478 A Q  H  < S+     0   0  128     -4,-1.3     3,-0.5     1,-0.2    -1,-0.2   0.855 115.4  45.6 -72.8 -34.7    7.9   29.8    2.5               
  479  479 A H  H >< S+     0   0   93     -4,-2.5     3,-1.8     1,-0.2    -2,-0.2   0.455  78.4 101.6 -93.3   2.2    6.3   30.9   -0.9               
  480  480 A Q  T 3< S+     0   0   96     -4,-0.8    -1,-0.2     1,-0.3    -2,-0.1   0.666  95.7  35.4 -58.5 -18.2    4.2   33.9    0.4               
  481  481 A H  T 3  S+     0   0  176     -3,-0.5     2,-1.0    -4,-0.1    -1,-0.3   0.283  91.2 102.0-117.3   6.2    6.9   36.2   -1.0               
  482  482 A G    <   +     0   0   57     -3,-1.8     2,-0.4     3,-0.0     3,-0.2  -0.491  44.8 142.0 -91.8  58.5    7.8   34.0   -4.1               
  483  483 A Y        +     0   0  214     -2,-1.0    -3,-0.0     1,-0.2    -2,-0.0  -0.822  54.5  17.8 -84.2 145.1    6.0   36.0   -6.8               
  484  484 A D        +     0   0  171     -2,-0.4     2,-0.2     1,-0.1    -1,-0.2   0.921  69.5 117.4  67.7  62.8    7.6   36.4  -10.3               
  485  485 A S        +     0   0  104     -3,-0.2     3,-0.2     1,-0.0    -1,-0.1  -0.766  18.7 163.7-142.6 112.2   10.4   34.1  -11.4               
  486  486 A D        +     0   0  143     -2,-0.2     3,-0.4     1,-0.1    -2,-0.0   0.358  57.6  86.2 -94.4  -2.7    9.5   32.0  -14.4               
  487  487 A E  S    S+     0   0  183      1,-0.2    -1,-0.1     2,-0.0     0, 0.0   0.467  79.8  53.9 -96.9  -0.9   13.1   31.0  -15.3               
  488  488 A E        +     0   0  186     -3,-0.2     2,-1.4     2,-0.1    -1,-0.2  -0.385  57.3 153.4-129.5  54.7   13.8   27.9  -13.1               
  489  489 A V        -     0   0   75     -3,-0.4     2,-0.3     6,-0.1     6,-0.1  -0.692  41.9-141.3 -80.0  92.0   10.9   25.4  -13.9               
  490  490 A D    >>  -     0   0   94     -2,-1.4     4,-2.9     4,-0.2     3,-0.8  -0.405  15.2-140.6 -56.8 112.3   12.7   22.1  -13.1               
  491  491 A S  T 34 S+     0   0   94     -2,-0.3    -1,-0.2     1,-0.3     4,-0.1   0.686  90.9  40.3 -73.2 -21.2   11.3   20.1  -16.0               
  492  492 A E  T 34 S+     0   0  104   -329,-0.1    -1,-0.3     2,-0.1    -2,-0.1   0.694 125.2  34.9 -87.7 -27.3   10.7   16.7  -14.3               
  493  493 A L  T <4 S-     0   0   79     -3,-0.8    -2,-0.2     1,-0.1    -1,-0.1   0.728  90.1-161.2-104.3 -27.4    9.4   18.1  -10.9               
  494  494 A G     <  -     0   0   21     -4,-2.9    -4,-0.2     4,-0.1     5,-0.1  -0.028  45.8 -21.7  65.2-173.5    7.4   21.2  -12.0               
  495  495 A T  S >> S-     0   0   65      1,-0.1     4,-1.9    -6,-0.1     3,-1.5  -0.189  72.6-101.6 -59.8 156.9    6.5   24.1   -9.6               
  496  496 A W  H 3> S+     0   0   55      1,-0.3     4,-2.7     2,-0.2     5,-0.2   0.843 124.1  59.5 -53.9 -32.2    6.3   23.5   -5.9               
  497  497 A E  H 3> S+     0   0  118      2,-0.2     4,-2.0     1,-0.2    -1,-0.3   0.849 106.1  47.8 -62.6 -35.1    2.5   23.3   -6.1               
  498  498 A H  H <> S+     0   0   90     -3,-1.5     4,-2.6     2,-0.2    -2,-0.2   0.927 111.4  49.6 -71.1 -43.4    2.9   20.3   -8.6               
  499  499 A Q  H  X S+     0   0   72     -4,-1.9     4,-2.5     2,-0.2    -2,-0.2   0.926 113.4  47.0 -59.0 -44.9    5.4   18.6   -6.3               
  500  500 A L  H  X S+     0   0   15     -4,-2.7     4,-1.9     2,-0.2    -1,-0.2   0.907 113.3  47.6 -64.1 -43.0    3.0   19.1   -3.3               
  501  501 A R  H  X S+     0   0  118     -4,-2.0     4,-2.4     2,-0.2    -2,-0.2   0.844 110.6  52.7 -69.2 -33.3   -0.0   17.8   -5.4               
  502  502 A R  H  X S+     0   0  141     -4,-2.6     4,-2.9     2,-0.2    -2,-0.2   0.966 110.1  47.9 -62.8 -48.6    2.1   14.8   -6.6               
  503  503 A M  H  X S+     0   0   95     -4,-2.5     4,-2.1     2,-0.2    -2,-0.2   0.833 111.6  50.7 -61.2 -36.2    2.9   14.0   -2.9               
  504  504 A E  H  X S+     0   0   93     -4,-1.9     4,-1.6     2,-0.2    -1,-0.2   0.933 114.4  43.9 -63.0 -47.2   -0.9   14.4   -2.1               
  505  505 A M  H  X S+     0   0  118     -4,-2.4     4,-1.9     2,-0.2    -2,-0.2   0.886 113.4  50.3 -67.0 -40.2   -1.8   11.9   -5.0               
  506  506 A D  H  X S+     0   0   42     -4,-2.9     4,-2.6     2,-0.2     3,-0.2   0.962 111.5  47.6 -68.1 -46.6    1.0    9.4   -4.1               
  507  507 A K  H  X S+     0   0   61     -4,-2.1     4,-1.9     1,-0.2    -1,-0.2   0.852 112.1  51.9 -56.8 -37.1   -0.1    9.3   -0.3               
  508  508 A T  H  X S+     0   0   56     -4,-1.6     4,-2.0     2,-0.2    -1,-0.2   0.862 109.5  49.2 -69.6 -34.4   -3.7    8.8   -1.6               
  509  509 A R  H  X S+     0   0  123     -4,-1.9     4,-2.8    -3,-0.2     5,-0.2   0.959 109.3  50.9 -67.3 -49.9   -2.5    5.9   -3.9               
  510  510 A E  H  X S+     0   0  134     -4,-2.6     4,-2.5     1,-0.2    -2,-0.2   0.897 112.1  48.7 -53.9 -43.8   -0.6    4.2   -0.9               
  511  511 A W  H  X S+     0   0   57     -4,-1.9     4,-2.6    -5,-0.2    -1,-0.2   0.929 112.5  46.7 -62.0 -46.7   -3.8    4.5    1.2               
  512  512 A A  H  X S+     0   0   41     -4,-2.0     4,-2.3     2,-0.2    -2,-0.2   0.879 113.7  48.9 -65.7 -37.4   -6.0    3.1   -1.6               
  513  513 A E  H  X S+     0   0  117     -4,-2.8     4,-2.5     2,-0.2    -2,-0.2   0.914 111.3  49.3 -67.3 -42.0   -3.5    0.2   -2.2               
  514  514 A Q  H  X S+     0   0   66     -4,-2.5     4,-2.4    -5,-0.2     5,-0.2   0.935 112.8  47.1 -64.8 -43.9   -3.4   -0.6    1.6               
  515  515 A L  H  X S+     0   0   64     -4,-2.6     4,-1.6     2,-0.2    -2,-0.2   0.923 113.6  48.6 -59.8 -43.4   -7.2   -0.6    1.7               
  516  516 A T  H  < S+     0   0   86     -4,-2.3     4,-0.4     2,-0.2    -2,-0.2   0.873 110.5  51.5 -65.5 -36.0   -7.3   -2.9   -1.4               
  517  517 A K  H >< S+     0   0  128     -4,-2.5     3,-0.9     2,-0.2    -2,-0.2   0.917 111.9  45.4 -67.1 -43.0   -4.6   -5.2    0.2               
  518  518 A M  H 3< S+     0   0   74     -4,-2.4    -2,-0.2     1,-0.2    -1,-0.2   0.727 110.3  57.6 -69.5 -25.0   -6.8   -5.4    3.4               
  519  519 A G  T >< S+     0   0   23     -4,-1.6     3,-1.7    -5,-0.2    -1,-0.2   0.523  76.8 118.5 -81.0  -8.7   -9.8   -6.0    1.1               
  520  520 A R  T <  S+     0   0  193     -3,-0.9     3,-0.1    -4,-0.4    -3,-0.0  -0.441  83.6  16.4 -64.3 130.0   -8.2   -9.1   -0.6               
  521  521 A G  T 3  S+     0   0   57      1,-0.2     2,-1.2    -2,-0.2    -1,-0.3   0.102  94.0 114.2  87.5 -15.8  -10.4  -12.2    0.1               
  522  522 A K    <   +     0   0   78     -3,-1.7    -1,-0.2     1,-0.2    -3,-0.0  -0.725  31.7 144.7 -84.1  91.1  -13.4   -9.9    1.1               
  523  523 A H        +     0   0  163     -2,-1.2     2,-0.3    -3,-0.1    -1,-0.2   0.563  37.1  88.5-112.1 -16.0  -15.7  -10.9   -1.9               
  524  524 A F  S >  S-     0   0  105     -3,-0.2     3,-2.1     1,-0.1     4,-0.3  -0.673  80.2-127.1 -84.0 141.0  -19.2  -10.9   -0.3               
  525  525 A I  G >  S+     0   0   30     -2,-0.3     3,-1.3     1,-0.3     4,-0.2   0.867 109.8  60.0 -61.9 -30.9  -20.9   -7.5   -0.5               
  526  526 A G  G >  S+     0   0    8      1,-0.2     3,-0.8     2,-0.2    -1,-0.3   0.617  87.5  75.0 -67.7 -13.6  -21.6   -7.7    3.3               
  527  527 A D  G <  S+     0   0   71     -3,-2.1    -1,-0.2     1,-0.2    -2,-0.2   0.617  91.2  56.9 -73.2 -16.2  -17.8   -7.9    3.9               
  528  528 A F  G <  S+     0   0   46     -3,-1.3    -1,-0.2    -4,-0.3    -2,-0.2   0.573  81.8 100.6 -89.1 -14.1  -17.6   -4.1    3.1               
  529  529 A L  S <  S-     0   0   11     -3,-0.8   100,-0.1    -4,-0.2     5,-0.1  -0.651  81.3-118.3 -75.1 121.5  -20.1   -3.1    5.8               
  530  530 A P     >  -     0   0   39      0, 0.0     4,-2.4     0, 0.0     3,-0.3  -0.311  18.0-122.8 -58.0 140.9  -18.3   -1.7    9.0               
  531  531 A P  H  > S+     0   0   58      0, 0.0     4,-2.7     0, 0.0     5,-0.1   0.860 111.9  52.8 -53.3 -37.9  -18.9   -3.8   12.2               
  532  532 A D  H  > S+     0   0  106      2,-0.2     4,-2.6     1,-0.2     5,-0.1   0.890 110.5  45.3 -70.0 -39.7  -20.2   -0.7   14.0               
  533  533 A E  H  > S+     0   0   57     -3,-0.3     4,-2.1     2,-0.2    -1,-0.2   0.858 113.7  52.0 -70.5 -31.3  -22.8    0.2   11.2               
  534  534 A L  H  X S+     0   0   43     -4,-2.4     4,-2.8     2,-0.2    -2,-0.2   0.915 110.8  46.0 -66.8 -44.1  -23.7   -3.6   11.2               
  535  535 A E  H  X S+     0   0  139     -4,-2.7     4,-2.9     2,-0.2     5,-0.3   0.962 113.7  49.3 -64.3 -45.4  -24.3   -3.5   15.0               
  536  536 A K  H  X S+     0   0   92     -4,-2.6     4,-2.1     1,-0.2    -2,-0.2   0.878 114.2  46.8 -58.2 -39.9  -26.3   -0.2   14.7               
  537  537 A F  H  X S+     0   0   13     -4,-2.1     4,-2.3     2,-0.2    -2,-0.2   0.918 114.6  45.3 -67.8 -45.1  -28.4   -1.9   11.8               
  538  538 A M  H  X S+     0   0   72     -4,-2.8     4,-2.4     2,-0.2    -2,-0.2   0.869 115.0  48.0 -69.3 -35.6  -29.0   -5.1   13.7               
  539  539 A E  H  X S+     0   0   74     -4,-2.9     4,-3.0     2,-0.2     5,-0.2   0.912 111.5  49.4 -73.6 -39.6  -29.9   -3.3   17.0               
  540  540 A T  H  X S+     0   0   20     -4,-2.1     4,-2.3    -5,-0.3    -2,-0.2   0.932 113.5  47.8 -62.2 -41.0  -32.3   -0.9   15.1               
  541  541 A F  H  X S+     0   0   24     -4,-2.3     4,-2.2     2,-0.2    -2,-0.2   0.927 114.5  45.5 -64.6 -45.0  -33.9   -4.0   13.4               
  542  542 A K  H  X S+     0   0   89     -4,-2.4     4,-2.6     2,-0.2     5,-0.2   0.953 113.5  49.0 -60.1 -51.9  -34.2   -5.8   16.8               
  543  543 A A  H  X>S+     0   0    1     -4,-3.0     5,-2.1     1,-0.2     4,-1.0   0.916 112.1  49.2 -56.4 -42.9  -35.6   -2.7   18.6               
  544  544 A L  H  <5S+     0   0   41     -4,-2.3    -1,-0.2    -5,-0.2    -2,-0.2   0.872 113.9  45.0 -68.2 -36.6  -38.1   -2.3   15.8               
  545  545 A K  H  <5S+     0   0  117     -4,-2.2    -1,-0.2     1,-0.2    -2,-0.2   0.817 116.8  46.3 -72.5 -32.6  -39.2   -6.0   16.0               
  546  546 A E  H  <5S-     0   0  120     -4,-2.6    -2,-0.2    -5,-0.2    -1,-0.2   0.561 113.5-119.4 -81.2 -12.3  -39.3   -5.8   19.8               
  547  547 A G  T  <5 +     0   0   58     -4,-1.0     2,-0.3     1,-0.3    -3,-0.2   0.642  67.6 138.8  74.0  17.0  -41.3   -2.4   19.7               
  548  548 A R      < -     0   0  131     -5,-2.1    -1,-0.3    -6,-0.2    -2,-0.1  -0.689  65.6-105.8 -82.0 142.6  -38.5   -0.6   21.6               
  549  549 A E        -     0   0  179     -2,-0.3     2,-0.2    -3,-0.1    -1,-0.0  -0.566  47.5-108.7 -61.7 125.0  -37.5    2.9   20.4               
  550  550 A P        -     0   0   27      0, 0.0     2,-1.7     0, 0.0   -10,-0.1  -0.421  25.8-120.5 -65.1 131.6  -34.1    2.3   18.7               
  551  551 A D        +     0   0  127     -2,-0.2   -11,-0.1     1,-0.2   -12,-0.1  -0.498  39.6 168.7 -77.4  86.6  -31.2    3.7   20.7               
  552  552 A Y        +     0   0  114     -2,-1.7     2,-2.3     1,-0.1    42,-0.2   0.128  24.1 143.9 -76.0  16.6  -29.7    6.2   18.2               
  553  553 A S    >   +     0   0   43      1,-0.2     3,-2.5    40,-0.1     4,-0.2  -0.271  17.0 163.0 -78.1  72.3  -27.5    7.7   21.1               
  554  554 A E  T >>  +     0   0   58     -2,-2.3     4,-2.6     1,-0.3     3,-1.4   0.689  63.1  92.8 -45.5 -18.9  -24.2    8.6   19.4               
  555  555 A Y  H 3> S+     0   0   94      1,-0.2     4,-0.6     2,-0.2    -1,-0.3   0.776  70.5  67.3 -50.4 -28.8  -24.0   10.6   22.7               
  556  556 A K  H <4 S+     0   0  189     -3,-2.5    -1,-0.2     2,-0.2    -2,-0.2   0.845 114.0  28.7 -63.3 -32.4  -22.1    7.5   24.2               
  557  557 A E  H <4 S+     0   0  149     -3,-1.4    -2,-0.2    -4,-0.2    -1,-0.2   0.812 126.7  44.4 -91.2 -40.2  -19.2    8.3   21.8               
  558  558 A F  H  < S+     0   0  120     -4,-2.6     2,-0.2     2,-0.1    -2,-0.2   0.069  75.0 145.1-100.8  21.6  -19.6   12.1   21.5               
  559  559 A K     <  -     0   0   92     -4,-0.6     2,-0.4    -5,-0.2    -3,-0.0  -0.454  59.4-111.8 -59.2 124.9  -20.2   12.9   25.2               
  560  560 A L        -     0   0   76     -2,-0.2    -1,-0.1     2,-0.1     2,-0.1  -0.474  37.3-148.5 -60.9 113.6  -18.6   16.3   26.0               
  561  561 A T    >   -     0   0   60     -2,-0.4     3,-1.5     1,-0.1     6,-0.3  -0.379  26.3-104.6 -78.8 163.8  -15.7   15.6   28.3               
  562  562 A V  T 3  S+     0   0   93      1,-0.3     6,-0.1     5,-0.1    -1,-0.1   0.781 120.1  61.2 -62.0 -26.8  -14.4   18.0   31.1               
  563  563 A E  T 3  S+     0   0   96      4,-0.1     2,-0.3     5,-0.0    -1,-0.3   0.730  80.4 106.6 -69.3 -23.0  -11.4   18.9   28.8               
  564  564 A N    <>  -     0   0   66     -3,-1.5     4,-2.3     1,-0.1     3,-0.3  -0.418  68.9-142.9 -69.6 125.9  -13.8   20.3   26.1               
  565  565 A I  H  > S+     0   0  108     -2,-0.3     4,-2.1     1,-0.2    -1,-0.1   0.838 104.1  54.8 -55.1 -34.6  -13.8   24.1   25.9               
  566  566 A G  H  > S+     0   0   24      2,-0.2     4,-2.7     1,-0.2    -1,-0.2   0.934 107.0  48.9 -64.2 -45.2  -17.5   23.9   25.2               
  567  567 A Y  H  > S+     0   0   20     -3,-0.3     4,-2.9    -6,-0.3    -2,-0.2   0.933 112.5  48.2 -60.4 -45.9  -18.2   21.9   28.4               
  568  568 A Q  H  X S+     0   0  103     -4,-2.3     4,-2.3     2,-0.2    -1,-0.2   0.878 112.8  48.5 -63.3 -38.2  -16.1   24.4   30.4               
  569  569 A M  H  X S+     0   0  114     -4,-2.1     4,-1.1    -5,-0.2    -2,-0.2   0.909 111.9  48.8 -69.2 -41.0  -18.1   27.3   28.8               
  570  570 A L  H ><>S+     0   0   45     -4,-2.7     5,-2.2     2,-0.2     3,-0.7   0.952 113.4  47.1 -60.9 -48.7  -21.4   25.6   29.5               
  571  571 A M  H ><5S+     0   0  102     -4,-2.9     3,-1.9     1,-0.2    -2,-0.2   0.909 109.5  53.5 -60.1 -42.4  -20.4   24.9   33.2               
  572  572 A K  H 3<5S+     0   0  187     -4,-2.3    -1,-0.2     1,-0.3    -2,-0.2   0.739 106.0  54.5 -65.6 -22.4  -19.2   28.6   33.5               
  573  573 A M  T <<5S-     0   0  159     -4,-1.1    -1,-0.3    -3,-0.7    -2,-0.2   0.236 130.7 -96.8 -90.7   9.2  -22.7   29.6   32.3               
  574  574 A G  T < 5S+     0   0   53     -3,-1.9    -3,-0.2     1,-0.3     2,-0.2   0.406  76.8 141.5  92.9   1.7  -24.3   27.5   35.1               
  575  575 A W      < -     0   0   46     -5,-2.2     2,-0.3    -6,-0.2    -1,-0.3  -0.523  30.7-163.9 -71.9 141.2  -25.1   24.3   33.2               
  576  576 A K    >   -     0   0  116     -2,-0.2     3,-2.3     4,-0.2     2,-0.2  -0.930  33.1 -90.5-122.1 151.7  -24.5   20.9   35.1               
  577  577 A E  T 3  S+     0   0  106     -2,-0.3     3,-0.1     1,-0.3    12,-0.0  -0.394 118.2  18.6 -58.0 123.5  -24.3   17.3   33.9               
  578  578 A G  T 3  S+     0   0   53      1,-0.4    -1,-0.3    11,-0.2     2,-0.2   0.258 106.9 102.3  89.0  -7.1  -27.9   15.9   34.0               
  579  579 A E  S <  S-     0   0   71     -3,-2.3    -1,-0.4    10,-0.1     2,-0.2  -0.676  72.9-113.2 -98.8 156.9  -29.5   19.4   34.1               
  580  580 A G        -     0   0    3      5,-1.1     2,-0.6    -2,-0.2    -4,-0.2  -0.508  35.7 -95.0 -82.1 158.1  -31.1   21.2   31.1               
  581  581 A L  S    S+     0   0  111      7,-0.4     2,-0.2    -2,-0.2     7,-0.1  -0.644  83.3  78.4 -72.7 116.7  -29.8   24.4   29.4               
  582  582 A G  S >  S-     0   0   52     -2,-0.6     3,-1.7     4,-0.1     5,-0.1  -0.775  91.4 -83.5 158.9 164.4  -31.6   27.4   31.0               
  583  583 A S  T 3  S+     0   0  134      1,-0.3    -1,-0.1    -2,-0.2    -2,-0.0   0.693 132.2  29.5 -59.9 -22.9  -31.8   29.8   34.1               
  584  584 A E  T 3  S-     0   0  146     -3,-0.1    -1,-0.3     0, 0.0    -4,-0.1   0.048 118.2-103.2-120.0  13.8  -34.0   27.2   35.9               
  585  585 A G  S <  S+     0   0   17     -3,-1.7    -5,-1.1    -5,-0.1    -4,-0.1   0.611  78.2 139.4  71.4  11.6  -32.6   24.0   34.2               
  586  586 A Q        +     0   0  148     -6,-0.1    -4,-0.1    -7,-0.1    -5,-0.1   0.411  35.3 106.5 -71.0  -5.5  -35.8   23.8   32.1               
  587  587 A G  S    S-     0   0   25      1,-0.2     2,-0.3    -5,-0.1    -7,-0.1  -0.180  90.5 -70.2 -68.0 170.0  -33.9   22.9   28.8               
  588  588 A I        -     0   0  129      1,-0.2    -7,-0.4    -7,-0.1    -1,-0.2  -0.480  43.5-166.8 -62.7 119.0  -33.9   19.4   27.2               
  589  589 A K        +     0   0  139     -2,-0.3   -11,-0.2    -9,-0.2    -1,-0.2   0.834  69.4  73.0 -77.0 -37.8  -31.9   17.1   29.6               
  590  590 A N  S    S-     0   0  127      1,-0.1     2,-0.3   -12,-0.0    -2,-0.0  -0.608  97.4-106.3 -78.0 137.8  -31.5   14.3   27.0               
  591  591 A P        -     0   0   60      0, 0.0     2,-0.5     0, 0.0   -36,-0.1  -0.475  31.7-125.4 -63.8 126.6  -29.1   14.9   24.1               
  592  592 A V        -     0   0  113     -2,-0.3     3,-0.1    -4,-0.1    -4,-0.0  -0.641  29.7-122.6 -73.0 122.5  -31.1   15.6   20.9               
  593  593 A N        -     0   0   83     -2,-0.5     2,-1.3     1,-0.1   -40,-0.1  -0.210  32.9 -90.3 -59.6 154.8  -29.8   13.1   18.2               
  594  594 A K        -     0   0  132    -42,-0.2     3,-0.3     1,-0.0    -1,-0.1  -0.581  56.7-128.9 -66.3  94.1  -28.4   14.4   14.9               
  595  595 A G        -     0   0   58     -2,-1.3    -1,-0.0     1,-0.2    -3,-0.0  -0.118  50.6 -50.5 -54.5 151.4  -31.8   14.4   13.1               
  596  596 A T        -     0   0   90      1,-0.1    -1,-0.2     2,-0.0     9,-0.2   0.155  67.4-137.6 -39.0 104.7  -31.9   12.6    9.7               
  597  597 A T        -     0   0   83     -3,-0.3     2,-0.6     1,-0.1    -1,-0.1  -0.411  26.1 -95.2 -74.4 140.6  -29.0   14.1    7.7               
  598  598 A T    >   -     0   0   57     -2,-0.1     3,-0.9     1,-0.1     2,-0.1  -0.411  38.0-135.4 -64.7 102.8  -29.5   15.0    4.0               
  599  599 A V  G >  S-     0   0   58     -2,-0.6     3,-2.9     7,-0.3    -1,-0.1  -0.389  75.4 -22.9 -49.8 121.6  -28.3   12.1    1.8               
  600  600 A D  G 3  S-     0   0  102      1,-0.3    -1,-0.2    -2,-0.1     3,-0.1   0.660 124.1 -53.2  51.7  26.7  -26.2   13.3   -1.2               
  601  601 A G  G <  S+     0   0   74     -3,-0.9    -1,-0.3     1,-0.3     2,-0.1   0.502  99.0 142.9  78.5   6.3  -27.6   16.9   -1.2               
  602  602 A A    <   -     0   0   40     -3,-2.9    -1,-0.3     1,-0.1     4,-0.1  -0.462  56.7 -98.0 -65.7 145.8  -31.2   15.7   -1.4               
  603  603 A G    >   -     0   0   46      1,-0.1     3,-0.7    -2,-0.1    -4,-0.2  -0.174  43.0 -82.7 -66.3 160.1  -33.6   17.9    0.7               
  604  604 A F  T 3  S+     0   0  174      1,-0.2    -1,-0.1    -6,-0.1     3,-0.1  -0.398 114.2  42.1 -56.5 137.5  -34.8   17.2    4.3               
  605  605 A G  T 3  S+     0   0   75      1,-0.2     2,-0.6    -9,-0.2    -1,-0.2   0.684  75.1 123.3  87.5  22.0  -37.8   14.8    4.3               
  606  606 A I    <   -     0   0  115     -3,-0.7    -7,-0.3    -4,-0.1    -1,-0.2  -0.964  60.8-135.1-106.3 107.2  -36.6   12.3    1.6               
  607  607 A D        -     0   0  139     -2,-0.6    -3,-0.0     1,-0.1     0, 0.0  -0.306  19.5-115.5 -62.5 139.5  -36.7    8.9    3.4               
  608  608 A R    >   -     0   0   77      1,-0.1     3,-2.7     4,-0.1    -1,-0.1  -0.681  11.5-137.7 -84.3 128.6  -33.5    6.8    2.8               
  609  609 A P  T 3  S+     0   0  113      0, 0.0    -1,-0.1     0, 0.0    18,-0.1   0.635 105.7  54.7 -60.7 -14.1  -34.2    3.5    0.9               
  610  610 A A  T 3  S+     0   0   22     17,-0.1     2,-0.3     2,-0.1    18,-0.1   0.290  83.4 114.8 -94.8   2.8  -31.8    1.7    3.3               
  611  611 A E  S <  S-     0   0   81     -3,-2.7     2,-0.3     1,-0.1    13,-0.0  -0.599  71.7-113.8 -81.3 134.3  -33.9    2.9    6.4               
  612  612 A L        -     0   0   30     -2,-0.3     2,-0.3     2,-0.0    -1,-0.1  -0.528  28.8-161.1 -76.5 133.4  -35.6    0.1    8.4               
  613  613 A S    >   -     0   0   55     -2,-0.3     3,-1.4     4,-0.1     8,-0.0  -0.744  28.5-120.3-109.9 156.7  -39.4    0.0    8.5               
  614  614 A K  T 3  S+     0   0  140      1,-0.3    -1,-0.1    -2,-0.3    -2,-0.0   0.743 115.4  54.5 -71.5 -20.8  -41.6   -1.8   11.1               
  615  615 A E  T 3  S+     0   0  155      2,-0.0     2,-0.4     0, 0.0    -1,-0.3   0.362  81.0 121.8 -89.6  -3.4  -43.2   -3.9    8.3               
  616  616 A D    <   -     0   0   24     -3,-1.4     2,-0.0     4,-0.1    -4,-0.0  -0.501  50.6-152.3 -66.5 123.1  -39.7   -5.0    7.1               
  617  617 A D     >  -     0   0   90     -2,-0.4     4,-2.6     1,-0.1     5,-0.2  -0.194  37.8 -89.8 -78.1 179.4  -39.3   -8.8    7.1               
  618  618 A E  H  > S+     0   0  134      2,-0.2     4,-1.3     1,-0.2    -1,-0.1   0.740 128.4  53.2 -68.4 -17.9  -35.9  -10.6    7.5               
  619  619 A Y  H  > S+     0   0  147      2,-0.2     4,-2.8     3,-0.2    -1,-0.2   0.911 110.9  43.0 -82.9 -44.8  -35.5  -10.5    3.6               
  620  620 A E  H  > S+     0   0   67      2,-0.2     4,-3.1     1,-0.2     5,-0.2   0.902 114.5  51.9 -68.6 -36.3  -36.0   -6.7    3.3               
  621  621 A A  H  X S+     0   0    5     -4,-2.6     4,-2.4     2,-0.2    -2,-0.2   0.940 112.1  45.9 -62.8 -42.3  -33.8   -6.2    6.4               
  622  622 A F  H  X S+     0   0   93     -4,-1.3     4,-2.3    -5,-0.2    -2,-0.2   0.942 113.1  50.8 -62.1 -43.1  -31.2   -8.3    4.7               
  623  623 A R  H  X S+     0   0  126     -4,-2.8     4,-2.8     2,-0.2    -2,-0.2   0.940 111.5  46.5 -57.6 -50.6  -31.8   -6.3    1.4               
  624  624 A K  H  X S+     0   0   25     -4,-3.1     4,-2.4     1,-0.2    -1,-0.2   0.882 110.7  53.6 -64.0 -37.1  -31.4   -3.0    3.2               
  625  625 A R  H  X S+     0   0   64     -4,-2.4     4,-1.8    -5,-0.2    -1,-0.2   0.896 111.0  45.8 -60.5 -43.7  -28.2   -4.3    5.0               
  626  626 A M  H  X S+     0   0   17     -4,-2.3     4,-1.7     2,-0.2    -2,-0.2   0.936 112.0  51.3 -67.9 -42.2  -26.7   -5.2    1.5               
  627  627 A M  H  X S+     0   0   72     -4,-2.8     4,-0.8     1,-0.2    -2,-0.2   0.884 109.9  50.7 -58.0 -40.2  -27.8   -1.8    0.1               
  628  628 A L  H >< S+     0   0   23     -4,-2.4     3,-0.7     1,-0.2     4,-0.3   0.897 106.2  55.7 -64.2 -38.6  -26.0   -0.2    3.1               
  629  629 A A  H >X S+     0   0    0     -4,-1.8     3,-1.8     1,-0.2     4,-0.6   0.849  96.2  63.5 -66.4 -33.8  -22.9   -2.3    2.4               
  630  630 A Y  H >< S+     0   0   86     -4,-1.7     3,-1.0     1,-0.3    14,-0.3   0.857  93.5  64.8 -56.3 -32.5  -22.6   -0.9   -1.2               
  631  631 A R  T << S+     0   0  111     -4,-0.8    -1,-0.3    -3,-0.7    -2,-0.2   0.656 106.4  42.6 -64.6 -18.2  -22.1    2.6    0.4               
  632  632 A F  T <4 S+     0   0   64     -3,-1.8    -1,-0.2    -4,-0.3    -2,-0.2   0.415  81.0 120.2-108.3  -4.9  -18.7    1.3    1.8               
  633  633 A R  S << S-     0   0  149     -3,-1.0    11,-0.2    -4,-0.6  -108,-0.0  -0.494  77.2-105.6 -63.3 123.0  -17.5   -0.6   -1.2               
  634  634 A P        -     0   0   68      0, 0.0    -1,-0.1     0, 0.0    -2,-0.1  -0.241  30.8-123.7 -53.7 129.1  -14.1    1.0   -2.2               
  635  635 A N    >   -     0   0   50      1,-0.2     3,-2.2    -3,-0.1     7,-0.0  -0.691  15.8-158.7 -78.7 109.7  -14.5    3.1   -5.3               
  636  636 A P  T 3  S+     0   0  126      0, 0.0    -1,-0.2     0, 0.0  -124,-0.0   0.595  95.5  50.2 -67.5  -9.7  -12.0    1.8   -7.9               
  637  637 A L  T 3  S-     0   0  141      2,-0.1    -2,-0.1    -3,-0.0     0, 0.0   0.229 101.8-135.8-104.1   5.1  -12.2    5.2   -9.7               
  638  638 A N    <   +     0   0  110     -3,-2.2  -126,-0.0     1,-0.2     0, 0.0   0.748  46.0 160.1  41.8  36.7  -11.6    7.2   -6.5               
  639  639 A N    >   -     0   0   58      3,-0.2     3,-1.5     1,-0.1    -1,-0.2  -0.768  30.3-166.0 -93.8 107.2  -14.5    9.6   -7.5               
  640  640 A P  T 3  S+     0   0  129      0, 0.0    -1,-0.1     0, 0.0    -2,-0.1   0.504  83.8  63.7 -71.3  -4.4  -15.8   11.6   -4.4               
  641  641 A R  T 3  S+     0   0  223      1,-0.2    -2,-0.0     2,-0.0     0, 0.0   0.381 100.2  52.7 -98.0  -2.6  -19.0   12.7   -6.4               
  642  642 A R    <   -     0   0  177     -3,-1.5    -1,-0.2     2,-0.0    -3,-0.2  -0.738  51.2-175.1-146.3  98.8  -20.5    9.2   -7.0               
  643  643 A P        -     0   0   66      0, 0.0     2,-0.4     0, 0.0   -12,-0.1  -0.507  40.9-115.5 -56.8 148.6  -21.3    6.4   -4.6               
  644  644 A Y              0   0  180    -14,-0.3   -11,-0.1   -11,-0.2    -2,-0.0  -0.793 360.0 360.0 -88.4 142.3  -22.5    3.4   -6.7               
  645  645 A Y              0   0  202     -2,-0.4   -18,-0.0   -14,-0.0     0, 0.0  -0.782 360.0 360.0-101.6 360.0  -26.1    2.1   -6.4               
