==== Secondary Structure Definition by the program DSSP, CMBI version 2.0                          ==== DATE=2026-03-08        .
REFERENCE W. KABSCH AND C.SANDER, BIOPOLYMERS 22 (1983) 2577-2637                                                              .
HEADER                                            01-AUG-25                                                                    .
COMPND    MOL_ID: 1; MOLECULE: SURP AND G-PATCH DOMAIN-CONTAINING PROTEIN 2; CHA                                               .
SOURCE    MOL_ID: 1; ORGANISM_SCIENTIFIC: HOMO SAPIENS; ORGANISM_TAXID: 9606                                                   .
AUTHOR                                                                                                                         .
 1082  1  0  0  0 TOTAL NUMBER OF RESIDUES, NUMBER OF CHAINS, NUMBER OF SS-BRIDGES(TOTAL,INTRACHAIN,INTERCHAIN)                .
127466.9   ACCESSIBLE SURFACE OF PROTEIN (ANGSTROM**2)                                                                         .
  490 45.3   TOTAL NUMBER OF HYDROGEN BONDS OF TYPE O(I)-->H-N(J)  , SAME NUMBER PER 100 RESIDUES                              .
    2  0.2   TOTAL NUMBER OF HYDROGEN BONDS IN     PARALLEL BRIDGES, SAME NUMBER PER 100 RESIDUES                              .
    0  0.0   TOTAL NUMBER OF HYDROGEN BONDS IN ANTIPARALLEL BRIDGES, SAME NUMBER PER 100 RESIDUES                              .
    1  0.1   TOTAL NUMBER OF HYDROGEN BONDS OF TYPE O(I)-->H-N(I-5), SAME NUMBER PER 100 RESIDUES                              .
    0  0.0   TOTAL NUMBER OF HYDROGEN BONDS OF TYPE O(I)-->H-N(I-4), SAME NUMBER PER 100 RESIDUES                              .
    0  0.0   TOTAL NUMBER OF HYDROGEN BONDS OF TYPE O(I)-->H-N(I-3), SAME NUMBER PER 100 RESIDUES                              .
    0  0.0   TOTAL NUMBER OF HYDROGEN BONDS OF TYPE O(I)-->H-N(I-2), SAME NUMBER PER 100 RESIDUES                              .
    0  0.0   TOTAL NUMBER OF HYDROGEN BONDS OF TYPE O(I)-->H-N(I-1), SAME NUMBER PER 100 RESIDUES                              .
    0  0.0   TOTAL NUMBER OF HYDROGEN BONDS OF TYPE O(I)-->H-N(I+0), SAME NUMBER PER 100 RESIDUES                              .
    0  0.0   TOTAL NUMBER OF HYDROGEN BONDS OF TYPE O(I)-->H-N(I+1), SAME NUMBER PER 100 RESIDUES                              .
  156 14.4   TOTAL NUMBER OF HYDROGEN BONDS OF TYPE O(I)-->H-N(I+2), SAME NUMBER PER 100 RESIDUES                              .
   63  5.8   TOTAL NUMBER OF HYDROGEN BONDS OF TYPE O(I)-->H-N(I+3), SAME NUMBER PER 100 RESIDUES                              .
  254 23.5   TOTAL NUMBER OF HYDROGEN BONDS OF TYPE O(I)-->H-N(I+4), SAME NUMBER PER 100 RESIDUES                              .
    6  0.6   TOTAL NUMBER OF HYDROGEN BONDS OF TYPE O(I)-->H-N(I+5), SAME NUMBER PER 100 RESIDUES                              .
  1  2  3  4  5  6  7  8  9 10 11 12 13 14 15 16 17 18 19 20 21 22 23 24 25 26 27 28 29 30     *** HISTOGRAMS OF ***           .
  0  0  0  1  0  0  1  2  2  1  1  1  1  2  1  0  1  1  0  0  1  1  0  0  0  0  0  0  0  2    RESIDUES PER ALPHA HELIX         .
  1  0  0  0  0  0  0  0  0  0  0  0  0  0  0  0  0  0  0  0  0  0  0  0  0  0  0  0  0  0    PARALLEL BRIDGES PER LADDER      .
  0  0  0  0  0  0  0  0  0  0  0  0  0  0  0  0  0  0  0  0  0  0  0  0  0  0  0  0  0  0    ANTIPARALLEL BRIDGES PER LADDER  .
  0  0  0  0  0  0  0  0  0  0  0  0  0  0  0  0  0  0  0  0  0  0  0  0  0  0  0  0  0  0    LADDERS PER SHEET                .
  #  RESIDUE AA STRUCTURE BP1 BP2  ACC     N-H-->O    O-->H-N    N-H-->O    O-->H-N    TCO  KAPPA ALPHA  PHI   PSI    X-CA   Y-CA   Z-CA            CHAIN
    1    1 A M    >         0   0  240      0, 0.0     3,-0.5     0, 0.0     0, 0.0   0.000 360.0 360.0 360.0 -29.3    4.2   -9.2  -26.0               
    2    2 A A  T 3   +     0   0  106      1,-0.2     3,-0.2     3,-0.0     0, 0.0   0.292 360.0  83.1 -75.3  10.0    0.7  -10.5  -27.1               
    3    3 A A  T 3   +     0   0   97      1,-0.2    -1,-0.2     0, 0.0     2,-0.1   0.120  69.3  73.5-112.0  19.8    1.9  -12.7  -30.1               
    4    4 A R    <   +     0   0  228     -3,-0.5     2,-1.0     2,-0.1    -1,-0.2  -0.533  41.0 156.9-133.6  70.5    3.2  -16.0  -28.6               
    5    5 A R        -     0   0  241     -3,-0.2     2,-0.5    -2,-0.1    -3,-0.0  -0.880  32.8-154.1 -80.6  99.2    0.3  -18.3  -27.5               
    6    6 A I        -     0   0  117     -2,-1.0     2,-0.1     4,-0.0    -2,-0.1  -0.736  16.5-128.1 -71.2 119.3    2.2  -21.5  -27.8               
    7    7 A T    >>  -     0   0   81     -2,-0.5     4,-1.8     1,-0.1     3,-0.7  -0.438  20.3-111.2 -66.8 151.3   -0.5  -24.2  -28.4               
    8    8 A Q  H 3> S+     0   0  160      1,-0.2     4,-2.5     2,-0.2     5,-0.2   0.887 120.1  56.6 -55.7 -34.2   -0.5  -27.2  -26.0               
    9    9 A E  H 3> S+     0   0  160      1,-0.2     4,-2.3     2,-0.2    -1,-0.2   0.868 105.3  50.0 -63.4 -39.1    0.6  -29.4  -29.0               
   10   10 A T  H <> S+     0   0   66     -3,-0.7     4,-1.9     2,-0.2    -1,-0.2   0.846 110.5  50.7 -72.2 -30.1    3.7  -27.1  -29.6               
   11   11 A F  H  X S+     0   0  122     -4,-1.8     4,-2.2     2,-0.2    -2,-0.2   0.943 111.9  46.4 -68.5 -45.1    4.6  -27.4  -25.9               
   12   12 A D  H  X S+     0   0   88     -4,-2.5     4,-2.8     2,-0.2    -2,-0.2   0.884 111.1  53.4 -64.6 -36.5    4.3  -31.2  -26.0               
   13   13 A A  H  X S+     0   0   53     -4,-2.3     4,-2.6     2,-0.2    -1,-0.2   0.924 110.0  46.9 -63.0 -42.9    6.4  -31.2  -29.3               
   14   14 A V  H  X S+     0   0   80     -4,-1.9     4,-2.4     2,-0.2    -2,-0.2   0.870 112.9  50.0 -67.1 -36.6    9.2  -29.1  -27.5               
   15   15 A L  H  X S+     0   0   90     -4,-2.2     4,-2.9     2,-0.2    -2,-0.2   0.929 112.8  46.0 -66.2 -44.4    9.0  -31.5  -24.5               
   16   16 A Q  H  X S+     0   0  126     -4,-2.8     4,-2.7     2,-0.2    -2,-0.2   0.890 112.1  51.5 -63.3 -40.7    9.3  -34.5  -26.8               
   17   17 A E  H  X S+     0   0   98     -4,-2.6     4,-2.0     2,-0.2    -2,-0.2   0.930 112.8  45.6 -64.2 -41.9   12.2  -32.8  -28.7               
   18   18 A K  H  X S+     0   0  124     -4,-2.4     4,-1.0     2,-0.2    -2,-0.2   0.937 111.8  51.4 -63.7 -44.9   14.0  -32.2  -25.4               
   19   19 A A  H >< S+     0   0   61     -4,-2.9     3,-0.7     1,-0.2     4,-0.3   0.907 109.8  50.6 -59.5 -40.0   13.3  -35.8  -24.3               
   20   20 A K  H >< S+     0   0  151     -4,-2.7     3,-1.2     1,-0.2    -1,-0.2   0.884 106.4  54.6 -63.8 -39.2   14.8  -37.0  -27.6               
   21   21 A R  H 3< S+     0   0  179     -4,-2.0    -1,-0.2     1,-0.2    -2,-0.2   0.699 106.6  52.9 -67.9 -20.4   17.9  -34.8  -27.1               
   22   22 A Y  T << S+     0   0  185     -4,-1.0     2,-1.9    -3,-0.7    -1,-0.2   0.355  75.8 108.3 -99.8   5.5   18.5  -36.5  -23.6               
   23   23 A H    <   +     0   0  159     -3,-1.2     2,-0.5    -4,-0.3    -1,-0.1  -0.610  42.2 163.8 -77.6  76.9   18.3  -40.1  -25.0               
   24   24 A M        -     0   0  157     -2,-1.9    -2,-0.0     1,-0.1    -3,-0.0  -0.904  51.8 -90.6 -88.6 130.4   22.1  -40.8  -24.5               
   25   25 A D        -     0   0  139     -2,-0.5     2,-1.9     1,-0.1    -1,-0.1  -0.099  31.0-121.4 -51.5 131.6   22.5  -44.5  -24.7               
   26   26 A A        +     0   0  112      1,-0.1     2,-0.2    -3,-0.0    -1,-0.1  -0.528  69.7 121.0 -75.6  76.2   22.3  -46.5  -21.5               
   27   27 A S        +     0   0  113     -2,-1.9    -1,-0.1     1,-0.1     2,-0.1  -0.692  37.4 109.7-133.9  81.5   25.8  -48.2  -21.5               
   28   28 A G  S    S-     0   0   75     -2,-0.2    -1,-0.1     0, 0.0    -2,-0.0  -0.459  72.3 -91.9-166.6  80.5   27.4  -47.0  -18.3               
   29   29 A E        -     0   0  188      1,-0.2     2,-0.9    -2,-0.1    -2,-0.1   0.669  31.0-112.0  34.9 106.2   28.0  -49.2  -15.3               
   30   30 A A        -     0   0   97      1,-0.1     2,-1.1     2,-0.1    -1,-0.2  -0.512  24.4-169.9 -60.0 102.1   25.8  -49.8  -12.3               
   31   31 A V        -     0   0  126     -2,-0.9     2,-1.4     2,-0.1    -1,-0.1  -0.825  13.7-167.3 -91.2  89.4   27.4  -48.3   -9.2               
   32   32 A S        +     0   0   99     -2,-1.1     2,-0.9     2,-0.1    -2,-0.1  -0.673  18.5 166.7 -79.0  84.5   24.9  -50.0   -6.8               
   33   33 A E        -     0   0  169     -2,-1.4     2,-1.4     2,-0.1    -2,-0.1  -0.803  13.2-174.0 -97.3  89.1   25.5  -48.2   -3.5               
   34   34 A T        +     0   0  115     -2,-0.9     2,-1.0     2,-0.1    -2,-0.1  -0.678   8.3 173.0 -82.5  83.0   22.4  -49.4   -1.6               
   35   35 A L        -     0   0  138     -2,-1.4     2,-1.1     2,-0.1    -2,-0.1  -0.816  17.4-158.7 -92.3  95.8   22.6  -47.4    1.7               
   36   36 A Q        -     0   0  174     -2,-1.0     2,-0.7     2,-0.0    -2,-0.1  -0.658  10.2-175.1 -67.1  99.6   19.3  -48.2    3.4               
   37   37 A F        -     0   0  187     -2,-1.1     2,-0.4     2,-0.0    -2,-0.1  -0.907  20.7-139.6 -95.9 108.0   18.7  -45.4    5.8               
   38   38 A K        -     0   0  192     -2,-0.7     2,-1.1     1,-0.1    -2,-0.0  -0.557  10.2-132.7 -63.0 123.2   15.5  -46.4    7.8               
   39   39 A A        +     0   0   97     -2,-0.4    -1,-0.1     1,-0.1     3,-0.0  -0.733  63.6 112.6 -78.3  95.2   13.3  -43.4    8.4               
   40   40 A Q        +     0   0  167     -2,-1.1     2,-0.3     1,-0.1    -1,-0.1  -0.242  26.3 109.1-166.9  77.1   12.3  -43.6   12.1               
   41   41 A D        -     0   0  172      3,-0.0     2,-0.2     0, 0.0     3,-0.1  -0.815  58.1-141.5-140.5 112.5   13.6  -40.9   14.4               
   42   42 A L        -     0   0  149     -2,-0.3    -2,-0.0     1,-0.2    -3,-0.0  -0.493  31.3 -62.7 -71.6 131.8   10.8  -38.7   15.6               
   43   43 A L        -     0   0  166     -2,-0.2     2,-0.8     1,-0.1    -1,-0.2   0.297  39.0-172.6  30.1  75.3   10.4  -35.1   16.2               
   44   44 A R        -     0   0  233     -3,-0.1     2,-0.6     2,-0.0    -1,-0.1  -0.818  12.5-162.1-101.1  88.3   12.6  -33.8   19.1               
   45   45 A A        -     0   0   97     -2,-0.8    -2,-0.0     1,-0.0     0, 0.0  -0.651  13.4-142.2 -66.4 111.5   11.3  -30.2   19.4               
   46   46 A V        -     0   0  124     -2,-0.6     2,-0.4     1,-0.0    -2,-0.0  -0.735  10.7-132.6 -80.0 120.6   14.1  -28.4   21.3               
   47   47 A P        -     0   0  117      0, 0.0     2,-0.5     0, 0.0    -1,-0.0  -0.602  19.7-123.1 -74.0 128.8   12.7  -25.8   23.8               
   48   48 A R        -     0   0  252     -2,-0.4     2,-0.3     1,-0.1     0, 0.0  -0.650  27.5-128.3 -71.0 117.7   14.5  -22.4   23.6               
   49   49 A S        -     0   0  121     -2,-0.5     2,-0.6     1,-0.0    -1,-0.1  -0.516  10.4-139.6 -68.8 126.7   15.9  -21.6   27.1               
   50   50 A R        -     0   0  220     -2,-0.3     2,-0.8     2,-0.0    -1,-0.0  -0.844  19.3-143.0 -84.6 115.3   15.0  -18.1   28.5               
   51   51 A A        +     0   0  103     -2,-0.6     2,-0.5     2,-0.0    -2,-0.0  -0.818  27.0 169.5 -88.5 107.2   18.1  -16.8   30.2               
   52   52 A E        +     0   0  150     -2,-0.8     2,-0.1     0, 0.0    -2,-0.0  -0.997  22.7 125.3-106.4 120.5   17.4  -14.8   33.4               
   53   53 A M        +     0   0  172     -2,-0.5    -2,-0.0     1,-0.1     0, 0.0  -0.401  19.7  86.4-174.9 116.8   20.6  -14.0   35.5               
   54   54 A Y        -     0   0  208     -2,-0.1    -1,-0.1     2,-0.0     0, 0.0   0.452  56.4-109.7 165.9  95.2   22.3  -11.0   37.0               
   55   55 A D        -     0   0  129      1,-0.2     2,-0.2     0, 0.0    -2,-0.0   0.679  14.0-109.8  44.6 113.1   21.8   -9.3   40.2               
   56   56 A D        -     0   0  137      1,-0.0     2,-0.5     0, 0.0    -1,-0.2  -0.425  29.4-149.3 -50.2 123.0   20.6   -6.2   42.0               
   57   57 A V        -     0   0  136     -2,-0.2    -1,-0.0     0, 0.0     0, 0.0  -0.966  28.6-115.4-113.2 118.4   23.4   -4.0   43.5               
   58   58 A H        -     0   0  160     -2,-0.5     2,-0.1     1,-0.1     0, 0.0  -0.035  17.0-106.3 -56.9 143.6   22.3   -2.2   46.6               
   59   59 A S        +     0   0  117      2,-0.0     2,-0.3     0, 0.0    -1,-0.1  -0.334  29.2 174.7 -38.1 128.7   21.8    1.4   47.6               
   60   60 A D        -     0   0  132     -2,-0.1     2,-0.4     2,-0.0     0, 0.0  -0.822   8.2-177.6-141.2 117.7   24.1    3.3   49.9               
   61   61 A G        +     0   0   53     -2,-0.3     2,-0.1     0, 0.0    -2,-0.0  -0.877  19.4 132.3 -93.7 138.0   23.4    7.0   50.3               
   62   62 A R        +     0   0  205     -2,-0.4     2,-0.1     1,-0.1    -2,-0.0  -0.187  16.1 100.3 174.9 109.7   25.5    9.3   52.5               
   63   63 A Y        -     0   0  237     -2,-0.1    -1,-0.1     0, 0.0     0, 0.0  -0.360  52.0-134.3-166.6 134.0   27.1   12.5   52.3               
   64   64 A S        -     0   0  109      1,-0.2     2,-0.0    -2,-0.1    -2,-0.0  -0.055  18.2 -86.9 -72.4 158.6   25.6   15.6   53.9               
   65   65 A L        +     0   0  177      2,-0.0     2,-0.2     0, 0.0    -1,-0.2  -0.281  48.0 147.2 -41.1 134.0   24.8   19.3   53.2               
   66   66 A S        +     0   0  130      1,-0.1     0, 0.0    -2,-0.0     0, 0.0  -0.657  33.1  64.0-166.6 140.0   27.2   22.1   53.8               
   67   67 A G        -     0   0   75     -2,-0.2     2,-0.3     1,-0.0    -1,-0.1   0.777  43.9-167.6 123.1  68.8   27.9   25.4   52.2               
   68   68 A S        +     0   0  120      2,-0.0     2,-0.3     0, 0.0    -1,-0.0  -0.543  13.1 165.6 -56.5 126.5   25.5   28.4   52.1               
   69   69 A V        -     0   0  146     -2,-0.3     0, 0.0     0, 0.0     0, 0.0  -0.857  33.3-111.4-144.3 133.3   26.1   31.4   49.8               
   70   70 A A        -     0   0   71     -2,-0.3    -2,-0.0     1,-0.1     0, 0.0   0.017  30.5 -66.1 -51.8 142.6   23.3   33.8   49.1               
   71   71 A H        +     0   0  190      2,-0.0    -1,-0.1     0, 0.0     2,-0.1   0.562  28.3 156.8  33.3 120.4   21.0   35.2   46.5               
   72   72 A S        +     0   0  109      2,-0.0     2,-0.6     0, 0.0     0, 0.0  -0.314   9.7 171.2-164.3 128.7   20.4   36.9   43.5               
   73   73 A R        +     0   0  244     -2,-0.1     2,-0.5     2,-0.0    -2,-0.0  -0.951  11.9 167.6-109.4 100.7   17.2   36.4   41.5               
   74   74 A D        -     0   0  158     -2,-0.6     2,-0.6     2,-0.1    -2,-0.0  -0.990  12.0-171.6-120.3 121.1   16.9   38.9   38.7               
   75   75 A A        +     0   0  101     -2,-0.5     2,-0.3     2,-0.0    -2,-0.0  -0.954  10.4 169.0-107.5 107.0   14.3   38.4   36.0               
   76   76 A G        -     0   0   73     -2,-0.6     2,-0.1     2,-0.0    -2,-0.1  -0.899  17.0-160.9-136.2  96.5   14.4   40.7   33.0               
   77   77 A R        +     0   0  210     -2,-0.3    -2,-0.0     2,-0.0     0, 0.0   0.302  33.8  57.6  59.3 125.4   12.5   39.8   30.3               
   78   78 A E        +     0   0  153     -2,-0.1    -2,-0.0     2,-0.0     0, 0.0   0.944  52.9  76.9  68.4 123.7   12.4   40.7   26.6               
   79   79 A G        +     0   0   71      1,-0.1     2,-1.8     0, 0.0    -2,-0.0   0.630  24.5 149.8 139.5  22.5   14.5   40.6   23.4               
   80   80 A L        -     0   0  185      2,-0.0     2,-0.9     3,-0.0    -1,-0.1  -0.535  25.3-179.2 -68.4  83.2   15.1   37.3   21.4               
   81   81 A R        -     0   0  233     -2,-1.8    -1,-0.0     1,-0.1     0, 0.0  -0.869  43.7 -90.2 -83.3 106.3   15.4   38.8   17.9               
   82   82 A S        -     0   0  103     -2,-0.9     2,-1.1     1,-0.1    -1,-0.1   0.185  32.0-141.9   9.3  85.9   16.0   36.0   15.5               
   83   83 A D        -     0   0  158      1,-0.0     2,-0.6     3,-0.0    -1,-0.1  -0.653  19.8-142.1 -70.0 100.8   19.7   35.3   15.0               
   84   84 A V        -     0   0  120     -2,-1.1    -1,-0.0     1,-0.1    -2,-0.0  -0.638  23.7-114.7 -65.7 114.9   19.8   34.6   11.2               
   85   85 A F        -     0   0  196     -2,-0.6     2,-0.8     1,-0.1    -1,-0.1  -0.369  24.3-132.1 -53.8 117.1   22.3   31.7   10.8               
   86   86 A P        -     0   0  120      0, 0.0    -1,-0.1     0, 0.0     3,-0.1  -0.671  18.6-149.7 -78.7 109.9   25.4   32.9    8.7               
   87   87 A G        -     0   0   60     -2,-0.8     2,-0.1     1,-0.1     0, 0.0  -0.451  39.8 -74.8 -70.6 155.1   26.1   30.4    6.0               
   88   88 A P        -     0   0  120      0, 0.0     2,-0.5     0, 0.0    -1,-0.1  -0.283  41.6-140.9 -72.4 133.4   29.8   30.1    5.0               
   89   89 A S        -     0   0  100     -3,-0.1     2,-1.1    -2,-0.1     0, 0.0  -0.792   6.7-142.1 -92.9 121.3   31.5   32.8    2.8               
   90   90 A F        +     0   0  203     -2,-0.5     2,-0.6     2,-0.0    -1,-0.0  -0.732  30.5 167.2 -80.6  95.1   34.0   31.7    0.1               
   91   91 A R        -     0   0  230     -2,-1.1     2,-0.5     2,-0.0    -2,-0.0  -0.953  23.5-151.5-109.8 108.4   36.7   34.4    0.3               
   92   92 A S        -     0   0  104     -2,-0.6     2,-0.6     1,-0.0    -2,-0.0  -0.690  17.2-127.7 -72.9 123.1   39.8   33.4   -1.7               
   93   93 A S        -     0   0  111     -2,-0.5    -1,-0.0     2,-0.0    -2,-0.0  -0.694  21.4-151.0 -71.5 116.0   43.0   35.0   -0.3               
   94   94 A N        -     0   0  152     -2,-0.6     2,-0.6     2,-0.0    -1,-0.0  -0.826   1.9-152.0 -84.0 124.6   45.0   36.7   -3.2               
   95   95 A P        -     0   0  119      0, 0.0     2,-0.6     0, 0.0    -2,-0.0  -0.902  22.2-132.5 -88.7 118.2   48.8   36.9   -2.8               
   96   96 A S        +     0   0  119     -2,-0.6     2,-0.5     2,-0.0    -2,-0.0  -0.638  27.3 179.5 -67.7 114.0   49.9   40.1   -4.7               
   97   97 A I        -     0   0  159     -2,-0.6     2,-0.3     2,-0.0     0, 0.0  -0.998  33.1-117.3-116.2 125.1   52.9   39.4   -7.0               
   98   98 A S        -     0   0  105     -2,-0.5     2,-0.8     1,-0.1    -2,-0.0  -0.492  15.3-142.4 -66.2 121.0   53.9   42.6   -8.9               
   99   99 A D        +     0   0  154     -2,-0.3     2,-0.1     1,-0.0     3,-0.1  -0.804  46.9 131.3 -79.8 105.4   53.6   42.6  -12.7               
  100  100 A D        +     0   0  142     -2,-0.8    -2,-0.1     1,-0.1    -1,-0.0  -0.521  28.8  84.1-160.9  98.1   56.6   44.6  -14.1               
  101  101 A S        +     0   0  125     -2,-0.1     2,-0.3     0, 0.0     3,-0.1   0.004  49.1 177.2-173.5  74.4   59.0   43.5  -16.9               
  102  102 A Y        -     0   0  210      1,-0.2    -3,-0.0    -3,-0.1     0, 0.0  -0.567  42.5 -25.8 -65.3 134.5   57.5   44.4  -20.3               
  103  103 A F        -     0   0  179     -2,-0.3     2,-0.5     1,-0.1    -1,-0.2   0.800  31.0-172.7  48.1 102.3   59.3   43.8  -23.5               
  104  104 A R        -     0   0  223     -3,-0.1     2,-0.7     2,-0.0    -1,-0.1  -0.973  22.2-166.7-112.8 112.9   62.9   43.4  -24.7               
  105  105 A K        -     0   0  193     -2,-0.5     2,-0.4     2,-0.0     0, 0.0  -0.907   2.4-168.8 -98.4 105.3   62.6   43.3  -28.5               
  106  106 A E        -     0   0  167     -2,-0.7     2,-0.2     1,-0.0    -2,-0.0  -0.884  19.9-130.9-104.1 137.6   65.9   42.1  -30.2               
  107  107 A C        -     0   0  131     -2,-0.4    -2,-0.0     1,-0.2    -1,-0.0  -0.531  29.9 -33.6 -94.9 146.9   66.1   42.5  -33.9               
  108  108 A G        +     0   0   59     -2,-0.2     2,-0.2     1,-0.1    -1,-0.2   0.728  23.7 168.9  45.1 109.8   66.9   40.8  -37.2               
  109  109 A R        -     0   0  249      2,-0.0     2,-0.2     0, 0.0    -1,-0.1  -0.687  23.6-164.2-142.0 105.0   69.2   38.3  -38.7               
  110  110 A D        +     0   0  151     -2,-0.2     2,-0.1     2,-0.0     0, 0.0  -0.530  16.5 168.6 -63.4 133.7   68.1   37.3  -42.2               
  111  111 A L        -     0   0  156     -2,-0.2     2,-0.4     2,-0.0    -1,-0.0  -0.532  10.6-177.8-148.3  84.2   69.5   34.2  -43.8               
  112  112 A E        -     0   0  182     -2,-0.1     2,-0.6     1,-0.0    -2,-0.0  -0.683  13.0-157.0 -70.6 124.8   67.6   33.3  -46.9               
  113  113 A F        -     0   0  193     -2,-0.4    -2,-0.0     1,-0.0    -1,-0.0  -0.957  33.6-110.0-105.8 109.7   68.7   30.1  -48.7               
  114  114 A S        -     0   0  107     -2,-0.6     2,-0.2     1,-0.1    -1,-0.0   0.136  18.7-119.4 -25.0 129.5   67.6   30.4  -52.3               
  115  115 A H        -     0   0  188      1,-0.0     2,-0.6     0, 0.0    -1,-0.1  -0.534  20.9-138.6 -66.3 136.2   64.8   28.5  -54.1               
  116  116 A S        -     0   0  123     -2,-0.2     2,-0.2     2,-0.0    -1,-0.0  -0.952  21.9-131.7-100.1 116.3   65.9   26.3  -57.1               
  117  117 A D        -     0   0  166     -2,-0.6     2,-0.2     1,-0.1     0, 0.0  -0.423  21.1-172.9 -56.0 129.1   63.4   26.7  -60.0               
  118  118 A S        -     0   0  119     -2,-0.2    -1,-0.1     0, 0.0    -2,-0.0  -0.647  33.9-115.8-135.8  79.9   62.1   23.5  -61.7               
  119  119 A R        -     0   0  224     -2,-0.2     2,-0.0     1,-0.1    -2,-0.0   0.485  18.9-105.3  36.3 107.8   60.0   24.5  -64.6               
  120  120 A D        -     0   0  152      1,-0.0     2,-0.4     2,-0.0    -1,-0.1  -0.222  21.6-166.3 -46.6 133.9   56.3   24.0  -65.5               
  121  121 A Q        -     0   0  186      2,-0.1     2,-0.5    -2,-0.0    -1,-0.0  -0.959  18.6-145.2-127.8 123.2   55.1   21.5  -68.0               
  122  122 A V        +     0   0  132     -2,-0.4     2,-0.3     2,-0.0    -2,-0.0  -0.702  31.9 155.9 -81.8 119.3   51.4   22.2  -69.0               
  123  123 A I        -     0   0  171     -2,-0.5     2,-0.1     0, 0.0    -2,-0.1  -0.867  30.8-160.1-138.3 116.9   48.9   19.5  -69.8               
  124  124 A G        -     0   0   51     -2,-0.3    -2,-0.0     1,-0.2     0, 0.0  -0.432  17.0 -27.0 -86.9 157.7   45.3   20.6  -69.2               
  125  125 A H        +     0   0  172     -2,-0.1     2,-0.2     1,-0.0    -1,-0.2   0.644  22.4 165.4  42.2 110.0   41.8   19.6  -68.7               
  126  126 A R        -     0   0  255      2,-0.0     2,-0.5     0, 0.0    -1,-0.0  -0.782  24.9-156.0-140.2 121.6   39.2   17.0  -69.2               
  127  127 A K        -     0   0  206     -2,-0.2     2,-0.6     0, 0.0     0, 0.0  -0.721   6.6-150.7 -72.9 118.5   36.1   17.4  -67.1               
  128  128 A L        -     0   0  179     -2,-0.5     2,-0.0     1,-0.0    -2,-0.0  -0.889  26.5-132.6 -92.6 121.3   34.2   14.1  -66.5               
  129  129 A G        -     0   0   54     -2,-0.6    -1,-0.0     1,-0.2     2,-0.0  -0.208  26.4 -66.5 -76.1 163.7   30.5   15.0  -66.1               
  130  130 A H        -     0   0  197      1,-0.0     2,-0.4    -2,-0.0    -1,-0.2  -0.157  31.7-161.1 -45.5 127.2   27.8   14.0  -63.6               
  131  131 A F        -     0   0  210     -2,-0.0     2,-0.2     0, 0.0    -1,-0.0  -0.971  26.6-126.2-108.4 129.8   26.3   10.6  -63.2               
  132  132 A R        -     0   0  238     -2,-0.4     2,-0.3     1,-0.1     0, 0.0  -0.500  18.6-110.7 -69.8 141.1   22.9   10.6  -61.4               
  133  133 A S        -     0   0  129     -2,-0.2     2,-0.4     3,-0.0    -1,-0.1  -0.558  30.7-162.9 -61.5 123.7   22.0    8.5  -58.4               
  134  134 A Q        -     0   0  182     -2,-0.3     2,-0.3     2,-0.0     0, 0.0  -0.963  30.1-104.4-110.2 136.4   19.4    5.8  -59.1               
  135  135 A D        -     0   0  160     -2,-0.4     3,-0.1     1,-0.1     2,-0.0  -0.424  20.9-151.0 -60.9 119.0   17.6    4.2  -56.2               
  136  136 A W        +     0   0  239     -2,-0.3     2,-0.3     1,-0.2     3,-0.2   0.109  57.2 123.8 -80.2  21.6   19.0    0.6  -55.4               
  137  137 A K        +     0   0  177      1,-0.2    -1,-0.2     2,-0.0     3,-0.1   0.043  63.1  55.0 -85.7  30.3   15.6   -0.6  -54.0               
  138  138 A F  S    S+     0   0  209     -2,-0.3    -1,-0.2    -3,-0.1     3,-0.1  -0.429  71.6  88.3-157.3  80.5   15.1   -3.6  -56.4               
  139  139 A A        +     0   0   96     -3,-0.2     3,-0.1     1,-0.0    -1,-0.1  -0.096  54.3  93.1-162.8  59.3   17.9   -6.3  -56.5               
  140  140 A L  S    S+     0   0  175      1,-0.2     2,-0.2    -3,-0.1    -1,-0.0  -0.372  75.1  63.7-141.0  58.5   17.5   -9.0  -53.8               
  141  141 A R        +     0   0  255      1,-0.2    -1,-0.2    -3,-0.1     0, 0.0  -0.545  60.9  93.2-170.4 126.5   15.5  -11.7  -55.7               
  142  142 A G        -     0   0   67     -2,-0.2    -1,-0.2    -3,-0.1     0, 0.0   0.337  62.8-111.1 129.0  74.1   16.7  -13.8  -58.8               
  143  143 A S        -     0   0  115      1,-0.1     2,-0.7     0, 0.0    -2,-0.0   0.410  11.2-123.6  68.6  97.0   18.2  -16.9  -58.7               
  144  144 A W        +     0   0  250      0, 0.0     2,-0.2     0, 0.0    -1,-0.1  -0.900  62.6 105.4 -88.7 106.2   21.7  -18.3  -59.5               
  145  145 A E        +     0   0  178     -2,-0.7     0, 0.0     1,-0.3     0, 0.0  -0.642  39.1  72.9-174.8 147.6   21.5  -21.0  -62.2               
  146  146 A Q        +     0   0  174     -2,-0.2    -1,-0.3     2,-0.0     0, 0.0   0.580  54.1  10.3  80.8 134.4   22.4  -21.3  -65.9               
  147  147 A D        +     0   0  119      0, 0.0     2,-0.2     0, 0.0    -2,-0.0   0.614  34.7 118.3-164.4 128.9   24.7  -21.5  -68.2               
  148  148 A F        +     0   0  225      0, 0.0     2,-0.3     0, 0.0    -2,-0.0  -0.720  42.4 166.8-136.2  94.1   28.3  -21.9  -69.5               
  149  149 A G        +     0   0   62     -2,-0.2     0, 0.0     1,-0.0     0, 0.0  -0.812  13.8  79.9 -93.4 148.3   28.4  -25.0  -71.7               
  150  150 A H        +     0   0  181     -2,-0.3    -1,-0.0     0, 0.0     0, 0.0   0.746  33.6  30.7  72.1 156.4   31.1  -26.3  -74.1               
  151  151 A P        -     0   0  102      0, 0.0    -2,-0.0     0, 0.0     0, 0.0   0.616  34.4-109.7-134.2 155.4   33.6  -27.6  -75.6               
  152  152 A V        +     0   0  136      1,-0.1     2,-0.2     0, 0.0     0, 0.0   0.871  15.4 172.8  58.0 113.8   36.4  -30.2  -75.7               
  153  153 A S        -     0   0  108      0, 0.0    -1,-0.1     0, 0.0     0, 0.0  -0.677  48.9 -26.4-153.9 120.8   40.0  -30.9  -75.5               
  154  154 A Q        -     0   0  174     -2,-0.2     0, 0.0     0, 0.0     0, 0.0   0.886  38.4-136.3  69.5  84.6   41.9  -34.2  -75.6               
  155  155 A E        +     0   0  181      0, 0.0     0, 0.0     0, 0.0     0, 0.0   0.534  31.3 131.2  26.6 148.1   41.7  -37.7  -74.8               
  156  156 A S        +     0   0  107      1,-0.0     0, 0.0     0, 0.0     0, 0.0   0.607  31.3  64.2  88.2 114.5   44.1  -40.4  -73.1               
  157  157 A S        +     0   0  114      0, 0.0     2,-0.1     0, 0.0    -1,-0.0   0.469  36.9 174.5-158.4 142.8   44.3  -42.8  -70.9               
  158  158 A W        +     0   0  243      0, 0.0     0, 0.0     0, 0.0     0, 0.0  -0.387  17.9 121.9 -84.7 171.8   42.6  -46.2  -70.7               
  159  159 A S        +     0   0  102     -2,-0.1     0, 0.0     0, 0.0     0, 0.0   0.511  25.5  57.1 111.0 110.6   42.9  -49.3  -68.3               
  160  160 A Q        -     0   0  159      0, 0.0     0, 0.0     0, 0.0     0, 0.0   0.987  37.5 -54.3 129.3 144.7   41.4  -51.5  -66.2               
  161  161 A E        -     0   0  136      0, 0.0     0, 0.0     0, 0.0     0, 0.0   0.698  20.4-103.1-172.4 129.3   39.4  -53.8  -64.8               
  162  162 A Y        +     0   0  212      1,-0.0     2,-0.1     0, 0.0     0, 0.0   0.738  16.0 162.0  46.6 119.7   36.3  -55.6  -63.6               
  163  163 A S        -     0   0  109      0, 0.0    -1,-0.0     0, 0.0     0, 0.0  -0.356  48.1 -64.7-165.8 122.7   34.0  -56.7  -61.0               
  164  164 A F        -     0   0  205     -2,-0.1     0, 0.0     1,-0.1     0, 0.0   0.901  37.7-165.6  49.4 114.1   30.4  -58.0  -61.3               
  165  165 A G        +     0   0   65      1,-0.1    -1,-0.1     0, 0.0     0, 0.0  -0.409  17.6  71.6 -96.1-157.3   26.9  -57.1  -62.3               
  166  166 A P        +     0   0  128      0, 0.0    -1,-0.1     0, 0.0    -2,-0.0   0.859  20.4  73.4-131.9-167.1   23.7  -57.7  -62.3               
  167  167 A S        -     0   0  118      0, 0.0     0, 0.0     0, 0.0     0, 0.0   0.621  23.3-175.8  95.9 134.5   20.0  -58.3  -61.5               
  168  168 A A        -     0   0   71      0, 0.0     0, 0.0     0, 0.0     0, 0.0   0.867  16.3-176.7 176.1 175.7   16.9  -57.1  -60.9               
  169  169 A V        -     0   0  131      0, 0.0     0, 0.0     0, 0.0     0, 0.0   0.802  23.7-114.2  79.2 131.1   13.2  -56.6  -60.1               
  170  170 A L        +     0   0  164      2,-0.0     0, 0.0     0, 0.0     0, 0.0   0.758  30.5 130.8-178.8 157.1   10.5  -54.6  -59.8               
  171  171 A G        -     0   0   68      0, 0.0     2,-0.1     0, 0.0     0, 0.0   0.884  15.1-164.3  92.4  98.3    7.5  -52.3  -59.0               
  172  172 A D        -     0   0  150      2,-0.0     2,-0.2     0, 0.0    -2,-0.0  -0.044   8.7-163.4  74.7  98.2    6.3  -49.2  -59.4               
  173  173 A F        +     0   0  221     -2,-0.1     2,-0.4     2,-0.0     0, 0.0  -0.709  25.4 162.9-141.6  95.7    3.5  -47.1  -57.9               
  174  174 A G        +     0   0   63     -2,-0.2     2,-0.1     2,-0.0    -2,-0.0  -0.953   8.5 152.2-104.2 132.0    2.6  -44.1  -60.1               
  175  175 A S        -     0   0  125     -2,-0.4    -2,-0.0     2,-0.0     0, 0.0  -0.487  19.9 -37.7 172.7 146.0   -0.6  -42.0  -59.7               
  176  176 A S        -     0   0   78     -2,-0.1    -2,-0.0     0, 0.0     0, 0.0   0.556  25.8 -56.2 174.6 130.3   -2.0  -39.1  -60.1               
  177  177 A R        +     0   0  223      0, 0.0    -2,-0.0     0, 0.0     0, 0.0   0.691  19.6  97.9  68.1 155.3   -3.3  -35.4  -60.5               
  178  178 A L        -     0   0  137      2,-0.0     0, 0.0     0, 0.0     0, 0.0   0.671  16.9-151.4-162.9 131.7   -4.2  -32.2  -60.4               
  179  179 A I        -     0   0  133      1,-0.1     2,-0.4     0, 0.0     0, 0.0   0.347  11.8-147.1  11.9 126.7   -3.5  -28.4  -60.9               
  180  180 A E        -     0   0  203      0, 0.0     2,-0.3     0, 0.0    -1,-0.1  -0.952  28.0-162.6-110.0 136.7   -4.6  -25.1  -59.3               
  181  181 A K        -     0   0  194     -2,-0.4     0, 0.0     1,-0.1     0, 0.0  -0.940  14.4 -98.9-128.3 148.6   -5.0  -22.2  -61.8               
  182  182 A E        -     0   0  194     -2,-0.3     2,-0.2     2,-0.0    -1,-0.1   0.030  21.5-175.2 -50.5 153.3   -5.2  -18.4  -61.7               
  183  183 A C        +     0   0  134      0, 0.0     2,-0.2     0, 0.0    -2,-0.0  -0.754  24.8 140.3-151.6 113.4   -8.0  -15.8  -61.8               
  184  184 A L        +     0   0  168     -2,-0.2     2,-0.3     2,-0.0    -2,-0.0  -0.716  15.9 148.4-149.5 100.5   -7.1  -12.0  -61.8               
  185  185 A E        -     0   0  184     -2,-0.2     2,-0.0     2,-0.0     0, 0.0  -0.939  26.0-145.5-147.3 108.2   -9.0   -9.5  -64.0               
  186  186 A K        +     0   0  197     -2,-0.3    -2,-0.0     2,-0.0     2,-0.0   0.139  26.1 142.9  49.3 115.8   -9.8   -6.0  -63.6               
  187  187 A E        -     0   0  172     -2,-0.0     2,-0.3     0, 0.0    -2,-0.0   0.187  16.0-167.8 167.6 132.2  -12.4   -3.5  -64.2               
  188  188 A S        +     0   0  109     -2,-0.0     2,-0.2     0, 0.0    -2,-0.0  -0.762  14.3 168.8 -84.5 143.3  -13.9   -0.3  -62.5               
  189  189 A R        -     0   0  240     -2,-0.3     0, 0.0     2,-0.0     0, 0.0  -0.837  26.2-119.3-158.2 142.1  -17.1    1.5  -63.5               
  190  190 A D        -     0   0  156     -2,-0.2     2,-0.3     1,-0.0     0, 0.0  -0.045  10.5-160.6 -53.7 149.2  -19.3    4.3  -61.9               
  191  191 A Y        +     0   0  243      0, 0.0     2,-0.3     0, 0.0    -2,-0.0  -0.933  31.8 143.2-133.5 114.9  -23.0    4.4  -60.8               
  192  192 A D        +     0   0  149     -2,-0.3    -2,-0.0     1,-0.1     0, 0.0  -0.977  23.8  61.4-141.9 153.1  -24.5    7.9  -60.4               
  193  193 A V        -     0   0  123     -2,-0.3    -1,-0.1     0, 0.0     2,-0.1   0.826  40.6-158.0  94.6 113.0  -27.9    9.6  -61.0               
  194  194 A D        +     0   0  133      2,-0.0    -2,-0.0     0, 0.0     0, 0.0  -0.313  28.8 110.8 -76.0 167.3  -31.5    9.4  -59.9               
  195  195 A H        -     0   0  178     -2,-0.1     2,-0.1     2,-0.0     0, 0.0   0.138  38.1-112.3 115.9 150.0  -35.0   10.5  -61.2               
  196  196 A P        -     0   0  128      0, 0.0     2,-0.2     0, 0.0    -2,-0.0  -0.222  15.4-176.6-114.1 168.4  -38.3    9.2  -62.5               
  197  197 A G        -     0   0   69      1,-0.2    -2,-0.0    -2,-0.1     0, 0.0  -0.721  29.5 -63.3-169.4 121.0  -41.1    8.7  -65.2               
  198  198 A E        +     0   0  198     -2,-0.2    -1,-0.2     0, 0.0     0, 0.0   0.924  40.1 110.7  70.7 145.4  -44.5    7.3  -65.8               
  199  199 A A        -     0   0   90      0, 0.0    -2,-0.0     0, 0.0     0, 0.0   0.949  35.9-114.6  95.7  85.8  -47.3    4.8  -66.2               
  200  200 A D        -     0   0  148      0, 0.0     0, 0.0     0, 0.0     0, 0.0   0.825  23.9  -6.8  63.9 116.4  -50.4    3.7  -64.5               
  201  201 A S        +     0   0  103      1,-0.0     2,-0.1     0, 0.0     0, 0.0   0.840  20.2 140.0  64.2 107.2  -52.9    1.9  -62.8               
  202  202 A V        -     0   0  148      2,-0.0     2,-0.3     0, 0.0    -1,-0.0  -0.274  30.5-167.0-160.6 123.7  -54.6   -0.9  -61.1               
  203  203 A L        +     0   0  172     -2,-0.1     2,-0.2     2,-0.0     0, 0.0  -0.624  22.4 149.8 -73.0 136.1  -56.7   -0.3  -57.9               
  204  204 A R        -     0   0  252     -2,-0.3    -2,-0.0     0, 0.0     0, 0.0  -0.642  46.3 -76.6-158.5 131.4  -58.1   -2.6  -55.4               
  205  205 A G        -     0   0   75     -2,-0.2     2,-0.1     1,-0.2    -2,-0.0   0.171  25.4-161.6 -63.0 162.8  -58.5   -1.4  -51.7               
  206  206 A G        +     0   0   80      0, 0.0    -1,-0.2     0, 0.0     2,-0.0   0.067   8.4 171.2  96.7  98.2  -57.8   -0.6  -48.9               
  207  207 A S        -     0   0   96     -2,-0.1     0, 0.0     0, 0.0     0, 0.0   0.026  31.1  -1.9 173.3 134.9  -59.0   -0.1  -45.4               
  208  208 A Q        -     0   0  167     -2,-0.0     2,-0.0     2,-0.0     0, 0.0   0.959  29.7-158.6  61.2 110.6  -58.0    0.6  -41.8               
  209  209 A V        +     0   0  111      0, 0.0     0, 0.0     0, 0.0     0, 0.0   0.291  23.4  18.6  86.5 110.4  -55.8    1.0  -39.4               
  210  210 A Q        +     0   0  183     -2,-0.0    -2,-0.0     0, 0.0     0, 0.0   0.955  27.5 100.5  63.0 123.3  -54.9    1.0  -35.7               
  211  211 A A        -     0   0   90      0, 0.0     0, 0.0     0, 0.0     0, 0.0   0.778  29.1 -38.5 128.4 133.9  -54.9    0.5  -32.2               
  212  212 A R        -     0   0  247      2,-0.0     2,-0.0     0, 0.0     0, 0.0   0.920  32.9-113.7  76.3 126.3  -54.3   -0.6  -28.7               
  213  213 A G        -     0   0   78      0, 0.0     2,-0.3     0, 0.0     0, 0.0  -0.188  14.2-154.7 -71.3 161.2  -53.7   -3.5  -26.3               
  214  214 A R        -     0   0  226      2,-0.0     2,-0.4    -2,-0.0    -2,-0.0  -0.944   6.0-153.3-137.1 121.2  -55.8   -5.0  -23.6               
  215  215 A A        -     0   0  102     -2,-0.3     2,-0.4     2,-0.0     0, 0.0  -0.780  18.9-165.5 -73.1 131.5  -54.3   -6.9  -20.7               
  216  216 A L        -     0   0  138     -2,-0.4     2,-0.4     2,-0.0    -2,-0.0  -0.966   9.2-163.7-126.0 112.3  -57.0   -9.4  -19.5               
  217  217 A N        -     0   0  159     -2,-0.4     2,-0.4     2,-0.0    -2,-0.0  -0.799   8.9-166.3 -74.6 132.4  -56.7  -11.1  -16.2               
  218  218 A I        -     0   0  162     -2,-0.4     2,-0.3     0, 0.0    -2,-0.0  -0.992   9.5-177.9-126.3 121.6  -59.0  -14.2  -16.0               
  219  219 A V        +     0   0  111     -2,-0.4    -2,-0.0     1,-0.2     0, 0.0  -0.831  32.1  13.0-110.9 147.1  -59.5  -15.6  -12.5               
  220  220 A D        +     0   0  148     -2,-0.3    -1,-0.2     1,-0.1     2,-0.1   0.986  28.3 159.8  62.7 115.2  -61.5  -18.7  -11.3               
  221  221 A Q        -     0   0  191      2,-0.0    -1,-0.1     0, 0.0     0, 0.0  -0.590  32.5-138.3-153.3 109.4  -63.3  -21.8  -12.2               
  222  222 A E        +     0   0  193     -2,-0.1     0, 0.0     2,-0.0     0, 0.0   0.362  33.0 147.1   0.3 145.8  -64.0  -24.5   -9.6               
  223  223 A G        -     0   0   78      2,-0.0     2,-0.4     0, 0.0    -1,-0.0   0.391  13.4-178.6 155.7  71.1  -63.8  -28.3   -9.8               
  224  224 A S        +     0   0  121      2,-0.0     2,-0.4     0, 0.0    -2,-0.0  -0.607   9.1 178.4 -64.6 124.7  -62.8  -30.7   -6.9               
  225  225 A L        -     0   0  169     -2,-0.4    -2,-0.0     2,-0.0     0, 0.0  -0.983  26.0-118.5-133.0 129.7  -62.7  -34.4   -7.8               
  226  226 A L        +     0   0  171     -2,-0.4    -2,-0.0     1,-0.0     0, 0.0  -0.093  37.7 156.6 -50.8 146.4  -61.7  -37.1   -5.3               
  227  227 A G        -     0   0   78      0, 0.0     2,-0.1     0, 0.0    -2,-0.0  -0.284  17.9-169.0-173.5  82.2  -58.8  -39.5   -5.4               
  228  228 A K        +     0   0  211      1,-0.1    -2,-0.0     2,-0.0     0, 0.0  -0.424  22.6 146.0 -61.0 145.3  -57.5  -40.9   -2.1               
  229  229 A G        +     0   0   77     -2,-0.1     2,-0.5     0, 0.0    -1,-0.1  -0.060  12.2 169.7 176.5  67.1  -54.3  -42.9   -1.9               
  230  230 A E        +     0   0  183      2,-0.0     2,-0.2     0, 0.0    -2,-0.0  -0.765   7.3 156.2 -74.0 123.8  -52.1  -42.6    1.2               
  231  231 A T        -     0   0  139     -2,-0.5     2,-0.2     2,-0.0     0, 0.0  -0.758  28.4-149.8-143.0 111.4  -49.2  -45.1    1.5               
  232  232 A Q        +     0   0  205     -2,-0.2    -2,-0.0     1,-0.1     2,-0.0  -0.498  21.7 169.3 -62.6 134.6  -46.3  -43.9    3.7               
  233  233 A G        +     0   0   80     -2,-0.2     2,-0.7     0, 0.0    -1,-0.1  -0.520   7.4 168.2-151.7  70.7  -42.9  -45.3    2.8               
  234  234 A L        +     0   0  164     -2,-0.0     2,-0.1     1,-0.0    -2,-0.0  -0.862  14.9 137.4 -85.3 107.0  -40.2  -43.4    4.8               
  235  235 A L        -     0   0  156     -2,-0.7    -1,-0.0     1,-0.0     0, 0.0  -0.597  46.6 -57.5-156.5 114.4  -36.7  -44.9    4.6               
  236  236 A T        -     0   0  128     -2,-0.1     2,-0.2     1,-0.1    -1,-0.0   0.956  27.2-123.7  63.9 117.2  -33.2  -43.4    4.2               
  237  237 A A        +     0   0   99      2,-0.0     2,-0.3     0, 0.0    -1,-0.1  -0.532  21.0 177.4 -68.3 137.0  -30.9  -41.2    2.1               
  238  238 A K        -     0   0  209     -2,-0.2     2,-0.2     2,-0.0     0, 0.0  -0.861  24.0-138.7-138.9 117.2  -27.5  -42.4    0.8               
  239  239 A G        -     0   0   81     -2,-0.3     2,-0.7     1,-0.0    -2,-0.0  -0.473   9.5-143.0 -64.2 131.8  -25.6  -39.9   -1.4               
  240  240 A G        -     0   0   82     -2,-0.2     2,-0.4     3,-0.0    -1,-0.0  -0.917   9.0-153.6 -98.2 109.9  -23.8  -41.4   -4.4               
  241  241 A V        -     0   0  148     -2,-0.7     2,-0.4     1,-0.1     0, 0.0  -0.740  32.5-106.0 -80.0 127.0  -20.5  -39.7   -5.1               
  242  242 A G        -     0   0   73     -2,-0.4    -1,-0.1     1,-0.1    -2,-0.0  -0.490  41.0 -87.0 -71.4 120.0  -19.7  -40.0   -8.8               
  243  243 A K        -     0   0  207     -2,-0.4     2,-0.4     1,-0.1    -1,-0.1   0.231  23.1-149.5  -0.8 110.7  -17.0  -42.4  -10.2               
  244  244 A L        -     0   0  166      1,-0.0     2,-0.3     0, 0.0    -1,-0.1  -0.844  38.2-110.0 -87.9 128.2  -13.3  -41.7  -10.6               
  245  245 A V        -     0   0  130     -2,-0.4     2,-0.5     1,-0.1    -1,-0.0  -0.470  28.9-132.8 -70.4 124.2  -12.1  -43.7  -13.7               
  246  246 A T        -     0   0  132     -2,-0.3     2,-0.3     1,-0.0    -1,-0.1  -0.677  12.2-137.2 -83.5 120.2   -9.8  -46.6  -12.7               
  247  247 A L        -     0   0  165     -2,-0.5     2,-0.3     1,-0.1    -1,-0.0  -0.606  32.5-103.0 -80.7 140.8   -6.5  -47.1  -14.7               
  248  248 A R        -     0   0  237     -2,-0.3     2,-0.3     1,-0.1    -1,-0.1  -0.476  23.4-132.7 -80.4 127.1   -5.7  -50.7  -15.6               
  249  249 A N        -     0   0  167     -2,-0.3     2,-0.5     1,-0.0    -1,-0.1  -0.593  13.7-151.2 -73.8 129.3   -3.1  -52.9  -13.9               
  250  250 A V        -     0   0  134     -2,-0.3     2,-0.3     0, 0.0    -1,-0.0  -0.936  20.6-131.7-106.0 120.1   -0.6  -54.8  -16.1               
  251  251 A S        -     0   0  102     -2,-0.5     2,-0.4     1,-0.1    -2,-0.0  -0.545   5.7-133.0 -78.2 134.6    0.6  -58.0  -14.5               
  252  252 A T        -     0   0  137     -2,-0.3     2,-0.2     1,-0.0    -1,-0.1  -0.697  23.9-133.5 -81.6 123.5    4.3  -59.1  -14.3               
  253  253 A K        -     0   0  207     -2,-0.4     2,-0.3     1,-0.0    -1,-0.0  -0.613  24.5-135.5 -82.0 143.8    4.8  -62.8  -15.3               
  254  254 A K        -     0   0  181     -2,-0.2    -1,-0.0     1,-0.0     0, 0.0  -0.800  26.1 -20.6-103.9 145.0    7.0  -65.1  -13.0               
  255  255 A I        +     0   0  143     -2,-0.3    -1,-0.0     1,-0.0     0, 0.0   0.731  19.0 148.8  71.0 148.9    9.7  -67.7  -13.1               
  256  256 A P        -     0   0  120      0, 0.0     2,-0.1     0, 0.0    -1,-0.0   0.313  18.8-163.8-137.9 163.7   12.0  -70.1  -13.6               
  257  257 A T        -     0   0  128      0, 0.0     2,-0.3     0, 0.0     0, 0.0  -0.332   4.2-165.7 -57.0 137.6   15.5  -70.8  -12.3               
  258  258 A V        -     0   0  132     -2,-0.1     0, 0.0     1,-0.0     0, 0.0  -0.927  34.3 -72.4-139.9 121.1   18.3  -73.1  -13.6               
  259  259 A N        -     0   0  139     -2,-0.3     2,-0.0     1,-0.1    -1,-0.0   0.452  28.9-103.9   7.4 121.4   21.4  -74.3  -11.7               
  260  260 A R        -     0   0  233      0, 0.0     2,-0.3     0, 0.0    -1,-0.1   0.109  11.0-166.3  71.3  93.3   24.5  -73.7  -10.4               
  261  261 A I        -     0   0  172     -2,-0.0     0, 0.0     0, 0.0     0, 0.0  -0.967  20.4-158.8-135.2 125.2   28.2  -74.5  -11.3               
  262  262 A T        -     0   0  119     -2,-0.3     0, 0.0     1,-0.1     0, 0.0  -0.477  24.5 -74.2-106.6 171.8   30.8  -73.9   -8.5               
  263  263 A P        -     0   0  110      0, 0.0     2,-0.4     0, 0.0    -1,-0.1  -0.028  14.2-149.3 -98.1 167.1   34.6  -73.4   -8.8               
  264  264 A K        -     0   0  213      2,-0.0     2,-0.3     0, 0.0     0, 0.0  -0.972  19.9-162.0-127.0 119.5   38.1  -74.9   -9.5               
  265  265 A T        +     0   0  134     -2,-0.4     2,-0.2     2,-0.0     0, 0.0  -0.735  18.3 159.6 -81.4 134.1   41.1  -73.3   -7.8               
  266  266 A Q        -     0   0  197     -2,-0.3     2,-0.2     2,-0.0    -2,-0.0  -0.693  13.4-171.6-156.8 117.5   44.7  -73.8   -9.0               
  267  267 A G        -     0   0   74     -2,-0.2     2,-0.3     2,-0.0    -2,-0.0  -0.582   5.8-166.4 -83.2 157.8   47.6  -71.6   -8.1               
  268  268 A T        -     0   0  133     -2,-0.2     2,-0.4     2,-0.0    -2,-0.0  -0.869   5.0-171.5-144.1 116.4   51.1  -71.7   -9.5               
  269  269 A N        +     0   0  150     -2,-0.3     2,-0.2     2,-0.0    -2,-0.0  -0.868  10.9 167.4 -83.0 136.3   53.9  -69.7   -7.8               
  270  270 A Q        -     0   0  183     -2,-0.4     2,-0.3     2,-0.0    -2,-0.0  -0.798  15.5-158.0-154.4 133.5   57.2  -69.4   -9.5               
  271  271 A I        +     0   0  138     -2,-0.2     2,-0.2     2,-0.0    -2,-0.0  -0.647  12.8 173.4 -82.5 139.1   60.1  -67.1   -8.6               
  272  272 A Q        -     0   0  185     -2,-0.3     2,-0.3     2,-0.0    -2,-0.0  -0.787  10.2-166.7-150.4 119.0   63.0  -65.9  -10.7               
  273  273 A K        +     0   0  183     -2,-0.2     2,-0.3     0, 0.0    -2,-0.0  -0.680   8.7 174.9 -75.6 142.5   65.5  -63.2   -9.5               
  274  274 A N        -     0   0  167     -2,-0.3    -2,-0.0     0, 0.0     0, 0.0  -0.876  29.9-107.6-155.2 146.0   67.9  -61.4  -11.7               
  275  275 A T        -     0   0  134     -2,-0.3     2,-0.2     1,-0.1     0, 0.0   0.070  28.7-112.3 -72.9 160.9   70.3  -58.6  -10.7               
  276  276 A P        -     0   0  121      0, 0.0    -1,-0.1     0, 0.0     0, 0.0  -0.523  18.0-174.3 -99.1 158.4   70.4  -54.8  -11.5               
  277  277 A S        -     0   0  115     -2,-0.2     2,-0.1     0, 0.0     0, 0.0  -0.961  22.9-154.5-141.5 143.8   72.4  -52.1  -13.3               
  278  278 A P        +     0   0  111      0, 0.0     0, 0.0     0, 0.0     0, 0.0  -0.216  33.7 102.6-103.2-174.7   71.6  -48.3  -13.0               
  279  279 A D        +     0   0  142      1,-0.1     2,-0.2    -2,-0.1     0, 0.0   0.947  30.8 107.7  93.5  77.5   71.9  -44.9  -14.8               
  280  280 A V        -     0   0  140      2,-0.0     2,-0.4     0, 0.0    -1,-0.1  -0.661  51.7-148.2-143.4 113.7   69.5  -42.7  -16.6               
  281  281 A T        -     0   0  140     -2,-0.2     2,-0.6     1,-0.0     0, 0.0  -0.538  12.6-170.9 -68.9 117.2   68.7  -39.6  -14.5               
  282  282 A L        -     0   0  172     -2,-0.4     2,-0.8     0, 0.0    -1,-0.0  -0.873  15.9-172.4-110.9  91.8   65.2  -38.2  -14.9               
  283  283 A G        -     0   0   66     -2,-0.6    -2,-0.0     1,-0.1     0, 0.0  -0.875  25.1 -94.5 -96.2 103.5   65.3  -34.9  -13.0               
  284  284 A T        -     0   0  133     -2,-0.8    -1,-0.1     1,-0.1     0, 0.0   0.521  30.1-116.8  38.8 106.3   62.2  -32.8  -12.4               
  285  285 A N        +     0   0  153      1,-0.0    -1,-0.1     2,-0.0     0, 0.0  -0.543  43.4 128.9 -52.3 141.3   60.5  -29.9  -14.1               
  286  286 A P        +     0   0  121      0, 0.0    -1,-0.0     0, 0.0    -2,-0.0   0.019  26.5 107.7-151.3 141.1   59.7  -26.9  -13.2               
  287  287 A G        +     0   0   69      2,-0.0     2,-1.2     0, 0.0    -2,-0.0  -0.294  28.9 161.8-153.2  53.6   60.5  -23.6  -15.1               
  288  288 A T        -     0   0  129      1,-0.0     2,-1.2     2,-0.0    -3,-0.0  -0.754  32.4-147.5 -77.3  97.3   57.1  -22.4  -16.5               
  289  289 A E        -     0   0  177     -2,-1.2     2,-1.0     1,-0.1    -2,-0.0  -0.625  11.8-143.4 -61.9  94.3   57.9  -18.8  -17.2               
  290  290 A D        -     0   0  153     -2,-1.2     2,-0.7     1,-0.1    -1,-0.1  -0.623  16.9-130.8 -65.7 101.0   54.5  -17.3  -16.5               
  291  291 A I        -     0   0  132     -2,-1.0     2,-1.2     1,-0.1    -1,-0.1  -0.465  20.9-137.6 -59.5 102.6   54.4  -14.6  -19.2               
  292  292 A Q        -     0   0  185     -2,-0.7    -1,-0.1     2,-0.0    -2,-0.0  -0.558  15.6-161.4 -74.0  93.6   53.4  -11.6  -17.1               
  293  293 A F        -     0   0  168     -2,-1.2     2,-1.2     1,-0.1    -1,-0.0  -0.680  27.3-118.6 -70.2 127.3   50.8   -9.6  -19.1               
  294  294 A P        -     0   0  120      0, 0.0     2,-0.8     0, 0.0    -1,-0.1  -0.557  21.5-155.3 -75.6  99.5   50.6   -6.1  -17.6               
  295  295 A I        -     0   0  154     -2,-1.2     2,-0.4     1,-0.1    -3,-0.0  -0.686  29.7-118.6 -67.8 108.2   47.1   -5.6  -16.3               
  296  296 A Q        -     0   0  182     -2,-0.8     2,-0.9     1,-0.1    -1,-0.1  -0.397  24.8-135.6 -53.7 107.5   46.9   -1.8  -16.4               
  297  297 A K        -     0   0  197     -2,-0.4    -1,-0.1     2,-0.0    -2,-0.0  -0.639   9.2-154.7 -69.6 102.7   46.3   -0.7  -12.8               
  298  298 A I        -     0   0  142     -2,-0.9     2,-1.2     2,-0.1     0, 0.0  -0.760  33.2-119.2 -68.4 120.2   43.6    1.9  -12.8               
  299  299 A P        +     0   0  118      0, 0.0     2,-0.3     0, 0.0    -1,-0.1  -0.591  64.8 133.1 -82.3  97.2   44.7    3.6   -9.5               
  300  300 A L        -     0   0  153     -2,-1.2     2,-0.9     2,-0.0    -2,-0.1  -0.807  41.8-159.4-130.5  89.1   42.0    3.4   -6.8               
  301  301 A G        +     0   0   74     -2,-0.3     2,-0.2     2,-0.1     0, 0.0  -0.688  38.1 129.6 -76.7 105.0   43.9    2.2   -3.8               
  302  302 A L        -     0   0  167     -2,-0.9     2,-1.0     0, 0.0    -2,-0.0  -0.746  38.1-158.8-146.4 105.2   41.8    0.6   -1.1               
  303  303 A D        +     0   0  139     -2,-0.2     2,-0.3     1,-0.1    -2,-0.1  -0.722  13.9 178.5 -79.0  98.5   43.1   -2.8    0.1               
  304  304 A L        +     0   0  166     -2,-1.0     2,-0.5     3,-0.0     3,-0.2  -0.442  24.3 139.1-106.2  55.8   40.0   -4.4    1.7               
  305  305 A K        +     0   0  164     -2,-0.3    -2,-0.0     1,-0.2     0, 0.0  -0.886  49.4  50.3 -87.0 134.7   41.4   -7.8    2.8               
  306  306 A N        +     0   0  149     -2,-0.5     2,-0.2     1,-0.1    -1,-0.2   0.848  57.3 108.8 102.8  58.4   40.1   -8.9    6.3               
  307  307 A L        -     0   0  162     -3,-0.2     2,-1.2     2,-0.1    -1,-0.1  -0.673  36.0-176.5-138.0  95.1   36.5   -9.0    7.3               
  308  308 A R        +     0   0  259     -2,-0.2     0, 0.0     2,-0.0     0, 0.0  -0.737  11.1 170.3 -79.0  93.9   35.2  -12.6    7.5               
  309  309 A L        -     0   0  142     -2,-1.2     2,-0.8     1,-0.0    -2,-0.1  -0.854  50.6 -92.5 -94.2 146.3   31.5  -12.2    8.4               
  310  310 A P        -     0   0  125      0, 0.0     2,-0.9     0, 0.0    -2,-0.0  -0.409  42.4-142.9 -63.7 102.3   29.4  -15.5    8.2               
  311  311 A R        -     0   0  177     -2,-0.8     2,-1.3     1,-0.1    -3,-0.0  -0.587   3.0-144.6 -68.1 104.1   28.1  -15.5    4.6               
  312  312 A R        -     0   0  212     -2,-0.9     2,-0.6     2,-0.0    -1,-0.1  -0.627  14.4-154.2 -62.2  93.3   24.6  -16.9    4.6               
  313  313 A K        -     0   0  189     -2,-1.3     2,-1.2     1,-0.0    -2,-0.0  -0.729  14.5-136.1 -63.9 113.4   24.8  -18.7    1.2               
  314  314 A M        -     0   0  147     -2,-0.6     2,-0.5    25,-0.1    -2,-0.0  -0.772  21.9-162.0 -78.7  95.4   21.1  -18.7    0.3               
  315  315 A S    >   -     0   0   59     -2,-1.2     3,-0.6     1,-0.1    -2,-0.0  -0.765  13.4-157.8 -77.2 126.1   20.8  -22.3   -1.0               
  316  316 A F  G >  S+     0   0   55     -2,-0.5     3,-0.5     1,-0.2    -1,-0.1   0.385  77.9  89.2 -78.3   2.4   17.6  -22.7   -3.1               
  317  317 A D  G 3  S+     0   0  139      1,-0.2     2,-0.3     3,-0.0    -1,-0.2   0.726  73.0  65.0 -77.9 -22.1   17.8  -26.4   -2.3               
  318  318 A I  G <  S+     0   0  152     -3,-0.6     2,-0.4     2,-0.1    -1,-0.2  -0.207  79.0 118.9 -93.2  36.8   15.7  -26.3    0.9               
  319  319 A I  S <  S-     0   0   55     -3,-0.5     2,-0.4    -2,-0.3    -3,-0.0  -0.918  75.3-107.5-110.9 134.9   12.5  -25.2   -0.9               
  320  320 A D    >   -     0   0  100     -2,-0.4     3,-0.7     1,-0.2     7,-0.2  -0.427  24.2-157.3 -58.9 111.4    9.3  -27.1   -1.0               
  321  321 A K  T 3  S+     0   0  162     -2,-0.4    -1,-0.2     1,-0.2     6,-0.0   0.594  88.0  65.6 -69.5 -13.0    9.1  -28.5   -4.5               
  322  322 A S  T 3  S+     0   0   91      1,-0.0     2,-0.6     5,-0.0    -1,-0.2   0.803  81.0  89.3 -79.9 -26.0    5.3  -28.8   -4.2               
  323  323 A D    <>  -     0   0   55     -3,-0.7     4,-1.6     1,-0.2     5,-0.1  -0.558  58.3-165.1 -80.4 115.4    4.7  -25.0   -4.0               
  324  324 A V  H  > S+     0   0  104     -2,-0.6     4,-2.4     2,-0.2     5,-0.2   0.869  88.8  54.0 -64.4 -36.7    4.2  -23.4   -7.4               
  325  325 A F  H  > S+     0   0  104      2,-0.2     4,-2.9     1,-0.2    -1,-0.2   0.905 105.0  52.5 -72.4 -38.5    4.8  -19.9   -6.1               
  326  326 A S  H  > S+     0   0   43      2,-0.2     4,-2.2     1,-0.2    -1,-0.2   0.918 110.9  48.8 -59.1 -42.3    8.2  -20.8   -4.5               
  327  327 A R  H  X S+     0   0  132     -4,-1.6     4,-2.1     2,-0.2    -2,-0.2   0.960 113.0  46.2 -61.1 -50.2    9.2  -22.2   -7.9               
  328  328 A F  H  X S+     0   0  104     -4,-2.4     4,-2.4     1,-0.2    -2,-0.2   0.894 110.9  53.7 -61.0 -39.9    8.1  -19.0   -9.8               
  329  329 A G  H  X S+     0   0   27     -4,-2.9     4,-2.3     1,-0.2    -1,-0.2   0.923 108.8  48.4 -60.6 -44.4    9.8  -16.8   -7.1               
  330  330 A I  H  X S+     0   0   25     -4,-2.2     4,-2.5     2,-0.2    -1,-0.2   0.894 109.5  53.9 -62.3 -41.0   13.1  -18.7   -7.7               
  331  331 A E  H  X S+     0   0  124     -4,-2.1     4,-3.2     2,-0.2    -2,-0.2   0.932 109.5  46.6 -62.2 -43.2   12.7  -18.3  -11.5               
  332  332 A I  H  X S+     0   0   46     -4,-2.4     4,-2.6     2,-0.2     6,-0.2   0.922 113.0  50.1 -62.1 -44.0   12.3  -14.4  -11.1               
  333  333 A I  H  <>S+     0   0   59     -4,-2.3     5,-2.3     2,-0.2     6,-0.9   0.877 115.5  43.3 -62.1 -39.4   15.3  -14.4   -8.7               
  334  334 A K  H ><5S+     0   0  115     -4,-2.5     3,-1.2     3,-0.2    -2,-0.2   0.955 113.9  50.0 -69.7 -48.7   17.4  -16.4  -11.3               
  335  335 A W  H 3<5S+     0   0  131     -4,-3.2    -2,-0.2     1,-0.3    -3,-0.2   0.858 114.8  43.5 -59.7 -41.5   16.1  -14.3  -14.3               
  336  336 A A  T 3<5S-     0   0    1     -4,-2.6    -1,-0.3    -5,-0.2   142,-0.2   0.472 111.4-123.8 -81.3  -5.4   16.9  -11.0  -12.6               
  337  337 A G  T X>5 +     0   0    9     -3,-1.2     3,-0.7    -4,-0.2     4,-0.5   0.810  63.9 142.2  68.1  27.9   20.3  -12.4  -11.4               
  338  338 A F  G >4< +     0   0   65     -5,-2.3     3,-0.7    -6,-0.2     4,-0.4   0.833  66.3  65.0 -66.3 -28.8   19.7  -11.8   -7.7               
  339  339 A H  G 34 S+     0   0   87     -6,-0.9    -1,-0.2     1,-0.2     3,-0.2   0.749 103.7  45.2 -63.8 -25.8   21.5  -15.1   -6.9               
  340  340 A T  G X> S+     0   0   61     -3,-0.7     3,-1.5     1,-0.1     4,-1.0   0.591  86.2  91.8 -93.8 -11.6   24.8  -13.8   -8.3               
  341  341 A I  T << S+     0   0   30     -3,-0.7     3,-0.4    -4,-0.5     7,-0.2   0.814  80.8  56.6 -59.9 -36.8   24.8  -10.3   -6.6               
  342  342 A K  T 34 S+     0   0  126     -4,-0.4    -1,-0.3     1,-0.2    -2,-0.1   0.730 116.4  36.8 -66.6 -23.8   26.8  -11.4   -3.4               
  343  343 A D  T <4 S+     0   0  113     -3,-1.5     2,-1.1    -4,-0.1    -1,-0.2   0.420  90.7 107.4-107.7  -4.1   29.7  -12.7   -5.6               
  344  344 A D     X  -     0   0   49     -4,-1.0     4,-1.8    -3,-0.4     5,-0.1  -0.638  42.5-178.6 -82.5  98.8   29.4   -9.9   -8.3               
  345  345 A I  H  > S+     0   0  118     -2,-1.1     4,-2.4     2,-0.2    -1,-0.2   0.882  83.2  56.6 -61.3 -38.2   32.5   -7.6   -7.6               
  346  346 A K  H  > S+     0   0  120      1,-0.2     4,-2.6     2,-0.2     5,-0.2   0.913 105.4  50.4 -66.0 -42.0   31.3   -5.3  -10.5               
  347  347 A F  H  > S+     0   0   35      2,-0.2     4,-2.2     1,-0.2    -1,-0.2   0.930 111.5  47.9 -58.5 -47.0   27.9   -4.8   -8.8               
  348  348 A S  H  X S+     0   0   65     -4,-1.8     4,-2.2     2,-0.2    -2,-0.2   0.899 113.0  48.4 -64.2 -40.1   29.6   -3.9   -5.5               
  349  349 A Q  H  X S+     0   0  118     -4,-2.4     4,-2.4     2,-0.2    -2,-0.2   0.924 112.4  48.0 -64.5 -46.0   32.0   -1.4   -7.2               
  350  350 A L  H  < S+     0   0   40     -4,-2.6     4,-0.4     1,-0.2    -2,-0.2   0.862 112.6  49.9 -63.1 -36.8   29.2    0.3   -9.1               
  351  351 A F  H >< S+     0   0  114     -4,-2.2     3,-0.8    -5,-0.2     4,-0.3   0.915 111.4  47.5 -68.0 -43.0   27.2    0.6   -5.9               
  352  352 A Q  H >< S+     0   0  125     -4,-2.2     3,-0.5     1,-0.2     4,-0.2   0.920 115.5  45.3 -64.1 -41.1   30.1    2.1   -4.0               
  353  353 A T  T 3X S+     0   0   50     -4,-2.4     4,-1.2     1,-0.2     3,-0.4   0.477  84.3 102.8 -80.1  -2.4   30.8    4.6   -6.8               
  354  354 A L  T <4 S+     0   0    6     -3,-0.8     5,-0.3    -4,-0.4    -1,-0.2   0.787  98.6  16.3 -57.0 -39.2   27.1    5.5   -7.2               
  355  355 A F  T <4 S+     0   0  130     -3,-0.5    -1,-0.3    -4,-0.3    -2,-0.1   0.284 107.6  83.4-117.1   2.0   27.3    8.9   -5.4               
  356  356 A E  T  4 S+     0   0  127     -3,-0.4     2,-0.5    -4,-0.2    -2,-0.2   0.821  96.8  43.9 -73.7 -31.0   31.1    9.4   -5.4               
  357  357 A L  S  < S-     0   0   98     -4,-1.2     2,-1.3     0, 0.0    -1,-0.2  -0.961  86.2-132.6-119.4 118.3   30.9   10.8   -9.0               
  358  358 A E        -     0   0  180     -2,-0.5     2,-0.2    -3,-0.1    -3,-0.1  -0.530  31.1-175.1 -72.3  94.5   28.1   13.4   -9.8               
  359  359 A T     >  -     0   0    4     -2,-1.3     4,-2.2    -5,-0.3     5,-0.2  -0.533  37.2-116.7 -78.6 158.0   26.6   12.1  -13.1               
  360  360 A E  H  > S+     0   0  115      1,-0.2     4,-2.6     2,-0.2     5,-0.2   0.904 118.8  54.7 -64.2 -37.9   23.9   14.1  -14.9               
  361  361 A T  H  > S+     0   0   35      2,-0.2     4,-2.7     1,-0.2    -1,-0.2   0.917 106.7  50.8 -58.5 -44.3   21.5   11.2  -14.3               
  362  362 A C  H  > S+     0   0    6      2,-0.2     4,-2.8     1,-0.2     5,-0.2   0.953 112.4  45.8 -61.0 -47.3   22.2   11.4  -10.5               
  363  363 A A  H  X S+     0   0   58     -4,-2.2     4,-2.3     1,-0.2    -2,-0.2   0.925 115.5  46.1 -61.0 -46.2   21.5   15.1  -10.4               
  364  364 A K  H  X S+     0   0  131     -4,-2.6     4,-2.1     2,-0.2    -1,-0.2   0.887 113.8  49.0 -66.1 -39.2   18.3   14.8  -12.6               
  365  365 A M  H  X S+     0   0   29     -4,-2.7     4,-1.9     2,-0.2     5,-0.2   0.963 111.2  49.0 -65.5 -48.4   17.1   11.8  -10.5               
  366  366 A L  H  X S+     0   0   63     -4,-2.8     4,-2.2     1,-0.2     5,-0.2   0.894 111.7  49.9 -58.0 -41.8   17.8   13.7   -7.2               
  367  367 A A  H  X S+     0   0   51     -4,-2.3     4,-2.4    -5,-0.2    -1,-0.2   0.907 109.0  52.6 -61.9 -40.1   15.9   16.7   -8.6               
  368  368 A S  H  < S+     0   0   79     -4,-2.1    -2,-0.2     1,-0.2    -1,-0.2   0.815 115.2  40.7 -66.3 -32.9   12.9   14.4   -9.6               
  369  369 A F  H  < S+     0   0  119     -4,-1.9    -1,-0.2     1,-0.1    -2,-0.2   0.782 120.8  42.1 -83.0 -32.4   12.7   12.9   -6.0               
  370  370 A K  H  < S+     0   0  165     -4,-2.2     2,-0.5    -5,-0.2    -2,-0.2   0.776 113.4  51.1 -85.7 -30.6   13.3   16.3   -4.1               
  371  371 A C  S  < S-     0   0   83     -4,-2.4     2,-0.5    -5,-0.2    -1,-0.2  -0.944  74.9-135.8-118.9 121.3   11.0   18.5   -6.3               
  372  372 A S        -     0   0  104     -2,-0.5    -3,-0.1    -3,-0.1    -4,-0.1  -0.596  29.9-129.1 -66.4 122.1    7.4   17.9   -7.2               
  373  373 A L        -     0   0   78     -2,-0.5     5,-0.1    -5,-0.2    -1,-0.1  -0.338  35.9 -85.4 -62.0 152.7    7.1   18.8  -10.9               
  374  374 A K    >>  -     0   0  141      1,-0.1     4,-2.3     4,-0.1     3,-0.6  -0.310  44.5-108.7 -53.3 144.8    4.2   21.2  -11.9               
  375  375 A P  H 3> S+     0   0   75      0, 0.0     4,-3.1     0, 0.0     5,-0.2   0.916 120.6  52.9 -46.1 -48.8    0.9   19.3  -12.5               
  376  376 A E  H 3> S+     0   0  147      1,-0.2     4,-2.5     2,-0.2     5,-0.1   0.839 111.2  45.8 -54.9 -41.6    1.1   19.9  -16.3               
  377  377 A H  H <> S+     0   0   98     -3,-0.6     4,-2.5     2,-0.2    -1,-0.2   0.861 113.4  49.1 -73.9 -36.6    4.7   18.4  -16.4               
  378  378 A R  H  X S+     0   0  107     -4,-2.3     4,-2.7     2,-0.2    -2,-0.2   0.960 112.8  47.7 -63.4 -49.8    3.8   15.4  -14.2               
  379  379 A D  H  X S+     0   0   79     -4,-3.1     4,-3.4     2,-0.2     5,-0.3   0.926 111.3  51.5 -58.0 -45.3    0.8   14.8  -16.4               
  380  380 A F  H  X S+     0   0  141     -4,-2.5     4,-2.3    -5,-0.2     5,-0.2   0.942 111.7  46.4 -56.1 -49.7    3.1   15.1  -19.5               
  381  381 A C  H  X S+     0   0   62     -4,-2.5     4,-0.8     1,-0.2    -2,-0.2   0.902 119.6  40.3 -59.9 -42.2    5.6   12.6  -18.0               
  382  382 A F  H  < S+     0   0  134     -4,-2.7    -2,-0.2     2,-0.2    -1,-0.2   0.858 118.3  45.4 -77.7 -36.4    2.7   10.1  -17.1               
  383  383 A F  H  < S+     0   0  152     -4,-3.4    -2,-0.2    -5,-0.2    -3,-0.2   0.766 105.8  60.4 -80.6 -26.3    0.6   10.6  -20.3               
  384  384 A T  H  < S+     0   0   87     -4,-2.3     2,-0.7    -5,-0.3    -1,-0.2   0.859  98.5  67.6 -66.0 -34.2    3.7   10.3  -22.6               
  385  385 A I  S  < S-     0   0  123     -4,-0.8     2,-0.3    -5,-0.2    -1,-0.1  -0.772  89.6-131.2 -90.8 115.1    4.3    6.8  -21.3               
  386  386 A K        -     0   0  195     -2,-0.7    -3,-0.1     1,-0.1     3,-0.1  -0.496  30.7-113.9 -60.5 122.5    1.6    4.3  -22.3               
  387  387 A F        -     0   0  143     -2,-0.3     2,-0.7     1,-0.1    -1,-0.1  -0.265  33.1 -99.9 -52.5 138.8    0.5    2.5  -19.1               
  388  388 A L        -     0   0  144      1,-0.1     2,-1.9     5,-0.1    -1,-0.1  -0.544  33.6-147.1 -60.2 107.2    1.3   -1.3  -19.1               
  389  389 A K        +     0   0  214     -2,-0.7     2,-0.5    -3,-0.1    -1,-0.1  -0.445  48.6 137.8 -79.1  59.0   -2.1   -2.7  -20.1               
  390  390 A H    >>  -     0   0   96     -2,-1.9     3,-1.2     1,-0.2     4,-0.7  -0.959  54.9-138.7-100.3 130.3   -1.7   -5.9  -18.0               
  391  391 A S  G >4 S+     0   0   54     -2,-0.5     3,-1.2     1,-0.3   128,-0.2   0.952 104.6  46.6 -51.8 -50.7   -5.0   -6.8  -16.2               
  392  392 A A  G 34 S+     0   0   23    125,-0.5    -1,-0.3     1,-0.2   127,-0.1   0.577 109.7  54.9 -66.7 -16.0   -3.0   -7.7  -13.0               
  393  393 A L  G <4 S+     0   0   83     -3,-1.2    -1,-0.2    -5,-0.1     2,-0.2   0.432  77.3 108.8-104.7  -2.4   -0.8   -4.5  -13.1               
  394  394 A K  S << S-     0   0  126     -3,-1.2     3,-0.1    -4,-0.7    -5,-0.0  -0.561  92.3 -90.1 -67.4 141.6   -3.5   -1.8  -13.2               
  395  395 A T        -     0   0   99     -2,-0.2    -1,-0.1     1,-0.1    -2,-0.1  -0.393  53.4-120.1 -51.1 111.8   -3.7    0.1   -9.8               
  396  396 A P        -     0   0   11      0, 0.0     2,-0.3     0, 0.0   125,-0.2  -0.251  27.2-144.0 -60.5 143.7   -6.3   -2.2   -8.1               
  397  397 A R  B     -a  521   0A 189    123,-0.6   125,-0.6    -3,-0.1     2,-0.4  -0.761  24.3-100.2-102.8 155.3   -9.5   -0.4   -7.1               
  398  398 A V        -     0   0   35     -2,-0.3     2,-0.2   123,-0.1     3,-0.0  -0.685  52.0-105.6 -67.0 130.0  -11.5   -1.0   -3.9               
  399  399 A D     >  -     0   0   38     -2,-0.4     4,-2.6     1,-0.2     5,-0.2  -0.435  21.7-146.7 -61.8 125.7  -14.4   -3.1   -5.2               
  400  400 A N  H  > S+     0   0  120      2,-0.2     4,-3.1     1,-0.2     5,-0.2   0.884 101.8  57.6 -65.3 -33.5  -17.5   -0.9   -5.3               
  401  401 A E  H  > S+     0   0  168      2,-0.2     4,-2.6     1,-0.2    -1,-0.2   0.867 110.1  45.3 -58.4 -36.6  -19.6   -4.0   -4.4               
  402  402 A F  H  > S+     0   0   28      2,-0.2     4,-2.4     3,-0.2    -2,-0.2   0.908 113.2  47.4 -75.8 -43.0  -17.4   -4.2   -1.3               
  403  403 A L  H  X S+     0   0   34     -4,-2.6     4,-1.7     2,-0.2    -2,-0.2   0.918 116.2  46.1 -63.3 -41.3  -17.6   -0.5   -0.4               
  404  404 A N  H  X S+     0   0   70     -4,-3.1     4,-3.5     2,-0.2     3,-0.5   0.963 111.6  51.1 -65.1 -47.0  -21.4   -0.7   -1.0               
  405  405 A M  H  X S+     0   0   61     -4,-2.6     4,-2.3     1,-0.2    -2,-0.2   0.857 110.6  49.8 -58.4 -35.9  -21.5   -3.9    1.2               
  406  406 A L  H  <>S+     0   0   10     -4,-2.4     5,-2.2     2,-0.2     6,-1.4   0.814 114.8  43.3 -71.5 -32.0  -19.5   -2.0    3.9               
  407  407 A L  H ><5S+     0   0   52     -4,-1.7     3,-1.7    -3,-0.5    -2,-0.2   0.930 115.4  49.8 -71.2 -45.1  -22.0    0.9    3.7               
  408  408 A D  H 3<5S+     0   0  126     -4,-3.5    -2,-0.2     1,-0.3    -3,-0.2   0.819 107.0  54.0 -64.4 -37.4  -25.0   -1.6    3.6               
  409  409 A K  T 3<5S-     0   0  140     -4,-2.3    -1,-0.3    -5,-0.3   135,-0.2   0.310 115.0-119.5 -79.9   9.2  -23.6   -3.5    6.6               
  410  410 A G  T < 5S+     0   0   56     -3,-1.7    -3,-0.2     2,-0.1    -2,-0.1   0.740  78.1 127.7  67.1  23.1  -23.6   -0.1    8.5               
  411  411 A A      < +     0   0   15     -5,-2.2     2,-0.4     1,-0.2    -4,-0.2   0.920  64.3  34.8 -94.2 -42.3  -19.9   -0.5    8.9               
  412  412 A V        -     0   0   15     -6,-1.4    -1,-0.2    -9,-0.2    -2,-0.1  -0.936  67.4-156.0-109.1 131.7  -18.5    2.8    7.5               
  413  413 A K  S    S-     0   0  167     -2,-0.4     2,-0.3     1,-0.3    -1,-0.1   0.888  74.7  -5.0 -73.8 -42.2  -20.6    6.0    8.1               
  414  414 A T     >  -     0   0   33    385,-0.0     4,-1.0     1,-0.0     3,-0.4  -0.982  68.0-111.3-146.5 155.3  -19.2    8.0    5.2               
  415  415 A K  T  4 S+     0   0  122     -2,-0.3     4,-0.3     1,-0.2    -2,-0.0   0.760 120.7  58.0 -57.7 -21.4  -16.5    7.6    2.5               
  416  416 A N  T >> S+     0   0  115      2,-0.2     3,-1.7     1,-0.2     4,-1.0   0.855  92.9  62.4 -80.7 -35.2  -14.8   10.5    4.5               
  417  417 A C  H 3> S+     0   0   57     -3,-0.4     4,-0.9     1,-0.3    -1,-0.2   0.808  95.7  64.9 -57.8 -27.1  -14.7    8.6    7.8               
  418  418 A F  H 3< S+     0   0   63     -4,-1.0    -1,-0.3     1,-0.2    -2,-0.2   0.815  97.9  54.5 -60.5 -31.5  -12.5    6.1    5.8               
  419  419 A F  H X4 S+     0   0  123     -3,-1.7     3,-1.7    -4,-0.3     4,-0.2   0.813  96.6  60.4 -82.2 -28.2   -9.8    8.9    5.5               
  420  420 A E  H >< S+     0   0  134     -4,-1.0     3,-0.9     1,-0.3    -1,-0.2   0.851  99.1  60.8 -66.0 -27.1   -9.4    9.8    9.3               
  421  421 A I  T 3< S+     0   0   79     -4,-0.9    -1,-0.3     1,-0.2     4,-0.2   0.613  83.3  88.7 -67.9 -10.4   -8.3    6.1    9.6               
  422  422 A I  T X   +     0   0   54     -3,-1.7     3,-2.1     1,-0.2     4,-0.5   0.724  59.6  85.7 -71.2 -18.5   -5.4    7.0    7.2               
  423  423 A K  G X  S+     0   0  152     -3,-0.9     3,-1.8     1,-0.3     4,-0.4   0.902  87.3  52.2 -53.3 -47.5   -2.9    8.2    9.9               
  424  424 A P  G 3  S+     0   0   71      0, 0.0     3,-0.5     0, 0.0     4,-0.4   0.673  96.3  73.4 -59.4 -15.0   -1.6    4.6   10.6               
  425  425 A F  G X> S+     0   0   42     -3,-2.1     4,-2.6    -4,-0.2     3,-0.8   0.718  75.2  78.9 -71.7 -19.1   -1.0    4.4    6.7               
  426  426 A D  H <> S+     0   0   99     -3,-1.8     4,-3.1    -4,-0.5     5,-0.2   0.920  89.5  54.7 -59.1 -38.3    2.0    6.7    7.1               
  427  427 A K  H 3> S+     0   0  131     -3,-0.5     4,-1.7    -4,-0.4    -1,-0.3   0.847 111.2  45.3 -58.4 -36.2    4.1    3.7    8.3               
  428  428 A Y  H <> S+     0   0   32     -3,-0.8     4,-2.3    -4,-0.4    -2,-0.2   0.880 111.2  51.4 -78.6 -37.3    3.1    1.9    5.1               
  429  429 A I  H  X S+     0   0   77     -4,-2.6     4,-2.9     2,-0.2    -2,-0.2   0.940 110.9  49.5 -62.1 -45.4    3.8    5.0    2.8               
  430  430 A M  H  X S+     0   0  112     -4,-3.1     4,-2.4     1,-0.2    -2,-0.2   0.918 111.8  48.0 -59.3 -45.0    7.3    5.2    4.5               
  431  431 A R  H  X S+     0   0  107     -4,-1.7     4,-1.8    -5,-0.2    -1,-0.2   0.879 112.6  49.6 -61.8 -38.6    7.8    1.4    3.8               
  432  432 A L  H  X S+     0   0   51     -4,-2.3     4,-2.8     2,-0.2    -2,-0.2   0.927 110.1  49.8 -67.2 -44.6    6.6    2.0    0.2               
  433  433 A Q  H  X S+     0   0  110     -4,-2.9     4,-2.6     2,-0.2    -2,-0.2   0.915 110.9  49.9 -60.3 -44.3    9.0    5.0   -0.3               
  434  434 A D  H  X S+     0   0   70     -4,-2.4     4,-2.3     2,-0.2    -1,-0.2   0.905 113.3  46.3 -60.5 -42.1   11.9    2.9    1.0               
  435  435 A R  H  X S+     0   0  125     -4,-1.8     4,-1.8     2,-0.2    -2,-0.2   0.913 111.2  51.5 -71.1 -39.1   11.0    0.0   -1.4               
  436  436 A L  H  X S+     0   0   70     -4,-2.8     4,-1.5     2,-0.2    -2,-0.2   0.939 110.0  50.0 -59.0 -46.2   10.6    2.4   -4.4               
  437  437 A L  H >X S+     0   0   91     -4,-2.6     4,-1.6     1,-0.2     3,-0.5   0.935 110.0  50.3 -60.7 -44.2   14.1    3.9   -3.6               
  438  438 A K  H 3< S+     0   0   94     -4,-2.3    -1,-0.2     1,-0.2    -2,-0.2   0.829 109.5  52.0 -59.1 -36.1   15.6    0.3   -3.4               
  439  439 A S  H 3X S+     0   0    0     -4,-1.8     4,-0.5    -3,-0.2    -1,-0.2   0.784 109.5  49.2 -72.8 -26.9   14.0   -0.4   -6.8               
  440  440 A V  H <X S+     0   0   27     -4,-1.5     4,-2.7    -3,-0.5     3,-0.3   0.777  92.3  77.8 -84.0 -27.8   15.5    2.8   -8.4               
  441  441 A T  H  X S+     0   0   33     -4,-1.6     4,-2.5     1,-0.2    -1,-0.2   0.890  95.8  45.9 -53.3 -46.9   19.1    2.1   -7.2               
  442  442 A P  H  > S+     0   0    7      0, 0.0     4,-2.2     0, 0.0    -1,-0.2   0.868 112.5  51.7 -63.8 -34.7   19.8   -0.6   -9.9               
  443  443 A L  H  X S+     0   0   75     -4,-0.5     4,-2.2    -3,-0.3    -2,-0.2   0.923 110.6  47.6 -67.7 -42.0   18.3    1.7  -12.6               
  444  444 A L  H  X S+     0   0    6     -4,-2.7     4,-2.9     2,-0.2     5,-0.2   0.930 111.8  50.7 -61.9 -44.9   20.5    4.6  -11.4               
  445  445 A M  H  X S+     0   0    2     -4,-2.5     4,-2.7    -5,-0.2    -2,-0.2   0.901 109.7  51.3 -57.3 -42.1   23.5    2.2  -11.4               
  446  446 A A  H  X S+     0   0    2     -4,-2.2     4,-1.7     2,-0.2    -2,-0.2   0.921 114.4  41.6 -63.5 -45.8   22.6    1.1  -15.0               
  447  447 A C  H  X S+     0   0   48     -4,-2.2     4,-2.8     2,-0.2    -2,-0.2   0.903 115.8  49.8 -69.0 -41.7   22.4    4.7  -16.3               
  448  448 A N  H  X S+     0   0   10     -4,-2.9     4,-2.4     2,-0.2     5,-0.2   0.932 109.2  51.5 -64.4 -45.2   25.6    5.8  -14.4               
  449  449 A A  H  X S+     0   0   18     -4,-2.7     4,-2.3    -5,-0.2    -1,-0.2   0.919 113.1  46.6 -57.1 -43.3   27.6    2.8  -15.7               
  450  450 A Y  H  X S+     0   0  125     -4,-1.7     4,-2.4    -5,-0.2     5,-0.2   0.964 111.3  49.7 -63.8 -51.8   26.5    3.8  -19.3               
  451  451 A E  H  X S+     0   0   38     -4,-2.8     4,-2.2     1,-0.2    -2,-0.2   0.872 113.8  46.9 -56.5 -39.8   27.3    7.5  -18.9               
  452  452 A L  H  X S+     0   0   43     -4,-2.4     4,-2.6     2,-0.2    -1,-0.2   0.926 110.2  51.3 -70.2 -42.6   30.8    6.7  -17.5               
  453  453 A S  H  <>S+     0   0   15     -4,-2.3     5,-1.4    -5,-0.2     6,-0.7   0.896 112.5  47.6 -61.5 -37.3   31.6    4.2  -20.2               
  454  454 A V  H ><5S+     0   0   70     -4,-2.4     3,-1.1     2,-0.2    -2,-0.2   0.939 112.9  47.8 -66.7 -47.1   30.6    6.8  -22.9               
  455  455 A K  H 3<5S+     0   0  127     -4,-2.2    -2,-0.2     1,-0.2    -1,-0.2   0.866 113.0  48.8 -62.6 -36.8   32.8    9.5  -21.1               
  456  456 A M  T 3<5S-     0   0  137     -4,-2.6    -1,-0.2    -5,-0.1    -2,-0.2   0.481 102.4-133.7 -80.6  -4.4   35.7    7.1  -20.9               
  457  457 A K  T X 5 +     0   0  176     -3,-1.1     3,-0.5    -4,-0.4    -3,-0.2   0.730  63.5 135.7  52.6  27.5   35.4    6.1  -24.7               
  458  458 A T  G > < +     0   0   67     -5,-1.4     3,-0.7     1,-0.2    -4,-0.1   0.641  50.1  80.4 -76.6 -13.5   35.8    2.4  -23.5               
  459  459 A L  G 3   +     0   0   43     -6,-0.7    -1,-0.2     1,-0.2     6,-0.1   0.041  58.0 104.6 -82.3  23.1   32.9    1.4  -25.9               
  460  460 A S  G <   +     0   0  107     -3,-0.5    -1,-0.2     4,-0.0    -2,-0.1   0.829  69.8  67.4 -72.7 -31.8   35.1    1.4  -29.0               
  461  461 A N  S <> S-     0   0   69     -3,-0.7     4,-2.2     1,-0.1     5,-0.2  -0.762  79.9-137.9 -91.1 132.0   35.2   -2.5  -29.0               
  462  462 A P  H  > S+     0   0  102      0, 0.0     4,-2.2     0, 0.0    -1,-0.1   0.823 106.2  55.5 -54.9 -31.6   32.0   -4.4  -29.9               
  463  463 A L  H  > S+     0   0  105      2,-0.2     4,-2.5     1,-0.2     5,-0.2   0.930 107.1  46.9 -68.2 -44.6   32.9   -6.9  -27.0               
  464  464 A D  H  > S+     0   0   71      1,-0.2     4,-2.4     2,-0.2    -1,-0.2   0.891 113.5  50.2 -65.6 -37.3   33.1   -4.1  -24.4               
  465  465 A L  H  X S+     0   0   67     -4,-2.2     4,-2.8     2,-0.2    -1,-0.2   0.917 109.6  50.2 -64.0 -45.2   29.8   -2.7  -25.6               
  466  466 A A  H  X S+     0   0   53     -4,-2.2     4,-2.4     2,-0.2    -2,-0.2   0.935 112.7  46.9 -60.7 -44.6   28.1   -6.1  -25.4               
  467  467 A L  H  X S+     0   0   71     -4,-2.5     4,-2.4     2,-0.2    -2,-0.2   0.908 112.2  50.2 -63.4 -43.6   29.4   -6.6  -21.8               
  468  468 A A  H  X S+     0   0   23     -4,-2.4     4,-2.7     2,-0.2    -2,-0.2   0.962 112.3  47.3 -59.3 -48.6   28.3   -3.1  -20.9               
  469  469 A L  H  X S+     0   0   95     -4,-2.8     4,-2.8     1,-0.2    -2,-0.2   0.869 110.3  52.6 -61.9 -39.0   24.8   -3.7  -22.4               
  470  470 A E  H  X S+     0   0  132     -4,-2.4     4,-2.7     2,-0.2    -1,-0.2   0.933 111.2  46.5 -62.5 -43.8   24.6   -7.1  -20.6               
  471  471 A T  H  X S+     0   0   45     -4,-2.4     4,-2.6     2,-0.2    -2,-0.2   0.940 113.6  48.6 -64.5 -43.7   25.4   -5.4  -17.2               
  472  472 A T  H  X S+     0   0   32     -4,-2.7     4,-2.7     2,-0.2    -2,-0.2   0.923 112.8  48.3 -59.6 -45.0   22.8   -2.6  -17.9               
  473  473 A N  H  X S+     0   0   80     -4,-2.8     4,-2.6     2,-0.2    -2,-0.2   0.934 111.0  50.4 -63.7 -44.5   20.2   -5.3  -18.8               
  474  474 A S  H  X S+     0   0   37     -4,-2.7     4,-2.0     2,-0.2    -2,-0.2   0.933 112.9  46.5 -57.1 -46.9   21.0   -7.3  -15.6               
  475  475 A L  H  X S+     0   0    6     -4,-2.6     4,-2.3     2,-0.2    -2,-0.2   0.912 111.3  51.6 -64.6 -41.4   20.6   -4.1  -13.5               
  476  476 A C  H  X S+     0   0   41     -4,-2.7     4,-2.8     2,-0.2    -2,-0.2   0.916 108.4  51.6 -61.9 -42.1   17.3   -3.2  -15.3               
  477  477 A R  H  X S+     0   0   91     -4,-2.6     4,-2.5     2,-0.2    -2,-0.2   0.899 108.9  51.3 -62.4 -39.1   15.9   -6.7  -14.6               
  478  478 A K  H  X S+     0   0    1     -4,-2.0     4,-2.3  -142,-0.2    -2,-0.2   0.923 111.2  47.8 -60.7 -45.4   16.8   -6.2  -10.9               
  479  479 A S  H  X S+     0   0    4     -4,-2.3     4,-2.9     2,-0.2    -2,-0.2   0.946 111.9  49.7 -60.1 -47.5   14.9   -2.9  -11.0               
  480  480 A L  H  X S+     0   0  105     -4,-2.8     4,-2.7     2,-0.2    -2,-0.2   0.904 111.3  48.5 -59.4 -45.4   11.9   -4.5  -12.7               
  481  481 A A  H  X S+     0   0   12     -4,-2.5     4,-2.5     2,-0.2    -1,-0.2   0.932 114.3  45.9 -61.9 -44.3   11.7   -7.3  -10.2               
  482  482 A L  H  X S+     0   0   48     -4,-2.3     4,-2.2     2,-0.2    -2,-0.2   0.883 112.3  50.7 -67.1 -38.8   12.0   -4.9   -7.2               
  483  483 A L  H  X S+     0   0   68     -4,-2.9     4,-2.5   -44,-0.2    -2,-0.2   0.936 111.4  49.0 -61.8 -45.2    9.3   -2.5   -8.8               
  484  484 A G  H  X S+     0   0   37     -4,-2.7     4,-2.5     1,-0.2    -2,-0.2   0.926 112.4  47.5 -59.8 -44.6    7.0   -5.6   -9.2               
  485  485 A Q  H  X S+     0   0  115     -4,-2.5     4,-2.5     2,-0.2    -1,-0.2   0.861 111.0  52.1 -64.6 -35.1    7.7   -6.6   -5.6               
  486  486 A T  H  X S+     0   0    7     -4,-2.2     4,-2.1     2,-0.2    -2,-0.2   0.909 110.5  47.6 -68.1 -40.3    7.0   -3.0   -4.5               
  487  487 A F  H  X S+     0   0   65     -4,-2.5     4,-2.2     2,-0.2    -2,-0.2   0.915 111.9  50.3 -64.5 -43.2    3.7   -3.0   -6.4               
  488  488 A S  H  X S+     0   0   67     -4,-2.5     4,-2.6     1,-0.2    -2,-0.2   0.939 111.3  49.0 -59.9 -45.0    2.8   -6.4   -4.8               
  489  489 A L  H  X S+     0   0   43     -4,-2.5     4,-2.5     2,-0.2    -2,-0.2   0.873 109.9  50.8 -63.1 -40.8    3.6   -5.0   -1.3               
  490  490 A A  H  X S+     0   0   33     -4,-2.1     4,-1.5     2,-0.2    -1,-0.2   0.902 111.7  48.6 -62.9 -39.8    1.4   -1.9   -2.0               
  491  491 A S  H  X S+     0   0   20     -4,-2.2     4,-2.2     2,-0.2    -2,-0.2   0.927 111.4  49.1 -66.5 -42.7   -1.4   -4.2   -3.1               
  492  492 A S  H  X S+     0   0   40     -4,-2.6     4,-3.0     1,-0.2     5,-0.2   0.910 108.3  53.1 -67.0 -40.0   -1.0   -6.4    0.1               
  493  493 A F  H  X S+     0   0   24     -4,-2.5     4,-2.3     1,-0.2    -1,-0.2   0.875 110.5  49.0 -59.4 -37.3   -1.0   -3.3    2.4               
  494  494 A R  H  X S+     0   0   79     -4,-1.5     4,-2.0     2,-0.2    -2,-0.2   0.924 112.2  46.6 -68.2 -44.7   -4.3   -2.3    0.7               
  495  495 A Q  H  X S+     0   0   23     -4,-2.2     4,-2.7     2,-0.2    -2,-0.2   0.935 113.5  49.7 -59.4 -47.7   -5.8   -5.8    1.2               
  496  496 A E  H  X S+     0   0   61     -4,-3.0     4,-2.8     1,-0.2    -2,-0.2   0.917 111.9  47.7 -57.8 -47.3   -4.6   -5.9    4.9               
  497  497 A K  H  X S+     0   0   19     -4,-2.3     4,-2.0     2,-0.2    -1,-0.2   0.848 112.1  49.5 -66.2 -36.8   -6.1   -2.4    5.6               
  498  498 A I  H  X S+     0   0    6     -4,-2.0     4,-1.8     2,-0.2    -2,-0.2   0.949 113.7  45.6 -64.1 -47.5   -9.4   -3.3    4.0               
  499  499 A L  H  <>S+     0   0    9     -4,-2.7     5,-2.6     1,-0.2     6,-0.8   0.875 112.3  51.5 -66.9 -37.6   -9.6   -6.6    6.0               
  500  500 A E  H ><5S+     0   0   53     -4,-2.8     3,-1.2     4,-0.2    45,-0.4   0.903 106.9  54.3 -61.0 -43.3   -8.6   -4.7    9.2               
  501  501 A A  H 3<5S+     0   0   19     -4,-2.0    44,-1.6     1,-0.3    -2,-0.2   0.905 109.8  46.7 -60.9 -40.3  -11.4   -2.1    8.5               
  502  502 A V  T 3<5S-     0   0    2     -4,-1.8    41,-1.0    42,-0.2    -1,-0.3   0.472 114.8-117.3 -76.3  -5.4  -13.9   -5.0    8.3               
  503  503 A G  T < 5S+     0   0   36     -3,-1.2    -3,-0.2    -4,-0.3     3,-0.1   0.709  89.7 108.9  72.2  20.5  -12.5   -6.6   11.5               
  504  504 A L    >>< +     0   0    7     -5,-2.6     4,-2.8    -6,-0.2     3,-0.6   0.409  36.5 106.4-103.4  -3.3  -11.5   -9.7    9.5               
  505  505 A Q  T 34 S+     0   0   63     -6,-0.8    -5,-0.1     1,-0.3    -1,-0.1   0.815  90.7  29.0 -52.8 -42.6   -7.7   -9.2    9.5               
  506  506 A D  T 34 S+     0   0  156     -3,-0.1    -1,-0.3    -7,-0.1    -2,-0.1   0.583 127.5  41.7 -94.1 -15.6   -6.8  -12.0   12.1               
  507  507 A I  T <4 S+     0   0   92     -3,-0.6    -2,-0.2    -4,-0.1    -3,-0.1   0.789  97.6  76.2-105.9 -39.3   -9.8  -14.4   11.3               
  508  508 A A  S  < S-     0   0   11     -4,-2.8    23,-0.1     1,-0.1    -9,-0.0  -0.394  94.3 -85.6 -77.3 154.4  -10.2  -14.4    7.5               
  509  509 A P        -     0   0   37      0, 0.0    -1,-0.1     0, 0.0    -2,-0.1  -0.240  53.8 -98.3 -52.9 141.9   -7.9  -16.3    5.1               
  510  510 A S    >   -     0   0   74      1,-0.1     3,-1.9    -3,-0.1     4,-0.3  -0.496  21.8-141.3 -66.8 127.5   -4.7  -14.4    4.1               
  511  511 A P  G >  S+     0   0   12      0, 0.0     3,-1.4     0, 0.0    -1,-0.1   0.752  97.6  72.5 -58.1 -24.4   -5.1  -12.6    0.7               
  512  512 A A  G 3  S+     0   0   77      1,-0.3    -2,-0.1     3,-0.1   -20,-0.0   0.726  89.3  59.5 -65.7 -21.7   -1.4  -13.5   -0.1               
  513  513 A A  G <  S+     0   0   64     -3,-1.9    -1,-0.3     1,-0.2    -3,-0.0   0.624 105.8  50.7 -77.7 -14.4   -2.5  -17.2   -0.5               
  514  514 A F  S <  S-     0   0   45     -3,-1.4     2,-0.3    -4,-0.3    -1,-0.2  -0.657  77.8-172.7-124.9  66.3   -4.9  -16.2   -3.4               
  515  515 A P        -     0   0   40      0, 0.0     2,-0.7     0, 0.0     8,-0.1  -0.500  20.7-133.0 -66.3 128.7   -2.8  -14.1   -5.8               
  516  516 A N        +     0   0   36     -2,-0.3     8,-0.1     6,-0.2    -2,-0.0  -0.720  42.3 151.8 -86.8 111.6   -4.9  -12.5   -8.5               
  517  517 A F        +     0   0  111     -2,-0.7  -125,-0.5  -124,-0.0    -1,-0.2   0.548  64.4  62.4-107.9 -13.6   -3.3  -12.9  -12.0               
  518  518 A E  S    S+     0   0  153   -127,-0.1  -127,-0.2  -126,-0.1     2,-0.1   0.924 107.4  11.0 -85.8 -46.9   -6.5  -12.9  -14.2               
  519  519 A D  S    S-     0   0   34   -128,-0.2  -125,-0.1     2,-0.1  -129,-0.0  -0.430  74.1-102.2-125.8-174.8   -8.1   -9.4  -13.7               
  520  520 A S  S    S+     0   0   48     -2,-0.1  -123,-0.6  -127,-0.1     2,-0.1   0.171  75.2 122.6 -96.9   9.6   -7.5   -5.9  -12.2               
  521  521 A T  B     -a  397   0A  46   -125,-0.2    -2,-0.1     1,-0.1    -5,-0.1  -0.441  67.5-126.9 -71.8 150.8   -9.6   -6.6   -9.0               
  522  522 A L  S    S+     0   0    6   -125,-0.6    -6,-0.2     1,-0.1   -27,-0.1   0.891 102.7  19.1 -69.5 -41.1   -7.7   -6.1   -5.7               
  523  523 A F  S    S-     0   0    9     -8,-0.1     4,-0.5   -28,-0.0    -1,-0.1   0.734 102.3-130.8 -99.9 -29.1   -8.6   -9.5   -4.2               
  524  524 A G     >  -     0   0    4      2,-0.1     4,-1.8     3,-0.1     5,-0.1   0.098  26.6 -86.8  83.9 153.9   -9.6  -11.6   -7.3               
  525  525 A R  H  > S+     0   0  187      2,-0.2     4,-2.7     1,-0.2     5,-0.2   0.914 124.3  57.0 -61.2 -43.1  -12.7  -13.8   -7.8               
  526  526 A E  H  > S+     0   0  123      1,-0.2     4,-2.6     2,-0.2     5,-0.2   0.923 108.1  45.9 -57.9 -49.5  -11.1  -16.9   -6.2               
  527  527 A Y  H  > S+     0   0    3     -4,-0.5     4,-2.7   -13,-0.2    -1,-0.2   0.905 113.4  50.0 -60.2 -43.6  -10.3  -15.1   -2.9               
  528  528 A I  H  X S+     0   0   45     -4,-1.8     4,-2.5     2,-0.2    -2,-0.2   0.904 111.9  46.8 -65.2 -41.1  -13.9  -13.6   -2.7               
  529  529 A D  H  X S+     0   0   92     -4,-2.7     4,-2.6     2,-0.2     5,-0.2   0.925 114.6  47.3 -69.3 -39.5  -15.6  -17.0   -3.3               
  530  530 A H  H  X S+     0   0  101     -4,-2.6     4,-2.5    -5,-0.2    -2,-0.2   0.904 112.1  50.8 -62.8 -40.7  -13.3  -18.6   -0.7               
  531  531 A L  H  X S+     0   0   22     -4,-2.7     4,-2.8    -5,-0.2    -2,-0.2   0.900 111.1  48.5 -65.0 -40.7  -14.1  -15.7    1.7               
  532  532 A K  H  X S+     0   0  120     -4,-2.5     4,-2.2     2,-0.2    -2,-0.2   0.948 113.7  45.6 -62.1 -50.5  -17.9  -16.2    1.0               
  533  533 A A  H  X S+     0   0   55     -4,-2.6     4,-1.6     1,-0.2    -2,-0.2   0.889 115.1  49.0 -60.8 -39.1  -17.6  -20.0    1.7               
  534  534 A W  H  X S+     0   0   58     -4,-2.5     4,-2.6     2,-0.2     5,-0.2   0.932 109.3  50.9 -66.4 -45.6  -15.5  -19.3    4.8               
  535  535 A L  H  X S+     0   0   39     -4,-2.8     4,-1.6     1,-0.2     5,-0.3   0.879 110.6  50.0 -60.4 -39.8  -18.0  -16.6    6.1               
  536  536 A V  H  < S+     0   0  127     -4,-2.2    -1,-0.2     1,-0.2    -2,-0.2   0.861 116.2  42.7 -64.3 -36.3  -20.9  -19.1    5.7               
  537  537 A S  H  < S+     0   0  105     -4,-1.6    -2,-0.2    -5,-0.2    -1,-0.2   0.818 117.6  43.4 -80.4 -35.5  -18.8  -21.8    7.6               
  538  538 A S  H  < S-     0   0   49     -4,-2.6    -2,-0.2    -5,-0.1    -3,-0.2   0.719  87.1-145.4 -83.8 -25.2  -17.5  -19.5   10.4               
  539  539 A G     <  +     0   0   62     -4,-1.6    -3,-0.1    -5,-0.2    -4,-0.1   0.652  39.6 163.3  63.4  15.6  -20.7  -17.7   11.2               
  540  540 A C        -     0   0   41     -5,-0.3     2,-0.3     1,-0.1    -1,-0.2  -0.526  36.9-130.4 -69.0 122.9  -18.5  -14.6   11.9               
  541  541 A P        -     0   0   90      0, 0.0     2,-0.6     0, 0.0    -1,-0.1  -0.539  21.8-118.9 -68.7 132.6  -20.5  -11.3   11.9               
  542  542 A L        +     0   0   47     -2,-0.3     2,-0.5   -38,-0.0   -39,-0.1  -0.646  39.8 177.2 -69.9 115.3  -18.9   -8.6    9.8               
  543  543 A Q        -     0   0  133    -41,-1.0     2,-0.4    -2,-0.6  -133,-0.1  -0.939  24.3-141.9-124.9 106.5  -18.1   -5.7   12.3               
  544  544 A V        -     0   0   23     -2,-0.5     2,-1.0  -135,-0.2   -42,-0.2  -0.566  33.5-111.2 -64.8 127.4  -16.4   -2.7   10.9               
  545  545 A K        -     0   0  126    -44,-1.6     2,-0.3   -45,-0.4    -1,-0.1  -0.469  26.6-152.0 -62.6  96.7  -14.0   -1.6   13.7               
  546  546 A K        -     0   0  155     -2,-1.0     2,-1.0     1,-0.1  -134,-0.0  -0.630  45.6 -89.8 -59.3 130.9  -15.3    1.7   15.0               
  547  547 A A        -     0   0   96     -2,-0.3    -1,-0.1     1,-0.0    -2,-0.0  -0.370  50.0-166.1 -54.4  92.0  -12.1    3.3   16.2               
  548  548 A E        -     0   0  145     -2,-1.0     2,-0.4     1,-0.0    -1,-0.0  -0.748  30.5-112.7 -75.4 126.3  -11.9    2.0   19.8               
  549  549 A P        -     0   0  113      0, 0.0     3,-0.1     0, 0.0    -1,-0.0  -0.589  51.6 -89.3 -59.7 121.8   -9.3    4.1   21.7               
  550  550 A E        -     0   0  183     -2,-0.4     2,-0.5     1,-0.1    -3,-0.0  -0.081  36.7-133.2 -35.8 112.4   -6.6    1.6   22.4               
  551  551 A P        -     0   0   99      0, 0.0    -1,-0.1     0, 0.0     3,-0.0  -0.655  35.6-108.2 -66.1 120.7   -7.2   -0.2   25.7               
  552  552 A M        -     0   0  160     -2,-0.5     2,-1.2     1,-0.1     0, 0.0  -0.339  34.9-103.8 -48.1 127.6   -3.8   -0.1   27.3               
  553  553 A R        -     0   0  249     -3,-0.0     2,-0.4     3,-0.0    -1,-0.1  -0.525  39.2-166.5 -56.8  92.5   -2.2   -3.5   27.4               
  554  554 A E        -     0   0  176     -2,-1.2     2,-0.0     1,-0.1    -1,-0.0  -0.796  34.6 -99.8 -84.1 131.0   -2.7   -4.5   31.0               
  555  555 A E        -     0   0  176     -2,-0.4     2,-0.4     1,-0.2    -1,-0.1  -0.214  26.1-103.0 -67.8 141.8   -0.5   -7.5   31.5               
  556  556 A E        -     0   0  197      1,-0.0     2,-0.4    -3,-0.0    -1,-0.2  -0.419  42.7-177.9 -48.8 113.3   -1.3  -11.3   31.5               
  557  557 A K        -     0   0  186     -2,-0.4    -1,-0.0     1,-0.1    -2,-0.0  -0.834  34.0 -49.6-129.5 107.6   -1.3  -12.5   35.1               
  558  558 A M        -     0   0  169     -2,-0.4    -1,-0.1     1,-0.2     0, 0.0   0.966  25.5-150.6  77.8  99.1   -1.9  -16.0   36.0               
  559  559 A I        +     0   0  162      2,-0.0    -1,-0.2     0, 0.0     0, 0.0  -0.814  18.8 173.1 -75.5 130.9   -4.0  -19.0   35.5               
  560  560 A P        -     0   0  103      0, 0.0     2,-0.1     0, 0.0     0, 0.0  -0.959  21.4-150.5-122.8 145.7   -4.3  -21.4   38.4               
  561  561 A P        +     0   0  103      0, 0.0    -2,-0.0     0, 0.0     0, 0.0  -0.269  31.2  82.9 -92.6-178.6   -6.9  -24.3   37.9               
  562  562 A T        +     0   0  131      1,-0.1     0, 0.0    -2,-0.1     0, 0.0   0.991  25.9  97.8  82.4 102.6   -9.2  -26.6   39.9               
  563  563 A K        -     0   0  209      2,-0.0     2,-0.5     0, 0.0    -1,-0.1  -0.357  33.6-162.3-165.1 136.2  -12.3  -27.2   41.6               
  564  564 A P        +     0   0  116      0, 0.0     2,-0.4     0, 0.0     0, 0.0  -0.851  11.4 172.3 -97.4 130.1  -15.4  -29.0   40.2               
  565  565 A E        -     0   0  198     -2,-0.5     2,-0.5     2,-0.0    -2,-0.0  -0.940  16.1-156.0-135.3 118.7  -18.9  -28.9   41.7               
  566  566 A I        +     0   0  155     -2,-0.4     2,-0.1     2,-0.0     0, 0.0  -0.788  32.2 136.0 -76.7 120.8  -21.8  -30.4   39.8               
  567  567 A Q        -     0   0  192     -2,-0.5    -2,-0.0     2,-0.1     0, 0.0  -0.466  40.1-128.7-167.6 121.6  -25.3  -29.2   40.4               
  568  568 A A        +     0   0   96     -2,-0.1     2,-0.2     2,-0.0    -2,-0.0  -0.147  38.8 139.7 -41.5 131.4  -28.0  -28.4   37.9               
  569  569 A K        -     0   0  210      0, 0.0    -2,-0.1     0, 0.0     0, 0.0  -0.583  52.7-105.0-163.9 136.2  -30.3  -25.5   37.3               
  570  570 A A        -     0   0   92     -2,-0.2     2,-0.9     1,-0.1    -2,-0.0  -0.054  23.7-121.0 -55.4 142.8  -31.0  -24.4   33.7               
  571  571 A P        -     0   0  132      0, 0.0     2,-0.7     0, 0.0     3,-0.2  -0.717  28.0-165.4 -84.7 102.5  -29.5  -21.3   32.0               
  572  572 A S        -     0   0  104     -2,-0.9     0, 0.0     1,-0.2     0, 0.0  -0.856  54.1 -14.9 -86.3 116.2  -32.4  -19.0   31.0               
  573  573 A S        -     0   0  105     -2,-0.7     2,-1.4     1,-0.2    -1,-0.2   0.978  44.4-144.8  67.9  86.5  -31.4  -16.3   28.5               
  574  574 A L        -     0   0  187     -3,-0.2     2,-0.6     3,-0.0    -1,-0.2  -0.632  29.6-158.2 -54.0  86.7  -28.0  -15.1   27.5               
  575  575 A S        -     0   0   97     -2,-1.4     3,-0.2     1,-0.1     0, 0.0  -0.820  32.0 -93.6 -77.6 121.3  -29.1  -11.4   27.0               
  576  576 A D        -     0   0  149     -2,-0.6     2,-2.7     1,-0.2    -1,-0.1   0.235  48.5 -74.4 -35.8 151.2  -26.6   -9.8   24.7               
  577  577 A A        +     0   0  106     -3,-0.1    -1,-0.2     2,-0.0    -3,-0.0  -0.195  67.6 145.5 -59.3  56.2  -23.4   -7.8   25.7               
  578  578 A V        -     0   0  112     -2,-2.7     2,-0.3    -3,-0.2    -3,-0.0  -0.840  68.3 -99.7 -79.5 131.2  -24.8   -4.5   27.0               
  579  579 A P        -     0   0  117      0, 0.0     2,-0.2     0, 0.0    -2,-0.0  -0.423  46.5-115.6 -53.5 108.4  -22.5   -3.4   29.8               
  580  580 A Q        -     0   0  148     -2,-0.3     2,-0.3     1,-0.0     3,-0.1  -0.362  31.7-150.2 -56.5 113.4  -24.7   -4.5   32.7               
  581  581 A R        -     0   0  179     -2,-0.2     3,-0.1     1,-0.1    45,-0.1  -0.651  31.5 -89.4 -77.2 147.7  -25.6   -1.3   34.6               
  582  582 A A        -     0   0    6     43,-0.3    -1,-0.1    -2,-0.3     5,-0.1  -0.254  63.0 -79.0 -50.4 145.2  -26.3   -1.6   38.3               
  583  583 A D    >>  -     0   0   79      1,-0.1     4,-2.5    -3,-0.1     3,-0.8  -0.287  36.7-133.0 -54.7 127.5  -29.9   -2.4   39.0               
  584  584 A H  H 3> S+     0   0  145      1,-0.2     4,-1.3     2,-0.2    -1,-0.1   0.791 105.5  58.0 -53.6 -31.8  -32.0    0.8   38.7               
  585  585 A R  H 3> S+     0   0  213      2,-0.2     4,-0.7     1,-0.2    -1,-0.2   0.894 111.9  39.6 -66.8 -40.0  -33.8   -0.0   42.1               
  586  586 A V  H X> S+     0   0   18     -3,-0.8     4,-2.5     2,-0.2     3,-0.5   0.861 104.2  68.8 -80.4 -34.5  -30.4   -0.2   43.9               
  587  587 A V  H 3X S+     0   0   21     -4,-2.5     4,-2.6     1,-0.2     5,-0.2   0.894  98.3  51.6 -51.2 -45.0  -29.0    2.9   42.1               
  588  588 A G  H 3X S+     0   0   34     -4,-1.3     4,-1.8     1,-0.2    -1,-0.2   0.874 111.0  47.5 -62.5 -36.3  -31.5    5.2   43.8               
  589  589 A T  H <X S+     0   0   47     -4,-0.7     4,-2.3    -3,-0.5    -2,-0.2   0.888 111.4  51.4 -70.7 -36.7  -30.4    3.8   47.3               
  590  590 A I  H  X S+     0   0    0     -4,-2.5     4,-2.9     2,-0.2     5,-0.2   0.935 109.1  50.0 -63.2 -47.6  -26.7    4.2   46.3               
  591  591 A D  H  X S+     0   0   53     -4,-2.6     4,-2.4     1,-0.2    -2,-0.2   0.917 112.4  47.2 -61.0 -42.9  -27.3    7.9   45.4               
  592  592 A Q  H  X S+     0   0  106     -4,-1.8     4,-2.3     2,-0.2    -1,-0.2   0.905 113.3  48.8 -63.5 -43.1  -29.1    8.6   48.7               
  593  593 A L  H  X S+     0   0    4     -4,-2.3     4,-1.9     2,-0.2    -2,-0.2   0.943 113.0  46.2 -61.4 -49.1  -26.3    6.8   50.7               
  594  594 A V  H  X S+     0   0    0     -4,-2.9     4,-2.0     2,-0.2     5,-0.2   0.898 110.9  53.3 -65.7 -38.8  -23.5    8.7   48.9               
  595  595 A K  H  X S+     0   0  120     -4,-2.4     4,-2.6    -5,-0.2     3,-0.3   0.963 110.4  47.1 -57.6 -49.7  -25.3   12.0   49.3               
  596  596 A R  H  <>S+     0   0   91     -4,-2.3     5,-1.2     1,-0.2     6,-1.0   0.821 110.4  53.9 -60.9 -35.3  -25.6   11.3   53.1               
  597  597 A V  H  <5S+     0   0   16     -4,-1.9     3,-0.4     4,-0.2    -1,-0.2   0.878 112.9  41.8 -65.4 -41.7  -21.9   10.4   53.3               
  598  598 A I  H  <5S+     0   0   53     -4,-2.0    -2,-0.2    -3,-0.3    -1,-0.2   0.864 109.0  57.5 -78.6 -36.7  -20.8   13.7   51.6               
  599  599 A E  T  <5S-     0   0  122     -4,-2.6    -1,-0.2    -5,-0.2    -2,-0.2   0.572 111.5-123.2 -65.8  -9.9  -23.2   15.8   53.7               
  600  600 A G  T   5S+     0   0   58     -3,-0.4    -3,-0.2    -4,-0.3    -4,-0.1   0.540  77.5 125.2  75.3   9.2  -21.5   14.4   56.8               
  601  601 A S      < +     0   0   66     -5,-1.2     2,-0.6    -6,-0.2    -4,-0.2   0.663  55.2  77.3 -71.3 -18.7  -24.8   13.1   58.1               
  602  602 A L  S    S-     0   0   22     -6,-1.0    -1,-0.1    -9,-0.1    -2,-0.1  -0.860  72.8-148.9-101.4 115.5  -23.4    9.5   58.4               
  603  603 A S     >  -     0   0   43     -2,-0.6     4,-1.9     1,-0.1     3,-0.3  -0.325  28.8-110.4 -71.9 155.9  -21.2    8.7   61.3               
  604  604 A P  H  > S+     0   0  104      0, 0.0     4,-0.9     0, 0.0    -1,-0.1   0.817 120.5  54.2 -57.0 -29.2  -18.3    6.0   61.0               
  605  605 A K  H  > S+     0   0  165      2,-0.2     4,-1.6     1,-0.2     3,-0.2   0.858 105.2  51.4 -74.3 -37.2  -20.4    3.8   63.3               
  606  606 A E  H  > S+     0   0   84     -3,-0.3     4,-2.9     1,-0.2     5,-0.2   0.884 104.0  59.5 -67.0 -34.9  -23.5    4.0   61.2               
  607  607 A R  H  X S+     0   0  114     -4,-1.9     4,-0.6     1,-0.2    -1,-0.2   0.842 106.0  47.2 -62.3 -35.4  -21.4    3.0   58.1               
  608  608 A T  H  < S+     0   0   95     -4,-0.9     3,-0.5    -3,-0.2     4,-0.5   0.891 112.8  48.9 -72.6 -37.4  -20.4   -0.3   59.8               
  609  609 A L  H >X S+     0   0  104     -4,-1.6     3,-1.7     1,-0.2     4,-1.2   0.909 104.9  58.5 -66.2 -41.1  -24.1   -1.0   60.7               
  610  610 A L  H 3< S+     0   0   18     -4,-2.9     6,-0.3     1,-0.3    -1,-0.2   0.737  96.6  63.2 -61.1 -24.3  -25.2   -0.2   57.1               
  611  611 A K  T 3< S+     0   0  109     -4,-0.6    -1,-0.3    -3,-0.5    -2,-0.2   0.756 106.1  44.9 -70.4 -24.2  -22.9   -3.1   56.0               
  612  612 A E  T <4 S+     0   0  163     -3,-1.7    -2,-0.2    -4,-0.5    -1,-0.2   0.695  90.7 101.1 -89.0 -23.2  -25.1   -5.5   58.0               
  613  613 A D  S >< S-     0   0   77     -4,-1.2     3,-1.9     1,-0.1    -3,-0.0  -0.464  70.4-141.9 -66.1 123.6  -28.5   -4.0   56.8               
  614  614 A P  G >  S+     0   0  115      0, 0.0     3,-1.1     0, 0.0    -1,-0.1   0.754  99.3  65.7 -59.5 -24.6  -30.0   -6.2   54.0               
  615  615 A A  G 3  S+     0   0   70      1,-0.2     3,-0.2     2,-0.1   -26,-0.1   0.795 105.8  42.8 -65.6 -27.3  -31.1   -3.0   52.1               
  616  616 A Y  G X  S+     0   0   40     -3,-1.9     3,-2.7    -6,-0.3     4,-0.3  -0.084  71.0 137.7-111.0  31.2  -27.4   -2.1   51.5               
  617  617 A W  G X>  +     0   0  116     -3,-1.1     3,-2.0     1,-0.3     4,-0.9   0.783  60.7  73.4 -48.5 -32.5  -26.2   -5.7   50.6               
  618  618 A F  G 34 S+     0   0    0      1,-0.3    -1,-0.3    -3,-0.2     6,-0.1   0.639  86.2  63.9 -60.7 -17.9  -24.1   -4.1   47.8               
  619  619 A L  G <4 S+     0   0   23     -3,-2.7    -1,-0.3    -9,-0.2    -2,-0.2   0.672 102.7  49.2 -76.6 -18.7  -21.6   -2.8   50.4               
  620  620 A S  T <4 S+     0   0   68     -3,-2.0     2,-0.7    -4,-0.3    -2,-0.2   0.721 102.8  63.7 -93.6 -24.5  -20.8   -6.5   51.4               
  621  621 A D    ><  -     0   0   67     -4,-0.9     3,-1.0     1,-0.1     6,-0.3  -0.841  58.9-176.8-103.8 100.1  -20.2   -7.8   47.8               
  622  622 A E  T 3  S+     0   0  115     -2,-0.7    -1,-0.1     1,-0.2    -4,-0.0   0.676  82.8  57.4 -68.2 -16.8  -17.1   -6.0   46.3               
  623  623 A N  T 3  S+     0   0  134      4,-0.1    -1,-0.2     5,-0.0    -5,-0.0   0.617  83.1 107.2 -91.7 -13.2  -17.6   -7.8   43.0               
  624  624 A S  S <> S-     0   0   10     -3,-1.0     4,-1.8    -6,-0.1     5,-0.1  -0.221  75.2-129.5 -63.5 148.3  -21.2   -6.5   42.5               
  625  625 A L  H  > S+     0   0   60      2,-0.2     4,-2.4     1,-0.2   -43,-0.3   0.834 110.4  60.1 -69.4 -29.5  -21.9   -3.9   39.8               
  626  626 A E  H  > S+     0   0   23      2,-0.2     4,-2.9     1,-0.2    -1,-0.2   0.905 104.6  48.3 -63.5 -42.7  -23.8   -1.9   42.5               
  627  627 A Y  H  > S+     0   0   28     -6,-0.3     4,-2.7     2,-0.2    -2,-0.2   0.916 111.2  49.6 -66.3 -42.1  -20.6   -1.7   44.6               
  628  628 A K  H  X S+     0   0  122     -4,-1.8     4,-2.4     2,-0.2    -2,-0.2   0.917 112.7  48.2 -60.7 -41.9  -18.6   -0.5   41.6               
  629  629 A Y  H  X S+     0   0   43     -4,-2.4     4,-3.2     2,-0.2     5,-0.2   0.936 109.8  52.1 -63.9 -45.1  -21.3    2.1   41.0               
  630  630 A Y  H  X S+     0   0   34     -4,-2.9     4,-2.8     2,-0.2    -2,-0.2   0.925 111.9  46.4 -55.1 -47.6  -21.2    3.1   44.7               
  631  631 A K  H  X S+     0   0  106     -4,-2.7     4,-2.2     2,-0.2    -1,-0.2   0.915 115.4  45.8 -61.5 -45.8  -17.3    3.6   44.4               
  632  632 A L  H  X S+     0   0  120     -4,-2.4     4,-2.5     2,-0.2    -2,-0.2   0.927 115.0  47.2 -62.2 -46.2  -17.6    5.5   41.2               
  633  633 A K  H  X S+     0   0   37     -4,-3.2     4,-2.7     2,-0.2     5,-0.2   0.898 110.5  52.0 -66.5 -41.1  -20.5    7.7   42.5               
  634  634 A L  H  X S+     0   0   32     -4,-2.8     4,-2.4    -5,-0.2    -1,-0.2   0.931 113.0  45.3 -59.1 -45.6  -18.6    8.4   45.8               
  635  635 A A  H  X S+     0   0   46     -4,-2.2     4,-2.0     2,-0.2    -2,-0.2   0.875 114.8  48.1 -67.6 -39.9  -15.5    9.5   43.8               
  636  636 A E  H  X S+     0   0   79     -4,-2.5     4,-2.1     2,-0.2    -2,-0.2   0.942 115.2  44.3 -59.8 -47.1  -17.7   11.7   41.4               
  637  637 A M  H  X S+     0   0   44     -4,-2.7     4,-2.4     2,-0.2    -2,-0.2   0.844 109.8  54.7 -81.7 -28.0  -19.6   13.3   44.3               
  638  638 A Q  H  X S+     0   0   93     -4,-2.4     4,-2.6    -5,-0.2    -1,-0.2   0.954 109.7  48.9 -60.8 -47.4  -16.4   13.9   46.3               
  639  639 A R  H  X S+     0   0  157     -4,-2.0     4,-2.2     1,-0.2    -2,-0.2   0.893 111.6  49.6 -59.0 -41.1  -15.0   15.7   43.2               
  640  640 A M  H  X S+     0   0  107     -4,-2.1     4,-2.3     2,-0.2    -1,-0.2   0.909 111.0  49.1 -63.6 -41.3  -18.2   17.7   43.1               
  641  641 A S  H  X S+     0   0   43     -4,-2.4     4,-2.5     2,-0.2    -2,-0.2   0.884 110.6  49.9 -68.1 -37.1  -18.0   18.6   46.8               
  642  642 A E  H  X S+     0   0  142     -4,-2.6     4,-1.2     2,-0.2    -2,-0.2   0.909 111.8  49.6 -64.7 -40.1  -14.3   19.7   46.4               
  643  643 A N  H  < S+     0   0  114     -4,-2.2     4,-0.3    -5,-0.2    -2,-0.2   0.891 112.1  47.2 -65.8 -40.2  -15.5   21.9   43.5               
  644  644 A L  H >X S+     0   0  129     -4,-2.3     3,-1.3     2,-0.2     4,-0.6   0.915 110.6  50.7 -68.0 -42.1  -18.4   23.4   45.5               
  645  645 A R  H 3< S+     0   0  226     -4,-2.5    -1,-0.2     1,-0.3    -2,-0.2   0.756 114.6  46.8 -67.6 -22.1  -16.1   24.1   48.5               
  646  646 A G  T >< S+     0   0   31     -4,-1.2     3,-0.8    -5,-0.2    -1,-0.3   0.441  87.8  89.5 -88.4  -5.5  -13.7   25.8   46.0               
  647  647 A A  T <4 S+     0   0   69     -3,-1.3     3,-0.2     1,-0.3    -2,-0.2   0.887  87.6  49.3 -68.0 -32.8  -16.6   27.8   44.3               
  648  648 A D  T 3< S+     0   0  163     -4,-0.6     2,-0.5     1,-0.2    -1,-0.3   0.640 108.8  61.0 -77.1 -11.2  -16.1   30.7   46.7               
  649  649 A Q  S <  S-     0   0  150     -3,-0.8    -1,-0.2    -4,-0.1     3,-0.1  -0.724  79.2-153.9-117.5  82.6  -12.4   30.6   45.9               
  650  650 A K        -     0   0  182     -2,-0.5     3,-0.1    -3,-0.2    -3,-0.1  -0.387  48.1 -93.3 -39.2 119.0  -11.9   31.2   42.2               
  651  651 A P        -     0   0   70      0, 0.0    -1,-0.1     0, 0.0     5,-0.0  -0.275  49.5-117.5 -52.3 119.3   -8.6   29.3   41.8               
  652  652 A T     >  -     0   0   77      1,-0.1     4,-2.1    -3,-0.1     3,-0.4  -0.267  18.7-111.8 -59.8 150.9   -6.1   32.1   42.3               
  653  653 A S  H  > S+     0   0  107      1,-0.2     4,-2.1     2,-0.2    -1,-0.1   0.841 122.6  59.8 -51.8 -28.0   -3.9   32.8   39.3               
  654  654 A A  H  > S+     0   0   56      2,-0.2     4,-2.5     1,-0.2    -1,-0.2   0.932 103.3  47.1 -61.7 -50.0   -1.2   31.4   41.7               
  655  655 A D  H  > S+     0   0   78     -3,-0.4     4,-2.6     2,-0.2    -2,-0.2   0.912 113.7  48.4 -62.9 -42.2   -3.0   27.9   42.1               
  656  656 A C  H  X S+     0   0   59     -4,-2.1     4,-2.6     2,-0.2    -1,-0.2   0.913 111.8  49.9 -63.0 -41.6   -3.5   27.7   38.3               
  657  657 A A  H  X S+     0   0   53     -4,-2.1     4,-2.4    -5,-0.3    -2,-0.2   0.887 110.6  49.7 -65.3 -38.3    0.2   28.6   37.8               
  658  658 A V  H  X S+     0   0   74     -4,-2.5     4,-2.5     2,-0.2    -2,-0.2   0.945 112.2  47.6 -65.8 -46.0    1.3   25.9   40.3               
  659  659 A R  H  X S+     0   0  153     -4,-2.6     4,-2.5     2,-0.2    -2,-0.2   0.930 112.9  48.7 -58.4 -46.3   -0.8   23.3   38.6               
  660  660 A A  H  X S+     0   0   59     -4,-2.6     4,-2.8     1,-0.2    -2,-0.2   0.898 110.7  51.3 -62.4 -40.2    0.6   24.3   35.2               
  661  661 A M  H  X S+     0   0  123     -4,-2.4     4,-1.9     2,-0.2    -2,-0.2   0.932 110.5  48.2 -60.5 -47.0    4.2   24.2   36.6               
  662  662 A L  H  X S+     0   0  112     -4,-2.5     4,-2.4     2,-0.2    -2,-0.2   0.939 113.5  47.1 -62.5 -45.3    3.6   20.6   38.0               
  663  663 A Y  H  X S+     0   0  178     -4,-2.5     4,-2.7     1,-0.2     5,-0.2   0.937 111.2  51.6 -58.8 -46.2    2.1   19.5   34.6               
  664  664 A S  H  X S+     0   0   46     -4,-2.8     4,-2.0     1,-0.2    -1,-0.2   0.841 110.7  49.1 -62.1 -32.5    5.1   21.1   32.8               
  665  665 A R  H  X S+     0   0  173     -4,-1.9     4,-2.3     2,-0.2    -1,-0.2   0.911 110.2  50.0 -72.7 -42.6    7.5   19.2   35.1               
  666  666 A A  H  X S+     0   0   57     -4,-2.4     4,-2.4     2,-0.2    -2,-0.2   0.944 112.6  47.9 -59.6 -45.9    5.7   15.9   34.5               
  667  667 A V  H  X S+     0   0   90     -4,-2.7     4,-2.9     1,-0.2    -2,-0.2   0.899 110.8  50.9 -63.8 -42.2    5.9   16.5   30.7               
  668  668 A R  H  X S+     0   0  163     -4,-2.0     4,-2.0    -5,-0.2    -1,-0.2   0.904 110.8  48.8 -62.0 -41.4    9.6   17.4   30.9               
  669  669 A N  H  X S+     0   0   81     -4,-2.3     4,-1.2     2,-0.2    -2,-0.2   0.904 112.1  48.9 -65.4 -39.0   10.3   14.2   32.8               
  670  670 A L  H >X S+     0   0  103     -4,-2.4     4,-2.2     2,-0.2     3,-0.6   0.943 110.1  51.3 -63.8 -44.5    8.4   12.2   30.2               
  671  671 A K  H 3X S+     0   0  136     -4,-2.9     4,-1.4     1,-0.2    -2,-0.2   0.866 107.5  53.4 -60.7 -37.8   10.3   13.9   27.4               
  672  672 A K  H 3< S+     0   0  163     -4,-2.0     5,-0.3     1,-0.2    -1,-0.2   0.786 112.5  44.9 -65.5 -31.0   13.6   13.0   29.2               
  673  673 A K  H << S+     0   0  180     -4,-1.2    -2,-0.2    -3,-0.6    -1,-0.2   0.816 112.9  49.8 -79.3 -35.3   12.4    9.3   29.2               
  674  674 A L  H  < S+     0   0  126     -4,-2.2    -2,-0.2    -5,-0.1    -3,-0.2   0.713 101.2  67.5 -80.1 -24.8   11.2    9.2   25.6               
  675  675 A L  S  < S-     0   0   99     -4,-1.4     2,-1.3    -5,-0.2    -1,-0.1  -0.885  76.0-141.9-101.7 113.4   14.4   10.7   23.9               
  676  676 A P        -     0   0  123      0, 0.0     2,-1.2     0, 0.0    -3,-0.1  -0.567  19.5-151.1 -67.5  95.6   17.6    8.5   24.1               
  677  677 A W        -     0   0  230     -2,-1.3     2,-0.9    -5,-0.3    -2,-0.0  -0.646   8.5-142.7 -71.0  99.9   20.1   11.3   24.7               
  678  678 A Q        -     0   0  159     -2,-1.2     2,-1.3     1,-0.1    -1,-0.1  -0.568  12.0-140.0 -59.2 103.1   23.2    9.9   23.0               
  679  679 A R        -     0   0  234     -2,-0.9     2,-1.4     2,-0.0    -1,-0.1  -0.632  12.3-162.2 -62.5  96.4   26.0   11.0   25.4               
  680  680 A R        -     0   0  216     -2,-1.3     2,-1.4     2,-0.0    -1,-0.0  -0.807  11.0-154.7 -73.1  93.3   28.8   12.0   22.9               
  681  681 A G        -     0   0   69     -2,-1.4     2,-0.8     3,-0.0    -2,-0.0  -0.722  10.3-166.5 -64.6  91.9   31.4   11.9   25.6               
  682  682 A L        -     0   0  163     -2,-1.4     2,-0.1     1,-0.0     3,-0.1  -0.870  27.6-115.8 -86.0 113.3   33.8   14.3   23.9               
  683  683 A L        -     0   0  165     -2,-0.8     2,-0.7     1,-0.1    -1,-0.0  -0.302  25.8-109.3 -53.2 124.9   37.0   13.8   25.8               
  684  684 A R        -     0   0  221     -2,-0.1     2,-0.8     1,-0.1    -1,-0.1  -0.484  27.6-158.5 -52.2  99.9   38.3   16.9   27.7               
  685  685 A A        -     0   0  102     -2,-0.7     2,-0.5    -3,-0.1    -1,-0.1  -0.851  15.1-145.8 -86.5 107.2   41.4   18.2   25.9               
  686  686 A Q        +     0   0  157     -2,-0.8     2,-0.2     2,-0.0    -2,-0.0  -0.688  32.1 158.7 -75.3 118.1   43.1   20.2   28.7               
  687  687 A G        -     0   0   73     -2,-0.5     2,-0.2     2,-0.0    -2,-0.1  -0.641  17.7-167.2-151.2  84.9   44.9   23.2   27.2               
  688  688 A L        +     0   0  157     -2,-0.2     2,-0.1     2,-0.0    -2,-0.0  -0.535  28.2 130.7 -56.7 137.1   45.7   26.2   29.5               
  689  689 A R        -     0   0  235     -2,-0.2     2,-0.1     2,-0.0    -2,-0.0  -0.250  43.4-132.8-171.9 126.2   46.7   29.6   28.5               
  690  690 A G        -     0   0   74     -2,-0.1     2,-0.9     1,-0.1    -2,-0.0  -0.343   3.7-141.9 -69.5 135.2   45.1   32.7   29.9               
  691  691 A W        -     0   0  261     -2,-0.1     2,-0.4     0, 0.0    -1,-0.1  -0.859  30.0-143.5 -85.6 105.9   43.9   35.8   28.1               
  692  692 A K        -     0   0  206     -2,-0.9     2,-0.2     1,-0.1     0, 0.0  -0.638  17.4-112.9 -69.9 128.6   44.9   38.5   30.5               
  693  693 A A        -     0   0   99     -2,-0.4     2,-0.5     1,-0.0    -1,-0.1  -0.436  21.8-140.9 -57.1 122.2   42.4   41.5   30.7               
  694  694 A R        -     0   0  250     -2,-0.2     2,-0.1     1,-0.0    -1,-0.0  -0.848  30.4-116.0 -85.4 127.1   43.8   44.8   29.4               
  695  695 A R        -     0   0  240     -2,-0.5     2,-0.2     1,-0.1    -1,-0.0  -0.343  19.3-118.0 -64.9 142.6   42.6   47.6   31.7               
  696  696 A A        -     0   0  105     -2,-0.1     2,-0.4     0, 0.0    -1,-0.1  -0.550  27.4-158.2 -74.2 143.0   40.3   50.4   30.7               
  697  697 A T        -     0   0  121     -2,-0.2     0, 0.0     1,-0.2     0, 0.0  -0.995  35.8  -8.8-133.8 122.0   41.6   54.0   30.9               
  698  698 A T        -     0   0  133     -2,-0.4    -1,-0.2     1,-0.0     0, 0.0   0.872  47.7-118.9  49.8 112.9   39.7   57.3   31.1               
  699  699 A G        -     0   0   65      0, 0.0     2,-0.2     0, 0.0    -2,-0.0   0.521  15.6-171.0 106.7 103.4   36.9   59.0   31.0               
  700  700 A T        -     0   0  148      2,-0.0     2,-0.2     0, 0.0     0, 0.0  -0.726  28.8-146.4-158.2 122.7   34.5   61.6   29.7               
  701  701 A Q        -     0   0  185     -2,-0.2     2,-0.4     2,-0.0     0, 0.0  -0.572  11.8-168.6 -81.4 142.5   31.3   62.4   31.6               
  702  702 A T        -     0   0  138     -2,-0.2     2,-0.3     2,-0.0    -2,-0.0  -0.967  29.4-126.7-131.8 118.1   27.9   63.4   30.1               
  703  703 A L        -     0   0  167     -2,-0.4     2,-0.5     1,-0.0    -2,-0.0  -0.503  16.4-161.2 -69.5 121.3   25.5   64.7   32.8               
  704  704 A L        -     0   0  175     -2,-0.3     2,-0.5     0, 0.0    -2,-0.0  -0.912  19.4-154.8 -91.7 124.7   22.0   63.1   33.2               
  705  705 A S        -     0   0  110     -2,-0.5    -2,-0.0     1,-0.1     0, 0.0  -0.962  29.7 -49.3-115.4 118.4   19.8   65.5   35.2               
  706  706 A S        -     0   0  109     -2,-0.5     2,-0.2     1,-0.1    -1,-0.1   0.878  33.4-136.3  63.3 104.1   16.8   64.8   37.2               
  707  707 A G        -     0   0   81      1,-0.0     2,-0.5     0, 0.0    -1,-0.1  -0.474  20.4-131.9 -75.1 153.5   13.5   62.9   37.1               
  708  708 A T        -     0   0  136     -2,-0.2     2,-0.5     2,-0.0    -1,-0.0  -0.950  20.2-136.7-110.8 123.1   10.2   64.3   38.3               
  709  709 A R        -     0   0  232     -2,-0.5     2,-0.6     2,-0.0     0, 0.0  -0.720   7.4-155.2 -76.1 125.5    8.1   62.0   40.6               
  710  710 A L        -     0   0  166     -2,-0.5     2,-0.4     2,-0.0    -2,-0.0  -0.919  15.9-161.8 -94.6 120.3    4.3   61.8   40.0               
  711  711 A K        -     0   0  167     -2,-0.6     2,-0.5     2,-0.0    -2,-0.0  -0.904   7.9-142.7 -98.0 133.4    2.6   60.7   43.3               
  712  712 A H        +     0   0  182     -2,-0.4     2,-0.3     2,-0.0    -2,-0.0  -0.830  28.8 159.6 -86.3 127.1   -0.9   59.2   43.5               
  713  713 A H        -     0   0  173     -2,-0.5     2,-0.2     0, 0.0    -2,-0.0  -0.936  24.8-149.3-143.4 133.1   -3.1   60.1   46.4               
  714  714 A G        +     0   0   76     -2,-0.3    -2,-0.0     1,-0.1     0, 0.0  -0.483  31.8  11.1 -95.1 164.5   -6.9   59.7   46.1               
  715  715 A R        +     0   0  245     -2,-0.2     2,-0.2     1,-0.1    -1,-0.1   0.846  34.8 143.1  56.6  96.2  -10.3   60.9   47.1               
  716  716 A Q        +     0   0  188      2,-0.0    -1,-0.1     0, 0.0     0, 0.0  -0.808  15.0 177.7-145.6 119.7  -11.9   63.9   48.9               
  717  717 A A        -     0   0  104     -2,-0.2     2,-0.4     0, 0.0     0, 0.0  -0.986  11.2-164.1-104.8 119.3  -15.3   65.2   47.6               
  718  718 A P        -     0   0  121      0, 0.0     2,-0.1     0, 0.0    -2,-0.0  -0.923  14.9-136.3-100.1 132.7  -16.6   68.1   49.8               
  719  719 A G        -     0   0   77     -2,-0.4     2,-0.2     0, 0.0     0, 0.0  -0.413  19.4-175.4 -77.9 159.3  -20.3   69.0   49.4               
  720  720 A L        -     0   0  163     -2,-0.1     0, 0.0     2,-0.1     0, 0.0  -0.542  16.0-148.3-169.4  96.3  -22.2   72.4   49.1               
  721  721 A S        +     0   0   96     -2,-0.2     0, 0.0     0, 0.0     0, 0.0   0.643  21.5 154.7  61.2 143.7  -25.6   72.7   49.0               
  722  722 A Q        +     0   0  195      2,-0.0    -2,-0.1     0, 0.0     0, 0.0   0.478  33.6  31.3  90.7 128.6  -28.3   75.1   47.4               
  723  723 A A        +     0   0   94      1,-0.1     0, 0.0     0, 0.0     0, 0.0   0.702  28.0 143.6-155.1 145.5  -31.4   75.2   46.4               
  724  724 A K        +     0   0  182      0, 0.0     2,-0.2     0, 0.0    -1,-0.1  -0.971  18.6 166.4-108.6 130.2  -35.0   74.0   46.8               
  725  725 A P        +     0   0  111      0, 0.0     0, 0.0     0, 0.0     0, 0.0  -0.640  27.4  52.9-144.6 132.4  -38.2   75.8   46.4               
  726  726 A S        +     0   0  109     -2,-0.2     0, 0.0     1,-0.1     0, 0.0   0.610  28.3 143.3 173.5 136.0  -41.4   75.0   46.2               
  727  727 A L        +     0   0  149      0, 0.0     2,-0.1     0, 0.0    -1,-0.1  -0.749  17.0 138.9 -92.2 162.7  -44.6   73.3   47.4               
  728  728 A P        +     0   0  104      0, 0.0     0, 0.0     0, 0.0     0, 0.0  -0.032  20.2   4.6-157.3-172.6  -47.9   73.7   47.6               
  729  729 A D        +     0   0  145     -2,-0.1     0, 0.0     0, 0.0     0, 0.0   0.995  34.8  96.9  77.1 111.1  -51.6   72.6   47.5               
  730  730 A R        -     0   0  224      0, 0.0     0, 0.0     0, 0.0     0, 0.0   0.300  52.8 -86.6-177.0 110.7  -54.4   70.7   47.2               
  731  731 A N        -     0   0  124      1,-0.0     0, 0.0     0, 0.0     0, 0.0   0.807  15.6-136.2  55.0 101.7  -56.6   69.1   49.8               
  732  732 A D        +     0   0  161      0, 0.0    -1,-0.0     0, 0.0     0, 0.0   0.250  28.8 127.5  17.8 132.9  -57.6   66.4   52.0               
  733  733 A A        +     0   0   97      0, 0.0     0, 0.0     0, 0.0     0, 0.0   0.671  21.9  13.9 132.4 135.2  -60.5   64.6   53.1               
  734  734 A A        -     0   0   96      1,-0.1     2,-0.2     0, 0.0     0, 0.0   0.937  12.4-167.7  68.9 113.0  -63.0   61.8   53.9               
  735  735 A K        +     0   0  205      2,-0.0     2,-0.3     0, 0.0    -1,-0.1  -0.508  19.6 169.3  60.4  84.6  -63.5   58.5   54.5               
  736  736 A D        -     0   0  169     -2,-0.2     0, 0.0     0, 0.0     0, 0.0  -0.912   8.3-177.1-153.1 144.3  -67.0   57.1   54.6               
  737  737 A C        +     0   0  111     -2,-0.3    -2,-0.0     1,-0.2     0, 0.0  -0.908  12.0  75.3-158.7 168.0  -68.2   53.4   54.7               
  738  738 A P        +     0   0  111      0, 0.0    -1,-0.2     0, 0.0     0, 0.0   0.934  27.8  27.3-104.5-152.5  -71.0   51.3   54.7               
  739  739 A P        -     0   0  116      0, 0.0    -2,-0.0     0, 0.0     0, 0.0   0.569  23.1-136.4-143.2-179.2  -73.7   49.4   54.3               
  740  740 A D        -     0   0  155      1,-0.1     2,-0.5     0, 0.0     0, 0.0  -0.045  18.6-134.8 -48.0 145.2  -76.1   47.3   52.1               
  741  741 A P        -     0   0  125      0, 0.0     2,-0.2     0, 0.0    -1,-0.1  -0.940  22.9-136.3-104.1 126.8  -79.9   47.1   51.8               
  742  742 A V        +     0   0  154     -2,-0.5     0, 0.0     2,-0.0     0, 0.0  -0.507  34.4 153.3 -66.9 138.2  -81.4   43.6   51.6               
  743  743 A G        -     0   0   68     -2,-0.2     2,-0.1     0, 0.0     0, 0.0  -0.782  31.7-105.6-178.2 142.3  -84.2   42.7   49.1               
  744  744 A P        -     0   0  127      0, 0.0    -2,-0.0     0, 0.0     0, 0.0  -0.228   2.2-114.3-117.1 165.3  -85.1   39.4   47.7               
  745  745 A S        -     0   0  113     -2,-0.1     2,-0.4     1,-0.0     0, 0.0  -0.265  28.6-139.5 -57.3 144.3  -85.3   36.5   45.1               
  746  746 A P        -     0   0  107      0, 0.0    -1,-0.0     0, 0.0     0, 0.0  -0.978  41.4 -28.2-115.4 125.0  -88.5   35.0   43.5               
  747  747 A Q        -     0   0  187     -2,-0.4     0, 0.0     1,-0.1     0, 0.0   0.940  30.3-167.4  73.7 100.4  -89.4   31.5   42.7               
  748  748 A D        +     0   0  159      1,-0.0    -1,-0.1     0, 0.0     0, 0.0  -0.418  30.8  96.7 -72.4-179.8  -88.6   27.9   41.8               
  749  749 A P        +     0   0  115      0, 0.0     2,-0.1     0, 0.0    -1,-0.0   0.720   9.6 115.7-136.8 167.9  -90.1   25.2   40.8               
  750  750 A S        -     0   0  112      0, 0.0     2,-0.0     0, 0.0     0, 0.0  -0.299  33.6-157.6-176.2 100.7  -91.4   22.5   38.3               
  751  751 A L        -     0   0  140     -2,-0.1     0, 0.0     1,-0.0     0, 0.0   0.241  19.7  -6.4  63.8 109.3  -90.6   19.1   37.9               
  752  752 A E        +     0   0  169      1,-0.1     2,-0.2    -2,-0.0    -1,-0.0   0.924   5.7 174.4  61.7 122.4  -90.5   16.1   35.6               
  753  753 A A        +     0   0  108      0, 0.0     2,-0.3     0, 0.0    -1,-0.1  -0.629  32.5 171.2-150.9 112.6  -91.0   14.1   32.6               
  754  754 A S        -     0   0  114     -2,-0.2     0, 0.0     1,-0.0     0, 0.0  -0.894  19.2 -21.9-107.4 143.6  -89.3   10.6   32.8               
  755  755 A G        +     0   0   77     -2,-0.3    -1,-0.0     1,-0.1     2,-0.0   0.579  13.3 170.6  79.2 145.8  -89.5    7.5   30.5               
  756  756 A P        +     0   0  132      0, 0.0    -1,-0.1     0, 0.0     0, 0.0   0.071  23.8 172.8-137.8 155.9  -90.0    5.1   28.6               
  757  757 A S        -     0   0  108      2,-0.0     2,-0.4    -2,-0.0     0, 0.0  -0.872   8.9-168.4 -99.7 137.8  -87.5    2.3   27.6               
  758  758 A P        -     0   0  120      0, 0.0     0, 0.0     0, 0.0     0, 0.0  -0.953   8.2-173.1-123.1 117.8  -88.2   -0.8   25.6               
  759  759 A K        -     0   0  202     -2,-0.4     2,-0.3     2,-0.0    -2,-0.0  -0.830   8.1-178.6 -82.6 139.9  -85.5   -3.5   25.5               
  760  760 A P        -     0   0  126      0, 0.0     2,-0.3     0, 0.0     0, 0.0  -0.963  20.2-142.9-127.0 133.2  -85.7   -6.5   23.3               
  761  761 A A        +     0   0  111     -2,-0.3     2,-0.0     1,-0.0    -2,-0.0  -0.637  23.5 171.4 -78.7 140.3  -82.8   -9.0   23.6               
  762  762 A G        -     0   0   71     -2,-0.3    -1,-0.0     0, 0.0     0, 0.0  -0.432  34.9 -95.9-166.0  78.4  -81.5  -10.8   20.5               
  763  763 A V        -     0   0  144      1,-0.1     2,-0.0    -2,-0.0     0, 0.0   0.791  31.9 -98.2  43.0 122.5  -78.3  -12.9   20.5               
  764  764 A D        +     0   0  147      2,-0.0     2,-0.2     0, 0.0    -1,-0.1  -0.240  28.4 167.2 -54.9 138.5  -74.6  -12.6   19.7               
  765  765 A I        -     0   0  175     -2,-0.0     2,-0.1     2,-0.0     0, 0.0  -0.711  26.4-158.1-145.6 119.7  -72.4  -13.4   16.8               
  766  766 A S        +     0   0  103     -2,-0.2     2,-0.0     0, 0.0    -2,-0.0  -0.440  22.8 144.7 -62.1 144.7  -68.8  -11.9   16.9               
  767  767 A E        -     0   0  192     -2,-0.1    -2,-0.0     0, 0.0     0, 0.0   0.071  42.8 -70.6 177.9 127.7  -66.1  -11.0   14.6               
  768  768 A A        -     0   0   83      1,-0.1     2,-0.4     3,-0.0     0, 0.0   0.891  30.1-122.5  53.2 112.0  -63.4   -8.5   14.0               
  769  769 A P        -     0   0  119      0, 0.0     2,-1.2     0, 0.0    -1,-0.1  -0.631  30.1-124.5 -77.9 124.6  -63.2   -4.7   12.9               
  770  770 A Q        -     0   0  180     -2,-0.4     2,-1.5     1,-0.1    -2,-0.0  -0.573  22.3-164.7 -69.1  97.7  -61.1   -4.1    9.8               
  771  771 A T        +     0   0  137     -2,-1.2     2,-0.6     2,-0.1    -1,-0.1  -0.619  32.8 145.3 -80.8  73.6  -58.5   -1.6   10.9               
  772  772 A S        -     0   0   91     -2,-1.5    -2,-0.1     3,-0.0    -1,-0.0  -0.887  39.4-152.4-105.7  93.4  -57.4   -0.5    7.4               
  773  773 A S        -     0   0  107     -2,-0.6     2,-0.4     1,-0.1    -2,-0.1  -0.520  27.3-108.0 -61.3 127.4  -56.7    3.2    8.0               
  774  774 A P        -     0   0  124      0, 0.0    -1,-0.1     0, 0.0    -2,-0.0  -0.456  25.2-135.8 -64.8 119.0  -57.2    4.9    4.6               
  775  775 A C        -     0   0   85     -2,-0.4     2,-1.9     1,-0.1     3,-0.3  -0.670   8.2-143.4 -66.4 119.8  -53.9    6.0    3.0               
  776  776 A P        +     0   0  118      0, 0.0     3,-0.5     0, 0.0    -1,-0.1  -0.431  57.3 133.3 -82.0  60.9  -54.4    9.6    1.7               
  777  777 A S    >   +     0   0   76     -2,-1.9     3,-0.5     1,-0.2    -2,-0.0   0.409  50.0  85.4 -80.7  -0.5  -52.1    8.8   -1.3               
  778  778 A A  T 3  S+     0   0  100     -3,-0.3    -1,-0.2     1,-0.2    -3,-0.0   0.426  76.4  61.8 -86.5  -0.8  -54.9   10.4   -3.6               
  779  779 A D  T 3  S+     0   0  146     -3,-0.5     2,-0.4     2,-0.1    -1,-0.2  -0.135  79.2  97.7-120.5  31.3  -53.8   14.1   -3.3               
  780  780 A I  S <  S-     0   0   30     -3,-0.5     2,-0.1    45,-0.1     5,-0.0  -0.988  75.2-113.8-123.9 131.8  -50.2   14.1   -4.8               
  781  781 A D     >  -     0   0   94     -2,-0.4     4,-2.3     1,-0.1     5,-0.2  -0.374  24.5-129.7 -59.3 132.7  -49.2   15.1   -8.4               
  782  782 A M  H  > S+     0   0  141      1,-0.2     4,-2.0     2,-0.2     5,-0.1   0.849 107.2  50.8 -59.0 -36.8  -47.9   12.0  -10.3               
  783  783 A K  H  > S+     0   0  155      2,-0.2     4,-2.2     1,-0.2    -1,-0.2   0.935 110.2  48.9 -67.6 -44.1  -44.7   13.9  -11.5               
  784  784 A T  H  > S+     0   0   18      2,-0.2     4,-2.5     1,-0.2    -2,-0.2   0.855 110.1  53.2 -62.6 -34.7  -43.9   15.1   -7.9               
  785  785 A M  H  X S+     0   0   50     -4,-2.3     4,-2.3     2,-0.2    -2,-0.2   0.925 109.8  47.0 -66.3 -42.9  -44.4   11.4   -6.8               
  786  786 A E  H  X S+     0   0   96     -4,-2.0     4,-2.5     2,-0.2    -2,-0.2   0.864 112.9  48.7 -66.2 -38.6  -41.9   10.1   -9.4               
  787  787 A T  H  X S+     0   0   28     -4,-2.2     4,-2.8     2,-0.2    -2,-0.2   0.943 112.0  49.5 -67.8 -43.1  -39.3   12.9   -8.5               
  788  788 A A  H  X S+     0   0    0     -4,-2.5     4,-2.6     2,-0.2    -2,-0.2   0.891 113.0  47.2 -58.0 -42.7  -39.8   12.0   -4.7               
  789  789 A E  H  X S+     0   0   53     -4,-2.3     4,-2.5     2,-0.2    -2,-0.2   0.919 111.6  49.6 -69.2 -42.3  -39.3    8.3   -5.6               
  790  790 A K  H  X S+     0   0  104     -4,-2.5     4,-2.2     2,-0.2    -2,-0.2   0.948 113.6  47.0 -58.7 -47.5  -36.2    9.0   -7.7               
  791  791 A L  H  X S+     0   0   12     -4,-2.8     4,-2.9     2,-0.2    -2,-0.2   0.925 110.1  53.0 -60.0 -44.2  -34.8   11.1   -4.9               
  792  792 A A  H  X S+     0   0    0     -4,-2.6     4,-2.7     1,-0.2    -2,-0.2   0.894 109.1  49.4 -60.3 -40.0  -35.7    8.3   -2.4               
  793  793 A R  H  X S+     0   0  121     -4,-2.5     4,-1.9     2,-0.2    -1,-0.2   0.910 112.9  47.2 -63.3 -42.6  -33.7    5.7   -4.5               
  794  794 A F  H  X S+     0   0  114     -4,-2.2     4,-2.8     2,-0.2     5,-0.5   0.908 113.6  47.7 -65.3 -40.8  -30.7    8.1   -4.7               
  795  795 A V  H  X S+     0   0    0     -4,-2.9     4,-1.8     2,-0.2    -2,-0.2   0.901 112.5  49.1 -67.5 -40.6  -30.9    8.7   -0.8               
  796  796 A A  H  < S+     0   0   25     -4,-2.7    -1,-0.2    -5,-0.2    -2,-0.2   0.874 119.7  38.6 -63.5 -37.5  -31.2    5.0   -0.2               
  797  797 A Q  H  < S+     0   0  142     -4,-1.9    -2,-0.2    -5,-0.2    -1,-0.2   0.825 130.6  25.2 -81.5 -39.6  -28.2    4.3   -2.5               
  798  798 A V  H  < S-     0   0   90     -4,-2.8    -3,-0.2     1,-0.2     3,-0.2   0.758 108.8-116.7-101.2 -30.6  -25.9    7.3   -1.6               
  799  799 A G    ><  -     0   0   17     -4,-1.8     3,-1.6    -5,-0.5     4,-0.4  -0.442  42.7 -53.6 111.4 174.9  -27.0    8.2    2.0               
  800  800 A P  T >> S+     0   0   40      0, 0.0     4,-1.4     0, 0.0     3,-1.0   0.678 117.5  79.1 -60.6 -20.9  -28.7   11.2    3.8               
  801  801 A E  H 3> S+     0   0  105      1,-0.3     4,-2.7     2,-0.2     5,-0.2   0.824  86.6  59.2 -58.8 -31.7  -26.0   13.6    2.5               
  802  802 A I  H <> S+     0   0   41     -3,-1.6     4,-2.0     2,-0.2    -1,-0.3   0.789 100.3  55.7 -72.1 -25.0  -27.8   13.7   -0.9               
  803  803 A E  H <> S+     0   0   12     -3,-1.0     4,-2.8    -4,-0.4    -2,-0.2   0.946 110.5  45.0 -67.6 -44.8  -31.0   15.0    0.8               
  804  804 A Q  H  X S+     0   0   97     -4,-1.4     4,-2.6     2,-0.2    -2,-0.2   0.947 114.2  48.8 -62.2 -46.6  -28.9   17.9    2.3               
  805  805 A F  H  X S+     0   0  115     -4,-2.7     4,-2.4     2,-0.2    -1,-0.2   0.870 111.1  51.2 -59.3 -38.7  -27.3   18.5   -1.1               
  806  806 A S  H  X S+     0   0   12     -4,-2.0     4,-1.7     2,-0.2    -2,-0.2   0.972 110.1  48.3 -63.9 -49.3  -30.8   18.4   -2.7               
  807  807 A I  H  < S+     0   0   60     -4,-2.8     4,-0.4     1,-0.2    -2,-0.2   0.885 115.9  44.6 -57.1 -42.7  -32.1   21.1   -0.1               
  808  808 A E  H  < S+     0   0  146     -4,-2.6     3,-0.4     1,-0.2    -1,-0.2   0.875 122.1  36.6 -69.5 -39.5  -29.0   23.3   -0.8               
  809  809 A N  H  < S+     0   0   95     -4,-2.4     3,-0.4    -5,-0.2    -2,-0.2   0.496 107.1  67.9 -92.0  -9.4  -29.1   22.9   -4.6               
  810  810 A S    ><  +     0   0    3     -4,-1.7     3,-1.4     1,-0.2     6,-0.2   0.465  62.4 100.8 -98.6   5.2  -33.0   22.9   -5.0               
  811  811 A T  T 3  S+     0   0   99     -3,-0.4    -1,-0.2    -4,-0.4    -2,-0.1   0.816  98.5  33.6 -50.7 -30.5  -33.6   26.5   -3.9               
  812  812 A D  T 3  S+     0   0  146     -3,-0.4    -1,-0.3     1,-0.1    -2,-0.1   0.360  99.7  93.9-106.3  -0.2  -34.0   27.1   -7.8               
  813  813 A N    X   -     0   0   72     -3,-1.4     3,-1.5     1,-0.1     4,-0.1  -0.828  52.3-167.3-103.4 107.3  -35.5   23.7   -8.7               
  814  814 A P  G >  S+     0   0  100      0, 0.0     3,-1.1     0, 0.0     4,-0.2   0.771  84.7  63.4 -65.5 -25.4  -39.4   23.7   -8.9               
  815  815 A D  G 3  S+     0   0  109      1,-0.2     3,-0.2     2,-0.1   -27,-0.1   0.640 104.4  47.0 -72.8 -17.0  -39.7   19.9   -9.0               
  816  816 A L  G X  S+     0   0   34     -3,-1.5     3,-2.3    -6,-0.2     4,-0.3   0.173  71.9 119.8-110.8  14.5  -38.1   19.5   -5.5               
  817  817 A W  G X>  +     0   0  123     -3,-1.1     3,-1.5     1,-0.3     4,-0.7   0.793  64.0  70.1 -50.5 -33.8  -40.2   22.1   -3.8               
  818  818 A F  G 34 S+     0   0    0      1,-0.3    -1,-0.3    -3,-0.2     6,-0.2   0.634  83.8  70.2 -64.9 -16.6  -41.6   19.4   -1.3               
  819  819 A L  G <4 S+     0   0    6     -3,-2.3    -1,-0.3     1,-0.2    -2,-0.2   0.786  97.4  50.6 -70.7 -26.7  -38.1   19.1    0.4               
  820  820 A H  T <4 S+     0   0   97     -3,-1.5     2,-0.8    -4,-0.3    -1,-0.2   0.761 104.3  62.5 -81.7 -25.4  -38.5   22.6    1.9               
  821  821 A D    ><  -     0   0   68     -4,-0.7     3,-1.4     1,-0.1     6,-0.3  -0.804  60.4-176.8-105.0  95.5  -42.0   21.8    3.3               
  822  822 A Q  T 3  S+     0   0  138     -2,-0.8    -1,-0.1     1,-0.3    -4,-0.0   0.687  85.4  56.1 -62.1 -18.9  -41.7   18.9    5.9               
  823  823 A N  T 3  S+     0   0  127      4,-0.1    -1,-0.3     5,-0.0    -5,-0.0   0.628  82.0 115.7 -90.9 -12.3  -45.5   18.9    6.3               
  824  824 A S  S <> S-     0   0    9     -3,-1.4     4,-2.1    -6,-0.2     5,-0.2  -0.182  72.2-129.4 -57.8 140.7  -46.2   18.4    2.5               
  825  825 A S  H  > S+     0   0   54      1,-0.2     4,-2.0     2,-0.2    -1,-0.1   0.883 111.7  54.7 -58.6 -35.8  -47.9   15.1    1.4               
  826  826 A A  H  > S+     0   0    2      2,-0.2     4,-2.9     1,-0.2    -1,-0.2   0.890 105.5  51.2 -67.3 -39.1  -45.1   14.7   -1.2               
  827  827 A F  H  > S+     0   0   13     -6,-0.3     4,-3.1     2,-0.2    -2,-0.2   0.920 110.4  49.2 -64.5 -42.0  -42.4   15.0    1.6               
  828  828 A K  H  X S+     0   0  123     -4,-2.1     4,-2.6     2,-0.2    -2,-0.2   0.892 111.9  49.2 -63.3 -39.1  -44.2   12.3    3.7               
  829  829 A F  H  X S+     0   0   38     -4,-2.0     4,-2.7     2,-0.2    -2,-0.2   0.948 112.0  48.1 -63.3 -47.9  -44.3   10.1    0.5               
  830  830 A Y  H  X S+     0   0    0     -4,-2.9     4,-2.6     2,-0.2    -2,-0.2   0.955 113.9  46.8 -53.7 -54.0  -40.6   10.7   -0.1               
  831  831 A R  H  X S+     0   0   52     -4,-3.1     4,-2.5     1,-0.2    -2,-0.2   0.909 112.2  50.2 -56.8 -46.7  -39.8    9.9    3.6               
  832  832 A K  H  X S+     0   0  131     -4,-2.6     4,-1.9     1,-0.2    -1,-0.2   0.911 112.0  48.0 -59.3 -43.5  -42.0    6.8    3.5               
  833  833 A K  H  X S+     0   0   39     -4,-2.7     4,-2.1     2,-0.2    -2,-0.2   0.863 109.7  52.3 -67.1 -36.8  -40.2    5.7    0.2               
  834  834 A V  H  X S+     0   0    0     -4,-2.6     4,-2.9     2,-0.2    -2,-0.2   0.937 112.7  44.7 -63.8 -44.5  -36.7    6.3    1.8               
  835  835 A F  H  < S+     0   0   94     -4,-2.5    -2,-0.2     2,-0.2    -1,-0.2   0.801 111.7  53.6 -69.8 -29.0  -37.7    4.1    4.8               
  836  836 A E  H  < S+     0   0  115     -4,-1.9    -2,-0.2    -5,-0.2    -1,-0.2   0.899 117.8  36.0 -67.3 -41.5  -39.2    1.5    2.5               
  837  837 A L  H  < S+     0   0   78     -4,-2.1    -2,-0.2     1,-0.2    -3,-0.2   0.859 137.7  17.7 -81.0 -38.3  -35.9    1.3    0.5               
  838  838 A C    ><  +     0   0   35     -4,-2.9     3,-1.8    -5,-0.2    -1,-0.2  -0.698  62.7 174.9-136.1  83.3  -33.5    1.7    3.5               
  839  839 A P  T 3  S+     0   0  101      0, 0.0    -4,-0.1     0, 0.0    -1,-0.1   0.746  81.9  59.6 -59.3 -24.9  -35.3    1.1    6.9               
  840  840 A S  T 3  S+     0   0  104      2,-0.1     2,-0.3    -5,-0.0    -5,-0.1   0.281  76.7 123.4 -86.9   4.7  -31.9    1.5    8.7               
  841  841 A I    <   -     0   0   22     -3,-1.8     2,-0.5    -7,-0.2    -3,-0.0  -0.558  44.9-159.8 -75.1 131.9  -31.4    5.2    7.4               
  842  842 A C        -     0   0  109     -2,-0.3     2,-0.4     2,-0.0    -2,-0.1  -0.956   2.4-153.9-114.2 124.4  -30.9    7.8   10.2               
  843  843 A F        -     0   0   46     -2,-0.5     2,-1.1   -43,-0.0    -2,-0.0  -0.764  19.0-128.0 -91.5 135.5  -31.4   11.6    9.5               
  844  844 A T        -     0   0  115     -2,-0.4     2,-0.3   -44,-0.0    -2,-0.0  -0.749  27.4-149.9 -80.5  97.5  -29.5   14.1   11.6               
  845  845 A S        -     0   0  114     -2,-1.1     0, 0.0     1,-0.0     0, 0.0  -0.570  11.4-129.3 -64.6 126.7  -32.4   16.4   12.8               
  846  846 A S        -     0   0   94     -2,-0.3     2,-2.0     2,-0.1    -1,-0.0  -0.630  27.7-111.5 -69.9 139.0  -31.3   20.0   13.4               
  847  847 A P  S    S+     0   0  125      0, 0.0     2,-0.2     0, 0.0    -1,-0.1  -0.497  73.1 122.9 -79.5  77.5  -32.3   21.2   16.9               
  848  848 A H        +     0   0  164     -2,-2.0    -2,-0.1     1,-0.1     2,-0.1  -0.667  42.2  69.8-141.6  86.4  -35.0   23.8   15.9               
  849  849 A N        -     0   0  171     -2,-0.2    -1,-0.1     0, 0.0     2,-0.0  -0.257  63.2-129.7-177.8 135.7  -38.4   23.4   17.3               
  850  850 A L        -     0   0  145      1,-0.2    -2,-0.0    -2,-0.1     0, 0.0  -0.195  49.3 -32.0 -60.1 148.3  -39.8   23.7   20.8               
  851  851 A H        -     0   0  183      1,-0.1     2,-0.5    -2,-0.0    -1,-0.2   0.560  41.7-162.7  28.9 103.8  -42.0   21.6   23.0               
  852  852 A T        -     0   0  144      1,-0.1    -1,-0.1     2,-0.0     0, 0.0  -0.953  45.4 -58.7-117.8 108.9  -44.8   19.2   22.1               
  853  853 A G        +     0   0   84     -2,-0.5     2,-0.2     1,-0.0    -1,-0.1   0.715  44.9 163.3  59.4  90.9  -47.3   18.1   24.6               
  854  854 A G        -     0   0   79      2,-0.0    -1,-0.0     0, 0.0    -2,-0.0  -0.763  31.9-123.5-150.8 114.2  -47.5   16.3   27.9               
  855  855 A G        +     0   0   67     -2,-0.2     0, 0.0     0, 0.0     0, 0.0   0.527  37.6  57.1  99.9 104.3  -50.0   16.3   29.9               
  856  856 A D        +     0   0  159      0, 0.0    -2,-0.0     0, 0.0     0, 0.0   0.855  39.0  52.7  94.8 125.2  -51.7   16.9   33.3               
  857  857 A T        -     0   0  124      2,-0.0     0, 0.0     0, 0.0     0, 0.0   0.935  54.6 -22.2 103.8 105.9  -52.8   19.0   36.3               
  858  858 A T        -     0   0  126      1,-0.1     2,-0.2     0, 0.0     0, 0.0   0.957  40.6-115.7  80.4 116.0  -54.4   22.0   37.9               
  859  859 A G        -     0   0   72      2,-0.0     2,-0.4     1,-0.0    -1,-0.1  -0.439  15.6-174.9 -67.6 140.4  -55.5   25.5   37.2               
  860  860 A S        -     0   0  107     -2,-0.2     2,-1.2     2,-0.1    -1,-0.0  -0.919  12.3-159.4-126.3 105.8  -54.2   28.7   38.8               
  861  861 A Q        +     0   0  204     -2,-0.4     2,-0.5     2,-0.0    -2,-0.0  -0.809  20.6 173.5 -67.5  96.8  -56.2   31.6   37.6               
  862  862 A E        -     0   0  181     -2,-1.2     3,-0.1     3,-0.0    -2,-0.1  -0.990  29.8-127.1-107.8 118.6  -53.7   34.3   38.4               
  863  863 A S        -     0   0   93     -2,-0.5     2,-0.4     1,-0.1    -2,-0.0  -0.194  36.7 -81.4 -52.1 152.7  -55.0   37.6   37.0               
  864  864 A P        -     0   0  123      0, 0.0     2,-0.8     0, 0.0    -1,-0.1  -0.447  41.2-143.6 -65.8 114.8  -52.8   39.8   34.8               
  865  865 A V        -     0   0  119     -2,-0.4     2,-1.2    -3,-0.1    -3,-0.0  -0.807  18.3-128.4 -78.8 110.0  -50.4   41.8   37.0               
  866  866 A D        -     0   0  156     -2,-0.8     2,-1.0     1,-0.1    -1,-0.0  -0.519  29.3-178.4 -54.6  90.4  -50.0   45.2   35.2               
  867  867 A L        -     0   0  146     -2,-1.2     2,-1.8     2,-0.1    -1,-0.1  -0.813   9.2-165.9 -95.3  84.9  -46.2   45.5   35.1               
  868  868 A M        -     0   0  188     -2,-1.0     2,-0.8     3,-0.0    -2,-0.1  -0.638   9.4-179.0 -62.8  77.6  -46.3   48.9   33.4               
  869  869 A E        -     0   0  176     -2,-1.8     3,-0.1     1,-0.0    -2,-0.1  -0.884  32.9-116.8 -85.1 111.9  -42.6   48.9   32.4               
  870  870 A G        -     0   0   66     -2,-0.8     2,-1.2     1,-0.2    -1,-0.0  -0.179  23.2 -98.5 -52.1 140.1  -42.2   52.3   30.8               
  871  871 A E        -     0   0  189      1,-0.1     2,-1.4     2,-0.0    -1,-0.2  -0.486  35.7-160.5 -52.5  87.5  -41.4   52.8   27.1               
  872  872 A A        -     0   0   74     -2,-1.2     2,-1.2    -3,-0.1    -1,-0.1  -0.815  15.7-143.0 -74.2  92.8  -37.7   53.5   27.4               
  873  873 A E        -     0   0  165     -2,-1.4     2,-1.6     1,-0.1    -2,-0.0  -0.565   8.6-154.5 -50.5  92.4  -37.3   55.1   24.0               
  874  874 A F        -     0   0  188     -2,-1.2     2,-0.4     2,-0.0    -1,-0.1  -0.785  14.1-143.4 -72.5  88.6  -33.9   53.8   23.1               
  875  875 A E        -     0   0  167     -2,-1.6     2,-1.2     1,-0.1    -2,-0.0  -0.530  20.3-120.1 -42.4 107.0  -33.2   56.7   20.8               
  876  876 A D        -     0   0  161     -2,-0.4    -1,-0.1     1,-0.1    -2,-0.0  -0.592  27.5-142.4 -59.3  95.3  -31.3   54.8   18.0               
  877  877 A E        -     0   0  181     -2,-1.2    -1,-0.1     1,-0.1    -3,-0.0  -0.583  17.1-129.9 -62.5 112.6  -28.0   56.7   18.4               
  878  878 A P        -     0   0  105      0, 0.0     3,-0.2     0, 0.0    -1,-0.1  -0.527  29.6 -99.1 -70.9 137.0  -26.8   57.0   14.7               
  879  879 A P        -     0   0  118      0, 0.0     0, 0.0     0, 0.0     0, 0.0  -0.154  60.1 -70.5 -59.5 152.4  -23.1   55.9   14.2               
  880  880 A P        -     0   0  120      0, 0.0     2,-0.6     0, 0.0    -3,-0.0  -0.129  42.6-117.3 -69.6 134.9  -20.6   58.8   14.1               
  881  881 A R        -     0   0  250     -3,-0.2     2,-0.5     1,-0.0     3,-0.0  -0.488  20.8-146.3 -58.2 106.0  -20.4   61.3   11.2               
  882  882 A E        -     0   0  190     -2,-0.6     3,-0.1     1,-0.1    -1,-0.0  -0.737  46.8 -87.3 -71.7 126.4  -16.9   61.0    9.6               
  883  883 A A        -     0   0   88     -2,-0.5     2,-0.6     1,-0.1    -1,-0.1  -0.094  32.9-117.8 -50.6 129.0  -16.3   64.6    8.6               
  884  884 A E        -     0   0  193     -3,-0.0     2,-0.6     1,-0.0    -1,-0.1  -0.549  27.8-140.7 -58.6 106.8  -17.5   66.0    5.3               
  885  885 A L        -     0   0  170     -2,-0.6    -1,-0.0    -3,-0.1    -3,-0.0  -0.769  32.9-105.0 -72.9 117.4  -14.3   67.0    3.5               
  886  886 A E        -     0   0  187     -2,-0.6    -1,-0.1     1,-0.1     3,-0.0  -0.094  32.1-107.1 -45.3 132.3  -15.2   70.3    1.7               
  887  887 A S        -     0   0  112      1,-0.1     2,-0.2    -3,-0.0    -1,-0.1  -0.496  44.6-100.1 -59.3 133.3  -15.8   70.2   -2.1               
  888  888 A P        -     0   0  123      0, 0.0    -1,-0.1     0, 0.0     2,-0.1  -0.411  36.4-121.2 -61.7 122.0  -12.8   71.9   -3.9               
  889  889 A E        -     0   0  184     -2,-0.2     2,-0.5     1,-0.1    -3,-0.0  -0.392  31.1-106.1 -58.8 136.3  -13.6   75.4   -5.0               
  890  890 A V        -     0   0  141     -2,-0.1    -1,-0.1     1,-0.0     0, 0.0  -0.596  28.6-148.9 -68.1 112.7  -13.4   76.0   -8.8               
  891  891 A M        -     0   0  168     -2,-0.5     2,-0.0     1,-0.1    -1,-0.0  -0.722  30.2-109.7 -81.7 142.0  -10.2   78.0   -9.6               
  892  892 A P        -     0   0  103      0, 0.0     2,-0.1     0, 0.0    -1,-0.1  -0.246  28.2 -87.4 -86.8 161.3  -10.9   80.2  -12.8               
  893  893 A E        -     0   0  187      1,-0.1     2,-0.5    -2,-0.0     0, 0.0  -0.357  41.8-117.3 -61.6 131.9   -9.7   80.1  -16.4               
  894  894 A E        -     0   0  188     -2,-0.1     2,-0.4     1,-0.0    -1,-0.1  -0.694  28.0-148.9 -74.4 117.3   -6.4   82.0  -17.2               
  895  895 A E        -     0   0  184     -2,-0.5     2,-0.2     1,-0.0    -1,-0.0  -0.782  22.5-107.7 -90.4 136.4   -7.0   84.8  -19.7               
  896  896 A D        -     0   0  153     -2,-0.4     2,-0.6     1,-0.0    -1,-0.0  -0.421  24.0-159.3 -63.6 128.2   -4.2   85.8  -22.1               
  897  897 A E        -     0   0  188     -2,-0.2     2,-0.4     2,-0.0    -1,-0.0  -0.961  14.0-149.0-110.6 112.4   -2.3   89.1  -21.7               
  898  898 A D        -     0   0  148     -2,-0.6     2,-0.4     2,-0.0    -2,-0.0  -0.646  14.6-175.6 -68.3 127.4   -0.6   90.2  -24.9               
  899  899 A D        -     0   0  166     -2,-0.4     2,-0.4     2,-0.0    -2,-0.0  -0.918  10.1-164.3-127.4 108.7    2.7   92.1  -24.7               
  900  900 A E        +     0   0  193     -2,-0.4     2,-0.3     2,-0.0    -2,-0.0  -0.673  16.0 169.1 -70.0 133.2    4.0   93.3  -28.1               
  901  901 A D        -     0   0  165     -2,-0.4     2,-0.2     2,-0.0    -2,-0.0  -0.859  21.2-151.9-142.2 128.2    7.5   94.4  -28.7               
  902  902 A G        +     0   0   70     -2,-0.3     2,-0.2     2,-0.0    -2,-0.0  -0.596  20.8 176.6 -89.7 145.7    8.5   94.9  -32.3               
  903  903 A G        -     0   0   79     -2,-0.2     2,-0.1     2,-0.0    -2,-0.0  -0.738  23.7-161.9-149.1  95.8   11.9   94.6  -34.0               
  904  904 A E        +     0   0  188     -2,-0.2     2,-0.0     2,-0.0    -2,-0.0  -0.445  28.2 122.1 -68.7 142.3   11.8   95.1  -37.8               
  905  905 A E        +     0   0  201     -2,-0.1    -2,-0.0     0, 0.0     0, 0.0   0.039  25.7 177.1 172.7 131.1   13.9   94.4  -40.7               
  906  906 A A        +     0   0   92      1,-0.1    -2,-0.0    -2,-0.0     0, 0.0  -0.464  10.5  73.5-111.1-162.2   13.7   92.4  -44.0               
  907  907 A P        -     0   0  114      0, 0.0    -1,-0.1     0, 0.0     0, 0.0   0.633  18.7-174.1-131.8 153.9   14.8   91.2  -47.0               
  908  908 A A        +     0   0   97      0, 0.0    -2,-0.0     0, 0.0     0, 0.0   0.679   5.5 173.8  47.6-171.9   16.7   89.3  -49.7               
  909  909 A P        +     0   0  127      0, 0.0     0, 0.0     0, 0.0     0, 0.0   0.840   8.7  71.1-138.7 179.9   17.8   88.2  -52.8               
  910  910 A G        +     0   0   84      0, 0.0     0, 0.0     0, 0.0     0, 0.0   0.436  22.1 105.7 112.7 138.3   19.5   86.7  -55.9               
  911  911 A G        -     0   0   76      0, 0.0     0, 0.0     0, 0.0     0, 0.0   0.721  14.6-160.1 166.7 153.8   20.3   84.4  -58.1               
  912  912 A A        -     0   0  116      0, 0.0     2,-0.0     0, 0.0     0, 0.0   0.875   6.8-150.1  59.8 139.2   20.9   82.0  -61.0               
  913  913 A G        -     0   0   67      0, 0.0     2,-0.0     0, 0.0     0, 0.0   0.672   7.5-177.7 131.2 141.0   21.7   79.3  -62.8               
  914  914 A K        -     0   0  206     -2,-0.0     2,-0.1     0, 0.0     0, 0.0   0.386  15.5-157.1 106.1 132.3   22.9   77.0  -65.7               
  915  915 A S        +     0   0   90     -2,-0.0     0, 0.0     0, 0.0     0, 0.0   0.166  17.9  99.2 133.9 126.2   23.3   73.7  -66.7               
  916  916 A E        -     0   0  200     -2,-0.1     0, 0.0     0, 0.0     0, 0.0   0.713  22.2-134.6  72.2 140.0   24.9   70.8  -68.9               
  917  917 A G        +     0   0   75      2,-0.0     0, 0.0     0, 0.0     0, 0.0   0.556  23.1 131.6 151.1 136.8   26.9   68.3  -69.6               
  918  918 A S        -     0   0  125      0, 0.0     0, 0.0     0, 0.0     0, 0.0   0.672  20.5-155.9 104.5 119.9   29.3   65.6  -71.0               
  919  919 A T        +     0   0  126      2,-0.0    -2,-0.0     1,-0.0     0, 0.0  -0.251  18.5 139.0 -76.6 177.2   32.5   63.4  -70.4               
  920  920 A P        -     0   0  117      0, 0.0    -1,-0.0     0, 0.0     0, 0.0   0.496  26.0-114.5-140.1 163.5   35.0   61.6  -71.3               
  921  921 A A        +     0   0   86      0, 0.0    -2,-0.0     0, 0.0     2,-0.0   0.682  27.6 120.8  34.8 122.1   38.7   60.7  -70.7               
  922  922 A D        +     0   0  172      1,-0.0     0, 0.0     0, 0.0     0, 0.0   0.185  37.7  40.7 169.1 141.5   42.3   60.5  -71.3               
  923  923 A G        -     0   0   79     -2,-0.0    -1,-0.0     0, 0.0     0, 0.0   0.810  40.8-164.0 120.7  91.8   45.9   61.2  -70.4               
  924  924 A L        +     0   0  170      1,-0.0     0, 0.0     0, 0.0     0, 0.0  -0.062  15.1  74.9 -67.1-172.2   48.3   61.3  -67.3               
  925  925 A P        +     0   0  122      0, 0.0    -1,-0.0     0, 0.0     0, 0.0   0.827  14.5  99.3-137.5-179.9   51.1   62.1  -65.6               
  926  926 A G        -     0   0   70      0, 0.0     0, 0.0     0, 0.0     0, 0.0   0.201  38.6-122.7 149.5  88.4   54.0   63.9  -63.6               
  927  927 A E        +     0   0  195      0, 0.0     0, 0.0     0, 0.0     0, 0.0   0.866  25.7  80.3  91.4 127.3   55.1   64.3  -60.2               
  928  928 A A        +     0   0  101      0, 0.0     0, 0.0     0, 0.0     0, 0.0   0.817  20.3  60.2  65.2 141.8   56.1   65.8  -56.8               
  929  929 A A        -     0   0   72      0, 0.0     0, 0.0     0, 0.0     0, 0.0   0.832  27.5 -46.6-165.2 158.3   56.2   67.1  -53.9               
  930  930 A E        +     0   0  172      0, 0.0     0, 0.0     0, 0.0     0, 0.0   0.876  21.7  22.0  62.4 146.1   55.7   67.7  -50.2               
  931  931 A D        -     0   0  127      0, 0.0     0, 0.0     0, 0.0     0, 0.0   0.858  15.6 -99.6-169.0 159.0   54.5   68.0  -47.1               
  932  932 A D        +     0   0  134      2,-0.0     0, 0.0     0, 0.0     0, 0.0   0.650  17.6 135.2  32.4 124.1   53.0   68.3  -43.6               
  933  933 A L        -     0   0  169      2,-0.0     2,-0.2     0, 0.0     0, 0.0   0.172  15.9-165.1 179.6 137.7   51.2   69.6  -41.1               
  934  934 A A        -     0   0   98      0, 0.0     2,-0.3     0, 0.0    -2,-0.0  -0.451   9.2-179.1 -69.3 142.0   48.7   68.5  -38.4               
  935  935 A G        -     0   0   78     -2,-0.2    -2,-0.0     0, 0.0     0, 0.0  -0.913  26.9-123.4-151.3 117.3   46.6   70.9  -36.4               
  936  936 A A        -     0   0  102     -2,-0.3     2,-0.1     1,-0.1     0, 0.0   0.112  25.1 -96.3 -73.0 172.1   44.2   69.5  -33.8               
  937  937 A P        -     0   0  129      0, 0.0     2,-0.3     0, 0.0    -1,-0.1  -0.438  18.9-158.9-101.4 155.8   40.4   69.9  -33.2               
  938  938 A A        -     0   0   93     -2,-0.1     0, 0.0     1,-0.0     0, 0.0  -0.870  44.5 -46.5-141.8 112.8   37.8   71.9  -31.2               
  939  939 A L        -     0   0  163     -2,-0.3     2,-0.1     1,-0.1    -1,-0.0   0.818  31.8-139.6  59.9  90.6   34.2   71.1  -30.3               
  940  940 A S        -     0   0  110      1,-0.0     2,-0.4     2,-0.0    -1,-0.1  -0.306   9.5-153.9 -31.2 127.7   31.1   69.8  -31.8               
  941  941 A Q        -     0   0  198     -2,-0.1     2,-0.4     2,-0.0    -1,-0.0  -0.998  25.0-136.2-112.4 125.5   27.7   71.3  -31.0               
  942  942 A A        -     0   0  108     -2,-0.4     2,-0.5     3,-0.0     3,-0.1  -0.673  15.0-156.3 -82.9 130.3   25.1   68.5  -31.5               
  943  943 A S        -     0   0  110     -2,-0.4    -2,-0.0     1,-0.1     0, 0.0  -0.952  41.4 -53.2-112.3 126.8   21.8   69.2  -33.3               
  944  944 A S        -     0   0  113     -2,-0.5     2,-0.4     1,-0.2    -1,-0.1   0.641  44.7-127.0  34.8 103.2   18.6   67.2  -32.9               
  945  945 A G        -     0   0   85     -3,-0.1     2,-0.5     2,-0.0    -1,-0.2  -0.570  13.7-162.3 -70.6 125.0   18.0   63.5  -33.4               
  946  946 A T        -     0   0  112     -2,-0.4     2,-0.9     2,-0.0    -1,-0.0  -0.960  25.6-129.0-103.5 119.6   15.3   62.3  -35.8               
  947  947 A C        -     0   0  135     -2,-0.5    -2,-0.0     3,-0.0     0, 0.0  -0.614  22.2-162.9 -74.5 102.9   14.6   58.6  -34.9               
  948  948 A F        -     0   0  169     -2,-0.9     2,-0.3     1,-0.1    -2,-0.0  -0.729  33.7-100.0 -82.8 139.7   14.7   56.5  -38.1               
  949  949 A P        -     0   0  113      0, 0.0     2,-1.0     0, 0.0    -1,-0.1  -0.389  36.8-121.9 -68.1 118.9   13.1   53.0  -37.7               
  950  950 A R        -     0   0  244     -2,-0.3     2,-0.5     1,-0.1    -3,-0.0  -0.447  19.5-148.6 -65.8  97.3   15.8   50.3  -37.1               
  951  951 A K        -     0   0  184     -2,-1.0     2,-0.9     1,-0.1    -1,-0.1  -0.560  23.1-122.9 -61.4 115.0   15.5   47.7  -39.9               
  952  952 A R        -     0   0  245     -2,-0.5     2,-0.7     1,-0.1    -1,-0.1  -0.562  20.7-144.7 -61.1 103.2   16.6   44.4  -38.2               
  953  953 A I        -     0   0  164     -2,-0.9     2,-0.3     1,-0.1    -1,-0.1  -0.679  25.3-119.2 -70.7 111.4   19.5   43.3  -40.4               
  954  954 A S        -     0   0   88     -2,-0.7     2,-1.7     1,-0.1    -1,-0.1  -0.458  27.7-110.5 -55.6 121.3   19.0   39.5  -40.3               
  955  955 A S        +     0   0  127     -2,-0.3     2,-0.5     2,-0.0     3,-0.1  -0.354  57.0 153.2 -59.5  80.0   22.2   37.9  -38.8               
  956  956 A K        -     0   0  183     -2,-1.7    -2,-0.0     1,-0.2    -1,-0.0  -0.980  60.6  -2.1-110.3 117.9   23.8   36.2  -41.8               
  957  957 A S        -     0   0  102     -2,-0.5     2,-1.1     1,-0.2    -1,-0.2   0.953  45.9-175.5  72.9  71.6   27.6   35.8  -41.5               
  958  958 A L        -     0   0  169     -3,-0.1     2,-1.7     1,-0.0    -1,-0.2  -0.826  31.9-141.8 -75.2 103.4   29.6   37.1  -38.6               
  959  959 A K        -     0   0  193     -2,-1.1     2,-0.4     3,-0.0     3,-0.1  -0.586  17.9-163.4 -66.3  77.5   32.9   36.1  -40.2               
  960  960 A V        -     0   0  132     -2,-1.7     3,-0.1     1,-0.1    -2,-0.0  -0.681  34.3 -96.0 -72.1 123.8   34.6   34.9  -37.0               
  961  961 A G        -     0   0   60     -2,-0.4     2,-0.6     1,-0.2    -1,-0.1   0.020  35.7-100.5 -48.5 142.0   38.3   34.8  -37.9               
  962  962 A M        -     0   0  180     -3,-0.1    -1,-0.2     2,-0.0    -3,-0.0  -0.541  28.8-170.0 -59.9 107.8   40.1   31.7  -38.9               
  963  963 A I        -     0   0  158     -2,-0.6     2,-1.2    -3,-0.1    -3,-0.0  -0.962  32.2-128.4 -88.4 112.9   42.1   30.2  -36.1               
  964  964 A P        -     0   0  115      0, 0.0    -2,-0.0     0, 0.0     3,-0.0  -0.534  23.6-165.0 -65.4  97.2   44.1   27.6  -38.2               
  965  965 A A        -     0   0   83     -2,-1.2     3,-0.1     1,-0.1     2,-0.0  -0.762  38.6 -98.8 -73.5 130.3   43.5   24.3  -36.4               
  966  966 A P        -     0   0  120      0, 0.0     2,-0.8     0, 0.0    -1,-0.1  -0.323  44.6 -97.7 -59.8 131.0   46.2   21.9  -37.9               
  967  967 A K        -     0   0  202      1,-0.1     2,-1.0     2,-0.0     0, 0.0  -0.323  32.7-164.4 -52.4  93.6   44.7   19.6  -40.6               
  968  968 A R        -     0   0  230     -2,-0.8     2,-1.4    -3,-0.1    -1,-0.1  -0.820  24.7-136.1 -72.1 105.2   43.9   16.3  -39.0               
  969  969 A V        -     0   0  126     -2,-1.0     2,-1.2     2,-0.1    -2,-0.0  -0.622  16.3-159.2 -64.5  90.6   43.5   14.5  -42.3               
  970  970 A C        -     0   0   97     -2,-1.4     4,-0.2     1,-0.1    -1,-0.1  -0.747   4.0-166.5 -73.2  98.1   40.4   12.5  -41.5               
  971  971 A L        +     0   0  163     -2,-1.2     2,-0.6     2,-0.1    -1,-0.1   0.089  61.8  96.2 -72.7  20.9   40.8    9.7  -44.2               
  972  972 A I  S    S-     0   0  138      3,-0.0     2,-0.3     0, 0.0    -2,-0.1  -0.973  84.2-123.8-118.3 113.6   37.2    8.8  -43.5               
  973  973 A Q        -     0   0  181     -2,-0.6    -2,-0.1     1,-0.1     3,-0.1  -0.445  35.4-116.0 -50.9 108.9   34.7   10.3  -45.9               
  974  974 A E        -     0   0  160     -2,-0.3    -1,-0.1    -4,-0.2     2,-0.0  -0.399  36.5-107.4 -52.3 121.8   32.3   12.0  -43.5               
  975  975 A P        -     0   0  104      0, 0.0     2,-1.2     0, 0.0    -1,-0.1  -0.416  38.0-102.9 -55.6 129.6   29.0   10.2  -44.0               
  976  976 A K        -     0   0  203      1,-0.1     2,-0.6    -3,-0.1    -3,-0.0  -0.467  37.7-145.4 -56.7  92.2   26.7   12.6  -45.9               
  977  977 A V        -     0   0  120     -2,-1.2     2,-0.1     1,-0.1    -1,-0.1  -0.597  22.1-119.4 -61.9 109.9   24.6   13.6  -42.9               
  978  978 A H        -     0   0  158     -2,-0.6     3,-0.1     1,-0.1    -1,-0.1  -0.472  36.0-101.6 -52.1 122.0   21.3   14.0  -44.5               
  979  979 A E        -     0   0  170      1,-0.1    -1,-0.1    -2,-0.1     3,-0.1  -0.390  52.5 -92.8 -48.5 124.1   20.5   17.7  -43.9               
  980  980 A P        -     0   0  111      0, 0.0     2,-0.4     0, 0.0    -1,-0.1  -0.311  43.5-116.3 -49.5 113.7   18.0   17.3  -41.0               
  981  981 A V        -     0   0  105      1,-0.1     2,-2.0    -3,-0.1    -3,-0.0  -0.449  25.1-133.9 -54.8 108.3   14.7   17.2  -42.8               
  982  982 A R        -     0   0  235     -2,-0.4     2,-1.2    -3,-0.1    -1,-0.1  -0.655  17.6-159.2 -68.3  85.8   13.1   20.4  -41.4               
  983  983 A I        -     0   0  121     -2,-2.0     2,-1.0     1,-0.0    -2,-0.0  -0.718  19.3-136.3 -58.0  97.5    9.8   18.8  -40.7               
  984  984 A A        -     0   0   82     -2,-1.2     2,-1.3     1,-0.0    -2,-0.0  -0.707   9.8-136.4 -55.8 103.9    8.1   22.2  -40.7               
  985  985 A Y        -     0   0  207     -2,-1.0     2,-1.7     1,-0.0    -1,-0.0  -0.772  17.0-138.7 -57.2  98.7    6.0   21.6  -37.7               
  986  986 A D        -     0   0  116     -2,-1.3     3,-0.1     3,-0.0    -1,-0.0  -0.720  19.1-133.3 -61.7  87.5    3.1   23.2  -39.5               
  987  987 A R        -     0   0  218     -2,-1.7     3,-0.1     1,-0.2    -3,-0.0  -0.601  45.7 -87.8 -49.6 112.9    2.3   24.9  -36.2               
  988  988 A P        -     0   0  117      0, 0.0     2,-0.4     0, 0.0    -1,-0.2  -0.139  46.5-126.3 -49.7 107.0   -1.4   24.0  -36.6               
  989  989 A R        -     0   0  196      1,-0.1    -3,-0.0    -3,-0.1     0, 0.0  -0.517  30.2-109.6 -57.0 112.3   -2.5   27.0  -38.6               
  990  990 A G        -     0   0   70     -2,-0.4     3,-0.3     1,-0.2    -1,-0.1  -0.348  66.7 -64.5 -44.1 125.5   -5.4   28.2  -36.5               
  991  991 A R        -     0   0  227      1,-0.2     2,-0.3    -3,-0.1    -1,-0.2   0.046  67.8-102.6 -30.6 117.1   -8.2   27.2  -38.9               
  992  992 A P        -     0   0  108      0, 0.0     2,-0.4     0, 0.0    -1,-0.2  -0.293  35.0-135.4 -55.1 107.0   -7.5   29.5  -41.9               
  993  993 A M        -     0   0  182     -3,-0.3     3,-0.2    -2,-0.3    -3,-0.0  -0.559  31.9-103.3 -61.9 119.9  -10.2   32.2  -41.5               
  994  994 A S    >   -     0   0   92     -2,-0.4     3,-0.6     1,-0.2    -1,-0.1  -0.313  56.5 -78.7 -45.7 124.4  -11.6   32.7  -44.9               
  995  995 A K  T 3  S-     0   0  196      1,-0.2    -1,-0.2    -3,-0.0     0, 0.0   0.018  88.3 -28.0 -30.2 120.8  -10.1   35.9  -46.4               
  996  996 A K  T 3   +     0   0  209     -3,-0.2     2,-0.7     1,-0.2    -1,-0.2   0.673  53.2 165.9  40.3  65.3  -11.6   39.2  -45.2               
  997  997 A K    <   -     0   0  173     -3,-0.6    -1,-0.2     3,-0.0     3,-0.1  -0.971  50.1-120.5 -83.6 115.8  -15.1   39.3  -44.1               
  998  998 A K        -     0   0  183     -2,-0.7     0, 0.0     1,-0.1     0, 0.0  -0.385  43.9 -85.7 -42.9 133.1  -14.9   42.7  -42.4               
  999  999 A P        -     0   0   88      0, 0.0     2,-2.4     0, 0.0    -1,-0.1  -0.337  36.4-127.9 -50.0 123.1  -15.8   42.0  -38.8               
 1000 1000 A K    >   +     0   0  139      1,-0.2     3,-1.4    -3,-0.1     4,-0.4  -0.511  46.1 163.7 -70.8  65.0  -19.7   42.2  -38.7               
 1001 1001 A D  T 3   +     0   0  116     -2,-2.4    -1,-0.2     1,-0.2     4,-0.1   0.389  68.6  55.7 -67.0   4.8  -19.3   44.6  -35.8               
 1002 1002 A L  T 3  S+     0   0  145      2,-0.1     4,-0.4     1,-0.1    -1,-0.2   0.388  81.2  79.7-123.5   3.4  -23.0   45.6  -36.5               
 1003 1003 A D  S <> S+     0   0   53     -3,-1.4     4,-1.6     1,-0.2     3,-0.5   0.706  78.0  73.3 -87.9 -15.0  -24.9   42.3  -36.3               
 1004 1004 A F  T  4 S+     0   0  163     -4,-0.4    -1,-0.2     1,-0.2    -2,-0.1   0.876  92.9  57.1 -62.5 -32.7  -25.0   42.3  -32.4               
 1005 1005 A A  T >4 S+     0   0   82      1,-0.2     3,-0.7    -3,-0.2    -1,-0.2   0.843 107.3  48.0 -63.8 -32.5  -27.6   45.1  -32.7               
 1006 1006 A Q  T 34 S+     0   0  158     -3,-0.5    -2,-0.2    -4,-0.4    -1,-0.2   0.793 110.6  51.2 -78.4 -28.8  -29.7   42.7  -34.8               
 1007 1007 A Q  T 3< S+     0   0  164     -4,-1.6    -1,-0.2     2,-0.0    -2,-0.2  -0.030  78.2 150.7 -97.3  28.5  -29.3   39.8  -32.3               
 1008 1008 A K    <   -     0   0  110     -3,-0.7     2,-0.3     1,-0.1    -3,-0.1  -0.425  55.4-108.7 -60.3 129.9  -30.4   42.0  -29.3               
 1009 1009 A L        -     0   0  101     -2,-0.2     2,-0.1     1,-0.1    -1,-0.1  -0.464  37.8-142.5 -62.0 121.0  -32.0   39.8  -26.5               
 1010 1010 A T    >   -     0   0   82     -2,-0.3     3,-2.5     1,-0.1     6,-0.3  -0.473  26.5-101.3 -79.6 161.9  -35.8   40.6  -26.5               
 1011 1011 A D  T 3  S+     0   0   99      1,-0.3     6,-0.2    -2,-0.1    -1,-0.1   0.682 119.0  70.4 -51.8 -23.9  -38.1   40.8  -23.4               
 1012 1012 A K  T 3  S+     0   0  181      4,-0.1     2,-0.5     5,-0.0    -1,-0.3   0.638  78.3  96.0 -68.7 -18.5  -39.3   37.3  -24.3               
 1013 1013 A N  S <> S-     0   0   66     -3,-2.5     4,-2.1     1,-0.1     3,-0.5  -0.681  73.6-142.4 -80.6 127.1  -35.9   35.9  -23.3               
 1014 1014 A L  H  > S+     0   0  140     -2,-0.5     4,-2.2     1,-0.2    -1,-0.1   0.854 102.7  55.4 -56.1 -36.3  -35.8   34.5  -19.7               
 1015 1015 A G  H  > S+     0   0   27      2,-0.2     4,-2.4     1,-0.2    -1,-0.2   0.893 106.4  50.1 -65.2 -38.6  -32.2   35.9  -19.3               
 1016 1016 A F  H  > S+     0   0   23     -3,-0.5     4,-2.5    -6,-0.3    -2,-0.2   0.932 111.5  48.4 -64.9 -43.7  -33.4   39.4  -20.2               
 1017 1017 A Q  H  X S+     0   0   87     -4,-2.1     4,-2.3     2,-0.2    -2,-0.2   0.876 111.4  50.7 -63.3 -38.4  -36.3   39.2  -17.7               
 1018 1018 A M  H  X S+     0   0  110     -4,-2.2     4,-1.9    -5,-0.2    -2,-0.2   0.935 109.6  49.8 -65.7 -44.4  -33.8   38.0  -15.0               
 1019 1019 A L  H  <>S+     0   0   69     -4,-2.4     5,-2.7     2,-0.2    -2,-0.2   0.936 111.3  49.4 -58.6 -46.8  -31.5   40.9  -15.7               
 1020 1020 A Q  H ><5S+     0   0  103     -4,-2.5     3,-1.6     1,-0.2    -2,-0.2   0.908 109.7  51.0 -59.0 -43.5  -34.4   43.3  -15.5               
 1021 1021 A K  H 3<5S+     0   0  183     -4,-2.3    -1,-0.2     1,-0.3    -2,-0.2   0.830 106.2  55.8 -63.3 -31.8  -35.5   41.7  -12.1               
 1022 1022 A M  T 3<5S-     0   0  161     -4,-1.9    -1,-0.3    -3,-0.2    -2,-0.2   0.293 130.5 -97.7 -80.3   7.0  -31.9   42.2  -10.9               
 1023 1023 A G  T < 5S+     0   0   53     -3,-1.6     2,-0.4     1,-0.3    -3,-0.2   0.508  71.8 152.2  87.8   8.0  -32.2   45.9  -11.7               
 1024 1024 A W      < -     0   0   65     -5,-2.7     2,-0.4    -6,-0.2    -1,-0.3  -0.567  22.1-172.2 -68.4 126.5  -30.5   45.9  -15.1               
 1025 1025 A K    >   -     0   0  144     -2,-0.4     3,-2.3     4,-0.2     2,-0.0  -0.953  33.4 -97.1-119.6 141.5  -31.9   48.8  -17.3               
 1026 1026 A E  T 3  S+     0   0  113     -2,-0.4     3,-0.1     1,-0.3     0, 0.0  -0.316 111.3  14.8 -59.4 129.8  -31.1   49.3  -20.9               
 1027 1027 A G  T 3  S+     0   0   30      1,-0.3     2,-0.3    11,-0.1    -1,-0.3   0.411 104.9 108.0  80.1   0.9  -28.3   51.9  -21.3               
 1028 1028 A H  S <  S-     0   0  116     -3,-2.3    -1,-0.3     9,-0.1    -3,-0.1  -0.856  71.8-114.4-104.7 145.1  -27.2   51.7  -17.6               
 1029 1029 A G        -     0   0   10      5,-0.8     5,-0.2    -2,-0.3    -4,-0.2  -0.355  43.2 -90.0 -64.9 151.5  -24.0   50.0  -16.3               
 1030 1030 A L  S    S+     0   0  121      7,-0.5     6,-0.8     5,-0.1     2,-0.1  -0.421  86.1  63.3 -62.9 140.0  -24.3   46.8  -14.2               
 1031 1031 A G  S >  S-     0   0   59      4,-0.2     3,-2.0     3,-0.1     5,-0.1  -0.345  94.7 -77.0 122.2 159.1  -24.5   47.5  -10.4               
 1032 1032 A S  T 3  S+     0   0  127      1,-0.3    -1,-0.1    -2,-0.1    -2,-0.0   0.744 131.4  36.3 -57.7 -28.3  -26.8   49.2   -7.8               
 1033 1033 A L  T 3  S-     0   0  130     -3,-0.1    -1,-0.3     0, 0.0    -4,-0.1   0.112 114.3-109.0-109.0  11.6  -25.6   52.8   -8.8               
 1034 1034 A G  S <  S+     0   0   29     -3,-2.0    -5,-0.8    -5,-0.2    -3,-0.1   0.643  75.6 138.3  68.4  13.7  -25.2   52.1  -12.6               
 1035 1035 A K        +     0   0  177     -6,-0.1    -4,-0.2    -7,-0.1    -5,-0.1   0.477  36.0 106.6 -71.2  -9.1  -21.3   52.2  -12.1               
 1036 1036 A G  S    S-     0   0   27     -6,-0.8     2,-0.2     1,-0.1    -7,-0.2  -0.213  89.4 -76.3 -67.3 165.0  -20.7   49.2  -14.5               
 1037 1037 A I        -     0   0  134      1,-0.2    -7,-0.5    -8,-0.1    -1,-0.1  -0.466  41.3-167.9 -64.2 122.6  -19.3   49.5  -18.0               
 1038 1038 A R        +     0   0  190     -2,-0.2    -1,-0.2    -9,-0.2   -11,-0.1   0.824  69.9  56.5 -80.4 -38.2  -22.1   50.8  -20.3               
 1039 1039 A E  S    S-     0   0  151      1,-0.1     3,-0.1   -12,-0.0     2,-0.0  -0.758  96.3-102.9 -99.3 140.1  -20.3   50.1  -23.6               
 1040 1040 A P        -     0   0  124      0, 0.0     2,-0.3     0, 0.0    -2,-0.1  -0.373  48.5 -96.1 -58.6 139.1  -18.9   46.6  -24.6               
 1041 1041 A V        -     0   0  112      1,-0.1     2,-0.4    -4,-0.1    -4,-0.0  -0.427  42.2-118.2 -59.6 118.2  -15.1   46.3  -24.2               
 1042 1042 A S        -     0   0  113     -2,-0.3     2,-0.8     1,-0.1    -1,-0.1  -0.457  22.7-146.9 -60.9 113.5  -13.6   47.1  -27.6               
 1043 1043 A V        -     0   0  102     -2,-0.4    -1,-0.1     9,-0.1     9,-0.0  -0.805  15.7-136.5 -81.2 110.0  -11.7   44.0  -28.7               
 1044 1044 A G        -     0   0   50     -2,-0.8    10,-0.1     1,-0.2     9,-0.1  -0.262  46.2 -70.6 -53.4 152.4   -8.7   45.2  -30.7               
 1045 1045 A T        -     0   0  126      1,-0.1     2,-1.1    10,-0.1    -1,-0.2  -0.350  57.3-117.5 -48.7 118.5   -8.1   43.2  -33.9               
 1046 1046 A P        -     0   0  119      0, 0.0     2,-0.1     0, 0.0    -1,-0.1  -0.507  27.7-156.4 -68.3  98.8   -6.8   39.8  -32.7               
 1047 1047 A S    >   -     0   0   70     -2,-1.1     3,-2.0     1,-0.1     2,-0.5  -0.484  51.9 -63.9 -64.9 148.7   -3.3   39.5  -34.1               
 1048 1048 A E  T 3  S-     0   0  196      1,-0.3    -1,-0.1    -2,-0.1     0, 0.0  -0.178 114.3 -15.0 -55.6 101.6   -2.4   35.8  -34.3               
 1049 1049 A G  T 3  S+     0   0   85     -2,-0.5     2,-0.4     1,-0.3    -1,-0.3   0.560  90.7 137.1  87.6  11.7   -2.4   34.3  -30.7               
 1050 1050 A E    <   -     0   0  106     -3,-2.0    -1,-0.3     1,-0.1     3,-0.1  -0.726  51.6-123.7 -86.5 130.5   -2.3   37.5  -28.6               
 1051 1051 A G    >   -     0   0   58     -2,-0.4     3,-1.4     1,-0.2     2,-0.2  -0.176  41.5 -68.8 -66.6 167.3   -4.6   37.2  -25.6               
 1052 1052 A L  T 3  S+     0   0  172      1,-0.2    -1,-0.2     2,-0.1    -9,-0.1  -0.454 126.5  35.6 -53.3 120.4   -7.5   39.6  -24.7               
 1053 1053 A G  T 3  S+     0   0   80     -2,-0.2     3,-0.4    -3,-0.1    -1,-0.2   0.477  74.6 128.4 108.0   8.2   -5.6   42.9  -23.7               
 1054 1054 A A  S <  S+     0   0   48     -3,-1.4     2,-0.3     1,-0.2    -2,-0.1   0.705  70.3  41.3 -75.9 -17.4   -2.6   42.7  -26.2               
 1055 1055 A D        +     0   0  134      2,-0.1     2,-0.4    -5,-0.1    -1,-0.2  -0.690  63.2 130.8-136.3  81.2   -2.9   46.3  -27.6               
 1056 1056 A G        -     0   0   62     -3,-0.4     2,-1.5    -2,-0.3     0, 0.0  -0.985  60.0-123.5-117.7 116.7   -3.7   49.1  -25.1               
 1057 1057 A Q        +     0   0  186     -2,-0.4     2,-0.5     2,-0.1    -2,-0.1  -0.434  48.0 156.6 -60.6  86.8   -1.2   52.0  -25.7               
 1058 1058 A E        -     0   0  138     -2,-1.5     2,-1.9     2,-0.1    -2,-0.1  -0.936  36.1-150.2-119.9 112.5    0.4   52.4  -22.2               
 1059 1059 A H        +     0   0  185     -2,-0.5     2,-0.7     2,-0.1    -2,-0.1  -0.131  56.3 124.4 -63.6  35.2    3.9   54.0  -22.3               
 1060 1060 A K        -     0   0  154     -2,-1.9     2,-0.3     0, 0.0    -2,-0.1  -0.913  65.3-128.8-108.9 107.0    5.0   52.1  -19.1               
 1061 1061 A E        -     0   0  173     -2,-0.7     2,-0.1     1,-0.1    -2,-0.1  -0.394  34.3-115.7 -51.1 111.5    8.2   50.1  -19.7               
 1062 1062 A D    >>  -     0   0   95     -2,-0.3     4,-2.0     1,-0.2     3,-0.9  -0.367  12.8-136.7 -59.7 125.4    7.2   46.7  -18.4               
 1063 1063 A T  H 3> S+     0   0  117      1,-0.3     4,-2.1     2,-0.2    -1,-0.2   0.820 105.7  58.2 -54.2 -30.7    9.3   45.8  -15.3               
 1064 1064 A F  H 3> S+     0   0  121      2,-0.2     4,-2.5     1,-0.2    -1,-0.3   0.877 104.4  48.7 -68.9 -37.0    9.7   42.3  -16.9               
 1065 1065 A D  H <> S+     0   0   68     -3,-0.9     4,-2.8     2,-0.2    -2,-0.2   0.911 110.0  51.8 -72.1 -37.6   11.2   43.7  -20.1               
 1066 1066 A V  H  X S+     0   0   69     -4,-2.0     4,-2.5     2,-0.2    -2,-0.2   0.942 112.3  46.6 -59.5 -46.8   13.7   45.8  -18.1               
 1067 1067 A F  H  X S+     0   0  121     -4,-2.1     4,-2.5     2,-0.2    -2,-0.2   0.932 112.5  49.8 -61.7 -44.9   14.7   42.6  -16.1               
 1068 1068 A R  H  X S+     0   0  145     -4,-2.5     4,-2.1     2,-0.2    -2,-0.2   0.922 111.9  48.0 -58.6 -46.7   15.0   40.6  -19.4               
 1069 1069 A Q  H  X S+     0   0  121     -4,-2.8     4,-2.5     2,-0.2    -2,-0.2   0.921 110.9  51.4 -61.8 -42.7   17.2   43.3  -20.9               
 1070 1070 A R  H  X S+     0   0  190     -4,-2.5     4,-2.4     1,-0.2    -2,-0.2   0.920 111.3  46.8 -61.6 -45.2   19.4   43.4  -17.8               
 1071 1071 A M  H  X S+     0   0   74     -4,-2.5     4,-2.1     2,-0.2    -1,-0.2   0.884 112.2  50.7 -63.3 -38.8   19.9   39.6  -17.8               
 1072 1072 A M  H  X S+     0   0  109     -4,-2.1     4,-1.8     2,-0.2    -2,-0.2   0.891 110.7  48.3 -70.0 -37.9   20.7   39.7  -21.6               
 1073 1073 A Q  H  X S+     0   0  118     -4,-2.5     4,-2.7     2,-0.2     5,-0.2   0.931 109.5  53.7 -64.2 -43.4   23.3   42.5  -21.0               
 1074 1074 A M  H  X S+     0   0  121     -4,-2.4     4,-2.6     1,-0.2    -2,-0.2   0.910 108.8  49.3 -56.6 -43.3   24.8   40.4  -18.1               
 1075 1075 A Y  H  X S+     0   0  167     -4,-2.1     4,-1.4     2,-0.2    -1,-0.2   0.878 110.2  50.6 -64.2 -39.0   25.1   37.5  -20.5               
 1076 1076 A R  H  X S+     0   0  171     -4,-1.8     4,-1.9     2,-0.2     3,-0.3   0.941 112.1  46.7 -65.4 -44.8   26.8   39.7  -23.2               
 1077 1077 A H  H  X S+     0   0  125     -4,-2.7     4,-2.0     1,-0.2    -2,-0.2   0.921 111.4  51.5 -61.3 -44.0   29.3   41.0  -20.6               
 1078 1078 A K  H  < S+     0   0  157     -4,-2.6    -1,-0.2     1,-0.2    -2,-0.2   0.786 113.2  45.9 -63.5 -29.7   30.0   37.5  -19.3               
 1079 1079 A R  H >< S+     0   0  210     -4,-1.4     3,-0.6    -3,-0.3    -1,-0.2   0.757 111.3  50.9 -82.8 -29.9   30.7   36.4  -22.9               
 1080 1080 A A  H 3< S+     0   0   77     -4,-1.9    -2,-0.2     1,-0.2    -3,-0.2   0.754 105.0  57.2 -77.4 -27.4   32.9   39.4  -23.7               
 1081 1081 A N  T 3<        0   0  144     -4,-2.0    -1,-0.2    -5,-0.2    -2,-0.1   0.241 360.0 360.0 -82.0   7.8   35.0   38.7  -20.5               
 1082 1082 A K    <         0   0  239     -3,-0.6    -2,-0.2    -5,-0.1    -1,-0.2   0.611 360.0 360.0-119.5 360.0   35.8   35.2  -21.9               
