==== Secondary Structure Definition by the program DSSP, CMBI version 2.0                          ==== DATE=2026-03-08        .
REFERENCE W. KABSCH AND C.SANDER, BIOPOLYMERS 22 (1983) 2577-2637                                                              .
HEADER                                            01-AUG-25                                                                    .
COMPND    MOL_ID: 1; MOLECULE: CLK4-ASSOCIATING SERINE/ARGININE RICH PROTEIN; CH                                               .
SOURCE    MOL_ID: 1; ORGANISM_SCIENTIFIC: HOMO SAPIENS; ORGANISM_TAXID: 9606                                                   .
AUTHOR                                                                                                                         .
  674  1  0  0  0 TOTAL NUMBER OF RESIDUES, NUMBER OF CHAINS, NUMBER OF SS-BRIDGES(TOTAL,INTRACHAIN,INTERCHAIN)                .
 83135.8   ACCESSIBLE SURFACE OF PROTEIN (ANGSTROM**2)                                                                         .
  316 46.9   TOTAL NUMBER OF HYDROGEN BONDS OF TYPE O(I)-->H-N(J)  , SAME NUMBER PER 100 RESIDUES                              .
    0  0.0   TOTAL NUMBER OF HYDROGEN BONDS IN     PARALLEL BRIDGES, SAME NUMBER PER 100 RESIDUES                              .
    5  0.7   TOTAL NUMBER OF HYDROGEN BONDS IN ANTIPARALLEL BRIDGES, SAME NUMBER PER 100 RESIDUES                              .
    0  0.0   TOTAL NUMBER OF HYDROGEN BONDS OF TYPE O(I)-->H-N(I-5), SAME NUMBER PER 100 RESIDUES                              .
    0  0.0   TOTAL NUMBER OF HYDROGEN BONDS OF TYPE O(I)-->H-N(I-4), SAME NUMBER PER 100 RESIDUES                              .
    1  0.1   TOTAL NUMBER OF HYDROGEN BONDS OF TYPE O(I)-->H-N(I-3), SAME NUMBER PER 100 RESIDUES                              .
    0  0.0   TOTAL NUMBER OF HYDROGEN BONDS OF TYPE O(I)-->H-N(I-2), SAME NUMBER PER 100 RESIDUES                              .
    0  0.0   TOTAL NUMBER OF HYDROGEN BONDS OF TYPE O(I)-->H-N(I-1), SAME NUMBER PER 100 RESIDUES                              .
    0  0.0   TOTAL NUMBER OF HYDROGEN BONDS OF TYPE O(I)-->H-N(I+0), SAME NUMBER PER 100 RESIDUES                              .
    0  0.0   TOTAL NUMBER OF HYDROGEN BONDS OF TYPE O(I)-->H-N(I+1), SAME NUMBER PER 100 RESIDUES                              .
   77 11.4   TOTAL NUMBER OF HYDROGEN BONDS OF TYPE O(I)-->H-N(I+2), SAME NUMBER PER 100 RESIDUES                              .
   34  5.0   TOTAL NUMBER OF HYDROGEN BONDS OF TYPE O(I)-->H-N(I+3), SAME NUMBER PER 100 RESIDUES                              .
  196 29.1   TOTAL NUMBER OF HYDROGEN BONDS OF TYPE O(I)-->H-N(I+4), SAME NUMBER PER 100 RESIDUES                              .
    4  0.6   TOTAL NUMBER OF HYDROGEN BONDS OF TYPE O(I)-->H-N(I+5), SAME NUMBER PER 100 RESIDUES                              .
  1  2  3  4  5  6  7  8  9 10 11 12 13 14 15 16 17 18 19 20 21 22 23 24 25 26 27 28 29 30     *** HISTOGRAMS OF ***           .
  0  0  0  1  0  0  1  2  1  0  0  0  1  1  0  0  0  0  0  0  0  0  0  1  0  0  0  0  1  2    RESIDUES PER ALPHA HELIX         .
  0  0  0  0  0  0  0  0  0  0  0  0  0  0  0  0  0  0  0  0  0  0  0  0  0  0  0  0  0  0    PARALLEL BRIDGES PER LADDER      .
  0  0  0  1  0  0  0  0  0  0  0  0  0  0  0  0  0  0  0  0  0  0  0  0  0  0  0  0  0  0    ANTIPARALLEL BRIDGES PER LADDER  .
  1  0  0  0  0  0  0  0  0  0  0  0  0  0  0  0  0  0  0  0  0  0  0  0  0  0  0  0  0  0    LADDERS PER SHEET                .
  #  RESIDUE AA STRUCTURE BP1 BP2  ACC     N-H-->O    O-->H-N    N-H-->O    O-->H-N    TCO  KAPPA ALPHA  PHI   PSI    X-CA   Y-CA   Z-CA            CHAIN
    1    1 A M     >        0   0  196      0, 0.0     4,-2.3     0, 0.0     5,-0.2   0.000 360.0 360.0 360.0 -67.3  -55.4   18.4   24.6               
    2    2 A W  H  >  +     0   0  149      1,-0.2     4,-2.3     2,-0.2     5,-0.2   0.907 360.0  50.1 -68.2 -40.1  -53.3   16.1   26.8               
    3    3 A H  H  > S+     0   0  143      2,-0.2     4,-1.9     1,-0.2    -1,-0.2   0.897 113.0  48.7 -62.5 -37.2  -54.0   12.8   25.0               
    4    4 A E  H  > S+     0   0  119      2,-0.2     4,-2.8     1,-0.2     5,-0.2   0.923 108.0  53.3 -69.1 -42.2  -53.1   14.5   21.7               
    5    5 A A  H  X S+     0   0   60     -4,-2.3     4,-2.5     1,-0.2    -2,-0.2   0.931 111.6  46.6 -57.9 -43.0  -49.8   15.9   23.2               
    6    6 A R  H  X S+     0   0  116     -4,-2.3     4,-2.5     2,-0.2    -2,-0.2   0.857 110.0  53.6 -64.4 -37.3  -49.0   12.2   24.2               
    7    7 A K  H  X S+     0   0  162     -4,-1.9     4,-2.2     2,-0.2    -2,-0.2   0.937 112.4  44.1 -63.5 -44.4  -50.0   11.0   20.7               
    8    8 A H  H  X S+     0   0  125     -4,-2.8     4,-2.7     2,-0.2    -2,-0.2   0.903 112.1  52.5 -64.5 -42.2  -47.5   13.6   19.2               
    9    9 A E  H  X S+     0   0   88     -4,-2.5     4,-2.4    -5,-0.2    -2,-0.2   0.927 110.4  48.0 -61.2 -44.3  -44.8   12.7   21.8               
   10   10 A R  H  X S+     0   0  192     -4,-2.5     4,-2.6     2,-0.2    -2,-0.2   0.937 112.5  49.1 -59.8 -45.9  -45.2    9.0   20.9               
   11   11 A K  H  X S+     0   0  145     -4,-2.2     4,-2.5     1,-0.2    -2,-0.2   0.897 111.9  48.7 -61.8 -41.5  -44.9    9.9   17.1               
   12   12 A L  H  X S+     0   0  108     -4,-2.7     4,-1.9     2,-0.2    -1,-0.2   0.883 111.8  49.1 -65.0 -40.2  -41.8   12.1   17.8               
   13   13 A R  H  X S+     0   0  156     -4,-2.4     4,-2.0     2,-0.2    -2,-0.2   0.923 111.2  50.3 -65.4 -43.4  -40.2    9.2   19.8               
   14   14 A G  H >X S+     0   0   32     -4,-2.6     4,-2.7     1,-0.2     3,-0.5   0.979 111.3  47.3 -55.9 -56.6  -40.9    6.7   17.0               
   15   15 A M  H 3X S+     0   0   73     -4,-2.5     4,-2.6     1,-0.2    -1,-0.2   0.841 110.2  53.9 -55.2 -38.3  -39.4    9.0   14.3               
   16   16 A M  H 3X S+     0   0  139     -4,-1.9     4,-1.9     2,-0.2    -1,-0.2   0.899 110.7  45.5 -65.3 -40.1  -36.3    9.5   16.6               
   17   17 A V  H <X S+     0   0   95     -4,-2.0     4,-3.1    -3,-0.5     5,-0.2   0.930 113.9  50.0 -66.0 -42.7  -35.8    5.7   16.9               
   18   18 A D  H  X S+     0   0   83     -4,-2.7     4,-2.0     2,-0.2    -2,-0.2   0.881 109.6  50.0 -65.3 -40.3  -36.3    5.3   13.1               
   19   19 A Y  H  X S+     0   0  145     -4,-2.6     4,-2.1    -5,-0.2    -1,-0.2   0.912 113.8  46.8 -63.0 -39.5  -33.8    8.1   12.3               
   20   20 A K  H  X S+     0   0  119     -4,-1.9     4,-2.8     2,-0.2    -2,-0.2   0.972 114.2  45.4 -65.2 -51.4  -31.3    6.3   14.7               
   21   21 A K  H  X S+     0   0  132     -4,-3.1     4,-2.1     1,-0.2    -2,-0.2   0.770 114.9  49.9 -63.7 -29.1  -31.9    2.8   13.1               
   22   22 A R  H  X S+     0   0  114     -4,-2.0     4,-1.9    -5,-0.2    -1,-0.2   0.848 111.5  47.5 -75.1 -37.0  -31.7    4.5    9.6               
   23   23 A A  H  X S+     0   0   60     -4,-2.1     4,-2.2     2,-0.2    -2,-0.2   0.896 112.5  49.9 -69.1 -39.8  -28.4    6.2   10.6               
   24   24 A E  H  X S+     0   0   83     -4,-2.8     4,-2.9     2,-0.2     3,-0.3   0.984 112.9  46.2 -61.4 -52.6  -27.1    2.8   12.0               
   25   25 A R  H  X S+     0   0  134     -4,-2.1     4,-2.6     1,-0.2    -2,-0.2   0.840 112.6  50.4 -58.4 -38.6  -28.1    1.0    8.7               
   26   26 A R  H  X S+     0   0  116     -4,-1.9     4,-2.3     2,-0.2    -1,-0.2   0.881 112.0  47.9 -66.0 -38.7  -26.5    3.8    6.6               
   27   27 A R  H  X S+     0   0  136     -4,-2.2     4,-2.7    -3,-0.3    -2,-0.2   0.945 112.6  48.3 -64.6 -47.6  -23.3    3.5    8.7               
   28   28 A E  H  X S+     0   0  110     -4,-2.9     4,-2.1     2,-0.2    -2,-0.2   0.914 112.5  49.7 -57.6 -46.3  -23.3   -0.3    8.3               
   29   29 A Y  H  X S+     0   0  145     -4,-2.6     4,-1.9     1,-0.2    -2,-0.2   0.938 115.1  42.8 -58.1 -49.4  -23.9    0.1    4.5               
   30   30 A Y  H  X S+     0   0  126     -4,-2.3     4,-2.2     2,-0.2    -2,-0.2   0.843 112.4  53.1 -70.1 -32.1  -21.0    2.6    4.2               
   31   31 A E  H  < S+     0   0  104     -4,-2.7    -2,-0.2     2,-0.2    -1,-0.2   0.809 110.8  48.5 -73.9 -26.4  -18.7    0.5    6.5               
   32   32 A K  H  < S+     0   0  152     -4,-2.1    -2,-0.2    -5,-0.2    -1,-0.2   0.884 119.5  37.2 -69.3 -43.1  -19.3   -2.6    4.2               
   33   33 A I  H  < S+     0   0   84     -4,-1.9     2,-2.2    -5,-0.2    -2,-0.2   0.714  92.8  95.1 -88.0 -22.9  -18.6   -0.6    1.0               
   34   34 A K     <  +     0   0  169     -4,-2.2    -1,-0.2    -5,-0.2     2,-0.1  -0.472  48.9 159.4 -75.4  75.0  -15.7    1.5    2.4               
   35   35 A K        -     0   0  119     -2,-2.2     5,-0.0     1,-0.1    -2,-0.0  -0.242  58.8 -77.6 -64.7 170.2  -12.7   -0.6    1.4               
   36   36 A D    >>  -     0   0   74      1,-0.1     3,-2.2    -2,-0.1     4,-0.5  -0.703  35.6-133.4 -71.0 128.9   -9.4    1.4    1.3               
   37   37 A P  H >> S+     0   0   79      0, 0.0     4,-1.8     0, 0.0     3,-0.7   0.804 108.4  63.5 -53.0 -27.2   -9.3    3.5   -2.0               
   38   38 A A  H 34 S+     0   0   91      1,-0.2    -2,-0.0     2,-0.2    -3,-0.0   0.712 102.4  49.9 -66.2 -20.7   -5.7    2.1   -2.4               
   39   39 A Q  H <4 S+     0   0  146     -3,-2.2    -1,-0.2     1,-0.1     3,-0.1   0.497 123.9  24.1 -94.9 -12.4   -7.3   -1.4   -2.8               
   40   40 A F  H << S+     0   0  116     -3,-0.7     2,-1.6    -4,-0.5    -2,-0.2   0.428  87.3 104.8-134.5  -6.7  -10.0   -0.6   -5.4               
   41   41 A L     <  -     0   0  123     -4,-1.8     2,-0.3    -5,-0.2    -1,-0.1  -0.620  49.4-174.4 -80.9  84.4   -8.8    2.5   -7.4               
   42   42 A Q        -     0   0  125     -2,-1.6     2,-0.4    -3,-0.1    -3,-0.0  -0.596   5.8-162.3 -70.2 135.0   -7.7    0.9  -10.6               
   43   43 A V        -     0   0  118     -2,-0.3     2,-0.5     2,-0.0    -2,-0.0  -0.830   4.6-169.9-129.3  94.8   -6.0    3.6  -12.8               
   44   44 A H        -     0   0  117     -2,-0.4     2,-0.5     2,-0.0    -2,-0.0  -0.714   7.6-164.9 -85.9 126.2   -5.7    2.6  -16.5               
   45   45 A G        -     0   0   77     -2,-0.5     2,-0.4     2,-0.0    -2,-0.0  -0.954  11.5-177.8-118.4 116.5   -3.6    5.1  -18.5               
   46   46 A R        -     0   0  231     -2,-0.5     2,-0.7     2,-0.0    -2,-0.0  -0.930  38.8-112.6-102.4 134.4   -3.5    5.2  -22.4               
   47   47 A A        +     0   0  116     -2,-0.4     2,-0.4     2,-0.0    -2,-0.0  -0.543  52.8 165.1 -64.2 109.1   -1.1    7.8  -23.9               
   48   48 A C        -     0   0   96     -2,-0.7     2,-1.0     2,-0.0    -2,-0.0  -0.996  42.2-129.3-132.4 134.5   -3.5   10.3  -25.5               
   49   49 A K        -     0   0  127     -2,-0.4     2,-1.3     1,-0.0    -2,-0.0  -0.739  28.5-145.9 -78.1 103.2   -2.9   13.9  -26.8               
   50   50 A V        -     0   0  124     -2,-1.0     2,-0.5     2,-0.0    -1,-0.0  -0.625  22.2-178.7 -76.8  95.8   -5.7   15.8  -25.0               
   51   51 A H        -     0   0   68     -2,-1.3     3,-0.1     1,-0.1     6,-0.0  -0.849  22.6-154.8 -93.5 127.1   -6.7   18.5  -27.5               
   52   52 A L  S    S+     0   0  184     -2,-0.5     2,-0.4     1,-0.2    -1,-0.1   0.663  86.7  42.5 -72.5 -18.7   -9.5   20.8  -26.3               
   53   53 A D  S  > S-     0   0   86      1,-0.1     4,-1.9    -3,-0.0    -1,-0.2  -0.999  70.3-150.0-133.1 126.2  -10.4   21.5  -29.9               
   54   54 A S  H  > S+     0   0   86     -2,-0.4     4,-2.5     2,-0.2     5,-0.2   0.821 100.5  57.5 -66.1 -30.3  -10.6   18.8  -32.7               
   55   55 A A  H  > S+     0   0   63      2,-0.2     4,-1.8     1,-0.2    -1,-0.2   0.892 107.8  47.4 -68.0 -36.6   -9.7   21.4  -35.4               
   56   56 A V  H  > S+     0   0   83      2,-0.2     4,-2.5     3,-0.2    -2,-0.2   0.885 111.2  52.5 -69.6 -37.4   -6.4   22.1  -33.4               
   57   57 A A  H  X S+     0   0   14     -4,-1.9     4,-2.5     2,-0.2     5,-0.2   0.971 111.4  44.7 -58.6 -54.4   -5.8   18.3  -33.1               
   58   58 A L  H  < S+     0   0  121     -4,-2.5     4,-0.5     1,-0.2    -2,-0.2   0.831 115.4  48.9 -62.3 -35.0   -6.2   17.7  -36.9               
   59   59 A A  H  < S+     0   0   48     -4,-1.8     3,-0.4    -5,-0.2    -1,-0.2   0.905 113.1  46.6 -69.3 -42.1   -4.0   20.8  -37.6               
   60   60 A A  H  < S+     0   0   27     -4,-2.5    -2,-0.2     1,-0.2    -3,-0.2   0.847 114.8  46.3 -69.7 -35.0   -1.3   19.6  -35.1               
   61   61 A E  S  < S+     0   0  103     -4,-2.5    -1,-0.2    -5,-0.2    -2,-0.2   0.497  85.9 119.1 -86.8  -3.8   -1.3   15.9  -36.4               
   62   62 A S  S >> S-     0   0   36     -4,-0.5     3,-2.1    -3,-0.4     4,-0.9  -0.418  72.2-129.1 -61.0 133.8   -1.2   17.2  -40.1               
   63   63 A P  T 34 S+     0   0  114      0, 0.0    -1,-0.1     0, 0.0    -4,-0.0   0.640 108.7  64.7 -62.6 -12.1    1.9   15.9  -42.0               
   64   64 A V  T 34 S+     0   0   98      1,-0.2    -4,-0.1    -5,-0.1    -5,-0.1   0.762 110.4  36.3 -74.8 -27.9    2.5   19.6  -43.0               
   65   65 A N  T <4 S+     0   0   45     -3,-2.1    14,-3.1    -6,-0.2    15,-0.4   0.432 106.7  80.6-105.8  -5.0    3.1   20.5  -39.3               
   66   66 A M  E  <  -A   78   0A  30     -4,-0.9    12,-0.2    12,-0.2    10,-0.1  -0.846  55.3-178.4-105.9 141.9    4.9   17.3  -38.3               
   67   67 A M  E     -A   77   0A  70     10,-2.9    10,-2.9    -2,-0.3     2,-0.0  -0.991  32.9 -99.9-137.8 142.3    8.6   16.6  -38.9               
   68   68 A P  E     -A   76   0A  54      0, 0.0     2,-0.6     0, 0.0     3,-0.3  -0.335  39.6-113.4 -64.2 143.6   10.9   13.6  -38.2               
   69   69 A W  E >  S-A   72   0A  57      6,-1.9     3,-2.8     3,-1.2     6,-0.2  -0.684  81.9 -32.1 -81.6 115.0   13.1   13.7  -35.1               
   70   70 A Q  T 3  S-     0   0  112     -2,-0.6    -1,-0.2     1,-0.3     3,-0.1   0.708 125.2 -49.0  52.2  22.7   16.9   13.9  -35.8               
   71   71 A G  T 3  S+     0   0   65      1,-0.3     2,-0.6    -3,-0.3    -1,-0.3   0.200 107.1 128.8  94.6 -10.0   16.3   11.7  -39.0               
   72   72 A D  E <   -A   69   0A  68     -3,-2.8    -3,-1.2     1,-0.1     3,-0.4  -0.663  42.9-163.7 -75.9 114.0   14.1    9.0  -37.1               
   73   73 A T  E    S+     0   0A 106     -2,-0.6    -1,-0.1     1,-0.2     3,-0.1   0.646  84.0  61.1 -72.0 -18.3   10.9    8.7  -39.2               
   74   74 A N  E    S+     0   0A 141      1,-0.2     2,-1.0    -5,-0.1    -1,-0.2   0.802  95.8  62.7 -79.7 -30.9    9.0    6.9  -36.3               
   75   75 A N  E    S-     0   0A  79     -3,-0.4    -6,-1.9    -6,-0.2     2,-0.5  -0.754  72.5-172.7-103.6  88.4    9.3    9.8  -33.9               
   76   76 A M  E     -A   68   0A  80     -2,-1.0     2,-0.3    -8,-0.2    -3,-0.1  -0.716   1.2-171.3 -85.4 127.4    7.4   12.8  -35.4               
   77   77 A I  E     -A   67   0A   8    -10,-2.9   -10,-2.9    -2,-0.5     2,-0.2  -0.766  35.6 -90.1-107.6 158.1    7.7   16.2  -33.6               
   78   78 A D  E >   -A   66   0A  63     -2,-0.3     3,-1.9   -12,-0.2     6,-0.3  -0.488  31.9-131.8 -61.6 132.5    5.7   19.5  -34.2               
   79   79 A R  T 3  S+     0   0  131    -14,-3.1    -1,-0.1     1,-0.3   -13,-0.1   0.680 110.0  50.8 -60.2 -22.9    7.6   21.6  -36.8               
   80   80 A F  T 3  S+     0   0  141    -15,-0.4    -1,-0.3     3,-0.0     2,-0.2   0.290  81.5 119.8 -99.4   3.6    7.2   24.6  -34.4               
   81   81 A D  S X  S-     0   0   43     -3,-1.9     3,-1.8     1,-0.1     4,-0.3  -0.504  74.5-124.9 -62.1 136.7    8.6   22.7  -31.4               
   82   82 A V  G >  S+     0   0  113      1,-0.3     3,-1.3    -2,-0.2    -1,-0.1   0.808 111.2  64.8 -56.1 -28.2   11.7   24.5  -30.1               
   83   83 A R  G >  S+     0   0  103      1,-0.3     3,-1.5     2,-0.2    -1,-0.3   0.768  87.5  67.7 -67.8 -25.4   13.5   21.1  -30.5               
   84   84 A A  G <  S+     0   0   24     -3,-1.8    -1,-0.3    -6,-0.3    -2,-0.2   0.602  98.9  53.7 -66.3 -14.0   13.0   21.4  -34.4               
   85   85 A H  G <  S+     0   0  137     -3,-1.3     2,-0.6    -4,-0.3    -1,-0.3   0.091  84.4  99.7-106.7  15.5   15.4   24.4  -34.2               
   86   86 A L    <   -     0   0   82     -3,-1.5     3,-0.1     1,-0.1    -1,-0.0  -0.915  54.8-164.1-106.7 107.3   18.3   22.5  -32.4               
   87   87 A D  S    S+     0   0  166     -2,-0.6     2,-0.3     1,-0.2    -1,-0.1   0.805  84.4  18.0 -58.3 -32.8   21.0   21.3  -34.9               
   88   88 A H        -     0   0  133     -3,-0.1    -1,-0.2     2,-0.0    -3,-0.0  -0.981  64.2-167.0-141.2 130.8   22.3   18.9  -32.2               
   89   89 A I        -     0   0   40     -2,-0.3     3,-0.1    -3,-0.1     2,-0.1  -0.984  34.1-120.4-111.2 115.3   20.5   17.7  -29.1               
   90   90 A P        -     0   0   96      0, 0.0    -2,-0.0     0, 0.0     2,-0.0  -0.373  32.7-105.2 -56.7 130.6   23.0   16.0  -26.8               
   91   91 A D        -     0   0  140      1,-0.1     2,-2.3    -2,-0.1    -3,-0.0  -0.328  35.2-113.4 -51.8 128.3   22.1   12.3  -26.1               
   92   92 A Y        -     0   0  189     -3,-0.1    -1,-0.1     3,-0.0    -3,-0.0  -0.514  38.6-178.7 -70.9  80.4   20.7   12.1  -22.6               
   93   93 A T        -     0   0  116     -2,-2.3     3,-0.0     1,-0.0     0, 0.0  -0.787  35.5-123.8 -65.4 108.3   23.4   10.0  -21.1               
   94   94 A P        -     0   0   80      0, 0.0     2,-0.5     0, 0.0     4,-0.0  -0.482  39.7 -95.9 -56.4 129.6   21.9    9.8  -17.6               
   95   95 A P    >   -     0   0   71      0, 0.0     3,-1.5     0, 0.0    -3,-0.0  -0.396  26.8-152.8 -60.8 114.7   24.7   11.2  -15.4               
   96   96 A L  T 3  S+     0   0  172     -2,-0.5    -3,-0.0     1,-0.3     0, 0.0   0.330  90.6  68.7 -58.7   4.9   26.7    8.2  -14.1               
   97   97 A L  T 3   +     0   0  162      1,-0.1     2,-0.6     2,-0.1    -1,-0.3  -0.101  62.7  96.3-138.2  31.7   27.4   10.7  -11.2               
   98   98 A T    <   -     0   0   98     -3,-1.5     2,-0.8    -4,-0.0    -1,-0.1  -0.929  66.7-150.3 -98.5 105.0   24.2   11.3   -9.4               
   99   99 A T        -     0   0  137     -2,-0.6    -2,-0.1     1,-0.1    -3,-0.0  -0.651  30.4-118.2 -55.4 105.7   24.7    8.8   -6.6               
  100  100 A I        -     0   0   77     -2,-0.8    -1,-0.1     1,-0.1    -2,-0.0  -0.401  36.5-104.2 -50.5 122.3   21.0    8.1   -6.2               
  101  101 A S     >  -     0   0   38      1,-0.2     4,-2.8     4,-0.1     3,-0.5  -0.394  24.3-120.2 -53.0 138.5   20.5    9.4   -2.7               
  102  102 A P  H  > S+     0   0  101      0, 0.0     4,-1.5     0, 0.0    -1,-0.2   0.785 119.6  54.1 -55.8 -22.3   20.1    6.2   -0.4               
  103  103 A E  H  > S+     0   0   64      2,-0.2     4,-1.1     3,-0.1     5,-0.1   0.929 110.2  43.8 -69.3 -47.3   16.7    7.7    0.3               
  104  104 A Q  H >> S+     0   0  106     -3,-0.5     4,-3.2     2,-0.2     3,-0.6   0.933 114.1  50.0 -64.1 -45.4   15.8    7.9   -3.4               
  105  105 A E  H 3X S+     0   0   78     -4,-2.8     4,-2.6     1,-0.3    -1,-0.2   0.912 111.1  49.8 -62.0 -40.8   17.2    4.4   -4.1               
  106  106 A S  H 3X S+     0   0   44     -4,-1.5     4,-0.8    -5,-0.3    -1,-0.3   0.758 114.0  45.6 -65.8 -28.2   15.1    3.1   -1.1               
  107  107 A D  H <X S+     0   0   33     -4,-1.1     4,-2.7    -3,-0.6    -2,-0.2   0.884 111.4  51.0 -83.0 -39.7   12.0    4.9   -2.6               
  108  108 A E  H  X S+     0   0   89     -4,-3.2     4,-2.6     2,-0.2     5,-0.2   0.919 108.6  53.0 -61.2 -42.6   12.7    3.6   -6.2               
  109  109 A R  H  X S+     0   0  106     -4,-2.6     4,-2.1     2,-0.2    -1,-0.2   0.875 111.4  46.5 -60.1 -38.1   13.0    0.0   -4.7               
  110  110 A K  H  X S+     0   0   73     -4,-0.8     4,-3.0     2,-0.2    -2,-0.2   0.926 112.8  49.1 -68.3 -44.3    9.5    0.5   -3.0               
  111  111 A C  H  X S+     0   0   64     -4,-2.7     4,-1.8     2,-0.2    -2,-0.2   0.826 111.4  49.3 -65.8 -34.3    8.0    2.0   -6.3               
  112  112 A N  H  X S+     0   0   41     -4,-2.6     4,-2.3     2,-0.2     5,-0.2   0.926 112.8  48.2 -68.9 -43.2    9.4   -1.0   -8.3               
  113  113 A Y  H  X S+     0   0    2     -4,-2.1     4,-2.1    -5,-0.2    -2,-0.2   0.967 114.0  45.5 -57.6 -53.2    8.0   -3.4   -5.7               
  114  114 A E  H  < S+     0   0  146     -4,-3.0     4,-0.3     1,-0.2    -1,-0.2   0.839 116.1  48.3 -60.0 -34.1    4.5   -1.6   -5.8               
  115  115 A R  H  < S+     0   0  148     -4,-1.8     4,-0.2    -5,-0.2    -1,-0.2   0.858 124.1  27.6 -72.2 -41.0    4.7   -1.6   -9.7               
  116  116 A Y  H  X S+     0   0   60     -4,-2.3     4,-2.7    -3,-0.2     5,-0.3   0.457  89.5 100.8-107.0  -3.4    5.6   -5.2  -10.2               
  117  117 A R  H  X S+     0   0   65     -4,-2.1     4,-2.0     1,-0.2     5,-0.2   0.889  86.5  46.5 -50.5 -51.6    4.1   -7.0   -7.1               
  118  118 A G  H  > S+     0   0   40     -4,-0.3     4,-2.6     2,-0.2    -1,-0.2   0.919 113.1  49.2 -59.8 -44.1    1.0   -8.2   -9.0               
  119  119 A L  H  > S+     0   0   77     -4,-0.2     4,-2.9     1,-0.2     5,-0.2   0.931 111.4  48.4 -64.0 -44.0    3.1   -9.5  -11.9               
  120  120 A V  H  X S+     0   0    0     -4,-2.7     4,-1.3     1,-0.2    -1,-0.2   0.854 113.5  48.3 -64.3 -35.3    5.6  -11.4   -9.6               
  121  121 A Q  H  X S+     0   0   16     -4,-2.0     4,-1.9    -5,-0.3    -2,-0.2   0.912 113.6  46.9 -70.4 -39.2    2.6  -12.9   -7.7               
  122  122 A N  H  X>S+     0   0   17     -4,-2.6     5,-2.1     2,-0.2     4,-1.0   0.938 111.1  50.8 -66.1 -47.1    0.9  -14.0  -11.1               
  123  123 A D  H  <5S+     0   0   67     -4,-2.9    -1,-0.2     1,-0.2    -2,-0.2   0.815 112.8  47.7 -58.2 -35.8    4.2  -15.5  -12.4               
  124  124 A F  H  <5S+     0   0   54     -4,-1.3    -1,-0.2    -5,-0.2    -2,-0.2   0.859 112.5  47.8 -74.0 -37.1    4.6  -17.4   -9.2               
  125  125 A A  H  <5S-     0   0   50     -4,-1.9    -2,-0.2    -5,-0.1    -1,-0.2   0.571 112.7-120.6 -75.6 -12.0    0.9  -18.6   -9.3               
  126  126 A G  T  <5 +     0   0   63     -4,-1.0     2,-0.4     1,-0.3    -3,-0.2   0.659  57.2 157.1  75.2  18.6    1.4  -19.6  -13.1               
  127  127 A I      < -     0   0   14     -5,-2.1    -1,-0.3    -6,-0.2    -2,-0.1  -0.642  38.2-129.9 -77.1 125.2   -1.4  -17.2  -14.2               
  128  128 A S     >  -     0   0   52     -2,-0.4     4,-2.2     1,-0.1     5,-0.2  -0.342  14.4-119.6 -72.8 155.0   -0.9  -16.2  -17.9               
  129  129 A E  H  > S+     0   0  155      2,-0.2     4,-2.9     1,-0.2     5,-0.2   0.902 117.3  55.4 -58.2 -36.5   -1.0  -12.6  -19.1               
  130  130 A E  H  > S+     0   0  159      2,-0.2     4,-2.6     1,-0.2    -1,-0.2   0.932 106.8  47.9 -64.3 -44.8   -4.0  -13.6  -21.2               
  131  131 A Q  H  > S+     0   0   77      2,-0.2     4,-2.5     1,-0.2    -1,-0.2   0.902 113.8  49.2 -60.1 -41.0   -6.0  -15.0  -18.1               
  132  132 A C  H  X S+     0   0   20     -4,-2.2     4,-2.4     2,-0.2    -2,-0.2   0.940 113.0  45.1 -64.5 -47.4   -5.1  -11.7  -16.3               
  133  133 A L  H  X S+     0   0   99     -4,-2.9     4,-2.2     2,-0.2    -2,-0.2   0.872 113.2  51.8 -65.4 -37.1   -6.2   -9.5  -19.2               
  134  134 A Y  H  X S+     0   0  125     -4,-2.6     4,-2.6     2,-0.2    -2,-0.2   0.945 110.7  46.5 -65.8 -46.4   -9.4  -11.6  -19.6               
  135  135 A Q  H  X S+     0   0   23     -4,-2.5     4,-2.6     2,-0.2    -2,-0.2   0.913 111.8  51.9 -64.4 -38.4  -10.3  -11.3  -15.9               
  136  136 A I  H  X S+     0   0   53     -4,-2.4     4,-2.5     2,-0.2    -1,-0.2   0.918 110.3  49.4 -59.9 -42.5   -9.6   -7.5  -16.1               
  137  137 A Y  H  X S+     0   0  131     -4,-2.2     4,-1.9     2,-0.2    -2,-0.2   0.923 111.2  48.4 -63.1 -42.7  -12.0   -7.3  -19.1               
  138  138 A I  H  X>S+     0   0   26     -4,-2.6     4,-2.7     2,-0.2     5,-0.5   0.902 114.0  47.3 -63.0 -39.4  -14.7   -9.3  -17.1               
  139  139 A D  H  X5S+     0   0   61     -4,-2.6     4,-1.0     3,-0.2    -2,-0.2   0.849 109.5  52.7 -73.6 -30.9  -14.1   -6.8  -14.2               
  140  140 A E  H  <5S+     0   0  117     -4,-2.5    -2,-0.2    -5,-0.2    -1,-0.2   0.879 120.5  34.7 -67.9 -34.9  -14.3   -3.8  -16.5               
  141  141 A L  H  <5S+     0   0   94     -4,-1.9    -2,-0.2    -5,-0.2    -3,-0.2   0.846 142.8   8.2 -83.9 -38.4  -17.7   -5.1  -17.9               
  142  142 A Y  H ><5S+     0   0  157     -4,-2.7     2,-2.4    -5,-0.2     3,-1.7   0.536  90.9 111.5-126.3 -13.3  -19.2   -6.7  -14.7               
  143  143 A G  T 3<< +     0   0   49     -4,-1.0    -4,-0.1    -5,-0.5     3,-0.1  -0.167  61.7  77.0 -72.6  48.4  -16.8   -5.7  -11.8               
  144  144 A G  T 3  S+     0   0   74     -2,-2.4     2,-0.7     1,-0.1    -1,-0.3   0.459  81.5  73.3-121.4 -19.2  -19.3   -3.4  -10.0               
  145  145 A L  S <  S-     0   0  148     -3,-1.7     2,-0.5     3,-0.0    -1,-0.1  -0.867  83.2-133.2 -89.7 118.2  -21.3   -6.2   -8.5               
  146  146 A Q        -     0   0  144     -2,-0.7    -3,-0.0    -3,-0.1     3,-0.0  -0.628  31.6-117.1 -54.7 117.1  -19.6   -8.0   -5.6               
  147  147 A R        -     0   0  166     -2,-0.5     2,-0.2     1,-0.1     3,-0.1  -0.527  39.8-109.7 -50.6 116.2  -20.2  -11.6   -6.6               
  148  148 A P        -     0   0   53      0, 0.0     5,-0.1     0, 0.0    -1,-0.1  -0.510  39.9-108.1 -58.9 122.5  -22.3  -12.5   -3.5               
  149  149 A S    >>  -     0   0   63     -2,-0.2     4,-2.8     1,-0.1     3,-1.2  -0.154  27.8-105.4 -44.2 144.9  -20.0  -14.8   -1.5               
  150  150 A E  H 3> S+     0   0  117      1,-0.3     4,-2.8     2,-0.2     5,-0.2   0.874 126.7  53.8 -38.2 -43.0  -21.1  -18.6   -1.6               
  151  151 A D  H 3> S+     0   0   92      2,-0.2     4,-2.2     1,-0.2    -1,-0.3   0.813 109.1  45.3 -66.0 -37.9  -22.2  -17.8    2.0               
  152  152 A E  H <> S+     0   0   97     -3,-1.2     4,-1.2     2,-0.2    -2,-0.2   0.883 112.6  51.7 -75.6 -36.4  -24.4  -14.8    1.0               
  153  153 A K  H >X S+     0   0  116     -4,-2.8     4,-2.7     2,-0.2     3,-0.7   0.964 114.3  43.6 -58.7 -50.7  -25.9  -16.9   -2.0               
  154  154 A K  H 3X S+     0   0  112     -4,-2.8     4,-2.6     1,-0.2     5,-0.2   0.954 114.8  49.0 -60.1 -48.3  -26.8  -19.7    0.5               
  155  155 A K  H 3< S+     0   0  103     -4,-2.2    -1,-0.2     1,-0.2    -2,-0.2   0.627 114.1  46.8 -67.0 -19.6  -28.1  -17.1    3.1               
  156  156 A L  H X< S+     0   0  103     -4,-1.2     3,-0.6    -3,-0.7     4,-0.3   0.819 110.2  51.7 -87.0 -39.6  -30.2  -15.4    0.3               
  157  157 A A  H >< S+     0   0   59     -4,-2.7     3,-1.8     1,-0.2    -2,-0.2   0.962 109.2  50.4 -58.5 -49.7  -31.6  -18.8   -1.0               
  158  158 A E  T 3< S+     0   0  154     -4,-2.6    -1,-0.2     1,-0.3    -3,-0.1   0.660 111.4  51.3 -59.0 -20.3  -32.6  -19.8    2.6               
  159  159 A K  T <  S+     0   0  142     -3,-0.6     2,-2.2    -5,-0.2    -1,-0.3   0.361  74.3 111.1-106.1   5.2  -34.4  -16.3    2.7               
  160  160 A K    <   -     0   0  176     -3,-1.8     2,-0.5    -4,-0.3    -1,-0.1  -0.560  53.8-168.4 -72.3  74.2  -36.3  -16.7   -0.5               
  161  161 A A        -     0   0   85     -2,-2.2     2,-0.1     1,-0.1    -2,-0.1  -0.620  33.8-108.9 -56.8 117.2  -39.7  -16.9    1.3               
  162  162 A S        -     0   0  117     -2,-0.5     2,-1.6     1,-0.1    -1,-0.1  -0.381  23.8-128.5 -55.4 122.9  -41.9  -18.0   -1.6               
  163  163 A I        -     0   0  150     -2,-0.1     2,-2.4     1,-0.1    -1,-0.1  -0.676  21.6-159.2 -77.5  89.8  -44.1  -15.1   -2.6               
  164  164 A G        +     0   0   74     -2,-1.6     2,-0.4     1,-0.1    -1,-0.1  -0.386  49.0 122.4 -70.9  56.8  -47.4  -17.0   -2.4               
  165  165 A Y        -     0   0  187     -2,-2.4     2,-0.4     2,-0.0    -2,-0.1  -0.873  38.3-175.4-121.3  94.2  -49.3  -14.5   -4.6               
  166  166 A T        -     0   0  129     -2,-0.4     2,-0.5     2,-0.0    -2,-0.0  -0.737  28.2-129.9 -68.0 129.8  -50.8  -16.1   -7.7               
  167  167 A Y    >   -     0   0  186     -2,-0.4     3,-1.7     1,-0.1    -2,-0.0  -0.808  14.3-128.8 -79.8 132.8  -52.2  -13.2   -9.8               
  168  168 A E  T 3  S+     0   0  210     -2,-0.5    -1,-0.1     1,-0.3    -2,-0.0   0.422 104.8  62.9 -66.2   3.3  -55.9  -14.3  -10.7               
  169  169 A D  T 3  S+     0   0  155      1,-0.1     2,-1.0     2,-0.0    -1,-0.3   0.171  71.4 106.3-110.1   8.8  -55.1  -13.4  -14.4               
  170  170 A S    <   +     0   0   85     -3,-1.7     2,-1.3     2,-0.1    -1,-0.1  -0.479  41.2 171.7 -94.9  64.6  -52.3  -16.1  -14.9               
  171  171 A T        +     0   0  140     -2,-1.0     2,-0.4    -3,-0.0    -3,-0.0  -0.630  10.3 158.1 -71.1  93.2  -54.1  -18.8  -17.0               
  172  172 A V        -     0   0  127     -2,-1.3    -2,-0.1     0, 0.0     0, 0.0  -0.988  50.7 -87.9-118.6 132.5  -51.2  -21.2  -17.9               
  173  173 A A        -     0   0   89     -2,-0.4     2,-0.5     1,-0.1    -2,-0.0  -0.063  24.8-136.6 -57.3 132.6  -52.5  -24.6  -18.8               
  174  174 A E        -     0   0  181      2,-0.0     2,-0.7     1,-0.0    -1,-0.1  -0.696  15.2-160.7 -65.4 123.7  -53.2  -27.5  -16.5               
  175  175 A V        -     0   0  135     -2,-0.5     2,-0.3     2,-0.0    -1,-0.0  -0.947  18.4-145.2-102.3 102.2  -51.7  -30.6  -18.1               
  176  176 A E        +     0   0  176     -2,-0.7     2,-0.1     1,-0.0    -2,-0.0  -0.519  33.0 158.7 -61.5 127.1  -53.6  -33.3  -16.3               
  177  177 A K        +     0   0  208     -2,-0.3     2,-0.3     0, 0.0    -2,-0.0  -0.582  13.9 176.0-146.7  92.8  -51.8  -36.6  -15.5               
  178  178 A A        -     0   0   92      1,-0.2    -2,-0.0    -2,-0.1     0, 0.0  -0.683  32.0  -6.5 -82.2 145.8  -53.3  -38.5  -12.7               
  179  179 A A        +     0   0   97     -2,-0.3    -1,-0.2     0, 0.0     0, 0.0   0.913  53.6  94.8  50.5 116.2  -52.2  -42.0  -11.4               
  180  180 A E        -     0   0  181      0, 0.0    -2,-0.0     0, 0.0     0, 0.0   0.750  43.6 -98.8 154.7  99.7  -50.4  -44.9  -11.6               
  181  181 A K        -     0   0  201      0, 0.0     2,-0.1     0, 0.0     0, 0.0   0.589  33.5 -88.7  57.3 167.0  -47.2  -46.7  -10.3               
  182  182 A P        +     0   0  102      0, 0.0     2,-0.0     0, 0.0     0, 0.0  -0.285  33.4 108.3-119.1-176.5  -43.7  -47.6  -11.2               
  183  183 A E        +     0   0  172     -2,-0.1     0, 0.0     0, 0.0     0, 0.0   0.330  41.1  30.8 112.0 136.7  -40.5  -49.4  -12.4               
  184  184 A E        -     0   0  174     -2,-0.0     0, 0.0     0, 0.0     0, 0.0   0.995  50.5 -90.3  67.8 103.9  -37.5  -49.6  -14.9               
  185  185 A E        +     0   0  185      0, 0.0     0, 0.0     0, 0.0     0, 0.0   0.943  44.2  72.6  57.8 148.0  -35.2  -47.8  -17.1               
  186  186 A E        +     0   0  183      0, 0.0     0, 0.0     0, 0.0     0, 0.0   0.656  40.2  82.4  72.1 149.8  -34.0  -46.1  -20.4               
  187  187 A S        -     0   0  114      1,-0.0     2,-0.1     0, 0.0     0, 0.0   0.968  42.8-148.0  63.6  92.4  -34.4  -43.1  -22.8               
  188  188 A A        +     0   0  107      3,-0.0     2,-0.2     0, 0.0    -1,-0.0  -0.179  23.4 156.0  64.2  86.5  -33.1  -40.0  -22.6               
  189  189 A A        -     0   0   94     -2,-0.1     0, 0.0     0, 0.0     0, 0.0  -0.578  53.9 -16.8-165.8 127.1  -34.4  -36.7  -23.8               
  190  190 A E  S    S+     0   0  191     -2,-0.2     3,-0.1     2,-0.1     0, 0.0   0.820  82.4  91.2  64.8  63.0  -33.7  -33.0  -22.7               
  191  191 A E        +     0   0  199      1,-0.1     2,-0.2     0, 0.0    -1,-0.0  -0.112  67.5  83.1-155.0  60.2  -32.1  -32.0  -19.5               
  192  192 A E        +     0   0  197      1,-0.1    -2,-0.1     3,-0.0    -1,-0.1  -0.768  55.1  69.5-154.6 116.4  -28.4  -31.7  -20.2               
  193  193 A S        +     0   0  105     -2,-0.2    -1,-0.1    -3,-0.1    -3,-0.0   0.529  46.9 104.6 147.4  62.8  -26.2  -28.9  -21.7               
  194  194 A N        +     0   0  160      2,-0.0     2,-0.9     0, 0.0     0, 0.0  -0.465  40.7 134.5-116.8  56.0  -25.6  -25.6  -20.0               
  195  195 A S        +     0   0  115      2,-0.1     2,-1.3     3,-0.0    -3,-0.0  -0.517  32.0 164.3 -82.0  53.8  -22.1  -27.0  -19.3               
  196  196 A D        -     0   0  136     -2,-0.9     3,-0.1     1,-0.1    -2,-0.0  -0.731  54.7 -78.9 -90.6  84.6  -21.0  -23.5  -20.4               
  197  197 A E        +     0   0  164     -2,-1.3     2,-2.2     1,-0.2    -1,-0.1   0.482  44.6 179.0  32.0  60.7  -17.4  -23.0  -19.3               
  198  198 A D        -     0   0  157      2,-0.1     2,-0.5     3,-0.0    -1,-0.2  -0.492  19.9-174.6 -66.5  62.6  -17.1  -22.2  -15.6               
  199  199 A E        -     0   0  144     -2,-2.2     2,-1.7     1,-0.1    -3,-0.0  -0.642  38.9-112.3 -53.1 116.7  -13.4  -22.2  -16.4               
  200  200 A V        -     0   0  134     -2,-0.5    -1,-0.1     1,-0.1    -2,-0.1  -0.482  32.8-143.7 -65.7  86.9  -12.4  -21.7  -12.7               
  201  201 A I        -     0   0   52     -2,-1.7    -1,-0.1     1,-0.1     2,-0.0  -0.415  23.3-113.5 -57.5 116.8  -11.0  -18.2  -13.2               
  202  202 A P        -     0   0   47      0, 0.0     2,-1.1     0, 0.0    -1,-0.1  -0.365  30.6-110.6 -56.0 127.8   -8.0  -18.2  -10.8               
  203  203 A D        -     0   0  126      1,-0.2     3,-0.3     2,-0.1    -3,-0.0  -0.511  30.9-157.1 -64.9  94.6   -8.9  -15.6   -8.1               
  204  204 A I  S    S+     0   0   41     -2,-1.1     2,-0.7     1,-0.3    -1,-0.2   0.727  82.6  80.9 -60.8 -18.9   -6.3  -13.0   -9.3               
  205  205 A D        +     0   0  138      2,-0.1     2,-1.8     1,-0.1    -1,-0.3  -0.022  61.8 154.9 -70.0  33.9   -6.3  -11.5   -5.7               
  206  206 A V        -     0   0   67     -2,-0.7     2,-1.5    -3,-0.3   -81,-0.1  -0.462  31.4-159.7 -66.0  86.1   -3.9  -14.5   -4.7               
  207  207 A E        -     0   0  142     -2,-1.8     2,-0.4     1,-0.1    -1,-0.1  -0.579  20.8-131.7 -65.3  92.7   -2.3  -12.8   -1.7               
  208  208 A V        -     0   0   16     -2,-1.5     2,-1.0     1,-0.1    -1,-0.1  -0.352  21.2-132.4 -52.7 106.4    0.8  -15.1   -1.7               
  209  209 A D    >>  -     0   0   76     -2,-0.4     3,-2.5     1,-0.2     4,-0.6  -0.511  15.2-157.7 -83.8  99.4    0.8  -15.9    2.0               
  210  210 A V  T 34 S+     0   0    8     -2,-1.0    -1,-0.2     1,-0.3    30,-0.1   0.578  86.5  57.7 -60.0 -16.7    4.5  -15.4    3.2               
  211  211 A D  T 34 S+     0   0  122      1,-0.2    -1,-0.3    29,-0.0    -2,-0.1   0.627 103.9  52.6 -87.2 -15.5    4.2  -17.6    6.3               
  212  212 A E  T <4 S+     0   0  157     -3,-2.5     2,-0.4     2,-0.1    -2,-0.2   0.518  86.3 109.4 -95.1  -8.8    3.2  -20.7    4.2               
  213  213 A L     <  -     0   0   31     -4,-0.6    -3,-0.0     1,-0.1     5,-0.0  -0.537  64.5-131.3 -79.8 131.6    6.1  -20.6    1.7               
  214  214 A N     >  -     0   0  109     -2,-0.4     4,-2.4     1,-0.1     5,-0.2  -0.225  30.0-106.3 -64.4 159.1    9.0  -23.1    1.7               
  215  215 A Q  H  > S+     0   0  181      2,-0.2     4,-1.4     1,-0.2    -1,-0.1   0.844 123.2  51.2 -61.7 -32.0   12.6  -21.8    1.6               
  216  216 A E  H >> S+     0   0  153      2,-0.2     4,-2.8     1,-0.2     3,-0.5   0.971 109.1  49.1 -68.3 -50.5   12.8  -22.9   -2.0               
  217  217 A Q  H 3> S+     0   0   69      1,-0.3     4,-2.7     2,-0.2    -2,-0.2   0.849 109.8  53.5 -57.3 -36.6    9.6  -21.0   -3.0               
  218  218 A V  H 3X S+     0   0   30     -4,-2.4     4,-1.5     2,-0.2    -1,-0.3   0.866 111.2  45.7 -64.5 -38.4   11.1  -18.0   -1.2               
  219  219 A A  H <X S+     0   0   60     -4,-1.4     4,-1.8    -3,-0.5    -2,-0.2   0.941 113.6  48.6 -69.3 -44.7   14.2  -18.3   -3.3               
  220  220 A D  H  X S+     0   0   79     -4,-2.8     4,-2.6     1,-0.2     5,-0.2   0.924 110.3  51.5 -63.7 -43.8   12.1  -18.8   -6.6               
  221  221 A L  H  X S+     0   0    2     -4,-2.7     4,-2.5     1,-0.2    -1,-0.2   0.901 111.4  47.0 -55.6 -46.6    9.9  -15.8   -5.8               
  222  222 A N  H  X S+     0   0   20     -4,-1.5     4,-0.7     2,-0.2    -1,-0.2   0.825 112.5  50.9 -69.5 -27.9   13.0  -13.6   -5.2               
  223  223 A K  H  X S+     0   0  147     -4,-1.8     4,-0.6     2,-0.2    -2,-0.2   0.818 110.6  48.1 -76.1 -34.5   14.5  -15.0   -8.5               
  224  224 A Q  H >X S+     0   0   53     -4,-2.6     3,-1.2     1,-0.2     4,-0.7   0.943 107.9  57.0 -66.6 -43.9   11.2  -14.2  -10.4               
  225  225 A A  H 3<>S+     0   0    0     -4,-2.5     5,-1.6     1,-0.2     3,-0.4   0.752  96.1  63.2 -59.8 -28.0   11.3  -10.6   -8.9               
  226  226 A T  H ><5S+     0   0   47     -4,-0.7     3,-1.7     1,-0.2    -1,-0.2   0.815  91.4  64.4 -73.3 -24.2   14.8   -9.9  -10.3               
  227  227 A T  H <<5S+     0   0  104     -3,-1.2    -1,-0.2    -4,-0.6    -2,-0.2   0.875 102.3  51.5 -61.1 -32.4   13.5  -10.2  -14.0               
  228  228 A Y  T 3<5S-     0   0   54     -4,-0.7    -1,-0.3    -3,-0.4    -2,-0.2   0.256 129.9 -98.1 -86.0   9.2   11.3   -7.1  -13.1               
  229  229 A G  T < 5S+     0   0   51     -3,-1.7     2,-0.2     1,-0.3    -3,-0.2   0.801  77.3 139.9  73.9  28.2   14.4   -5.2  -11.8               
  230  230 A M      < -     0   0   18     -5,-1.6    -1,-0.3    -8,-0.1     2,-0.2  -0.657  56.1-105.6 -83.7 157.5   14.0   -5.8   -8.1               
  231  231 A A    >>  -     0   0   41     -2,-0.2     3,-2.2     1,-0.1     4,-0.5  -0.577  47.4 -79.6 -81.3 152.2   17.1   -6.6   -6.0               
  232  232 A D  T 34 S+     0   0  143      1,-0.3    -1,-0.1    -2,-0.2    -9,-0.1  -0.198 115.0   1.4 -51.6 124.3   17.9  -10.1   -4.7               
  233  233 A G  T 3> S+     0   0   36    -14,-0.2     4,-1.0   -15,-0.1    -1,-0.3   0.364 100.7 108.0  78.3  -5.2   15.8  -11.0   -1.6               
  234  234 A D  H <>  +     0   0   18     -3,-2.2     4,-1.9   -12,-0.2     5,-0.2   0.824  68.0  62.5 -74.5 -28.4   13.9   -7.6   -1.6               
  235  235 A F  H >X S+     0   0    0     -4,-0.5     4,-2.8     2,-0.2     3,-0.6   0.979 108.6  37.1 -64.7 -57.5   10.5   -9.1   -2.8               
  236  236 A V  H 3> S+     0   0    5      1,-0.3     4,-2.2   -18,-0.2    -1,-0.2   0.852 115.6  57.3 -65.3 -31.2    9.8  -11.5    0.1               
  237  237 A R  H 3X S+     0   0  122     -4,-1.0     4,-0.8     2,-0.2    -1,-0.3   0.854 111.0  42.8 -63.7 -37.4   11.3   -8.8    2.5               
  238  238 A M  H <X S+     0   0   13     -4,-1.9     4,-2.3    -3,-0.6     3,-0.4   0.918 110.0  55.6 -77.7 -41.1    8.8   -6.2    1.2               
  239  239 A L  H  X S+     0   0    8     -4,-2.8     4,-2.5     1,-0.2    -2,-0.2   0.914 107.5  50.1 -56.5 -44.8    5.8   -8.7    1.3               
  240  240 A R  H  X S+     0   0  138     -4,-2.2     4,-2.3     1,-0.2    -1,-0.2   0.858 110.5  50.8 -59.9 -36.0    6.4   -9.4    5.0               
  241  241 A K  H  X S+     0   0   68     -4,-0.8     4,-2.2    -3,-0.4    -2,-0.2   0.877 109.0  49.9 -71.0 -38.7    6.5   -5.6    5.6               
  242  242 A D  H  X S+     0   0   40     -4,-2.3     4,-3.0     2,-0.2     5,-0.2   0.913 110.5  51.0 -64.2 -41.3    3.1   -5.2    3.8               
  243  243 A K  H  X S+     0   0   57     -4,-2.5     4,-2.7     2,-0.2     5,-0.2   0.949 111.2  47.4 -61.0 -47.0    1.7   -8.1    6.0               
  244  244 A E  H  X S+     0   0  110     -4,-2.3     4,-2.4     2,-0.2    -2,-0.2   0.893 114.7  47.4 -58.2 -41.6    3.0   -6.3    9.2               
  245  245 A E  H  X S+     0   0   96     -4,-2.2     4,-2.3     2,-0.2    -2,-0.2   0.922 112.0  48.4 -71.0 -39.9    1.5   -3.0    7.9               
  246  246 A A  H  X S+     0   0   59     -4,-3.0     4,-2.7     2,-0.2    -2,-0.2   0.929 114.7  46.3 -63.7 -44.1   -1.9   -4.6    7.0               
  247  247 A E  H  X S+     0   0  114     -4,-2.7     4,-3.0     2,-0.2     5,-0.2   0.910 111.3  52.0 -63.1 -41.1   -2.0   -6.2   10.4               
  248  248 A A  H  X S+     0   0   55     -4,-2.4     4,-2.4    -5,-0.2    -2,-0.2   0.887 111.6  46.7 -64.1 -37.6   -1.0   -2.9   12.0               
  249  249 A I  H  X S+     0   0  107     -4,-2.3     4,-3.0     2,-0.2    -2,-0.2   0.933 113.0  49.5 -66.9 -45.5   -3.9   -1.2   10.1               
  250  250 A K  H  X S+     0   0  162     -4,-2.7     4,-2.5     2,-0.2    -2,-0.2   0.927 114.9  44.4 -58.4 -45.5   -6.3   -4.0   11.2               
  251  251 A H  H  X S+     0   0  122     -4,-3.0     4,-2.6     2,-0.2    -2,-0.2   0.888 113.5  50.0 -68.0 -39.6   -5.2   -3.6   14.8               
  252  252 A A  H  X S+     0   0   56     -4,-2.4     4,-2.1    -5,-0.2    -2,-0.2   0.925 112.7  47.5 -64.6 -42.0   -5.4    0.2   14.6               
  253  253 A K  H  X S+     0   0  136     -4,-3.0     4,-2.8     2,-0.2    -2,-0.2   0.914 112.0  50.4 -63.1 -43.6   -9.0   -0.1   13.2               
  254  254 A A  H  X S+     0   0   51     -4,-2.5     4,-2.9     2,-0.2    -2,-0.2   0.914 111.8  47.2 -62.3 -42.9   -9.9   -2.6   15.9               
  255  255 A L  H  X S+     0   0   84     -4,-2.6     4,-2.2     2,-0.2    -1,-0.2   0.847 113.0  49.3 -66.0 -36.1   -8.5   -0.2   18.6               
  256  256 A E  H  X S+     0   0  140     -4,-2.1     4,-2.4     2,-0.2    -2,-0.2   0.910 112.6  47.4 -68.1 -39.9  -10.4    2.7   17.0               
  257  257 A E  H  X S+     0   0  116     -4,-2.8     4,-2.7     2,-0.2    -2,-0.2   0.937 111.9  49.5 -65.5 -44.5  -13.6    0.6   16.9               
  258  258 A E  H  X S+     0   0   83     -4,-2.9     4,-1.5     1,-0.2    -2,-0.2   0.941 113.8  47.4 -56.5 -44.9  -13.0   -0.4   20.6               
  259  259 A K  H  X S+     0   0  146     -4,-2.2     4,-1.0     2,-0.2    -2,-0.2   0.862 110.1  51.3 -65.8 -36.7  -12.5    3.4   21.3               
  260  260 A A  H  < S+     0   0   43     -4,-2.4     3,-0.3     2,-0.2    -2,-0.2   0.895 107.8  52.9 -67.7 -37.4  -15.8    4.2   19.3               
  261  261 A M  H  < S+     0   0   74     -4,-2.7    -2,-0.2     1,-0.2    -1,-0.2   0.812 108.7  50.8 -67.0 -28.6  -17.6    1.6   21.5               
  262  262 A Y  H  < S+     0   0   84     -4,-1.5     2,-1.1    -5,-0.2    -1,-0.2   0.754  98.8  76.9 -73.3 -25.8  -16.2    3.5   24.5               
  263  263 A S  S  < S+     0   0  102     -4,-1.0     2,-0.3    -3,-0.3    -1,-0.1  -0.688  82.3  58.0 -94.5  89.8  -17.6    6.8   23.1               
  264  264 A G  S    S-     0   0   44     -2,-1.1     2,-0.3     2,-0.1    -3,-0.0  -0.945  90.9 -72.5 172.2 175.6  -21.3    7.0   23.6               
  265  265 A R  S    S+     0   0  247     -2,-0.3     3,-0.1     3,-0.0    -2,-0.1   0.092  71.2 146.3 -73.0  25.1  -24.6    7.1   25.6               
  266  266 A R        -     0   0  111     -2,-0.3    -2,-0.1    -5,-0.1     5,-0.1  -0.185  60.1 -69.5 -63.1 157.8  -24.3    3.3   26.4               
  267  267 A S     >  -     0   0   67      1,-0.1     4,-2.7     3,-0.1     5,-0.2  -0.045  33.5-123.4 -53.8 148.2  -25.6    2.0   29.8               
  268  268 A R  T  4 S+     0   0  186      2,-0.2     4,-0.2     1,-0.2    -1,-0.1   0.788 116.4  55.4 -59.4 -27.0  -23.8    2.9   33.1               
  269  269 A R  T >> S+     0   0  181      2,-0.2     4,-2.5     3,-0.1     3,-2.0   0.983 107.8  44.8 -68.7 -55.7  -23.6   -1.0   33.5               
  270  270 A Q  H 3> S+     0   0   80      1,-0.3     4,-2.8     2,-0.2     5,-0.3   0.901 110.4  56.1 -55.2 -43.5  -21.8   -1.6   30.1               
  271  271 A R  H 3< S+     0   0  123     -4,-2.7    -1,-0.3     2,-0.2    -2,-0.2   0.584 112.5  43.3 -67.4 -11.2  -19.5    1.4   30.9               
  272  272 A R  H <> S+     0   0  151     -3,-2.0     4,-2.7    -4,-0.2    -2,-0.2   0.852 112.6  49.8 -90.3 -52.1  -18.5   -0.5   34.1               
  273  273 A E  H  X S+     0   0   82     -4,-2.5     4,-2.7     1,-0.3    -2,-0.2   0.876 114.8  45.9 -54.7 -42.2  -18.2   -4.0   32.6               
  274  274 A F  H  X S+     0   0   64     -4,-2.8     4,-1.7    -5,-0.2    -1,-0.3   0.874 112.2  50.0 -68.7 -36.9  -15.9   -2.5   29.8               
  275  275 A R  H  4 S+     0   0  158     -5,-0.3     4,-0.4    -3,-0.2    -2,-0.2   0.891 112.4  49.0 -66.5 -38.3  -13.9   -0.5   32.4               
  276  276 A E  H >X S+     0   0  130     -4,-2.7     4,-2.4     2,-0.2     3,-1.2   0.915 106.4  55.0 -66.8 -43.6  -13.5   -3.8   34.4               
  277  277 A K  H 3< S+     0   0  156     -4,-2.7    -2,-0.2     1,-0.3    -1,-0.2   0.880 110.4  47.2 -57.4 -37.4  -12.4   -5.7   31.2               
  278  278 A R  T 3< S+     0   0  152     -4,-1.7    -1,-0.3     1,-0.2    -2,-0.2   0.573 114.4  47.4 -76.5 -16.7   -9.6   -3.0   30.8               
  279  279 A L  T X4 S+     0   0   70     -3,-1.2     3,-2.1    -4,-0.4    -2,-0.2   0.668  85.9 103.2 -93.4 -26.8   -8.8   -3.4   34.5               
  280  280 A R  T 3< S+     0   0  217     -4,-2.4     3,-0.1     1,-0.3    -4,-0.0  -0.431  96.3  13.4 -60.2 118.9   -8.7   -7.3   34.3               
  281  281 A G  T 3  S+     0   0   85     -2,-0.2     2,-0.7     1,-0.1    -1,-0.3   0.154 107.8 100.8  88.7 -12.4   -5.0   -8.2   34.3               
  282  282 A R    <   -     0   0  168     -3,-2.1     2,-1.8     2,-0.0    -1,-0.1  -0.852  62.0-152.5-107.0 104.2   -3.9   -4.6   35.4               
  283  283 A K        -     0   0  217     -2,-0.7     2,-0.8    -3,-0.1    -3,-0.1  -0.531  18.4-159.7 -64.5  83.6   -3.0   -4.3   39.1               
  284  284 A I        -     0   0  111     -2,-1.8    -2,-0.0    -5,-0.2    -1,-0.0  -0.683  15.4-130.7 -69.3 108.9   -3.9   -0.6   39.4               
  285  285 A S        -     0   0   53     -2,-0.8     3,-0.1     1,-0.1     6,-0.1  -0.370  35.9 -92.4 -43.8 136.3   -2.1    0.6   42.5               
  286  286 A P        -     0   0   72      0, 0.0    -1,-0.1     0, 0.0     5,-0.1  -0.284  58.5 -87.6 -46.3 138.0   -4.4    2.5   44.8               
  287  287 A P    >   -     0   0   63      0, 0.0     3,-3.0     0, 0.0     4,-0.3  -0.234  48.4 -98.4 -50.7 150.0   -4.2    6.2   43.8               
  288  288 A S  G >  S+     0   0  102      1,-0.3     3,-1.1     2,-0.2     6,-0.0   0.749 123.5  58.9 -53.2 -31.7   -1.3    7.9   45.8               
  289  289 A Y  G 3  S+     0   0  209      1,-0.2    -1,-0.3     3,-0.0     5,-0.1   0.459 102.7  55.0 -72.5  -7.3   -3.7    9.4   48.4               
  290  290 A A  G <  S+     0   0   54     -3,-3.0     2,-0.8     3,-0.0    -1,-0.2   0.269  78.0 109.0-110.4   4.7   -5.0    5.8   49.3               
  291  291 A R    <   -     0   0  141     -3,-1.1     3,-0.4    -4,-0.3    -6,-0.0  -0.791  48.7-168.5 -79.7 111.8   -1.5    4.4   50.1               
  292  292 A R  S    S+     0   0  200     -2,-0.8     2,-0.6     1,-0.2    -1,-0.2   0.759  82.5  67.3 -64.7 -23.4   -1.4    3.8   53.9               
  293  293 A D        +     0   0  150     -3,-0.1    -1,-0.2     3,-0.1     5,-0.1  -0.425  64.9 134.3-101.8  49.6    2.4    3.2   53.4               
  294  294 A S    >   -     0   0   43     -2,-0.6     3,-2.3    -3,-0.4    -5,-0.0  -0.905  62.4-127.6 -90.8 136.3    3.6    6.7   52.4               
  295  295 A P  T 3  S+     0   0  141      0, 0.0    -1,-0.1     0, 0.0     3,-0.1   0.359 110.7  53.9 -61.5   5.4    6.8    7.9   54.2               
  296  296 A T  T 3  S+     0   0  138      1,-0.1     2,-0.5     2,-0.0    -3,-0.1   0.168  92.2  80.8-121.8   8.7    4.8   11.1   55.0               
  297  297 A Y    <   -     0   0  140     -3,-2.3    -3,-0.2    -5,-0.1    -1,-0.1  -0.913  67.9-150.9-124.8 102.8    1.8    9.4   56.7               
  298  298 A D        -     0   0  142     -2,-0.5     2,-1.1     1,-0.1    -5,-0.0  -0.596  25.6-123.9 -71.7 116.8    2.2    8.3   60.3               
  299  299 A P        -     0   0   76      0, 0.0    -1,-0.1     0, 0.0     2,-0.1  -0.556  25.0-120.8 -74.4 102.9   -0.1    5.3   60.8               
  300  300 A Y        -     0   0  209     -2,-1.1     2,-1.6     1,-0.1    -3,-0.0  -0.122  21.9-136.7 -39.7 104.2   -2.4    6.1   63.8               
  301  301 A K        -     0   0  201     -2,-0.1     2,-0.7     2,-0.0    -1,-0.1  -0.558  25.0-177.5 -69.1  85.5   -1.7    3.3   66.4               
  302  302 A R        -     0   0  233     -2,-1.6    -2,-0.0     2,-0.0     0, 0.0  -0.868  28.4-128.2 -79.6 115.5   -5.2    2.4   67.5               
  303  303 A S        -     0   0   91     -2,-0.7     2,-1.5     1,-0.1    -2,-0.0  -0.380  14.5-119.8 -58.0 138.9   -4.6   -0.2   70.2               
  304  304 A P  S    S+     0   0  142      0, 0.0     2,-0.3     0, 0.0    -1,-0.1  -0.528  77.4 100.3 -86.6  68.6   -6.6   -3.5   69.8               
  305  305 A S        +     0   0   89     -2,-1.5    -2,-0.0     1,-0.2     0, 0.0  -0.974  48.8  54.3-143.9 158.6   -8.5   -3.3   73.1               
  306  306 A E        -     0   0  195     -2,-0.3    -1,-0.2     1,-0.0     2,-0.1   0.956  58.4-169.0  76.4  80.0  -12.1   -2.3   74.1               
  307  307 A S        +     0   0  120     -3,-0.1    -1,-0.0     1,-0.1     0, 0.0  -0.440  32.2  47.1 -73.8 163.5  -14.8   -4.1   72.2               
  308  308 A S        +     0   0  104     -2,-0.1    -1,-0.1     0, 0.0    -2,-0.0   0.973  43.2  91.0  66.5 111.8  -18.5   -3.3   72.1               
  309  309 A S        -     0   0  104      0, 0.0     2,-0.2     0, 0.0     0, 0.0   0.343  23.9-158.5 166.2 134.6  -21.2   -1.1   71.8               
  310  310 A E        +     0   0  181      2,-0.0     2,-0.1     0, 0.0     0, 0.0  -0.460  26.7 143.7 -53.6 140.3  -23.8    0.6   69.7               
  311  311 A S        -     0   0  121     -2,-0.2     2,-0.4     2,-0.0     0, 0.0  -0.365  25.5-161.2-171.9 140.6  -25.7    3.6   70.4               
  312  312 A R        +     0   0  243     -2,-0.1     2,-0.3     2,-0.0    -2,-0.0  -0.754  27.5 147.0 -76.8 134.2  -27.0    6.7   68.5               
  313  313 A S        -     0   0  127     -2,-0.4     2,-0.5     2,-0.1    -2,-0.0  -0.914  30.1-144.5-162.5 156.8  -28.0    9.9   70.3               
  314  314 A R        +     0   0  250     -2,-0.3     2,-0.3     2,-0.0    -2,-0.0  -0.950  30.0 141.9-110.4 126.1  -28.0   13.6   69.7               
  315  315 A S        -     0   0  128     -2,-0.5     2,-0.4     2,-0.1    -2,-0.1  -0.969  28.4-146.6-155.9 149.9  -27.4   16.5   72.2               
  316  316 A R        +     0   0  251     -2,-0.3    -2,-0.0     2,-0.0     0, 0.0  -0.968  27.0 149.4-112.9 133.9  -25.6   19.9   72.0               
  317  317 A S        -     0   0  119     -2,-0.4     2,-0.2     2,-0.0    -2,-0.1  -0.935  31.9-153.6-149.4 151.8  -23.5   22.0   74.3               
  318  318 A P        +     0   0  112      0, 0.0    -2,-0.0     0, 0.0     0, 0.0  -0.597  25.2 122.6-122.3 179.5  -20.7   24.2   73.1               
  319  319 A T        -     0   0  131     -2,-0.2    -2,-0.0     2,-0.0     0, 0.0   0.131  35.2 -12.0  91.6 157.7  -17.4   26.2   73.4               
  320  320 A P        +     0   0  124      0, 0.0     2,-0.1     0, 0.0     0, 0.0   0.109  39.5  87.7-137.8 145.6  -14.4   26.8   72.4               
  321  321 A G        -     0   0   69      2,-0.0    -2,-0.0     0, 0.0     0, 0.0  -0.387  54.9 -71.4 175.8 111.6  -11.0   26.5   70.6               
  322  322 A R        +     0   0  242     -2,-0.1     2,-0.3     1,-0.1     0, 0.0   0.594  48.9 149.8  45.5  72.7   -9.0   27.2   67.5               
  323  323 A E        -     0   0  192      0, 0.0     2,-0.1     0, 0.0    -1,-0.1  -0.995  45.6-104.4-138.8 146.0   -9.7   25.3   64.2               
  324  324 A E        -     0   0  180     -2,-0.3     2,-0.9     1,-0.1     0, 0.0  -0.299  27.0-109.3 -82.9 142.0   -9.0   26.9   60.8               
  325  325 A K        -     0   0  199     -2,-0.1     2,-0.5     1,-0.1    -1,-0.1  -0.530  27.8-135.2 -68.9 109.0  -11.6   28.3   58.3               
  326  326 A I        -     0   0  146     -2,-0.9     2,-0.4     1,-0.0    -1,-0.1  -0.455  23.8-153.5 -54.8 109.2  -11.9   26.0   55.3               
  327  327 A T        -     0   0  127     -2,-0.5     2,-0.4     2,-0.0    -1,-0.0  -0.800   5.4-137.8 -89.6 131.2  -11.8   28.5   52.4               
  328  328 A F        -     0   0  173     -2,-0.4     2,-1.2     1,-0.0     3,-0.0  -0.783  22.8-116.0 -86.3 134.2  -13.6   27.4   49.1               
  329  329 A I        +     0   0  134     -2,-0.4     3,-0.1     1,-0.2    -1,-0.0  -0.562  41.2 172.1 -69.4  96.4  -11.7   28.2   45.9               
  330  330 A T        +     0   0  136     -2,-1.2     2,-0.3     1,-0.2    -1,-0.2   0.367  60.8  45.5 -91.1   3.7  -14.3   30.7   44.4               
  331  331 A S        -     0   0   90     -3,-0.0     2,-0.8     0, 0.0    -1,-0.2  -0.880  53.9-163.6-151.8 119.1  -12.0   31.7   41.5               
  332  332 A F        +     0   0  198     -2,-0.3    -3,-0.0    -3,-0.1     0, 0.0  -0.902  59.9 108.5 -88.5 105.8   -9.7   29.9   39.0               
  333  333 A G        -     0   0   68     -2,-0.8     2,-0.6     2,-0.1    -1,-0.1  -0.045  40.1-179.2 175.6  62.9   -7.7   32.9   37.9               
  334  334 A G        -     0   0   72      2,-0.0     2,-0.2     3,-0.0    -2,-0.0  -0.704  26.0-137.2 -70.9 117.0   -4.1   33.3   38.9               
  335  335 A S    >   -     0   0   93     -2,-0.6     3,-1.3     1,-0.1     2,-0.7  -0.482  36.6 -90.1 -69.2 153.3   -2.7   36.6   37.5               
  336  336 A D  T 3  S+     0   0  156      1,-0.2     4,-0.4    -2,-0.2    -1,-0.1   0.266 110.6  77.5 -61.5   8.3    0.9   36.3   36.0               
  337  337 A E  T 3> S+     0   0  164     -2,-0.7     4,-1.4     2,-0.1     3,-0.3   0.845  86.2  55.1 -87.6 -33.1    2.9   37.1   39.2               
  338  338 A E  H <> S+     0   0  154     -3,-1.3     4,-2.0     1,-0.2     5,-0.2   0.869 102.6  56.4 -76.5 -30.2    2.7   33.7   41.2               
  339  339 A A  H  > S+     0   0   74     -4,-0.3     4,-1.5     1,-0.2    -1,-0.2   0.824 105.6  53.2 -67.0 -29.8    4.1   31.6   38.3               
  340  340 A A  H  > S+     0   0   62     -4,-0.4     4,-1.9    -3,-0.3    -2,-0.2   0.889 107.3  51.0 -71.7 -37.8    7.2   33.9   38.3               
  341  341 A A  H  X S+     0   0   60     -4,-1.4     4,-2.3     2,-0.2    -2,-0.2   0.919 109.5  49.7 -65.6 -42.4    7.7   33.3   42.1               
  342  342 A A  H  X S+     0   0   67     -4,-2.0     4,-1.6     1,-0.2    -1,-0.2   0.889 111.4  49.2 -64.5 -38.2    7.5   29.4   41.7               
  343  343 A A  H  X S+     0   0   67     -4,-1.5     4,-0.5     2,-0.2    -1,-0.2   0.854 111.8  49.3 -68.9 -34.2   10.1   29.6   38.8               
  344  344 A A  H >< S+     0   0   64     -4,-1.9     3,-0.7     2,-0.2     4,-0.3   0.892 108.3  52.8 -71.2 -39.0   12.4   31.8   41.0               
  345  345 A A  H >< S+     0   0   68     -4,-2.3     3,-1.1     1,-0.2     4,-0.3   0.891 106.0  53.7 -64.9 -38.2   12.2   29.4   44.0               
  346  346 A A  H 3< S+     0   0   80     -4,-1.6     3,-0.3     1,-0.2    -1,-0.2   0.683 107.3  52.8 -69.4 -17.7   13.2   26.3   41.8               
  347  347 A A  T << S+     0   0   87     -3,-0.7    -1,-0.2    -4,-0.5    -2,-0.2   0.459  97.9  66.9 -92.6  -4.8   16.3   28.3   40.7               
  348  348 A A  S <  S+     0   0   87     -3,-1.1     2,-0.7    -4,-0.3     3,-0.2   0.436  78.8  82.6-101.2  -2.5   17.5   29.1   44.3               
  349  349 A S  S    S+     0   0  104     -3,-0.3    -1,-0.1    -4,-0.3    -4,-0.0  -0.778  72.0  65.2-109.5  88.6   18.4   25.5   45.6               
  350  350 A G        +     0   0   72     -2,-0.7     2,-0.3     1,-0.2    -1,-0.2   0.493  64.8  87.9 167.1  39.8   21.9   24.4   44.5               
  351  351 A V        +     0   0  132     -3,-0.2    -1,-0.2     1,-0.2     0, 0.0  -0.984  49.3  64.6-145.9 150.4   25.2   26.1   45.6               
  352  352 A T        +     0   0  132     -2,-0.3    -1,-0.2     2,-0.0    -2,-0.0   0.475  38.6  78.2  78.6 138.7   27.7   25.8   48.6               
  353  353 A T        +     0   0  142      2,-0.0     0, 0.0     0, 0.0     0, 0.0   0.706  49.8   7.1-132.1 150.2   30.0   24.2   50.4               
  354  354 A G        -     0   0   83      0, 0.0    -2,-0.0     0, 0.0     0, 0.0   0.693  30.3-156.9 144.6 147.8   33.4   23.1   50.6               
  355  355 A K        +     0   0  199      2,-0.0    -2,-0.0     0, 0.0     0, 0.0  -0.431  21.2 112.2-105.5-179.2   37.2   22.8   49.7               
  356  356 A P        -     0   0  109      0, 0.0     2,-0.0     0, 0.0     0, 0.0   0.209  34.8 -99.4-139.5-147.2   40.3   21.7   49.4               
  357  357 A P        -     0   0  115      0, 0.0    -2,-0.0     0, 0.0     0, 0.0  -0.158   8.6-152.8-124.2 170.9   42.9   20.5   46.9               
  358  358 A A        -     0   0   89     -2,-0.0     0, 0.0     0, 0.0     0, 0.0  -0.348   9.5-154.3 -83.2 170.4   45.3   18.1   44.8               
  359  359 A P        -     0   0  124      0, 0.0     0, 0.0     0, 0.0     0, 0.0  -0.792  37.6 -56.1-140.0-157.8   48.4   18.1   43.1               
  360  360 A P        -     0   0  124      0, 0.0     0, 0.0     0, 0.0     0, 0.0   0.117  22.4-143.3-120.6 176.2   49.5   16.0   40.3               
  361  361 A Q        -     0   0  182      0, 0.0     2,-0.1     0, 0.0     0, 0.0  -0.203   6.9-174.7 -71.8 169.9   50.3   12.9   38.1               
  362  362 A P        +     0   0  134      0, 0.0     0, 0.0     0, 0.0     0, 0.0  -0.414  32.8  38.2-148.3 164.5   52.4   11.4   35.8               
  363  363 A G        -     0   0   72     -2,-0.1     0, 0.0     2,-0.0     0, 0.0   0.952  37.3-166.2 118.7  77.9   52.9    8.4   33.6               
  364  364 A G        -     0   0   78      1,-0.0     2,-0.0     0, 0.0     0, 0.0   0.342  13.4-160.4  63.3-173.8   51.3    5.7   31.3               
  365  365 A P        -     0   0  140      0, 0.0    -1,-0.0     0, 0.0    -2,-0.0   0.662  14.9-133.9-121.2-161.8   51.1    3.1   29.6               
  366  366 A A        -     0   0   91      1,-0.1     2,-0.1    -2,-0.0     0, 0.0   0.133  34.3  -5.4-101.1-155.3   49.2    1.4   26.7               
  367  367 A P        -     0   0  124      0, 0.0    -1,-0.1     0, 0.0     0, 0.0  -0.291  37.1 -56.0-125.8 157.7   47.6   -1.8   25.9               
  368  368 A G        -     0   0   73      1,-0.1     2,-0.2    -2,-0.1    -2,-0.0   0.748   5.4-179.7  87.2 137.1   46.3   -5.4   25.6               
  369  369 A R        -     0   0  248      2,-0.0     2,-0.2     0, 0.0    -1,-0.1  -0.591  19.0-141.1-171.1 153.2   46.4   -9.0   25.5               
  370  370 A N        +     0   0  161     -2,-0.2     2,-0.1     2,-0.0     0, 0.0  -0.572  21.7 159.1 -82.9 151.6   43.9  -11.9   25.1               
  371  371 A A        -     0   0   89     -2,-0.2    -2,-0.0     2,-0.0     0, 0.0  -0.076  16.9-147.5 169.8 111.1   43.5  -15.4   26.6               
  372  372 A S        -     0   0  123     -2,-0.1     2,-0.1     0, 0.0    -2,-0.0   0.348  13.6-176.8  77.7 103.9   41.1  -17.8   27.1               
  373  373 A A        -     0   0   90      0, 0.0    -2,-0.0     0, 0.0     0, 0.0  -0.372  31.9 -67.5-168.7 121.0   39.7  -20.6   29.1               
  374  374 A R        -     0   0  231     -2,-0.1     0, 0.0     2,-0.0     0, 0.0   0.865  26.6-109.9  55.7 114.5   36.8  -23.0   28.9               
  375  375 A R        +     0   0  201      0, 0.0     0, 0.0     0, 0.0     0, 0.0   0.612  17.2 118.4  63.9 136.0   33.6  -24.3   28.7               
  376  376 A R        -     0   0  200      0, 0.0    -2,-0.0     0, 0.0     0, 0.0   0.788  17.7 -41.0-171.2 153.7   30.8  -25.8   29.4               
  377  377 A S        +     0   0  111      0, 0.0     0, 0.0     0, 0.0     0, 0.0   0.755  22.7  65.1  56.9 150.5   27.1  -26.9   30.1               
  378  378 A S        -     0   0  100      0, 0.0     0, 0.0     0, 0.0     0, 0.0   0.773  22.2 -81.6-167.6 159.1   24.0  -27.1   31.2               
  379  379 A S        +     0   0  105      0, 0.0     0, 0.0     0, 0.0     0, 0.0   0.876  24.7 103.7  47.7 119.1   20.3  -26.8   32.2               
  380  380 A S        -     0   0  107      0, 0.0     0, 0.0     0, 0.0     0, 0.0   0.333  35.5 -56.3 178.1 163.2   17.6  -25.8   33.8               
  381  381 A S        -     0   0  104      2,-0.0     0, 0.0     0, 0.0     0, 0.0   0.945  49.3 -12.8  65.3 125.0   14.4  -23.8   34.5               
  382  382 A S        +     0   0  108      1,-0.0     2,-0.1     0, 0.0     0, 0.0   0.835  36.8 125.8  50.5 106.6   12.5  -20.5   34.8               
  383  383 A S        -     0   0  113      2,-0.0     2,-0.3     0, 0.0    -1,-0.0  -0.438  36.0-129.8-173.9 147.0   12.5  -16.9   35.0               
  384  384 A S        +     0   0  119     -2,-0.1     2,-0.2     2,-0.0     0, 0.0  -0.462  38.0 150.1 -54.5 119.8   11.0  -13.9   33.3               
  385  385 A S        -     0   0  112     -2,-0.3    -2,-0.0     2,-0.0     0, 0.0  -0.773  42.7 -93.5-161.9 130.5   13.2  -11.0   32.3               
  386  386 A A        -     0   0   96     -2,-0.2     2,-0.4     1,-0.1    -2,-0.0   0.125  27.1-150.1 -13.8 108.4   13.3   -8.3   29.5               
  387  387 A S        -     0   0   97      2,-0.0     2,-0.5     3,-0.0    -1,-0.1  -0.949  11.0-143.0 -95.7 126.5   15.0   -8.5   26.2               
  388  388 A R        -     0   0  253     -2,-0.4     2,-0.6     3,-0.0    -2,-0.0  -0.837  20.6-168.4  56.8  42.2   16.1   -5.7   24.7               
  389  389 A T        -     0   0  119     -2,-0.5     2,-1.0     2,-0.0    -2,-0.0  -0.866  24.0-127.2 -90.6 121.0   15.4   -6.4   21.0               
  390  390 A S        -     0   0  118     -2,-0.6     2,-1.1     1,-0.1    -3,-0.0  -0.596  21.1-157.0 -65.8  97.3   17.1   -3.9   18.8               
  391  391 A S        -     0   0   93     -2,-1.0     2,-1.2     2,-0.1    -1,-0.1  -0.721   5.4-150.8 -83.2  98.4   14.4   -2.5   16.5               
  392  392 A S        +     0   0  116     -2,-1.1     2,-0.5     1,-0.1    -1,-0.0  -0.576  27.4 168.2 -59.7  92.0   16.1   -1.1   13.4               
  393  393 A R        +     0   0  185     -2,-1.2     2,-0.9     2,-0.1    -1,-0.1  -0.694   6.0 174.3-118.6  77.9   13.6    1.7   12.6               
  394  394 A S        +     0   0  130     -2,-0.5     2,-0.5     0, 0.0    -2,-0.1  -0.764  14.4 178.7 -80.1 102.3   15.3    3.9   10.0               
  395  395 A S        -     0   0   92     -2,-0.9    -2,-0.1     1,-0.2     0, 0.0  -0.964  21.0  -6.9-115.7 128.3   12.6    6.4    8.9               
  396  396 A S        -     0   0   55     -2,-0.5    -1,-0.2  -293,-0.1  -293,-0.0   0.952  54.7 -75.8  66.4 114.1   12.6    9.3    6.4               
  397  397 A R        -     0   0  156      1,-0.0     2,-0.4  -294,-0.0    -1,-0.0   0.237  25.2-169.0  73.7  70.5   13.9   11.6    4.2               
  398  398 A S        -     0   0   45    235,-0.0  -295,-0.0   232,-0.0    -1,-0.0  -0.729  25.9-122.5-130.4  93.8   15.9   14.8    4.8               
  399  399 A S        -     0   0   94     -2,-0.4     0, 0.0     1,-0.1     0, 0.0   0.346  34.4 -50.7   7.0 115.3   16.6   17.4    2.1               
  400  400 A S        +     0   0  119      1,-0.1    -1,-0.1     0, 0.0     2,-0.1   0.562  37.6 158.7  51.9  85.1   19.2   19.1    0.4               
  401  401 A R        +     0   0  252      2,-0.0     2,-0.5     0, 0.0    -1,-0.1  -0.517  13.2 157.9-144.1  91.7   22.4   21.0    1.5               
  402  402 A S        +     0   0  127     -2,-0.1     2,-0.3     0, 0.0     0, 0.0  -0.860  12.0 170.1 -91.9 133.4   25.1   21.3   -1.1               
  403  403 A R        +     0   0  232     -2,-0.5    -2,-0.0     1,-0.1     0, 0.0  -0.975  34.6  38.2-131.6 150.2   27.6   24.2   -0.6               
  404  404 A R        +     0   0  243     -2,-0.3    -1,-0.1     1,-0.1     0, 0.0   0.317  45.1 117.3  85.8 151.2   30.9   25.0   -2.4               
  405  405 A G        -     0   0   81      0, 0.0    -1,-0.1     0, 0.0     2,-0.1   0.648  50.9-113.5  85.0 103.4   32.5   24.8   -5.9               
  406  406 A G        -     0   0   85      1,-0.0     2,-0.0     0, 0.0     0, 0.0   0.176  26.4-136.6 101.4 115.9   33.5   27.4   -7.4               
  407  407 A G        -     0   0   57     -2,-0.1     2,-0.3     0, 0.0    -1,-0.0   0.350  16.0 -90.5 163.8 136.4   33.9   29.8   -9.4               
  408  408 A Y        -     0   0  199      2,-0.0     0, 0.0    -2,-0.0     0, 0.0  -0.828  37.1-113.6-151.3 112.7   34.8   32.7  -11.8               
  409  409 A Y        +     0   0  204     -2,-0.3     2,-0.0     0, 0.0     0, 0.0   0.150  36.5 137.1   9.2 113.6   35.7   36.3  -11.6               
  410  410 A R        -     0   0  238      2,-0.0    -2,-0.0     0, 0.0     0, 0.0  -0.112  40.4-114.5-169.0 125.8   34.6   39.6  -12.5               
  411  411 A S        +     0   0  115      1,-0.0     2,-0.2    -2,-0.0     0, 0.0   0.471  33.2 156.6  20.6 119.1   34.5   42.9  -10.6               
  412  412 A G        -     0   0   79      0, 0.0    -2,-0.0     0, 0.0    -1,-0.0  -0.601  35.2-125.5-170.0 104.1   31.5   45.1   -9.5               
  413  413 A R        -     0   0  245     -2,-0.2     0, 0.0     1,-0.1     0, 0.0  -0.228  28.1 -69.4 -60.9 136.7   31.9   47.6   -6.6               
  414  414 A H        -     0   0  181     -2,-0.0    -1,-0.1     1,-0.0     0, 0.0   0.345  37.5-137.2  23.1 136.2   30.4   48.4   -3.4               
  415  415 A A        -     0   0   71      0, 0.0    -2,-0.0     0, 0.0    -1,-0.0   0.861  26.6-179.4-175.7-177.1   27.9   49.5   -1.7               
  416  416 A R        -     0   0  228      1,-0.0    -2,-0.0     0, 0.0     0, 0.0   0.997  29.6-128.4  75.1  88.5   25.2   51.2    0.7               
  417  417 A S        +     0   0  117      2,-0.0     2,-0.2     1,-0.0    -1,-0.0   0.018  26.5 168.8  -3.9 121.4   21.5   51.2    1.0               
  418  418 A R        -     0   0  216      2,-0.0     2,-0.3     0, 0.0    -1,-0.0  -0.762  19.1-145.5-156.0 129.1   19.4   54.3    1.2               
  419  419 A S        +     0   0  106     -2,-0.2     2,-0.1     0, 0.0    -2,-0.0  -0.629  29.2 129.9 -69.5 138.3   15.6   54.5    1.0               
  420  420 A R        -     0   0  234     -2,-0.3    -2,-0.0     1,-0.1     0, 0.0  -0.164  26.0 -54.4 171.4 150.7   13.3   57.0   -0.4               
  421  421 A S        +     0   0  100     -2,-0.1    -1,-0.1     0, 0.0     0, 0.0   0.954  23.2 112.5  78.6 137.8   10.5   58.6   -2.4               
  422  422 A W        +     0   0  245      0, 0.0    -2,-0.1     0, 0.0     0, 0.0   0.705  17.3  34.5  79.5 142.8    8.2   59.6   -5.2               
  423  423 A S        +     0   0   83      0, 0.0     0, 0.0     0, 0.0     0, 0.0   0.733  42.6  24.1-155.4 176.4    5.8   60.2   -7.3               
  424  424 A R        -     0   0  237      0, 0.0     2,-0.1     0, 0.0     0, 0.0   0.890  34.4-174.0  87.3 102.4    2.2   60.7   -8.6               
  425  425 A S        -     0   0  113      0, 0.0     2,-0.1     0, 0.0     0, 0.0   0.073  15.8-156.5  94.0 109.3   -0.8   61.8   -7.5               
  426  426 A R        -     0   0  243     -2,-0.1     0, 0.0     2,-0.0     0, 0.0  -0.431  41.7 -19.8 179.2 137.8   -4.6   62.3   -8.0               
  427  427 A S        -     0   0  101     -2,-0.1     0, 0.0     0, 0.0     0, 0.0   0.645  47.3  -8.8-169.3 156.8   -6.6   64.5   -6.4               
  428  428 A R        +     0   0  233      0, 0.0    -2,-0.0     0, 0.0     0, 0.0   0.925  32.2 151.5  69.8 105.0   -8.7   67.0   -4.3               
  429  429 A S        -     0   0  100      0, 0.0     0, 0.0     0, 0.0     0, 0.0   0.899  33.6-123.6  95.5 142.2   -9.0   68.6   -1.3               
  430  430 A R        -     0   0  231      2,-0.0     2,-0.0     0, 0.0     0, 0.0   0.748  25.7-179.9-142.1 130.9   -9.6   70.6    1.4               
  431  431 A R        +     0   0  231      1,-0.0     2,-0.2     0, 0.0     0, 0.0   0.122  17.0 171.2  63.0 106.1   -7.7   72.0    3.9               
  432  432 A Y        +     0   0  185     -2,-0.0     2,-0.3     0, 0.0    -1,-0.0  -0.823  23.0 177.1-142.9-167.0   -7.5   74.1    6.9               
  433  433 A S        +     0   0   84     -2,-0.2     0, 0.0     1,-0.1     0, 0.0  -0.968  13.5 140.5-162.2 176.1   -4.5   74.6    9.2               
  434  434 A R        -     0   0  203     -2,-0.3     2,-0.1     0, 0.0    -1,-0.1   0.635   9.2-178.7  94.9 113.6   -2.8   76.3   12.3               
  435  435 A S        -     0   0  110      0, 0.0     2,-0.2     0, 0.0    -2,-0.0  -0.094   3.9-169.8  72.3 109.4   -0.7   75.8   14.8               
  436  436 A R        -     0   0  254     -2,-0.1     2,-0.1     2,-0.0     0, 0.0  -0.713   8.8-160.7-164.4 144.4    0.6   77.8   17.7               
  437  437 A S        +     0   0  100     -2,-0.2     0, 0.0     0, 0.0     0, 0.0  -0.300  20.9 128.6 -94.2-178.9    3.4   77.2   20.2               
  438  438 A R        +     0   0  248     -2,-0.1     2,-0.0     0, 0.0    -2,-0.0   0.435  17.5 177.5  87.5 137.3    4.6   78.5   23.7               
  439  439 A G        +     0   0   64      0, 0.0     0, 0.0     0, 0.0     0, 0.0   0.626  14.2 172.9 148.0 160.0    5.4   77.8   26.6               
  440  440 A R        -     0   0  246     -2,-0.0     2,-0.1     0, 0.0     0, 0.0   0.524  18.4-131.3  72.9 126.9    6.7   78.2   30.4               
  441  441 A R        +     0   0  214      0, 0.0     0, 0.0     0, 0.0     0, 0.0   0.186  32.8  52.9  90.3 123.6    7.2   76.7   33.4               
  442  442 A H        +     0   0  145     -2,-0.1     0, 0.0     0, 0.0     0, 0.0   0.738  34.3  68.6  78.1 144.9    6.8   76.7   37.2               
  443  443 A S        -     0   0  122      0, 0.0     0, 0.0     0, 0.0     0, 0.0   0.910  22.1-174.0  54.4 125.5    5.1   76.9   40.5               
  444  444 A G        +     0   0   76      0, 0.0     0, 0.0     0, 0.0     0, 0.0   0.799  17.7 107.8 138.7 146.4    3.2   75.8   42.8               
  445  445 A G        +     0   0   86      0, 0.0     0, 0.0     0, 0.0     0, 0.0   0.427  25.1 113.5  84.6 156.0    1.1   75.7   46.1               
  446  446 A G        -     0   0   75      0, 0.0     2,-0.1     0, 0.0     0, 0.0   0.988  25.9-176.3  78.0  79.2   -2.4   75.7   47.6               
  447  447 A S        -     0   0  102      0, 0.0     2,-0.1     0, 0.0     0, 0.0   0.165   9.4-162.9  51.2 117.2   -4.0   73.2   49.2               
  448  448 A R        -     0   0  247     -2,-0.1     2,-0.0     0, 0.0     0, 0.0  -0.390   5.0-159.6-159.3 113.3   -7.4   73.0   50.6               
  449  449 A D        -     0   0  150      1,-0.1     0, 0.0    -2,-0.1     0, 0.0  -0.244   9.7-172.8 -51.1 154.0   -8.5   70.4   53.1               
  450  450 A G        -     0   0   71     -2,-0.0    -1,-0.1     0, 0.0     0, 0.0   0.225  25.1-126.4-160.2  23.7  -12.3   69.8   53.2               
  451  451 A H        -     0   0  153      2,-0.0     0, 0.0     0, 0.0     0, 0.0   0.926  26.1 -26.3  56.8 131.1  -13.5   67.5   56.0               
  452  452 A R        +     0   0  184      0, 0.0     0, 0.0     0, 0.0     0, 0.0   0.810  23.9 142.7  50.0 123.5  -15.4   64.5   57.3               
  453  453 A Y        +     0   0  212      0, 0.0     2,-0.3     0, 0.0    -2,-0.0   0.086  24.7 167.3-153.8 134.0  -17.4   62.1   57.7               
  454  454 A S        +     0   0  100      1,-0.0     0, 0.0     2,-0.0     0, 0.0  -0.635  14.8 133.5 -73.5 143.3  -16.5   58.7   59.1               
  455  455 A R        +     0   0  245     -2,-0.3    -1,-0.0     0, 0.0     0, 0.0   0.252  16.3 174.8 168.0 116.7  -18.7   55.9   60.3               
  456  456 A S        +     0   0  106      0, 0.0     2,-0.0     0, 0.0    -2,-0.0  -0.533  20.8 128.9 -54.4 156.9  -19.4   52.3   60.2               
  457  457 A P        -     0   0  117      0, 0.0     0, 0.0     0, 0.0     0, 0.0   0.132  24.9 -27.2-151.5-167.6  -21.3   50.3   61.6               
  458  458 A A        -     0   0   78     -2,-0.0     0, 0.0     0, 0.0     0, 0.0   0.986  30.8 -66.5  76.4 115.1  -23.9   47.6   62.1               
  459  459 A R        +     0   0  230      0, 0.0     0, 0.0     0, 0.0     0, 0.0   0.929  40.2  46.4  65.0 137.3  -26.6   45.3   61.6               
  460  460 A R        +     0   0  241      0, 0.0     0, 0.0     0, 0.0     0, 0.0   0.882  36.9  81.7  72.9 135.9  -30.2   44.1   61.1               
  461  461 A G        -     0   0   82      0, 0.0     2,-0.1     0, 0.0     0, 0.0   0.634  23.2-150.7  76.1 134.8  -33.6   44.5   59.4               
  462  462 A G        +     0   0   63      2,-0.0     0, 0.0     0, 0.0     0, 0.0   0.437  34.1  81.6 120.2 126.9  -35.8   44.2   57.3               
  463  463 A Y        -     0   0  244     -2,-0.1     0, 0.0     0, 0.0     0, 0.0   0.667  36.1-166.7  69.8 134.4  -39.0   45.3   55.4               
  464  464 A G        +     0   0   70      0, 0.0     2,-0.1     0, 0.0    -2,-0.0  -0.072   5.4 178.9 -81.2-156.3  -39.7   47.8   52.6               
  465  465 A P        +     0   0  117      0, 0.0     0, 0.0     0, 0.0     0, 0.0   0.006  18.8  37.4-149.0-153.9  -41.8   49.4   51.0               
  466  466 A R        -     0   0  207     -2,-0.1     0, 0.0     0, 0.0     0, 0.0   0.997  30.5-143.6  79.0  95.5  -43.4   51.9   48.4               
  467  467 A R        -     0   0  239      2,-0.0     2,-0.2     0, 0.0     0, 0.0   0.037  10.6-178.9  -2.5 135.9  -43.1   53.2   44.9               
  468  468 A R        -     0   0  249      2,-0.0     2,-0.2     0, 0.0     0, 0.0  -0.581   6.7-169.4-154.2 126.1  -43.6   56.4   43.5               
  469  469 A S        -     0   0  109     -2,-0.2     2,-0.3     2,-0.0    -2,-0.0  -0.606   4.0-176.1 -75.6 148.3  -43.2   57.1   39.7               
  470  470 A R        -     0   0  254     -2,-0.2     2,-0.3     2,-0.0    -2,-0.0  -0.797   1.1-173.8-149.0 114.6  -43.1   60.6   38.3               
  471  471 A S        +     0   0  109     -2,-0.3     2,-0.1     2,-0.0    -2,-0.0  -0.750  13.6 153.7 -90.2 144.3  -42.9   61.4   34.6               
  472  472 A R        -     0   0  238     -2,-0.3    -2,-0.0     2,-0.0     0, 0.0  -0.254  27.5-127.1 171.6 102.4  -42.5   64.9   32.9               
  473  473 A S        -     0   0  105     -2,-0.1     2,-0.3     0, 0.0    -2,-0.0   0.301  14.3-165.6  76.4  99.9  -41.2   66.1   30.0               
  474  474 A H        -     0   0  178      2,-0.0    -2,-0.0     0, 0.0     0, 0.0  -0.891  23.0-133.7-145.9 131.9  -38.8   68.5   28.3               
  475  475 A S        +     0   0   94     -2,-0.3     0, 0.0     2,-0.0     0, 0.0   0.024  24.4 168.3 -50.1 159.5  -38.7   69.5   24.6               
  476  476 A G        -     0   0   76      0, 0.0     2,-0.1     0, 0.0    -2,-0.0  -0.031  16.9-168.8 175.9  69.9  -35.7   69.7   22.3               
  477  477 A D        +     0   0  114      1,-0.0    -2,-0.0     0, 0.0     0, 0.0  -0.366  19.1 149.3 -58.8 141.1  -36.1   70.1   18.5               
  478  478 A R        -     0   0  233     -2,-0.1    -1,-0.0     0, 0.0     0, 0.0  -0.017  24.2-148.2-172.1 111.3  -34.1   70.0   15.5               
  479  479 A Y        +     0   0  169      0, 0.0     0, 0.0     0, 0.0     0, 0.0   0.267  20.9 134.2  11.5 141.6  -34.8   69.0   12.0               
  480  480 A R        -     0   0  221      0, 0.0     0, 0.0     0, 0.0     0, 0.0   0.821  28.8 -37.4-162.8 176.4  -33.8   67.6    9.0               
  481  481 A R        +     0   0  240      2,-0.0     0, 0.0     0, 0.0     0, 0.0   0.793  45.0   7.3-159.2 146.5  -34.1   65.6    6.2               
  482  482 A G        +     0   0   79      0, 0.0     2,-0.1     0, 0.0     0, 0.0   0.880  24.0 156.0  74.9 125.3  -35.0   62.5    4.1               
  483  483 A G        +     0   0   71      0, 0.0    -2,-0.0     0, 0.0     0, 0.0   0.039   5.4 151.7 119.1 130.1  -36.4   59.7    3.8               
  484  484 A R        -     0   0  264     -2,-0.1     2,-0.1     2,-0.0     0, 0.0   0.499  16.3-144.2  79.9 138.4  -38.1   57.1    1.4               
  485  485 A G        -     0   0   74      1,-0.1     2,-0.1     0, 0.0     0, 0.0   0.020  19.4 -69.5 143.2 110.3  -38.7   54.1    0.8               
  486  486 A L        +     0   0  184     -2,-0.1     2,-0.3     0, 0.0    -1,-0.1  -0.390  37.9 160.6 -63.3 140.0  -39.4   50.8   -0.9               
  487  487 A R        -     0   0  247     -2,-0.1     2,-0.1     2,-0.0     0, 0.0  -0.887  22.7-141.5-154.3 142.0  -42.3   50.1   -3.2               
  488  488 A H        +     0   0  171     -2,-0.3     2,-0.2     2,-0.0     0, 0.0  -0.378  19.2 169.2 -67.0 160.7  -43.0   47.4   -5.9               
  489  489 A H        -     0   0  194     -2,-0.1     2,-0.4     2,-0.0    -2,-0.0  -0.588  12.0-161.6-161.9 146.4  -44.6   47.3   -9.2               
  490  490 A S        +     0   0  112     -2,-0.2     2,-0.2     2,-0.0    -2,-0.0  -0.849  18.5 151.6 -98.8 141.9  -44.6   44.7  -11.9               
  491  491 A S        -     0   0  125     -2,-0.4     2,-0.2     2,-0.0    -2,-0.0  -0.789  19.9-156.1-162.4 146.4  -45.5   44.8  -15.6               
  492  492 A S        +     0   0  107     -2,-0.2     2,-0.2     2,-0.0    -2,-0.0  -0.675  16.8 159.2 -91.5 153.9  -44.4   42.9  -18.7               
  493  493 A R        -     0   0  253     -2,-0.2     2,-0.2     2,-0.0    -2,-0.0  -0.641  17.6-154.8-171.2 152.0  -44.2   43.4  -22.4               
  494  494 A S        +     0   0  109     -2,-0.2     2,-0.1     0, 0.0    -2,-0.0  -0.627  17.0 153.9-107.8 158.7  -42.3   41.7  -25.2               
  495  495 A R        -     0   0  232     -2,-0.2    -2,-0.0     0, 0.0     2,-0.0  -0.167  14.6-168.5 162.6 116.7  -40.8   42.0  -28.8               
  496  496 A S        +     0   0  101     -2,-0.1     0, 0.0     0, 0.0     0, 0.0   0.549   9.0 154.7  56.5 138.7  -38.3   40.9  -30.8               
  497  497 A S        -     0   0   84     -2,-0.0     0, 0.0     0, 0.0     0, 0.0   0.758  11.3 -58.3-172.1 154.9  -36.4   40.8  -33.4               
  498  498 A W        +     0   0  245      0, 0.0     0, 0.0     0, 0.0     0, 0.0   0.527  21.5  75.7  72.4 158.2  -33.4   40.1  -35.8               
  499  499 A S        -     0   0  112      1,-0.0     0, 0.0     0, 0.0     0, 0.0   0.819   8.9-166.1-158.5 170.4  -30.6   39.8  -37.5               
  500  500 A L        +     0   0  165      2,-0.0    -1,-0.0     0, 0.0     0, 0.0  -0.013  28.8 104.8 -60.0 163.7  -27.1   38.6  -38.7               
  501  501 A S        -     0   0  115      0, 0.0     2,-0.1     0, 0.0     0, 0.0   0.138  23.2-170.3 128.1 154.1  -24.2   39.5  -41.0               
  502  502 A P        +     0   0  113      0, 0.0    -2,-0.0     0, 0.0     0, 0.0  -0.430  16.7  96.4-127.6-174.4  -20.6   40.8  -41.6               
  503  503 A S        +     0   0  109     -2,-0.1     2,-0.1     1,-0.1     0, 0.0   0.938  14.3 129.7  86.8 115.7  -17.5   42.0  -43.6               
  504  504 A R        -     0   0  237      2,-0.0    -1,-0.1     0, 0.0     2,-0.0  -0.069  20.6-161.6 162.9 125.5  -15.3   44.7  -45.1               
  505  505 A S        +     0   0  107     -2,-0.1     0, 0.0     0, 0.0     0, 0.0   0.605  13.3 149.8  97.5 137.7  -12.0   45.8  -45.3               
  506  506 A R        +     0   0  245     -2,-0.0    -2,-0.0     0, 0.0     0, 0.0   0.427  22.2  62.6  86.0 140.2   -9.3   48.5  -46.1               
  507  507 A S        -     0   0   94      0, 0.0     0, 0.0     0, 0.0     0, 0.0   0.555  23.7-141.1-173.0 145.4   -6.4   49.8  -45.4               
  508  508 A L        +     0   0  158      0, 0.0     0, 0.0     0, 0.0     0, 0.0   0.833  17.0 119.4  46.4 124.0   -2.7   50.7  -44.9               
  509  509 A T        -     0   0  124      0, 0.0     0, 0.0     0, 0.0     0, 0.0   0.496  33.8 -46.9-174.2 155.8    0.2   52.0  -43.5               
  510  510 A R        -     0   0  230      0, 0.0     0, 0.0     0, 0.0     0, 0.0   0.868  30.2-127.6  63.9  92.7    3.7   51.8  -42.0               
  511  511 A S        +     0   0  101      0, 0.0     0, 0.0     0, 0.0     0, 0.0   0.959  26.7 140.9  82.8 144.6    6.1   50.5  -39.8               
  512  512 A R        -     0   0  231      0, 0.0     0, 0.0     0, 0.0     0, 0.0   0.943  26.2-150.0  85.0  78.6    8.8   50.1  -37.0               
  513  513 A S        +     0   0   94      2,-0.0     2,-0.1     0, 0.0     0, 0.0   0.350  22.7 162.5  27.5 122.7    9.4   47.6  -34.4               
  514  514 A H        -     0   0  186      2,-0.0     0, 0.0     0, 0.0     0, 0.0  -0.271  19.7-177.3-166.8 123.6   10.9   47.3  -31.1               
  515  515 A S        -     0   0  118     -2,-0.1     2,-0.3     0, 0.0    -2,-0.0  -0.684  17.4-167.3 -93.0 149.0   10.2   44.3  -28.8               
  516  516 A P        -     0   0  126      0, 0.0    -2,-0.0     0, 0.0     0, 0.0  -0.982  41.9 -98.3-125.8 148.2   11.1   43.3  -25.3               
  517  517 A S        -     0   0  115     -2,-0.3     0, 0.0     1,-0.1     0, 0.0   0.078  40.5 -89.6 -64.6 157.5   10.3   39.6  -24.4               
  518  518 A P        -     0   0  129      0, 0.0    -1,-0.1     0, 0.0     2,-0.1  -0.185  45.8 -89.8 -75.4 155.9    7.3   38.2  -22.4               
  519  519 A S        -     0   0  102      1,-0.1     2,-1.0     2,-0.0    -2,-0.0  -0.327  33.6-113.2 -61.7 132.3    6.9   37.6  -18.7               
  520  520 A Q        -     0   0  169     -2,-0.1     2,-1.8     1,-0.1    -1,-0.1  -0.496  31.1-147.0 -60.0 100.3    7.9   34.4  -16.9               
  521  521 A S        -     0   0   98     -2,-1.0     2,-2.2     1,-0.1    -1,-0.1  -0.533  14.7-171.5 -75.1  80.5    4.4   33.2  -15.8               
  522  522 A R        -     0   0  219     -2,-1.8     2,-1.4     1,-0.1    -1,-0.1  -0.521  13.0-160.2 -72.1  76.4    5.3   31.5  -12.4               
  523  523 A S        -     0   0   96     -2,-2.2     2,-1.9     1,-0.1    -1,-0.1  -0.452   7.2-164.0 -62.2  87.5    1.8   30.0  -12.1               
  524  524 A R        -     0   0  237     -2,-1.4     2,-1.9     1,-0.1    -1,-0.1  -0.604  12.0-156.6 -72.4  81.3    1.6   29.3   -8.3               
  525  525 A S        -     0   0   96     -2,-1.9     2,-1.8     1,-0.1    -1,-0.1  -0.454  16.5-178.9 -64.0  80.7   -1.4   27.0   -8.7               
  526  526 A R        -     0   0  237     -2,-1.9     2,-1.8     2,-0.1    -1,-0.1  -0.594  13.2-168.5 -75.9  71.2   -2.8   27.2   -5.2               
  527  527 A S        -     0   0   97     -2,-1.8     2,-1.6     1,-0.1    -2,-0.1  -0.514  10.4-177.9 -66.6  82.1   -5.6   24.7   -6.3               
  528  528 A R        -     0   0  200     -2,-1.8     2,-1.8     2,-0.1    -1,-0.1  -0.598  11.7-168.3 -81.5  69.9   -7.9   25.1   -3.3               
  529  529 A S        +     0   0  103     -2,-1.6     2,-1.5     1,-0.1    -2,-0.1  -0.503  14.3 177.2 -65.2  81.6  -10.3   22.5   -4.7               
  530  530 A Q        -     0   0  141     -2,-1.8    -1,-0.1     2,-0.0    -2,-0.1  -0.739  15.2-167.4 -77.8  80.4  -13.3   22.9   -2.5               
  531  531 A S        -     0   0  100     -2,-1.5     2,-1.3     1,-0.1    -2,-0.0  -0.650  22.0-128.3 -63.0 121.2  -15.2   20.3   -4.5               
  532  532 A P        -     0   0  125      0, 0.0    -1,-0.1     0, 0.0    -2,-0.0  -0.680  22.7-143.2 -74.0  98.3  -18.9   20.7   -3.3               
  533  533 A S        -     0   0   93     -2,-1.3     2,-0.9     1,-0.1    -3,-0.0  -0.512  28.1-105.1 -57.8 127.9  -19.6   17.0   -2.4               
  534  534 A P        -     0   0  131      0, 0.0    -1,-0.1     0, 0.0     3,-0.1  -0.418  35.4-150.7 -65.2 100.5  -23.3   16.4   -3.4               
  535  535 A S        -     0   0  102     -2,-0.9     3,-0.2     1,-0.1     0, 0.0  -0.598  34.2 -92.6 -68.7 134.8  -25.1   16.3   -0.1               
  536  536 A P        -     0   0   95      0, 0.0    -1,-0.1     0, 0.0     2,-0.0  -0.186  55.2 -81.1 -59.2 141.5  -28.2   14.1   -0.4               
  537  537 A A        -     0   0  102      1,-0.1     2,-1.3    -3,-0.1     0, 0.0  -0.129  41.8-151.0 -48.1 107.8  -31.5   15.9   -1.3               
  538  538 A R        -     0   0  238     -3,-0.2    -1,-0.1    -2,-0.0    -3,-0.0  -0.724  17.2-137.2 -86.1  91.3  -32.8   17.4    1.9               
  539  539 A E        -     0   0  167     -2,-1.3     2,-1.9     1,-0.1    -1,-0.0  -0.233  12.8-127.4 -43.7 120.2  -36.6   17.4    1.2               
  540  540 A K        -     0   0  196      1,-0.0     2,-0.9     2,-0.0    -1,-0.1  -0.610  22.1-156.2 -74.0  82.7  -38.0   20.7    2.4               
  541  541 A L        -     0   0  148     -2,-1.9     2,-0.3     1,-0.1    -1,-0.0  -0.542  22.2-129.7 -58.9 101.5  -40.8   19.3    4.6               
  542  542 A T        -     0   0  127     -2,-0.9    -1,-0.1     1,-0.1    -2,-0.0  -0.456   9.9-136.0 -59.5 116.0  -43.0   22.3    4.5               
  543  543 A R        -     0   0  237     -2,-0.3    -1,-0.1     1,-0.1    -3,-0.0  -0.718  31.9-114.3 -70.3 121.1  -44.1   23.4    8.0               
  544  544 A P        -     0   0  118      0, 0.0     2,-0.1     0, 0.0    -1,-0.1  -0.315  29.5-113.2 -62.5 138.5  -47.9   24.1    7.6               
  545  545 A A        -     0   0   98      1,-0.1     2,-0.6    -3,-0.0    -3,-0.0  -0.434  30.1-111.7 -67.1 143.6  -48.8   27.8    8.2               
  546  546 A A        -     0   0  103     -2,-0.1     3,-0.1     1,-0.0    -1,-0.1  -0.734  29.3-127.4 -81.3 122.3  -50.9   28.6   11.3               
  547  547 A S        -     0   0  112     -2,-0.6     2,-0.1     1,-0.1    -1,-0.0  -0.226  42.3 -81.4 -62.1 155.7  -54.5   29.7   10.4               
  548  548 A P        -     0   0  116      0, 0.0     2,-0.9     0, 0.0    -1,-0.1  -0.359  29.5-127.9 -80.8 142.2  -55.6   33.0   12.0               
  549  549 A A        -     0   0  108     -2,-0.1     2,-0.2    -3,-0.1    -3,-0.0  -0.743  27.3-170.8 -84.3 104.1  -56.9   33.6   15.6               
  550  550 A V        +     0   0  135     -2,-0.9     0, 0.0     2,-0.0     0, 0.0  -0.535  31.7 114.2 -78.3 156.6  -60.2   35.6   15.4               
  551  551 A G        -     0   0   63     -2,-0.2    -2,-0.0     2,-0.0    -1,-0.0   0.710  45.0-140.2 110.7  72.5  -61.7   36.9   18.7               
  552  552 A E        -     0   0  174      1,-0.2    -2,-0.0     0, 0.0     0, 0.0   0.378  23.5 -48.4  69.5 102.7  -62.1   40.1   19.7               
  553  553 A K        +     0   0  196      1,-0.0     2,-0.3     0, 0.0    -1,-0.2   0.154  28.6 172.5  12.5 111.5  -62.1   42.7   22.4               
  554  554 A L        -     0   0  179      2,-0.0     2,-0.2     0, 0.0    -1,-0.0  -0.848  25.6-148.8-139.4 118.0  -63.4   42.7   25.8               
  555  555 A K        -     0   0  198     -2,-0.3     2,-0.4     2,-0.0     0, 0.0  -0.486  13.7-171.5 -65.9 140.5  -62.3   45.7   27.8               
  556  556 A K        -     0   0  206     -2,-0.2     2,-0.1     0, 0.0    -2,-0.0  -0.948  21.4-144.5-131.8 119.8  -61.8   45.7   31.5               
  557  557 A T        -     0   0  121     -2,-0.4    -2,-0.0     1,-0.1     0, 0.0  -0.390   8.2-127.3 -71.2 145.0  -61.2   49.3   32.9               
  558  558 A E        +     0   0  179     -2,-0.1     2,-0.1     2,-0.0    -1,-0.1  -0.520  31.0 156.2 -65.8 152.9  -59.0   50.5   35.7               
  559  559 A P        +     0   0  125      0, 0.0     2,-0.0     0, 0.0    -2,-0.0  -0.343   8.9 147.8-140.7 153.2  -59.4   52.3   38.5               
  560  560 A A        +     0   0   99     -2,-0.1     2,-0.4     3,-0.0    -2,-0.0  -0.480  28.1 121.1-145.7  77.1  -57.1   52.1   41.6               
  561  561 A A        +     0   0  109      1,-0.0     2,-0.1    -2,-0.0     0, 0.0  -0.916  43.0  98.4-128.9 105.9  -56.8   55.5   43.4               
  562  562 A G        -     0   0   77     -2,-0.4     2,-0.5     0, 0.0    -1,-0.0  -0.287  40.0-174.8 168.8  88.8  -58.0   55.1   47.0               
  563  563 A K        +     0   0  167     -2,-0.1     2,-0.1    -3,-0.0    -2,-0.0  -0.862  29.7 127.2 -74.7 135.6  -56.0   54.5   50.1               
  564  564 A E        -     0   0  152     -2,-0.5     0, 0.0     1,-0.2     0, 0.0  -0.345  50.5 -35.5-174.2 144.4  -57.8   53.9   53.3               
  565  565 A T        -     0   0  133     -2,-0.1     2,-0.6     1,-0.1    -1,-0.2   0.787  58.1 -85.1  54.0 149.1  -58.0   51.4   56.2               
  566  566 A G        +     0   0   83      3,-0.0     2,-0.3     0, 0.0    -1,-0.1  -0.800  51.2 136.1 -96.5 123.1  -57.6   47.6   56.8               
  567  567 A A        -     0   0   97     -2,-0.6     0, 0.0     1,-0.1     0, 0.0  -0.957  56.8 -16.7-150.5 148.3  -60.3   44.9   56.4               
  568  568 A A        -     0   0   92     -2,-0.3    -1,-0.1     1,-0.1     3,-0.0   0.827  52.5-125.8  37.7 103.4  -60.3   41.4   54.8               
  569  569 A K        -     0   0  199      1,-0.1     2,-0.3    -3,-0.0    -1,-0.1  -0.552  44.7-108.2 -53.9 122.9  -57.8   40.0   52.3               
  570  570 A P        -     0   0  114      0, 0.0     2,-1.2     0, 0.0    -1,-0.1  -0.435  29.2-124.5 -62.0 119.1  -60.1   38.9   49.4               
  571  571 A K        -     0   0  196     -2,-0.3    -2,-0.0     1,-0.1    -3,-0.0  -0.604  30.3-124.3 -64.9  96.6  -60.1   35.1   49.7               
  572  572 A L        -     0   0   79     -2,-1.2    -1,-0.1     1,-0.1     5,-0.0  -0.209  33.3-104.0 -43.8 129.4  -58.9   34.3   46.0               
  573  573 A T     >  -     0   0   65      1,-0.1     4,-2.4     4,-0.1     5,-0.2  -0.150  26.0-111.4 -57.1 150.5  -61.6   32.0   44.6               
  574  574 A P  H  > S+     0   0  111      0, 0.0     4,-1.9     0, 0.0    -1,-0.1   0.897 121.0  53.3 -52.3 -36.2  -60.6   28.3   44.3               
  575  575 A Q  H  > S+     0   0  142      2,-0.2     4,-2.7     1,-0.2     5,-0.1   0.894 107.9  47.7 -66.1 -43.1  -60.6   28.9   40.4               
  576  576 A E  H  > S+     0   0   98      2,-0.2     4,-2.8     1,-0.2     5,-0.2   0.912 110.8  52.0 -67.6 -39.0  -58.2   31.9   40.6               
  577  577 A K  H  X S+     0   0  118     -4,-2.4     4,-2.0     2,-0.2    -2,-0.2   0.908 112.1  47.3 -59.3 -41.6  -55.8   30.0   42.9               
  578  578 A L  H  X S+     0   0  119     -4,-1.9     4,-2.8    -5,-0.2    -2,-0.2   0.950 112.1  48.5 -65.3 -48.6  -55.9   27.1   40.3               
  579  579 A K  H  X S+     0   0  139     -4,-2.7     4,-2.9     1,-0.2     5,-0.2   0.921 113.3  47.9 -57.1 -45.3  -55.3   29.5   37.3               
  580  580 A L  H  X S+     0   0   76     -4,-2.8     4,-2.0     2,-0.2    -1,-0.2   0.874 112.2  49.2 -65.1 -38.6  -52.4   31.2   39.3               
  581  581 A R  H  X S+     0   0  198     -4,-2.0     4,-1.9    -5,-0.2    -2,-0.2   0.927 113.7  46.6 -65.5 -42.9  -50.9   27.7   40.1               
  582  582 A M  H  X S+     0   0  117     -4,-2.8     4,-2.8     2,-0.2    -2,-0.2   0.934 112.1  49.6 -64.3 -46.2  -51.2   26.6   36.4               
  583  583 A Q  H  X S+     0   0  115     -4,-2.9     4,-2.4     1,-0.2    -2,-0.2   0.873 111.2  50.2 -63.7 -36.6  -49.6   29.9   35.2               
  584  584 A K  H  X S+     0   0  138     -4,-2.0     4,-1.6    -5,-0.2    -1,-0.2   0.883 111.0  49.7 -66.0 -38.0  -46.7   29.5   37.7               
  585  585 A A  H  X S+     0   0   56     -4,-1.9     4,-2.5     2,-0.2    -2,-0.2   0.959 111.9  47.2 -64.8 -48.1  -46.3   25.9   36.4               
  586  586 A L  H  X S+     0   0  101     -4,-2.8     4,-3.0     1,-0.2     5,-0.2   0.921 112.8  49.1 -59.2 -45.3  -46.2   27.1   32.7               
  587  587 A N  H  X S+     0   0   86     -4,-2.4     4,-1.5     1,-0.2    -1,-0.2   0.820 111.2  50.5 -64.7 -31.5  -43.7   29.9   33.6               
  588  588 A R  H  X S+     0   0  205     -4,-1.6     4,-1.8    -3,-0.2    -2,-0.2   0.906 112.7  46.5 -70.4 -40.8  -41.6   27.2   35.4               
  589  589 A Q  H  X S+     0   0  119     -4,-2.5     4,-3.0     2,-0.2     5,-0.3   0.959 111.2  50.5 -66.1 -48.0  -41.7   24.9   32.3               
  590  590 A F  H  X S+     0   0  144     -4,-3.0     4,-2.2     1,-0.2    -1,-0.2   0.871 112.2  48.4 -58.9 -38.1  -40.9   27.8   29.9               
  591  591 A K  H  X S+     0   0  154     -4,-1.5     4,-1.8    -5,-0.2    -1,-0.2   0.868 112.7  48.6 -67.7 -37.1  -37.9   28.8   32.1               
  592  592 A A  H  X S+     0   0   55     -4,-1.8     4,-2.8    -3,-0.2    -2,-0.2   0.943 112.8  46.6 -67.4 -46.1  -36.7   25.1   32.2               
  593  593 A D  H  X S+     0   0   95     -4,-3.0     4,-2.3     2,-0.2    -2,-0.2   0.909 112.3  50.7 -64.4 -41.4  -37.0   24.7   28.4               
  594  594 A K  H  X S+     0   0  126     -4,-2.2     4,-2.0    -5,-0.3    -1,-0.2   0.905 112.9  46.8 -62.4 -40.2  -35.2   28.0   27.8               
  595  595 A K  H  X S+     0   0  139     -4,-1.8     4,-2.8     2,-0.2    -2,-0.2   0.931 111.9  50.0 -65.3 -45.1  -32.4   26.8   30.2               
  596  596 A A  H  X S+     0   0   46     -4,-2.8     4,-2.0     2,-0.2    -2,-0.2   0.829 110.2  50.8 -65.1 -33.3  -32.3   23.3   28.4               
  597  597 A A  H  X S+     0   0   55     -4,-2.3     4,-1.9     2,-0.2    -1,-0.2   0.920 112.5  46.2 -67.7 -43.2  -32.0   25.1   25.0               
  598  598 A Q  H  X S+     0   0  112     -4,-2.0     4,-2.6     2,-0.2    -2,-0.2   0.911 111.5  52.3 -64.0 -41.1  -29.1   27.3   26.4               
  599  599 A E  H  X S+     0   0   99     -4,-2.8     4,-2.6     1,-0.2    -2,-0.2   0.906 109.2  49.7 -64.1 -39.4  -27.4   24.2   27.9               
  600  600 A K  H  X S+     0   0  141     -4,-2.0     4,-2.3     2,-0.2    -1,-0.2   0.885 110.5  50.1 -63.9 -40.7  -27.6   22.4   24.5               
  601  601 A M  H  X S+     0   0  132     -4,-1.9     4,-2.1     2,-0.2    -2,-0.2   0.950 113.0  46.1 -60.4 -48.4  -26.1   25.4   22.8               
  602  602 A I  H  X S+     0   0  112     -4,-2.6     4,-2.7     1,-0.2    -2,-0.2   0.895 112.3  51.1 -63.3 -41.2  -23.2   25.5   25.3               
  603  603 A Q  H  X S+     0   0   98     -4,-2.6     4,-2.7     2,-0.2    -1,-0.2   0.908 111.2  47.6 -62.9 -42.2  -22.7   21.6   25.0               
  604  604 A Q  H  X S+     0   0  130     -4,-2.3     4,-1.4     2,-0.2    -2,-0.2   0.851 113.6  47.9 -67.2 -35.5  -22.5   21.9   21.1               
  605  605 A E  H  X S+     0   0  102     -4,-2.1     4,-2.3     2,-0.2    -2,-0.2   0.919 113.4  47.8 -71.0 -40.4  -20.0   24.8   21.5               
  606  606 A H  H  X S+     0   0   99     -4,-2.7     4,-3.1     2,-0.2    -2,-0.2   0.952 111.8  49.1 -62.1 -48.9  -17.9   22.8   24.0               
  607  607 A E  H  X S+     0   0   97     -4,-2.7     4,-1.8     1,-0.2    -1,-0.2   0.828 112.5  49.8 -63.3 -31.3  -18.0   19.7   21.8               
  608  608 A R  H  X S+     0   0  145     -4,-1.4     4,-1.9    -5,-0.2    -1,-0.2   0.914 111.9  47.3 -68.9 -44.1  -16.9   21.9   18.9               
  609  609 A Q  H  X S+     0   0  101     -4,-2.3     4,-2.9     2,-0.2     5,-0.2   0.931 110.1  53.1 -63.7 -44.2  -14.0   23.4   21.0               
  610  610 A E  H  X S+     0   0  103     -4,-3.1     4,-2.6     1,-0.2    -2,-0.2   0.926 110.8  46.6 -57.2 -46.8  -12.9   19.9   22.1               
  611  611 A R  H  X S+     0   0  124     -4,-1.8     4,-2.2     2,-0.2    -1,-0.2   0.872 113.7  48.7 -63.8 -37.7  -12.7   18.8   18.5               
  612  612 A E  H  X S+     0   0   83     -4,-1.9     4,-2.4     2,-0.2    -2,-0.2   0.914 114.2  45.3 -68.0 -40.2  -10.8   22.0   17.5               
  613  613 A D  H  X S+     0   0   72     -4,-2.9     4,-2.0     2,-0.2    -2,-0.2   0.833 111.1  53.2 -75.3 -29.4   -8.4   21.5   20.5               
  614  614 A E  H  X S+     0   0  133     -4,-2.6     4,-2.9    -5,-0.2    -2,-0.2   0.950 112.5  44.8 -63.3 -47.7   -8.0   17.8   19.7               
  615  615 A L  H  X S+     0   0  122     -4,-2.2     4,-2.8     1,-0.2    -2,-0.2   0.916 115.0  48.5 -60.7 -41.4   -7.0   18.8   16.1               
  616  616 A R  H  X S+     0   0  117     -4,-2.4     4,-1.8     2,-0.2    -1,-0.2   0.819 111.9  49.3 -68.6 -32.7   -4.7   21.5   17.6               
  617  617 A A  H  X S+     0   0   47     -4,-2.0     4,-2.6     2,-0.2    -2,-0.2   0.914 111.4  48.7 -71.3 -41.8   -3.2   18.9   19.9               
  618  618 A M  H  X S+     0   0  123     -4,-2.9     4,-2.9     2,-0.2    -2,-0.2   0.946 112.2  48.8 -62.1 -45.2   -2.6   16.5   17.0               
  619  619 A A  H  X S+     0   0   57     -4,-2.8     4,-2.4     1,-0.2    -2,-0.2   0.884 112.4  48.5 -61.9 -38.8   -1.0   19.4   15.0               
  620  620 A R  H  X S+     0   0  144     -4,-1.8     4,-1.7     2,-0.2    -2,-0.2   0.909 111.9  49.7 -64.2 -40.9    1.2   20.2   18.1               
  621  621 A K  H  X S+     0   0  162     -4,-2.6     4,-3.0     2,-0.2     5,-0.2   0.907 111.2  48.2 -66.7 -41.9    2.1   16.5   18.3               
  622  622 A I  H  X S+     0   0  105     -4,-2.9     4,-2.7     1,-0.2     5,-0.2   0.962 113.2  48.3 -59.3 -50.2    3.0   16.4   14.6               
  623  623 A R  H  X S+     0   0  182     -4,-2.4     4,-0.8     2,-0.2    -2,-0.2   0.765 114.1  47.0 -64.4 -28.7    5.1   19.6   15.1               
  624  624 A M  H  X S+     0   0  107     -4,-1.7     4,-3.0     2,-0.2     3,-0.5   0.952 113.2  46.5 -73.7 -50.4    6.8   18.0   18.2               
  625  625 A K  H  X S+     0   0  152     -4,-3.0     4,-2.5     1,-0.3    -2,-0.2   0.857 112.9  51.5 -59.2 -37.4    7.5   14.6   16.4               
  626  626 A E  H  X S+     0   0   80     -4,-2.7     4,-1.6    -5,-0.2    -1,-0.3   0.815 112.4  45.8 -67.1 -34.0    8.9   16.6   13.4               
  627  627 A R  H  X S+     0   0  131     -4,-0.8     4,-2.1    -3,-0.5    -2,-0.2   0.952 112.5  49.5 -72.1 -48.3   11.1   18.7   15.8               
  628  628 A E  H  X S+     0   0  131     -4,-3.0     4,-2.8     1,-0.2    -2,-0.2   0.896 110.4  51.9 -56.1 -43.1   12.3   15.5   17.7               
  629  629 A R  H  X S+     0   0   68     -4,-2.5     4,-2.8    -5,-0.2    -1,-0.2   0.925 111.6  46.0 -60.2 -44.9   13.0   13.9   14.2               
  630  630 A R  H  X S+     0   0  133     -4,-1.6     4,-1.3     2,-0.2    -2,-0.2   0.769 113.3  49.2 -69.6 -30.2   15.2   17.0   13.2               
  631  631 A E  H  X S+     0   0  124     -4,-2.1     4,-2.5     2,-0.2    -2,-0.2   0.907 113.4  47.1 -72.4 -40.0   17.0   17.0   16.6               
  632  632 A K  H  X S+     0   0  120     -4,-2.8     4,-2.8     2,-0.2     5,-0.2   0.932 111.0  50.4 -66.6 -45.0   17.7   13.2   16.1               
  633  633 A E  H  X S+     0   0   48     -4,-2.8     4,-2.4     1,-0.2    -1,-0.2   0.870 112.7  48.9 -57.7 -38.3   18.9   13.8   12.5               
  634  634 A R  H  X S+     0   0  157     -4,-1.3     4,-2.8     2,-0.2    -2,-0.2   0.924 112.5  45.9 -66.5 -45.7   21.2   16.5   13.9               
  635  635 A E  H  X S+     0   0  105     -4,-2.5     4,-2.2     2,-0.2    -2,-0.2   0.863 114.2  48.8 -67.5 -35.5   22.5   14.2   16.7               
  636  636 A E  H  X S+     0   0   93     -4,-2.8     4,-2.6     2,-0.2     5,-0.2   0.930 113.4  46.8 -68.2 -42.3   23.0   11.4   14.2               
  637  637 A W  H  X>S+     0   0  166     -4,-2.4     4,-2.8    -5,-0.2     5,-0.5   0.924 113.4  48.8 -63.9 -42.2   24.8   13.8   11.8               
  638  638 A E  H  X5S+     0   0   95     -4,-2.8     4,-1.5     3,-0.2     5,-0.2   0.876 112.6  49.4 -65.2 -34.4   26.9   15.1   14.8               
  639  639 A R  H  <5S+     0   0  166     -4,-2.2     4,-0.4     2,-0.2    -2,-0.2   0.908 117.7  39.0 -68.9 -44.5   27.6   11.4   15.8               
  640  640 A Q  H  <5S+     0   0  134     -4,-2.6     4,-0.3     2,-0.1    -2,-0.2   0.949 129.8  27.3 -70.2 -49.1   28.7   10.4   12.2               
  641  641 A Y  H ><5S+     0   0  111     -4,-2.8     3,-1.2    -5,-0.2     4,-0.3   0.811 108.6  65.0 -96.6 -27.3   30.6   13.6   11.3               
  642  642 A S  G ><<S+     0   0   44     -4,-1.5     3,-0.6    -5,-0.5     4,-0.4   0.735  94.3  65.6 -69.8 -16.6   31.9   15.1   14.7               
  643  643 A R  G 3  S+     0   0  225     -4,-0.4     3,-0.3    -5,-0.2    -1,-0.2   0.814 104.3  45.1 -68.4 -26.5   34.1   11.9   15.0               
  644  644 A Q  G <  S+     0   0  159     -3,-1.2    -1,-0.2    -4,-0.3    -2,-0.2   0.353 114.3  49.4 -96.2   3.1   36.1   13.2   11.9               
  645  645 A S  S <  S+     0   0   96     -3,-0.6     2,-0.7    -4,-0.3    -2,-0.2   0.260  73.4 106.8-127.7  12.8   36.3   16.8   13.2               
  646  646 A R        +     0   0  216     -4,-0.4    -1,-0.1    -3,-0.3    -4,-0.1  -0.296  37.4 153.0 -86.4  51.3   37.6   16.4   16.8               
  647  647 A S        -     0   0   93     -2,-0.7     2,-1.4     1,-0.1    -3,-0.0  -0.704  59.3-110.3 -62.7 125.3   41.1   17.6   16.0               
  648  648 A P        -     0   0  128      0, 0.0     3,-0.1     0, 0.0    -2,-0.1  -0.500  31.4-148.0 -67.3  93.6   42.1   18.9   19.4               
  649  649 A S        -     0   0  110     -2,-1.4     3,-0.1     1,-0.1    -3,-0.0  -0.467  39.7 -85.8 -59.4 134.5   42.1   22.7   18.8               
  650  650 A P        -     0   0  119      0, 0.0     2,-1.7     0, 0.0    -1,-0.1  -0.069  34.7-112.1 -58.4 142.0   44.9   24.1   21.1               
  651  651 A R        -     0   0  251     -3,-0.1     2,-1.6     1,-0.1    -2,-0.0  -0.525  31.1-172.7 -65.2  87.8   44.3   25.0   24.7               
  652  652 A Y        +     0   0  234     -2,-1.7     2,-0.2    -3,-0.1    -1,-0.1  -0.690  22.7 174.7 -79.1  83.0   44.8   28.8   24.7               
  653  653 A S        +     0   0   88     -2,-1.6    -2,-0.0     1,-0.1     0, 0.0  -0.626  15.8  71.4 -73.1 155.5   44.6   29.1   28.4               
  654  654 A R        -     0   0  194     -2,-0.2    -1,-0.1     2,-0.0     0, 0.0   0.898  55.7 -68.1 101.2 105.9   45.1   32.2   30.5               
  655  655 A E        +     0   0  139      1,-0.0     2,-0.1     0, 0.0    -2,-0.0   0.725  20.6 165.1  52.8 103.5   44.1   35.5   31.8               
  656  656 A Y        -     0   0  224      0, 0.0    -1,-0.0     0, 0.0    -2,-0.0  -0.503  47.7 -94.2-147.5 108.2   43.5   39.1   31.2               
  657  657 A S        -     0   0   84      1,-0.2     2,-0.1    -2,-0.1     0, 0.0   0.671  14.9-119.9  45.2 101.8   41.6   41.1   33.7               
  658  658 A S        +     0   0  122      0, 0.0     2,-0.2     0, 0.0    -1,-0.2  -0.342  49.6 132.3 -27.3 124.2   38.4   42.4   34.6               
  659  659 A S        +     0   0   93     -2,-0.1     0, 0.0     1,-0.0     0, 0.0  -0.588  25.7  38.1-175.6 163.7   37.9   46.1   34.7               
  660  660 A R        -     0   0  227     -2,-0.2     2,-0.2     1,-0.1    -1,-0.0   0.980  29.6-165.5  63.3  86.9   35.8   49.2   33.8               
  661  661 A R        +     0   0  244      2,-0.0    -1,-0.1     0, 0.0     2,-0.0  -0.311  21.4 156.6  26.0 102.0   32.6   50.0   33.6               
  662  662 A R        -     0   0  240     -2,-0.2     2,-0.0     2,-0.0     0, 0.0  -0.167  21.7-159.9-172.1 124.3   31.6   53.0   31.9               
  663  663 A S        -     0   0  110     -2,-0.0     2,-0.1     1,-0.0    -2,-0.0  -0.254  10.1-179.2 -44.2 143.3   28.5   54.2   30.2               
  664  664 A R        +     0   0  250     -2,-0.0     2,-0.2     0, 0.0    -1,-0.0  -0.577   2.3 179.8-156.3 107.0   28.4   57.0   27.7               
  665  665 A S        +     0   0   99     -2,-0.1    -2,-0.0     1,-0.1     0, 0.0  -0.487  33.1  25.5 -70.2 158.5   25.2   58.1   26.0               
  666  666 A R        +     0   0  237     -2,-0.2    -1,-0.1     0, 0.0     2,-0.0   0.931  44.4 105.5  57.1 117.5   24.7   61.0   23.4               
  667  667 A S        -     0   0  105      0, 0.0     0, 0.0     0, 0.0     0, 0.0   0.318  30.2 -23.3 163.7 176.3   25.6   63.1   21.1               
  668  668 A R        -     0   0  238     -2,-0.0     0, 0.0     0, 0.0     0, 0.0   0.990  21.7-174.0  74.6 102.7   26.3   65.3   17.9               
  669  669 A S        -     0   0  115      0, 0.0     2,-0.2     0, 0.0     0, 0.0  -0.279  11.2-157.6 -56.0 168.6   26.3   64.9   14.2               
  670  670 A P        -     0   0  115      0, 0.0     0, 0.0     0, 0.0     0, 0.0  -0.634  28.1 -13.6-148.7 168.6   27.2   67.1   11.8               
  671  671 A H        -     0   0  192     -2,-0.2     2,-0.3     1,-0.1     0, 0.0   0.898  26.8-143.8  71.7 135.4   26.8   67.8    8.1               
  672  672 A Y        +     0   0  176      0, 0.0     2,-0.1     0, 0.0    -1,-0.1  -0.910  25.2 158.4-113.7 137.5   25.6   66.9    4.6               
  673  673 A R              0   0  225     -2,-0.3     0, 0.0     1,-0.2     0, 0.0  -0.306 360.0 360.0 167.7 131.9   27.1   67.7    1.2               
  674  674 A H              0   0  229     -2,-0.1    -1,-0.2     0, 0.0     0, 0.0   0.698 360.0 360.0-115.8 360.0   27.0   66.5   -1.7               
