==== Secondary Structure Definition by the program DSSP, CMBI version 2.0                          ==== DATE=2026-03-08        .
REFERENCE W. KABSCH AND C.SANDER, BIOPOLYMERS 22 (1983) 2577-2637                                                              .
HEADER                                            01-AUG-25                                                                    .
COMPND    MOL_ID: 1; MOLECULE: PUTATIVE RNA-BINDING PROTEIN 15B; CHAIN: A                                                      .
SOURCE    MOL_ID: 1; ORGANISM_SCIENTIFIC: HOMO SAPIENS; ORGANISM_TAXID: 9606                                                   .
AUTHOR                                                                                                                         .
  890  1  0  0  0 TOTAL NUMBER OF RESIDUES, NUMBER OF CHAINS, NUMBER OF SS-BRIDGES(TOTAL,INTRACHAIN,INTERCHAIN)                .
 89153.4   ACCESSIBLE SURFACE OF PROTEIN (ANGSTROM**2)                                                                         .
  327 36.7   TOTAL NUMBER OF HYDROGEN BONDS OF TYPE O(I)-->H-N(J)  , SAME NUMBER PER 100 RESIDUES                              .
    7  0.8   TOTAL NUMBER OF HYDROGEN BONDS IN     PARALLEL BRIDGES, SAME NUMBER PER 100 RESIDUES                              .
  112 12.6   TOTAL NUMBER OF HYDROGEN BONDS IN ANTIPARALLEL BRIDGES, SAME NUMBER PER 100 RESIDUES                              .
    2  0.2   TOTAL NUMBER OF HYDROGEN BONDS OF TYPE O(I)-->H-N(I-5), SAME NUMBER PER 100 RESIDUES                              .
    1  0.1   TOTAL NUMBER OF HYDROGEN BONDS OF TYPE O(I)-->H-N(I-4), SAME NUMBER PER 100 RESIDUES                              .
    3  0.3   TOTAL NUMBER OF HYDROGEN BONDS OF TYPE O(I)-->H-N(I-3), SAME NUMBER PER 100 RESIDUES                              .
    0  0.0   TOTAL NUMBER OF HYDROGEN BONDS OF TYPE O(I)-->H-N(I-2), SAME NUMBER PER 100 RESIDUES                              .
    0  0.0   TOTAL NUMBER OF HYDROGEN BONDS OF TYPE O(I)-->H-N(I-1), SAME NUMBER PER 100 RESIDUES                              .
    0  0.0   TOTAL NUMBER OF HYDROGEN BONDS OF TYPE O(I)-->H-N(I+0), SAME NUMBER PER 100 RESIDUES                              .
    0  0.0   TOTAL NUMBER OF HYDROGEN BONDS OF TYPE O(I)-->H-N(I+1), SAME NUMBER PER 100 RESIDUES                              .
   71  8.0   TOTAL NUMBER OF HYDROGEN BONDS OF TYPE O(I)-->H-N(I+2), SAME NUMBER PER 100 RESIDUES                              .
   45  5.1   TOTAL NUMBER OF HYDROGEN BONDS OF TYPE O(I)-->H-N(I+3), SAME NUMBER PER 100 RESIDUES                              .
   89 10.0   TOTAL NUMBER OF HYDROGEN BONDS OF TYPE O(I)-->H-N(I+4), SAME NUMBER PER 100 RESIDUES                              .
    2  0.2   TOTAL NUMBER OF HYDROGEN BONDS OF TYPE O(I)-->H-N(I+5), SAME NUMBER PER 100 RESIDUES                              .
  1  2  3  4  5  6  7  8  9 10 11 12 13 14 15 16 17 18 19 20 21 22 23 24 25 26 27 28 29 30     *** HISTOGRAMS OF ***           .
  0  0  0  0  1  1  2  2  0  2  1  1  2  0  0  0  0  0  0  0  0  0  0  0  0  0  0  0  0  0    RESIDUES PER ALPHA HELIX         .
  0  1  1  0  0  0  0  0  0  0  0  0  0  0  0  0  0  0  0  0  0  0  0  0  0  0  0  0  0  0    PARALLEL BRIDGES PER LADDER      .
  3  1  0  4  5  3  1  2  0  0  0  0  0  0  0  0  0  0  0  0  0  0  0  0  0  0  0  0  0  0    ANTIPARALLEL BRIDGES PER LADDER  .
  1  0  3  0  0  0  0  1  0  0  0  0  0  0  0  0  0  0  0  0  0  0  0  0  0  0  0  0  0  0    LADDERS PER SHEET                .
  #  RESIDUE AA STRUCTURE BP1 BP2  ACC     N-H-->O    O-->H-N    N-H-->O    O-->H-N    TCO  KAPPA ALPHA  PHI   PSI    X-CA   Y-CA   Z-CA            CHAIN
    1    1 A M              0   0  231      0, 0.0     2,-0.1     0, 0.0     0, 0.0   0.000 360.0 360.0 360.0 144.0  -45.3   56.9    4.0               
    2    2 A K        +     0   0  188      1,-0.0     0, 0.0     0, 0.0     0, 0.0   0.217 360.0 109.0  57.0 129.6  -47.2   54.1    3.8               
    3    3 A R        -     0   0  188     -2,-0.1    -1,-0.0     0, 0.0     0, 0.0   0.634  15.9-150.1-172.8 150.8  -48.0   51.3    2.5               
    4    4 A Q        +     0   0  147      0, 0.0     0, 0.0     0, 0.0     0, 0.0   0.526  10.7 133.4  64.1 164.4  -48.7   47.7    1.3               
    5    5 A S        -     0   0  105      1,-0.1     2,-0.1     0, 0.0     0, 0.0   0.796   8.3-167.0-155.3 165.1  -49.3   44.8   -0.2               
    6    6 A E        +     0   0  176      0, 0.0     2,-0.2     0, 0.0    -1,-0.1  -0.412  18.0 179.3 -78.4 158.0  -49.0   41.0   -0.8               
    7    7 A R        +     0   0  232      1,-0.2     2,-0.0    -2,-0.1     0, 0.0  -0.527  28.0  49.1-177.1 136.3  -49.9   38.5   -3.6               
    8    8 A D        +     0   0  145     -2,-0.2     2,-0.3     1,-0.0    -1,-0.2   0.386  26.0 149.6-153.5 176.3  -49.9   35.4   -4.5               
    9    9 A S        +     0   0  117     -2,-0.0    -1,-0.0     2,-0.0     0, 0.0  -0.987  10.1 178.6-147.9 145.8  -50.8   31.7   -3.6               
   10   10 A S        -     0   0  124     -2,-0.3     2,-0.0     0, 0.0     0, 0.0  -0.981  22.0-127.8-154.6 155.0  -51.9   28.6   -5.6               
   11   11 A P        -     0   0  126      0, 0.0     2,-0.1     0, 0.0    -2,-0.0  -0.082  19.2 -55.2-120.3-172.2  -52.6   25.1   -4.4               
   12   12 A S        -     0   0  112      1,-0.1     2,-0.4    -2,-0.0     0, 0.0  -0.267  29.4-144.2 -62.0 141.0  -52.3   21.3   -4.3               
   13   13 A G        -     0   0   82     -2,-0.1     2,-0.4     2,-0.0    -1,-0.1  -0.871  18.5-168.9 -96.1 133.7  -52.9   18.6   -7.0               
   14   14 A R        +     0   0  255     -2,-0.4     2,-0.2     0, 0.0     0, 0.0  -0.980  14.5 159.8-117.6 140.6  -54.5   15.3   -6.0               
   15   15 A G        -     0   0   70     -2,-0.4    -2,-0.0     1,-0.1     0, 0.0  -0.540  22.2  -2.3 153.4 144.9  -54.8   12.1   -8.1               
   16   16 A S        -     0   0  128     -2,-0.2     2,-0.1     1,-0.1    -1,-0.1   0.776  25.6-176.7-148.8 161.8  -55.2    9.0   -8.3               
   17   17 A S        +     0   0  109      1,-0.1    -1,-0.1     0, 0.0     0, 0.0  -0.446  35.6  43.6 -95.5 169.2  -55.7    5.5   -6.6               
   18   18 A S        +     0   0  107     -2,-0.1    -1,-0.1     1,-0.0    -2,-0.0   0.960  26.9 116.6  71.9 115.8  -56.0    1.8   -7.6               
   19   19 A S        +     0   0  120      2,-0.0     2,-0.4     0, 0.0    -1,-0.0  -0.002  16.5 177.5-172.1 125.5  -55.2   -1.1   -9.2               
   20   20 A A        +     0   0  105     -2,-0.0     2,-0.3     0, 0.0     0, 0.0  -0.783  10.2 178.7 -87.2 140.0  -53.9   -4.5   -7.9               
   21   21 A K        -     0   0  215     -2,-0.4    -2,-0.0     0, 0.0     0, 0.0  -0.988  20.9-132.3-140.8 137.0  -53.3   -7.4  -10.3               
   22   22 A R        -     0   0  241     -2,-0.3     2,-0.0     1,-0.1     0, 0.0  -0.398  28.6-101.3 -77.0 157.1  -52.0  -10.9   -9.5               
   23   23 A P        -     0   0  125      0, 0.0     2,-0.3     0, 0.0    -1,-0.1  -0.253  30.4-167.8 -69.4 164.1  -49.2  -12.7  -11.3               
   24   24 A R        -     0   0  239      2,-0.0     2,-0.1    -2,-0.0     0, 0.0  -0.949  18.8-119.5-149.3 145.9  -49.6  -15.5  -13.9               
   25   25 A E        -     0   0  162     -2,-0.3     2,-0.2     2,-0.0     0, 0.0  -0.316  21.7-179.6 -71.3 156.0  -47.0  -17.9  -15.4               
   26   26 A R        -     0   0  247     -2,-0.1     2,-0.1     2,-0.0    -2,-0.0  -0.617  17.3-170.4-149.0 113.4  -45.7  -18.6  -18.8               
   27   27 A E        +     0   0  166     -2,-0.2     2,-0.2     2,-0.0    -2,-0.0  -0.438  15.9 170.7 -70.1 153.7  -43.0  -21.3  -19.0               
   28   28 A R        -     0   0  247     -2,-0.1     2,-0.2     2,-0.0    -2,-0.0  -0.608  19.1-163.9-156.5 128.2  -40.8  -22.3  -21.9               
   29   29 A E        +     0   0  187     -2,-0.2     2,-0.1     0, 0.0    -2,-0.0  -0.517  17.5 166.4 -85.8 155.1  -37.9  -24.7  -21.3               
   30   30 A A        -     0   0   91     -2,-0.2    -2,-0.0     0, 0.0     0, 0.0  -0.371  26.5-108.6-168.3 123.2  -34.8  -25.9  -23.0               
   31   31 A E        +     0   0  196     -2,-0.1     0, 0.0     0, 0.0     0, 0.0   0.662  37.9 115.0  17.9 151.4  -31.8  -27.9  -21.8               
   32   32 A A        +     0   0   95      0, 0.0     0, 0.0     0, 0.0     0, 0.0   0.621  41.8   2.9-154.1 152.7  -28.9  -28.9  -20.9               
   33   33 A G        +     0   0   84      0, 0.0     2,-0.1     0, 0.0     0, 0.0   0.707  37.6 114.5  79.0 131.3  -26.8  -30.3  -18.0               
   34   34 A G        -     0   0   75      0, 0.0     0, 0.0     0, 0.0     0, 0.0   0.418  19.3-148.5 113.6 139.0  -26.3  -31.5  -15.1               
   35   35 A R        -     0   0  222     -2,-0.1     0, 0.0     0, 0.0     0, 0.0   0.696  17.9 -58.5-158.7 153.7  -25.6  -33.4  -12.6               
   36   36 A R        +     0   0  235      0, 0.0     0, 0.0     0, 0.0     0, 0.0   0.654  32.4  86.2  63.4 157.0  -25.8  -34.7   -8.9               
   37   37 A A        +     0   0   85      1,-0.0     2,-0.0     0, 0.0     0, 0.0   0.783  26.0 146.4-146.7 136.8  -25.8  -35.4   -5.7               
   38   38 A A        +     0   0   82      0, 0.0    -1,-0.0     0, 0.0     2,-0.0   0.225   8.8 174.1  79.3 111.8  -27.8  -35.2   -3.0               
   39   39 A H        -     0   0  171     -2,-0.0     0, 0.0     2,-0.0     0, 0.0   0.145  19.8 -27.7 170.1 135.7  -29.0  -36.5    0.3               
   40   40 A K        +     0   0  198     -2,-0.0     0, 0.0     2,-0.0     0, 0.0   0.867  38.0  46.4  52.4 147.8  -31.1  -36.3    3.5               
   41   41 A A        -     0   0  101      1,-0.0     2,-0.3     0, 0.0    -2,-0.0   0.739  16.4-169.8-147.9-173.5  -32.8  -35.4    6.1               
   42   42 A S        +     0   0  120      2,-0.0    -1,-0.0     0, 0.0    -2,-0.0  -0.784  20.1 112.1-118.3 155.5  -35.6  -33.4    7.9               
   43   43 A G        +     0   0   84     -2,-0.3     0, 0.0     0, 0.0     0, 0.0   0.211  23.5   8.9  98.9 148.5  -37.1  -32.4   11.2               
   44   44 A G        +     0   0   82      1,-0.1     2,-0.2     0, 0.0    -2,-0.0   0.705   8.0 177.3-167.9 156.6  -38.1  -30.8   13.7               
   45   45 A A        +     0   0   97      0, 0.0     2,-0.2     0, 0.0    -1,-0.1  -0.614  13.9 153.2 -94.8 151.9  -38.9  -27.9   16.1               
   46   46 A K        -     0   0  211     -2,-0.2     0, 0.0     0, 0.0     0, 0.0  -0.911  35.6-102.5-163.6 167.9  -40.5  -27.2   19.5               
   47   47 A H        -     0   0  188     -2,-0.2     2,-0.2     1,-0.1     0, 0.0  -0.296  22.2-137.3 -93.4 164.5  -40.1  -24.6   22.3               
   48   48 A P        +     0   0  109      0, 0.0    -1,-0.1     0, 0.0     0, 0.0  -0.663  15.8 177.8-104.3 165.6  -38.5  -24.1   25.8               
   49   49 A V        -     0   0  143     -2,-0.2     2,-0.2     2,-0.0    -2,-0.0  -0.793  20.3-162.3-152.4 139.8  -39.1  -22.6   29.3               
   50   50 A P        -     0   0  121      0, 0.0     2,-0.3     0, 0.0     0, 0.0  -0.759   5.4-168.1-110.4 163.6  -36.5  -22.9   32.2               
   51   51 A A        -     0   0   92     -2,-0.2    -2,-0.0     1,-0.1     0, 0.0  -0.954  20.2 -37.0-152.6 140.4  -36.3  -22.6   36.0               
   52   52 A R        -     0   0  246     -2,-0.3    -1,-0.1     0, 0.0     0, 0.0   0.693  27.1-161.0  29.2 149.0  -34.1  -22.4   39.1               
   53   53 A A        +     0   0   85      0, 0.0    -2,-0.0     0, 0.0     0, 0.0   0.865   8.4 168.8-177.3-177.9  -31.7  -22.8   41.2               
   54   54 A R        +     0   0  222      0, 0.0     0, 0.0     0, 0.0     0, 0.0   0.753  26.0  44.1  85.1 134.7  -29.3  -23.1   44.3               
   55   55 A D        -     0   0  141      1,-0.0     0, 0.0     0, 0.0     0, 0.0   0.994  24.4-177.0  80.3 107.5  -26.3  -24.0   46.3               
   56   56 A K        +     0   0  201      1,-0.0    -1,-0.0     0, 0.0     0, 0.0  -0.296  11.7 122.5 -82.2-175.2  -22.5  -24.4   46.8               
   57   57 A P        -     0   0   97      0, 0.0    -1,-0.0     0, 0.0     0, 0.0   0.687  24.7 -44.4-142.6-166.7  -19.9  -25.3   48.5               
   58   58 A R        +     0   0  249      1,-0.1     2,-0.0     0, 0.0     0, 0.0   0.699  24.1 132.4  82.0 147.4  -16.6  -26.7   50.0               
   59   59 A G        -     0   0   70      0, 0.0     2,-0.1     0, 0.0    -1,-0.1   0.234  22.7-149.8 107.0 142.9  -14.2  -29.6   50.9               
   60   60 A S        +     0   0  123     -2,-0.0     2,-0.1     0, 0.0     0, 0.0  -0.092  18.1 141.3 158.8 128.8  -11.0  -30.5   50.8               
   61   61 A G        -     0   0   76     -2,-0.1     2,-0.1     2,-0.0     0, 0.0   0.011  16.3-151.8 113.6 128.7   -8.0  -33.1   50.5               
   62   62 A S        +     0   0  131     -2,-0.1     2,-0.0     0, 0.0     0, 0.0   0.370  23.0 127.4  99.5 139.7   -5.0  -34.0   49.4               
   63   63 A G        +     0   0   75     -2,-0.1    -2,-0.0     0, 0.0     2,-0.0   0.207  18.4 145.5  80.5 142.3   -2.8  -37.0   48.4               
   64   64 A G        +     0   0   87     -2,-0.0     2,-0.0     0, 0.0     0, 0.0   0.753   5.0 111.2 129.2 145.5   -0.8  -38.4   46.2               
   65   65 A G        +     0   0   83     -2,-0.0     2,-0.1     0, 0.0     0, 0.0   0.428   5.6 139.5 150.1 123.4    1.5  -40.1   44.5               
   66   66 A G        -     0   0   77     -2,-0.0     2,-0.1     0, 0.0     0, 0.0  -0.004  10.5-179.6 128.2 114.6    3.3  -42.8   42.3               
   67   67 A H        +     0   0  177     -2,-0.1     0, 0.0     0, 0.0     0, 0.0   0.155  15.8 134.4  94.5 131.8    5.6  -43.1   39.9               
   68   68 A R        -     0   0  210     -2,-0.1     0, 0.0     2,-0.0     0, 0.0   0.357  16.9 -15.4  83.8 154.4    7.2  -46.0   37.8               
   69   69 A D        +     0   0  142      0, 0.0     2,-0.0     0, 0.0     0, 0.0   0.749  19.3 103.3-165.9 165.9    8.4  -47.6   35.2               
   70   70 A G        -     0   0   64      0, 0.0     2,-0.0     0, 0.0    -2,-0.0   0.154  20.7-145.3 129.1 115.5    9.7  -49.4   31.8               
   71   71 A R        +     0   0  258     -2,-0.0     0, 0.0     2,-0.0     0, 0.0   0.416  11.8 164.2  68.9 131.0   12.0  -50.1   29.4               
   72   72 A G        +     0   0   59     -2,-0.0     0, 0.0     0, 0.0     0, 0.0   0.790  10.2 162.4-163.1 160.9   13.5  -50.8   26.7               
   73   73 A T        +     0   0  153      0, 0.0     2,-0.1     0, 0.0    -2,-0.0   0.571   9.0 168.3  64.4 122.3   16.1  -51.2   24.2               
   74   74 A G        +     0   0   84      0, 0.0     2,-0.2     0, 0.0     0, 0.0  -0.487  13.1 176.4 168.7 124.4   16.7  -52.9   20.8               
   75   75 A D        +     0   0  167      1,-0.1     0, 0.0    -2,-0.1     0, 0.0  -0.739  18.2  19.7-124.2 165.9   19.5  -52.7   18.1               
   76   76 A A        -     0   0   72     -2,-0.2    -1,-0.1     0, 0.0     0, 0.0   0.947  46.7 -66.2  60.1 118.0   21.1  -53.9   14.9               
   77   77 A N        +     0   0  145      0, 0.0    -2,-0.0     0, 0.0     0, 0.0   0.763  23.2 159.8  69.4 167.4   21.1  -55.5   11.5               
   78   78 A H        -     0   0  175      0, 0.0     2,-0.1     0, 0.0     0, 0.0   0.499  18.3-142.1  77.4 155.4   20.9  -58.6    9.1               
   79   79 A R        -     0   0  228      0, 0.0     0, 0.0     0, 0.0     0, 0.0  -0.482  13.2  -1.5-178.8 121.7   20.3  -59.6    6.0               
   80   80 A A        +     0   0   84     -2,-0.1     0, 0.0     0, 0.0     0, 0.0   0.728  32.6  67.6  75.7 150.2   19.4  -61.4    2.7               
   81   81 A S        +     0   0  103      0, 0.0     0, 0.0     0, 0.0     0, 0.0   0.996  29.0  53.0  78.9 120.1   17.8  -64.1    0.5               
   82   82 A S        +     0   0  126      0, 0.0     2,-0.0     0, 0.0     0, 0.0   0.756   9.2 146.9  65.6 148.4   15.2  -66.2   -1.2               
   83   83 A G        -     0   0   64      0, 0.0     0, 0.0     0, 0.0     0, 0.0   0.696   9.1-169.7 154.5 173.7   12.7  -67.3   -2.8               
   84   84 A R        -     0   0  247     -2,-0.0     0, 0.0     0, 0.0     0, 0.0   0.399   8.8-177.4  68.8 159.6   10.7  -69.7   -5.1               
   85   85 A S        -     0   0   99      0, 0.0     0, 0.0     0, 0.0     0, 0.0   0.729  13.6-111.8-171.3 177.1    8.2  -70.8   -7.0               
   86   86 A S        +     0   0  126      0, 0.0     0, 0.0     0, 0.0     0, 0.0   0.408  24.7  75.4  81.2 145.9    5.4  -72.5   -9.2               
   87   87 A G        -     0   0   62      0, 0.0     0, 0.0     0, 0.0     0, 0.0   0.579  28.6 -70.7 179.2 160.9    3.7  -72.9  -11.8               
   88   88 A S        +     0   0  136      0, 0.0     0, 0.0     0, 0.0     0, 0.0   0.520  33.3  51.2  64.4 147.9    2.1  -73.7  -15.2               
   89   89 A G        -     0   0   72      2,-0.0     0, 0.0     1,-0.0     0, 0.0   0.802  25.7-131.3-160.3 178.7    1.7  -73.4  -18.4               
   90   90 A A        -     0   0  110      1,-0.0    -1,-0.0     2,-0.0     0, 0.0  -0.123  22.5-166.5 -57.3 150.8    2.2  -73.1  -22.2               
   91   91 A G        +     0   0   85      0, 0.0    -1,-0.0     0, 0.0    -2,-0.0   0.936  10.0 153.8  94.6 148.2    1.5  -71.4  -25.1               
   92   92 A G        -     0   0   82      0, 0.0    -2,-0.0     0, 0.0     0, 0.0   0.421  24.1 -66.2 174.6 136.7    1.1  -70.3  -28.1               
   93   93 A G        +     0   0   88      1,-0.1     0, 0.0     0, 0.0     0, 0.0   0.102  30.4 145.8  76.0 177.0    0.4  -68.8  -31.6               
   94   94 A G        -     0   0   86      1,-0.0     2,-0.4     0, 0.0    -1,-0.1   0.513  27.8-135.9 116.7 116.1   -2.5  -68.9  -34.2               
   95   95 A R        -     0   0  258      1,-0.0    -1,-0.0     0, 0.0     0, 0.0  -0.789  35.5 -51.7 -92.0 139.2   -4.2  -66.6  -36.8               
   96   96 A G        +     0   0   85     -2,-0.4    -1,-0.0     1,-0.1     0, 0.0   0.556  28.7 177.6  78.5 167.3   -7.6  -65.6  -37.8               
   97   97 A G        -     0   0   82      0, 0.0    -1,-0.1     0, 0.0     0, 0.0   0.601  22.8-131.0 130.2  86.5  -11.1  -66.7  -39.0               
   98   98 A K        +     0   0  208      0, 0.0     0, 0.0     0, 0.0     0, 0.0   0.181  30.3  21.5 -12.3 141.6  -14.4  -64.9  -39.9               
   99   99 A A        +     0   0   89      2,-0.0     0, 0.0     0, 0.0     0, 0.0   0.725  39.8  27.2 104.9 143.5  -18.0  -64.9  -39.2               
  100  100 A S        +     0   0  128      1,-0.0     0, 0.0     0, 0.0     0, 0.0   0.949  25.2 136.5  61.4 128.1  -21.7  -65.1  -38.2               
  101  101 A G        +     0   0   81      0, 0.0    -1,-0.0     0, 0.0    -2,-0.0   0.108  23.2 161.3 161.3  84.8  -24.1  -65.4  -35.2               
  102  102 A D        +     0   0  159      0, 0.0     2,-0.0     0, 0.0     0, 0.0  -0.365   2.7 134.1 -75.7 176.1  -27.4  -63.5  -34.3               
  103  103 A P        +     0   0  123      0, 0.0     0, 0.0     0, 0.0     0, 0.0   0.339  20.3  49.5-146.7-176.8  -30.2  -63.4  -32.7               
  104  104 A G        -     0   0   65     -2,-0.0     0, 0.0     0, 0.0     0, 0.0   0.723  27.8-153.8 105.7 108.9  -32.9  -61.7  -30.5               
  105  105 A A        +     0   0  107      0, 0.0     0, 0.0     0, 0.0     0, 0.0   0.514  17.4 135.7  66.6 128.9  -35.2  -59.3  -29.7               
  106  106 A S        +     0   0  118      0, 0.0     0, 0.0     0, 0.0     0, 0.0   0.584  24.4   9.9-158.5 143.3  -37.1  -57.3  -28.2               
  107  107 A G        -     0   0   73      0, 0.0     0, 0.0     0, 0.0     0, 0.0   0.758  35.8 -22.9  80.0 150.6  -38.6  -53.9  -27.5               
  108  108 A M        -     0   0  186      0, 0.0     0, 0.0     0, 0.0     0, 0.0   0.603  35.0-101.6-147.8 135.0  -39.8  -50.9  -27.2               
  109  109 A S        +     0   0  117      0, 0.0     2,-0.0     0, 0.0     0, 0.0   0.676  25.9  72.6  19.0 157.7  -39.3  -47.2  -28.1               
  110  110 A P        -     0   0  120      0, 0.0     0, 0.0     0, 0.0     0, 0.0   0.641  42.3  -5.8-139.3-167.3  -38.7  -44.1  -28.1               
  111  111 A R        +     0   0  247      1,-0.2     2,-0.3     2,-0.0     0, 0.0   0.984  39.6 143.3  88.6  91.1  -36.9  -40.6  -28.2               
  112  112 A A        -     0   0  103      1,-0.1    -1,-0.2     0, 0.0     0, 0.0  -0.978  43.5 -81.5-146.5 159.2  -33.2  -39.6  -28.1               
  113  113 A S        -     0   0  111     -2,-0.3    -1,-0.1     1,-0.1    -2,-0.0   0.272  43.7 -87.6 -51.0 162.3  -30.8  -37.0  -29.7               
  114  114 A P        -     0   0  129      0, 0.0    -1,-0.1     0, 0.0     0, 0.0  -0.269  52.5 -96.8 -68.9 161.2  -28.9  -36.5  -33.0               
  115  115 A L        -     0   0  168      1,-0.1     0, 0.0    -2,-0.0     0, 0.0  -0.420  22.7-124.2 -85.2 151.2  -25.4  -37.9  -33.5               
  116  116 A P        -     0   0  109      0, 0.0    -1,-0.1     0, 0.0     0, 0.0  -0.557  39.4 -97.3 -80.3 157.1  -21.8  -36.3  -33.2               
  117  117 A P        -     0   0  119      0, 0.0     0, 0.0     0, 0.0     0, 0.0  -0.369  44.0-103.7 -71.8 155.4  -19.4  -36.5  -36.1               
  118  118 A P        -     0   0  117      0, 0.0     0, 0.0     0, 0.0     0, 0.0  -0.315  31.7-103.1 -79.2 160.7  -16.7  -39.3  -36.3               
  119  119 A P        -     0   0  114      0, 0.0     0, 0.0     0, 0.0     0, 0.0  -0.507  39.0-104.6 -76.2 151.0  -12.9  -39.0  -35.5               
  120  120 A P        -     0   0  119      0, 0.0     0, 0.0     0, 0.0     0, 0.0  -0.402  42.5-103.3 -71.4 153.2  -10.2  -38.9  -38.3               
  121  121 A P        -     0   0  122      0, 0.0     2,-0.3     0, 0.0     0, 0.0  -0.330  30.5-114.1 -80.1 159.0   -8.2  -42.1  -39.0               
  122  122 A P        +     0   0  130      0, 0.0     0, 0.0     0, 0.0     0, 0.0  -0.687  64.3  51.2 -88.9 145.7   -4.5  -42.8  -38.0               
  123  123 A G        +     0   0   81     -2,-0.3     2,-0.2     1,-0.2     0, 0.0   0.907  35.8 126.2 103.4  92.7   -1.4  -43.3  -40.2               
  124  124 A A        -     0   0   99      2,-0.0    -1,-0.2     0, 0.0     0, 0.0  -0.678  28.6-172.3-154.9 108.3    0.4  -41.6  -43.1               
  125  125 A E        -     0   0  200     -2,-0.2     2,-0.5     0, 0.0     0, 0.0  -0.865   8.7-167.2 -91.8 131.8    4.1  -40.8  -42.8               
  126  126 A P        -     0   0  120      0, 0.0     2,-0.1     0, 0.0    -2,-0.0  -0.982  15.8-158.7-101.2 122.1    6.1  -38.7  -45.3               
  127  127 A A        +     0   0   90     -2,-0.5     0, 0.0     2,-0.0     0, 0.0  -0.185  38.9 104.3 -74.2-174.2    9.8  -39.1  -44.7               
  128  128 A C        -     0   0  127     -2,-0.1     2,-0.2     0, 0.0     0, 0.0   0.108  49.6-123.6  91.8 149.3   12.5  -36.5  -45.9               
  129  129 A P        +     0   0  131      0, 0.0    -2,-0.0     0, 0.0     2,-0.0  -0.559  34.4 100.2-129.5 166.4   14.4  -33.9  -44.0               
  130  130 A G        +     0   0   69     -2,-0.2     0, 0.0     0, 0.0     0, 0.0   0.036  54.4  20.9 131.6 142.0   15.9  -30.7  -42.7               
  131  131 A S        -     0   0  120      1,-0.2     2,-1.0    -2,-0.0     0, 0.0   0.948  43.4-152.9  56.7  75.3   16.1  -27.7  -40.3               
  132  132 A S        -     0   0  116      1,-0.1     2,-0.5     3,-0.0    -1,-0.2  -0.617  27.9-128.1 -61.9 104.3   14.4  -28.1  -36.9               
  133  133 A A        -     0   0   96     -2,-1.0     2,-0.4     1,-0.1    -1,-0.1  -0.451  33.8-118.5 -59.3 106.6   13.6  -24.4  -36.2               
  134  134 A A        -     0   0   82     -2,-0.5    -1,-0.1     1,-0.1     3,-0.1  -0.363  15.8-138.7 -67.5 115.0   15.1  -24.2  -32.7               
  135  135 A A        -     0   0   66     -2,-0.4     2,-0.2     1,-0.1    -1,-0.1  -0.423  50.6 -79.6 -57.4 142.3   12.7  -23.3  -29.9               
  136  136 A P        -     0   0   54      0, 0.0     2,-0.2     0, 0.0    -1,-0.1  -0.275  53.8-130.8 -60.4 112.3   14.6  -20.9  -27.5               
  137  137 A E        +     0   0  122     -2,-0.2    82,-0.4    -3,-0.1     2,-0.4  -0.420  30.1 175.3 -68.1 132.0   16.9  -23.0  -25.3               
  138  138 A Y        +     0   0   16     52,-0.2    55,-0.2    -2,-0.2    80,-0.2  -1.000  18.4 178.3-130.7 137.4   16.9  -22.5  -21.6               
  139  139 A K        +     0   0   87     78,-0.5    48,-3.3    -2,-0.4     2,-0.4   0.427  68.5  69.6-106.7  -5.6   18.8  -24.7  -19.1               
  140  140 A T  E     -AB 217 186A   9     77,-0.8    77,-2.9    46,-0.2     2,-0.4  -0.939  59.5-162.4-122.5 135.8   17.7  -22.7  -16.0               
  141  141 A L  E     -AB 216 185A   0     44,-2.6    44,-2.9    -2,-0.4     2,-0.5  -0.960  12.2-145.3-110.9 134.8   14.3  -22.4  -14.3               
  142  142 A L  E     -AB 215 184A  22     73,-3.0    73,-2.7    -2,-0.4     2,-0.5  -0.876  14.6-161.2 -92.3 127.8   13.4  -19.5  -11.8               
  143  143 A I  E     +AB 214 183A   0     40,-2.9    40,-2.4    -2,-0.5    71,-0.2  -0.962  16.2 170.9-115.3 118.7   11.1  -20.7   -9.0               
  144  144 A S  E     +A  213   0A   4     69,-2.7    69,-1.7    -2,-0.5    38,-0.1  -0.554  47.6  62.7-119.3 179.9    9.2  -18.0   -7.1               
  145  145 A S        +     0   0   56     34,-0.5    -1,-0.1     1,-0.2    37,-0.1   0.514  66.8 162.1  71.3  13.6    6.4  -17.9   -4.4               
  146  146 A L        -     0   0   10     35,-0.7    35,-0.3    -3,-0.2    -1,-0.2  -0.296  46.2-108.2 -61.1 138.8    8.6  -19.7   -1.9               
  147  147 A S    >   -     0   0   23     60,-0.2     3,-1.0     1,-0.1    -1,-0.1  -0.551  19.9-155.0 -70.4 125.0    7.5  -19.5    1.8               
  148  148 A P  T 3  S+     0   0   87      0, 0.0    -1,-0.1     0, 0.0    -2,-0.1   0.698  87.5  71.3 -72.3 -18.2    9.9  -17.2    3.8               
  149  149 A A  T 3  S+     0   0   93      2,-0.0    -2,-0.0    -3,-0.0    -3,-0.0   0.520  84.5  83.0 -77.5 -10.1    8.9  -19.0    7.1               
  150  150 A L  S <  S-     0   0   32     -3,-1.0     5,-0.0     1,-0.1     3,-0.0  -0.642  88.9-100.0 -89.0 153.9   10.8  -22.2    6.1               
  151  151 A P     >  -     0   0   59      0, 0.0     4,-0.8     0, 0.0    -1,-0.1  -0.243  29.1-120.9 -56.5 156.8   14.6  -22.9    6.6               
  152  152 A A  H >> S+     0   0   52      2,-0.2     4,-2.2     1,-0.1     3,-1.4   0.984 112.3  53.1 -64.5 -53.5   16.8  -22.5    3.5               
  153  153 A E  H 3> S+     0   0  135      1,-0.3     4,-3.0     2,-0.2     5,-0.3   0.889 105.9  52.8 -45.4 -52.8   17.9  -26.2    3.7               
  154  154 A H  H 3> S+     0   0   93      1,-0.2     4,-1.0     2,-0.2    -1,-0.3   0.719 111.2  47.2 -64.1 -25.5   14.3  -27.6    3.8               
  155  155 A L  H <X S+     0   0    0     -3,-1.4     4,-2.3    -4,-0.8    -1,-0.2   0.860 113.1  48.3 -79.3 -40.2   13.5  -25.6    0.6               
  156  156 A E  H  X S+     0   0   73     -4,-2.2     4,-3.1     2,-0.2    -2,-0.2   0.968 113.5  47.0 -63.9 -49.4   16.7  -26.8   -1.2               
  157  157 A D  H  X S+     0   0   92     -4,-3.0     4,-2.6     1,-0.2     5,-0.2   0.887 115.5  45.5 -57.7 -46.1   16.0  -30.5   -0.3               
  158  158 A R  H  X S+     0   0  152     -4,-1.0     4,-1.8    -5,-0.3    -1,-0.2   0.920 116.9  43.1 -67.5 -45.4   12.3  -30.3   -1.3               
  159  159 A L  H  X S+     0   0    2     -4,-2.3     4,-2.3     2,-0.2     5,-0.3   0.898 114.0  52.4 -68.9 -38.2   13.0  -28.5   -4.6               
  160  160 A F  H  X S+     0   0   73     -4,-3.1     4,-2.7    -5,-0.2     5,-0.2   0.966 112.2  44.5 -61.5 -50.8   16.0  -30.8   -5.3               
  161  161 A H  H  < S+     0   0  133     -4,-2.6     4,-0.3     1,-0.2    -1,-0.2   0.852 115.3  50.2 -61.1 -34.5   13.9  -34.0   -4.8               
  162  162 A Q  H  < S+     0   0   59     -4,-1.8    -1,-0.2    -5,-0.2    -2,-0.2   0.883 120.7  31.6 -71.0 -39.7   11.1  -32.4   -6.9               
  163  163 A F  H >< S+     0   0    0     -4,-2.3     3,-1.9     1,-0.2     4,-0.4   0.725  99.3  76.8-100.0 -20.3   13.2  -31.4   -9.9               
  164  164 A K  G >< S+     0   0  126     -4,-2.7     3,-0.6    -5,-0.3    -1,-0.2   0.674  81.6  77.7 -59.4 -16.9   16.0  -34.2   -9.9               
  165  165 A R  G 3  S+     0   0  182     -4,-0.3    -1,-0.3     1,-0.2    -2,-0.1   0.622  94.6  45.3 -67.3 -17.9   13.2  -36.4  -11.5               
  166  166 A F  G <  S-     0   0   34     -3,-1.9     2,-0.3     1,-0.3    -1,-0.2   0.505 127.7 -57.8-102.1 -12.4   13.7  -34.7  -14.9               
  167  167 A G  S <  S-     0   0   22     -3,-0.6     2,-0.3    -4,-0.4    -1,-0.3  -0.949  80.5 -30.8 159.3-177.7   17.6  -34.8  -15.0               
  168  168 A E        -     0   0  113     -2,-0.3    20,-2.2    -3,-0.1     2,-0.3  -0.569  65.3-172.5 -69.0 127.6   20.8  -33.7  -13.3               
  169  169 A I  E     -C  187   0A  18     -2,-0.3     2,-0.4    18,-0.2    18,-0.2  -0.924  28.6-158.7-127.7 149.8   20.3  -30.4  -11.5               
  170  170 A S  E     -C  186   0A  82     16,-2.7    16,-2.6    -2,-0.3     2,-0.2  -0.971  24.4-162.9-121.6 111.8   22.2  -27.7   -9.6               
  171  171 A L  E     -C  185   0A  30     -2,-0.4     2,-0.3    14,-0.2    14,-0.2  -0.643  11.0-178.0 -91.6 147.6   20.0  -25.6   -7.3               
  172  172 A R  E     -C  184   0A 186     12,-1.9    12,-2.8    -2,-0.2     2,-0.1  -0.874  14.9-148.9-141.4 120.3   20.7  -22.2   -5.7               
  173  173 A L  E     +C  183   0A  37     -2,-0.3     2,-0.3    10,-0.2    10,-0.2  -0.473  27.7 165.6 -68.5 152.5   18.5  -20.3   -3.3               
  174  174 A S  E     -C  182   0A  43      8,-2.4     8,-2.3    -2,-0.1     2,-0.4  -0.956  33.9-119.9-154.9 172.1   18.7  -16.4   -3.5               
  175  175 A H  E     -C  181   0A 147     -2,-0.3     6,-0.2     6,-0.2     8,-0.0  -0.992  23.0-174.3-123.0 125.2   16.9  -13.3   -2.4               
  176  176 A T  E >>  -C  180   0A  36      4,-2.9     4,-2.4    -2,-0.4     3,-0.6  -0.980  26.6-136.4-117.9 129.1   15.6  -10.8   -4.9               
  177  177 A P  T 34 S+     0   0  125      0, 0.0    -1,-0.1     0, 0.0     4,-0.1   0.709 105.2  46.0 -61.9 -19.5   14.0   -7.4   -3.7               
  178  178 A E  T 34 S+     0   0  175      2,-0.1    -3,-0.0     1,-0.1     0, 0.0   0.792 126.7  23.9 -88.8 -33.6   11.1   -7.8   -6.2               
  179  179 A L  T <4 S-     0   0   80     -3,-0.6   -34,-0.5     1,-0.3     2,-0.3   0.435  93.0-140.6-115.1  -6.3   10.2  -11.5   -5.7               
  180  180 A G  E  < S+ C   0 176A  26     -4,-2.4    -4,-2.9   -36,-0.1     2,-0.5  -0.622  71.8   8.5  75.6-134.9   11.5  -12.2   -2.1               
  181  181 A R  E    S+ C   0 175A  67    -35,-0.3   -35,-0.7    -2,-0.3     2,-0.3  -0.742  79.1 169.6 -81.3 126.1   13.1  -15.7   -1.7               
  182  182 A V  E     - C   0 174A   0     -8,-2.3    -8,-2.4    -2,-0.5     2,-0.4  -0.935  24.7-139.7-134.6 154.5   13.6  -17.5   -5.1               
  183  183 A A  E     -BC 143 173A   0    -40,-2.4   -40,-2.9    -2,-0.3     2,-0.5  -0.957   4.6-151.3-114.5 137.8   15.4  -20.6   -6.3               
  184  184 A Y  E     -BC 142 172A  80    -12,-2.8   -12,-1.9    -2,-0.4     2,-0.6  -0.940  12.7-165.6 -99.4 122.9   17.4  -21.0   -9.6               
  185  185 A V  E     -BC 141 171A   0    -44,-2.9   -44,-2.6    -2,-0.5     2,-0.5  -0.947   3.6-164.5-110.9 109.3   17.3  -24.7  -10.8               
  186  186 A N  E     -BC 140 170A  53    -16,-2.6   -16,-2.7    -2,-0.6     2,-0.3  -0.878   5.2-157.8 -96.2 123.2   20.0  -25.3  -13.5               
  187  187 A F  E     - C   0 169A   9    -48,-3.3   -18,-0.2    -2,-0.5   -23,-0.0  -0.698  21.5-131.0 -95.4 150.4   19.6  -28.5  -15.6               
  188  188 A R  S    S+     0   0  148    -20,-2.2    -1,-0.1    -2,-0.3   -19,-0.1   0.905  95.1  35.3 -66.0 -39.3   22.4  -30.3  -17.5               
  189  189 A H  S  > S-     0   0   87    -21,-0.2     4,-1.3   -50,-0.1    -2,-0.1  -0.843  75.2-132.7-117.8 150.7   20.2  -30.5  -20.7               
  190  190 A P  H  > S+     0   0   19      0, 0.0     4,-1.0     0, 0.0   -52,-0.2   0.640 107.2  60.6 -77.1 -14.1   17.6  -28.1  -22.1               
  191  191 A Q  H >> S+     0   0   82      2,-0.2     4,-2.5     3,-0.1     3,-0.7   0.968 102.3  50.9 -70.0 -53.0   15.1  -31.0  -22.7               
  192  192 A D  H 3> S+     0   0   20      1,-0.3     4,-2.9     2,-0.2     5,-0.2   0.868 110.6  50.2 -48.8 -45.3   15.1  -31.8  -18.9               
  193  193 A A  H 3X S+     0   0    0     -4,-1.3     4,-1.5     2,-0.2    -1,-0.3   0.825 110.4  49.3 -67.6 -34.1   14.4  -28.0  -18.2               
  194  194 A R  H <X S+     0   0   80     -4,-1.0     4,-2.5    -3,-0.7    -2,-0.2   0.951 115.0  43.7 -68.7 -46.9   11.5  -28.0  -20.8               
  195  195 A E  H  X S+     0   0   84     -4,-2.5     4,-3.0     2,-0.2     5,-0.3   0.928 111.9  53.3 -65.3 -45.0    9.9  -31.2  -19.2               
  196  196 A A  H  X S+     0   0    0     -4,-2.9     4,-1.9    -5,-0.2    -1,-0.2   0.889 113.1  44.4 -54.5 -43.9   10.4  -29.9  -15.7               
  197  197 A R  H  X S+     0   0   72     -4,-1.5     4,-2.4     2,-0.2    -2,-0.2   0.916 112.9  50.1 -69.5 -44.6    8.6  -26.7  -16.6               
  198  198 A Q  H  X S+     0   0  131     -4,-2.5     4,-2.9     1,-0.2    -2,-0.2   0.950 114.5  44.7 -59.9 -47.3    5.7  -28.5  -18.5               
  199  199 A H  H  X S+     0   0   34     -4,-3.0     4,-1.6     2,-0.2    -1,-0.2   0.872 111.9  53.2 -63.1 -39.8    5.2  -30.9  -15.5               
  200  200 A A  H  <>S+     0   0    5     -4,-1.9     5,-1.4    -5,-0.3     4,-0.4   0.913 115.2  40.2 -63.1 -41.8    5.4  -27.9  -13.0               
  201  201 A L  H ><5S+     0   0  101     -4,-2.4     3,-1.0     2,-0.2    -2,-0.2   0.931 114.4  52.0 -70.3 -46.8    2.7  -26.0  -14.9               
  202  202 A A  H 3<5S+     0   0   87     -4,-2.9    -2,-0.2     1,-0.2    -1,-0.2   0.737 120.0  34.5 -65.6 -26.7    0.5  -29.1  -15.6               
  203  203 A R  T 3<5S-     0   0  171     -4,-1.6     3,-0.3    -5,-0.2    -1,-0.2   0.339  96.9-133.5-107.4   2.5    0.4  -30.1  -11.9               
  204  204 A Q  T < 5 -     0   0  145     -3,-1.0    -3,-0.2    -4,-0.4    -4,-0.1   0.892  32.5-132.0  41.4  54.4    0.5  -26.6  -10.3               
  205  205 A L      < -     0   0   21     -5,-1.4     7,-2.9    -6,-0.2     2,-0.3  -0.088  21.5-153.2 -49.3 114.0    3.2  -27.8   -7.9               
  206  206 A L  B     -D  211   0B 115     -3,-0.3     2,-0.4     5,-0.2    -1,-0.1  -0.698  13.0-170.9 -89.0 138.0    2.3  -26.8   -4.3               
  207  207 A L  S    S-     0   0   22      3,-2.7   -60,-0.2    -2,-0.3     3,-0.2  -0.905  80.4 -21.4-130.7 100.4    5.0  -26.3   -1.7               
  208  208 A Y  S    S-     0   0  107     -2,-0.4    -1,-0.1     1,-0.2     0, 0.0   0.989 129.4 -46.7  53.2  65.3    3.4  -25.9    1.8               
  209  209 A D  S    S+     0   0  156      1,-0.1    -1,-0.2    -3,-0.1    -3,-0.0   0.603 119.2 105.8  56.4  22.4   -0.0  -24.9    0.5               
  210  210 A R  S    S-     0   0  130     -3,-0.2    -3,-2.7   -63,-0.0     2,-0.3  -0.995  71.0-125.3-124.4 127.7    1.4  -22.3   -2.0               
  211  211 A P  B     -D  206   0B  76      0, 0.0     2,-0.3     0, 0.0    -5,-0.2  -0.526  28.9-125.3 -68.5 130.5    1.6  -22.9   -5.8               
  212  212 A L        -     0   0   20     -7,-2.9     2,-0.7    -2,-0.3   -67,-0.2  -0.610  11.9-140.4 -74.5 133.0    5.2  -22.5   -7.2               
  213  213 A K  E     -A  144   0A  96    -69,-1.7   -69,-2.7    -2,-0.3     2,-0.5  -0.879  22.8-169.3 -96.7 113.3    5.6  -20.0  -10.0               
  214  214 A V  E     +A  143   0A   9     -2,-0.7   -71,-0.2   -71,-0.2   -13,-0.0  -0.932   9.1 173.2-115.5 116.6    8.2  -21.6  -12.5               
  215  215 A E  E     -A  142   0A  70    -73,-2.7   -73,-3.0    -2,-0.5     2,-0.3  -0.895  32.2-109.7-126.8 146.5    9.7  -19.5  -15.3               
  216  216 A P  E     -A  141   0A  24      0, 0.0     2,-0.7     0, 0.0   -75,-0.2  -0.591  20.3-150.9 -77.3 137.6   12.4  -20.1  -17.9               
  217  217 A V  E     -A  140   0A  43    -77,-2.9   -77,-0.8    -2,-0.3     2,-0.5  -0.913  13.2-152.4-108.0 104.0   15.7  -18.2  -17.6               
  218  218 A Y        -     0   0  120     -2,-0.7     2,-0.6   -80,-0.2   -80,-0.2  -0.658  11.3-135.3 -77.0 121.3   17.2  -17.7  -21.1               
  219  219 A L        -     0   0  126     -2,-0.5     2,-1.0   -82,-0.4   -82,-0.1  -0.697  19.1-124.7 -78.7 120.8   21.0  -17.4  -21.1               
  220  220 A R        -     0   0  257     -2,-0.6     2,-0.1     1,-0.0    -1,-0.1  -0.544  41.1-158.9 -67.9  97.8   22.1  -14.5  -23.4               
  221  221 A G        +     0   0   71     -2,-1.0    -1,-0.0     1,-0.1    -3,-0.0  -0.349  39.0  45.0 -78.6 159.1   24.5  -16.4  -25.7               
  222  222 A G        +     0   0   90     -2,-0.1    -1,-0.1     1,-0.0     2,-0.1   0.992  61.2  94.0  87.0  79.6   27.4  -15.5  -27.9               
  223  223 A G        -     0   0   80      1,-0.0    -1,-0.0     0, 0.0     0, 0.0  -0.209  65.8 -11.3 170.0 111.4   30.4  -13.1  -27.3               
  224  224 A G        -     0   0   83      1,-0.1     2,-0.5    -2,-0.1    -1,-0.0   0.947  46.5-138.9  82.4 102.9   34.0  -13.1  -26.1               
  225  225 A S        +     0   0  122      2,-0.0     2,-0.3     0, 0.0    -1,-0.1  -0.771  33.4 147.0 -82.2 125.1   36.2  -15.9  -24.4               
  226  226 A S        -     0   0  111     -2,-0.5     0, 0.0     0, 0.0     0, 0.0  -0.870  37.5 -96.6-155.0 148.6   38.5  -15.1  -21.6               
  227  227 A R        -     0   0  222     -2,-0.3     2,-0.0     1,-0.1    -2,-0.0  -0.139  15.6-119.5 -63.9 136.8   39.6  -17.2  -18.6               
  228  228 A R        +     0   0  238      2,-0.0    -1,-0.1     0, 0.0     0, 0.0   0.458  33.4 149.2  52.7 138.3   39.1  -17.9  -15.2               
  229  229 A S        -     0   0  108     -2,-0.0     2,-0.2     1,-0.0     0, 0.0   0.563  19.5-168.4  92.6 116.2   41.5  -17.7  -12.2               
  230  230 A S        +     0   0  118      2,-0.0     2,-0.3     0, 0.0    -2,-0.0  -0.841  28.4 136.0  78.2  58.9   41.3  -17.0   -9.0               
  231  231 A S        -     0   0  120     -2,-0.2     2,-0.2     0, 0.0     0, 0.0  -0.936  33.0-137.2-156.8 157.2   44.4  -16.4   -6.9               
  232  232 A S        +     0   0  102     -2,-0.3    -2,-0.0     0, 0.0     0, 0.0  -0.570  41.0  27.1 -95.5 168.0   45.4  -13.9   -4.1               
  233  233 A S        +     0   0  111     -2,-0.2     0, 0.0     2,-0.0     0, 0.0   0.626  42.7 102.2  78.5 151.5   48.4  -11.7   -3.1               
  234  234 A A        +     0   0  100      0, 0.0     0, 0.0     0, 0.0     0, 0.0   0.680  33.4  26.4  65.5 146.4   51.6   -9.7   -3.9               
  235  235 A A        -     0   0   97      1,-0.0    -2,-0.0     0, 0.0     0, 0.0   0.787  21.0-144.2-158.7 172.7   53.0   -6.9   -4.4               
  236  236 A A        +     0   0   93      0, 0.0     2,-0.2     0, 0.0    -1,-0.0   0.098  18.0 146.5 -41.6 147.8   54.3   -3.2   -4.5               
  237  237 A S        -     0   0  124      2,-0.0     0, 0.0     0, 0.0     0, 0.0  -0.521  30.3-132.4-168.8 155.2   55.7   -0.6   -6.5               
  238  238 A T        -     0   0  135     -2,-0.2     0, 0.0     1,-0.1     0, 0.0  -0.338  10.3-146.3 -81.4 155.9   55.3    3.3   -6.6               
  239  239 A P        -     0   0  116      0, 0.0    -1,-0.1     0, 0.0    -2,-0.0  -0.482   2.8-152.0 -91.2 173.8   54.8    6.0   -9.3               
  240  240 A P        -     0   0  124      0, 0.0     2,-0.2     0, 0.0     0, 0.0  -0.953  17.3-137.0-136.1 167.5   55.8    9.5   -9.7               
  241  241 A P        +     0   0  132      0, 0.0     0, 0.0     0, 0.0     0, 0.0  -0.652  20.2 173.8-110.6 165.7   54.0   12.4  -11.7               
  242  242 A G        -     0   0   72     -2,-0.2     0, 0.0     0, 0.0     0, 0.0  -0.926  21.5-137.1-169.0 151.6   54.6   15.3  -14.2               
  243  243 A P        -     0   0  128      0, 0.0     2,-0.2     0, 0.0     0, 0.0   0.003  16.9 -62.6-128.3-154.1   52.2   17.7  -16.1               
  244  244 A P        +     0   0  127      0, 0.0     0, 0.0     0, 0.0     0, 0.0  -0.500  21.7 155.8-129.4 161.7   51.2   19.6  -19.3               
  245  245 A A        -     0   0   99     -2,-0.2     2,-0.1     2,-0.0     0, 0.0  -0.954  21.0-159.1-159.6 156.4   51.1   22.0  -22.4               
  246  246 A P        +     0   0  126      0, 0.0     0, 0.0     0, 0.0     0, 0.0  -0.452  18.4 129.7-118.1-164.6   49.4   22.1  -25.9               
  247  247 A A        +     0   0   90     -2,-0.1    -2,-0.0     0, 0.0     0, 0.0   0.325  26.5  33.2  81.0 147.7   49.6   23.7  -29.5               
  248  248 A D        -     0   0  157      1,-0.0     2,-0.1     0, 0.0     0, 0.0   0.834  25.4-165.2-150.3 171.6   49.7   23.6  -32.7               
  249  249 A P        +     0   0   98      0, 0.0    -1,-0.0     0, 0.0     0, 0.0  -0.398  38.9  62.4-100.5 177.8   48.6   22.1  -36.2               
  250  250 A L        +     0   0  177     -2,-0.1     0, 0.0     1,-0.1     0, 0.0   0.731  33.4 139.5  84.9 126.4   49.4   21.9  -40.0               
  251  251 A G        -     0   0   74      0, 0.0    -1,-0.1     0, 0.0     0, 0.0   0.000  47.0 -60.1 164.4  90.7   52.3   20.8  -42.2               
  252  252 A Y        -     0   0  236      2,-0.0    -2,-0.0     0, 0.0     0, 0.0   0.948  39.1-115.3  53.8 120.2   52.6   18.9  -45.5               
  253  253 A L        -     0   0  159      1,-0.1     0, 0.0     0, 0.0     0, 0.0  -0.135  31.6 -22.2 -70.8-172.0   51.8   15.6  -47.3               
  254  254 A P        -     0   0  108      0, 0.0     2,-0.3     0, 0.0    -1,-0.1   0.838   5.8-149.4-134.9-176.0   53.0   12.8  -48.8               
  255  255 A L        -     0   0  180      2,-0.1     0, 0.0     0, 0.0     0, 0.0  -0.953  43.7-110.8-152.5 144.3   54.7    9.8  -50.6               
  256  256 A H        +     0   0  187     -2,-0.3     2,-0.0     0, 0.0     0, 0.0   0.016  31.1 156.1 -70.3 158.5   53.2    7.0  -52.7               
  257  257 A G        +     0   0   80      2,-0.0    -2,-0.1     0, 0.0     0, 0.0   0.057  25.6 125.2 142.7 129.0   52.3    3.3  -53.2               
  258  258 A G        -     0   0   59     -2,-0.0     0, 0.0     0, 0.0     0, 0.0   0.767  34.4-150.6 173.3 169.9   50.2    1.5  -54.8               
  259  259 A Y        +     0   0  220      0, 0.0    -2,-0.0     0, 0.0     0, 0.0   0.647  45.5  39.2  68.3 143.5   48.0   -0.9  -57.0               
  260  260 A Q        +     0   0  147      1,-0.2     2,-0.1     2,-0.0     0, 0.0   0.755  33.4 167.6-144.8 144.7   45.0   -1.1  -58.8               
  261  261 A Y        -     0   0  170      1,-0.0    -1,-0.2     2,-0.0     0, 0.0   0.286   6.7-146.4  77.4 133.1   42.5    0.2  -60.9               
  262  262 A K        +     0   0  140     -2,-0.1    -2,-0.0     0, 0.0    -1,-0.0   0.695   7.4 176.2-170.4 167.4   39.8    0.2  -63.0               
  263  263 A Q        +     0   0  142      1,-0.1     2,-0.1     0, 0.0    -2,-0.0   0.998  18.6 127.9  94.0 112.0   37.2    0.9  -65.6               
  264  264 A R        +     0   0  231      0, 0.0    -1,-0.1     0, 0.0     2,-0.0  -0.266  41.0 158.2 172.5 152.1   34.2    0.8  -67.8               
  265  265 A S        +     0   0   83     -2,-0.1     0, 0.0     2,-0.0     0, 0.0   0.357  32.4 153.9-174.3 156.2   32.0    3.2  -68.7               
  266  266 A L        -     0   0  155     -2,-0.0     0, 0.0     0, 0.0     0, 0.0   0.967  25.6-143.7  84.3  92.6   29.3    5.8  -70.1               
  267  267 A S        +     0   0   98      1,-0.0    -2,-0.0     0, 0.0     0, 0.0   0.383  12.3 166.9  17.7 164.2   27.0    8.4  -69.2               
  268  268 A P        -     0   0  108      0, 0.0    -1,-0.0     0, 0.0     0, 0.0   0.677  12.3-156.9-148.7 176.1   24.4   10.2  -69.3               
  269  269 A V        +     0   0  139      1,-0.0     0, 0.0     0, 0.0     0, 0.0   0.714  24.9 100.2  74.5 156.0   21.5   12.7  -68.6               
  270  270 A A        +     0   0   97      0, 0.0    -1,-0.0     0, 0.0     0, 0.0   0.543  17.5 175.8  91.4 141.1   17.9   14.1  -69.0               
  271  271 A A        -     0   0   88      2,-0.0     0, 0.0     0, 0.0     0, 0.0  -0.606  14.4-149.1-114.5-178.9   14.4   14.3  -67.4               
  272  272 A P        +     0   0  126      0, 0.0     2,-0.2     0, 0.0     0, 0.0  -0.599  17.2 176.2-145.8 162.5   11.3   15.8  -67.9               
  273  273 A P        +     0   0  107      0, 0.0    -2,-0.0     0, 0.0     0, 0.0  -0.694  16.8  92.9-111.1 177.2    8.6   17.0  -65.3               
  274  274 A L        -     0   0  145     -2,-0.2     0, 0.0     0, 0.0     0, 0.0   0.758  34.9 -11.3 104.4 123.7    5.1   18.8  -65.1               
  275  275 A R        -     0   0  223      0, 0.0     0, 0.0     0, 0.0     0, 0.0   0.964  21.3-123.2  66.6 112.6    1.4   19.1  -64.9               
  276  276 A E        +     0   0  161      0, 0.0     2,-0.1     0, 0.0     0, 0.0   0.229  14.8 160.9  21.8 132.7   -2.1   18.4  -64.9               
  277  277 A P        -     0   0   95      0, 0.0     0, 0.0     0, 0.0     0, 0.0   0.030  29.1  -5.7-150.4-172.5   -5.1   19.0  -65.9               
  278  278 A R        -     0   0  227     -2,-0.1     2,-0.0     0, 0.0     0, 0.0   0.946  31.3-135.4  88.9 114.3   -8.7   18.1  -66.5               
  279  279 A A        -     0   0   93      0, 0.0     2,-0.2     0, 0.0     0, 0.0  -0.196  17.3-179.2 -54.9 153.2  -11.4   15.4  -66.2               
  280  280 A R        -     0   0  228      1,-0.0     0, 0.0    -2,-0.0     0, 0.0  -0.775  23.7 -58.7-155.6 140.8  -14.1   14.2  -68.5               
  281  281 A H        -     0   0  177     -2,-0.2    -1,-0.0     0, 0.0     0, 0.0   0.569  33.2-174.5  22.6 149.2  -16.9   11.7  -68.5               
  282  282 A A        +     0   0   80      0, 0.0     0, 0.0     0, 0.0     0, 0.0   0.791  14.8 174.6-177.8 167.8  -18.4    8.9  -68.4               
  283  283 A A        +     0   0  105      0, 0.0     0, 0.0     0, 0.0     0, 0.0   0.310  18.5 120.8  64.5 163.6  -20.4    5.6  -68.2               
  284  284 A A        +     0   0   97      0, 0.0     2,-0.0     0, 0.0     0, 0.0   0.846  30.4 140.0-149.7 170.8  -21.2    2.5  -68.0               
  285  285 A A        +     0   0   66      0, 0.0     0, 0.0     0, 0.0     0, 0.0   0.671  11.5 152.8 171.6 166.0  -23.2    0.6  -66.1               
  286  286 A F        +     0   0  207     -2,-0.0     0, 0.0     0, 0.0     0, 0.0   0.558  18.8  49.6  68.7 147.2  -25.7   -2.1  -64.9               
  287  287 A A        +     0   0   78      0, 0.0     0, 0.0     0, 0.0     0, 0.0   0.833  40.1   2.9-161.1 179.2  -27.1   -4.1  -62.8               
  288  288 A L        +     0   0  166      2,-0.0     2,-0.1     0, 0.0     3,-0.0   0.927  32.7 150.8  69.8 102.9  -28.7   -6.2  -60.0               
  289  289 A D        +     0   0  154      0, 0.0     0, 0.0     0, 0.0     0, 0.0   0.235  31.3  82.0  76.7 142.1  -29.7   -5.3  -57.0               
  290  290 A A        +     0   0   85     -2,-0.1     2,-0.3     1,-0.1    -2,-0.0   0.801  46.7 110.8  55.1  73.9  -32.5   -6.6  -54.8               
  291  291 A A        +     0   0   97     -3,-0.0    -1,-0.1     1,-0.0     3,-0.1  -0.975  63.5  15.1-149.9 157.5  -32.3   -9.7  -52.6               
  292  292 A A        +     0   0   93     -2,-0.3     2,-1.9     1,-0.2     3,-0.2   0.666  45.6 149.7  64.6  37.1  -32.2  -10.6  -48.8               
  293  293 A A        +     0   0  115      1,-0.2    -1,-0.2     0, 0.0    -3,-0.0  -0.369  61.6  94.5 -71.6  54.1  -33.4   -7.5  -46.7               
  294  294 A A        +     0   0   89     -2,-1.9     2,-0.2     1,-0.1    -1,-0.2  -0.097  51.3  80.1-156.1  43.7  -34.6  -10.4  -44.5               
  295  295 A A        +     0   0  100     -3,-0.2     2,-0.5     0, 0.0    -1,-0.1  -0.726  39.6 174.8-153.7 112.5  -32.3  -11.6  -41.6               
  296  296 A V        +     0   0  158     -2,-0.2     2,-0.1     0, 0.0     0, 0.0  -0.958  41.4  39.0-112.5 119.8  -31.9  -10.0  -38.1               
  297  297 A G        +     0   0   65     -2,-0.5     0, 0.0     1,-0.0     0, 0.0  -0.120  52.3  68.3 132.0 150.3  -29.8  -11.5  -35.3               
  298  298 A L        -     0   0  168     -2,-0.1     2,-0.1     2,-0.0    -1,-0.0   0.951  32.2-157.9  61.8 104.1  -26.8  -13.4  -33.9               
  299  299 A S        +     0   0  112      1,-0.0     0, 0.0     0, 0.0     0, 0.0   0.088  26.1  50.6  79.5 110.7  -23.5  -13.2  -33.3               
  300  300 A R        +     0   0  218     -2,-0.1    -1,-0.0     2,-0.0     2,-0.0   0.946  31.3  97.2  69.5 101.2  -20.2  -14.8  -32.8               
  301  301 A E        -     0   0  109      1,-0.1     0, 0.0     0, 0.0     0, 0.0   0.055  40.2 -31.2 175.6 137.3  -17.5  -17.2  -33.4               
  302  302 A R        -     0   0  210     -2,-0.0    -1,-0.1     0, 0.0     2,-0.0   0.645  29.6 -66.3  58.5 166.8  -14.1  -17.8  -35.1               
  303  303 A A        +     0   0   78      0, 0.0     0, 0.0     0, 0.0     0, 0.0   0.283  24.9  30.3-172.5 148.1  -11.4  -17.7  -37.0               
  304  304 A L        +     0   0  163      1,-0.1     0, 0.0    -2,-0.0     0, 0.0   0.190   9.5 156.9  67.2 154.5   -8.5  -17.9  -39.7               
  305  305 A D        -     0   0  142      0, 0.0     2,-0.1     0, 0.0    -1,-0.1   0.613  21.7-149.9-132.0 146.9   -7.3  -17.8  -42.7               
  306  306 A Y        +     0   0  183      2,-0.0     2,-0.1     0, 0.0     0, 0.0  -0.283  38.8 112.6  72.3  70.1   -4.2  -17.1  -43.9               
  307  307 A Y        +     0   0  208     -2,-0.1     3,-0.1     3,-0.0     0, 0.0  -0.267  46.1  80.3-178.0 122.3   -2.9  -15.6  -47.2               
  308  308 A G        +     0   0   75     -2,-0.1     2,-0.4     1,-0.0    -2,-0.0   0.482  62.3  83.0 167.3  -1.9   -1.1  -12.1  -47.7               
  309  309 A L        +     0   0  173      3,-0.0     2,-0.3     0, 0.0     3,-0.1  -0.779  42.4 134.4-130.5  90.0    2.7  -12.0  -46.9               
  310  310 A Y        +     0   0  208     -2,-0.4    -3,-0.0     1,-0.2     0, 0.0  -0.957  50.4  34.6-123.1 150.1    5.1  -13.1  -49.5               
  311  311 A D        +     0   0  132     -2,-0.3    -1,-0.2     1,-0.1     2,-0.1   0.999  51.2 114.0  60.2  96.4    8.3  -11.1  -50.5               
  312  312 A D        +     0   0  166     -3,-0.1     2,-0.9     3,-0.0     3,-0.3  -0.452  31.9 178.9-150.0 112.7   10.6   -9.1  -48.6               
  313  313 A R        +     0   0  230      1,-0.2     0, 0.0    -2,-0.1     0, 0.0  -0.741  48.8  82.7 -98.7  92.0   14.1  -10.8  -48.5               
  314  314 A G        +     0   0   68     -2,-0.9    -1,-0.2     1,-0.1     0, 0.0   0.530  49.9 102.4-168.2   1.8   16.5   -8.6  -46.5               
  315  315 A R        -     0   0  234     -3,-0.3     2,-0.2     3,-0.0    -1,-0.1  -0.882  51.2-142.9-107.4 124.3   16.7   -8.7  -42.6               
  316  316 A P        -     0   0  117      0, 0.0     2,-0.7     0, 0.0    -2,-0.0  -0.577  41.0 -98.0 -72.9 140.5   19.4  -10.5  -40.5               
  317  317 A Y        +     0   0  240     -2,-0.2     2,-0.5     2,-0.0    -2,-0.0  -0.478  46.4 169.1 -70.9 108.3   17.8  -12.1  -37.4               
  318  318 A G        -     0   0   62     -2,-0.7     3,-0.0     3,-0.0    -3,-0.0  -0.965  38.4-119.7 -99.5 133.2   18.1  -10.1  -34.1               
  319  319 A Y        -     0   0  186     -2,-0.5     2,-0.5     1,-0.1    -2,-0.0  -0.535  28.5-118.4 -54.8 131.6   16.0  -11.5  -31.3               
  320  320 A P        -     0   0  109      0, 0.0     2,-0.1     0, 0.0    -1,-0.1  -0.630  25.6-141.2 -59.0 124.7   13.5   -8.9  -30.1               
  321  321 A A        -     0   0   75     -2,-0.5     2,-1.9     1,-0.1    -3,-0.0  -0.478  43.0 -82.8 -54.8 160.8   14.3   -8.2  -26.6               
  322  322 A V        -     0   0  149     -2,-0.1     2,-0.2     3,-0.0    -1,-0.1  -0.670  55.7-163.1 -63.3  89.7   11.2   -7.7  -24.6               
  323  323 A C        -     0   0   93     -2,-1.9     2,-1.0     1,-0.0     0, 0.0  -0.564  33.8-108.7 -44.0 135.4   10.7   -4.1  -25.6               
  324  324 A E        -     0   0  106     -2,-0.2     2,-0.3     2,-0.0    -1,-0.0  -0.809  41.3-125.6 -57.4 107.6    8.3   -2.7  -23.2               
  325  325 A E        -     0   0  156     -2,-1.0     2,-2.7     1,-0.1    -3,-0.0  -0.606  20.5-121.4 -53.4 122.5    5.8   -2.6  -26.0               
  326  326 A D        -     0   0   80     -2,-0.3    -1,-0.1    69,-0.0    69,-0.0  -0.434  41.5-164.0 -76.0  65.1    4.9    1.2  -25.7               
  327  327 A L        -     0   0   80     -2,-2.7    -3,-0.0     1,-0.1     0, 0.0  -0.133  27.1 -97.4 -45.7 138.6    1.3    0.3  -25.1               
  328  328 A M    >>  -     0   0  101      1,-0.1     4,-2.3     2,-0.0     3,-1.4  -0.361  32.9-115.1 -59.4 145.8   -1.2    3.1  -25.5               
  329  329 A P  T 34 S+     0   0   10      0, 0.0   158,-0.2     0, 0.0    -1,-0.1   0.552 116.3  65.8 -67.7  -4.4   -2.0    4.6  -22.0               
  330  330 A E  T 34 S+     0   0   17    156,-0.1   157,-0.1   144,-0.1   146,-0.1   0.858 111.3  31.0 -73.3 -41.7   -5.6    3.3  -22.7               
  331  331 A D  T <4 S+     0   0   74     -3,-1.4     2,-1.2     1,-0.1    -4,-0.1   0.781  97.7  87.9 -98.8 -31.2   -4.4   -0.4  -22.5               
  332  332 A D    ><  -     0   0   27     -4,-2.3     3,-1.9     1,-0.2    -1,-0.1  -0.560  58.9-165.0 -71.5 101.8   -1.5   -0.2  -20.0               
  333  333 A Q  T 3  S+     0   0  171     -2,-1.2    -1,-0.2     1,-0.3   141,-0.0   0.703  88.1  57.7 -55.9 -23.4   -3.2   -0.6  -16.6               
  334  334 A R  T 3  S+     0   0  162     -3,-0.1    -1,-0.3    79,-0.0     2,-0.2   0.609  77.8 117.1 -82.7 -15.8    0.0    0.7  -15.0               
  335  335 A A    <   +     0   0    0     -3,-1.9     2,-0.3    -7,-0.1     4,-0.1  -0.375  37.5 158.2 -67.0 122.5    0.0    4.0  -16.9               
  336  336 A T        -     0   0    4      2,-0.3    76,-0.2    -2,-0.2    50,-0.1  -0.935  57.2-109.1-136.2 161.0   -0.4    7.1  -14.6               
  337  337 A R  S    S+     0   0    6     -2,-0.3    47,-2.8   152,-0.2     2,-0.6   0.531 101.3  86.6 -65.3  -8.6    0.4   10.9  -14.6               
  338  338 A N  E     -E  383   0C  23     45,-0.2    74,-3.1    74,-0.2     2,-0.4  -0.881  67.8-161.9 -92.1 120.4    3.2    9.9  -12.1               
  339  339 A L  E     -EF 382 411C   0     43,-3.2    43,-2.2    -2,-0.6     2,-0.5  -0.818  11.1-145.9 -96.0 142.6    6.5    8.9  -13.8               
  340  340 A F  E     -EF 381 410C  72     70,-3.1    70,-2.2    -2,-0.4     2,-0.6  -0.951  13.6-165.2 -97.2 125.3    9.2    6.9  -12.0               
  341  341 A I  E     -EF 380 409C   0     39,-3.0    39,-2.4    -2,-0.5     3,-0.3  -0.921  15.6-179.0-115.9  98.3   12.7    8.0  -13.3               
  342  342 A G  E     + F   0 408C   4     66,-3.0    66,-2.4    -2,-0.6    37,-0.2  -0.513  52.5  40.9 -94.5 169.2   15.3    5.5  -12.2               
  343  343 A N  E    S+     0   0C  66     35,-0.4    36,-0.2    64,-0.2    -1,-0.2   0.691  73.6 161.4  64.2  26.0   19.1    5.3  -12.7               
  344  344 A L  E     -E  378   0C   2     34,-2.0    34,-1.7    -3,-0.3    -1,-0.2  -0.425  43.6-110.9 -68.8 146.3   19.7    9.0  -12.1               
  345  345 A D    >   -     0   0   30     57,-0.4     3,-1.1    60,-0.2    -1,-0.1  -0.493  24.6-119.2 -70.0 148.1   23.2   10.3  -11.2               
  346  346 A H  T 3  S+     0   0   82      1,-0.2    -1,-0.1    -2,-0.2    33,-0.1   0.688 112.9  61.3 -65.9 -17.3   23.5   11.6   -7.6               
  347  347 A S  T 3  S+     0   0   75      2,-0.0    -1,-0.2    31,-0.0    56,-0.1   0.773  76.2 114.1 -71.9 -31.9   24.5   15.0   -9.1               
  348  348 A V    <   -     0   0    1     -3,-1.1     2,-0.1    54,-0.1    -4,-0.0  -0.174  52.4-154.8 -62.9 125.2   21.1   15.5  -11.0               
  349  349 A S     >  -     0   0   39      1,-0.1     4,-1.7    19,-0.0     5,-0.1  -0.387  29.0-111.9 -86.4 166.4   19.0   18.5   -9.6               
  350  350 A E  H  > S+     0   0   81      2,-0.2     4,-3.1     1,-0.2     5,-0.2   0.902 118.6  59.7 -60.9 -38.6   15.2   19.1   -9.8               
  351  351 A V  H  > S+     0   0   82      1,-0.2     4,-2.5     2,-0.2    -1,-0.2   0.877 104.7  48.4 -62.8 -38.5   16.0   22.0  -12.2               
  352  352 A E  H  > S+     0   0   73      2,-0.2     4,-2.1     1,-0.2    -1,-0.2   0.931 113.7  46.2 -64.3 -46.6   17.6   19.6  -14.7               
  353  353 A L  H  X S+     0   0    0     -4,-1.7     4,-1.6     2,-0.2     5,-0.2   0.933 113.9  49.0 -62.2 -44.8   14.7   17.1  -14.5               
  354  354 A R  H >X S+     0   0   70     -4,-3.1     4,-2.9     1,-0.2     3,-1.0   0.981 113.8  45.5 -58.9 -55.4   12.2   20.0  -14.8               
  355  355 A R  H 3< S+     0   0  193     -4,-2.5     4,-0.4     1,-0.3    -1,-0.2   0.804 114.6  49.4 -55.4 -36.9   14.0   21.5  -17.9               
  356  356 A A  H 3< S+     0   0   21     -4,-2.1    -1,-0.3    -5,-0.2    -2,-0.2   0.764 124.0  27.8 -75.1 -26.1   14.4   17.9  -19.4               
  357  357 A F  H X< S+     0   0    0     -4,-1.6     3,-2.2    -3,-1.0     4,-0.4   0.670  96.8  82.7-111.6 -23.9   10.6   17.0  -19.0               
  358  358 A E  G >< S+     0   0  108     -4,-2.9     3,-1.7     1,-0.3    -3,-0.1   0.835  80.5  70.6 -60.0 -32.4    8.7   20.4  -19.1               
  359  359 A K  G 3  S+     0   0  142     -4,-0.4    -1,-0.3     1,-0.3     3,-0.1   0.563  97.8  51.8 -58.3 -12.1    8.7   20.3  -23.0               
  360  360 A Y  G <  S-     0   0   37     -3,-2.2    -1,-0.3     1,-0.4     2,-0.2   0.531 126.7 -54.4-102.5  -9.9    6.2   17.3  -22.8               
  361  361 A G  S <  S-     0   0   14     -3,-1.7    -1,-0.4    -4,-0.4     2,-0.3  -0.865  75.5 -40.6 153.9 176.0    3.7   19.1  -20.5               
  362  362 A I        -     0   0  105     -2,-0.2    23,-2.1    -3,-0.1     2,-0.7  -0.475  49.5-145.2 -72.7 125.0    3.0   20.9  -17.2               
  363  363 A I  E     +G  384   0C  12     -2,-0.3    21,-0.2    21,-0.2     3,-0.1  -0.829  19.1 178.9 -97.4 108.3    4.9   19.4  -14.2               
  364  364 A E  E     +     0   0C  67     19,-1.6     2,-0.3    -2,-0.7    20,-0.2   0.829  67.6   7.6 -68.7 -41.2    2.9   19.6  -10.9               
  365  365 A E  E     -G  383   0C  82     18,-1.3    18,-3.0     2,-0.0     2,-0.4  -0.998  51.1-169.0-154.2 138.1    5.5   17.9   -8.6               
  366  366 A V  E     -G  382   0C  15     -2,-0.3     2,-0.4    16,-0.2    16,-0.2  -0.998   8.8-179.2-132.2 130.8    9.1   16.5   -8.6               
  367  367 A V  E     -G  381   0C  51     14,-2.9    14,-2.2    -2,-0.4     2,-0.4  -0.880   8.0-164.7-133.7 100.4   10.4   14.3   -5.7               
  368  368 A I  E     -G  380   0C  41     -2,-0.4     2,-0.4    12,-0.2    12,-0.3  -0.715   3.5-166.0 -84.0 132.7   14.1   13.2   -6.0               
  369  369 A K  E     -G  379   0C  95     10,-3.3    10,-2.4    -2,-0.4    -2,-0.0  -0.985   2.6-169.0-120.8 123.1   15.1   10.3   -3.6               
  370  370 A R        -     0   0  114     -2,-0.4     8,-0.1     8,-0.2     3,-0.1  -0.957  12.3-149.9-112.7 106.1   18.8    9.6   -3.1               
  371  371 A P        -     0   0   32      0, 0.0     3,-0.1     0, 0.0     5,-0.1  -0.237  38.1 -81.3 -59.0 164.2   19.6    6.3   -1.3               
  372  372 A A    >   -     0   0   71      1,-0.1     3,-2.4     3,-0.1     4,-0.1  -0.405  69.2 -73.3 -62.5 148.6   22.8    6.0    0.9               
  373  373 A R  T 3  S+     0   0  249      1,-0.3    -1,-0.1     2,-0.1     4,-0.1  -0.219 124.1  25.4 -50.9 122.7   25.9    5.2   -1.2               
  374  374 A G  T 3  S+     0   0   80      2,-0.4    -1,-0.3    -3,-0.1     3,-0.1   0.023  92.3  95.7 106.3 -18.4   25.7    1.5   -2.4               
  375  375 A Q  S <  S-     0   0  161     -3,-2.4     2,-0.2     1,-0.2    -2,-0.1   0.118 101.3 -85.0 -87.3  23.7   21.9    1.0   -2.3               
  376  376 A G        -     0   0   45     -4,-0.1    -2,-0.4    -5,-0.1    -1,-0.2  -0.618  64.2 -40.8 108.9-171.5   21.6    1.8   -6.1               
  377  377 A G        -     0   0   30     -2,-0.2   -32,-0.2     1,-0.2   -34,-0.1  -0.378  68.1 -86.2 -78.8 169.1   21.4    5.0   -8.2               
  378  378 A A  E     -E  344   0C   0    -34,-1.7   -34,-2.0    -8,-0.1   -35,-0.4  -0.354  46.7-167.4 -67.3 156.8   19.3    8.0   -7.4               
  379  379 A Y  E     - G   0 369C  72    -10,-2.4   -10,-3.3   -36,-0.2     2,-0.3  -0.984   5.9-157.0-144.4 157.1   15.6    8.0   -8.6               
  380  380 A A  E     -EG 341 368C   0    -39,-2.4   -39,-3.0    -2,-0.3     2,-0.4  -0.945  13.7-142.7-129.3 154.1   12.8   10.6   -8.9               
  381  381 A F  E     -EG 340 367C  69    -14,-2.2   -14,-2.9    -2,-0.3     2,-0.4  -0.966  22.8-171.9-105.4 136.4    9.0   10.7   -9.1               
  382  382 A L  E     -EG 339 366C   1    -43,-2.2   -43,-3.2    -2,-0.4     2,-0.5  -0.996   6.8-155.8-132.7 123.0    7.7   13.4  -11.6               
  383  383 A K  E     -EG 338 365C  19    -18,-3.0   -19,-1.6    -2,-0.4   -18,-1.3  -0.901   5.6-162.3-106.5 122.5    4.0   14.3  -11.8               
  384  384 A F  E     - G   0 363C   0    -47,-2.8   -21,-0.2    -2,-0.5   -47,-0.1  -0.593  28.5-120.6 -91.2 160.6    2.3   15.7  -14.9               
  385  385 A Q  S    S+     0   0   70    -23,-2.1     2,-0.3    -2,-0.2   -22,-0.1   0.876  97.5  27.1 -64.9 -39.3   -1.0   17.5  -15.1               
  386  386 A N  S >> S-     0   0   13    -24,-0.2     4,-1.4     1,-0.1     3,-0.5  -0.920  76.0-124.2-127.3 152.6   -2.5   15.0  -17.6               
  387  387 A L  H 3> S+     0   0    1     -2,-0.3     4,-2.6     1,-0.2     5,-0.1   0.888 111.8  60.4 -58.2 -38.0   -1.8   11.2  -18.3               
  388  388 A D  H 3> S+     0   0   33      1,-0.2     4,-2.3     2,-0.2    -1,-0.2   0.836 101.6  52.0 -62.8 -34.8   -1.1   12.1  -22.0               
  389  389 A M  H <> S+     0   0   28     -3,-0.5     4,-2.0     2,-0.2    -1,-0.2   0.923 111.5  47.5 -67.0 -41.1    1.8   14.4  -20.9               
  390  390 A A  H  X S+     0   0    0     -4,-1.4     4,-2.4     2,-0.2    -2,-0.2   0.885 112.1  48.8 -68.4 -39.9    3.3   11.5  -18.9               
  391  391 A H  H  X S+     0   0   32     -4,-2.6     4,-2.4     2,-0.2     5,-0.3   0.979 112.3  47.8 -64.2 -50.6    2.9    9.0  -21.8               
  392  392 A R  H  X S+     0   0  140     -4,-2.3     4,-2.3     1,-0.2    -2,-0.2   0.879 113.3  49.9 -55.1 -40.7    4.6   11.4  -24.3               
  393  393 A A  H  X S+     0   0    0     -4,-2.0     4,-1.7     2,-0.2    -1,-0.2   0.891 109.7  50.1 -67.3 -40.6    7.4   12.0  -21.7               
  394  394 A K  H  X S+     0   0    9     -4,-2.4     4,-2.0     2,-0.2     3,-0.3   0.979 115.6  42.3 -56.6 -57.6    7.9    8.2  -21.2               
  395  395 A V  H  < S+     0   0   66     -4,-2.4    -2,-0.2     1,-0.2    -1,-0.2   0.902 118.8  43.4 -62.0 -44.5    8.2    7.5  -24.9               
  396  396 A A  H  < S+     0   0   34     -4,-2.3    -1,-0.2    -5,-0.3    -2,-0.2   0.767 123.9  34.1 -74.2 -26.9   10.4   10.5  -25.8               
  397  397 A M  H >< S+     0   0   12     -4,-1.7     3,-1.9    -3,-0.3    10,-0.2   0.510  80.1 122.4-111.3  -7.9   12.8   10.2  -22.8               
  398  398 A S  T 3< S+     0   0   54     -4,-2.0    10,-0.2     1,-0.3     3,-0.1  -0.332  90.6   5.1 -57.4 130.2   13.1    6.4  -22.2               
  399  399 A G  T 3  S+     0   0   49      8,-1.6    -1,-0.3     1,-0.2     9,-0.1   0.395  97.9 137.2  71.2  -1.4   16.8    5.4  -22.4               
  400  400 A R    <   -     0   0  156     -3,-1.9     7,-3.0     6,-0.1     2,-0.4  -0.411  57.2-113.2 -69.2 150.8   17.9    9.2  -22.8               
  401  401 A V  E     -H  406   0D  95      5,-0.3     2,-0.4    -3,-0.1    -1,-0.1  -0.727  31.3-179.1 -85.8 131.9   21.0   10.3  -20.9               
  402  402 A I  E >  S-H  405   0D  15      3,-2.3     3,-1.6    -2,-0.4   -57,-0.4  -0.999  71.0 -27.0-127.0 130.8   20.6   12.9  -18.0               
  403  403 A G  T 3  S-     0   0   49     -2,-0.4    -2,-0.0     1,-0.2   -59,-0.0  -0.561 129.5 -30.9  60.4-119.4   23.8   13.9  -16.3               
  404  404 A R  T 3  S+     0   0  212     -2,-0.4    -1,-0.2     2,-0.0   -60,-0.1   0.506 122.7  75.6-101.5  -9.4   26.1   10.8  -16.8               
  405  405 A N  E <  S-H  402   0D  44     -3,-1.6    -3,-2.3    -5,-0.0     2,-0.5  -0.852  77.6-119.0-117.5 141.9   23.5    8.0  -16.8               
  406  406 A P  E     -H  401   0D  66      0, 0.0    -5,-0.3     0, 0.0     2,-0.2  -0.643  43.6-130.9 -70.1 121.5   20.9    6.6  -19.3               
  407  407 A I        -     0   0    1     -7,-3.0    -8,-1.6    -2,-0.5     2,-0.6  -0.473   9.0-143.9 -80.0 146.4   17.5    7.1  -17.4               
  408  408 A K  E     -F  342   0C 148    -66,-2.4   -66,-3.0    -2,-0.2     2,-0.6  -0.955  17.1-163.5-110.4 115.2   14.9    4.3  -17.0               
  409  409 A I  E     +F  341   0C   6     -2,-0.6     2,-0.3   -68,-0.2   -68,-0.2  -0.902  20.3 152.4-104.8 121.9   11.3    5.6  -17.2               
  410  410 A G  E     -F  340   0C  14    -70,-2.2   -70,-3.1    -2,-0.6     2,-0.3  -0.853  50.8 -81.4-127.6 172.1    8.4    3.6  -15.9               
  411  411 A Y  E     -F  339   0C  22     -2,-0.3   -72,-0.3   -72,-0.2   -74,-0.1  -0.552  43.1-131.8 -73.5 136.2    5.0    4.5  -14.5               
  412  412 A G        -     0   0    8    -74,-3.1     2,-0.2    -2,-0.3   -74,-0.2  -0.206  39.8 -74.6 -70.3 171.2    4.8    5.5  -10.8               
  413  413 A K        -     0   0  180    -74,-0.1     2,-0.2     1,-0.1    -1,-0.1  -0.542  46.1-116.0 -70.9 136.4    2.3    4.0   -8.4               
  414  414 A A        -     0   0   45     -2,-0.2    -1,-0.1    -3,-0.1   -78,-0.0  -0.529  21.3-150.1 -61.2 134.2   -1.3    5.3   -8.7               
  415  415 A N        -     0   0  113     -2,-0.2     2,-0.1    74,-0.1    -1,-0.0  -0.946  23.7-127.3-107.5 103.7   -2.3    7.1   -5.5               
  416  416 A P        +     0   0   58      0, 0.0     2,-0.2     0, 0.0    47,-0.1  -0.321  39.6 163.3 -61.4 129.1   -6.2    6.6   -5.2               
  417  417 A T        -     0   0   35      2,-0.2    74,-0.1    -2,-0.1    73,-0.0  -0.776  49.7-111.2-130.6 173.3   -8.2    9.8   -4.8               
  418  418 A T  S    S+     0   0   38     -2,-0.2    42,-2.9    48,-0.1     2,-0.5   0.578  97.6  75.7 -84.0 -13.0  -11.9   10.7   -5.1               
  419  419 A R  E     -IJ 459 490E  28     71,-0.6    71,-2.8    40,-0.2     2,-0.3  -0.915  66.2-164.3-102.0 125.2  -11.2   12.9   -8.2               
  420  420 A L  E     -IJ 458 489E   0     38,-3.1    38,-2.2    -2,-0.5     2,-0.4  -0.786  14.1-143.2 -97.9 148.9  -10.6   11.2  -11.6               
  421  421 A W  E     -IJ 457 488E   0     67,-3.0    67,-1.9    -2,-0.3     2,-0.5  -0.955  18.3-165.8-101.0 133.0   -9.1   12.7  -14.7               
  422  422 A V  E     +IJ 456 487E   0     34,-2.9    34,-1.9    -2,-0.4     3,-0.2  -0.914  13.7 170.6-127.0  95.8  -10.8   11.3  -17.8               
  423  423 A G  E     +IJ 455 486E   0     63,-2.9    63,-2.6    -2,-0.5    32,-0.2  -0.393  47.0  69.9 -92.6 179.9   -8.9   12.0  -21.1               
  424  424 A G        +     0   0    4     30,-1.2    31,-0.2     1,-0.3    54,-0.2   0.401  62.7 160.0  87.9   3.4   -9.5   10.6  -24.7               
  425  425 A L        -     0   0    4     29,-1.4    -1,-0.3    -3,-0.2    54,-0.1  -0.288  33.6-140.4 -58.8 127.5  -12.8   12.5  -25.1               
  426  426 A G    >   -     0   0    4     52,-0.5     3,-2.4    57,-0.1    26,-0.1  -0.613  28.1-109.1 -74.9 155.9  -13.9   13.0  -28.7               
  427  427 A P  T 3  S+     0   0  113      0, 0.0    -1,-0.1     0, 0.0    -2,-0.1   0.717 121.4  59.3 -60.3 -19.8  -15.4   16.4  -29.6               
  428  428 A N  T 3  S+     0   0  141     51,-0.3     2,-0.7     2,-0.1    51,-0.1   0.399  77.9 111.7 -85.7  -2.2  -18.8   14.6  -29.9               
  429  429 A T    <   -     0   0   10     -3,-2.4     2,-0.2    49,-0.1    -4,-0.0  -0.668  57.4-155.7 -78.8 110.1  -18.6   13.4  -26.2               
  430  430 A S     >  -     0   0   60     -2,-0.7     4,-2.2     1,-0.1     3,-0.4  -0.527  27.3-119.1 -83.4 155.6  -21.3   15.2  -24.3               
  431  431 A L  H  > S+     0   0   88      1,-0.2     4,-2.8     2,-0.2     5,-0.1   0.887 118.9  56.5 -53.0 -38.4  -21.4   15.9  -20.5               
  432  432 A A  H  > S+     0   0   62      2,-0.2     4,-2.2     1,-0.2    -1,-0.2   0.835 104.8  50.4 -66.4 -34.0  -24.6   13.8  -20.5               
  433  433 A A  H  > S+     0   0   27     -3,-0.4     4,-1.7     2,-0.2    -2,-0.2   0.941 112.3  47.1 -68.4 -44.6  -22.7   10.8  -22.1               
  434  434 A L  H  X S+     0   0    0     -4,-2.2     4,-2.2     2,-0.2     5,-0.3   0.941 112.4  49.9 -60.2 -47.6  -20.0   11.1  -19.4               
  435  435 A A  H  X S+     0   0   33     -4,-2.8     4,-2.7     1,-0.2     5,-0.2   0.954 111.6  48.3 -55.8 -51.4  -22.6   11.4  -16.6               
  436  436 A R  H  < S+     0   0  192     -4,-2.2     4,-0.4     1,-0.2    -1,-0.2   0.776 115.8  43.7 -61.1 -32.5  -24.5    8.2  -17.9               
  437  437 A E  H  < S+     0   0   35     -4,-1.7    -1,-0.2    -3,-0.2    -2,-0.2   0.793 121.8  36.8 -85.4 -27.9  -21.3    6.1  -18.2               
  438  438 A F  H >< S+     0   0    0     -4,-2.2     3,-1.6    -3,-0.2     4,-0.2   0.729  99.0  73.8 -97.5 -24.7  -19.7    7.2  -14.8               
  439  439 A D  G >< S+     0   0  100     -4,-2.7     3,-2.4    -5,-0.3    -3,-0.1   0.875  82.1  74.2 -60.0 -33.0  -22.8    7.5  -12.5               
  440  440 A R  G 3  S+     0   0  132     -4,-0.4    -1,-0.3     1,-0.3    -2,-0.1   0.502  89.6  59.0 -57.8 -10.6  -23.1    3.6  -12.4               
  441  441 A F  G <  S-     0   0   34     -3,-1.6    -1,-0.3     1,-0.4     2,-0.2   0.563 122.5 -76.2 -95.9 -11.5  -20.0    3.5  -10.0               
  442  442 A G  S <  S-     0   0   29     -3,-2.4    -1,-0.4    -4,-0.2    27,-0.0  -0.622  76.9 -17.6 133.2 171.4  -21.7    5.6   -7.3               
  443  443 A S        -     0   0   67     -2,-0.2    18,-2.7    17,-0.1    19,-0.5  -0.063  54.0-151.7 -48.3 122.4  -22.7    9.2   -6.4               
  444  444 A I  E     -K  460   0E  40     16,-0.2    16,-0.3     1,-0.1     3,-0.1  -0.804  11.6-171.9 -92.7 133.9  -20.9   12.0   -8.4               
  445  445 A R  E    S-     0   0E 156     14,-3.2     2,-0.3    -2,-0.4    15,-0.2   0.865  70.9  -1.2 -87.6 -49.3  -20.4   15.4   -6.7               
  446  446 A T  E     -K  459   0E  62     13,-1.2    13,-2.5     2,-0.0     2,-0.4  -0.987  48.6-158.9-141.8 150.4  -19.0   17.3   -9.8               
  447  447 A I  E     -K  458   0E  40     -2,-0.3     2,-1.0    11,-0.2    11,-0.2  -0.944  14.2-165.0-125.5 109.7  -18.2   16.8  -13.4               
  448  448 A D  E     +K  457   0E  54      9,-2.3     9,-2.5    -2,-0.4     2,-0.4  -0.804  27.4 151.7 -99.8  91.0  -15.8   19.5  -14.6               
  449  449 A H        -     0   0   36     -2,-1.0     2,-0.5     7,-0.2     7,-0.1  -0.952  31.7-154.9-129.9 111.0  -15.9   19.2  -18.4               
  450  450 A V    >   -     0   0   95      5,-0.4     3,-2.1    -2,-0.4     2,-0.9  -0.737  32.6-111.2 -86.1 127.6  -15.3   22.2  -20.7               
  451  451 A K  T 3  S+     0   0  210     -2,-0.5     3,-0.1     1,-0.3    -1,-0.1  -0.454 107.5  27.1 -64.9 102.4  -17.0   21.8  -24.2               
  452  452 A G  T 3  S+     0   0   71     -2,-0.9    -1,-0.3     1,-0.5     2,-0.2  -0.011  90.8 117.0 129.6 -21.9  -14.0   21.3  -26.5               
  453  453 A D    <   -     0   0   63     -3,-2.1    -1,-0.5     2,-0.1     0, 0.0  -0.440  64.2-137.7 -70.7 143.5  -11.4   19.8  -24.1               
  454  454 A S  S    S+     0   0   58     -2,-0.2   -29,-1.4    -3,-0.1   -30,-1.2   0.212  86.8  45.6 -80.9  12.6  -10.2   16.3  -24.8               
  455  455 A F  E     -I  423   0E  44    -32,-0.2    -5,-0.4    -5,-0.2     2,-0.3  -0.980  61.2-165.7-150.4 160.6  -10.5   15.6  -21.0               
  456  456 A A  E     -I  422   0E   0    -34,-1.9   -34,-2.9    -2,-0.3     2,-0.4  -0.953  19.5-127.6-139.0 162.0  -12.8   16.0  -18.0               
  457  457 A Y  E     -IK 421 448E  34     -9,-2.5    -9,-2.3    -2,-0.3     2,-0.4  -0.922  19.6-166.8-107.4 141.3  -12.5   15.8  -14.2               
  458  458 A I  E     -IK 420 447E   0    -38,-2.2   -38,-3.1    -2,-0.4     2,-0.6  -0.978   2.4-163.1-130.8 116.8  -15.0   13.6  -12.2               
  459  459 A Q  E     -IK 419 446E  24    -13,-2.5   -14,-3.2    -2,-0.4   -13,-1.2  -0.892  10.8-163.6-105.0 112.4  -15.3   14.0   -8.4               
  460  460 A Y  E     - K   0 444E   0    -42,-2.9   -16,-0.2    -2,-0.6   -17,-0.1  -0.440  26.4-132.9 -84.1 162.2  -17.0   11.1   -6.5               
  461  461 A E  S    S+     0   0  110    -18,-2.7     2,-0.4    -2,-0.1   -17,-0.1   0.814  93.7  52.5 -74.2 -34.0  -18.5   11.0   -3.0               
  462  462 A S     >  -     0   0   54    -19,-0.5     4,-2.0     1,-0.1    -2,-0.1  -0.871  66.8-148.9-111.5 138.0  -16.7    7.6   -2.4               
  463  463 A L  H  > S+     0   0   28     -2,-0.4     4,-2.4     2,-0.2     5,-0.1   0.851 105.5  56.2 -64.0 -34.6  -13.1    6.5   -2.9               
  464  464 A D  H  > S+     0   0  122      2,-0.2     4,-2.8     1,-0.2     5,-0.2   0.931 106.2  49.2 -67.2 -41.6  -14.4    3.0   -3.7               
  465  465 A A  H  > S+     0   0    5      2,-0.2     4,-2.8     1,-0.2     5,-0.2   0.943 112.3  48.2 -59.5 -48.3  -16.6    4.5   -6.5               
  466  466 A A  H  X S+     0   0    0     -4,-2.0     4,-2.6     2,-0.2    -2,-0.2   0.886 113.2  48.2 -61.5 -39.4  -13.6    6.4   -7.9               
  467  467 A Q  H  X S+     0   0   82     -4,-2.4     4,-1.8     2,-0.2    -2,-0.2   0.919 113.2  46.9 -67.6 -42.7  -11.5    3.2   -7.7               
  468  468 A A  H  X S+     0   0   30     -4,-2.8     4,-1.6     2,-0.2    -2,-0.2   0.914 115.4  46.3 -64.5 -43.1  -14.2    1.1   -9.5               
  469  469 A A  H  X S+     0   0    0     -4,-2.8     4,-2.9     2,-0.2     5,-0.3   0.939 111.3  51.3 -63.7 -47.7  -14.6    3.7  -12.2               
  470  470 A C  H  < S+     0   0   12     -4,-2.6     4,-0.4     1,-0.2    -1,-0.2   0.838 114.9  43.6 -60.8 -34.7  -10.8    4.2  -12.7               
  471  471 A A  H  < S+     0   0   80     -4,-1.8    -1,-0.2    -5,-0.1    -2,-0.2   0.786 122.8  35.7 -78.9 -31.0  -10.4    0.3  -13.1               
  472  472 A K  H  < S+     0   0  139     -4,-1.6    -2,-0.2    -3,-0.2    -3,-0.2   0.713 114.8  50.8 -99.5 -26.8  -13.5   -0.2  -15.4               
  473  473 A M  S >< S+     0   0    3     -4,-2.9     3,-1.5    -5,-0.2     2,-0.3   0.527  81.6 108.0 -91.9  -8.8  -13.6    3.0  -17.6               
  474  474 A R  T 3  S+     0   0   39     -4,-0.4    12,-0.2    -5,-0.3  -144,-0.1  -0.567  95.6   7.3 -65.7 126.4   -9.9    2.7  -18.6               
  475  475 A G  T 3  S+     0   0   19     10,-2.7    -1,-0.3    -2,-0.3    11,-0.1   0.419  95.1 148.0  76.6   1.4   -9.8    1.6  -22.3               
  476  476 A F    <   -     0   0   58     -3,-1.5     9,-2.5     9,-0.3     2,-0.5  -0.516  52.4-118.9 -72.0 129.2  -13.7    2.1  -22.5               
  477  477 A P  B     +L  484   0F  78      0, 0.0     2,-0.3     0, 0.0     7,-0.3  -0.553  46.9 157.0 -73.7 117.9  -14.8    3.3  -26.0               
  478  478 A L        +     0   0   24      5,-2.3   -52,-0.5    -2,-0.5   -49,-0.1  -0.950  60.1  12.2-145.7 123.6  -16.6    6.7  -25.8               
  479  479 A G  S    S-     0   0   32     -2,-0.3   -51,-0.3   -54,-0.1     3,-0.1   0.431 126.8  -1.4  91.6   2.9  -17.0    9.3  -28.6               
  480  480 A G  S >  S-     0   0   30      3,-0.4     3,-1.1     1,-0.1    -2,-0.1  -0.811  77.2 -93.9 164.2 166.4  -16.0    7.0  -31.5               
  481  481 A P  T 3  S+     0   0  114      0, 0.0    -1,-0.1     0, 0.0    -3,-0.0   0.928 126.8  43.4 -62.4 -41.3  -14.8    3.4  -32.4               
  482  482 A D  T 3  S+     0   0  152     -3,-0.1     2,-0.5     1,-0.1    -3,-0.0   0.033  98.8  91.1 -91.7  20.8  -11.1    4.6  -32.3               
  483  483 A R    <   +     0   0  113     -3,-1.1    -5,-2.3    -8,-0.0    -3,-0.4  -0.859  50.1 174.2-127.3  99.1  -11.6    6.6  -29.1               
  484  484 A R  B     -L  477   0F 109     -2,-0.5     2,-0.2    -7,-0.3    -8,-0.1  -0.765  34.8-105.9-100.5 148.3  -11.0    4.9  -25.7               
  485  485 A L        -     0   0    0     -9,-2.5   -10,-2.7    -2,-0.3     2,-0.6  -0.520  20.5-149.5 -77.3 138.5  -11.1    6.6  -22.3               
  486  486 A R  E     -J  423   0E  40    -63,-2.6   -63,-2.9    -2,-0.2     2,-0.4  -0.926  23.2-175.2-109.4 106.8   -7.8    7.4  -20.4               
  487  487 A V  E     +J  422   0E   0     -2,-0.6     2,-0.3   -65,-0.2   -65,-0.2  -0.925  14.8 144.9-119.4 129.5   -8.5    7.3  -16.7               
  488  488 A D  E     -J  421   0E   4    -67,-1.9   -67,-3.0    -2,-0.4     2,-0.3  -0.965  50.6 -83.0-150.6 163.9   -6.2    8.1  -13.7               
  489  489 A F  E     -J  420   0E  21     -2,-0.3   -69,-0.3   -69,-0.2     2,-0.2  -0.534  39.8-161.6 -75.6 129.1   -6.4    9.7  -10.2               
  490  490 A A  E     -J  419   0E   3    -71,-2.8   -71,-0.6    -2,-0.3     2,-0.3  -0.681  29.9 -98.7 -96.5 157.1   -6.4   13.5  -10.0               
  491  491 A K        -     0   0  101     -2,-0.2     2,-0.4   -73,-0.1   -74,-0.0  -0.614  42.3-113.6 -65.3 134.3   -5.6   15.6   -6.8               
  492  492 A A        -     0   0   57     -2,-0.3     2,-0.8     1,-0.1    -1,-0.0  -0.645  34.1-125.7 -64.2 125.6   -8.9   16.7   -5.3               
  493  493 A E        -     0   0  132     -2,-0.4     2,-0.5     2,-0.0    -1,-0.1  -0.750  13.2-135.0 -84.7 107.0   -8.7   20.5   -5.8               
  494  494 A E        -     0   0  182     -2,-0.8     2,-1.9     1,-0.1    -1,-0.0  -0.571  35.4-112.2 -63.1 113.2   -9.2   22.2   -2.4               
  495  495 A T        -     0   0  105     -2,-0.5     2,-1.8     1,-0.1    -1,-0.1  -0.353  36.4-175.2 -71.5  83.4  -11.7   24.9   -3.5               
  496  496 A R        -     0   0  236     -2,-1.9    -1,-0.1     3,-0.0    -2,-0.0  -0.634  10.8-162.7 -64.9  85.9   -9.9   28.2   -3.2               
  497  497 A Y        -     0   0  186     -2,-1.8     2,-1.1     1,-0.1     0, 0.0  -0.523  43.1 -94.9 -47.2 138.0  -12.8   30.4   -4.1               
  498  498 A P        -     0   0  121      0, 0.0     2,-0.6     0, 0.0    -1,-0.1  -0.612  46.7-129.2 -62.3 100.1  -11.1   33.8   -5.0               
  499  499 A Q        -     0   0  181     -2,-1.1     3,-0.3     1,-0.1    -3,-0.0  -0.485  28.4-118.8 -64.3 104.7  -11.6   35.1   -1.4               
  500  500 A Q        -     0   0  174     -2,-0.6     2,-0.1     1,-0.2    -1,-0.1  -0.187  46.1 -68.5 -56.1 142.7  -13.3   38.4   -2.2               
  501  501 A Y        -     0   0  236      1,-0.1    -1,-0.2    -3,-0.0    -2,-0.0  -0.036  52.7-179.3 -40.3  97.4  -11.4   41.6   -1.0               
  502  502 A Q        -     0   0  156     -3,-0.3     2,-0.4    -2,-0.1    -1,-0.1  -0.929  27.2-136.1 -91.2 107.9  -11.5   41.6    2.8               
  503  503 A P        -     0   0  106      0, 0.0     3,-0.1     0, 0.0    -2,-0.0  -0.612  26.4-112.3 -67.4 122.6   -9.6   44.8    3.6               
  504  504 A S        -     0   0  105     -2,-0.4     2,-0.1     1,-0.1    -3,-0.0  -0.364  31.1-113.7 -54.7 126.4   -7.3   44.0    6.5               
  505  505 A P        -     0   0  115      0, 0.0    -1,-0.1     0, 0.0     3,-0.0  -0.427  33.0-117.5 -59.5 131.2   -8.4   45.8    9.8               
  506  506 A L        -     0   0  155     -2,-0.1     2,-0.3     1,-0.1     0, 0.0  -0.534  33.0-103.1 -69.0 136.5   -5.6   48.3   10.8               
  507  507 A P        -     0   0  122      0, 0.0     2,-1.3     0, 0.0    -1,-0.1  -0.462  28.6-138.1 -62.5 121.4   -4.0   47.6   14.2               
  508  508 A V        -     0   0  131     -2,-0.3     2,-0.9     2,-0.0    -2,-0.0  -0.677  24.3-171.3 -83.2  90.5   -5.5   50.0   16.8               
  509  509 A H        -     0   0  155     -2,-1.3     2,-0.7     2,-0.0    -1,-0.0  -0.789   6.2-160.4 -88.6 105.6   -2.4   50.9   18.8               
  510  510 A Y        -     0   0  203     -2,-0.9     2,-0.4     2,-0.0    -2,-0.0  -0.798   8.4-173.1 -77.2 117.6   -3.2   52.9   21.9               
  511  511 A E        -     0   0  168     -2,-0.7     2,-0.4     0, 0.0    -2,-0.0  -0.903  16.9-135.6-105.3 144.7   -0.2   54.9   23.2               
  512  512 A L        +     0   0  145     -2,-0.4    -2,-0.0     1,-0.0     0, 0.0  -0.888  38.4  10.5-103.4 133.8   -0.6   56.7   26.5               
  513  513 A L        +     0   0  149     -2,-0.4    -1,-0.0     0, 0.0     0, 0.0   0.487  42.8  70.4  69.3 154.1    0.4   60.2   27.6               
  514  514 A T        -     0   0  118      0, 0.0    -2,-0.0     0, 0.0     0, 0.0   0.830  26.9-131.3-149.9 178.1    1.4   63.2   27.8               
  515  515 A D        +     0   0  155      1,-0.1     0, 0.0     2,-0.0     0, 0.0   0.060  29.9 149.3 -45.0 158.6    1.3   67.1   27.3               
  516  516 A G        -     0   0   69      0, 0.0    -1,-0.1     0, 0.0     0, 0.0   0.540  27.8-133.5 158.9  64.2    3.9   69.4   25.8               
  517  517 A Y        +     0   0  213      1,-0.0    -2,-0.0     0, 0.0     0, 0.0   0.687  27.0  67.3  35.2 122.7    3.7   72.7   23.9               
  518  518 A T        -     0   0  104      0, 0.0    -1,-0.0     0, 0.0     0, 0.0   0.988  28.5 -46.6  95.9 117.6    4.9   74.7   21.0               
  519  519 A R        -     0   0  208      0, 0.0     0, 0.0     0, 0.0     0, 0.0   0.969  14.2-131.1  80.4 111.7    5.9   76.3   17.8               
  520  520 A H        -     0   0  167      0, 0.0     0, 0.0     0, 0.0     0, 0.0   0.662  11.9-149.9  65.9 161.0    7.2   77.0   14.4               
  521  521 A R        +     0   0  229      1,-0.1     2,-0.1     0, 0.0     0, 0.0   0.640  11.3 170.1-150.2 145.4    8.6   78.1   11.8               
  522  522 A N        -     0   0  122      0, 0.0     2,-0.3     0, 0.0    -1,-0.1  -0.362   9.6-167.8 -65.4 163.0    8.1   78.5    8.0               
  523  523 A L        -     0   0  176     -2,-0.1     2,-0.1     2,-0.0     0, 0.0  -0.850  17.7-177.9-145.3 141.7   10.1   80.4    5.6               
  524  524 A D        +     0   0  130     -2,-0.3     0, 0.0     0, 0.0     0, 0.0  -0.090   5.3 165.8-105.6-160.9    8.6   81.0    2.1               
  525  525 A A        +     0   0   91     -2,-0.1    -2,-0.0     2,-0.0     0, 0.0   0.476  13.8  50.7  94.2 137.2    9.4   82.6   -1.4               
  526  526 A D        -     0   0  139      0, 0.0     0, 0.0     0, 0.0     0, 0.0   0.738  37.8 -26.0-163.3 170.4    8.9   83.1   -4.5               
  527  527 A L        +     0   0  149      0, 0.0    -2,-0.0     0, 0.0     0, 0.0   0.739  40.4  46.5  68.9 141.6    7.3   83.8   -8.0               
  528  528 A V        -     0   0  115      0, 0.0     0, 0.0     0, 0.0     0, 0.0   0.737  32.3-121.5-155.5 151.9    4.9   84.1  -10.1               
  529  529 A R        +     0   0  213      2,-0.0     2,-0.0     0, 0.0     0, 0.0   0.654  24.1  83.7  11.4 155.4    1.4   85.0  -11.5               
  530  530 A D        -     0   0  123      0, 0.0     2,-0.3     0, 0.0     0, 0.0   0.593  14.8-166.7-152.0-174.3   -1.5   85.1  -12.8               
  531  531 A R        +     0   0  219      2,-0.0    -2,-0.0    -2,-0.0     0, 0.0  -0.803  24.7 103.8-103.4 143.8   -5.4   84.8  -12.8               
  532  532 A T        -     0   0  141     -2,-0.3     0, 0.0     0, 0.0     0, 0.0  -0.180  27.2-156.1 167.3 148.1   -8.7   84.5  -14.7               
  533  533 A P        +     0   0  119      0, 0.0     2,-0.0     0, 0.0    -2,-0.0  -0.627  16.2  52.2-115.9-170.4  -11.6   82.3  -16.1               
  534  534 A P        +     0   0   98      0, 0.0     0, 0.0     0, 0.0     0, 0.0   0.755  17.1 117.1-123.0-166.1  -14.1   81.1  -17.9               
  535  535 A H        -     0   0  152     -2,-0.0     0, 0.0     0, 0.0     0, 0.0   0.368  31.1 -14.0 157.4 128.0  -16.3   80.0  -20.8               
  536  536 A L        -     0   0  145      0, 0.0     0, 0.0     0, 0.0     0, 0.0   0.782  25.6-161.7  63.3 155.4  -18.4   77.4  -22.8               
  537  537 A L        -     0   0  138      0, 0.0     0, 0.0     0, 0.0     0, 0.0   0.779  13.8-175.9-167.4-179.6  -19.8   74.5  -23.9               
  538  538 A Y        +     0   0  204      0, 0.0     2,-0.0     0, 0.0     0, 0.0   0.624  13.8 156.6  74.2 133.3  -21.5   71.3  -25.6               
  539  539 A S        -     0   0   88      0, 0.0     0, 0.0     0, 0.0     0, 0.0   0.725  13.9-143.8 102.0 157.9  -22.6   68.0  -25.7               
  540  540 A D        -     0   0  111      2,-0.0     0, 0.0    -2,-0.0     0, 0.0   0.901  18.3-124.6-167.2 165.0  -24.4   65.3  -26.7               
  541  541 A R        -     0   0  201      1,-0.1     2,-0.1     0, 0.0     0, 0.0   0.901   7.6 -78.2-166.3-175.3  -26.0   62.3  -26.0               
  542  542 A D        +     0   0  138      1,-0.0    -1,-0.1     0, 0.0    -2,-0.0  -0.442  26.3 156.3 -65.7 151.4  -27.8   58.9  -25.5               
  543  543 A R        -     0   0  228     -2,-0.1    -1,-0.0     2,-0.0     0, 0.0   0.269  17.6-145.6 170.6 122.6  -30.3   56.7  -27.0               
  544  544 A T        +     0   0  105      0, 0.0     0, 0.0     0, 0.0     0, 0.0   0.812  23.0 125.3  40.6 152.6  -31.6   53.2  -27.5               
  545  545 A F        -     0   0  185      0, 0.0    -2,-0.0     0, 0.0     2,-0.0   0.393  23.3 -97.6  76.3 153.1  -33.4   50.6  -29.9               
  546  546 A L        +     0   0  132      0, 0.0     0, 0.0     0, 0.0     0, 0.0   0.315  27.9   8.1-171.3 144.1  -33.5   47.7  -31.4               
  547  547 A E        +     0   0  189      1,-0.1     0, 0.0    -2,-0.0     0, 0.0   0.557  29.1 138.8  64.1 159.5  -33.6   44.4  -33.4               
  548  548 A G        -     0   0   74      0, 0.0    -1,-0.1     0, 0.0     2,-0.0   0.344  21.7-163.1 123.4 112.8  -32.3   43.0  -36.8               
  549  549 A D        +     0   0  147      1,-0.0     0, 0.0     2,-0.0     0, 0.0  -0.066  19.1 143.6 -86.8-167.4  -30.7   39.7  -37.8               
  550  550 A W        -     0   0  219     -2,-0.0    -1,-0.0     2,-0.0     0, 0.0   0.850  30.6-108.8 114.6  89.0  -28.7   38.5  -41.0               
  551  551 A T        -     0   0  117      1,-0.0    -2,-0.0     2,-0.0     0, 0.0   0.824  20.5-105.2  51.5 127.2  -25.9   36.4  -42.1               
  552  552 A S        +     0   0  112      2,-0.0    -1,-0.0     0, 0.0    -2,-0.0  -0.087  19.7 168.7 -54.9 173.4  -22.3   36.0  -43.4               
  553  553 A P        -     0   0  115      0, 0.0    -2,-0.0     0, 0.0     0, 0.0   0.264  15.2-129.4-153.2 171.8  -20.2   35.3  -45.8               
  554  554 A S        +     0   0  107      0, 0.0     2,-0.2     0, 0.0    -2,-0.0   0.535  11.5 176.3  22.7 126.1  -16.7   35.3  -47.2               
  555  555 A K        +     0   0  209      2,-0.0     2,-0.1     0, 0.0     0, 0.0  -0.489  10.8 176.5-172.3 139.0  -14.3   36.2  -50.0               
  556  556 A S        +     0   0  106     -2,-0.2     0, 0.0     0, 0.0     0, 0.0   0.545   5.7 152.1 103.6 148.7  -10.9   35.9  -50.5               
  557  557 A S        +     0   0  104     -2,-0.1    -2,-0.0     0, 0.0     0, 0.0   0.470  14.8 133.6  74.5 144.7   -8.0   36.4  -53.1               
  558  558 A D        -     0   0  147      2,-0.0     0, 0.0     0, 0.0     0, 0.0   0.740  35.1 -88.5-166.7-177.6   -4.9   37.0  -53.5               
  559  559 A R        -     0   0  235      1,-0.0     2,-0.0     0, 0.0     0, 0.0   0.904  19.2-171.9 100.9  78.1   -1.1   37.2  -54.5               
  560  560 A R        +     0   0  234      2,-0.0     2,-0.3     0, 0.0    -2,-0.0  -0.254   6.4 175.2 -29.7 137.1    2.1   35.6  -53.2               
  561  561 A N        +     0   0  159      2,-0.0     2,-0.3    -2,-0.0     0, 0.0  -0.902   8.8 156.0-146.5 154.7    5.5   36.5  -54.3               
  562  562 A S        +     0   0  102     -2,-0.3     2,-0.3     2,-0.0    -2,-0.0  -0.911   3.9 161.9-159.9 134.1    8.9   35.1  -52.8               
  563  563 A L        -     0   0  150     -2,-0.3    -2,-0.0     2,-0.0     0, 0.0  -0.970  35.6 -88.9-155.0 165.6   12.5   34.6  -54.0               
  564  564 A E        -     0   0  178     -2,-0.3    -2,-0.0     1,-0.0     2,-0.0  -0.081  24.5-170.9 -77.5 164.0   16.0   34.0  -52.4               
  565  565 A G        -     0   0   71      0, 0.0    -1,-0.0     0, 0.0    -2,-0.0  -0.352  34.4 -92.2-165.4  77.2   18.8   36.2  -51.1               
  566  566 A Y        -     0   0  217      1,-0.1     2,-0.3    -2,-0.0     0, 0.0   0.886  17.8-128.9  47.2 121.0   22.3   35.0  -50.1               
  567  567 A S        +     0   0  111      2,-0.0     2,-0.2     0, 0.0    -1,-0.1  -0.734  37.6 147.8 -76.9 142.7   24.3   33.8  -47.1               
  568  568 A R        -     0   0  233     -2,-0.3     2,-0.2     2,-0.0     0, 0.0  -0.761  24.1-156.0-165.8 147.2   27.6   35.4  -46.2               
  569  569 A S        +     0   0  113     -2,-0.2     2,-0.1     0, 0.0    -2,-0.0  -0.617  11.4 175.7 -91.6 161.5   29.5   36.0  -42.9               
  570  570 A V        -     0   0  130     -2,-0.2    -2,-0.0     0, 0.0     0, 0.0  -0.506  26.0 -68.8-171.0 131.2   32.2   38.5  -41.8               
  571  571 A R        -     0   0  222     -2,-0.1     0, 0.0     1,-0.1     0, 0.0   0.586  29.6 -99.6  26.1 115.7   34.2   39.5  -38.7               
  572  572 A S        -     0   0  117      0, 0.0     2,-0.2     0, 0.0    -1,-0.1   0.329  16.4-150.9  31.7 118.0   34.4   41.1  -35.5               
  573  573 A R        -     0   0  243      2,-0.1     2,-0.1     0, 0.0     0, 0.0  -0.795  10.6-161.7-148.7 135.0   35.5   44.3  -33.8               
  574  574 A S        +     0   0  129     -2,-0.2     2,-0.1     0, 0.0     0, 0.0   0.108   9.9 174.6  83.4 119.8   36.8   44.9  -30.7               
  575  575 A G        -     0   0   53     -2,-0.1    -2,-0.1     0, 0.0     0, 0.0  -0.151  24.6 -70.7 145.1  95.8   37.2   48.0  -28.5               
  576  576 A E        -     0   0  188      1,-0.2     2,-0.1    -2,-0.1     0, 0.0   0.599  13.3-118.8  76.4 108.2   38.2   48.8  -25.2               
  577  577 A R        -     0   0  239      0, 0.0     2,-0.3     0, 0.0    -1,-0.2  -0.360  16.1-143.3  89.4  87.7   38.4   49.1  -21.8               
  578  578 A W        +     0   0  257      1,-0.1     0, 0.0    -2,-0.1     0, 0.0  -0.937  38.3  32.0-130.6 151.7   38.6   51.6  -19.0               
  579  579 A G        -     0   0   66     -2,-0.3    -1,-0.1     2,-0.0     0, 0.0   0.774  35.0-120.1-176.3 162.0   40.1   51.7  -16.2               
  580  580 A A        -     0   0  100      1,-0.0    -2,-0.0     0, 0.0     0, 0.0   0.217  35.5 -86.9 -31.3 133.3   42.4   51.5  -13.1               
  581  581 A D        -     0   0  168      0, 0.0    -2,-0.0     0, 0.0     2,-0.0   0.861  14.7-165.8  90.0 132.4   42.7   50.5   -9.8               
  582  582 A G        -     0   0   73      0, 0.0     0, 0.0     0, 0.0     0, 0.0  -0.253  23.1-138.7 168.7  84.6   42.1   51.3   -6.1               
  583  583 A D        +     0   0  116     -2,-0.0     0, 0.0     1,-0.0     0, 0.0   0.176  44.5  19.1 -47.6 158.1   43.6   49.4   -3.0               
  584  584 A R        +     0   0  223      1,-0.1     2,-0.1     0, 0.0    -1,-0.0   0.968  37.0 144.6  61.5 122.9   42.4   48.2    0.5               
  585  585 A G        -     0   0   81      2,-0.0    -1,-0.1     0, 0.0     0, 0.0  -0.399  25.4-150.4 177.0 109.5   39.3   47.4    2.6               
  586  586 A L        -     0   0  170      1,-0.1     2,-0.0    -2,-0.1     0, 0.0  -0.261  27.3-101.8 -75.8 159.8   38.6   44.7    5.3               
  587  587 A P        -     0   0  113      0, 0.0    -1,-0.1     0, 0.0    -2,-0.0  -0.268  26.1-147.3 -79.8 165.3   35.2   43.0    6.2               
  588  588 A K        +     0   0  201      2,-0.0     2,-0.3    -2,-0.0     0, 0.0  -0.905  17.7 170.5-139.5 115.9   32.7   43.6    9.1               
  589  589 A P        -     0   0  124      0, 0.0     2,-0.2     0, 0.0     0, 0.0  -0.765  20.8-147.8 -94.5 159.2   30.3   41.3   11.0               
  590  590 A W        +     0   0  221     -2,-0.3     2,-0.2     2,-0.0    -2,-0.0  -0.876  17.0 173.6-156.4 135.3   28.4   42.4   14.2               
  591  591 A E        -     0   0  169     -2,-0.2     2,-0.2     0, 0.0     0, 0.0  -0.441  22.2-134.4  88.0 101.1   27.4   40.9   17.0               
  592  592 A E        +     0   0  138     -2,-0.2    -2,-0.0     2,-0.0     2,-0.0  -0.877  42.9 160.6-148.4 145.3   25.8   41.9   20.3               
  593  593 A R        +     0   0  177     -2,-0.2    -1,-0.0     0, 0.0     0, 0.0   0.454  29.9 173.2-175.1 165.7   26.9   40.6   23.3               
  594  594 A R        +     0   0  166     -2,-0.0    -2,-0.0     0, 0.0     0, 0.0   0.416  32.0  65.8  81.2 144.3   28.0   39.7   26.9               
  595  595 A K        -     0   0  181      0, 0.0     0, 0.0     0, 0.0     0, 0.0   0.264  46.3-123.2-154.6 113.8   29.1   38.1   29.4               
  596  596 A R        +     0   0  191      2,-0.0     0, 0.0     0, 0.0     0, 0.0   0.947  29.0  40.2  63.4 127.8   32.6   37.1   30.6               
  597  597 A R        -     0   0  216      1,-0.0     2,-0.2     0, 0.0     0, 0.0   0.747  20.2-154.2  92.4 136.5   35.5   35.0   31.7               
  598  598 A S        +     0   0  108      0, 0.0     2,-0.1     0, 0.0    -1,-0.0  -0.703  17.5 145.7-106.5 156.7   37.8   32.0   31.8               
  599  599 A L        -     0   0  167     -2,-0.2     0, 0.0     0, 0.0     0, 0.0  -0.026  26.8 -46.4 171.5 145.5   40.1   29.9   33.8               
  600  600 A S        -     0   0  102     -2,-0.1     0, 0.0     0, 0.0     0, 0.0   0.955  39.6 -12.6  61.5 123.4   41.8   26.7   34.8               
  601  601 A S        +     0   0  103      0, 0.0     0, 0.0     0, 0.0     0, 0.0   0.879  32.6  15.9  64.9 112.2   42.0   23.1   35.7               
  602  602 A D        +     0   0  125      0, 0.0     0, 0.0     0, 0.0     0, 0.0   0.802  26.4  66.6 106.5 140.1   41.2   19.7   36.8               
  603  603 A R        +     0   0  228      0, 0.0     0, 0.0     0, 0.0     0, 0.0   0.777  29.5 104.3  63.0 138.2   39.6   16.2   37.7               
  604  604 A G        -     0   0   76      0, 0.0     0, 0.0     0, 0.0     0, 0.0   0.892  31.9-106.5 168.3 174.9   38.1   13.5   36.8               
  605  605 A R        -     0   0  221      0, 0.0     0, 0.0     0, 0.0     0, 0.0   0.502  17.2 -88.8-168.1 133.4   37.9   10.2   36.2               
  606  606 A T        +     0   0  118      1,-0.0     2,-0.0     0, 0.0     0, 0.0   0.507  31.5 133.7  62.8 159.3   37.7    6.9   34.2               
  607  607 A T        +     0   0  134      1,-0.0     2,-0.2     0, 0.0    -1,-0.0   0.571  44.0 131.6-121.7 163.9   37.0    4.1   32.6               
  608  608 A H        +     0   0  173      1,-0.1    -1,-0.0    -2,-0.0     0, 0.0  -0.469  16.2 160.4-120.8-172.1   38.5    2.9   29.2               
  609  609 A S        +     0   0   99     -2,-0.2     2,-0.2     1,-0.1    -1,-0.1   0.721  17.6 114.4-165.1 161.3   39.9    1.0   26.9               
  610  610 A P        +     0   0   98      0, 0.0     2,-0.2     0, 0.0    -1,-0.1  -0.726  33.6 131.0-104.6 171.5   41.0   -0.3   23.5               
  611  611 A Y        -     0   0  202     -2,-0.2     2,-0.2     0, 0.0     0, 0.0  -0.777  25.0-100.1 161.4-158.6   44.5   -0.7   21.8               
  612  612 A E        +     0   0  132     -2,-0.2     0, 0.0     1,-0.0     0, 0.0  -0.543  25.9  19.2-134.9 165.0   47.1   -2.7   19.9               
  613  613 A E        +     0   0  133     -2,-0.2    -1,-0.0     0, 0.0     0, 0.0   0.915  34.6  29.7  67.1 139.2   50.2   -4.8   18.7               
  614  614 A R        +     0   0  203      0, 0.0    -2,-0.0     0, 0.0     2,-0.0   0.844  27.3  90.2  49.0 120.4   53.1   -7.2   18.9               
  615  615 A S        -     0   0  109      0, 0.0     0, 0.0     0, 0.0     0, 0.0   0.278  26.5-125.1-173.0 165.5   55.1   -9.6   19.8               
  616  616 A R        +     0   0  234     -2,-0.0     2,-0.0     0, 0.0     0, 0.0   0.210  24.7 136.7 -15.1 140.4   56.6  -13.3   19.7               
  617  617 A T        -     0   0  131      2,-0.0     0, 0.0     0, 0.0     0, 0.0   0.319  32.9-110.7-159.8 136.1   57.4  -16.2   21.2               
  618  618 A K        +     0   0  211     -2,-0.0     2,-0.0     0, 0.0     0, 0.0   0.768  29.9 102.3  94.6 114.4   57.1  -19.7   20.6               
  619  619 A G        -     0   0   74      0, 0.0    -2,-0.0     0, 0.0     2,-0.0   0.180  23.3 -83.4  97.7 155.0   55.8  -23.4   21.1               
  620  620 A S        +     0   0  127      2,-0.0     0, 0.0    -2,-0.0     0, 0.0   0.501  32.1  88.9-175.2 151.3   54.2  -26.1   20.7               
  621  621 A G        -     0   0   65     -2,-0.0     2,-0.2     0, 0.0     0, 0.0   0.665  19.4-169.7  84.3 107.6   51.8  -29.2   20.4               
  622  622 A Q        +     0   0  169      0, 0.0    -2,-0.0     0, 0.0     0, 0.0  -0.061  28.4  92.8  77.5 115.8   49.5  -30.2   18.3               
  623  623 A Q        +     0   0  169     -2,-0.2     0, 0.0     0, 0.0     0, 0.0   0.612  25.8 149.8  66.2 149.2   46.9  -33.1   18.6               
  624  624 A S        -     0   0   96      0, 0.0     0, 0.0     0, 0.0     0, 0.0   0.783  21.8-171.8-170.8 176.5   44.2  -34.6   19.2               
  625  625 A E        +     0   0  130      0, 0.0     0, 0.0     0, 0.0     0, 0.0   0.951  35.9  47.4  67.1 120.6   40.9  -36.6   19.6               
  626  626 A R        -     0   0  228      0, 0.0     2,-0.0     0, 0.0     0, 0.0   0.684  18.4-177.9  65.2 149.1   37.6  -36.9   21.4               
  627  627 A G        +     0   0   68      2,-0.0     0, 0.0     0, 0.0     0, 0.0   0.659  11.0 149.0 146.5 161.5   34.8  -36.5   22.7               
  628  628 A S        -     0   0  102     -2,-0.0     0, 0.0     0, 0.0     0, 0.0   0.935  35.9-105.2  65.4 113.1   31.5  -37.3   24.7               
  629  629 A D        +     0   0  139      0, 0.0     2,-0.1     0, 0.0    -2,-0.0   0.234  25.2 170.6   4.6 134.8   29.1  -35.5   26.8               
  630  630 A R        -     0   0  242      0, 0.0     0, 0.0     0, 0.0     0, 0.0  -0.479  11.6-163.4-162.6 146.7   28.0  -35.1   30.1               
  631  631 A T        -     0   0  138      1,-0.2     0, 0.0    -2,-0.1     0, 0.0  -0.083  36.4 -60.9 -94.6-172.0   25.5  -32.6   31.7               
  632  632 A P        +     0   0  113      0, 0.0     2,-0.2     0, 0.0    -1,-0.2  -0.015  35.9 174.5 -85.2 173.5   25.1  -31.6   35.4               
  633  633 A E        -     0   0  136      1,-0.3     0, 0.0     2,-0.0     0, 0.0  -0.664  20.0 -59.9-166.6 148.7   24.3  -32.6   38.9               
  634  634 A R        +     0   0  204     -2,-0.2    -1,-0.3     0, 0.0     0, 0.0   0.532  18.2 164.3  64.1 163.3   24.1  -31.6   42.5               
  635  635 A S        +     0   0   91      0, 0.0    -2,-0.0     0, 0.0     0, 0.0   0.832  10.5 169.2-139.2 155.4   24.4  -30.6   45.6               
  636  636 A R        +     0   0  202      0, 0.0     0, 0.0     0, 0.0     0, 0.0   0.538   0.1 170.4  55.1 134.7   23.0  -29.5   48.7               
  637  637 A K        -     0   0  136      0, 0.0     0, 0.0     0, 0.0     0, 0.0   0.691  14.5-100.6 179.8 131.2   23.3  -28.8   51.8               
  638  638 A E        +     0   0  126      0, 0.0     0, 0.0     0, 0.0     0, 0.0   0.619  14.4 151.4  65.8 161.3   21.9  -27.3   55.1               
  639  639 A N        -     0   0  106      0, 0.0     0, 0.0     0, 0.0     0, 0.0   0.829  13.4 -50.6-164.2 179.6   20.9  -25.7   57.8               
  640  640 A H        +     0   0  158      0, 0.0     2,-0.1     0, 0.0     0, 0.0   0.760  16.9 176.6  74.5 125.0   19.4  -24.0   61.0               
  641  641 A S        +     0   0  104      0, 0.0     2,-0.0     0, 0.0     0, 0.0   0.476   3.8 178.7  79.7 138.8   17.2  -22.4   62.9               
  642  642 A S        -     0   0   89     -2,-0.1     0, 0.0     0, 0.0     0, 0.0   0.633  14.5 -65.1-153.8-173.7   15.6  -21.0   65.3               
  643  643 A E        +     0   0  176     -2,-0.0     0, 0.0     1,-0.0     0, 0.0   0.566  14.5 164.2  14.4 143.5   13.1  -19.1   67.5               
  644  644 A G        +     0   0   65      0, 0.0    -1,-0.0     0, 0.0     0, 0.0   0.721   7.1 157.2 151.1-177.9   11.5  -16.6   68.5               
  645  645 A T        +     0   0  126      0, 0.0     0, 0.0     0, 0.0     0, 0.0   0.847  15.2  89.0  72.8 138.3    8.5  -15.3   70.6               
  646  646 A K        +     0   0  158      0, 0.0     0, 0.0     0, 0.0     0, 0.0   0.674  22.9 173.8  73.6 149.8    6.7  -12.5   72.6               
  647  647 A E        +     0   0  140      2,-0.0     0, 0.0     0, 0.0     0, 0.0   0.758  20.4 129.2-166.0 170.6    4.7   -9.9   73.1               
  648  648 A S        -     0   0  101      0, 0.0     0, 0.0     0, 0.0     0, 0.0   0.829  33.0-103.8  50.7  99.7    2.5   -6.9   74.1               
  649  649 A S        +     0   0  108      0, 0.0    -2,-0.0     0, 0.0     0, 0.0   0.858  29.8 112.3  57.6 136.8    1.6   -3.4   73.5               
  650  650 A S        -     0   0  103      0, 0.0     0, 0.0     0, 0.0     0, 0.0   0.818  23.8 -73.4 101.8 121.3    1.6    0.3   74.2               
  651  651 A N        +     0   0  148      0, 0.0     0, 0.0     0, 0.0     0, 0.0   0.965  27.8  68.9  68.7 143.3    2.2    4.0   74.0               
  652  652 A S        +     0   0  101      0, 0.0     0, 0.0     0, 0.0     0, 0.0   0.994  23.7  50.0  77.9 116.0    3.8    7.4   74.1               
  653  653 A L        +     0   0  166      0, 0.0     0, 0.0     0, 0.0     0, 0.0   0.782  12.4  99.0  72.8 150.4    5.9   10.3   73.3               
  654  654 A S        -     0   0   85      0, 0.0     0, 0.0     0, 0.0     0, 0.0   0.804  11.2 -72.4-166.3 176.3    7.7   12.7   72.3               
  655  655 A N        +     0   0  142      0, 0.0     0, 0.0     0, 0.0     0, 0.0   0.693  21.1  48.2  75.7 147.9    9.5   16.0   71.2               
  656  656 A S        -     0   0   80      0, 0.0     0, 0.0     0, 0.0     0, 0.0   0.674  37.0 -36.0-162.0 163.9   10.5   18.6   69.9               
  657  657 A R        +     0   0  216      0, 0.0     2,-0.0     0, 0.0     0, 0.0   0.910  49.4  69.9  70.1 122.6   10.7   22.1   68.3               
  658  658 A H        +     0   0  165      0, 0.0     2,-0.1     0, 0.0     0, 0.0   0.710  30.3 113.0-134.1-177.9    9.2   24.3   66.4               
  659  659 A G        -     0   0   59     -2,-0.0     0, 0.0     0, 0.0     0, 0.0   0.565  17.9-164.2  86.9 149.7    6.7   26.4   65.8               
  660  660 A A        -     0   0   84     -2,-0.1     0, 0.0     0, 0.0     0, 0.0   0.844  27.3  -3.0-164.7 169.2    5.4   29.3   65.3               
  661  661 A E        -     0   0  135      0, 0.0     2,-0.1     0, 0.0     0, 0.0   0.884  42.6 -22.3-169.6 167.8    2.4   31.2   65.2               
  662  662 A E        +     0   0  135      0, 0.0     2,-0.1     0, 0.0     0, 0.0   0.512  24.4 164.4-107.0-171.4   -0.9   32.5   65.3               
  663  663 A R        -     0   0  164     -2,-0.1     0, 0.0     0, 0.0     0, 0.0   0.417  14.4-141.5  71.7 155.0   -4.3   31.9   65.0               
  664  664 A G        -     0   0   67     -2,-0.1     0, 0.0     2,-0.0     0, 0.0   0.835  26.6 -23.8-177.7-175.5   -7.4   32.8   65.4               
  665  665 A H        +     0   0  139      0, 0.0     0, 0.0     0, 0.0     0, 0.0   0.664  23.8 131.0-170.6 148.1  -10.4   31.9   66.2               
  666  666 A H        +     0   0  149      0, 0.0    -2,-0.0     0, 0.0     0, 0.0   0.757   6.7 177.1  32.3 159.4  -13.8   30.2   66.9               
  667  667 A H        -     0   0  138      0, 0.0     0, 0.0     0, 0.0     0, 0.0   0.797  10.4 -66.6-165.6 168.8  -16.7   29.2   68.3               
  668  668 A H        -     0   0  133      0, 0.0     0, 0.0     0, 0.0     0, 0.0   0.985  17.5-103.5  75.1 109.9  -20.1   27.6   69.2               
  669  669 A H        +     0   0  154      0, 0.0     0, 0.0     0, 0.0     0, 0.0   0.983  19.0 111.9  77.8 140.0  -23.7   26.9   69.3               
  670  670 A H        -     0   0  146      0, 0.0     0, 0.0     0, 0.0     0, 0.0   0.849  28.7 -21.9  86.4 128.4  -27.5   26.5   70.1               
  671  671 A E        -     0   0  161      0, 0.0     0, 0.0     0, 0.0     0, 0.0   0.805  28.5-105.9  45.7 111.6  -31.3   27.0   70.0               
  672  672 A A        +     0   0   98      0, 0.0     0, 0.0     0, 0.0     0, 0.0   0.946  25.5 138.3  65.1 153.8  -34.4   28.4   69.0               
  673  673 A A        -     0   0   96      0, 0.0     0, 0.0     0, 0.0     0, 0.0   0.968  30.8-125.0  85.0  81.6  -37.7   30.4   69.8               
  674  674 A D        +     0   0  158      0, 0.0     0, 0.0     0, 0.0     0, 0.0   0.944  25.8 127.0  71.1 151.3  -39.7   33.0   68.2               
  675  675 A S        -     0   0  105      0, 0.0     2,-0.0     0, 0.0     0, 0.0   0.484  20.8 -25.9  67.7 162.3  -41.6   36.4   68.0               
  676  676 A S        -     0   0   92      0, 0.0     0, 0.0     0, 0.0     0, 0.0   0.258  27.5  -8.0-164.6 145.1  -42.5   39.4   66.8               
  677  677 A H        +     0   0  191      2,-0.0     0, 0.0    -2,-0.0     0, 0.0   0.659  14.5 163.6  57.5 148.4  -43.2   42.9   65.1               
  678  678 A G        -     0   0   67      0, 0.0     2,-0.0     0, 0.0     0, 0.0   0.786  23.7 -79.5-164.4-153.8  -42.5   45.6   63.4               
  679  679 A K        -     0   0  210      0, 0.0     2,-0.2     0, 0.0    -2,-0.0   0.617  18.5-134.4-143.5-162.6  -43.2   48.3   61.7               
  680  680 A K        -     0   0  209     -2,-0.0     2,-0.2     0, 0.0     0, 0.0  -0.708   6.6-174.4-103.5 154.3  -44.3   50.2   58.4               
  681  681 A A        +     0   0  102     -2,-0.2     0, 0.0     0, 0.0     0, 0.0  -0.641  44.3   1.6-171.7 147.4  -43.8   53.1   55.9               
  682  682 A R        -     0   0  220     -2,-0.2     0, 0.0     1,-0.0     0, 0.0   0.422  35.8-147.7-161.9 136.3  -45.5   54.0   53.3               
  683  683 A D        +     0   0  117      0, 0.0    -1,-0.0     0, 0.0     2,-0.0   0.667  12.9 157.1  19.2 133.2  -48.4   54.1   50.6               
  684  684 A S        -     0   0  119      0, 0.0     2,-0.0     0, 0.0     0, 0.0   0.201  27.5-176.0 159.1 144.8  -49.7   54.7   47.2               
  685  685 A E        +     0   0  143     -2,-0.0     0, 0.0     0, 0.0     0, 0.0   0.205  25.4 145.1 172.7 130.7  -52.3   53.6   45.4               
  686  686 A R        -     0   0  197     -2,-0.0     0, 0.0     0, 0.0     0, 0.0   0.750  19.2-134.0 122.0 104.1  -55.1   52.7   42.8               
  687  687 A N        -     0   0  113      0, 0.0     0, 0.0     0, 0.0     0, 0.0   0.703   9.3-174.3  49.4 141.9  -57.5   50.5   41.4               
  688  688 A H        -     0   0  168      0, 0.0     2,-0.1     0, 0.0     0, 0.0   0.791  18.5 -65.0-172.5 156.4  -59.4   48.8   39.4               
  689  689 A R        -     0   0  241      2,-0.0     2,-0.2     0, 0.0     0, 0.0  -0.162  20.9-162.5 168.7 153.3  -61.9   46.6   37.6               
  690  690 A T        +     0   0  119     -2,-0.1     2,-0.2     2,-0.0     0, 0.0  -0.579  12.6 175.8-104.4 162.1  -63.1   43.0   37.1               
  691  691 A T        -     0   0  148     -2,-0.2     2,-0.3     2,-0.1    -2,-0.0  -0.811  31.5-124.6-159.3 152.9  -65.1   40.6   35.0               
  692  692 A E        +     0   0  190     -2,-0.2     2,-0.3     2,-0.0    -2,-0.0  -0.724  35.5 148.6-109.3 141.2  -65.4   36.8   35.5               
  693  693 A A        -     0   0  102     -2,-0.3    -2,-0.1     0, 0.0     0, 0.0  -0.914  47.9 -97.6-156.6 144.6  -64.8   33.5   33.7               
  694  694 A E        -     0   0  179     -2,-0.3     2,-0.8     1,-0.1    -2,-0.0  -0.277  26.9-123.5 -68.9 144.9  -63.7   30.1   35.3               
  695  695 A P        -     0   0  125      0, 0.0    -1,-0.1     0, 0.0     0, 0.0  -0.711  23.1-166.7 -83.4 110.2  -60.1   28.7   35.4               
  696  696 A K        -     0   0  176     -2,-0.8     2,-0.4     1,-0.0     0, 0.0  -0.772  36.4-101.6 -84.3 142.0  -59.8   25.2   33.8               
  697  697 A P        -     0   0  129      0, 0.0     2,-1.1     0, 0.0     3,-0.1  -0.506  31.4-139.6 -70.6 118.0  -56.5   23.5   34.7               
  698  698 A L        -     0   0  169     -2,-0.4    -2,-0.0     1,-0.1     0, 0.0  -0.730  39.8 -93.2 -87.9  94.4  -54.1   23.8   31.7               
  699  699 A E        -     0   0  139     -2,-1.1    -1,-0.1     1,-0.1     0, 0.0   0.670  24.3-108.3  18.5 127.0  -52.3   20.4   31.4               
  700  700 A E        -     0   0  168      1,-0.1     2,-1.9    -3,-0.1    -1,-0.1  -0.384  52.2 -94.0 -53.7 145.7  -49.0   18.9   32.6               
  701  701 A P        -     0   0  119      0, 0.0     2,-0.4     0, 0.0    -1,-0.1  -0.493  42.9-147.1 -70.8  85.9  -46.4   18.6   29.8               
  702  702 A K        -     0   0  147     -2,-1.9     2,-1.7     1,-0.1    -3,-0.0  -0.416  14.6-129.9 -52.1 108.6  -47.3   14.9   28.9               
  703  703 A H        -     0   0  181     -2,-0.4     2,-0.2     1,-0.0    -1,-0.1  -0.512  20.7-146.3 -68.7  87.0  -43.8   13.6   27.8               
  704  704 A E        -     0   0  162     -2,-1.7     2,-2.2     1,-0.1    -1,-0.0  -0.421  19.0-121.5 -54.0 121.3  -44.8   12.0   24.4               
  705  705 A T        -     0   0  137     -2,-0.2     2,-0.5     1,-0.0    -1,-0.1  -0.468  26.8-154.9 -74.7  77.2  -42.5    9.0   24.1               
  706  706 A K        -     0   0  180     -2,-2.2     2,-0.4     1,-0.1    -1,-0.0  -0.418  21.2-124.0 -50.9 105.0  -40.9   10.0   20.8               
  707  707 A K        -     0   0  186     -2,-0.5     2,-0.1     1,-0.1    -1,-0.1  -0.501  22.0-125.1 -59.8 113.1  -39.8    6.5   19.4               
  708  708 A L        -     0   0   54     -2,-0.4    -1,-0.1     1,-0.1     3,-0.1  -0.416  29.9-177.9 -56.6 131.1  -36.1    6.7   18.8               
  709  709 A K        +     0   0  168      1,-0.1     2,-0.3    -2,-0.1    -1,-0.1   0.678  59.0  46.6-106.2 -30.0  -35.5    5.7   15.2               
  710  710 A N  S  > S-     0   0   70      1,-0.1     4,-2.2   166,-0.1     3,-0.4  -0.869  71.9-129.4-125.6 148.5  -31.7    5.8   14.9               
  711  711 A L  H  > S+     0   0    7     -2,-0.3     4,-2.5     1,-0.2     5,-0.1   0.821 112.7  60.9 -69.5 -25.3  -28.7    4.6   17.0               
  712  712 A S  H  > S+     0   0   51      2,-0.2     4,-1.2     1,-0.2    -1,-0.2   0.880 106.3  45.8 -62.6 -37.2  -27.3    8.1   16.8               
  713  713 A E  H  > S+     0   0   72     -3,-0.4     4,-0.6     2,-0.2     3,-0.3   0.927 112.4  50.3 -71.5 -42.5  -30.5    9.3   18.6               
  714  714 A Y  H >< S+     0   0   23     -4,-2.2     3,-1.4     1,-0.2     4,-0.4   0.920 106.7  55.5 -59.3 -41.6  -30.2    6.5   21.2               
  715  715 A A  H >< S+     0   0    1     -4,-2.5     3,-1.3     1,-0.3    -1,-0.2   0.846  99.2  60.9 -61.6 -32.0  -26.5    7.5   21.7               
  716  716 A Q  H 3< S+     0   0  154     -4,-1.2    -1,-0.3    -3,-0.3    -2,-0.2   0.684  98.3  58.4 -69.1 -17.4  -27.7   11.1   22.6               
  717  717 A T  T << S+     0   0   88     -3,-1.4     2,-0.3    -4,-0.6    -1,-0.3   0.568  99.0  77.7 -81.8 -10.6  -29.7    9.5   25.5               
  718  718 A L  S <  S-     0   0   36     -3,-1.3     2,-0.2    -4,-0.4    22,-0.1  -0.690  95.4 -96.2 -99.1 152.5  -26.3    8.1   26.9               
  719  719 A Q        -     0   0  144     20,-0.3    20,-2.8    -2,-0.3     2,-1.0  -0.465  37.2-121.4 -67.1 129.5  -23.6    9.9   28.8               
  720  720 A L  E     +M  738   0G  92     18,-0.2    18,-0.3    -2,-0.2     3,-0.1  -0.610  35.5 174.2 -74.6 101.6  -20.7   11.1   26.5               
  721  721 A G  E     -     0   0G   7     16,-1.3     2,-0.3    -2,-1.0    17,-0.2   0.891  64.6  -2.3 -75.1 -41.4  -17.6    9.4   28.0               
  722  722 A W  E     -M  737   0G  11     15,-2.1    15,-3.2     2,-0.0     2,-0.3  -0.995  54.8-170.8-152.3 150.9  -15.1   10.5   25.3               
  723  723 A N  E     +M  736   0G  78     -2,-0.3     2,-0.3    13,-0.2    13,-0.2  -0.982  41.4  75.8-146.1 134.7  -15.0   12.4   21.9               
  724  724 A G  E    S-M  735   0G   3     11,-1.9    11,-2.9    -2,-0.3     2,-0.5  -0.957  74.2 -31.2 166.3-149.3  -12.1   12.7   19.4               
  725  725 A L  E     -Mn 734 762G   1     36,-2.6    38,-2.7    -2,-0.3     2,-0.4  -0.920  33.7-155.4-112.4 116.7  -10.1   10.9   16.7               
  726  726 A L  E     -Mn 733 763G   0      7,-2.4     7,-2.9    -2,-0.5     2,-0.4  -0.721  25.3-154.3 -74.3 138.2   -9.5    7.2   16.4               
  727  727 A V  E     +Mn 732 764G   5     36,-2.7    38,-2.7    -2,-0.4     2,-0.4  -0.971  22.3 174.9-125.2 128.3   -6.3    6.7   14.3               
  728  728 A L  E >   -M  731   0G  21      3,-2.7     3,-1.2    -2,-0.4     2,-0.4  -0.952  65.4 -56.9-132.2 115.9   -5.2    3.7   12.2               
  729  729 A K  T 3  S-     0   0  151     -2,-0.4    37,-0.0    36,-0.4    36,-0.0  -0.443 124.1 -10.4  51.5-109.2   -2.0    4.1   10.1               
  730  730 A N  T 3  S+     0   0  117     -2,-0.4    87,-2.6    86,-0.1     2,-0.4  -0.134 122.1  82.1-108.9  24.5   -2.5    7.2    7.9               
  731  731 A S  E <   -Mo 728 817G  17     -3,-1.2    -3,-2.7    85,-0.2     2,-0.3  -1.000  56.4-158.2-136.8 140.0   -6.3    7.7    8.6               
  732  732 A C  E     -Mo 727 818G   0     85,-1.5    87,-2.8    -2,-0.4    -5,-0.2  -0.900   5.4-156.5-117.2 144.8   -8.3    9.3   11.4               
  733  733 A F  E     -M  726   0G   9     -7,-2.9    -7,-2.4    -2,-0.3     2,-0.3  -0.958  18.2-132.2-127.7 106.1  -12.0    8.6   12.3               
  734  734 A P  E     +M  725   0G   4      0, 0.0    65,-1.6     0, 0.0    87,-0.4  -0.494  39.9 178.1 -61.8 118.8  -14.1   11.2   14.2               
  735  735 A T  E     -MP 724 798G   0    -11,-2.9   -11,-1.9    -2,-0.3     2,-0.5  -0.994  27.1-161.4-138.2 126.4  -15.7    9.2   17.0               
  736  736 A S  E     -MP 723 797G  15     61,-2.2    61,-2.9    -2,-0.4     2,-0.5  -0.927  15.6-157.2-106.2 127.8  -18.0   10.0   19.9               
  737  737 A M  E     -MP 722 796G   0    -15,-3.2   -15,-2.1    -2,-0.5   -16,-1.3  -0.939   7.7-169.7-114.1 119.2  -18.1    7.3   22.7               
  738  738 A H  E     -MP 720 795G  20     57,-2.5    57,-3.0    -2,-0.5   -18,-0.2  -0.861  29.8-103.7-113.2 138.0  -21.1    7.1   25.0               
  739  739 A I  E     + P   0 794G  23    -20,-2.8   -20,-0.3    -2,-0.4    55,-0.3  -0.382  39.6 165.0 -67.4 132.9  -21.2    5.0   28.2               
  740  740 A L  E     -     0   0G  45     53,-3.1     2,-0.3     1,-0.4    54,-0.2   0.702  69.6 -12.6-104.0 -43.1  -23.2    1.6   28.1               
  741  741 A E  E    S+ P   0 793G  94     52,-1.6    52,-3.1     2,-0.0    -1,-0.4  -0.978  97.7  34.8-158.2 157.6  -21.9   -0.0   31.3               
  742  742 A G  E    S- P   0 792G  37     -2,-0.3     2,-0.4    50,-0.3    50,-0.3  -0.350  87.2 -25.8  86.2-168.0  -19.1    0.3   34.0               
  743  743 A D    >>  -     0   0   50     48,-2.4     4,-1.1    45,-0.3     3,-0.8  -0.704  28.4-156.5 -97.3 128.4  -17.2    3.3   35.6               
  744  744 A Q  H 3> S+     0   0   58     -2,-0.4     4,-2.6     1,-0.2    -1,-0.1   0.723  96.6  69.2 -67.3 -20.5  -16.7    6.8   34.2               
  745  745 A G  H 3> S+     0   0   32      2,-0.2     4,-0.5     1,-0.2    -1,-0.2   0.874  95.5  53.6 -63.1 -35.7  -13.7    7.0   36.6               
  746  746 A V  H X> S+     0   0    1     -3,-0.8     4,-2.7     2,-0.2     3,-0.9   0.952 113.1  42.4 -62.4 -48.4  -11.9    4.4   34.4               
  747  747 A I  H 3X S+     0   0    4     -4,-1.1     4,-1.8     1,-0.2    -2,-0.2   0.933 114.3  52.2 -60.4 -45.6  -12.5    6.6   31.3               
  748  748 A S  H 3< S+     0   0   46     -4,-2.6    -1,-0.2     1,-0.2    -2,-0.2   0.453 118.0  37.0 -76.7  -3.6  -11.6    9.7   33.3               
  749  749 A S  H X< S+     0   0   43     -3,-0.9     3,-0.6    -4,-0.5    -2,-0.2   0.734 121.3  39.3-109.4 -45.6   -8.2    8.2   34.4               
  750  750 A L  H 3< S+     0   0    3     -4,-2.7    91,-0.4     1,-0.2    -3,-0.2   0.660 110.5  57.9 -84.9 -19.0   -7.0    6.1   31.4               
  751  751 A L  T 3< S+     0   0    5     -4,-1.8     9,-2.4    -5,-0.3     2,-0.3  -0.057  85.4 103.9-103.6  31.6   -8.1    8.7   28.6               
  752  752 A K  B <  S-U  759   0H  95     -3,-0.6     2,-0.6     7,-0.3     7,-0.2  -0.848  74.6-119.1-104.7 147.0   -6.0   11.6   30.0               
  753  753 A D     >  -     0   0   35      5,-2.9     4,-1.8    -2,-0.3    89,-0.1  -0.777  17.6-154.4 -77.9 120.9   -2.7   13.0   28.6               
  754  754 A H  T  4 S+     0   0  120     -2,-0.6    -1,-0.1     1,-0.2    88,-0.1   0.580  91.3  52.9 -73.9 -11.2   -0.1   12.6   31.4               
  755  755 A T  T  4 S+     0   0  131      3,-0.1    -1,-0.2     1,-0.0    87,-0.0   0.841 126.0  17.7 -92.5 -38.5    1.9   15.6   29.9               
  756  756 A S  T  4 S-     0   0   73      2,-0.1    -2,-0.2     0, 0.0     3,-0.1   0.460  91.8-127.8-107.9  -9.4   -0.8   18.3   29.7               
  757  757 A G     <  +     0   0   55     -4,-1.8    -3,-0.1     1,-0.2     3,-0.1   0.364  69.7 128.1  70.7  -4.8   -3.5   16.9   32.0               
  758  758 A S  S    S-     0   0   59      1,-0.1    -5,-2.9    -6,-0.1     2,-0.4  -0.123  72.5 -85.1 -74.1 169.1   -6.0   17.3   29.1               
  759  759 A K  B     -U  752   0H 155     -7,-0.2     2,-0.5    -3,-0.1    -7,-0.3  -0.673  51.4-104.4 -72.3 132.4   -8.4   14.7   27.6               
  760  760 A L        -     0   0   18     -9,-2.4   -37,-0.1    -2,-0.4    -1,-0.1  -0.413  35.9-171.1 -59.0 110.1   -6.6   12.5   25.0               
  761  761 A T  S    S+     0   0   68     -2,-0.5   -36,-2.6     1,-0.1     2,-0.4   0.678  70.1  44.1 -81.2 -17.4   -8.0   14.0   21.7               
  762  762 A Q  E     -n  725   0G  49    -38,-0.2     2,-0.4     2,-0.0   -36,-0.2  -0.994  62.6-168.7-130.8 136.3   -6.4   11.2   19.5               
  763  763 A L  E     -n  726   0G   0    -38,-2.7   -36,-2.7    -2,-0.4     2,-0.6  -0.967  15.4-149.0-129.2 113.9   -6.3    7.4   20.2               
  764  764 A K  E     -n  727   0G 133     -2,-0.4     2,-1.0   -38,-0.2   -36,-0.2  -0.748   8.9-139.5 -97.7 115.3   -4.0    5.3   18.0               
  765  765 A I        +     0   0    9    -38,-2.7   -36,-0.4    -2,-0.6    72,-0.2  -0.562  34.4 162.7 -70.6  99.8   -4.9    1.6   17.1               
  766  766 A A        +     0   0   86     70,-1.1     2,-0.2    -2,-1.0    -1,-0.2   0.784  57.8  24.2 -91.0 -34.4   -1.4    0.0   17.4               
  767  767 A Q  E     -Q  836   0G 121     69,-2.2    69,-2.1     2,-0.0     2,-0.3  -0.645  65.3-135.3-126.7 176.1   -2.5   -3.7   17.6               
  768  768 A R  E     -Q  835   0G 105     67,-0.2     2,-0.5    -2,-0.2    67,-0.2  -0.994   3.5-151.2-138.4 140.8   -5.3   -6.1   16.7               
  769  769 A L  E     -Q  834   0G  28     65,-2.0    65,-2.5    -2,-0.3     2,-0.1  -0.937  25.6-128.2-104.5 120.4   -7.1   -8.9   18.6               
  770  770 A R  E     -Q  833   0G 163     -2,-0.5     2,-1.1    63,-0.2    63,-0.3  -0.469  21.1-120.6 -61.1 141.9   -8.4  -11.8   16.4               
  771  771 A L        +     0   0   42     61,-2.7     2,-0.3    -2,-0.1    -1,-0.1  -0.230  64.5 140.0 -80.7  43.4  -12.2  -12.5   17.1               
  772  772 A D    >>  -     0   0   56     -2,-1.1     3,-2.1     1,-0.1     4,-1.3  -0.746  64.8-115.4 -84.0 141.8  -11.4  -16.1   18.1               
  773  773 A Q  H >> S+     0   0  120     -2,-0.3     4,-2.8     1,-0.3     3,-0.8   0.857 113.7  55.5 -48.7 -46.7  -13.4  -17.5   21.1               
  774  774 A P  H 3> S+     0   0   96      0, 0.0     4,-1.0     0, 0.0    -1,-0.3   0.690 108.9  49.7 -63.2 -19.0  -10.2  -17.9   23.4               
  775  775 A K  H <> S+     0   0  103     -3,-2.1     4,-1.4     2,-0.2    -2,-0.2   0.766 111.1  47.8 -86.0 -28.8   -9.4  -14.2   22.8               
  776  776 A L  H <X S+     0   0   15     -4,-1.3     4,-2.9    -3,-0.8     5,-0.2   0.881 110.6  52.4 -74.1 -38.7  -12.9  -13.1   23.7               
  777  777 A D  H  X S+     0   0   78     -4,-2.8     4,-2.5    -5,-0.2    -2,-0.2   0.898 106.9  53.8 -61.6 -41.3  -12.8  -15.3   26.8               
  778  778 A E  H  X S+     0   0   51     -4,-1.0     4,-2.1    -5,-0.2    -1,-0.2   0.931 112.5  42.3 -58.0 -48.4   -9.5  -13.6   27.8               
  779  779 A V  H  X S+     0   0    1     -4,-1.4     4,-2.3     2,-0.2    -2,-0.2   0.944 114.5  51.2 -66.2 -44.5  -11.1  -10.1   27.5               
  780  780 A T  H  X S+     0   0   31     -4,-2.9     4,-1.8     1,-0.2    -2,-0.2   0.863 109.8  50.8 -57.9 -39.3  -14.3  -11.4   29.3               
  781  781 A R  H  X S+     0   0  110     -4,-2.5     4,-1.3     2,-0.2    -1,-0.2   0.918 108.0  51.5 -68.7 -40.9  -12.0  -12.8   32.1               
  782  782 A R  H >X S+     0   0   81     -4,-2.1     4,-1.8     2,-0.2     3,-0.5   0.922 109.6  50.0 -61.7 -43.3  -10.2   -9.4   32.5               
  783  783 A I  H 3< S+     0   0   18     -4,-2.3    -1,-0.2     1,-0.2    -2,-0.2   0.913 115.8  43.6 -56.6 -44.4  -13.6   -7.6   32.9               
  784  784 A K  H 3< S+     0   0  168     -4,-1.8    -1,-0.2     1,-0.2    -2,-0.2   0.591 113.4  50.8 -78.8 -17.3  -14.6  -10.3   35.5               
  785  785 A Q  H << S+     0   0  119     -4,-1.3    -1,-0.2    -3,-0.5    -2,-0.2   0.636  98.0  84.7 -93.0 -22.4  -11.2  -10.1   37.3               
  786  786 A G  S  < S-     0   0   16     -4,-1.8     4,-0.1    -5,-0.2     5,-0.1  -0.291  92.6 -94.0 -66.9 160.4  -11.2   -6.3   37.6               
  787  787 A S    >   -     0   0   69      1,-0.1     3,-1.9     2,-0.1     4,-0.2  -0.372  41.4-105.7 -55.0 153.8  -12.9   -4.3   40.3               
  788  788 A P  G >  S+     0   0  100      0, 0.0     3,-0.6     0, 0.0   -45,-0.3   0.855 131.1  50.4 -51.4 -29.9  -16.5   -3.2   39.5               
  789  789 A N  G 3  S+     0   0  102      1,-0.2    -2,-0.1   -47,-0.1     3,-0.1  -0.109  94.0  82.7 -94.7  27.6  -14.7    0.2   39.1               
  790  790 A G  G <  S+     0   0    5     -3,-1.9    97,-3.1    -7,-0.1     2,-0.3   0.453  88.7  39.1-113.8  -6.4  -12.0   -1.5   36.8               
  791  791 A Y  E <   - R   0 886G  40     -3,-0.6   -48,-2.4    95,-0.2     2,-0.3  -0.951  53.7-165.4-140.5 161.9  -13.8   -1.5   33.4               
  792  792 A A  E     -PR 742 885G   0     93,-2.4    93,-3.1    -2,-0.3     2,-0.4  -0.979   7.8-155.3-145.7 142.1  -16.0    0.6   31.1               
  793  793 A V  E     -PR 741 884G   0    -52,-3.1   -53,-3.1    -2,-0.3   -52,-1.6  -0.965  19.2-174.9-116.9 130.1  -18.1   -0.3   28.0               
  794  794 A L  E     -PR 739 883G   0     89,-2.8    89,-3.1    -2,-0.4     2,-0.7  -0.973  27.5-129.7-130.8 143.3  -18.9    2.4   25.4               
  795  795 A L  E     -PR 738 882G   0    -57,-3.0   -57,-2.5    -2,-0.4     2,-0.6  -0.807  27.0-151.8 -84.1 111.2  -21.0    2.8   22.2               
  796  796 A A  E     +PR 737 881G   0     85,-2.8    85,-1.5    -2,-0.7     2,-0.2  -0.799  21.8 173.6 -87.2 122.9  -18.8    4.4   19.5               
  797  797 A T  E     -P  736   0G  10    -61,-2.9   -61,-2.2    -2,-0.6     2,-0.5  -0.762  43.0 -80.0-121.0 163.9  -20.7    6.5   16.9               
  798  798 A Q  E     -P  735   0G  57     -2,-0.2     2,-0.5   -63,-0.2   -63,-0.3  -0.563  46.1-128.7 -64.3 116.7  -19.8    8.8   14.0               
  799  799 A A        -     0   0    2    -65,-1.6    22,-0.1    -2,-0.5    -1,-0.1  -0.561  23.1-143.4 -67.2 117.3  -18.9   12.2   15.5               
  800  800 A T        -     0   0  100     -2,-0.5     2,-1.5     1,-0.1   -65,-0.0  -0.667  14.5-123.0 -76.1 135.1  -20.9   14.8   13.5               
  801  801 A P        -     0   0  107      0, 0.0     2,-0.2     0, 0.0    -1,-0.1  -0.689  34.2-150.0 -74.4  89.8  -19.3   18.1   12.8               
  802  802 A S        -     0   0  102     -2,-1.5     2,-0.1     1,-0.1    -3,-0.0  -0.464  15.6-119.1 -58.4 130.2  -22.0   20.3   14.4               
  803  803 A G  S    S+     0   0   67     -2,-0.2    -1,-0.1     1,-0.1     0, 0.0  -0.358  81.8  52.5 -68.7 161.1  -22.2   23.7   12.7               
  804  804 A L  S    S+     0   0  189     -2,-0.1    -1,-0.1     2,-0.0    -2,-0.1   0.974  92.8  54.7  69.2  86.7  -21.6   27.0   14.7               
  805  805 A G    >   -     0   0   63      2,-0.0     3,-0.6     1,-0.0    -3,-0.1   0.535  43.0-174.6 131.4  88.1  -18.2   26.9   16.5               
  806  806 A T  T 3  S+     0   0  139      1,-0.2     3,-0.4     2,-0.1    -3,-0.0   0.385  73.1  85.8 -77.8   7.2  -14.8   26.2   14.9               
  807  807 A E  T 3  S+     0   0  188      1,-0.2    -1,-0.2     3,-0.0    -2,-0.0   0.259  79.9  55.4 -95.7   5.0  -13.1   26.3   18.4               
  808  808 A G  S <  S+     0   0   74     -3,-0.6    -1,-0.2     2,-0.1    -2,-0.1   0.426  73.6  96.0-129.1  -1.2  -13.5   22.6   19.5               
  809  809 A M  S    S-     0   0   79     -3,-0.4     3,-0.1     1,-0.0   -85,-0.0  -0.858  75.6-114.1 -96.2 129.8  -12.1   20.1   17.0               
  810  810 A P        -     0   0   31      0, 0.0    -2,-0.1     0, 0.0     2,-0.0  -0.334  37.9 -99.8 -61.4 137.4   -8.5   18.8   17.6               
  811  811 A T        -     0   0  129      1,-0.1     2,-0.6    -2,-0.0     0, 0.0  -0.306  38.4-123.7 -55.2 127.2   -6.0   19.8   15.0               
  812  812 A V        -     0   0   54     -3,-0.1     3,-0.1     1,-0.1    -1,-0.1  -0.734  27.4-110.3 -82.2 121.5   -5.4   16.9   12.6               
  813  813 A E    >   -     0   0  113     -2,-0.6     3,-2.4     1,-0.2     2,-0.4  -0.231  45.2 -95.0 -48.4 128.8   -1.8   15.8   12.3               
  814  814 A P  T 3  S+     0   0  128      0, 0.0    -1,-0.2     0, 0.0     3,-0.1  -0.307 113.8  26.7 -61.5 109.9   -0.4   16.8    8.8               
  815  815 A G  T 3  S+     0   0   69     -2,-0.4     2,-0.7     1,-0.3    -2,-0.1   0.256  84.3 123.4 117.0  -6.4   -0.8   13.7    6.7               
  816  816 A L    <   -     0   0   31     -3,-2.4     2,-0.7   -85,-0.1    -1,-0.3  -0.742  57.0-138.6 -81.4 118.4   -3.8   11.9    8.5               
  817  817 A Q  E     -o  731   0G  91    -87,-2.6   -85,-1.5    -2,-0.7     2,-0.2  -0.647  16.3-132.4 -77.1 112.1   -6.6   11.3    6.0               
  818  818 A R  E     +o  732   0G 121     -2,-0.7     2,-0.3   -87,-0.2   -85,-0.2  -0.462  36.3 171.2 -63.0 126.5  -10.0   12.0    7.7               
  819  819 A R        -     0   0   77    -87,-2.8     2,-0.1    -2,-0.2     5,-0.1  -0.966  37.9 -95.4-136.3 152.8  -12.5    9.2    7.0               
  820  820 A L    >>  -     0   0   81     -2,-0.3     3,-2.4   -87,-0.2     4,-0.5  -0.462  38.2-114.0 -66.5 143.9  -16.0    8.2    8.3               
  821  821 A L  H >> S+     0   0    1    -87,-0.4     4,-2.2     1,-0.3     3,-1.2   0.805 111.7  72.3 -48.8 -36.8  -16.0    5.7   11.3               
  822  822 A R  H 3> S+     0   0  118      1,-0.3     4,-2.9     2,-0.2    -1,-0.3   0.756  89.6  59.5 -51.1 -30.6  -17.7    3.1    8.9               
  823  823 A N  H <> S+     0   0   63     -3,-2.4     4,-1.8     2,-0.2    -1,-0.3   0.878 108.7  43.5 -69.2 -37.5  -14.4    2.7    7.1               
  824  824 A L  H <X S+     0   0    1     -3,-1.2     4,-2.6    -4,-0.5    -2,-0.2   0.932 115.2  49.2 -70.6 -45.6  -12.7    1.5   10.4               
  825  825 A V  H  X S+     0   0    6     -4,-2.2     4,-2.8     2,-0.2    -2,-0.2   0.954 113.6  46.0 -56.9 -52.1  -15.7   -0.7   11.2               
  826  826 A S  H  X S+     0   0   63     -4,-2.9     4,-2.8     1,-0.2    -1,-0.2   0.889 113.1  50.5 -59.9 -40.8  -15.7   -2.3    7.7               
  827  827 A Y  H  X S+     0   0   72     -4,-1.8     4,-1.0     2,-0.2    -1,-0.2   0.913 112.1  46.2 -63.3 -44.1  -11.9   -2.8    7.9               
  828  828 A L  H  <>S+     0   0    0     -4,-2.6     5,-2.0     2,-0.2     3,-0.4   0.924 113.8  49.2 -68.9 -40.1  -12.1   -4.5   11.4               
  829  829 A K  H ><5S+     0   0  117     -4,-2.8     3,-1.9     1,-0.2    -2,-0.2   0.958 110.5  50.7 -57.2 -51.5  -15.0   -6.7   10.1               
  830  830 A Q  H 3<5S+     0   0  138     -4,-2.8    -1,-0.2     1,-0.3    -2,-0.2   0.685 114.3  44.8 -63.4 -21.9  -13.0   -7.6    7.0               
  831  831 A K  T 3<5S-     0   0   93     -4,-1.0    -1,-0.3    -3,-0.4    -2,-0.2   0.334 103.6-130.9-100.8   5.6  -10.0   -8.6    9.2               
  832  832 A Q  T < 5S+     0   0  154     -3,-1.9   -61,-2.7    -4,-0.2     2,-0.3   0.868  70.8 113.9  43.8  45.9  -12.1  -10.5   11.8               
  833  833 A A  E   < -Q  770   0G   4     -5,-2.0   -63,-0.2   -63,-0.3     2,-0.2  -1.000  65.2-129.8-146.3 143.3  -10.4   -8.5   14.5               
  834  834 A A  E     -Q  769   0G   0    -65,-2.5   -65,-2.0    -2,-0.3    22,-0.2  -0.615  35.7-112.2 -80.1 149.6  -10.9   -5.8   17.2               
  835  835 A G  E     -QS 768 855G   0     20,-2.4    20,-2.8    -2,-0.2     2,-0.4  -0.573  33.1-151.4 -73.5 148.4   -8.6   -2.8   17.3               
  836  836 A V  E     +QS 767 854G   7    -69,-2.1   -69,-2.2    18,-0.2   -70,-1.1  -0.996  16.9 178.1-132.6 133.6   -6.3   -2.6   20.4               
  837  837 A I  E     - S   0 853G   4     16,-2.5    16,-2.9    -2,-0.4     2,-0.4  -0.998  21.2-139.8-130.1 130.3   -4.8    0.4   22.2               
  838  838 A S  E     - S   0 852G  64     -2,-0.4    14,-0.2    14,-0.2    -2,-0.0  -0.791  35.8-108.4 -87.6 137.2   -2.5    0.3   25.3               
  839  839 A L  E    S+ S   0 851G   6     12,-3.2    12,-2.1    -2,-0.4     2,-0.1  -0.907  93.4  44.2-117.0 142.5   -3.3    3.0   27.9               
  840  840 A P  S >  S-     0   0   19      0, 0.0     2,-1.5     0, 0.0     3,-1.0   0.469  81.1-139.7 -74.5 149.9   -1.9    5.4   28.9               
  841  841 A V  T 3  S+     0   0   56    -91,-0.4   -87,-0.2   -89,-0.2    -2,-0.1  -0.589  86.8  56.4 -77.2  87.8   -1.0    6.7   25.4               
  842  842 A G  T 3  S-     0   0   76     -2,-1.5    -1,-0.2   -89,-0.1    -3,-0.1   0.205 102.6-107.9 172.9 -25.0    2.6    8.0   26.0               
  843  843 A G    <   +     0   0   61     -3,-1.0     2,-1.4     1,-0.2    -2,-0.1   0.492  58.1 149.9  95.2   8.5    4.7    5.2   27.5               
  844  844 A S        -     0   0   68      1,-0.1     2,-2.1    -4,-0.1    -1,-0.2  -0.578  35.6-155.1 -66.2  92.3    5.2    6.2   31.2               
  845  845 A K        +     0   0  205     -2,-1.4     2,-0.2     5,-0.0    -1,-0.1  -0.305  33.3 153.4 -73.7  55.6    5.5    2.6   32.7               
  846  846 A G        -     0   0   45     -2,-2.1    -3,-0.0     1,-0.1     4,-0.0  -0.542  48.7-132.1 -63.5 150.0    4.3    3.4   36.2               
  847  847 A R  S >  S+     0   0  216     -2,-0.2     2,-1.0     1,-0.1     3,-0.7   0.840  86.8  84.5 -67.9 -31.2    2.7    0.3   37.8               
  848  848 A D  T 3  S+     0   0  140      1,-0.2    -1,-0.1    42,-0.0    -2,-0.1  -0.598  99.8   2.4 -93.5  96.1   -0.3    2.3   38.9               
  849  849 A G  T 3  S+     0   0   19     -2,-1.0    -1,-0.2    39,-0.3     2,-0.2   0.790  74.8 149.7 101.5  36.8   -3.0    2.7   36.3               
  850  850 A T    <   +     0   0   48     -3,-0.7    38,-2.0    38,-0.2     2,-0.3  -0.484  19.4 156.9 -77.0 161.0   -2.1    0.8   33.1               
  851  851 A G  E     -ST 839 887G   1    -12,-2.1   -12,-3.2    36,-0.3     2,-0.4  -0.986  34.7-113.6-172.8 177.5   -5.0   -0.6   30.9               
  852  852 A M  E     -ST 838 886G  26     34,-2.9    34,-2.5    -2,-0.3     2,-0.5  -0.983  12.6-156.3-130.7 131.1   -6.2   -1.9   27.6               
  853  853 A L  E     -ST 837 885G   0    -16,-2.9   -16,-2.5    -2,-0.4     2,-0.5  -0.938  11.5-165.2-107.1 125.2   -8.8   -0.4   25.1               
  854  854 A Y  E     -ST 836 884G  13     30,-3.0    30,-2.7    -2,-0.5     2,-0.7  -0.939   7.4-156.8-112.1 125.5  -10.5   -2.9   22.7               
  855  855 A A  E     -ST 835 883G   0    -20,-2.8   -20,-2.4    -2,-0.5    28,-0.2  -0.867  16.0-165.5-107.5  95.8  -12.4   -1.6   19.7               
  856  856 A F  E     - T   0 882G   0     26,-2.9    26,-2.5    -2,-0.7   -22,-0.1  -0.750   9.3-146.7 -87.8 118.2  -14.9   -4.4   18.6               
  857  857 A P        -     0   0    1      0, 0.0     5,-0.3     0, 0.0     2,-0.2  -0.373  56.8 -58.6 -65.2 164.7  -16.6   -4.2   15.2               
  858  858 A P  S    S+     0   0   32      0, 0.0     2,-0.2     0, 0.0    23,-0.0  -0.265  86.6 133.5 -52.9 110.4  -20.2   -5.7   15.1               
  859  859 A C  S  > S-     0   0   22     -2,-0.2     4,-2.2    -3,-0.1    -3,-0.0  -0.889  72.3 -84.5-151.0 174.3  -19.8   -9.3   16.2               
  860  860 A D  H  > S+     0   0  130     -2,-0.2     4,-0.7     1,-0.2    -1,-0.0   0.856 127.3  49.5 -62.9 -33.3  -21.6  -11.8   18.6               
  861  861 A F  H >> S+     0   0    9      2,-0.2     3,-0.7     1,-0.2     4,-0.6   0.922 111.2  48.4 -67.5 -44.3  -19.5  -10.5   21.6               
  862  862 A S  H >4 S+     0   0    0     -5,-0.3     3,-0.6     1,-0.2     4,-0.4   0.846 103.5  62.2 -68.4 -32.0  -20.3   -6.8   20.9               
  863  863 A Q  H >< S+     0   0   90     -4,-2.2     3,-0.8     1,-0.2     4,-0.3   0.771  89.8  69.5 -64.4 -25.8  -24.0   -7.5   20.5               
  864  864 A Q  H X< S+     0   0  117     -3,-0.7     3,-0.9    -4,-0.7    -1,-0.2   0.912 102.2  44.1 -60.6 -40.6  -24.2   -8.7   24.2               
  865  865 A Y  T << S+     0   0   42     -4,-0.6     3,-0.3    -3,-0.6    -1,-0.2   0.565 108.6  60.8 -78.1 -11.2  -23.6   -5.1   25.4               
  866  866 A L  T <>  +     0   0    1     -3,-0.8     4,-2.9    -4,-0.4    -1,-0.2   0.332  67.0 107.4-101.4   7.0  -26.1   -3.7   22.8               
  867  867 A Q  H <> S+     0   0   97     -3,-0.9     4,-2.5    -4,-0.3    -1,-0.2   0.858  79.9  51.5 -56.1 -38.5  -29.3   -5.6   24.0               
  868  868 A S  H  > S+     0   0   64     -3,-0.3     4,-1.2     2,-0.2    -1,-0.2   0.918 113.0  44.9 -66.6 -39.4  -30.8   -2.4   25.5               
  869  869 A A  H  > S+     0   0    1      2,-0.2     4,-2.8    -4,-0.2     3,-0.4   0.931 113.1  51.4 -66.5 -43.8  -30.3   -0.5   22.1               
  870  870 A L  H  X S+     0   0   56     -4,-2.9     4,-1.8     1,-0.2    -2,-0.2   0.889 109.3  50.1 -61.0 -41.6  -31.7   -3.6   20.2               
  871  871 A R  H  < S+     0   0  184     -4,-2.5    -1,-0.2    -5,-0.2    -2,-0.2   0.790 117.4  41.8 -64.3 -30.0  -34.8   -3.7   22.5               
  872  872 A T  H  < S+     0   0   73     -4,-1.2    -2,-0.2    -3,-0.4    -1,-0.2   0.861 127.4  27.1 -86.5 -41.4  -35.3    0.1   21.8               
  873  873 A L  H  < S-     0   0   28     -4,-2.8     2,-1.8    -5,-0.1    -3,-0.2   0.527  85.9-144.1-102.0 -14.4  -34.6    0.3   18.0               
  874  874 A G  S  < S+     0   0   58     -4,-1.8     2,-0.3    -5,-0.3    -4,-0.1  -0.180  80.9  37.2  73.5 -42.8  -35.5   -3.3   16.9               
  875  875 A K        -     0   0  145     -2,-1.8     2,-0.7    -6,-0.1     3,-0.2  -1.000  64.2-150.9-137.7 140.2  -32.6   -3.3   14.4               
  876  876 A L        +     0   0   32     -2,-0.3     4,-0.1     1,-0.2    -6,-0.1  -0.688  37.5 148.3-105.8  74.3  -29.0   -1.9   14.4               
  877  877 A E        +     0   0  149     -2,-0.7    -1,-0.2     2,-0.1     2,-0.1   0.641  46.2 101.1 -78.5 -14.3  -28.5   -1.2   10.7               
  878  878 A E  S    S-     0   0   55     -3,-0.2     2,-2.1     1,-0.1    -2,-0.0  -0.387  89.5-103.1 -76.1 151.5  -26.2    1.8   11.6               
  879  879 A E        +     0   0   97     -2,-0.1   -54,-0.1   -22,-0.0    -1,-0.1  -0.378  60.4 161.9 -83.0  67.1  -22.4    1.5   11.5               
  880  880 A H        -     0   0   12     -2,-2.1     2,-0.3    -4,-0.1   -83,-0.2  -0.303  24.7-161.3 -82.9 164.8  -21.7    1.2   15.2               
  881  881 A M  E     -R  796   0G   0    -85,-1.5   -85,-2.8   -24,-0.2     2,-0.5  -0.988  14.6-134.6-144.9 143.0  -18.6   -0.1   17.2               
  882  882 A V  E     -RT 795 856G   1    -26,-2.5   -26,-2.9    -2,-0.3     2,-0.5  -0.886  15.9-157.9-102.7 127.8  -18.3   -1.3   20.9               
  883  883 A I  E     -RT 794 855G   0    -89,-3.1   -89,-2.8    -2,-0.5     2,-0.5  -0.904   5.6-169.2-102.0 128.7  -15.4   -0.0   23.0               
  884  884 A V  E     -RT 793 854G   0    -30,-2.7   -30,-3.0    -2,-0.5     2,-0.5  -0.988   1.9-170.5-116.9 120.3  -14.2   -2.0   26.0               
  885  885 A I  E     -RT 792 853G   0    -93,-3.1   -93,-2.4    -2,-0.5     2,-0.4  -0.953   6.2-178.6-106.0 127.6  -11.8   -0.3   28.4               
  886  886 A V  E     -RT 791 852G   4    -34,-2.5   -34,-2.9    -2,-0.5     2,-0.3  -0.998  20.2-140.4-127.1 127.4  -10.2   -2.5   31.1               
  887  887 A R  E     - T   0 851G 103    -97,-3.1   -36,-0.3    -2,-0.4     2,-0.2  -0.691  29.6-115.5 -76.2 134.0   -7.7   -1.3   33.8               
  888  888 A D        -     0   0   56    -38,-2.0     2,-0.4    -2,-0.3   -39,-0.3  -0.538  26.7-125.0 -70.8 133.8   -5.0   -3.8   34.5               
  889  889 A T              0   0   96     -2,-0.2    -1,-0.1   -40,-0.1  -103,-0.0  -0.742 360.0 360.0 -78.3 128.0   -5.1   -5.2   38.1               
  890  890 A A              0   0  149     -2,-0.4   -42,-0.0   -40,-0.0    -1,-0.0  -0.375 360.0 360.0 -71.2 360.0   -1.7   -4.7   39.9               
