==== Secondary Structure Definition by the program DSSP, CMBI version 2.0                          ==== DATE=2026-03-08        .
REFERENCE W. KABSCH AND C.SANDER, BIOPOLYMERS 22 (1983) 2577-2637                                                              .
HEADER                                            01-AUG-25                                                                    .
COMPND    MOL_ID: 1; MOLECULE: FAR UPSTREAM ELEMENT-BINDING PROTEIN 2; CHAIN: A                                                .
SOURCE    MOL_ID: 1; ORGANISM_SCIENTIFIC: HOMO SAPIENS; ORGANISM_TAXID: 9606                                                   .
AUTHOR                                                                                                                         .
  711  1  0  0  0 TOTAL NUMBER OF RESIDUES, NUMBER OF CHAINS, NUMBER OF SS-BRIDGES(TOTAL,INTRACHAIN,INTERCHAIN)                .
 68449.4   ACCESSIBLE SURFACE OF PROTEIN (ANGSTROM**2)                                                                         .
  327 46.0   TOTAL NUMBER OF HYDROGEN BONDS OF TYPE O(I)-->H-N(J)  , SAME NUMBER PER 100 RESIDUES                              .
    0  0.0   TOTAL NUMBER OF HYDROGEN BONDS IN     PARALLEL BRIDGES, SAME NUMBER PER 100 RESIDUES                              .
   57  8.0   TOTAL NUMBER OF HYDROGEN BONDS IN ANTIPARALLEL BRIDGES, SAME NUMBER PER 100 RESIDUES                              .
    0  0.0   TOTAL NUMBER OF HYDROGEN BONDS OF TYPE O(I)-->H-N(I-5), SAME NUMBER PER 100 RESIDUES                              .
    0  0.0   TOTAL NUMBER OF HYDROGEN BONDS OF TYPE O(I)-->H-N(I-4), SAME NUMBER PER 100 RESIDUES                              .
    0  0.0   TOTAL NUMBER OF HYDROGEN BONDS OF TYPE O(I)-->H-N(I-3), SAME NUMBER PER 100 RESIDUES                              .
    0  0.0   TOTAL NUMBER OF HYDROGEN BONDS OF TYPE O(I)-->H-N(I-2), SAME NUMBER PER 100 RESIDUES                              .
    0  0.0   TOTAL NUMBER OF HYDROGEN BONDS OF TYPE O(I)-->H-N(I-1), SAME NUMBER PER 100 RESIDUES                              .
    0  0.0   TOTAL NUMBER OF HYDROGEN BONDS OF TYPE O(I)-->H-N(I+0), SAME NUMBER PER 100 RESIDUES                              .
    0  0.0   TOTAL NUMBER OF HYDROGEN BONDS OF TYPE O(I)-->H-N(I+1), SAME NUMBER PER 100 RESIDUES                              .
   44  6.2   TOTAL NUMBER OF HYDROGEN BONDS OF TYPE O(I)-->H-N(I+2), SAME NUMBER PER 100 RESIDUES                              .
   46  6.5   TOTAL NUMBER OF HYDROGEN BONDS OF TYPE O(I)-->H-N(I+3), SAME NUMBER PER 100 RESIDUES                              .
  166 23.3   TOTAL NUMBER OF HYDROGEN BONDS OF TYPE O(I)-->H-N(I+4), SAME NUMBER PER 100 RESIDUES                              .
    4  0.6   TOTAL NUMBER OF HYDROGEN BONDS OF TYPE O(I)-->H-N(I+5), SAME NUMBER PER 100 RESIDUES                              .
  1  2  3  4  5  6  7  8  9 10 11 12 13 14 15 16 17 18 19 20 21 22 23 24 25 26 27 28 29 30     *** HISTOGRAMS OF ***           .
  0  0  0  0  3  0  0  1  0  4  2  1  0  2  0  2  0  1  1  0  0  0  0  0  0  0  0  0  0  0    RESIDUES PER ALPHA HELIX         .
  0  0  0  0  0  0  0  0  0  0  0  0  0  0  0  0  0  0  0  0  0  0  0  0  0  0  0  0  0  0    PARALLEL BRIDGES PER LADDER      .
  0  1  0  4  0  0  2  2  0  0  0  0  0  0  0  0  0  0  0  0  0  0  0  0  0  0  0  0  0  0    ANTIPARALLEL BRIDGES PER LADDER  .
  0  3  1  0  0  0  0  0  0  0  0  0  0  0  0  0  0  0  0  0  0  0  0  0  0  0  0  0  0  0    LADDERS PER SHEET                .
  #  RESIDUE AA STRUCTURE BP1 BP2  ACC     N-H-->O    O-->H-N    N-H-->O    O-->H-N    TCO  KAPPA ALPHA  PHI   PSI    X-CA   Y-CA   Z-CA            CHAIN
    1    1 A M              0   0  243      0, 0.0     2,-0.2     0, 0.0     0, 0.0   0.000 360.0 360.0 360.0 105.1  -74.1  -31.0   -1.9               
    2    2 A S        -     0   0  105      1,-0.1     0, 0.0     0, 0.0     0, 0.0  -0.671 360.0 -48.0-170.8 127.7  -73.9  -32.2   -5.6               
    3    3 A D        -     0   0  141     -2,-0.2    -1,-0.1     1,-0.0     0, 0.0   0.958  42.6 -68.6  63.5 142.2  -71.7  -33.2   -8.4               
    4    4 A Y        +     0   0  227      0, 0.0     2,-0.2     0, 0.0    -1,-0.0  -0.151  29.3 161.8 -51.8 145.1  -68.7  -32.9  -10.7               
    5    5 A S        -     0   0  121      2,-0.0     2,-0.1     0, 0.0     0, 0.0  -0.776  27.7-122.0-165.3 159.8  -67.3  -30.8  -13.4               
    6    6 A T        +     0   0  142     -2,-0.2     2,-0.2     0, 0.0     0, 0.0  -0.342  25.9 168.2 -71.8 150.9  -63.9  -30.1  -15.1               
    7    7 A G        -     0   0   82     -2,-0.1    -2,-0.0     0, 0.0     0, 0.0  -0.862  14.4-156.2-165.0 132.0  -61.9  -26.9  -15.5               
    8    8 A G        -     0   0   72     -2,-0.2     0, 0.0     1,-0.1     0, 0.0  -0.478  34.0 -83.6 -98.2 172.1  -58.3  -26.1  -16.6               
    9    9 A P        -     0   0  124      0, 0.0    -1,-0.1     0, 0.0     0, 0.0  -0.376  38.1-114.0 -81.8 154.8  -56.0  -23.0  -15.9               
   10   10 A P        -     0   0  122      0, 0.0     2,-0.1     0, 0.0     0, 0.0  -0.510  28.4-122.5 -82.6 152.7  -55.9  -19.6  -17.7               
   11   11 A P        -     0   0  127      0, 0.0     0, 0.0     0, 0.0     0, 0.0  -0.426  22.6-110.2 -88.6 166.2  -52.9  -18.3  -19.9               
   12   12 A G        -     0   0   69     -2,-0.1     0, 0.0     1,-0.1     0, 0.0  -0.464  35.1 -95.0 -91.9 166.0  -50.7  -15.1  -19.5               
   13   13 A P        -     0   0  127      0, 0.0    -1,-0.1     0, 0.0     0, 0.0  -0.438  35.6-122.8 -85.3 156.5  -50.6  -11.9  -21.8               
   14   14 A P        -     0   0  118      0, 0.0     0, 0.0     0, 0.0     0, 0.0  -0.471  16.7-113.6 -96.8 165.2  -48.0  -11.2  -24.6               
   15   15 A P        -     0   0  120      0, 0.0     2,-0.2     0, 0.0     0, 0.0  -0.643  27.2-121.3 -91.2 153.2  -45.5   -8.3  -25.4               
   16   16 A P        -     0   0  133      0, 0.0     2,-0.3     0, 0.0     0, 0.0  -0.585  26.7-165.0 -87.9 156.7  -45.7   -5.8  -28.4               
   17   17 A A        +     0   0  111     -2,-0.2     2,-0.1     0, 0.0     0, 0.0  -0.981  16.6 134.2-144.1 155.3  -43.0   -5.4  -31.1               
   18   18 A G        +     0   0   79     -2,-0.3     0, 0.0     1,-0.0     0, 0.0  -0.271  13.7 119.5 143.3 119.9  -41.9   -2.9  -33.9               
   19   19 A G        -     0   0   86     -2,-0.1    -1,-0.0     0, 0.0     2,-0.0   0.994  15.5-168.0 112.8 149.9  -39.6   -1.1  -35.6               
   20   20 A G        -     0   0   82      0, 0.0     0, 0.0     0, 0.0     0, 0.0  -0.380  22.6 -79.5 170.3  81.8  -37.7    0.2  -37.7               
   21   21 A G        +     0   0   88      1,-0.1     2,-0.0    -2,-0.0     0, 0.0   0.140  28.8 146.5  82.8 171.5  -34.8    2.2  -39.3               
   22   22 A G        -     0   0   87      0, 0.0     2,-0.3     0, 0.0    -1,-0.1   0.221  24.4-148.9 121.2 123.4  -33.8    5.8  -40.3               
   23   23 A A        +     0   0  114      2,-0.0     2,-0.2    -2,-0.0     0, 0.0  -0.912  30.6 134.7-117.0 145.5  -30.5    7.7  -40.5               
   24   24 A G        -     0   0   83     -2,-0.3     2,-0.3     2,-0.0     0, 0.0  -0.666  28.2-154.9 174.8 127.8  -29.7   11.5  -40.0               
   25   25 A G        +     0   0   82     -2,-0.2     2,-0.3     0, 0.0    -2,-0.0  -0.873  18.2 153.5-117.1 148.5  -27.0   13.3  -37.9               
   26   26 A A        -     0   0  105     -2,-0.3    -2,-0.0     1,-0.1     0, 0.0  -0.954  37.8  -3.8-158.8 152.4  -26.5   16.7  -36.3               
   27   27 A G        -     0   0   81     -2,-0.3     2,-0.3     1,-0.1    -1,-0.1   0.872  37.2-147.1  54.5 104.2  -24.7   18.6  -33.5               
   28   28 A G        +     0   0   87      2,-0.0    -1,-0.1     0, 0.0     0, 0.0  -0.714  22.7 175.6 -85.1 150.6  -22.3   17.8  -30.7               
   29   29 A G        -     0   0   71     -2,-0.3     0, 0.0     0, 0.0     0, 0.0  -0.953  23.7-126.1-154.3 136.5  -22.6   19.8  -27.4               
   30   30 A P        -     0   0  124      0, 0.0    -2,-0.0     0, 0.0     0, 0.0  -0.471  31.3-100.3 -82.8 156.9  -20.7   19.5  -24.0               
   31   31 A P        -     0   0  118      0, 0.0     2,-0.1     0, 0.0     0, 0.0  -0.330  46.1 -97.4 -71.8 157.1  -22.3   19.2  -20.5               
   32   32 A P        -     0   0  129      0, 0.0     0, 0.0     0, 0.0     0, 0.0  -0.373  25.4-134.9 -81.6 153.4  -22.5   22.3  -18.2               
   33   33 A G        -     0   0   68     -2,-0.1     0, 0.0     1,-0.1     0, 0.0  -0.635  31.1 -97.0 -96.3 159.9  -20.2   23.4  -15.3               
   34   34 A P        -     0   0  127      0, 0.0    -1,-0.1     0, 0.0     2,-0.1  -0.356  41.8-106.4 -76.9 157.8  -21.4   24.7  -11.8               
   35   35 A P        -     0   0  135      0, 0.0     2,-0.3     0, 0.0     0, 0.0  -0.343  24.5-148.4 -84.2 163.6  -21.6   28.5  -10.9               
   36   36 A G        +     0   0   79     -2,-0.1     2,-0.2     0, 0.0     0, 0.0  -0.972  21.9 156.2-130.1 147.4  -19.5   30.8   -8.7               
   37   37 A A        +     0   0  112     -2,-0.3     0, 0.0     1,-0.0     0, 0.0  -0.887  19.9 119.4-160.3 141.5  -20.1   33.9   -6.5               
   38   38 A G        +     0   0   87     -2,-0.2     2,-0.2     0, 0.0    -1,-0.0   0.020  28.4 178.7 155.7  88.8  -18.1   35.3   -3.5               
   39   39 A D        +     0   0  143      2,-0.0    -2,-0.0     0, 0.0     0, 0.0  -0.561  15.3 113.3 -98.8 168.9  -16.5   38.8   -3.4               
   40   40 A R        -     0   0  232     -2,-0.2     2,-0.1     0, 0.0     0, 0.0   0.517  24.8-163.3  85.1 142.8  -14.5   40.9   -0.8               
   41   41 A G        +     0   0   79      0, 0.0    -2,-0.0     0, 0.0     0, 0.0  -0.086  13.9 125.1 151.4 110.3  -11.9   42.3    0.2               
   42   42 A G        +     0   0   86     -2,-0.1     2,-0.0     2,-0.0     0, 0.0   0.186   7.3 170.9  91.0 152.7   -9.0   44.0    2.1               
   43   43 A G        -     0   0   84      2,-0.0     0, 0.0     0, 0.0     0, 0.0   0.288  15.1-173.3 156.8 140.1   -6.2   44.7    3.2               
   44   44 A G        -     0   0   79     -2,-0.0     2,-0.2     0, 0.0    -2,-0.0   0.052  20.0-174.2 125.3 137.3   -3.2   46.4    4.9               
   45   45 A P        +     0   0  140      0, 0.0    -2,-0.0     0, 0.0     0, 0.0  -0.835  10.2 113.3-132.7 173.4    0.7   45.9    5.5               
   46   46 A G        +     0   0   81     -2,-0.2     0, 0.0     1,-0.1     0, 0.0   0.297  10.8  94.5 130.5 141.8    4.1   46.7    6.9               
   47   47 A G        +     0   0   88      0, 0.0    -1,-0.1     0, 0.0     2,-0.1   0.500  18.1 166.1  94.1 137.2    7.4   46.6    8.9               
   48   48 A G        +     0   0   86      2,-0.0     0, 0.0     0, 0.0     0, 0.0   0.063  13.8 174.3 144.2 127.4   10.4   45.9    9.2               
   49   49 A G        +     0   0   76     -2,-0.1     2,-0.2     0, 0.0     0, 0.0  -0.300  14.9 176.8 146.1 137.4   14.1   45.8   10.6               
   50   50 A P        +     0   0  139      0, 0.0    -2,-0.0     0, 0.0     2,-0.0  -0.779   4.6 156.2-133.7 179.1   17.6   44.1   10.1               
   51   51 A G        +     0   0   77     -2,-0.2     0, 0.0     1,-0.1     0, 0.0   0.122  18.3  45.8 147.4 132.1   21.3   43.6   10.9               
   52   52 A G        +     0   0   90     -2,-0.0    -1,-0.1     0, 0.0     2,-0.0   0.558  28.5 102.8  80.9 141.1   24.7   41.7   11.1               
   53   53 A G        -     0   0   82      0, 0.0     0, 0.0     0, 0.0     0, 0.0   0.471  14.6-154.7 126.3 145.1   27.2   39.9   10.1               
   54   54 A S        +     0   0  123     -2,-0.0     0, 0.0     0, 0.0     0, 0.0   0.802  13.3   0.2-165.6 167.4   30.0   38.7    9.0               
   55   55 A A        -     0   0  105      0, 0.0     2,-0.0     0, 0.0     0, 0.0   0.543  17.3-173.7  63.7 153.5   33.1   36.7    7.5               
   56   56 A G        -     0   0   83      0, 0.0     0, 0.0     0, 0.0     0, 0.0   0.352  17.5-162.5 157.1 141.9   34.7   34.4    6.0               
   57   57 A G        -     0   0   76     -2,-0.0     2,-0.2     0, 0.0     0, 0.0  -0.248  21.5-171.3 138.2 141.1   37.4   32.1    4.5               
   58   58 A P        +     0   0  125      0, 0.0     0, 0.0     0, 0.0     0, 0.0  -0.629  14.0 132.3-129.7-172.7   37.8   29.3    1.8               
   59   59 A S        -     0   0  110     -2,-0.2     0, 0.0     0, 0.0     0, 0.0   0.813  34.5 -76.0 109.5 109.1   39.7   26.5   -0.1               
   60   60 A Q        -     0   0  191      1,-0.1     0, 0.0     0, 0.0     0, 0.0   0.922  23.5-134.5  51.6 147.5   39.9   23.0   -1.6               
   61   61 A P        -     0   0  114      0, 0.0     2,-0.2     0, 0.0    -1,-0.1  -0.498   6.0-150.9-100.1 176.1   40.3   19.1   -0.9               
   62   62 A P        -     0   0  131      0, 0.0     2,-0.2     0, 0.0     0, 0.0  -0.831  26.1-147.7-132.9 168.7   41.9   16.1   -2.0               
   63   63 A G        +     0   0   86     -2,-0.2     2,-0.2     0, 0.0     0, 0.0  -0.539  19.0 162.9-106.6 173.4   40.2   12.7   -1.5               
   64   64 A G        +     0   0   79     -2,-0.2     0, 0.0     1,-0.1     0, 0.0  -0.755  32.1   2.1 176.8 143.0   41.0    9.0   -0.8               
   65   65 A G        -     0   0   82     -2,-0.2    -1,-0.1     2,-0.0     0, 0.0   0.957  43.7-157.7  65.4 114.4   39.8    5.5    0.3               
   66   66 A G        +     0   0   76      1,-0.1    -1,-0.0     0, 0.0     0, 0.0  -0.400  27.2 112.3 -91.3-163.3   36.7    3.6    1.4               
   67   67 A P        +     0   0  135      0, 0.0    -1,-0.1     0, 0.0    -2,-0.0   0.518  50.0  28.0-130.9 152.8   35.2    1.4    2.8               
   68   68 A G        +     0   0   74      1,-0.1     2,-0.4     3,-0.0     3,-0.1   0.529  21.5 154.4 134.9 100.0   32.9    0.8    5.8               
   69   69 A I        +     0   0  140      1,-0.1    -1,-0.1     2,-0.1     0, 0.0  -0.930  34.7 126.8-127.5 100.8   30.3    2.5    8.0               
   70   70 A R        +     0   0  247     -2,-0.4    -1,-0.1     3,-0.0    -2,-0.0   0.203  68.8  48.2-137.4  13.2   28.0   -0.2    9.4               
   71   71 A K  S >> S+     0   0  175     -3,-0.1     4,-1.2     3,-0.1     3,-1.1   0.682  95.5  62.6-119.4 -37.7   28.1    0.5   13.3               
   72   72 A D  H 3> S+     0   0  106      1,-0.3     4,-1.9     2,-0.2     5,-0.2   0.867  96.7  58.6 -72.8 -34.6   27.5    4.3   13.8               
   73   73 A A  H 3> S+     0   0   80      1,-0.2     4,-1.1     2,-0.2    -1,-0.3   0.728 105.5  52.7 -63.0 -22.9   23.9    4.4   12.3               
   74   74 A F  H <> S+     0   0  157     -3,-1.1     4,-2.2     2,-0.2    -1,-0.2   0.848 105.5  53.4 -81.3 -34.6   22.9    1.8   15.0               
   75   75 A A  H  X S+     0   0   48     -4,-1.2     4,-2.3    -3,-0.2    -2,-0.2   0.959 110.3  46.0 -63.6 -49.1   24.3    3.9   17.9               
   76   76 A D  H  X S+     0   0   78     -4,-1.9     4,-2.5     1,-0.2     5,-0.2   0.908 112.2  52.0 -62.9 -39.7   22.3    7.0   16.9               
   77   77 A A  H  X S+     0   0   54     -4,-1.1     4,-2.4    -5,-0.2    -1,-0.2   0.923 111.3  46.5 -61.3 -44.1   19.1    4.9   16.4               
   78   78 A V  H  X S+     0   0   59     -4,-2.2     4,-2.2     2,-0.2    -2,-0.2   0.869 111.7  51.6 -68.7 -35.5   19.5    3.4   19.9               
   79   79 A Q  H  X S+     0   0  126     -4,-2.3     4,-2.2     2,-0.2    -2,-0.2   0.932 111.6  46.5 -68.4 -41.3   20.1    6.8   21.5               
   80   80 A R  H  X S+     0   0  149     -4,-2.5     4,-2.3     2,-0.2    -2,-0.2   0.929 111.2  52.5 -62.8 -43.7   16.9    8.3   19.8               
   81   81 A A  H  X S+     0   0   59     -4,-2.4     4,-2.4     1,-0.2    -2,-0.2   0.914 110.4  48.1 -59.3 -42.2   14.9    5.2   21.0               
   82   82 A R  H  X S+     0   0  191     -4,-2.2     4,-2.4     2,-0.2    -1,-0.2   0.893 110.5  51.2 -65.0 -40.3   16.2    5.7   24.6               
   83   83 A Q  H  < S+     0   0  146     -4,-2.2     4,-0.4     2,-0.2    -2,-0.2   0.870 111.7  47.5 -64.7 -36.8   15.2    9.5   24.4               
   84   84 A I  H >< S+     0   0  108     -4,-2.3     3,-1.3     2,-0.2     4,-0.4   0.944 112.5  48.4 -69.8 -45.5   11.7    8.6   23.2               
   85   85 A A  H >X S+     0   0   66     -4,-2.4     4,-1.4     1,-0.3     3,-1.3   0.922 109.2  53.7 -59.0 -42.9   11.2    5.9   25.9               
   86   86 A A  T 3< S+     0   0   86     -4,-2.4    -1,-0.3     1,-0.2    -2,-0.2   0.598 107.7  52.9 -66.1 -12.8   12.5    8.5   28.6               
   87   87 A K  T <4 S+     0   0  192     -3,-1.3    -1,-0.2    -4,-0.4    -2,-0.2   0.391 111.1  42.9-103.6  -2.1    9.8   11.0   27.3               
   88   88 A I  T <4 S+     0   0  139     -3,-1.3     2,-0.4    -4,-0.4     3,-0.2   0.619 101.9  64.6-114.2 -27.3    6.7    8.7   27.6               
   89   89 A G  S  < S+     0   0   78     -4,-1.4    -1,-0.1     1,-0.2     3,-0.1  -0.141  88.3  76.1 -91.8  34.9    7.3    6.9   31.0               
   90   90 A G        +     0   0   68     -2,-0.4    -1,-0.2     1,-0.1     2,-0.1  -0.219  52.7  85.4-159.1  63.6    7.0    9.9   33.3               
   91   91 A D        +     0   0  167     -3,-0.2    -1,-0.1     1,-0.1     0, 0.0  -0.545  61.2  84.9-152.2  87.9    3.8   11.8   34.5               
   92   92 A A        +     0   0  106     -2,-0.1     2,-0.7    -3,-0.1    -1,-0.1  -0.062  47.3 144.8-168.2  52.4    2.1   10.2   37.5               
   93   93 A A        +     0   0   94     -3,-0.1     2,-0.2     2,-0.0    -3,-0.0  -0.817  12.3 127.3-111.0  99.3    3.8   11.6   40.8               
   94   94 A T        -     0   0  134     -2,-0.7    -1,-0.0     2,-0.0     0, 0.0  -0.723  51.9 -77.4-151.6 110.2    1.7   12.2   43.9               
   95   95 A T        +     0   0  127     -2,-0.2     2,-0.2     1,-0.0    -2,-0.0   0.629  48.8 132.3  36.2 106.8    2.3   11.0   47.5               
   96   96 A V        -     0   0  150      2,-0.0     2,-0.4     0, 0.0    -2,-0.0  -0.689  32.8-149.4-154.2 152.5    2.0    8.2   49.8               
   97   97 A N        +     0   0  142     -2,-0.2     2,-0.2     2,-0.0     0, 0.0  -0.833  28.4 129.3 -97.0 134.3    4.7    6.9   52.2               
   98   98 A N        -     0   0  147     -2,-0.4     2,-0.3     2,-0.0    -2,-0.0  -0.645  26.5-155.7-164.5 157.3    5.8    3.8   53.7               
   99   99 A S        -     0   0   99     -2,-0.2    -2,-0.0     1,-0.1     0, 0.0  -0.804  31.6-107.8-103.5 149.3    8.9    1.6   54.3               
  100  100 A T        +     0   0  134     -2,-0.3    -1,-0.1     1,-0.0    -2,-0.0  -0.286  36.1 130.0 -72.2 170.5    9.1   -2.2   54.9               
  101  101 A P        -     0   0  113      0, 0.0    -2,-0.0     0, 0.0    -1,-0.0   0.358  28.5 -82.2-147.2 178.5    9.5   -4.8   56.6               
  102  102 A D        +     0   0  132     -2,-0.0     0, 0.0     0, 0.0     0, 0.0   0.602  30.8 124.2  80.5 162.7    8.5   -8.3   57.8               
  103  103 A F        -     0   0  185      0, 0.0     0, 0.0     0, 0.0     0, 0.0   0.968  32.4-159.1  72.5  83.3    6.7  -10.9   60.1               
  104  104 A G        +     0   0   74      0, 0.0     0, 0.0     0, 0.0     0, 0.0   0.841  17.4  51.5  88.8 115.3    4.7  -13.5   59.6               
  105  105 A F        +     0   0  223      2,-0.0     0, 0.0     0, 0.0     0, 0.0   0.825  34.4  70.4  82.6 141.2    2.1  -16.2   60.0               
  106  106 A G        +     0   0   70      1,-0.1     2,-0.3     0, 0.0     0, 0.0   0.614  20.7 171.7  95.9 132.6   -1.2  -17.8   60.9               
  107  107 A G        +     0   0   68      2,-0.0    -1,-0.1     1,-0.0     2,-0.0  -0.969   6.6 162.8-153.4 160.3   -4.9  -18.0   60.0               
  108  108 A Q        -     0   0  191     -2,-0.3    -1,-0.0     0, 0.0     0, 0.0  -0.157  26.3 -72.0 171.9 116.0   -8.1  -20.0   61.0               
  109  109 A K        -     0   0  169     -2,-0.0    -2,-0.0     1,-0.0     0, 0.0   0.715  39.3 -58.0  64.9  97.8  -11.8  -20.2   60.9               
  110  110 A R        +     0   0  212      0, 0.0     2,-0.2     0, 0.0    -1,-0.0   0.770  22.0 168.9  43.7 120.0  -15.2  -19.1   62.0               
  111  111 A Q        -     0   0  179      2,-0.0     2,-0.2     0, 0.0     0, 0.0  -0.484   9.0-168.2-173.2 141.6  -17.8  -18.5   64.6               
  112  112 A L        +     0   0  144     -2,-0.2     2,-0.1     0, 0.0     0, 0.0  -0.119   8.8 165.5  79.6 106.1  -20.9  -17.0   64.9               
  113  113 A E        -     0   0  173     -2,-0.2    -2,-0.0     2,-0.0     2,-0.0  -0.292  13.0-168.1 152.5 165.8  -23.4  -16.0   67.7               
  114  114 A D        +     0   0  152     -2,-0.1     0, 0.0     0, 0.0     0, 0.0   0.429  16.0 146.9-161.8 171.3  -26.1  -14.1   68.3               
  115  115 A G        +     0   0   61     -2,-0.0    -2,-0.0     0, 0.0     0, 0.0   0.384  24.4  38.4  74.8 155.4  -29.1  -12.1   69.8               
  116  116 A D        -     0   0  169      2,-0.0     0, 0.0     0, 0.0     0, 0.0   0.856  21.7-154.8-149.5-178.9  -31.2   -9.9   70.2               
  117  117 A Q        -     0   0  171      1,-0.1     0, 0.0     0, 0.0     0, 0.0   0.349  26.1 -56.2-108.1-152.2  -34.0   -7.4   69.2               
  118  118 A P        -     0   0   99      0, 0.0     2,-0.2     0, 0.0    -1,-0.1  -0.089  14.9-171.0-102.8 173.4  -35.9   -4.3   69.9               
  119  119 A E        -     0   0  174      0, 0.0     0, 0.0     0, 0.0     0, 0.0  -0.611  24.2 -95.5-166.0 142.5  -38.1   -1.7   71.5               
  120  120 A S        -     0   0   75     -2,-0.2     0, 0.0     1,-0.0     0, 0.0   0.503  33.7 -28.1  34.9 116.6  -40.0    1.5   71.3               
  121  121 A K        +     0   0  185      0, 0.0    -1,-0.0     0, 0.0     0, 0.0   0.922  35.8   4.1  69.4 118.3  -40.4    5.2   71.8               
  122  122 A K        +     0   0  182      0, 0.0     0, 0.0     0, 0.0     0, 0.0   0.909  29.7  68.6  84.4 138.3  -40.1    8.7   72.9               
  123  123 A L        -     0   0  139      0, 0.0     2,-0.1     0, 0.0     0, 0.0   0.693  25.1-139.1  66.9 129.0  -39.0   12.0   74.8               
  124  124 A A        -     0   0   92      0, 0.0     0, 0.0     0, 0.0     0, 0.0   0.406   9.7-178.8  74.2 135.3  -36.9   14.5   75.7               
  125  125 A S        -     0   0  115     -2,-0.1     0, 0.0     0, 0.0     0, 0.0   0.890  19.2 -75.4-162.7-175.2  -35.2   16.8   77.3               
  126  126 A Q        +     0   0  168      0, 0.0     0, 0.0     0, 0.0     0, 0.0   0.876  36.2  97.2-158.0 164.1  -33.0   19.3   77.9               
  127  127 A G        -     0   0   69      0, 0.0     2,-0.0     0, 0.0     0, 0.0   0.503  30.9-162.9 135.6  87.6  -29.6   21.2   78.3               
  128  128 A D        +     0   0  125      0, 0.0     2,-0.0     0, 0.0     0, 0.0   0.137  18.0 160.4  79.5  96.1  -27.5   23.1   76.4               
  129  129 A S        -     0   0  112      2,-0.0     0, 0.0    -2,-0.0     0, 0.0  -0.179  38.5 -46.5-175.8 127.7  -24.2   24.7   75.7               
  130  130 A I        +     0   0  166     -2,-0.0     0, 0.0     0, 0.0     0, 0.0   0.893  51.0  94.7  58.7 100.6  -22.2   26.2   72.8               
  131  131 A S        -     0   0  101      2,-0.1    -2,-0.0     1,-0.0     0, 0.0   0.367  45.6 -78.8 168.5 127.8  -20.9   26.0   69.5               
  132  132 A S        +     0   0   98      0, 0.0    -1,-0.0     0, 0.0     0, 0.0   0.636  47.0  77.2  68.0 157.7  -21.3   26.9   65.8               
  133  133 A Q        -     0   0  166      2,-0.0    -2,-0.1     0, 0.0     0, 0.0   0.830  57.6  -9.0  76.8 130.8  -23.0   26.2   62.4               
  134  134 A L        -     0   0  159      1,-0.1     0, 0.0     2,-0.0     0, 0.0   0.847  39.4-135.8  52.2 102.7  -25.9   26.5   60.1               
  135  135 A G        -     0   0   69      1,-0.1     2,-0.7     0, 0.0    -1,-0.1  -0.599  37.7-108.2 -76.2 141.3  -29.6   27.7   60.5               
  136  136 A P        -     0   0  122      0, 0.0     2,-0.5     0, 0.0    -1,-0.1  -0.607  24.7-148.9 -79.8 113.7  -32.2   25.3   58.8               
  137  137 A I        -     0   0  162     -2,-0.7     0, 0.0     1,-0.1     0, 0.0  -0.676  26.0-118.2 -74.6 126.2  -33.8   26.9   55.6               
  138  138 A H        -     0   0  168     -2,-0.5    -1,-0.1     1,-0.1     0, 0.0  -0.496  21.2-130.5 -63.0 124.8  -37.4   25.5   55.3               
  139  139 A P        -     0   0  112      0, 0.0     3,-0.1     0, 0.0    -1,-0.1  -0.623  29.1-118.0 -70.0 134.5  -37.9   23.5   52.1               
  140  140 A P        -     0   0  107      0, 0.0     2,-0.1     0, 0.0     3,-0.0  -0.237  46.8 -70.4 -65.1 162.1  -41.1   24.7   50.3               
  141  141 A P        -     0   0  118      0, 0.0     2,-0.7     0, 0.0     0, 0.0  -0.362  57.0-111.5 -56.4 124.8  -44.1   22.3   49.8               
  142  142 A R        -     0   0  241      1,-0.1     2,-2.1    -3,-0.1    55,-0.0  -0.495  26.0-141.7 -65.2 106.3  -43.0   19.8   47.1               
  143  143 A T        -     0   0  112     -2,-0.7     2,-0.8     1,-0.0    -1,-0.1  -0.476  21.3-172.9 -73.8  74.3  -45.2   20.6   44.1               
  144  144 A S        -     0   0   85     -2,-2.1     2,-0.2    53,-0.1    53,-0.2  -0.647   8.6-159.5 -65.8 107.5  -45.9   17.1   42.9               
  145  145 A M  E     -A  196   0A  94     51,-2.4    51,-2.4    -2,-0.8     2,-0.4  -0.637   4.6-154.2 -80.9 147.6  -47.8   17.6   39.6               
  146  146 A T  E     -A  195   0A  84     -2,-0.2     2,-0.4    49,-0.2    49,-0.2  -0.995  16.3-179.9-120.5 125.3  -49.9   14.7   38.1               
  147  147 A E  E     -A  194   0A  53     47,-2.3    47,-2.9    -2,-0.4     2,-0.5  -0.951  24.9-133.0-119.7 143.0  -50.4   14.7   34.4               
  148  148 A E  E     -A  193   0A 128     -2,-0.4     2,-0.3    45,-0.2    45,-0.2  -0.846  28.4-177.2 -90.1 126.2  -52.4   12.2   32.2               
  149  149 A Y  E     -A  192   0A  35     43,-2.7    43,-2.7    -2,-0.5     2,-0.4  -0.901  16.2-134.3-123.0 151.3  -50.4   11.1   29.1               
  150  150 A R  E     -A  191   0A 142     -2,-0.3    41,-0.2    41,-0.2    39,-0.0  -0.933  18.5-177.5-119.4 131.7  -51.7    8.8   26.3               
  151  151 A V  E     -A  190   0A   1     39,-2.4    39,-3.2    -2,-0.4     2,-0.2  -0.933  38.4-101.6-122.1 143.8  -49.9    5.8   24.7               
  152  152 A P  E >>  -A  189   0A  22      0, 0.0     3,-2.3     0, 0.0     4,-0.6  -0.481  36.0-125.0 -62.2 134.6  -51.2    3.5   21.8               
  153  153 A D  G >4 S+     0   0   67     35,-2.1     3,-1.7     1,-0.3     4,-0.5   0.884 108.2  58.4 -56.5 -41.1  -52.5    0.3   23.4               
  154  154 A G  G 34 S+     0   0   65     34,-0.3    -1,-0.3     1,-0.3     4,-0.2   0.643 104.2  53.8 -61.9 -14.4  -50.2   -2.0   21.3               
  155  155 A M  G X> S+     0   0   29     -3,-2.3     4,-2.0     1,-0.1     3,-0.8   0.571  83.9  86.5 -94.0 -11.5  -47.1   -0.1   22.7               
  156  156 A V  H <X S+     0   0    7     -3,-1.7     4,-2.5    -4,-0.6     5,-0.3   0.872  84.4  56.9 -60.8 -37.0  -48.1   -0.7   26.4               
  157  157 A G  H 3> S+     0   0   53     -4,-0.5     4,-2.0     1,-0.2    -1,-0.3   0.842 108.5  46.9 -62.5 -33.1  -46.3   -4.1   26.4               
  158  158 A L  H <4 S+     0   0   91     -3,-0.8    -2,-0.2    -4,-0.2    -1,-0.2   0.876 112.0  50.4 -74.7 -38.1  -43.0   -2.3   25.3               
  159  159 A I  H  < S+     0   0    0     -4,-2.0    11,-0.2     1,-0.2    -2,-0.2   0.876 116.8  40.2 -66.5 -41.9  -43.5    0.4   28.0               
  160  160 A I  H  < S-     0   0   62     -4,-2.5     7,-1.7     6,-0.2     6,-0.7   0.918  98.3-168.4 -70.9 -44.1  -44.1   -2.2   30.8               
  161  161 A G    ><  -     0   0   24     -4,-2.0     3,-1.5    -5,-0.3     2,-0.2  -0.011  41.5 -33.6  72.7 174.4  -41.4   -4.6   29.5               
  162  162 A R  G >  S-     0   0  227      1,-0.3     3,-1.9     2,-0.2     4,-0.2  -0.471 135.0  -4.4 -65.2 129.2  -40.8   -8.2   30.6               
  163  163 A G  G 3  S-     0   0   90      1,-0.3    -1,-0.3    -2,-0.2    -2,-0.1   0.569 124.0 -71.1  64.1  10.7  -41.6   -8.6   34.3               
  164  164 A G  G <> S+     0   0   12     -3,-1.5     4,-2.2     3,-0.0    -1,-0.3   0.560  98.2 135.3  79.0   9.5  -42.3   -4.8   34.6               
  165  165 A E  H <>  +     0   0  140     -3,-1.9     4,-2.6     2,-0.2    -4,-0.2   0.908  69.1  47.5 -57.1 -43.5  -38.5   -4.1   34.2               
  166  166 A Q  H  > S+     0   0   46     -6,-0.7     4,-2.8     2,-0.2    -5,-0.2   0.929 112.6  46.6 -71.3 -43.6  -39.0   -1.2   31.7               
  167  167 A I  H  > S+     0   0   22     -7,-1.7     4,-2.1     2,-0.2    -1,-0.2   0.869 113.9  50.0 -67.3 -32.6  -41.7    0.7   33.7               
  168  168 A N  H  X S+     0   0   96     -4,-2.2     4,-2.6    -8,-0.4    -2,-0.2   0.939 111.2  49.1 -67.1 -42.2  -39.6    0.3   36.8               
  169  169 A K  H  X S+     0   0   71     -4,-2.6     4,-3.1     2,-0.2     5,-0.3   0.921 110.6  50.1 -61.3 -44.9  -36.6    1.7   34.9               
  170  170 A I  H  X S+     0   0    0     -4,-2.8     4,-2.2   -11,-0.2     6,-0.4   0.924 113.0  46.9 -59.4 -45.3  -38.7    4.6   33.6               
  171  171 A Q  H  X S+     0   0   52     -4,-2.1     4,-1.7     2,-0.2     5,-0.3   0.917 116.7  43.8 -63.6 -42.7  -39.9    5.3   37.2               
  172  172 A Q  H  < S+     0   0  164     -4,-2.6    -2,-0.2     2,-0.2    -1,-0.2   0.937 117.1  44.2 -67.1 -48.5  -36.3    5.1   38.6               
  173  173 A D  H  < S+     0   0   62     -4,-3.1    -2,-0.2     1,-0.2    -1,-0.2   0.839 123.0  36.7 -68.3 -37.3  -34.6    7.1   35.8               
  174  174 A S  H  < S-     0   0    8     -4,-2.2    -1,-0.2    -5,-0.3    -2,-0.2   0.754  93.8-134.2 -83.7 -27.8  -37.3    9.9   35.8               
  175  175 A G     <  +     0   0   54     -4,-1.7     2,-0.4     1,-0.3    22,-0.3   0.588  68.5 125.0  69.3  12.0  -38.1   10.1   39.6               
  176  176 A C        -     0   0    3     -6,-0.4     2,-0.6    -5,-0.3    -1,-0.3  -0.828  66.9-124.8 -98.4 140.8  -41.8   10.1   38.4               
  177  177 A K  E     -B  195   0A 106     18,-3.1    18,-2.6    -2,-0.4     2,-0.5  -0.784  29.2-159.0 -80.5 122.8  -44.4    7.5   39.6               
  178  178 A V  E     +B  194   0A   5     -2,-0.6     2,-0.5    16,-0.2    16,-0.2  -0.918  13.2 179.0-110.2 119.7  -45.9    5.9   36.4               
  179  179 A Q  E     -B  193   0A  99     14,-2.6    14,-2.8    -2,-0.5     2,-0.4  -0.965  11.1-159.7-124.7 115.7  -49.3    4.3   36.6               
  180  180 A I  E     -B  192   0A  34     -2,-0.5    12,-0.2    12,-0.2    -2,-0.0  -0.777  30.4-108.3 -90.7 134.5  -50.9    2.7   33.4               
  181  181 A S        -     0   0   31     10,-2.6    -1,-0.1    -2,-0.4     3,-0.0  -0.287  19.6-129.9 -58.7 143.0  -54.7    2.2   33.5               
  182  182 A P  S    S+     0   0  113      0, 0.0     2,-0.3     0, 0.0    -1,-0.1   0.828  92.9  31.9 -69.5 -26.6  -55.8   -1.5   33.8               
  183  183 A D        -     0   0  128      8,-0.0     8,-0.3     1,-0.0    -2,-0.1  -0.935  66.8-143.9-128.4 150.7  -58.2   -1.1   30.8               
  184  184 A S    >   -     0   0   20     -2,-0.3     3,-2.5     6,-0.1     5,-0.2   0.244  39.9-127.0 -94.0   6.9  -58.0    1.1   27.6               
  185  185 A G  T 3   -     0   0   74      1,-0.3     5,-0.0     3,-0.1    -2,-0.0   0.619  64.1 -64.3  62.0  14.3  -61.8    1.6   27.7               
  186  186 A G  T 3  S+     0   0   83      1,-0.3    -1,-0.3     2,-0.0     4,-0.1   0.449 107.3 128.1  79.6   4.1  -62.1    0.4   24.0               
  187  187 A L    <   -     0   0  106     -3,-2.5    -1,-0.3     2,-0.2   -34,-0.1  -0.595  69.8-127.9 -82.7 151.9  -60.0    3.4   22.9               
  188  188 A P  S    S+     0   0  106      0, 0.0   -35,-2.1     0, 0.0     2,-0.4   0.581  97.5  66.2 -70.9 -10.6  -56.8    2.9   20.6               
  189  189 A E  E    S-A  152   0A  80    -37,-0.3     2,-0.4    -5,-0.2    -2,-0.2  -0.947  73.2-152.6-115.3 135.9  -55.0    5.0   23.3               
  190  190 A R  E     -A  151   0A  47    -39,-3.2   -39,-2.4    -2,-0.4     2,-0.2  -0.882  22.0-118.2-108.2 136.8  -54.4    4.0   27.0               
  191  191 A S  E     -A  150   0A  31     -2,-0.4   -10,-2.6    -8,-0.3     2,-0.4  -0.526  24.1-169.1 -80.0 140.2  -54.1    6.5   29.8               
  192  192 A V  E     -AB 149 180A   0    -43,-2.7   -43,-2.7   -12,-0.2     2,-0.5  -0.977  12.7-146.8-130.3 112.9  -50.8    6.8   31.8               
  193  193 A S  E     -AB 148 179A  44    -14,-2.8   -14,-2.6    -2,-0.4     2,-0.6  -0.735  11.3-163.5 -83.1 125.4  -50.8    8.9   35.0               
  194  194 A L  E     -AB 147 178A   0    -47,-2.9   -47,-2.3    -2,-0.5     2,-0.5  -0.942   9.0-178.1-113.7 107.0  -47.4   10.6   35.6               
  195  195 A T  E     +AB 146 177A  40    -18,-2.6   -18,-3.1    -2,-0.6     2,-0.3  -0.931  34.8  78.4-112.0 119.3  -47.0   11.9   39.2               
  196  196 A G  E    S-A  145   0A  10    -51,-2.4   -51,-2.4    -2,-0.5   -20,-0.1  -0.967  84.2 -34.3-179.1-168.5  -43.8   13.7   40.2               
  197  197 A A     >  -     0   0   47    -22,-0.3     4,-2.7    -2,-0.3     5,-0.2  -0.478  66.8-108.4 -61.2 152.0  -41.9   17.0   40.1               
  198  198 A P  H  > S+     0   0   69      0, 0.0     4,-2.6     0, 0.0     5,-0.2   0.888 123.2  51.4 -56.8 -36.8  -42.6   18.8   36.7               
  199  199 A E  H  > S+     0   0  167      2,-0.2     4,-2.4     1,-0.2     5,-0.1   0.912 111.3  47.4 -62.7 -43.1  -39.0   18.0   35.6               
  200  200 A S  H  > S+     0   0   25      2,-0.2     4,-2.4     1,-0.2   -24,-0.3   0.900 112.3  49.1 -65.1 -42.8  -39.6   14.3   36.5               
  201  201 A V  H  X S+     0   0    0     -4,-2.7     4,-2.6     2,-0.2    -2,-0.2   0.937 112.5  47.9 -64.1 -44.4  -43.0   14.2   34.7               
  202  202 A Q  H  X S+     0   0  100     -4,-2.6     4,-2.3    -5,-0.2    -2,-0.2   0.907 111.9  49.9 -63.9 -40.1  -41.4   15.8   31.6               
  203  203 A K  H  X S+     0   0  105     -4,-2.4     4,-1.7     2,-0.2    -2,-0.2   0.902 110.9  49.8 -63.8 -39.6  -38.5   13.3   31.7               
  204  204 A A  H  X S+     0   0    0     -4,-2.4     4,-1.8     2,-0.2    -2,-0.2   0.922 108.9  52.2 -65.3 -42.7  -41.0   10.4   32.0               
  205  205 A K  H >X S+     0   0   35     -4,-2.6     4,-2.9     1,-0.2     3,-0.5   0.958 109.0  50.1 -54.2 -51.8  -43.0   11.8   29.0               
  206  206 A M  H 3X S+     0   0  123     -4,-2.3     4,-1.9     1,-0.3    -1,-0.2   0.845 110.0  50.1 -58.3 -38.5  -39.8   11.8   26.9               
  207  207 A M  H 3X S+     0   0   37     -4,-1.7     4,-1.5     2,-0.2    -1,-0.3   0.822 113.4  46.3 -70.0 -31.3  -39.0    8.2   27.9               
  208  208 A L  H <X S+     0   0    0     -4,-1.8     4,-2.8    -3,-0.5     5,-0.2   0.926 110.2  52.3 -74.0 -44.9  -42.6    7.1   26.9               
  209  209 A D  H  X S+     0   0   76     -4,-2.9     4,-2.6     2,-0.2    -2,-0.2   0.894 110.6  49.5 -56.0 -43.4  -42.5    9.1   23.5               
  210  210 A D  H  X S+     0   0   70     -4,-1.9     4,-2.6    -5,-0.2    -1,-0.2   0.940 112.7  45.4 -63.3 -46.8  -39.1    7.3   22.7               
  211  211 A I  H  X S+     0   0   12     -4,-1.5     4,-1.0     2,-0.2    -2,-0.2   0.921 115.8  47.0 -64.9 -42.3  -40.5    3.8   23.5               
  212  212 A V  H  X S+     0   0   15     -4,-2.8     4,-1.4     2,-0.2     3,-0.4   0.912 113.0  49.7 -63.8 -42.3  -43.8    4.5   21.5               
  213  213 A S  H  < S+     0   0   87     -4,-2.6     3,-0.3    -5,-0.2     4,-0.3   0.912 108.8  51.6 -64.8 -42.8  -41.7    5.9   18.6               
  214  214 A R  H  < S+     0   0   84     -4,-2.6    -1,-0.2     1,-0.2    -2,-0.2   0.720 116.3  42.7 -65.9 -22.0  -39.4    2.8   18.5               
  215  215 A G  H  < S+     0   0   25     -4,-1.0    -1,-0.2    -3,-0.4    -2,-0.2   0.684  88.1  86.4 -94.3 -22.4  -42.5    0.5   18.4               
  216  216 A R  S  < S-     0   0  175     -4,-1.4    -1,-0.1    -3,-0.3    -2,-0.1   0.488  99.5 -81.4 -77.4  -1.8  -44.9    2.3   15.9               
  217  217 A G        +     0   0   76     -4,-0.3    -1,-0.1    -3,-0.2    -2,-0.1   0.522  63.6 130.6 113.4 122.4  -43.5    0.7   12.7               
  218  218 A G        -     0   0   58     -4,-0.1     3,-0.2    -3,-0.1    -1,-0.1  -0.888  64.7 -65.4-174.0 159.7  -40.7    0.9   10.1               
  219  219 A P  S    S-     0   0  118      0, 0.0     2,-0.2     0, 0.0    -2,-0.0  -0.242  82.4 -67.4 -56.9 150.0  -38.2   -1.7    8.5               
  220  220 A P  S    S+     0   0  127      0, 0.0    17,-0.1     0, 0.0     0, 0.0  -0.153  83.1 128.1 -63.4 109.7  -35.8   -3.0   11.2               
  221  221 A G        +     0   0   35     -3,-0.2     2,-0.7    -2,-0.2    17,-0.0  -0.185  26.3 139.1-149.9  41.5  -33.4   -0.2   12.3               
  222  222 A Q        -     0   0  118     -8,-0.0     2,-0.1     0, 0.0    -8,-0.0  -0.831  35.2-152.8-107.5 103.8  -33.6   -0.1   16.2               
  223  223 A F        -     0   0  112     -2,-0.7    13,-0.1     1,-0.1    -2,-0.1  -0.390  34.9 -45.2 -46.0 130.2  -30.5    0.4   18.2               
  224  224 A H        +     0   0   86     11,-0.6     2,-0.1    -2,-0.1    -1,-0.1   0.842  31.8 162.4  60.7 114.2  -30.0   -0.8   21.7               
  225  225 A D        +     0   0   89      1,-0.0    -1,-0.0     0, 0.0     9,-0.0  -0.479  40.2 107.2-158.2 131.8  -30.8   -1.5   25.1               
  226  226 A N        +     0   0   93     -2,-0.1     2,-2.1     6,-0.1     6,-0.1  -0.105  28.6 172.6-166.9  68.1  -29.1   -3.9   27.6               
  227  227 A A        +     0   0   90      2,-0.1     2,-0.3     0, 0.0     0, 0.0  -0.395  44.5 101.0 -74.5  64.2  -27.1   -1.9   30.1               
  228  228 A N  S    S-     0   0  123     -2,-2.1     4,-0.1     2,-0.1     0, 0.0  -0.963  72.5 -14.2-147.2 138.3  -26.2   -4.8   32.4               
  229  229 A G  S    S-     0   0   81     -2,-0.3    -2,-0.1     2,-0.1     2,-0.0   0.321  94.2 -40.4  78.5   5.7  -23.4   -7.2   33.4               
  230  230 A G  S    S+     0   0   51      2,-0.1    -2,-0.1     0, 0.0     3,-0.1  -0.003  98.1  21.5 123.6 145.9  -20.6   -7.3   30.8               
  231  231 A Q        +     0   0  206      1,-0.2     2,-1.4    -2,-0.0    -2,-0.1   0.422  65.4 145.1  54.7  11.0  -19.2   -7.3   27.2               
  232  232 A N        -     0   0   97     -6,-0.1     2,-0.2    -4,-0.1    -1,-0.2  -0.576  23.4-178.5 -84.0  87.0  -22.3   -5.7   25.5               
  233  233 A G        -     0   0   23     -2,-1.4    55,-0.2     1,-0.1    32,-0.0  -0.513  42.3 -89.5 -65.7 148.6  -21.1   -3.5   22.7               
  234  234 A T  E     -C  287   0B  11     53,-1.9    53,-2.3    -2,-0.2     2,-0.5  -0.363  40.6-141.5 -59.1 139.5  -23.9   -1.7   20.8               
  235  235 A V  E     +C  286   0B  44     51,-0.2   -11,-0.6    -3,-0.1     2,-0.4  -0.953  23.0 174.2-107.9 126.6  -25.3   -3.7   17.9               
  236  236 A Q  E     -C  285   0B  20     49,-2.6    49,-3.2    -2,-0.5     2,-0.4  -0.999  13.6-157.1-127.7 135.4  -26.3   -1.9   14.6               
  237  237 A E  E     -C  284   0B  73     -2,-0.4     2,-0.4    47,-0.2    47,-0.2  -0.889   9.2-173.7-110.5 137.3  -27.5   -3.6   11.5               
  238  238 A I  E     -C  283   0B  16     45,-2.0    45,-3.1    -2,-0.4     2,-0.4  -1.000  25.9-121.8-131.5 135.4  -27.2   -2.1    7.9               
  239  239 A M  E     -C  282   0B 127     -2,-0.4    41,-0.1    43,-0.2    42,-0.0  -0.633  26.2-160.9 -76.6 123.6  -28.6   -3.5    4.6               
  240  240 A I  E     -C  281   0B   0     41,-2.2    41,-2.6    -2,-0.4     5,-0.2  -0.943  25.8-111.8-109.7 119.5  -25.8   -4.0    2.0               
  241  241 A P    >>  -     0   0   44      0, 0.0     3,-1.8     0, 0.0     4,-1.5  -0.155  29.3-120.5 -50.7 133.9  -26.8   -4.2   -1.7               
  242  242 A A  T 34 S+     0   0   19      1,-0.3     4,-0.5     2,-0.2     3,-0.4   0.843 111.8  45.7 -53.4 -44.4  -26.1   -7.8   -2.9               
  243  243 A G  T 34 S+     0   0   77      1,-0.2    -1,-0.3     2,-0.1     4,-0.1   0.672 115.1  49.5 -71.1 -17.8  -23.7   -6.8   -5.7               
  244  244 A K  T X> S+     0   0   33     -3,-1.8     3,-1.6     2,-0.1     4,-1.2   0.625  85.3  86.1 -95.6 -15.3  -21.9   -4.4   -3.2               
  245  245 A A  H 3X S+     0   0    4     -4,-1.5     4,-2.5    -3,-0.4     3,-0.3   0.887  85.3  58.3 -53.9 -39.0  -21.4   -6.9   -0.4               
  246  246 A G  H 3> S+     0   0   49     -4,-0.5     4,-1.7     1,-0.2    -1,-0.3   0.754 101.9  55.5 -62.3 -24.5  -18.2   -8.1   -2.0               
  247  247 A L  H <4 S+     0   0   46     -3,-1.6    -1,-0.2     2,-0.2    -2,-0.2   0.875 111.5  41.9 -73.5 -39.7  -16.8   -4.5   -1.8               
  248  248 A V  H  < S+     0   0    2     -4,-1.2    -2,-0.2    -3,-0.3    11,-0.2   0.861 119.3  44.1 -80.9 -35.9  -17.3   -4.3    2.0               
  249  249 A I  H  < S-     0   0   46     -4,-2.5     7,-2.0     6,-0.2     6,-0.6   0.935  97.6-165.5 -64.1 -47.8  -16.1   -7.9    2.6               
  250  250 A G    ><  -     0   0   17     -4,-1.7     3,-1.4    -5,-0.3     2,-0.2  -0.076  41.9 -35.7  74.6 174.3  -13.1   -7.4    0.3               
  251  251 A K  G >  S-     0   0  187      1,-0.3     3,-2.1     2,-0.2     4,-0.2  -0.490 135.0  -5.6 -64.6 129.0  -10.9  -10.2   -1.1               
  252  252 A G  G 3  S-     0   0   95      1,-0.3    -1,-0.3    -2,-0.2    -2,-0.1   0.610 126.3 -67.4  61.5  13.9  -10.5  -13.0    1.6               
  253  253 A G  G <> S+     0   0   21     -3,-1.4     4,-1.8    -7,-0.1    -1,-0.3   0.591 100.2 133.6  79.7  11.7  -12.4  -10.7    4.1               
  254  254 A E  H <>  +     0   0   89     -3,-2.1     4,-2.8     2,-0.2    -4,-0.2   0.921  68.7  46.9 -62.6 -44.3   -9.5   -8.2    4.2               
  255  255 A T  H  > S+     0   0   40     -6,-0.6     4,-2.6     2,-0.2    -5,-0.3   0.941 113.1  47.3 -69.3 -44.3  -11.7   -5.0    3.8               
  256  256 A I  H  > S+     0   0   20     -7,-2.0     4,-1.8     2,-0.2    -1,-0.2   0.838 114.2  50.1 -65.4 -30.3  -14.2   -6.1    6.5               
  257  257 A K  H  X S+     0   0  138     -4,-1.8     4,-2.6    -8,-0.4    -2,-0.2   0.943 111.4  46.7 -70.1 -45.7  -11.2   -6.9    8.8               
  258  258 A Q  H  X S+     0   0   35     -4,-2.8     4,-2.8     2,-0.2    -2,-0.2   0.882 112.6  50.8 -62.3 -39.1   -9.5   -3.5    8.1               
  259  259 A L  H  X S+     0   0   12     -4,-2.6     4,-1.9     2,-0.2     6,-0.2   0.910 111.6  47.8 -64.0 -43.3  -12.9   -1.8    8.8               
  260  260 A Q  H  X>S+     0   0   47     -4,-1.8     5,-2.0     2,-0.2     4,-1.6   0.946 116.3  43.2 -58.2 -51.5  -13.3   -3.7   12.1               
  261  261 A E  H  <5S+     0   0  151     -4,-2.6    -2,-0.2     1,-0.2    -3,-0.2   0.920 114.0  50.5 -64.4 -44.5   -9.7   -2.9   13.2               
  262  262 A R  H  <5S+     0   0  165     -4,-2.8    -1,-0.2     1,-0.2    -2,-0.2   0.819 120.1  34.9 -66.6 -37.5   -9.9    0.8   12.1               
  263  263 A A  H  <5S-     0   0    5     -4,-1.9    -1,-0.2    -5,-0.2    -2,-0.2   0.638 106.1-123.7 -85.9 -19.6  -13.2    1.5   13.9               
  264  264 A G  T  <5S+     0   0   43     -4,-1.6    24,-0.4     1,-0.3     2,-0.3   0.888  72.4 117.1  69.7  40.6  -12.4   -0.8   16.9               
  265  265 A V      < -     0   0   12     -5,-2.0     2,-0.4    -6,-0.2    -1,-0.3  -0.886  66.8-115.9-128.9 162.7  -15.6   -2.8   16.3               
  266  266 A K  E     -D  286   0B 127     20,-3.1    20,-3.0    -2,-0.3     2,-0.4  -0.845  29.5-162.5 -95.9 138.7  -16.6   -6.4   15.4               
  267  267 A M  E     -D  285   0B  10     -2,-0.4     2,-0.4    18,-0.2    18,-0.2  -0.988   9.8-176.8-127.6 132.5  -18.5   -6.9   12.0               
  268  268 A I  E     -D  284   0B  70     16,-2.7    16,-3.0    -2,-0.4     2,-0.8  -0.972  16.5-150.2-129.4 110.5  -20.5   -9.9   11.0               
  269  269 A L  E     -D  283   0B  24     -2,-0.4     2,-0.4    14,-0.2    14,-0.2  -0.782  23.0-135.8 -77.4 113.3  -22.1  -10.1    7.5               
  270  270 A I        -     0   0   41     12,-2.9     2,-0.4    -2,-0.8    -2,-0.0  -0.578  21.6-172.3 -69.5 122.4  -25.2  -12.2    8.0               
  271  271 A Q        -     0   0  127     -2,-0.4     3,-0.1    10,-0.1    -1,-0.1  -0.762  12.9-153.3-119.9  78.9  -25.3  -14.7    5.1               
  272  272 A D        -     0   0  126     -2,-0.4     2,-0.7     1,-0.2    -2,-0.0  -0.253  40.1 -81.8 -58.0 140.1  -28.7  -16.3    5.5               
  273  273 A G  S    S-     0   0   71      2,-0.1    -1,-0.2     0, 0.0    -2,-0.0  -0.358  78.5 -40.9 -70.4 106.8  -28.6  -19.8    4.0               
  274  274 A S  S    S+     0   0  103     -2,-0.7    -2,-0.0    -3,-0.1     0, 0.0   0.439  85.4  70.1  73.0 154.1  -29.1  -20.0    0.2               
  275  275 A Q  S    S+     0   0  176      2,-0.0    -2,-0.1     4,-0.0     2,-0.0   0.872  70.6  62.0  58.3  64.5  -31.2  -18.5   -2.6               
  276  276 A N    >   +     0   0  117      3,-0.1     3,-0.9   -34,-0.0    -2,-0.0  -0.061  29.9 179.0-175.9 131.3  -30.8  -15.1   -3.7               
  277  277 A T  T 3  S+     0   0  124      1,-0.2    -2,-0.0    -2,-0.0    -3,-0.0   0.462  92.9  54.3 -80.4  -0.4  -27.8  -13.2   -5.3               
  278  278 A N  T 3  S+     0   0  146    -36,-0.1     2,-0.4     2,-0.1    -1,-0.2   0.212  82.9 102.7-116.5   6.8  -30.0  -10.0   -5.6               
  279  279 A V  S <  S-     0   0   85     -3,-0.9     2,-0.1   -38,-0.1    -3,-0.1  -0.836  78.8-109.7 -97.4 132.3  -31.2   -9.7   -1.9               
  280  280 A D        -     0   0   64     -2,-0.4    -2,-0.1   -39,-0.1    -1,-0.0  -0.342  32.0-134.7 -59.6 131.2  -29.5   -7.1    0.4               
  281  281 A K  E     -C  240   0B  61    -41,-2.6   -41,-2.2    -2,-0.1     2,-0.5  -0.784  14.4-123.0 -94.5 128.6  -27.3   -8.7    3.0               
  282  282 A P  E     -C  239   0B  33      0, 0.0   -12,-2.9     0, 0.0     2,-0.7  -0.559  19.8-157.9 -71.2 120.6  -27.5   -7.5    6.7               
  283  283 A L  E     -CD 238 269B   0    -45,-3.1   -45,-2.0    -2,-0.5     2,-0.6  -0.905   8.2-154.6 -94.0 117.7  -24.1   -6.3    8.0               
  284  284 A R  E     -CD 237 268B  90    -16,-3.0   -16,-2.7    -2,-0.7     2,-0.4  -0.840   7.3-165.1 -96.1 113.7  -24.1   -6.4   11.9               
  285  285 A I  E     -CD 236 267B   0    -49,-3.2   -49,-2.6    -2,-0.6     2,-0.4  -0.840   6.0-170.5-101.7 132.4  -21.7   -4.0   13.5               
  286  286 A I  E     +CD 235 266B  37    -20,-3.0   -20,-3.1    -2,-0.4     2,-0.3  -0.974  34.7  70.6-135.3 116.9  -20.9   -4.6   17.2               
  287  287 A G  E    S-C  234   0B  12    -53,-2.3   -53,-1.9    -2,-0.4   -22,-0.1  -0.984  82.0 -14.1 167.7-168.2  -18.9   -2.2   19.5               
  288  288 A D     >  -     0   0   82    -24,-0.4     4,-2.7    -2,-0.3     3,-0.3  -0.312  67.3-115.1 -58.0 144.6  -18.9    1.2   21.4               
  289  289 A P  H  > S+     0   0   89      0, 0.0     4,-2.3     0, 0.0     5,-0.1   0.880 115.2  45.6 -56.2 -45.6  -21.8    3.5   20.2               
  290  290 A Y  H  > S+     0   0  178      1,-0.2     4,-2.4     2,-0.2     5,-0.1   0.889 115.3  47.5 -63.0 -40.2  -19.5    6.2   18.7               
  291  291 A K  H  > S+     0   0   75     -3,-0.3     4,-2.3     2,-0.2    -1,-0.2   0.866 111.0  51.1 -70.3 -37.5  -17.2    3.5   17.1               
  292  292 A V  H  X S+     0   0    1     -4,-2.7     4,-2.2     2,-0.2    -2,-0.2   0.878 111.0  49.0 -69.1 -36.1  -20.3    1.7   15.6               
  293  293 A Q  H  X S+     0   0  135     -4,-2.3     4,-2.4    -5,-0.3    -2,-0.2   0.960 113.2  46.1 -64.7 -48.8  -21.6    5.0   14.2               
  294  294 A Q  H  X S+     0   0   82     -4,-2.4     4,-2.5     1,-0.2    -2,-0.2   0.866 113.6  50.2 -60.4 -38.3  -18.1    5.8   12.7               
  295  295 A A  H  X S+     0   0    0     -4,-2.3     4,-1.7     2,-0.2    -1,-0.2   0.889 108.6  51.4 -66.1 -41.2  -18.0    2.2   11.3               
  296  296 A C  H  X S+     0   0   22     -4,-2.2     4,-2.7     2,-0.2    -2,-0.2   0.935 111.2  48.7 -60.4 -45.8  -21.5    2.6    9.8               
  297  297 A E  H  X S+     0   0  119     -4,-2.4     4,-2.5     1,-0.2    -2,-0.2   0.962 110.0  50.1 -59.6 -51.9  -20.3    5.8    8.1               
  298  298 A M  H  X S+     0   0   32     -4,-2.5     4,-1.4     1,-0.2    -1,-0.2   0.806 113.4  47.1 -60.1 -31.9  -17.1    4.2    6.7               
  299  299 A V  H  X S+     0   0    0     -4,-1.7     4,-1.6     2,-0.2    -1,-0.2   0.921 110.3  52.1 -73.3 -43.8  -19.3    1.3    5.3               
  300  300 A M  H  X S+     0   0   79     -4,-2.7     4,-1.5     2,-0.2    -2,-0.2   0.879 107.7  52.6 -60.1 -36.8  -21.8    3.7    3.8               
  301  301 A D  H  X S+     0   0   65     -4,-2.5     4,-3.0     2,-0.2     3,-0.4   0.942 106.7  51.6 -67.3 -41.1  -19.0    5.6    2.0               
  302  302 A I  H  < S+     0   0   43     -4,-1.4     4,-0.2     1,-0.2    -1,-0.2   0.832 112.8  47.8 -59.9 -31.7  -17.7    2.3    0.4               
  303  303 A L  H  < S+     0   0   19     -4,-1.6    -1,-0.2     2,-0.1    -2,-0.2   0.766 116.3  43.2 -79.2 -26.7  -21.3    1.8   -0.8               
  304  304 A R  H >< S+     0   0  159     -4,-1.5     3,-1.5    -3,-0.4     4,-0.4   0.901 105.4  58.8 -83.0 -47.2  -21.6    5.4   -2.2               
  305  305 A E  T 3< S+     0   0  122     -4,-3.0    -1,-0.1     1,-0.3    -3,-0.1   0.544 105.5  53.5 -61.9 -10.3  -18.2    5.7   -3.9               
  306  306 A R  T 3  S+     0   0   85     -4,-0.2    -1,-0.3    -5,-0.2     4,-0.2   0.351  77.6  86.6-115.9   4.2  -19.0    2.7   -6.2               
  307  307 A D  S <  S+     0   0  116     -3,-1.5     2,-0.9     2,-0.1    -2,-0.1   0.747  73.1  83.4 -74.6 -23.3  -22.4    3.5   -7.8               
  308  308 A Q  S    S-     0   0  171     -4,-0.4     2,-0.2    -3,-0.1    -1,-0.0  -0.724  93.4-126.6 -80.0 106.3  -20.5    5.4  -10.6               
  309  309 A G  S    S+     0   0   81     -2,-0.9    -2,-0.1     1,-0.1    -1,-0.0  -0.371  72.3  89.0 -67.1 128.8  -19.6    2.4  -12.8               
  310  310 A G        +     0   0   68     -4,-0.2     3,-0.4    -2,-0.2     2,-0.3   0.408  39.3 139.8 155.6  44.1  -16.0    1.8  -13.8               
  311  311 A F        +     0   0   76      1,-0.2     3,-0.2    -5,-0.1    -2,-0.0  -0.493  27.6 109.5-123.1  69.6  -13.9   -0.3  -11.4               
  312  312 A G  S    S+     0   0   74     -2,-0.3     2,-0.7     1,-0.2    -1,-0.2   0.771  88.4  53.3 -72.4 -34.6  -11.6   -2.8  -12.8               
  313  313 A D        +     0   0  127     -3,-0.4    -1,-0.2     1,-0.1     2,-0.0  -0.748  62.7 106.0-122.5  84.1   -8.8   -0.5  -11.5               
  314  314 A R        +     0   0  118     -2,-0.7     3,-0.3    -3,-0.2    -1,-0.1  -0.438  19.8 150.1-149.1  81.1   -8.7    0.7   -7.8               
  315  315 A N     >  +     0   0   83      1,-0.2     4,-1.1     2,-0.1    11,-0.1  -0.023  35.6 123.3 -89.2  25.2   -5.8   -1.1   -6.0               
  316  316 A E  T  4  +     0   0  101      1,-0.2    -1,-0.2     2,-0.2    -3,-0.0   0.396  66.6  40.1 -90.3   0.2   -5.4    1.9   -3.7               
  317  317 A Y  T >4 S+     0   0  123     -3,-0.3     3,-1.4     2,-0.1     4,-0.5   0.774 109.3  52.7-110.3 -47.8   -5.9    0.6   -0.2               
  318  318 A G  G >> S+     0   0   31      1,-0.3     4,-2.3     2,-0.2     3,-1.1   0.837  99.2  66.3 -60.8 -31.8   -4.0   -2.9   -0.2               
  319  319 A S  G 3<>S+     0   0    9     -4,-1.1     5,-2.8     1,-0.2    -1,-0.3   0.773  91.0  64.3 -62.3 -23.7   -0.8   -1.2   -1.5               
  320  320 A R  G <45S+     0   0  169     -3,-1.4    -1,-0.2     3,-0.2     3,-0.2   0.778 111.8  33.7 -75.7 -26.9   -0.4    0.8    1.8               
  321  321 A I  T <45S+     0   0  133     -3,-1.1    -2,-0.2    -4,-0.5    -1,-0.2   0.740 114.7  61.3 -93.0 -29.6    0.1   -2.5    3.8               
  322  322 A G  T  <5S-     0   0   57     -4,-2.3    -2,-0.2     2,-0.1    -3,-0.1   0.175 116.3-112.5 -79.1  14.4    1.9   -4.1    0.8               
  323  323 A G  T   5S+     0   0   37     -3,-0.2    51,-2.3     1,-0.2     2,-0.3   0.792  79.1  70.3  65.3  35.6    4.7   -1.4    0.9               
  324  324 A G  E   < -E  373   0C   7     -5,-2.8     2,-0.3    49,-0.3    49,-0.3  -0.935  64.5-121.7-161.9-177.4    3.9    0.4   -2.4               
  325  325 A I  E     -E  372   0C  48     47,-2.2    47,-3.1    -2,-0.3     2,-0.5  -0.989  20.1-139.4-140.2 131.0    1.8    2.7   -4.8               
  326  326 A D  E     -E  371   0C  28     -2,-0.3    45,-0.2    45,-0.2    43,-0.1  -0.837  21.6-169.6 -88.5 125.1    0.3    1.8   -8.2               
  327  327 A V  E     -E  370   0C   6     43,-2.5    43,-3.1    -2,-0.5     2,-0.3  -0.971  19.5-130.6-115.5 125.6    0.6    4.6  -10.8               
  328  328 A P  E     -E  369   0C  71      0, 0.0    41,-0.2     0, 0.0    -2,-0.0  -0.576  25.1-171.2 -72.6 132.4   -1.2    4.6  -14.2               
  329  329 A V  E     -E  368   0C   0     39,-2.1    39,-2.7    -2,-0.3     5,-0.2  -0.961  27.3-117.0-129.2 112.6    1.1    5.4  -17.1               
  330  330 A P  E >>  -E  367   0C   7      0, 0.0     3,-1.7     0, 0.0     4,-1.2  -0.217  27.3-122.0 -51.4 132.2   -0.3    5.9  -20.6               
  331  331 A R  H 3> S+     0   0   76     35,-2.5     4,-0.5     1,-0.3     3,-0.4   0.799 110.5  53.9 -51.7 -40.0    1.1    3.2  -23.0               
  332  332 A H  H 34 S+     0   0  149     34,-0.3    -1,-0.3     1,-0.2     3,-0.2   0.802 112.6  44.6 -63.8 -30.0    2.7    5.7  -25.4               
  333  333 A S  H X> S+     0   0    6     -3,-1.7     4,-2.1     1,-0.2     3,-1.3   0.625  88.1  86.4 -92.4 -15.1    4.6    7.3  -22.5               
  334  334 A V  H 3X S+     0   0   12     -4,-1.2     4,-2.7    -3,-0.4     5,-0.3   0.876  85.7  58.2 -55.1 -37.8    5.8    4.1  -20.8               
  335  335 A G  H 3X S+     0   0   54     -4,-0.5     4,-1.6    -3,-0.2    -1,-0.3   0.807 109.0  44.9 -61.9 -28.8    8.8    4.0  -23.1               
  336  336 A V  H <4 S+     0   0   62     -3,-1.3    -2,-0.2     2,-0.2    -1,-0.2   0.903 112.1  50.0 -81.0 -42.8    9.8    7.5  -21.8               
  337  337 A V  H  < S+     0   0    1     -4,-2.1    11,-0.2     1,-0.2    -2,-0.2   0.890 119.3  38.9 -64.2 -39.6    9.2    6.7  -18.1               
  338  338 A I  H  < S-     0   0   59     -4,-2.7     7,-2.1    -5,-0.2     6,-0.6   0.926 102.8-163.3 -68.5 -45.5   11.4    3.5  -18.5               
  339  339 A G    ><  -     0   0   18     -4,-1.6     3,-2.2    -5,-0.3    -3,-0.1   0.081  40.4 -36.6  72.0 167.1   13.8    5.4  -20.8               
  340  340 A R  G >  S-     0   0  112      1,-0.3     3,-1.7     2,-0.2     4,-0.1  -0.360 134.6  -5.7 -63.2 129.1   16.4    3.8  -23.1               
  341  341 A S  G 3  S-     0   0   80      1,-0.3    -1,-0.3     2,-0.1    -2,-0.1   0.681 126.6 -68.7  53.5  23.7   17.8    0.6  -21.5               
  342  342 A G  G <> S+     0   0   11     -3,-2.2     4,-2.0    -7,-0.2    -1,-0.3   0.710  97.6 136.3  74.5  18.5   15.8    1.5  -18.3               
  343  343 A E  H <> S+     0   0  145     -3,-1.7     4,-2.2     2,-0.2    -4,-0.2   0.923  70.2  46.3 -64.6 -42.7   18.1    4.5  -17.6               
  344  344 A M  H  > S+     0   0   57     -6,-0.6     4,-2.8     2,-0.2    -5,-0.2   0.952 114.0  46.6 -70.1 -45.9   15.1    6.9  -16.7               
  345  345 A I  H  > S+     0   0   19     -7,-2.1     4,-2.7     1,-0.2    -1,-0.2   0.900 112.7  51.4 -62.8 -37.9   13.3    4.4  -14.4               
  346  346 A K  H  X S+     0   0  129     -4,-2.0     4,-2.2    -8,-0.4    -1,-0.2   0.891 110.6  49.3 -63.6 -39.3   16.7    3.6  -12.7               
  347  347 A K  H  X S+     0   0  116     -4,-2.2     4,-3.1     2,-0.2     5,-0.3   0.969 113.0  45.4 -61.4 -52.1   17.2    7.3  -12.2               
  348  348 A I  H  X S+     0   0    3     -4,-2.8     4,-2.1     1,-0.2     5,-0.2   0.902 114.2  50.1 -60.3 -42.2   13.7    7.8  -10.6               
  349  349 A Q  H  X>S+     0   0   53     -4,-2.7     5,-2.0    -5,-0.2     4,-0.7   0.903 117.2  40.3 -58.5 -45.2   14.3    4.6   -8.5               
  350  350 A N  H  <5S+     0   0  126     -4,-2.2    -2,-0.2     3,-0.2    -3,-0.2   0.943 115.7  48.2 -71.2 -48.9   17.7    5.9   -7.3               
  351  351 A D  H  <5S+     0   0   89     -4,-3.1    -3,-0.2     1,-0.2    -2,-0.2   0.876 122.5  34.2 -67.3 -39.5   16.7    9.6   -6.8               
  352  352 A A  H  <5S-     0   0    7     -4,-2.1    -1,-0.2    -5,-0.3    -2,-0.2   0.606 107.8-126.2 -86.3 -13.3   13.5    8.8   -4.8               
  353  353 A G  T  <5 +     0   0   29     -4,-0.7     2,-0.2    -5,-0.2    -3,-0.2   0.932  68.8 113.3  65.2  48.5   15.1    5.7   -3.2               
  354  354 A V      < -     0   0   12     -5,-2.0     2,-0.3    -6,-0.2    -1,-0.2  -0.845  66.4-113.8-133.5 168.7   12.4    3.2   -4.3               
  355  355 A R  E     -F  373   0C 181     18,-2.9    18,-3.0    -2,-0.2     2,-0.4  -0.872  26.4-161.7-101.8 146.5   11.8    0.2   -6.6               
  356  356 A I  E     -F  372   0C   7     -2,-0.3     2,-0.5    16,-0.2    16,-0.2  -0.986   9.1-179.7-133.2 122.6    9.5    0.6   -9.6               
  357  357 A Q  E     -F  371   0C 118     14,-2.8    14,-2.9    -2,-0.4     2,-0.3  -0.968  21.1-141.4-124.8 113.7    8.0   -2.5  -11.4               
  358  358 A F  E     -F  370   0C  25     -2,-0.5    12,-0.2    12,-0.3     2,-0.1  -0.595  27.6-127.1 -66.9 130.0    5.7   -2.2  -14.5               
  359  359 A K        -     0   0   75     10,-2.8     2,-0.1    -2,-0.3    -1,-0.1  -0.380  29.3 -94.1 -68.6 153.4    3.0   -4.8  -14.2               
  360  360 A Q        -     0   0  191     -2,-0.1     2,-0.4     8,-0.1     9,-0.2  -0.424  47.1-146.1 -65.2 149.2    2.3   -7.2  -17.1               
  361  361 A D        -     0   0   44     -2,-0.1     2,-0.2     7,-0.1     7,-0.1  -0.997  13.0-134.5-145.0 124.0   -0.5   -5.7  -19.3               
  362  362 A D        -     0   0  146     -2,-0.4    -2,-0.0     1,-0.1    -1,-0.0   0.145  41.5-113.1 -80.1  15.6   -3.2   -7.5  -21.2               
  363  363 A G  S    S+     0   0   55     -2,-0.2    -1,-0.1     1,-0.1    -2,-0.0   0.267  98.5  84.4  74.7  -7.7   -3.0   -5.5  -24.5               
  364  364 A T        +     0   0  127      3,-0.0    -1,-0.1     2,-0.0    -3,-0.0   0.932  67.8  73.1 -93.0 -52.2   -6.5   -4.0  -24.0               
  365  365 A G  S    S-     0   0   26      2,-0.1   -34,-0.1     1,-0.1    -2,-0.1  -0.157  74.3-126.0 -72.0 159.4   -6.3   -0.8  -21.7               
  366  366 A P  S    S+     0   0  110      0, 0.0   -35,-2.5     0, 0.0   -34,-0.3   0.675  91.3  45.6 -72.3 -14.6   -4.9    2.7  -22.7               
  367  367 A E  E     -E  330   0C  80    -37,-0.3     2,-0.4   -36,-0.1    -2,-0.1  -0.809  68.7-138.5-132.0 159.5   -2.5    2.7  -19.7               
  368  368 A K  E     -E  329   0C  52    -39,-2.7   -39,-2.1    -2,-0.3     2,-0.5  -0.984  26.4-119.8-120.1 139.7    0.0    0.4  -17.8               
  369  369 A I  E     -E  328   0C  50     -2,-0.4   -10,-2.8   -41,-0.2     2,-0.7  -0.647  17.8-158.3 -82.2 121.4    0.4    0.2  -14.0               
  370  370 A A  E     -EF 327 358C   0    -43,-3.1   -43,-2.5    -2,-0.5     2,-0.9  -0.895  11.7-151.0 -92.8 108.1    3.8    1.2  -12.6               
  371  371 A H  E     -EF 326 357C  37    -14,-2.9   -14,-2.8    -2,-0.7     2,-0.3  -0.744  10.7-162.8 -84.7 103.9    4.0   -0.5   -9.1               
  372  372 A I  E     -EF 325 356C   0    -47,-3.1   -47,-2.2    -2,-0.9     2,-0.4  -0.726   6.9-166.8 -82.9 137.9    6.3    1.6   -6.9               
  373  373 A M  E     +EF 324 355C  53    -18,-3.0   -18,-2.9    -2,-0.3   -49,-0.3  -0.998  37.6  61.9-133.9 133.7    7.6   -0.1   -3.8               
  374  374 A G  S    S-     0   0   29    -51,-2.3   -20,-0.1    -2,-0.4   -21,-0.1  -0.967  88.7 -10.0 151.2-165.9    9.4    1.4   -0.7               
  375  375 A P     >  -     0   0   64      0, 0.0     4,-2.2     0, 0.0     3,-0.4  -0.378  68.2-118.5 -59.0 144.6    8.7    3.9    2.2               
  376  376 A P  H  > S+     0   0   91      0, 0.0     4,-2.5     0, 0.0     5,-0.2   0.913 111.4  50.0 -59.8 -47.2    5.3    5.8    1.6               
  377  377 A D  H  > S+     0   0  124      1,-0.2     4,-1.7     2,-0.2     5,-0.1   0.830 114.3  46.9 -59.9 -35.1    6.8    9.3    1.5               
  378  378 A R  H  > S+     0   0  131     -3,-0.4     4,-2.5     2,-0.2    -1,-0.2   0.852 108.5  53.8 -76.7 -36.5    9.4    8.1   -1.1               
  379  379 A C  H  X S+     0   0    0     -4,-2.2     4,-2.4     2,-0.2    -2,-0.2   0.910 109.9  48.9 -65.2 -39.9    6.7    6.3   -3.2               
  380  380 A E  H  X S+     0   0   87     -4,-2.5     4,-2.3     2,-0.2    -2,-0.2   0.914 109.9  51.3 -62.5 -43.6    4.8    9.6   -3.3               
  381  381 A H  H  X S+     0   0   96     -4,-1.7     4,-2.3     2,-0.2    -2,-0.2   0.945 112.7  45.6 -60.7 -44.3    7.9   11.4   -4.4               
  382  382 A A  H  X S+     0   0    0     -4,-2.5     4,-2.2     2,-0.2    -2,-0.2   0.891 110.4  54.1 -63.2 -39.9    8.5    8.9   -7.2               
  383  383 A A  H  X S+     0   0   14     -4,-2.4     4,-2.2     2,-0.2    -2,-0.2   0.887 108.7  49.6 -62.4 -38.5    4.8    9.1   -8.2               
  384  384 A R  H  X S+     0   0  139     -4,-2.3     4,-2.9     2,-0.2     5,-0.3   0.976 109.3  50.9 -63.5 -49.9    5.2   12.9   -8.5               
  385  385 A I  H  X S+     0   0   42     -4,-2.3     4,-2.0     1,-0.2    -2,-0.2   0.856 112.1  47.8 -57.3 -39.7    8.3   12.5  -10.7               
  386  386 A I  H  X S+     0   0    0     -4,-2.2     4,-2.4     2,-0.2    -1,-0.2   0.933 113.8  46.9 -65.2 -45.5    6.5   10.0  -13.0               
  387  387 A N  H  X S+     0   0   68     -4,-2.2     4,-2.4     2,-0.2    -2,-0.2   0.871 111.1  50.9 -66.4 -36.7    3.4   12.4  -13.2               
  388  388 A D  H  X S+     0   0   96     -4,-2.9     4,-2.8     2,-0.2    -1,-0.2   0.920 111.5  48.4 -66.9 -40.8    5.6   15.5  -14.0               
  389  389 A L  H  X S+     0   0   28     -4,-2.0     4,-1.1    -5,-0.3    -2,-0.2   0.924 112.9  48.1 -62.5 -43.3    7.4   13.5  -16.8               
  390  390 A L  H  X S+     0   0   10     -4,-2.4     4,-1.2     2,-0.2    -2,-0.2   0.862 111.4  50.5 -64.6 -37.4    3.9   12.5  -18.1               
  391  391 A Q  H >X S+     0   0  112     -4,-2.4     4,-2.9     2,-0.2     3,-0.7   0.943 105.0  56.6 -65.8 -44.4    2.7   16.1  -17.9               
  392  392 A S  H 3< S+     0   0   66     -4,-2.8    -1,-0.2     1,-0.3    -2,-0.2   0.788 108.5  48.5 -57.7 -29.3    5.8   17.3  -19.8               
  393  393 A L  H 3< S+     0   0   76     -4,-1.1     3,-0.4    -5,-0.1    -1,-0.3   0.760 113.7  45.4 -81.2 -29.4    4.8   14.9  -22.7               
  394  394 A R  H << S+     0   0  174     -4,-1.2     2,-0.9    -3,-0.7    -2,-0.2   0.825 101.3  70.9 -79.2 -34.2    1.2   16.2  -22.6               
  395  395 A S     <  +     0   0   90     -4,-2.9    -1,-0.2    -5,-0.1    -2,-0.1  -0.208  64.7 147.6 -81.6  42.7    2.4   19.9  -22.5               
  396  396 A G  S    S-     0   0   41     -2,-0.9     3,-0.1    -3,-0.4    -3,-0.0  -0.407  70.6 -67.5 -57.9 155.4    3.7   19.8  -26.1               
  397  397 A P        -     0   0  113      0, 0.0     2,-0.2     0, 0.0    -1,-0.1  -0.260  65.2 -96.3 -55.9 135.7    3.2   23.4  -27.5               
  398  398 A P        -     0   0  129      0, 0.0    -3,-0.0     0, 0.0     0, 0.0  -0.340  39.4-123.0 -61.0 120.4   -0.5   24.2  -27.9               
  399  399 A G        -     0   0   63     -2,-0.2     3,-0.1    -3,-0.1    -3,-0.0  -0.389  34.2-100.3 -59.4 136.8   -1.6   23.5  -31.5               
  400  400 A P        -     0   0  120      0, 0.0    -1,-0.1     0, 0.0     2,-0.1  -0.348  52.1 -86.1 -60.3 141.8   -3.1   26.6  -33.2               
  401  401 A P        -     0   0  132      0, 0.0     2,-1.2     0, 0.0     0, 0.0  -0.272  43.6-121.7 -56.4 121.8   -7.0   26.5  -33.2               
  402  402 A G        -     0   0   79     -3,-0.1    -3,-0.0    -2,-0.1     0, 0.0  -0.525  22.7-150.5 -69.9  96.0   -8.2   24.5  -36.2               
  403  403 A G        -     0   0   70     -2,-1.2     2,-0.5     1,-0.1    -1,-0.0  -0.489  28.6-109.7 -61.8 131.4  -10.4   26.9  -38.2               
  404  404 A P        +     0   0  137      0, 0.0    -1,-0.1     0, 0.0    -2,-0.0  -0.585  65.3  46.3 -81.4 122.0  -13.1   24.8  -40.1               
  405  405 A G        +     0   0   67     -2,-0.5    -2,-0.0     1,-0.2     0, 0.0   0.757  40.8  97.6 120.1 102.3  -13.1   24.2  -43.8               
  406  406 A M        -     0   0  188      2,-0.0    -1,-0.2     0, 0.0     0, 0.0  -0.548  45.7-134.8-164.8 136.8  -11.5   23.5  -47.1               
  407  407 A P        -     0   0  113      0, 0.0     2,-0.5     0, 0.0     0, 0.0  -0.386  33.8 -93.1 -80.6 160.9  -11.4   20.0  -48.8               
  408  408 A P        +     0   0  135      0, 0.0     2,-0.1     0, 0.0    -2,-0.0  -0.587  69.4 100.4 -84.8 123.0   -8.3   18.4  -50.4               
  409  409 A G        +     0   0   82     -2,-0.5     2,-0.1     1,-0.1     0, 0.0  -0.412  28.1 104.6 168.4 122.8   -7.3   18.8  -54.1               
  410  410 A G        -     0   0   81     -2,-0.1     2,-0.3     2,-0.0    -1,-0.1  -0.224  38.7-145.0 161.3 109.6   -5.0   21.0  -56.3               
  411  411 A R        +     0   0  267     -2,-0.1     2,-0.2     2,-0.0     0, 0.0  -0.658  30.4 159.6 -72.5 138.7   -1.7   20.5  -58.2               
  412  412 A G        -     0   0   78     -2,-0.3     2,-0.5     2,-0.1    -2,-0.0  -0.804  28.5-150.0-161.9 119.4    0.7   23.5  -58.3               
  413  413 A R        +     0   0  265     -2,-0.2     2,-0.3     2,-0.0    -2,-0.0  -0.781  28.0 165.3 -80.6 128.7    4.5   23.7  -59.0               
  414  414 A G        -     0   0   74     -2,-0.5     2,-0.4     2,-0.1    -2,-0.1  -0.997  38.9-121.9-139.7 140.5    6.2   26.7  -57.2               
  415  415 A R        +     0   0  266     -2,-0.3     2,-0.2     2,-0.0    -2,-0.0  -0.715  44.1 162.0 -70.9 129.8    9.9   27.5  -56.5               
  416  416 A G        -     0   0   76     -2,-0.4     2,-0.1     0, 0.0    -2,-0.1  -0.749  27.7-146.0-161.5 102.9   10.3   27.8  -52.6               
  417  417 A Q        +     0   0  204     -2,-0.2    -2,-0.0     1,-0.1     0, 0.0  -0.416  63.2  56.4 -61.4 138.6   13.5   27.6  -50.6               
  418  418 A G        -     0   0   54     -2,-0.1     2,-1.4     1,-0.1    -1,-0.1   0.870  60.3-144.7 105.4  81.7   13.6   26.0  -47.1               
  419  419 A N        -     0   0  154      1,-0.1    -1,-0.1     0, 0.0    -2,-0.0  -0.645  31.9-117.9 -83.1  88.7   12.5   22.5  -46.2               
  420  420 A W        -     0   0  226     -2,-1.4    -1,-0.1     1,-0.1    -2,-0.0   0.409  28.1-174.9  38.4 102.0   10.9   22.3  -43.0               
  421  421 A G        -     0   0   61      1,-0.0     4,-0.1     4,-0.0    -1,-0.1  -0.917  41.2 -92.8-123.5 157.6   11.9   20.4  -39.8               
  422  422 A P        -     0   0  109      0, 0.0     2,-2.2     0, 0.0     4,-0.1  -0.238  47.1 -90.5 -67.1 159.4    9.6   20.4  -36.6               
  423  423 A P  S    S+     0   0  133      0, 0.0    57,-0.1     0, 0.0     2,-0.0  -0.429 113.8  60.6 -74.9  75.7   10.1   23.0  -33.8               
  424  424 A G  S    S-     0   0   52     -2,-2.2    56,-0.2    55,-0.1     2,-0.1  -0.168  87.5-135.1 160.2  85.0   12.5   20.9  -31.8               
  425  425 A G  E     -G  479   0D  21     54,-1.7    54,-2.1    -4,-0.1     2,-0.4  -0.397  21.0-175.4 -69.7 135.7   15.7   20.1  -33.7               
  426  426 A E  E     -G  478   0D 107     52,-0.2     2,-0.4    -2,-0.1    52,-0.2  -0.998  13.1-179.8-120.9 122.5   17.3   16.7  -33.9               
  427  427 A M  E     -G  477   0D  78     50,-2.6    50,-2.7    -2,-0.4     2,-0.4  -0.992  13.9-152.3-130.4 128.1   20.6   16.7  -35.8               
  428  428 A T  E     +G  476   0D  36     -2,-0.4    74,-2.8    74,-0.4     2,-0.3  -0.856  15.7 178.8-103.5 134.6   22.8   13.7  -36.4               
  429  429 A F  E     -GH 475 501D   1     46,-2.8    46,-3.1    -2,-0.4     2,-0.6  -0.956  26.4-124.8-130.8 148.9   26.6   13.9  -37.0               
  430  430 A S  E     -GH 474 500D  20     70,-2.3    70,-0.8    -2,-0.3    44,-0.2  -0.862  26.4-174.0 -95.7 124.1   29.4   11.4  -37.6               
  431  431 A I  E     -G  473   0D   0     42,-2.9    42,-2.8    -2,-0.6     5,-0.1  -0.936  34.3-103.8-112.6 135.7   32.4   11.4  -35.1               
  432  432 A P  E >>  -G  472   0D  29      0, 0.0     4,-1.6     0, 0.0     3,-1.0  -0.349  28.9-125.0 -57.5 133.9   35.5    9.2  -35.6               
  433  433 A T  T 34 S+     0   0   48     38,-2.4     4,-0.4     1,-0.3    39,-0.1   0.797 110.8  52.0 -53.2 -34.0   35.4    6.3  -33.1               
  434  434 A H  T 34 S+     0   0  143     37,-0.4     3,-0.4     1,-0.2    -1,-0.3   0.831 110.4  46.8 -74.4 -32.1   38.9    7.2  -31.7               
  435  435 A K  T X> S+     0   0   52     -3,-1.0     3,-1.4     1,-0.2     4,-1.3   0.689  90.2  85.3 -83.4 -16.1   37.9   10.9  -31.0               
  436  436 A C  H 3X S+     0   0    4     -4,-1.6     4,-2.4     1,-0.3     5,-0.2   0.833  81.6  61.5 -52.1 -37.8   34.6    9.8  -29.4               
  437  437 A G  H 3> S+     0   0   50     -3,-0.4     4,-2.2    -4,-0.4    -1,-0.3   0.820 101.1  53.1 -62.4 -30.3   36.4    9.4  -26.0               
  438  438 A L  H <4 S+     0   0   95     -3,-1.4    -1,-0.2    -4,-0.2    -2,-0.2   0.947 112.0  44.2 -68.2 -47.9   37.3   13.2  -26.0               
  439  439 A V  H  < S+     0   0    0     -4,-1.3    11,-0.2     1,-0.2    -2,-0.2   0.891 121.1  39.1 -63.4 -44.4   33.7   14.2  -26.5               
  440  440 A I  H  < S-     0   0   42     -4,-2.4     7,-1.8     6,-0.2     6,-0.8   0.910  93.0-166.1 -75.2 -43.6   32.3   11.8  -23.9               
  441  441 A G    ><  -     0   0   24     -4,-2.2     3,-1.4    -5,-0.2     2,-0.1   0.008  43.4 -38.8  71.6 173.1   35.1   12.1  -21.2               
  442  442 A R  G >  S+     0   0  229      1,-0.2     3,-2.3     2,-0.2     4,-0.2  -0.453 134.5   0.2 -63.4 134.6   35.6    9.7  -18.3               
  443  443 A G  G 3  S-     0   0   74      1,-0.3    -1,-0.2     2,-0.1    -2,-0.1   0.629 125.9 -71.7  60.8  14.1   32.2    8.6  -16.8               
  444  444 A G  G <> S+     0   0   13     -3,-1.4     4,-2.0     3,-0.0    -1,-0.3   0.677  98.0 137.4  72.5  16.4   30.4   10.8  -19.4               
  445  445 A E  H <>  +     0   0  143     -3,-2.3     4,-2.2     2,-0.2    -4,-0.2   0.907  67.1  47.3 -61.6 -42.8   31.6   13.9  -17.6               
  446  446 A N  H  > S+     0   0   46     -6,-0.8     4,-2.5     2,-0.2    -5,-0.2   0.912 112.6  48.1 -74.1 -37.6   32.6   15.9  -20.7               
  447  447 A V  H  > S+     0   0   23     -7,-1.8     4,-2.5     2,-0.2    11,-0.3   0.886 111.2  52.3 -69.3 -33.0   29.3   15.2  -22.6               
  448  448 A K  H  X S+     0   0  132     -4,-2.0     4,-2.4    -8,-0.4    -2,-0.2   0.923 109.4  49.8 -62.9 -41.9   27.4   16.2  -19.4               
  449  449 A A  H  X S+     0   0   30     -4,-2.2     4,-2.5     2,-0.2    -2,-0.2   0.919 110.6  49.2 -63.4 -43.0   29.4   19.5  -19.4               
  450  450 A I  H  X S+     0   0    0     -4,-2.5     4,-2.0   -11,-0.2     6,-0.4   0.951 112.7  47.8 -57.9 -50.0   28.5   20.1  -23.1               
  451  451 A N  H  X S+     0   0   33     -4,-2.5     4,-1.9     1,-0.2    -2,-0.2   0.895 114.7  46.3 -60.4 -39.5   24.8   19.4  -22.3               
  452  452 A Q  H  < S+     0   0  172     -4,-2.4    -1,-0.2     1,-0.2    -2,-0.2   0.864 115.3  45.1 -71.2 -38.1   25.0   21.8  -19.3               
  453  453 A Q  H  < S+     0   0  118     -4,-2.5    -2,-0.2    -5,-0.1    -1,-0.2   0.772 125.7  31.2 -74.4 -29.3   26.8   24.6  -21.2               
  454  454 A T  H  < S-     0   0   10     -4,-2.0    -2,-0.2    -5,-0.2    -3,-0.2   0.673  92.3-131.1-102.8 -25.0   24.6   24.4  -24.3               
  455  455 A G  S  < S+     0   0   46     -4,-1.9     2,-0.2     1,-0.3    -4,-0.1   0.411  71.0 122.4  70.8   1.4   21.2   23.3  -23.0               
  456  456 A A        -     0   0    5     -6,-0.4     2,-0.7    27,-0.3    -1,-0.3  -0.506  67.0-125.2 -81.5 159.9   21.2   20.6  -25.8               
  457  457 A F  E     -I  478   0D 104     21,-2.9    21,-1.8    -2,-0.2     2,-0.4  -0.901  28.4-169.4-105.8 101.4   21.0   16.9  -25.3               
  458  458 A V  E     +I  477   0D   5     -2,-0.7     2,-0.3   -11,-0.3    19,-0.2  -0.789  13.5 168.4 -88.6 134.3   24.0   15.2  -26.9               
  459  459 A E  E     -I  476   0D  39     17,-2.5    17,-2.6    -2,-0.4     2,-0.6  -0.969  37.7-118.0-142.3 154.5   23.9   11.4  -27.2               
  460  460 A I  E     -I  475   0D  69     -2,-0.3    15,-0.3    15,-0.2     2,-0.1  -0.868  34.4-136.1 -90.4 118.3   25.8    8.5  -29.0               
  461  461 A S        -     0   0   19     13,-2.4    13,-0.3    -2,-0.6   -33,-0.0  -0.464   2.8-143.1 -68.7 146.3   23.4    6.7  -31.3               
  462  462 A R  S    S+     0   0  194     -2,-0.1     2,-0.3    11,-0.1    -1,-0.1   0.464  74.2 101.5 -86.9  -5.6   23.6    2.8  -31.3               
  463  463 A Q  S    S-     0   0  140     11,-0.1    11,-0.7     1,-0.1    -2,-0.1  -0.651  79.0-120.8 -73.9 135.3   23.0    2.8  -35.1               
  464  464 A L        -     0   0  125     -2,-0.3     9,-0.1     1,-0.1     5,-0.1  -0.398  43.9 -87.7 -58.9 150.2   26.1    2.2  -37.2               
  465  465 A P    >   -     0   0    8      0, 0.0     3,-2.6     0, 0.0    -1,-0.1  -0.351  41.8-109.1 -56.6 149.7   26.8    5.1  -39.6               
  466  466 A P  T 3  S+     0   0   98      0, 0.0    -2,-0.1     0, 0.0    36,-0.0   0.737 120.2  60.9 -60.8 -21.0   24.9    4.6  -43.0               
  467  467 A N  T 3  S-     0   0  129      2,-0.1    -3,-0.0     1,-0.1     0, 0.0   0.537 109.0-125.1 -73.5 -14.0   28.2    3.9  -44.7               
  468  468 A G    <   +     0   0   46     -3,-2.6    -1,-0.1     1,-0.2    -4,-0.0   0.270  55.5 155.9  80.1  -7.9   28.8    0.8  -42.3               
  469  469 A D    >   -     0   0   59      1,-0.2     3,-1.8     2,-0.1    -1,-0.2  -0.285  34.6-163.4 -57.8 112.0   32.2    2.3  -41.3               
  470  470 A P  T 3  S+     0   0   97      0, 0.0    -1,-0.2     0, 0.0   -37,-0.1   0.693  87.1  74.6 -68.2 -14.0   33.3    1.0  -37.7               
  471  471 A N  T 3  S+     0   0  111    -39,-0.1   -38,-2.4   -38,-0.1   -37,-0.4   0.542  97.6  52.8 -73.6  -7.6   35.7    4.0  -37.7               
  472  472 A F  E <   -G  432   0D  78     -3,-1.8     2,-0.4   -40,-0.3   -42,-0.1  -0.945  63.8-159.9-128.5 151.9   32.8    6.4  -37.1               
  473  473 A K  E     -G  431   0D  94    -42,-2.8   -42,-2.9    -2,-0.3     2,-0.4  -0.981  24.9-120.2-123.5 142.4   29.9    6.7  -34.6               
  474  474 A L  E     -G  430   0D  10    -11,-0.7   -13,-2.4    -2,-0.4     2,-0.4  -0.677  25.2-162.8 -78.4 130.4   26.7    8.6  -35.0               
  475  475 A F  E     -GI 429 460D   1    -46,-3.1   -46,-2.8    -2,-0.4     2,-0.5  -0.945   5.1-151.5-111.7 137.5   26.1   11.4  -32.4               
  476  476 A I  E     -GI 428 459D  15    -17,-2.6   -17,-2.5    -2,-0.4     2,-0.5  -0.945   7.6-167.1-110.9 126.7   22.6   12.8  -32.0               
  477  477 A I  E     -GI 427 458D   0    -50,-2.7   -50,-2.6    -2,-0.5     2,-0.4  -0.978   7.5-172.1-114.7 126.1   22.1   16.5  -30.8               
  478  478 A R  E     +GI 426 457D  85    -21,-1.8   -21,-2.9    -2,-0.5     2,-0.3  -0.968  34.6  71.9-120.1 136.9   18.6   17.6  -29.6               
  479  479 A G  E    S-G  425   0D  19    -54,-2.1   -54,-1.7    -2,-0.4   -23,-0.1  -0.986  84.5 -31.6 165.2-162.7   17.5   21.1  -28.7               
  480  480 A S     >  -     0   0   42     -2,-0.3     4,-2.4   -56,-0.2     3,-0.4  -0.528  68.8-103.3 -69.6 158.1   16.6   24.5  -30.2               
  481  481 A P  H  > S+     0   0   92      0, 0.0     4,-2.8     0, 0.0     5,-0.2   0.909 125.0  52.1 -52.0 -41.1   18.7   25.4  -33.4               
  482  482 A Q  H  > S+     0   0  161      1,-0.2     4,-2.1     2,-0.2     5,-0.1   0.862 110.1  47.6 -63.6 -38.8   20.9   27.7  -31.2               
  483  483 A Q  H  > S+     0   0   66     -3,-0.4     4,-2.4     2,-0.2   -27,-0.3   0.889 113.1  49.2 -69.3 -39.0   21.5   24.9  -28.6               
  484  484 A I  H  X S+     0   0    8     -4,-2.4     4,-2.7     2,-0.2    -2,-0.2   0.934 112.6  46.6 -65.2 -47.1   22.4   22.4  -31.4               
  485  485 A D  H  X S+     0   0   82     -4,-2.8     4,-2.4     2,-0.2    -2,-0.2   0.894 113.5  48.8 -65.1 -39.3   24.8   24.9  -33.1               
  486  486 A H  H  X S+     0   0   75     -4,-2.1     4,-2.3    -5,-0.2    -2,-0.2   0.931 113.9  46.1 -65.8 -42.4   26.5   25.7  -29.7               
  487  487 A A  H  X S+     0   0    0     -4,-2.4     4,-1.4     2,-0.2    -2,-0.2   0.897 110.3  54.5 -66.6 -37.5   26.8   22.0  -28.9               
  488  488 A K  H  X S+     0   0   51     -4,-2.7     4,-2.8     2,-0.2     3,-0.4   0.945 109.4  48.3 -56.9 -48.9   28.2   21.4  -32.5               
  489  489 A Q  H  X S+     0   0  118     -4,-2.4     4,-2.6     1,-0.2    -2,-0.2   0.935 110.4  49.2 -59.7 -50.3   30.9   24.1  -31.8               
  490  490 A L  H  X S+     0   0   22     -4,-2.3     4,-1.4     1,-0.2    -1,-0.2   0.737 115.0  46.4 -63.8 -24.8   31.9   22.6  -28.4               
  491  491 A I  H  X S+     0   0    1     -4,-1.4     4,-1.3    -3,-0.4    -2,-0.2   0.903 109.9  51.7 -80.4 -44.8   32.2   19.1  -30.1               
  492  492 A E  H  <>S+     0   0   42     -4,-2.8     5,-1.8     2,-0.2     4,-0.4   0.880 112.5  48.6 -58.1 -38.4   34.2   20.5  -33.1               
  493  493 A E  H ><5S+     0   0  134     -4,-2.6     3,-1.4     1,-0.2    -1,-0.2   0.965 111.5  48.1 -60.5 -54.3   36.6   22.1  -30.6               
  494  494 A K  H 3<5S+     0   0   54     -4,-1.4    -2,-0.2     1,-0.3    -1,-0.2   0.608 117.9  41.7 -68.9 -16.0   36.9   18.8  -28.5               
  495  495 A I  T 3<5S-     0   0    5     -4,-1.3    -1,-0.3     2,-0.2    -2,-0.2   0.360 101.3-131.5-106.7   0.8   37.6   16.7  -31.7               
  496  496 A E  T < 5S+     0   0  168     -3,-1.4    -3,-0.2    -4,-0.4    -4,-0.1   0.943  77.1  67.9  45.7  54.5   39.9   19.3  -33.4               
  497  497 A G  S   <S-     0   0   27     -5,-1.8    -2,-0.2    -6,-0.1     2,-0.1  -0.887  89.2 -71.3 172.4 160.6   37.9   18.9  -36.7               
  498  498 A P        -     0   0  110      0, 0.0     2,-0.6     0, 0.0    -9,-0.0  -0.410  40.4-125.2 -73.2 141.2   34.6   19.5  -38.6               
  499  499 A L        -     0   0    8     -2,-0.1   -68,-0.1   -11,-0.1    -7,-0.1  -0.735  18.5-142.6 -83.0 119.3   31.4   17.6  -37.8               
  500  500 A C  E     -H  430   0D  74    -70,-0.8   -70,-2.3    -2,-0.6     2,-0.3  -0.723  18.4-134.3 -79.6 118.1   29.9   15.9  -40.9               
  501  501 A P  E     -H  429   0D  84      0, 0.0     2,-0.8     0, 0.0   -72,-0.3  -0.595   8.6-145.2 -75.8 134.6   26.1   16.1  -40.7               
  502  502 A V        -     0   0   40    -74,-2.8   -74,-0.4    -2,-0.3    -2,-0.0  -0.853  18.4-155.6-103.5  97.7   24.3   12.8  -41.6               
  503  503 A G        -     0   0   63     -2,-0.8     2,-1.5     1,-0.1   -76,-0.0  -0.480  25.2-106.6 -73.9 145.9   21.0   13.8  -43.4               
  504  504 A P        -     0   0  139      0, 0.0    -1,-0.1     0, 0.0    -2,-0.0  -0.550  46.4-179.9 -75.6  87.6   17.9   11.4  -43.4               
  505  505 A G        -     0   0   65     -2,-1.5     2,-0.1     1,-0.0    -3,-0.0  -0.734  28.2-116.3 -84.3 137.0   18.0   10.1  -47.0               
  506  506 A P        -     0   0  131      0, 0.0     2,-0.1     0, 0.0    -1,-0.0  -0.401  41.4 -92.6 -72.1 152.4   15.3    7.6  -48.1               
  507  507 A G        +     0   0   88     -2,-0.1     0, 0.0     2,-0.0     0, 0.0  -0.314  58.1 132.8 -74.4 147.7   16.4    4.0  -49.1               
  508  508 A G        -     0   0   68     -2,-0.1     2,-0.3     2,-0.0     0, 0.0  -0.559  45.4-124.9 174.7 120.9   17.3    2.7  -52.6               
  509  509 A P        +     0   0  143      0, 0.0    -2,-0.0     0, 0.0     0, 0.0  -0.611  39.8 151.3 -80.5 133.3   20.4    0.6  -53.6               
  510  510 A G        -     0   0   68     -2,-0.3     2,-0.6     2,-0.1    -2,-0.0  -0.819  31.3-147.4-159.6 115.4   22.6    1.8  -56.5               
  511  511 A P        +     0   0  137      0, 0.0     2,-0.3     0, 0.0     0, 0.0  -0.768  31.7 153.2 -88.3 117.7   26.4    1.2  -57.0               
  512  512 A A        -     0   0  102     -2,-0.6    -2,-0.1     1,-0.0     0, 0.0  -0.980  35.1-118.2-147.5 134.6   28.3    4.1  -58.7               
  513  513 A G        -     0   0   69     -2,-0.3     2,-0.2     1,-0.2    -1,-0.0   0.192  36.8 -71.9 -69.5 177.8   32.0    5.0  -58.4               
  514  514 A P        -     0   0  138      0, 0.0     2,-0.5     0, 0.0    -1,-0.2  -0.471  35.1-157.6 -75.7 138.3   34.0    8.1  -57.2               
  515  515 A M        -     0   0  196     -2,-0.2     0, 0.0     0, 0.0     0, 0.0  -0.961   5.9-166.9-114.1 116.3   34.2   11.4  -59.1               
  516  516 A G        -     0   0   64     -2,-0.5     2,-0.2     1,-0.1     0, 0.0  -0.411  40.3 -71.2 -79.9 170.5   37.1   13.7  -58.4               
  517  517 A P        -     0   0  119      0, 0.0    -1,-0.1     0, 0.0     0, 0.0  -0.494  69.1 -38.3 -78.2 136.7   36.9   17.4  -59.6               
  518  518 A F        +     0   0  206     -2,-0.2     0, 0.0     1,-0.0     0, 0.0   0.795  45.1 139.7  47.7 104.6   37.1   18.9  -63.1               
  519  519 A N        -     0   0  161      2,-0.1     2,-0.4     0, 0.0    -1,-0.0  -0.711  38.2-144.8-151.4 128.9   38.7   18.7  -66.4               
  520  520 A P        +     0   0  120      0, 0.0     0, 0.0     0, 0.0     0, 0.0  -0.689  32.5 144.9 -93.8 137.9   36.5   19.3  -69.5               
  521  521 A G        -     0   0   72     -2,-0.4     2,-0.1     2,-0.0    -2,-0.1  -0.898  30.5-144.1-159.3 131.9   36.6   17.6  -73.0               
  522  522 A P        +     0   0  102      0, 0.0     0, 0.0     0, 0.0     0, 0.0  -0.380  31.1  93.0 -99.4 179.8   33.6   16.7  -75.2               
  523  523 A F        +     0   0  194     -2,-0.1    -2,-0.0     0, 0.0     0, 0.0   0.549  38.5  42.4  73.6 140.9   32.3   14.0  -77.7               
  524  524 A N        -     0   0  157      1,-0.0     2,-0.2     0, 0.0     0, 0.0   0.775  30.7-156.9-143.0 173.2   30.7   11.3  -78.5               
  525  525 A Q        +     0   0  186      2,-0.0    -1,-0.0     0, 0.0     0, 0.0  -0.538  19.2 150.6 -94.4 158.4   27.4    9.2  -78.0               
  526  526 A G        -     0   0   73     -2,-0.2     0, 0.0     2,-0.0     0, 0.0  -0.442  20.8-159.1 177.8 110.8   26.4    5.5  -78.3               
  527  527 A P        -     0   0  129      0, 0.0     2,-0.1     0, 0.0    -2,-0.0  -0.446  19.0-109.6 -98.8 169.3   23.7    3.5  -76.4               
  528  528 A P        -     0   0  133      0, 0.0     2,-0.2     0, 0.0    -2,-0.0  -0.305  11.6-128.1-103.7 173.8   23.1   -0.4  -75.8               
  529  529 A G        -     0   0   82      1,-0.1     0, 0.0    -2,-0.1     0, 0.0  -0.525  31.4 -94.2-114.4-179.7   20.9   -3.5  -76.6               
  530  530 A A        -     0   0  100     -2,-0.2    -1,-0.1     1,-0.1     0, 0.0  -0.395  30.9-155.7-110.7 167.0   19.2   -6.2  -74.5               
  531  531 A P        +     0   0  120      0, 0.0    -1,-0.1     0, 0.0     0, 0.0  -0.123  18.9 112.8-107.2-151.8   19.4   -9.9  -72.9               
  532  532 A P        +     0   0  113      0, 0.0     2,-0.2     0, 0.0    -2,-0.0   0.834   1.7 156.9-128.3 179.2   18.6  -12.9  -71.7               
  533  533 A H        -     0   0  198      2,-0.0     2,-0.2     0, 0.0     0, 0.0  -0.934  26.9-141.3-153.2 178.6   18.5  -16.8  -71.6               
  534  534 A A        +     0   0   97     -2,-0.2     2,-0.1     0, 0.0     0, 0.0  -0.554  21.0 130.9-143.7 168.9   18.2  -19.6  -69.1               
  535  535 A G        +     0   0   84     -2,-0.2    -2,-0.0     1,-0.0     0, 0.0   0.024  20.4  43.2 103.6 149.6   18.4  -22.9  -67.0               
  536  536 A G        -     0   0   74     -2,-0.1    -1,-0.0     2,-0.0     0, 0.0   0.813  16.8-152.8-164.2-178.2   18.8  -25.0  -64.6               
  537  537 A P        -     0   0  131      0, 0.0    -1,-0.0     0, 0.0     0, 0.0  -0.293  22.2-155.5 -99.4 172.1   18.6  -26.8  -61.0               
  538  538 A P        -     0   0  119      0, 0.0     2,-0.2     0, 0.0    -2,-0.0  -0.191   5.8-157.9-103.7-177.5   20.8  -29.2  -58.8               
  539  539 A P        +     0   0  107      0, 0.0     0, 0.0     0, 0.0     0, 0.0  -0.688  23.5  85.5-158.5-170.6   21.2  -31.7  -56.2               
  540  540 A H        -     0   0  163     -2,-0.2     2,-0.0     0, 0.0     0, 0.0   0.452  31.4 -45.9  87.0 152.9   23.4  -33.6  -53.4               
  541  541 A Q        -     0   0  154      0, 0.0     0, 0.0     0, 0.0     0, 0.0   0.160  18.2 -44.9-171.1 134.9   24.8  -34.0  -50.3               
  542  542 A Y        +     0   0  218     -2,-0.0     0, 0.0     2,-0.0     0, 0.0   0.607  23.9  67.3  57.0 170.5   26.5  -34.2  -46.7               
  543  543 A P        -     0   0  117      0, 0.0     2,-0.2     0, 0.0     0, 0.0   0.896  17.3-169.1-126.2-177.8   28.4  -34.1  -43.9               
  544  544 A P        -     0   0  116      0, 0.0     2,-0.2     0, 0.0    -2,-0.0  -0.766  12.5-131.6-122.9 165.8   30.2  -32.0  -41.0               
  545  545 A Q        -     0   0  197     -2,-0.2     2,-0.1     2,-0.0     0, 0.0  -0.962  13.1-129.6-150.4 158.5   32.8  -32.0  -38.0               
  546  546 A G        -     0   0   59     -2,-0.2     2,-0.2     0, 0.0     0, 0.0  -0.513   8.6-158.1 149.1  83.1   33.4  -31.3  -34.8               
  547  547 A W        +     0   0  263     -2,-0.1     2,-0.0     1,-0.1    -2,-0.0  -0.950  17.3 149.7-149.8 162.2   35.4  -29.8  -31.7               
  548  548 A G        +     0   0   61     -2,-0.2    -1,-0.1     0, 0.0     0, 0.0   0.119  20.0 165.4 161.2 123.8   36.1  -29.7  -28.5               
  549  549 A N        +     0   0  154     -2,-0.0    -2,-0.0     0, 0.0     0, 0.0   0.812  28.8  41.5  65.3 141.3   37.2  -29.5  -24.8               
  550  550 A T        -     0   0  103      0, 0.0     0, 0.0     0, 0.0     0, 0.0   0.602  34.3 -34.4-164.2 146.8   36.8  -29.4  -21.5               
  551  551 A Y        +     0   0  215      2,-0.0     0, 0.0     0, 0.0     0, 0.0   0.815  42.9  12.6  60.8 155.0   35.6  -30.2  -17.9               
  552  552 A P        +     0   0  123      0, 0.0     2,-0.3     0, 0.0     0, 0.0   0.766  31.0 168.8-123.4 177.4   33.9  -30.9  -15.3               
  553  553 A Q        -     0   0  152      2,-0.0     2,-0.3     0, 0.0    -2,-0.0  -0.876  22.2-151.4-129.3 150.6   30.5  -32.5  -14.3               
  554  554 A W        -     0   0  249     -2,-0.3     0, 0.0     0, 0.0     0, 0.0  -0.927  37.9-123.7-116.8 150.7   28.4  -33.9  -11.5               
  555  555 A Q        -     0   0  159     -2,-0.3    -2,-0.0     0, 0.0     0, 0.0  -0.733  15.5-154.0-106.0 141.9   25.7  -36.5  -12.5               
  556  556 A P        -     0   0  110      0, 0.0     2,-0.0     0, 0.0     0, 0.0  -0.837  38.8-110.2 -90.9 145.3   22.0  -37.2  -12.3               
  557  557 A P        -     0   0  132      0, 0.0     0, 0.0     0, 0.0     0, 0.0  -0.296  43.2 -89.1 -72.9 163.5   20.9  -41.0  -12.4               
  558  558 A A        -     0   0   93      1,-0.1     2,-0.1    -2,-0.0     0, 0.0  -0.186  35.1-103.3 -86.6 162.2   19.2  -42.4  -15.5               
  559  559 A P        -     0   0  125      0, 0.0     2,-0.4     0, 0.0    -1,-0.1  -0.459  24.8-144.3 -84.3 155.4   15.4  -42.8  -16.6               
  560  560 A H        -     0   0  187     -2,-0.1     0, 0.0     1,-0.1     0, 0.0  -0.961  39.1 -64.5-128.8 118.0   13.2  -45.9  -16.6               
  561  561 A D    >   -     0   0  104     -2,-0.4     3,-0.7     1,-0.1     4,-0.1   0.747  21.8-148.3  40.1 106.1   10.5  -47.0  -19.0               
  562  562 A P  G >  S+     0   0  121      0, 0.0     3,-1.0     0, 0.0     4,-0.3   0.590  82.3  90.2 -72.9  -7.6    7.1  -45.2  -19.8               
  563  563 A S  G 3  S+     0   0  100      1,-0.2    -2,-0.1     2,-0.1     3,-0.0   0.461  85.8  45.9 -76.2  -2.6    5.4  -48.7  -20.5               
  564  564 A K  G X  S+     0   0  188     -3,-0.7     3,-0.8     1,-0.1    -1,-0.2   0.451  84.2  87.3-118.9  -3.8    4.2  -49.3  -16.9               
  565  565 A A  G X   +     0   0   79     -3,-1.0     3,-1.1     1,-0.2     4,-0.1   0.681  68.4  81.3 -74.3 -18.2    2.6  -46.0  -15.8               
  566  566 A A  G 3  S+     0   0  103     -4,-0.3    -1,-0.2     1,-0.2     3,-0.2   0.509  88.9  52.3 -71.1  -7.0   -0.9  -46.7  -17.1               
  567  567 A A  G <  S+     0   0   91     -3,-0.8    -1,-0.2     1,-0.1     3,-0.1   0.471  89.3  73.1-109.7  -6.0   -2.1  -48.8  -14.1               
  568  568 A A    X   +     0   0   85     -3,-1.1     3,-0.8     1,-0.2     2,-0.7   0.327  61.2 105.4 -94.6   7.1   -1.3  -46.6  -11.0               
  569  569 A A  T 3   +     0   0  107      1,-0.2    -1,-0.2    -3,-0.2    -3,-0.0   0.031  63.5  79.6 -77.2  27.1   -4.2  -44.1  -11.6               
  570  570 A A  T 3  S+     0   0   90     -2,-0.7    -1,-0.2     1,-0.2    -2,-0.1   0.698  87.0  32.4-114.6 -27.0   -6.3  -45.5   -8.7               
  571  571 A D    <   +     0   0  100     -3,-0.8     4,-0.5     1,-0.1     3,-0.3  -0.852  37.7 179.4-148.7 105.7   -5.1  -44.3   -5.2               
  572  572 A P  S  > S+     0   0  115      0, 0.0     4,-0.6     0, 0.0    -1,-0.1   0.604  83.7  68.2 -74.9 -11.1   -3.5  -41.0   -4.1               
  573  573 A N  H >> S+     0   0  117      1,-0.2     4,-1.8     2,-0.2     3,-0.6   0.872  87.4  62.6 -79.7 -36.3   -3.3  -42.2   -0.4               
  574  574 A A  H 3> S+     0   0   64     -3,-0.3     4,-1.8     1,-0.2    -1,-0.2   0.854  99.6  53.9 -61.2 -37.6   -0.6  -44.9   -0.9               
  575  575 A A  H 3> S+     0   0   73     -4,-0.5     4,-1.8     2,-0.2    -1,-0.2   0.843 107.8  50.9 -66.4 -32.8    2.1  -42.4   -2.1               
  576  576 A W  H <X S+     0   0  159     -3,-0.6     4,-2.5    -4,-0.6    -2,-0.2   0.903 107.2  52.6 -75.1 -38.6    1.5  -40.3    1.1               
  577  577 A A  H  X S+     0   0   63     -4,-1.8     4,-2.3     2,-0.2    -2,-0.2   0.911 108.5  51.6 -60.4 -42.6    1.9  -43.3    3.4               
  578  578 A A  H  X S+     0   0   59     -4,-1.8     4,-1.2     2,-0.2    -2,-0.2   0.940 110.6  48.2 -59.9 -46.5    5.2  -44.2    1.7               
  579  579 A Y  H >X S+     0   0  144     -4,-1.8     4,-1.0     1,-0.2     3,-0.6   0.938 112.9  47.0 -60.7 -48.0    6.5  -40.6    2.3               
  580  580 A Y  H 3X S+     0   0  105     -4,-2.5     4,-1.5     1,-0.2     3,-0.5   0.884 106.7  58.5 -62.7 -38.8    5.5  -40.5    6.0               
  581  581 A S  H 3< S+     0   0   64     -4,-2.3     4,-0.4     1,-0.2    -1,-0.2   0.819 106.9  48.4 -61.3 -30.4    7.1  -44.0    6.6               
  582  582 A H  H << S+     0   0  151     -4,-1.2    -1,-0.2    -3,-0.6    -2,-0.2   0.755 112.6  46.4 -82.4 -25.9   10.5  -42.7    5.5               
  583  583 A Y  H  < S+     0   0  174     -4,-1.0     3,-0.2    -3,-0.5    -2,-0.2   0.726 116.8  38.0 -92.0 -24.7   10.6  -39.5    7.6               
  584  584 A Y  S  < S+     0   0  189     -4,-1.5    -1,-0.1     1,-0.1    -2,-0.1   0.390  99.5  74.8-106.7  -0.3    9.4  -40.8   11.0               
  585  585 A Q        +     0   0  154     -4,-0.4    -1,-0.1    -5,-0.2    -2,-0.1   0.060  56.7 111.3-116.9  24.7   11.2  -44.2   11.3               
  586  586 A Q        -     0   0  171     -3,-0.2    -4,-0.0    -4,-0.0    -3,-0.0  -0.884  52.9-153.4 -93.8 113.8   14.9  -43.6   12.0               
  587  587 A P        -     0   0  112      0, 0.0     2,-0.7     0, 0.0    -2,-0.1  -0.525  33.9 -89.2 -78.3 154.4   15.9  -44.7   15.6               
  588  588 A P        -     0   0  135      0, 0.0    -2,-0.0     0, 0.0     0, 0.0  -0.505  44.2-154.4 -70.7 109.7   18.8  -43.0   17.4               
  589  589 A G        -     0   0   64     -2,-0.7     2,-0.1     1,-0.1    -3,-0.0  -0.500  26.8 -91.4 -81.3 154.1   22.1  -44.9   16.5               
  590  590 A P        -     0   0  133      0, 0.0    -1,-0.1     0, 0.0     0, 0.0  -0.265  26.9-124.8 -83.0 155.4   25.1  -44.8   18.9               
  591  591 A V        -     0   0  138     -2,-0.1     2,-0.1     1,-0.0     0, 0.0  -0.670  24.3-119.4 -88.3 139.8   28.2  -42.6   19.3               
  592  592 A P        -     0   0  130      0, 0.0    -1,-0.0     0, 0.0     0, 0.0  -0.469  38.8-105.5 -73.3 153.3   31.8  -43.8   19.3               
  593  593 A G        -     0   0   75     -2,-0.1     2,-0.1     1,-0.1     0, 0.0  -0.047  30.2-109.2 -88.3-179.5   34.0  -43.0   22.4               
  594  594 A P        -     0   0  135      0, 0.0    -1,-0.1     0, 0.0     0, 0.0  -0.293   5.3-127.1-107.7 178.4   36.8  -40.6   23.4               
  595  595 A A        -     0   0   95     -2,-0.1     2,-0.1     1,-0.0     0, 0.0  -0.911  43.8-104.0-124.7 154.9   40.5  -40.1   24.4               
  596  596 A P        -     0   0  132      0, 0.0    -1,-0.0     0, 0.0     0, 0.0  -0.341  29.3-174.5-101.3 163.4   41.5  -38.2   27.6               
  597  597 A A        -     0   0   89     -2,-0.1     2,-0.2     0, 0.0     0, 0.0  -0.295   6.7-147.5 -95.6-179.5   42.9  -34.9   29.2               
  598  598 A P        +     0   0  127      0, 0.0     0, 0.0     0, 0.0     0, 0.0  -0.421  29.3  93.0-131.2-161.0   44.0  -33.2   31.9               
  599  599 A A        -     0   0   93     -2,-0.2     0, 0.0     0, 0.0     0, 0.0   0.911  43.9 -54.1-161.6 169.7   44.2  -30.3   33.6               
  600  600 A A        -     0   0   91      2,-0.0     0, 0.0     0, 0.0     0, 0.0   0.687  31.8 -69.9-151.8-147.7   42.9  -28.2   35.9               
  601  601 A P        -     0   0  121      0, 0.0     2,-0.0     0, 0.0     0, 0.0   0.058  20.9 -99.4-131.2-156.4   40.4  -25.9   37.8               
  602  602 A P        -     0   0  123      0, 0.0     2,-0.3     0, 0.0    -2,-0.0   0.100  22.0-156.8-137.6 173.2   38.2  -23.3   38.7               
  603  603 A A        -     0   0  105      2,-0.0     0, 0.0    -2,-0.0     0, 0.0  -0.935  47.9-101.3-151.0 136.4   35.9  -20.3   39.8               
  604  604 A Q        +     0   0  205     -2,-0.3     2,-0.2     0, 0.0     0, 0.0   0.214  41.8 144.1 -45.1 151.4   32.0  -20.0   39.8               
  605  605 A G        -     0   0   76      2,-0.0    -2,-0.0     0, 0.0     0, 0.0  -0.579  40.3-110.4 170.6 132.3   29.3  -18.4   37.6               
  606  606 A E        -     0   0  195     -2,-0.2     0, 0.0     1,-0.1     0, 0.0  -0.170  25.3-128.1 -76.8 157.5   25.6  -19.5   36.7               
  607  607 A P        -     0   0  120      0, 0.0     2,-0.2     0, 0.0    -1,-0.1  -0.778   5.2-144.7-106.6 146.0   24.1  -20.7   33.3               
  608  608 A P        -     0   0  126      0, 0.0     0, 0.0     0, 0.0     0, 0.0  -0.681  34.4 -98.9 -96.5 158.5   21.1  -19.7   31.0               
  609  609 A Q        -     0   0  186     -2,-0.2     0, 0.0     1,-0.1     0, 0.0  -0.264  34.6-100.5 -75.5 158.1   19.0  -22.3   29.0               
  610  610 A P        -     0   0  114      0, 0.0    -1,-0.1     0, 0.0     0, 0.0  -0.448  40.4-107.7 -73.0 150.3   19.2  -23.2   25.2               
  611  611 A P        -     0   0  118      0, 0.0     2,-0.0     0, 0.0     0, 0.0  -0.477  36.2-104.2 -76.0 148.8   16.6  -21.7   22.7               
  612  612 A P        -     0   0  131      0, 0.0     2,-0.0     0, 0.0     0, 0.0  -0.301  46.3 -85.6 -71.1 156.9   13.9  -24.0   21.2               
  613  613 A T        -     0   0  142      1,-0.1     2,-0.0    -2,-0.0     0, 0.0  -0.278  48.3 -94.3 -69.5 145.8   14.1  -25.2   17.5               
  614  614 A G        -     0   0   77      1,-0.1     2,-0.2    -2,-0.0    -1,-0.1  -0.245  36.8-115.5 -64.6 140.7   12.9  -23.2   14.5               
  615  615 A Q        -     0   0  188      1,-0.1     2,-0.1    -2,-0.0    -1,-0.1  -0.496  35.8-105.7 -77.6 140.0    9.4  -23.7   13.0               
  616  616 A S        -     0   0   83     -2,-0.2     2,-1.0     1,-0.1    -1,-0.1  -0.382  25.0-116.3 -74.0 145.1    9.1  -25.1    9.4               
  617  617 A D    >   +     0   0  132      1,-0.1     3,-0.5    -2,-0.1     4,-0.2  -0.665  31.0 178.9 -85.0  99.1    8.1  -23.0    6.4               
  618  618 A Y  T >>  +     0   0  155     -2,-1.0     4,-1.2     1,-0.2     3,-1.1   0.451  51.1 105.8 -78.2  -1.5    4.8  -24.4    5.1               
  619  619 A T  H 3> S+     0   0   89      1,-0.3     4,-1.5     2,-0.2     3,-0.3   0.854  75.1  54.9 -53.6 -40.4    4.5  -21.8    2.3               
  620  620 A K  H <> S+     0   0  163     -3,-0.5     4,-1.6     1,-0.2    -1,-0.3   0.805 101.8  56.1 -66.1 -33.0    5.4  -24.3   -0.5               
  621  621 A A  H <> S+     0   0   64     -3,-1.1     4,-1.7     1,-0.2    -1,-0.2   0.865 106.2  51.7 -70.0 -33.8    2.6  -26.8    0.5               
  622  622 A W  H  X S+     0   0  147     -4,-1.2     4,-2.1    -3,-0.3     5,-0.2   0.878 105.5  55.6 -68.5 -37.5   -0.0  -24.1    0.0               
  623  623 A E  H  X S+     0   0  127     -4,-1.5     4,-2.1     1,-0.2    -2,-0.2   0.934 108.9  46.3 -60.3 -46.6    1.3  -23.2   -3.5               
  624  624 A E  H  X S+     0   0  148     -4,-1.6     4,-1.0     2,-0.2    -2,-0.2   0.889 110.5  54.1 -66.5 -36.5    0.8  -26.8   -4.7               
  625  625 A Y  H >X S+     0   0  124     -4,-1.7     4,-1.6     2,-0.2     3,-0.9   0.967 112.5  41.6 -60.3 -53.7   -2.7  -27.1   -3.2               
  626  626 A Y  H 3X S+     0   0  162     -4,-2.1     4,-2.0     1,-0.2    -2,-0.2   0.890 111.2  57.6 -62.8 -37.6   -4.0  -23.9   -5.0               
  627  627 A K  H 3< S+     0   0  160     -4,-2.1    -1,-0.2    -5,-0.2    -2,-0.2   0.711 108.2  47.6 -66.1 -22.0   -2.2  -25.0   -8.2               
  628  628 A K  H X< S+     0   0  170     -4,-1.0     3,-0.6    -3,-0.9    -1,-0.2   0.804 111.3  47.9 -89.0 -33.1   -4.1  -28.3   -8.2               
  629  629 A I  H >< S+     0   0  100     -4,-1.6     3,-1.2     1,-0.2    -2,-0.2   0.861  99.1  69.0 -75.0 -35.1   -7.7  -26.8   -7.6               
  630  630 A G  T 3< S+     0   0   71     -4,-2.0    -1,-0.2     1,-0.2    -2,-0.1   0.246  89.8  65.7 -69.5  12.2   -7.3  -24.1  -10.3               
  631  631 A Q  T <  S+     0   0  156     -3,-0.6    -1,-0.2    -2,-0.1    -2,-0.1   0.360  73.6  95.5-118.1   2.2   -7.4  -26.6  -13.2               
  632  632 A Q    <   -     0   0  180     -3,-1.2     2,-0.1    -4,-0.0    -4,-0.0  -0.866  64.3-137.1-106.4 121.5  -11.0  -28.2  -13.1               
  633  633 A P        -     0   0  119      0, 0.0     2,-0.2     0, 0.0    -2,-0.1  -0.377  31.0 -95.2 -75.8 155.3  -13.8  -26.8  -15.4               
  634  634 A Q        +     0   0  194     -2,-0.1     0, 0.0     2,-0.0     0, 0.0  -0.409  39.1 165.2 -75.0 141.8  -17.4  -26.3  -14.0               
  635  635 A Q        -     0   0  194     -2,-0.2     2,-0.4     2,-0.0     0, 0.0  -0.946  21.0-154.4-138.5 138.0  -20.6  -28.4  -14.1               
  636  636 A P        +     0   0  132      0, 0.0     2,-0.1     0, 0.0    -2,-0.0  -0.907  29.7 123.2-108.1 137.8  -23.6  -27.6  -11.9               
  637  637 A G        -     0   0   74     -2,-0.4    -2,-0.0     1,-0.2     0, 0.0  -0.192  33.7  -1.4 166.3 117.1  -26.4  -29.9  -10.5               
  638  638 A A        +     0   0  100     -2,-0.1    -1,-0.2     0, 0.0     0, 0.0   0.545  49.8  25.9  62.6 167.4  -28.2  -31.2   -7.4               
  639  639 A P        -     0   0  117      0, 0.0     2,-0.1     0, 0.0    -2,-0.0   0.888  31.0-134.8-121.1 173.4  -29.1  -31.8   -4.3               
  640  640 A P        -     0   0  128      0, 0.0     2,-0.4     0, 0.0     0, 0.0  -0.428  15.0-155.7 -85.6 152.7  -29.2  -30.6   -0.6               
  641  641 A Q        -     0   0  125      1,-0.1     0, 0.0    -2,-0.1     0, 0.0  -0.947  30.3 -72.1-132.9 118.5  -28.5  -32.2    2.8               
  642  642 A Q        -     0   0  155     -2,-0.4     2,-0.5     1,-0.1    -1,-0.1   0.887  41.3 -86.8  52.0 127.5  -29.6  -31.6    6.3               
  643  643 A D        -     0   0  147      1,-0.1     3,-0.3     2,-0.0    -1,-0.1  -0.497  27.4-178.4 -65.4 115.1  -29.2  -29.2    9.3               
  644  644 A Y    >>  +     0   0  143     -2,-0.5     3,-1.1     1,-0.2     4,-1.1   0.414  53.5 111.1 -87.6   0.6  -26.3  -30.1   11.6               
  645  645 A T  H 3> S+     0   0   89      1,-0.3     4,-1.1     2,-0.2     3,-0.4   0.817  72.1  50.0 -54.4 -41.4  -27.3  -27.1   14.0               
  646  646 A K  H 3> S+     0   0  169     -3,-0.3     4,-1.6     1,-0.2    -1,-0.3   0.809 102.7  60.2 -68.8 -31.3  -28.4  -29.3   17.0               
  647  647 A A  H <> S+     0   0   62     -3,-1.1     4,-1.6     1,-0.2    -1,-0.2   0.853 103.7  51.9 -67.7 -31.6  -25.2  -31.4   17.1               
  648  648 A W  H  X S+     0   0  153     -4,-1.1     4,-2.1    -3,-0.4    -1,-0.2   0.854 104.9  55.5 -72.0 -35.1  -23.1  -28.3   17.7               
  649  649 A E  H  X S+     0   0  134     -4,-1.1     4,-2.4     2,-0.2    -2,-0.2   0.936 108.9  46.7 -62.8 -46.5  -25.3  -27.2   20.6               
  650  650 A E  H  X S+     0   0  151     -4,-1.6     4,-1.9     2,-0.2    -2,-0.2   0.905 111.2  52.6 -64.3 -39.3  -24.8  -30.5   22.5               
  651  651 A Y  H  X S+     0   0  129     -4,-1.6     4,-2.0     2,-0.2    -2,-0.2   0.953 113.2  42.1 -60.9 -50.5  -21.0  -30.4   21.9               
  652  652 A Y  H  X S+     0   0  154     -4,-2.1     4,-2.5     1,-0.2    -2,-0.2   0.911 113.0  53.5 -64.5 -41.0  -20.6  -26.8   23.3               
  653  653 A K  H  X S+     0   0  153     -4,-2.4     4,-0.8     1,-0.2    -1,-0.2   0.849 109.8  49.5 -61.7 -33.9  -23.0  -27.6   26.2               
  654  654 A K  H  < S+     0   0  160     -4,-1.9     4,-0.3     2,-0.2    -2,-0.2   0.853 111.0  48.0 -76.3 -35.8  -20.8  -30.7   27.1               
  655  655 A Q  H >X S+     0   0   99     -4,-2.0     3,-1.8     1,-0.2     4,-1.0   0.914 104.9  60.3 -67.5 -41.0  -17.5  -28.7   26.9               
  656  656 A A  H 3< S+     0   0   62     -4,-2.5     4,-0.2     1,-0.3     3,-0.2   0.799  99.4  57.3 -58.6 -29.8  -18.9  -25.9   29.2               
  657  657 A Q  T 3< S+     0   0  149     -4,-0.8    -1,-0.3     1,-0.2     3,-0.2   0.610 103.1  53.5 -77.4 -13.4  -19.5  -28.5   32.0               
  658  658 A V  T X4 S+     0   0  120     -3,-1.8     3,-0.6    -4,-0.3    -1,-0.2   0.724  97.6  65.5 -89.5 -23.5  -15.8  -29.5   32.1               
  659  659 A A  T 3< S+     0   0   88     -4,-1.0    -2,-0.1    -3,-0.2    -1,-0.1   0.551  84.3  74.0 -77.5  -9.5  -14.5  -25.9   32.6               
  660  660 A T  T 3  S+     0   0  127     -4,-0.2     2,-0.2    -3,-0.2    -1,-0.2   0.073  80.6  76.0 -98.4  22.5  -16.0  -25.3   36.1               
  661  661 A G    <   +     0   0   71     -3,-0.6     2,-0.2     2,-0.0    -1,-0.2  -0.686  61.6  87.7-141.5  87.8  -13.6  -27.4   38.2               
  662  662 A G        -     0   0   81     -2,-0.2     3,-0.1    -3,-0.1    -3,-0.0  -0.712  52.7-139.0-178.4 125.5  -10.1  -26.2   39.1               
  663  663 A G        -     0   0   71     -2,-0.2     2,-0.3     1,-0.1     3,-0.2  -0.355  39.9 -81.0 -83.8 167.4   -8.6  -24.1   41.9               
  664  664 A P  S    S+     0   0  145      0, 0.0    -1,-0.1     0, 0.0    -2,-0.0  -0.526  89.7  87.0 -72.4 124.8   -5.8  -21.4   41.7               
  665  665 A G        +     0   0   83     -2,-0.3    -2,-0.0     1,-0.2     0, 0.0   0.468  48.2 114.6 165.6   8.0   -2.2  -22.8   41.6               
  666  666 A A        -     0   0   93     -3,-0.2    -1,-0.2     1,-0.0     0, 0.0  -0.799  57.0-123.5-101.4 141.4   -0.9  -23.7   38.0               
  667  667 A P        -     0   0  111      0, 0.0     2,-1.9     0, 0.0    -1,-0.0  -0.336  44.6 -84.3 -72.7 162.0    2.0  -21.9   36.1               
  668  668 A P        +     0   0  144      0, 0.0     2,-0.4     0, 0.0     0, 0.0  -0.434  66.5 166.0 -74.2  80.1    1.5  -20.4   32.6               
  669  669 A G        -     0   0   58     -2,-1.9    -3,-0.0     1,-0.2     0, 0.0  -0.864  35.9 -25.9-100.8 133.5    2.0  -23.5   30.4               
  670  670 A S        -     0   0  116     -2,-0.4    -1,-0.2     1,-0.1     3,-0.0   0.934  51.2-113.7  51.4 118.0    1.1  -24.0   26.7               
  671  671 A Q        -     0   0  173      1,-0.1     2,-0.3     2,-0.0    -1,-0.1  -0.481  53.0 -95.6 -54.9 141.3   -1.4  -22.6   24.2               
  672  672 A P        -     0   0   78      0, 0.0     2,-1.1     0, 0.0    -1,-0.1  -0.519  35.8-129.8 -63.1 124.7   -3.9  -25.3   23.3               
  673  673 A D    >   -     0   0  122     -2,-0.3     3,-0.7     1,-0.2     4,-0.3  -0.663  26.7-178.7 -81.4  99.1   -2.7  -26.9   20.0               
  674  674 A Y  T 3>  +     0   0  144     -2,-1.1     4,-2.3     1,-0.2     5,-0.2   0.499  58.7  98.5 -72.4  -4.4   -5.8  -26.8   17.7               
  675  675 A S  H 3> S+     0   0   75      1,-0.2     4,-2.3     2,-0.2    -1,-0.2   0.855  79.8  52.9 -58.0 -36.7   -3.8  -28.6   14.9               
  676  676 A A  H <> S+     0   0   68     -3,-0.7     4,-1.2     2,-0.2    -1,-0.2   0.934 109.8  47.1 -63.8 -45.4   -5.3  -32.0   15.8               
  677  677 A A  H  > S+     0   0   59     -4,-0.3     4,-2.6     2,-0.2     3,-0.3   0.908 114.1  47.3 -66.3 -40.8   -8.9  -30.8   15.6               
  678  678 A W  H  X S+     0   0  144     -4,-2.3     4,-2.5     1,-0.2     5,-0.2   0.898 108.9  55.0 -65.6 -38.2   -8.3  -29.0   12.3               
  679  679 A A  H  X S+     0   0   48     -4,-2.3     4,-0.7    -5,-0.2    -1,-0.2   0.712 111.4  45.3 -68.8 -22.0   -6.6  -32.2   11.0               
  680  680 A E  H  X S+     0   0  107     -4,-1.2     4,-2.6    -3,-0.3    -2,-0.2   0.892 110.6  53.0 -81.5 -43.7   -9.8  -34.2   11.9               
  681  681 A Y  H  X S+     0   0  105     -4,-2.6     4,-2.2     1,-0.2    -2,-0.2   0.936 113.3  43.1 -54.1 -50.2  -12.1  -31.5   10.3               
  682  682 A Y  H  X S+     0   0  124     -4,-2.5     4,-2.5     1,-0.2    -1,-0.2   0.838 111.9  54.5 -71.0 -29.1  -10.2  -31.7    7.0               
  683  683 A R  H  X S+     0   0  155     -4,-0.7     4,-2.2    -5,-0.2    -2,-0.2   0.911 109.1  48.6 -65.3 -41.0  -10.0  -35.5    7.2               
  684  684 A Q  H  X S+     0   0  139     -4,-2.6     4,-1.9     2,-0.2    -2,-0.2   0.920 113.7  45.8 -68.2 -40.4  -13.9  -35.6    7.5               
  685  685 A Q  H  X S+     0   0   81     -4,-2.2     4,-2.1     2,-0.2     5,-0.2   0.932 112.6  50.6 -64.8 -43.5  -14.4  -33.2    4.6               
  686  686 A A  H  X S+     0   0   65     -4,-2.5     4,-0.6     1,-0.2    -2,-0.2   0.876 111.2  49.1 -62.6 -36.3  -11.8  -35.2    2.5               
  687  687 A A  H  X S+     0   0   61     -4,-2.2     4,-0.6     2,-0.2     3,-0.2   0.879 109.9  51.7 -67.0 -37.9  -13.7  -38.5    3.3               
  688  688 A Y  H  < S+     0   0  145     -4,-1.9     3,-0.3     1,-0.2    -2,-0.2   0.864 118.9  35.0 -71.2 -35.8  -17.1  -36.8    2.4               
  689  689 A Y  H  < S+     0   0  200     -4,-2.1    -1,-0.2     1,-0.2    -2,-0.2   0.471 109.2  71.1 -90.0  -4.9  -15.8  -35.7   -1.1               
  690  690 A G  H  <  +     0   0   52     -4,-0.6     2,-1.0    -3,-0.2    -2,-0.2   0.581  68.3  98.2 -93.1 -13.6  -13.6  -38.8   -1.6               
  691  691 A Q     <  +     0   0  177     -4,-0.6    -1,-0.1    -3,-0.3    -4,-0.0  -0.679  48.4 177.2 -86.8 101.7  -16.1  -41.6   -2.2               
  692  692 A T        -     0   0  129     -2,-1.0     2,-0.5     0, 0.0    -2,-0.0  -0.791  23.8-149.2 -87.6 140.1  -16.6  -42.4   -5.9               
  693  693 A P        -     0   0  125      0, 0.0     3,-0.0     0, 0.0    -2,-0.0  -0.960  29.3-131.1 -91.1 123.8  -18.8  -45.1   -7.3               
  694  694 A G        -     0   0   60     -2,-0.5     2,-0.6     1,-0.1     0, 0.0  -0.379  35.0 -84.9 -67.5 154.5  -17.1  -46.2  -10.5               
  695  695 A P        +     0   0  147      0, 0.0    -1,-0.1     0, 0.0     0, 0.0  -0.499  66.7 151.7 -68.5 111.8  -19.3  -46.4  -13.7               
  696  696 A G        -     0   0   77     -2,-0.6    -2,-0.1     1,-0.2     0, 0.0   0.271  28.3-176.1-135.8   9.9  -20.8  -50.0  -13.5               
  697  697 A G        +     0   0   75      1,-0.1    -1,-0.2     0, 0.0     0, 0.0  -0.024  39.3 177.8  66.6-167.8  -24.2  -50.3  -15.2               
  698  698 A P        -     0   0  128      0, 0.0    -1,-0.1     0, 0.0    -2,-0.0   0.672  15.0-172.8-115.2 158.8  -26.8  -51.6  -16.1               
  699  699 A Q        -     0   0  192      0, 0.0     0, 0.0     0, 0.0     0, 0.0  -0.712  18.7-141.0 -89.6 145.8  -29.8  -50.1  -18.2               
  700  700 A P        -     0   0  115      0, 0.0     0, 0.0     0, 0.0     0, 0.0  -0.702  45.2 -97.0 -85.3 156.1  -33.2  -51.5  -19.1               
  701  701 A P        -     0   0  121      0, 0.0     2,-0.2     0, 0.0     0, 0.0  -0.257  32.1-104.4 -87.2 163.8  -34.2  -50.5  -22.7               
  702  702 A P        -     0   0  126      0, 0.0     2,-0.3     0, 0.0     0, 0.0  -0.496  22.5-127.9 -87.4 151.0  -36.3  -47.6  -24.3               
  703  703 A T        -     0   0  146     -2,-0.2     2,-0.3     2,-0.0     0, 0.0  -0.722  27.7-120.4 -92.8 141.1  -39.8  -47.7  -25.8               
  704  704 A Q        +     0   0  186     -2,-0.3     2,-0.1     2,-0.0    -1,-0.0  -0.662  35.0 159.4 -83.3 137.7  -40.5  -46.3  -29.3               
  705  705 A Q        -     0   0  204     -2,-0.3    -2,-0.0     0, 0.0     0, 0.0  -0.402  37.3 -33.8 178.3 129.3  -42.9  -43.4  -30.4               
  706  706 A G        +     0   0   74     -2,-0.1     2,-0.4     1,-0.1    -2,-0.0   0.558  33.1 146.3-175.5 144.2  -42.6  -41.9  -33.2               
  707  707 A Q        +     0   0  205      0, 0.0     2,-0.3     0, 0.0    -1,-0.1  -0.983  29.5 162.5-124.0 139.8  -41.8  -40.0  -36.4               
  708  708 A Q        +     0   0  186     -2,-0.4     0, 0.0     1,-0.1     0, 0.0  -0.957  23.6  88.2-155.4 152.3  -43.9  -40.1  -39.6               
  709  709 A Q        +     0   0  191     -2,-0.3    -1,-0.1     0, 0.0     0, 0.0   0.406  56.7   4.6  75.2 140.0  -44.0  -37.8  -42.7               
  710  710 A A              0   0   85      0, 0.0    -2,-0.0     0, 0.0     0, 0.0   0.284 360.0 360.0-164.1 133.6  -42.7  -37.6  -45.5               
  711  711 A Q              0   0  277      0, 0.0     0, 0.0     0, 0.0     0, 0.0   0.336 360.0 360.0  70.0 360.0  -40.4  -38.6  -48.5               
