==== Secondary Structure Definition by the program DSSP, CMBI version 2.0                          ==== DATE=2026-03-08        .
REFERENCE W. KABSCH AND C.SANDER, BIOPOLYMERS 22 (1983) 2577-2637                                                              .
HEADER                                            01-AUG-25                                                                    .
COMPND    MOL_ID: 1; MOLECULE: RNA-BINDING PROTEIN 14; CHAIN: A                                                                .
SOURCE    MOL_ID: 1; ORGANISM_SCIENTIFIC: HOMO SAPIENS; ORGANISM_TAXID: 9606                                                   .
AUTHOR                                                                                                                         .
  669  1  0  0  0 TOTAL NUMBER OF RESIDUES, NUMBER OF CHAINS, NUMBER OF SS-BRIDGES(TOTAL,INTRACHAIN,INTERCHAIN)                .
 79668.0   ACCESSIBLE SURFACE OF PROTEIN (ANGSTROM**2)                                                                         .
  178 26.6   TOTAL NUMBER OF HYDROGEN BONDS OF TYPE O(I)-->H-N(J)  , SAME NUMBER PER 100 RESIDUES                              .
    0  0.0   TOTAL NUMBER OF HYDROGEN BONDS IN     PARALLEL BRIDGES, SAME NUMBER PER 100 RESIDUES                              .
   45  6.7   TOTAL NUMBER OF HYDROGEN BONDS IN ANTIPARALLEL BRIDGES, SAME NUMBER PER 100 RESIDUES                              .
    0  0.0   TOTAL NUMBER OF HYDROGEN BONDS OF TYPE O(I)-->H-N(I-5), SAME NUMBER PER 100 RESIDUES                              .
    1  0.1   TOTAL NUMBER OF HYDROGEN BONDS OF TYPE O(I)-->H-N(I-4), SAME NUMBER PER 100 RESIDUES                              .
    4  0.6   TOTAL NUMBER OF HYDROGEN BONDS OF TYPE O(I)-->H-N(I-3), SAME NUMBER PER 100 RESIDUES                              .
    0  0.0   TOTAL NUMBER OF HYDROGEN BONDS OF TYPE O(I)-->H-N(I-2), SAME NUMBER PER 100 RESIDUES                              .
    0  0.0   TOTAL NUMBER OF HYDROGEN BONDS OF TYPE O(I)-->H-N(I-1), SAME NUMBER PER 100 RESIDUES                              .
    0  0.0   TOTAL NUMBER OF HYDROGEN BONDS OF TYPE O(I)-->H-N(I+0), SAME NUMBER PER 100 RESIDUES                              .
    0  0.0   TOTAL NUMBER OF HYDROGEN BONDS OF TYPE O(I)-->H-N(I+1), SAME NUMBER PER 100 RESIDUES                              .
   71 10.6   TOTAL NUMBER OF HYDROGEN BONDS OF TYPE O(I)-->H-N(I+2), SAME NUMBER PER 100 RESIDUES                              .
   17  2.5   TOTAL NUMBER OF HYDROGEN BONDS OF TYPE O(I)-->H-N(I+3), SAME NUMBER PER 100 RESIDUES                              .
   44  6.6   TOTAL NUMBER OF HYDROGEN BONDS OF TYPE O(I)-->H-N(I+4), SAME NUMBER PER 100 RESIDUES                              .
    0  0.0   TOTAL NUMBER OF HYDROGEN BONDS OF TYPE O(I)-->H-N(I+5), SAME NUMBER PER 100 RESIDUES                              .
  1  2  3  4  5  6  7  8  9 10 11 12 13 14 15 16 17 18 19 20 21 22 23 24 25 26 27 28 29 30     *** HISTOGRAMS OF ***           .
  0  0  0  0  0  0  0  1  1  0  2  1  0  0  0  0  0  0  0  0  0  0  0  0  0  0  0  0  0  0    RESIDUES PER ALPHA HELIX         .
  0  0  0  0  0  0  0  0  0  0  0  0  0  0  0  0  0  0  0  0  0  0  0  0  0  0  0  0  0  0    PARALLEL BRIDGES PER LADDER      .
  0  2  0  2  2  2  0  0  0  0  0  0  0  0  0  0  0  0  0  0  0  0  0  0  0  0  0  0  0  0    ANTIPARALLEL BRIDGES PER LADDER  .
  2  0  2  0  0  0  0  0  0  0  0  0  0  0  0  0  0  0  0  0  0  0  0  0  0  0  0  0  0  0    LADDERS PER SHEET                .
  #  RESIDUE AA STRUCTURE BP1 BP2  ACC     N-H-->O    O-->H-N    N-H-->O    O-->H-N    TCO  KAPPA ALPHA  PHI   PSI    X-CA   Y-CA   Z-CA            CHAIN
    1    1 A M              0   0   55      0, 0.0    41,-2.4     0, 0.0     2,-0.4   0.000 360.0 360.0 360.0 146.0  -22.1   10.8   -3.3               
    2    2 A K  E     -A   41   0A  76     39,-0.2    69,-2.3    69,-0.2     2,-0.3  -0.895 360.0-165.5-103.3 131.6  -18.8    8.8   -2.9               
    3    3 A I  E     -AB  40  70A   0     37,-3.0    37,-1.7    -2,-0.4     2,-0.4  -0.859  11.6-143.7-112.8 140.9  -16.6    9.2    0.2               
    4    4 A F  E     -AB  39  69A  59     65,-3.0    65,-2.7    -2,-0.3     2,-0.5  -0.927  10.9-165.4-100.8 133.6  -13.0    8.0    0.7               
    5    5 A V  E     -AB  38  68A   0     33,-2.8    33,-2.7    -2,-0.4     3,-0.4  -0.933  13.3-172.7-122.5  97.3  -12.1    6.8    4.2               
    6    6 A G  E     +AB  37  67A   5     61,-3.1    61,-2.3    -2,-0.5    31,-0.2  -0.465  60.3  38.8 -85.3 166.6   -8.2    6.5    4.7               
    7    7 A N  S    S+     0   0   66     29,-1.2     2,-0.3     1,-0.3    30,-0.2   0.626  78.1 143.2  64.3  20.1   -6.2    5.1    7.6               
    8    8 A V        -     0   0    1     28,-0.7     2,-1.0    -3,-0.4    -1,-0.3  -0.659  55.2-126.3 -76.7 139.7   -8.7    2.1    8.0               
    9    9 A D    >>  -     0   0   24     -2,-0.3     4,-3.0     1,-0.1     3,-1.8  -0.784  20.1-164.7 -88.0 103.8   -7.2   -1.3    8.9               
   10   10 A G  T 34 S+     0   0   30     25,-2.1    26,-0.1    -2,-1.0    -1,-0.1   0.508  86.6  54.9 -69.5  -5.6   -8.6   -3.5    6.1               
   11   11 A A  T 34 S+     0   0   94     24,-0.3    -1,-0.3    23,-0.1     3,-0.1   0.593 123.8  23.9 -84.2 -18.1   -7.7   -6.7    8.1               
   12   12 A D  T <4 S+     0   0   76     -3,-1.8     2,-0.5     1,-0.1    -2,-0.2   0.584 105.3  76.4-134.2 -30.1   -9.6   -5.5   11.1               
   13   13 A T     <  -     0   0    8     -4,-3.0    -1,-0.1     4,-0.0    -5,-0.0  -0.863  68.1-145.7 -96.4 124.4  -12.4   -3.0   10.1               
   14   14 A T     >  -     0   0   68     -2,-0.5     4,-2.0     1,-0.1     5,-0.2  -0.512  20.5-123.8 -85.3 154.6  -15.5   -4.6    8.5               
   15   15 A P  H  > S+     0   0   57      0, 0.0     4,-1.9     0, 0.0    -1,-0.1   0.788 116.3  55.8 -63.8 -24.1  -17.6   -2.9    5.7               
   16   16 A E  H  > S+     0   0  156      2,-0.2     4,-2.7     3,-0.2     5,-0.2   0.923 104.1  50.7 -72.4 -45.5  -20.5   -3.3    8.1               
   17   17 A E  H  > S+     0   0   60      1,-0.2     4,-1.9     2,-0.2     5,-0.2   0.936 114.0  45.6 -57.5 -46.6  -18.8   -1.4   11.0               
   18   18 A L  H  X S+     0   0    0     -4,-2.0     4,-1.7     2,-0.2    -1,-0.2   0.910 111.1  52.3 -63.7 -41.8  -18.0    1.4    8.5               
   19   19 A A  H  X S+     0   0   27     -4,-1.9     4,-1.7     1,-0.2    -2,-0.2   0.916 108.7  51.7 -60.9 -38.4  -21.7    1.3    7.2               
   20   20 A A  H  < S+     0   0   66     -4,-2.7    -2,-0.2     1,-0.2    -1,-0.2   0.876 108.7  50.1 -65.4 -38.7  -22.9    1.6   10.8               
   21   21 A L  H  < S+     0   0   40     -4,-1.9    -1,-0.2     1,-0.2    -2,-0.2   0.821 115.7  42.8 -67.1 -34.0  -20.7    4.7   11.5               
   22   22 A F  H >X S+     0   0    0     -4,-1.7     3,-1.4    -5,-0.2     4,-0.9   0.726  94.5  82.1 -85.9 -21.5  -22.0    6.4    8.3               
   23   23 A A  G >< S+     0   0   56     -4,-1.7     3,-0.6     1,-0.3    -1,-0.2   0.824  83.3  59.2 -55.7 -39.3  -25.7    5.4    8.9               
   24   24 A P  G 34 S+     0   0  102      0, 0.0    -1,-0.3     0, 0.0    -2,-0.1   0.758 107.5  48.5 -60.2 -25.1  -26.5    8.4   11.4               
   25   25 A Y  G <4 S-     0   0   64     -3,-1.4     2,-0.2     1,-0.3    -2,-0.2   0.691 128.7 -55.3 -92.5 -20.3  -25.5   10.9    8.6               
   26   26 A G  S << S-     0   0   16     -4,-0.9     2,-0.5    -3,-0.6    -1,-0.3  -0.908  75.9 -40.2 162.8 178.5  -27.6    9.3    5.8               
   27   27 A T        -     0   0   68     -2,-0.2    16,-2.9    -3,-0.1     2,-0.5  -0.473  48.1-144.5 -68.8 116.7  -28.4    6.1    3.8               
   28   28 A V  E     -C   42   0A  36     -2,-0.5    14,-0.2    14,-0.2     3,-0.1  -0.670  17.2-177.9 -75.1 122.2  -25.3    4.1    2.8               
   29   29 A M  E     -     0   0A 129     12,-3.2     2,-0.3    -2,-0.5    13,-0.2   0.740  69.8  -3.0 -89.0 -33.5  -25.8    2.5   -0.7               
   30   30 A S  E     -C   41   0A  61     11,-1.2    11,-3.2   -15,-0.0     2,-0.4  -0.881  56.3-165.0-162.2 132.4  -22.5    0.6   -0.8               
   31   31 A C  E     -C   40   0A  27     -2,-0.3     2,-0.4     9,-0.2     9,-0.2  -0.977   9.0-177.0-117.2 135.0  -19.4    0.2    1.5               
   32   32 A A  E     -C   39   0A  50      7,-2.2     7,-2.4    -2,-0.4     2,-0.3  -0.922   8.8-159.5-134.4 109.1  -16.2   -1.3    0.1               
   33   33 A V  E     -C   38   0A  40     -2,-0.4     2,-0.3     5,-0.2     5,-0.2  -0.635  12.9-179.9 -83.3 141.6  -13.2   -1.9    2.5               
   34   34 A M  E >   -C   37   0A  97      3,-2.3     3,-1.1    -2,-0.3   -24,-0.1  -0.857  48.2 -70.4-133.1 171.2   -9.6   -2.3    1.0               
   35   35 A K  T 3  S-     0   0  119      1,-0.3   -25,-2.1    -2,-0.3   -24,-0.3   0.655 123.6  -4.0 -32.1 -53.1   -6.1   -2.9    2.6               
   36   36 A Q  T 3  S+     0   0   86    -27,-0.2   -29,-1.2     1,-0.2   -28,-0.7   0.073 132.5  34.9-134.8  13.5   -5.7    0.6    4.2               
   37   37 A F  E <   -AC   6  34A  27     -3,-1.1    -3,-2.3   -31,-0.2     2,-0.3  -0.974  60.0-148.5-162.3 159.5   -8.8    2.6    3.1               
   38   38 A A  E     -AC   5  33A   0    -33,-2.7   -33,-2.8    -2,-0.3     2,-0.4  -0.863  10.9-136.5-129.3 164.9  -12.5    2.2    2.3               
   39   39 A F  E     -AC   4  32A  33     -7,-2.4    -7,-2.2    -2,-0.3     2,-0.5  -0.989  16.6-168.1-122.0 125.4  -15.1    3.8   -0.1               
   40   40 A V  E     -AC   3  31A   0    -37,-1.7   -37,-3.0    -2,-0.4     2,-0.7  -0.940   7.7-155.9-112.1 122.7  -18.6    4.7    1.2               
   41   41 A H  E     -AC   2  30A  72    -11,-3.2   -12,-3.2    -2,-0.5   -11,-1.2  -0.902  12.6-165.4 -94.8 112.5  -21.4    5.6   -1.2               
   42   42 A M  E     - C   0  28A   3    -41,-2.4   -14,-0.2    -2,-0.7   -15,-0.1  -0.732  21.0-139.4 -87.0 145.1  -24.0    7.7    0.4               
   43   43 A R  S    S+     0   0  161    -16,-2.9     2,-0.2    -2,-0.3    -1,-0.1   0.968  87.5  53.3 -60.5 -52.1  -27.4    8.2   -1.3               
   44   44 A E     >  -     0   0   94    -17,-0.3     4,-0.8     1,-0.1    -2,-0.1  -0.468  66.0-150.8 -92.2 151.2  -27.5   11.9   -0.3               
   45   45 A N  H  > S+     0   0   96      2,-0.2     4,-2.2    -2,-0.2     5,-0.2   0.931 100.6  50.2 -80.2 -49.6  -24.9   14.7   -0.8               
   46   46 A A  H  > S+     0   0   63      1,-0.2     4,-2.0     2,-0.2     5,-0.2   0.900 111.4  49.5 -57.3 -43.6  -25.8   16.7    2.4               
   47   47 A G  H  > S+     0   0    0      1,-0.2     4,-2.0     2,-0.2    -1,-0.2   0.903 110.0  51.8 -60.8 -39.7  -25.6   13.5    4.5               
   48   48 A A  H  X S+     0   0    0     -4,-0.8     4,-2.0     2,-0.2    -2,-0.2   0.870 107.3  51.9 -66.1 -38.3  -22.1   12.8    3.0               
   49   49 A L  H  X S+     0   0   69     -4,-2.2     4,-2.5     2,-0.2    -2,-0.2   0.951 110.9  47.2 -64.3 -46.5  -20.8   16.3    3.8               
   50   50 A R  H  X S+     0   0  140     -4,-2.0     4,-2.4     1,-0.2     5,-0.2   0.878 111.5  52.0 -61.0 -39.4  -21.9   16.0    7.5               
   51   51 A A  H  X S+     0   0    0     -4,-2.0     4,-2.0     2,-0.2    -1,-0.2   0.876 110.0  48.9 -64.1 -39.3  -20.3   12.5    7.6               
   52   52 A I  H  X S+     0   0   26     -4,-2.0     4,-1.3     2,-0.2    16,-0.2   0.952 114.7  44.4 -63.6 -49.4  -17.0   13.9    6.2               
   53   53 A E  H  < S+     0   0  166     -4,-2.5    -2,-0.2     1,-0.2    -1,-0.2   0.891 121.3  38.0 -64.4 -41.0  -17.0   16.8    8.8               
   54   54 A A  H  < S+     0   0   51     -4,-2.4    -1,-0.2    -5,-0.2    -2,-0.2   0.744 120.3  42.5 -86.5 -27.2  -17.9   14.7   11.8               
   55   55 A L  H >< S+     0   0    6     -4,-2.0     3,-1.6    -5,-0.2     2,-0.4   0.540  83.6 107.4 -99.6  -9.5  -15.9   11.4   11.0               
   56   56 A H  T 3< S+     0   0  103     -4,-1.3    11,-0.2     1,-0.3     3,-0.1  -0.587  95.2  12.9 -67.5 122.9  -12.7   13.1    9.9               
   57   57 A G  T 3  S+     0   0   41      9,-3.1     2,-0.3    -2,-0.4    -1,-0.3   0.254  92.8 145.2  87.5  -7.6  -10.2   12.5   12.7               
   58   58 A H    <   -     0   0   78     -3,-1.6     8,-2.5     8,-0.3     2,-0.9  -0.430  46.9-136.3 -65.6 123.8  -12.5    9.9   14.4               
   59   59 A E  E     +D   65   0B 107     -2,-0.3     6,-0.2     6,-0.3    -1,-0.1  -0.704  27.1 174.8 -84.0 105.0  -10.5    7.1   16.0               
   60   60 A L  E    S+     0   0B  37      4,-1.1    -1,-0.2    -2,-0.9     5,-0.1   0.801  82.7  19.5 -70.8 -32.3  -12.0    3.7   15.1               
   61   61 A R  E >  S-D   64   0B  85      3,-0.6     3,-2.3    -3,-0.1    -1,-0.2  -0.984 107.9 -84.3-136.2 144.0   -9.0    2.1   16.9               
   62   62 A P  T 3  S+     0   0  131      0, 0.0    -2,-0.0     0, 0.0     3,-0.0  -0.252 118.1  13.4 -56.2 125.0   -6.7    3.8   19.4               
   63   63 A G  T 3  S+     0   0   65      1,-0.0     2,-0.2    -4,-0.0    -4,-0.0   0.532 106.4  97.9  82.2   9.3   -3.9    5.7   17.5               
   64   64 A R  E <   -D   61   0B  80     -3,-2.3    -4,-1.1    -7,-0.0    -3,-0.6  -0.606  50.9-175.3-129.8  77.2   -5.8    5.4   14.1               
   65   65 A A  E     -D   59   0B  37     -6,-0.2    -6,-0.3    -2,-0.2     2,-0.2  -0.500  30.7-118.4 -59.1 125.8   -7.7    8.6   13.3               
   66   66 A L        -     0   0    4     -8,-2.5    -9,-3.1    -2,-0.3     2,-0.9  -0.494  11.7-140.8 -71.6 139.5   -9.8    8.1   10.1               
   67   67 A V  E     -B    6   0A  56    -61,-2.3   -61,-3.1    -2,-0.2     2,-0.5  -0.804  25.6-174.3-101.3  90.5   -9.1   10.4    7.1               
   68   68 A V  E     +B    5   0A   1     -2,-0.9     2,-0.3   -63,-0.2   -63,-0.2  -0.787  16.0 150.3 -91.9 124.7  -12.6   11.0    5.7               
   69   69 A E  E     -B    4   0A  65    -65,-2.7   -65,-3.0    -2,-0.5     2,-0.3  -0.967  54.9 -81.2-142.7 162.3  -12.7   13.0    2.4               
   70   70 A M  E     -B    3   0A 109     -2,-0.3     2,-1.0   -67,-0.2   -67,-0.3  -0.516  61.6-105.0 -59.0 128.3  -14.8   13.4   -0.8               
   71   71 A S        -     0   0   24    -69,-2.3   -69,-0.2    -2,-0.3    -1,-0.1  -0.442  36.5-155.9 -67.3 103.3  -13.7   10.5   -3.0               
   72   72 A R        -     0   0  168     -2,-1.0     2,-0.1     1,-0.1    -1,-0.0  -0.517  24.2-111.2 -69.5 136.3  -11.4   12.0   -5.7               
   73   73 A P        -     0   0  117      0, 0.0    -1,-0.1     0, 0.0     3,-0.1  -0.479  39.5-100.7 -60.8 142.4  -11.3    9.9   -8.9               
   74   74 A R        -     0   0  120     -2,-0.1     4,-0.1     1,-0.1    -3,-0.0  -0.534  48.1-100.7 -59.0 130.3   -7.9    8.2   -9.4               
   75   75 A P        -     0   0   61      0, 0.0     3,-0.1     0, 0.0    -1,-0.1  -0.321  24.1-140.3 -54.4 133.9   -6.0   10.4  -11.9               
   76   76 A L  S    S+     0   0  171      1,-0.2     2,-0.9    -3,-0.1    -2,-0.1   0.841  94.6  60.8 -67.9 -28.8   -6.2    8.6  -15.3               
   77   77 A N  S    S+     0   0  122     43,-0.1     2,-0.3     2,-0.0    -1,-0.2  -0.796  71.9 144.9-102.9  87.3   -2.6    9.7  -16.0               
   78   78 A T        -     0   0   37     -2,-0.9     2,-0.7    -3,-0.1    42,-0.2  -0.960  44.5-132.2-121.9 149.4   -0.5    8.1  -13.3               
   79   79 A W  E     -E  119   0C  49     40,-2.3    40,-2.6    -2,-0.3     2,-0.5  -0.872  18.8-152.9-105.2 106.9    3.1    6.7  -13.5               
   80   80 A K  E     -E  118   0C  43     -2,-0.7    67,-2.7    38,-0.2     2,-0.3  -0.724  10.7-163.4 -81.3 122.5    3.4    3.2  -11.9               
   81   81 A I  E     -EF 117 146C   0     36,-3.3    36,-2.0    -2,-0.5     2,-0.4  -0.820   9.9-142.4-102.1 139.4    6.9    2.4  -10.7               
   82   82 A F  E     -EF 116 145C  57     63,-3.0    63,-2.6    -2,-0.3     2,-0.5  -0.907  11.2-164.1 -98.3 134.7    8.1   -1.1   -9.9               
   83   83 A V  E     -EF 115 144C   0     32,-2.8    32,-2.6    -2,-0.4     3,-0.3  -0.954  12.3-172.6-121.4 104.3   10.5   -1.5   -6.8               
   84   84 A G  E     + F   0 143C   7     59,-2.5    59,-2.3    -2,-0.5    30,-0.2  -0.553  59.7  31.4 -92.4 164.8   12.3   -4.8   -6.7               
   85   85 A N  S    S+     0   0   83     28,-0.4    29,-0.2    57,-0.2    -1,-0.2   0.792  74.1 172.6  56.5  35.2   14.6   -6.4   -4.0               
   86   86 A V        -     0   0    1     27,-2.3     2,-0.3    -3,-0.3    -1,-0.2  -0.451  37.8-112.3 -64.7 136.4   12.6   -4.7   -1.1               
   87   87 A S    >   -     0   0   17     50,-0.2     3,-2.6    53,-0.2    -1,-0.1  -0.620  17.1-130.0 -69.6 135.2   13.7   -5.8    2.3               
   88   88 A A  T 3  S+     0   0   93     -2,-0.3    -1,-0.1     1,-0.3    24,-0.1   0.688 110.4  60.3 -61.8 -17.6   11.0   -7.9    4.1               
   89   89 A A  T 3  S+     0   0   64     49,-0.2     2,-0.4     2,-0.1    -1,-0.3   0.431  85.4 100.6 -81.6  -6.5   11.6   -5.6    7.1               
   90   90 A C    <   -     0   0    9     -3,-2.6     2,-0.2    47,-0.1    -4,-0.0  -0.742  64.7-143.6 -89.8 129.5   10.6   -2.5    5.0               
   91   91 A T     >  -     0   0   65     -2,-0.4     4,-2.1     1,-0.1     5,-0.2  -0.496  22.3-117.8 -88.8 158.2    7.1   -1.0    5.4               
   92   92 A S  H  > S+     0   0   54      1,-0.2     4,-2.6     2,-0.2    -1,-0.1   0.857 117.7  55.6 -57.6 -34.6    4.8    0.6    2.8               
   93   93 A Q  H  > S+     0   0  144      2,-0.2     4,-2.9     1,-0.2     5,-0.2   0.914 105.7  49.5 -66.1 -44.6    5.1    3.8    4.8               
   94   94 A E  H  > S+     0   0   70      2,-0.2     4,-1.4     1,-0.2    -2,-0.2   0.926 114.3  44.8 -62.9 -45.5    8.9    3.9    4.7               
   95   95 A L  H  X S+     0   0    0     -4,-2.1     4,-2.2     2,-0.2     3,-0.5   0.953 112.7  52.7 -61.3 -47.0    8.9    3.3    0.9               
   96   96 A R  H  X S+     0   0  123     -4,-2.6     4,-3.0     1,-0.2     3,-0.3   0.940 109.5  47.9 -54.3 -50.0    6.1    6.0    0.5               
   97   97 A S  H  X S+     0   0   60     -4,-2.9     4,-0.6     1,-0.2    -1,-0.2   0.728 110.1  53.6 -66.9 -23.1    8.2    8.6    2.5               
   98   98 A L  H  < S+     0   0   28     -4,-1.4    -1,-0.2    -3,-0.5    -2,-0.2   0.896 115.3  39.3 -72.0 -41.3   11.3    7.8    0.3               
   99   99 A F  H >X S+     0   0    0     -4,-2.2     3,-2.4    -3,-0.3     4,-1.1   0.860 104.7  66.7 -77.7 -34.5    9.3    8.4   -2.9               
  100  100 A E  H 3< S+     0   0   79     -4,-3.0    -1,-0.2     1,-0.3    -3,-0.2   0.780  90.9  66.4 -57.6 -25.8    7.3   11.5   -1.4               
  101  101 A R  T 3< S+     0   0  177     -4,-0.6    -1,-0.3    -5,-0.2    -2,-0.2   0.606 107.7  39.1 -66.8 -17.3   10.8   13.3   -1.4               
  102  102 A R  T <4 S-     0   0  100     -3,-2.4     2,-0.3     1,-0.4    -2,-0.2   0.588 131.2 -41.3-111.2 -18.7   10.8   13.2   -5.2               
  103  103 A G  S  < S-     0   0   15     -4,-1.1     2,-0.6    24,-0.1    -1,-0.4  -0.947  81.6 -43.4 169.6-179.4    7.1   13.9   -6.0               
  104  104 A R        -     0   0  150     -2,-0.3    16,-2.2    -3,-0.1     2,-0.5  -0.511  48.2-151.6 -74.9 113.5    3.5   13.2   -5.0               
  105  105 A V  E     -G  119   0C  12     -2,-0.6    14,-0.2    14,-0.2     3,-0.1  -0.738  14.7-177.6 -82.1 123.6    2.8    9.5   -4.3               
  106  106 A I  E    S-     0   0C  55     12,-3.0     2,-0.3    -2,-0.5    13,-0.2   0.807  71.2  -1.8 -87.0 -38.6   -0.9    8.5   -5.0               
  107  107 A E  E     -G  118   0C  47     11,-1.1    11,-2.9     2,-0.0     2,-0.4  -0.976  53.4-166.4-156.8 141.9   -0.5    4.9   -3.8               
  108  108 A C  E     -G  117   0C  25     -2,-0.3     2,-0.4     9,-0.2     9,-0.2  -0.983  12.7-178.9-131.0 118.2    2.2    2.5   -2.4               
  109  109 A D  E     -G  116   0C  50      7,-2.7     7,-2.8    -2,-0.4     2,-0.5  -0.983  10.2-158.0-119.8 129.6    1.6   -1.3   -2.3               
  110  110 A V  E     -G  115   0C  38     -2,-0.4     2,-0.4     5,-0.2     5,-0.3  -0.919   9.0-177.4-111.6 127.8    4.2   -3.8   -0.9               
  111  111 A V  E >   -G  114   0C  40      3,-3.0     3,-1.7    -2,-0.5     2,-0.8  -0.866  56.6 -72.9-130.9  95.6    4.0   -7.4   -2.0               
  112  112 A K  T 3  S+     0   0  168     -2,-0.4    -2,-0.0     1,-0.3     3,-0.0  -0.449 120.3   1.2  60.5 -98.2    6.7   -9.6   -0.2               
  113  113 A D  T 3  S+     0   0   89     -2,-0.8   -27,-2.3    -3,-0.0   -28,-0.4   0.250 130.6  48.5-107.9   3.8   10.0   -8.7   -1.8               
  114  114 A Y  E <   - G   0 111C  74     -3,-1.7    -3,-3.0   -29,-0.2     2,-0.3  -0.929  61.7-158.8-139.2 165.8    8.8   -6.0   -4.3               
  115  115 A A  E     -EG  83 110C   0    -32,-2.6   -32,-2.8    -2,-0.3     2,-0.4  -0.952  11.6-139.8-139.6 161.3    6.5   -2.9   -4.3               
  116  116 A F  E     -EG  82 109C  44     -7,-2.8    -7,-2.7    -2,-0.3     2,-0.4  -0.996  16.5-169.5-122.3 129.8    4.5   -0.7   -6.7               
  117  117 A V  E     -EG  81 108C   0    -36,-2.0   -36,-3.3    -2,-0.4     2,-0.6  -0.973   9.3-153.0-120.4 126.4    4.4    3.1   -6.3               
  118  118 A H  E     -EG  80 107C  35    -11,-2.9   -12,-3.0    -2,-0.4   -11,-1.1  -0.908  14.9-162.8-100.3 119.9    2.0    5.3   -8.3               
  119  119 A M  E     -EG  79 105C   0    -40,-2.6   -40,-2.3    -2,-0.6   -14,-0.2  -0.763  22.6-138.1-100.6 148.5    3.2    8.9   -9.0               
  120  120 A E  S    S+     0   0   66    -16,-2.2     2,-0.3    -2,-0.3   -15,-0.1   0.663  87.2  40.9 -74.7 -19.6    1.1   11.9  -10.0               
  121  121 A K     >  -     0   0  118    -17,-0.2     4,-1.8   -42,-0.1     5,-0.1  -0.982  66.7-139.3-136.0 146.7    3.8   13.1  -12.6               
  122  122 A E  H  > S+     0   0   83     -2,-0.3     4,-2.7     2,-0.2     5,-0.2   0.889 106.5  52.8 -65.1 -43.2    6.1   11.6  -15.2               
  123  123 A A  H  > S+     0   0   68      2,-0.2     4,-2.8     1,-0.2     5,-0.2   0.960 110.5  46.7 -60.3 -51.2    9.0   13.9  -14.3               
  124  124 A D  H  > S+     0   0   33      1,-0.2     4,-2.6     2,-0.2    -1,-0.2   0.871 113.2  50.5 -56.5 -42.1    8.8   13.0  -10.6               
  125  125 A A  H  X S+     0   0    0     -4,-1.8     4,-2.3     2,-0.2    -2,-0.2   0.929 112.7  44.6 -66.3 -45.0    8.6    9.2  -11.5               
  126  126 A K  H  X S+     0   0  107     -4,-2.7     4,-2.6     2,-0.2    -2,-0.2   0.908 115.2  49.0 -64.8 -41.8   11.7    9.4  -13.8               
  127  127 A A  H  X S+     0   0   39     -4,-2.8     4,-1.4     2,-0.2    -2,-0.2   0.905 110.6  50.5 -64.6 -42.1   13.6   11.5  -11.2               
  128  128 A A  H  X S+     0   0    0     -4,-2.6     4,-1.9    -5,-0.2     5,-0.4   0.928 112.1  47.9 -61.3 -44.8   12.6    8.9   -8.5               
  129  129 A I  H  X S+     0   0   30     -4,-2.3     4,-2.1     1,-0.2     3,-0.4   0.966 111.8  48.9 -57.9 -54.0   13.9    6.0  -10.7               
  130  130 A A  H  < S+     0   0   81     -4,-2.6    -1,-0.2     1,-0.2    -2,-0.2   0.722 122.4  33.3 -61.2 -25.4   17.2    7.8  -11.5               
  131  131 A Q  H  < S+     0   0  101     -4,-1.4    -1,-0.2    -3,-0.3    -2,-0.2   0.554 122.6  41.4-111.2 -16.7   17.9    8.6   -7.8               
  132  132 A L  H >< S+     0   0    5     -4,-1.9     3,-1.7    -3,-0.4    10,-0.2   0.606  85.3 105.5-106.6 -18.7   16.4    5.6   -5.9               
  133  133 A N  T 3< S+     0   0   77     -4,-2.1    10,-0.2    -5,-0.4     3,-0.1  -0.430  95.1  10.0 -63.0 131.0   17.5    2.8   -8.2               
  134  134 A G  T 3  S+     0   0   40      8,-2.4    -1,-0.3     1,-0.3     9,-0.1   0.331  96.1 143.3  77.6  -3.8   20.5    0.9   -6.6               
  135  135 A K    <   -     0   0   81     -3,-1.7     7,-2.6     7,-0.3     2,-0.4  -0.400  53.3-118.6 -68.3 139.5   19.9    2.8   -3.2               
  136  136 A E  E     +H  141   0D 119      5,-0.3     2,-0.4    -2,-0.1     5,-0.3  -0.646  35.1 173.6 -80.8 128.1   20.4    0.8    0.0               
  137  137 A V  E >  S-H  140   0D  19      3,-3.0     3,-1.4    -2,-0.4   -50,-0.2  -0.979  72.4 -16.7-135.3 118.1   17.2    0.5    2.2               
  138  138 A K  T 3  S-     0   0   99     -2,-0.4   -49,-0.2     1,-0.3     3,-0.1   0.901 130.3 -48.7  48.8  49.5   17.4   -1.8    5.4               
  139  139 A G  T 3  S+     0   0   62      1,-0.1     2,-0.4   -52,-0.1    -1,-0.3   0.513 122.1  97.3  72.7   8.5   20.6   -3.6    4.1               
  140  140 A K  E <  S-H  137   0D  80     -3,-1.4    -3,-3.0    -5,-0.1     2,-0.6  -0.991  71.9-128.1-124.0 140.6   19.2   -4.3    0.6               
  141  141 A R  E     -H  136   0D 172     -2,-0.4    -5,-0.3    -5,-0.3     2,-0.2  -0.763  29.8-140.2 -81.4 116.2   19.8   -2.3   -2.7               
  142  142 A I        -     0   0    3     -7,-2.6    -8,-2.4    -2,-0.6     2,-0.5  -0.552   2.7-140.4 -75.8 139.8   16.4   -1.6   -4.2               
  143  143 A N  E     -F   84   0C  54    -59,-2.3   -59,-2.5    -2,-0.2     2,-0.5  -0.900  20.1-165.4 -94.5 130.2   15.9   -1.9   -8.0               
  144  144 A V  E     +F   83   0C   0     -2,-0.5     2,-0.3   -61,-0.2   -61,-0.2  -0.973  18.9 152.5-127.0 119.2   13.6    0.9   -9.3               
  145  145 A E  E     -F   82   0C  94    -63,-2.6   -63,-3.0    -2,-0.5     2,-0.3  -0.916  51.1 -87.6-139.8 158.8   12.0    0.8  -12.8               
  146  146 A L  E     -F   81   0C  84     -2,-0.3     2,-1.1   -65,-0.2   -65,-0.3  -0.570  53.2-112.9 -66.5 130.4    9.0    2.0  -14.8               
  147  147 A S     >  -     0   0   13    -67,-2.7     4,-0.6    -2,-0.3   -67,-0.2  -0.518  29.8-173.1 -75.7 101.3    6.3   -0.6  -14.4               
  148  148 A T  T  4 S+     0   0  138     -2,-1.1     2,-0.6     1,-0.2    -1,-0.2   0.613  78.3  68.0 -62.2 -13.3    5.8   -2.3  -17.8               
  149  149 A K  T  4 S+     0   0  166      1,-0.1    -1,-0.2   -69,-0.1     3,-0.1  -0.700  94.0  46.3-114.0  75.4    2.7   -4.1  -16.1               
  150  150 A G  T  4 S+     0   0   47     -2,-0.6     2,-1.9    -3,-0.1    -2,-0.1   0.238  71.2 102.8-179.5 -32.6    0.1   -1.4  -15.5               
  151  151 A Q     <  -     0   0  140     -4,-0.6     2,-1.9   -71,-0.1    -1,-0.1  -0.518  42.2-173.9 -71.8  86.8   -0.4    0.9  -18.4               
  152  152 A K        -     0   0  206     -2,-1.9     2,-0.3    -3,-0.1    -1,-0.1  -0.726  22.3-151.0 -61.6  82.8   -3.6   -0.3  -19.9               
  153  153 A K        -     0   0  136     -2,-1.9     3,-0.1     1,-0.1     4,-0.0  -0.567  25.8-110.6 -49.9 119.8   -3.0    2.2  -22.7               
  154  154 A G        -     0   0   49     -2,-0.3     2,-1.3     1,-0.2    -1,-0.1  -0.253  44.7 -80.5 -53.3 154.2   -6.7    2.9  -23.7               
  155  155 A P  S    S+     0   0  152      0, 0.0     2,-0.2     0, 0.0    -1,-0.2  -0.481  98.6 112.6 -62.5  92.5   -7.7    1.5  -27.1               
  156  156 A G        -     0   0   44     -2,-1.3    -2,-0.1    -3,-0.1     0, 0.0  -0.694  68.8 -14.4-179.3 106.9   -6.0    4.4  -28.9               
  157  157 A L        -     0   0  140     -2,-0.2     2,-2.0     1,-0.2    -3,-0.0   0.957  38.3-159.2  53.9  84.6   -2.9    4.8  -31.1               
  158  158 A A        -     0   0   95      2,-0.0     2,-0.5     3,-0.0    -1,-0.2  -0.596  23.4-171.2 -67.6  74.8   -0.4    2.0  -31.4               
  159  159 A V        -     0   0  112     -2,-2.0     2,-0.5     1,-0.0     0, 0.0  -0.713  24.1-124.1 -68.8 121.3    2.2    4.5  -32.7               
  160  160 A Q        -     0   0  182     -2,-0.5     2,-0.7     2,-0.1    -1,-0.0  -0.609  27.9-173.5 -72.4 120.4    5.1    2.2  -33.7               
  161  161 A S        +     0   0  125     -2,-0.5     2,-0.9     2,-0.0    -1,-0.1  -0.842  24.8 170.2-102.9  80.8    8.5    2.8  -32.2               
  162  162 A G        +     0   0   70     -2,-0.7     2,-1.6     1,-0.0    -2,-0.1  -0.715  13.6 177.3 -96.0  80.7    9.9    0.2  -34.5               
  163  163 A D        +     0   0  145     -2,-0.9    -2,-0.0     1,-0.1    -1,-0.0  -0.630  43.7 110.1 -84.6  76.7   13.7    0.4  -34.2               
  164  164 A K        -     0   0  192     -2,-1.6     2,-2.3     2,-0.0    -1,-0.1  -0.486  43.7-173.8-144.3  80.7   14.6   -2.5  -36.6               
  165  165 A T        +     0   0  144      2,-0.0     2,-0.6     1,-0.0    -2,-0.1  -0.484  25.3 156.1 -63.7  74.2   16.2   -1.1  -39.7               
  166  166 A K        -     0   0  192     -2,-2.3     3,-0.1     3,-0.0    -2,-0.0  -0.948  41.4-128.4-106.7 109.7   16.2   -4.6  -41.4               
  167  167 A K        -     0   0  192     -2,-0.6     2,-0.7     1,-0.1    -2,-0.0  -0.238  23.2-108.6 -46.1 138.0   16.3   -4.1  -45.3               
  168  168 A P        -     0   0  135      0, 0.0     2,-0.6     0, 0.0    -1,-0.1  -0.664  37.8-145.4 -64.5 109.7   13.7   -6.0  -47.3               
  169  169 A G        -     0   0   71     -2,-0.7     2,-0.1    -3,-0.1    -3,-0.0  -0.801  12.4-125.4 -75.4 120.5   15.9   -8.6  -48.9               
  170  170 A A        +     0   0  101     -2,-0.6     2,-0.0     1,-0.1    -1,-0.0  -0.443  36.5 172.6 -56.8 140.0   14.7   -9.4  -52.4               
  171  171 A G        -     0   0   62     -2,-0.1     2,-0.1    -3,-0.0    -1,-0.1  -0.475  22.2-147.2-162.9  68.0   14.2  -13.2  -52.5               
  172  172 A D        -     0   0  155      1,-0.1     2,-0.9    -2,-0.0    -2,-0.0  -0.254   4.1-158.3 -50.6 116.8   12.5  -14.3  -55.7               
  173  173 A T        +     0   0  146     -2,-0.1     2,-0.7     2,-0.0    -1,-0.1  -0.661  22.0 172.8 -99.0  72.7   10.3  -17.4  -55.2               
  174  174 A A        +     0   0   79     -2,-0.9    -2,-0.0     2,-0.0     0, 0.0  -0.824  23.5 117.3 -75.6 116.6   10.2  -18.7  -58.7               
  175  175 A F        -     0   0  210     -2,-0.7     2,-0.1     0, 0.0    -2,-0.0  -0.638  55.9-109.8-170.5 152.1    8.5  -22.1  -59.0               
  176  176 A P        +     0   0  127      0, 0.0    -2,-0.0     0, 0.0     0, 0.0  -0.382  31.2 173.7-116.6 158.7    5.4  -22.5  -61.0               
  177  177 A G        -     0   0   71     -2,-0.1     0, 0.0     2,-0.1     0, 0.0  -0.326  33.8-122.6-164.6  69.6    1.6  -23.2  -61.1               
  178  178 A T        +     0   0  154      0, 0.0     2,-0.0     0, 0.0     0, 0.0   0.635  44.5  99.5  38.2 119.5   -0.6  -23.1  -64.2               
  179  179 A G        -     0   0   73      0, 0.0    -2,-0.1     0, 0.0     0, 0.0   0.254  35.8 -92.7 119.5 109.9   -3.7  -21.1  -65.4               
  180  180 A G        +     0   0   58     -2,-0.0     2,-0.0     2,-0.0     0, 0.0   0.734  34.3 110.6  74.0 122.6   -5.2  -18.5  -67.1               
  181  181 A F        -     0   0  217      0, 0.0     2,-0.3     0, 0.0     0, 0.0   0.538  27.1-143.2-153.8 175.1   -6.7  -15.7  -68.1               
  182  182 A S        +     0   0  111      2,-0.0     2,-0.1    -2,-0.0    -2,-0.0  -0.685  24.9 140.8-105.2 142.7   -6.1  -12.7  -70.5               
  183  183 A A        -     0   0   93     -2,-0.3     2,-0.2     2,-0.0     0, 0.0  -0.136  19.6-170.5 173.4 111.9   -6.5   -8.9  -71.0               
  184  184 A T        +     0   0  109     -2,-0.1     2,-0.1     0, 0.0    -2,-0.0  -0.250  12.3 166.4  72.4  94.7   -4.4   -6.6  -72.4               
  185  185 A F        -     0   0  208     -2,-0.2     2,-0.0     2,-0.0    -2,-0.0  -0.222  16.4-178.5 175.7 107.1   -4.4   -2.7  -72.7               
  186  186 A D        +     0   0  120     -2,-0.1     0, 0.0     0, 0.0     0, 0.0   0.667  17.8 151.4  83.3 153.5   -1.6   -0.8  -73.6               
  187  187 A Y        -     0   0  198     -2,-0.0     2,-0.1     0, 0.0    -2,-0.0   0.877  18.2-168.4  67.1 100.9   -0.3    2.8  -74.2               
  188  188 A Q        +     0   0  134      0, 0.0     0, 0.0     0, 0.0     0, 0.0   0.340  16.9 124.1  69.3 134.6    2.8    4.1  -73.9               
  189  189 A Q        +     0   0  171     -2,-0.1     0, 0.0     2,-0.0     0, 0.0   0.679  26.0  40.8  69.5 140.4    4.4    7.5  -73.8               
  190  190 A A        +     0   0   94      0, 0.0     2,-0.6     0, 0.0     0, 0.0   0.599  20.5 146.7-143.5 141.6    6.2    9.9  -72.7               
  191  191 A F        -     0   0  225      2,-0.0     2,-0.4     0, 0.0    -2,-0.0  -0.960  29.7-174.6-101.1 116.7    9.5   10.6  -70.9               
  192  192 A G        -     0   0   69     -2,-0.6     2,-0.0     2,-0.0     0, 0.0  -0.979  15.2-130.0-127.0 108.1   11.0   14.0  -71.9               
  193  193 A N        -     0   0  144     -2,-0.4     2,-0.1     0, 0.0    -2,-0.0   0.171  15.8-163.9  68.5  99.5   14.1   15.1  -71.0               
  194  194 A S        -     0   0  113      2,-0.1    -2,-0.0    -2,-0.0     0, 0.0  -0.601  35.5-116.9-149.4  85.8   15.6   18.3  -69.5               
  195  195 A T        +     0   0  131     -2,-0.1     0, 0.0     2,-0.0     0, 0.0   0.639  40.5 143.9  42.1 122.5   19.3   18.7  -69.7               
  196  196 A G        -     0   0   86      2,-0.0     2,-0.1     0, 0.0    -2,-0.1   0.325  18.2-173.9 127.6 113.0   22.4   19.0  -67.3               
  197  197 A G        +     0   0   75      0, 0.0     2,-0.3     0, 0.0    -2,-0.0  -0.590  17.1 150.1 124.5  66.7   25.3   17.9  -67.5               
  198  198 A F        -     0   0  200     -2,-0.1    -2,-0.0     0, 0.0     0, 0.0  -0.899  39.5 -62.5-157.7 148.5   28.7   17.5  -65.7               
  199  199 A D        -     0   0  143     -2,-0.3     2,-0.1     1,-0.2     0, 0.0   0.102  33.4-121.3 -48.0 157.8   31.7   15.1  -65.7               
  200  200 A G        +     0   0   68      0, 0.0     2,-0.2     0, 0.0    -1,-0.2  -0.177  25.5 158.5 132.6  85.7   32.9   12.3  -65.2               
  201  201 A Q        -     0   0  202     -2,-0.1     2,-0.1     2,-0.0     0, 0.0  -0.691  32.4-130.5-167.5 136.2   35.1    9.4  -63.8               
  202  202 A A        -     0   0   91     -2,-0.2     2,-0.5     1,-0.0     0, 0.0  -0.430   2.9-148.3 -78.8 148.7   34.5    5.7  -63.7               
  203  203 A R        -     0   0  246     -2,-0.1    -2,-0.0     0, 0.0    -1,-0.0  -0.984  26.3-132.4-111.1 124.2   34.9    3.1  -60.8               
  204  204 A Q        -     0   0  168     -2,-0.5     2,-0.5     1,-0.1     0, 0.0  -0.364  16.3-115.6 -68.1 146.9   36.0   -0.3  -62.0               
  205  205 A P        -     0   0  115      0, 0.0    -1,-0.1     0, 0.0     0, 0.0  -0.737  25.6-144.3 -82.7 128.5   34.2   -3.6  -60.9               
  206  206 A T        -     0   0  133     -2,-0.5     0, 0.0     1,-0.0     0, 0.0  -0.787  15.9-129.5 -91.0 134.7   36.5   -5.9  -58.8               
  207  207 A P        -     0   0  111      0, 0.0     2,-0.4     0, 0.0    -1,-0.0  -0.441  24.1-104.5 -81.9 157.1   36.0   -9.7  -59.3               
  208  208 A P        -     0   0  126      0, 0.0     2,-0.4     0, 0.0     0, 0.0  -0.646  37.5-175.2 -84.0 133.5   35.5  -12.3  -56.4               
  209  209 A F        -     0   0  184     -2,-0.4     0, 0.0     1,-0.1     0, 0.0  -0.944  25.1 -68.2-138.8 117.7   38.4  -14.6  -55.4               
  210  210 A F        -     0   0  180     -2,-0.4    -1,-0.1     1,-0.0     0, 0.0   0.670  47.7 -53.7  32.8 112.3   38.7  -17.4  -52.9               
  211  211 A G        +     0   0   71      1,-0.1    -1,-0.0     0, 0.0     0, 0.0   0.812  16.2 176.6  69.1 105.0   38.7  -18.6  -49.6               
  212  212 A R        +     0   0  250      0, 0.0     2,-0.9     0, 0.0    -1,-0.1  -0.239  17.8 164.4-153.2  70.5   40.1  -18.3  -46.1               
  213  213 A D        +     0   0  160      1,-0.0     2,-0.1     0, 0.0     0, 0.0  -0.715  12.5 161.2 -66.6 105.8   38.4  -20.6  -43.6               
  214  214 A R        -     0   0  232     -2,-0.9    -1,-0.0     1,-0.2     0, 0.0  -0.594  31.9-113.9-145.1  84.9   40.7  -20.8  -40.6               
  215  215 A S        -     0   0  105     -2,-0.1     2,-0.2     1,-0.0    -1,-0.2   0.926  29.5 -16.4  89.0 169.1   39.2  -21.9  -37.7               
  216  216 A P        +     0   0  110      0, 0.0     2,-0.3     0, 0.0     3,-0.0  -0.605  16.0 132.4-142.9 135.7   37.9  -22.3  -34.5               
  217  217 A L        +     0   0  168     -2,-0.2     0, 0.0     1,-0.1     0, 0.0  -0.940  59.5  21.7-158.3 145.4   36.7  -22.1  -30.8               
  218  218 A R        +     0   0  234     -2,-0.3     2,-0.4     1,-0.3    -1,-0.1   0.872  41.0 156.6  72.1  60.5   33.7  -22.2  -28.4               
  219  219 A R        -     0   0  248     -3,-0.0    -1,-0.3     0, 0.0     0, 0.0  -0.819  42.1-132.3 -71.3 137.7   30.6  -24.0  -29.5               
  220  220 A S        -     0   0  112     -2,-0.4     0, 0.0     0, 0.0     0, 0.0  -0.787  19.6-126.2 -84.5 136.9   28.8  -25.0  -26.3               
  221  221 A P        -     0   0  123      0, 0.0     2,-0.2     0, 0.0     0, 0.0  -0.747  15.2-139.7 -86.0 130.1   27.6  -28.6  -26.3               
  222  222 A P        -     0   0  130      0, 0.0     2,-0.5     0, 0.0     0, 0.0  -0.548  28.7-106.1 -79.6 156.5   23.9  -29.5  -25.5               
  223  223 A R        +     0   0  249     -2,-0.2     2,-0.2     0, 0.0     0, 0.0  -0.786  44.0 156.0 -97.7 120.1   23.2  -32.5  -23.3               
  224  224 A A        -     0   0   89     -2,-0.5     0, 0.0     1,-0.0     0, 0.0  -0.814  21.8-111.5-164.9 150.3   21.8  -35.9  -24.3               
  225  225 A S        +     0   0  102     -2,-0.2    -1,-0.0     0, 0.0     0, 0.0   0.613  32.6  59.1 176.2 148.2   21.8  -39.1  -23.2               
  226  226 A Y        +     0   0  222      0, 0.0    -2,-0.0     0, 0.0     0, 0.0   0.724  44.3  38.5  82.6 138.2   22.2  -42.8  -22.3               
  227  227 A V        +     0   0  135      1,-0.1     0, 0.0     0, 0.0     0, 0.0   0.967  31.7 167.6  69.8 117.7   24.2  -46.0  -21.5               
  228  228 A A        -     0   0   85      0, 0.0     2,-0.2     0, 0.0    -1,-0.1  -0.760   8.2-169.2-104.9 166.2   27.2  -47.1  -19.5               
  229  229 A P        -     0   0  115      0, 0.0     0, 0.0     0, 0.0     0, 0.0  -0.784  22.5 -86.9-144.5 174.0   28.8  -50.0  -18.3               
  230  230 A L        +     0   0  156     -2,-0.2     2,-0.0     0, 0.0     0, 0.0   0.259  35.0 135.3 -14.7 142.4   31.6  -51.1  -15.9               
  231  231 A T        -     0   0  133      0, 0.0     0, 0.0     0, 0.0     0, 0.0   0.289  38.4 -49.3-166.5 152.8   34.8  -51.7  -15.2               
  232  232 A A        -     0   0   92     -2,-0.0     0, 0.0     0, 0.0     0, 0.0   0.940  36.3-115.9  58.5 102.7   37.7  -51.2  -12.7               
  233  233 A Q        +     0   0  177      2,-0.0     0, 0.0     0, 0.0     0, 0.0   0.471  26.3 122.2  16.7 159.4   39.8  -49.0  -10.5               
  234  234 A P        -     0   0  112      0, 0.0     0, 0.0     0, 0.0     0, 0.0   0.633  21.0-138.3-136.6 178.5   42.3  -47.4   -9.3               
  235  235 A A        +     0   0   88      1,-0.0     2,-0.2     0, 0.0    -2,-0.0   0.310  10.3 176.0 -21.6 147.6   44.1  -44.2   -8.2               
  236  236 A T        -     0   0  145      2,-0.0     2,-0.2     0, 0.0    -1,-0.0  -0.754  26.0-137.5-155.0 138.9   47.3  -42.3   -8.2               
  237  237 A Y        +     0   0  223     -2,-0.2     2,-0.2     2,-0.0     0, 0.0  -0.495  27.0 160.9 -70.2 144.5   47.8  -38.7   -6.8               
  238  238 A R        -     0   0  243     -2,-0.2     2,-0.1     2,-0.0    -2,-0.0  -0.659  17.6-163.7-155.4 123.0   49.7  -35.7   -8.0               
  239  239 A A        -     0   0   86     -2,-0.2    -2,-0.0     0, 0.0     0, 0.0  -0.486   9.9-145.5 -84.6 158.9   49.0  -32.2   -6.8               
  240  240 A Q        -     0   0  181     -2,-0.1     2,-0.1     0, 0.0    -2,-0.0  -0.968  29.1-120.8-122.2 139.1   50.1  -28.8   -8.3               
  241  241 A P        -     0   0  109      0, 0.0     2,-0.4     0, 0.0     0, 0.0  -0.416   8.7-115.0 -91.6 158.0   50.8  -25.9   -5.9               
  242  242 A S        -     0   0  111     -2,-0.1     2,-0.6     2,-0.0     0, 0.0  -0.707  27.3-147.2 -76.4 132.8   49.6  -22.3   -5.2               
  243  243 A V        -     0   0  140     -2,-0.4     2,-0.4     2,-0.0    -1,-0.0  -0.926  13.6-165.1-105.6 118.0   52.2  -19.6   -5.9               
  244  244 A S        +     0   0  113     -2,-0.6     2,-0.4     2,-0.0    -2,-0.0  -0.870  12.5 179.8 -99.6 133.7   52.0  -16.5   -3.6               
  245  245 A L        -     0   0  183     -2,-0.4     2,-0.3     2,-0.0    -2,-0.0  -0.975  18.5-175.8-129.7 114.0   53.7  -13.2   -4.3               
  246  246 A G        -     0   0   77     -2,-0.4     2,-0.3     0, 0.0    -2,-0.0  -0.744  11.6-176.8-106.8 158.0   53.0  -10.6   -1.6               
  247  247 A A        -     0   0   99     -2,-0.3    -2,-0.0     1,-0.1     0, 0.0  -0.899  42.2 -18.3-154.1 136.1   53.8   -6.9   -1.0               
  248  248 A A        -     0   0   97     -2,-0.3     2,-0.3     1,-0.1    -1,-0.1   0.923  39.0-145.6  55.3  97.8   53.3   -4.3    1.7               
  249  249 A Y        -     0   0  238      2,-0.0     2,-0.3     0, 0.0    -1,-0.1  -0.612  19.3-178.3 -65.5 135.6   50.9   -4.0    4.7               
  250  250 A R        -     0   0  231     -2,-0.3     2,-0.1     2,-0.0     0, 0.0  -0.883  15.5-146.0-137.8 115.2   49.8   -0.4    5.5               
  251  251 A A        -     0   0   92     -2,-0.3    -2,-0.0     0, 0.0     0, 0.0  -0.404   6.9-159.8 -66.1 146.3   47.5    0.1    8.4               
  252  252 A Q        -     0   0  162     -2,-0.1     2,-0.1     0, 0.0    -2,-0.0  -0.975  30.5-103.7-125.8 142.5   44.8    2.8    8.4               
  253  253 A P        -     0   0  109      0, 0.0     2,-0.5     0, 0.0     0, 0.0  -0.283  20.3-111.4 -78.5 151.1   43.4    4.0   11.8               
  254  254 A S        -     0   0  122     -2,-0.1     2,-0.6     1,-0.0     0, 0.0  -0.631  28.6-163.6 -65.5 119.9   40.2    3.3   13.7               
  255  255 A A        -     0   0   94     -2,-0.5    -1,-0.0     2,-0.0     2,-0.0  -0.920  19.1-138.5-111.5  98.5   38.1    6.5   13.8               
  256  256 A S        +     0   0  108     -2,-0.6     2,-0.1     1,-0.0    -2,-0.0  -0.219  28.1 169.6 -43.3 133.6   35.5    6.0   16.5               
  257  257 A L        -     0   0  178     -2,-0.0    -2,-0.0     0, 0.0    -1,-0.0  -0.474  46.5 -66.6-157.3  94.6   31.8    7.1   16.2               
  258  258 A G        -     0   0   76      1,-0.2     2,-1.1    -2,-0.1    -2,-0.0   0.732  29.7-177.8  69.4  65.7   29.1    6.1   18.6               
  259  259 A V        -     0   0  127      2,-0.1     2,-1.0     1,-0.0    -1,-0.2  -0.799  26.5-170.0 -82.5  98.4   27.6    2.7   19.4               
  260  260 A G        +     0   0   75     -2,-1.1     2,-0.8     2,-0.1    -1,-0.0  -0.676  13.2 178.1 -96.9  80.9   25.0    4.1   22.0               
  261  261 A Y        -     0   0  206     -2,-1.0     2,-1.0     1,-0.1    -2,-0.1  -0.737  14.4-160.2 -72.5 110.2   23.3    1.2   23.8               
  262  262 A R        +     0   0  247     -2,-0.8     2,-0.2     2,-0.0    -1,-0.1  -0.699  15.1 176.7 -95.9  82.0   21.0    3.0   26.3               
  263  263 A T        -     0   0  118     -2,-1.0    -2,-0.0     1,-0.1     0, 0.0  -0.602  33.3-111.4 -69.4 141.9   20.3    0.4   29.0               
  264  264 A Q        -     0   0  185     -2,-0.2     2,-0.5     2,-0.0    -1,-0.1  -0.595  21.9-152.5 -72.1 139.6   18.2    1.8   31.9               
  265  265 A P        -     0   0  118      0, 0.0     2,-0.5     0, 0.0    -1,-0.0  -0.975   7.5-156.3-104.8 121.7   19.6    2.2   35.4               
  266  266 A M        +     0   0  179     -2,-0.5     2,-0.2     2,-0.0    -2,-0.0  -0.863  34.1 133.8 -77.6 125.7   17.1    2.0   38.2               
  267  267 A T        -     0   0  146     -2,-0.5     2,-0.2     2,-0.0     0, 0.0  -0.827  36.8-130.5-166.1 153.2   18.1    3.7   41.5               
  268  268 A A        +     0   0   89     -2,-0.2     2,-0.1     0, 0.0    -2,-0.0  -0.553  24.0 158.6 -98.3 157.1   16.2    6.1   43.9               
  269  269 A Q        -     0   0  187     -2,-0.2    -2,-0.0     0, 0.0     0, 0.0  -0.309  23.3-118.3 176.2 119.9   16.2    9.4   45.8               
  270  270 A A        +     0   0   97     -2,-0.1     0, 0.0     0, 0.0     0, 0.0   0.488  25.1 105.4  63.8 127.0   14.0   11.6   47.3               
  271  271 A A        -     0   0   84      0, 0.0     0, 0.0     0, 0.0     0, 0.0   0.758  21.4 -58.1-162.8 168.4   12.4   14.2   48.1               
  272  272 A S        +     0   0   88      0, 0.0     2,-0.0     0, 0.0     0, 0.0   0.823  26.5 113.8  61.8 133.2    9.7   17.0   48.7               
  273  273 A Y        -     0   0  210      0, 0.0     0, 0.0     0, 0.0     0, 0.0   0.644  44.7 -34.6-160.1 171.2    7.3   19.3   48.1               
  274  274 A R        -     0   0  222     -2,-0.0     0, 0.0     0, 0.0     0, 0.0   0.435  37.6 -20.8-169.9 133.6    4.0   19.8   48.7               
  275  275 A A        +     0   0   84      0, 0.0     0, 0.0     0, 0.0     0, 0.0   0.719  30.4  38.1  70.1 150.5    0.2   19.5   49.2               
  276  276 A Q        +     0   0  177      0, 0.0     0, 0.0     0, 0.0     0, 0.0   0.931  30.0  62.0-169.8-178.6   -3.1   18.5   49.2               
  277  277 A P        -     0   0   89      0, 0.0     0, 0.0     0, 0.0     0, 0.0   0.551  14.5-141.3-141.5-178.6   -5.7   16.3   49.3               
  278  278 A S        +     0   0  105      0, 0.0     0, 0.0     0, 0.0     0, 0.0   0.739  22.7  89.9  69.3 145.9   -8.6   13.7   49.8               
  279  279 A V        +     0   0  131      0, 0.0     0, 0.0     0, 0.0     0, 0.0   0.845  35.0 133.7-156.1 173.1  -11.0   11.4   49.7               
  280  280 A S        -     0   0   94      2,-0.0     0, 0.0     0, 0.0     0, 0.0   0.702  21.4-163.1-178.9 171.7  -11.5    8.0   50.2               
  281  281 A L        -     0   0  179      1,-0.1     2,-0.1     0, 0.0     0, 0.0   0.751  27.5 -51.2  74.9 135.4  -12.6    4.4   51.2               
  282  282 A G        -     0   0   68      1,-0.0    -1,-0.1     2,-0.0    -2,-0.0  -0.901  10.5-156.1 171.3  31.8  -12.2    1.4   51.7               
  283  283 A A        -     0   0  104     -2,-0.1     2,-0.1     2,-0.0    -1,-0.0   0.545  26.5-111.0  60.7 171.3  -11.3   -2.4   51.1               
  284  284 A P        -     0   0  111      0, 0.0     2,-0.2     0, 0.0    -2,-0.0  -0.365   9.2-109.7-130.5-172.0  -12.1   -6.0   52.3               
  285  285 A Y        -     0   0  233     -2,-0.1     2,-0.3     2,-0.0    -2,-0.0  -0.893  32.5-116.7-146.9-178.4  -11.4   -9.4   54.0               
  286  286 A R        +     0   0  238     -2,-0.2     2,-0.0     2,-0.0     0, 0.0  -0.841  27.0 100.1-136.2 146.2  -10.8  -13.0   53.0               
  287  287 A G        +     0   0   69     -2,-0.3    -2,-0.0     0, 0.0     0, 0.0   0.064  16.9  43.0 102.9 153.2  -11.5  -16.8   52.7               
  288  288 A Q        -     0   0  177     -2,-0.0    -2,-0.0     0, 0.0     0, 0.0   0.714  26.4 -81.1-164.7 158.5  -12.3  -19.7   51.9               
  289  289 A L        +     0   0  155      0, 0.0     0, 0.0     0, 0.0     0, 0.0   0.877  38.6  55.8  73.1 137.9  -12.9  -23.1   50.0               
  290  290 A A        -     0   0   98      2,-0.0     0, 0.0     0, 0.0     0, 0.0   0.851  33.4-137.6  85.5 128.2  -14.7  -25.5   47.7               
  291  291 A S        -     0   0  114      1,-0.1     0, 0.0     2,-0.0     0, 0.0  -0.448  21.0-103.5-114.2-169.0  -16.1  -26.2   44.2               
  292  292 A P        +     0   0  115      0, 0.0    -1,-0.1     0, 0.0    -2,-0.0   0.797  25.2 111.4-130.4-166.8  -18.7  -27.5   42.3               
  293  293 A S        +     0   0  102      0, 0.0    -2,-0.0     0, 0.0     0, 0.0   0.662  21.4  86.3  95.2 142.6  -21.4  -29.2   40.1               
  294  294 A S        -     0   0   95      0, 0.0     0, 0.0     0, 0.0     0, 0.0   0.983  30.9 -82.8  93.6 104.5  -24.6  -30.8   39.0               
  295  295 A Q        +     0   0  174      0, 0.0     0, 0.0     0, 0.0     0, 0.0   0.964  25.4 100.9  80.1 138.6  -28.1  -31.0   37.9               
  296  296 A S        -     0   0  118      0, 0.0     2,-0.0     0, 0.0     0, 0.0   0.681  13.6-156.3  68.5 152.8  -31.9  -31.0   37.8               
  297  297 A A        +     0   0   89      0, 0.0     0, 0.0     0, 0.0     0, 0.0   0.730   8.8 151.8 171.9 170.9  -35.1  -30.1   37.5               
  298  298 A A        +     0   0  106     -2,-0.0     0, 0.0     0, 0.0     0, 0.0   0.437  24.4  70.4  69.5 151.4  -39.0  -29.9   37.7               
  299  299 A A        +     0   0   83      1,-0.1     0, 0.0     0, 0.0     0, 0.0   0.711  15.3 176.6-149.9 132.4  -41.9  -28.4   37.7               
  300  300 A S        +     0   0  114      0, 0.0    -1,-0.1     0, 0.0     2,-0.1   0.342  16.8 152.2  55.8 120.9  -44.5  -26.9   35.9               
  301  301 A S        -     0   0  113      0, 0.0     0, 0.0     0, 0.0     0, 0.0   0.072  28.3  -3.9 117.7 138.1  -48.0  -25.4   36.7               
  302  302 A L        +     0   0  170      1,-0.2     0, 0.0    -2,-0.1     0, 0.0   0.721  31.7 140.5-154.7 147.5  -50.3  -23.3   35.9               
  303  303 A G        +     0   0   60      0, 0.0    -1,-0.2     0, 0.0     2,-0.0  -0.278   8.2 141.1 -91.5-155.8  -52.1  -20.4   34.0               
  304  304 A P        -     0   0  111      0, 0.0     0, 0.0     0, 0.0     0, 0.0   0.584  23.6 -35.4-143.4-165.2  -54.4  -18.8   32.6               
  305  305 A Y        +     0   0  236     -2,-0.0     0, 0.0     0, 0.0     0, 0.0   0.786  40.8  95.6  76.4 143.3  -56.9  -16.0   31.4               
  306  306 A G        -     0   0   81      1,-0.0     2,-0.3     0, 0.0     0, 0.0   0.757  27.5-172.8 115.2  99.7  -58.8  -12.8   31.9               
  307  307 A G        +     0   0   81      0, 0.0     2,-0.3     0, 0.0    -1,-0.0  -0.741   8.5 164.7-102.7 156.8  -58.1   -9.1   31.0               
  308  308 A A        -     0   0  102     -2,-0.3     0, 0.0     2,-0.0     0, 0.0  -0.910  19.6-138.8-159.0 147.6  -59.8   -5.7   31.8               
  309  309 A Q        -     0   0  171     -2,-0.3     2,-0.1     2,-0.0     0, 0.0  -0.344   8.1-168.1 -65.2 164.1  -58.9   -2.0   31.5               
  310  310 A P        -     0   0  125      0, 0.0     2,-0.4     0, 0.0    -2,-0.0  -0.606   3.9-170.3-140.9 147.5  -59.4    0.8   33.5               
  311  311 A S        -     0   0  100     -2,-0.1     2,-0.4     2,-0.0    -2,-0.0  -0.833  16.6-161.5 -82.1 138.7  -58.9    4.5   32.5               
  312  312 A A        -     0   0  102     -2,-0.4     2,-0.2     2,-0.0     0, 0.0  -0.995   9.6-178.5-127.2 130.8  -59.1    6.9   35.5               
  313  313 A S        +     0   0  115     -2,-0.4    -2,-0.0     0, 0.0     0, 0.0  -0.620  17.6 100.8-109.9 177.6  -59.7   10.6   35.2               
  314  314 A A        +     0   0   93     -2,-0.2    -2,-0.0     2,-0.0     0, 0.0   0.380  22.3  64.5  79.4 148.2  -60.0   13.6   37.7               
  315  315 A L        -     0   0  157      0, 0.0     0, 0.0     0, 0.0     0, 0.0   0.737  33.4  -6.4-156.7 162.3  -59.2   16.2   39.3               
  316  316 A S        -     0   0  106      0, 0.0     2,-0.0     0, 0.0    -2,-0.0   0.651  23.4-136.1  74.7 155.9  -58.2   19.8   40.2               
  317  317 A S        +     0   0   91      2,-0.0     0, 0.0     0, 0.0     0, 0.0   0.463  18.3 108.3-176.2 154.9  -57.3   22.9   39.9               
  318  318 A Y        -     0   0  229     -2,-0.0     2,-0.1     0, 0.0     0, 0.0   0.615  18.9-145.9  60.9 144.5  -55.9   26.6   40.0               
  319  319 A G        +     0   0   79      2,-0.0     2,-0.0     0, 0.0    -2,-0.0   0.168  15.7 159.0 138.3 121.1  -54.2   29.0   38.8               
  320  320 A G        -     0   0   84     -2,-0.1     2,-0.3     0, 0.0     0, 0.0   0.020  12.4-158.6 143.0 121.1  -52.0   32.2   38.7               
  321  321 A Q        +     0   0  199      2,-0.0     2,-0.2    -2,-0.0    -2,-0.0  -0.810  26.7 142.9 -90.7 150.3  -49.5   34.3   36.7               
  322  322 A A        -     0   0  111     -2,-0.3     2,-0.3     2,-0.0     0, 0.0  -0.702  25.2-154.5-173.9 156.1  -46.9   36.8   37.9               
  323  323 A A        -     0   0  104     -2,-0.2     2,-0.2     0, 0.0    -2,-0.0  -0.917  13.8-171.7-119.2 147.6  -43.4   38.0   37.2               
  324  324 A A        +     0   0  103     -2,-0.3    -2,-0.0     1,-0.1     0, 0.0  -0.806  15.2  68.6-174.9 150.9  -40.6   39.7   39.3               
  325  325 A A        -     0   0   85     -2,-0.2    -1,-0.1     0, 0.0     0, 0.0   0.749  28.0-117.8-165.6 164.3  -37.7   41.1   39.2               
  326  326 A S        +     0   0  110      2,-0.0     2,-0.1     0, 0.0    -2,-0.0   0.816  18.1 127.7  45.1 121.2  -34.4   43.2   38.9               
  327  327 A S        -     0   0  106      1,-0.0     2,-0.0     0, 0.0     0, 0.0   0.225  35.3 -25.4-162.3-175.7  -31.4   43.9   37.9               
  328  328 A L        -     0   0  155     -2,-0.1     2,-0.1     0, 0.0    -1,-0.0   0.663  30.2-101.5-151.9-161.8  -29.3   46.1   36.5               
  329  329 A N        +     0   0  129      1,-0.0     0, 0.0     2,-0.0     0, 0.0  -0.273  28.9 109.4 -81.0 164.7  -27.8   49.0   34.4               
  330  330 A S        -     0   0  108     -2,-0.1    -1,-0.0     0, 0.0     0, 0.0   0.447  28.4-144.6-157.0 153.8  -26.4   50.7   32.0               
  331  331 A Y        +     0   0  208      1,-0.0    -2,-0.0     2,-0.0     0, 0.0   0.040  17.2 150.5 -38.6 158.1  -27.1   53.1   29.0               
  332  332 A G        -     0   0   75      0, 0.0    -1,-0.0     0, 0.0     0, 0.0   0.902  16.4 -43.6 169.0-177.0  -26.4   54.1   25.9               
  333  333 A A        -     0   0   91      0, 0.0    -2,-0.0     0, 0.0     0, 0.0   0.858  12.0-103.2-163.3 179.2  -27.0   55.4   22.9               
  334  334 A Q        +     0   0  197      0, 0.0     0, 0.0     0, 0.0     0, 0.0   0.559  17.0 170.3  11.7 142.6  -28.1   56.7   19.4               
  335  335 A G        -     0   0   64      0, 0.0     0, 0.0     0, 0.0     0, 0.0   0.811  13.2-171.3 165.6 175.6  -28.0   56.8   16.2               
  336  336 A S        -     0   0  116      0, 0.0     0, 0.0     0, 0.0     0, 0.0   0.935  16.7-139.2  56.2 107.2  -28.7   57.6   12.4               
  337  337 A S        -     0   0  104      0, 0.0     2,-0.2     0, 0.0     0, 0.0   0.480  14.9-173.4  87.0 113.2  -27.9   57.1    9.1               
  338  338 A L        -     0   0  176      2,-0.0     2,-0.3     0, 0.0     0, 0.0  -0.561  11.0-167.3-168.5 151.2  -27.4   57.9    5.5               
  339  339 A A        +     0   0   93     -2,-0.2     2,-0.2     2,-0.0     0, 0.0  -0.835  10.9 164.6-104.6 153.0  -26.7   55.9    2.3               
  340  340 A S        -     0   0  124     -2,-0.3     2,-0.1     0, 0.0    -2,-0.0  -0.882  19.4-137.4-161.3 159.2  -25.5   56.9   -1.2               
  341  341 A Y        +     0   0  235     -2,-0.2    -2,-0.0     1,-0.0     0, 0.0  -0.428  29.0 125.7 -80.0 162.4  -24.1   55.2   -4.4               
  342  342 A G        -     0   0   68     -2,-0.1    -1,-0.0     0, 0.0     0, 0.0   0.664  32.7 -74.8 133.5 113.9  -21.5   55.8   -6.9               
  343  343 A N        -     0   0  168      1,-0.0     0, 0.0     0, 0.0     0, 0.0   0.947  22.8-114.6  59.0 133.4  -18.5   55.0   -9.1               
  344  344 A Q        -     0   0  165      0, 0.0     2,-0.2     0, 0.0    -1,-0.0  -0.359  18.5-172.5 -58.3 157.5  -14.8   54.6   -9.7               
  345  345 A P        -     0   0  123      0, 0.0     2,-0.2     0, 0.0     0, 0.0  -0.829  13.9-138.9-142.1 175.1  -12.5   56.4  -11.5               
  346  346 A S        +     0   0   95     -2,-0.2     0, 0.0     1,-0.2     0, 0.0  -0.573  37.3   3.2 -97.1 159.4   -8.8   55.7  -12.3               
  347  347 A S        +     0   0  103     -2,-0.2     2,-0.2     1,-0.1    -1,-0.2   0.853  30.4 162.9  52.7 107.0   -5.3   57.2  -12.6               
  348  348 A Y        -     0   0  244      2,-0.0     2,-0.1     0, 0.0    -1,-0.1  -0.678  26.2-131.5-157.0 142.7   -3.3   60.3  -12.3               
  349  349 A G        +     0   0   72     -2,-0.2     2,-0.3     2,-0.0     0, 0.0  -0.173  20.2 178.7 118.9  80.7   -0.1   60.8  -12.1               
  350  350 A A        -     0   0  106     -2,-0.1     2,-0.4     2,-0.0    -2,-0.0  -0.911   7.7-169.7-148.2 119.8    2.7   62.7  -10.2               
  351  351 A Q        +     0   0  204     -2,-0.3     2,-0.2     0, 0.0    -2,-0.0  -0.907  15.4 167.4-100.0 135.3    6.5   62.7  -10.6               
  352  352 A A        -     0   0  102     -2,-0.4    -2,-0.0     1,-0.1     0, 0.0  -0.670  21.6 -31.8 179.2 152.0    9.0   64.2   -8.1               
  353  353 A A        -     0   0   97     -2,-0.2     2,-0.1     1,-0.1    -1,-0.1   0.719  14.2-140.0-160.4 159.0   12.2   64.3   -7.5               
  354  354 A S        +     0   0  126      2,-0.0     2,-0.3     0, 0.0    -1,-0.1  -0.423  22.8 163.7 -72.1 144.8   15.9   63.4   -7.0               
  355  355 A S        -     0   0  121     -2,-0.1     2,-0.2     2,-0.0     0, 0.0  -0.864  22.6-143.6-156.7 135.3   18.4   64.2   -4.2               
  356  356 A Y        +     0   0  238     -2,-0.3     2,-0.2     2,-0.0    -2,-0.0  -0.494  21.9 168.4 -74.3 153.9   21.8   62.8   -3.3               
  357  357 A G        -     0   0   80     -2,-0.2     2,-0.4     2,-0.0    -2,-0.0  -0.613   9.5-169.4-173.1 114.6   23.2   62.2    0.3               
  358  358 A V        +     0   0  130     -2,-0.2     2,-0.1     2,-0.0    -2,-0.0  -0.857  14.6 150.7-104.0 136.8   26.2   60.3    1.6               
  359  359 A R        -     0   0  237     -2,-0.4     2,-0.1     2,-0.0    -2,-0.0  -0.385  15.6-167.3 179.0 122.6   27.4   59.3    5.2               
  360  360 A A        -     0   0   95     -2,-0.1     2,-0.2     0, 0.0    -2,-0.0   0.096   9.1-171.7  79.0 110.6   29.2   56.8    6.6               
  361  361 A A        +     0   0  108     -2,-0.1     2,-0.3     2,-0.0    -2,-0.0  -0.797  17.5 174.2-161.8 141.0   30.0   55.3   10.1               
  362  362 A A        -     0   0   98     -2,-0.2     2,-0.2     0, 0.0     0, 0.0  -0.922   9.3-164.2-138.5 159.9   32.6   52.6   10.9               
  363  363 A S        +     0   0  121     -2,-0.3    -2,-0.0     1,-0.1     0, 0.0  -0.630  27.9   3.0 176.2 147.5   34.4   50.6   13.8               
  364  364 A S        -     0   0  116     -2,-0.2     2,-0.1     1,-0.1    -1,-0.1   0.822  22.5-168.7-165.0 169.5   36.9   48.7   14.5               
  365  365 A Y        +     0   0  224      0, 0.0     2,-0.1     0, 0.0    -1,-0.1  -0.475   3.9 178.8 -92.5 159.7   40.2   46.7   14.4               
  366  366 A N        +     0   0  142     -2,-0.1     0, 0.0     0, 0.0     0, 0.0  -0.424  25.3 177.5-165.7 110.6   42.7   44.2   15.8               
  367  367 A T        +     0   0   96     -2,-0.1     0, 0.0     0, 0.0     0, 0.0   0.624  14.8 147.6  50.1 147.7   45.8   42.8   14.5               
  368  368 A Q        -     0   0  184      0, 0.0     0, 0.0     0, 0.0     0, 0.0   0.744  17.3 -42.2-167.2 152.9   48.7   41.1   14.3               
  369  369 A G        +     0   0   80      0, 0.0     0, 0.0     0, 0.0     0, 0.0   0.468  24.7  92.5  73.3 162.1   51.7   39.0   12.8               
  370  370 A A        +     0   0  104      0, 0.0     0, 0.0     0, 0.0     0, 0.0   0.779  24.3  49.1-178.6 164.1   53.8   36.9   11.1               
  371  371 A A        +     0   0   87      0, 0.0     0, 0.0     0, 0.0     0, 0.0   0.592   4.4 158.5-170.6 159.5   56.0   35.9    8.6               
  372  372 A S        +     0   0  111      0, 0.0     0, 0.0     0, 0.0     0, 0.0   0.863  20.9 107.3  72.1 143.3   58.6   35.0    5.8               
  373  373 A S        -     0   0  108      0, 0.0     0, 0.0     0, 0.0     0, 0.0   0.654  23.0-102.2  80.3 147.4   60.6   32.6    3.4               
  374  374 A L        +     0   0  178      0, 0.0     0, 0.0     0, 0.0     0, 0.0   0.593  24.9 126.9-171.1 156.9   61.4   31.2    0.5               
  375  375 A G        -     0   0   65      0, 0.0     2,-0.0     0, 0.0     0, 0.0   0.544  22.5-172.0 110.2 107.7   62.3   29.3   -2.9               
  376  376 A S        +     0   0   95      0, 0.0     0, 0.0     0, 0.0     0, 0.0   0.560  20.6 170.8  76.1 135.4   62.4   29.2   -6.3               
  377  377 A Y        -     0   0  232     -2,-0.0     0, 0.0     2,-0.0     0, 0.0   0.800  38.5 -28.2-135.8 172.3   62.7   28.3   -9.6               
  378  378 A G        +     0   0   75      1,-0.1     2,-0.3     0, 0.0     0, 0.0   0.835  19.4 167.2-175.5 163.2   62.0   29.4  -12.6               
  379  379 A A        -     0   0  101      2,-0.0     2,-0.2     0, 0.0    -1,-0.1  -0.764   4.7-173.1-113.6 160.1   60.6   31.1  -15.7               
  380  380 A Q        +     0   0  205     -2,-0.3     2,-0.4     2,-0.0     0, 0.0  -0.814  18.3 168.6-148.5 125.6   61.2   31.9  -19.3               
  381  381 A A        -     0   0  102     -2,-0.2     2,-0.2     0, 0.0    -2,-0.0  -0.993   7.9-173.2-126.9 135.0   58.8   34.2  -21.2               
  382  382 A A        -     0   0   96     -2,-0.4    -2,-0.0     1,-0.1     2,-0.0  -0.890  17.7-165.7-162.3 151.7   59.2   35.8  -24.7               
  383  383 A S        +     0   0   94     -2,-0.2    -1,-0.1     0, 0.0     0, 0.0   0.484  24.0  64.8-171.5 157.2   57.4   38.0  -26.4               
  384  384 A Y        +     0   0  233      2,-0.0    -2,-0.0     1,-0.0     0, 0.0   0.744  34.1 106.7  63.8 149.5   55.6   40.5  -28.7               
  385  385 A G        +     0   0   74      1,-0.2     2,-0.6     0, 0.0    -1,-0.0   0.922  13.3 172.4 117.2  67.8   53.3   40.8  -31.7               
  386  386 A A        +     0   0  105      2,-0.0     2,-0.3     0, 0.0    -1,-0.2  -0.796  28.5 150.3 -75.9 122.4   49.7   41.7  -32.2               
  387  387 A Q        -     0   0  199     -2,-0.6     2,-0.2     2,-0.0     0, 0.0  -0.971  27.6-137.7-153.7 152.6   48.9   42.1  -35.9               
  388  388 A S        +     0   0  112     -2,-0.3    -2,-0.0     0, 0.0     0, 0.0  -0.514  32.5  41.0 -99.3 164.6   45.8   41.6  -38.0               
  389  389 A A        +     0   0   98     -2,-0.2    -2,-0.0     0, 0.0     0, 0.0   0.694  43.4  49.6  91.2 140.7   44.3   40.2  -41.2               
  390  390 A A        +     0   0   86      0, 0.0     0, 0.0     0, 0.0     0, 0.0   0.997  42.0  42.0  77.3 109.4   43.8   37.8  -44.1               
  391  391 A S        +     0   0  117      0, 0.0     0, 0.0     0, 0.0     0, 0.0   0.840  30.1  29.1  73.9 141.7   43.2   34.3  -45.4               
  392  392 A S        -     0   0   89      0, 0.0     0, 0.0     0, 0.0     0, 0.0   0.562  19.0 -73.5-176.3 146.9   42.1   31.4  -45.8               
  393  393 A L        +     0   0  172      2,-0.0     0, 0.0     0, 0.0     0, 0.0   0.644  22.5  45.1  66.6 153.3   40.5   27.9  -46.2               
  394  394 A A        +     0   0   76      0, 0.0     2,-0.1     0, 0.0     0, 0.0   0.525  30.6  58.7-167.4 143.9   39.3   25.0  -45.5               
  395  395 A Y        -     0   0  249      2,-0.0     2,-0.0     0, 0.0    -2,-0.0  -0.122  55.9 -89.2 162.4 124.9   37.6   21.7  -44.3               
  396  396 A G        +     0   0   77     -2,-0.1     2,-0.5     0, 0.0     0, 0.0  -0.107  39.7 158.0 165.6  90.2   34.5   21.2  -43.9               
  397  397 A A        -     0   0  105      2,-0.0     2,-0.5    -2,-0.0    -2,-0.0  -0.956  27.8-155.8-125.1 110.7   31.0   21.1  -42.2               
  398  398 A Q        -     0   0  204     -2,-0.5     2,-0.4     2,-0.0     0, 0.0  -0.758   3.2-152.8 -86.4 125.4   27.8   20.9  -44.3               
  399  399 A A        -     0   0  103     -2,-0.5     2,-0.5     2,-0.0    -2,-0.0  -0.773   6.9-162.1 -81.5 139.3   24.5   22.1  -42.8               
  400  400 A A        -     0   0  102     -2,-0.4     2,-0.1     2,-0.0    -2,-0.0  -0.969  12.6-146.8-123.7 111.8   21.4   20.5  -44.3               
  401  401 A S        +     0   0  107     -2,-0.5     2,-0.1     1,-0.0    -2,-0.0  -0.480  20.6 172.4 -62.7 141.2   18.1   22.5  -43.6               
  402  402 A Y        -     0   0  228     -2,-0.1    -2,-0.0     0, 0.0    -1,-0.0  -0.491  38.3 -71.2-156.6 108.9   14.7   20.9  -43.1               
  403  403 A N        -     0   0  118      1,-0.2     2,-0.6    -2,-0.1    -2,-0.0   0.830  21.0-169.1  56.3  98.1   11.6   22.7  -42.1               
  404  404 A A        +     0   0  103      2,-0.0    -1,-0.2     0, 0.0     0, 0.0  -0.966  25.3 179.6 -99.9 116.2   10.0   24.3  -39.1               
  405  405 A Q        -     0   0  157     -2,-0.6     2,-0.6     2,-0.0     0, 0.0  -0.980  21.3-139.6-114.3 126.1    6.3   24.9  -40.0               
  406  406 A P        -     0   0  111      0, 0.0     2,-1.4     0, 0.0    -2,-0.0  -0.764  11.4-139.4 -85.2 120.8    3.9   26.5  -37.5               
  407  407 A S        -     0   0  130     -2,-0.6     2,-0.1     0, 0.0    -2,-0.0  -0.645  28.1-169.2 -78.2  90.3    0.4   24.9  -37.4               
  408  408 A A        -     0   0   91     -2,-1.4     2,-0.1     1,-0.1     0, 0.0  -0.443  29.1 -82.7 -72.1 156.1   -1.8   28.0  -37.1               
  409  409 A S        +     0   0  113     -2,-0.1     2,-0.3     2,-0.0    -1,-0.1  -0.346  45.4 166.2 -56.4 132.6   -5.5   27.7  -36.3               
  410  410 A Y        +     0   0  229     -2,-0.1     2,-0.3     3,-0.0     3,-0.1  -0.849   7.2 162.1-143.3 121.5   -8.2   27.1  -38.8               
  411  411 A N        +     0   0  155     -2,-0.3    -2,-0.0     1,-0.2     0, 0.0  -0.935  41.9  36.8-120.8 154.3  -11.7   26.1  -37.6               
  412  412 A A        +     0   0   76     -2,-0.3    -1,-0.2     1,-0.1     2,-0.1   0.989  46.3 131.6  65.8 101.2  -15.0   26.2  -39.7               
  413  413 A Q        -     0   0  181     -3,-0.1    -1,-0.1     0, 0.0    -3,-0.0  -0.540  55.1 -65.6-157.7 125.9  -15.9   25.6  -43.2               
  414  414 A S        -     0   0  117     -2,-0.1    -2,-0.0     1,-0.0     0, 0.0   0.842  40.7-132.0  45.0 117.4  -18.7   23.5  -44.6               
  415  415 A A        +     0   0   91      1,-0.1    -1,-0.0     2,-0.0     0, 0.0  -0.179  35.6  91.0 -72.5-171.0  -20.0   19.9  -44.8               
  416  416 A P        +     0   0  113      0, 0.0     2,-0.3     0, 0.0    -1,-0.1   0.726   7.3 139.4-126.1 165.5  -21.1   17.5  -46.5               
  417  417 A Y        +     0   0  232      2,-0.0     2,-0.4     0, 0.0    -2,-0.0  -0.794  22.2 146.6-140.4 107.9  -20.4   14.3  -48.6               
  418  418 A A        +     0   0  103     -2,-0.3     2,-0.3     0, 0.0     0, 0.0  -0.909  35.6 104.1-128.8 101.5  -22.6   11.3  -48.1               
  419  419 A A        +     0   0   76     -2,-0.4    -2,-0.0     1,-0.1     0, 0.0  -0.940  36.7  58.3-164.0 161.4  -23.0    9.4  -51.4               
  420  420 A Q        +     0   0  183     -2,-0.3    -1,-0.1     2,-0.1     3,-0.0   0.977  51.6  90.8  69.8  81.2  -22.0    6.2  -53.4               
  421  421 A Q        +     0   0  207      1,-0.0     2,-0.2     0, 0.0    -2,-0.0  -0.160  51.8 107.8-155.5  95.0  -22.2    2.7  -52.8               
  422  422 A A        +     0   0  106      0, 0.0     2,-0.3     0, 0.0    -2,-0.1  -0.788  42.8 161.7-143.6  99.1  -25.4    1.3  -54.2               
  423  423 A A        +     0   0   95     -2,-0.2     0, 0.0     1,-0.2     0, 0.0  -0.923  18.5  10.6-150.7 143.0  -25.0   -0.8  -57.4               
  424  424 A S        +     0   0   95     -2,-0.3    -1,-0.2     0, 0.0     0, 0.0   0.839  46.6  48.6-163.1-173.1  -26.6   -2.9  -59.1               
  425  425 A Y        -     0   0  219      0, 0.0    -2,-0.0     0, 0.0     0, 0.0   0.593  47.4  -8.8  73.9 137.6  -29.2   -5.4  -60.7               
  426  426 A S        -     0   0   87      1,-0.1     0, 0.0     0, 0.0     0, 0.0   0.239  17.3-159.7 173.7 103.8  -32.3   -5.5  -61.9               
  427  427 A S        +     0   0  103      0, 0.0    -1,-0.1     0, 0.0     0, 0.0   0.445  19.2 136.9  56.7 112.2  -35.7   -4.9  -62.9               
  428  428 A Q        -     0   0  181      0, 0.0     2,-0.1     0, 0.0     0, 0.0  -0.238  20.3-177.8 175.1 152.4  -39.0   -6.3  -63.9               
  429  429 A P        +     0   0  110      0, 0.0     0, 0.0     0, 0.0     0, 0.0  -0.295   9.5 133.2-119.2-160.2  -42.8   -5.6  -63.0               
  430  430 A A        -     0   0  100     -2,-0.1     0, 0.0     0, 0.0     0, 0.0   0.433  19.0-101.3  77.2 152.2  -46.5   -6.5  -63.5               
  431  431 A A        +     0   0   78      0, 0.0     0, 0.0     0, 0.0     0, 0.0   0.791  24.4  99.2-169.5 173.8  -49.6   -7.1  -62.5               
  432  432 A Y        +     0   0  230      1,-0.0     0, 0.0     0, 0.0     0, 0.0   0.712  33.2  86.0  63.1 132.7  -53.2   -8.1  -61.3               
  433  433 A V        +     0   0  134      1,-0.0     2,-0.3     0, 0.0    -1,-0.0   0.565  25.7 162.5-152.9 151.8  -55.6   -8.7  -59.1               
  434  434 A A        +     0   0   83      2,-0.0    -1,-0.0     0, 0.0     0, 0.0  -0.927  14.8 123.5-113.1 147.6  -58.3   -6.7  -57.2               
  435  435 A Q        -     0   0  197     -2,-0.3     2,-0.1     0, 0.0     0, 0.0  -0.543  26.3-169.2 175.2 162.9  -61.5   -7.2  -55.3               
  436  436 A P        +     0   0  115      0, 0.0    -2,-0.0     0, 0.0     0, 0.0  -0.493  14.9  42.8-124.5-176.1  -62.9   -6.5  -51.8               
  437  437 A A        +     0   0   84     -2,-0.1     2,-0.1     1,-0.1     0, 0.0   0.921  10.8 150.8  69.2 130.0  -65.4   -6.7  -48.9               
  438  438 A T        -     0   0  151      2,-0.0     2,-0.3     0, 0.0    -1,-0.1  -0.477  23.1-144.5-173.2 156.1  -67.7   -8.2  -46.6               
  439  439 A A        +     0   0  102     -2,-0.1     2,-0.3     2,-0.0     0, 0.0  -0.737  15.2 174.0 -94.7 148.7  -68.9   -7.5  -43.0               
  440  440 A A        -     0   0  102     -2,-0.3     2,-0.5     2,-0.1    -2,-0.0  -0.887  14.4-156.0-149.6 126.3  -69.9   -9.9  -40.2               
  441  441 A A        +     0   0   94     -2,-0.3     2,-0.3     0, 0.0    -2,-0.0  -0.877  15.9 169.6 -99.8 130.5  -70.7   -8.8  -36.6               
  442  442 A Y        -     0   0  223     -2,-0.5    -2,-0.1     1,-0.0     0, 0.0  -0.887  22.7-107.8-145.9 113.8  -70.4  -11.0  -33.4               
  443  443 A A        -     0   0   87     -2,-0.3    -1,-0.0     0, 0.0     0, 0.0   0.569  23.9 -80.0  58.9 135.0  -70.7  -10.2  -30.0               
  444  444 A S        +     0   0  101      2,-0.0    -2,-0.0     0, 0.0     0, 0.0   0.869  21.7 113.5-173.8 177.6  -69.9   -9.7  -26.9               
  445  445 A Q        -     0   0  153      1,-0.2     2,-0.4     3,-0.0     0, 0.0   0.868  19.6-162.8  74.4 126.4  -69.1   -9.2  -23.1               
  446  446 A P        -     0   0  131      0, 0.0     2,-0.6     0, 0.0    -1,-0.2  -0.942  48.3-143.9-107.8 112.2  -66.7   -8.1  -20.5               
  447  447 A A        -     0   0   79     -2,-0.4     2,-0.3     2,-0.0     0, 0.0  -0.615  16.9-165.1 -81.0 118.8  -68.6  -10.1  -17.8               
  448  448 A A        -     0   0   96     -2,-0.6     2,-0.4     0, 0.0    -3,-0.0  -0.697  11.0-146.2 -80.5 150.2  -68.9   -8.7  -14.3               
  449  449 A Y        -     0   0  238     -2,-0.3     2,-0.3     2,-0.0    -2,-0.0  -0.975  26.7-148.7-119.2 139.2  -70.0  -11.1  -11.5               
  450  450 A A        -     0   0   94     -2,-0.4     2,-0.2     0, 0.0     0, 0.0  -0.719  27.7-174.0-116.5 154.1  -72.1   -9.5   -8.7               
  451  451 A A        -     0   0   92     -2,-0.3    -2,-0.0     0, 0.0     2,-0.0  -0.745  28.9-142.8-152.8 111.8  -73.2   -9.3   -5.1               
  452  452 A Q        +     0   0  194     -2,-0.2     0, 0.0     2,-0.0     0, 0.0   0.327  32.0 126.3  50.1 128.0  -75.7   -7.3   -3.8               
  453  453 A A        -     0   0   85     -2,-0.0     0, 0.0     0, 0.0     0, 0.0   0.719  21.4-154.6-148.8 138.5  -77.1   -5.4   -1.6               
  454  454 A T        +     0   0  126      2,-0.0    -2,-0.0     0, 0.0     0, 0.0   0.397  21.8 140.1  69.0 101.3  -78.6   -2.2   -0.9               
  455  455 A T        +     0   0  142      2,-0.0     2,-0.3     0, 0.0     0, 0.0  -0.314  14.7 178.4-176.5 134.4  -79.5    0.6    1.4               
  456  456 A P        +     0   0  120      0, 0.0     2,-0.2     0, 0.0    -2,-0.0  -0.937   8.6 160.1-118.3 151.7  -79.6    4.5    1.2               
  457  457 A M        -     0   0  191     -2,-0.3     2,-0.0     2,-0.1    -2,-0.0  -0.632  16.3-130.2 173.0 157.5  -80.6    7.4    3.6               
  458  458 A A        +     0   0   83     -2,-0.2     0, 0.0     0, 0.0     0, 0.0   0.396  21.4  57.4 164.1 141.8  -80.3   10.8    4.2               
  459  459 A G        +     0   0   80     -2,-0.0    -2,-0.1     1,-0.0     0, 0.0   0.217   8.8 131.0  76.0 158.9  -79.7   14.1    6.2               
  460  460 A S        -     0   0  107      0, 0.0    -1,-0.0     0, 0.0     0, 0.0   0.655  24.1-135.6-156.2 143.3  -78.6   16.5    7.9               
  461  461 A Y        -     0   0  228      0, 0.0     0, 0.0     0, 0.0     0, 0.0   0.518  11.8-177.6  13.7 132.4  -78.0   20.3    8.2               
  462  462 A G        -     0   0   77      0, 0.0     0, 0.0     0, 0.0     0, 0.0   0.999  14.9 -94.3 112.7 148.3  -76.2   23.1    8.8               
  463  463 A A        +     0   0  108      1,-0.0     0, 0.0     0, 0.0     0, 0.0   0.672  20.0 165.7-152.6 171.5  -75.2   26.2    9.2               
  464  464 A Q        -     0   0  160      0, 0.0    -1,-0.0     0, 0.0     0, 0.0  -0.189  10.3-173.6 -76.3 173.7  -73.5   29.4    8.0               
  465  465 A P        -     0   0  113      0, 0.0     0, 0.0     0, 0.0     0, 0.0   0.187  10.4-165.7-152.6 153.2  -72.7   32.6    8.0               
  466  466 A V        +     0   0  112      0, 0.0     2,-0.0     0, 0.0     0, 0.0   0.597   9.7 179.6  37.7 132.0  -70.9   35.2    6.0               
  467  467 A V        -     0   0  117      0, 0.0     0, 0.0     0, 0.0     0, 0.0   0.011  32.3 -46.8-178.4 118.9  -69.4   38.6    5.8               
  468  468 A Q        -     0   0  170     -2,-0.0     0, 0.0     0, 0.0     0, 0.0   0.884  31.2 -28.2  51.1 153.5  -67.7   40.7    3.1               
  469  469 A T        +     0   0  102      0, 0.0     0, 0.0     0, 0.0     0, 0.0   0.857  25.9  99.3-172.2 168.9  -65.8   42.0    0.6               
  470  470 A Q        -     0   0  167      0, 0.0     2,-0.1     0, 0.0     0, 0.0   0.734  30.6-175.6 101.0  98.3  -63.5   43.4   -2.3               
  471  471 A L        +     0   0  135      0, 0.0     2,-0.1     0, 0.0     0, 0.0  -0.123   9.3 170.0  88.8 101.1  -63.5   42.7   -5.6               
  472  472 A N        -     0   0  149     -2,-0.1     0, 0.0     0, 0.0     0, 0.0  -0.033  27.8 -32.5 150.5 146.0  -61.6   43.4   -9.0               
  473  473 A S        -     0   0  109      1,-0.1     2,-0.1    -2,-0.1     0, 0.0   0.704   5.1-158.5-161.3 159.2  -61.5   42.4  -12.1               
  474  474 A Y        +     0   0  236      2,-0.0    -1,-0.1     0, 0.0     2,-0.1  -0.440  23.9 160.6 -76.4 155.5  -61.6   40.6  -15.5               
  475  475 A G        +     0   0   81     -2,-0.1     2,-0.4     2,-0.0     0, 0.0  -0.465  11.7 177.7-175.5 102.3  -59.9   41.6  -18.8               
  476  476 A A        +     0   0   95     -2,-0.1     2,-0.2     2,-0.0    -2,-0.0  -0.867  13.7 134.2-101.8 142.2  -59.2   39.3  -21.7               
  477  477 A Q        -     0   0  203     -2,-0.4     2,-0.1     0, 0.0    -2,-0.0  -0.810  30.8-128.2-170.6 169.7  -57.7   39.6  -25.1               
  478  478 A A        +     0   0   97     -2,-0.2    -2,-0.0     0, 0.0     0, 0.0  -0.286  29.2 120.1 -91.0 170.2  -55.2   37.7  -27.4               
  479  479 A S        +     0   0   96     -2,-0.1     0, 0.0     0, 0.0     0, 0.0   0.610  32.3   8.8 137.6 122.1  -52.2   37.5  -29.5               
  480  480 A M        -     0   0  179      1,-0.1     2,-0.2     0, 0.0     0, 0.0   0.771  26.7-131.8  63.2 138.7  -48.7   36.1  -30.4               
  481  481 A G        -     0   0   70      2,-0.0     2,-0.4     0, 0.0    -1,-0.1  -0.575  17.0-177.3 109.3  61.1  -46.2   34.3  -30.2               
  482  482 A L        -     0   0  173     -2,-0.2     2,-0.3     2,-0.0     0, 0.0  -0.923   8.8-166.2-136.8 116.9  -42.4   35.1  -30.1               
  483  483 A S        -     0   0  101     -2,-0.4     2,-0.5     1,-0.0    -2,-0.0  -0.716  46.8 -97.8 -73.9 139.9  -39.3   32.9  -30.0               
  484  484 A G        -     0   0   92     -2,-0.3     2,-0.2     1,-0.0    -1,-0.0  -0.515  55.1-165.9 -66.9 112.9  -36.1   34.8  -29.2               
  485  485 A S        -     0   0  106     -2,-0.5     2,-0.1     1,-0.1    -1,-0.0  -0.680  17.4-106.9-106.9 155.5  -34.5   35.5  -32.6               
  486  486 A Y        -     0   0  243     -2,-0.2     2,-0.2     0, 0.0    -1,-0.1  -0.365  33.6-162.4 -62.7 152.5  -31.1   36.6  -34.1               
  487  487 A G        -     0   0   64     -2,-0.1     2,-0.1     0, 0.0     0, 0.0  -0.842   1.2-147.1-160.1 132.1  -30.3   40.0  -35.7               
  488  488 A A        +     0   0   92     -2,-0.2     0, 0.0     0, 0.0     0, 0.0   0.348  18.5 102.4  59.8 128.4  -28.2   41.7  -37.7               
  489  489 A Q        +     0   0  186     -2,-0.1     2,-0.2     0, 0.0     0, 0.0   0.779  19.8  70.2-162.3 154.7  -26.5   44.2  -38.7               
  490  490 A S        -     0   0  132      0, 0.0     2,-0.4     0, 0.0     0, 0.0  -0.595  29.2-168.8-175.0 146.0  -23.9   46.9  -39.5               
  491  491 A A        +     0   0  104     -2,-0.2     2,-0.2     2,-0.0     0, 0.0  -0.987   9.6 174.2-131.3 136.8  -20.7   47.0  -41.7               
  492  492 A A        -     0   0   97     -2,-0.4     2,-0.1     2,-0.0     0, 0.0  -0.707  17.6-153.9-159.4 105.7  -17.7   49.3  -42.4               
  493  493 A A        +     0   0  104     -2,-0.2     2,-0.1     0, 0.0    -2,-0.0  -0.190  21.7 157.0  68.6  87.2  -15.1   48.6  -44.4               
  494  494 A A        -     0   0   95     -2,-0.1    -2,-0.0     0, 0.0     0, 0.0  -0.363  26.6-130.2-169.6 116.9  -11.5   49.5  -44.7               
  495  495 A T        -     0   0  143      1,-0.1     2,-0.0    -2,-0.1     0, 0.0  -0.189  12.5-129.5 -34.8 148.5   -8.5   47.9  -46.3               
  496  496 A G        -     0   0   78      0, 0.0     2,-0.2     0, 0.0    -1,-0.1   0.520   5.3-147.1 119.5 127.3   -5.4   47.0  -45.7               
  497  497 A S        -     0   0  123     -2,-0.0     2,-0.3     0, 0.0     0, 0.0  -0.790   9.2-147.2-173.1 152.6   -1.6   46.9  -46.7               
  498  498 A Y        +     0   0  234     -2,-0.2     0, 0.0     0, 0.0     0, 0.0  -0.789  31.3 112.3-109.2 158.9    1.5   44.7  -46.5               
  499  499 A G        +     0   0   76     -2,-0.3     0, 0.0     0, 0.0     0, 0.0   0.172  16.1  63.7  98.5 150.9    5.3   45.4  -46.1               
  500  500 A A        -     0   0   99      0, 0.0     0, 0.0     0, 0.0     0, 0.0   0.719  25.7-101.3-161.0 165.5    8.2   45.6  -45.1               
  501  501 A A        -     0   0   96      0, 0.0     0, 0.0     0, 0.0     0, 0.0   0.915  30.6 -63.4  55.2 113.8   11.8   44.9  -43.9               
  502  502 A A        +     0   0  102      1,-0.0     2,-0.2     0, 0.0     0, 0.0   0.806  18.7 165.8  56.8 117.8   14.3   44.6  -41.3               
  503  503 A A        -     0   0  101      0, 0.0     2,-0.2     0, 0.0    -1,-0.0  -0.618  24.2-143.6-162.2 147.8   16.6   45.6  -38.6               
  504  504 A Y        +     0   0  245     -2,-0.2     2,-0.0     1,-0.0     0, 0.0  -0.619  30.3 149.2 -79.7 146.7   18.6   43.5  -36.0               
  505  505 A G        -     0   0   74     -2,-0.2    -1,-0.0     0, 0.0     0, 0.0  -0.143  37.6 -67.0 171.6  99.7   19.2   44.6  -32.4               
  506  506 A A        -     0   0  107      1,-0.0     0, 0.0    -2,-0.0     0, 0.0   0.935  32.8-130.5  54.4 116.9   19.7   43.0  -28.9               
  507  507 A Q        +     0   0  166      2,-0.0    -1,-0.0     1,-0.0     2,-0.0  -0.387  22.2 154.0 -59.5 161.2   18.0   41.0  -26.1               
  508  508 A P        -     0   0  112      0, 0.0    -1,-0.0     0, 0.0     0, 0.0   0.109  35.1 -99.2-149.2 163.7   17.4   40.7  -23.0               
  509  509 A S        -     0   0  110      1,-0.1     2,-0.3    -2,-0.0    -2,-0.0   0.611  22.4-179.0  36.6 102.3   15.0   39.3  -20.5               
  510  510 A A        -     0   0   97      2,-0.0    -1,-0.1     0, 0.0     0, 0.0  -0.844  31.3-115.7-138.7 104.2   12.2   40.9  -18.5               
  511  511 A T        -     0   0  132     -2,-0.3     2,-0.6     1,-0.1     0, 0.0   0.252  11.0-155.0   7.3 117.4   10.1   38.9  -16.0               
  512  512 A L        -     0   0  181      2,-0.0     2,-0.6     0, 0.0    -1,-0.1  -0.922  22.3-173.0-110.1 101.9    6.4   38.0  -16.1               
  513  513 A A        -     0   0   90     -2,-0.6     0, 0.0     2,-0.0     0, 0.0  -0.869   9.0-160.6 -94.8 119.5    5.5   37.5  -12.4               
  514  514 A A        -     0   0   79     -2,-0.6     2,-0.3     1,-0.0    -2,-0.0  -0.787  31.8-104.8 -91.7 143.8    2.0   36.2  -11.6               
  515  515 A P        -     0   0  128      0, 0.0     2,-0.6     0, 0.0    -1,-0.0  -0.521  18.8-148.3 -82.4 133.0    0.8   36.8   -8.0               
  516  516 A Y        -     0   0  221     -2,-0.3     2,-0.6     0, 0.0     0, 0.0  -0.840  20.4-140.3 -89.6 118.2    0.7   34.2   -5.2               
  517  517 A R        -     0   0  250     -2,-0.6     2,-0.2     1,-0.0     0, 0.0  -0.736  17.5-149.5 -83.8 117.1   -2.3   35.1   -2.9               
  518  518 A T        -     0   0  126     -2,-0.6     2,-0.5     0, 0.0    -1,-0.0  -0.574   5.2-131.9 -80.0 144.0   -1.4   34.5    0.8               
  519  519 A Q        -     0   0  186     -2,-0.2     2,-0.1     1,-0.0    -2,-0.0  -0.998  32.7-108.7-105.7 105.9   -3.8   33.5    3.6               
  520  520 A S        -     0   0  107     -2,-0.5     2,-0.7     1,-0.1    -1,-0.0  -0.125  14.3-153.3  70.8  67.2   -3.6   35.2    6.6               
  521  521 A S        -     0   0  121     -2,-0.1     2,-0.2     0, 0.0    -1,-0.1  -0.882  36.6-133.3 -80.7 112.9   -2.3   34.3   10.0               
  522  522 A A        -     0   0  106     -2,-0.7     2,-0.2     1,-0.1     0, 0.0  -0.471  22.2-117.7 -74.5 144.8   -4.4   36.6   12.2               
  523  523 A S        +     0   0  114     -2,-0.2     2,-0.3     2,-0.0    -1,-0.1  -0.571  29.2 177.4 -85.9 143.8   -2.6   38.6   15.0               
  524  524 A L        -     0   0  184     -2,-0.2     2,-0.4     2,-0.0    -2,-0.0  -0.960  25.1-171.7-134.5 127.4   -2.7   38.8   18.8               
  525  525 A A        +     0   0   96     -2,-0.3     2,-0.1     2,-0.0    -2,-0.0  -0.948  19.5 166.5-123.3 137.5   -0.1   41.2   20.2               
  526  526 A A        -     0   0   84     -2,-0.4    -2,-0.0     2,-0.0     0, 0.0  -0.586  31.7-124.6-163.9  90.7    1.2   42.2   23.6               
  527  527 A S        -     0   0  118     -2,-0.1     2,-0.5     1,-0.1    -2,-0.0   0.133   2.9-139.9  66.4  83.1    4.1   44.1   24.1               
  528  528 A Y        +     0   0  242      2,-0.0     2,-0.3     0, 0.0    -1,-0.1  -0.845  25.7 178.5 -83.0 131.4    7.3   43.6   26.1               
  529  529 A A        -     0   0  105     -2,-0.5     2,-0.3     2,-0.1     0, 0.0  -0.981  16.5-138.3-132.2 144.1    8.5   46.7   27.9               
  530  530 A A        +     0   0   96     -2,-0.3     2,-0.2     0, 0.0    -2,-0.0  -0.783  23.7 171.3-111.0 148.5   11.7   46.8   30.1               
  531  531 A Q        -     0   0  190     -2,-0.3    -2,-0.1     2,-0.0     2,-0.0  -0.605  18.2-161.7-170.1 108.5   13.0   48.2   33.4               
  532  532 A Q        +     0   0  159     -2,-0.2     0, 0.0     0, 0.0     0, 0.0   0.339  22.8 111.2  80.6 126.6   16.0   47.5   35.0               
  533  533 A H        +     0   0  160     -2,-0.0    -2,-0.0     0, 0.0     0, 0.0   0.376  25.3 126.7  77.9 156.4   18.1   47.6   38.3               
  534  534 A P        +     0   0   94      0, 0.0     0, 0.0     0, 0.0     0, 0.0   0.297  16.6 172.8-144.8-173.9   19.5   45.8   40.8               
  535  535 A Q        +     0   0  189      0, 0.0     2,-0.0     0, 0.0     0, 0.0   0.959  14.6 138.2  65.2 114.9   21.8   44.1   43.5               
  536  536 A A        -     0   0   97      2,-0.0     2,-0.1     0, 0.0     0, 0.0   0.070  20.1-171.4 169.3 111.7   22.6   42.0   46.4               
  537  537 A A        +     0   0  108     -2,-0.0     2,-0.3     0, 0.0     0, 0.0  -0.274  13.0 171.5  74.8  86.6   25.2   39.8   47.0               
  538  538 A A        -     0   0  108     -2,-0.1     2,-0.1     2,-0.0    -2,-0.0  -0.896  23.6-171.6-151.6 138.7   26.0   37.2   49.7               
  539  539 A S        +     0   0  108     -2,-0.3     0, 0.0     2,-0.0     0, 0.0  -0.228  23.5 159.2-116.8-168.1   29.0   34.8   49.3               
  540  540 A Y        -     0   0  218     -2,-0.1     2,-0.1     0, 0.0    -2,-0.0   0.622  19.1-178.6 103.3 105.3   31.0   31.6   50.5               
  541  541 A R        +     0   0  243      0, 0.0    -2,-0.0     0, 0.0     0, 0.0  -0.166   4.9 147.1  99.3 113.0   33.2   29.6   48.8               
  542  542 A G        -     0   0   68     -2,-0.1     0, 0.0     0, 0.0     0, 0.0   0.261  19.6  -5.3 102.9 147.8   35.5   26.6   49.0               
  543  543 A Q        +     0   0  187      1,-0.1     2,-0.2     0, 0.0     0, 0.0   0.825  15.6 167.0-154.2 163.2   37.2   24.0   48.1               
  544  544 A P        +     0   0  119      0, 0.0    -1,-0.1     0, 0.0     0, 0.0  -0.641  20.8 144.1-109.0 172.8   38.4   21.0   45.8               
  545  545 A G        +     0   0   62     -2,-0.2     2,-0.0     1,-0.1     0, 0.0   0.450  10.7  59.2 131.4 114.4   41.0   18.3   45.5               
  546  546 A N        +     0   0  173      0, 0.0     2,-0.2     0, 0.0    -1,-0.1   0.196  16.7 164.9 171.3 146.6   42.6   15.3   44.8               
  547  547 A A        -     0   0   88     -2,-0.0     2,-0.2     2,-0.0     0, 0.0  -0.530   6.8-173.6 -89.6 169.8   43.7   12.7   42.2               
  548  548 A Y        -     0   0  237     -2,-0.2     2,-0.1     2,-0.0     0, 0.0  -0.651  10.0-154.3-159.3 153.8   46.0    9.9   41.9               
  549  549 A D        +     0   0  152     -2,-0.2    -2,-0.0     2,-0.0     0, 0.0  -0.393  16.3 165.7 -95.3 168.2   46.9    7.6   38.9               
  550  550 A G        -     0   0   74     -2,-0.1     2,-0.1     0, 0.0    -2,-0.0  -0.115  11.4-169.4 170.7  89.5   48.2    4.0   38.6               
  551  551 A A        +     0   0  104      2,-0.0    -2,-0.0     1,-0.0     0, 0.0  -0.403  12.1 163.2 -82.0 159.3   48.3    1.8   35.4               
  552  552 A G        +     0   0   82     -2,-0.1    -1,-0.0     0, 0.0     0, 0.0  -0.210  13.7 179.2 179.6  83.6   49.1   -2.0   35.0               
  553  553 A Q        -     0   0  186      1,-0.1    -2,-0.0     0, 0.0     0, 0.0  -0.551  11.4 -10.4-100.5-175.3   48.4   -4.3   32.0               
  554  554 A P        +     0   0  101      0, 0.0     2,-0.1     0, 0.0    -1,-0.1   0.804  19.9 132.3-133.7 178.9   48.6   -7.4   30.8               
  555  555 A S        +     0   0  124      2,-0.0     2,-0.4     0, 0.0     0, 0.0  -0.452   9.8 166.8-178.7 137.9   49.1  -11.0   29.6               
  556  556 A A        -     0   0  106     -2,-0.1     2,-0.5     0, 0.0     0, 0.0  -0.969  19.8-165.6-135.2 123.0   47.1  -14.0   28.4               
  557  557 A A        -     0   0   99     -2,-0.4    -2,-0.0     1,-0.1     0, 0.0  -0.964  17.4-110.7-121.2 113.4   48.9  -16.9   26.7               
  558  558 A Y        +     0   0  222     -2,-0.5    -1,-0.1     0, 0.0     0, 0.0   0.447  42.7  78.0  18.2 136.2   47.5  -19.8   24.7               
  559  559 A L        +     0   0  163      0, 0.0    -2,-0.1     0, 0.0     0, 0.0   0.531  30.7  49.0 111.1 141.2   46.9  -23.5   24.8               
  560  560 A S        -     0   0  102      0, 0.0     0, 0.0     0, 0.0     0, 0.0   0.992  32.3-135.4  83.5  92.9   45.4  -26.9   25.5               
  561  561 A M        +     0   0  177      0, 0.0     0, 0.0     0, 0.0     0, 0.0   0.559  32.1 106.5  31.0 140.5   42.4  -29.0   25.6               
  562  562 A S        -     0   0  112      0, 0.0     0, 0.0     0, 0.0     0, 0.0   0.883  42.4 -83.9  99.5 106.6   40.5  -31.5   27.6               
  563  563 A Q        +     0   0  204      0, 0.0     0, 0.0     0, 0.0     0, 0.0   0.820  33.6 141.1  42.6 134.0   37.7  -32.6   29.9               
  564  564 A G        -     0   0   74      0, 0.0     2,-0.2     0, 0.0     0, 0.0   0.434  24.8-161.8 127.0  82.9   36.4  -32.7   33.5               
  565  565 A A        +     0   0   99      0, 0.0     2,-0.2     0, 0.0     0, 0.0  -0.329  14.8 167.3  72.0  79.5   33.3  -32.2   34.6               
  566  566 A V        -     0   0  148     -2,-0.2     2,-0.1     2,-0.0     0, 0.0  -0.585  24.6-132.0-168.5 146.9   31.6  -31.3   37.9               
  567  567 A A        -     0   0   93     -2,-0.2     2,-0.1     0, 0.0     0, 0.0  -0.088  30.3-179.1 156.5 106.2   28.5  -30.3   38.7               
  568  568 A N        -     0   0  157     -2,-0.1    -2,-0.0     2,-0.0     2,-0.0  -0.465  39.1-142.0-165.6  79.2   25.7  -28.1   40.3               
  569  569 A A        +     0   0   82     -2,-0.1     0, 0.0     2,-0.1     0, 0.0   0.072  45.4 133.9  72.4  86.2   22.4  -28.9   39.7               
  570  570 A N        +     0   0  169      1,-0.1     2,-0.2    -2,-0.0    -2,-0.0  -0.068  44.1 104.7-168.8  94.2   19.0  -27.7   39.0               
  571  571 A S        -     0   0  110      2,-0.0    -1,-0.1     0, 0.0    -2,-0.1  -0.806  37.3-169.3-157.2 119.4   17.0  -29.3   36.1               
  572  572 A T        +     0   0  142     -2,-0.2     0, 0.0     0, 0.0     0, 0.0  -0.927  12.0 179.9-112.1 105.5   14.2  -31.8   36.4               
  573  573 A P        -     0   0  106      0, 0.0    -2,-0.0     0, 0.0     0, 0.0  -0.840  28.5-118.9 -99.9 146.2   13.1  -33.5   33.0               
  574  574 A P        -     0   0  120      0, 0.0     2,-0.1     0, 0.0     0, 0.0  -0.506  42.8-101.8 -76.5 154.2   10.3  -36.2   32.7               
  575  575 A P        -     0   0  124      0, 0.0     2,-0.6     0, 0.0     0, 0.0  -0.345  12.7-140.3 -86.0 156.5   11.5  -39.6   31.3               
  576  576 A Y        -     0   0  215     -2,-0.1     2,-0.5     2,-0.0     0, 0.0  -0.958  22.3-168.1-101.9 116.4   11.4  -41.5   28.0               
  577  577 A E        -     0   0  180     -2,-0.6     2,-0.9     2,-0.0     0, 0.0  -0.912  13.4-142.8-102.2 132.2   10.7  -45.2   28.5               
  578  578 A R        +     0   0  247     -2,-0.5     2,-0.4     2,-0.0    -2,-0.0  -0.799  31.6 159.5 -90.7 100.7   11.2  -47.6   25.6               
  579  579 A T        -     0   0  131     -2,-0.9    -2,-0.0     1,-0.0     2,-0.0  -0.948  35.9-121.0-117.4 139.1    8.5  -50.2   25.5               
  580  580 A R        +     0   0  229     -2,-0.4    -1,-0.0     1,-0.1    -2,-0.0  -0.201  59.6  74.5 -75.3 169.9    7.9  -52.0   22.2               
  581  581 A L        +     0   0  169      1,-0.1    -1,-0.1    -2,-0.0    -2,-0.0   0.949  55.7  79.1  83.8  75.8    4.9  -52.5   19.7               
  582  582 A S        -     0   0  112      2,-0.0    -1,-0.1     3,-0.0     3,-0.1  -0.512  60.9-125.6-166.8 140.5    3.4  -50.1   17.4               
  583  583 A P        -     0   0  118      0, 0.0     2,-0.4     0, 0.0     3,-0.0  -0.418  41.1 -98.0 -65.3 146.0    4.5  -48.9   13.9               
  584  584 A P        -     0   0  124      0, 0.0     2,-0.2     0, 0.0     3,-0.1  -0.489  39.0-118.8 -64.2 120.6    4.9  -45.1   13.4               
  585  585 A R        -     0   0  248     -2,-0.4     3,-0.1     1,-0.1    -3,-0.0  -0.472  37.8-107.8 -55.9 121.8    1.7  -43.8   11.7               
  586  586 A A        -     0   0   93     -2,-0.2    -1,-0.1     1,-0.1     2,-0.1  -0.270  40.0 -93.8 -53.4 136.2    2.9  -42.3    8.4               
  587  587 A S        -     0   0  117      1,-0.1     2,-1.4    -3,-0.1    -1,-0.1  -0.363  39.9-118.6 -52.4 121.8    2.8  -38.5    8.2               
  588  588 A Y        -     0   0  210     -3,-0.1     2,-1.3    -2,-0.1    -1,-0.1  -0.589  25.3-146.1 -71.9  92.5   -0.6  -37.6    6.7               
  589  589 A D        -     0   0   97     -2,-1.4    -1,-0.1     1,-0.1     5,-0.1  -0.547  23.8-123.8 -67.4  90.0    0.8  -35.8    3.6               
  590  590 A D    >>  -     0   0   63     -2,-1.3     4,-1.8     1,-0.2     3,-0.9  -0.184  14.6-149.0 -47.3 108.7   -2.0  -33.2    3.4               
  591  591 A P  H 3> S+     0   0   80      0, 0.0     4,-2.4     0, 0.0    -1,-0.2   0.798  95.6  58.5 -61.9 -24.9   -3.5  -33.6   -0.2               
  592  592 A Y  H 3> S+     0   0  188      2,-0.2     4,-2.3     1,-0.2     5,-0.2   0.889 105.6  48.1 -68.9 -37.8   -4.4  -29.8   -0.2               
  593  593 A K  H <> S+     0   0  151     -3,-0.9     4,-2.0     2,-0.2    -1,-0.2   0.899 112.9  48.7 -69.7 -36.5   -0.7  -28.8    0.4               
  594  594 A K  H  X S+     0   0  109     -4,-1.8     4,-2.5     2,-0.2    -2,-0.2   0.915 110.5  51.2 -69.3 -39.2    0.5  -31.2   -2.4               
  595  595 A A  H  X S+     0   0   54     -4,-2.4     4,-3.1     2,-0.2    -2,-0.2   0.929 112.0  46.2 -61.3 -45.2   -2.2  -29.8   -4.8               
  596  596 A V  H  X S+     0   0   70     -4,-2.3     4,-1.2     2,-0.2    -2,-0.2   0.868 113.3  50.2 -67.2 -34.2   -1.0  -26.2   -4.0               
  597  597 A A  H  < S+     0   0   49     -4,-2.0     4,-0.4     2,-0.2    -2,-0.2   0.873 114.4  43.7 -71.0 -36.0    2.6  -27.3   -4.5               
  598  598 A M  H >X S+     0   0  121     -4,-2.5     4,-2.0     2,-0.2     3,-1.5   0.933 111.3  53.7 -71.4 -43.7    1.7  -29.0   -7.9               
  599  599 A S  H 3X S+     0   0   78     -4,-3.1     4,-1.6     1,-0.3    -2,-0.2   0.784 106.7  54.0 -62.1 -25.9   -0.4  -26.0   -8.9               
  600  600 A K  H 3< S+     0   0  167     -4,-1.2    -1,-0.3    -5,-0.2    -2,-0.2   0.610 112.1  43.5 -82.3 -12.7    2.7  -23.8   -8.2               
  601  601 A R  H <4 S+     0   0  206     -3,-1.5    -2,-0.2    -4,-0.4    -1,-0.2   0.684 130.4  23.6 -97.1 -24.3    4.9  -26.0  -10.6               
  602  602 A Y  H  < S+     0   0  204     -4,-2.0     4,-0.2     1,-0.1    -3,-0.2   0.519 106.9  76.1-117.5 -13.1    2.3  -26.3  -13.4               
  603  603 A G     <  +     0   0   50     -4,-1.6     2,-0.7    -5,-0.3    -4,-0.1  -0.003  57.2 120.6 -96.7  24.6    0.1  -23.1  -12.9               
  604  604 A S  S    S-     0   0   90     -3,-0.1     2,-1.5     1,-0.0    -4,-0.0  -0.854  78.8-113.7 -70.9 120.7    2.5  -20.6  -14.3               
  605  605 A D        -     0   0  155     -2,-0.7     2,-1.6     1,-0.1    -2,-0.1  -0.447  26.2-157.3 -54.0  88.2    0.5  -19.1  -17.1               
  606  606 A R        -     0   0  198     -2,-1.5     2,-0.1    -4,-0.2    -1,-0.1  -0.696  31.8-121.8 -63.5  90.3    2.6  -20.4  -20.1               
  607  607 A R    >   -     0   0  176     -2,-1.6     3,-1.9     1,-0.2     4,-0.4  -0.260  13.2-146.1 -42.1 111.3    1.2  -17.5  -22.2               
  608  608 A L  T 3  S+     0   0  165      1,-0.3    -1,-0.2     2,-0.1     3,-0.1   0.492  93.0  73.4 -62.8  -1.7   -0.4  -19.4  -25.2               
  609  609 A A  T 3  S+     0   0   90      1,-0.1    -1,-0.3     3,-0.0    -2,-0.1   0.492  89.1  54.5 -89.4  -9.1    0.7  -16.3  -27.2               
  610  610 A E  S <  S+     0   0  138     -3,-1.9     2,-1.6     1,-0.1    -2,-0.1   0.475  72.6 102.4-111.9  -0.1    4.5  -17.2  -27.3               
  611  611 A L    >   +     0   0   81     -4,-0.4     3,-0.9     1,-0.2    -1,-0.1  -0.621  47.7 177.1 -74.7  86.3    4.3  -20.8  -28.8               
  612  612 A S  G >   +     0   0   98     -2,-1.6     3,-0.6     1,-0.2    -1,-0.2   0.496  59.9  82.3 -69.5  -3.7    5.4  -19.6  -32.3               
  613  613 A D  G 3   +     0   0  135      1,-0.2     3,-0.3     2,-0.1    -1,-0.2   0.465  62.0  84.5 -93.5  -2.6    5.3  -23.2  -33.6               
  614  614 A Y  G X   +     0   0  181     -3,-0.9     3,-0.9     1,-0.2    -1,-0.2   0.476  62.0  96.9 -78.9   2.8    1.5  -23.7  -34.3               
  615  615 A R  T <   +     0   0  219     -3,-0.6    -1,-0.2     1,-0.2    -2,-0.1   0.079  67.1  74.5 -81.6  25.5    1.9  -22.1  -37.8               
  616  616 A R  T 3  S+     0   0  226     -3,-0.3    -1,-0.2    -2,-0.1     3,-0.2   0.187  76.9  71.5-120.4  13.7    2.2  -25.5  -39.6               
  617  617 A L  S <  S+     0   0  136     -3,-0.9     3,-0.3     1,-0.1    -2,-0.1   0.297  77.3  78.4-111.2   7.7   -1.5  -26.7  -39.5               
  618  618 A S  S    S+     0   0  100      1,-0.2    -1,-0.1    -4,-0.1    -2,-0.1   0.404  82.9  64.0 -94.2  -0.7   -3.0  -24.3  -42.1               
  619  619 A E        +     0   0  172     -3,-0.2     2,-1.4     1,-0.1    -1,-0.2   0.407  68.7 105.6-110.9   1.5   -1.7  -26.2  -45.2               
  620  620 A S        -     0   0  107     -3,-0.3    -1,-0.1     3,-0.0     2,-0.0  -0.648  51.5-169.5 -84.4  88.1   -3.7  -29.5  -44.9               
  621  621 A Q        +     0   0  163     -2,-1.4    -2,-0.1     1,-0.1    -3,-0.0  -0.312  51.0  57.8 -52.1 157.8   -6.4  -29.3  -47.5               
  622  622 A L        +     0   0  152      1,-0.1    -1,-0.1    -2,-0.0     2,-0.1   0.993  55.0 103.3  67.0  81.7   -9.1  -32.1  -47.2               
  623  623 A S        -     0   0  127     -3,-0.0     2,-0.2     0, 0.0    -1,-0.1  -0.486  49.6-157.7-160.9 121.4  -11.2  -32.8  -44.3               
  624  624 A F        +     0   0  192     -2,-0.1     0, 0.0     1,-0.1     0, 0.0  -0.494  28.2  65.0 -87.4 154.9  -14.8  -31.7  -44.5               
  625  625 A R        -     0   0  209     -2,-0.2    -1,-0.1     2,-0.0     0, 0.0   0.922  53.7 -67.4  97.3 106.3  -17.8  -30.8  -42.1               
  626  626 A R        -     0   0  227      1,-0.1    -2,-0.0     2,-0.0     0, 0.0   0.851  19.4-130.2  57.9 106.7  -19.4  -28.8  -39.5               
  627  627 A S        -     0   0  114      1,-0.0     2,-0.6     0, 0.0    -1,-0.1  -0.616  44.3-119.3 -66.6 140.5  -19.4  -27.7  -35.9               
  628  628 A P        -     0   0  122      0, 0.0     2,-0.3     0, 0.0    -1,-0.0  -0.818  15.0-150.2 -92.0 120.0  -23.0  -28.2  -34.5               
  629  629 A T        -     0   0  144     -2,-0.6     2,-0.6     2,-0.0     0, 0.0  -0.662  23.3-135.3 -73.7 139.8  -24.9  -25.2  -33.2               
  630  630 A K        +     0   0  208     -2,-0.3     2,-0.2     2,-0.0    -1,-0.0  -0.697  51.5 103.4-122.0  81.0  -27.3  -26.5  -30.4               
  631  631 A S        +     0   0  108     -2,-0.6    -2,-0.0     1,-0.1     0, 0.0  -0.604  55.8   6.4 177.4 141.1  -30.9  -25.3  -30.3               
  632  632 A S        +     0   0  111     -2,-0.2    -1,-0.1     0, 0.0     2,-0.1   0.784  60.6  74.2-145.4 150.0  -33.8  -26.4  -31.1               
  633  633 A L        -     0   0  164      2,-0.0    -2,-0.1     0, 0.0     2,-0.0   0.103  44.7-129.0 144.7  97.1  -36.1  -29.4  -32.4               
  634  634 A D        +     0   0  122     -2,-0.1     2,-0.2     0, 0.0     0, 0.0   0.183  21.8 172.0  66.6  93.3  -37.3  -32.3  -31.0               
  635  635 A Y        -     0   0  239     -2,-0.0     2,-0.3     0, 0.0    -2,-0.0  -0.721  27.4-134.6-154.2 127.5  -37.4  -35.9  -31.9               
  636  636 A R        +     0   0  225     -2,-0.2     0, 0.0     1,-0.0     0, 0.0  -0.630  48.8  87.6 -75.2 129.8  -38.7  -38.6  -29.5               
  637  637 A R        +     0   0  245     -2,-0.3    -1,-0.0     0, 0.0     0, 0.0   0.277  28.4 166.6 155.5 117.3  -37.3  -42.0  -28.7               
  638  638 A L        -     0   0  150      2,-0.0     2,-0.2     0, 0.0    -2,-0.0  -0.450   8.8-176.2 -76.6 165.0  -34.8  -43.7  -26.3               
  639  639 A P        -     0   0  126      0, 0.0     2,-0.1     0, 0.0     0, 0.0  -0.504  19.1-143.0-139.7 160.5  -34.0  -46.8  -25.3               
  640  640 A D        +     0   0  143     -2,-0.2     2,-0.1     0, 0.0    -2,-0.0  -0.273  15.4 180.0 -71.0 158.3  -31.4  -47.7  -22.5               
  641  641 A A        -     0   0   82      1,-0.1     0, 0.0    -2,-0.1     0, 0.0  -0.504  39.6 -15.8-165.1 113.6  -28.8  -50.4  -22.0               
  642  642 A H        -     0   0  174     -2,-0.1    -1,-0.1     0, 0.0     2,-0.0   0.926  30.6-153.1  56.2 116.0  -26.3  -50.9  -19.0               
  643  643 A S        +     0   0  102      3,-0.0     0, 0.0     0, 0.0     0, 0.0   0.563  27.2 128.9  77.8 135.8  -24.6  -49.9  -16.3               
  644  644 A D        +     0   0  153     -2,-0.0     0, 0.0     2,-0.0     0, 0.0   0.902  43.8  81.8  96.0  76.6  -21.4  -50.7  -14.4               
  645  645 A Y        +     0   0  245      1,-0.0     2,-0.3     0, 0.0     0, 0.0  -0.086  50.6 124.4-165.0  79.5  -18.6  -48.4  -13.1               
  646  646 A A        +     0   0   97      1,-0.1     3,-0.1     2,-0.0    -3,-0.0  -0.688  25.7 106.7-137.2  86.8  -19.7  -46.8   -9.8               
  647  647 A R        +     0   0  242     -2,-0.3    -1,-0.1     1,-0.1     3,-0.1  -0.317  61.3  48.8-159.8  84.2  -17.4  -47.2   -6.6               
  648  648 A Y        +     0   0  239      1,-0.1     2,-0.2     0, 0.0    -1,-0.1   0.318  62.4  98.4 173.5  79.6  -15.4  -44.3   -5.3               
  649  649 A S        -     0   0  122     -3,-0.1     2,-0.5     0, 0.0    -1,-0.1  -0.707  53.7-158.4-140.9  93.9  -16.8  -40.8   -4.7               
  650  650 A G        -     0   0   75     -2,-0.2    -3,-0.0     1,-0.1     0, 0.0  -0.681  31.5 -49.5 -74.1 123.4  -17.7  -40.4   -1.0               
  651  651 A S  S    S+     0   0   99     -2,-0.5    -1,-0.1     2,-0.1     3,-0.0   0.629  70.3  91.4  27.7 123.1  -20.2  -37.9    0.2               
  652  652 A Y        +     0   0  229      0, 0.0     2,-0.2     0, 0.0    -2,-0.1   0.197  61.7  90.3-144.2 114.1  -21.5  -35.0    0.5               
  653  653 A N        +     0   0  134      2,-0.1     2,-0.2     0, 0.0    -2,-0.1  -0.668  37.2 130.9-156.8  99.0  -24.2  -34.2   -2.0               
  654  654 A D        +     0   0  165     -2,-0.2     2,-0.1    -3,-0.0     0, 0.0  -0.769  22.3 179.4-150.7 112.4  -27.9  -35.0   -1.3               
  655  655 A Y        +     0   0  192     -2,-0.2    -2,-0.1     1,-0.1     0, 0.0  -0.339  42.2  74.4 -77.3 178.2  -30.8  -32.6   -1.8               
  656  656 A L        +     0   0  172      1,-0.2     2,-0.3    -2,-0.1    -1,-0.1   0.989  32.2 131.8  74.5  81.6  -34.4  -33.6   -1.0               
  657  657 A R        +     0   0  252      1,-0.1    -1,-0.2     0, 0.0     0, 0.0  -0.945  68.0  35.0-135.0 142.0  -36.2  -34.0    2.2               
  658  658 A A        +     0   0   98     -2,-0.3     2,-0.8     1,-0.2    -1,-0.1   0.852  49.6 151.0  81.6  56.6  -39.6  -32.3    2.7               
  659  659 A A        +     0   0   95     -3,-0.1     2,-0.5     2,-0.0    -1,-0.2  -0.935  20.4 170.7 -85.8 103.5  -41.7  -32.2   -0.4               
  660  660 A Q        -     0   0  189     -2,-0.8     2,-0.1     2,-0.0     0, 0.0  -0.969  30.1-130.0-113.9 109.2  -45.0  -32.2    1.4               
  661  661 A M        +     0   0  160     -2,-0.5    -2,-0.0     1,-0.1     0, 0.0  -0.397  48.4 138.8 -59.2 130.1  -47.7  -31.4   -1.3               
  662  662 A H        +     0   0  199     -2,-0.1     2,-0.4     0, 0.0    -1,-0.1  -0.323  19.5 130.2-161.3  85.2  -50.4  -28.8   -0.9               
  663  663 A S        -     0   0  115      2,-0.0     2,-0.9     0, 0.0    -2,-0.0  -0.893  37.4-163.4-123.8  99.4  -51.1  -26.8   -4.1               
  664  664 A G        +     0   0   75     -2,-0.4     2,-0.3     2,-0.0     0, 0.0  -0.785  27.8 145.7 -82.5 105.1  -54.8  -26.8   -4.7               
  665  665 A Y        -     0   0  219     -2,-0.9     2,-0.4     2,-0.1    -2,-0.0  -0.833  28.3-161.7-134.8 103.7  -55.7  -25.8   -8.3               
  666  666 A Q        +     0   0  171     -2,-0.3     2,-0.4     2,-0.0    -2,-0.0  -0.638  12.4 178.6 -67.5 132.5  -58.7  -27.6   -9.8               
  667  667 A R        -     0   0  248     -2,-0.4     2,-0.5     2,-0.0    -2,-0.1  -0.948  13.4-161.3-120.5 121.8  -59.3  -27.7  -13.4               
  668  668 A R              0   0  225     -2,-0.4    -2,-0.0     0, 0.0     0, 0.0  -0.906 360.0 360.0 -84.9 125.4  -62.4  -29.6  -14.4               
  669  669 A M              0   0  260     -2,-0.5    -2,-0.0     0, 0.0     0, 0.0  -0.144 360.0 360.0 179.2 360.0  -62.8  -30.8  -17.9               
