==== Secondary Structure Definition by the program DSSP, CMBI version 2.0                          ==== DATE=2026-03-08        .
REFERENCE W. KABSCH AND C.SANDER, BIOPOLYMERS 22 (1983) 2577-2637                                                              .
HEADER                                            01-AUG-25                                                                    .
COMPND    MOL_ID: 1; MOLECULE: PROTEIN MONO-ADP-RIBOSYLTRANSFERASE PARP12; CHAIN                                               .
SOURCE    MOL_ID: 1; ORGANISM_SCIENTIFIC: HOMO SAPIENS; ORGANISM_TAXID: 9606                                                   .
AUTHOR                                                                                                                         .
  701  1  0  0  0 TOTAL NUMBER OF RESIDUES, NUMBER OF CHAINS, NUMBER OF SS-BRIDGES(TOTAL,INTRACHAIN,INTERCHAIN)                .
 42110.4   ACCESSIBLE SURFACE OF PROTEIN (ANGSTROM**2)                                                                         .
  448 63.9   TOTAL NUMBER OF HYDROGEN BONDS OF TYPE O(I)-->H-N(J)  , SAME NUMBER PER 100 RESIDUES                              .
   12  1.7   TOTAL NUMBER OF HYDROGEN BONDS IN     PARALLEL BRIDGES, SAME NUMBER PER 100 RESIDUES                              .
  105 15.0   TOTAL NUMBER OF HYDROGEN BONDS IN ANTIPARALLEL BRIDGES, SAME NUMBER PER 100 RESIDUES                              .
    3  0.4   TOTAL NUMBER OF HYDROGEN BONDS OF TYPE O(I)-->H-N(I-5), SAME NUMBER PER 100 RESIDUES                              .
    2  0.3   TOTAL NUMBER OF HYDROGEN BONDS OF TYPE O(I)-->H-N(I-4), SAME NUMBER PER 100 RESIDUES                              .
    4  0.6   TOTAL NUMBER OF HYDROGEN BONDS OF TYPE O(I)-->H-N(I-3), SAME NUMBER PER 100 RESIDUES                              .
    0  0.0   TOTAL NUMBER OF HYDROGEN BONDS OF TYPE O(I)-->H-N(I-2), SAME NUMBER PER 100 RESIDUES                              .
    0  0.0   TOTAL NUMBER OF HYDROGEN BONDS OF TYPE O(I)-->H-N(I-1), SAME NUMBER PER 100 RESIDUES                              .
    0  0.0   TOTAL NUMBER OF HYDROGEN BONDS OF TYPE O(I)-->H-N(I+0), SAME NUMBER PER 100 RESIDUES                              .
    0  0.0   TOTAL NUMBER OF HYDROGEN BONDS OF TYPE O(I)-->H-N(I+1), SAME NUMBER PER 100 RESIDUES                              .
   88 12.6   TOTAL NUMBER OF HYDROGEN BONDS OF TYPE O(I)-->H-N(I+2), SAME NUMBER PER 100 RESIDUES                              .
   78 11.1   TOTAL NUMBER OF HYDROGEN BONDS OF TYPE O(I)-->H-N(I+3), SAME NUMBER PER 100 RESIDUES                              .
  141 20.1   TOTAL NUMBER OF HYDROGEN BONDS OF TYPE O(I)-->H-N(I+4), SAME NUMBER PER 100 RESIDUES                              .
   10  1.4   TOTAL NUMBER OF HYDROGEN BONDS OF TYPE O(I)-->H-N(I+5), SAME NUMBER PER 100 RESIDUES                              .
  1  2  3  4  5  6  7  8  9 10 11 12 13 14 15 16 17 18 19 20 21 22 23 24 25 26 27 28 29 30     *** HISTOGRAMS OF ***           .
  0  0  0  5  2  0  2  1  3  1  2  1  0  0  1  0  1  0  0  1  0  0  0  0  0  0  0  0  0  0    RESIDUES PER ALPHA HELIX         .
  4  0  1  0  0  0  0  0  0  0  0  0  0  0  0  0  0  0  0  0  0  0  0  0  0  0  0  0  0  0    PARALLEL BRIDGES PER LADDER      .
  3  3  3  5  2  3  0  2  0  0  0  0  0  0  0  0  0  0  0  0  0  0  0  0  0  0  0  0  0  0    ANTIPARALLEL BRIDGES PER LADDER  .
  0  3  1  1  0  0  0  1  0  0  0  0  0  0  0  0  0  0  0  0  0  0  0  0  0  0  0  0  0  0    LADDERS PER SHEET                .
  #  RESIDUE AA STRUCTURE BP1 BP2  ACC     N-H-->O    O-->H-N    N-H-->O    O-->H-N    TCO  KAPPA ALPHA  PHI   PSI    X-CA   Y-CA   Z-CA            CHAIN
    1    1 A M    >>        0   0  225      0, 0.0     4,-1.4     0, 0.0     3,-0.6   0.000 360.0 360.0 360.0 -41.4   -6.7   42.5   -7.3               
    2    2 A A  H 3>  +     0   0   85      1,-0.2     4,-1.7     2,-0.2     0, 0.0   0.839 360.0  52.9 -56.0 -39.7   -7.6   42.1  -11.0               
    3    3 A Q  H 3> S+     0   0  162      1,-0.2     4,-2.3     2,-0.2    -1,-0.2   0.876 106.0  52.8 -66.1 -36.8   -6.9   38.3  -11.2               
    4    4 A A  H <> S+     0   0   75     -3,-0.6     4,-2.3     2,-0.2    -1,-0.2   0.915 107.9  50.8 -67.7 -40.3   -9.2   37.4   -8.2               
    5    5 A G  H  X S+     0   0   50     -4,-1.4     4,-2.6     2,-0.2    -1,-0.2   0.915 111.1  48.9 -61.2 -42.0  -12.2   39.3   -9.7               
    6    6 A V  H  X S+     0   0   21     -4,-1.7     4,-2.6     2,-0.2     5,-0.2   0.927 111.1  48.4 -66.1 -46.1  -11.8   37.5  -13.1               
    7    7 A V  H  X S+     0   0   12     -4,-2.3     4,-2.3     2,-0.2    -1,-0.2   0.907 112.6  51.5 -58.1 -41.1  -11.5   34.0  -11.4               
    8    8 A G  H  X S+     0   0    9     -4,-2.3     4,-2.5     2,-0.2    -2,-0.2   0.942 110.4  46.7 -60.0 -49.6  -14.7   35.0   -9.4               
    9    9 A E  H  X S+     0   0   28     -4,-2.6     4,-2.8     2,-0.2     5,-0.2   0.928 113.2  48.0 -60.9 -48.5  -16.6   36.0  -12.6               
   10   10 A V  H  X S+     0   0    0     -4,-2.6     4,-2.3     1,-0.2    -1,-0.2   0.923 113.2  48.9 -59.8 -43.8  -15.6   32.8  -14.5               
   11   11 A T  H  X S+     0   0    4     -4,-2.3     4,-2.6    -5,-0.2    -2,-0.2   0.923 113.1  47.5 -61.0 -44.1  -16.6   30.7  -11.4               
   12   12 A Q  H  X S+     0   0   73     -4,-2.5     4,-2.9     2,-0.2     5,-0.2   0.952 111.7  48.6 -63.1 -50.1  -20.0   32.5  -11.1               
   13   13 A V  H  X S+     0   0   23     -4,-2.8     4,-1.0     1,-0.2    -1,-0.2   0.884 114.5  46.9 -59.4 -41.7  -20.8   32.2  -14.9               
   14   14 A L  H ><>S+     0   0    0     -4,-2.3     5,-2.3    -5,-0.2     3,-0.6   0.954 113.6  46.6 -64.2 -51.2  -20.0   28.4  -14.8               
   15   15 A C  H ><5S+     0   0    6     -4,-2.6     3,-1.3     4,-0.3    -2,-0.2   0.892 110.3  53.4 -61.6 -39.4  -22.0   27.8  -11.6               
   16   16 A A  H 3<5S+     0   0   69     -4,-2.9    -1,-0.2     1,-0.3    -2,-0.2   0.770 107.9  53.3 -63.3 -26.9  -25.0   29.8  -13.0               
   17   17 A A  T X<5S-     0   0   30     -4,-1.0     3,-0.5    -3,-0.6    -1,-0.3   0.024 137.3 -80.4 -96.7  23.6  -24.8   27.5  -16.1               
   18   18 A G  T < 5S-     0   0   21     -3,-1.3    -3,-0.2     1,-0.2    -2,-0.2   0.709  79.6 -68.7  81.7  20.5  -25.0   24.2  -14.2               
   19   19 A G  T 3 <S+     0   0    0     -5,-2.3    49,-2.4    -6,-0.2     2,-0.3   0.393 117.8  64.9  82.6   2.1  -21.2   24.2  -13.3               
   20   20 A A  E <   +A   67   0A  12     -6,-0.5     2,-0.3    -3,-0.5    47,-0.2  -0.984  51.8 176.4-151.0 145.5  -19.9   23.7  -16.8               
   21   21 A L  E     -A   66   0A  17     45,-2.3    45,-3.2    -2,-0.3     2,-0.1  -0.995  37.6-103.1-142.5 147.6  -19.9   25.5  -20.2               
   22   22 A E  E  >  -A   65   0A  87     -2,-0.3     4,-2.8    43,-0.3    43,-0.3  -0.394  41.7-113.7 -58.9 143.7  -18.4   25.0  -23.7               
   23   23 A L  H  > S+     0   0   13     41,-2.8     4,-2.1     1,-0.2     5,-0.1   0.864 116.3  48.3 -56.8 -41.0  -15.3   27.2  -24.1               
   24   24 A P  H  > S+     0   0   92      0, 0.0     4,-1.7     0, 0.0    -1,-0.2   0.914 113.3  48.6 -63.5 -40.9  -17.0   29.4  -26.9               
   25   25 A E  H  > S+     0   0   32      2,-0.2     4,-1.3     1,-0.2    -2,-0.2   0.917 109.9  51.5 -64.5 -43.9  -20.1   29.8  -24.7               
   26   26 A L  H >X S+     0   0    0     -4,-2.8     4,-1.1     1,-0.2     3,-0.7   0.941 107.8  52.7 -58.0 -47.9  -18.0   30.8  -21.7               
   27   27 A R  H 3< S+     0   0  106     -4,-2.1     3,-0.4     1,-0.2    -1,-0.2   0.863 108.3  51.1 -56.7 -39.0  -16.2   33.5  -23.8               
   28   28 A R  H 3< S+     0   0  178     -4,-1.7    -1,-0.2     1,-0.2    -2,-0.2   0.764 110.1  49.6 -69.0 -29.4  -19.6   34.9  -24.9               
   29   29 A R  H << S+     0   0  117     -4,-1.3     2,-0.4    -3,-0.7    -1,-0.2   0.595  84.9 100.8 -89.0 -15.4  -20.9   35.2  -21.2               
   30   30 A L     <  -     0   0   17     -4,-1.1   -20,-0.0    -3,-0.4     4,-0.0  -0.614  55.8-160.5 -74.3 126.7  -17.9   36.9  -19.7               
   31   31 A R  S    S+     0   0  232     -2,-0.4     2,-0.8     2,-0.1    -1,-0.2   0.858  80.5  76.3 -72.6 -39.2  -18.5   40.7  -19.2               
   32   32 A M  S    S-     0   0  111      1,-0.1     2,-2.6   -26,-0.1    -2,-0.1  -0.694  91.9-132.1 -72.9 109.3  -14.7   41.3  -19.0               
   33   33 A G        -     0   0   83     -2,-0.8     2,-0.3    -5,-0.0    -1,-0.1  -0.391  34.5-173.7 -64.2  69.3  -13.6   41.0  -22.7               
   34   34 A L        -     0   0   51     -2,-2.6    -4,-0.1    -7,-0.1    -2,-0.0  -0.528  25.0-117.8 -66.6 130.9  -10.7   38.6  -21.9               
   35   35 A S     >  -     0   0   67     -2,-0.3     4,-2.4     1,-0.1     3,-0.3  -0.302  29.4-107.4 -59.1 153.1   -8.5   37.7  -24.9               
   36   36 A A  H  > S+     0   0   42      1,-0.2     4,-2.4     2,-0.2     5,-0.1   0.890 123.0  49.1 -50.5 -41.3   -8.4   34.0  -25.9               
   37   37 A D  H  > S+     0   0  118      2,-0.2     4,-2.0     1,-0.2    -1,-0.2   0.810 107.4  53.5 -70.8 -35.2   -4.9   33.8  -24.4               
   38   38 A A  H  > S+     0   0   23     -3,-0.3     4,-2.0     2,-0.2    -2,-0.2   0.943 111.8  45.6 -65.7 -43.8   -5.9   35.5  -21.1               
   39   39 A L  H  X S+     0   0    1     -4,-2.4     4,-2.7     2,-0.2    -2,-0.2   0.939 110.9  52.6 -64.3 -45.9   -8.7   33.0  -20.6               
   40   40 A E  H  X S+     0   0   35     -4,-2.4     4,-0.7    -5,-0.2    -1,-0.2   0.882 110.0  49.1 -59.1 -37.8   -6.4   30.0  -21.5               
   41   41 A R  H >< S+     0   0  176     -4,-2.0     3,-0.7     2,-0.2    -1,-0.2   0.919 111.9  48.9 -65.1 -41.9   -3.9   31.2  -18.9               
   42   42 A L  H >< S+     0   0   19     -4,-2.0     3,-2.0     1,-0.2    -2,-0.2   0.917 105.9  56.6 -61.6 -44.8   -6.7   31.5  -16.3               
   43   43 A L  H 3< S+     0   0    9     -4,-2.7    -1,-0.2     1,-0.3    -2,-0.2   0.642  96.7  65.1 -67.2 -14.9   -8.0   28.0  -17.1               
   44   44 A R  T << S+     0   0  156     -3,-0.7     2,-0.7    -4,-0.7    -1,-0.3   0.542  72.5 114.9 -80.0  -9.4   -4.5   26.5  -16.3               
   45   45 A Q  S X> S-     0   0   91     -3,-2.0     3,-1.4    -4,-0.2     4,-1.2  -0.511  70.9-127.9 -68.2 108.6   -5.0   27.6  -12.6               
   46   46 A R  T 34 S+     0   0  217     -2,-0.7     4,-0.1     1,-0.2    -1,-0.1  -0.254  84.0  18.1 -60.2 140.5   -5.1   24.3  -10.7               
   47   47 A G  T 34 S+     0   0   44      2,-0.3    -1,-0.2     1,-0.1     3,-0.1   0.328 116.6  65.7  82.9  -3.5   -8.0   23.6   -8.3               
   48   48 A R  T <4 S+     0   0   55     -3,-1.4    21,-2.9     1,-0.4     2,-0.3   0.716 105.4  20.7-111.2 -40.9  -10.3   26.3   -9.7               
   49   49 A F  E  <  -B   68   0A  10     -4,-1.2     2,-0.4    19,-0.2    -1,-0.4  -0.960  56.2-160.4-133.4 148.4  -11.1   25.1  -13.3               
   50   50 A V  E     -B   67   0A  10     17,-2.1    17,-2.9    -2,-0.3     2,-0.6  -0.997  10.5-151.6-123.4 133.1  -11.0   21.8  -15.1               
   51   51 A V  E     +B   66   0A  35     -2,-0.4     2,-0.2    15,-0.2    15,-0.2  -0.936  22.8 177.3-105.3 113.8  -11.0   21.6  -19.0               
   52   52 A A  E     -B   65   0A   2     13,-2.8    13,-2.4    -2,-0.6     2,-0.5  -0.681  26.9-132.0-106.0 162.7  -12.5   18.4  -20.3               
   53   53 A V  E     -B   64   0A  83     -2,-0.2     2,-0.4    11,-0.2    11,-0.2  -0.992  24.0-168.4-114.8 118.9  -13.2   17.2  -23.8               
   54   54 A R  E     -B   63   0A  39      9,-2.5     9,-2.2    -2,-0.5     2,-0.3  -0.888  27.3-113.2-104.5 138.3  -16.7   15.9  -24.4               
   55   55 A A        -     0   0   92     -2,-0.4     6,-0.1     7,-0.2     3,-0.1  -0.573  32.5-131.6 -62.3 127.5  -17.7   14.0  -27.5               
   56   56 A G        -     0   0   19      4,-0.7    -1,-0.1    -2,-0.3     5,-0.0  -0.215  46.0 -67.2 -60.6 168.5  -20.1   16.0  -29.6               
   57   57 A G  S >  S-     0   0   58      1,-0.1     3,-3.0     4,-0.1     2,-0.4  -0.093  79.3 -65.1 -51.1 168.4  -23.3   14.2  -30.8               
   58   58 A A  T 3  S+     0   0  125      1,-0.3    -1,-0.1    -3,-0.1    -2,-0.0   0.395 138.3  27.2 -52.0  -1.1  -22.7   11.4  -33.5               
   59   59 A A  T 3  S+     0   0  110     -2,-0.4     2,-0.3     2,-0.1    -1,-0.3   0.269  99.7 102.2-134.9   4.3  -21.4   14.0  -36.1               
   60   60 A A  S <  S-     0   0   50     -3,-3.0    -4,-0.7     1,-0.1     3,-0.1  -0.739  73.6-108.4-101.5 142.1  -20.0   16.9  -34.0               
   61   61 A A        -     0   0   75     -2,-0.3     2,-0.2     1,-0.1    -4,-0.1  -0.246  49.9 -86.3 -57.4 148.4  -16.3   17.6  -33.3               
   62   62 A P        -     0   0   93      0, 0.0     2,-0.3     0, 0.0    -7,-0.2  -0.446  51.9-142.1 -59.9 127.0  -15.1   16.9  -29.7               
   63   63 A E  E     - B   0  54A  77     -9,-2.2    -9,-2.5    -2,-0.2     2,-0.7  -0.713   6.9-125.1-100.9 139.4  -15.9   20.1  -27.7               
   64   64 A R  E     - B   0  53A  97     -2,-0.3   -41,-2.8   -11,-0.2     2,-0.4  -0.754  30.4-167.4 -81.5 116.7  -13.7   21.7  -24.9               
   65   65 A V  E     -AB  22  52A   7    -13,-2.4   -13,-2.8    -2,-0.7     2,-0.4  -0.890  10.1-147.6-109.4 130.1  -15.9   22.1  -21.8               
   66   66 A V  E     -AB  21  51A   0    -45,-3.2   -45,-2.3    -2,-0.4     2,-0.4  -0.851  17.0-165.0 -96.0 132.2  -14.8   24.3  -18.8               
   67   67 A L  E     -AB  20  50A   0    -17,-2.9   -17,-2.1    -2,-0.4     2,-0.5  -0.937  23.0-117.7-120.2 142.6  -15.9   23.1  -15.4               
   68   68 A A  E     - B   0  49A   0    -49,-2.4     2,-0.3    -2,-0.4   -19,-0.2  -0.659  37.1-173.1 -76.9 120.7  -16.0   24.9  -12.0               
   69   69 A A        +     0   0    8    -21,-2.9    78,-0.1    -2,-0.5    74,-0.1  -0.885   9.5 166.1-116.6 145.3  -13.7   23.1   -9.5               
   70   70 A S        -     0   0    6     -2,-0.3   -22,-0.1    73,-0.2   -23,-0.1  -0.970  40.2-141.0-155.1 144.3  -13.2   23.7   -5.8               
   71   71 A P        +     0   0   80      0, 0.0     2,-0.1     0, 0.0   -23,-0.1   0.485  66.6 125.5 -78.1  -2.2  -11.7   22.0   -2.7               
   72   72 A L        +     0   0    1     58,-0.1     2,-0.3    19,-0.1    19,-0.1  -0.353  36.0 171.4 -61.0 130.5  -14.7   23.3   -0.6               
   73   73 A R        -     0   0   68     17,-0.3    19,-2.4    -2,-0.1     2,-0.3  -0.930  37.4 -99.7-134.8 159.8  -16.6   20.5    1.3               
   74   74 A L  B     -c   92   0B   2     -2,-0.3     2,-0.8    17,-0.2    19,-0.2  -0.629  45.0-109.8 -74.4 139.9  -19.4   20.2    3.9               
   75   75 A C    >>  -     0   0    3     17,-2.9     3,-0.7    -2,-0.3     4,-0.6  -0.588  26.4-165.5 -72.9 109.4  -18.1   19.5    7.4               
   76   76 A R  H >> S+     0   0  136     -2,-0.8     3,-1.0     1,-0.2     4,-0.5   0.874  88.6  58.4 -64.6 -35.6  -19.0   15.9    8.2               
   77   77 A A  H 34 S+     0   0   47      1,-0.2     7,-1.5     2,-0.2     8,-0.4   0.753 104.2  52.5 -66.2 -24.8  -18.2   16.5   12.0               
   78   78 A H  H <4 S+     0   0   41     -3,-0.7    -1,-0.2     6,-0.2    -2,-0.2   0.611 102.2  59.9 -82.6 -14.9  -20.9   19.3   11.9               
   79   79 A Q  H << S+     0   0   30     -3,-1.0    -2,-0.2    -4,-0.6    -1,-0.2   0.585  86.1 101.8 -88.1 -15.1  -23.6   16.9   10.4               
   80   80 A G  S  < S-     0   0   39     -4,-0.5     4,-0.1    -3,-0.3    -3,-0.0  -0.164  88.2-108.4 -68.8 164.0  -23.5   14.4   13.3               
   81   81 A S  S    S+     0   0  104      2,-0.1    -1,-0.1     3,-0.0    -3,-0.0   0.668 109.5  53.6 -65.7 -17.3  -26.0   14.1   16.2               
   82   82 A K  S    S-     0   0  170     -5,-0.1     2,-1.1     0, 0.0    -2,-0.3  -0.972  98.4-111.4-116.8 134.5  -23.3   15.5   18.5               
   83   83 A P        +     0   0  126      0, 0.0    -5,-0.2     0, 0.0    -2,-0.1  -0.529  52.0 159.4 -64.0  96.2  -21.5   18.9   17.7               
   84   84 A G        +     0   0   49     -7,-1.5     2,-0.8    -2,-1.1    -6,-0.2   0.447  36.9  99.7-102.5  -6.4  -18.0   17.3   17.0               
   85   85 A C        +     0   0   33     -8,-0.4     2,-0.3    -3,-0.1     4,-0.1  -0.787  47.4 163.1 -88.8 109.5  -16.5   20.2   15.0               
   86   86 A V        +     0   0  131     -2,-0.8     2,-0.1     2,-0.1    -9,-0.0  -0.924  41.0   1.9-123.2 147.7  -14.1   22.2   17.3               
   87   87 A G  S    S-     0   0   71     -2,-0.3     2,-2.0     1,-0.1    -2,-0.0  -0.379 113.6  -1.8  82.8-155.8  -11.4   24.7   16.4               
   88   88 A L  S    S-     0   0  189     -2,-0.1     2,-0.4     2,-0.1    -1,-0.1  -0.447  71.7-179.5 -75.3  68.7  -10.1   26.1   13.0               
   89   89 A C        -     0   0   27     -2,-2.0     4,-0.1     1,-0.1    37,-0.1  -0.620  19.7-164.0 -75.7 128.8  -12.4   24.1   10.6               
   90   90 A A        +     0   0   69     -2,-0.4     2,-0.3     2,-0.1   -17,-0.3   0.084  63.6  86.9 -95.6  18.4  -11.8   24.8    6.9               
   91   91 A Q  S    S-     0   0   68    -19,-0.1     2,-0.2   -17,-0.0   -17,-0.2  -0.898  86.4 -91.9-122.3 153.3  -15.2   23.1    5.9               
   92   92 A L  B     -c   74   0B   0    -19,-2.4   -17,-2.9    -2,-0.3     2,-1.2  -0.429  21.2-148.2 -70.5 130.1  -18.8   24.5    5.6               
   93   93 A H        +     0   0   28     -2,-0.2     2,-0.3   -19,-0.2    24,-0.2  -0.751  52.4 131.6 -90.9  81.4  -21.1   24.2    8.6               
   94   94 A L        -     0   0    1     -2,-1.2    22,-0.2   -19,-0.1     2,-0.1  -0.995  64.6-101.5-140.3 134.0  -24.3   23.9    6.5               
   95   95 A C    >>  -     0   0    0     20,-3.1     4,-1.8    -2,-0.3     3,-0.8  -0.322  23.3-143.9 -56.2 123.2  -27.2   21.3    6.8               
   96   96 A R  H 3> S+     0   0   39      1,-0.2     4,-1.5     2,-0.2     5,-0.1   0.888 101.4  53.6 -53.2 -44.2  -26.9   18.6    4.1               
   97   97 A F  H 34>S+     0   0   77      1,-0.2     5,-2.2     2,-0.2    -1,-0.2   0.764 103.9  55.6 -69.6 -24.5  -30.7   18.5    3.7               
   98   98 A M  H X45S+     0   0   44     -3,-0.8     3,-1.6     3,-0.2    -1,-0.2   0.927 105.9  51.5 -70.0 -40.5  -30.8   22.3    3.1               
   99   99 A V  H 3<5S+     0   0    7     -4,-1.8    -2,-0.2     1,-0.3    -1,-0.2   0.828 105.9  55.9 -62.6 -32.0  -28.3   21.7    0.2               
  100  100 A Y  T 3<5S-     0   0    1     -4,-1.5   116,-1.7    -5,-0.2    -1,-0.3   0.551 122.3-111.5 -74.1  -7.5  -30.7   19.1   -1.1               
  101  101 A G  T < 5S+     0   0   47     -3,-1.6    -3,-0.2   114,-0.2     2,-0.2   0.400  94.1  76.2  91.1   1.9  -33.5   21.8   -1.1               
  102  102 A A      < -     0   0    9     -5,-2.2     2,-0.7   112,-0.3    -4,-0.2  -0.593  48.6-179.8-151.8  86.7  -35.5   20.2    1.7               
  103  103 A C     >  -     0   0    2     -2,-0.2     4,-2.5     1,-0.2     5,-0.2  -0.748  21.0-150.7 -80.4 117.4  -34.7   20.3    5.5               
  104  104 A K  H  > S+     0   0  143     -2,-0.7     4,-1.4     1,-0.2     6,-0.2   0.809  96.9  53.0 -56.2 -33.3  -37.5   18.3    7.3               
  105  105 A F  H  4>S+     0   0   83      2,-0.2     5,-2.9     1,-0.2    -1,-0.2   0.940 109.3  47.6 -70.7 -43.2  -37.0   20.5   10.4               
  106  106 A L  H >45S+     0   0   94      1,-0.2     3,-1.8     3,-0.2    -2,-0.2   0.926 111.8  50.6 -61.3 -45.5  -37.4   23.7    8.4               
  107  107 A R  H 3<5S+     0   0  187     -4,-2.5    -1,-0.2     1,-0.3    -2,-0.2   0.816 110.6  50.2 -60.6 -33.2  -40.5   22.3    6.7               
  108  108 A A  T 3<5S-     0   0   61     -4,-1.4    -1,-0.3    -5,-0.2    -2,-0.2   0.258 116.9-114.3 -84.9   5.8  -41.9   21.4   10.1               
  109  109 A G  T < 5S+     0   0   72     -3,-1.8     2,-0.3     1,-0.2    -3,-0.2   0.702  75.8 132.3  64.8  19.3  -41.2   25.0   11.5               
  110  110 A K      < -     0   0  139     -5,-2.9     2,-0.4    -6,-0.2    -1,-0.2  -0.789  66.9-100.4-102.4 149.0  -38.6   23.4   13.9               
  111  111 A N        -     0   0  159     -2,-0.3     2,-0.3    -3,-0.1    -5,-0.0  -0.464  34.6-139.2 -65.3 119.5  -35.0   24.6   14.6               
  112  112 A C        -     0   0   27     -2,-0.4     4,-0.1     2,-0.1    -1,-0.1  -0.665   5.4-140.5 -74.2 137.4  -32.6   22.4   12.6               
  113  113 A R  S    S+     0   0  213     -2,-0.3     2,-0.4     2,-0.1    -1,-0.1   0.769  88.0  72.1 -67.9 -26.9  -29.4   21.5   14.7               
  114  114 A N  S    S-     0   0   23    -35,-0.1    -2,-0.1     1,-0.1   -19,-0.1  -0.756  99.7-102.2 -90.6 137.8  -27.3   22.0   11.6               
  115  115 A S        -     0   0   29     -2,-0.4   -20,-3.1     1,-0.1   -17,-0.1  -0.269  26.9-171.0 -59.6 137.1  -26.8   25.7   10.4               
  116  116 A H        +     0   0   50    -22,-0.2     2,-0.5    -4,-0.1    -1,-0.1   0.376  61.3  95.8 -99.9  -1.2  -29.0   26.8    7.4               
  117  117 A S    >   -     0   0   44    -24,-0.2     3,-0.5     1,-0.1     6,-0.2  -0.817  49.4-172.8-101.6 127.2  -27.0   30.1    7.1               
  118  118 A L  T 3  S+     0   0   24     -2,-0.5     9,-0.2     1,-0.2    -1,-0.1   0.577  85.4  71.8 -77.3 -14.2  -24.1   30.7    4.7               
  119  119 A T  T 3   +     0   0  104      4,-0.1    -1,-0.2     5,-0.1     2,-0.1   0.275  64.6 122.6 -94.2   8.5  -23.6   34.1    6.5               
  120  120 A T  S <> S-     0   0   46     -3,-0.5     4,-3.0   -27,-0.1     5,-0.3  -0.453  77.4-114.6 -61.4 146.0  -22.3   32.7    9.8               
  121  121 A E  H  > S+     0   0  176      1,-0.2     4,-2.3     2,-0.2     5,-0.2   0.908 118.3  50.1 -50.8 -43.6  -18.8   34.2   10.7               
  122  122 A H  H  > S+     0   0   49      2,-0.2     4,-2.5     1,-0.2    -1,-0.2   0.940 112.1  44.6 -57.1 -54.9  -17.4   30.6   10.2               
  123  123 A N  H  > S+     0   0    0      1,-0.2     4,-3.1     2,-0.2    -2,-0.2   0.914 113.2  50.9 -65.9 -39.6  -19.0   30.0    6.8               
  124  124 A L  H  X S+     0   0   50     -4,-3.0     4,-2.7     2,-0.2    -1,-0.2   0.905 110.8  49.7 -61.1 -42.3  -18.1   33.5    5.5               
  125  125 A S  H  X S+     0   0   67     -4,-2.3     4,-2.4    -5,-0.3    -2,-0.2   0.944 113.9  45.0 -61.1 -46.8  -14.5   32.9    6.6               
  126  126 A V  H  X S+     0   0    6     -4,-2.5     4,-2.1     2,-0.2    -2,-0.2   0.944 114.0  49.2 -61.5 -48.0  -14.4   29.5    4.8               
  127  127 A L  H  <>S+     0   0    8     -4,-3.1     5,-2.2     2,-0.2     6,-0.4   0.914 112.9  47.1 -61.3 -42.7  -16.1   30.9    1.7               
  128  128 A R  H ><5S+     0   0  157     -4,-2.7     3,-1.5     2,-0.2    -1,-0.2   0.900 109.4  53.8 -63.8 -42.0  -13.6   33.8    1.5               
  129  129 A T  H 3<5S+     0   0  106     -4,-2.4    -1,-0.2     1,-0.3    -2,-0.2   0.882 113.8  42.9 -60.6 -37.0  -10.7   31.4    2.0               
  130  130 A H  T 3<5S-     0   0   27     -4,-2.1    -1,-0.3    -5,-0.2    -2,-0.2   0.421 111.7-125.7 -86.7   2.7  -12.0   29.5   -1.0               
  131  131 A G  T < 5S+     0   0   25     -3,-1.5    -3,-0.2    -4,-0.1    -2,-0.1   0.911  83.5 106.2  52.2  44.2  -12.7   32.8   -2.9               
  132  132 A V    > < +     0   0    2     -5,-2.2     3,-1.2    -6,-0.1    -4,-0.2   0.058  32.6 110.8-136.1  18.0  -16.4   31.9   -3.5               
  133  133 A D  T 3  S+     0   0   77     -6,-0.4    -5,-0.1     1,-0.2    -6,-0.1   0.633  73.1  63.9 -71.5 -14.4  -18.1   34.3   -1.0               
  134  134 A H  T 3  S+     0   0   74     -7,-0.2     2,-0.3    -6,-0.1    -1,-0.2   0.502  83.1 103.2 -82.8  -9.9  -19.6   36.2   -4.0               
  135  135 A L  S <  S-     0   0   16     -3,-1.2    -3,-0.1     1,-0.1  -123,-0.0  -0.566  72.8-122.2 -77.7 140.0  -21.6   33.2   -5.2               
  136  136 A S     >  -     0   0   55     -2,-0.3     4,-2.7     1,-0.1     5,-0.2  -0.229  34.8 -98.5 -64.3 165.0  -25.4   32.9   -4.6               
  137  137 A Y  H  > S+     0   0   64      1,-0.2     4,-2.3     2,-0.2     5,-0.1   0.900 124.7  47.2 -54.1 -43.9  -26.8   30.0   -2.6               
  138  138 A N  H  > S+     0   0  121      2,-0.2     4,-2.5     1,-0.2    -1,-0.2   0.909 112.0  48.9 -69.5 -42.2  -27.8   28.1   -5.8               
  139  139 A E  H  > S+     0   0   23      2,-0.2     4,-2.3     1,-0.2    -2,-0.2   0.901 112.7  49.1 -63.9 -40.3  -24.4   28.7   -7.5               
  140  140 A L  H  X S+     0   0    3     -4,-2.7     4,-2.7     2,-0.2    -2,-0.2   0.907 109.9  50.9 -65.8 -42.2  -22.6   27.5   -4.3               
  141  141 A C  H  X S+     0   0    8     -4,-2.3     4,-2.8    -5,-0.2    -2,-0.2   0.941 110.1  50.0 -60.7 -45.5  -24.9   24.4   -4.2               
  142  142 A Q  H  X S+     0   0    5     -4,-2.5     4,-1.6     1,-0.2    -2,-0.2   0.925 112.1  48.1 -56.8 -45.9  -24.0   23.6   -7.9               
  143  143 A L  H  X S+     0   0    2     -4,-2.3     4,-0.7     1,-0.2    -2,-0.2   0.914 113.5  47.7 -60.3 -45.3  -20.3   24.0   -7.0               
  144  144 A L  H >X S+     0   0    2     -4,-2.7     4,-3.2     1,-0.2     3,-0.9   0.922 107.5  54.9 -63.5 -46.3  -20.6   21.7   -4.0               
  145  145 A F  H 3< S+     0   0    2     -4,-2.8    -1,-0.2     1,-0.3    -2,-0.2   0.868 112.7  41.2 -60.1 -40.5  -22.6   18.9   -5.8               
  146  146 A Q  H 3< S+     0   0    4     -4,-1.6    -1,-0.3    -5,-0.2    -2,-0.2   0.558 125.3  36.4 -84.6  -8.0  -20.0   18.5   -8.5               
  147  147 A N  H << S+     0   0   11     -3,-0.9    -2,-0.2    -4,-0.7    -3,-0.2   0.703 105.0  65.6-114.8 -30.5  -17.0   18.8   -6.1               
  148  148 A D    ><  -     0   0    5     -4,-3.2     3,-2.0    -5,-0.2     4,-0.5  -0.831  59.5-166.7 -99.1 101.3  -18.1   17.0   -2.8               
  149  149 A P  T 3  S+     0   0   98      0, 0.0     3,-0.5     0, 0.0    -1,-0.1   0.692  83.9  70.3 -62.1 -18.1  -18.6   13.3   -3.5               
  150  150 A W  T 3  S+     0   0   64      1,-0.2     4,-0.1   -76,-0.1    -5,-0.1   0.718  93.5  56.3 -70.0 -22.6  -20.4   13.0   -0.1               
  151  151 A L  S <  S+     0   0    0     -3,-2.0    -1,-0.2    -7,-0.2    -6,-0.1   0.695  92.5  83.1 -81.5 -21.7  -23.4   15.0   -1.5               
  152  152 A L  S    S-     0   0   21     -4,-0.5     3,-0.1    -3,-0.5    -6,-0.0  -0.698  84.6-117.9 -87.6 131.8  -24.0   12.5   -4.4               
  153  153 A P        -     0   0   12      0, 0.0     2,-0.3     0, 0.0    24,-0.1  -0.286  40.4-101.3 -55.4 147.4  -26.0    9.3   -3.9               
  154  154 A E        -     0   0  125     22,-0.2    24,-2.8    -4,-0.1     2,-0.4  -0.568  26.6-134.3 -77.1 139.3  -24.0    6.2   -4.5               
  155  155 A I  B     -d  178   0C  29     -2,-0.3     2,-0.6    22,-0.2    24,-0.2  -0.745  27.7-113.4 -86.6 133.8  -24.4    4.3   -7.9               
  156  156 A C     >  -     0   0    4     22,-2.9     4,-1.0    -2,-0.4    26,-0.2  -0.564  24.5-166.9 -71.0 113.5  -24.8    0.5   -7.4               
  157  157 A Q  T  4 S+     0   0  126     -2,-0.6     4,-0.2     2,-0.2    -1,-0.2   0.856  88.9  55.3 -69.1 -32.9  -21.7   -1.2   -8.9               
  158  158 A H  T >4 S+     0   0   97      1,-0.2    10,-1.9     2,-0.2     3,-1.5   0.890 103.1  54.7 -69.9 -36.6  -23.4   -4.6   -8.8               
  159  159 A Y  T 34 S+     0   0   14      1,-0.3    -1,-0.2     9,-0.2    -2,-0.2   0.834 104.5  56.5 -58.5 -33.3  -26.3   -3.3  -10.8               
  160  160 A N  T 3< S+     0   0   22     -4,-1.0    -1,-0.3     7,-0.1     2,-0.2   0.502 107.1  59.9 -80.1  -0.0  -23.6   -2.2  -13.4               
  161  161 A K  S <  S+     0   0  122     -3,-1.5     7,-2.0    -4,-0.2     8,-0.3  -0.757  89.8  15.9-121.7 163.0  -22.4   -5.9  -13.6               
  162  162 A G  S    S-     0   0   38      5,-0.3     2,-0.2    -2,-0.2     6,-0.1   0.093  84.1 -63.4  70.8-177.7  -24.0   -9.3  -14.7               
  163  163 A D  S    S+     0   0  132      4,-0.2     3,-0.2     3,-0.1    -2,-0.1  -0.513  81.3  51.7-101.9 168.7  -27.3  -10.0  -16.6               
  164  164 A G  S >  S-     0   0   50     -2,-0.2     3,-1.4     1,-0.2     4,-0.1  -0.112  97.2 -59.0  90.8 172.8  -31.0   -9.4  -15.8               
  165  165 A P  T 3  S+     0   0  105      0, 0.0    -1,-0.2     0, 0.0    -6,-0.0   0.726 137.5  32.4 -65.7 -23.1  -33.1   -6.3  -14.8               
  166  166 A H  T >  S-     0   0   32      1,-0.4     3,-1.7    -3,-0.2     6,-0.2   0.212  98.9-143.7-113.2  10.4  -31.0   -5.7  -11.6               
  167  167 A G  T <   -     0   0   16     -3,-1.4    -1,-0.4     1,-0.2    -5,-0.3  -0.265  68.1 -28.0  54.0-141.2  -27.6   -6.9  -12.9               
  168  168 A S  T 3  S+     0   0   64     -7,-2.0     2,-1.0   -10,-1.9    -1,-0.2   0.178  99.8 131.1 -82.9  12.1  -25.6   -8.8  -10.2               
  169  169 A C    X   -     0   0    6     -3,-1.7     3,-1.3   -11,-0.3     6,-0.1  -0.621  40.4-167.9 -75.9 106.8  -27.3   -6.7   -7.4               
  170  170 A A  T 3  S+     0   0   92     -2,-1.0    -1,-0.2     1,-0.2     4,-0.1   0.766  86.6  57.3 -61.2 -26.9  -28.5   -9.2   -4.7               
  171  171 A F  T >  S+     0   0  137      1,-0.2     3,-2.3    -5,-0.1     4,-0.3   0.625  78.9 173.7 -82.1 -15.5  -30.6   -6.4   -3.0               
  172  172 A Q  G X  S+     0   0  109     -3,-1.3     3,-1.9     1,-0.3    -1,-0.2  -0.112  73.0   0.3  45.6-127.0  -32.6   -5.7   -6.2               
  173  173 A K  G 3  S+     0   0  159      1,-0.3    -1,-0.3     3,-0.0    -2,-0.1   0.708 132.8  62.1 -61.8 -21.8  -35.4   -3.1   -5.4               
  174  174 A Q  G <  S+     0   0  170     -3,-2.3     2,-0.4    -4,-0.1    -1,-0.3   0.466  74.9 120.3 -82.9  -3.3  -34.2   -3.0   -1.7               
  175  175 A C    <   -     0   0    8     -3,-1.9     4,-0.1    -4,-0.3   -19,-0.1  -0.495  55.2-154.8 -65.2 122.4  -30.8   -1.7   -2.8               
  176  176 A I  S    S+     0   0  157     -2,-0.4     2,-0.2     2,-0.1   -22,-0.2   0.588  73.1  84.5 -71.7 -12.3  -30.2    1.8   -1.1               
  177  177 A K  S    S-     0   0   79    -24,-0.1   -22,-0.2     1,-0.1     2,-0.2  -0.617  93.7 -94.6 -89.2 153.8  -27.9    2.7   -4.0               
  178  178 A L  B     -d  155   0C   2    -24,-2.8   -22,-2.9    -2,-0.2     2,-1.1  -0.468  22.9-141.7 -71.5 136.1  -29.1    4.1   -7.4               
  179  179 A H        +     0   0    3     -2,-0.2     2,-0.3   -24,-0.2    19,-0.2  -0.728  53.7 133.0 -97.4  77.0  -29.7    1.7  -10.2               
  180  180 A I        -     0   0    0     -2,-1.1     2,-0.4   -24,-0.1    19,-0.2  -0.960  66.6 -95.5-127.5 145.5  -28.4    3.9  -13.1               
  181  181 A C     >  -     0   0    3     17,-3.0     4,-1.7    -2,-0.3     3,-0.2  -0.479  28.2-153.5 -60.4 117.8  -26.0    3.1  -15.9               
  182  182 A Q  H  > S+     0   0   76     -2,-0.4     4,-1.2     1,-0.2     6,-0.2   0.926  94.5  53.6 -62.6 -42.4  -22.5    4.2  -14.8               
  183  183 A Y  H  >>S+     0   0  134      1,-0.2     5,-2.8     2,-0.2     6,-1.0   0.826 105.1  55.0 -64.1 -32.0  -21.3    4.7  -18.4               
  184  184 A F  H >45S+     0   0   62      4,-0.3     3,-1.4     1,-0.2    -1,-0.2   0.953 106.3  50.4 -64.5 -45.6  -24.3    7.0  -19.0               
  185  185 A L  H 3<5S+     0   0    9     -4,-1.7    46,-0.2     1,-0.3    -1,-0.2   0.742 112.0  49.1 -62.9 -25.3  -23.3    9.2  -16.1               
  186  186 A Q  H 3<5S-     0   0   36     -4,-1.2    -1,-0.3    -5,-0.2    -2,-0.2   0.559 114.2-117.5 -86.4 -11.6  -19.8    9.4  -17.5               
  187  187 A G  T <<5S+     0   0   56     -3,-1.4    -3,-0.2    -4,-0.6  -132,-0.2   0.628  92.0 103.6  77.2  17.5  -21.0   10.3  -21.1               
  188  188 A E      < +     0   0  108     -5,-2.8     2,-0.9    -6,-0.2    -4,-0.3   0.248  34.2 128.8-116.5   5.0  -19.5    7.0  -22.3               
  189  189 A C    >   -     0   0   25     -6,-1.0     3,-0.9     1,-0.2     6,-0.1  -0.554  35.2-171.8 -71.3 107.1  -22.6    4.8  -22.8               
  190  190 A K  T 3  S+     0   0  189     -2,-0.9    -1,-0.2     1,-0.2     4,-0.1   0.615  77.6  64.0 -70.6 -16.7  -22.4    3.4  -26.3               
  191  191 A F  T >  S-     0   0  138      1,-0.2     3,-2.2     2,-0.1    -1,-0.2   0.587  74.6-177.3 -89.6 -12.8  -25.9    1.8  -26.2               
  192  192 A G  G X  S-     0   0   36     -3,-0.9     3,-1.3     1,-0.3    -1,-0.2  -0.248  75.1  -6.3  52.0-129.1  -27.9    5.1  -25.8               
  193  193 A T  G 3  S+     0   0  157      1,-0.2    -1,-0.3     3,-0.0     6,-0.1   0.663 133.8  65.3 -69.3 -16.8  -31.7    4.2  -25.5               
  194  194 A S  G <  S+     0   0   89     -3,-2.2    -1,-0.2    -4,-0.1     2,-0.2   0.334  73.7 129.0 -85.9   4.0  -30.9    0.5  -26.1               
  195  195 A C    <   -     0   0   22     -3,-1.3     4,-0.1    -4,-0.2   -14,-0.1  -0.442  60.7-141.7 -62.6 130.6  -28.8    0.3  -22.9               
  196  196 A K  S    S+     0   0  172     -2,-0.2     2,-0.4     2,-0.1    -1,-0.2   0.513  86.2  72.3 -64.0  -8.3  -29.8   -2.7  -20.6               
  197  197 A R  S    S-     0   0   34    -31,-0.0    -2,-0.1   -37,-0.0   -17,-0.1  -0.927  96.4 -96.7-116.9 142.0  -29.3   -0.2  -17.7               
  198  198 A S        -     0   0   27     -2,-0.4   -17,-3.0   -19,-0.2   -14,-0.1  -0.264  27.9-178.4 -60.7 132.4  -31.5    2.8  -16.7               
  199  199 A H        +     0   0   46    -19,-0.2     2,-0.5    -4,-0.1    -1,-0.1   0.234  62.8  93.7-101.6   5.6  -30.5    6.3  -17.9               
  200  200 A D        -     0   0   75      1,-0.1     3,-0.5     2,-0.0     6,-0.2  -0.902  47.7-177.1-113.1 118.7  -33.5    7.7  -16.0               
  201  201 A F  S    S+     0   0    5     -2,-0.5     9,-0.2     1,-0.2    -1,-0.1   0.649  85.5  66.4 -76.1 -20.2  -33.4    9.1  -12.4               
  202  202 A S  S    S+     0   0   71      4,-0.1    -1,-0.2     5,-0.1     6,-0.0   0.431  70.8 119.3 -87.5  -3.5  -37.2    9.7  -12.5               
  203  203 A N  S  > S-     0   0   42     -3,-0.5     4,-3.1     1,-0.1     3,-0.5  -0.326  80.9-108.8 -60.1 148.7  -38.0    5.9  -12.7               
  204  204 A S  H  > S+     0   0  103      1,-0.2     4,-2.1     2,-0.2     5,-0.2   0.831 115.7  50.8 -55.5 -38.2  -40.1    4.9   -9.6               
  205  205 A E  H  > S+     0   0   37      2,-0.2     4,-1.0     1,-0.2    -1,-0.2   0.892 118.0  36.5 -67.7 -44.2  -37.2    2.9   -7.9               
  206  206 A N  H  > S+     0   0    0     -3,-0.5     4,-2.2    -6,-0.2    -2,-0.2   0.903 115.5  54.7 -77.6 -39.2  -34.6    5.7   -8.2               
  207  207 A L  H  X S+     0   0   52     -4,-3.1     4,-2.9     1,-0.2     5,-0.2   0.937 106.3  51.4 -61.5 -45.2  -37.1    8.6   -7.5               
  208  208 A E  H  X S+     0   0  102     -4,-2.1     4,-2.2    -5,-0.3    -1,-0.2   0.885 111.6  48.2 -59.3 -39.5  -38.3    7.0   -4.2               
  209  209 A K  H  X S+     0   0   25     -4,-1.0     4,-1.2     2,-0.2    -1,-0.2   0.907 113.5  46.8 -66.1 -42.0  -34.6    6.7   -3.1               
  210  210 A L  H  X>S+     0   0    0     -4,-2.2     5,-2.4     2,-0.2     4,-0.7   0.895 112.1  49.6 -70.0 -39.7  -33.9   10.3   -4.0               
  211  211 A E  H ><5S+     0   0  123     -4,-2.9     3,-1.1     3,-0.2    -2,-0.2   0.919 107.9  54.3 -64.9 -42.1  -37.1   11.6   -2.3               
  212  212 A K  H 3<5S+     0   0  154     -4,-2.2    -1,-0.2     1,-0.3    -2,-0.2   0.817 107.0  51.7 -60.8 -31.5  -36.2    9.6    0.9               
  213  213 A L  H 3<5S-     0   0   57     -4,-1.2    -1,-0.3    -5,-0.1    -2,-0.2   0.683 121.8-113.7 -74.4 -18.0  -32.8   11.4    0.8               
  214  214 A G  T <<5 +     0   0   18     -3,-1.1     2,-0.3    -4,-0.7  -112,-0.3   0.691  58.4 158.7  90.2  23.7  -34.8   14.8    0.5               
  215  215 A M      < -     0   0   11     -5,-2.4    -1,-0.3  -114,-0.1  -114,-0.2  -0.642  37.8-126.4 -77.5 133.6  -33.7   15.8   -3.0               
  216  216 A S     >  -     0   0   36   -116,-1.7     4,-2.4    -2,-0.3     3,-0.3  -0.404  21.8-113.0 -69.7 156.5  -36.0   18.3   -4.8               
  217  217 A S  H  > S+     0   0  106      1,-0.2     4,-2.2     2,-0.2     5,-0.2   0.890 119.8  55.3 -57.8 -38.8  -37.4   17.5   -8.3               
  218  218 A D  H  > S+     0   0   90      2,-0.2     4,-0.9     1,-0.2    -1,-0.2   0.864 109.4  46.3 -60.1 -39.6  -35.2   20.4   -9.7               
  219  219 A L  H >> S+     0   0    2     -3,-0.3     4,-1.0  -119,-0.2     3,-0.5   0.928 109.6  54.2 -70.2 -42.2  -32.1   18.8   -8.1               
  220  220 A V  H >< S+     0   0    7     -4,-2.4     3,-0.8     1,-0.2    -2,-0.2   0.906 105.7  52.7 -58.3 -42.9  -33.1   15.3   -9.5               
  221  221 A S  H 3< S+     0   0   81     -4,-2.2     4,-0.3     1,-0.2    -1,-0.2   0.790 111.2  47.9 -65.3 -26.4  -33.4   16.7  -13.1               
  222  222 A R  H <X S+     0   0   72     -4,-0.9     4,-2.2    -3,-0.5     3,-0.4   0.630  85.7  92.3 -87.3 -15.2  -29.8   18.2  -12.8               
  223  223 A L  H <X S+     0   0    0     -4,-1.0     4,-3.0    -3,-0.8     5,-0.3   0.857  79.4  56.8 -51.9 -45.6  -28.2   15.0  -11.4               
  224  224 A P  H  > S+     0   0   38      0, 0.0     4,-2.0     0, 0.0    -1,-0.2   0.923 113.3  40.8 -54.3 -45.8  -27.1   13.5  -14.8               
  225  225 A T  H  > S+     0   0   54     -3,-0.4     4,-2.8    -4,-0.3    -2,-0.2   0.897 114.3  53.2 -68.7 -39.6  -25.1   16.7  -15.6               
  226  226 A I  H  X S+     0   0    1     -4,-2.2     4,-2.8     2,-0.2    -1,-0.2   0.927 110.3  46.7 -62.0 -47.3  -23.7   16.9  -12.0               
  227  227 A Y  H  X S+     0   0   24     -4,-3.0     4,-2.4     2,-0.2    -2,-0.2   0.919 113.4  49.5 -61.6 -42.7  -22.4   13.3  -12.1               
  228  228 A R  H  X S+     0   0   85     -4,-2.0     4,-2.5    -5,-0.3    -2,-0.2   0.930 112.6  47.1 -61.8 -45.2  -20.8   14.0  -15.5               
  229  229 A N  H  X S+     0   0    0     -4,-2.8     4,-2.7     2,-0.2    -2,-0.2   0.927 112.2  49.9 -60.9 -45.8  -19.2   17.2  -14.2               
  230  230 A A  H  X S+     0   0   23     -4,-2.8     4,-2.2     2,-0.2    -2,-0.2   0.874 111.5  49.6 -62.1 -38.2  -18.0   15.3  -11.0               
  231  231 A H  H  X S+     0   0   30     -4,-2.4     4,-2.4   -46,-0.2     5,-0.2   0.954 112.2  46.8 -63.3 -49.7  -16.5   12.5  -13.3               
  232  232 A D  H  X S+     0   0   21     -4,-2.5     4,-2.3     1,-0.2     5,-0.3   0.920 113.5  48.9 -60.0 -45.5  -14.7   15.1  -15.5               
  233  233 A I  H  X S+     0   0   14     -4,-2.7     4,-1.8     1,-0.2    -1,-0.2   0.925 112.7  48.8 -59.3 -46.2  -13.3   16.9  -12.5               
  234  234 A K  H  < S+     0   0  157     -4,-2.2     4,-0.2    -5,-0.2    -2,-0.2   0.902 116.8  39.5 -62.8 -44.3  -12.1   13.7  -10.9               
  235  235 A N  H  < S+     0   0   72     -4,-2.4     4,-0.3     1,-0.2     3,-0.3   0.799 119.1  43.3 -81.9 -32.3  -10.3   12.3  -14.0               
  236  236 A K  H >< S+     0   0  100     -4,-2.3     3,-1.0    -5,-0.2    -2,-0.2   0.780  99.7  68.3 -89.0 -23.9   -8.7   15.6  -15.3               
  237  237 A S  T 3< S+     0   0   82     -4,-1.8    -1,-0.2    -5,-0.3    -2,-0.1   0.668 101.4  53.6 -63.0 -15.7   -7.5   16.9  -11.9               
  238  238 A S  T 3  S+     0   0   72     -3,-0.3    -1,-0.2    -4,-0.2    -2,-0.2   0.731  97.7  80.9 -83.9 -25.6   -5.1   13.9  -12.1               
  239  239 A A  S <  S-     0   0   29     -3,-1.0     2,-0.6    -4,-0.3    26,-0.0  -0.674  70.6-134.1-101.2 134.8   -3.6   14.7  -15.6               
  240  240 A P        -     0   0   48      0, 0.0     2,-0.8     0, 0.0    25,-0.1  -0.693  32.1-124.4 -75.7 119.9   -0.9   17.2  -16.7               
  241  241 A S        -     0   0  114     -2,-0.6     2,-0.6  -197,-0.1    -5,-0.0  -0.556  21.8-166.4 -64.4 106.0   -2.1   19.2  -19.8               
  242  242 A R        -     0   0  179     -2,-0.8    21,-0.0     2,-0.0    -1,-0.0  -0.891  13.9-154.1 -80.8 119.8    0.3   18.8  -22.7               
  243  243 A V        -     0   0   88     -2,-0.6    -2,-0.0     0, 0.0     0, 0.0  -0.874  10.3-133.0 -89.9 128.2   -0.8   21.6  -25.2               
  244  244 A P        -     0   0  114      0, 0.0     2,-0.2     0, 0.0    -2,-0.0  -0.711  22.7-123.5 -76.5 133.0    0.0   20.9  -28.9               
  245  245 A P        -     0   0  120      0, 0.0     2,-0.1     0, 0.0     0, 0.0  -0.537  31.8 -99.1 -73.1 146.3    1.6   23.9  -30.7               
  246  246 A L        -     0   0  175     -2,-0.2     2,-0.3     1,-0.1     0, 0.0  -0.333  35.8-115.5 -62.0 139.0   -0.0   25.2  -33.9               
  247  247 A F        +     0   0  204     -2,-0.1    -1,-0.1     2,-0.0     0, 0.0  -0.628  29.8 175.5 -75.3 132.5    1.3   24.3  -37.4               
  248  248 A V        -     0   0  136     -2,-0.3     2,-0.5     2,-0.1     0, 0.0  -0.982  31.8-131.1-125.9 129.0    2.8   26.8  -39.8               
  249  249 A P        +     0   0  113      0, 0.0     2,-0.2     0, 0.0    -2,-0.0  -0.757  40.0 139.9 -96.7 127.2    4.1   25.0  -43.0               
  250  250 A Q        -     0   0  203     -2,-0.5    -2,-0.1     2,-0.0     0, 0.0  -0.523  35.2 -93.9-177.5 123.3    7.5   25.3  -44.8               
  251  251 A G        +     0   0   63     -2,-0.2     0, 0.0     0, 0.0     0, 0.0   0.707  46.2  59.5 138.9 125.7    9.5   23.1  -46.2               
  252  252 A T        -     0   0  145      0, 0.0    -2,-0.0     0, 0.0     0, 0.0   0.908  52.6 -40.9  84.9 107.4   12.4   20.6  -46.9               
  253  253 A S        +     0   0  112      0, 0.0     0, 0.0     0, 0.0     0, 0.0   0.863  49.4  89.8  56.6 111.9   13.8   17.2  -45.8               
  254  254 A E        -     0   0  166      0, 0.0     0, 0.0     0, 0.0     0, 0.0   0.552  50.7 -46.3 140.9 115.7   14.8   14.7  -43.2               
  255  255 A R        -     0   0  228      1,-0.1     0, 0.0     0, 0.0     0, 0.0   0.798  37.7-114.0  52.0  91.5   13.9   11.7  -41.0               
  256  256 A K        +     0   0  199      2,-0.0     2,-0.2     1,-0.0    -1,-0.1   0.195  25.1 172.0  21.8 109.5   11.3   10.4  -38.8               
  257  257 A D        -     0   0  163      2,-0.0     2,-0.7     0, 0.0    -1,-0.0  -0.817  17.5-154.2-151.8 122.5   11.4    9.8  -35.0               
  258  258 A S        -     0   0  121     -2,-0.2     2,-0.7     2,-0.0    -2,-0.0  -0.794  10.0-172.5 -89.8 110.9    8.3    8.8  -33.0               
  259  259 A S        -     0   0  117     -2,-0.7     2,-0.5     2,-0.0    -2,-0.0  -0.875  16.0-145.5-109.5  99.9    8.5    9.8  -29.3               
  260  260 A G        -     0   0   79     -2,-0.7     2,-0.7     1,-0.1    -2,-0.0  -0.528  15.7-134.6 -65.6 112.6    5.5    8.4  -27.3               
  261  261 A S        -     0   0   55     -2,-0.5     2,-0.5     1,-0.0    -1,-0.1  -0.638   8.7-143.6 -71.2 107.5    4.6   10.9  -24.5               
  262  262 A V        -     0   0  115     -2,-0.7    -1,-0.0     2,-0.0    -2,-0.0  -0.618  15.9-148.3 -69.6 116.3    3.9    9.2  -21.1               
  263  263 A S        -     0   0   65     -2,-0.5     2,-1.8     1,-0.1     3,-0.4  -0.818  19.2-119.6 -86.1 131.5    1.0   11.2  -19.5               
  264  264 A P  S    S+     0   0   77      0, 0.0     3,-0.2     0, 0.0    -1,-0.1   0.003  89.7  93.8 -68.8  33.8    1.3   11.2  -15.6               
  265  265 A N        +     0   0   63     -2,-1.8     3,-0.5     1,-0.1     4,-0.3   0.291  55.0 105.4 -96.9   7.9   -2.1    9.5  -14.8               
  266  266 A T    >>  +     0   0   44     -3,-0.4     4,-2.9     1,-0.2     3,-0.9   0.610  48.0  78.9 -83.4 -15.4   -0.7    6.0  -14.5               
  267  267 A L  H 3> S+     0   0   67      1,-0.3     4,-1.6     2,-0.2    -1,-0.2   0.804  92.0  49.5 -79.7 -30.3   -0.6    4.8  -10.9               
  268  268 A S  H 34 S+     0   0  111     -3,-0.5     4,-0.4     2,-0.2    -1,-0.3   0.702 119.7  43.3 -71.1 -18.8   -4.2    3.8  -10.1               
  269  269 A Q  H <> S+     0   0  126     -3,-0.9     4,-2.2    -4,-0.3    -2,-0.2   0.871 109.5  54.9 -89.5 -41.8   -3.9    1.8  -13.4               
  270  270 A E  H  < S+     0   0   99     -4,-2.9     4,-0.4     1,-0.2    -2,-0.2   0.850 110.1  45.0 -65.5 -38.4   -0.4    0.3  -12.9               
  271  271 A E  T  < S+     0   0   87     -4,-1.6     3,-0.4     2,-0.2    -1,-0.2   0.842 114.6  49.8 -72.5 -31.6   -1.2   -1.3   -9.5               
  272  272 A G  T  4 S+     0   0   21     -4,-0.4    21,-0.4     1,-0.2    -2,-0.2   0.836 108.4  53.3 -71.9 -31.8   -4.6   -2.6  -10.9               
  273  273 A D  S  < S+     0   0   45     -4,-2.2    87,-0.3    19,-0.2     2,-0.2   0.518  87.1 106.9 -80.7  -7.5   -2.7   -4.1  -13.9               
  274  274 A Q  S    S-     0   0   40     -4,-0.4    19,-1.8    -3,-0.4    87,-0.2  -0.540  78.7-112.7 -73.4 138.2   -0.3   -6.0  -11.6               
  275  275 A I  B     -e  293   0D   0     85,-2.5     2,-0.8    -2,-0.2    87,-0.4  -0.461  33.6-111.6 -72.0 133.8   -0.8   -9.8  -11.4               
  276  276 A C     >  -     0   0    1     17,-2.9     4,-2.3    -2,-0.2     3,-0.4  -0.563  20.8-160.5 -73.2 109.1   -2.0  -11.0   -7.9               
  277  277 A L  H  > S+     0   0    2     -2,-0.8     4,-1.4     1,-0.2    -1,-0.2   0.842  94.4  52.7 -55.4 -36.7    0.8  -13.0   -6.2               
  278  278 A Y  H  4>S+     0   0   27      2,-0.2     5,-3.1     1,-0.2     6,-0.6   0.862 107.9  50.7 -69.8 -34.9   -1.8  -14.5   -3.8               
  279  279 A H  H >45S+     0   0   65     -3,-0.4     3,-2.3     4,-0.3    -2,-0.2   0.941 106.3  53.4 -69.6 -42.9   -4.0  -15.6   -6.8               
  280  280 A I  H 3<5S+     0   0    2     -4,-2.3    -1,-0.2     1,-0.3    -2,-0.2   0.878 110.7  49.2 -57.9 -35.1   -1.0  -17.3   -8.6               
  281  281 A R  T 3<5S-     0   0   48     -4,-1.4    -1,-0.3    -5,-0.2    -2,-0.2   0.209 116.4-118.8 -84.7  12.6   -0.6  -19.2   -5.2               
  282  282 A K  T < 5S+     0   0  179     -3,-2.3    -3,-0.2     1,-0.1    -2,-0.1   0.732  90.2 104.2  55.1  29.5   -4.3  -20.1   -5.2               
  283  283 A S      < +     0   0   22     -5,-3.1     2,-1.1    -6,-0.1    -4,-0.3   0.160  32.4 131.7-126.9  14.1   -4.6  -18.1   -1.8               
  284  284 A C    >   -     0   0   18     -6,-0.6     3,-1.1     1,-0.2     6,-0.1  -0.598  29.4-176.7 -75.9 101.9   -6.3  -14.8   -2.8               
  285  285 A S  T 3  S+     0   0   38     -2,-1.1    -1,-0.2     1,-0.2   288,-0.1   0.647  75.8  71.8 -66.0 -19.4   -9.2  -14.3   -0.3               
  286  286 A F  T >  S+     0   0   13      1,-0.2     3,-2.5   287,-0.1    -1,-0.2   0.666  73.7 173.6 -74.4 -14.4  -10.4  -11.1   -2.1               
  287  287 A Q  G X  S-     0   0  137     -3,-1.1     3,-1.5     1,-0.3    -1,-0.2  -0.160  71.4  -1.2  47.3-125.8  -11.7  -13.2   -5.0               
  288  288 A D  G 3  S+     0   0  119      1,-0.3    -1,-0.3     3,-0.0    -2,-0.1   0.575 131.6  65.4 -69.0 -11.9  -13.7  -10.9   -7.5               
  289  289 A K  G <  S+     0   0  113     -3,-2.5     2,-0.3    -4,-0.1    -1,-0.3   0.411  72.0 115.8 -90.1  -3.5  -12.9   -7.9   -5.1               
  290  290 A C    <   -     0   0   19     -3,-1.5     4,-0.1    -4,-0.2   -14,-0.0  -0.559  58.3-153.0 -65.7 127.5   -9.2   -8.1   -5.8               
  291  291 A H  S    S+     0   0   55     -2,-0.3     2,-0.2     2,-0.1    -1,-0.1   0.580  73.6  82.4 -75.3 -11.6   -8.1   -4.9   -7.5               
  292  292 A R  S    S-     0   0   25    -19,-0.1     2,-0.3     1,-0.1   -17,-0.2  -0.597  95.4 -90.1 -91.8 158.4   -5.1   -6.9   -9.1               
  293  293 A V  B     -e  275   0D  26    -19,-1.8   -17,-2.9   -21,-0.4     2,-0.9  -0.478  31.7-142.4 -71.8 122.2   -5.3   -9.1  -12.2               
  294  294 A H        +     0   0   58     -2,-0.3     2,-0.3   -19,-0.2    -1,-0.1  -0.808  42.7 147.2 -83.3 104.8   -6.1  -12.8  -11.4               
  295  295 A F        -     0   0   17     -2,-0.9     5,-0.1   -19,-0.2   -16,-0.0  -0.977  51.2-132.6-142.5 151.9   -3.9  -14.8  -13.8               
  296  296 A H  S    S+     0   0  111     -2,-0.3     4,-0.1   -15,-0.1    -1,-0.0   0.691  87.6  56.8 -85.1 -19.4   -2.2  -18.2  -13.5               
  297  297 A L  S    S-     0   0    4      2,-0.3    -2,-0.1     1,-0.0   -17,-0.1  -0.722  87.1-117.4-106.2 158.4    1.3  -17.1  -14.8               
  298  298 A P  S    S+     0   0    4      0, 0.0    63,-1.4     0, 0.0     2,-0.3   0.472 102.4  43.8 -74.3   0.3    3.7  -14.4  -13.4               
  299  299 A Y  E     -F  360   0E   2     61,-0.2     2,-0.3   164,-0.1    -2,-0.3  -0.947  63.9-168.7-136.5 155.3    3.3  -12.6  -16.9               
  300  300 A R  E     -F  359   0E  51     59,-1.5    59,-2.9    -2,-0.3     2,-0.4  -0.909  10.9-151.5-147.8 122.9    0.3  -12.0  -19.2               
  301  301 A W  E     +F  358   0E   0     -2,-0.3    11,-2.3    11,-0.3     2,-0.3  -0.809  23.9 171.2 -96.6 130.9    0.6  -10.7  -22.8               
  302  302 A Q  E     -FG 357 311E   7     55,-2.6    55,-2.8    -2,-0.4     2,-0.3  -0.979  21.0-154.7-138.9 152.3   -2.3   -8.7  -24.3               
  303  303 A F  E     -FG 356 310E  36      7,-2.4     7,-2.7    -2,-0.3     2,-1.0  -0.884  29.7-111.4-124.0 153.9   -3.2   -6.6  -27.3               
  304  304 A L  E     + G   0 309E  46     51,-2.7     2,-0.5    -2,-0.3    51,-0.3  -0.757  38.4 175.4 -90.4  98.7   -5.7   -3.7  -27.6               
  305  305 A D  E >  S- G   0 308E  64      3,-2.2     3,-2.9    -2,-1.0    -2,-0.0  -0.892  71.8 -24.5-102.4 124.0   -8.6   -4.9  -29.8               
  306  306 A R  T 3  S-     0   0  223     -2,-0.5    -1,-0.2     1,-0.3     3,-0.1   0.724 126.4 -51.2  48.5  30.7  -11.6   -2.4  -30.2               
  307  307 A G  T 3  S+     0   0   66      1,-0.3     2,-0.4    -3,-0.0    -1,-0.3   0.482 120.8 102.1  85.1   6.6  -10.7   -0.7  -26.9               
  308  308 A K  E <  S-G  305   0E 126     -3,-2.9    -3,-2.2    -5,-0.0     2,-0.6  -0.928  74.3-121.2-115.3 140.9  -10.5   -4.0  -24.9               
  309  309 A W  E     -G  304   0E  75     -2,-0.4     2,-0.3    -5,-0.2    -5,-0.2  -0.787  33.6-173.4 -80.1 118.8   -7.4   -5.9  -23.8               
  310  310 A E  E     -G  303   0E  66     -7,-2.7    -7,-2.4    -2,-0.6     2,-0.2  -0.810  27.0-104.9-108.7 150.6   -7.4   -9.4  -25.3               
  311  311 A D  E     -G  302   0E  55     -2,-0.3     2,-0.4    -9,-0.2    -9,-0.3  -0.511  27.2-126.4 -76.4 142.7   -4.8  -12.1  -24.5               
  312  312 A L    >   -     0   0    7    -11,-2.3     3,-0.5    -2,-0.2   -11,-0.3  -0.764  27.3-118.7 -83.2 135.6   -2.1  -13.1  -27.1               
  313  313 A D  T 3  S+     0   0   99     -2,-0.4     5,-0.1     1,-0.2    -1,-0.1  -0.256  93.8  23.6 -64.6 158.5   -1.9  -16.8  -27.9               
  314  314 A N  T >> S+     0   0   98      1,-0.1     4,-1.9     3,-0.1     3,-0.6   0.862  72.3 166.7  50.9  40.8    1.3  -18.8  -27.2               
  315  315 A M  H <>  +     0   0   20     -3,-0.5     4,-2.5     1,-0.2    -1,-0.1   0.714  68.1  62.8 -61.6 -21.9    2.2  -16.2  -24.5               
  316  316 A E  H 3> S+     0   0   63      2,-0.2     4,-2.8     1,-0.2    -1,-0.2   0.928 106.1  44.1 -66.3 -46.0    5.0  -18.6  -23.1               
  317  317 A L  H <> S+     0   0   99     -3,-0.6     4,-2.2     2,-0.2    -2,-0.2   0.875 114.8  50.3 -65.6 -39.3    6.9  -18.4  -26.4               
  318  318 A I  H  X S+     0   0    4     -4,-1.9     4,-2.5     2,-0.2    -2,-0.2   0.921 112.9  46.1 -63.0 -45.8    6.3  -14.6  -26.5               
  319  319 A E  H  X S+     0   0    1     -4,-2.5     4,-2.8     2,-0.2    -2,-0.2   0.938 111.7  50.3 -64.4 -47.8    7.6  -14.3  -22.9               
  320  320 A E  H  X S+     0   0  102     -4,-2.8     4,-0.8     1,-0.2    -2,-0.2   0.915 113.9  46.3 -57.6 -43.0   10.7  -16.6  -23.5               
  321  321 A A  H >< S+     0   0   10     -4,-2.2     3,-0.8     1,-0.2     6,-0.4   0.916 112.2  50.2 -64.9 -43.5   11.5  -14.4  -26.6               
  322  322 A Y  H 3< S+     0   0   22     -4,-2.5    -2,-0.2     1,-0.2    -1,-0.2   0.906 102.2  61.8 -62.1 -41.8   10.9  -11.1  -24.6               
  323  323 A C  H 3< S+     0   0   14     -4,-2.8    -1,-0.2    -5,-0.1    -2,-0.2   0.743  90.2  79.9 -56.9 -26.2   13.2  -12.4  -21.8               
  324  324 A N  S X< S-     0   0   65     -3,-0.8     3,-2.1    -4,-0.8    -1,-0.1  -0.754  71.1-155.3 -86.5 114.2   16.1  -12.5  -24.4               
  325  325 A P  T 3  S+     0   0   14      0, 0.0    -1,-0.1     0, 0.0    -2,-0.1   0.706  91.8  65.4 -64.8 -17.0   17.5   -8.9  -24.9               
  326  326 A K  T 3  S+     0   0  146     62,-0.1     2,-0.6    -5,-0.0    -4,-0.1   0.653  88.4  79.2 -74.0 -18.5   18.8  -10.0  -28.4               
  327  327 A I    <   +     0   0   58     -3,-2.1     3,-0.1    -6,-0.4    -1,-0.0  -0.841  48.0 169.0 -98.4 118.7   15.2  -10.5  -29.6               
  328  328 A E        +     0   0   87     -2,-0.6    18,-2.0     1,-0.3    19,-0.8   0.629  68.4  12.3 -97.6 -21.1   13.4   -7.2  -30.5               
  329  329 A R  E     -H  345   0F 149     16,-0.2     2,-0.3    17,-0.1    -1,-0.3  -0.987  57.9-155.1-154.6 154.1   10.3   -8.9  -32.2               
  330  330 A I  E     -H  344   0F  39     14,-2.2    14,-2.7    -2,-0.3     2,-0.6  -0.959  22.6-124.9-130.7 146.2    8.5  -12.2  -32.6               
  331  331 A L  E     -H  343   0F 118     -2,-0.3     2,-0.5    12,-0.2    12,-0.2  -0.859  25.7-158.4 -87.1 118.3    6.1  -13.4  -35.4               
  332  332 A C  E     -H  342   0F  15     10,-2.7    10,-1.3    -2,-0.6     2,-0.6  -0.868   3.6-150.4 -96.0 126.6    2.8  -14.5  -33.9               
  333  333 A S        -     0   0   79     -2,-0.5     2,-0.2     8,-0.2     8,-0.1  -0.878  11.7-139.9 -87.8 124.5    0.7  -16.9  -36.0               
  334  334 A E        -     0   0   63     -2,-0.6     4,-0.2     6,-0.5     6,-0.0  -0.501  47.0 -70.2 -69.5 151.7   -3.0  -16.6  -35.5               
  335  335 A S    >   -     0   0   82     -2,-0.2     2,-1.8     1,-0.2     3,-1.1  -0.074  66.8 -79.8 -45.5 149.0   -4.9  -20.0  -35.4               
  336  336 A A  T 3  S+     0   0  117      1,-0.3    -1,-0.2    -3,-0.1     3,-0.1   0.177 114.8  74.9 -51.2   8.0   -5.1  -21.8  -38.8               
  337  337 A S  T 3  S+     0   0  109     -2,-1.8     2,-0.4     1,-0.2    -1,-0.3   0.544  92.5  47.8-100.7  -8.5   -8.1  -19.9  -40.4               
  338  338 A T    <   -     0   0   74     -3,-1.1     2,-1.4    -4,-0.2    -4,-0.3  -0.943  65.2-146.8-142.9 117.9   -6.4  -16.5  -41.4               
  339  339 A F        +     0   0  214     -2,-0.4     2,-0.8    -3,-0.1    -3,-0.1   0.014  64.9 117.1 -66.8  27.1   -3.0  -16.1  -43.3               
  340  340 A H        -     0   0  124     -2,-1.4     2,-0.7     2,-0.0    -6,-0.5  -0.802  45.4-170.1-108.9  91.1   -2.2  -12.9  -41.3               
  341  341 A S        -     0   0   66     -2,-0.8     2,-0.4    -8,-0.1    -8,-0.2  -0.737  13.7-155.2 -77.1 112.8    1.0  -13.4  -39.3               
  342  342 A H  E     -H  332   0F  67    -10,-1.3   -10,-2.7    -2,-0.7     2,-0.5  -0.756   8.2-132.6 -94.4 135.6    1.1  -10.3  -37.0               
  343  343 A C  E     -H  331   0F  45     -2,-0.4     9,-2.6   -12,-0.2     2,-0.6  -0.781   8.6-149.4 -88.3 126.6    4.5   -9.2  -35.6               
  344  344 A L  E     -HI 330 351F   1    -14,-2.7   -14,-2.2    -2,-0.5     2,-0.6  -0.859  12.2-158.7 -89.5 118.7    4.8   -8.3  -31.9               
  345  345 A N  E  >> -HI 329 350F  38      5,-2.9     5,-1.5    -2,-0.6     4,-1.4  -0.909   6.8-164.8-101.9 114.9    7.5   -5.6  -31.5               
  346  346 A F  T  45S+     0   0    6    -18,-2.0   -17,-0.1    -2,-0.6    -1,-0.1   0.768  88.0  48.5 -71.6 -28.6    8.9   -5.6  -27.9               
  347  347 A N  T  45S+     0   0   92    -19,-0.8    -1,-0.2     1,-0.2   -18,-0.1   0.879 120.3  35.7 -80.7 -39.5   10.5   -2.1  -28.2               
  348  348 A A  T  45S-     0   0   57      2,-0.1    -2,-0.2     7,-0.0    -1,-0.2   0.630 100.4-134.4 -82.3 -16.6    7.4   -0.4  -29.7               
  349  349 A M  T  <5 +     0   0   62     -4,-1.4     7,-2.9     1,-0.2     2,-0.4   0.939  59.4 136.5  52.2  52.4    5.0   -2.5  -27.5               
  350  350 A T  E   < -IJ 345 355F  43     -5,-1.5    -5,-2.9     5,-0.3     2,-0.6  -0.983  50.6-155.2-129.2 142.5    2.8   -3.1  -30.7               
  351  351 A Y  E >  S-IJ 344 354F  12      3,-2.1     3,-2.4    -2,-0.4     2,-0.3  -0.956  76.5 -52.8-113.9 103.5    1.1   -6.1  -32.2               
  352  352 A G  T 3  S-     0   0   34     -9,-2.6    -7,-0.1    -2,-0.6   -10,-0.0  -0.483 123.2 -22.3  58.8-120.2    0.8   -5.4  -35.9               
  353  353 A A  T 3  S+     0   0  110     -2,-0.3    -1,-0.3    -3,-0.1     2,-0.2   0.369 126.6  86.7 -93.6   0.0   -0.9   -1.9  -36.0               
  354  354 A T  E <  S-J  351   0F  49     -3,-2.4    -3,-2.1     1,-0.1     2,-0.3  -0.577  84.5 -99.5-100.4 161.0   -2.4   -2.3  -32.4               
  355  355 A Q  E     -J  350   0F 119    -51,-0.3   -51,-2.7    -5,-0.2     2,-0.3  -0.605  36.5-161.9 -76.1 143.1   -1.0   -1.6  -28.9               
  356  356 A A  E     -F  303   0E   7     -7,-2.9     2,-0.3    -2,-0.3   -53,-0.2  -0.877   6.2-171.3-120.1 154.9    0.5   -4.5  -26.9               
  357  357 A R  E     -F  302   0E  40    -55,-2.8   -55,-2.6    -2,-0.3     2,-0.5  -0.996  17.1-146.0-142.5 152.8    1.2   -4.8  -23.2               
  358  358 A R  E     -F  301   0E  28     -2,-0.3     2,-0.3   -57,-0.2   -57,-0.2  -0.979  16.3-155.5-113.8 117.3    2.9   -7.2  -20.7               
  359  359 A L  E     -F  300   0E   9    -59,-2.9   -59,-1.5    -2,-0.5     2,-0.3  -0.654  19.1-174.5 -82.9 148.9    1.4   -7.5  -17.2               
  360  360 A S  E     -F  299   0E  26    -87,-0.3   -85,-2.5    -2,-0.3   -61,-0.2  -0.922  26.4-109.3-136.3 162.2    3.7   -8.7  -14.4               
  361  361 A T        -     0   0    0    -63,-1.4   -85,-0.1    -2,-0.3    13,-0.1  -0.228  65.5 -62.2 -71.0 176.0    3.8   -9.7  -10.8               
  362  362 A A        -     0   0    0    -87,-0.4    13,-2.2     1,-0.1    -1,-0.2  -0.392  65.9 -94.1 -59.1 144.1    5.5   -7.3   -8.3               
  363  363 A S  B >   -k  375   0G   9     11,-0.2     3,-2.2     1,-0.1     4,-0.3  -0.355  29.5-122.7 -60.5 137.7    9.2   -6.7   -8.8               
  364  364 A S  G >  S+     0   0   31     11,-2.4     3,-1.1     1,-0.3    12,-0.1   0.816 111.4  59.5 -54.0 -31.9   11.5   -9.0   -6.8               
  365  365 A V  G 3  S+     0   0   30     10,-0.3    -1,-0.3     1,-0.2    -2,-0.1   0.572 100.9  55.5 -75.3 -10.1   13.2   -6.0   -5.2               
  366  366 A T  G <  S+     0   0   52     -3,-2.2    -1,-0.2     2,-0.1    -2,-0.2   0.340 106.9  53.4-101.8  -1.0    9.8   -4.7   -3.7               
  367  367 A K  S <  S-     0   0   24     -3,-1.1     7,-0.0    -4,-0.3   173,-0.0  -0.966  92.0 -98.7-132.8 148.8    9.0   -8.0   -1.8               
  368  368 A P    >   -     0   0    4      0, 0.0     3,-2.5     0, 0.0    -2,-0.1  -0.332  44.7-102.2 -61.2 156.5   10.9  -10.1    0.7               
  369  369 A P  T 3  S+     0   0  104      0, 0.0     5,-0.1     0, 0.0    -4,-0.0   0.731 117.6  69.7 -56.1 -26.5   12.7  -13.2   -0.7               
  370  370 A H  T 3  S+     0   0   24      1,-0.2     2,-1.7   166,-0.1   106,-0.1   0.601  74.1  97.9 -69.9 -10.4    9.9  -15.5    0.6               
  371  371 A F    X   -     0   0   10     -3,-2.5     3,-0.9    -7,-0.1    -1,-0.2  -0.593  66.2-163.2 -77.7  88.0    7.6  -14.0   -2.0               
  372  372 A I  T 3   +     0   0   30     -2,-1.7   -91,-0.1     1,-0.2    -2,-0.1  -0.257  67.3  32.2 -58.2 154.0    7.9  -16.7   -4.8               
  373  373 A L  T 3  S+     0   0    8      1,-0.2    -1,-0.2   -12,-0.1     2,-0.2   0.626  78.5 145.8  63.8  19.1    6.8  -15.8   -8.4               
  374  374 A T    <   -     0   0   27     -3,-0.9     2,-0.7    -5,-0.1    -1,-0.2  -0.505  61.4 -99.4 -68.0 150.0    7.8  -12.1   -8.1               
  375  375 A T  B     -k  363   0G   7    -13,-2.2   -11,-2.4    -2,-0.2     2,-0.7  -0.709  32.3-149.6 -80.1 115.8    9.1  -10.7  -11.4               
  376  376 A D        -     0   0   68     -2,-0.7    85,-2.7    85,-0.3     2,-0.6  -0.788  14.1-153.0 -86.4 111.8   13.0  -10.7  -11.4               
  377  377 A W  E     -L  460   0H  18     -2,-0.7     2,-0.4    83,-0.2    32,-0.2  -0.823   7.4-162.7 -96.7 122.6   14.1   -7.8  -13.6               
  378  378 A I  E     -L  459   0H  20     81,-3.1    81,-2.7    -2,-0.6     2,-0.4  -0.836   6.4-149.1-104.8 134.1   17.5   -8.0  -15.3               
  379  379 A W  E     -L  458   0H   0     -2,-0.4    12,-2.3    79,-0.2     2,-0.3  -0.899  17.3-174.4-105.4 134.0   19.2   -4.9  -16.7               
  380  380 A Y  E     -LM 457 390H  32     77,-3.0    77,-2.6    -2,-0.4     2,-0.3  -0.943  13.6-160.3-126.3 149.5   21.4   -5.1  -19.7               
  381  381 A W  E     -LM 456 389H  27      8,-2.5     8,-3.1    -2,-0.3     2,-0.5  -0.944  25.6-120.3-122.0 146.9   23.7   -2.8  -21.6               
  382  382 A S  E     - M   0 388H  18     73,-2.5     6,-0.2    -2,-0.3    73,-0.2  -0.786  27.7-149.5 -86.9 124.1   25.0   -3.3  -25.2               
  383  383 A D    >   -     0   0   10      4,-2.8     3,-1.4    -2,-0.5    72,-0.1  -0.037  36.7 -88.3 -76.5 179.8   28.8   -3.6  -25.7               
  384  384 A E  T 3  S+     0   0  112      1,-0.2    -1,-0.1     2,-0.1    -2,-0.0   0.717 129.3  56.1 -62.4 -20.9   30.9   -2.5  -28.7               
  385  385 A F  T 3  S-     0   0  147      2,-0.1    -1,-0.2     0, 0.0     3,-0.1   0.313 119.8-110.2 -91.2   3.8   30.4   -6.1  -30.1               
  386  386 A G  S <  S+     0   0   54     -3,-1.4     2,-0.3     1,-0.3    -2,-0.1   0.596  74.2 139.9  72.5  12.6   26.5   -5.7  -29.9               
  387  387 A S        -     0   0   46      1,-0.0    -4,-2.8    -5,-0.0     2,-0.5  -0.696  55.0-123.3 -87.6 136.9   26.4   -8.2  -27.1               
  388  388 A W  E     -M  382   0H  53     -2,-0.3     2,-0.4    -6,-0.2    -6,-0.2  -0.736  27.7-164.1 -82.9 122.7   24.1   -7.6  -24.1               
  389  389 A Q  E     -M  381   0H  50     -8,-3.1    -8,-2.5    -2,-0.5     2,-0.3  -0.887  16.2-125.1-111.4 134.5   25.9   -7.6  -20.8               
  390  390 A E  E >   -M  380   0H  51     -2,-0.4     3,-1.2   -10,-0.2     2,-0.3  -0.589  28.4-108.9 -80.8 136.7   24.1   -7.9  -17.4               
  391  391 A Y  T 3  S+     0   0    2    -12,-2.3    14,-1.8    -2,-0.3    15,-0.2  -0.464 101.2   8.0 -65.5 129.2   24.7   -5.2  -14.7               
  392  392 A G  T 3  S+     0   0   30     12,-0.3     2,-0.4     1,-0.3    -1,-0.2   0.268 100.7 117.4  82.0  -6.4   26.8   -6.5  -11.7               
  393  393 A R  S <  S-     0   0  175     -3,-1.2     2,-0.7     6,-0.1    -1,-0.3  -0.744  71.2-115.8 -92.0 136.3   27.7   -9.8  -13.5               
  394  394 A Q        -     0   0  166     -2,-0.4     2,-0.2     6,-0.1    -3,-0.0  -0.609  34.8-169.7 -72.7 110.6   31.3  -10.5  -14.2               
  395  395 A G        -     0   0   27     -2,-0.7     5,-0.1     3,-0.7    -6,-0.0  -0.449  32.1-115.7 -83.2 170.7   31.8  -10.7  -18.0               
  396  396 A T  S    S+     0   0  150     -2,-0.2    -1,-0.1     1,-0.1    -2,-0.0   0.750 110.5  27.0 -76.3 -26.3   35.0  -12.0  -19.7               
  397  397 A V  S    S+     0   0   97      1,-0.1    -1,-0.1     2,-0.1    -3,-0.0   0.727 112.4  61.3-110.6 -32.3   35.9   -8.6  -21.3               
  398  398 A H  S    S-     0   0   30      1,-0.1    -3,-0.7    34,-0.0    34,-0.1  -0.787  80.1-108.9-112.3 144.2   34.3   -5.8  -19.1               
  399  399 A P        -     0   0   67      0, 0.0     2,-0.1     0, 0.0    -6,-0.1  -0.354  44.0 -97.0 -65.5 147.5   34.8   -4.8  -15.5               
  400  400 A V        -     0   0   66     -5,-0.1    32,-0.8    -8,-0.1     2,-0.2  -0.381  40.0-122.3 -62.2 134.9   32.1   -5.5  -13.0               
  401  401 A T  B     -N  431   0I  16      2,-0.2    30,-0.2    30,-0.2    -1,-0.1  -0.562  11.6-125.8 -76.6 146.7   29.8   -2.5  -12.3               
  402  402 A T  S    S+     0   0   93     28,-2.8     2,-0.4    -2,-0.2    29,-0.1   0.552  97.3  64.5 -67.6  -9.2   29.4   -1.1   -8.8               
  403  403 A V  S    S-     0   0   17     27,-0.3    -2,-0.2     4,-0.0     2,-0.2  -0.955  74.6-148.5-115.4 137.7   25.6   -1.6   -9.3               
  404  404 A S    >>  -     0   0   35     -2,-0.4     4,-2.4   -12,-0.1     3,-0.8  -0.586  36.7-101.0 -88.9 165.0   23.8   -4.9   -9.8               
  405  405 A S  H 3> S+     0   0    9    -14,-1.8     4,-2.5     1,-0.2     5,-0.1   0.867 126.8  56.5 -49.3 -35.8   20.6   -5.4  -11.9               
  406  406 A S  H 3> S+     0   0   46      2,-0.2     4,-1.7   -15,-0.2    -1,-0.2   0.831 107.4  46.1 -68.8 -32.5   18.8   -5.3   -8.5               
  407  407 A D  H <> S+     0   0   61     -3,-0.8     4,-2.1     2,-0.2    -2,-0.2   0.908 113.2  49.3 -76.6 -40.4   20.2   -1.9   -7.6               
  408  408 A V  H  X S+     0   0    0     -4,-2.4     4,-2.8     2,-0.2    -2,-0.2   0.922 110.6  51.7 -61.1 -43.8   19.4   -0.5  -11.1               
  409  409 A E  H  X S+     0   0    1     -4,-2.5     4,-2.5    -5,-0.2    -2,-0.2   0.909 108.6  49.8 -62.6 -42.9   15.8   -1.9  -10.7               
  410  410 A K  H  X S+     0   0  103     -4,-1.7     4,-2.0     2,-0.2    -1,-0.2   0.922 113.2  47.0 -60.2 -44.1   15.4   -0.2   -7.2               
  411  411 A A  H  X S+     0   0   25     -4,-2.1     4,-2.2     2,-0.2    -2,-0.2   0.915 111.8  50.6 -65.1 -41.3   16.5    3.1   -8.7               
  412  412 A Y  H  X S+     0   0   44     -4,-2.8     4,-2.3     2,-0.2    -2,-0.2   0.896 109.9  49.5 -63.5 -41.1   14.2    2.7  -11.8               
  413  413 A L  H  X S+     0   0   49     -4,-2.5     4,-0.7     2,-0.2    -1,-0.2   0.890 109.4  52.1 -66.8 -36.1   11.2    2.0   -9.5               
  414  414 A A  H >< S+     0   0   53     -4,-2.0     3,-0.5    -5,-0.2    -2,-0.2   0.908 110.6  49.0 -63.4 -39.7   12.1    5.1   -7.5               
  415  415 A Y  H 3< S+     0   0   64     -4,-2.2     5,-0.3     9,-0.2    -2,-0.2   0.873 109.3  51.5 -63.2 -40.8   12.1    7.0  -10.9               
  416  416 A C  H 3< S+     0   0   49     -4,-2.3    -1,-0.2    -5,-0.1    -2,-0.2   0.617  87.4 107.2 -73.4 -12.0    8.7    5.6  -11.8               
  417  417 A T  S X< S-     0   0   58     -4,-0.7     3,-1.7    -3,-0.5     2,-0.1  -0.465  84.6-100.6 -71.2 139.0    7.3    6.7   -8.4               
  418  418 A P  T 3  S+     0   0   58      0, 0.0    -1,-0.1     0, 0.0     3,-0.1  -0.355 103.7  15.8 -73.9 134.9    4.9    9.7   -8.8               
  419  419 A G  T 3  S+     0   0   78      1,-0.3     2,-0.2    -2,-0.1    -3,-0.1   0.645  83.6 156.3  74.7  16.4    6.3   13.1   -8.0               
  420  420 A S    <   -     0   0   43     -3,-1.7    -1,-0.3    -5,-0.3    -5,-0.1  -0.506  48.0-108.6 -58.6 139.6    9.9   11.8   -8.1               
  421  421 A D    >   -     0   0  104     -2,-0.2     3,-1.8   223,-0.2     4,-0.3  -0.285  26.9-105.3 -65.2 158.6   12.3   14.7   -8.8               
  422  422 A G  G >  S+     0   0   58      1,-0.3     3,-1.4     2,-0.2     4,-0.1   0.790 119.7  68.8 -56.7 -26.6   14.1   15.0  -12.3               
  423  423 A Q  G >  S+     0   0  140      1,-0.3     3,-1.3     2,-0.2    -1,-0.3   0.767  86.4  66.4 -63.5 -26.1   17.3   13.8  -10.4               
  424  424 A A  G <  S+     0   0   30     -3,-1.8    -1,-0.3     1,-0.2    -9,-0.2   0.673  83.2  77.5 -68.7 -15.1   15.6   10.4  -10.0               
  425  425 A A  G <  S+     0   0   16     -3,-1.4    15,-2.6    -4,-0.3    16,-0.5   0.607  94.1  54.2 -70.8 -12.4   15.8    9.9  -13.8               
  426  426 A T  E <   - O   0 439I  48     -3,-1.3     2,-0.4    13,-0.2    13,-0.2  -0.928  60.9-161.1-126.8 150.2   19.6    9.1  -13.7               
  427  427 A L  E     - O   0 438I  33     11,-2.3    11,-3.0    -2,-0.3     2,-0.4  -0.982  12.2-152.8-127.2 120.4   21.8    6.6  -11.8               
  428  428 A K  E     + O   0 437I 142     -2,-0.4     2,-0.3     9,-0.2     9,-0.2  -0.763  28.1 152.2 -91.5 136.8   25.6    7.2  -11.4               
  429  429 A F  E     - O   0 436I  11      7,-2.2     7,-3.1    -2,-0.4     2,-0.3  -0.943  34.6-119.3-153.8 170.7   27.9    4.2  -11.1               
  430  430 A Q  E     - O   0 435I  84     -2,-0.3   -28,-2.8     5,-0.2     2,-0.4  -0.905  12.9-172.4-117.9 145.1   31.5    3.0  -11.7               
  431  431 A A  E >  S-NO 401 434I   8      3,-2.7     3,-2.0    -2,-0.3     2,-0.3  -0.928  70.3 -50.5-133.7 111.2   32.8    0.1  -13.9               
  432  432 A G  T 3  S-     0   0   40    -32,-0.8   -30,-0.0    -2,-0.4   -34,-0.0  -0.454 123.3 -19.0  59.6-122.6   36.6   -0.4  -13.4               
  433  433 A K  T 3  S+     0   0  192     -2,-0.3     2,-0.4    -3,-0.1    -1,-0.3   0.410 120.9  92.4 -90.1  -1.5   38.3    3.1  -13.8               
  434  434 A H  E <   -O  431   0I  62     -3,-2.0    -3,-2.7    15,-0.0     2,-0.4  -0.811  63.2-145.0-106.1 139.0   35.3    4.6  -15.7               
  435  435 A N  E     -O  430   0I  77     -2,-0.4    13,-2.7    -5,-0.2    14,-0.4  -0.831  22.2-171.1 -98.8 136.9   32.3    6.6  -14.3               
  436  436 A Y  E     -OP 429 447I  42     -7,-3.1    -7,-2.2    -2,-0.4     2,-0.4  -0.882  18.6-150.6-127.0 154.1   28.9    6.2  -16.0               
  437  437 A E  E     -OP 428 446I  51      9,-2.3     9,-2.8    -2,-0.3     2,-0.5  -0.997  12.8-153.1-123.8 121.9   25.5    7.8  -15.9               
  438  438 A L  E     -OP 427 445I   1    -11,-3.0   -11,-2.3    -2,-0.4     2,-0.6  -0.873   6.3-154.3 -90.2 125.8   22.4    5.6  -16.7               
  439  439 A D  E  >> -OP 426 444I  51      5,-3.0     4,-1.4    -2,-0.5     5,-1.3  -0.910   6.1-167.4-102.7 111.5   19.4    7.6  -18.1               
  440  440 A F  T  45S+     0   0    2    -15,-2.6   -14,-0.1    -2,-0.6    -1,-0.1   0.682  87.1  52.5 -72.0 -20.6   16.1    5.8  -17.3               
  441  441 A K  T  45S+     0   0  163    -16,-0.5    -1,-0.2     1,-0.1   -15,-0.1   0.862 119.3  32.7 -81.8 -41.3   14.2    8.1  -19.7               
  442  442 A A  T  45S-     0   0   56      2,-0.2    -2,-0.2    13,-0.0    14,-0.2   0.567 100.0-131.8 -89.6 -12.5   16.5    7.5  -22.7               
  443  443 A F  T  <5 +     0   0   72     -4,-1.4    13,-2.6     1,-0.2     2,-0.3   0.917  66.5 120.1  53.5  48.2   17.4    3.9  -21.8               
  444  444 A V  E   < -PQ 439 455I  42     -5,-1.3    -5,-3.0    11,-0.2     2,-0.4  -0.989  57.3-141.6-135.4 148.0   21.1    4.7  -22.4               
  445  445 A Q  E     -PQ 438 454I   7      9,-2.4     9,-2.5    -2,-0.3     2,-0.4  -0.914  20.0-158.0-102.6 141.9   24.3    4.6  -20.3               
  446  446 A K  E     -PQ 437 453I  96     -9,-2.8    -9,-2.3    -2,-0.4     2,-0.5  -0.974  16.8-130.9-120.2 128.8   26.8    7.5  -20.9               
  447  447 A N  E  >  -P  436   0I   5      5,-2.9     4,-1.6    -2,-0.4   -11,-0.2  -0.677  17.2-148.9 -72.0 124.0   30.6    7.4  -20.1               
  448  448 A L  T  4 S+     0   0   81    -13,-2.7    -1,-0.1    -2,-0.5   -12,-0.1   0.635  91.3  42.9 -75.7 -14.5   31.2   10.6  -18.1               
  449  449 A V  T  4 S+     0   0   97    -14,-0.4    -1,-0.2     3,-0.1   -13,-0.1   0.878 127.2  24.6 -93.5 -51.3   34.8   11.0  -19.4               
  450  450 A Y  T  4 S-     0   0  156      2,-0.1    -2,-0.2     1,-0.0    -1,-0.0   0.518  93.1-130.5 -95.5 -10.9   34.5   10.2  -23.1               
  451  451 A G     <  +     0   0   38     -4,-1.6    -3,-0.1     1,-0.2     2,-0.1   0.449  53.5 152.6  71.7   1.9   30.8   11.0  -23.7               
  452  452 A T        -     0   0   76     -6,-0.1    -5,-2.9     1,-0.0     2,-0.3  -0.348  31.2-149.8 -64.6 140.4   30.2    7.6  -25.4               
  453  453 A T  E     -Q  446   0I  89     -7,-0.2     2,-0.3    -2,-0.1    -7,-0.2  -0.883  12.2-170.5-116.1 144.2   26.7    6.2  -25.1               
  454  454 A K  E     -Q  445   0I  52     -9,-2.5    -9,-2.4    -2,-0.3     2,-0.1  -0.976  29.7-106.4-129.2 146.6   25.5    2.5  -25.1               
  455  455 A K  E     -Q  444   0I 140     -2,-0.3   -73,-2.5   -11,-0.2     2,-0.3  -0.421  31.8-158.3 -69.6 147.0   21.9    1.2  -25.3               
  456  456 A V  E     -L  381   0H   8    -13,-2.6     2,-0.3   -75,-0.2   -75,-0.2  -0.954   8.7-174.1-124.7 142.7   20.3   -0.2  -22.2               
  457  457 A C  E     -L  380   0H   9    -77,-2.6   -77,-3.0    -2,-0.3     2,-0.5  -0.986  16.4-145.2-137.4 152.9   17.4   -2.7  -21.9               
  458  458 A R  E     +L  379   0H  33     -2,-0.3   -79,-0.2   -79,-0.2   -81,-0.0  -0.981  26.6 167.5-116.5 120.8   15.2   -4.1  -19.1               
  459  459 A R  E     -L  378   0H  16    -81,-2.7   -81,-3.1    -2,-0.5     2,-0.2  -0.972  30.2-121.2-133.8 145.3   14.0   -7.8  -19.4               
  460  460 A P  E     -L  377   0H   2      0, 0.0     2,-0.4     0, 0.0   -83,-0.2  -0.537  33.3-104.2 -78.0 153.4   12.4  -10.2  -16.9               
  461  461 A K        -     0   0  126    -85,-2.7   -85,-0.3    -2,-0.2     2,-0.1  -0.649  47.2-108.5 -68.0 130.0   14.0  -13.6  -16.0               
  462  462 A Y        -     0   0   63     -2,-0.4     2,-0.4  -142,-0.1    -1,-0.1  -0.374  33.5-170.0 -64.4 138.3   11.9  -16.3  -17.8               
  463  463 A V        -     0   0   24     -2,-0.1  -164,-0.1  -147,-0.1  -144,-0.0  -0.963  12.7-147.8-130.4 110.4    9.7  -18.5  -15.6               
  464  464 A S     >  -     0   0   18     -2,-0.4     4,-2.4     1,-0.1     5,-0.2  -0.341  28.9-109.4 -71.0 159.2    8.1  -21.5  -17.4               
  465  465 A P  H  > S+     0   0   37      0, 0.0     4,-2.2     0, 0.0     5,-0.1   0.846 124.7  55.4 -53.9 -31.2    4.7  -22.9  -16.5               
  466  466 A Q  H  > S+     0   0  130      2,-0.2     4,-2.8     1,-0.2     5,-0.2   0.912 105.8  49.2 -68.0 -41.9    6.7  -25.9  -15.0               
  467  467 A D  H  > S+     0   0   67      2,-0.2     4,-3.0     1,-0.2     5,-0.2   0.914 110.7  51.6 -62.4 -41.9    8.7  -23.5  -12.8               
  468  468 A V  H  X S+     0   0    3     -4,-2.4     4,-2.0     2,-0.2    -2,-0.2   0.944 112.9  44.3 -58.1 -49.9    5.4  -21.9  -11.7               
  469  469 A T  H  X S+     0   0   78     -4,-2.2     4,-1.9     2,-0.2     5,-0.2   0.932 114.1  50.2 -62.4 -44.7    4.0  -25.3  -10.8               
  470  470 A T  H  X S+     0   0   76     -4,-2.8     4,-2.6     1,-0.2     3,-0.3   0.939 112.3  46.4 -60.5 -48.4    7.3  -26.4   -9.1               
  471  471 A M  H  < S+     0   0   71     -4,-3.0     5,-0.3     1,-0.2    -1,-0.2   0.811 111.7  52.5 -65.8 -31.4    7.4  -23.2   -7.0               
  472  472 A Q  H  < S+     0   0   59     -4,-2.0    -1,-0.2    -5,-0.2    -2,-0.2   0.822 116.4  39.2 -69.3 -34.7    3.7  -23.6   -6.1               
  473  473 A T  H  < S+     0   0  103     -4,-1.9     2,-1.1    -3,-0.3    -2,-0.2   0.745  99.8  83.6 -88.2 -29.5    4.3  -27.2   -4.8               
  474  474 A C     <  -     0   0   61     -4,-2.6     2,-1.9    -5,-0.2    -1,-0.1  -0.697  66.0-155.3 -79.1 102.9    7.7  -26.6   -3.2               
  475  475 A N        -     0   0   99     -2,-1.1     2,-1.2     2,-0.0    -3,-0.1  -0.659  24.4-145.8 -60.7  83.5    7.2  -25.3    0.3               
  476  476 A T        -     0   0   67     -2,-1.9     2,-1.6    -5,-0.3  -104,-0.1  -0.615   8.3-138.6 -58.7  98.2   10.6  -23.7    0.0               
  477  477 A K        -     0   0  194     -2,-1.2    -1,-0.1     2,-0.0    -2,-0.0  -0.581  15.5-156.2 -57.4  85.5   11.6  -24.1    3.6               
  478  478 A F        -     0   0   86     -2,-1.6     2,-0.8     1,-0.1  -108,-0.0  -0.560  45.6 -82.5 -55.7 137.3   13.2  -20.7    4.0               
  479  479 A P        -     0   0  126      0, 0.0     3,-0.2     0, 0.0    -1,-0.1  -0.399  63.5-143.5 -58.2 100.6   15.6  -21.4    6.9               
  480  480 A G        +     0   0   61     -2,-0.8    -3,-0.0     1,-0.2     0, 0.0  -0.485  54.6  54.6 -70.1 164.9   13.6  -21.1   10.1               
  481  481 A P        +     0   0  109      0, 0.0    -1,-0.2     0, 0.0     0, 0.0   0.317  69.4  81.4-123.1 114.1   13.9  -20.1   13.0               
  482  482 A K  S    S+     0   0  218     -3,-0.2    -2,-0.1     3,-0.0     0, 0.0   0.404  96.8  41.1-131.2  -1.2   15.1  -16.5   13.9               
  483  483 A S  S    S+     0   0   48      2,-0.1    59,-0.1     0, 0.0    -3,-0.0   0.484  76.1 110.2-128.2  -8.3   11.9  -14.4   13.5               
  484  484 A I  S    S-     0   0   48      1,-0.1     2,-0.2     2,-0.0     6,-0.0  -0.607  72.8-117.0 -74.4 127.8    8.9  -16.4   15.0               
  485  485 A P    >   -     0   0   17      0, 0.0     3,-2.5     0, 0.0    -1,-0.1  -0.493  15.2-129.3 -66.8 136.0    7.7  -14.7   18.3               
  486  486 A D  T 3  S+     0   0  170      1,-0.3     4,-0.1    -2,-0.2    -2,-0.0   0.710 106.6  61.4 -59.0 -24.6    8.2  -16.9   21.4               
  487  487 A Y  T 3  S+     0   0   84      2,-0.1    -1,-0.3     3,-0.0     2,-0.1   0.583  85.2 103.5 -78.5 -10.7    4.5  -16.3   22.4               
  488  488 A W  S <  S-     0   0    9     -3,-2.5     2,-0.9     1,-0.1     5,-0.1  -0.439  83.3-112.5 -72.0 145.6    3.2  -17.9   19.1               
  489  489 A D    >   -     0   0   60      1,-0.2     3,-1.4     3,-0.2    -1,-0.1  -0.696  27.0-161.9 -75.3 104.5    1.8  -21.4   19.0               
  490  490 A S  T 3  S+     0   0   93     -2,-0.9     3,-0.4     1,-0.3    -1,-0.2   0.697  88.8  58.1 -66.0 -21.7    4.5  -23.2   17.0               
  491  491 A S  T 3  S+     0   0  107      1,-0.2    -1,-0.3    -3,-0.1     2,-0.2   0.656 100.5  62.1 -76.3 -14.6    2.1  -26.1   16.2               
  492  492 A A  S <  S+     0   0    6     -3,-1.4    -1,-0.2     2,-0.1     7,-0.2  -0.404  70.1 116.7-115.9  49.2   -0.2  -23.5   14.6               
  493  493 A L        -     0   0   42     -3,-0.4     2,-0.4    -2,-0.2    41,-0.1  -0.894  43.4-164.4-121.7  99.4    1.8  -22.1   11.7               
  494  494 A P        -     0   0   31      0, 0.0    41,-0.4     0, 0.0     3,-0.3  -0.715  14.6-138.7 -80.8 133.7    0.4  -22.7    8.1               
  495  495 A D  S    S+     0   0   90     -2,-0.4     2,-0.1     1,-0.4    -2,-0.0  -0.936  97.1  24.1-126.0 104.8    2.9  -22.1    5.3               
  496  496 A P  S    S+     0   0   80      0, 0.0    -1,-0.4     0, 0.0     2,-0.3   0.518 126.9  22.3 -86.7 153.2    1.1  -20.7    3.2               
  497  497 A G  S    S-     0   0   19     -3,-0.3    39,-0.4    79,-0.1     2,-0.3  -0.959  73.6 -84.9 144.7-156.1   -1.8  -19.0    5.2               
  498  498 A F        -     0   0   44     -2,-0.3     2,-0.3    36,-0.1    36,-0.2  -0.980  21.6-152.3-145.6 159.1   -2.8  -17.8    8.6               
  499  499 A Q  E     -R  533   0J  63     34,-2.0    34,-2.9    -2,-0.3     2,-0.6  -0.949  10.5-142.4-129.0 151.2   -4.3  -19.1   11.9               
  500  500 A K  E     -R  532   0J  66     -2,-0.3     2,-0.7    32,-0.2    32,-0.2  -0.956  14.9-161.5-114.5 108.4   -6.5  -17.5   14.5               
  501  501 A I  E     -R  531   0J  40     30,-2.9    30,-2.8    -2,-0.6     2,-0.5  -0.827  16.0-136.9 -93.8 111.5   -5.7  -18.7   18.1               
  502  502 A T  E     -R  530   0J  85     -2,-0.7    28,-0.2    28,-0.3     2,-0.2  -0.601  24.8-134.8 -68.8 118.0   -8.5  -17.9   20.5               
  503  503 A L        -     0   0   15     26,-2.8    26,-0.4    -2,-0.5     2,-0.3  -0.516  16.3-110.3 -75.9 141.0   -6.8  -16.6   23.7               
  504  504 A S    >   -     0   0   66     -2,-0.2     3,-2.2     1,-0.1     6,-0.4  -0.524  21.3-131.3 -64.1 132.7   -7.8  -17.8   27.2               
  505  505 A S  T 3  S+     0   0   78      1,-0.3    -1,-0.1    -2,-0.3    -2,-0.0   0.658 107.9  56.4 -61.0 -17.1   -9.6  -15.0   29.1               
  506  506 A S  T 3  S+     0   0  102      4,-0.1    -1,-0.3     5,-0.0     2,-0.1   0.473  84.9 107.6 -89.8  -7.2   -7.2  -15.8   32.0               
  507  507 A S  S <> S-     0   0   34     -3,-2.2     4,-2.4     1,-0.1     5,-0.2  -0.441  74.7-129.1 -76.5 148.5   -4.0  -15.3   30.0               
  508  508 A E  H  > S+     0   0  137      2,-0.2     4,-2.2     1,-0.2     5,-0.1   0.888 111.9  56.0 -58.9 -37.7   -1.7  -12.2   30.6               
  509  509 A E  H  > S+     0   0   41      2,-0.2     4,-1.9     1,-0.2    -1,-0.2   0.943 108.3  46.0 -59.9 -48.9   -1.8  -11.7   26.8               
  510  510 A Y  H  > S+     0   0   20     -6,-0.4     4,-3.1     1,-0.2     5,-0.2   0.932 111.4  52.5 -59.5 -47.2   -5.6  -11.5   26.8               
  511  511 A Q  H  X S+     0   0   76     -4,-2.4     4,-2.7     1,-0.2    -2,-0.2   0.876 107.5  52.3 -61.9 -37.6   -5.6   -9.2   29.8               
  512  512 A K  H  X S+     0   0  118     -4,-2.2     4,-1.8     2,-0.2    -1,-0.2   0.954 114.8  40.9 -60.9 -50.3   -3.2   -6.8   28.0               
  513  513 A V  H  X S+     0   0    3     -4,-1.9     4,-2.0     2,-0.2    -2,-0.2   0.925 116.3  50.6 -65.0 -44.4   -5.3   -6.6   24.8               
  514  514 A W  H  X S+     0   0   72     -4,-3.1     4,-3.2     1,-0.2     5,-0.2   0.917 108.1  52.4 -60.8 -44.3   -8.6   -6.4   26.9               
  515  515 A N  H  X S+     0   0   81     -4,-2.7     4,-1.8     1,-0.2    -1,-0.2   0.909 108.4  50.6 -61.0 -43.3   -7.2   -3.5   29.1               
  516  516 A L  H  < S+     0   0   54     -4,-1.8    85,-0.4     2,-0.2     4,-0.3   0.912 116.5  41.9 -60.5 -42.6   -6.3   -1.4   26.0               
  517  517 A F  H >X S+     0   0    0     -4,-2.0     3,-1.7     1,-0.2     4,-1.7   0.959 112.5  52.8 -64.8 -51.4   -9.8   -1.9   24.6               
  518  518 A N  H 3< S+     0   0   42     -4,-3.2    -2,-0.2     1,-0.3    -1,-0.2   0.760  91.6  75.9 -64.5 -26.7  -11.6   -1.4   28.0               
  519  519 A R  T 3< S+     0   0  199     -4,-1.8    -1,-0.3    -5,-0.2    -2,-0.1   0.747 117.3  15.4 -53.1 -31.2   -9.8    2.0   28.6               
  520  520 A T  T <4 S+     0   0   45     -3,-1.7    -2,-0.2    -4,-0.3    -1,-0.2   0.521 133.3  44.9-124.5 -12.2  -12.2    3.6   26.0               
  521  521 A L    ><  +     0   0   14     -4,-1.7     3,-1.3     1,-0.1    -2,-0.2  -0.459  62.7 150.8-126.8  59.0  -15.0    1.0   25.6               
  522  522 A P  T 3   +     0   0   66      0, 0.0    -1,-0.1     0, 0.0    -4,-0.1   0.634  68.2  57.2 -71.0 -16.2  -15.8    0.0   29.3               
  523  523 A F  T 3  S+     0   0  185     -3,-0.1     2,-0.4     2,-0.1    -5,-0.0   0.380  88.4  90.9 -97.5   1.2  -19.5   -0.8   28.6               
  524  524 A Y  S <  S-     0   0   60     -3,-1.3     2,-0.7    -6,-0.1   155,-0.2  -0.818  72.4-129.7-103.5 140.6  -19.0   -3.4   25.9               
  525  525 A F  E     - S   0 678J  80    153,-1.7   153,-2.5   155,-0.4     2,-0.6  -0.776  15.2-140.5 -91.2 116.7  -18.6   -7.2   26.5               
  526  526 A V  E     - S   0 677J   6     -2,-0.7   151,-0.3   151,-0.2     3,-0.1  -0.683  17.5-174.6 -73.8 116.1  -15.5   -8.8   24.8               
  527  527 A Q  E     -     0   0J  80    149,-2.1     2,-0.3    -2,-0.6   150,-0.2   0.864  64.6 -15.2 -81.0 -42.9  -16.7  -12.2   23.5               
  528  528 A K  E     - S   0 676J  62    148,-1.7   148,-2.6   -24,-0.0     2,-0.4  -0.975  48.6-148.5-157.6 155.3  -13.3  -13.4   22.3               
  529  529 A I  E     - S   0 675J   0    -26,-0.4   -26,-2.8    -2,-0.3     2,-0.5  -1.000  20.5-165.7-123.1 124.4   -9.8  -12.2   21.4               
  530  530 A E  E     -RS 502 674J  15    144,-2.7   144,-2.8    -2,-0.4     2,-0.4  -0.961  13.2-141.3-113.6 124.7   -8.0  -14.1   18.6               
  531  531 A R  E     -RS 501 673J  13    -30,-2.8   -30,-2.9    -2,-0.5     2,-0.5  -0.727  19.6-136.6 -77.4 129.8   -4.2  -13.9   18.0               
  532  532 A V  E     -R  500   0J   0    140,-2.8     2,-0.6    -2,-0.4   -32,-0.2  -0.784  15.7-166.7 -88.1 124.6   -3.4  -13.9   14.2               
  533  533 A Q  E     +R  499   0J   0    -34,-2.9   -34,-2.0    -2,-0.5     2,-0.4  -0.927  23.4 152.8-111.4 100.7   -0.5  -16.1   13.3               
  534  534 A N     >  -     0   0    5     -2,-0.6     4,-2.3   -36,-0.2     5,-0.2  -0.898  22.1-170.8-129.0 100.2    0.6  -15.3    9.7               
  535  535 A L  H  > S+     0   0   29     -2,-0.4     4,-2.9   -41,-0.4     5,-0.2   0.908  85.1  52.3 -62.1 -42.2    4.3  -16.0    9.2               
  536  536 A A  H  > S+     0   0   33    -39,-0.4     4,-2.0     1,-0.2    -1,-0.2   0.928 113.3  43.4 -61.8 -46.9    4.5  -14.4    5.7               
  537  537 A L  H  > S+     0   0    7      2,-0.2     4,-2.2     1,-0.2    -1,-0.2   0.884 114.7  51.6 -65.2 -36.9    2.9  -11.1    7.0               
  538  538 A W  H  X S+     0   0   14     -4,-2.3     4,-2.8     2,-0.2     5,-0.2   0.926 108.9  48.7 -66.5 -44.6    5.1  -11.2   10.1               
  539  539 A E  H  X S+     0   0   52     -4,-2.9     4,-2.5     2,-0.2    -2,-0.2   0.903 113.0  48.2 -62.9 -41.1    8.4  -11.7    8.2               
  540  540 A V  H  X S+     0   0    4     -4,-2.0     4,-2.8    -5,-0.2    -1,-0.2   0.911 112.2  49.8 -63.0 -43.5    7.5   -8.8    5.8               
  541  541 A Y  H  X S+     0   0    1     -4,-2.2     4,-2.6     2,-0.2    -2,-0.2   0.936 113.0  45.5 -61.8 -46.6    6.6   -6.6    8.9               
  542  542 A Q  H  X S+     0   0   59     -4,-2.8     4,-2.5     2,-0.2    -2,-0.2   0.884 112.8  51.7 -66.0 -37.5   10.0   -7.5   10.6               
  543  543 A W  H  X S+     0   0   88     -4,-2.5     4,-2.2    -5,-0.2    -2,-0.2   0.957 110.7  47.5 -61.4 -48.3   11.8   -6.9    7.3               
  544  544 A Q  H  X S+     0   0   29     -4,-2.8     4,-2.7   123,-0.2     5,-0.2   0.912 111.1  52.2 -60.1 -42.5   10.1   -3.4    6.9               
  545  545 A K  H  X S+     0   0   50     -4,-2.6     4,-2.5     1,-0.2    -1,-0.2   0.925 109.3  49.7 -56.8 -46.9   11.0   -2.7   10.6               
  546  546 A G  H  X S+     0   0   26     -4,-2.5     4,-2.0     2,-0.2    -2,-0.2   0.861 111.5  48.8 -62.0 -37.6   14.7   -3.6    9.8               
  547  547 A Q  H  X S+     0   0   58     -4,-2.2     4,-2.4     2,-0.2    -2,-0.2   0.941 112.2  47.1 -68.9 -45.7   14.7   -1.3    6.8               
  548  548 A M  H  X S+     0   0    5     -4,-2.7     4,-2.1     2,-0.2    -2,-0.2   0.901 111.4  52.7 -62.2 -39.1   13.2    1.7    8.7               
  549  549 A Q  H  <>S+     0   0   78     -4,-2.5     5,-2.5    -5,-0.2     6,-0.3   0.918 110.4  47.2 -63.0 -43.4   15.7    1.1   11.5               
  550  550 A K  H ><5S+     0   0  158     -4,-2.0     3,-0.9     1,-0.2    -2,-0.2   0.910 113.1  48.9 -62.5 -42.6   18.7    1.1    9.0               
  551  551 A Q  H 3<5S+     0   0  153     -4,-2.4    -2,-0.2     1,-0.3    -1,-0.2   0.820 106.2  58.1 -67.6 -30.5   17.2    4.3    7.4               
  552  552 A N  T ><5S-     0   0   48     -4,-2.1     3,-1.7     3,-0.2    -1,-0.3  -0.096 126.0 -97.1 -90.3  30.4   16.8    5.9   10.9               
  553  553 A G  T < 5S-     0   0   74     -3,-0.9    -3,-0.2     1,-0.3    -2,-0.1   0.779  78.0 -56.9  63.0  26.7   20.6    5.6   11.7               
  554  554 A G  T 3 <S+     0   0   43     -5,-2.5    -1,-0.3     1,-0.3    -4,-0.2   0.275  99.0 141.8  87.0  -6.8   20.0    2.3   13.7               
  555  555 A K    <   -     0   0  146     -3,-1.7    -1,-0.3    -6,-0.3    -3,-0.2  -0.361  63.7 -95.0 -64.9 141.9   17.5    3.9   16.1               
  556  556 A A        -     0   0   87      1,-0.1     2,-0.2    -2,-0.1    -1,-0.1  -0.327  43.4-117.6 -56.0 132.1   14.5    1.8   17.2               
  557  557 A V        -     0   0   12    -12,-0.1     2,-0.5     1,-0.1    -1,-0.1  -0.576  30.1-103.5 -73.3 135.6   11.5    2.5   15.0               
  558  558 A D        -     0   0   58     -2,-0.2    67,-2.1    65,-0.1    66,-1.1  -0.501  47.9-175.7 -61.5 110.1    8.4    4.0   16.8               
  559  559 A E  E     -T  623   0J  50     -2,-0.5     2,-0.3    64,-0.2    64,-0.2  -0.973   2.0-177.7-116.1 126.9    6.1    0.9   16.9               
  560  560 A R  E     -T  622   0J  74     62,-2.7    62,-2.5    -2,-0.4     2,-0.6  -0.932  30.8-128.8-127.9 148.3    2.6    1.2   18.3               
  561  561 A Q  E     +T  621   0J  73     -2,-0.3     2,-0.3    60,-0.2    60,-0.2  -0.879  43.2 173.9 -90.3 118.1   -0.4   -1.0   19.0               
  562  562 A L  E     -T  620   0J   4     58,-2.6    58,-2.9    -2,-0.6     2,-0.2  -0.956  28.0-115.6-133.4 147.8   -3.4    0.7   17.3               
  563  563 A F  E     -TU 619 598J   4     35,-3.0    35,-2.8    -2,-0.3     2,-0.4  -0.576  21.8-174.2 -85.1 145.4   -7.1   -0.1   16.7               
  564  564 A H  E     -T  618   0J  23     54,-2.5    54,-3.0    -2,-0.2     2,-0.3  -0.922  11.7-153.3-139.1 110.2   -8.8   -0.7   13.3               
  565  565 A G  E     +T  617   0J   4     -2,-0.4     2,-0.3    52,-0.3    52,-0.2  -0.654  28.1 153.2 -80.7 136.6  -12.6   -1.2   13.1               
  566  566 A T  E     -T  616   0J   8     50,-1.5    50,-0.6    -2,-0.3     2,-0.2  -0.950  45.7 -85.1-151.1 168.4  -13.9   -3.2   10.1               
  567  567 A S    >   -     0   0   27     -2,-0.3     3,-2.3    41,-0.1     4,-0.4  -0.589  39.5-116.6 -75.3 147.0  -16.9   -5.4    9.0               
  568  568 A A  G >  S+     0   0   65     41,-0.5     3,-1.5     1,-0.3     4,-0.5   0.810 111.2  69.4 -52.7 -32.9  -16.7   -9.2    9.8               
  569  569 A I  G 3  S+     0   0  125      1,-0.3    -1,-0.3     2,-0.1     4,-0.2   0.620 100.5  47.0 -61.9 -18.0  -16.6   -9.9    6.0               
  570  570 A F  G <> S+     0   0   37     -3,-2.3     4,-2.6     2,-0.1    -1,-0.3   0.472  86.2  92.6-101.1  -5.9  -13.1   -8.4    5.8               
  571  571 A V  H <> S+     0   0   10     -3,-1.5     4,-2.8    -4,-0.4     5,-0.2   0.947  89.9  39.8 -59.9 -55.3  -11.5  -10.2    8.8               
  572  572 A D  H  > S+     0   0   82     -4,-0.5     4,-1.9     1,-0.2    -1,-0.2   0.863 114.9  54.7 -66.9 -33.0  -10.1  -13.3    7.0               
  573  573 A A  H  > S+     0   0    9     -4,-0.2     4,-2.8     2,-0.2     5,-0.3   0.931 112.2  43.3 -61.6 -45.6   -9.0  -11.1    4.1               
  574  574 A I  H  X S+     0   0    0     -4,-2.6     4,-2.3     2,-0.2    -2,-0.2   0.925 112.5  52.7 -67.0 -45.1   -7.0   -8.8    6.5               
  575  575 A C  H  < S+     0   0    0     -4,-2.8    -1,-0.2    -5,-0.2    -2,-0.2   0.838 120.2  34.6 -60.2 -33.8   -5.6  -11.8    8.4               
  576  576 A Q  H  < S+     0   0   37     -4,-1.9    -2,-0.2    -5,-0.2    -1,-0.2   0.871 136.3  16.8 -85.6 -43.7   -4.3  -13.4    5.1               
  577  577 A Q  H  < S-     0   0   11     -4,-2.8    -3,-0.2     1,-0.2    -2,-0.2   0.414 101.1-121.2-119.2   0.6   -3.3  -10.4    3.0               
  578  578 A N     <  -     0   0    6     -4,-2.3     2,-0.3    -5,-0.3    -1,-0.2  -0.059  53.9 -33.6  74.2 177.3   -3.1   -7.4    5.5               
  579  579 A F        -     0   0    4     87,-0.2     2,-0.5    -4,-0.1    16,-0.1  -0.529  54.4-174.4 -67.7 127.4   -5.0   -4.1    5.5               
  580  580 A D    >>  -     0   0   14     -2,-0.3     4,-2.9     1,-0.1     3,-1.6  -0.918  13.2-165.4-125.3 105.3   -5.8   -2.7    2.0               
  581  581 A W  T 34 S+     0   0   68     -2,-0.5     4,-0.4     1,-0.3    -1,-0.1   0.723  90.1  62.8 -60.7 -22.0   -7.4    0.8    2.0               
  582  582 A R  T 34 S+     0   0   73      2,-0.1    -1,-0.3     3,-0.1     4,-0.2   0.756 116.9  28.9 -73.6 -24.8   -8.5    0.2   -1.6               
  583  583 A V  T <4 S+     0   0   27     -3,-1.6    -2,-0.2     2,-0.1    -1,-0.1   0.839 118.9  51.9 -99.9 -48.1  -10.7   -2.7   -0.5               
  584  584 A C  S  < S-     0   0   11     -4,-2.9    -3,-0.2     1,-0.1    -2,-0.1   0.431 117.2-107.8 -73.2   2.2  -11.7   -1.8    3.1               
  585  585 A G        -     0   0   34     -4,-0.4     2,-1.9    -5,-0.3    -2,-0.1   0.426  26.2 -85.9  80.9 142.8  -12.9    1.6    1.8               
  586  586 A V        -     0   0   66     -4,-0.2     2,-1.2    -3,-0.1     3,-0.4  -0.590  49.1-170.3 -76.7  79.9  -11.3    5.1    2.3               
  587  587 A H  S    S-     0   0   68     -2,-1.9     9,-0.1     1,-0.2    20,-0.0  -0.703  70.1 -13.4 -75.6  96.4  -13.0    5.7    5.6               
  588  588 A G    >   -     0   0   18     -2,-1.2     2,-1.0     1,-0.1     3,-0.6   0.999  62.3-163.1  74.4  79.1  -12.1    9.4    6.1               
  589  589 A T  T 3   +     0   0   56     -3,-0.4     3,-0.3     1,-0.2    -1,-0.1  -0.057  54.7 120.1 -74.5  32.1   -9.4   10.6    3.6               
  590  590 A S  T 3  S+     0   0   68     -2,-1.0    42,-0.7     1,-0.2    -1,-0.2   0.821  83.3  27.0 -71.2 -27.5   -8.8   13.7    5.8               
  591  591 A Y  S <  S-     0   0   58     -3,-0.6    40,-0.7     1,-0.4    -1,-0.2   0.200 131.0 -51.1-122.3  10.7   -5.1   12.9    6.5               
  592  592 A G        -     0   0    0     -3,-0.3     2,-1.1    38,-0.2    -1,-0.4  -0.634  59.1 -77.0 137.5 166.5   -4.2   10.9    3.3               
  593  593 A K  S    S+     0   0   86     41,-2.9     2,-0.2    -2,-0.2    -4,-0.1  -0.723  90.4  94.1 -94.5  76.5   -5.2    7.9    1.1               
  594  594 A G  S    S-     0   0    2     -2,-1.1     2,-0.4   -13,-0.1    70,-0.2  -0.816  85.0 -61.0-146.5-174.1   -3.9    5.1    3.3               
  595  595 A S  E     - V   0 663J  10     68,-2.7    68,-2.7    -2,-0.2     2,-0.4  -0.693  53.1-137.9 -80.3 129.6   -5.1    2.6    6.0               
  596  596 A Y  E     - V   0 662J  33     -2,-0.4     2,-0.3    66,-0.2    66,-0.2  -0.764  20.8-176.6 -97.0 137.0   -6.3    4.4    9.2               
  597  597 A F  E     - V   0 661J   2     64,-2.7    64,-2.9    -2,-0.4     2,-0.4  -0.983  11.1-148.6-132.6 140.1   -5.5    3.3   12.8               
  598  598 A A  E     -UV 563 660J   2    -35,-2.8   -35,-3.0    -2,-0.3    62,-0.2  -0.880  16.6-149.0-112.0 141.7   -6.7    4.8   16.1               
  599  599 A R  S    S+     0   0   94     60,-2.4     2,-0.5    -2,-0.4    -1,-0.1   0.891  91.5  59.1 -62.6 -40.2   -5.0    5.1   19.5               
  600  600 A D  S >> S-     0   0   51     59,-0.5     3,-1.3     1,-0.1     4,-1.2  -0.818  73.0-148.6-104.3 123.9   -8.5    4.8   21.1               
  601  601 A A  H 3> S+     0   0    0     -2,-0.5     4,-2.1   -85,-0.4    -1,-0.1   0.850  97.5  66.7 -57.4 -34.5  -10.8    1.7   20.6               
  602  602 A A  H 3> S+     0   0   45      1,-0.2     4,-0.6     2,-0.2    -1,-0.3   0.827  99.8  49.9 -56.4 -34.9  -13.9    4.0   20.9               
  603  603 A Y  H X4 S+     0   0  103     -3,-1.3     3,-0.9     1,-0.2     4,-0.3   0.934 109.9  50.3 -69.7 -44.2  -12.9    5.8   17.7               
  604  604 A S  H >X S+     0   0    4     -4,-1.2     3,-1.8     1,-0.2     4,-0.9   0.816  94.6  73.2 -65.5 -29.5  -12.5    2.5   15.8               
  605  605 A H  H >< S+     0   0   42     -4,-2.1     3,-0.6     1,-0.3    -1,-0.2   0.840  87.3  63.1 -54.4 -34.9  -15.9    1.2   17.0               
  606  606 A H  T << S+     0   0  146     -3,-0.9    -1,-0.3    -4,-0.6    -2,-0.2   0.772 107.6  43.3 -60.5 -25.9  -17.6    3.7   14.5               
  607  607 A Y  T <4 S+     0   0   46     -3,-1.8     2,-2.2    -4,-0.3    -1,-0.2   0.578  86.8  94.4 -98.4 -11.5  -15.9    1.7   11.7               
  608  608 A S    <<  -     0   0    1     -4,-0.9     2,-0.2    -3,-0.6   -41,-0.1  -0.410  68.5-169.6 -74.4  61.2  -16.7   -1.8   13.2               
  609  609 A K        +     0   0  119     -2,-2.2   -41,-0.5     6,-0.1     2,-0.3  -0.423  14.9 160.2 -65.1 130.3  -19.9   -2.0   11.0               
  610  610 A S        -     0   0   46     -2,-0.2     5,-0.1   -43,-0.1   -43,-0.0  -0.984  43.9-145.4-145.9 146.7  -22.3   -4.8   11.9               
  611  611 A D  S    S+     0   0  179     -2,-0.3     2,-0.2     3,-0.1     4,-0.1   0.444  93.2  50.8 -84.2  -5.7  -26.0   -5.5   11.2               
  612  612 A T  S    S-     0   0   89      2,-0.4    -2,-0.1     0, 0.0     0, 0.0  -0.657 102.8 -96.9-117.6 177.9  -26.1   -7.2   14.7               
  613  613 A Q  S    S+     0   0  113     -2,-0.2    66,-1.7    65,-0.1     2,-0.5   0.543  98.9  95.3 -72.4  -6.5  -25.0   -6.2   18.2               
  614  614 A T  E     - W   0 678J  41     64,-0.2    -2,-0.4    65,-0.1     2,-0.3  -0.803  57.2-177.5 -92.6 123.1  -21.7   -8.2   17.5               
  615  615 A H  E     - W   0 677J  24     62,-3.0    62,-2.2    -2,-0.5     2,-0.4  -0.796  13.9-147.9-118.9 157.7  -18.8   -6.0   16.2               
  616  616 A T  E     +TW 566 676J  11    -50,-0.6   -50,-1.5    -2,-0.3     2,-0.3  -0.981  19.1 164.3-128.4 137.3  -15.2   -6.7   15.1               
  617  617 A M  E     -TW 565 675J   0     58,-2.1    58,-3.3    -2,-0.4     2,-0.3  -0.988  26.3-129.0-141.8 155.8  -12.0   -4.7   15.4               
  618  618 A F  E     -TW 564 674J   0    -54,-3.0   -54,-2.5    -2,-0.3     2,-0.6  -0.783   1.1-152.3 -93.8 146.7   -8.3   -5.3   15.1               
  619  619 A L  E     -TW 563 673J   0     54,-2.3    54,-2.3    -2,-0.3     2,-0.3  -0.982  35.6-172.7-105.9 107.1   -5.5   -4.4   17.5               
  620  620 A A  E     -T  562   0J   0    -58,-2.9   -58,-2.6    -2,-0.6     2,-0.4  -0.768  28.6-124.3-101.5 148.5   -2.6   -4.1   14.9               
  621  621 A R  E     -TW 561 670J  57     49,-2.5    49,-2.7    -2,-0.3     2,-0.4  -0.804  36.6-169.7 -83.6 131.5    1.1   -3.5   15.4               
  622  622 A V  E     -TW 560 669J   0    -62,-2.5   -62,-2.7    -2,-0.4     2,-1.4  -0.988  27.7-143.7-134.6 122.9    2.0   -0.5   13.3               
  623  623 A L  E     +T  559   0J   0     45,-3.0   -64,-0.2    -2,-0.4   -65,-0.1  -0.688  30.9 167.7 -79.1  85.7    5.5    0.9   12.4               
  624  624 A V        +     0   0    0     -2,-1.4    25,-0.2   -66,-1.1    -1,-0.2   0.779  14.7 168.9 -76.0 -25.7    4.5    4.6   12.7               
  625  625 A G        -     0   0    7    -67,-2.1     2,-0.6    -3,-0.2    -1,-0.1  -0.100  58.5  -6.7  52.3-144.1    8.1    5.8   12.6               
  626  626 A E  S    S-     0   0   85     21,-0.1    23,-2.9    25,-0.0    24,-1.2  -0.752  83.5-165.1 -80.5 121.2    8.7    9.6   12.2               
  627  627 A F  E     -x  650   0J  39     -2,-0.6     2,-0.3    22,-0.2    24,-0.2  -0.780  14.4-170.9-116.1 154.5    5.2   11.1   11.5               
  628  628 A V  E     -x  651   0J  30     22,-1.6    24,-2.6    -2,-0.3     2,-0.2  -0.896  43.8 -75.1-134.6 160.2    3.9   14.4   10.3               
  629  629 A R  E     -x  652   0J 144     -2,-0.3    24,-0.2    22,-0.2     2,-0.0  -0.415  57.5-129.6 -58.6 126.3    0.4   16.1   10.1               
  630  630 A G        -     0   0   10     22,-2.7     2,-0.3    -2,-0.2   -38,-0.2  -0.248  16.9-155.1 -76.5 165.3   -1.5   14.5    7.2               
  631  631 A N    >   -     0   0   75    -40,-0.7     3,-1.8     1,-0.0   -40,-0.3  -0.996  26.6-120.9-140.4 145.4   -3.4   16.0    4.3               
  632  632 A A  T 3  S+     0   0   46    -42,-0.7   -41,-0.2    -2,-0.3   -40,-0.1   0.718 111.3  56.6 -59.3 -25.2   -6.3   14.7    2.2               
  633  633 A S  T 3  S+     0   0   79    -43,-0.2    -1,-0.3   -41,-0.1     2,-0.1   0.656  81.0 114.8 -79.0 -17.3   -4.3   14.9   -1.1               
  634  634 A F    <   +     0   0   52     -3,-1.8   -41,-2.9     1,-0.1    17,-0.0  -0.338  33.9 173.6 -67.0 129.6   -1.4   12.7    0.3               
  635  635 A V  S    S+     0   0   92      1,-0.3    -1,-0.1   -43,-0.2   -43,-0.0   0.383  82.2   5.5-106.6  -6.9   -0.9    9.3   -1.5               
  636  636 A R  S    S-     0   0   77    -42,-0.0    -1,-0.3    29,-0.0    13,-0.1  -0.906 102.7 -72.4-159.4 164.9    2.3    8.8    0.6               
  637  637 A P        -     0   0   13      0, 0.0    14,-0.1     0, 0.0    -2,-0.1  -0.304  58.3-107.6 -61.6 148.4    3.9   10.7    3.5               
  638  638 A P        -     0   0   38      0, 0.0    10,-2.3     0, 0.0     2,-0.1  -0.169  38.7 -86.1 -71.8 168.1    5.6   14.0    2.5               
  639  639 A A  B     -Z  647   0K  48      8,-0.2     2,-0.3     1,-0.1     8,-0.3  -0.410  43.3-108.3 -67.9 151.8    9.4   14.7    2.3               
  640  640 A K    >   -     0   0   43      6,-2.9     3,-1.7     3,-0.4     6,-0.2  -0.630  43.9 -97.6 -77.6 138.5   11.4   15.8    5.4               
  641  641 A E  T 3  S+     0   0  184     -2,-0.3    -1,-0.1     1,-0.2     3,-0.0  -0.350 107.7  15.3 -60.4 134.1   12.5   19.5    5.2               
  642  642 A G  T 3  S+     0   0   86      1,-0.1     2,-0.4    -2,-0.0    -1,-0.2   0.335 110.3  88.0  84.1  -3.6   16.1   19.9    4.1               
  643  643 A W    X   -     0   0  183     -3,-1.7     3,-0.8     3,-0.2    -3,-0.4  -0.914  52.6-170.7-131.6 104.0   16.4   16.3    2.7               
  644  644 A S  T 3  S+     0   0   83     -2,-0.4  -223,-0.2     1,-0.2    -1,-0.1   0.778  90.7  40.1 -64.5 -23.7   15.3   15.6   -1.0               
  645  645 A N  T 3  S+     0   0  139     -6,-0.0     2,-0.5     2,-0.0    -1,-0.2   0.367  97.1  86.9-110.4   0.6   15.5   11.8   -0.5               
  646  646 A A    <   -     0   0   25     -3,-0.8    -6,-2.9    -6,-0.2     2,-0.3  -0.911  53.5-172.5-110.4 130.0   14.0   11.3    3.0               
  647  647 A F  B     -Z  639   0K  69     -2,-0.5    -8,-0.2    -8,-0.3   -21,-0.1  -0.745  29.7-103.8-110.5 156.8   10.3   10.9    3.7               
  648  648 A Y        -     0   0   64    -10,-2.3   -21,-0.2    -2,-0.3     3,-0.1  -0.415  26.4-134.0 -64.4 159.9    8.2   10.7    6.8               
  649  649 A D  S    S-     0   0   29    -23,-2.9    15,-0.4   -25,-0.2    16,-0.3   0.742  76.6  -3.0 -93.0 -28.6    7.0    7.1    7.7               
  650  650 A S  E     -x  627   0J   0    -24,-1.2   -22,-1.6    13,-0.1     2,-0.4  -0.950  64.5-116.8-153.3 172.0    3.3    8.0    8.5               
  651  651 A C  E     -xY 628 662J   0     11,-2.1    11,-2.9    -2,-0.3     2,-0.3  -0.941  26.7-168.5-116.3 147.4    0.7   10.8    8.7               
  652  652 A V  E     -xY 629 661J   0    -24,-2.6   -22,-2.7    -2,-0.4     9,-0.2  -0.844  33.3-127.1-128.7 162.2   -1.2   11.9   11.9               
  653  653 A N  S    S+     0   0   25      7,-1.5     2,-0.3     1,-0.3     8,-0.1   0.790 103.0  10.4 -74.0 -30.9   -4.2   14.1   12.8               
  654  654 A S        -     0   0   29      6,-0.3    -1,-0.3     1,-0.1     6,-0.1  -0.972  60.8-152.9-149.1 135.9   -2.0   16.0   15.4               
  655  655 A V  S    S+     0   0   79     -2,-0.3    -1,-0.1    -3,-0.1   -28,-0.1   0.863  98.3  45.6 -79.7 -36.5    1.9   15.8   15.9               
  656  656 A S  S    S+     0   0  116      1,-0.3    -1,-0.1     0, 0.0    -2,-0.0   0.825 133.0  16.2 -76.9 -33.8    1.8   16.7   19.7               
  657  657 A D  S    S-     0   0   90      0, 0.0     2,-0.5     0, 0.0    -1,-0.3  -0.686  80.5-166.1-139.4  76.2   -1.1   14.3   20.6               
  658  658 A P        +     0   0   12      0, 0.0     3,-0.1     0, 0.0    -3,-0.1  -0.575  23.5 157.7 -72.6 119.3   -1.6   11.8   17.7               
  659  659 A S        +     0   0   27     -2,-0.5   -60,-2.4     1,-0.3   -59,-0.5   0.571  68.1  46.2-110.8 -16.1   -4.9    9.9   18.0               
  660  660 A I  E     -V  598   0J  10    -62,-0.2    -7,-1.5    -6,-0.1     2,-0.4  -0.999  66.0-168.3-131.3 129.6   -5.2    8.9   14.3               
  661  661 A F  E     -VY 597 652J   1    -64,-2.9   -64,-2.7    -2,-0.4     2,-0.5  -0.923   7.3-155.6-115.7 139.7   -2.4    7.4   12.2               
  662  662 A V  E     -VY 596 651J   0    -11,-2.9   -11,-2.1    -2,-0.4     2,-0.4  -0.980   9.9-166.4-118.4 120.2   -2.4    6.9    8.4               
  663  663 A I  E     +V  595   0J   3    -68,-2.7   -68,-2.7    -2,-0.5   -13,-0.1  -0.908  14.0 179.3-111.8 129.9   -0.2    4.2    6.9               
  664  664 A F  S    S+     0   0   33     -2,-0.4     2,-0.6   -15,-0.4    -1,-0.1   0.754  70.4  64.4-103.5 -30.8    0.5    4.1    3.2               
  665  665 A E    >   -     0   0   72    -16,-0.3     3,-2.0     1,-0.1    -1,-0.2  -0.856  69.4-154.7 -96.8 115.7    2.8    1.1    3.0               
  666  666 A K  G >  S+     0   0   42     -2,-0.6     3,-1.6     1,-0.3   -87,-0.2   0.763  90.5  70.4 -61.5 -26.4    1.0   -2.1    4.1               
  667  667 A H  G 3  S+     0   0    9      1,-0.3    -1,-0.3   -89,-0.1  -123,-0.2   0.656  85.4  69.6 -67.1 -14.6    4.3   -3.7    5.2               
  668  668 A Q  G <  S+     0   0   11     -3,-2.0   -45,-3.0  -124,-0.1     2,-0.4   0.404  96.5  68.5 -76.7   0.2    4.3   -1.2    8.1               
  669  669 A V  E <   - W   0 622J   2     -3,-1.6   -47,-0.2   -47,-0.2  -128,-0.1  -0.963  54.3-173.0-127.0 142.1    1.3   -3.1    9.7               
  670  670 A Y  E     - W   0 621J   0    -49,-2.7   -49,-2.5    -2,-0.4     2,-2.1  -0.991  25.9-137.1-127.3 123.6    0.7   -6.5   11.2               
  671  671 A P  E     +     0   0J   0      0, 0.0  -139,-0.2     0, 0.0   -51,-0.2  -0.460  37.6 168.0 -76.7  71.5   -2.9   -7.5   12.1               
  672  672 A E  E     +     0   0J   0     -2,-2.1  -140,-2.8     1,-0.1     2,-0.4   0.864  53.9  20.2 -62.6 -46.5   -1.9   -9.0   15.5               
  673  673 A Y  E     -SW 531 619J  12    -54,-2.3   -54,-2.3  -142,-0.2     2,-0.5  -0.979  56.2-151.2-130.9 142.9   -5.3   -9.5   17.3               
  674  674 A V  E     -SW 530 618J   2   -144,-2.8  -144,-2.7    -2,-0.4     2,-0.6  -0.944  18.2-161.3-104.4 122.3   -9.0   -9.8   16.3               
  675  675 A I  E     -SW 529 617J   0    -58,-3.3   -58,-2.1    -2,-0.5     2,-0.5  -0.930   4.6-168.5-107.9 117.3  -11.4   -8.5   19.0               
  676  676 A Q  E     +SW 528 616J  53   -148,-2.6  -149,-2.1    -2,-0.6  -148,-1.7  -0.925  21.1 162.1-103.6 127.1  -15.0   -9.6   18.8               
  677  677 A Y  E     -SW 526 615J   0    -62,-2.2   -62,-3.0    -2,-0.5     2,-0.3  -0.928  26.9-134.4-144.2 161.8  -17.3   -7.7   21.2               
  678  678 A T  E     -SW 525 614J   5   -153,-2.5  -153,-1.7    -2,-0.3   -64,-0.2  -0.924  13.4-146.9-124.4 148.4  -21.0   -6.9   21.8               
  679  679 A T  S    S+     0   0   47    -66,-1.7     2,-0.3    -2,-0.3   -65,-0.1   0.533  75.6 100.5 -83.7 -10.9  -23.1   -3.8   22.7               
  680  680 A S  S    S-     0   0   40    -67,-0.2  -155,-0.4  -155,-0.1    -2,-0.2  -0.576  85.7-103.0 -72.5 138.8  -25.5   -6.0   24.7               
  681  681 A S        -     0   0  107     -2,-0.3     3,-0.1     1,-0.1    -1,-0.1  -0.280  52.1 -83.2 -56.2 142.6  -25.1   -6.0   28.6               
  682  682 A K        -     0   0  146      1,-0.1     2,-0.2    -4,-0.1    -1,-0.1  -0.195  51.6-100.8 -45.3 131.6  -23.3   -9.1   30.0               
  683  683 A P        -     0   0  100      0, 0.0     2,-0.6     0, 0.0    -1,-0.1  -0.459  42.9-115.0 -56.8 121.4  -25.8  -12.0   30.5               
  684  684 A S        -     0   0  105     -2,-0.2     2,-0.9    -3,-0.1    -3,-0.0  -0.550  22.6-138.4 -60.2 109.7  -26.5  -11.9   34.3               
  685  685 A V        -     0   0  130     -2,-0.6    -1,-0.1     2,-0.0    -3,-0.0  -0.689  16.0-155.1 -67.1 103.5  -25.1  -15.2   35.7               
  686  686 A T        -     0   0  115     -2,-0.9     2,-0.8     1,-0.0    -2,-0.0  -0.804  19.8-125.5 -74.4 120.5  -27.9  -16.1   38.1               
  687  687 A P        -     0   0  102      0, 0.0     2,-1.4     0, 0.0    -2,-0.0  -0.639  15.0-144.7 -70.4 111.1  -26.1  -18.3   40.7               
  688  688 A S        -     0   0  115     -2,-0.8     2,-1.2     2,-0.0    -2,-0.0  -0.710  15.6-156.9 -70.8  93.3  -28.1  -21.6   40.8               
  689  689 A I        -     0   0  132     -2,-1.4     2,-1.1     2,-0.0    -1,-0.0  -0.746   2.9-160.7 -73.2  98.9  -27.7  -22.3   44.6               
  690  690 A L        -     0   0  169     -2,-1.2     2,-1.0     2,-0.0    -2,-0.0  -0.816   9.4-161.2 -72.3  98.8  -28.2  -26.0   44.8               
  691  691 A L        +     0   0  156     -2,-1.1     2,-0.3     0, 0.0    -2,-0.0  -0.843  19.3 167.0 -84.8  99.5  -29.0  -26.2   48.5               
  692  692 A A        +     0   0   79     -2,-1.0    -2,-0.0     2,-0.0     0, 0.0  -0.878  24.5 103.5-101.5 156.0  -28.5  -29.8   49.5               
  693  693 A L        -     0   0  175     -2,-0.3     2,-0.0     0, 0.0     0, 0.0   0.578  47.6-144.9  92.2 107.8  -28.4  -30.6   53.3               
  694  694 A G        +     0   0   68      0, 0.0    -2,-0.0     0, 0.0     0, 0.0   0.617  26.1 126.7 123.6 128.8  -30.5  -31.9   55.2               
  695  695 A S        +     0   0  116     -2,-0.0     0, 0.0     0, 0.0     0, 0.0   0.676  24.6  17.5  77.0 139.3  -32.6  -32.6   58.4               
  696  696 A L        -     0   0  124      0, 0.0     0, 0.0     0, 0.0     0, 0.0   0.785  32.1 -30.7-177.0 149.9  -35.3  -33.0   60.1               
  697  697 A F        +     0   0  181      0, 0.0     0, 0.0     0, 0.0     0, 0.0   0.989  30.8  72.6  68.3 109.2  -38.9  -33.5   61.6               
  698  698 A S        -     0   0  105      0, 0.0     0, 0.0     0, 0.0     0, 0.0   0.875  28.8-105.6 138.0 114.9  -42.3  -33.3   61.8               
  699  699 A S        +     0   0  107      2,-0.0     2,-0.1     0, 0.0     0, 0.0   0.875  26.8 132.1  62.7 109.6  -46.0  -34.0   61.2               
  700  700 A R              0   0  244      1,-0.2     0, 0.0     0, 0.0     0, 0.0  -0.148 360.0 360.0-174.7 133.2  -49.3  -33.5   59.9               
  701  701 A Q              0   0  276     -2,-0.1    -1,-0.2     0, 0.0    -2,-0.0   0.742 360.0 360.0  80.5 360.0  -51.8  -35.8   58.0               
