==== Secondary Structure Definition by the program DSSP, CMBI version 2.0                          ==== DATE=2026-03-08        .
REFERENCE W. KABSCH AND C.SANDER, BIOPOLYMERS 22 (1983) 2577-2637                                                              .
HEADER                                            01-AUG-25                                                                    .
COMPND    MOL_ID: 1; MOLECULE: DELETED IN AZOOSPERMIA PROTEIN 1; CHAIN: A                                                      .
SOURCE    MOL_ID: 1; ORGANISM_SCIENTIFIC: HOMO SAPIENS; ORGANISM_TAXID: 9606                                                   .
AUTHOR                                                                                                                         .
  744  1  0  0  0 TOTAL NUMBER OF RESIDUES, NUMBER OF CHAINS, NUMBER OF SS-BRIDGES(TOTAL,INTRACHAIN,INTERCHAIN)                .
 66379.0   ACCESSIBLE SURFACE OF PROTEIN (ANGSTROM**2)                                                                         .
  389 52.3   TOTAL NUMBER OF HYDROGEN BONDS OF TYPE O(I)-->H-N(J)  , SAME NUMBER PER 100 RESIDUES                              .
  104 14.0   TOTAL NUMBER OF HYDROGEN BONDS IN     PARALLEL BRIDGES, SAME NUMBER PER 100 RESIDUES                              .
   88 11.8   TOTAL NUMBER OF HYDROGEN BONDS IN ANTIPARALLEL BRIDGES, SAME NUMBER PER 100 RESIDUES                              .
    0  0.0   TOTAL NUMBER OF HYDROGEN BONDS OF TYPE O(I)-->H-N(I-5), SAME NUMBER PER 100 RESIDUES                              .
    3  0.4   TOTAL NUMBER OF HYDROGEN BONDS OF TYPE O(I)-->H-N(I-4), SAME NUMBER PER 100 RESIDUES                              .
    3  0.4   TOTAL NUMBER OF HYDROGEN BONDS OF TYPE O(I)-->H-N(I-3), SAME NUMBER PER 100 RESIDUES                              .
    0  0.0   TOTAL NUMBER OF HYDROGEN BONDS OF TYPE O(I)-->H-N(I-2), SAME NUMBER PER 100 RESIDUES                              .
    0  0.0   TOTAL NUMBER OF HYDROGEN BONDS OF TYPE O(I)-->H-N(I-1), SAME NUMBER PER 100 RESIDUES                              .
    0  0.0   TOTAL NUMBER OF HYDROGEN BONDS OF TYPE O(I)-->H-N(I+0), SAME NUMBER PER 100 RESIDUES                              .
    0  0.0   TOTAL NUMBER OF HYDROGEN BONDS OF TYPE O(I)-->H-N(I+1), SAME NUMBER PER 100 RESIDUES                              .
  106 14.2   TOTAL NUMBER OF HYDROGEN BONDS OF TYPE O(I)-->H-N(I+2), SAME NUMBER PER 100 RESIDUES                              .
   34  4.6   TOTAL NUMBER OF HYDROGEN BONDS OF TYPE O(I)-->H-N(I+3), SAME NUMBER PER 100 RESIDUES                              .
   41  5.5   TOTAL NUMBER OF HYDROGEN BONDS OF TYPE O(I)-->H-N(I+4), SAME NUMBER PER 100 RESIDUES                              .
    0  0.0   TOTAL NUMBER OF HYDROGEN BONDS OF TYPE O(I)-->H-N(I+5), SAME NUMBER PER 100 RESIDUES                              .
  1  2  3  4  5  6  7  8  9 10 11 12 13 14 15 16 17 18 19 20 21 22 23 24 25 26 27 28 29 30     *** HISTOGRAMS OF ***           .
  0  0  0  0  1  2  0  3  0  0  0  0  0  1  0  0  0  0  0  0  0  0  0  0  0  0  0  0  0  0    RESIDUES PER ALPHA HELIX         .
  9  2  1  3  9  0  0  0  0  0  0  0  0  0  0  0  0  0  0  0  0  0  0  0  0  0  0  0  0  0    PARALLEL BRIDGES PER LADDER      .
  0  3  0  0  3  5  1  0  0  0  0  0  0  0  0  0  0  0  0  0  0  0  0  0  0  0  0  0  0  0    ANTIPARALLEL BRIDGES PER LADDER  .
  3  1  3  0  0  0  0  1  0  0  0  0  0  1  0  0  0  0  0  0  0  0  0  0  0  0  0  0  0  0    LADDERS PER SHEET                .
  #  RESIDUE AA STRUCTURE BP1 BP2  ACC     N-H-->O    O-->H-N    N-H-->O    O-->H-N    TCO  KAPPA ALPHA  PHI   PSI    X-CA   Y-CA   Z-CA            CHAIN
    1    1 A M              0   0  250      0, 0.0     0, 0.0     0, 0.0     0, 0.0   0.000 360.0 360.0 360.0 162.7  -85.8    3.6  -26.4               
    2    2 A S        -     0   0  129      1,-0.1     2,-0.2     2,-0.0     0, 0.0   0.083 360.0-176.2 -70.2 165.6  -83.1    4.3  -23.8               
    3    3 A A        +     0   0   90      2,-0.0    -1,-0.1     0, 0.0     0, 0.0  -0.493  20.8  94.0-126.3-166.5  -80.0    6.5  -23.8               
    4    4 A A        -     0   0  109     -2,-0.2    -2,-0.0     0, 0.0     0, 0.0   0.149  37.0-116.5  88.2 163.5  -76.9    7.4  -21.7               
    5    5 A N        +     0   0  146      1,-0.1    -2,-0.0     0, 0.0     0, 0.0  -0.669  31.1  23.0-141.3-170.3  -73.2    6.9  -20.8               
    6    6 A P        +     0   0   94      0, 0.0     2,-0.1     0, 0.0    -1,-0.1   0.991  23.1 123.8 -94.4-172.9  -70.6    6.1  -18.7               
    7    7 A E        -     0   0  185      2,-0.0     0, 0.0     0, 0.0     0, 0.0  -0.532  23.2-122.4 172.8 172.8  -68.7    4.6  -15.8               
    8    8 A T        +     0   0  132     -2,-0.1     2,-0.1     2,-0.0     0, 0.0  -0.293  21.8 137.1 -83.0 170.9  -65.7    2.5  -14.4               
    9    9 A P        -     0   0  124      0, 0.0    -2,-0.0     0, 0.0     0, 0.0   0.016  24.3-120.1-151.8-163.4  -64.1    0.2  -12.7               
   10   10 A N        +     0   0  157     -2,-0.1     2,-0.1     0, 0.0    -2,-0.0  -0.201  28.7 127.3 -53.2 149.0  -61.3   -2.5  -12.5               
   11   11 A S        +     0   0  108      2,-0.0     0, 0.0     0, 0.0     0, 0.0  -0.443  21.6  22.5 178.5 170.5  -60.5   -5.9  -11.9               
   12   12 A T        -     0   0  112     -2,-0.1     0, 0.0     0, 0.0     0, 0.0   0.953  37.6-100.0  80.4  90.9  -59.1   -9.4  -12.3               
   13   13 A I        +     0   0  156      2,-0.0    -2,-0.0     0, 0.0     0, 0.0   0.916  25.7 132.1  77.1 147.5  -56.6  -11.8  -13.7               
   14   14 A S        +     0   0   96      0, 0.0     2,-0.0     0, 0.0     0, 0.0   0.972  25.3  92.7  92.3 100.9  -55.1  -14.5  -16.1               
   15   15 A R        -     0   0  230      0, 0.0    -2,-0.0     0, 0.0     0, 0.0   0.136  37.1-175.3 173.7 113.9  -52.3  -15.7  -18.2               
   16   16 A E        +     0   0  157     -2,-0.0     0, 0.0     2,-0.0     0, 0.0   0.946  28.9 166.3  97.7 160.6  -49.7  -17.8  -17.4               
   17   17 A A        +     0   0   95      0, 0.0     2,-0.2     0, 0.0     0, 0.0   0.933  31.5 167.0  68.2  88.6  -46.4  -19.7  -18.3               
   18   18 A S        +     0   0  104      2,-0.0     2,-0.1     0, 0.0    -2,-0.0  -0.276  15.3 156.0  69.5 101.0  -44.9  -20.8  -15.7               
   19   19 A T        +     0   0  145     -2,-0.2     2,-0.2     0, 0.0     0, 0.0  -0.310  14.5 178.0-172.2 143.1  -42.1  -23.2  -15.1               
   20   20 A Q        +     0   0  179     -2,-0.1    -2,-0.0     1,-0.1     0, 0.0  -0.574  19.4  62.2-110.0 178.8  -39.7  -23.5  -12.1               
   21   21 A S        +     0   0  121     -2,-0.2     2,-0.2     1,-0.1    -1,-0.1   0.962  17.6 118.3  73.8 115.0  -36.8  -25.6  -10.7               
   22   22 A S        -     0   0  123      0, 0.0     2,-0.1     0, 0.0    -1,-0.1  -0.468  31.7-155.1-160.3 157.3  -33.6  -27.0  -10.6               
   23   23 A S        +     0   0  114     -2,-0.2     0, 0.0     1,-0.1     0, 0.0  -0.418  40.6  41.7 -93.7 171.9  -30.8  -26.6   -7.9               
   24   24 A A        +     0   0  100     -2,-0.1     2,-0.2     1,-0.1    -1,-0.1   0.974  39.2 120.4  64.0 101.0  -27.0  -26.9   -7.7               
   25   25 A A        -     0   0  104      0, 0.0     2,-0.6     0, 0.0    -1,-0.1  -0.637  31.4-157.2-163.4 136.7  -23.9  -26.0   -9.6               
   26   26 A A        +     0   0  106     -2,-0.2     2,-0.2     2,-0.0     0, 0.0  -0.883  31.2 133.5-105.3 115.6  -21.0  -23.8   -8.5               
   27   27 A S        -     0   0  110     -2,-0.6     0, 0.0     0, 0.0     0, 0.0  -0.597  61.7 -67.0-164.1 115.0  -18.6  -22.1  -11.0               
   28   28 A Q        -     0   0  173     -2,-0.2     2,-0.3     1,-0.2    -2,-0.0   0.630  42.7-153.8  39.4  66.2  -17.1  -18.6  -11.6               
   29   29 A G        -     0   0   78      1,-0.1     2,-0.7     2,-0.0    -1,-0.2  -0.513  11.3-140.1 -65.3 124.3  -19.7  -16.0  -12.6               
   30   30 A W        -     0   0  206     -2,-0.3     2,-0.5     3,-0.0    -1,-0.1  -0.798  14.1-134.9 -85.3 112.6  -18.1  -13.1  -14.6               
   31   31 A V        -     0   0  140     -2,-0.7    -1,-0.0     1,-0.1    -2,-0.0  -0.551  24.8-125.3 -65.7 116.7  -19.7   -9.8  -13.5               
   32   32 A L        -     0   0  112     -2,-0.5     2,-0.2     1,-0.1    -1,-0.1  -0.495  22.5-126.3 -66.2 124.0  -20.5   -8.0  -16.8               
   33   33 A P        -     0   0   59      0, 0.0    -1,-0.1     0, 0.0    -3,-0.0  -0.555  36.9 -89.3 -72.6 141.3  -18.8   -4.5  -16.9               
   34   34 A E  S    S+     0   0  130     -2,-0.2    83,-0.2    82,-0.1     2,-0.2  -0.164  81.3  94.9 -52.0 124.4  -21.2   -1.5  -17.6               
   35   35 A G  S    S-     0   0   39     81,-0.2     2,-0.4    -3,-0.1    81,-0.2  -0.880  76.7 -70.1 168.1 165.5  -21.5   -0.8  -21.4               
   36   36 A K  E     -A  115   0A 158     79,-1.3    79,-2.6    -2,-0.2     2,-0.1  -0.646  46.7-124.2 -73.0 131.7  -23.6   -1.5  -24.5               
   37   37 A I  E     -A  114   0A 105     -2,-0.4    77,-0.2    77,-0.2    -1,-0.0  -0.482  22.9-128.7 -61.3 139.6  -23.4   -5.1  -25.9               
   38   38 A V  E >   -     0   0A  45     75,-2.8     3,-1.2     3,-0.2    75,-0.4  -0.915  25.5-126.1 -92.4 116.3  -22.3   -5.1  -29.5               
   39   39 A P  E 3  S+     0   0A 102      0, 0.0    48,-0.1     0, 0.0     3,-0.1  -0.347  88.9  10.3 -63.0 146.9  -24.8   -7.2  -31.5               
   40   40 A N  E 3  S+     0   0A  34     51,-0.3    47,-2.9     1,-0.1     2,-0.4   0.637 104.1 112.6  54.8  23.5  -23.3  -10.0  -33.6               
   41   41 A T  E <   - B   0  86A  13     -3,-1.2    72,-1.9    45,-0.2     2,-0.4  -0.979  49.2-161.0-125.2 126.7  -19.8   -9.6  -32.0               
   42   42 A V  E     -AB 112  85A   0     43,-2.9    43,-2.5    -2,-0.4     2,-0.4  -0.819  16.5-133.6 -98.6 134.2  -18.1  -12.1  -29.7               
   43   43 A F  E     -AB 111  84A  63     68,-3.0    68,-1.7    -2,-0.4     2,-0.5  -0.792  20.4-161.9 -80.2 131.8  -15.3  -11.3  -27.3               
   44   44 A V  E     +AB 110  83A   0     39,-2.6    39,-2.5    -2,-0.4     3,-0.3  -0.932  13.9 174.2-122.1 102.5  -12.4  -13.8  -27.6               
   45   45 A G  E     +AB 109  82A   4     64,-2.7    64,-2.9    -2,-0.5    37,-0.2  -0.630  55.6  48.5 -98.2 167.3  -10.0  -13.9  -24.7               
   46   46 A G        +     0   0   34     35,-1.8    36,-0.2     1,-0.2    -1,-0.2   0.598  69.5 161.9  77.8  12.9   -7.1  -16.3  -24.0               
   47   47 A I        -     0   0    9     34,-1.0    -1,-0.2    -3,-0.3     2,-0.0  -0.418  37.2-123.2 -61.0 132.8   -5.7  -16.0  -27.6               
   48   48 A D    >   -     0   0   33     -2,-0.1     3,-1.1     1,-0.1    33,-0.1  -0.306  16.3-115.9 -71.7 161.5   -2.0  -17.2  -27.8               
   49   49 A A  T 3  S+     0   0   95      1,-0.2    30,-0.1    31,-0.1    -1,-0.1   0.605 118.9  55.4 -70.8 -11.7    0.8  -15.0  -29.1               
   50   50 A R  T 3  S+     0   0  207      2,-0.1     2,-0.5    54,-0.0    -1,-0.2   0.358  86.9 100.8 -93.1  -5.2    1.1  -17.6  -31.9               
   51   51 A M    <   -     0   0    7     -3,-1.1     2,-0.1    52,-0.1    -4,-0.0  -0.812  55.6-159.0 -97.3 128.5   -2.6  -17.3  -33.0               
   52   52 A D     >  -     0   0  112     -2,-0.5     4,-1.9     1,-0.1     5,-0.2  -0.444  32.0-106.9-101.7 166.1   -3.6  -15.3  -36.1               
   53   53 A E  H  > S+     0   0   88      1,-0.2     4,-2.6     2,-0.2     5,-0.1   0.859 118.3  54.7 -63.4 -32.4   -6.9  -13.6  -37.3               
   54   54 A T  H  > S+     0   0  112      2,-0.2     4,-2.6     1,-0.2    -1,-0.2   0.895 106.6  50.3 -67.0 -43.0   -7.3  -16.3  -40.0               
   55   55 A E  H  > S+     0   0   64      2,-0.2     4,-1.8     1,-0.2    -2,-0.2   0.932 114.5  44.5 -61.1 -46.7   -7.1  -19.3  -37.5               
   56   56 A I  H  X S+     0   0    2     -4,-1.9     4,-2.0     2,-0.2    -2,-0.2   0.952 113.1  50.5 -63.0 -51.0   -9.7  -17.6  -35.3               
   57   57 A G  H  X S+     0   0   14     -4,-2.6     4,-2.0     1,-0.2    -2,-0.2   0.921 109.9  50.7 -55.4 -46.0  -12.0  -16.7  -38.2               
   58   58 A S  H  < S+     0   0   90     -4,-2.6     4,-0.4     1,-0.2    -1,-0.2   0.874 110.7  49.3 -60.4 -39.6  -11.8  -20.3  -39.5               
   59   59 A C  H  < S+     0   0   19     -4,-1.8     3,-0.4    -5,-0.2    -1,-0.2   0.855 114.6  44.1 -70.2 -34.4  -12.7  -21.7  -36.1               
   60   60 A F  H >< S+     0   0    0     -4,-2.0     3,-2.5     1,-0.2     4,-0.4   0.721  90.3  84.3 -83.9 -20.7  -15.7  -19.3  -35.7               
   61   61 A G  G >< S+     0   0   37     -4,-2.0     3,-1.2     1,-0.3    -1,-0.2   0.776  77.4  71.6 -53.0 -27.6  -17.1  -19.8  -39.3               
   62   62 A R  G 3  S+     0   0  176     -4,-0.4    -1,-0.3    -3,-0.4    -2,-0.1   0.607  99.5  46.3 -62.2 -17.8  -18.9  -23.0  -38.0               
   63   63 A Y  G <  S-     0   0   63     -3,-2.5    -1,-0.2     1,-0.4     2,-0.2   0.494 131.9 -51.0-100.4 -10.7  -21.4  -20.6  -36.1               
   64   64 A G  S <  S-     0   0   16     -3,-1.2    -1,-0.4    -4,-0.4     2,-0.2  -0.741  79.0 -45.8 150.3 163.0  -22.0  -18.2  -39.1               
   65   65 A S        -     0   0   68     -2,-0.2    23,-2.9    -3,-0.1    24,-0.5  -0.362  57.8-134.0 -59.2 116.8  -20.3  -16.1  -41.7               
   66   66 A V  E     -C   87   0A  44     -2,-0.2    21,-0.3    21,-0.2     3,-0.1  -0.613  23.2-177.6 -79.0 130.2  -17.4  -14.1  -40.1               
   67   67 A K  E     -     0   0A 157     19,-2.8     2,-0.3    -2,-0.3    20,-0.2   0.780  68.1  -0.3 -93.5 -41.3  -17.3  -10.3  -41.0               
   68   68 A E  E     -C   86   0A  86     18,-1.6    18,-3.0   -11,-0.0     2,-0.4  -0.932  51.8-161.3-154.7 131.7  -14.2   -9.2  -39.1               
   69   69 A V  E     -C   85   0A  24     -2,-0.3     2,-0.3    16,-0.2    16,-0.2  -0.938  18.0-176.2-106.4 138.9  -11.6  -10.8  -36.8               
   70   70 A K  E     -C   84   0A  99     14,-2.4    14,-1.7    -2,-0.4     2,-0.4  -0.791  12.8-162.2-143.5  98.0   -9.7   -8.2  -34.7               
   71   71 A I  E     -C   83   0A  23     -2,-0.3     2,-1.2    12,-0.3    12,-0.3  -0.620  25.6-129.2 -76.6 127.2   -6.8   -9.2  -32.3               
   72   72 A I  E     -     0   0A  37     10,-2.5     8,-2.2    -2,-0.4    10,-0.4  -0.645  32.9-174.3 -87.7  99.4   -6.2   -6.3  -29.8               
   73   73 A T  E     -C   79   0A  71     -2,-1.2     6,-0.3     6,-0.3     2,-0.2  -0.309  21.9-116.8 -82.6 161.7   -2.4   -5.6  -29.9               
   74   74 A N    >   -     0   0   80      4,-2.5     3,-1.5    -2,-0.1    -1,-0.1  -0.529  44.2 -88.6 -83.9 171.1   -0.4   -3.2  -27.7               
   75   75 A R  T 3  S+     0   0  243      1,-0.3    -2,-0.0    -2,-0.2    -1,-0.0   0.533 129.2  57.5 -57.1 -10.1    1.5   -0.1  -29.1               
   76   76 A T  T 3  S-     0   0  103      2,-0.2     2,-1.2     3,-0.0    -1,-0.3  -0.138 120.1-106.1-110.1  23.4    4.5   -2.5  -29.6               
   77   77 A G  S <  S+     0   0   54     -3,-1.5    -2,-0.1     1,-0.2     2,-0.0  -0.051  78.8 134.0  74.3 -31.2    2.6   -5.0  -31.9               
   78   78 A V        -     0   0   93     -2,-1.2    -4,-2.5    -5,-0.2    -2,-0.2  -0.235  61.3-114.2 -55.2 124.0    2.5   -7.6  -29.0               
   79   79 A S  E     - C   0  73A  36     -6,-0.3    -6,-0.3   -30,-0.1    -1,-0.1  -0.202   8.3-142.6 -53.0 141.2   -1.1   -9.2  -28.7               
   80   80 A K  E     -     0   0A 100     -8,-2.2   -34,-0.1     2,-0.4    -1,-0.1   0.325  49.2-105.9 -84.5   5.6   -3.0   -8.4  -25.4               
   81   81 A G  E    S+     0   0A  24      1,-0.2   -35,-1.8   -33,-0.1   -34,-1.0   0.712  92.6  81.2  72.5  21.6   -4.3  -12.1  -25.5               
   82   82 A Y  E     +B   45   0A  78    -10,-0.4   -10,-2.5   -37,-0.2    -2,-0.4  -0.985  46.0 160.3-151.1 158.1   -7.8  -11.0  -26.6               
   83   83 A G  E     -BC  44  71A   1    -39,-2.5   -39,-2.6    -2,-0.3     2,-0.3  -0.815  31.0-107.9-152.9-173.1   -9.8  -10.0  -29.7               
   84   84 A F  E     -BC  43  70A  57    -14,-1.7   -14,-2.4   -41,-0.2     2,-0.5  -0.980  14.3-157.8-131.3 144.9  -13.2   -9.6  -31.2               
   85   85 A V  E     -BC  42  69A   1    -43,-2.5   -43,-2.9    -2,-0.3     2,-0.4  -0.988  12.1-165.3-124.5 114.2  -15.1  -11.7  -33.9               
   86   86 A S  E     -BC  41  68A  22    -18,-3.0   -19,-2.8    -2,-0.5   -18,-1.6  -0.838   8.0-147.6 -97.6 141.1  -18.0  -10.0  -35.7               
   87   87 A F  E     - C   0  66A   7    -47,-2.9   -21,-0.2    -2,-0.4   -22,-0.1  -0.623  15.1-143.7-102.9 157.9  -20.5  -11.9  -37.8               
   88   88 A V  S    S+     0   0   90    -23,-2.9     2,-0.1    -2,-0.2   -22,-0.1   0.860  87.7  54.0 -80.0 -44.8  -22.4  -10.9  -41.0               
   89   89 A N  S    S-     0   0   81    -24,-0.5     2,-0.5     1,-0.1    -2,-0.2  -0.420 102.1 -92.7 -84.7 160.9  -25.6  -12.8  -39.9               
   90   90 A D        +     0   0  145     -2,-0.1     2,-0.4     2,-0.0    -1,-0.1  -0.660  55.5 179.4 -68.2 118.0  -27.6  -12.5  -36.7               
   91   91 A V        -     0   0   28     -2,-0.5     2,-1.2    -4,-0.1   -51,-0.3  -0.991  38.2-107.3-128.4 137.2  -26.0  -15.3  -34.5               
   92   92 A D     >  -     0   0   90     -2,-0.4     4,-1.9     1,-0.2     5,-0.2  -0.462  30.2-170.0 -64.9  96.5  -26.9  -16.3  -30.9               
   93   93 A V  H  > S+     0   0   22     -2,-1.2     4,-2.5     1,-0.2    -1,-0.2   0.800  84.6  59.0 -57.6 -31.0  -23.8  -14.9  -29.1               
   94   94 A Q  H  > S+     0   0  163      2,-0.2     4,-2.3     1,-0.2    -1,-0.2   0.949 104.4  49.2 -69.0 -43.3  -25.0  -16.8  -25.9               
   95   95 A K  H  > S+     0   0  154      1,-0.2     4,-0.6     2,-0.2    -2,-0.2   0.886 114.3  46.1 -60.7 -39.6  -24.8  -20.2  -27.8               
   96   96 A I  H >< S+     0   0    1     -4,-1.9     3,-1.2     2,-0.2    -2,-0.2   0.937 111.1  52.6 -65.2 -45.5  -21.3  -19.2  -29.0               
   97   97 A V  H 3< S+     0   0   46     -4,-2.5    13,-0.3     1,-0.3    -2,-0.2   0.832 107.5  51.4 -65.9 -31.7  -20.3  -18.0  -25.4               
   98   98 A G  H 3< S+     0   0   64     -4,-2.3     2,-0.3    -5,-0.1    -1,-0.3   0.667  91.6 100.6 -71.0 -17.6  -21.4  -21.4  -23.9               
   99   99 A S  S << S-     0   0   33     -3,-1.2     2,-1.5    -4,-0.6    11,-0.2  -0.522  72.5-135.8 -80.6 130.9  -19.2  -23.3  -26.5               
  100  100 A Q        -     0   0  124     -2,-0.3     2,-0.5     9,-0.1    -1,-0.1  -0.549  24.9-174.8 -90.7  80.1  -15.8  -24.6  -25.3               
  101  101 A I        -     0   0   13     -2,-1.5     7,-2.7     7,-0.2     2,-0.4  -0.620   4.1-166.3 -74.9 123.9  -13.4  -23.7  -28.2               
  102  102 A H  E     +D  107   0B 109     -2,-0.5     2,-0.3     5,-0.2     5,-0.2  -0.914   8.4 178.4-110.9 138.8   -9.9  -25.1  -27.5               
  103  103 A F  E >   -D  106   0B  36      3,-2.7     3,-2.5    -2,-0.4   -52,-0.1  -0.992  69.1  -9.0-145.8 128.0   -6.8  -23.9  -29.6               
  104  104 A H  T 3  S-     0   0  117     -2,-0.3     3,-0.1     1,-0.3    -1,-0.1   0.880 129.4 -56.5  47.3  41.9   -3.2  -25.1  -29.2               
  105  105 A G  T 3  S+     0   0   79      1,-0.2     2,-0.4    -3,-0.0    -1,-0.3   0.384 118.3 113.0  73.3  -2.1   -4.2  -26.9  -26.0               
  106  106 A K  E <   -D  103   0B 111     -3,-2.5    -3,-2.7   -60,-0.0     2,-0.5  -0.853  66.9-128.9-106.1 132.0   -5.6  -23.6  -24.5               
  107  107 A K  E     -D  102   0B 105     -2,-0.4    -5,-0.2    -5,-0.2     2,-0.1  -0.677  25.1-129.9 -76.6 121.9   -9.3  -22.9  -23.8               
  108  108 A L        -     0   0    5     -7,-2.7     2,-0.9    -2,-0.5   -62,-0.2  -0.423  13.2-130.1 -69.8 144.0  -10.5  -19.7  -25.3               
  109  109 A K  E     -A   45   0A 126    -64,-2.9   -64,-2.7    -2,-0.1     2,-0.2  -0.826  30.7-167.3-101.0  91.4  -12.5  -17.3  -23.0               
  110  110 A L  E     +A   44   0A  27     -2,-0.9   -66,-0.2   -13,-0.3   -13,-0.0  -0.479  17.0 150.0 -81.4 149.3  -15.6  -16.4  -24.9               
  111  111 A G  E     -A   43   0A  11    -68,-1.7   -68,-3.0    -2,-0.2     2,-0.2  -0.970  51.6 -77.2-162.7 166.4  -18.0  -13.6  -23.9               
  112  112 A P  E     -A   42   0A  36      0, 0.0     2,-0.5     0, 0.0   -70,-0.2  -0.508  55.9-109.7 -64.0 137.5  -20.5  -11.0  -25.3               
  113  113 A A  E     -     0   0A   1    -72,-1.9   -75,-2.8   -75,-0.4     2,-0.6  -0.606  35.9-161.4 -72.8 122.1  -18.6   -8.0  -26.8               
  114  114 A I  E     -A   37   0A  35     -2,-0.5     2,-1.3   -77,-0.2   -77,-0.2  -0.901  10.6-152.6-112.5 113.9  -19.1   -5.0  -24.6               
  115  115 A R  E     -A   36   0A 193    -79,-2.6   -79,-1.3    -2,-0.6     2,-0.2  -0.678  19.7-144.3 -83.0  93.1  -18.4   -1.5  -26.0               
  116  116 A K        -     0   0  144     -2,-1.3     2,-0.2   -81,-0.2   -81,-0.2  -0.404  20.8-118.0 -54.3 122.0  -17.4    0.5  -22.8               
  117  117 A Q        -     0   0  144    -83,-0.2     2,-1.8    -2,-0.2    -1,-0.1  -0.489  18.1-127.8 -65.7 130.2  -18.8    4.0  -23.2               
  118  118 A K        -     0   0  199     -2,-0.2     2,-0.1    -3,-0.0    -1,-0.1  -0.618  26.6-149.8 -80.4  78.1  -16.0    6.6  -23.3               
  119  119 A L        -     0   0  123     -2,-1.8     2,-0.2     1,-0.1     5,-0.1  -0.336  15.1-127.1 -46.8 113.4  -17.4    8.9  -20.5               
  120  120 A C        -     0   0   99     -2,-0.1     2,-2.4     1,-0.1    -1,-0.1  -0.563  23.0-115.2 -64.1 134.4  -16.2   12.4  -21.4               
  121  121 A A  S    S+     0   0  105     -2,-0.2     2,-0.4    -3,-0.0     3,-0.1  -0.303  83.6 108.5 -77.6  55.4  -14.5   13.8  -18.3               
  122  122 A R  S    S-     0   0  212     -2,-2.4    -2,-0.1     1,-0.2     0, 0.0  -0.983  89.9  -6.8-127.3 119.5  -17.1   16.6  -17.8               
  123  123 A H  S    S+     0   0  184     -2,-0.4     2,-0.7     1,-0.2    -1,-0.2   0.985  70.2 172.1  52.1  76.8  -19.4   16.1  -14.8               
  124  124 A V        -     0   0   99     -3,-0.1    -1,-0.2    -5,-0.1    -3,-0.0  -0.875  16.1-160.6-106.9  95.3  -18.7   12.6  -13.4               
  125  125 A Q        -     0   0  125     -2,-0.7     2,-0.8     1,-0.1     0, 0.0  -0.449  41.4 -91.3 -54.7 143.9  -20.6   12.3  -10.2               
  126  126 A P        -     0   0  100      0, 0.0    -1,-0.1     0, 0.0     3,-0.1  -0.543  43.6-131.1 -63.6 106.7  -19.1    9.5   -8.0               
  127  127 A R        -     0   0  163     -2,-0.8     3,-0.0     1,-0.1    -3,-0.0  -0.494  34.8-101.4 -57.0 125.6  -21.2    6.5   -9.2               
  128  128 A P        -     0   0  109      0, 0.0     2,-1.1     0, 0.0    -1,-0.1  -0.187  29.3-113.5 -53.6 137.7  -22.4    4.8   -5.9               
  129  129 A L        -     0   0  160      1,-0.1     2,-2.0    -3,-0.1    -2,-0.0  -0.673  24.5-147.3 -67.7 102.7  -20.4    1.7   -4.8               
  130  130 A V        -     0   0  125     -2,-1.1     2,-1.0    -3,-0.0    -1,-0.1  -0.629  18.4-168.4 -68.9  81.4  -23.1   -1.0   -5.2               
  131  131 A V        -     0   0  112     -2,-2.0    -2,-0.0     3,-0.0    -1,-0.0  -0.775  20.6-133.4 -69.6 102.1  -21.7   -3.0   -2.3               
  132  132 A N        -     0   0  130     -2,-1.0    -2,-0.0     1,-0.1    -3,-0.0  -0.506  34.4-104.1 -51.1 127.3  -23.7   -6.2   -2.7               
  133  133 A P        -     0   0  111      0, 0.0    -1,-0.1     0, 0.0    -3,-0.0  -0.293  37.7-103.0 -57.7 143.2  -24.8   -6.9    0.9               
  134  134 A P        -     0   0  108      0, 0.0    -3,-0.0     0, 0.0     0, 0.0  -0.407  47.2 -93.5 -57.9 145.0  -22.9   -9.6    2.6               
  135  135 A P        -     0   0  113      0, 0.0     3,-0.0     0, 0.0    -3,-0.0  -0.409  54.1 -94.5 -57.2 139.1  -24.9  -12.9    2.8               
  136  136 A P        -     0   0  113      0, 0.0     2,-0.3     0, 0.0     0, 0.0  -0.388  42.2-114.2 -61.2 128.9  -26.7  -13.0    6.1               
  137  137 A P        -     0   0   96      0, 0.0     2,-1.8     0, 0.0     0, 0.0  -0.503  24.5-125.1 -67.0 126.8  -24.7  -14.9    8.7               
  138  138 A Q        +     0   0  197     -2,-0.3     2,-0.7    -3,-0.0     0, 0.0  -0.544  36.4 176.5 -75.1  81.9  -26.5  -18.1    9.7               
  139  139 A F        -     0   0  177     -2,-1.8     2,-0.1     2,-0.0     3,-0.0  -0.828  24.2-137.8 -84.6 115.0  -26.7  -17.7   13.5               
  140  140 A Q        -     0   0  185     -2,-0.7     2,-0.7     1,-0.1    -2,-0.0  -0.458  37.4 -82.3 -70.4 149.0  -28.7  -20.6   15.0               
  141  141 A N        +     0   0  166     -2,-0.1     2,-0.2     0, 0.0    -1,-0.1  -0.424  59.0 156.5 -71.4 105.9  -31.1  -19.7   17.8               
  142  142 A V        +     0   0  113     -2,-0.7     2,-0.0     1,-0.2    -2,-0.0  -0.856  41.6  34.3-150.6 128.8  -29.9  -19.3   21.4               
  143  143 A W        -     0   0  243     -2,-0.2     2,-0.2     2,-0.0    -1,-0.2   0.526  52.0-147.0-133.3 170.9  -31.1  -17.6   23.8               
  144  144 A R        -     0   0  238     -3,-0.1    -2,-0.0     1,-0.1     0, 0.0  -0.548  35.6-102.2 -78.2 151.8  -34.7  -16.7   25.0               
  145  145 A N        -     0   0  141     -2,-0.2     2,-0.4     2,-0.0    -1,-0.1  -0.554  28.0-151.4 -68.3 127.3  -35.5  -13.4   26.8               
  146  146 A P        +     0   0   96      0, 0.0    -1,-0.0     0, 0.0     0, 0.0  -0.898  51.8  89.7 -92.2 134.7  -36.0  -13.3   30.6               
  147  147 A N        +     0   0  148     -2,-0.4     2,-0.1     1,-0.1    -2,-0.0   0.521  40.8 103.2 147.2  78.4  -38.4  -10.7   32.2               
  148  148 A T        -     0   0  133      0, 0.0    -1,-0.1     0, 0.0     0, 0.0  -0.490  51.7-135.4-160.8 102.1  -42.1  -11.1   32.9               
  149  149 A E        +     0   0  177     -2,-0.1    -2,-0.0     1,-0.0     0, 0.0   0.489  35.5  84.1  14.9 142.4  -43.6  -11.8   36.3               
  150  150 A T        -     0   0  116      0, 0.0    -1,-0.0     0, 0.0     0, 0.0   0.991  40.2 -35.9  95.3  99.6  -46.0  -13.8   38.2               
  151  151 A Y        +     0   0  209      0, 0.0     0, 0.0     0, 0.0     0, 0.0   0.821  46.0  51.4  90.8 139.2  -47.2  -16.9   40.1               
  152  152 A L        -     0   0  144      2,-0.0     0, 0.0     0, 0.0     0, 0.0   0.946  49.0-104.2  69.5  83.5  -47.8  -20.5   41.3               
  153  153 A Q        -     0   0  184      1,-0.0     2,-0.1     0, 0.0     0, 0.0   0.895  21.7-109.9  50.8 145.0  -45.6  -23.4   42.2               
  154  154 A P        -     0   0  113      0, 0.0     2,-0.1     0, 0.0    -1,-0.0  -0.330  21.9-165.8 -92.0-178.8  -44.4  -26.9   41.0               
  155  155 A Q        -     0   0  169     -2,-0.1     0, 0.0     1,-0.1     0, 0.0  -0.476  21.5  -8.5-172.1 143.8  -44.8  -30.5   41.8               
  156  156 A I        -     0   0  127     -2,-0.1    -1,-0.1     2,-0.0     0, 0.0   0.995  47.6  -2.5  82.2 116.4  -43.5  -34.1   41.4               
  157  157 A T        -     0   0  130      1,-0.1     2,-0.3     0, 0.0    -2,-0.0   0.762  25.8-143.9  83.6 149.0  -41.5  -37.1   40.1               
  158  158 A P        -     0   0  103      0, 0.0    -1,-0.1     0, 0.0    -2,-0.0  -0.961  17.5 -73.0-137.0 153.2  -38.8  -38.9   37.9               
  159  159 A N        +     0   0  157     -2,-0.3     2,-0.0     1,-0.0     0, 0.0   0.262  20.5 170.0  58.9-173.5  -37.4  -41.8   35.8               
  160  160 A P        +     0   0  115      0, 0.0    -1,-0.0     0, 0.0     0, 0.0   0.689  14.6 106.0-128.3-157.1  -36.0  -44.7   35.2               
  161  161 A V        -     0   0  131     -2,-0.0    -2,-0.0     0, 0.0     0, 0.0   0.625  33.4-153.3 110.8 134.9  -34.7  -47.9   33.2               
  162  162 A T        +     0   0  106      0, 0.0     0, 0.0     0, 0.0     0, 0.0   0.674  26.2 132.6-164.5 165.8  -31.9  -49.4   32.1               
  163  163 A Q        +     0   0  157      0, 0.0     0, 0.0     0, 0.0     0, 0.0   0.635  23.5  92.8  78.2 142.8  -28.8  -51.3   30.6               
  164  164 A H        -     0   0  156      0, 0.0     0, 0.0     0, 0.0     0, 0.0   0.919  35.2 -42.3-163.9 176.2  -25.7  -51.7   29.4               
  165  165 A V        -     0   0  110      0, 0.0     0, 0.0     0, 0.0     0, 0.0   0.683  24.9-102.4-153.2-175.3  -22.4  -52.4   29.6               
  166  166 A Q        +     0   0  166      0, 0.0     0, 0.0     0, 0.0     0, 0.0   0.254  26.3 109.2 -36.6 165.2  -18.6  -52.6   30.8               
  167  167 A S        +     0   0  100      0, 0.0     0, 0.0     0, 0.0     0, 0.0   0.810  20.4 155.5-151.2 148.0  -15.4  -52.0   31.1               
  168  168 A A        +     0   0   94      0, 0.0     0, 0.0     0, 0.0     0, 0.0   0.594  12.5 148.1  62.4 138.8  -12.7  -50.6   33.0               
  169  169 A A        -     0   0   94      2,-0.0     0, 0.0     0, 0.0     0, 0.0   0.784  19.8-147.2-150.6 135.6   -9.7  -50.0   34.2               
  170  170 A N        -     0   0  160      1,-0.1     2,-0.2     0, 0.0     0, 0.0   0.965  15.0 -91.7  94.3 143.9   -7.6  -47.5   35.5               
  171  171 A P        -     0   0  103      0, 0.0     2,-0.3     0, 0.0    -1,-0.1  -0.552  13.3-159.4-113.5 173.0   -4.0  -45.9   36.1               
  172  172 A E        +     0   0  196     -2,-0.2     0, 0.0     0, 0.0     0, 0.0  -0.981  21.2 171.8-149.3 160.2   -0.8  -45.7   38.2               
  173  173 A T        +     0   0  130     -2,-0.3     0, 0.0     1,-0.1     0, 0.0  -0.537  14.5 138.5-133.8-163.9    2.1  -43.2   38.8               
  174  174 A P        -     0   0  100      0, 0.0    -1,-0.1     0, 0.0     0, 0.0   0.746  20.8 -99.4-136.4-178.6    4.8  -41.6   39.8               
  175  175 A N        +     0   0  150      0, 0.0     2,-0.2     0, 0.0    -2,-0.0   0.595  12.6 175.8  28.7 124.0    8.2  -39.6   39.9               
  176  176 A S        -     0   0  118      0, 0.0     2,-0.0     0, 0.0     0, 0.0  -0.543  12.4-173.6-177.7 169.7   11.8  -39.4   40.3               
  177  177 A T        +     0   0  122     -2,-0.2     0, 0.0     0, 0.0     0, 0.0   0.622  18.3 143.1 176.1 165.0   14.4  -37.2   40.1               
  178  178 A I        -     0   0  147     -2,-0.0     0, 0.0     0, 0.0     0, 0.0   0.965  29.8-116.7  91.5  87.4   18.2  -35.9   40.0               
  179  179 A S        +     0   0   96      0, 0.0     0, 0.0     0, 0.0     0, 0.0   0.904  21.4  59.9  70.0 132.7   20.4  -33.5   38.4               
  180  180 A R        +     0   0  226      1,-0.0     2,-0.0     0, 0.0     0, 0.0   0.475  15.0 101.4  70.7 156.5   23.2  -32.0   36.3               
  181  181 A E        -     0   0  175      0, 0.0     2,-0.3     0, 0.0    -1,-0.0   0.620  24.5-159.2-137.0-177.2   25.4  -30.8   34.5               
  182  182 A A        +     0   0   87      2,-0.0     2,-0.2    -2,-0.0     0, 0.0  -0.796  11.8 173.0-113.2 149.2   26.3  -27.5   32.6               
  183  183 A S        -     0   0  126     -2,-0.3     2,-0.2     2,-0.0     0, 0.0  -0.693  17.9-156.4-153.5 109.2   28.4  -26.1   29.7               
  184  184 A T        +     0   0  127     -2,-0.2     2,-0.2     2,-0.0    -2,-0.0  -0.464  20.0 157.7 -57.3 136.9   28.2  -22.5   28.4               
  185  185 A Q        -     0   0  196     -2,-0.2     2,-0.3     2,-0.0    -2,-0.0  -0.734  19.7-153.0-162.6 145.6   29.1  -21.1   25.1               
  186  186 A S        +     0   0  103     -2,-0.2     2,-0.1     0, 0.0    -2,-0.0  -0.737  17.2 156.2-106.0 139.2   27.9  -17.9   23.3               
  187  187 A S        -     0   0  119     -2,-0.3    -2,-0.0     1,-0.0     0, 0.0  -0.474  27.3 -34.6 164.8 154.0   27.4  -16.5   19.8               
  188  188 A S        -     0   0  112     -2,-0.1     2,-0.3     1,-0.1    -1,-0.0   0.803  20.4-119.3-157.6 168.2   25.9  -14.3   18.1               
  189  189 A A        +     0   0  109      1,-0.0     2,-0.4     2,-0.0    -1,-0.1  -0.432  21.7 177.5 -71.0 131.1   23.3  -11.8   16.7               
  190  190 A A        -     0   0   98     -2,-0.3     2,-0.3     2,-0.0    -1,-0.0  -0.924  32.3-128.2-127.3 104.0   22.0  -12.1   13.0               
  191  191 A A        -     0   0   96     -2,-0.4     2,-1.4     1,-0.1    -2,-0.0  -0.306   9.4-136.5 -62.5 117.9   19.3   -9.4   12.4               
  192  192 A S        -     0   0  118     -2,-0.3     2,-0.5     1,-0.1    -1,-0.1  -0.570  22.3-138.5 -71.2  91.2   16.0  -10.8   10.9               
  193  193 A Q        -     0   0  166     -2,-1.4     2,-0.3     1,-0.1    -1,-0.1  -0.398  20.0-129.3 -54.0 104.4   15.4   -8.1    8.2               
  194  194 A G        -     0   0   68     -2,-0.5     2,-1.2     1,-0.1    -1,-0.1  -0.438  13.9-128.5 -63.3 120.1   11.6   -7.6    8.6               
  195  195 A W        -     0   0  189     -2,-0.3     2,-0.3     1,-0.0    -1,-0.1  -0.607  18.9-139.5 -73.5  97.6    9.9   -7.8    5.2               
  196  196 A V        -     0   0  135     -2,-1.2    -1,-0.0     1,-0.1    -3,-0.0  -0.438  25.3-120.4 -53.3 112.7    7.8   -4.6    4.9               
  197  197 A L        -     0   0  122     -2,-0.3     2,-0.2     1,-0.1    -1,-0.1  -0.475  28.3-129.9 -63.9 117.5    4.6   -6.0    3.3               
  198  198 A P        -     0   0   50      0, 0.0    -1,-0.1     0, 0.0    -3,-0.0  -0.535  32.6 -89.6 -74.2 140.7    4.2   -4.0    0.0               
  199  199 A E  S    S+     0   0  177     -2,-0.2    83,-0.6    82,-0.1     2,-0.3  -0.152  81.5 104.3 -49.6 119.5    0.8   -2.4   -0.7               
  200  200 A G  E    S-E  281   0C  33     81,-0.2     2,-0.5    -3,-0.1    81,-0.3  -0.956  72.6 -78.4 175.0 165.5   -1.4   -5.0   -2.5               
  201  201 A K  E     -E  280   0C 157     79,-1.9    79,-2.7    -2,-0.3     2,-0.1  -0.760  46.1-120.6 -84.8 127.8   -4.2   -7.5   -2.2               
  202  202 A I  E     -E  279   0C 102     -2,-0.5    77,-0.2    77,-0.2    -1,-0.0  -0.426  23.6-132.9 -59.7 135.1   -3.4  -10.9   -0.6               
  203  203 A V  E >   -     0   0C  48     75,-3.0     3,-0.9     3,-0.2    75,-0.4  -0.890  23.7-126.1 -92.3 118.3   -4.0  -13.8   -3.0               
  204  204 A P  E 3  S+     0   0C  97      0, 0.0    48,-0.1     0, 0.0     3,-0.1  -0.259  87.3  10.6 -63.5 153.9   -5.9  -16.6   -1.3               
  205  205 A N  E 3  S+     0   0C  35     51,-0.3    47,-2.8     1,-0.1     2,-0.4   0.730 104.8 114.7  49.6  29.9   -4.6  -20.2   -1.3               
  206  206 A T  E <   - F   0 251C  14     -3,-0.9    72,-2.0    45,-0.2     2,-0.4  -0.979  49.0-161.3-135.5 121.7   -1.2  -18.8   -2.7               
  207  207 A V  E     -EF 277 250C   0     43,-2.8    43,-2.5    -2,-0.4     2,-0.4  -0.823  15.5-135.7-101.0 134.1    2.2  -18.9   -1.0               
  208  208 A F  E     -EF 276 249C  60     68,-3.1    68,-1.8    -2,-0.4     2,-0.5  -0.808  20.1-162.8 -81.5 132.1    5.1  -16.7   -2.0               
  209  209 A V  E     +EF 275 248C   1     39,-2.5    39,-2.6    -2,-0.4     3,-0.3  -0.957  13.1 174.2-122.4 106.7    8.4  -18.7   -2.1               
  210  210 A G  E     +EF 274 247C   4     64,-2.6    64,-2.7    -2,-0.5    37,-0.2  -0.670  55.9  49.9-103.1 168.2   11.7  -16.7   -2.0               
  211  211 A G        +     0   0   35     35,-1.6    36,-0.2     1,-0.2     2,-0.2   0.649  70.0 163.4  75.9  16.5   15.3  -18.0   -1.7               
  212  212 A I        -     0   0    9     34,-1.5    -1,-0.2    -3,-0.3     2,-0.1  -0.457  36.8-122.3 -63.7 132.7   14.7  -20.5   -4.6               
  213  213 A D    >   -     0   0   33     -2,-0.2     3,-1.3     1,-0.1    33,-0.1  -0.357  15.0-118.1 -71.8 157.7   18.1  -21.8   -6.0               
  214  214 A A  T 3  S+     0   0   95      1,-0.2    30,-0.1    -2,-0.1    -1,-0.1   0.669 119.0  52.5 -67.7 -16.2   19.0  -21.4   -9.7               
  215  215 A R  T 3  S+     0   0  211      2,-0.1     2,-0.5    54,-0.0    -1,-0.2   0.344  87.8 103.1 -90.6  -4.7   19.1  -25.3   -9.7               
  216  216 A M    <   -     0   0    6     -3,-1.3     2,-0.1    52,-0.1    -4,-0.0  -0.805  57.1-155.5 -98.2 122.5   15.6  -25.7   -8.2               
  217  217 A D     >  -     0   0  110     -2,-0.5     4,-2.2     1,-0.1     3,-0.3  -0.409  29.4-111.1 -97.0 162.5   12.7  -26.7  -10.5               
  218  218 A E  H  > S+     0   0   86      1,-0.2     4,-2.6     2,-0.2     5,-0.1   0.849 117.9  55.3 -60.1 -32.6    8.8  -26.2  -10.4               
  219  219 A T  H  > S+     0   0  110      2,-0.2     4,-2.5     1,-0.2    -1,-0.2   0.878 107.1  48.6 -67.0 -41.1    8.4  -30.0   -9.9               
  220  220 A E  H  > S+     0   0   63     -3,-0.3     4,-2.2     2,-0.2    -2,-0.2   0.942 114.0  46.3 -66.2 -46.1   10.7  -30.0   -6.8               
  221  221 A I  H  X S+     0   0    2     -4,-2.2     4,-2.3     2,-0.2     5,-0.2   0.956 113.4  49.4 -57.0 -53.3    8.8  -27.1   -5.3               
  222  222 A G  H  X S+     0   0   14     -4,-2.6     4,-1.7     1,-0.2    -2,-0.2   0.914 111.9  48.0 -56.8 -45.2    5.4  -28.7   -6.0               
  223  223 A S  H  < S+     0   0   89     -4,-2.5     4,-0.5     1,-0.2    -1,-0.2   0.883 111.5  50.7 -62.6 -39.9    6.5  -32.0   -4.5               
  224  224 A C  H  < S+     0   0   14     -4,-2.2     3,-0.5     1,-0.2    -2,-0.2   0.889 114.8  42.7 -68.0 -38.0    7.8  -30.2   -1.3               
  225  225 A F  H >< S+     0   0    0     -4,-2.3     3,-2.5     1,-0.2     4,-0.4   0.688  90.1  86.6 -82.2 -18.8    4.5  -28.2   -0.9               
  226  226 A G  G >< S+     0   0   38     -4,-1.7     3,-1.2     1,-0.3    -1,-0.2   0.781  76.2  71.3 -53.4 -27.7    2.2  -31.2   -1.6               
  227  227 A R  G 3  S+     0   0  181     -3,-0.5    -1,-0.3    -4,-0.5    -2,-0.1   0.620  99.6  46.8 -61.0 -19.0    2.5  -32.2    2.1               
  228  228 A Y  G <  S-     0   0   63     -3,-2.5    -1,-0.2     1,-0.4     2,-0.2   0.495 130.9 -53.5-100.2 -10.8    0.3  -29.1    2.9               
  229  229 A G  S <  S-     0   0   17     -3,-1.2    -1,-0.4    -4,-0.4     2,-0.3  -0.747  78.1 -43.9 149.5 165.2   -2.4  -29.8    0.2               
  230  230 A S        -     0   0   68     -2,-0.2    23,-2.9    -3,-0.1    24,-0.5  -0.387  57.9-135.6 -61.0 114.1   -3.0  -30.4   -3.5               
  231  231 A V  E     -G  252   0C  45     -2,-0.3    21,-0.3    21,-0.2     3,-0.1  -0.561  22.8-177.9 -75.7 134.2   -0.8  -28.0   -5.5               
  232  232 A K  E     +     0   0C 144     19,-3.1     2,-0.3     1,-0.3    20,-0.2   0.766  67.5   0.5-100.0 -42.7   -2.6  -26.3   -8.5               
  233  233 A E  E     -G  251   0C  90     18,-1.5    18,-3.0   -11,-0.0     2,-0.4  -0.880  53.4-162.6-155.4 121.9    0.2  -24.2  -10.1               
  234  234 A V  E     -G  250   0C  23     -2,-0.3     2,-0.2    16,-0.2    16,-0.2  -0.832  17.1-175.1 -92.9 143.9    3.9  -23.6   -9.2               
  235  235 A K  E     -G  249   0C  94     14,-2.1    14,-1.9    -2,-0.4     2,-0.3  -0.747  12.0-163.8-146.4  99.9    5.3  -20.5  -10.9               
  236  236 A I  E     -G  248   0C  25     12,-0.3     2,-1.0    -2,-0.2    12,-0.3  -0.589  25.3-128.9 -73.9 136.1    9.0  -19.5  -10.7               
  237  237 A I  E     -     0   0C  37     10,-2.8     8,-2.1    -2,-0.3    10,-0.4  -0.765  32.4-175.9 -96.1 101.9    9.5  -15.8  -11.7               
  238  238 A T  E     -G  244   0C  70     -2,-1.0     6,-0.3     6,-0.3     5,-0.2  -0.313  23.2-115.9 -84.5 164.3   12.3  -15.6  -14.3               
  239  239 A N    >   -     0   0   85      4,-2.5     3,-1.9    -2,-0.1    -1,-0.1  -0.485  44.3 -89.1 -84.9 173.1   13.9  -12.5  -16.0               
  240  240 A R  T 3  S+     0   0  249      1,-0.3    -2,-0.0    -2,-0.2    -1,-0.0   0.653 129.6  58.0 -58.9 -17.5   13.6  -11.8  -19.8               
  241  241 A T  T 3  S-     0   0  108      2,-0.2     2,-0.4     3,-0.0    -1,-0.3   0.022 120.4-107.8 -96.4  14.6   16.8  -13.9  -20.2               
  242  242 A G  S <  S+     0   0   51     -3,-1.9    -2,-0.1     1,-0.2     2,-0.0   0.005  76.3 137.8  78.2 -25.8   15.2  -17.0  -18.6               
  243  243 A V        -     0   0   93     -2,-0.4    -4,-2.5    -5,-0.2    -1,-0.2  -0.239  58.7-114.9 -55.7 125.8   17.4  -16.6  -15.4               
  244  244 A S  E     - G   0 238C  35     -6,-0.3    -6,-0.3   -30,-0.1    -1,-0.1  -0.283   9.0-145.2 -57.4 141.1   15.4  -17.2  -12.2               
  245  245 A K  E     -     0   0C  99     -8,-2.1   -34,-0.2     2,-0.4    -1,-0.1   0.250  47.8-107.2 -87.2   8.8   14.9  -14.2   -9.8               
  246  246 A G  E    S+     0   0C  22      1,-0.2   -35,-1.6   -33,-0.1   -34,-1.5   0.702  91.3  83.9  68.7  21.1   15.1  -16.6   -6.8               
  247  247 A Y  E     +F  210   0C  79    -10,-0.4   -10,-2.8   -37,-0.2    -2,-0.4  -0.993  44.6 156.5-149.1 158.4   11.4  -16.4   -6.1               
  248  248 A G  E     -FG 209 236C   1    -39,-2.6   -39,-2.5    -2,-0.3     2,-0.3  -0.833  32.6-105.9-155.8-173.2    8.0  -17.9   -7.2               
  249  249 A F  E     -FG 208 235C  54    -14,-1.9   -14,-2.1   -41,-0.2     2,-0.5  -0.990  14.6-156.7-131.6 141.9    4.4  -18.6   -6.2               
  250  250 A V  E     -FG 207 234C   1    -43,-2.5   -43,-2.8    -2,-0.3     2,-0.4  -0.986  12.8-165.6-120.2 115.7    2.7  -21.9   -5.2               
  251  251 A S  E     -FG 206 233C  23    -18,-3.0   -19,-3.1    -2,-0.5   -18,-1.5  -0.864   8.4-146.7 -99.8 138.4   -1.1  -22.0   -5.6               
  252  252 A F  E     - G   0 231C   6    -47,-2.8   -21,-0.2    -2,-0.4     4,-0.1  -0.596  14.7-144.1-100.1 157.9   -3.3  -24.7   -4.0               
  253  253 A V  S    S+     0   0   91    -23,-2.9   -22,-0.1    -2,-0.2    -1,-0.1   0.873  88.2  50.7 -78.6 -45.7   -6.5  -26.4   -5.2               
  254  254 A N  S    S-     0   0   82    -24,-0.5     2,-0.4     1,-0.1    -2,-0.2  -0.369 102.7 -90.3 -86.2 163.8   -7.9  -26.6   -1.7               
  255  255 A D        +     0   0  144     -2,-0.1     2,-0.4     2,-0.0    -1,-0.1  -0.673  56.1 179.2 -69.4 124.1   -8.3  -23.9    1.0               
  256  256 A V        -     0   0   27     -2,-0.4     2,-1.2    -4,-0.1   -51,-0.3  -0.998  38.1-105.7-135.6 137.6   -5.1  -24.1    3.0               
  257  257 A D     >  -     0   0   92     -2,-0.4     4,-1.7     1,-0.2     5,-0.1  -0.468  30.8-171.9 -66.2  96.6   -3.8  -22.2    6.0               
  258  258 A V  H  > S+     0   0   24     -2,-1.2     4,-2.5     2,-0.2    -1,-0.2   0.799  83.5  58.7 -58.7 -30.9   -1.2  -19.9    4.4               
  259  259 A Q  H  > S+     0   0  163      2,-0.2     4,-2.3     1,-0.2    -1,-0.2   0.954 104.4  49.1 -69.8 -44.2   -0.1  -18.7    7.9               
  260  260 A K  H  4 S+     0   0  153      1,-0.2     4,-0.4     2,-0.2    -2,-0.2   0.861 114.2  46.9 -60.8 -36.7    0.8  -22.3    9.0               
  261  261 A I  H >< S+     0   0    1     -4,-1.7     3,-1.4     2,-0.2    -2,-0.2   0.941 110.6  52.0 -66.7 -46.7    2.8  -22.8    5.7               
  262  262 A V  H 3< S+     0   0   47     -4,-2.5    13,-0.3     1,-0.3    -2,-0.2   0.833 107.4  52.5 -64.7 -31.6    4.5  -19.4    6.2               
  263  263 A G  T 3< S+     0   0   67     -4,-2.3     2,-0.3    -5,-0.1    -1,-0.3   0.627  91.2 100.8 -72.1 -14.9    5.6  -20.3    9.8               
  264  264 A S  S <  S-     0   0   32     -3,-1.4     2,-1.3    -4,-0.4    11,-0.2  -0.554  71.5-136.8 -79.6 133.1    7.1  -23.6    8.4               
  265  265 A Q        -     0   0  127     -2,-0.3     2,-0.5     9,-0.1    -1,-0.1  -0.627  25.3-174.6 -91.2  85.4   11.0  -23.8    7.9               
  266  266 A I        -     0   0   11     -2,-1.3     7,-2.7     7,-0.2     2,-0.4  -0.692   3.5-166.0 -80.4 125.9   11.4  -25.5    4.5               
  267  267 A H  E     +H  272   0D 106     -2,-0.5     2,-0.3     5,-0.2     5,-0.2  -0.917   8.6 178.0-111.6 138.3   15.1  -26.2    3.6               
  268  268 A F  E >   -H  271   0D  47      3,-2.8     3,-2.4    -2,-0.4   -52,-0.1  -0.990  69.4 -10.1-145.1 129.5   16.2  -27.2    0.1               
  269  269 A H  T 3  S-     0   0  121     -2,-0.3     3,-0.1     1,-0.3    -1,-0.1   0.877 129.0 -56.1  45.6  43.6   19.8  -27.9   -1.2               
  270  270 A G  T 3  S+     0   0   80      1,-0.2     2,-0.4     0, 0.0    -1,-0.3   0.367 118.3 112.3  73.7  -3.0   21.1  -26.5    2.2               
  271  271 A K  E <   -H  268   0D 112     -3,-2.4    -3,-2.8   -60,-0.0     2,-0.5  -0.830  66.7-128.6-105.2 136.0   19.2  -23.2    1.7               
  272  272 A K  E     -H  267   0D 106     -2,-0.4    -5,-0.2    -5,-0.2     2,-0.2  -0.722  24.1-129.5 -82.4 122.9   16.2  -22.0    3.8               
  273  273 A L        -     0   0    7     -7,-2.7     2,-0.9    -2,-0.5    -7,-0.2  -0.466  12.9-132.0 -71.2 139.5   13.2  -20.9    1.7               
  274  274 A K  E     -E  210   0C 109    -64,-2.7   -64,-2.6    -2,-0.2     2,-0.2  -0.816  30.5-166.1 -95.6  93.8   11.7  -17.5    2.5               
  275  275 A L  E     +E  209   0C  27     -2,-0.9   -66,-0.2   -13,-0.3   -13,-0.0  -0.512  17.5 150.3 -83.6 149.4    8.0  -18.1    2.8               
  276  276 A G  E     -E  208   0C  11    -68,-1.8   -68,-3.1    -2,-0.2     2,-0.2  -0.977  51.5 -77.3-162.6 166.4    5.2  -15.4    2.8               
  277  277 A P  E     -E  207   0C  41      0, 0.0     2,-0.7     0, 0.0   -70,-0.2  -0.525  57.0-108.3 -65.1 135.7    1.6  -14.6    1.9               
  278  278 A A  E     -     0   0C   1    -72,-2.0   -75,-3.0   -75,-0.4     2,-0.7  -0.553  37.7-161.4 -71.4 112.3    1.4  -14.0   -1.9               
  279  279 A I  E     -E  202   0C  32     -2,-0.7     2,-1.4   -77,-0.2   -77,-0.2  -0.831  11.2-150.5-101.5 115.3    0.7  -10.2   -2.3               
  280  280 A R  E     -E  201   0C 191    -79,-2.7   -79,-1.9    -2,-0.7     2,-0.1  -0.654  19.7-145.7 -80.7  89.9   -0.7   -9.0   -5.7               
  281  281 A K  E     -E  200   0C 142     -2,-1.4     2,-0.3   -81,-0.3   -81,-0.2  -0.347  20.1-119.3 -48.5 124.6    0.8   -5.5   -5.8               
  282  282 A Q        -     0   0  150    -83,-0.6     2,-1.7     1,-0.1    -1,-0.1  -0.564  17.6-124.1 -68.0 131.7   -1.7   -3.3   -7.6               
  283  283 A K        -     0   0  199     -2,-0.3     2,-0.9    -3,-0.0    -1,-0.1  -0.674  24.7-152.4 -71.6  90.3   -0.4   -1.7  -10.8               
  284  284 A L        -     0   0  126     -2,-1.7     2,-0.2     2,-0.0     4,-0.0  -0.566  13.5-138.1 -52.2 100.6   -1.1    1.9   -9.9               
  285  285 A C        -     0   0   99     -2,-0.9     2,-2.5     1,-0.1     3,-0.5  -0.605  33.7 -99.6 -57.6 135.8   -1.5    3.3  -13.4               
  286  286 A A  S    S+     0   0  101     -2,-0.2     3,-0.1     1,-0.2    -1,-0.1  -0.376 102.0  98.6 -69.7  70.0    0.4    6.6  -13.2               
  287  287 A R  S    S+     0   0  226     -2,-2.5    -1,-0.2     1,-0.1     2,-0.1   0.169  78.8  45.6-147.0   5.8   -2.8    8.6  -12.7               
  288  288 A H        +     0   0  137     -3,-0.5     2,-0.8     2,-0.1    -1,-0.1  -0.628  54.7 160.1-148.7  92.9   -2.8    9.1   -8.9               
  289  289 A V        -     0   0  127     -3,-0.1    -3,-0.0    -2,-0.1     3,-0.0  -0.961  32.2-150.7 -94.4  99.7    0.6   10.1   -7.5               
  290  290 A Q        -     0   0  143     -2,-0.8     2,-0.4     1,-0.1    -2,-0.1  -0.591  32.6-100.4 -56.9 133.6   -0.6   11.5   -4.2               
  291  291 A P        -     0   0  106      0, 0.0    -1,-0.1     0, 0.0    -2,-0.0  -0.499  28.9-134.7 -58.0 118.0    2.0   14.2   -3.4               
  292  292 A R        -     0   0  225     -2,-0.4     2,-0.1     1,-0.1    -3,-0.0  -0.729  39.0-105.2 -62.1 122.2    4.4   12.8   -0.8               
  293  293 A P        -     0   0  108      0, 0.0     2,-0.6     0, 0.0    -1,-0.1  -0.363  28.4-128.8 -55.1 121.4    4.5   15.8    1.6               
  294  294 A L        -     0   0  131     -2,-0.1     2,-2.3     1,-0.1     0, 0.0  -0.702  21.2-128.2 -65.7 118.8    7.8   17.5    1.1               
  295  295 A V        +     0   0  128     -2,-0.6     2,-0.7     2,-0.0    -1,-0.1  -0.559  37.4 173.1 -73.7  75.0    9.1   17.8    4.7               
  296  296 A V        -     0   0  117     -2,-2.3    -2,-0.0     1,-0.0     0, 0.0  -0.856  43.6-115.0 -69.9 115.7    9.8   21.5    4.6               
  297  297 A N        -     0   0  132     -2,-0.7    -2,-0.0     1,-0.1    -3,-0.0  -0.465  30.4-123.5 -55.2 123.1   10.7   21.9    8.3               
  298  298 A P        -     0   0  111      0, 0.0    -1,-0.1     0, 0.0    -3,-0.0  -0.404  31.8 -98.9 -61.7 148.6    8.0   24.1    9.8               
  299  299 A P        -     0   0  111      0, 0.0     0, 0.0     0, 0.0     0, 0.0  -0.378  53.9 -86.4 -57.9 150.0    9.3   27.3   11.5               
  300  300 A P        -     0   0  117      0, 0.0     3,-0.1     0, 0.0    -3,-0.0  -0.355  52.2-103.1 -58.4 140.4    9.5   26.8   15.3               
  301  301 A P        -     0   0  111      0, 0.0     2,-0.1     0, 0.0     0, 0.0  -0.379  41.2 -99.2 -63.5 144.3    6.2   27.7   17.0               
  302  302 A P        -     0   0   97      0, 0.0     2,-1.6     0, 0.0     0, 0.0  -0.372  41.2-104.1 -60.9 142.4    6.1   31.1   18.8               
  303  303 A Q        -     0   0  195     -3,-0.1     2,-1.0    -2,-0.1     0, 0.0  -0.521  37.9-168.0 -73.8  86.2    6.6   30.9   22.6               
  304  304 A F        -     0   0  187     -2,-1.6     2,-0.2     1,-0.0     3,-0.2  -0.690  18.2-139.0 -74.0 104.2    3.1   31.3   24.0               
  305  305 A Q        -     0   0  172     -2,-1.0    -1,-0.0     1,-0.2    -2,-0.0  -0.503  42.9 -59.5 -63.3 130.3    3.6   31.8   27.7               
  306  306 A N        +     0   0  154     -2,-0.2    -1,-0.2     1,-0.1     0, 0.0   0.302  53.7 162.5   7.7  90.7    1.3   30.2   30.2               
  307  307 A V        +     0   0  136     -3,-0.2     2,-0.9     2,-0.0    -1,-0.1  -0.342  28.9 133.5-120.9  51.2   -2.5   31.1   29.9               
  308  308 A W        +     0   0  257      2,-0.0     2,-0.4     0, 0.0    -2,-0.0  -0.884  28.5 169.4 -86.4 101.9   -3.8   28.1   31.9               
  309  309 A R        -     0   0  240     -2,-0.9    -2,-0.0     2,-0.0     0, 0.0  -0.992  40.5-100.5-120.5 131.6   -6.3   29.9   34.3               
  310  310 A N        -     0   0  122     -2,-0.4     2,-1.1     1,-0.1    -2,-0.0  -0.186  17.9-141.7 -60.1 131.1   -8.6   27.7   36.3               
  311  311 A P        +     0   0  120      0, 0.0     2,-0.3     0, 0.0    -1,-0.1  -0.297  60.3 122.5 -89.1  52.3  -12.3   27.1   35.2               
  312  312 A N        +     0   0  119     -2,-1.1     2,-0.2     2,-0.0    -2,-0.1  -0.506  43.9  75.2-121.0  63.6  -13.8   27.2   38.7               
  313  313 A T        -     0   0  143     -2,-0.3     2,-0.2     2,-0.0    -1,-0.0  -0.797  50.9-156.4-161.2 138.8  -16.5   29.9   39.1               
  314  314 A E        +     0   0  181     -2,-0.2     2,-0.1     2,-0.0    -2,-0.0  -0.578  22.7 144.1 -81.3 158.1  -20.1   30.6   38.0               
  315  315 A T        -     0   0  139     -2,-0.2     2,-0.1     2,-0.0    -2,-0.0  -0.327  28.1-137.2-179.9 144.9  -22.2   33.6   37.5               
  316  316 A Y        +     0   0  211     -2,-0.1     2,-0.2     2,-0.0    -2,-0.0  -0.397  26.8 145.3 -67.6 155.3  -25.0   34.8   35.1               
  317  317 A L        -     0   0  176     -2,-0.1    -2,-0.0     2,-0.0     0, 0.0  -0.608  26.2-139.6-175.8 165.2  -25.9   37.9   33.2               
  318  318 A Q        -     0   0  179     -2,-0.2     2,-0.1     1,-0.1    -2,-0.0  -0.601  20.2-113.9-109.6 163.8  -27.5   38.9   29.9               
  319  319 A P        -     0   0  111      0, 0.0     2,-0.3     0, 0.0    -1,-0.1  -0.325  16.3-131.0 -94.6 173.5  -26.9   41.6   27.1               
  320  320 A Q        -     0   0  159      1,-0.1     0, 0.0    -2,-0.1     0, 0.0  -0.980  24.0-114.7-134.3 123.7  -28.5   44.8   25.6               
  321  321 A I        +     0   0  134     -2,-0.3    -1,-0.1     2,-0.0     0, 0.0   0.499  36.3 117.6  62.5 117.6  -29.3   46.1   22.4               
  322  322 A T        +     0   0  133      0, 0.0     2,-0.2     0, 0.0    -2,-0.0   0.593  13.4 162.1-163.1 158.8  -29.2   48.2   19.7               
  323  323 A P        +     0   0  110      0, 0.0    -2,-0.0     0, 0.0     0, 0.0  -0.816   4.6 154.0-117.3 163.1  -28.3   48.5   15.8               
  324  324 A N        -     0   0  168     -2,-0.2     2,-0.2     2,-0.0     0, 0.0  -0.764  16.9-153.9-174.6 161.2  -28.9   50.6   12.6               
  325  325 A P        -     0   0  112      0, 0.0     2,-0.2     0, 0.0     0, 0.0  -0.782   4.6-163.3-125.8 165.7  -27.2   51.4    9.2               
  326  326 A V        -     0   0  144     -2,-0.2     2,-0.2     0, 0.0    -2,-0.0  -0.936  20.9 -89.1-169.1 178.0  -26.6   53.9    6.1               
  327  327 A T        -     0   0  103     -2,-0.2     0, 0.0     0, 0.0     0, 0.0  -0.640  18.1 -65.8-159.4 120.5  -25.5   54.2    2.7               
  328  328 A Q        +     0   0  166     -2,-0.2     0, 0.0     2,-0.0     0, 0.0   0.602  24.2 141.5  66.4 168.2  -23.5   54.7   -0.6               
  329  329 A H        +     0   0  167      0, 0.0     0, 0.0     0, 0.0     0, 0.0   0.685  22.7  33.5  74.1 144.1  -21.5   56.9   -3.2               
  330  330 A V        -     0   0  111      1,-0.0    -2,-0.0     0, 0.0     0, 0.0   0.853  16.4-164.4-159.9-175.2  -19.0   57.3   -5.3               
  331  331 A Q        +     0   0  168      1,-0.0    -1,-0.0     0, 0.0     0, 0.0   0.146  15.4 112.1 -63.7-179.4  -16.0   57.2   -8.0               
  332  332 A S        -     0   0  109      0, 0.0    -1,-0.0     0, 0.0     0, 0.0   0.794  14.2-137.8-170.2 156.2  -13.3   58.2   -9.8               
  333  333 A A        +     0   0   98      0, 0.0     0, 0.0     0, 0.0     0, 0.0   0.568   9.3 164.1  57.0 169.8   -9.7   58.4  -11.4               
  334  334 A A        -     0   0   87      2,-0.0     0, 0.0     0, 0.0     0, 0.0   0.663  21.2-101.1-156.8 149.6   -6.7   59.3  -12.7               
  335  335 A N        -     0   0  165      1,-0.0     2,-0.2     2,-0.0     0, 0.0   0.699  20.8-124.9  64.2 161.7   -3.1   58.8  -14.0               
  336  336 A P        -     0   0  105      0, 0.0     2,-0.3     0, 0.0    -1,-0.0  -0.721   3.6-137.4-136.2 174.4    0.8   59.0  -13.5               
  337  337 A E        -     0   0  197     -2,-0.2    -2,-0.0     0, 0.0     0, 0.0  -0.918  31.0-140.2-139.7 167.0    4.5   60.0  -14.2               
  338  338 A T        +     0   0  132     -2,-0.3     0, 0.0     1,-0.1     0, 0.0  -0.877  20.5  60.6-153.8-179.7    8.0   58.2  -14.2               
  339  339 A P        +     0   0  100      0, 0.0    -1,-0.1     0, 0.0     2,-0.1   0.801  16.3 103.4-128.2 179.0   11.1   57.3  -13.9               
  340  340 A N        -     0   0  149      0, 0.0     0, 0.0     0, 0.0     0, 0.0  -0.296  35.7 -41.5 178.5 149.7   14.5   56.4  -12.7               
  341  341 A S        -     0   0   96     -2,-0.1     0, 0.0     0, 0.0     0, 0.0   0.803  36.9 -65.3  50.7 105.1   17.3   54.0  -11.7               
  342  342 A T        +     0   0  124      0, 0.0     0, 0.0     0, 0.0     0, 0.0   0.977  34.1  90.5  90.9 131.0   18.7   51.0  -10.3               
  343  343 A I        -     0   0  149      0, 0.0     0, 0.0     0, 0.0     0, 0.0   0.966  44.3 -49.3  83.6  99.8   19.9   48.1   -8.0               
  344  344 A S        -     0   0   99      1,-0.0     0, 0.0     2,-0.0     0, 0.0   0.877  45.1 -39.9  68.1 108.1   18.9   44.9   -6.4               
  345  345 A R        +     0   0  242      1,-0.1     2,-0.3     2,-0.0    -1,-0.0   0.839  33.5 140.3  55.5 103.0   16.9   42.4   -4.5               
  346  346 A E        -     0   0  193      1,-0.2    -1,-0.1     0, 0.0    -2,-0.0  -0.971  36.4  -9.9-152.9 176.0   14.7   41.8   -1.6               
  347  347 A A        -     0   0   82     -2,-0.3    -1,-0.2     1,-0.0    -2,-0.0   0.825  45.7 -93.4  38.3 124.5   11.6   40.0   -0.3               
  348  348 A S        +     0   0  111      0, 0.0     2,-0.2     0, 0.0    -1,-0.0   0.224  26.2 170.6  16.6 131.5    8.6   38.1   -0.8               
  349  349 A T        -     0   0  138      2,-0.0     2,-0.0     0, 0.0     0, 0.0  -0.689  18.9-131.9-171.8 166.1    5.0   38.6   -1.3               
  350  350 A Q        +     0   0  169     -2,-0.2     0, 0.0     0, 0.0     0, 0.0  -0.116  33.3 101.2 -78.9 177.3    1.8   36.6   -2.3               
  351  351 A S        +     0   0  114     -2,-0.0    -2,-0.0     2,-0.0     0, 0.0   0.622  20.2  89.7  72.6 147.1   -1.2   36.8   -4.6               
  352  352 A S        -     0   0  108      0, 0.0     2,-0.0     0, 0.0     0, 0.0   0.833  32.6 -31.2-150.0 162.4   -3.1   36.1   -7.2               
  353  353 A S        -     0   0  117      2,-0.0     2,-0.4     0, 0.0    -2,-0.0   0.193  22.5-126.4 168.9 170.3   -5.4   34.7   -9.4               
  354  354 A A        +     0   0  107      2,-0.0     2,-0.3    -2,-0.0     0, 0.0  -0.722  19.7 168.1 -94.1 136.0   -7.4   31.8  -10.9               
  355  355 A A        -     0   0  100     -2,-0.4     2,-0.8     2,-0.0    -2,-0.0  -0.938  26.2-144.9-138.7 115.7   -7.7   30.7  -14.6               
  356  356 A A        +     0   0  108     -2,-0.3     2,-0.2     2,-0.0    -2,-0.0  -0.699  38.6 128.5 -92.9 108.7   -9.4   27.3  -15.1               
  357  357 A S  S    S-     0   0  111     -2,-0.8    -2,-0.0     0, 0.0    -1,-0.0  -0.731  71.1 -60.6-156.8 120.1   -8.4   24.9  -17.9               
  358  358 A Q        -     0   0  178     -2,-0.2     2,-0.3     1,-0.2    -2,-0.0   0.624  58.7-145.8  38.8  55.9   -7.4   21.2  -18.1               
  359  359 A G        -     0   0   77      1,-0.1     2,-0.6     3,-0.0    -1,-0.2  -0.289  12.0-160.2 -59.2 116.3   -4.3   20.9  -15.8               
  360  360 A W        -     0   0  207     -2,-0.3     2,-0.4     1,-0.0    -1,-0.1  -0.872  33.9-119.5 -79.8 119.3   -1.6   18.5  -16.6               
  361  361 A V        -     0   0  142     -2,-0.6    -2,-0.0     1,-0.1    -1,-0.0  -0.507  27.0-131.7 -64.2 116.0    0.2   18.1  -13.3               
  362  362 A L        -     0   0   99     -2,-0.4     2,-0.2     1,-0.1     3,-0.1  -0.557  18.4-126.6 -69.6 124.7    3.8   19.2  -14.0               
  363  363 A P        -     0   0   62      0, 0.0    -1,-0.1     0, 0.0     0, 0.0  -0.531  42.1 -80.8 -69.8 147.2    6.4   16.7  -12.7               
  364  364 A E  S    S+     0   0  152     -2,-0.2     2,-0.2    82,-0.1    83,-0.1  -0.123  85.4  89.6 -52.3 129.7    9.1   18.2  -10.3               
  365  365 A G  S    S-     0   0   36     81,-0.2     2,-0.4    -3,-0.1    81,-0.3  -0.856  78.7 -69.7 160.2 169.0   12.0   19.9  -12.2               
  366  366 A K  E     -I  445   0E 141     79,-2.0    79,-2.8    -2,-0.2     2,-0.1  -0.720  48.0-120.3 -82.1 132.4   13.1   23.3  -13.6               
  367  367 A I  E     -I  444   0E 101     -2,-0.4    77,-0.2    77,-0.2    -1,-0.0  -0.474  24.6-131.6 -62.0 138.6   11.2   24.6  -16.7               
  368  368 A V  E >   -     0   0E  43     75,-2.8     3,-1.0     3,-0.2    75,-0.4  -0.909  23.7-125.6 -94.2 119.1   13.5   25.1  -19.6               
  369  369 A P  E 3  S+     0   0E 100      0, 0.0    48,-0.1     0, 0.0     3,-0.1  -0.244  87.7   9.4 -62.8 154.1   12.9   28.5  -21.2               
  370  370 A N  E 3  S+     0   0E  36     51,-0.3    47,-2.9     1,-0.1     2,-0.4   0.698 105.2 115.2  48.6  28.2   12.2   28.8  -25.0               
  371  371 A T  E <   - J   0 416E  15     -3,-1.0    72,-2.1    45,-0.2     2,-0.4  -0.977  49.1-160.5-134.2 122.0   11.8   24.9  -25.1               
  372  372 A V  E     -IJ 442 415E   0     43,-2.9    43,-2.3    -2,-0.4     2,-0.5  -0.830  16.1-134.7-102.0 131.6    8.7   22.9  -25.9               
  373  373 A F  E     -IJ 441 414E  66     68,-2.9    68,-1.5    -2,-0.4     2,-0.6  -0.768  21.1-162.3 -77.2 129.0    8.1   19.3  -25.0               
  374  374 A V  E     +IJ 440 413E   1     39,-2.6    39,-2.4    -2,-0.5     3,-0.3  -0.919  13.4 175.8-120.3 101.3    6.6   17.4  -28.0               
  375  375 A G  E     +IJ 439 412E   3     64,-2.9    64,-3.1    -2,-0.6    37,-0.3  -0.690  55.6  45.4 -99.0 161.5    4.9   14.1  -27.2               
  376  376 A G  S    S+     0   0   34     35,-2.3    36,-0.2    -2,-0.2    -1,-0.2   0.575  70.1 162.8  81.9  11.7    3.0   11.7  -29.5               
  377  377 A I        -     0   0   10     34,-0.8    -1,-0.2    -3,-0.3     2,-0.1  -0.299  38.4-117.5 -55.7 137.9    5.6   11.9  -32.3               
  378  378 A D    >   -     0   0   27      1,-0.1     3,-1.0    58,-0.1    33,-0.1  -0.434  14.1-120.1 -74.1 157.2    5.3    9.0  -34.8               
  379  379 A A  T 3  S+     0   0   88      1,-0.2    30,-0.1    -2,-0.1    -1,-0.1   0.600 117.2  55.6 -69.4 -11.1    8.0    6.4  -35.4               
  380  380 A R  T 3  S+     0   0  217      2,-0.1     2,-0.4    54,-0.0    -1,-0.2   0.497  87.5  96.4 -93.1 -13.6    8.0    7.7  -39.0               
  381  381 A M    <   -     0   0   13     -3,-1.0     2,-0.1    52,-0.1    -4,-0.0  -0.703  57.1-161.4 -87.0 134.8    8.6   11.4  -38.1               
  382  382 A D     >  -     0   0   72     -2,-0.4     4,-1.0     1,-0.0     5,-0.1  -0.222  36.4 -97.7 -98.2-175.1   12.1   12.9  -38.3               
  383  383 A E  H  > S+     0   0   90      2,-0.2     4,-2.2     3,-0.1     5,-0.1   0.794 119.7  57.5 -77.7 -24.2   13.7   16.0  -36.7               
  384  384 A T  H  > S+     0   0   95      2,-0.2     4,-2.9     1,-0.2     5,-0.3   0.957 103.8  49.1 -70.0 -54.0   13.2   18.0  -40.0               
  385  385 A E  H  > S+     0   0   61      1,-0.2     4,-1.7     2,-0.2    -1,-0.2   0.875 114.9  46.8 -53.8 -42.8    9.4   17.5  -40.3               
  386  386 A I  H  X S+     0   0    2     -4,-1.0     4,-2.3     2,-0.2    -1,-0.2   0.943 111.1  51.2 -66.3 -48.1    9.1   18.7  -36.6               
  387  387 A G  H  X S+     0   0   15     -4,-2.2     4,-2.1     1,-0.2    -2,-0.2   0.952 112.8  45.1 -54.5 -52.4   11.5   21.7  -37.2               
  388  388 A S  H  < S+     0   0   92     -4,-2.9     4,-0.4     1,-0.2    -1,-0.2   0.836 111.9  54.0 -60.9 -34.5    9.4   22.8  -40.3               
  389  389 A C  H  < S+     0   0    8     -4,-1.7     3,-0.5    -5,-0.3    -1,-0.2   0.922 115.4  37.9 -65.8 -43.0    6.2   22.3  -38.3               
  390  390 A F  H >< S+     0   0    0     -4,-2.3     3,-2.6     1,-0.2     4,-0.4   0.703  91.8  86.9 -85.3 -19.5    7.3   24.5  -35.4               
  391  391 A G  G >< S+     0   0   38     -4,-2.1     3,-1.3     1,-0.3    -1,-0.2   0.770  75.9  72.9 -52.9 -26.6    9.1   27.2  -37.5               
  392  392 A R  G 3  S+     0   0  182     -3,-0.5    -1,-0.3    -4,-0.4    -2,-0.1   0.585  98.7  47.1 -60.3 -16.8    5.7   29.0  -37.8               
  393  393 A Y  G <  S-     0   0   62     -3,-2.6    -1,-0.2     1,-0.4     2,-0.2   0.491 131.0 -54.3-101.9 -10.9    6.1   30.0  -34.1               
  394  394 A G  S <  S-     0   0   18     -3,-1.3    -1,-0.4    -4,-0.4     2,-0.2  -0.742  79.2 -42.4 148.0 164.8    9.7   31.3  -34.3               
  395  395 A S        -     0   0   67     -2,-0.2    23,-2.9    -3,-0.1    24,-0.5  -0.369  58.4-134.4 -59.4 117.1   13.3   30.3  -35.4               
  396  396 A V  E     -K  417   0E  42     -2,-0.2    21,-0.3    21,-0.2     3,-0.1  -0.626  23.2-177.9 -78.7 129.6   14.0   26.7  -34.3               
  397  397 A K  E     +     0   0E 156     19,-2.8     2,-0.3    -2,-0.4    20,-0.2   0.777  68.0   0.7 -92.5 -41.5   17.4   26.2  -32.6               
  398  398 A E  E     -K  416   0E  81     18,-1.5    18,-2.9   -11,-0.0     2,-0.4  -0.945  51.0-162.0-153.6 131.8   17.3   22.4  -31.9               
  399  399 A V  E     -K  415   0E  23     -2,-0.3     2,-0.3    16,-0.2    16,-0.2  -0.943  18.2-176.2-105.9 139.0   14.9   19.5  -32.5               
  400  400 A K  E     -K  414   0E  99     14,-2.4    14,-1.7    -2,-0.4     2,-0.4  -0.795  11.6-164.2-142.2  99.4   15.7   16.5  -30.3               
  401  401 A I  E     -K  413   0E  21     -2,-0.3     2,-1.0    12,-0.3    12,-0.3  -0.645  25.5-128.8 -76.7 128.7   13.7   13.2  -30.6               
  402  402 A I  E     -     0   0E  36     10,-2.5     8,-2.6    -2,-0.4    10,-0.4  -0.695  33.2-174.8 -88.0 104.7   14.4   11.0  -27.5               
  403  403 A T  E     -K  409   0E  69     -2,-1.0     6,-0.3     6,-0.3     2,-0.2  -0.306  21.9-115.9 -86.1 165.5   15.4    7.5  -28.7               
  404  404 A N    >   -     0   0   79      4,-2.0     3,-1.6    -2,-0.1    -1,-0.1  -0.544  43.5 -89.8 -86.5 172.4   16.1    4.2  -26.8               
  405  405 A R  T 3  S+     0   0  253      1,-0.3    -2,-0.0    -2,-0.2    -1,-0.0   0.640 130.1  58.0 -55.2 -17.1   19.5    2.4  -26.6               
  406  406 A T  T 3  S-     0   0  102      2,-0.2     2,-1.0     0, 0.0    -1,-0.3  -0.123 120.2-108.1-102.0  22.2   18.2    0.5  -29.8               
  407  407 A G  S <  S+     0   0   52     -3,-1.6    -2,-0.1     1,-0.2     2,-0.0   0.017  76.5 136.5  72.5 -27.7   17.7    3.7  -31.9               
  408  408 A V        -     0   0   92     -2,-1.0    -4,-2.0    -5,-0.2    -2,-0.2  -0.245  59.6-115.2 -57.2 123.9   13.8    3.3  -31.6               
  409  409 A S  E     - K   0 403E  34     -6,-0.3    -6,-0.3   -30,-0.1    -1,-0.1  -0.267   8.2-143.7 -55.3 136.9   12.0    6.7  -30.9               
  410  410 A K  E     -     0   0E 104     -8,-2.6   -34,-0.1     2,-0.3    -1,-0.1   0.370  48.5-107.3 -80.2   3.7   10.2    6.9  -27.5               
  411  411 A G  E    S+     0   0E  21      1,-0.2   -35,-2.3   -33,-0.1   -34,-0.8   0.760  91.7  82.3  71.1  25.2    7.5    8.9  -29.2               
  412  412 A Y  E     +J  375   0E  78    -10,-0.4   -10,-2.5   -37,-0.3    -2,-0.3  -0.976  45.7 156.1-151.9 157.0    8.6   12.2  -27.6               
  413  413 A G  E     -JK 374 401E   1    -39,-2.4   -39,-2.6    -2,-0.3     2,-0.3  -0.823  32.9-103.7-155.7-171.1   11.2   15.0  -28.1               
  414  414 A F  E     -JK 373 400E  55    -14,-1.7   -14,-2.4   -41,-0.2     2,-0.5  -0.968  14.2-156.4-130.5 146.0   12.0   18.7  -27.4               
  415  415 A V  E     -JK 372 399E   1    -43,-2.3   -43,-2.9    -2,-0.3     2,-0.4  -0.984  12.7-165.1-124.8 113.0   12.0   21.8  -29.7               
  416  416 A S  E     -JK 371 398E  19    -18,-2.9   -19,-2.8    -2,-0.5   -18,-1.5  -0.823   8.8-147.3 -94.6 138.4   14.3   24.6  -28.6               
  417  417 A F  E     - K   0 396E   8    -47,-2.9   -21,-0.2    -2,-0.4     4,-0.1  -0.669  14.2-146.1-102.1 155.3   13.8   28.1  -30.1               
  418  418 A V  S    S+     0   0   92    -23,-2.9    -1,-0.1    -2,-0.2   -22,-0.1   0.872  87.1  52.7 -78.5 -45.7   16.5   30.8  -30.9               
  419  419 A N  S    S-     0   0   81    -24,-0.5     2,-0.4     1,-0.1    -2,-0.1  -0.403 103.2 -90.5 -84.5 162.0   14.0   33.7  -30.1               
  420  420 A D        +     0   0  145     -2,-0.1     2,-0.4     2,-0.0    -1,-0.1  -0.633  55.5 180.0 -67.5 123.4   11.9   34.3  -27.0               
  421  421 A V        -     0   0   26     -2,-0.4     2,-1.2    -4,-0.1   -51,-0.3  -0.998  37.6-107.5-134.2 136.2    8.6   32.5  -27.8               
  422  422 A D     >  -     0   0   89     -2,-0.4     4,-1.9     1,-0.2     5,-0.1  -0.448  30.2-170.5 -64.1  96.6    5.4   32.2  -25.7               
  423  423 A V  H  > S+     0   0   23     -2,-1.2     4,-2.8     2,-0.2    -1,-0.2   0.823  84.7  57.2 -58.3 -33.1    5.6   28.5  -24.8               
  424  424 A Q  H  > S+     0   0  135      2,-0.2     4,-2.5     1,-0.2    -1,-0.2   0.932 104.8  50.4 -69.8 -40.7    2.0   28.7  -23.4               
  425  425 A K  H  > S+     0   0  153      2,-0.2     4,-0.5     1,-0.2    -2,-0.2   0.878 114.4  45.3 -62.5 -37.1    0.6   29.9  -26.8               
  426  426 A I  H >< S+     0   0    1     -4,-1.9     3,-1.3     2,-0.2    -2,-0.2   0.947 111.7  52.3 -66.3 -47.2    2.5   26.9  -28.4               
  427  427 A V  H 3< S+     0   0   39     -4,-2.8    13,-0.3     1,-0.3    -2,-0.2   0.834 107.3  52.1 -64.2 -32.4    1.2   24.5  -25.7               
  428  428 A G  H 3< S+     0   0   60     -4,-2.5    -1,-0.3    -5,-0.1    -2,-0.2   0.675  91.7 102.8 -70.8 -18.5   -2.5   25.6  -26.3               
  429  429 A S    <<  -     0   0   34     -3,-1.3     2,-0.9    -4,-0.5    11,-0.3  -0.369  69.7-137.6 -73.4 143.8   -2.0   24.9  -30.1               
  430  430 A Q        -     0   0  129     -2,-0.1     2,-0.3     9,-0.1    -1,-0.1  -0.595  25.8-176.6-104.7  74.2   -3.5   21.7  -31.6               
  431  431 A I        -     0   0   13     -2,-0.9     7,-2.4     7,-0.1     2,-0.4  -0.544   4.1-167.6 -72.1 129.5   -0.8   20.4  -34.0               
  432  432 A H  E     +L  437   0F 113     -2,-0.3     2,-0.3     5,-0.2     5,-0.2  -0.971   9.5 173.8-118.2 134.4   -1.8   17.3  -36.0               
  433  433 A F  E >   -L  436   0F  44      3,-2.8     3,-2.5    -2,-0.4   -52,-0.1  -0.996  68.1  -6.0-145.4 132.4    0.8   15.2  -38.0               
  434  434 A H  T 3  S-     0   0  107     -2,-0.3     3,-0.1     1,-0.3    -1,-0.1   0.870 128.6 -58.4  46.1  42.3    0.4   11.9  -39.9               
  435  435 A G  T 3  S+     0   0   84      1,-0.2     2,-0.4    -3,-0.0    -1,-0.3   0.441 118.3 112.4  70.2   0.7   -3.2   11.7  -38.5               
  436  436 A K  E <   -L  433   0F  97     -3,-2.5    -3,-2.8   -60,-0.0     2,-0.5  -0.873  67.3-130.0-106.6 131.4   -1.8   11.9  -34.9               
  437  437 A K  E     -L  432   0F 101     -2,-0.4    -5,-0.2    -5,-0.2    -6,-0.0  -0.717  25.4-131.2 -78.2 122.5   -2.4   14.8  -32.5               
  438  438 A L        -     0   0    7     -7,-2.4     2,-0.7    -2,-0.5   -62,-0.2  -0.312  11.1-131.9 -69.1 152.4    0.9   16.0  -30.9               
  439  439 A K  E     -I  375   0E 115    -64,-3.1   -64,-2.9    -9,-0.1     2,-0.2  -0.899  25.9-165.4-113.4  98.1    1.0   16.6  -27.1               
  440  440 A L  E     +I  374   0E  25     -2,-0.7   -66,-0.2   -13,-0.3   -68,-0.0  -0.529  18.8 148.8 -86.5 147.0    2.6   19.9  -26.4               
  441  441 A G  E     -I  373   0E  10    -68,-1.5   -68,-2.9    -2,-0.2     2,-0.2  -0.960  52.7 -78.4-160.4 165.4    3.9   21.0  -22.9               
  442  442 A P  E     -I  372   0E  23      0, 0.0     2,-0.4     0, 0.0   -70,-0.2  -0.495  56.1-109.1 -62.2 138.6    6.6   23.2  -21.3               
  443  443 A A  E     -     0   0E   1    -72,-2.1   -75,-2.8   -75,-0.4     2,-0.5  -0.600  35.6-159.6 -71.7 130.5    9.9   21.4  -21.3               
  444  444 A I  E     -I  367   0E  34     -2,-0.4     2,-1.2   -77,-0.2   -77,-0.2  -0.937  10.4-155.2-120.1 115.0   10.9   20.2  -17.8               
  445  445 A R  E     -I  366   0E 194    -79,-2.8   -79,-2.0    -2,-0.5     2,-0.2  -0.732  19.0-147.2 -86.8  94.3   14.5   19.4  -16.9               
  446  446 A K        -     0   0  137     -2,-1.2     2,-0.5   -81,-0.3   -81,-0.2  -0.464  16.2-125.1 -54.3 123.0   14.2   17.1  -13.9               
  447  447 A Q        -     0   0  147     -2,-0.2     2,-0.8   -83,-0.1    -1,-0.1  -0.633  18.7-131.9 -65.4 123.4   17.1   17.6  -11.5               
  448  448 A K        -     0   0  184     -2,-0.5     2,-1.7     1,-0.0    -1,-0.0  -0.773   8.6-139.5 -63.9 115.8   18.8   14.3  -10.9               
  449  449 A L        -     0   0  181     -2,-0.8     2,-0.4     2,-0.0    -1,-0.0  -0.744  33.7-152.4 -61.3  84.8   19.2   14.1   -7.2               
  450  450 A C        -     0   0   65     -2,-1.7     2,-0.7     1,-0.1    -3,-0.0  -0.653  19.6-113.2 -63.6 127.6   22.7   12.7   -8.1               
  451  451 A A        +     0   0  111     -2,-0.4     2,-0.4     3,-0.0    -1,-0.1  -0.567  55.0 172.9 -56.3 106.5   24.0   10.4   -5.4               
  452  452 A R        -     0   0  213     -2,-0.7     3,-0.2     1,-0.1    -2,-0.0  -0.952  33.5 -37.6-135.4 115.1   26.8   12.7   -4.4               
  453  453 A H        -     0   0  155     -2,-0.4     2,-1.3     1,-0.2    -1,-0.1   0.924  28.9-139.8  50.5 103.5   29.2   12.3   -1.4               
  454  454 A V        -     0   0  144     -3,-0.1    -1,-0.2     3,-0.0    -3,-0.0  -0.803  39.3-155.1 -64.4  97.1   28.8   11.1    2.0               
  455  455 A Q        -     0   0  137     -2,-1.3     2,-0.3    -3,-0.2    -3,-0.0  -0.765  16.5-119.6 -71.9 130.4   31.1   13.9    3.2               
  456  456 A P        -     0   0  105      0, 0.0    -1,-0.0     0, 0.0    -2,-0.0  -0.590  35.7-117.7 -62.7 128.0   32.8   13.0    6.5               
  457  457 A R        -     0   0  238     -2,-0.3     2,-0.0     1,-0.1     3,-0.0  -0.598  25.4-117.5 -68.3 132.0   31.7   15.7    8.9               
  458  458 A P        -     0   0  110      0, 0.0     2,-0.6     0, 0.0    -1,-0.1  -0.355  34.1-102.1 -57.3 145.8   34.5   17.9   10.4               
  459  459 A L        -     0   0  176     -2,-0.0     2,-0.5     2,-0.0     0, 0.0  -0.658  43.5-176.7 -70.3 114.4   34.9   17.7   14.1               
  460  460 A V        -     0   0  119     -2,-0.6     2,-0.4    -3,-0.0    -3,-0.0  -0.987  18.4-140.5-116.5 118.3   33.3   20.9   15.6               
  461  461 A V        -     0   0  134     -2,-0.5    -2,-0.0     1,-0.0     0, 0.0  -0.670  13.6-137.8 -77.8 125.6   33.7   21.3   19.4               
  462  462 A N        -     0   0  143     -2,-0.4    -1,-0.0     1,-0.1    -2,-0.0  -0.695  20.0-121.6 -80.3 137.7   30.5   22.6   21.1               
  463  463 A P        -     0   0  113      0, 0.0    -1,-0.1     0, 0.0     0, 0.0  -0.299  38.1 -87.7 -70.9 161.9   31.1   25.3   23.9               
  464  464 A P        -     0   0  119      0, 0.0     0, 0.0     0, 0.0     0, 0.0  -0.279  44.3-101.4 -71.9 157.1   29.9   24.7   27.5               
  465  465 A P        -     0   0  119      0, 0.0     0, 0.0     0, 0.0     0, 0.0  -0.440  38.0-104.0 -75.0 151.5   26.3   25.6   28.7               
  466  466 A P        -     0   0  119      0, 0.0     2,-0.0     0, 0.0     0, 0.0  -0.316  45.5 -91.6 -68.4 157.6   25.6   28.8   30.9               
  467  467 A P        -     0   0  116      0, 0.0     2,-0.3     0, 0.0     0, 0.0  -0.310  37.3-115.9 -72.5 152.4   25.0   28.4   34.7               
  468  468 A Q        -     0   0  190     -2,-0.0     2,-0.4     0, 0.0     0, 0.0  -0.614  15.8-146.3 -81.3 145.7   21.5   28.0   36.3               
  469  469 A F        -     0   0  202     -2,-0.3     2,-0.2     2,-0.0     0, 0.0  -0.937  22.5-132.5-105.9 135.9   19.9   30.5   38.7               
  470  470 A Q        +     0   0  168     -2,-0.4     2,-0.1     2,-0.0     0, 0.0  -0.594  23.8 178.3 -81.4 146.4   17.7   29.0   41.4               
  471  471 A N        -     0   0  162     -2,-0.2    -2,-0.0     2,-0.1     2,-0.0  -0.530  21.7-152.9-157.8  93.2   14.2   29.9   42.6               
  472  472 A V        +     0   0  113     -2,-0.1     2,-0.2     2,-0.0    -2,-0.0   0.092  30.1 161.4  60.3  97.6   12.9   28.1   45.2               
  473  473 A W        -     0   0  255      2,-0.0     2,-0.3    -2,-0.0    -2,-0.1  -0.660  30.9-144.5-155.9 138.4    9.5   27.0   46.4               
  474  474 A R        +     0   0  234     -2,-0.2    -2,-0.0     2,-0.0     0, 0.0  -0.735  34.3 153.4 -91.8 147.5    9.2   24.0   48.8               
  475  475 A N        -     0   0  159     -2,-0.3     2,-0.1     2,-0.0    -2,-0.0  -0.781  30.4-154.7-145.9 137.9    7.0   21.2   49.6               
  476  476 A P        +     0   0   86      0, 0.0    -2,-0.0     0, 0.0     0, 0.0  -0.310  30.8 115.3 -90.6-176.3    8.7   18.0   51.1               
  477  477 A N        +     0   0  150     -2,-0.1    -2,-0.0     0, 0.0     0, 0.0   0.714  45.8  36.8  79.6 120.5    7.8   14.2   51.3               
  478  478 A T        -     0   0  117      2,-0.0     0, 0.0     0, 0.0     0, 0.0   0.693  67.2 -67.6-151.4 149.5    9.0   11.5   50.2               
  479  479 A E        -     0   0  181      1,-0.1     2,-0.1     0, 0.0     0, 0.0   0.912  31.7-130.3  50.1 102.9   12.1    9.3   49.4               
  480  480 A T        -     0   0  119      2,-0.0     2,-0.3     0, 0.0    -1,-0.1  -0.289  17.5-179.9 -43.1 134.9   15.0    9.5   46.9               
  481  481 A Y        -     0   0  235     -2,-0.1     2,-0.3     2,-0.0     0, 0.0  -0.953  25.3-134.2-136.9 137.9   16.3    6.8   44.7               
  482  482 A L        -     0   0  160     -2,-0.3    -2,-0.0     0, 0.0     0, 0.0  -0.605  20.2-176.9 -84.8 141.0   19.2    7.7   42.4               
  483  483 A Q        -     0   0  158     -2,-0.3     2,-0.1     0, 0.0    -2,-0.0  -0.995  30.6-109.3-133.2 140.2   19.5    6.8   38.6               
  484  484 A P        -     0   0  110      0, 0.0     2,-0.3     0, 0.0     0, 0.0  -0.294  23.2-107.4 -77.4 153.7   22.7    7.6   36.6               
  485  485 A Q        +     0   0  196     -2,-0.1     2,-0.4     2,-0.0     0, 0.0  -0.554  37.6 179.6 -64.1 126.7   23.4   10.2   33.9               
  486  486 A I        -     0   0  144     -2,-0.3     0, 0.0     0, 0.0     0, 0.0  -0.995  22.7-132.5-132.2 127.8   23.8    8.6   30.4               
  487  487 A T        -     0   0  129     -2,-0.4     2,-0.2     1,-0.1    -2,-0.0  -0.535  27.3-110.1 -79.9 141.3   24.5   10.8   27.3               
  488  488 A P        -     0   0  123      0, 0.0    -1,-0.1     0, 0.0     0, 0.0  -0.511  25.6-165.4 -80.6 139.6   22.4   10.2   24.1               
  489  489 A N        -     0   0  134     -2,-0.2     2,-1.8     2,-0.1     4,-0.1  -0.974  27.7-119.6-124.2 132.0   23.9    8.6   20.9               
  490  490 A P        +     0   0  123      0, 0.0     2,-0.3     0, 0.0     0, 0.0  -0.329  69.4 104.6 -91.4  64.5   21.8    8.9   17.7               
  491  491 A V  S    S-     0   0  114     -2,-1.8    -2,-0.1     0, 0.0     0, 0.0  -0.961  86.7 -65.2-137.8 125.3   20.9    5.3   16.4               
  492  492 A T        -     0   0  135     -2,-0.3     2,-0.6     1,-0.1     0, 0.0   0.446  54.9-155.4  16.6  71.3   17.6    3.4   16.6               
  493  493 A Q        -     0   0  152     -4,-0.1     2,-0.5     2,-0.0    -1,-0.1  -0.624   7.9-146.8 -75.0 117.5   17.0    2.8   20.3               
  494  494 A H        -     0   0  179     -2,-0.6     2,-1.4     1,-0.1    -1,-0.0  -0.719  29.3-120.5 -62.5 127.1   14.9   -0.2   21.3               
  495  495 A V        -     0   0  112     -2,-0.5     2,-1.2     1,-0.0    -1,-0.1  -0.651  28.3-164.2 -75.6  92.8   13.0    1.1   24.4               
  496  496 A Q        -     0   0  177     -2,-1.4     2,-0.3     1,-0.0    -1,-0.0  -0.736  18.7-140.3 -77.5  94.4   14.3   -1.6   26.9               
  497  497 A A        -     0   0   74     -2,-1.2     2,-0.2     1,-0.1    -2,-0.0  -0.474   6.3-133.4 -65.0 123.3   11.7   -0.9   29.6               
  498  498 A Y        -     0   0  188     -2,-0.3     2,-0.6     1,-0.1    -1,-0.1  -0.563  36.0 -96.1 -69.2 139.8   13.1   -1.1   33.2               
  499  499 A S        -     0   0  122     -2,-0.2     2,-0.1     1,-0.0    -1,-0.1  -0.460  42.1-147.3 -62.5 105.3   10.8   -3.2   35.5               
  500  500 A A        -     0   0   76     -2,-0.6    -1,-0.0     1,-0.1     6,-0.0  -0.479  27.5 -95.5 -72.9 146.1    8.6   -0.7   37.3               
  501  501 A Y    >   -     0   0  200     -2,-0.1     3,-1.8     1,-0.1     2,-0.2  -0.301  42.7 -97.1 -67.6 154.5    7.6   -1.5   40.9               
  502  502 A P  T 3  S+     0   0   79      0, 0.0    -1,-0.1     0, 0.0    -2,-0.0   0.351 118.1  43.5 -62.3   1.3    4.2   -3.3   41.5               
  503  503 A H  T 3  S+     0   0  190     -2,-0.2    -2,-0.1     2,-0.1    -3,-0.0   0.067  85.4 111.0-131.3  20.2    2.2   -0.1   42.4               
  504  504 A S    <   -     0   0   56     -3,-1.8     2,-0.1    24,-0.0    -4,-0.1  -0.835  67.7-114.9-104.1 136.4    3.4    2.5   39.8               
  505  505 A P        -     0   0   72      0, 0.0     2,-1.6     0, 0.0    25,-0.1  -0.421  32.6-105.4 -71.6 145.0    1.1    3.8   36.9               
  506  506 A G  E     +m  530   0G  29     23,-1.1    25,-2.6    -2,-0.1     2,-0.6  -0.498  48.9 172.5 -73.3  86.6    2.0    2.9   33.3               
  507  507 A Q  E     -m  531   0G 112     -2,-1.6     2,-0.7    23,-0.2    25,-0.2  -0.883  15.5-173.2 -99.0 116.6    3.5    6.3   32.0               
  508  508 A V  E     +m  532   0G  36     23,-3.0    25,-2.8    -2,-0.6     2,-0.5  -0.846  13.4 172.8-106.5  93.1    5.0    6.2   28.5               
  509  509 A I  E     +m  533   0G 118     -2,-0.7     2,-0.3    23,-0.2    25,-0.2  -0.885   5.2 164.9 -99.9 127.1    6.6    9.7   28.1               
  510  510 A T  E     -m  534   0G  40     23,-2.5    25,-1.1    -2,-0.5    26,-0.4  -0.884  36.3-156.7-152.0 121.3    8.7   10.2   24.9               
  511  511 A G  S    S+     0   0   60     -2,-0.3     2,-0.2    23,-0.2    23,-0.1   0.366  80.3  68.0 -71.9   5.0   10.1   13.3   23.1               
  512  512 A C  S    S-     0   0   86     24,-0.1     2,-0.7    23,-0.0    24,-0.5  -0.643 101.0 -72.4-121.7 173.5   10.3   11.2   19.8               
  513  513 A Q        -     0   0  103     -2,-0.2     2,-0.9    22,-0.1    25,-0.2  -0.605  43.6-148.6 -73.1 109.2    8.0    9.6   17.2               
  514  514 A L        -     0   0   25     23,-0.9     2,-1.0    -2,-0.7    -1,-0.1  -0.719   8.8-163.4 -83.7 105.2    6.5    6.4   18.8               
  515  515 A L        -     0   0   88     -2,-0.9     2,-1.2    23,-0.1    25,-0.1  -0.760   6.0-157.5 -91.3  93.3    5.9    3.9   16.0               
  516  516 A V  B     +u  540   0H  29     -2,-1.0    25,-0.6    23,-0.9     2,-0.4  -0.607  27.6 157.0 -76.5  95.7    3.4    1.3   17.6               
  517  517 A Y        -     0   0  140     -2,-1.2    25,-0.1     1,-0.2    -2,-0.1  -0.984  62.9 -27.9-120.2 119.4    4.0   -1.9   15.5               
  518  518 A N        -     0   0  151     -2,-0.4     2,-0.5    23,-0.3    -1,-0.2   0.931  68.3-144.5  45.0  85.4    3.0   -5.3   17.1               
  519  519 A Y        -     0   0  109     -3,-0.1     2,-0.2    25,-0.1    -1,-0.2  -0.610   4.5-143.3 -72.4 126.2    3.3   -5.2   20.9               
  520  520 A Q        -     0   0  181     -2,-0.5     0, 0.0     1,-0.1     0, 0.0  -0.592  64.4 -61.1 -62.6 148.5    4.4   -8.2   22.7               
  521  521 A E        -     0   0  192     -2,-0.2    -1,-0.1     1,-0.1     0, 0.0  -0.102  48.9-147.6 -49.9 119.7    2.2   -8.1   25.9               
  522  522 A Y        -     0   0   71     -3,-0.1     2,-2.1     1,-0.1    -1,-0.1  -0.809  20.3-129.4 -76.0 125.0    2.6   -5.0   28.1               
  523  523 A P        +     0   0  103      0, 0.0     2,-0.3     0, 0.0    -1,-0.1  -0.488  40.7 168.5 -77.2  70.1    2.0   -6.2   31.7               
  524  524 A T        -     0   0   14     -2,-2.1     3,-0.1    23,-0.2     6,-0.0  -0.654  29.0-132.6 -66.0 142.1   -0.5   -3.4   32.6               
  525  525 A Y    >   -     0   0  129     -2,-0.3     3,-1.5     1,-0.1    24,-0.2  -0.698  26.2 -87.7 -95.2 153.7   -2.1   -4.3   36.0               
  526  526 A P  T 3  S+     0   0   77      0, 0.0    -1,-0.1     0, 0.0    25,-0.1  -0.201 113.1  12.6 -50.3 147.5   -5.9   -4.3   36.8               
  527  527 A D  T 3  S+     0   0   99     23,-0.9     2,-0.2     1,-0.2    24,-0.1   0.368  97.3 133.3  57.8   1.4   -7.2   -0.8   38.0               
  528  528 A S    <   -     0   0   23     -3,-1.5     2,-0.3    24,-0.1    21,-0.3  -0.546  59.0-117.8 -81.1 140.9   -3.9    0.9   36.9               
  529  529 A A        -     0   0   28     -2,-0.2   -23,-1.1    23,-0.2     2,-0.5  -0.612  22.5-150.4 -76.9 135.3   -3.9    4.1   34.8               
  530  530 A F  E     +mn 506 554G  18     23,-2.4    25,-2.5    -2,-0.3     2,-0.4  -0.928  19.2 175.2-110.4 119.6   -2.4    4.0   31.3               
  531  531 A Q  E     -mn 507 555G  76    -25,-2.6   -23,-3.0    -2,-0.5     2,-0.5  -0.986  12.2-175.4-129.4 128.9   -0.9    7.2   29.9               
  532  532 A V  E     +mn 508 556G  11     23,-2.5    25,-2.9    -2,-0.4     2,-0.4  -0.978   8.6 178.0-121.4 122.0    1.0    7.8   26.6               
  533  533 A T  E     +mn 509 557G  50    -25,-2.8   -23,-2.5    -2,-0.5     2,-0.3  -0.965   4.9 166.3-129.0 115.5    2.5   11.3   25.9               
  534  534 A T  E     -mn 510 558G   4     23,-2.6    25,-3.0    -2,-0.4   -23,-0.2  -0.958  34.4-147.2-122.9 147.6    4.6   12.2   22.8               
  535  535 A G  S    S+     0   0   45    -25,-1.1   -24,-0.1    -2,-0.3   -22,-0.1   0.608  90.0  29.5 -76.8 -14.0    5.7   15.5   21.3               
  536  536 A Y  S    S-     0   0  143    -24,-0.5    24,-2.1   -26,-0.4    25,-0.7   0.223 110.1 -29.9-119.0-135.0    5.4   14.1   17.7               
  537  537 A Q  B     -v  561   0H  52     23,-0.2   -23,-0.9    22,-0.1    25,-0.2  -0.822  35.0-168.1 -94.4 144.6    3.3   11.5   15.9               
  538  538 A L        -     0   0    5     23,-2.6     2,-0.3    -2,-0.4   -23,-0.1  -0.839  16.9-166.9-123.3  81.4    1.8    8.3   17.5               
  539  539 A P        -     0   0    3      0, 0.0   -23,-0.9     0, 0.0     2,-0.4  -0.623   2.5-158.6 -72.2 136.9    0.6    6.2   14.4               
  540  540 A V  E     -uw 516 564H   8     23,-2.8    25,-2.5    -2,-0.3     2,-0.4  -0.964  12.4-174.0-120.1 127.7   -1.8    3.3   15.3               
  541  541 A Y  E     - w   0 565H  86    -25,-0.6   -23,-0.3    -2,-0.4    25,-0.2  -0.983  28.6 -28.7-132.5 135.4   -2.2    0.3   12.9               
  542  542 A N  S    S-     0   0   90     23,-2.2     2,-1.3    -2,-0.4    26,-0.1   0.205  85.7 -14.4  64.0-180.0   -4.3   -2.9   12.5               
  543  543 A Y  S    S+     0   0  135     24,-0.1    -1,-0.1    25,-0.1    24,-0.1  -0.466  83.5  91.5 -77.2  88.2   -6.1   -5.5   14.7               
  544  544 A Q        -     0   0  135     -2,-1.3     2,-0.1    25,-0.1   -25,-0.1  -0.740  61.3-130.3-158.5 131.7   -5.3   -5.7   18.4               
  545  545 A P        -     0   0   76      0, 0.0    25,-0.1     0, 0.0    -2,-0.0  -0.473  36.1-103.4 -63.8 141.8   -7.1   -3.9   21.3               
  546  546 A F        -     0   0   37     -2,-0.1     2,-2.2     1,-0.1    -2,-0.0  -0.486  37.0-113.7 -54.1 134.1   -4.8   -2.0   23.7               
  547  547 A P        +     0   0   57      0, 0.0     2,-0.2     0, 0.0   -23,-0.2  -0.416  62.2 146.6 -78.1  64.1   -4.5   -4.1   27.0               
  548  548 A A        -     0   0    7     -2,-2.2   -19,-0.1    23,-0.2     3,-0.0  -0.548  38.9-137.0 -75.8 165.2   -6.3   -1.7   29.3               
  549  549 A Y    >   -     0   0   83    -21,-0.3     3,-1.3    -2,-0.2    24,-0.2  -0.791  32.5 -75.3-116.4 162.6   -8.4   -3.3   32.1               
  550  550 A P  T 3  S+     0   0   63      0, 0.0   -23,-0.9     0, 0.0    25,-0.2  -0.354 122.2  15.0 -50.7 142.3  -11.9   -2.6   33.5               
  551  551 A R  T 3  S+     0   0  166     23,-1.4    24,-0.1     1,-0.2   -22,-0.0   0.120  94.4 127.7  64.7 -12.6  -11.8    0.7   35.6               
  552  552 A S    <   -     0   0    1     -3,-1.3    21,-0.2    24,-0.1     2,-0.2  -0.581  58.3-135.3 -68.1 115.8   -8.3    1.6   34.1               
  553  553 A P        -     0   0   41      0, 0.0   -23,-2.4     0, 0.0     2,-0.4  -0.519  17.6-146.6 -71.0 140.3   -8.5    5.2   32.8               
  554  554 A F  E     -no 530 578G   9     23,-2.9    25,-2.6    -2,-0.2     2,-0.4  -0.937  17.7-178.6-118.7 125.3   -6.8    5.6   29.3               
  555  555 A Q  E     +no 531 579G  40    -25,-2.5   -23,-2.5    -2,-0.4     2,-0.4  -0.984   7.8 179.0-130.9 127.1   -5.0    8.7   28.3               
  556  556 A V  E     +no 532 580G   7     23,-2.1    25,-3.0    -2,-0.4     2,-0.5  -0.953   1.5 178.5-132.5 118.9   -3.2    9.6   25.0               
  557  557 A T  E     +no 533 581G  57    -25,-2.9   -23,-2.6    -2,-0.4     2,-0.5  -0.966   1.5 179.4-116.9 120.5   -1.5   13.0   24.3               
  558  558 A A  E     -no 534 582G   0     23,-2.6    25,-2.6    -2,-0.5    26,-0.4  -0.945  21.4-153.2-124.8 113.8    0.3   13.6   20.9               
  559  559 A G  S    S+     0   0   41    -25,-3.0   -23,-0.2    -2,-0.5   -24,-0.2   0.727  93.3   9.6 -58.5 -23.2    1.9   17.0   20.3               
  560  560 A Y  S    S-     0   0  106    -24,-2.1    24,-2.0     1,-0.2    25,-1.4   0.638 123.7 -14.2-117.0 -79.3    1.4   16.6   16.5               
  561  561 A Q  B     -vx 537 585H  26    -25,-0.7   -23,-2.6    23,-0.2    25,-0.2  -0.987  28.4-163.4-142.2 147.9   -0.8   13.6   15.2               
  562  562 A L        -     0   0    6     23,-1.7     2,-0.4    -2,-0.3   -25,-0.1  -0.614  26.2-171.2-119.1  60.8   -2.4   10.3   16.3               
  563  563 A P        -     0   0    8      0, 0.0   -23,-2.8     0, 0.0     2,-0.5  -0.493   4.1-161.1 -71.9 123.1   -3.2    8.7   12.9               
  564  564 A V  E     -wy 540 588H   1     23,-2.6    25,-2.6    -2,-0.4     2,-0.4  -0.889   7.3-171.3-109.0 124.3   -5.4    5.5   13.3               
  565  565 A Y  E     -wy 541 589H  69    -25,-2.5   -23,-2.2    -2,-0.5    25,-0.2  -0.957  59.0 -18.7-125.3 126.9   -5.7    2.9   10.5               
  566  566 A N  S    S+     0   0   62     23,-2.2     2,-0.4    -2,-0.4    24,-0.2   0.872  79.1 168.4  57.4  45.1   -8.0   -0.2   10.1               
  567  567 A Y        -     0   0    8     22,-0.6    25,-1.2     1,-0.1    -1,-0.2  -0.748  30.5-160.2 -97.6 135.0   -9.0   -0.5   13.8               
  568  568 A Q  S    S-     0   0   93     -2,-0.4    26,-0.4     1,-0.3     2,-0.2   0.793  72.6 -14.6 -84.1 -32.7  -11.9   -2.8   15.0               
  569  569 A A        -     0   0   27     24,-0.1    -1,-0.3   -25,-0.0   -25,-0.1  -0.845  51.8-126.7-165.0 136.1  -12.5   -1.1   18.4               
  570  570 A F        -     0   0   15     -2,-0.2     2,-2.1    -3,-0.1     8,-0.0  -0.816  44.9-125.1 -71.8 120.7  -11.0    1.3   20.9               
  571  571 A P        +     0   0   16      0, 0.0     2,-1.2     0, 0.0   -23,-0.2  -0.474  39.6 171.0 -81.6  76.2  -11.2   -0.9   24.0               
  572  572 A A        -     0   0    2     -2,-2.1     3,-0.1    28,-0.1    28,-0.1  -0.773  22.9-156.4 -75.4  95.6  -13.1    1.3   26.4               
  573  573 A Y    >   -     0   0   56     -2,-1.2     3,-2.0   -24,-0.2   -22,-0.1  -0.322  38.9 -65.8 -67.4 160.8  -13.7   -1.4   29.1               
  574  574 A P  T 3  S+     0   0   35      0, 0.0   -23,-1.4     0, 0.0    25,-0.2  -0.309 122.9   2.8 -56.6 129.9  -16.6   -0.9   31.6               
  575  575 A N  T 3  S+     0   0   86     23,-1.1    25,-0.2     1,-0.2    24,-0.1   0.669  97.3 131.5  63.5  23.3  -16.2    2.2   33.8               
  576  576 A S    <   -     0   0    3     -3,-2.0    -1,-0.2   -23,-0.1     2,-0.2  -0.903  51.8-141.7-103.9 105.4  -12.8    3.1   32.0               
  577  577 A P        -     0   0   51      0, 0.0   -23,-2.9     0, 0.0     2,-0.5  -0.456  15.1-156.1 -63.7 136.6  -12.7    6.8   31.0               
  578  578 A F  E     +op 554 602G   3     23,-2.9    25,-2.8   -25,-0.2     2,-0.4  -0.967  14.4 177.5-122.1 118.7  -11.0    7.3   27.6               
  579  579 A Q  E     -op 555 603G  72    -25,-2.6   -23,-2.1    -2,-0.5     2,-0.4  -0.980   8.2-173.2-127.2 133.5   -9.3   10.7   26.6               
  580  580 A V  E     -op 556 604G   4     23,-2.2    25,-2.9    -2,-0.4     2,-0.4  -0.990   3.2-177.7-123.3 127.2   -7.4   11.7   23.4               
  581  581 A A  E     +op 557 605G  35    -25,-3.0   -23,-2.6    -2,-0.4     2,-0.4  -0.984   2.7 179.4-121.6 130.6   -5.5   15.0   23.0               
  582  582 A T  E     -op 558 606G   8     23,-2.4    25,-2.9    -2,-0.4   -23,-0.2  -0.997  25.2-150.8-130.5 136.1   -3.7   16.0   19.7               
  583  583 A G  S    S-     0   0   46    -25,-2.6   -23,-0.2    -2,-0.4   -24,-0.2   0.790  94.0  -0.6 -72.9 -26.8   -1.8   19.3   19.0               
  584  584 A Y  S    S-     0   0   78    -24,-2.0    24,-2.0   -26,-0.4    25,-1.7   0.600 122.3  -0.8-125.8 -75.7   -2.6   19.1   15.2               
  585  585 A Q  B     -xz 561 609H  31    -25,-1.4   -23,-1.7    23,-0.2    25,-0.2  -0.975  29.5-168.3-136.5 143.8   -4.7   16.1   13.8               
  586  586 A F        -     0   0    5     23,-2.1     2,-0.4    -2,-0.4   -25,-0.1  -0.724  26.8-174.7-116.3  72.4   -6.4   12.9   14.9               
  587  587 A P        -     0   0    7      0, 0.0   -23,-2.6     0, 0.0     2,-0.4  -0.632   4.4-163.6 -78.9 129.8   -7.1   11.3   11.4               
  588  588 A V  E     -ya 564 612H   9     23,-2.3    25,-2.9    -2,-0.4     2,-0.4  -0.948   5.7-171.6-119.8 127.0   -9.2    8.0   11.6               
  589  589 A Y  E     -ya 565 613H  67    -25,-2.6   -23,-2.2    -2,-0.4   -22,-0.6  -0.971  56.3 -10.1-126.8 129.8   -9.5    5.5    8.7               
  590  590 A N  E    S+     0   0H  68     23,-2.3     2,-0.4    -2,-0.4    25,-0.2   0.964  72.3 178.3  57.1  66.1  -11.7    2.4    8.2               
  591  591 A Y  E     - a   0 615H   8     23,-0.8    25,-1.8    22,-0.4   -23,-0.2  -0.822  13.3-160.8-102.0 139.0  -13.3    1.8   11.6               
  592  592 A Q        -     0   0   84    -25,-1.2     2,-0.5    -2,-0.4    23,-0.0  -0.751  17.3-124.8-111.6 159.6  -15.9   -1.0   12.5               
  593  593 A P        +     0   0   48      0, 0.0   -24,-0.1     0, 0.0     3,-0.1  -0.909  35.5 161.0-117.6 112.3  -18.3   -1.1   15.5               
  594  594 A F        -     0   0  177     -2,-0.5    -2,-0.1   -26,-0.4     2,-0.0  -0.890  39.7  -8.4-169.0 154.4  -18.5   -4.0   18.0               
  595  595 A P        -     0   0   71      0, 0.0     2,-0.4     0, 0.0    -1,-0.3   0.902  59.2-111.8 -93.4-169.0  -19.6   -4.7   21.0               
  596  596 A A        +     0   0   46     -3,-0.1    24,-0.0    24,-0.0     0, 0.0  -0.681  23.8 176.3 -92.2 135.0  -21.1   -2.5   23.9               
  597  597 A Y        -     0   0   90     -2,-0.4     3,-0.4   -24,-0.1    24,-0.1  -0.994  26.0-139.5-127.6 119.8  -19.6   -1.6   27.3               
  598  598 A P  S    S+     0   0   57      0, 0.0   -23,-1.1     0, 0.0    25,-0.2  -0.279  70.3  25.7 -78.7 166.6  -21.6    0.8   29.5               
  599  599 A S  S    S+     0   0   48     23,-2.0    25,-0.2   -25,-0.2    24,-0.1   0.739  79.0 129.5  62.4  32.5  -20.6    3.8   31.8               
  600  600 A S        -     0   0    1     -3,-0.4    21,-0.2    22,-0.3    -1,-0.1  -0.845  49.3-144.9-123.8  90.2  -17.3    4.6   29.9               
  601  601 A P        -     0   0   48      0, 0.0   -23,-2.9     0, 0.0     2,-0.5  -0.291  12.0-158.2 -61.4 139.4  -16.9    8.4   29.0               
  602  602 A F  E     +pq 578 626G  27     23,-2.8    25,-2.7   -25,-0.2     2,-0.4  -0.971  12.3 178.2-125.8 118.9  -15.1    9.1   25.7               
  603  603 A Q  E     -pq 579 627G  67    -25,-2.8   -23,-2.2    -2,-0.5     2,-0.4  -0.967   7.1-173.4-126.3 140.8  -13.4   12.5   25.0               
  604  604 A V  E     -pq 580 628G   4     23,-2.1    25,-2.9    -2,-0.4     2,-0.4  -0.981   1.9-178.3-135.0 123.8  -11.4   13.7   21.9               
  605  605 A T  E     +pq 581 629G  77    -25,-2.9   -23,-2.4    -2,-0.4     2,-0.4  -0.979   2.3 179.5-122.7 126.2   -9.6   17.1   21.5               
  606  606 A A  E     -pq 582 630G   2     23,-2.5    25,-2.6    -2,-0.4    26,-0.3  -0.968  23.4-149.9-130.2 120.1   -7.7   18.1   18.3               
  607  607 A G  S    S+     0   0   46    -25,-2.9   -23,-0.2    -2,-0.4   -24,-0.1   0.774  94.4   1.4 -60.3 -27.6   -5.9   21.4   18.0               
  608  608 A Y  S    S-     0   0   77    -24,-2.0    24,-2.1     1,-0.2    25,-1.2   0.632 123.3  -0.3-121.6 -72.7   -6.6   21.5   14.2               
  609  609 A Q  B     -zb 585 633H  27    -25,-1.7   -23,-2.1    23,-0.2    25,-0.2  -0.968  28.1-163.9-138.8 148.1   -8.6   18.6   12.7               
  610  610 A L        -     0   0    3     23,-2.0     2,-0.6    -2,-0.3   -25,-0.1  -0.771  27.1-176.3-114.3  74.7  -10.5   15.3   13.3               
  611  611 A P        -     0   0    5      0, 0.0   -23,-2.3     0, 0.0     2,-0.5  -0.714   4.7-167.1 -83.0 122.1  -10.8   13.9    9.7               
  612  612 A V  E     -ac 588 636H   0     23,-2.6    25,-2.9    -2,-0.6     2,-0.4  -0.932   4.0-171.1-117.2 124.0  -12.9   10.6    9.8               
  613  613 A Y  E     -ac 589 637H  70    -25,-2.9   -23,-2.3    -2,-0.5   -22,-0.4  -0.960  60.3  -7.2-126.1 132.5  -13.0    8.3    6.8               
  614  614 A N  E    S+     0   0H  77     23,-1.9   -23,-0.8    -2,-0.4     2,-0.5   0.978  81.2 169.1  54.0  62.9  -15.1    5.1    6.0               
  615  615 A Y  E     -ac 591 639H   9     23,-1.4    25,-1.3    22,-0.6    -1,-0.2  -0.927  28.3-166.4-121.2 113.2  -16.6    5.0    9.4               
  616  616 A Q  E     -     0   0H  64    -25,-1.8    25,-2.1    -2,-0.5    24,-0.4   0.961  67.6 -21.8 -69.0 -51.8  -19.5    2.7   10.2               
  617  617 A A  E     - c   0 641H   9    -26,-0.2    -1,-0.2    23,-0.2    25,-0.2  -0.966  50.4-124.4-159.8 140.3  -20.7    4.0   13.6               
  618  618 A F        -     0   0   16     23,-0.7     2,-1.5    -2,-0.3    -3,-0.0  -0.806  34.5-134.7 -81.3 121.0  -19.5    6.1   16.6               
  619  619 A P        +     0   0   23      0, 0.0     2,-1.5     0, 0.0    25,-0.1  -0.606  30.2 173.5 -84.2  87.3  -20.1    3.9   19.7               
  620  620 A A  B     -i  644   0I   4     -2,-1.5    25,-1.9    23,-1.0     4,-0.1  -0.690  31.0-153.1 -83.6  76.2  -21.7    6.2   22.3               
  621  621 A Y    >   -     0   0   15     -2,-1.5     3,-1.9   -21,-0.2   -22,-0.1  -0.051  32.0 -65.1 -52.2 157.8  -22.3    3.1   24.6               
  622  622 A P  T 3  S+     0   0   35      0, 0.0   -23,-2.0     0, 0.0   -22,-0.3  -0.155 121.8   0.5 -54.4 136.5  -25.2    3.1   27.1               
  623  623 A N  T 3  S+     0   0   79     23,-1.8    25,-0.2   -25,-0.2    24,-0.1   0.675 103.9 127.2  56.0  22.0  -24.8    5.8   29.9               
  624  624 A S    <   -     0   0    2     -3,-1.9    -1,-0.2    22,-0.2    21,-0.1  -0.893  54.8-141.0-114.7 104.5  -21.4    6.8   28.2               
  625  625 A P        -     0   0   45      0, 0.0   -23,-2.8     0, 0.0     2,-0.5  -0.377  14.7-158.7 -58.5 135.2  -20.9   10.6   27.4               
  626  626 A F  E     +qr 602 650G   5     23,-2.5    25,-2.5   -25,-0.2     2,-0.4  -0.977  13.4 178.8-121.0 120.7  -19.2   11.2   24.1               
  627  627 A Q  E     -qr 603 651G  65    -25,-2.7   -23,-2.1    -2,-0.5     2,-0.4  -0.977  10.2-175.0-128.8 136.1  -17.4   14.6   23.4               
  628  628 A V  E     -qr 604 652G   5     23,-2.5    25,-3.1    -2,-0.4     2,-0.4  -0.996   1.7-179.2-126.2 131.8  -15.4   16.0   20.5               
  629  629 A A  E     +qr 605 653G  37    -25,-2.9   -23,-2.5    -2,-0.4     2,-0.4  -0.996   4.4 177.6-125.4 127.6  -13.6   19.3   20.4               
  630  630 A T  E     -qr 606 654G   7     23,-2.5    25,-2.9    -2,-0.4    26,-0.2  -0.987  27.1-147.5-130.2 131.4  -11.6   20.5   17.2               
  631  631 A G  S    S-     0   0   49    -25,-2.6   -23,-0.2    -2,-0.4   -24,-0.1   0.774  94.3  -0.8 -64.9 -26.6   -9.8   23.9   16.8               
  632  632 A Y  S    S-     0   0   75    -24,-2.1    24,-2.3   -26,-0.3    25,-1.0   0.574 120.3  -4.5-125.4 -79.7  -10.6   24.0   13.0               
  633  633 A Q  B     -bd 609 657H  29    -25,-1.2   -23,-2.0    23,-0.2    25,-0.2  -0.961  27.9-163.6-135.0 148.7  -12.6   21.1   11.3               
  634  634 A F        -     0   0    2     23,-1.9     2,-0.5    -2,-0.3   -25,-0.1  -0.787  26.1-172.2-118.1  78.1  -14.2   17.7   11.8               
  635  635 A P        -     0   0    6      0, 0.0   -23,-2.6     0, 0.0     2,-0.5  -0.687   4.4-162.4 -79.6 125.6  -14.7   16.4    8.2               
  636  636 A V  E     -ce 612 660H   4     23,-2.6    25,-3.0    -2,-0.5     2,-0.4  -0.933   6.5-171.2-115.1 121.6  -16.7   13.2    8.2               
  637  637 A Y  E     -ce 613 661H  70    -25,-2.9   -23,-1.9    -2,-0.5   -22,-0.6  -0.958  60.9  -3.4-123.5 130.5  -16.7   10.9    5.1               
  638  638 A N  E    S+     0   0H  71     23,-2.2   -23,-1.4    -2,-0.4     2,-0.5   0.997  79.2 175.1  57.4  71.3  -18.8    7.8    4.2               
  639  639 A Y  E     -ce 615 663H   1     23,-1.7    25,-1.9    22,-0.5   -23,-0.2  -0.931  22.1-173.0-119.1 123.4  -20.7    7.6    7.5               
  640  640 A Q  E     -     0   0H  79    -25,-1.3    25,-2.3    -2,-0.5     2,-0.3   0.984  59.5 -19.6 -85.5 -60.7  -23.5    5.0    8.2               
  641  641 A A  E     -ce 617 665H  27    -25,-2.1   -23,-0.7   -26,-0.2    -1,-0.3  -1.000  38.8-135.2-150.9 151.7  -25.1    5.9   11.6               
  642  642 A F        -     0   0   16     23,-0.9     2,-1.6    -2,-0.3   -25,-0.1  -0.833  26.1-166.1 -99.3  87.5  -24.7    7.7   15.0               
  643  643 A P        -     0   0   23      0, 0.0     2,-1.0     0, 0.0   -23,-1.0  -0.619   7.4-178.0 -75.8  86.1  -26.0    5.0   17.5               
  644  644 A A  B     -ij 620 668I   1     -2,-1.6    25,-0.9    23,-1.0   -23,-0.1  -0.804  20.8-147.8 -78.0  98.2  -26.3    7.2   20.6               
  645  645 A Y    >   -     0   0   89    -25,-1.9     3,-1.5    -2,-1.0   -22,-0.2  -0.253  38.8 -60.8 -65.1 161.6  -27.5    4.4   23.0               
  646  646 A P  T 3  S+     0   0   61      0, 0.0   -23,-1.8     0, 0.0   -22,-0.2  -0.137 122.8   7.5 -51.4 138.9  -29.9    5.4   25.9               
  647  647 A N  T 3  S+     0   0   84     23,-0.8    25,-0.2   -25,-0.2    24,-0.1   0.632  93.6 129.9  61.2  22.6  -28.7    8.0   28.4               
  648  648 A S    <   -     0   0    0     -3,-1.5     2,-0.2   -25,-0.2    -1,-0.1  -0.803  45.6-156.3-107.9  89.7  -25.5    8.7   26.2               
  649  649 A P        -     0   0   43      0, 0.0   -23,-2.5     0, 0.0     2,-0.4  -0.458   6.9-157.4 -67.5 136.0  -25.2   12.5   25.7               
  650  650 A V  E     -rs 626 674G   1     23,-2.6    25,-2.8   -25,-0.2     2,-0.4  -0.956  11.3-178.0-117.0 130.9  -23.2   13.5   22.6               
  651  651 A Q  E     -rs 627 675G  83    -25,-2.5   -23,-2.5    -2,-0.4     2,-0.4  -0.995   4.4-176.1-131.3 131.5  -21.4   16.9   22.1               
  652  652 A V  E     -rs 628 676G   3     23,-2.3    25,-2.8    -2,-0.4     2,-0.5  -0.949   4.4-178.8-130.4 112.3  -19.4   18.0   19.0               
  653  653 A T  E     +rs 629 677G  70    -25,-3.1   -23,-2.5    -2,-0.4     2,-0.4  -0.940   2.2 177.1-116.2 123.5  -17.6   21.4   19.0               
  654  654 A T  E     -rs 630 678G   2     23,-2.9    25,-2.8    -2,-0.5    26,-0.3  -0.985  28.4-145.6-129.4 127.9  -15.7   22.7   16.0               
  655  655 A G  S    S-     0   0   48    -25,-2.9   -23,-0.2    -2,-0.4   -22,-0.1   0.734  95.5  -0.7 -62.7 -22.8  -13.9   26.1   15.7               
  656  656 A Y  S    S-     0   0   75    -24,-2.3    24,-2.0   -26,-0.2    25,-1.0   0.528 120.5  -4.0-128.3 -79.2  -14.8   26.3   11.9               
  657  657 A Q  B     -df 633 681H  27    -25,-1.0   -23,-1.9    23,-0.2    25,-0.2  -0.967  26.8-161.3-136.2 148.0  -16.7   23.5   10.1               
  658  658 A L        -     0   0   13     23,-1.6     2,-0.5    -2,-0.3   -25,-0.1  -0.770  29.5-174.7-111.8  72.7  -18.3   20.0   10.6               
  659  659 A P        -     0   0    5      0, 0.0   -23,-2.6     0, 0.0     2,-0.5  -0.685   4.6-164.3 -80.3 124.0  -18.6   19.0    6.8               
  660  660 A V  E     -eg 636 684H  15     23,-2.4    25,-3.1    -2,-0.5     2,-0.4  -0.922   4.3-168.7-116.0 125.7  -20.4   15.6    6.5               
  661  661 A Y  E     +eg 637 685H  69    -25,-3.0   -23,-2.2    -2,-0.5   -22,-0.5  -0.959  62.5   0.2-124.6 132.5  -20.3   13.5    3.3               
  662  662 A N  E    S-     0   0H  63     23,-2.2   -23,-1.7    -2,-0.4     2,-0.5   0.996  77.6-179.8  56.3  70.2  -22.4   10.4    2.3               
  663  663 A Y  E     -eg 639 687H  10     23,-1.2    25,-1.7    22,-0.6    26,-0.2  -0.896  16.5-175.2-108.7 123.1  -24.5   10.2    5.4               
  664  664 A Q  E     -     0   0H  74    -25,-1.9    25,-2.0    -2,-0.5     2,-0.3   0.982  56.1 -10.8 -87.0 -61.4  -27.1    7.4    5.8               
  665  665 A A  E     -eg 641 689H  27    -25,-2.3   -23,-0.9    23,-0.2    -1,-0.2  -0.998  39.5-145.6-150.1 150.6  -29.1    7.8    9.1               
  666  666 A F        -     0   0   26     23,-0.8     2,-1.3    -2,-0.3   -25,-0.1  -0.804  19.7-177.5-113.8  85.8  -29.4    9.6   12.4               
  667  667 A P        +     0   0   16      0, 0.0   -23,-1.0     0, 0.0     2,-0.5  -0.656   4.5 178.8 -87.5  86.0  -30.8    7.3   15.2               
  668  668 A A  B     -j  644   0I   4     -2,-1.3    25,-0.5    23,-0.4    28,-0.1  -0.787  16.9-151.4 -78.9 123.7  -31.1    9.5   18.3               
  669  669 A Y    >   -     0   0   85    -25,-0.9     3,-1.2    -2,-0.5   -22,-0.1  -0.504  32.4 -71.8 -91.4 163.7  -32.6    7.3   21.1               
  670  670 A P  T 3  S+     0   0   54      0, 0.0   -23,-0.8     0, 0.0    26,-0.2  -0.141 115.3  11.2 -54.8 151.0  -34.7    8.6   24.0               
  671  671 A S  T 3  S+     0   0   79     24,-1.9    25,-0.1   -25,-0.2    24,-0.1   0.610  98.3 114.6  57.9  17.3  -33.0   10.6   26.9               
  672  672 A S    <   -     0   0    2     -3,-1.2     2,-0.2    23,-0.3    -1,-0.1  -0.812  54.7-157.1-121.5  82.4  -29.8   10.9   24.7               
  673  673 A P        -     0   0   49      0, 0.0   -23,-2.6     0, 0.0     2,-0.5  -0.460   0.2-154.4 -71.0 134.9  -29.2   14.6   23.8               
  674  674 A F  E     -st 650 698G   7     23,-2.5    25,-2.8    -2,-0.2     2,-0.4  -0.940  13.8-172.3-111.5 121.6  -27.1   15.3   20.7               
  675  675 A Q  E     -st 651 699G  47    -25,-2.8   -23,-2.3    -2,-0.5     2,-0.4  -0.944   8.7-177.0-119.5 130.6  -25.3   18.7   20.6               
  676  676 A V  E     +st 652 700G   4     23,-2.0    25,-3.2    -2,-0.4     2,-0.4  -0.993   2.8 179.8-125.6 131.6  -23.4   20.4   17.7               
  677  677 A T  E     +st 653 701G  59    -25,-2.8   -23,-2.9    -2,-0.4     2,-0.4  -0.953   7.3 176.2-127.2 110.0  -21.5   23.8   18.0               
  678  678 A T  E     -st 654 702G   3     23,-2.9    25,-2.7    -2,-0.4    26,-0.2  -0.963  29.0-145.3-114.4 129.9  -19.7   25.0   14.8               
  679  679 A G  S    S-     0   0   48    -25,-2.8   -23,-0.2    -2,-0.4   -22,-0.2   0.676  94.0  -2.0 -63.0 -17.7  -17.9   28.4   14.6               
  680  680 A Y  S    S-     0   0   74    -24,-2.0    24,-1.3   -26,-0.3    25,-1.2   0.463 118.1  -6.1-134.8 -77.1  -19.0   28.7   10.9               
  681  681 A Q  E     -fh 657 705H  30    -25,-1.0   -23,-1.6    23,-0.2    25,-0.2  -0.980  27.0-157.5-140.9 148.3  -20.9   25.9    9.0               
  682  682 A L  E     - h   0 706H  10     23,-1.2    25,-1.9    -2,-0.3     2,-0.6  -0.880  27.1-178.5-114.3  88.9  -22.4   22.4    9.1               
  683  683 A P  E     - h   0 707H   5      0, 0.0   -23,-2.4     0, 0.0     2,-0.5  -0.852   7.0-164.3 -90.1 123.9  -22.7   21.4    5.4               
  684  684 A V  E     -gh 660 708H  13     23,-3.1    25,-3.2    -2,-0.6     2,-0.4  -0.934   4.8-163.8-112.5 124.7  -24.2   17.9    4.9               
  685  685 A Y  E     +gh 661 709H  66    -25,-3.1   -23,-2.2    -2,-0.5   -22,-0.6  -0.934  61.5   2.2-118.4 134.8  -23.8   16.2    1.5               
  686  686 A N  E    S-     0   0H  53     23,-2.2   -23,-1.2    -2,-0.4     2,-0.4   0.991  76.8-175.0  58.2  67.1  -25.7   13.1    0.0               
  687  687 A Y  E     -g  663   0H  19     22,-0.5    25,-1.9    23,-0.5   -23,-0.2  -0.802  14.6-176.0 -98.9 134.6  -28.2   12.5    3.0               
  688  688 A Q  E     -     0   0H  94    -25,-1.7     2,-0.3    -2,-0.4   -23,-0.2   0.909  51.7 -17.0-102.2 -53.1  -30.6    9.5    3.0               
  689  689 A A  E     -g  665   0H  36    -25,-2.0   -23,-0.8   -26,-0.2    -1,-0.3  -0.996  36.9-146.0-158.4 155.0  -33.0    9.3    6.0               
  690  690 A F        -     0   0   69     -2,-0.3     2,-1.2   -25,-0.2   -25,-0.1  -0.933   9.1-165.2-123.4 105.9  -33.9   10.6    9.6               
  691  691 A P        -     0   0   49      0, 0.0     2,-0.5     0, 0.0   -23,-0.4  -0.761  18.1-162.8 -84.2  91.7  -35.6    8.1   12.0               
  692  692 A A        -     0   0   86     -2,-1.2   -23,-0.1   -25,-0.1    -2,-0.0  -0.695   3.5-163.8 -77.1 122.7  -36.8   10.6   14.6               
  693  693 A Y    >   -     0   0  113    -25,-0.5     3,-0.9    -2,-0.5   -25,-0.0  -0.753  29.9 -94.4 -98.0 151.4  -37.8    8.9   18.0               
  694  694 A P  T 3  S+     0   0  101      0, 0.0     3,-0.1     0, 0.0    -1,-0.1  -0.348 105.9  20.8 -58.9 147.8  -39.9   10.6   20.7               
  695  695 A N  T 3  S+     0   0  142      1,-0.2   -24,-1.9   -25,-0.1     2,-0.6   0.726  86.4 129.1  62.9  30.3  -38.0   12.4   23.6               
  696  696 A S    <   -     0   0   25     -3,-0.9     2,-0.6   -26,-0.2    -1,-0.2  -0.907  44.0-157.0-113.7 102.0  -34.6   12.8   21.6               
  697  697 A A        -     0   0   55     -2,-0.6   -23,-2.5    -3,-0.1     2,-0.5  -0.691  11.3-177.3 -80.3 120.7  -33.3   16.4   21.7               
  698  698 A V  E     -t  674   0G  24     -2,-0.6     2,-0.4   -25,-0.2   -23,-0.2  -0.984   5.0-175.5-113.4 125.6  -31.0   17.3   18.8               
  699  699 A Q  E     -t  675   0G  87    -25,-2.8   -23,-2.0    -2,-0.5     2,-0.4  -0.975   7.4-171.5-125.9 139.2  -29.5   20.9   18.9               
  700  700 A V  E     -t  676   0G  17     -2,-0.4     2,-0.6    37,-0.2   -23,-0.2  -0.947   1.2-173.6-136.9 110.1  -27.3   22.5   16.2               
  701  701 A T  E     +t  677   0G  54    -25,-3.2   -23,-2.9    -2,-0.4     2,-0.4  -0.920   9.7 178.6-107.9 113.1  -25.6   25.9   16.8               
  702  702 A T  E     -t  678   0G  16     -2,-0.6   -23,-0.2   -25,-0.2     4,-0.1  -0.977  30.1-145.1-119.0 131.0  -23.8   27.3   13.7               
  703  703 A G  S    S-     0   0   57    -25,-2.7   -22,-0.1    -2,-0.4   -24,-0.1   0.494  95.9  -1.7 -67.4  -5.9  -22.0   30.7   13.6               
  704  704 A Y  S    S-     0   0  143    -24,-1.3     2,-0.3   -26,-0.2   -23,-0.2   0.323 119.1 -12.0-143.1 -74.1  -23.1   31.2   10.0               
  705  705 A Q  E     -h  681   0H  83    -25,-1.2   -23,-1.2     2,-0.0     2,-0.4  -0.995  34.1-147.1-150.1 141.2  -25.2   28.5    8.1               
  706  706 A F  E     -h  682   0H  55     -2,-0.3     2,-0.4   -25,-0.2   -25,-0.0  -0.907  30.7-175.8 -98.8 129.0  -26.5   24.9    8.1               
  707  707 A H  E     -h  683   0H  55    -25,-1.9   -23,-3.1    -2,-0.4     2,-0.5  -0.994  18.2-162.4-134.1 132.3  -26.8   23.5    4.6               
  708  708 A V  E     -h  684   0H  52     -2,-0.4     2,-0.4   -25,-0.2     3,-0.3  -0.955  14.5-169.3-115.0 118.9  -28.1   20.1    3.2               
  709  709 A Y  E     +h  685   0H  90    -25,-3.2   -23,-2.2    -2,-0.5   -22,-0.5  -0.878  63.1   3.6-109.5 137.3  -27.0   19.2   -0.3               
  710  710 A N  S    S-     0   0   97     -2,-0.4   -23,-0.5   -25,-0.2     2,-0.4   0.922  70.8-175.6  54.4  51.4  -28.5   16.3   -2.4               
  711  711 A Y        -     0   0   95     -3,-0.3     2,-0.5   -25,-0.2    -1,-0.2  -0.653   6.3-163.9 -66.6 129.0  -31.2   15.1   -0.0               
  712  712 A Q        -     0   0  149    -25,-1.9    -1,-0.0    -2,-0.4     0, 0.0  -0.919  12.0-137.2-126.4 106.0  -32.8   11.9   -1.6               
  713  713 A M        -     0   0  107     -2,-0.5   -24,-0.1     1,-0.1   -25,-0.0  -0.298  27.5-110.4 -55.9 136.9  -36.2   10.7   -0.3               
  714  714 A P        -     0   0   68      0, 0.0     2,-0.6     0, 0.0     3,-0.2  -0.489  42.8-103.1 -66.2 137.0  -36.5    6.9    0.1               
  715  715 A P        -     0   0  124      0, 0.0    -3,-0.0     0, 0.0    -2,-0.0  -0.559  65.0 -48.3 -74.3 116.4  -38.9    5.4   -2.6               
  716  716 A Q        -     0   0  177     -2,-0.6     3,-0.1     1,-0.1    -3,-0.0   0.802  44.3-145.0  43.2  88.6  -42.4    4.5   -1.4               
  717  717 A C        -     0   0  106     -3,-0.2    -1,-0.1     1,-0.1     3,-0.1  -0.577  48.6 -87.2 -63.6 142.8  -43.1    2.4    1.7               
  718  718 A P        -     0   0  129      0, 0.0     2,-0.5     0, 0.0    -1,-0.1  -0.212  54.9 -91.2 -60.5 145.0  -46.2    0.2    0.9               
  719  719 A V        +     0   0  125     -3,-0.1     2,-0.4     2,-0.0    -3,-0.0  -0.447  49.8 166.0 -71.8 114.1  -49.5    1.9    1.7               
  720  720 A G    >   -     0   0   58     -2,-0.5     2,-1.5    -3,-0.1     3,-0.8  -0.998  43.1-112.2-120.5 129.5  -51.0    1.4    5.2               
  721  721 A E  T 3  S+     0   0  170     -2,-0.4    -2,-0.0     1,-0.2     0, 0.0  -0.469  92.8  42.3 -78.8  88.0  -53.9    3.8    6.0               
  722  722 A Q  T >  S+     0   0  184     -2,-1.5     3,-0.8     0, 0.0    -1,-0.2   0.039  84.4  80.7-169.8 -28.8  -53.0    6.2    8.7               
  723  723 A R  T X>  +     0   0  184     -3,-0.8     4,-0.7     1,-0.2     3,-0.6   0.392  60.3  98.2 -78.9   5.5  -49.4    7.7    8.3               
  724  724 A R  H 3> S+     0   0  196      1,-0.2     4,-0.6     2,-0.2     3,-0.3   0.832  84.5  50.2 -62.0 -30.4  -50.1   10.4    5.6               
  725  725 A N  H <> S+     0   0  132     -3,-0.8     4,-1.3     1,-0.2    -1,-0.2   0.741  98.0  66.5 -82.0 -23.0  -50.3   13.2    8.3               
  726  726 A L  H <> S+     0   0  108     -3,-0.6     4,-2.1    -4,-0.2    -1,-0.2   0.810  95.5  55.6 -70.1 -31.2  -47.0   12.4   10.1               
  727  727 A W  H  X S+     0   0  144     -4,-0.7     4,-1.2    -3,-0.3    -1,-0.2   0.853 105.4  50.5 -75.1 -33.2  -44.7   13.3    7.2               
  728  728 A T  H  X S+     0   0   93     -4,-0.6     4,-0.9     2,-0.2    -1,-0.2   0.888 113.4  46.4 -70.7 -37.8  -46.0   16.9    6.8               
  729  729 A E  H >X S+     0   0   76     -4,-1.3     4,-2.8     2,-0.2     3,-0.6   0.906 103.7  62.1 -70.2 -38.9  -45.5   17.5   10.5               
  730  730 A A  H 3X S+     0   0   55     -4,-2.1     4,-1.7     1,-0.2    -1,-0.2   0.871 102.0  53.2 -55.1 -36.1  -42.0   16.0   10.5               
  731  731 A Y  H 3X S+     0   0  130     -4,-1.2     4,-0.9     2,-0.2    -1,-0.2   0.856 111.2  45.5 -66.8 -35.6  -41.0   18.8    8.0               
  732  732 A K  H XX S+     0   0  124     -4,-0.9     4,-1.2    -3,-0.6     3,-0.6   0.938 111.0  52.5 -70.0 -46.7  -42.4   21.5   10.5               
  733  733 A W  H 3X S+     0   0  150     -4,-2.8     4,-2.5     1,-0.2     5,-0.3   0.827 102.5  59.2 -62.8 -30.6  -40.6   19.9   13.5               
  734  734 A W  H 3X S+     0   0  108     -4,-1.7     4,-1.0    -5,-0.3    -1,-0.2   0.876 109.3  44.0 -66.7 -33.5  -37.3   19.9   11.7               
  735  735 A Y  H << S+     0   0  209     -4,-0.9    -1,-0.2    -3,-0.6    -2,-0.2   0.722 117.4  47.2 -75.4 -23.6  -37.5   23.7   11.4               
  736  736 A L  H  < S+     0   0  119     -4,-1.2    -2,-0.2     1,-0.1    -3,-0.2   0.765 109.7  49.4 -91.5 -30.9  -38.7   23.9   15.1               
  737  737 A V  H  < S+     0   0   58     -4,-2.5     2,-2.2     1,-0.2   -37,-0.2   0.813  94.3  77.4 -80.7 -30.3  -36.0   21.6   16.7               
  738  738 A C     <  +     0   0   34     -4,-1.0     2,-2.2    -5,-0.3    -1,-0.2  -0.459  68.0 179.6 -73.5  68.4  -33.2   23.5   14.9               
  739  739 A L        -     0   0  113     -2,-2.2     2,-1.6     1,-0.1    -1,-0.1  -0.512  10.8-164.4 -73.3  73.3  -33.5   26.4   17.4               
  740  740 A I        -     0   0   86     -2,-2.2     2,-1.4     1,-0.1   -39,-0.1  -0.528   3.4-158.4 -67.9  89.7  -30.7   28.5   15.8               
  741  741 A Q        -     0   0  152     -2,-1.6     2,-0.4     2,-0.0    -1,-0.1  -0.632  10.2-154.7 -65.1  94.3  -29.9   31.0   18.5               
  742  742 A R        -     0   0  198     -2,-1.4     2,-0.9   -41,-0.1   -39,-0.1  -0.635   8.0-147.1 -57.0 125.5  -28.3   33.7   16.4               
  743  743 A R              0   0  248     -2,-0.4    -2,-0.0   -40,-0.0    -1,-0.0  -0.966 360.0 360.0 -83.3 100.3  -26.0   35.7   18.4               
  744  744 A D              0   0  200     -2,-0.9    -3,-0.0     0, 0.0     0, 0.0  -0.581 360.0 360.0 -69.5 360.0  -26.6   39.0   16.6               
