==== Secondary Structure Definition by the program DSSP, CMBI version 2.0                          ==== DATE=2026-03-08        .
REFERENCE W. KABSCH AND C.SANDER, BIOPOLYMERS 22 (1983) 2577-2637                                                              .
HEADER                                            01-AUG-25                                                                    .
COMPND    MOL_ID: 1; MOLECULE: SR-RELATED AND CTD-ASSOCIATED FACTOR 8; CHAIN: A                                                .
SOURCE    MOL_ID: 1; ORGANISM_SCIENTIFIC: HOMO SAPIENS; ORGANISM_TAXID: 9606                                                   .
AUTHOR                                                                                                                         .
 1271  1  0  0  0 TOTAL NUMBER OF RESIDUES, NUMBER OF CHAINS, NUMBER OF SS-BRIDGES(TOTAL,INTRACHAIN,INTERCHAIN)                .
142819.1   ACCESSIBLE SURFACE OF PROTEIN (ANGSTROM**2)                                                                         .
  393 30.9   TOTAL NUMBER OF HYDROGEN BONDS OF TYPE O(I)-->H-N(J)  , SAME NUMBER PER 100 RESIDUES                              .
    0  0.0   TOTAL NUMBER OF HYDROGEN BONDS IN     PARALLEL BRIDGES, SAME NUMBER PER 100 RESIDUES                              .
   35  2.8   TOTAL NUMBER OF HYDROGEN BONDS IN ANTIPARALLEL BRIDGES, SAME NUMBER PER 100 RESIDUES                              .
    2  0.2   TOTAL NUMBER OF HYDROGEN BONDS OF TYPE O(I)-->H-N(I-5), SAME NUMBER PER 100 RESIDUES                              .
    0  0.0   TOTAL NUMBER OF HYDROGEN BONDS OF TYPE O(I)-->H-N(I-4), SAME NUMBER PER 100 RESIDUES                              .
    1  0.1   TOTAL NUMBER OF HYDROGEN BONDS OF TYPE O(I)-->H-N(I-3), SAME NUMBER PER 100 RESIDUES                              .
    0  0.0   TOTAL NUMBER OF HYDROGEN BONDS OF TYPE O(I)-->H-N(I-2), SAME NUMBER PER 100 RESIDUES                              .
    0  0.0   TOTAL NUMBER OF HYDROGEN BONDS OF TYPE O(I)-->H-N(I-1), SAME NUMBER PER 100 RESIDUES                              .
    0  0.0   TOTAL NUMBER OF HYDROGEN BONDS OF TYPE O(I)-->H-N(I+0), SAME NUMBER PER 100 RESIDUES                              .
    0  0.0   TOTAL NUMBER OF HYDROGEN BONDS OF TYPE O(I)-->H-N(I+1), SAME NUMBER PER 100 RESIDUES                              .
   48  3.8   TOTAL NUMBER OF HYDROGEN BONDS OF TYPE O(I)-->H-N(I+2), SAME NUMBER PER 100 RESIDUES                              .
   78  6.1   TOTAL NUMBER OF HYDROGEN BONDS OF TYPE O(I)-->H-N(I+3), SAME NUMBER PER 100 RESIDUES                              .
  222 17.5   TOTAL NUMBER OF HYDROGEN BONDS OF TYPE O(I)-->H-N(I+4), SAME NUMBER PER 100 RESIDUES                              .
    6  0.5   TOTAL NUMBER OF HYDROGEN BONDS OF TYPE O(I)-->H-N(I+5), SAME NUMBER PER 100 RESIDUES                              .
  1  2  3  4  5  6  7  8  9 10 11 12 13 14 15 16 17 18 19 20 21 22 23 24 25 26 27 28 29 30     *** HISTOGRAMS OF ***           .
  0  0  0  1  0  1  1  1  1  1  3  0  1  1  1  1  0  0  1  0  2  0  0  0  0  0  0  1  1  0    RESIDUES PER ALPHA HELIX         .
  0  0  0  0  0  0  0  0  0  0  0  0  0  0  0  0  0  0  0  0  0  0  0  0  0  0  0  0  0  0    PARALLEL BRIDGES PER LADDER      .
  0  2  1  1  2  1  0  0  0  0  0  0  0  0  0  0  0  0  0  0  0  0  0  0  0  0  0  0  0  0    ANTIPARALLEL BRIDGES PER LADDER  .
  1  0  2  0  0  0  0  0  0  0  0  0  0  0  0  0  0  0  0  0  0  0  0  0  0  0  0  0  0  0    LADDERS PER SHEET                .
  #  RESIDUE AA STRUCTURE BP1 BP2  ACC     N-H-->O    O-->H-N    N-H-->O    O-->H-N    TCO  KAPPA ALPHA  PHI   PSI    X-CA   Y-CA   Z-CA            CHAIN
    1    1 A M     >        0   0  128      0, 0.0     4,-1.3     0, 0.0     3,-0.3   0.000 360.0 360.0 360.0  61.4  -25.6   30.0    6.9               
    2    2 A E  H >>  +     0   0  155      1,-0.2     4,-2.4     2,-0.2     3,-0.8   0.973 360.0  56.6 -69.3 -47.0  -22.1   30.9    5.7               
    3    3 A A  H 3> S+     0   0   31      1,-0.3     4,-2.5     2,-0.2    -1,-0.2   0.757 105.7  54.2 -55.2 -26.6  -20.2   28.2    7.8               
    4    4 A V  H 3> S+     0   0   11     -3,-0.3     4,-2.5     2,-0.2    -1,-0.3   0.868 107.3  49.3 -75.8 -36.6  -22.4   25.6    6.1               
    5    5 A K  H <X S+     0   0  165     -4,-1.3     4,-2.4    -3,-0.8    -2,-0.2   0.945 113.8  47.0 -62.6 -45.7  -21.4   26.9    2.6               
    6    6 A T  H  X S+     0   0   66     -4,-2.4     4,-2.5     2,-0.2    -2,-0.2   0.956 113.6  47.6 -58.8 -51.7  -17.7   26.7    3.8               
    7    7 A F  H  X S+     0   0    0     -4,-2.5     4,-2.4    25,-0.3    -2,-0.2   0.900 111.9  49.7 -57.3 -44.1  -18.2   23.2    5.2               
    8    8 A N  H  X S+     0   0   47     -4,-2.5     4,-2.8     2,-0.2     5,-0.3   0.900 110.0  50.7 -65.7 -39.2  -20.0   22.0    2.0               
    9    9 A S  H  X S+     0   0   81     -4,-2.4     4,-2.2     2,-0.2    -2,-0.2   0.959 113.8  45.0 -59.5 -47.5  -17.1   23.4   -0.2               
   10   10 A E  H  < S+     0   0   33     -4,-2.5    -2,-0.2     1,-0.2    -1,-0.2   0.860 116.3  46.9 -64.1 -37.7  -14.6   21.5    2.0               
   11   11 A L  H >< S+     0   0    0     -4,-2.4     3,-1.1    -5,-0.2    -2,-0.2   0.910 114.3  44.0 -71.3 -47.4  -16.7   18.3    1.9               
   12   12 A Y  H >< S+     0   0   90     -4,-2.8     3,-2.0     1,-0.3    -2,-0.2   0.835 100.2  69.8 -76.5 -25.8  -17.4   18.2   -1.8               
   13   13 A S  G >< S+     0   0   18     -4,-2.2     3,-0.9     1,-0.3     4,-0.4   0.500  75.5  86.5 -68.6   0.4  -13.8   19.1   -2.7               
   14   14 A L  G X  S+     0   0    0     -3,-1.1     3,-0.9     1,-0.2    -1,-0.3   0.817  80.2  63.1 -59.4 -29.3  -13.0   15.5   -1.4               
   15   15 A N  G <  S+     0   0   63     -3,-2.0    -1,-0.2     1,-0.2    -2,-0.2   0.688  92.7  62.7 -69.1 -18.3  -13.8   14.5   -5.0               
   16   16 A D  G <  S+     0   0  129     -3,-0.9     2,-0.5    -4,-0.2    -1,-0.2   0.644  97.2  67.5 -81.5 -17.2  -10.8   16.6   -6.3               
   17   17 A Y  S <  S-     0   0  109     -3,-0.9     4,-0.1    -4,-0.4    -1,-0.0  -0.897  82.3-130.4-105.1 130.6   -8.3   14.4   -4.3               
   18   18 A K        -     0   0  155     -2,-0.5    -2,-0.1     2,-0.1    -3,-0.0  -0.598  54.4 -71.4 -68.0 133.1   -7.6   10.7   -5.2               
   19   19 A P  S    S+     0   0   38      0, 0.0    -1,-0.1     0, 0.0     2,-0.1  -0.397 108.1  71.6 -60.6 146.8   -7.9    8.6   -2.0               
   20   20 A P  S    S-     0   0  129      0, 0.0     2,-0.1     0, 0.0    -2,-0.1   0.219  82.1-143.4 -78.8 136.3   -6.2    8.2    0.5               
   21   21 A I        -     0   0   27      1,-0.1    -7,-0.0    -4,-0.1     2,-0.0  -0.412  22.4-105.5 -68.4 137.1   -7.3   11.7    1.7               
   22   22 A S     >  -     0   0   62     -2,-0.1     4,-2.4     1,-0.1     5,-0.2  -0.273  16.3-124.8 -65.6 145.6   -4.6   13.8    3.5               
   23   23 A K  H  > S+     0   0  183      1,-0.2     4,-2.2     2,-0.2    -1,-0.1   0.839 113.6  57.2 -57.3 -32.3   -4.7   14.3    7.3               
   24   24 A A  H  > S+     0   0   71      2,-0.2     4,-2.1     1,-0.2    -1,-0.2   0.961 107.3  44.9 -63.0 -51.3   -4.6   18.0    6.6               
   25   25 A K  H  > S+     0   0    9      2,-0.2     4,-2.4     1,-0.2     5,-0.2   0.901 112.9  51.5 -63.8 -39.6   -7.8   18.0    4.4               
   26   26 A M  H  X S+     0   0   23     -4,-2.4     4,-2.4     1,-0.2    -1,-0.2   0.940 111.3  47.8 -59.7 -44.4   -9.6   15.8    6.9               
   27   27 A T  H  X S+     0   0   57     -4,-2.2     4,-2.5    -5,-0.2    -2,-0.2   0.853 110.1  53.3 -64.1 -35.7   -8.6   18.3    9.7               
   28   28 A Q  H  X S+     0   0   86     -4,-2.1     4,-2.1     2,-0.2    -2,-0.2   0.951 110.2  45.9 -65.2 -48.0   -9.8   21.2    7.4               
   29   29 A I  H  X S+     0   0    0     -4,-2.4     4,-2.7     2,-0.2    -2,-0.2   0.929 114.3  49.0 -59.9 -46.8  -13.3   19.6    6.9               
   30   30 A T  H  X S+     0   0    4     -4,-2.4     4,-2.5     1,-0.2     5,-0.2   0.915 109.5  51.5 -63.6 -41.3  -13.6   18.8   10.7               
   31   31 A K  H  X S+     0   0  138     -4,-2.5     4,-2.1     2,-0.2    -1,-0.2   0.890 112.1  47.5 -61.5 -38.3  -12.6   22.5   11.5               
   32   32 A A  H  X S+     0   0   10     -4,-2.1     4,-1.7     2,-0.2   -25,-0.3   0.922 111.8  50.0 -68.1 -42.0  -15.3   23.7    9.1               
   33   33 A A  H  < S+     0   0    0     -4,-2.7    -2,-0.2     2,-0.2     6,-0.2   0.914 112.3  46.7 -60.2 -45.7  -17.9   21.2   10.7               
   34   34 A I  H >< S+     0   0   15     -4,-2.5     3,-1.8     1,-0.2     4,-0.2   0.915 110.7  51.7 -68.8 -40.6  -17.1   22.4   14.3               
   35   35 A K  H 3< S+     0   0  174     -4,-2.1     3,-0.4     1,-0.3    -1,-0.2   0.851 110.7  51.5 -58.4 -32.8  -17.3   26.1   13.2               
   36   36 A A  T >< S+     0   0    0     -4,-1.7     3,-2.6   -33,-0.2    -1,-0.3   0.248  73.1 118.5 -86.6  12.9  -20.7   25.1   11.7               
   37   37 A I  G X   +     0   0   41     -3,-1.8     3,-2.1     1,-0.3     4,-0.2   0.829  66.7  64.9 -55.4 -33.5  -22.0   23.4   15.0               
   38   38 A K  G 3  S+     0   0  191     -3,-0.4    -1,-0.3     1,-0.3     3,-0.1   0.725 112.8  36.6 -57.0 -20.5  -24.9   26.0   15.3               
   39   39 A F  G X> S+     0   0   78     -3,-2.6     3,-1.8    -6,-0.2     4,-1.6  -0.065  75.6 139.3-120.2  27.1  -26.1   24.3   12.0               
   40   40 A Y  H <>  +     0   0   65     -3,-2.1     4,-2.9     1,-0.3     5,-0.3   0.788  67.1  64.4 -48.7 -33.8  -25.0   20.6   12.9               
   41   41 A K  H 3> S+     0   0  115      1,-0.2     4,-1.9     2,-0.2    -1,-0.3   0.879 107.9  40.6 -56.6 -41.5  -28.3   19.3   11.4               
   42   42 A H  H <> S+     0   0   74     -3,-1.8     4,-2.3     2,-0.2    -2,-0.2   0.848 112.5  55.2 -76.6 -36.3  -27.2   20.6    7.9               
   43   43 A V  H  X S+     0   0    0     -4,-1.6     4,-2.0    -7,-0.2    -2,-0.2   0.965 113.0  42.4 -58.8 -51.5  -23.6   19.5    8.5               
   44   44 A V  H  X S+     0   0    1     -4,-2.9     4,-2.8     1,-0.2     5,-0.2   0.948 113.7  51.4 -60.4 -49.9  -24.8   15.9    9.2               
   45   45 A Q  H  X S+     0   0  106     -4,-1.9     4,-2.3    -5,-0.3    -1,-0.2   0.854 110.1  50.4 -57.3 -38.1  -27.4   16.0    6.3               
   46   46 A S  H  X S+     0   0   15     -4,-2.3     4,-2.0     2,-0.2    -1,-0.2   0.888 111.6  47.2 -68.1 -39.0  -24.6   17.1    3.9               
   47   47 A V  H  X S+     0   0    0     -4,-2.0     4,-2.9     2,-0.2    -2,-0.2   0.932 113.5  47.9 -66.9 -45.5  -22.2   14.2    5.0               
   48   48 A E  H  X S+     0   0   28     -4,-2.8     4,-2.2     1,-0.2    -2,-0.2   0.936 114.6  46.5 -59.0 -45.1  -25.1   11.7    4.7               
   49   49 A K  H  X S+     0   0  105     -4,-2.3     4,-1.9    -5,-0.2    -1,-0.2   0.824 112.1  50.8 -70.3 -32.0  -25.9   13.1    1.2               
   50   50 A F  H  X S+     0   0    1     -4,-2.0     4,-2.7     2,-0.2    -2,-0.2   0.960 110.8  48.4 -64.9 -50.4  -22.2   13.1    0.2               
   51   51 A I  H  < S+     0   0    0     -4,-2.9    -2,-0.2     1,-0.2    -3,-0.2   0.857 113.4  49.0 -59.7 -37.3  -21.9    9.4    1.3               
   52   52 A Q  H  < S+     0   0  115     -4,-2.2    -1,-0.2    -5,-0.2    -2,-0.2   0.935 121.1  33.5 -63.6 -47.2  -25.0    8.6   -0.7               
   53   53 A K  H  < S+     0   0  155     -4,-1.9    -2,-0.2    -5,-0.1    -3,-0.2   0.653  94.8  97.6 -90.2 -22.1  -23.9   10.4   -3.9               
   54   54 A C  S  < S-     0   0   10     -4,-2.7     5,-0.1     1,-0.1    -4,-0.0  -0.299  81.4 -93.9 -72.5 156.3  -20.0    9.9   -4.0               
   55   55 A K    >   -     0   0  131      1,-0.1     3,-2.1     3,-0.1     4,-0.3  -0.196  43.0 -98.6 -60.4 159.8  -18.3    7.1   -6.0               
   56   56 A P  G >  S+     0   0   73      0, 0.0     3,-1.2     0, 0.0     4,-0.4   0.823 123.8  60.2 -51.6 -34.7  -17.4    3.7   -4.3               
   57   57 A E  G 3  S+     0   0   51      1,-0.2     3,-0.1     2,-0.1    45,-0.1   0.692 101.3  55.0 -65.8 -20.2  -13.8    4.9   -3.7               
   58   58 A Y  G <> S+     0   0    9     -3,-2.1     4,-2.1     1,-0.1    -1,-0.2   0.429  81.3  88.9 -97.9   1.7  -15.1    7.8   -1.6               
   59   59 A K  H <> S+     0   0   11     -3,-1.2     4,-2.2    -4,-0.3     5,-0.2   0.970  90.3  45.5 -63.1 -52.0  -17.1    5.8    0.9               
   60   60 A V  H  > S+     0   0    6     -4,-0.4     4,-2.3     1,-0.2     5,-0.2   0.924 111.7  52.7 -62.0 -44.2  -14.2    5.2    3.4               
   61   61 A P  H  > S+     0   0    6      0, 0.0     4,-1.6     0, 0.0    -1,-0.2   0.913 109.0  51.0 -49.8 -45.7  -13.2    9.0    3.1               
   62   62 A G  H  X S+     0   0    0     -4,-2.1     4,-1.7     1,-0.2    -2,-0.2   0.899 109.4  49.7 -62.5 -39.9  -16.9    9.8    4.0               
   63   63 A L  H  X S+     0   0    0     -4,-2.2     4,-2.6     2,-0.2    -1,-0.2   0.889 107.3  54.5 -65.1 -38.7  -16.7    7.5    7.1               
   64   64 A Y  H  X S+     0   0   84     -4,-2.3     4,-2.6     2,-0.2    -2,-0.2   0.840 104.4  55.3 -65.9 -29.9  -13.5    9.2    8.2               
   65   65 A V  H  X S+     0   0    0     -4,-1.6     4,-2.5     2,-0.2     5,-0.2   0.937 109.7  46.4 -63.7 -44.9  -15.3   12.6    8.0               
   66   66 A I  H  X S+     0   0    4     -4,-1.7     4,-2.6     2,-0.2     5,-0.3   0.956 114.9  46.8 -59.8 -50.9  -18.0   11.2   10.4               
   67   67 A D  H  X S+     0   0   25     -4,-2.6     4,-2.5     1,-0.2     5,-0.2   0.919 114.7  46.2 -58.3 -46.1  -15.2    9.7   12.8               
   68   68 A S  H  X S+     0   0   29     -4,-2.6     4,-2.4     2,-0.2    -1,-0.2   0.909 114.6  46.5 -68.3 -41.8  -13.2   13.0   12.8               
   69   69 A I  H  X S+     0   0    0     -4,-2.5     4,-2.6     2,-0.2    -2,-0.2   0.943 115.4  45.9 -63.9 -48.8  -16.2   15.3   13.4               
   70   70 A V  H  X S+     0   0    0     -4,-2.6     4,-2.5    -5,-0.2     5,-0.2   0.917 114.9  47.2 -65.8 -42.6  -17.6   13.1   16.2               
   71   71 A R  H  X S+     0   0   70     -4,-2.5     4,-2.2    -5,-0.3    -1,-0.2   0.942 114.3  46.6 -61.3 -48.2  -14.2   12.7   17.9               
   72   72 A Q  H  X S+     0   0   78     -4,-2.4     4,-2.0    -5,-0.2    -2,-0.2   0.894 113.7  49.0 -64.2 -39.8  -13.4   16.4   17.7               
   73   73 A S  H  X>S+     0   0    0     -4,-2.6     4,-2.5     2,-0.2     5,-0.5   0.970 112.8  46.0 -63.3 -51.7  -16.9   17.3   19.0               
   74   74 A R  H  X5S+     0   0   38     -4,-2.5     4,-1.0     1,-0.2    -2,-0.2   0.834 117.0  46.3 -60.9 -34.9  -16.7   14.9   22.0               
   75   75 A H  H  <5S+     0   0  159     -4,-2.2    -1,-0.2    -5,-0.2    -2,-0.2   0.816 118.6  40.5 -72.0 -36.8  -13.2   16.2   22.8               
   76   76 A Q  H  <5S+     0   0  103     -4,-2.0    -2,-0.2    -3,-0.2    -3,-0.2   0.741 132.2  19.0 -90.5 -25.4  -14.1   19.9   22.4               
   77   77 A F  H  <5S-     0   0   79     -4,-2.5    -3,-0.2     1,-0.2    -2,-0.1   0.564 112.6 -96.9-117.6 -16.1  -17.5   20.0   24.2               
   78   78 A G    >X< -     0   0   21     -4,-1.0     3,-0.7    -5,-0.5     4,-0.5  -0.260  35.7 -88.8 101.4 159.4  -17.6   16.8   26.3               
   79   79 A Q  G >4 S+     0   0  116      1,-0.2     3,-0.7     2,-0.2    -1,-0.1   0.911 129.0  49.9 -73.2 -38.2  -19.3   13.4   25.5               
   80   80 A E  G 34 S+     0   0  146      1,-0.2    -1,-0.2    -6,-0.1    -2,-0.1   0.377 111.4  50.7 -76.6  -4.4  -22.6   14.5   26.9               
   81   81 A K  G <4 S+     0   0  138     -3,-0.7     2,-0.5    -7,-0.1    -1,-0.2   0.412  77.7 119.9-111.9  -4.1  -22.5   17.8   24.8               
   82   82 A D    <<  -     0   0    8     -3,-0.7    -8,-0.1    -4,-0.5   -12,-0.0  -0.499  36.7-178.0 -66.3 116.6  -21.8   16.2   21.4               
   83   83 A V  S    S+     0   0   45     -2,-0.5    -1,-0.2     2,-0.1     4,-0.1   0.529  74.3  63.8 -86.9  -9.8  -24.6   17.0   19.0               
   84   84 A F  S >> S+     0   0    0      2,-0.2     4,-2.9     3,-0.1     3,-0.9   0.946  97.5  47.3 -87.7 -50.1  -23.0   15.0   16.1               
   85   85 A A  H 3> S+     0   0    5      1,-0.2     4,-2.4     2,-0.2    -2,-0.1   0.952 114.8  47.4 -58.9 -47.4  -23.1   11.3   17.4               
   86   86 A P  H 34 S+     0   0   79      0, 0.0    -1,-0.2     0, 0.0     4,-0.2   0.621 115.9  48.1 -67.5 -12.8  -26.8   11.6   18.6               
   87   87 A R  H X4 S+     0   0   88     -3,-0.9     3,-0.7    -4,-0.1     4,-0.4   0.867 112.3  45.0 -91.6 -42.5  -27.6   13.2   15.1               
   88   88 A F  H >X S+     0   0    3     -4,-2.9     3,-1.2     1,-0.2     4,-1.0   0.854 101.8  69.9 -64.5 -36.1  -25.8   10.6   13.0               
   89   89 A S  T 3< S+     0   0   36     -4,-2.4     4,-0.3    -5,-0.3    -1,-0.2   0.763  88.5  63.8 -56.2 -28.5  -27.4    7.7   15.0               
   90   90 A N  T <4 S+     0   0  101     -3,-0.7    -1,-0.2    -4,-0.2    -2,-0.2   0.856 121.1  19.4 -63.7 -37.5  -30.9    8.5   13.6               
   91   91 A N  T X> S+     0   0   72     -3,-1.2     4,-2.6    -4,-0.4     3,-0.6   0.335  90.8 114.3-111.6   1.2  -29.8    7.6   10.0               
   92   92 A I  H 3X S+     0   0    8     -4,-1.0     4,-2.6     1,-0.3     5,-0.2   0.793  74.4  54.2 -57.2 -35.4  -26.6    5.5   10.7               
   93   93 A I  H 3> S+     0   0   63     -4,-0.3     4,-2.4     2,-0.2    -1,-0.3   0.949 114.3  41.6 -60.4 -48.9  -28.1    2.2    9.4               
   94   94 A S  H <> S+     0   0   61     -3,-0.6     4,-1.6     2,-0.2    -2,-0.2   0.904 112.8  54.5 -67.2 -39.4  -28.9    3.8    6.0               
   95   95 A T  H  X S+     0   0    7     -4,-2.6     4,-1.5     2,-0.2    -2,-0.2   0.937 111.5  45.1 -58.7 -43.5  -25.6    5.7    6.0               
   96   96 A F  H  X S+     0   0    0     -4,-2.6     4,-2.9     2,-0.2    -2,-0.2   0.887 105.6  59.1 -73.6 -33.7  -23.7    2.3    6.5               
   97   97 A Q  H  < S+     0   0   93     -4,-2.4    -1,-0.2     1,-0.2    -2,-0.2   0.852 110.7  45.0 -56.9 -33.5  -25.9    0.6    3.8               
   98   98 A N  H  < S+     0   0   30     -4,-1.6     3,-0.5    -3,-0.2    -2,-0.2   0.812 112.1  51.7 -78.1 -30.9  -24.4    3.4    1.5               
   99   99 A L  H  < S+     0   0    0     -4,-1.5     3,-0.4     1,-0.2    -2,-0.2   0.897 100.3  60.5 -71.7 -40.4  -20.9    2.8    2.9               
  100  100 A Y  S  < S+     0   0   25     -4,-2.9    -1,-0.2     1,-0.3    -2,-0.1   0.556  82.9  83.4 -70.9  -3.6  -20.9   -1.0    2.3               
  101  101 A R  S    S+     0   0  184     -3,-0.5    -1,-0.3    -5,-0.2   -42,-0.1  -0.135  75.5 108.9 -79.7  31.0  -21.3   -0.1   -1.5               
  102  102 A C  S    S-     0   0   15     -3,-0.4   -45,-0.1     1,-0.2     5,-0.1  -0.565  84.7 -76.9 -92.8 168.7  -17.5    0.3   -1.4               
  103  103 A P    >>  -     0   0   54      0, 0.0     3,-1.1     0, 0.0     4,-0.7  -0.234  48.5-106.6 -54.9 157.0  -14.8   -2.1   -3.0               
  104  104 A G  H >> S+     0   0   54      1,-0.2     3,-1.4     2,-0.2     4,-0.6   0.919 119.1  58.0 -56.5 -43.2  -14.1   -5.3   -1.0               
  105  105 A D  H 34 S+     0   0  130      1,-0.3     4,-0.3     2,-0.2    -1,-0.2   0.661 101.4  57.4 -63.5 -21.0  -10.7   -4.0    0.2               
  106  106 A D  H X> S+     0   0   20     -3,-1.1     4,-1.6     2,-0.1     3,-0.8   0.728  87.1  75.9 -84.0 -21.8  -12.5   -1.0    1.9               
  107  107 A K  H <X S+     0   0   87     -3,-1.4     4,-2.6    -4,-0.7     5,-0.2   0.904  90.7  55.9 -60.8 -40.2  -14.8   -3.1    4.1               
  108  108 A S  H 3X S+     0   0   36     -4,-0.6     4,-1.8     1,-0.2    -1,-0.3   0.812 105.6  53.1 -59.2 -30.5  -12.0   -4.0    6.5               
  109  109 A K  H <> S+     0   0   65     -3,-0.8     4,-1.5    -4,-0.3    -1,-0.2   0.893 108.8  48.6 -75.4 -37.4  -11.4   -0.2    7.0               
  110  110 A I  H  X S+     0   0    0     -4,-1.6     4,-2.2     2,-0.2     3,-0.4   0.950 111.2  49.9 -63.4 -49.3  -15.1    0.3    7.9               
  111  111 A V  H  X S+     0   0   34     -4,-2.6     4,-2.4     1,-0.2    -2,-0.2   0.873 106.9  56.4 -59.9 -36.8  -15.0   -2.6   10.4               
  112  112 A R  H  X S+     0   0  157     -4,-1.8     4,-1.6    -5,-0.2    -1,-0.2   0.890 107.9  47.4 -61.3 -40.7  -11.8   -1.0   11.9               
  113  113 A V  H  X S+     0   0    9     -4,-1.5     4,-2.3    -3,-0.4    -2,-0.2   0.939 111.1  50.9 -67.7 -44.6  -13.7    2.3   12.6               
  114  114 A L  H  X S+     0   0    0     -4,-2.2     4,-2.5     1,-0.2    -2,-0.2   0.926 110.7  48.7 -59.1 -45.6  -16.7    0.4   14.1               
  115  115 A N  H  X S+     0   0   84     -4,-2.4     4,-2.4     1,-0.2    -1,-0.2   0.874 111.8  50.2 -60.7 -37.2  -14.4   -1.5   16.5               
  116  116 A L  H  X S+     0   0   76     -4,-1.6     4,-1.3     2,-0.2    -2,-0.2   0.835 109.6  50.5 -73.3 -31.2  -12.7    1.8   17.4               
  117  117 A W  H  <>S+     0   0    1     -4,-2.3     5,-2.4     2,-0.2     6,-0.3   0.913 111.5  48.9 -67.2 -40.7  -16.2    3.4   18.1               
  118  118 A Q  H ><5S+     0   0   76     -4,-2.5     3,-1.1     1,-0.2    -2,-0.2   0.910 110.7  49.9 -65.5 -42.7  -17.0    0.4   20.3               
  119  119 A K  H 3<5S+     0   0  138     -4,-2.4    -1,-0.2     1,-0.2    -2,-0.2   0.838 117.4  40.8 -61.8 -35.7  -13.6    0.7   22.2               
  120  120 A N  T 3<5S-     0   0   72     -4,-1.3    -1,-0.2    -5,-0.1    -2,-0.2   0.175 107.3-121.0-100.5  12.5  -14.2    4.5   22.8               
  121  121 A N  T < 5 +     0   0  122     -3,-1.1    -3,-0.2    -4,-0.1    -4,-0.1   0.814  63.1 146.1  49.4  36.2  -18.0    4.2   23.7               
  122  122 A V  S   <S+     0   0    9     -5,-2.4     2,-0.3     1,-0.2    -4,-0.1   0.936  73.6  11.7 -69.3 -43.8  -18.7    6.6   20.7               
  123  123 A F  S    S-     0   0   13     -6,-0.3    -1,-0.2   -37,-0.0    -2,-0.1  -0.907  95.2 -99.2-123.5 155.7  -22.0    4.8   20.0               
  124  124 A K    >>  -     0   0  126     -2,-0.3     4,-1.8    -3,-0.1     3,-1.3  -0.330  33.1-110.1 -65.2 157.7  -23.9    2.3   22.2               
  125  125 A S  H 3> S+     0   0   77      1,-0.2     4,-2.6     2,-0.2    -1,-0.1   0.867 117.2  65.3 -55.1 -39.4  -23.6   -1.5   21.5               
  126  126 A E  H 34 S+     0   0  123      1,-0.2    -1,-0.2     2,-0.2    -2,-0.0   0.755 110.0  38.1 -56.6 -27.8  -27.3   -1.6   20.4               
  127  127 A I  H <> S+     0   0   34     -3,-1.3     4,-0.6     2,-0.1    -1,-0.2   0.798 116.6  50.8 -89.6 -37.1  -26.2    0.7   17.4               
  128  128 A I  H  X S+     0   0    1     -4,-1.8     4,-1.8     2,-0.2     3,-0.3   0.845  99.9  60.9 -78.7 -34.5  -22.8   -1.0   16.7               
  129  129 A Q  H >X S+     0   0   84     -4,-2.6     4,-2.7     1,-0.2     3,-0.9   0.979 103.8  48.6 -60.7 -52.7  -23.9   -4.7   16.5               
  130  130 A P  H 3> S+     0   0   35      0, 0.0     4,-1.7     0, 0.0    -1,-0.2   0.740 111.7  52.4 -57.9 -25.3  -26.3   -4.2   13.5               
  131  131 A L  H 3X S+     0   0    0     -4,-0.6     4,-0.9    -3,-0.3    -2,-0.2   0.842 111.8  44.1 -77.9 -35.0  -23.5   -2.3   11.7               
  132  132 A L  H <X S+     0   0   34     -4,-1.8     4,-1.6    -3,-0.9     6,-0.2   0.887 112.6  52.6 -72.5 -38.5  -21.0   -5.2   12.3               
  133  133 A D  H  <>S+     0   0   56     -4,-2.7     5,-2.3     1,-0.2     4,-0.4   0.934 107.5  51.8 -62.8 -43.0  -23.7   -7.7   11.2               
  134  134 A M  H ><5S+     0   0   29     -4,-1.7     3,-0.6    -5,-0.2    -1,-0.2   0.811 106.7  54.7 -61.9 -30.4  -24.2   -5.7    8.0               
  135  135 A A  H 3<5S+     0   0   22     -4,-0.9    -1,-0.2     1,-0.2    -2,-0.2   0.875 106.0  51.3 -68.9 -37.7  -20.4   -5.9    7.4               
  136  136 A A  T 3<5S-     0   0   59     -4,-1.6    -1,-0.2    -3,-0.2    -2,-0.2   0.462 121.7-109.7 -74.9  -4.8  -20.6   -9.8    7.7               
  137  137 A G  T < 5S+     0   0   63     -3,-0.6    -3,-0.2    -4,-0.4    -2,-0.1   0.567  70.9 144.5  81.1  12.1  -23.4   -9.8    5.1               
  138  138 A I      < -     0   0   87     -5,-2.3    -1,-0.3    -6,-0.2    -2,-0.1  -0.684  54.8-119.4 -78.7 128.3  -26.1  -10.8    7.7               
  139  139 A P        -     0   0  107      0, 0.0     3,-0.1     0, 0.0    -1,-0.0  -0.524  34.1-109.6 -65.9 135.1  -29.5   -9.1    6.9               
  140  140 A P        -     0   0   53      0, 0.0     2,-0.1     0, 0.0    -9,-0.0  -0.416  37.1-100.6 -66.0 141.4  -30.6   -6.8    9.8               
  141  141 A P        -     0   0   82      0, 0.0     2,-1.4     0, 0.0    -3,-0.0  -0.398  36.4-115.7 -62.9 132.3  -33.6   -8.1   11.9               
  142  142 A V        -     0   0  134     -2,-0.1     2,-1.6     1,-0.1     0, 0.0  -0.550  28.5-163.8 -75.4  91.4  -36.8   -6.3   10.8               
  143  143 A V        -     0   0  130     -2,-1.4    -1,-0.1     2,-0.0     0, 0.0  -0.608   7.0-160.5 -76.0  84.4  -37.8   -4.4   14.0               
  144  144 A T        -     0   0  108     -2,-1.6     2,-1.4     1,-0.1    -2,-0.0  -0.565  25.2-117.8 -61.6 124.4  -41.4   -3.6   13.2               
  145  145 A P        -     0   0  117      0, 0.0     2,-0.5     0, 0.0    -1,-0.1  -0.539  30.3-167.0 -77.8  91.7  -42.3   -0.7   15.5               
  146  146 A V        -     0   0  135     -2,-1.4     2,-0.2     1,-0.1    -3,-0.0  -0.684  24.8-123.7 -71.9 119.8  -45.2   -2.0   17.7               
  147  147 A L        -     0   0  142     -2,-0.5     2,-0.6     1,-0.1    -1,-0.1  -0.453  14.2-122.6 -62.1 133.6  -46.7    1.0   19.5               
  148  148 A A        +     0   0   99     -2,-0.2     2,-0.1     1,-0.1    -1,-0.1  -0.697  46.6 157.9 -70.1 116.5  -46.8    1.0   23.3               
  149  149 A S        -     0   0   95     -2,-0.6     2,-0.9     2,-0.0    -1,-0.1  -0.632  17.3-173.2-146.3  80.5  -50.6    1.4   24.0               
  150  150 A T        +     0   0  139     -2,-0.1     2,-0.2     2,-0.0    -2,-0.1  -0.706  24.2 137.9 -77.5 106.1  -51.5    0.1   27.4               
  151  151 A T        -     0   0  129     -2,-0.9    -2,-0.0     0, 0.0     0, 0.0  -0.765  37.0-131.1-153.3 119.9  -55.3    0.1   28.1               
  152  152 A T        +     0   0  131     -2,-0.2    -2,-0.0     1,-0.0     0, 0.0  -0.170  31.1 132.7 -31.9 134.6  -57.5   -2.5   29.7               
  153  153 A A        -     0   0   80      0, 0.0    -1,-0.0     0, 0.0     0, 0.0   0.591  23.0-145.0 161.6 120.1  -60.5   -4.3   29.3               
  154  154 A M        +     0   0  189      0, 0.0     0, 0.0     0, 0.0     0, 0.0   0.873  23.4 132.6  63.6 157.9  -62.5   -7.5   29.3               
  155  155 A S        -     0   0  104      0, 0.0     0, 0.0     0, 0.0     0, 0.0   0.954  24.0-160.9  89.0  74.9  -65.3   -9.7   27.9               
  156  156 A N        +     0   0  143      2,-0.0     0, 0.0     0, 0.0     0, 0.0   0.388  17.9 157.3  28.5 128.9  -65.6  -13.2   26.9               
  157  157 A T        +     0   0  141      0, 0.0     2,-0.3     0, 0.0     0, 0.0  -0.071   9.9 166.3-178.6 139.0  -67.5  -15.5   24.9               
  158  158 A P        +     0   0  135      0, 0.0     2,-0.2     0, 0.0    -2,-0.0  -0.902   6.5 177.4-124.6 159.9  -66.9  -19.1   23.3               
  159  159 A G        -     0   0   66     -2,-0.3     0, 0.0     1,-0.1     0, 0.0  -0.641  20.2 -16.0 158.4 153.6  -68.6  -22.1   21.7               
  160  160 A T        -     0   0  143     -2,-0.2     2,-0.1     1,-0.1    -1,-0.1   0.804  21.9-165.5-159.0 159.2  -68.7  -25.0   20.3               
  161  161 A P        -     0   0  118      0, 0.0     2,-0.3     0, 0.0    -1,-0.1  -0.456   7.3-158.1-104.8 168.4  -67.3  -28.1   18.3               
  162  162 A V        -     0   0  146     -2,-0.1     0, 0.0     0, 0.0     0, 0.0  -0.915  33.2-106.6-138.5 164.7  -68.0  -31.3   16.3               
  163  163 A T        -     0   0  142     -2,-0.3     2,-0.1     1,-0.1     0, 0.0  -0.329  21.0-120.4-114.3 168.2  -65.7  -34.3   15.7               
  164  164 A P        -     0   0  118      0, 0.0     2,-0.3     0, 0.0    -1,-0.1  -0.483   1.1-147.9-107.6 168.1  -63.4  -36.1   13.1               
  165  165 A V        -     0   0  140     -2,-0.1     0, 0.0     1,-0.1     0, 0.0  -0.995  39.7 -91.5-137.9 141.6  -62.6  -39.4   11.2               
  166  166 A T        -     0   0  130     -2,-0.3     2,-0.1     1,-0.1    -1,-0.1   0.482  41.4-125.8 -54.2 175.3  -59.0  -40.6   10.1               
  167  167 A P        -     0   0  122      0, 0.0     2,-0.3     0, 0.0    -1,-0.1  -0.365  15.4-139.0-128.5 177.0  -56.8  -40.2    7.0               
  168  168 A A        -     0   0   96      1,-0.2     0, 0.0    -2,-0.1     0, 0.0  -0.871  65.8 -19.8-151.5 131.2  -54.6  -40.9    3.9               
  169  169 A N        -     0   0  170     -2,-0.3     2,-0.3     1,-0.1    -1,-0.2   0.884  58.9-151.3  54.4 131.4  -51.3  -39.2    2.7               
  170  170 A V        +     0   0  128      1,-0.1    -1,-0.1    -3,-0.1     0, 0.0  -0.971  38.9 102.7-135.8 138.8  -49.9  -35.7    3.5               
  171  171 A V        +     0   0  137     -2,-0.3     2,-0.2     1,-0.2    -1,-0.1   0.306  44.9 100.7 164.2  92.9  -47.9  -32.7    2.4               
  172  172 A Q        +     0   0  167      1,-0.2    -1,-0.2     0, 0.0     0, 0.0  -0.762  61.3   1.1-161.5 131.0  -49.3  -29.4    1.2               
  173  173 A G        +     0   0   71     -2,-0.2    -1,-0.2     1,-0.2    -2,-0.1   0.940  34.7 146.3  76.8 113.5  -49.9  -25.9    2.8               
  174  174 A L        -     0   0  158      0, 0.0    -1,-0.2     0, 0.0     2,-0.0  -0.811  48.0-109.2-153.2 153.8  -49.4  -23.9    6.0               
  175  175 A P    >   -     0   0  101      0, 0.0     3,-0.8     0, 0.0     0, 0.0  -0.212  27.4 -76.9 -91.8 167.3  -48.7  -20.1    5.6               
  176  176 A D  T 3  S+     0   0  149      1,-0.2     0, 0.0     2,-0.1     0, 0.0  -0.517  89.8  71.7 -56.1 104.9  -46.0  -17.4    6.0               
  177  177 A P  T >  S+     0   0   88      0, 0.0     3,-1.0     0, 0.0    -1,-0.2  -0.247  79.4  71.1-141.5  -1.9  -45.2  -16.2    9.1               
  178  178 A W  G X> S+     0   0  182     -3,-0.8     3,-1.7     1,-0.2     4,-0.6   0.723  80.4  74.2 -74.4 -19.3  -43.2  -19.0   10.9               
  179  179 A V  G >4 S+     0   0  114      1,-0.3     3,-0.5     2,-0.2     4,-0.4   0.847  96.4  53.6 -60.5 -30.7  -39.9  -18.8    8.8               
  180  180 A S  G <4 S+     0   0   87     -3,-1.0    -1,-0.3     1,-0.2    -2,-0.2   0.478  96.2  68.3 -81.0  -4.4  -39.0  -15.5   10.7               
  181  181 A Q  G <4 S+     0   0  141     -3,-1.7     3,-0.5     1,-0.1    -1,-0.2   0.696  93.4  54.2 -93.0 -17.9  -39.5  -17.1   14.2               
  182  182 A I  S << S+     0   0  135     -4,-0.6     4,-0.3    -3,-0.5    -1,-0.1   0.666  91.4  75.5 -87.7 -17.7  -36.4  -19.5   14.1               
  183  183 A T  S    S+     0   0  109     -4,-0.4     2,-0.5     2,-0.1    -1,-0.2   0.467  85.1  75.6 -77.4  -1.3  -33.9  -16.6   13.2               
  184  184 A N  S    S-     0   0   94     -3,-0.5    -1,-0.1     1,-0.1    -4,-0.0  -0.956 103.6 -47.9-121.1 115.3  -33.9  -15.2   16.8               
  185  185 A T  S    S+     0   0  134     -2,-0.5    -2,-0.1     1,-0.1    -1,-0.1   0.590 102.7  67.9  42.5  56.7  -32.1  -16.7   19.8               
  186  186 A D     >  +     0   0  104     -4,-0.3     4,-2.8     3,-0.0     5,-0.2   0.250  31.6 136.7-173.2  59.6  -32.5  -20.4   20.5               
  187  187 A T  H  > S+     0   0  108      1,-0.2     4,-1.4     2,-0.2     5,-0.1   0.842  89.7  49.2 -59.6 -27.2  -31.0  -22.9   17.9               
  188  188 A L  H  > S+     0   0  119      2,-0.2     4,-2.3     3,-0.1    -1,-0.2   0.892 110.9  45.9 -79.4 -41.0  -29.9  -24.8   21.1               
  189  189 A A  H  > S+     0   0   31      2,-0.2     4,-2.9     1,-0.2     5,-0.2   0.869 111.0  54.6 -72.6 -29.5  -33.3  -24.8   22.8               
  190  190 A A  H  X S+     0   0   43     -4,-2.8     4,-2.4     2,-0.2    -2,-0.2   0.953 111.6  44.1 -61.1 -47.4  -34.9  -25.9   19.5               
  191  191 A V  H  X S+     0   0   81     -4,-1.4     4,-2.2    -5,-0.2    -2,-0.2   0.892 114.1  51.1 -64.0 -37.5  -32.5  -28.9   19.3               
  192  192 A A  H  X S+     0   0   43     -4,-2.3     4,-1.7     2,-0.2    -2,-0.2   0.923 110.6  47.6 -66.1 -42.7  -33.2  -29.5   23.1               
  193  193 A Q  H  X S+     0   0  138     -4,-2.9     4,-1.2     2,-0.2    -2,-0.2   0.896 110.8  52.2 -64.6 -39.0  -37.0  -29.5   22.5               
  194  194 A I  H  < S+     0   0  104     -4,-2.4     6,-0.5     1,-0.2     3,-0.4   0.928 111.8  46.4 -61.9 -41.9  -36.5  -31.8   19.4               
  195  195 A L  H  < S+     0   0   94     -4,-2.2    -2,-0.2     1,-0.2    -1,-0.2   0.784 114.4  47.9 -69.3 -29.1  -34.5  -34.2   21.8               
  196  196 A Q  H  < S+     0   0  153     -4,-1.7    -1,-0.2    -5,-0.1    -2,-0.2   0.578  93.9 101.2 -84.1 -14.8  -37.3  -33.9   24.5               
  197  197 A S  S  X S-     0   0   29     -4,-1.2     4,-1.4    -3,-0.4     3,-0.5  -0.281  90.6-109.0 -64.9 157.7  -40.1  -34.5   21.9               
  198  198 A P  H  > S+     0   0  106      0, 0.0     4,-1.8     0, 0.0    -1,-0.1   0.843 124.0  55.1 -56.2 -30.8  -41.7  -38.0   21.6               
  199  199 A Q  H  > S+     0   0  150      2,-0.2     4,-2.2     1,-0.2     5,-0.1   0.863 101.4  57.3 -71.8 -33.0  -39.9  -38.4   18.3               
  200  200 A G  H  > S+     0   0    6     -6,-0.5     4,-1.6    -3,-0.5    -1,-0.2   0.833 106.6  50.0 -63.6 -31.3  -36.6  -37.7   20.1               
  201  201 A Q  H  X S+     0   0  130     -4,-1.4     4,-2.6     2,-0.2    -2,-0.2   0.916 107.3  52.6 -73.3 -41.0  -37.4  -40.7   22.4               
  202  202 A Q  H  X S+     0   0  135     -4,-1.8     4,-2.6     2,-0.2    -2,-0.2   0.908 108.6  51.8 -59.2 -39.1  -38.1  -42.9   19.3               
  203  203 A L  H  X S+     0   0   67     -4,-2.2     4,-2.3     2,-0.2    -1,-0.2   0.914 110.1  48.2 -63.9 -41.6  -34.6  -41.9   18.0               
  204  204 A Q  H  X S+     0   0  119     -4,-1.6     4,-2.5     2,-0.2    -2,-0.2   0.922 112.7  48.7 -61.6 -42.2  -33.1  -42.9   21.3               
  205  205 A Q  H  X S+     0   0  128     -4,-2.6     4,-2.3     2,-0.2    -2,-0.2   0.883 111.5  48.9 -69.2 -36.4  -34.9  -46.2   21.2               
  206  206 A L  H  X S+     0   0   77     -4,-2.6     4,-2.5     2,-0.2    -2,-0.2   0.930 112.8  48.0 -65.0 -44.6  -33.8  -46.9   17.6               
  207  207 A I  H  X S+     0   0   83     -4,-2.3     4,-1.7     2,-0.2    -2,-0.2   0.905 111.8  50.0 -62.8 -41.5  -30.2  -46.1   18.6               
  208  208 A Q  H  X S+     0   0   84     -4,-2.5     4,-1.3     2,-0.2    -2,-0.2   0.913 110.9  49.5 -63.7 -41.0  -30.5  -48.4   21.6               
  209  209 A T  H  X S+     0   0   89     -4,-2.3     4,-0.8     1,-0.2     3,-0.4   0.929 110.6  50.2 -62.8 -44.6  -31.9  -51.2   19.3               
  210  210 A L  H  < S+     0   0   92     -4,-2.5     4,-0.2     1,-0.2    -1,-0.2   0.795 107.7  53.9 -66.0 -29.9  -29.0  -50.7   16.9               
  211  211 A Q  H >< S+     0   0  140     -4,-1.7     3,-0.8     1,-0.2    -1,-0.2   0.809 100.7  60.6 -74.6 -27.9  -26.4  -50.9   19.7               
  212  212 A I  H >< S+     0   0  116     -4,-1.3     3,-0.8    -3,-0.4    -1,-0.2   0.816  95.5  62.6 -68.0 -29.3  -27.7  -54.3   21.0               
  213  213 A Q  T 3< S+     0   0  132     -4,-0.8    -1,-0.2     1,-0.2    -2,-0.1   0.563  77.9  84.3 -81.1  -7.7  -27.0  -56.1   17.6               
  214  214 A Q  T <   +     0   0  180     -3,-0.8     2,-0.8    -4,-0.2    -1,-0.2   0.442  64.2 100.7 -81.3   4.7  -23.1  -55.7   17.5               
  215  215 A Q  S <  S-     0   0  183     -3,-0.8    -1,-0.1     1,-0.2    -3,-0.0  -0.818  88.5  -4.3 -93.5 113.6  -22.4  -58.8   19.7               
  216  216 A K  S    S-     0   0  199     -2,-0.8     2,-0.4     1,-0.1    -1,-0.2   0.819  79.7-113.1  79.4 115.9  -21.4  -61.9   17.6               
  217  217 A P        +     0   0  123      0, 0.0    -1,-0.1     0, 0.0    -3,-0.1  -0.597  42.9 149.0 -85.7 129.8  -21.3  -61.9   13.8               
  218  218 A Q        -     0   0  174     -2,-0.4     2,-1.5     0, 0.0     3,-0.5  -0.872  33.2-147.8-140.2 122.3  -23.4  -63.9   11.3               
  219  219 A P        +     0   0  129      0, 0.0     0, 0.0     0, 0.0     0, 0.0  -0.557  69.9  88.1 -88.2  77.0  -24.1  -62.2    7.9               
  220  220 A S  S    S+     0   0   93     -2,-1.5     3,-0.1     0, 0.0     0, 0.0   0.441  73.5  56.2-146.5   0.3  -27.6  -63.4    7.0               
  221  221 A I  S >  S+     0   0  126     -3,-0.5     3,-2.2     1,-0.1     4,-0.1   0.561  70.6  95.0-119.6  -9.1  -30.4  -61.1    8.4               
  222  222 A L  G >  S+     0   0  137      1,-0.3     3,-0.7     2,-0.1    -1,-0.1   0.551  71.9  76.3 -67.6  -1.9  -29.6  -57.6    7.1               
  223  223 A Q  G 3  S+     0   0  193      1,-0.2    -1,-0.3    -3,-0.1    -2,-0.1   0.549  82.1  71.5 -74.7  -9.3  -32.1  -58.2    4.2               
  224  224 A A  G <   +     0   0   82     -3,-2.2     2,-0.8     2,-0.1    -1,-0.2   0.366  68.4 100.2 -92.9   1.9  -35.0  -57.6    6.8               
  225  225 A L  S <  S-     0   0  104     -3,-0.7     5,-0.1    -4,-0.1    -3,-0.0  -0.829  79.6-124.2 -88.3 107.9  -34.5  -53.8    7.2               
  226  226 A D    >>  -     0   0  102     -2,-0.8     4,-1.6     1,-0.1     3,-0.6  -0.185   7.3-130.7 -52.4 135.6  -37.2  -52.2    5.0               
  227  227 A A  H 3> S+     0   0   69      1,-0.2     4,-2.7     2,-0.2     5,-0.2   0.816 105.8  63.6 -61.0 -31.1  -35.9  -49.8    2.4               
  228  228 A G  H 3> S+     0   0   33      2,-0.2     4,-2.5     1,-0.2    -1,-0.2   0.904 104.2  46.1 -60.1 -41.9  -38.5  -47.2    3.5               
  229  229 A L  H <> S+     0   0  103     -3,-0.6     4,-2.7     2,-0.2    -2,-0.2   0.886 113.0  48.8 -69.9 -39.0  -36.9  -47.0    7.0               
  230  230 A V  H  X S+     0   0   74     -4,-1.6     4,-2.6     2,-0.2    -2,-0.2   0.936 113.5  47.6 -65.8 -42.7  -33.4  -46.7    5.6               
  231  231 A V  H  X S+     0   0   93     -4,-2.7     4,-2.7     2,-0.2    -2,-0.2   0.908 113.4  47.9 -65.2 -41.7  -34.6  -43.9    3.2               
  232  232 A Q  H  X S+     0   0  138     -4,-2.5     4,-3.0     2,-0.2     5,-0.3   0.944 113.9  46.4 -62.4 -46.6  -36.4  -42.1    6.1               
  233  233 A L  H  X S+     0   0   74     -4,-2.7     4,-2.4     1,-0.2    -2,-0.2   0.896 116.2  45.7 -64.2 -38.0  -33.3  -42.4    8.3               
  234  234 A Q  H  X S+     0   0  136     -4,-2.6     4,-2.3     2,-0.2    -2,-0.2   0.883 114.7  47.5 -71.3 -37.9  -31.1  -41.2    5.4               
  235  235 A A  H  X S+     0   0   45     -4,-2.7     4,-2.5     2,-0.2    -2,-0.2   0.910 115.2  44.7 -68.8 -42.1  -33.5  -38.3    4.5               
  236  236 A L  H  X S+     0   0   95     -4,-3.0     4,-2.9     2,-0.2     5,-0.2   0.919 115.3  48.3 -70.7 -39.3  -33.8  -37.2    8.2               
  237  237 A T  H  X S+     0   0   71     -4,-2.4     4,-2.5    -5,-0.3    -2,-0.2   0.899 112.6  49.5 -62.3 -39.5  -29.9  -37.5    8.5               
  238  238 A A  H  X S+     0   0   54     -4,-2.3     4,-2.4     2,-0.2    -2,-0.2   0.881 111.7  48.1 -68.8 -36.1  -29.7  -35.5    5.3               
  239  239 A Q  H  X S+     0   0  140     -4,-2.5     4,-2.8     2,-0.2    -2,-0.2   0.938 115.2  44.3 -67.7 -45.4  -32.1  -32.8    6.7               
  240  240 A L  H  X S+     0   0  100     -4,-2.9     4,-2.6     2,-0.2    -2,-0.2   0.892 117.2  46.6 -64.6 -37.8  -30.1  -32.7   10.0               
  241  241 A T  H  X S+     0   0   83     -4,-2.5     4,-2.2    -5,-0.2    -2,-0.2   0.853 113.6  48.3 -72.3 -34.0  -26.9  -32.6    7.9               
  242  242 A A  H  X S+     0   0   57     -4,-2.4     4,-3.1     2,-0.2    -2,-0.2   0.882 113.7  46.5 -73.7 -37.2  -28.3  -29.9    5.6               
  243  243 A A  H  X S+     0   0   63     -4,-2.8     4,-2.4     2,-0.2    -2,-0.2   0.938 117.1  44.1 -66.2 -45.0  -29.5  -27.8    8.6               
  244  244 A A  H  X S+     0   0   50     -4,-2.6     4,-0.6    -5,-0.2    -2,-0.2   0.864 116.2  47.9 -65.7 -36.1  -26.0  -28.4   10.2               
  245  245 A A  H >< S+     0   0   45     -4,-2.2     3,-0.8     2,-0.2    -2,-0.2   0.941 110.7  50.0 -71.5 -44.5  -24.4  -27.6    6.7               
  246  246 A A  H >X S+     0   0   57     -4,-3.1     3,-1.5     1,-0.3     4,-0.8   0.938 112.0  48.7 -56.4 -46.5  -26.5  -24.4    6.2               
  247  247 A A  H 3< S+     0   0   70     -4,-2.4    -1,-0.3     1,-0.3    -2,-0.2   0.693 115.4  45.8 -64.9 -19.8  -25.5  -23.3    9.7               
  248  248 A N  T << S+     0   0  114     -3,-0.8    -1,-0.3    -4,-0.6    -2,-0.2   0.131 100.1  67.6-110.2  17.1  -21.8  -24.2    8.7               
  249  249 A T  T <4 S+     0   0  102     -3,-1.5     2,-0.8     1,-0.1    -2,-0.2   0.507  80.8  75.9-111.2  -7.6  -22.0  -22.4    5.2               
  250  250 A L  S  < S+     0   0  151     -4,-0.8    -1,-0.1    -5,-0.2    -4,-0.1  -0.369  74.6 162.6 -80.0  48.9  -22.3  -19.0    6.9               
  251  251 A T        -     0   0  101     -2,-0.8     2,-0.5    -3,-0.1    -3,-0.1  -0.634  40.8-105.3 -77.4 136.6  -18.5  -19.5    7.5               
  252  252 A P        -     0   0   98      0, 0.0     3,-0.4     0, 0.0     2,-0.3  -0.505  29.3-171.8 -91.4 118.1  -16.9  -16.2    8.3               
  253  253 A L  S    S+     0   0  158     -2,-0.5     0, 0.0     1,-0.2     0, 0.0  -0.746  81.9  24.4 -75.9 141.2  -14.7  -14.1    6.1               
  254  254 A E  S    S+     0   0  130     -2,-0.3     2,-0.3     1,-0.1    -1,-0.2   0.822  92.9 110.8  66.2  45.9  -13.2  -11.2    8.4               
  255  255 A Q        +     0   0  166     -3,-0.4    -1,-0.1     1,-0.1     0, 0.0  -0.963  40.2  51.4-138.0 138.6  -13.2  -12.5   12.0               
  256  256 A G        +     0   0   73     -2,-0.3    -1,-0.1     0, 0.0    -2,-0.0   0.704  54.6  96.7 133.3  28.1  -10.8  -13.6   14.7               
  257  257 A V        +     0   0  139      1,-0.0     2,-2.1     3,-0.0    -2,-0.0  -0.307  34.7 148.5-120.3  54.8   -7.6  -11.8   16.1               
  258  258 A S        +     0   0  127      1,-0.1     2,-0.3     2,-0.1     3,-0.1  -0.455  29.2 130.9 -73.7  64.7   -9.2  -10.1   19.2               
  259  259 A F        +     0   0  168     -2,-2.1    -1,-0.1     1,-0.1     0, 0.0  -0.756  41.6  60.4-131.4  85.3   -5.9  -10.4   21.2               
  260  260 A N    >>  +     0   0   78     -2,-0.3     3,-1.9     5,-0.0     4,-1.4   0.264  49.7 121.4-173.3  22.8   -4.6   -7.3   23.0               
  261  261 A K  T 34 S+     0   0  188      1,-0.3    -3,-0.0     2,-0.2    -2,-0.0   0.033  92.6  37.1 -70.7  26.0   -7.2   -6.2   25.7               
  262  262 A K  T 34 S+     0   0  189     -2,-0.9    -1,-0.3     0, 0.0    -3,-0.0   0.180 112.7  54.7-158.0  14.6   -4.3   -6.7   28.3               
  263  263 A L  T <4 S+     0   0   78     -3,-1.9     3,-0.3     4,-0.0    -2,-0.2   0.438  99.7  57.4-130.6 -15.2   -1.2   -5.4   26.3               
  264  264 A M  S >< S+     0   0  116     -4,-1.4     2,-1.5     1,-0.2     3,-1.3   0.818  93.3  70.3 -81.2 -32.9   -2.4   -1.9   25.3               
  265  265 A D  T 3  S+     0   0  125     -5,-0.3    -1,-0.2     1,-0.2     3,-0.1  -0.213  91.3  62.4 -81.3  42.2   -3.1   -0.9   29.0               
  266  266 A R  T 3  S+     0   0  210     -2,-1.5    -1,-0.2    -3,-0.3    -2,-0.1   0.212  85.3  71.7-146.1   9.9    0.8   -0.8   29.7               
  267  267 A F    <   +     0   0  157     -3,-1.3     2,-0.3     0, 0.0    -2,-0.0  -0.579  69.9 102.8-133.4  63.5    2.0    2.0   27.3               
  268  268 A D        +     0   0  140      1,-0.2    -3,-0.0    -3,-0.1     0, 0.0  -0.935  44.2  80.6-142.6 156.4    0.7    5.2   28.9               
  269  269 A F        +     0   0  193     -2,-0.3    -1,-0.2     0, 0.0    -3,-0.0   0.579  47.4  85.5  64.8 135.4    2.7    7.7   30.9               
  270  270 A G        +     0   0   69      0, 0.0     2,-0.1     0, 0.0     3,-0.0   0.832  26.5 170.1-135.0 158.5    4.7   10.1   30.2               
  271  271 A E        -     0   0  147      1,-0.1     2,-0.7     0, 0.0     0, 0.0   0.191  45.2-102.3  80.4 103.8    4.8   13.3   29.4               
  272  272 A D        -     0   0  178     -2,-0.1     2,-0.4     2,-0.0    -1,-0.1  -0.908  58.4-157.0 -82.4 109.5    7.4   16.2   29.0               
  273  273 A S        +     0   0   80     -2,-0.7     2,-0.3    -3,-0.0     3,-0.1  -0.786  29.8 176.7 -98.6 140.9    6.7   17.9   32.4               
  274  274 A E        -     0   0  174     -2,-0.4    -2,-0.0     1,-0.2     0, 0.0  -0.856  47.6  -1.8-136.0 112.3    7.1   21.4   33.9               
  275  275 A H        +     0   0  165     -2,-0.3    -1,-0.2     0, 0.0     0, 0.0   0.889  58.5  43.0  56.0 140.2    5.9   22.1   37.4               
  276  276 A S        -     0   0   78     -3,-0.1    -2,-0.0     0, 0.0     0, 0.0   0.768  26.8-106.7-161.2 152.1    4.5   21.6   40.3               
  277  277 A E        +     0   0  174      2,-0.0     0, 0.0     0, 0.0     0, 0.0   0.856  31.7  62.1  41.4 147.4    3.4   20.1   43.6               
  278  278 A E        +     0   0  142      1,-0.1     2,-0.2     0, 0.0     0, 0.0   0.789  24.8 158.2-148.3 152.4    1.9   18.7   46.2               
  279  279 A P        -     0   0  103      0, 0.0     2,-0.1     0, 0.0    -1,-0.1  -0.650   7.1-179.3-110.2 171.9    0.2   15.4   47.3               
  280  280 A K        +     0   0  166     -2,-0.2     0, 0.0     1,-0.2     0, 0.0  -0.506  23.3  16.0-175.9 142.5   -0.8   13.2   50.3               
  281  281 A K        -     0   0  167     -2,-0.1    -1,-0.2     0, 0.0     0, 0.0   0.884  27.5-175.4  68.9 119.0   -2.5   10.0   51.7               
  282  282 A E        +     0   0  149      2,-0.0    -2,-0.0     0, 0.0     0, 0.0   0.663  19.6 171.9  75.3 134.6   -3.7    6.8   51.7               
  283  283 A I        -     0   0  154      0, 0.0     2,-0.1     0, 0.0     0, 0.0   0.514  32.6-141.8-150.9 171.9   -5.2    4.1   52.6               
  284  284 A P        -     0   0  111      0, 0.0    -2,-0.0     0, 0.0     0, 0.0  -0.424  13.2 -14.1-113.3 168.1   -6.2    0.8   50.7               
  285  285 A A        +     0   0   92     -2,-0.1     2,-0.0     1,-0.0     0, 0.0   0.970   7.8 168.6  68.9 126.5   -8.1   -2.2   49.5               
  286  286 A S        -     0   0  111      2,-0.1    -1,-0.0     1,-0.1     0, 0.0  -0.147  30.5-110.7-173.2 127.6  -10.4   -5.0   49.2               
  287  287 A Q        +     0   0  174     -2,-0.0    -1,-0.1     2,-0.0    -2,-0.0   0.871  31.0 131.6  53.3 162.2  -11.6   -7.6   46.7               
  288  288 A L        +     0   0  168      2,-0.0    -2,-0.1     0, 0.0     0, 0.0   0.571  30.6  33.2  71.8 144.3  -14.4   -9.0   44.4               
  289  289 A S        -     0   0  107      0, 0.0     2,-0.4     0, 0.0    -2,-0.0   0.808  19.5-178.6-140.0 178.9  -15.6  -10.1   41.7               
  290  290 A H        +     0   0  167      2,-0.0     2,-0.3     0, 0.0    -2,-0.0  -0.738  32.1 143.6-137.3  86.5  -14.9  -12.2   38.4               
  291  291 A V        +     0   0  103     -2,-0.4     0, 0.0     3,-0.1     0, 0.0  -0.954  30.0  26.9-148.2 146.2  -17.5  -12.7   35.6               
  292  292 A S  S  > S+     0   0   85     -2,-0.3     4,-0.5     0, 0.0    -1,-0.1  -0.664  88.9  60.4-152.1  26.7  -18.4  -13.0   32.4               
  293  293 A E  H  > S+     0   0  165      1,-0.2     4,-0.5     2,-0.1    -2,-0.0   0.679 105.2  58.1 -86.7 -14.5  -16.1  -14.4   29.6               
  294  294 A S  H  > S+     0   0   60      2,-0.1     4,-1.8     3,-0.1     3,-0.2   0.828  91.6  71.7 -73.7 -32.6  -15.7  -17.7   31.4               
  295  295 A V  H >> S+     0   0   53      1,-0.2     4,-3.1     2,-0.2     3,-0.7   0.924  97.2  44.3 -60.3 -52.8  -19.4  -18.5   31.5               
  296  296 A N  H 3X S+     0   0  120     -4,-0.5     4,-1.2     1,-0.3    -1,-0.2   0.815 118.4  46.2 -64.9 -28.8  -20.0  -19.3   27.7               
  297  297 A N  H 3< S+     0   0  109     -4,-0.5     4,-0.5    -3,-0.2    -1,-0.3   0.737 115.8  47.0 -78.8 -26.1  -16.8  -21.4   27.8               
  298  298 A S  H <X S+     0   0   63     -4,-1.8     4,-2.7    -3,-0.7     3,-0.3   0.901 108.8  51.8 -83.8 -44.0  -17.9  -23.1   31.1               
  299  299 A I  H  X S+     0   0   79     -4,-3.1     4,-3.1     1,-0.2     5,-0.4   0.942 110.2  50.5 -59.2 -46.3  -21.6  -23.9   30.0               
  300  300 A F  H  X S+     0   0  146     -4,-1.2     4,-1.2    -5,-0.3    -1,-0.2   0.801 114.6  44.6 -62.1 -28.9  -20.2  -25.6   26.8               
  301  301 A H  H  > S+     0   0   50     -4,-0.5     4,-1.3    -3,-0.3    -2,-0.2   0.864 114.5  48.5 -77.8 -37.2  -17.8  -27.6   29.1               
  302  302 A Q  H  X S+     0   0  124     -4,-2.7     4,-2.8     2,-0.2    -2,-0.2   0.913 114.3  44.3 -73.4 -42.6  -20.6  -28.4   31.6               
  303  303 A I  H  X S+     0   0   97     -4,-3.1     4,-2.9     2,-0.2     5,-0.3   0.933 115.4  48.9 -65.4 -45.3  -23.2  -29.5   29.0               
  304  304 A A  H  X S+     0   0   52     -4,-1.2     4,-0.5    -5,-0.4    -2,-0.2   0.777 116.3  43.6 -65.8 -26.4  -20.4  -31.5   27.2               
  305  305 A E  H  X S+     0   0   62     -4,-1.3     4,-1.4     2,-0.1    -2,-0.2   0.847 115.0  48.8 -84.5 -34.8  -19.4  -33.1   30.6               
  306  306 A Q  H  X S+     0   0  125     -4,-2.8     4,-3.1     2,-0.2     3,-0.4   0.950 112.2  46.8 -69.6 -49.0  -23.1  -33.7   31.6               
  307  307 A L  H  X S+     0   0  100     -4,-2.9     4,-1.7     1,-0.2    -1,-0.2   0.834 115.9  48.0 -60.0 -33.0  -24.1  -35.4   28.3               
  308  308 A Q  H  X S+     0   0  105     -4,-0.5     4,-1.0    -5,-0.3    -1,-0.2   0.716 111.2  49.1 -84.8 -22.8  -20.9  -37.5   28.6               
  309  309 A Q  H  X S+     0   0  101     -4,-1.4     4,-2.7    -3,-0.4     3,-0.3   0.937 109.6  52.8 -74.1 -47.4  -21.7  -38.3   32.3               
  310  310 A Q  H  X S+     0   0  127     -4,-3.1     4,-2.8     1,-0.3     5,-0.2   0.894 110.7  47.2 -53.3 -46.0  -25.3  -39.4   31.3               
  311  311 A N  H  X S+     0   0  111     -4,-1.7     4,-2.0     1,-0.2    -1,-0.3   0.874 115.2  45.7 -63.2 -38.1  -23.9  -41.7   28.6               
  312  312 A L  H  X S+     0   0  122     -4,-1.0     4,-1.1    -3,-0.3    -2,-0.2   0.813 114.7  47.7 -75.8 -31.2  -21.3  -43.2   31.1               
  313  313 A E  H  X S+     0   0  109     -4,-2.7     4,-2.6     2,-0.2    -2,-0.2   0.905 111.8  48.9 -75.9 -40.8  -24.0  -43.6   33.8               
  314  314 A H  H  X S+     0   0  102     -4,-2.8     4,-2.9    -5,-0.2     5,-0.2   0.952 113.2  47.7 -63.3 -45.0  -26.5  -45.2   31.4               
  315  315 A L  H  X S+     0   0  110     -4,-2.0     4,-1.3    -5,-0.2    -1,-0.2   0.839 114.0  48.4 -62.1 -32.8  -23.7  -47.6   30.3               
  316  316 A R  H  X S+     0   0  189     -4,-1.1     4,-0.8     2,-0.2    -2,-0.2   0.859 110.8  49.2 -75.7 -36.7  -22.9  -48.2   34.0               
  317  317 A Q  H >X S+     0   0  119     -4,-2.6     4,-2.9     2,-0.2     3,-1.1   0.959 111.1  50.3 -65.3 -46.3  -26.6  -48.9   34.9               
  318  318 A Q  H 3X S+     0   0   88     -4,-2.9     4,-0.9     1,-0.3    -2,-0.2   0.833 112.0  48.1 -60.8 -33.4  -26.9  -51.3   32.0               
  319  319 A L  H 3< S+     0   0  134     -4,-1.3    -1,-0.3    -5,-0.2    -2,-0.2   0.650 115.9  44.8 -78.2 -18.1  -23.7  -53.1   33.2               
  320  320 A L  H X< S+     0   0  123     -3,-1.1     3,-1.2    -4,-0.8    -2,-0.2   0.814 108.6  54.3 -92.3 -37.0  -25.1  -53.2   36.8               
  321  321 A E  H >< S+     0   0  171     -4,-2.9     3,-0.5     1,-0.3    -2,-0.2   0.781  99.3  63.3 -72.4 -24.5  -28.6  -54.4   35.9               
  322  322 A Q  T 3< S+     0   0  174     -4,-0.9    -1,-0.3    -5,-0.3    -2,-0.1   0.243  92.1  74.1 -79.1  14.0  -27.2  -57.4   34.0               
  323  323 A Q  T <  S+     0   0  157     -3,-1.2    -1,-0.2     1,-0.1    -2,-0.1  -0.183  80.1  76.7-129.3  44.9  -25.7  -58.6   37.4               
  324  324 A Q    <   +     0   0  171     -3,-0.5     2,-0.2     1,-0.0    -1,-0.1  -0.874  28.4 153.0-148.7 128.9  -28.7  -60.0   39.4               
  325  325 A P        -     0   0  116      0, 0.0    -3,-0.0     0, 0.0    -1,-0.0  -0.684  54.6 -49.4-133.1 119.4  -30.9  -62.8   39.7               
  326  326 A Q        +     0   0  152     -2,-0.2    -2,-0.0     0, 0.0     0, 0.0   0.962  58.8  77.3  74.4 126.6  -32.5  -63.7   43.1               
  327  327 A K        +     0   0  197      0, 0.0     0, 0.0     0, 0.0     0, 0.0   0.774  33.3  58.0  73.8 137.3  -32.4  -64.3   46.9               
  328  328 A A        -     0   0   79      0, 0.0     0, 0.0     0, 0.0     0, 0.0   0.732  38.7 -79.3-165.0 169.9  -32.2  -63.4   49.9               
  329  329 A T        -     0   0  142      0, 0.0     2,-0.1     0, 0.0     0, 0.0   0.514  30.4-160.4  75.9 151.7  -32.6  -61.8   53.5               
  330  330 A P        +     0   0  108      0, 0.0     0, 0.0     0, 0.0     0, 0.0  -0.230  17.0 146.1-137.5-159.9  -32.0  -58.6   55.4               
  331  331 A Q        +     0   0  173     -2,-0.1     0, 0.0     2,-0.0     0, 0.0   0.522  20.1  98.5  73.0 143.1  -31.4  -56.1   58.5               
  332  332 A D        -     0   0  119      0, 0.0     0, 0.0     0, 0.0     0, 0.0   0.916  30.0 -24.9-164.1 175.2  -29.9  -53.4   59.9               
  333  333 A S        -     0   0   93      0, 0.0    -2,-0.0     0, 0.0     0, 0.0   0.731  12.4-113.5-161.3-160.9  -29.8  -50.1   60.8               
  334  334 A Q        -     0   0  158      1,-0.1     0, 0.0     0, 0.0     0, 0.0   0.177  22.7-117.2 -48.7 177.1  -29.8  -46.3   61.7               
  335  335 A E        +     0   0  169      2,-0.0    -1,-0.1     0, 0.0     0, 0.0   0.678  21.3 148.7-179.2 166.1  -28.4  -43.1   61.9               
  336  336 A G        -     0   0   68      0, 0.0     2,-0.1     0, 0.0     0, 0.0   0.788  15.7-156.4  79.8 111.0  -26.9  -39.7   63.2               
  337  337 A T        +     0   0  130      0, 0.0     2,-0.1     0, 0.0    -2,-0.0  -0.265  15.4 154.8  74.5  94.8  -24.7  -37.3   62.6               
  338  338 A F        -     0   0  205      1,-0.3     0, 0.0    -2,-0.1     0, 0.0  -0.263  24.5 -75.1-171.0 143.4  -22.7  -34.7   64.2               
  339  339 A G        -     0   0   67     -2,-0.1    -1,-0.3     0, 0.0     0, 0.0   0.441  16.2-156.4  64.6 176.0  -19.5  -32.6   63.8               
  340  340 A S        +     0   0   92      0, 0.0    -2,-0.0     0, 0.0     0, 0.0   0.649  10.0 155.5-161.7 167.0  -16.8  -31.2   63.6               
  341  341 A E        +     0   0  146      0, 0.0     0, 0.0     0, 0.0     0, 0.0   0.838  18.5 130.3  52.8 167.3  -13.7  -28.9   63.4               
  342  342 A H        -     0   0  148      0, 0.0     0, 0.0     0, 0.0     0, 0.0   0.986  20.6-150.8  76.0  95.5   -9.9  -28.4   63.9               
  343  343 A S        +     0   0  109      0, 0.0     0, 0.0     0, 0.0     0, 0.0   0.965  19.6 114.7  75.2 148.5   -6.9  -27.2   62.5               
  344  344 A A        -     0   0  100      0, 0.0     0, 0.0     0, 0.0     0, 0.0   0.956  23.1-132.9  81.0 120.6   -3.2  -27.1   62.0               
  345  345 A S        +     0   0  112      2,-0.0     2,-0.0     0, 0.0     0, 0.0  -0.280  27.3 113.7 -58.5 173.1    0.1  -27.4   60.1               
  346  346 A P        -     0   0  115      0, 0.0     0, 0.0     0, 0.0     0, 0.0   0.367  34.7 -85.8-138.5-163.2    3.0  -28.5   60.1               
  347  347 A S        +     0   0  108     -2,-0.0     2,-0.1    72,-0.0    -2,-0.0   0.307  26.2 145.3   9.0 126.3    6.0  -30.7   59.0               
  348  348 A Q        +     0   0  162     71,-0.2    71,-0.1    73,-0.0     2,-0.0  -0.445  13.9 169.3-164.4 147.7    7.8  -33.6   59.4               
  349  349 A G        +     0   0   32     69,-0.1    69,-0.4    -2,-0.1    71,-0.1  -0.000   7.6 148.0 -98.4-152.5    9.8  -35.8   56.8               
  350  350 A S        +     0   0   32     67,-0.2    67,-0.1    69,-0.1    70,-0.1   0.849  21.7  74.9  75.9 117.5   12.2  -38.8   56.9               
  351  351 A S        +     0   0   37     68,-0.1    66,-0.2    65,-0.0    65,-0.0   0.583  24.6 157.3-155.1 161.0   13.2  -41.4   55.3               
  352  352 A Q        -     0   0   81     64,-0.4    65,-0.0    -2,-0.0    66,-0.0   0.827   8.6-158.1  54.0 159.7   14.9  -43.3   52.6               
  353  353 A Q        +     0   0  124     63,-0.0    64,-0.0    64,-0.0     0, 0.0   0.777  32.8  27.8-142.4-171.5   16.3  -45.9   51.0               
  354  354 A H        +     0   0  156     -2,-0.0     0, 0.0     0, 0.0     0, 0.0   0.846  35.0 158.3-139.1-175.6   18.4  -47.4   48.7               
  355  355 A F        +     0   0  135      2,-0.1     0, 0.0     0, 0.0     0, 0.0   0.877  17.1 162.1-170.1-149.0   21.3  -46.9   46.9               
  356  356 A L        +     0   0  149      1,-0.3     0, 0.0     2,-0.0     0, 0.0   0.777  30.2 137.5  51.2  64.1   24.4  -48.2   44.8               
  357  357 A E        -     0   0   84      0, 0.0    -1,-0.3     0, 0.0    -2,-0.1  -0.705  24.6-172.4 -83.7 173.9   26.3  -46.1   42.6               
  358  358 A P        -     0   0   98      0, 0.0    -2,-0.0     0, 0.0     0, 0.0   0.087   3.9 -69.8-152.2-141.2   29.4  -45.6   42.1               
  359  359 A E        -     0   0   97     -2,-0.1     0, 0.0     2,-0.0     0, 0.0   0.817  24.0 -50.7-167.7 154.6   32.3  -44.3   40.8               
  360  360 A V        +     0   0  119      2,-0.0     0, 0.0     1,-0.0     0, 0.0   0.494  25.7 139.2  71.7 170.0   35.5  -43.1   38.7               
  361  361 A N        -     0   0  141      0, 0.0    -1,-0.0     0, 0.0    -2,-0.0   0.463  21.4-156.6  73.9 150.9   38.3  -43.8   36.2               
  362  362 A L        +     0   0  141      2,-0.0    -2,-0.0     0, 0.0     0, 0.0   0.848  23.9  65.6-152.9-140.2   40.0  -42.8   33.7               
  363  363 A D        -     0   0  131      1,-0.1     0, 0.0     0, 0.0     0, 0.0   0.298  48.5 -68.7 -58.4 174.3   42.1  -42.0   30.5               
  364  364 A D        +     0   0  149      0, 0.0    -1,-0.1     0, 0.0    -2,-0.0   0.297  52.7  72.8 -30.2 163.7   42.3  -42.5   26.7               
  365  365 A S        +     0   0  102      0, 0.0     0, 0.0     0, 0.0     0, 0.0   0.729  31.8  48.6  98.1 138.5   42.7  -45.0   24.0               
  366  366 A I        +     0   0  145      0, 0.0     0, 0.0     0, 0.0     0, 0.0   0.597  27.8  79.4  63.1 158.5   42.0  -47.9   21.6               
  367  367 A D        +     0   0  124      0, 0.0     0, 0.0     0, 0.0     0, 0.0   0.837  21.2 146.8-170.5 171.7   40.4  -49.9   19.4               
  368  368 A I        +     0   0  118      0, 0.0     0, 0.0     0, 0.0     0, 0.0   0.911  13.2 175.7-169.0-167.6   39.4  -50.8   16.3               
  369  369 A Q        +     0   0  147      0, 0.0     0, 0.0     0, 0.0     0, 0.0   0.626  53.9  51.9  73.0 131.6   38.2  -52.7   13.1               
  370  370 A Q  S    S-     0   0  133      0, 0.0   498,-0.1     0, 0.0     0, 0.0   0.591  87.7 -34.9-153.9 134.0   37.1  -52.4   10.3               
  371  371 A Q        +     0   0   80    496,-0.1   498,-0.7     0, 0.0   497,-0.1   0.563  48.6 132.2-157.1 127.2   38.6  -50.4    8.3               
  372  372 A D        -     0   0   90    496,-0.2   497,-0.1   498,-0.0   496,-0.1   0.838  19.3-135.4  93.6 169.7   40.5  -47.4    7.3               
  373  373 A M        -     0   0   74    496,-0.2     2,-0.2   497,-0.1   499,-0.1   0.438  25.8 -61.9-143.5-143.1   42.8  -45.5    5.9               
  374  374 A D        -     0   0   81    497,-0.5   496,-0.0     1,-0.1     0, 0.0  -0.453  16.3-108.5-122.8 141.3   45.2  -42.7    6.2               
  375  375 A I        +     0   0  129     -2,-0.2    -1,-0.1   497,-0.0     2,-0.1   0.690  14.5 161.9  51.1 114.8   46.9  -39.4    6.6               
  376  376 A D        +     0   0  102    496,-0.1     2,-0.3   497,-0.0   496,-0.1  -0.139   9.4 172.6 171.3 136.3   48.7  -36.4    5.2               
  377  377 A E        -     0   0  179     -2,-0.1     2,-0.4     0, 0.0     0, 0.0  -0.687  22.8-172.8  60.3  79.1   49.3  -33.3    6.2               
  378  378 A G        -     0   0   75     -2,-0.3     2,-0.1     0, 0.0    -2,-0.0  -0.968   3.0-170.8-136.1 118.4   51.8  -31.8    3.6               
  379  379 A Q        +     0   0  172     -2,-0.4     0, 0.0     2,-0.0     0, 0.0  -0.306  27.0 114.2 -83.2-177.3   53.5  -28.4    4.0               
  380  380 A D        +     0   0  158     -2,-0.1     0, 0.0     0, 0.0     0, 0.0   0.841  19.9 142.5  71.4 122.1   55.6  -26.5    1.4               
  381  381 A G        +     0   0   65      0, 0.0    -2,-0.0     0, 0.0     0, 0.0   0.691  12.3 171.9 163.1-167.6   55.3  -23.9   -0.1               
  382  382 A V        +     0   0  122      0, 0.0     0, 0.0     0, 0.0     0, 0.0   0.899  24.4   1.7  57.1 106.3   57.1  -20.9   -1.5               
  383  383 A E        +     0   0  173      2,-0.0     3,-0.0     0, 0.0     0, 0.0   0.894  29.4 105.6  53.2 141.9   57.0  -17.8   -3.7               
  384  384 A E        +     0   0  150      0, 0.0     2,-0.1     0, 0.0     0, 0.0   0.823  39.4   9.3-148.9-163.3   56.1  -15.4   -5.7               
  385  385 A E        +     0   0  175      0, 0.0     2,-0.1     0, 0.0    -2,-0.0   0.539  45.7 175.2-100.3 174.9   55.2  -12.2   -6.7               
  386  386 A V        +     0   0   84     -2,-0.1     2,-0.0     2,-0.0     0, 0.0   0.268  32.2 129.5  81.6 136.2   55.1   -9.2   -5.3               
  387  387 A F        +     0   0  182     -2,-0.1     2,-0.2     1,-0.0     0, 0.0   0.709  37.5 147.4-108.2-172.5   54.8   -6.1   -5.0               
  388  388 A E        +     0   0  131     -2,-0.0    -2,-0.0     2,-0.0    -1,-0.0  -0.771  13.5  41.5-149.3 179.3   52.8   -4.4   -2.2               
  389  389 A Q        +     0   0  132     -2,-0.2     0, 0.0     0, 0.0     0, 0.0   0.416   9.9 152.3  71.9 167.1   52.1   -1.5    0.4               
  390  390 A E        +     0   0  126      1,-0.0     2,-0.1     0, 0.0    -2,-0.0   0.739  33.7 151.8-125.9 136.8   51.6    1.0    2.3               
  391  391 A A        -     0   0   55      0, 0.0     2,-0.1     0, 0.0    -1,-0.0   0.213  23.4-153.1  74.4 116.9   49.4    1.2    4.9               
  392  392 A K        +     0   0  153     -2,-0.1     2,-0.0     2,-0.0     0, 0.0  -0.172  23.0 174.8-178.9 108.6   48.8    3.0    8.2               
  393  393 A K        -     0   0  173     -2,-0.1     2,-0.0     0, 0.0     0, 0.0   0.461  35.0-163.2  63.1 122.2   47.1    1.9   11.0               
  394  394 A V        +     0   0  137     -2,-0.0     2,-0.1     2,-0.0    -2,-0.0   0.232  40.3 145.7-137.6 132.1   46.1    2.2   14.2               
  395  395 A A        +     0   0   78     -2,-0.0     0, 0.0     0, 0.0     0, 0.0   0.595  19.2 178.9  92.1 157.7   44.9   -0.8   15.4               
  396  396 A V        +     0   0  125     -2,-0.1    -2,-0.0     2,-0.0     0, 0.0   0.793  42.3  12.1  82.2 117.8   44.9   -2.7   18.8               
  397  397 A R        +     0   0  220      1,-0.1     2,-0.2     0, 0.0     0, 0.0   0.479  29.9 158.5-153.6 131.3   43.8   -5.4   19.8               
  398  398 A S        -     0   0  109      1,-0.0    -1,-0.1     2,-0.0     2,-0.0  -0.588  10.0-179.1 -74.1 143.8   42.3   -8.8   19.0               
  399  399 A R        +     0   0  235     -2,-0.2     2,-0.3     2,-0.0    -1,-0.0  -0.541   7.7 179.3-138.7  79.7   42.4  -11.8   21.4               
  400  400 A S        +     0   0  116      1,-0.0     2,-0.2    -2,-0.0    -2,-0.0  -0.556   4.7 178.5 -54.0 127.3   40.8  -14.7   19.6               
  401  401 A R        -     0   0  233     -2,-0.3    -2,-0.0     2,-0.0    -1,-0.0  -0.687  14.4-148.4-144.7  97.4   41.0  -17.7   22.0               
  402  402 A T        +     0   0  130     -2,-0.2     2,-0.0     2,-0.0    -2,-0.0  -0.148  26.8 155.5 -19.8 128.4   39.4  -21.0   20.9               
  403  403 A H        -     0   0  126      0, 0.0     2,-0.6     0, 0.0    -2,-0.0  -0.266  20.7-165.7-162.1 114.1   37.9  -23.5   23.0               
  404  404 A S        +     0   0  117      1,-0.1    -2,-0.0     2,-0.0     0, 0.0  -0.631  21.9 170.3 -67.8 113.0   35.3  -26.0   21.8               
  405  405 A R        +     0   0  174     -2,-0.6     2,-0.6     2,-0.0    -1,-0.1  -0.385  15.7 173.0-139.2  73.0   33.8  -27.4   25.1               
  406  406 A S        +     0   0  128      1,-0.1     2,-0.1     2,-0.0    -2,-0.0  -0.581  23.0 157.7 -49.0 106.2   30.8  -29.6   24.8               
  407  407 A R        -     0   0  191     -2,-0.6     2,-0.2     2,-0.0    -1,-0.1  -0.518  29.2-159.5-150.5  87.1   30.5  -30.7   28.4               
  408  408 A S        -     0   0  109     -2,-0.1     2,-0.7     1,-0.1    -2,-0.0  -0.419   8.9-154.5 -42.3 114.7   27.2  -31.9   29.8               
  409  409 A R        -     0   0  244     -2,-0.2     3,-0.1     3,-0.0    -1,-0.1  -0.917  25.1-141.2-102.8 100.5   27.4  -31.6   33.6               
  410  410 A S        -     0   0   95     -2,-0.7     2,-0.3     1,-0.1     0, 0.0  -0.081  21.9 -82.6 -68.6 161.3   24.9  -34.3   34.6               
  411  411 A P        +     0   0  131      0, 0.0     2,-0.3     0, 0.0    -1,-0.1  -0.467  59.7 179.9 -74.4 126.4   22.3  -34.2   37.4               
  412  412 A R        +     0   0  140     -2,-0.3    -3,-0.0     1,-0.1     0, 0.0  -0.937  10.9  20.5-165.4 152.2   23.6  -35.2   41.0               
  413  413 A K        -     0   0   82     -2,-0.3    -1,-0.1     0, 0.0     0, 0.0   0.526  44.2 -93.9-161.0 130.2   23.3  -35.7   44.1               
  414  414 A R        +     0   0  173      1,-0.0    -2,-0.1     0, 0.0     0, 0.0   0.563  36.1 134.1  64.4 151.2   21.1  -36.4   47.3               
  415  415 A R        +     0   0  215      0, 0.0     2,-0.2     0, 0.0    -1,-0.0   0.413  22.7 177.0-147.8 118.0   19.2  -36.1   49.9               
  416  416 A S        +     0   0   67      2,-0.0   -64,-0.4   -66,-0.0     2,-0.1  -0.478  10.7 157.2 -61.4 136.0   15.9  -38.1   50.4               
  417  417 A R        -     0   0  132    -66,-0.2     2,-0.4    -2,-0.2   -67,-0.2  -0.603  19.2-176.3-157.9 111.8   13.9  -37.8   53.6               
  418  418 A S        +     0   0   73    -69,-0.4     2,-0.2    -2,-0.1   -69,-0.1  -0.911  10.9 159.2-125.3 121.3   10.1  -38.7   53.4               
  419  419 A R        -     0   0  169     -2,-0.4   -71,-0.2   -71,-0.1   -69,-0.1  -0.895  25.5-111.1-148.3 165.2    7.0  -38.7   55.7               
  420  420 A S        +     0   0  116     -2,-0.2    -1,-0.0   -71,-0.1     0, 0.0   0.038  30.0 161.7 161.2 120.6    3.6  -38.7   55.6               
  421  421 A G        -     0   0   78     -2,-0.1     2,-0.1     0, 0.0    -2,-0.0   0.095  43.6-159.1 149.2  56.1    0.2  -37.0   56.1               
  422  422 A S        +     0   0  100      0, 0.0     2,-0.1     0, 0.0     0, 0.0  -0.071  34.3 118.2  88.3  85.0   -2.2  -38.4   54.4               
  423  423 A R        -     0   0  231     -2,-0.1     0, 0.0     0, 0.0     0, 0.0  -0.209  53.3  -4.2 175.6 148.3   -5.5  -38.5   52.7               
  424  424 A K        +     0   0  202      1,-0.3     2,-0.3    -2,-0.1     0, 0.0   0.731  32.4 167.1  30.8 109.2   -7.3  -39.0   49.3               
  425  425 A R        +     0   0  246      0, 0.0    -1,-0.3     0, 0.0     2,-0.3  -0.633  17.0 164.4  54.1  87.9   -6.1  -39.3   46.2               
  426  426 A K        -     0   0  204     -2,-0.3     0, 0.0     2,-0.0     0, 0.0  -0.920  23.9 -91.1-153.0 160.8   -8.6  -40.4   43.7               
  427  427 A H        +     0   0  163     -2,-0.3     2,-0.0     2,-0.0     0, 0.0   0.028  44.3  95.4 -62.3 168.6   -8.7  -40.4   39.8               
  428  428 A R        -     0   0  237      2,-0.0     2,-0.4     0, 0.0    -2,-0.0   0.476  39.2-117.9-158.0 178.0   -9.3  -39.4   36.8               
  429  429 A K        +     0   0  200      2,-0.0     2,-0.2     3,-0.0    -2,-0.0  -0.500  52.0 109.3 -74.5 119.7   -7.9  -37.6   33.6               
  430  430 A R        +     0   0  149     -2,-0.4    -2,-0.0     3,-0.0     0, 0.0  -0.925  47.7  46.0-155.2-179.2   -9.3  -34.3   32.1               
  431  431 A S  S    S+     0   0  101     -2,-0.2    -2,-0.0     1,-0.1     0, 0.0   0.445  77.0  91.8  68.9  18.5   -8.6  -30.6   31.6               
  432  432 A R        +     0   0  230      2,-0.1     4,-0.4     1,-0.0     3,-0.3   0.442  67.3  74.8-117.2   4.1   -4.9  -30.2   30.3               
  433  433 A S  S >> S+     0   0   98      1,-0.2     4,-1.1     2,-0.1     3,-0.7   0.876  76.3  69.4 -86.6 -37.3   -5.3  -30.2   26.4               
  434  434 A R  H 3> S+     0   0  167      1,-0.2     4,-0.8     2,-0.2    -1,-0.2   0.593  92.9  59.5 -70.5 -11.1   -6.7  -26.7   25.5               
  435  435 A S  H 3> S+     0   0   97     -3,-0.3     4,-1.4     2,-0.2    -1,-0.2   0.902 103.8  49.5 -78.1 -42.2   -3.5  -24.7   26.3               
  436  436 A R  H <> S+     0   0  186     -3,-0.7     4,-2.3    -4,-0.4    -2,-0.2   0.868 105.8  57.6 -66.5 -34.2   -1.2  -26.6   23.9               
  437  437 A E  H  X S+     0   0   86     -4,-1.1     4,-2.7     2,-0.2    -1,-0.2   0.874 103.1  51.3 -72.3 -34.3   -3.6  -26.2   20.9               
  438  438 A R  H  X S+     0   0  180     -4,-0.8     4,-2.3     2,-0.2    -1,-0.2   0.914 111.9  49.2 -64.5 -37.4   -3.7  -22.3   21.2               
  439  439 A K  H  X S+     0   0  169     -4,-1.4     4,-2.7     2,-0.2    -2,-0.2   0.905 111.7  48.8 -66.2 -39.6    0.2  -22.5   21.1               
  440  440 A R  H  X S+     0   0  144     -4,-2.3     4,-2.6     2,-0.2    -2,-0.2   0.895 111.8  47.8 -66.1 -43.1    0.1  -24.9   18.0               
  441  441 A K  H  X S+     0   0  159     -4,-2.7     4,-2.5     2,-0.2    -2,-0.2   0.925 114.2  48.1 -64.3 -40.8   -2.4  -22.6   16.1               
  442  442 A S  H  X S+     0   0   77     -4,-2.3     4,-2.9     2,-0.2     5,-0.2   0.933 114.4  44.8 -63.6 -45.6   -0.1  -19.6   17.0               
  443  443 A S  H  X S+     0   0   71     -4,-2.7     4,-2.3     2,-0.2    -2,-0.2   0.881 115.0  48.2 -68.6 -36.2    3.1  -21.4   15.9               
  444  444 A R  H  X S+     0   0  194     -4,-2.6     4,-1.7     2,-0.2    -2,-0.2   0.888 113.6  48.3 -69.3 -37.6    1.3  -22.7   12.7               
  445  445 A S  H >X S+     0   0   78     -4,-2.5     4,-3.1     2,-0.2     3,-0.5   0.981 114.6  44.1 -63.0 -54.7    0.0  -19.1   12.0               
  446  446 A Y  H 3X S+     0   0  159     -4,-2.9     4,-2.6     1,-0.2    -2,-0.2   0.866 115.5  49.5 -60.1 -37.0    3.5  -17.5   12.6               
  447  447 A S  H 3X S+     0   0   67     -4,-2.3     4,-1.9    -5,-0.2    -1,-0.2   0.803 113.9  45.1 -70.6 -30.7    5.1  -20.4   10.4               
  448  448 A S  H <X S+     0   0   67     -4,-1.7     4,-2.4    -3,-0.5    -2,-0.2   0.912 115.0  47.6 -77.3 -42.7    2.5  -19.8    7.6               
  449  449 A E  H  X S+     0   0   87     -4,-3.1     4,-2.6     2,-0.2    -2,-0.2   0.913 113.7  48.5 -58.8 -46.1    3.0  -16.0    7.8               
  450  450 A R  H  X S+     0   0  138     -4,-2.6     4,-2.1    -5,-0.3    -2,-0.2   0.946 112.8  47.2 -60.6 -47.1    6.8  -16.5    7.8               
  451  451 A R  H  X S+     0   0  175     -4,-1.9     4,-2.7     2,-0.2    -2,-0.2   0.820 111.9  50.9 -65.8 -33.0    6.5  -18.9    4.8               
  452  452 A A  H  X S+     0   0   47     -4,-2.4     4,-2.8     2,-0.2    -2,-0.2   0.922 112.5  45.8 -68.8 -43.1    4.2  -16.4    3.0               
  453  453 A R  H  X S+     0   0  144     -4,-2.6     4,-1.8     2,-0.2    -2,-0.2   0.793 112.9  51.4 -66.9 -32.2    6.8  -13.6    3.7               
  454  454 A E  H  X S+     0   0   75     -4,-2.1     4,-2.1     2,-0.2    -2,-0.2   0.963 113.0  44.4 -69.2 -47.9    9.5  -16.0    2.5               
  455  455 A R  H  X S+     0   0  129     -4,-2.7     4,-2.8     2,-0.2    -2,-0.2   0.912 113.1  51.2 -58.9 -46.0    7.6  -16.7   -0.8               
  456  456 A E  H  X S+     0   0   55     -4,-2.8     4,-2.9     1,-0.2    -1,-0.2   0.910 110.7  48.9 -62.7 -37.9    6.8  -13.0   -1.2               
  457  457 A K  H  X S+     0   0  149     -4,-1.8     4,-2.1     2,-0.2    -1,-0.2   0.867 111.4  49.7 -65.4 -37.3   10.5  -12.2   -0.8               
  458  458 A E  H  X S+     0   0  126     -4,-2.1     4,-0.8     2,-0.2    -2,-0.2   0.902 112.4  47.7 -67.5 -39.3   11.3  -15.0   -3.4               
  459  459 A R  H ><>S+     0   0    8     -4,-2.8     5,-2.4     2,-0.2     3,-1.2   0.959 113.3  46.9 -64.1 -48.8    8.7  -13.4   -5.8               
  460  460 A Q  H ><5S+     0   0  108     -4,-2.9     3,-1.6     1,-0.3    -2,-0.2   0.873 107.5  57.3 -62.1 -35.3   10.2   -9.9   -5.3               
  461  461 A K  H 3<5S+     0   0  167     -4,-2.1    -1,-0.3     1,-0.3    -2,-0.2   0.721 109.2  46.7 -65.6 -21.8   13.7  -11.4   -5.8               
  462  462 A K  T <<5S-     0   0  136     -3,-1.2    -1,-0.3    -4,-0.8    -2,-0.2   0.211 118.9-113.9 -94.7   4.7   12.4  -12.6   -9.2               
  463  463 A G  T < 5 +     0   0    2     -3,-1.6    -3,-0.2     1,-0.2    -2,-0.1   0.621  66.6 151.8  68.1  12.7   10.8   -9.1  -10.0               
  464  464 A L      < -     0   0   20     -5,-2.4    -1,-0.2    -6,-0.2    -2,-0.1  -0.538  42.5-125.9 -75.0 139.7    7.3  -10.8   -9.8               
  465  465 A P        -     0   0    4      0, 0.0     2,-0.2     0, 0.0    -1,-0.1  -0.276  40.2 -77.1 -75.5 168.2    4.3   -8.6   -8.7               
  466  466 A P        -     0   0   59      0, 0.0     2,-0.2     0, 0.0   100,-0.0  -0.462  53.6-108.1 -65.3 137.6    2.0   -9.5   -5.8               
  467  467 A I        -     0   0   77     -2,-0.2     2,-0.3    -3,-0.1     5,-0.1  -0.463  29.2-158.1 -66.9 131.4   -0.6  -12.2   -6.7               
  468  468 A R    >   -     0   0  111      3,-0.3     3,-0.9    -2,-0.2     2,-0.2  -0.857  26.4-109.2-104.1 143.3   -4.3  -11.0   -7.0               
  469  469 A S  T 3  S+     0   0  110     -2,-0.3     3,-0.1     1,-0.2   125,-0.1  -0.580  95.3   8.2 -78.8 141.0   -7.1  -13.6   -6.6               
  470  470 A K  T 3  S+     0   0  127     -2,-0.2   103,-2.5     1,-0.2     2,-0.4   0.685 107.0 108.5  60.0  25.7   -9.1  -14.7   -9.7               
  471  471 A T  E <   -A  572   0A  19     -3,-0.9     2,-0.4   101,-0.3    -3,-0.3  -0.990  68.7-131.4-132.7 131.3   -6.7  -12.8  -12.1               
  472  472 A L  E     -A  571   0A   0     99,-2.5    99,-1.8    -2,-0.4     2,-0.9  -0.625  26.1-142.4 -69.7 125.3   -4.1  -14.0  -14.6               
  473  473 A S  E     -A  570   0A   0    118,-0.4   118,-2.1    -2,-0.4     2,-1.0  -0.798  15.7-170.0-100.0  94.3   -1.0  -11.9  -13.9               
  474  474 A V  E     -AB 569 590A   0     95,-2.6    95,-2.8    -2,-0.9   116,-0.2  -0.748  15.0-154.1 -86.0  98.7    0.7  -11.1  -17.2               
  475  475 A C  E     -AB 568 589A   0    114,-2.3   114,-2.3    -2,-1.0     2,-0.4  -0.490  10.6-122.5 -74.0 145.3    4.0   -9.6  -16.2               
  476  476 A S  E     + B   0 588A   0     91,-2.8   112,-0.2   112,-0.2    74,-0.1  -0.752  29.9 173.0 -88.6 135.1    5.9   -7.1  -18.6               
  477  477 A T        +     0   0    1    110,-1.1    42,-2.0    -2,-0.4     2,-0.5   0.383  59.8  98.5-105.9  -5.4    9.4   -7.8  -19.8               
  478  478 A T  E     -D  518   0B  11    109,-0.9    71,-2.8    71,-0.3     2,-0.4  -0.716  57.1-163.5 -88.9 124.8    9.1   -4.7  -22.1               
  479  479 A L  E     -DE 517 548B   0     38,-3.2    38,-2.6    -2,-0.5     2,-0.5  -0.872  13.2-138.8-102.6 135.7   10.7   -1.4  -20.9               
  480  480 A W  E     -DE 516 547B  79     67,-2.8    67,-1.9    -2,-0.4     2,-0.6  -0.846  15.1-161.9 -87.1 130.9    9.8    2.0  -22.4               
  481  481 A V  E     -DE 515 546B   0     34,-3.1    34,-2.2    -2,-0.5     3,-0.3  -0.945  13.6-176.0-115.8 103.8   13.0    4.2  -22.8               
  482  482 A G  E     +DE 514 545B   0     63,-3.1    63,-2.4    -2,-0.6    32,-0.2  -0.592  58.4  36.7 -95.6 165.9   12.1    8.0  -23.2               
  483  483 A Q  S    S+     0   0  103     30,-0.8    56,-0.2    29,-0.3    31,-0.2   0.649  72.8 164.1  60.8  23.7   14.3   11.0  -23.9               
  484  484 A V        -     0   0    4     29,-1.8    -1,-0.2    -3,-0.3     2,-0.1  -0.399  42.8-109.2 -60.3 135.8   16.6    9.0  -26.2               
  485  485 A D    >   -     0   0   22     54,-0.5     3,-1.9    57,-0.2    -1,-0.1  -0.435  15.7-121.7 -72.1 150.0   18.7   11.3  -28.3               
  486  486 A K  T 3  S+     0   0  155      1,-0.3    -1,-0.1    -2,-0.1    54,-0.1   0.621 115.7  52.1 -67.2 -13.6   18.0   11.7  -32.1               
  487  487 A K  T 3  S+     0   0  187     52,-0.1    -1,-0.3     2,-0.1     2,-0.2   0.341  85.1 114.5 -97.6  -4.0   21.7   10.6  -32.7               
  488  488 A A    <   -     0   0   14     -3,-1.9     2,-0.2    51,-0.2    -4,-0.0  -0.506  53.4-150.3 -70.8 142.0   21.4    7.4  -30.5               
  489  489 A T     >  -     0   0   69     -2,-0.2     4,-1.1     1,-0.1     5,-0.1  -0.556  29.4-108.8-101.0 168.4   21.7    4.0  -32.2               
  490  490 A Q  H  > S+     0   0  104      1,-0.2     4,-2.6    -2,-0.2     5,-0.1   0.825 120.3  60.6 -64.8 -28.2   20.2    0.6  -31.4               
  491  491 A Q  H  > S+     0   0  109      2,-0.2     4,-2.9     1,-0.2     5,-0.3   0.898  98.1  55.3 -68.0 -38.0   23.7   -0.4  -30.4               
  492  492 A D  H  > S+     0   0   67      1,-0.2     4,-0.9     2,-0.2    -1,-0.2   0.867 113.2  42.7 -62.9 -35.9   23.8    2.3  -27.6               
  493  493 A L  H  X S+     0   0    0     -4,-1.1     4,-2.2     2,-0.2     5,-0.3   0.910 114.0  51.8 -71.4 -43.6   20.6    0.8  -26.2               
  494  494 A T  H  X S+     0   0   30     -4,-2.6     4,-2.9     1,-0.2     3,-0.5   0.979 110.3  47.5 -56.4 -57.1   21.9   -2.8  -26.7               
  495  495 A N  H  X S+     0   0   97     -4,-2.9     4,-0.5     1,-0.2    -1,-0.2   0.755 115.5  46.6 -54.8 -34.4   25.2   -2.1  -24.9               
  496  496 A L  H  < S+     0   0   32     -4,-0.9    -1,-0.2    -5,-0.3    -2,-0.2   0.832 118.7  37.8 -80.4 -36.6   23.3   -0.4  -22.0               
  497  497 A F  H >X S+     0   0    0     -4,-2.2     3,-1.7    -3,-0.5     4,-1.3   0.779 104.2  68.1 -89.2 -25.1   20.6   -3.1  -21.5               
  498  498 A E  H 3< S+     0   0  122     -4,-2.9    -3,-0.1    -5,-0.3    -1,-0.1   0.809  86.3  70.6 -66.3 -26.0   22.9   -6.1  -22.1               
  499  499 A E  T 3< S+     0   0  106     -4,-0.5    -1,-0.3    -5,-0.3    -2,-0.1   0.711 105.7  41.8 -57.2 -21.4   24.7   -5.3  -18.8               
  500  500 A F  T <4 S-     0   0    5     -3,-1.7     2,-0.3     1,-0.3    -2,-0.2   0.851 127.3 -69.4 -96.6 -42.6   21.4   -6.5  -17.2               
  501  501 A G  S  < S-     0   0   17     -4,-1.3    -1,-0.3    23,-0.1     2,-0.1  -0.977  72.6 -25.1 170.5-172.5   20.6   -9.6  -19.3               
  502  502 A Q        -     0   0  131     -2,-0.3    18,-2.6    -3,-0.1    19,-0.5  -0.362  52.3-142.2 -66.1 133.0   19.5  -11.0  -22.7               
  503  503 A I  E     -F  519   0B  42     16,-0.3    16,-0.3     1,-0.1     3,-0.1  -0.838  12.7-169.7 -96.6 127.8   17.5   -8.6  -25.0               
  504  504 A E  E    S-     0   0B  98     14,-2.4     2,-0.3    -2,-0.5    15,-0.2   0.870  70.2 -16.4 -82.7 -45.1   14.7  -10.2  -27.0               
  505  505 A S  E     -F  518   0B  44     13,-1.4    13,-3.0     2,-0.0     2,-0.4  -0.982  49.3-150.5-158.9 152.0   14.0   -7.1  -29.2               
  506  506 A I  E     -F  517   0B  21     -2,-0.3     2,-0.5    11,-0.2    11,-0.2  -0.996  10.9-172.1-122.1 128.3   14.6   -3.4  -29.5               
  507  507 A N  E     -F  516   0B  95      9,-2.9     9,-2.3    -2,-0.4     2,-0.3  -0.941  12.3-161.3-119.4 104.1   12.0   -1.1  -31.3               
  508  508 A M  E     -F  515   0B  39     -2,-0.5     7,-0.3     7,-0.2   -18,-0.0  -0.694  16.0-170.7 -86.2 141.2   13.3    2.5  -31.7               
  509  509 A I  E > > +F  514   0B  49      5,-3.0     5,-1.6    -2,-0.3     3,-1.4  -0.665  11.2 175.0-123.3  73.7   11.0    5.5  -32.4               
  510  510 A P  G > 5S+     0   0   66      0, 0.0     3,-1.4     0, 0.0    -1,-0.1   0.834  75.1  61.0 -54.0 -36.8   13.6    8.2  -33.2               
  511  511 A P  G 3 5S+     0   0  110      0, 0.0   -25,-0.1     0, 0.0    -2,-0.0   0.842 112.7  39.2 -58.1 -31.9   10.9   10.9  -34.2               
  512  512 A R  G < 5S-     0   0  186     -3,-1.4   -29,-0.3     2,-0.2     3,-0.1   0.407 109.4-121.9 -92.5  -3.6    9.5   10.6  -30.6               
  513  513 A G  T < 5S+     0   0    8     -3,-1.4   -29,-1.8    -4,-0.5   -30,-0.8   0.901  77.4 115.5  56.2  39.0   12.9   10.3  -28.9               
  514  514 A C  E   < -DF 482 509B  13     -5,-1.6    -5,-3.0   -32,-0.2     2,-0.3  -0.942  43.3-176.3-132.7 157.9   11.7    6.9  -27.5               
  515  515 A A  E     -DF 481 508B   0    -34,-2.2   -34,-3.1    -2,-0.3     2,-0.4  -0.957  19.1-137.6-143.1 163.7   12.4    3.2  -27.7               
  516  516 A Y  E     -DF 480 507B  79     -9,-2.3    -9,-2.9    -2,-0.3     2,-0.5  -0.992  17.5-167.3-117.9 132.5   11.0   -0.1  -26.4               
  517  517 A V  E     -DF 479 506B   0    -38,-2.6   -38,-3.2    -2,-0.4     2,-0.5  -0.987   3.8-160.6-122.5 115.8   13.4   -2.8  -25.1               
  518  518 A C  E     -DF 478 505B   3    -13,-3.0   -14,-2.4    -2,-0.5   -13,-1.4  -0.881   8.8-155.9 -96.1 125.7   12.1   -6.3  -24.5               
  519  519 A M  E     - F   0 503B   0    -42,-2.0   -16,-0.3    -2,-0.5   -17,-0.1  -0.793  21.4-130.6 -96.0 147.9   14.2   -8.5  -22.1               
  520  520 A V  S    S+     0   0   66    -18,-2.6     2,-0.4    -2,-0.3   -17,-0.1   0.859  96.1  45.1 -63.1 -33.6   14.1  -12.3  -22.2               
  521  521 A H    >>  -     0   0   94    -19,-0.5     4,-2.1     1,-0.1     3,-0.7  -0.939  69.6-145.0-118.7 134.6   13.7  -12.3  -18.4               
  522  522 A R  H 3> S+     0   0    7     -2,-0.4     4,-2.5     1,-0.2     5,-0.1   0.827 104.3  59.2 -51.5 -38.9   11.4  -10.2  -16.2               
  523  523 A Q  H 3> S+     0   0   60      2,-0.2     4,-2.2     1,-0.2    -1,-0.2   0.859 105.8  46.5 -65.0 -35.3   14.1  -10.2  -13.5               
  524  524 A D  H <> S+     0   0   20     -3,-0.7     4,-2.7     2,-0.2    -2,-0.2   0.928 112.5  49.7 -78.2 -38.7   16.6   -8.5  -15.9               
  525  525 A A  H  X S+     0   0    0     -4,-2.1     4,-2.8     2,-0.2    -2,-0.2   0.911 112.2  49.1 -59.1 -42.4   14.0   -5.9  -17.0               
  526  526 A F  H  X S+     0   0   64     -4,-2.5     4,-2.4    -5,-0.2    -2,-0.2   0.928 112.6  47.0 -65.9 -42.4   13.3   -5.3  -13.3               
  527  527 A R  H  X S+     0   0   92     -4,-2.2     4,-2.4     2,-0.2     5,-0.3   0.898 112.9  50.0 -63.4 -41.7   17.1   -4.9  -12.6               
  528  528 A A  H  X S+     0   0    0     -4,-2.7     4,-2.6     2,-0.2     5,-0.4   0.955 112.4  46.5 -61.9 -50.9   17.5   -2.6  -15.6               
  529  529 A L  H  X S+     0   0   19     -4,-2.8     4,-2.3     1,-0.2     5,-0.2   0.925 112.9  50.1 -55.9 -48.7   14.5   -0.4  -14.5               
  530  530 A Q  H  < S+     0   0  111     -4,-2.4     4,-0.4    -5,-0.2    -2,-0.2   0.916 120.0  33.6 -64.3 -45.7   15.8   -0.2  -10.8               
  531  531 A K  H >X S+     0   0   89     -4,-2.4     3,-1.5    -5,-0.1     4,-1.2   0.984 122.2  44.8 -68.3 -57.0   19.4    0.8  -11.8               
  532  532 A L  H 3< S+     0   0    3     -4,-2.6     5,-0.5     1,-0.3    -3,-0.2   0.758 111.8  51.1 -72.9 -24.8   18.7    2.9  -14.9               
  533  533 A S  T 3< S+     0   0   79     -4,-2.3    -1,-0.3    -5,-0.4    -2,-0.1   0.614 110.7  52.1 -77.2 -15.3   15.7    4.9  -13.3               
  534  534 A S  T <4 S+     0   0  103     -3,-1.5     2,-0.3    -4,-0.4    -2,-0.2   0.702 105.1  60.6 -93.3 -24.2   17.9    5.7  -10.3               
  535  535 A G  S  < S-     0   0   29     -4,-1.2     2,-1.6     1,-0.0    -4,-0.0  -0.726  87.3-115.7-102.9 155.1   21.0    7.2  -12.2               
  536  536 A S        +     0   0   96     -2,-0.3    -3,-0.1     7,-0.1    -4,-0.1  -0.317  50.8 178.5 -79.7  50.6   21.3   10.2  -14.6               
  537  537 A Y        -     0   0   79     -2,-1.6     7,-2.1    -5,-0.5     2,-0.4  -0.352  11.3-154.5 -60.6 134.2   22.2    7.7  -17.4               
  538  538 A K  E     -G  543   0C 139      5,-0.3     2,-0.5    -2,-0.1     5,-0.2  -0.939  18.6-167.4-116.0 138.8   22.8    9.4  -20.8               
  539  539 A I  E >  S-G  542   0C   6      3,-2.0     3,-1.3    -2,-0.4   -54,-0.5  -0.998  78.9 -34.4-118.7 120.3   22.5    8.1  -24.3               
  540  540 A G  T 3  S-     0   0   56     -2,-0.5   -56,-0.0     1,-0.2    -2,-0.0  -0.466 127.8 -25.0  58.6-131.0   24.1   10.7  -26.6               
  541  541 A S  T 3  S+     0   0   87     -2,-0.2     2,-0.3    -3,-0.1    -1,-0.2   0.627 121.3  81.7 -82.2 -14.3   23.5   14.2  -25.1               
  542  542 A K  E <  S-G  539   0C  68     -3,-1.3    -3,-2.0   -59,-0.1     2,-0.5  -0.729  74.3-124.3-109.9 143.7   20.2   13.4  -23.2               
  543  543 A V  E     -G  538   0C  66     -2,-0.3    -5,-0.3    -5,-0.2    -6,-0.1  -0.714  38.1-135.9 -75.8 122.9   19.3   11.8  -19.8               
  544  544 A I        -     0   0    8     -7,-2.1     2,-0.4    -2,-0.5   -61,-0.2  -0.341   8.3-146.6 -76.9 159.1   17.0    8.9  -20.5               
  545  545 A K  E     -E  482   0B 136    -63,-2.4   -63,-3.1    -2,-0.1     2,-0.4  -0.998  14.9-163.1-122.9 134.9   13.8    8.0  -18.6               
  546  546 A I  E     +E  481   0B  12     -2,-0.4     2,-0.3   -65,-0.2   -65,-0.2  -0.944  18.7 149.8-123.6 139.4   12.7    4.3  -18.2               
  547  547 A A  E     -E  480   0B  34    -67,-1.9   -67,-2.8    -2,-0.4     2,-0.2  -0.937  50.5 -74.3-148.6 170.3    9.3    2.8  -17.2               
  548  548 A W  E     -E  479   0B  15     16,-0.5     2,-0.3    -2,-0.3   -69,-0.2  -0.497  44.2-150.8 -66.9 140.0    7.3   -0.4  -17.8               
  549  549 A A        -     0   0    5    -71,-2.8   -71,-0.3    -2,-0.2     2,-0.2  -0.834  23.7-102.8-105.6 151.3    5.7   -0.7  -21.2               
  550  550 A L        -     0   0   56     -2,-0.3    38,-0.0     1,-0.1     9,-0.0  -0.554  45.6-110.3 -66.0 133.2    2.5   -2.6  -22.1               
  551  551 A N    >   -     0   0    3     -2,-0.2     3,-1.1   -77,-0.1    36,-0.2  -0.306  16.6-123.1 -63.6 150.4    3.3   -6.0  -23.7               
  552  552 A K  T 3  S+     0   0  122     34,-0.3    35,-0.2     1,-0.2    -1,-0.1   0.915 110.9  58.6 -60.9 -41.2    2.5   -6.5  -27.5               
  553  553 A G  T 3  S+     0   0   10     33,-2.5     2,-1.4    30,-0.2    -1,-0.2   0.598  80.7  95.6 -64.0 -17.1    0.3   -9.5  -26.6               
  554  554 A V  S <  S-     0   0    6     -3,-1.1    -1,-0.1    32,-0.3     5,-0.1  -0.640  75.8-140.4 -86.7  92.3   -2.0   -7.5  -24.3               
  555  555 A K    >>  -     0   0   83     -2,-1.4     3,-2.1     1,-0.1     4,-0.7  -0.025  24.3-103.7 -48.0 150.8   -4.9   -6.5  -26.6               
  556  556 A T  G >4 S+     0   0  127      1,-0.3     3,-0.7     2,-0.2     4,-0.3   0.770 119.0  63.6 -55.9 -30.7   -6.4   -3.0  -26.3               
  557  557 A E  G 34 S+     0   0  105      1,-0.2     3,-0.5     2,-0.1    -1,-0.3   0.782 103.2  48.9 -61.1 -30.1   -9.5   -4.4  -24.4               
  558  558 A Y  G X4 S+     0   0    6     -3,-2.1     3,-2.8     1,-0.2    -1,-0.2   0.598  81.6  94.8 -90.4  -9.9   -7.2   -5.5  -21.5               
  559  559 A K  G X< S+     0   0  138     -3,-0.7     3,-1.1    -4,-0.7    -1,-0.2   0.720  73.9  69.1 -54.9 -23.8   -5.3   -2.1  -21.3               
  560  560 A Q  G 3  S+     0   0  135     -3,-0.5    -1,-0.3    -4,-0.3    -2,-0.1   0.635  98.2  50.9 -66.7 -17.1   -7.9   -1.2  -18.5               
  561  561 A F  G <  S+     0   0   46     -3,-2.8     9,-2.3     2,-0.0     2,-0.4   0.254  82.6 122.7-103.4   5.1   -6.1   -3.9  -16.3               
  562  562 A W  E <   -C  569   0A  44     -3,-1.1     2,-0.7     7,-0.2     7,-0.2  -0.618  49.1-156.1 -77.1 123.7   -2.6   -2.6  -16.8               
  563  563 A D  E  >> -C  568   0A  33      5,-2.9     4,-1.9    -2,-0.4     5,-1.3  -0.886   6.9-169.2-100.4 102.0   -0.6   -1.6  -13.7               
  564  564 A V  T  45S+     0   0   80     -2,-0.7   -16,-0.5     2,-0.2    -1,-0.2   0.854  82.3  47.7 -64.9 -38.5    2.0    1.0  -14.9               
  565  565 A D  T  45S+     0   0  146      1,-0.2    -1,-0.2   -18,-0.1   -17,-0.1   0.884 121.6  34.2 -77.3 -39.4    4.1    1.1  -11.6               
  566  566 A L  T  45S-     0   0   63      2,-0.1    -2,-0.2   -18,-0.0    -1,-0.2   0.702 103.3-130.4 -83.6 -23.1    4.3   -2.8  -11.2               
  567  567 A G  T  <5 +     0   0    0     -4,-1.9   -91,-2.8     1,-0.2     2,-0.3   0.970  63.8 117.1  68.4  55.1    4.4   -3.5  -15.0               
  568  568 A V  E   < -AC 475 563A   0     -5,-1.3    -5,-2.9   -93,-0.3     2,-0.6  -0.989  59.2-136.9-150.7 142.8    1.7   -6.2  -15.0               
  569  569 A T  E     -AC 474 562A   0    -95,-2.8   -95,-2.6    -2,-0.3     2,-1.0  -0.921  15.1-157.8 -99.1 120.2   -1.8   -6.8  -16.6               
  570  570 A Y  E     -A  473   0A   7     -9,-2.3   -97,-0.2    -2,-0.6    -8,-0.0  -0.706  16.2-172.7 -97.8  79.5   -4.2   -8.3  -14.0               
  571  571 A I  E     -A  472   0A   0    -99,-1.8   -99,-2.5    -2,-1.0     5,-0.1  -0.638  25.9-120.9 -77.7 121.5   -6.8   -9.9  -16.4               
  572  572 A P  E >   -A  471   0A  28      0, 0.0     3,-2.4     0, 0.0     4,-0.3  -0.394  20.0-124.8 -57.3 136.9   -9.9  -11.4  -14.6               
  573  573 A W  G >  S+     0   0   74   -103,-2.5     3,-1.6     1,-0.3  -102,-0.1   0.841 110.0  66.7 -57.1 -31.5  -10.1  -15.1  -15.3               
  574  574 A E  G 3  S+     0   0  133   -104,-0.3    -1,-0.3     1,-0.3  -103,-0.1   0.498 104.8  45.1 -65.9  -6.9  -13.7  -14.5  -16.6               
  575  575 A K  G <  S+     0   0   98     -3,-2.4     2,-0.5     2,-0.0    -1,-0.3   0.327  90.9 102.4-114.8   0.2  -12.1  -12.5  -19.5               
  576  576 A V    <   -     0   0   18     -3,-1.6     2,-0.3    -4,-0.3     3,-0.0  -0.789  53.8-158.5 -90.3 126.6   -9.3  -15.0  -20.4               
  577  577 A K     >  -     0   0  130     -2,-0.5     4,-0.5     1,-0.1     3,-0.2  -0.814  22.4-130.3 -90.5 145.2   -9.7  -17.2  -23.5               
  578  578 A V  T >4 S+     0   0   46     -2,-0.3     3,-1.0     1,-0.2     4,-0.3   0.882 109.0  53.4 -64.6 -36.1   -7.4  -20.3  -23.4               
  579  579 A D  T >> S+     0   0  136      1,-0.2     3,-0.9     2,-0.2     4,-0.7   0.846 101.5  59.9 -65.4 -35.6   -6.2  -19.5  -27.0               
  580  580 A D  H 3> S+     0   0   25      1,-0.2     4,-2.6     2,-0.2    -1,-0.2   0.626  82.7  83.4 -73.4 -12.1   -5.2  -16.0  -25.9               
  581  581 A L  H <X S+     0   0   12     -3,-1.0     4,-0.6    -4,-0.5    -1,-0.2   0.866  92.0  47.7 -59.4 -37.7   -2.7  -17.3  -23.2               
  582  582 A E  H X> S+     0   0  133     -3,-0.9     3,-1.2    -4,-0.3     4,-0.5   0.948 111.5  50.6 -70.7 -42.0    0.0  -17.8  -25.9               
  583  583 A G  H >< S+     0   0   36     -4,-0.7     3,-1.8     1,-0.2    -2,-0.2   0.916 102.8  60.6 -56.1 -45.1   -0.7  -14.2  -27.3               
  584  584 A F  H 3< S+     0   0    1     -4,-2.6    -1,-0.2     1,-0.3    -2,-0.2   0.683  96.0  62.2 -62.3 -18.7   -0.4  -12.8  -23.7               
  585  585 A A  H X< S+     0   0   37     -3,-1.2     3,-2.3    -4,-0.6     2,-0.4   0.736  75.2 110.7 -74.6 -21.4    3.3  -14.0  -23.5               
  586  586 A E  T << S-     0   0   94     -3,-1.8   -33,-2.5    -4,-0.5   -32,-0.3  -0.343  98.3  -3.2 -66.2 113.2    4.4  -11.8  -26.5               
  587  587 A G  T 3  S+     0   0    1     -2,-0.4  -110,-1.1     1,-0.3  -109,-0.9   0.711 139.4  36.9  76.9  20.5    6.6   -9.1  -25.0               
  588  588 A G  E <  S-B  476   0A  14     -3,-2.3    -1,-0.3  -112,-0.2     2,-0.3  -0.790  80.1-106.4-160.1-155.7    6.1  -10.4  -21.4               
  589  589 A M  E     -B  475   0A  59   -114,-2.3  -114,-2.3    -2,-0.2     2,-0.4  -0.947  21.2-121.2-154.5 148.3    5.6  -13.5  -19.3               
  590  590 A I  E     -B  474   0A  36     -2,-0.3     2,-0.9  -116,-0.2  -116,-0.2  -0.727  26.4-126.6 -86.1 130.2    2.7  -15.2  -17.5               
  591  591 A D    >   -     0   0    8   -118,-2.1     3,-2.1    -2,-0.4  -118,-0.4  -0.686  15.9-154.9 -75.4 105.5    3.0  -15.8  -13.8               
  592  592 A Q  G >  S+     0   0  158     -2,-0.9     3,-1.1     1,-0.3    -1,-0.2   0.796  90.4  68.4 -55.8 -29.7    2.4  -19.6  -13.4               
  593  593 A E  G 3  S+     0   0  101      1,-0.2    -1,-0.3  -120,-0.1    -2,-0.1   0.453 105.9  44.1 -69.1   2.4    1.3  -19.0   -9.7               
  594  594 A T  G <  S+     0   0    4     -3,-2.1    -1,-0.2  -121,-0.1    -2,-0.2   0.349  83.3 110.7-129.2  -0.5   -1.8  -17.2  -11.3               
  595  595 A V  S <  S-     0   0   23     -3,-1.1     2,-0.5    -4,-0.3  -124,-0.0  -0.541  78.1-112.9 -67.7 138.4   -2.8  -19.6  -14.2               
  596  596 A N    >>  -     0   0   25     -2,-0.2     3,-2.2     1,-0.1     4,-0.9  -0.715  20.1-134.0 -78.0 125.0   -6.1  -21.3  -13.4               
  597  597 A T  H 3> S+     0   0   93     -2,-0.5     4,-1.6     1,-0.3    -1,-0.1   0.734 102.1  65.4 -57.5 -25.9   -5.3  -25.1  -12.9               
  598  598 A E  H 3> S+     0   0  118      1,-0.2     4,-1.2     2,-0.2    -1,-0.3   0.796 100.6  51.2 -67.1 -25.3   -8.3  -26.1  -15.1               
  599  599 A W  H <> S+     0   0   24     -3,-2.2     4,-2.4     2,-0.2    -1,-0.2   0.825 104.9  56.5 -79.7 -30.1   -6.5  -24.5  -18.1               
  600  600 A E  H  X S+     0   0   84     -4,-0.9     4,-1.4     2,-0.2    -2,-0.2   0.889 105.7  51.2 -65.6 -38.6   -3.3  -26.4  -17.3               
  601  601 A T  H  < S+     0   0   87     -4,-1.6     4,-0.3     2,-0.2    -2,-0.2   0.892 110.0  49.5 -68.3 -36.2   -5.3  -29.7  -17.6               
  602  602 A V  H >< S+     0   0   83     -4,-1.2     3,-1.9     1,-0.2     4,-0.3   0.978 112.6  46.2 -63.9 -52.9   -6.7  -28.7  -21.0               
  603  603 A K  H 3< S+     0   0  109     -4,-2.4     3,-0.4     1,-0.3    -1,-0.2   0.740 115.5  48.7 -61.2 -23.4   -3.1  -27.8  -22.3               
  604  604 A S  T 3< S+     0   0  101     -4,-1.4    -1,-0.3     1,-0.2    -2,-0.2   0.385  97.0  72.8 -92.6  -1.6   -1.9  -31.2  -20.8               
  605  605 A S    <   +     0   0   84     -3,-1.9    -1,-0.2    -4,-0.3    -2,-0.2   0.418  61.9 115.2 -97.6  -0.2   -4.7  -33.3  -22.4               
  606  606 A E  S    S-     0   0  165     -3,-0.4     2,-0.4    -4,-0.3     3,-0.0  -0.585  71.3-123.6 -69.9 118.5   -3.5  -33.2  -26.0               
  607  607 A P        -     0   0  114      0, 0.0     2,-0.2     0, 0.0    -2,-0.1  -0.532  25.7-109.3 -72.2 126.4   -2.7  -36.8  -26.9               
  608  608 A V        -     0   0  130     -2,-0.4     2,-2.0     1,-0.1     0, 0.0  -0.305  20.4-138.3 -50.8 115.7    1.0  -37.3  -28.2               
  609  609 A K        -     0   0  202     -2,-0.2     2,-0.4     2,-0.1    -1,-0.1  -0.601  31.0-146.3 -78.4  78.4    0.8  -38.1  -31.9               
  610  610 A E        -     0   0  155     -2,-2.0     2,-1.0     1,-0.1    -1,-0.0  -0.350  22.3-171.9 -58.6 105.6    3.5  -40.7  -31.4               
  611  611 A T        -     0   0  138     -2,-0.4     2,-0.6     2,-0.0    -1,-0.1  -0.826  23.6-152.6 -94.7  90.2    5.8  -41.0  -34.4               
  612  612 A V        +     0   0   92     -2,-1.0     2,-0.1     1,-0.1    -2,-0.0  -0.589  35.4 151.8 -68.3 115.2    7.7  -44.1  -33.3               
  613  613 A Q        +     0   0  193     -2,-0.6     2,-0.3     0, 0.0    -1,-0.1  -0.638  19.0 138.7-133.8  87.6   11.2  -44.7  -34.4               
  614  614 A T        +     0   0  113     -2,-0.1    -2,-0.0     0, 0.0     0, 0.0  -0.750  35.1  92.0 -87.6 166.4   13.0  -46.7  -31.8               
  615  615 A T        +     0   0  110     -2,-0.3     0, 0.0     0, 0.0     0, 0.0   0.527  40.1  48.7  82.7 132.7   15.4  -49.5  -33.2               
  616  616 A Q        +     0   0  178      1,-0.2     0, 0.0     0, 0.0     0, 0.0   0.771  20.9 167.9-153.8 167.4   18.3  -50.6  -34.1               
  617  617 A S        +     0   0  101      2,-0.0    -1,-0.2     0, 0.0     2,-0.0  -0.492  22.2  87.1 -93.1-179.4   22.1  -51.2  -34.1               
  618  618 A P        -     0   0  118      0, 0.0     0, 0.0     0, 0.0     0, 0.0   0.454  23.4-159.3-135.7-157.4   24.8  -52.7  -35.2               
  619  619 A T        +     0   0  128     -2,-0.0     2,-0.0     0, 0.0    -2,-0.0  -0.716   7.4 171.9-100.5 161.0   27.9  -53.1  -37.5               
  620  620 A P        -     0   0  110      0, 0.0     0, 0.0     0, 0.0     0, 0.0  -0.166  32.9 -70.3-153.2 152.3   30.3  -55.1  -38.9               
  621  621 A V        +     0   0  131     -2,-0.0     0, 0.0     0, 0.0     0, 0.0   0.882  43.0 103.9  63.4 148.7   33.0  -54.8  -41.6               
  622  622 A E        +     0   0  150      0, 0.0     0, 0.0     0, 0.0     0, 0.0   0.799  37.7  52.9  72.9 133.3   34.4  -54.5  -45.2               
  623  623 A K        -     0   0  158      0, 0.0     0, 0.0     0, 0.0     0, 0.0   0.927  57.1 -13.2-149.3 161.0   35.8  -52.5  -47.6               
  624  624 A E        -     0   0  163      0, 0.0     0, 0.0     0, 0.0     0, 0.0   0.744  51.8 -41.7-164.4 139.3   38.1  -50.3  -48.7               
  625  625 A T        +     0   0  125      0, 0.0     0, 0.0     0, 0.0     0, 0.0   0.862  45.3  42.6  47.0 138.9   41.0  -47.8  -47.9               
  626  626 A V        -     0   0  121      0, 0.0     0, 0.0     0, 0.0     0, 0.0   0.721  42.6 -55.6-163.8 136.6   42.7  -45.4  -46.3               
  627  627 A V        +     0   0  126      0, 0.0     0, 0.0     0, 0.0     0, 0.0   0.882  37.7  11.9  54.3 135.2   44.1  -43.5  -43.2               
  628  628 A T        -     0   0  112      0, 0.0     0, 0.0     0, 0.0     0, 0.0   0.808  32.2 -74.3-172.1 152.9   43.8  -41.9  -40.2               
  629  629 A T        -     0   0  114      0, 0.0     0, 0.0     0, 0.0     0, 0.0   0.616  26.9-128.9  15.1 117.3   42.9  -40.1  -36.7               
  630  630 A Q        +     0   0  191      0, 0.0     0, 0.0     0, 0.0     0, 0.0   0.975  27.3 126.4  96.6 153.9   41.2  -37.6  -35.2               
  631  631 A A        +     0   0   96      0, 0.0     0, 0.0     0, 0.0     0, 0.0   0.306  37.7  59.8  88.8 151.2   40.8  -34.5  -32.7               
  632  632 A E        -     0   0  182      1,-0.1     0, 0.0     0, 0.0     0, 0.0   0.880  56.5-118.6  53.1  80.5   39.7  -30.8  -32.2               
  633  633 A V        +     0   0  139      2,-0.0    -1,-0.1     0, 0.0     0, 0.0   0.124  44.3 143.9  33.1  72.9   36.6  -29.2  -32.7               
  634  634 A F        +     0   0  181      1,-0.0     0, 0.0     0, 0.0     0, 0.0  -0.885   6.2 143.1-145.5 138.5   36.1  -26.4  -35.2               
  635  635 A P        +     0   0  122      0, 0.0    -2,-0.0     0, 0.0    -1,-0.0  -0.354  22.5  99.4-139.6 151.3   34.0  -24.9  -37.4               
  636  636 A P        +     0   0   95      0, 0.0     2,-0.0     0, 0.0     0, 0.0  -0.383  34.8  55.5-124.9-153.5   33.1  -21.9  -38.5               
  637  637 A P        +     0   0  111      0, 0.0     0, 0.0     0, 0.0     0, 0.0   0.700  32.9  33.7-136.1-159.7   33.4  -19.6  -40.8               
  638  638 A V        -     0   0  126     -2,-0.0     0, 0.0     2,-0.0     0, 0.0   0.898  33.0  -9.6  97.0 121.7   33.6  -17.5  -44.1               
  639  639 A A        +     0   0   89      0, 0.0     0, 0.0     0, 0.0     0, 0.0   0.539  23.0 126.6  67.1 158.4   32.4  -16.6  -47.6               
  640  640 A M        -     0   0  164      0, 0.0    -2,-0.0     0, 0.0     0, 0.0   0.529  32.4-155.5-125.8 140.2   31.3  -16.0  -50.5               
  641  641 A L        +     0   0  139      2,-0.0     2,-0.1     0, 0.0     0, 0.0   0.158  18.4 149.3  19.5 119.0   29.7  -13.0  -51.9               
  642  642 A Q        +     0   0  187      0, 0.0     0, 0.0     0, 0.0     0, 0.0  -0.179   4.3 164.3-177.3 149.7   27.6  -11.8  -54.4               
  643  643 A I        +     0   0  160     -2,-0.1     2,-0.0     1,-0.0    -2,-0.0  -0.956  11.0 152.9-108.0 131.9   24.9   -9.2  -55.4               
  644  644 A P        -     0   0  105      0, 0.0    -1,-0.0     0, 0.0     0, 0.0  -0.264  35.7 -77.2-153.7 137.2   23.5   -8.1  -58.5               
  645  645 A V        -     0   0  143     -2,-0.0     0, 0.0     0, 0.0     0, 0.0   0.801  28.9-120.1  70.5 145.6   20.3   -6.5  -59.6               
  646  646 A A        -     0   0   84      0, 0.0     2,-0.2     0, 0.0     0, 0.0  -0.340   6.8-158.5 -87.9 172.7   16.5   -6.9  -60.5               
  647  647 A P        -     0   0  123      0, 0.0     0, 0.0     0, 0.0     0, 0.0  -0.537  30.6 -65.3-147.5 168.1   14.0   -6.7  -62.7               
  648  648 A A        -     0   0   98     -2,-0.2     0, 0.0     1,-0.1     0, 0.0   0.901  36.6 -95.2  48.2 151.1   10.1   -6.4  -62.9               
  649  649 A V        -     0   0  126      0, 0.0     2,-0.2     0, 0.0    -1,-0.1  -0.485  13.1-159.8 -83.8 155.7    6.7   -8.0  -62.2               
  650  650 A P        -     0   0   72      0, 0.0     2,-0.1     0, 0.0   619,-0.1  -0.662   9.0-155.7-123.4 171.6    4.0   -9.9  -63.5               
  651  651 A T        +     0   0   99     -2,-0.2   619,-0.4   617,-0.2   620,-0.1   0.129  28.1 109.3  95.2 130.5    0.6  -10.3  -62.6               
  652  652 A V        -     0   0   93    617,-0.1   618,-0.3    -2,-0.1     2,-0.1   0.755  33.7-138.3  67.6 123.1   -2.3  -12.9  -63.0               
  653  653 A S        -     0   0   97    617,-0.1     2,-0.3   616,-0.1    -2,-0.0  -0.136   5.2-135.9  96.2 103.8   -4.2  -15.2  -61.3               
  654  654 A L        -     0   0  170     -2,-0.1     0, 0.0     0, 0.0     0, 0.0  -0.866  22.0-150.0-148.3 104.4   -5.8  -18.8  -61.4               
  655  655 A V        -     0   0  120     -2,-0.3     0, 0.0     1,-0.1     0, 0.0   0.454  14.3-113.2  76.3 125.8   -9.0  -19.4  -60.4               
  656  656 A P        -     0   0  107      0, 0.0     2,-0.4     0, 0.0    -1,-0.1  -0.413  21.4 -91.8-116.1 179.3  -10.7  -22.6  -58.9               
  657  657 A P        -     0   0  126      0, 0.0     2,-0.1     0, 0.0     0, 0.0  -0.851  45.6-168.6 -83.9 136.8  -13.2  -25.5  -59.1               
  658  658 A A        +     0   0   77     -2,-0.4     0, 0.0     2,-0.0     0, 0.0  -0.121  15.0 150.7 -98.0-155.5  -16.6  -24.5  -57.6               
  659  659 A F        +     0   0  197     -2,-0.1     0, 0.0     0, 0.0     0, 0.0   0.377  28.1  36.4  85.7 148.0  -19.7  -26.5  -56.7               
  660  660 A P        -     0   0  106      0, 0.0    -2,-0.0     0, 0.0     0, 0.0   0.106  28.5-169.8-138.5 144.3  -22.2  -26.5  -54.6               
  661  661 A V        +     0   0  130      0, 0.0     2,-0.1     0, 0.0     0, 0.0   0.538  12.3 152.2  38.3 109.7  -24.9  -25.0  -52.5               
  662  662 A S        +     0   0  106      0, 0.0     0, 0.0     0, 0.0     0, 0.0   0.030  12.2 134.9 166.3 128.1  -27.4  -25.6  -49.9               
  663  663 A M        -     0   0  142      2,-0.1     2,-0.0    -2,-0.1     0, 0.0   0.361  34.5-150.4  67.5 127.8  -29.1  -24.0  -47.4               
  664  664 A P        +     0   0  132      0, 0.0     0, 0.0     0, 0.0     0, 0.0  -0.187  38.5 162.7-129.4 140.9  -31.9  -23.5  -46.0               
  665  665 A V        -     0   0  106     -2,-0.0    -2,-0.1     0, 0.0     0, 0.0  -0.720  22.1 -12.1-117.3 167.3  -32.2  -20.0  -44.4               
  666  666 A P        +     0   0  111      0, 0.0     0, 0.0     0, 0.0     0, 0.0  -0.204  20.8 174.6-103.9 -91.1  -34.3  -17.8  -43.2               
  667  667 A P        +     0   0  117      0, 0.0     2,-0.1     0, 0.0     0, 0.0   0.806  15.5 173.5-112.8 172.8  -37.4  -16.4  -42.6               
  668  668 A P        +     0   0  125      0, 0.0     2,-0.1     0, 0.0     0, 0.0  -0.512  20.2  73.9-116.9-175.6  -38.8  -13.3  -40.5               
  669  669 A G        +     0   0   37     -2,-0.1     0, 0.0     2,-0.0     0, 0.0  -0.165  31.8  84.9 114.3 166.7  -41.9  -11.2  -39.7               
  670  670 A F        -     0   0  181     -2,-0.1    -1,-0.0     2,-0.0     0, 0.0   0.866  34.1 -16.3  45.1 143.4  -45.4  -10.5  -37.9               
  671  671 A S        -     0   0   80      1,-0.1     2,-0.3   116,-0.0   115,-0.1   0.912  20.2-125.7-171.0 166.5  -47.4   -9.6  -35.4               
  672  672 A P        +     0   0  101      0, 0.0    -1,-0.1     0, 0.0   115,-0.0  -0.733  39.5 145.0 -87.0 141.7  -49.2   -8.6  -32.0               
  673  673 A I        -     0   0  111     -2,-0.3   113,-0.1     0, 0.0     0, 0.0  -0.908  35.5-110.5-169.4 155.7  -52.4  -10.4  -30.8               
  674  674 A P        -     0   0   95      0, 0.0   114,-0.1     0, 0.0   116,-0.1  -0.165  19.3-122.3 -99.6-178.7  -53.9  -11.4  -27.2               
  675  675 A P        -     0   0   61      0, 0.0   113,-0.0     0, 0.0   112,-0.0  -0.346  22.3 -95.7-109.2-177.9  -54.8  -14.6  -25.0               
  676  676 A P        +     0   0  118      0, 0.0   114,-0.1     0, 0.0     0, 0.0  -0.855  40.8 171.6-131.5 176.6  -57.6  -16.4  -23.0               
  677  677 A P        -     0   0   90      0, 0.0   114,-0.0     0, 0.0   115,-0.0   0.728  28.9-129.7-141.6-157.0  -58.8  -16.5  -19.8               
  678  678 A F        +     0   0  166    113,-0.1     0, 0.0     0, 0.0     0, 0.0   0.694  47.2  16.6  82.2 129.9  -60.6  -16.9  -16.4               
  679  679 A L        -     0   0  100    115,-0.0   113,-0.1     0, 0.0   112,-0.0   0.275  53.6 -46.2-162.4 119.9  -61.7  -15.4  -13.7               
  680  680 A R        +     0   0  205    111,-0.1   111,-0.0     0, 0.0     0, 0.0   0.764  34.5  53.3  64.6 147.2  -62.9  -12.2  -11.9               
  681  681 A A        -     0   0   76    110,-0.0   111,-0.0     0, 0.0   110,-0.0   0.620  26.7-119.4-166.1 150.2  -63.0   -9.1  -10.8               
  682  682 A S        +     0   0  116      1,-0.1     2,-0.3     0, 0.0     0, 0.0   0.836  23.4 147.0  51.8  96.5  -63.0   -5.4  -10.2               
  683  683 A F        -     0   0  199      0, 0.0    -1,-0.1     0, 0.0     0, 0.0  -0.940  33.2-146.4-140.4 140.7  -61.0   -2.8   -8.3               
  684  684 A N    >   -     0   0   88     -2,-0.3     3,-0.7     1,-0.1     0, 0.0  -0.868  12.6-161.8-107.4 119.7  -60.7    0.7   -9.9               
  685  685 A P  T 3  S+     0   0  133      0, 0.0    -1,-0.1     0, 0.0     0, 0.0   0.498  80.0  83.7 -74.8  -2.5  -57.5    3.0   -9.5               
  686  686 A S  T 3  S+     0   0   97      1,-0.1    -2,-0.0     2,-0.0     0, 0.0   0.227  83.0  66.7 -84.2  13.0  -59.6    6.2  -10.5               
  687  687 A Q  S <  S-     0   0  141     -3,-0.7    -1,-0.1     3,-0.0    -3,-0.0  -0.976  75.2-137.4-136.7 123.5  -60.8    6.7   -6.9               
  688  688 A P        -     0   0  103      0, 0.0    -2,-0.0     0, 0.0     0, 0.0  -0.577  30.8-109.0 -74.9 139.7  -58.8    7.6   -3.7               
  689  689 A P        -     0   0  120      0, 0.0     2,-0.3     0, 0.0     3,-0.1  -0.496  42.8-115.8 -61.3 127.4  -59.6    5.8   -0.4               
  690  690 A P        +     0   0  126      0, 0.0    -3,-0.0     0, 0.0     0, 0.0  -0.501  67.0  23.7 -69.8 133.7  -61.3    8.3    1.9               
  691  691 A G        +     0   0   66     -2,-0.3     2,-0.2     1,-0.2     0, 0.0   0.989  54.4 106.6  85.2  80.5  -59.8    9.5    5.2               
  692  692 A F        -     0   0  215     -3,-0.1    -1,-0.2     2,-0.0     0, 0.0  -0.785  60.0-120.7-148.4 143.9  -56.6    9.8    6.9               
  693  693 A M        -     0   0  179     -2,-0.2     0, 0.0     1,-0.0     0, 0.0  -0.516   8.5-144.2 -87.6 135.9  -55.3   13.4    7.2               
  694  694 A P        -     0   0  113      0, 0.0     3,-0.1     0, 0.0    -1,-0.0  -0.637  37.5-106.1 -75.8 145.3  -52.1   15.1    6.0               
  695  695 A P        -     0   0  120      0, 0.0     2,-0.1     0, 0.0     0, 0.0  -0.414  51.4 -84.4 -69.0 152.5  -50.7   17.8    8.4               
  696  696 A P        -     0   0  127      0, 0.0    -3,-0.0     0, 0.0     0, 0.0  -0.313  28.4-141.1 -73.4 136.9  -51.3   21.4    7.2               
  697  697 A V        -     0   0  137     -2,-0.1     0, 0.0    -3,-0.1     0, 0.0  -0.733  30.6-116.7 -77.9 134.5  -49.1   23.4    4.8               
  698  698 A P        -     0   0  117      0, 0.0     3,-0.1     0, 0.0    -1,-0.0  -0.451  38.8-100.2 -70.6 150.8  -48.8   27.1    5.8               
  699  699 A P        -     0   0  107      0, 0.0     2,-0.4     0, 0.0     0, 0.0  -0.258  32.4 -98.3 -74.6 157.0  -50.3   29.7    3.3               
  700  700 A P        -     0   0  123      0, 0.0     2,-0.4     0, 0.0     0, 0.0  -0.593  41.6-127.1 -68.0 124.3  -48.5   31.8    0.7               
  701  701 A V        -     0   0  143     -2,-0.4     0, 0.0     1,-0.1     0, 0.0  -0.659  24.4-121.8 -80.1 127.0  -47.9   35.3    2.2               
  702  702 A V        -     0   0  121     -2,-0.4    -1,-0.1     1,-0.1     0, 0.0  -0.362  22.4-112.5 -66.6 139.6  -49.3   38.1   -0.1               
  703  703 A P        -     0   0  109      0, 0.0    -1,-0.1     0, 0.0     0, 0.0  -0.570  37.9-109.2 -70.0 136.2  -46.9   40.9   -1.3               
  704  704 A P        -     0   0  118      0, 0.0     2,-0.0     0, 0.0     0, 0.0  -0.308  48.0 -89.5 -67.9 154.9  -47.8   44.4    0.1               
  705  705 A P        -     0   0  113      0, 0.0     2,-0.2     0, 0.0     0, 0.0  -0.217  25.3-112.4 -83.7 155.9  -49.4   46.9   -2.4               
  706  706 A T        -     0   0  141     -2,-0.0     0, 0.0     0, 0.0     0, 0.0  -0.526  24.7-157.1 -68.3 139.7  -48.1   49.5   -4.8               
  707  707 A I        -     0   0  147     -2,-0.2     0, 0.0     1,-0.0     0, 0.0  -0.958  27.3-110.8-122.9 138.4  -49.0   53.2   -4.0               
  708  708 A P        -     0   0  112      0, 0.0     2,-0.3     0, 0.0    -1,-0.0  -0.189  22.1-109.0 -89.5 167.1  -49.0   55.6   -7.0               
  709  709 A P        +     0   0  124      0, 0.0     2,-0.3     0, 0.0     0, 0.0  -0.643  26.0 177.0 -94.4 144.7  -46.8   58.6   -8.2               
  710  710 A V        -     0   0  143     -2,-0.3     0, 0.0     2,-0.0     0, 0.0  -0.991  20.4-147.7-141.6 145.3  -47.4   62.4   -8.4               
  711  711 A V        +     0   0  129     -2,-0.3     0, 0.0     1,-0.0     0, 0.0  -0.012  23.5 117.6 -89.7-164.6  -45.0   65.3   -9.5               
  712  712 A P        -     0   0   99      0, 0.0    -2,-0.0     0, 0.0    -1,-0.0   0.756  18.8 -41.4-136.5-177.8  -43.5   68.3   -9.8               
  713  713 A T        +     0   0  128      0, 0.0     0, 0.0     0, 0.0     0, 0.0   0.563  18.6 123.3  65.7 157.4  -40.7   71.0   -9.8               
  714  714 A S        -     0   0   95      0, 0.0     0, 0.0     0, 0.0     0, 0.0   0.800  19.1-157.8-143.6 149.7  -38.3   73.2   -9.4               
  715  715 A L        +     0   0  152      0, 0.0     0, 0.0     0, 0.0     0, 0.0   0.582  20.6 148.2  56.1 126.6  -35.3   74.9  -10.7               
  716  716 A V        +     0   0  116      2,-0.0     0, 0.0     0, 0.0     0, 0.0   0.648  28.0 138.7-154.6 132.8  -32.4   76.6  -10.7               
  717  717 A Q        +     0   0  165      0, 0.0     2,-0.1     0, 0.0     0, 0.0   0.767   8.2 126.3  62.0 161.0  -29.4   76.7  -12.7               
  718  718 A P        +     0   0  110      0, 0.0    -2,-0.0     0, 0.0     0, 0.0   0.158   3.8 140.1-104.6-115.0  -26.9   77.8  -14.3               
  719  719 A S        -     0   0   90     -2,-0.1     0, 0.0     0, 0.0     0, 0.0   0.577  12.3-109.0-167.7 139.1  -23.7   78.5  -15.6               
  720  720 A L        +     0   0  165      0, 0.0     0, 0.0     0, 0.0     0, 0.0   0.839  17.2  69.4  44.9 146.0  -20.7   79.3  -17.9               
  721  721 A S        -     0   0   89      0, 0.0     0, 0.0     0, 0.0     0, 0.0   0.562  15.0-125.3-175.9 143.3  -18.1   79.3  -19.7               
  722  722 A M        +     0   0  166      1,-0.0     0, 0.0     0, 0.0     0, 0.0   0.481  27.6 127.2  63.2 160.3  -15.2   78.9  -22.3               
  723  723 A T        +     0   0  133      0, 0.0     2,-0.0     0, 0.0    -1,-0.0   0.656  27.7 169.8-125.9 171.5  -12.5   78.3  -24.0               
  724  724 A P        +     0   0   98      0, 0.0     0, 0.0     0, 0.0     0, 0.0   0.018   5.2 152.8-110.6-149.6  -11.8   76.0  -27.1               
  725  725 A E        +     0   0  164     -2,-0.0     0, 0.0     0, 0.0     0, 0.0   0.518  23.8  21.8  82.3 147.5   -9.2   75.2  -29.9               
  726  726 A T        -     0   0  102      0, 0.0     0, 0.0     0, 0.0     0, 0.0   0.487  42.6-174.9-174.9 141.7   -7.7   73.2  -32.1               
  727  727 A V        +     0   0   99      0, 0.0     0, 0.0     0, 0.0     0, 0.0   0.777  13.4 112.4-161.5 171.1   -7.8   70.4  -34.1               
  728  728 A K        +     0   0  183      0, 0.0     0, 0.0     0, 0.0     0, 0.0   0.524  24.5  66.4  74.0 154.0   -7.7   67.3  -36.5               
  729  729 A D        -     0   0  127      0, 0.0     0, 0.0     0, 0.0     0, 0.0   0.604  43.2 -94.6-141.1 136.4   -7.7   64.5  -38.0               
  730  730 A V        +     0   0  118      1,-0.0     2,-0.0     0, 0.0     0, 0.0   0.651  24.1 156.9  35.9 137.5   -9.9   61.6  -38.8               
  731  731 A G        -     0   0   58      0, 0.0    -1,-0.0     0, 0.0     0, 0.0   0.600   7.7-166.3 150.1 160.3  -11.4   58.8  -38.5               
  732  732 A F        +     0   0  213     -2,-0.0     0, 0.0     0, 0.0     0, 0.0   0.814   9.5 145.1  58.2 142.9  -14.2   56.1  -39.1               
  733  733 A G        -     0   0   64      0, 0.0     0, 0.0     0, 0.0     0, 0.0   0.711  11.7-147.6 165.2 170.9  -15.7   53.5  -38.6               
  734  734 A S        +     0   0  120      0, 0.0     0, 0.0     0, 0.0     0, 0.0   0.471  30.2  68.8  68.7 151.1  -18.5   50.7  -38.3               
  735  735 A L        -     0   0  143      2,-0.0     0, 0.0     0, 0.0     0, 0.0   0.622  51.7 -47.8-147.6 141.4  -20.1   48.2  -37.3               
  736  736 A V        -     0   0  113      0, 0.0     0, 0.0     0, 0.0     0, 0.0   0.892  28.9-131.8  44.9 133.4  -22.1   46.8  -34.2               
  737  737 A I        +     0   0  151      2,-0.1    -2,-0.0     0, 0.0     0, 0.0   0.120  19.8  39.5  84.4 129.7  -22.6   46.0  -30.9               
  738  738 A P        -     0   0  119      0, 0.0     2,-0.2     0, 0.0     0, 0.0   0.799  22.1-144.5-136.9-159.7  -23.4   44.3  -28.3               
  739  739 A G        -     0   0   76      2,-0.0     2,-0.3     0, 0.0    -2,-0.1  -0.635  30.4-170.2 -95.7 172.3  -24.0   41.7  -25.4               
  740  740 A G        -     0   0   87     -2,-0.2     2,-0.4     2,-0.0     0, 0.0  -0.880  12.5-165.9-167.4 133.8  -27.1   41.5  -23.2               
  741  741 A S        +     0   0  120     -2,-0.3     2,-0.3     2,-0.0    -2,-0.0  -0.983  18.3 157.5-119.1 132.0  -28.4   39.8  -20.0               
  742  742 A V        -     0   0  148     -2,-0.4     2,-0.2     0, 0.0    -2,-0.0  -0.973  20.7-146.3-146.5 155.9  -32.0   39.6  -18.8               
  743  743 A A        -     0   0   89     -2,-0.3    -2,-0.0     1,-0.2     0, 0.0  -0.722  30.5 -22.9-113.6 164.0  -33.9   37.2  -16.5               
  744  744 A S        +     0   0  102     -2,-0.2     2,-0.2     1,-0.0    -1,-0.2   0.699  32.1 156.2  32.5 122.9  -37.3   35.5  -15.8               
  745  745 A N        -     0   0  170      2,-0.0     2,-0.3     0, 0.0    -1,-0.0  -0.800  22.9-134.9-165.8 174.7  -40.8   35.5  -16.2               
  746  746 A L        +     0   0  163     -2,-0.2     2,-0.3     2,-0.0     0, 0.0  -0.731  25.6 149.8-100.8 139.8  -43.8   33.1  -16.2               
  747  747 A A        +     0   0  100     -2,-0.3     2,-0.3     2,-0.0    -2,-0.0  -0.906  13.7 179.6-159.0 151.2  -46.9   32.4  -18.3               
  748  748 A T        +     0   0  126     -2,-0.3     2,-0.2     0, 0.0    -2,-0.0  -0.987   8.4 141.9-136.6 148.1  -49.0   29.2  -19.1               
  749  749 A S        -     0   0  121     -2,-0.3    -2,-0.0     1,-0.0     0, 0.0  -0.554  25.7  -1.8 179.8 154.6  -52.1   28.0  -21.0               
  750  750 A A        -     0   0   99     -2,-0.2    -1,-0.0     1,-0.0     0, 0.0   0.980  24.1-179.0  68.8 107.6  -54.2   25.6  -23.1               
  751  751 A L        +     0   0  166      0, 0.0    -1,-0.0     0, 0.0     0, 0.0  -0.316  10.1 177.4 -72.9-179.0  -54.5   22.4  -25.0               
  752  752 A P        -     0   0  114      0, 0.0     0, 0.0     0, 0.0     0, 0.0   0.344  13.2 -99.4-156.6-179.4  -56.6   20.6  -26.8               
  753  753 A A        +     0   0  105      1,-0.0     2,-0.0     0, 0.0     0, 0.0   0.861  19.2 153.3  71.6 149.3  -57.8   17.7  -29.0               
  754  754 A G        -     0   0   66      0, 0.0     2,-0.1     0, 0.0    -1,-0.0   0.362  17.8-166.0 117.8 110.8  -58.7   15.9  -32.3               
  755  755 A N        +     0   0  159     -2,-0.0     0, 0.0     0, 0.0     0, 0.0   0.359  11.5 110.6  69.7 135.6  -59.0   12.9  -33.8               
  756  756 A V        -     0   0  113     -2,-0.1     0, 0.0     0, 0.0     0, 0.0   0.697  21.4-103.1-166.7 152.0  -59.4   10.6  -36.1               
  757  757 A F        +     0   0  184      0, 0.0     0, 0.0     0, 0.0     0, 0.0   0.846  29.8  74.1  65.4 151.4  -58.9    7.6  -38.7               
  758  758 A N        +     0   0  147      1,-0.0     0, 0.0     0, 0.0     0, 0.0   0.899  10.7 175.8  86.0 128.7  -58.3    6.0  -42.1               
  759  759 A A        -     0   0   82      0, 0.0    -1,-0.0     0, 0.0     2,-0.0  -0.536  17.5-156.1 -95.8 175.5  -56.3    4.8  -45.1               
  760  760 A P        -     0   0  109      0, 0.0     0, 0.0     0, 0.0     0, 0.0  -0.100  10.0-115.8-160.7 143.5  -57.0    2.9  -48.0               
  761  761 A T        +     0   0  120      2,-0.0     0, 0.0    -2,-0.0     0, 0.0   0.854  23.4 150.4  60.9 157.9  -55.4    0.8  -50.7               
  762  762 A K        +     0   0  181      2,-0.0     0, 0.0     0, 0.0     0, 0.0   0.354  11.2  53.7  87.1 149.2  -54.4   -0.0  -54.4               
  763  763 A Q        -     0   0  169      0, 0.0    -2,-0.0     0, 0.0     0, 0.0   0.717  35.2 -26.8-156.2 159.1  -52.9   -1.0  -57.0               
  764  764 A A        +     0   0   80      0, 0.0    -2,-0.0     0, 0.0     0, 0.0   0.715  35.3   3.1  65.6 153.5  -51.3   -3.6  -59.5               
  765  765 A E        +     0   0  188      1,-0.0     2,-0.1     0, 0.0     0, 0.0   0.898  19.0 151.9-157.6 173.7  -49.8   -6.2  -60.8               
  766  766 A P        +     0   0  102      0, 0.0    -1,-0.0     0, 0.0     0, 0.0  -0.129   9.9 133.7-132.0-155.2  -48.0   -9.7  -61.1               
  767  767 A E        +     0   0  182     -2,-0.1     0, 0.0     2,-0.0     0, 0.0   0.343   9.8  89.4  79.1 157.1  -46.8  -13.1  -62.7               
  768  768 A E        +     0   0  134      0, 0.0     0, 0.0     0, 0.0     0, 0.0   0.824  42.4  34.7-153.6 137.9  -45.1  -15.7  -63.8               
  769  769 A K        -     0   0  156      0, 0.0    -2,-0.0     0, 0.0     0, 0.0   0.731  32.5-157.0 167.4 151.9  -44.0  -19.1  -63.3               
  770  770 A V        -     0   0  127      0, 0.0     0, 0.0     0, 0.0     0, 0.0  -0.081   5.8-145.5 103.6 120.7  -44.4  -22.4  -62.0               
  771  771 A P        -     0   0   94      0, 0.0     0, 0.0     0, 0.0     0, 0.0   0.884   1.0-130.4-145.1-135.3  -43.3  -25.4  -60.9               
  772  772 A H        +     0   0  158      0, 0.0     0, 0.0     0, 0.0     0, 0.0   0.619  15.6 160.5  83.2 148.2  -43.0  -29.2  -60.0               
  773  773 A L        -     0   0  143      0, 0.0     0, 0.0     0, 0.0     0, 0.0   0.762  23.1-159.6-169.9 172.0  -42.5  -32.0  -58.2               
  774  774 A I        -     0   0  137      0, 0.0     0, 0.0     0, 0.0     0, 0.0   0.923  26.1-140.3  92.9 100.9  -42.0  -35.4  -56.3               
  775  775 A D        -     0   0  125      0, 0.0     0, 0.0     0, 0.0     0, 0.0   0.764  22.4-174.9  41.5 141.4  -41.4  -37.1  -53.1               
  776  776 A H        -     0   0  156      0, 0.0     0, 0.0     0, 0.0     0, 0.0   0.452  37.4 -40.4-154.8 146.3  -40.4  -39.1  -50.7               
  777  777 A Q        +     0   0  164      0, 0.0     0, 0.0     0, 0.0     0, 0.0   0.895  49.2  31.7  58.5 137.3  -40.9  -39.7  -46.9               
  778  778 A I        -     0   0  138      0, 0.0     0, 0.0     0, 0.0     0, 0.0   0.765  42.4 -90.8-145.4 142.6  -41.4  -39.3  -43.7               
  779  779 A S        +     0   0  106      0, 0.0     0, 0.0     0, 0.0     0, 0.0   0.649  34.1 101.5  22.7 145.4  -42.9  -37.1  -40.8               
  780  780 A S        -     0   0  111      2,-0.0     0, 0.0     0, 0.0     0, 0.0   0.896  33.9 -82.0 177.3 162.2  -42.9  -34.8  -38.4               
  781  781 A G        -     0   0   76      2,-0.0     2,-0.3     1,-0.0     0, 0.0   0.837  16.5-150.6-174.1 168.1  -43.7  -31.8  -37.2               
  782  782 A E        -     0   0  173      1,-0.1    -1,-0.0     2,-0.0    -2,-0.0  -0.778  10.9 -92.3-127.7 142.6  -43.5  -28.1  -36.5               
  783  783 A N        +     0   0  121     -2,-0.3    -1,-0.1     0, 0.0    -2,-0.0   0.920  22.9 113.8  71.9 153.8  -43.8  -24.8  -34.9               
  784  784 A T        -     0   0  104      0, 0.0    -2,-0.0     0, 0.0     0, 0.0   0.980  18.9 -41.5  70.8 110.8  -45.2  -21.4  -33.8               
  785  785 A R        +     0   0  175      0, 0.0     0, 0.0     0, 0.0     0, 0.0   0.901  16.0 126.2  69.6 140.3  -46.6  -18.7  -32.0               
  786  786 A S        -     0   0   76   -113,-0.1  -115,-0.0  -115,-0.1     0, 0.0   0.925  16.6-132.1-176.5-178.7  -48.2  -16.4  -30.0               
  787  787 A V        +     0   0   73   -115,-0.0  -116,-0.0  -112,-0.0     0, 0.0   0.753  27.9  19.8-161.1-167.9  -48.6  -13.8  -27.7               
  788  788 A I        -     0   0   85   -114,-0.1     2,-0.2  -113,-0.0     0, 0.0   0.642  37.6-132.4  71.0 145.8  -49.6  -11.3  -24.8               
  789  789 A P        +     0   0   96      0, 0.0     2,-0.1     0, 0.0    -1,-0.0  -0.781  16.9 176.5-107.9 165.8  -51.3  -11.5  -21.2               
  790  790 A N        -     0   0  129     -2,-0.2     0, 0.0  -114,-0.1     0, 0.0  -0.489  33.6 -19.7-165.3 138.2  -53.9   -9.9  -19.0               
  791  791 A D        +     0   0  121     -2,-0.1  -111,-0.1  -114,-0.0  -113,-0.1   0.983  56.4  13.1  66.3 113.4  -55.5  -10.4  -15.5               
  792  792 A I        -     0   0   89   -113,-0.1     0, 0.0  -115,-0.0     0, 0.0   0.963  37.3-105.7  83.9  90.7  -56.4  -12.3  -12.5               
  793  793 A S        +     0   0   91      0, 0.0     0, 0.0     0, 0.0     0, 0.0   0.904  30.5 117.3  90.7 146.1  -56.1  -15.1  -10.2               
  794  794 A S        -     0   0   99      0, 0.0  -115,-0.0     0, 0.0     0, 0.0   0.948  34.0-126.5  81.9  77.4  -56.7  -18.2   -8.1               
  795  795 A N        +     0   0  162      0, 0.0     0, 0.0     0, 0.0     0, 0.0   0.815  26.1 123.6  52.0 133.4  -55.1  -21.5   -7.6               
  796  796 A A        +     0   0  101      0, 0.0     0, 0.0     0, 0.0     0, 0.0   0.744  16.4  72.7  78.3 142.3  -55.2  -25.3   -7.5               
  797  797 A A        -     0   0   69      0, 0.0     0, 0.0     0, 0.0     0, 0.0   0.742  25.4-114.2-167.4 174.5  -54.4  -28.3   -8.1               
  798  798 A I        +     0   0  136      2,-0.0     0, 0.0     0, 0.0     0, 0.0   0.988  36.9  89.4  66.1 104.9  -53.0  -31.9   -8.7               
  799  799 A L        -     0   0  169      1,-0.1     0, 0.0     2,-0.1     0, 0.0   0.297  54.9 -46.8 170.0 128.4  -51.8  -34.3  -11.0               
  800  800 A G        +     0   0   81      1,-0.1    -1,-0.1     0, 0.0    -2,-0.0   0.514  52.8  99.4  81.9 151.4  -48.6  -35.7  -12.7               
  801  801 A G        -     0   0   84      2,-0.0    -2,-0.1     0, 0.0    -1,-0.1   0.440  44.7-125.4 107.6 127.1  -45.4  -34.8  -14.7               
  802  802 A Q        -     0   0  196      1,-0.1     0, 0.0     2,-0.0     0, 0.0  -0.586  39.7-136.3 -88.0 159.6  -41.6  -34.4  -14.1               
  803  803 A P        -     0   0  106      0, 0.0     2,-0.1     0, 0.0    -1,-0.1  -0.315  36.0-172.1 -91.5 170.9  -39.8  -31.1  -15.1               
  804  804 A P        +     0   0  131      0, 0.0     2,-0.4     0, 0.0    -2,-0.0  -0.429  29.6 152.2-132.4 143.1  -37.4  -29.2  -16.3               
  805  805 A N        -     0   0  136     -2,-0.1     2,-0.5     2,-0.0     0, 0.0  -0.985  14.9-177.8-133.3 126.8  -37.7  -25.5  -15.7               
  806  806 A V        +     0   0  142     -2,-0.4     2,-0.3     0, 0.0     0, 0.0  -0.920  30.9 128.2-122.2  99.7  -34.6  -23.1  -15.6               
  807  807 A T        -     0   0  111     -2,-0.5    -2,-0.0     1,-0.1     0, 0.0  -0.946  49.2 -12.7-152.0 135.3  -35.6  -19.5  -14.8               
  808  808 A S        +     0   0  101     -2,-0.3    -1,-0.1     1,-0.1     2,-0.1   0.905  52.7 123.2  46.4 106.8  -34.5  -16.9  -12.2               
  809  809 A N        -     0   0  164      2,-0.0     2,-1.0     0, 0.0    -1,-0.1  -0.519  42.3-138.1-167.9 154.3  -32.6  -16.5   -9.2               
  810  810 A S        +     0   0  132     -2,-0.1     2,-0.1     2,-0.0     0, 0.0  -0.644  62.2 122.6 -67.5  99.4  -29.7  -14.6   -7.7               
  811  811 A G        -     0   0   58     -2,-1.0     3,-0.1     2,-0.0    -1,-0.0  -0.539  66.8 -76.9-178.2 110.2  -28.0  -17.5   -5.8               
  812  812 A I        -     0   0  168      1,-0.2     2,-2.0    -2,-0.1    -2,-0.0   0.439  23.7-161.0  23.5  76.9  -24.7  -19.4   -5.4               
  813  813 A L        +     0   0  162      1,-0.1     2,-0.5     3,-0.0    -1,-0.2  -0.609  30.5 159.2 -74.0  74.8  -24.0  -21.9   -8.1               
  814  814 A G        +     0   0   60     -2,-2.0     2,-0.4    -3,-0.1     3,-0.3  -0.598  22.0 149.5 -90.7  60.6  -21.5  -23.5   -5.7               
  815  815 A V        +     0   0  119     -2,-0.5    -2,-0.0     1,-0.2     0, 0.0  -0.981  32.7  64.7-126.1 113.6  -21.7  -26.8   -7.7               
  816  816 A Q        +     0   0  174     -2,-0.4    -1,-0.2     1,-0.1    -3,-0.0   0.092  57.4 130.5-128.4 117.4  -19.2  -28.7   -7.9               
  817  817 A R        +     0   0  214     -3,-0.3    -1,-0.1     1,-0.1     3,-0.0  -0.883  15.9 120.1 -82.1 145.3  -18.1  -30.2   -4.8               
  818  818 A P        +     0   0   93      0, 0.0     2,-0.2     0, 0.0    -1,-0.1   0.064  35.0  96.6-148.9 112.7  -17.6  -33.3   -4.3               
  819  819 A N        +     0   0  145      2,-0.0     0, 0.0     0, 0.0     0, 0.0  -0.634  29.1 167.0-157.8 120.3  -14.2  -34.6   -3.2               
  820  820 A V        +     0   0  111     -2,-0.2     2,-0.3    -3,-0.0    -3,-0.0  -0.997  14.6 150.0  77.0  27.3  -14.0  -35.0   -0.0               
  821  821 A S        -     0   0   88      2,-0.0     2,-0.2     0, 0.0    -2,-0.0  -0.905  16.6-179.0-135.4 126.2  -10.9  -37.0    0.6               
  822  822 A S        +     0   0   88     -2,-0.3    -2,-0.0     2,-0.1     0, 0.0   0.222  25.4 112.0  66.5 130.1   -9.2  -36.6    3.3               
  823  823 A N        -     0   0  146     -2,-0.2     2,-0.2     0, 0.0    -2,-0.0   0.678  29.5-171.2  66.6 118.6   -5.9  -38.5    4.1               
  824  824 A S        -     0   0  105      2,-0.0     2,-0.2     0, 0.0    -2,-0.1  -0.266   6.3-176.9  72.8 109.5   -2.7  -37.7    4.4               
  825  825 A E        -     0   0  185     -2,-0.2     2,-0.5     2,-0.0     0, 0.0  -0.772  13.2-150.4-154.9 164.8    0.4  -39.3    4.8               
  826  826 A I        +     0   0  160     -2,-0.2     2,-0.2     2,-0.0    -2,-0.0  -0.944  55.0  79.4-115.3 107.3    4.0  -38.1    5.3               
  827  827 A L        -     0   0  178     -2,-0.5     2,-0.2     0, 0.0    -2,-0.0  -0.727  57.3-126.0 179.1 168.4    6.9  -40.1    3.9               
  828  828 A G        +     0   0   66     -2,-0.2    -2,-0.0     1,-0.0     0, 0.0  -0.513  43.2  75.4-108.9 179.1    8.6  -40.6    0.5               
  829  829 A V        -     0   0  139     -2,-0.2    -1,-0.0     0, 0.0     0, 0.0   0.938  65.7 -19.6  82.9 109.8    9.8  -42.9   -2.3               
  830  830 A R        -     0   0  242      1,-0.0     2,-0.2     0, 0.0     0, 0.0   0.610  47.4-131.4  67.3 154.3    8.4  -44.9   -5.2               
  831  831 A P        +     0   0  111      0, 0.0     2,-0.1     0, 0.0    -1,-0.0  -0.634  16.7 167.6-109.3 170.8    5.1  -46.5   -6.5               
  832  832 A S        -     0   0  108     -2,-0.2     0, 0.0     2,-0.0     0, 0.0  -0.404  28.1  -1.0 179.8 161.2    3.1  -49.2   -7.9               
  833  833 A N        -     0   0  140     -2,-0.1     3,-0.0     2,-0.0     0, 0.0   0.925  44.9 -99.5  63.0  99.4   -0.1  -51.0   -8.9               
  834  834 A V        -     0   0  129      1,-0.1     2,-0.4     0, 0.0    -2,-0.0   0.857  60.0  -8.0  57.8 165.1   -3.8  -50.9   -9.0               
  835  835 A S        +     0   0  117      2,-0.0     2,-0.2     1,-0.0    -1,-0.1  -0.409  56.4 140.2 -49.5 112.0   -7.0  -52.0   -7.4               
  836  836 A S        -     0   0  111     -2,-0.4    -1,-0.0    -3,-0.0     0, 0.0  -0.649  47.9-105.3-153.1 113.1   -6.9  -54.6   -4.6               
  837  837 A S        -     0   0  104     -2,-0.2    -2,-0.0     1,-0.0     0, 0.0   0.336  55.0 -20.8   0.9 127.9   -9.2  -54.2   -1.6               
  838  838 A S        +     0   0  127      1,-0.1    -1,-0.0     0, 0.0     0, 0.0   0.880  39.8 165.5  60.1 108.5   -9.0  -53.3    2.0               
  839  839 A G        -     0   0   75      0, 0.0    -1,-0.1     0, 0.0    -2,-0.0  -0.090  14.7-169.2-169.2  61.2   -6.2  -53.0    4.6               
  840  840 A I        +     0   0  160      1,-0.1     0, 0.0     2,-0.0     0, 0.0   0.056  31.2  71.3 -20.0 140.6   -6.5  -51.2    8.0               
  841  841 A I        -     0   0  153      2,-0.0    -1,-0.1     0, 0.0     0, 0.0   0.959  55.3 -77.3  95.5  94.8   -3.8  -50.2   10.7               
  842  842 A A        -     0   0   91      1,-0.1    -2,-0.0     0, 0.0     0, 0.0   0.661  31.0 -93.2  56.5  93.4   -1.0  -48.1   11.8               
  843  843 A A        +     0   0   99      1,-0.0    -1,-0.1     0, 0.0    -2,-0.0   0.411  23.7 172.6  20.3 118.4    2.7  -47.3   11.6               
  844  844 A Q        -     0   0  189      0, 0.0    -1,-0.0     0, 0.0     0, 0.0  -0.911  27.4-129.5-149.3 138.2    5.8  -48.1   13.7               
  845  845 A P        +     0   0  110      0, 0.0     0, 0.0     0, 0.0     0, 0.0  -0.613  33.5  41.7-108.1-176.5    9.5  -47.2   12.8               
  846  846 A P        +     0   0  109      0, 0.0     2,-0.2     0, 0.0     0, 0.0   0.822  26.9 134.1-124.3 175.9   12.7  -47.7   12.2               
  847  847 A N        -     0   0  146      2,-0.0     2,-0.1     0, 0.0     0, 0.0  -0.816  20.4-142.5-169.9 149.2   15.8  -49.8   10.9               
  848  848 A I        +     0   0  145     -2,-0.2     0, 0.0     2,-0.0     0, 0.0   0.357  31.8 110.7  80.3 131.3   18.8  -50.2    9.3               
  849  849 A L        -     0   0  157     -2,-0.1    -2,-0.0     0, 0.0     0, 0.0   0.926  31.9-142.1  85.7 106.6   20.7  -52.7    7.0               
  850  850 A N        +     0   0  126      2,-0.0     2,-0.2     0, 0.0    -2,-0.0   0.046  21.4 159.0 -15.1 143.0   22.1  -53.2    3.5               
  851  851 A N        -     0   0  145      2,-0.0     2,-0.2     0, 0.0     0, 0.0  -0.531  16.4-151.4 178.3 161.0   22.4  -56.1    1.2               
  852  852 A S        +     0   0  119     -2,-0.2     2,-0.2     2,-0.0    -2,-0.0  -0.609  12.7 175.0-117.2 165.4   22.9  -56.9   -2.6               
  853  853 A G        -     0   0   77     -2,-0.2     2,-0.4     2,-0.1    -2,-0.0  -0.846  18.3-142.1-171.9 139.9   22.2  -59.4   -5.5               
  854  854 A I        +     0   0  140     -2,-0.2     2,-0.3     2,-0.0    -2,-0.0  -0.921  14.5 179.9-116.7 129.9   22.8  -59.4   -9.3               
  855  855 A L        -     0   0  162     -2,-0.4     2,-0.2     2,-0.0    -2,-0.1  -0.913   8.6-153.2-142.9 156.2   21.1  -60.5  -12.5               
  856  856 A G        +     0   0   26     -2,-0.3     2,-0.1     0, 0.0    -2,-0.0  -0.614  44.3 168.8 107.1  67.0   21.6  -60.6  -15.5               
  857  857 A I  S    S-     0   0  183     -2,-0.2    -2,-0.0     0, 0.0     0, 0.0  -0.506 118.7 -26.1-132.2 103.3   20.6  -60.6  -18.7               
  858  858 A Q  S    S+     0   0  179     -2,-0.1    -3,-0.0     0, 0.0     0, 0.0   0.588  82.9 157.7-141.0 123.7   23.6  -60.0  -19.1               
  859  859 A P        -     0   0   62      0, 0.0    -5,-0.0     0, 0.0     0, 0.0  -0.363  51.1-114.4-119.9  43.3   25.5  -58.3  -16.4               
  860  860 A P        -     0   0  119      0, 0.0     0, 0.0     0, 0.0     0, 0.0   0.493  55.9 -72.6 -43.1 103.5   29.1  -59.1  -16.8               
  861  861 A S        +     0   0   95      0, 0.0     0, 0.0     0, 0.0     0, 0.0   0.922  50.1  10.8  75.7 133.1   30.3  -61.2  -13.9               
  862  862 A V        +     0   0  129      0, 0.0     0, 0.0     0, 0.0     0, 0.0   0.977  34.6  14.0  69.8 130.2   31.5  -62.1  -10.5               
  863  863 A S        -     0   0  110      0, 0.0     0, 0.0     0, 0.0     0, 0.0   0.966  30.7-103.9  68.7 114.9   32.2  -62.1   -6.8               
  864  864 A N        +     0   0  152      0, 0.0     0, 0.0     0, 0.0     0, 0.0   0.525  44.7  97.3  16.2 156.9   32.3  -61.2   -3.2               
  865  865 A S        -     0   0  102      0, 0.0     0, 0.0     0, 0.0     0, 0.0   0.711  47.0 -54.3  74.3 117.0   34.7  -59.4   -0.8               
  866  866 A S        -     0   0  117      0, 0.0     2,-0.0     0, 0.0     0, 0.0   0.246  16.7-165.0  58.8  96.9   35.8  -56.7    0.9               
  867  867 A G        +     0   0   65      2,-0.1  -496,-0.1  -496,-0.1     0, 0.0   0.884  18.2 150.4 119.6-166.6   36.8  -53.7    0.8               
  868  868 A L        +     0   0   79   -497,-0.1  -496,-0.2  -498,-0.1  -495,-0.1   0.463  33.2  76.4  68.8 151.5   38.6  -51.4    3.3               
  869  869 A L        +     0   0  109   -498,-0.7  -496,-0.2  -497,-0.1    -2,-0.1   0.244  29.0  98.4  66.5 163.0   41.0  -48.4    2.7               
  870  870 A G        +     0   0   54      1,-0.1     2,-0.2     2,-0.1  -497,-0.1   0.556   8.0 127.8-172.4 156.9   42.0  -45.6    2.0               
  871  871 A V        +     0   0   72      0, 0.0  -497,-0.5     0, 0.0    -1,-0.1  -0.547  53.2  42.5 -94.6 155.2   43.2  -41.9    2.0               
  872  872 A L        +     0   0   92     -2,-0.2  -498,-0.1  -499,-0.1    -2,-0.1   0.759  58.2  14.0  44.3 160.4   46.2  -40.1    0.3               
  873  873 A P        -     0   0   99      0, 0.0     2,-0.0     0, 0.0  -497,-0.0   0.824  46.2 -67.1-122.4-131.6   48.1  -39.6   -2.3               
  874  874 A P        +     0   0  111      0, 0.0     2,-0.3     0, 0.0     0, 0.0  -0.232  29.4 146.8 -85.0 151.3   49.3  -39.6   -5.9               
  875  875 A N        -     0   0  154     -2,-0.0     0, 0.0     2,-0.0     0, 0.0  -0.940  31.3-134.3-157.2 163.6   50.6  -41.8   -8.7               
  876  876 A I        -     0   0  139     -2,-0.3     2,-1.0     2,-0.0     0, 0.0  -0.794  23.1-134.9 -87.9 133.3   50.7  -42.2  -12.5               
  877  877 A P        +     0   0  126      0, 0.0     2,-0.5     0, 0.0    -2,-0.0  -0.789  33.4 166.9 -88.8  98.8   49.9  -45.7  -13.9               
  878  878 A N        -     0   0  154     -2,-1.0     2,-0.3     0, 0.0    -2,-0.0  -0.975  17.7-170.9-108.8 119.8   52.6  -46.2  -16.6               
  879  879 A N        -     0   0  143     -2,-0.5     0, 0.0     1,-0.1     0, 0.0  -0.912  24.4  -2.6-163.1 123.0   52.6  -49.9  -17.6               
  880  880 A S        -     0   0  103     -2,-0.3    -1,-0.1     0, 0.0     0, 0.0   0.537  45.7-111.9-158.8 144.4   54.6  -51.6  -19.4               
  881  881 A G        +     0   0   73      0, 0.0    -2,-0.1     0, 0.0     0, 0.0   0.263  19.4 121.6  70.4 172.7   57.5  -52.5  -21.7               
  882  882 A L        -     0   0  159      0, 0.0     0, 0.0     0, 0.0     0, 0.0   0.526  36.0  -3.3-161.3 142.4   59.6  -53.2  -23.9               
  883  883 A V        +     0   0  141      0, 0.0     0, 0.0     0, 0.0     0, 0.0   0.608  40.4 162.9  69.8 135.8   62.7  -52.7  -26.2               
  884  884 A G        -     0   0   56      0, 0.0     0, 0.0     0, 0.0     0, 0.0   0.711  26.1-142.6 166.7 168.4   64.9  -50.7  -27.2               
  885  885 A V        +     0   0  140      0, 0.0     0, 0.0     0, 0.0     0, 0.0   0.521  54.4  61.8  70.8 136.0   68.0  -48.7  -28.6               
  886  886 A Q        +     0   0  176      1,-0.1     0, 0.0     2,-0.0     0, 0.0   0.629  45.0 177.3-121.1 144.3   70.0  -46.2  -28.2               
  887  887 A P        -     0   0  101      0, 0.0     2,-0.1     0, 0.0    -1,-0.1  -0.269  43.2 -72.5 -88.1 178.5   72.4  -46.1  -25.1               
  888  888 A P        -     0   0  127      0, 0.0     2,-0.3     0, 0.0    -2,-0.0  -0.430  47.0-178.4 -64.5 148.1   75.1  -43.5  -24.2               
  889  889 A N        +     0   0  157     -2,-0.1     0, 0.0     2,-0.0     0, 0.0  -0.933   2.4 175.1-143.7 135.6   78.3  -43.3  -26.1               
  890  890 A V        -     0   0  111     -2,-0.3     2,-0.1     0, 0.0     0, 0.0  -0.491  13.5-165.1 -85.1 169.5   81.3  -41.0  -25.7               
  891  891 A P        -     0   0  110      0, 0.0    -2,-0.0     0, 0.0     0, 0.0  -0.436  34.9 -70.2-138.8 149.4   84.4  -40.6  -26.9               
  892  892 A N        -     0   0  135     -2,-0.1     0, 0.0     0, 0.0     0, 0.0   0.797  36.7 -90.3  47.5 113.6   87.2  -38.6  -25.5               
  893  893 A T        +     0   0  125      0, 0.0     2,-0.0     0, 0.0     0, 0.0   0.347  24.7 139.5  16.0 151.6   88.9  -35.4  -24.7               
  894  894 A P        -     0   0  121      0, 0.0     0, 0.0     0, 0.0     0, 0.0   0.493  18.2-136.5-136.1 169.0   90.6  -32.9  -25.0               
  895  895 A G        +     0   0   72     -2,-0.0     0, 0.0     0, 0.0     0, 0.0   0.907  28.1  81.2  62.4 143.1   91.4  -29.3  -24.5               
  896  896 A L        -     0   0  160      2,-0.0     0, 0.0     0, 0.0     0, 0.0   0.914  49.6 -11.3  85.3 127.8   92.6  -25.9  -25.6               
  897  897 A L        +     0   0  168      1,-0.0     0, 0.0     0, 0.0     0, 0.0   0.563  37.9 143.7  63.9 159.2   92.3  -22.5  -27.3               
  898  898 A G        -     0   0   72      0, 0.0    -1,-0.0     0, 0.0    -2,-0.0   0.737  15.1-172.3 128.6  83.7   89.9  -20.6  -29.8               
  899  899 A T        +     0   0  131      2,-0.0     0, 0.0     0, 0.0     0, 0.0  -0.101  37.4  60.1 -41.6 163.1   88.6  -17.1  -30.3               
  900  900 A Q        -     0   0  179      0, 0.0     0, 0.0     0, 0.0     0, 0.0   0.531  38.0-148.4  94.8 144.9   86.0  -15.7  -32.7               
  901  901 A P        -     0   0  101      0, 0.0     2,-0.0     0, 0.0    -2,-0.0  -0.408  13.2-143.2 -91.4-177.5   82.4  -15.5  -34.2               
  902  902 A P        -     0   0   88      0, 0.0     5,-0.3     0, 0.0     0, 0.0  -0.356  37.9 -94.2-146.7 126.9   81.0  -14.9  -37.3               
  903  903 A A        -     0   0   56      3,-0.1     0, 0.0     1,-0.1     0, 0.0   0.451  29.5 -46.8  57.1 168.8   77.7  -12.9  -37.8               
  904  904 A G  S    S+     0   0   51      1,-0.0     3,-0.1     0, 0.0    -1,-0.1  -0.671 107.3  37.5 108.0  80.0   74.7  -11.9  -38.1               
  905  905 A P  S    S+     0   0  144      0, 0.0     2,-0.2     0, 0.0    -2,-0.1   0.356 127.4  54.8  48.0  25.4   72.3  -13.3  -40.6               
  906  906 A Q  S    S+     0   0  124      1,-0.2    -3,-0.1     2,-0.1     0, 0.0  -0.698  85.4  47.5-145.2-165.6   74.3  -16.3  -39.3               
  907  907 A N        -     0   0   94     -5,-0.3    -1,-0.2    -2,-0.2    -4,-0.0   0.602  57.5-124.9  11.1 104.3   75.0  -17.8  -35.7               
  908  908 A L        -     0   0  157     -4,-0.1    -2,-0.1     1,-0.0     0, 0.0   0.817  24.4-106.5  48.3 150.0   73.1  -18.5  -32.9               
  909  909 A P        +     0   0  107      0, 0.0     2,-0.0     0, 0.0    -1,-0.0   0.195  27.5 133.4 -90.2-148.1   73.0  -17.6  -29.0               
  910  910 A P        +     0   0  104      0, 0.0     0, 0.0     0, 0.0     0, 0.0   0.532   4.5  96.9-137.1-143.1   73.4  -18.2  -25.8               
  911  911 A L        -     0   0  156     -2,-0.0     2,-0.0     0, 0.0     0, 0.0   0.405  17.3-177.0  84.1 155.3   74.4  -18.0  -22.0               
  912  912 A S        +     0   0   80      2,-0.0     0, 0.0     0, 0.0     0, 0.0   0.611  20.8 143.4-178.1 176.7   73.7  -17.4  -18.9               
  913  913 A I        -     0   0  161     -2,-0.0     2,-0.1     0, 0.0     0, 0.0   0.374  33.8-144.6  73.9 151.3   74.2  -16.9  -15.0               
  914  914 A P        +     0   0  109      0, 0.0    -2,-0.0     0, 0.0     0, 0.0  -0.328  30.8  80.6-125.2-168.5   72.8  -14.4  -12.5               
  915  915 A N        +     0   0  137     -2,-0.1     0, 0.0     0, 0.0     0, 0.0   0.924  49.0  13.8  73.1 127.7   72.7  -12.1   -9.5               
  916  916 A Q        +     0   0  148      0, 0.0     0, 0.0     0, 0.0     0, 0.0   0.808  50.3  64.0  67.7 142.1   73.7   -8.7   -8.1               
  917  917 A R        -     0   0  226      0, 0.0     0, 0.0     0, 0.0     0, 0.0   0.966  30.4-144.5  90.3 109.7   74.9   -5.2   -8.4               
  918  918 A M        +     0   0  176      0, 0.0     2,-0.1     0, 0.0     0, 0.0   0.033  13.7 156.9 -29.5 160.9   74.7   -1.6   -9.7               
  919  919 A P        +     0   0  108      0, 0.0     0, 0.0     0, 0.0     0, 0.0  -0.002  24.7  38.4-150.8-166.8   75.8    1.1  -10.8               
  920  920 A T        +     0   0  123     -2,-0.1     0, 0.0     0, 0.0     0, 0.0   0.742  28.2 147.4  80.0 121.4   75.5    4.5  -12.7               
  921  921 A M        -     0   0  135      0, 0.0     2,-0.1     0, 0.0     0, 0.0   0.491  28.4-136.0  76.4 142.2   73.8    7.2  -13.5               
  922  922 A P        +     0   0  113      0, 0.0     0, 0.0     0, 0.0     0, 0.0   0.349  58.1  30.5-115.2 177.4   73.5   10.3  -14.3               
  923  923 A M        +     0   0  141     -2,-0.1     0, 0.0     2,-0.0     0, 0.0   0.856  62.8   5.1-171.0 153.1   71.2   12.6  -13.1               
  924  924 A L        +     0   0  129      0, 0.0     2,-0.1     0, 0.0     0, 0.0   0.850  25.1 159.0-133.0 178.1   69.2   13.7  -10.5               
  925  925 A D        +     0   0  127      0, 0.0    -2,-0.0     0, 0.0     0, 0.0   0.210  12.3 135.5  72.0 125.5   67.9   13.9   -7.3               
  926  926 A I        -     0   0  128     -2,-0.1     0, 0.0     2,-0.0     0, 0.0   0.574  42.2 -88.5-152.5 129.0   66.3   15.4   -4.8               
  927  927 A R        -     0   0  237      1,-0.0     2,-0.2     0, 0.0     0, 0.0   0.681  26.5-111.7  66.8 160.5   63.5   14.5   -2.2               
  928  928 A P        +     0   0  129      0, 0.0     2,-0.1     0, 0.0    -1,-0.0  -0.731  22.3 158.6-125.5 166.7   59.6   14.4   -1.4               
  929  929 A G        +     0   0   71     -2,-0.2     0, 0.0     1,-0.0     0, 0.0  -0.513  27.9   7.2 168.2 140.1   56.6   15.6    0.6               
  930  930 A L        -     0   0  146     -2,-0.1    -1,-0.0     2,-0.0     0, 0.0   0.989  50.2 -88.8  68.1 101.4   52.8   16.2    1.3               
  931  931 A I        -     0   0  148      1,-0.1     0, 0.0     0, 0.0     0, 0.0   0.314  45.3 -24.6   1.3 156.8   49.2   15.6    0.1               
  932  932 A P        +     0   0  101      0, 0.0     2,-0.2     0, 0.0    -1,-0.1   0.696  25.3 134.5-127.4 173.4   46.9   16.9   -2.0               
  933  933 A Q        -     0   0  183      2,-0.0     0, 0.0     0, 0.0     0, 0.0  -0.894  34.9-121.2-166.1 169.3   44.4   18.8   -4.3               
  934  934 A A        -     0   0   95     -2,-0.2     2,-0.3     0, 0.0     0, 0.0  -0.850  16.3-164.7-110.9 144.1   42.7   18.2   -7.8               
  935  935 A P        -     0   0  126      0, 0.0    -2,-0.0     0, 0.0     0, 0.0  -0.903  13.9-133.6-119.4 156.6   42.6   20.2  -11.2               
  936  936 A G        -     0   0   68     -2,-0.3     2,-0.1     1,-0.1     0, 0.0  -0.506  38.9 -79.3 -96.0 171.5   40.4   20.0  -14.3               
  937  937 A P        +     0   0  139      0, 0.0     2,-0.2     0, 0.0    -1,-0.1  -0.437  48.0 163.7 -80.9 144.5   41.5   20.0  -18.0               
  938  938 A R        -     0   0  233     -2,-0.1     0, 0.0     0, 0.0     0, 0.0  -0.853   8.5-176.4-160.1 126.3   42.5   23.0  -20.1               
  939  939 A F        +     0   0  201     -2,-0.2     0, 0.0     1,-0.1     0, 0.0  -0.942  23.5  62.3-156.0 161.6   44.4   23.6  -23.5               
  940  940 A P        -     0   0  103      0, 0.0    -1,-0.1     0, 0.0     0, 0.0   0.533  31.2-118.5-144.4 174.0   45.4   26.1  -25.3               
  941  941 A L        +     0   0  164      1,-0.0    -2,-0.0     0, 0.0     2,-0.0   0.787  27.3 103.8  62.7 140.5   47.1   29.3  -26.9               
  942  942 A I        -     0   0  161      0, 0.0    -1,-0.0     0, 0.0     0, 0.0   0.406  39.1-134.1-144.2 170.4   47.8   32.3  -28.3               
  943  943 A Q        +     0   0  174      1,-0.0     0, 0.0    -2,-0.0     0, 0.0  -0.275  26.4  58.5 -97.9-172.5   49.4   35.7  -27.1               
  944  944 A P        +     0   0  120      0, 0.0     2,-0.2     0, 0.0    -1,-0.0   0.787  32.0  80.9-133.4 174.6   50.0   38.9  -26.5               
  945  945 A G        -     0   0   73      0, 0.0     0, 0.0     0, 0.0     0, 0.0  -0.575  33.8-140.2 158.2 144.7   49.3   42.6  -25.2               
  946  946 A I        +     0   0  166     -2,-0.2     0, 0.0     1,-0.2     0, 0.0  -0.952  18.5   9.3-155.8 171.2   49.3   44.8  -22.0               
  947  947 A P        +     0   0  101      0, 0.0    -1,-0.2     0, 0.0     2,-0.1   0.982  13.1 139.9-107.5-174.3   48.0   47.3  -20.0               
  948  948 A P        +     0   0  122      0, 0.0     2,-0.1     0, 0.0     0, 0.0  -0.409  31.2 173.9-138.4 161.3   46.5   49.8  -18.0               
  949  949 A Q        +     0   0  158     -2,-0.1     0, 0.0     0, 0.0     0, 0.0   0.177  16.1  76.9  98.9 133.2   46.5   50.3  -14.6               
  950  950 A R        +     0   0  240     -2,-0.1     0, 0.0     2,-0.0     0, 0.0   0.870  26.2 112.0  69.2 135.5   45.5   52.6  -11.6               
  951  951 A G        +     0   0   65      1,-0.1    -1,-0.0     0, 0.0     0, 0.0   0.583  23.4 123.5 143.4  93.9   42.8   53.9   -9.2               
  952  952 A I        +     0   0  115      2,-0.0    -1,-0.1     0, 0.0    -2,-0.0  -0.988   3.7 140.5-137.4 139.4   41.8   53.7   -5.5               
  953  953 A P        -     0   0  108      0, 0.0     0, 0.0     0, 0.0     0, 0.0  -0.759  25.9-157.2-141.4 170.8   41.1   55.6   -2.5               
  954  954 A P        -     0   0   74      0, 0.0   108,-0.1     0, 0.0   107,-0.0   0.087  27.0  -6.0-114.0-138.3   38.3   55.1    0.3               
  955  955 A P        -     0   0   61      0, 0.0     2,-0.2     0, 0.0   104,-0.1  -0.028  16.8-175.2-106.5 168.0   36.3   56.9    3.0               
  956  956 A S        -     0   0   88    102,-0.1   104,-0.1     2,-0.0   102,-0.1  -0.691  22.9-148.3-151.7 100.4   35.3   59.9    5.3               
  957  957 A V        +     0   0  112    102,-0.2   102,-0.1    -2,-0.2   101,-0.1   0.334  23.4 148.8   0.5 141.4   32.7   60.0    8.2               
  958  958 A L        -     0   0  116    100,-0.2    99,-0.2    99,-0.1   100,-0.1   0.098  20.6-156.7 166.5 125.3   30.4   62.5    9.7               
  959  959 A D        +     0   0  100     97,-0.1    97,-0.1    98,-0.1    98,-0.1  -0.328  19.2 157.9 -64.6 152.0   26.9   62.7   11.6               
  960  960 A S        -     0   0  115     95,-0.4    97,-0.1    -2,-0.0    95,-0.0   0.031  16.5-168.4 179.1 101.3   24.5   65.6   11.9               
  961  961 A A        +     0   0   44     95,-0.1    93,-0.1    93,-0.0    95,-0.0   0.165  10.4 157.5 -25.2 152.3   20.7   65.6   12.6               
  962  962 A L        -     0   0  137      1,-0.1    92,-0.1     0, 0.0     0, 0.0   0.395  24.9 -54.5 161.3 134.4   17.6   67.5   12.7               
  963  963 A H        -     0   0  167     89,-0.1    -1,-0.1     0, 0.0     0, 0.0   0.587  30.5-130.1  79.0 155.2   13.8   68.0   12.6               
  964  964 A P        -     0   0   92      0, 0.0     0, 0.0     0, 0.0     0, 0.0  -0.218  14.5 -19.1-129.7-144.1   10.2   67.5   11.0               
  965  965 A P        -     0   0  111      0, 0.0     2,-0.3     0, 0.0     0, 0.0   0.888  14.2-133.1-111.7-169.7    6.9   68.0    9.6               
  966  966 A P        -     0   0  136      0, 0.0     2,-0.3     0, 0.0     0, 0.0  -0.949  30.2-128.5-140.7-172.7    3.5   69.2    8.7               
  967  967 A R        -     0   0  252     -2,-0.3     0, 0.0     0, 0.0     0, 0.0  -0.806  15.1 -92.0-113.8 158.6   -0.1   67.7    8.5               
  968  968 A G        -     0   0   75     -2,-0.3     2,-0.0     1,-0.1     0, 0.0   0.184  13.0-109.1  89.3 177.1   -3.4   67.0    6.6               
  969  969 A P        +     0   0  129      0, 0.0    -1,-0.1     0, 0.0     0, 0.0   0.492  29.3 139.8-129.9 177.5   -6.2   67.3    5.6               
  970  970 A F        -     0   0  204     -2,-0.0     0, 0.0     0, 0.0     0, 0.0  -0.778  24.8-148.4-113.1 166.8   -9.9   65.9    6.0               
  971  971 A P        +     0   0  121      0, 0.0     0, 0.0     0, 0.0     0, 0.0  -0.874  21.4 106.6-152.6-161.9  -13.3   67.3    6.2               
  972  972 A P        -     0   0  122      0, 0.0     0, 0.0     0, 0.0     0, 0.0   0.370  21.2 -76.5-139.8 176.7  -16.5   66.7    7.6               
  973  973 A G        +     0   0   63      0, 0.0     0, 0.0     0, 0.0     0, 0.0   0.523  21.7  31.6  82.1 157.3  -20.0   66.3    9.3               
  974  974 A D        -     0   0  145      0, 0.0     0, 0.0     0, 0.0     0, 0.0   0.513  16.7-173.5-158.3 139.0  -22.7   65.8   11.0               
  975  975 A I        +     0   0  129      0, 0.0     0, 0.0     0, 0.0     0, 0.0   0.615   7.8 163.5  36.9 126.1  -24.7   65.4   14.3               
  976  976 A F        -     0   0  183      0, 0.0     0, 0.0     0, 0.0     0, 0.0   0.055  30.0 -85.6 178.4 127.9  -27.7   64.6   16.3               
  977  977 A S        -     0   0  102      1,-0.1     0, 0.0     0, 0.0     0, 0.0   0.948  13.5-167.6  51.7 130.9  -28.9   63.8   19.9               
  978  978 A Q        -     0   0  177      0, 0.0     2,-0.1     0, 0.0    -1,-0.1  -0.577  20.8-153.4 -90.2 176.9  -29.7   61.6   22.8               
  979  979 A P        -     0   0  112      0, 0.0     0, 0.0     0, 0.0     0, 0.0  -0.515  18.9 -71.1-148.4 152.9  -31.5   62.3   25.8               
  980  980 A E        -     0   0  179     -2,-0.1     0, 0.0     0, 0.0     0, 0.0   0.594  19.8-142.5  77.8 166.8  -31.7   61.2   29.4               
  981  981 A R        +     0   0  237      1,-0.0     0, 0.0     0, 0.0     0, 0.0  -0.154  13.5 179.3-122.1-141.7  -32.5   59.0   32.5               
  982  982 A P        +     0   0   95      0, 0.0    -1,-0.0     0, 0.0     0, 0.0   0.810   1.7   1.9-136.0-172.4  -33.5   58.4   35.7               
  983  983 A F        +     0   0  182      0, 0.0     0, 0.0     0, 0.0     0, 0.0   0.757  26.6  29.4 107.0 133.3  -34.5   57.2   39.1               
  984  984 A L        -     0   0  152      2,-0.0     0, 0.0     0, 0.0     0, 0.0   0.938  28.0-113.9  74.7  96.7  -35.3   55.3   42.3               
  985  985 A A        -     0   0   89      1,-0.1     2,-0.2     0, 0.0     0, 0.0   0.875  26.5 -68.7  75.7 157.9  -35.0   52.7   44.7               
  986  986 A P        -     0   0  135      0, 0.0     2,-0.3     0, 0.0    -1,-0.1  -0.588  19.1-166.6-115.2 170.2  -36.2   49.5   46.7               
  987  987 A G        -     0   0   79     -2,-0.2     2,-0.4     2,-0.0     0, 0.0  -0.983   9.6-146.6-155.3 144.9  -38.6   48.1   49.3               
  988  988 A R        +     0   0  238     -2,-0.3     2,-0.1     2,-0.0     0, 0.0  -0.898  23.7 150.3 -99.8 144.7  -39.2   44.9   51.4               
  989  989 A Q        +     0   0  194     -2,-0.4     2,-0.0     2,-0.0    -2,-0.0  -0.329  10.8 177.9 170.6 144.2  -42.3   43.1   52.7               
  990  990 A S        +     0   0  102     -2,-0.1    -2,-0.0     0, 0.0     0, 0.0   0.580  10.1 123.3 124.9 150.8  -43.4   40.0   53.5               
  991  991 A V        +     0   0  121     -2,-0.0    -2,-0.0     0, 0.0     0, 0.0   0.616  26.4  52.9  88.1 136.5  -46.2   37.6   54.9               
  992  992 A D        -     0   0  137      1,-0.0     0, 0.0     0, 0.0     0, 0.0   0.936  21.8-164.8  74.9  94.0  -48.6   34.6   54.6               
  993  993 A N        -     0   0  139      0, 0.0     2,-0.2     0, 0.0    -1,-0.0   0.194   6.7-159.9  19.8 134.6  -49.2   31.1   54.1               
  994  994 A V        -     0   0  148      2,-0.0     2,-0.3     0, 0.0     0, 0.0  -0.853  25.1-177.7-143.1 147.5  -52.2   29.0   53.4               
  995  995 A T        +     0   0  108     -2,-0.2     0, 0.0     2,-0.0     0, 0.0  -0.939  15.9 134.0-121.8 144.5  -51.9   25.1   54.1               
  996  996 A N        +     0   0  146     -2,-0.3     2,-0.2     2,-0.0    -2,-0.0  -0.322   3.8 155.2-176.0 147.4  -53.7   21.9   54.0               
  997  997 A P        -     0   0   99      0, 0.0     2,-0.1     0, 0.0    -2,-0.0  -0.484  18.5-178.4-105.8-170.5  -53.4   18.1   53.0               
  998  998 A E        +     0   0  122      1,-0.2    -2,-0.0    -2,-0.2     0, 0.0  -0.517  20.9  70.8 176.1 166.0  -55.1   14.9   54.1               
  999  999 A K        +     0   0  190     -2,-0.1    -1,-0.2     0, 0.0     2,-0.1   0.776  40.5 146.9  79.0 138.3  -55.7   11.1   54.0               
 1000 1000 A R        +     0   0  180      1,-0.0     0, 0.0     0, 0.0     0, 0.0  -0.279  10.6  58.7 173.0 127.7  -54.2    8.2   55.1               
 1001 1001 A I        +     0   0  144     -2,-0.1    -1,-0.0     0, 0.0     0, 0.0   0.817  11.2 107.8  65.2 154.0  -53.2    4.8   56.3               
 1002 1002 A P        -     0   0  115      0, 0.0     0, 0.0     0, 0.0     0, 0.0   0.689  12.1-171.9-129.2 177.5  -52.6    1.6   57.2               
 1003 1003 A L        -     0   0  180      0, 0.0     2,-0.1     0, 0.0     0, 0.0  -0.029  13.4-169.9 -52.7 164.0  -50.0   -1.3   57.4               
 1004 1004 A G        +     0   0   72      2,-0.0     0, 0.0     0, 0.0     0, 0.0  -0.072   6.8 140.8 133.6 157.9  -49.9   -5.0   58.2               
 1005 1005 A N        -     0   0  138     -2,-0.1     0, 0.0     0, 0.0     0, 0.0   0.781  16.0-166.4-167.1-179.3  -48.4   -7.8   58.9               
 1006 1006 A D        +     0   0  126      0, 0.0    -2,-0.0     0, 0.0     0, 0.0   0.714  16.8 137.3  70.1 147.4  -47.0  -11.3   60.0               
 1007 1007 A N        -     0   0  123      0, 0.0     0, 0.0     0, 0.0     0, 0.0   0.666  13.8-166.0-166.8 167.9  -44.8  -13.8   60.3               
 1008 1008 A I        +     0   0  138      0, 0.0     0, 0.0     0, 0.0     0, 0.0   0.679  25.1  72.8  68.2 145.2  -42.4  -16.8   61.1               
 1009 1009 A Q        -     0   0  140      0, 0.0     0, 0.0     0, 0.0     0, 0.0   0.778  45.3 -29.4-145.5 144.7  -39.9  -19.1   61.0               
 1010 1010 A Q        +     0   0  141      0, 0.0     0, 0.0     0, 0.0     0, 0.0   0.874  37.1  18.9  51.5 147.2  -36.0  -19.8   61.4               
 1011 1011 A E        -     0   0  170      0, 0.0     0, 0.0     0, 0.0     0, 0.0   0.765  35.0  -4.5-163.7 160.8  -32.8  -19.4   61.3               
 1012 1012 A G        -     0   0   64      0, 0.0     0, 0.0     0, 0.0     0, 0.0   0.629  55.6 -10.2 105.2 115.7  -29.0  -18.3   61.1               
 1013 1013 A D        +     0   0  158      1,-0.1     2,-0.2     0, 0.0     0, 0.0   0.647  37.2 165.0  26.9 115.5  -26.6  -15.4   60.8               
 1014 1014 A R        +     0   0  223      3,-0.0    -1,-0.1     0, 0.0     2,-0.1   0.090   6.2 150.0  56.9 123.8  -26.4  -12.1   60.1               
 1015 1015 A D        +     0   0  138     -2,-0.2     0, 0.0     0, 0.0     0, 0.0   0.136  53.3  25.9-134.7-173.7  -24.5   -9.6   60.3               
 1016 1016 A Y        +     0   0  216      1,-0.2     2,-0.5    -2,-0.1     0, 0.0   0.898  53.4 148.3  77.7  60.8  -23.8   -6.3   58.4               
 1017 1017 A R        +     0   0  221      0, 0.0    -1,-0.2     0, 0.0    -3,-0.0  -0.968  13.8 172.5-102.5 120.4  -26.7   -5.0   56.4               
 1018 1018 A F        -     0   0  190     -2,-0.5     0, 0.0     1,-0.1     0, 0.0  -0.877  39.3 -79.9-127.1 157.5  -26.9   -1.2   56.1               
 1019 1019 A P        -     0   0   95      0, 0.0     2,-0.2     0, 0.0    -1,-0.1  -0.037  19.1-122.2 -92.9 162.5  -29.5    0.2   53.8               
 1020 1020 A P        -     0   0  105      0, 0.0     2,-0.4     0, 0.0     0, 0.0  -0.528  23.9-156.2 -66.9 148.8  -30.5    1.0   50.2               
 1021 1021 A I        -     0   0  167     -2,-0.2     2,-0.1     0, 0.0     0, 0.0  -0.999  13.9-145.9-126.3 130.4  -31.4    4.6   49.4               
 1022 1022 A E        -     0   0  177     -2,-0.4     2,-0.1     1,-0.2     0, 0.0  -0.315  29.2 -70.7 -86.9 169.6  -33.7    5.1   46.4               
 1023 1023 A T        +     0   0  134     -2,-0.1     2,-0.3     0, 0.0    -1,-0.2  -0.342  43.5 172.8 -53.3 135.3  -33.9    7.9   43.7               
 1024 1024 A R        -     0   0  253     -2,-0.1     2,-0.2     2,-0.0     0, 0.0  -0.949  14.1-156.6-143.6 139.6  -35.1   11.4   44.4               
 1025 1025 A E        +     0   0  173     -2,-0.3     0, 0.0     0, 0.0     0, 0.0  -0.553  29.5  50.5-101.3 166.7  -34.9   14.3   41.9               
 1026 1026 A S        +     0   0  118     -2,-0.2     2,-0.0     1,-0.1    -2,-0.0   0.487  30.2  95.0  65.7 146.1  -34.8   18.2   42.1               
 1027 1027 A I        -     0   0  163      0, 0.0     2,-0.3     0, 0.0    -1,-0.1   0.523  29.8-158.6-142.2 172.8  -33.9   21.1   43.0               
 1028 1028 A S        +     0   0  107     -2,-0.0     0, 0.0     2,-0.0     0, 0.0  -0.824  22.1 140.0-104.3 142.6  -31.5   23.9   41.6               
 1029 1029 A R        -     0   0  242     -2,-0.3     0, 0.0     0, 0.0     0, 0.0  -0.881  32.2-130.5-165.2 163.4  -29.6   27.0   42.8               
 1030 1030 A P        -     0   0   89      0, 0.0    -2,-0.0     0, 0.0     0, 0.0  -0.411  24.5 -85.0-107.5 172.2  -26.1   28.4   42.0               
 1031 1031 A P        -     0   0  117      0, 0.0     2,-0.0     0, 0.0     0, 0.0  -0.379  62.1-100.6 -64.7 157.1  -22.8   29.8   43.4               
 1032 1032 A P        -     0   0  118      0, 0.0     2,-0.3     0, 0.0     0, 0.0  -0.220  17.3-145.8 -88.3 169.4  -23.0   33.6   44.1               
 1033 1033 A V        +     0   0  133     -2,-0.0     2,-0.3     2,-0.0     0, 0.0  -0.918  26.3 172.0-131.6 111.2  -22.0   37.0   42.5               
 1034 1034 A D        -     0   0  151     -2,-0.3     2,-0.1     2,-0.0     0, 0.0  -0.950   8.3-170.7-142.0 131.7  -21.0   39.9   44.9               
 1035 1035 A V        +     0   0  103     -2,-0.3    -2,-0.0     0, 0.0     0, 0.0  -0.151  20.3  82.8  93.3 116.1  -19.7   42.9   44.2               
 1036 1036 A R        +     0   0  215     -2,-0.1    -2,-0.0     1,-0.1     2,-0.0   0.297   9.4 114.5  71.5 153.4  -18.1   45.9   46.2               
 1037 1037 A D        -     0   0  139      0, 0.0    -1,-0.1     0, 0.0     2,-0.1   0.675  35.1-172.1-116.0 151.6  -16.0   47.8   47.7               
 1038 1038 A V        +     0   0  113     -2,-0.0     0, 0.0     0, 0.0     0, 0.0   0.288  23.0 145.5  66.7 115.4  -14.8   50.9   46.8               
 1039 1039 A V        -     0   0  136     -2,-0.1     0, 0.0     0, 0.0     0, 0.0   0.491  35.6 -26.2-152.8 142.0  -12.7   53.6   47.1               
 1040 1040 A G        +     0   0   71      2,-0.0     0, 0.0     0, 0.0     0, 0.0   0.794  43.8  39.4  62.1 149.9  -10.9   56.1   44.8               
 1041 1041 A R        +     0   0  233      1,-0.1     2,-0.2     0, 0.0     0, 0.0   0.785   9.3 175.2-141.7 155.6   -9.4   57.9   42.6               
 1042 1042 A P        +     0   0  119      0, 0.0     2,-0.2     0, 0.0    -1,-0.1  -0.591  13.7 177.4 -84.2 161.0   -9.1   59.0   38.9               
 1043 1043 A I        -     0   0  160     -2,-0.2     0, 0.0     0, 0.0     0, 0.0  -0.898  34.0 -73.0-161.2 157.5   -6.7   61.6   37.4               
 1044 1044 A D        -     0   0  128     -2,-0.2     2,-0.7     1,-0.1     0, 0.0   0.182  19.8-125.6 -59.2 155.7   -6.1   62.8   33.8               
 1045 1045 A P        +     0   0  129      0, 0.0     2,-0.4     0, 0.0    -1,-0.1  -0.838  50.0 177.2 -81.0 114.2   -4.5   61.6   30.5               
 1046 1046 A R        -     0   0  196     -2,-0.7     0, 0.0     1,-0.0     0, 0.0  -0.910  27.3 -88.8-145.6 120.0   -2.2   64.6   29.7               
 1047 1047 A E        +     0   0  157     -2,-0.4    -1,-0.0     1,-0.0     0, 0.0   0.544  41.3 150.0  27.4 111.4    0.4   65.7   27.2               
 1048 1048 A G        -     0   0   76      0, 0.0     2,-0.4     0, 0.0    -2,-0.0  -0.740  35.0-133.4-167.9 117.4    4.2   65.2   27.2               
 1049 1049 A P        -     0   0  135      0, 0.0    -2,-0.0     0, 0.0     0, 0.0  -0.756  14.3 -83.2-110.8 135.4    6.2   65.0   23.9               
 1050 1050 A G        -     0   0   79     -2,-0.4     0, 0.0     1,-0.1     0, 0.0   0.964   9.4-157.4  78.0 127.8    8.8   63.4   21.7               
 1051 1051 A R        -     0   0  210      0, 0.0    -1,-0.1     0, 0.0     0, 0.0  -0.727  29.4-161.1-149.6 130.3   12.0   62.5   20.3               
 1052 1052 A P        -     0   0   87      0, 0.0   -89,-0.1     0, 0.0     0, 0.0  -0.281  29.5 -77.9 -91.3 176.6   12.1   61.0   16.6               
 1053 1053 A P        -     0   0  132      0, 0.0     2,-0.4     0, 0.0     0, 0.0  -0.040  34.3-134.9 -76.5 178.0   14.8   58.9   14.8               
 1054 1054 A L        -     0   0   96    -93,-0.1     2,-0.2   -92,-0.1   -93,-0.0  -0.999  14.6-157.4-143.8 125.9   18.1   60.1   13.2               
 1055 1055 A D        +     0   0  160     -2,-0.4   -95,-0.4   -95,-0.0     2,-0.0  -0.670  27.8  62.1-107.2 160.2   19.6   59.1    9.7               
 1056 1056 A G        +     0   0   57     -2,-0.2   -97,-0.1   -97,-0.1   -95,-0.1   0.092  18.5  96.3  86.9 157.7   23.1   59.0    8.2               
 1057 1057 A R        -     0   0  136    -99,-0.2   -99,-0.1   -98,-0.1   -98,-0.1   0.619  27.0-172.9-132.5 150.1   26.0   58.6    7.4               
 1058 1058 A D        +     0   0  122   -100,-0.1  -100,-0.2  -101,-0.1  -102,-0.1   0.032  12.3 153.7 -50.8 168.3   27.7   56.4    4.9               
 1059 1059 A H        +     0   0  102   -102,-0.1  -102,-0.2  -104,-0.1     0, 0.0   0.615  31.8   3.9 124.7 133.5   31.2   55.5    4.0               
 1060 1060 A F        +     0   0  119   -104,-0.1     2,-0.1     1,-0.1  -103,-0.1   0.933  24.5 177.5-127.6 159.8   33.1   53.0    2.6               
 1061 1061 A G        +     0   0   59   -107,-0.0    -1,-0.1     0, 0.0     0, 0.0  -0.022   9.4 157.1  75.1  94.7   33.5   50.0    1.0               
 1062 1062 A R        -     0   0  166     -2,-0.1     0, 0.0  -108,-0.1     0, 0.0  -0.586  26.3-147.0-172.0 159.0   36.2   47.8   -0.4               
 1063 1063 A P        -     0   0  110      0, 0.0     0, 0.0     0, 0.0     0, 0.0   0.016  19.0 -46.6-124.5-160.7   36.2   44.0   -1.0               
 1064 1064 A P        -     0   0  119      0, 0.0     2,-0.3     0, 0.0     0, 0.0  -0.088  17.7-158.0 -86.3 168.1   38.0   40.6   -1.1               
 1065 1065 A V        -     0   0  147      0, 0.0     2,-0.0     0, 0.0     0, 0.0  -0.992  27.7-132.2-132.6 139.2   41.1   38.7   -2.5               
 1066 1066 A D        +     0   0  137     -2,-0.3     0, 0.0     1,-0.1     0, 0.0  -0.074  43.3  27.5 -68.8 168.5   41.2   34.9   -2.9               
 1067 1067 A I        +     0   0  138      1,-0.0    -1,-0.1    -2,-0.0     2,-0.0   0.912  27.9 150.2  55.6 106.1   43.4   31.9   -2.1               
 1068 1068 A R        -     0   0  214      0, 0.0    -1,-0.0     0, 0.0     0, 0.0  -0.292  31.2-131.2-160.9 116.6   45.8   30.4    0.0               
 1069 1069 A E        -     0   0  127      1,-0.1     0, 0.0    -2,-0.0     0, 0.0   0.463  31.9 -54.1  30.2 115.0   46.5   26.9    0.9               
 1070 1070 A N        -     0   0  116      1,-0.0    -1,-0.1     0, 0.0     2,-0.1   0.482  29.0-179.2  29.1 117.3   47.0   24.7    3.8               
 1071 1071 A L        -     0   0  160      0, 0.0    -1,-0.0     0, 0.0     0, 0.0  -0.460  32.3 -96.8-157.8 111.3   49.2   24.3    6.8               
 1072 1072 A V        -     0   0  116     -2,-0.1     0, 0.0     1,-0.1     0, 0.0   0.766  24.1-117.1  57.8 107.8   49.2   21.7    9.5               
 1073 1073 A R        +     0   0  228      1,-0.0    -1,-0.1     0, 0.0     0, 0.0  -0.285  36.0  82.0 -59.6 176.1   48.1   20.5   13.0               
 1074 1074 A P        +     0   0  120      0, 0.0     2,-0.2     0, 0.0    -2,-0.0   0.690  17.9 145.1-136.5-174.7   48.9   19.7   16.0               
 1075 1075 A G        -     0   0   61      2,-0.0     2,-0.1     0, 0.0     0, 0.0  -0.755  14.2-135.9 176.3 143.8   50.0   20.0   19.7               
 1076 1076 A I        +     0   0  160     -2,-0.2     0, 0.0     2,-0.0     0, 0.0   0.183  25.2  90.5  72.8 116.6   50.2   19.2   23.0               
 1077 1077 A D        -     0   0  138     -2,-0.1     2,-0.6     0, 0.0    -2,-0.0   0.660  30.8-135.2-152.6-177.7   50.2   19.7   26.1               
 1078 1078 A H        +     0   0  176      0, 0.0     2,-0.3     0, 0.0    -2,-0.0  -0.484  24.7 168.6 -65.2 114.9   48.7   20.1   29.7               
 1079 1079 A L        +     0   0  174     -2,-0.6     2,-0.1     2,-0.0     0, 0.0  -0.885  13.4 157.1-143.8 133.9   49.6   22.8   32.1               
 1080 1080 A G        +     0   0   64     -2,-0.3     0, 0.0     0, 0.0     0, 0.0   0.339   4.1 134.1 114.8 144.0   47.8   23.3   34.8               
 1081 1081 A R        -     0   0  209     -2,-0.1    -2,-0.0     0, 0.0     0, 0.0   0.543  15.4-174.4  73.5 123.6   48.0   24.8   38.4               
 1082 1082 A R        -     0   0  167      0, 0.0     2,-0.0     0, 0.0     0, 0.0   0.863   7.9-133.8  85.4 149.7   46.5   26.6   40.9               
 1083 1083 A D        -     0   0   91      0, 0.0     0, 0.0     0, 0.0     0, 0.0   0.594   8.2-122.2-150.9-178.2   46.1   28.1   43.6               
 1084 1084 A H        +     0   0  117     -2,-0.0     2,-0.0     0, 0.0     0, 0.0   0.466  16.0 157.1   3.6 151.2   44.5   29.4   46.9               
 1085 1085 A F        +     0   0  193      2,-0.0     0, 0.0     0, 0.0     0, 0.0   0.499  22.8 156.2-148.6 172.6   43.3   31.4   49.1               
 1086 1086 A G        -     0   0   56     -2,-0.0     0, 0.0     2,-0.0     0, 0.0   0.861  22.2-179.4 153.0 173.2   41.1   31.3   51.6               
 1087 1087 A F        +     0   0  199      0, 0.0    -2,-0.0     0, 0.0     0, 0.0   0.740  17.2 166.3  67.7 121.2   39.2   32.1   54.9               
 1088 1088 A N        +     0   0  141      0, 0.0     2,-0.1     0, 0.0    -2,-0.0   0.085  10.6 112.2  64.6 139.2   36.6   31.0   56.7               
 1089 1089 A P        +     0   0   89      0, 0.0     0, 0.0     0, 0.0     0, 0.0   0.438  25.1  57.8-125.9-151.5   35.1   31.1   59.5               
 1090 1090 A E        -     0   0  174     -2,-0.1     0, 0.0     0, 0.0     0, 0.0   0.649  21.2-151.8  78.0 132.3   32.1   31.9   61.9               
 1091 1091 A K        +     0   0  196      0, 0.0     0, 0.0     0, 0.0     0, 0.0   0.320  18.8 120.2  61.0 148.5   29.0   32.1   63.2               
 1092 1092 A P        -     0   0   97      0, 0.0     0, 0.0     0, 0.0     0, 0.0   0.692  48.4 -48.1-137.0 170.8   26.6   33.3   64.7               
 1093 1093 A W        -     0   0  262      2,-0.0     2,-0.2     0, 0.0     0, 0.0   0.096  53.2-110.2  61.8 171.8   22.9   34.6   65.0               
 1094 1094 A G        -     0   0   61      0, 0.0     2,-0.4     0, 0.0     0, 0.0  -0.714  23.5 -82.3-122.7 175.4   21.0   37.1   62.7               
 1095 1095 A H        -     0   0  172     -2,-0.2     2,-0.1     1,-0.2    -2,-0.0  -0.890  30.6-145.5 -95.6 132.0   19.5   40.5   62.2               
 1096 1096 A R        +     0   0  207     -2,-0.4    -1,-0.2     0, 0.0     0, 0.0   0.715  20.0 175.0  75.2 152.2   16.5   41.7   63.0               
 1097 1097 A G        -     0   0   68     -2,-0.1    -2,-0.0     0, 0.0     2,-0.0   0.790  30.2-173.4  99.3  60.7   14.0   44.2   61.5               
 1098 1098 A D        +     0   0  129      0, 0.0     0, 0.0     0, 0.0     0, 0.0   0.700  28.1 157.4  75.8 145.5   11.2   44.3   63.4               
 1099 1099 A F        +     0   0  196     -2,-0.0     2,-0.0     0, 0.0     0, 0.0   0.772  20.8 177.0  80.8  94.2    7.6   45.7   63.5               
 1100 1100 A D        +     0   0  107      0, 0.0     0, 0.0     0, 0.0     0, 0.0   0.754  15.9 158.8  89.6 158.0    5.1   44.3   65.3               
 1101 1101 A E        -     0   0  156     -2,-0.0     2,-0.0     0, 0.0     0, 0.0   0.966  22.0-171.0  69.9  90.5    1.4   44.9   66.2               
 1102 1102 A R        +     0   0  168      0, 0.0     0, 0.0     0, 0.0     0, 0.0   0.505   7.1 120.5  87.6 131.6   -0.9   42.6   67.2               
 1103 1103 A E        +     0   0  153     -2,-0.0     0, 0.0     0, 0.0     0, 0.0   0.696  11.1  60.4  70.9 145.7   -4.4   41.6   68.1               
 1104 1104 A H        -     0   0  126      0, 0.0     0, 0.0     0, 0.0     0, 0.0   0.611  39.9 -90.5-149.4 145.1   -7.3   40.5   68.5               
 1105 1105 A R        +     0   0  196      1,-0.1     2,-0.3     0, 0.0     0, 0.0   0.903  30.8 160.5  57.9 114.4   -9.3   37.4   69.5               
 1106 1106 A V        +     0   0  144      0, 0.0    -1,-0.1     0, 0.0     0, 0.0  -0.833  46.6 176.5-128.9 131.7  -11.1   34.4   69.0               
 1107 1107 A L        +     0   0  137     -2,-0.3     2,-0.1     2,-0.0     0, 0.0  -0.892  27.9 116.7-125.8 156.7  -11.3   32.4   72.4               
 1108 1108 A P        -     0   0  126      0, 0.0     2,-0.0     0, 0.0    -1,-0.0   0.279  47.7-111.8-132.3-171.0  -12.3   29.9   74.2               
 1109 1109 A V        +     0   0  100     -2,-0.1    -2,-0.0     2,-0.0     0, 0.0   0.105  28.0  28.1-164.2 141.0  -10.3   27.6   75.6               
 1110 1110 A Y        -     0   0  228     -2,-0.0     2,-0.1     0, 0.0     0, 0.0   0.508  15.0-140.2  63.7 157.3   -8.3   24.5   77.0               
 1111 1111 A G        -     0   0   78      2,-0.0    -2,-0.0     0, 0.0     0, 0.0   0.159  11.2-174.0 147.7 128.8   -6.8   21.7   77.2               
 1112 1112 A G        +     0   0   78     -2,-0.1     2,-0.2     0, 0.0     0, 0.0  -0.252  19.5 170.0 153.8 123.1   -5.4   18.3   78.4               
 1113 1113 A P        +     0   0  115      0, 0.0     2,-0.1     0, 0.0    -2,-0.0  -0.811  11.6  99.9-131.3 177.3   -2.8   15.5   77.4               
 1114 1114 A K        +     0   0  207     -2,-0.2     0, 0.0     1,-0.1     0, 0.0   0.019  12.7 124.8 125.0 155.6   -0.7   12.2   78.0               
 1115 1115 A G        +     0   0   73     -2,-0.1     2,-0.1     0, 0.0    -1,-0.1   0.718  25.0 165.5 105.8  92.3   -0.1    8.4   77.7               
 1116 1116 A L        +     0   0  157      0, 0.0     2,-0.1     0, 0.0     0, 0.0  -0.027   2.4 156.8  81.5 109.2    2.6    6.8   76.4               
 1117 1117 A H        -     0   0  159     -2,-0.1     0, 0.0     2,-0.0     0, 0.0  -0.086  15.2-129.4 163.4 149.7    4.2    3.4   76.3               
 1118 1118 A E        +     0   0  121     -2,-0.1     2,-0.0     2,-0.0     0, 0.0   0.412  22.2 166.6 -30.3 161.2    6.6    0.9   74.6               
 1119 1119 A E        -     0   0  167      0, 0.0     2,-0.4     0, 0.0    -2,-0.0   0.038  19.1-154.4-149.2 166.1    7.8   -2.0   73.3               
 1120 1120 A R        -     0   0  205      1,-0.1    -2,-0.0    -2,-0.0     0, 0.0  -0.737   2.6-164.1 -98.7 135.2   11.0   -2.8   71.2               
 1121 1121 A G        -     0   0   78     -2,-0.4    -1,-0.1     0, 0.0     0, 0.0   0.474  33.1-141.0-105.2  -5.1   11.4   -5.6   68.7               
 1122 1122 A R        -     0   0  209      0, 0.0    -2,-0.0     0, 0.0     0, 0.0   0.935  21.0-112.5  52.3 112.4   15.3   -6.0   68.1               
 1123 1123 A F        -     0   0  178      0, 0.0     0, 0.0     0, 0.0     0, 0.0   0.776  28.8-174.8  61.2 156.2   17.8   -6.7   65.4               
 1124 1124 A R        -     0   0  228      0, 0.0     0, 0.0     0, 0.0     0, 0.0   0.700  15.5-160.7-132.6 160.1   20.1   -7.5   63.2               
 1125 1125 A S        -     0   0  117      1,-0.0     0, 0.0     2,-0.0     0, 0.0  -0.026   1.1-167.2 -54.5 164.7   21.8   -6.1   60.1               
 1126 1126 A G        +     0   0   73      2,-0.0     2,-0.3     0, 0.0    -1,-0.0  -0.225  21.4 165.1-160.2  56.4   23.7   -7.9   57.3               
 1127 1127 A N        +     0   0  142      2,-0.0     2,-0.3     1,-0.0    -2,-0.0  -0.609  15.4 179.8 -72.2 139.5   25.8   -5.5   55.1               
 1128 1128 A Y        +     0   0  222     -2,-0.3     2,-0.3     2,-0.1    -1,-0.0  -0.860   9.6 177.6-129.3 106.0   28.5   -6.4   52.7               
 1129 1129 A R        -     0   0  195     -2,-0.3     2,-0.4     0, 0.0    -2,-0.0  -0.750  14.8-164.1 -72.1 145.4   30.1   -3.4   50.9               
 1130 1130 A F        -     0   0  212     -2,-0.3    -2,-0.1     0, 0.0     0, 0.0  -0.970  26.1-162.3-116.5 138.5   32.9   -3.9   48.6               
 1131 1131 A D        -     0   0  111     -2,-0.4     0, 0.0     1,-0.2     0, 0.0  -0.436   8.1 -73.1-131.2-172.5   34.4   -0.5   48.1               
 1132 1132 A P        +     0   0   96      0, 0.0    -1,-0.2     0, 0.0     0, 0.0   0.336  35.6 110.9-117.5-164.8   36.6    1.3   45.8               
 1133 1133 A R        +     0   0  232      1,-0.1     2,-0.1     2,-0.1    -2,-0.0   0.858  35.0  65.1  97.8 104.6   39.6    2.7   43.6               
 1134 1134 A S        +     0   0  128      1,-0.1    -1,-0.1     0, 0.0     0, 0.0  -0.019  52.8  38.9 165.3 153.8   41.2    3.0   40.5               
 1135 1135 A G        -     0   0   61      1,-0.1     2,-1.1    -2,-0.1    -1,-0.1   0.743  45.4-136.4 104.9 104.4   41.4    4.2   36.8               
 1136 1136 A P        +     0   0  126      0, 0.0     2,-0.5     0, 0.0    -1,-0.1  -0.672  38.4 152.1 -89.7  91.7   40.1    7.5   35.2               
 1137 1137 A W        +     0   0  255     -2,-1.1     2,-0.6     2,-0.0     0, 0.0  -0.755  18.0 159.4-115.2  81.8   38.4    6.6   31.9               
 1138 1138 A N        +     0   0  156     -2,-0.5     2,-0.2     2,-0.0     0, 0.0  -0.919  12.9 120.7-111.4 106.4   35.9    9.5   31.6               
 1139 1139 A R        -     0   0  236     -2,-0.6     2,-0.1     2,-0.1    -2,-0.0  -0.804  59.7-104.0-158.9 132.0   34.3   10.4   28.2               
 1140 1140 A G        +     0   0   73     -2,-0.2     2,-0.3     3,-0.0    -2,-0.0  -0.329  39.6 160.7 -72.6 133.7   30.6   10.4   27.6               
 1141 1141 A F        -     0   0  196     -2,-0.1    -2,-0.1     0, 0.0     0, 0.0  -0.956  52.3 -90.0-128.5 148.3   28.4    7.9   25.8               
 1142 1142 A G    >   -     0   0   50     -2,-0.3     3,-1.1     1,-0.1     4,-0.1  -0.140  29.2-117.8 -60.4 151.5   24.6    7.8   26.6               
 1143 1143 A Q  T 3  S+     0   0  190      1,-0.2     3,-0.5     2,-0.1    -1,-0.1   0.462 101.4  77.6 -67.2  -0.7   23.1    5.6   29.4               
 1144 1144 A E  T >  S+     0   0  141      1,-0.2     3,-1.3     2,-0.1    -1,-0.2   0.801  72.6  73.4 -86.3 -27.3   21.0    3.6   26.8               
 1145 1145 A V  T <  S+     0   0   86     -3,-1.1     3,-0.2     1,-0.2    -1,-0.2   0.553  92.5  58.5 -68.1  -8.9   23.7    1.3   25.3               
 1146 1146 A H  T >   +     0   0  137     -3,-0.5     3,-1.1     1,-0.2    -1,-0.2   0.387  67.7  99.1-110.2   4.0   23.9   -0.9   28.4               
 1147 1147 A R  G X  S+     0   0  131     -3,-1.3     3,-1.1     1,-0.2    -1,-0.2   0.776  74.9  68.3 -64.8 -23.9   20.3   -2.2   28.9               
 1148 1148 A D  G 3  S+     0   0   29     -3,-0.2    -1,-0.2     1,-0.2    -2,-0.1   0.761  92.2  58.9 -62.3 -31.1   21.2   -5.6   27.3               
 1149 1149 A F  G <  S+     0   0  170     -3,-1.1     2,-1.5     1,-0.1    -1,-0.2   0.396  70.4 113.3 -90.0   3.1   23.5   -6.7   30.2               
 1150 1150 A D    X   -     0   0   59     -3,-1.1     3,-2.0     1,-0.2     8,-0.1  -0.585  44.6-173.4 -75.7  92.1   20.8   -6.6   32.9               
 1151 1151 A D  T 3  S+     0   0  128     -2,-1.5    -1,-0.2     1,-0.3    -2,-0.0   0.635  78.9  72.0 -62.9 -11.2   20.6  -10.3   33.8               
 1152 1152 A R  T 3  S+     0   0  236      2,-0.1    -1,-0.3    -3,-0.1     2,-0.2   0.729  83.3  89.3 -74.7 -21.8   17.6   -9.4   36.1               
 1153 1153 A R  S <  S-     0   0   83     -3,-2.0     0, 0.0     1,-0.1     0, 0.0  -0.531  90.3-107.2 -75.5 141.6   15.6   -8.9   32.9               
 1154 1154 A R    >>  -     0   0  157     -2,-0.2     4,-1.9     1,-0.1     3,-1.7  -0.344  31.4-111.2 -63.3 147.1   13.7  -11.8   31.3               
 1155 1155 A P  H 3> S+     0   0  103      0, 0.0     4,-1.2     0, 0.0    -1,-0.1   0.769 119.2  53.5 -56.5 -27.0   15.3  -13.1   28.0               
 1156 1156 A W  H 3> S+     0   0  137      2,-0.2     4,-1.5     3,-0.2     5,-0.1   0.695 105.8  52.5 -80.6 -20.5   12.2  -11.8   26.0               
 1157 1157 A E  H <> S+     0   0   57     -3,-1.7     4,-3.0     2,-0.2     5,-0.2   0.954 112.2  45.7 -74.0 -49.1   12.7   -8.2   27.5               
 1158 1158 A R  H  < S+     0   0   48     -4,-1.9     4,-0.4     1,-0.2    -2,-0.2   0.760 112.5  51.6 -62.9 -29.6   16.4   -8.3   26.4               
 1159 1159 A Q  H >X S+     0   0   82     -4,-1.2     4,-3.1    -5,-0.3     3,-0.5   0.903 112.3  45.6 -72.5 -38.5   15.3   -9.7   23.0               
 1160 1160 A R  H 3X S+     0   0   96     -4,-1.5     4,-2.9     1,-0.2     5,-0.3   0.951 106.8  56.7 -69.0 -45.0   12.8   -6.8   22.6               
 1161 1161 A D  H 3< S+     0   0   35     -4,-3.0     4,-0.3     1,-0.2    -1,-0.2   0.667 116.8  40.0 -55.8 -20.2   15.3   -4.1   23.8               
 1162 1162 A R  H <> S+     0   0  101     -3,-0.5     4,-2.7    -4,-0.4     5,-0.3   0.865 112.2  52.0 -90.8 -51.5   17.4   -5.6   20.8               
 1163 1163 A D  H  X S+     0   0   79     -4,-3.1     4,-2.1     1,-0.2    -2,-0.2   0.861 110.5  50.8 -53.9 -41.3   14.6   -6.1   18.2               
 1164 1164 A D  H  X S+     0   0   86     -4,-2.9     4,-2.3     2,-0.2    -1,-0.2   0.887 112.1  46.7 -66.8 -38.0   13.5   -2.4   18.8               
 1165 1165 A R  H  > S+     0   0   94     -5,-0.3     4,-2.8    -4,-0.3    -2,-0.2   0.889 112.0  49.4 -72.2 -39.0   17.1   -1.1   18.2               
 1166 1166 A D  H  X S+     0   0   90     -4,-2.7     4,-2.2     2,-0.2    -2,-0.2   0.879 112.6  50.3 -63.6 -36.9   17.5   -3.3   15.1               
 1167 1167 A F  H  X S+     0   0  139     -4,-2.1     4,-2.0    -5,-0.3    -2,-0.2   0.922 113.5  43.3 -66.8 -44.3   14.2   -1.8   13.9               
 1168 1168 A D  H  X S+     0   0   78     -4,-2.3     4,-2.6     2,-0.2    -2,-0.2   0.894 113.1  51.8 -72.9 -34.5   15.3    1.8   14.6               
 1169 1169 A F  H  X S+     0   0  117     -4,-2.8     4,-2.8     2,-0.2     5,-0.2   0.920 112.6  46.4 -64.0 -40.5   18.7    1.2   13.0               
 1170 1170 A C  H  X S+     0   0   72     -4,-2.2     4,-2.1     2,-0.2    -2,-0.2   0.870 112.0  51.7 -65.9 -36.0   16.9   -0.2   10.0               
 1171 1171 A R  H  X S+     0   0  152     -4,-2.0     4,-1.6     2,-0.2    -2,-0.2   0.896 114.1  43.2 -64.3 -41.8   14.6    2.9   10.2               
 1172 1172 A E  H  X S+     0   0  116     -4,-2.6     4,-1.3     2,-0.2    -2,-0.2   0.935 116.1  46.4 -72.3 -45.9   17.6    5.2   10.2               
 1173 1173 A M  H  < S+     0   0  123     -4,-2.8    -2,-0.2     1,-0.2    -3,-0.2   0.875 124.1  33.4 -65.5 -36.9   19.6    3.4    7.5               
 1174 1174 A N  H  < S+     0   0  143     -4,-2.1     3,-0.3    -5,-0.2    -1,-0.2   0.664 118.4  52.2 -94.2 -18.5   16.5    3.1    5.1               
 1175 1175 A G  H >< S+     0   0   45     -4,-1.6     3,-1.1    -5,-0.2     2,-0.4   0.722  81.6  89.5 -87.2 -22.4   14.8    6.5    6.1               
 1176 1176 A N  T 3<  +     0   0  108     -4,-1.3    -1,-0.2     1,-0.2     3,-0.2   0.175  62.4  83.7 -80.9  22.7   17.7    9.0    5.6               
 1177 1177 A R  T 3  S+     0   0  245     -2,-0.4    -1,-0.2    -3,-0.3    -2,-0.1   0.511 101.5  32.2 -94.6  -5.2   17.2    9.9    1.8               
 1178 1178 A L  S <  S+     0   0  175     -3,-1.1    -1,-0.1     1,-0.0    -2,-0.1   0.060 105.1  74.2-132.8  20.7   14.5   12.6    2.5               
 1179 1179 A G        +     0   0   61     -3,-0.2     3,-0.3     1,-0.1    -2,-0.1   0.308  66.0  86.3-119.4   4.8   15.6   14.0    5.9               
 1180 1180 A R        +     0   0  218      1,-0.2     2,-0.1    -4,-0.1    -1,-0.1   0.588  66.7  79.9 -94.9  -7.9   18.8   16.2    5.4               
 1181 1181 A D        +     0   0  163      1,-0.2    -1,-0.2    -3,-0.1    -2,-0.0  -0.151  64.5  94.2-100.2  36.2   17.3   19.7    4.5               
 1182 1182 A R        +     0   0  236     -3,-0.3     2,-0.5    -2,-0.1    -1,-0.2  -0.432  43.7 132.5-122.5  59.9   16.4   20.9    8.0               
 1183 1183 A I        -     0   0  134      2,-0.1     2,-0.8    -3,-0.1    -3,-0.0  -0.917  62.9-118.8 -93.1 132.3   19.5   22.9    9.0               
 1184 1184 A Q        +     0   0  191     -2,-0.5     2,-0.3     2,-0.0    -2,-0.1  -0.669  57.6 140.0 -68.8 107.9   18.5   26.3   10.4               
 1185 1185 A N        -     0   0  140     -2,-0.8     2,-0.4     2,-0.1    -2,-0.1  -0.941  53.5-102.2-152.5 140.3   20.1   28.9    8.0               
 1186 1186 A T        +     0   0  125     -2,-0.3     2,-0.3     1,-0.0    -2,-0.0  -0.430  45.7 152.8 -66.5 114.7   18.7   32.2    6.7               
 1187 1187 A W        -     0   0  241     -2,-0.4    -2,-0.1     2,-0.0    -1,-0.0  -0.893  23.4-162.0-135.6 111.8   17.3   32.4    3.2               
 1188 1188 A V        -     0   0  113     -2,-0.3    -2,-0.0     1,-0.0     0, 0.0  -0.730  26.0-120.0 -79.2 132.1   14.6   35.1    2.5               
 1189 1189 A P        -     0   0  105      0, 0.0    -1,-0.0     0, 0.0    -2,-0.0  -0.614  25.9-120.4 -71.3 131.1   12.5   34.4   -0.7               
 1190 1190 A P        -     0   0  122      0, 0.0     2,-0.3     0, 0.0     0, 0.0  -0.535  37.0-112.8 -67.1 135.0   12.8   37.3   -3.2               
 1191 1191 A P        -     0   0  116      0, 0.0     0, 0.0     0, 0.0     0, 0.0  -0.569  50.8 -44.2 -79.2 135.2    9.3   38.7   -3.9               
 1192 1192 A H        +     0   0  191     -2,-0.3     2,-0.1     1,-0.0     0, 0.0   0.794  39.8 161.8  38.0 118.5    7.4   38.5   -7.2               
 1193 1193 A A        -     0   0   93      0, 0.0    -1,-0.0     0, 0.0     0, 0.0  -0.566  36.6 -85.5-157.0 125.3    7.5   38.8  -10.8               
 1194 1194 A R        -     0   0  228     -2,-0.1     0, 0.0     2,-0.0     0, 0.0   0.705  33.5 -62.5  40.9 112.4    5.3   37.6  -13.6               
 1195 1195 A V        -     0   0  129      1,-0.2     2,-0.5     0, 0.0     0, 0.0   0.895  41.1 -79.8  86.2 123.6    4.1   35.3  -15.9               
 1196 1196 A F        +     0   0  205      0, 0.0     2,-0.3     0, 0.0    -1,-0.2  -0.745  53.0 144.3 -66.5 127.6    4.5   33.0  -18.9               
 1197 1197 A D        -     0   0  149     -2,-0.5     0, 0.0     1,-0.0     0, 0.0  -0.940  40.7 -73.3-157.2-178.8    4.2   34.6  -22.3               
 1198 1198 A Y        -     0   0  225     -2,-0.3     2,-0.6     1,-0.1    -1,-0.0   0.245  41.6 -88.1 -75.2 177.0    5.7   34.2  -25.7               
 1199 1199 A F        +     0   0  194      0, 0.0     2,-0.2     0, 0.0    -1,-0.1  -0.757  51.4 138.0 -94.0 111.0    8.9   34.9  -27.7               
 1200 1200 A E        -     0   0  196     -2,-0.6     0, 0.0     1,-0.1     0, 0.0  -0.818  23.1  -0.0-172.4 163.7    9.8   38.2  -29.6               
 1201 1201 A G        -     0   0   62     -2,-0.2    -1,-0.1     1,-0.0     0, 0.0   0.865  29.3-115.9-170.4 164.0   11.8   40.6  -30.6               
 1202 1202 A A        +     0   0  102      2,-0.0     2,-0.2     0, 0.0    -1,-0.0  -0.196  26.9 149.0 -65.1 147.1   15.0   42.7  -31.0               
 1203 1203 A T        -     0   0  150      0, 0.0     2,-0.4     0, 0.0     0, 0.0  -0.855  20.2-166.7-156.5 152.4   16.0   46.2  -30.1               
 1204 1204 A S        -     0   0  107     -2,-0.2    -2,-0.0     1,-0.2     0, 0.0  -0.988  28.6  -1.0-134.0 144.0   19.5   47.6  -29.2               
 1205 1205 A Q        +     0   0  141     -2,-0.4    -1,-0.2     0, 0.0     0, 0.0   0.875  51.8  80.8  68.6 139.3   21.2   50.6  -27.7               
 1206 1206 A R        -     0   0  210      0, 0.0     2,-0.1     0, 0.0    -2,-0.0   0.821  28.0-148.7  74.9 117.1   21.1   54.1  -26.2               
 1207 1207 A K        +     0   0  192      0, 0.0     0, 0.0     0, 0.0     0, 0.0   0.327  12.5 169.6  83.3 120.4   20.6   56.2  -23.7               
 1208 1208 A G        -     0   0   65     -2,-0.1     0, 0.0     0, 0.0     0, 0.0   0.359  22.2-156.0 151.8  58.6   19.4   59.8  -23.1               
 1209 1209 A D        +     0   0  128      0, 0.0     0, 0.0     0, 0.0     0, 0.0   0.627  26.0  87.6  32.8 142.8   18.7   61.3  -19.7               
 1210 1210 A N        -     0   0  147      2,-0.0     0, 0.0     0, 0.0     0, 0.0   0.975  48.0 -91.7  81.4 107.7   16.6   64.0  -18.0               
 1211 1211 A V        -     0   0  121      1,-0.1     2,-0.7     0, 0.0     0, 0.0   0.656  39.3-100.7  46.1 120.3   13.7   65.4  -16.4               
 1212 1212 A P        +     0   0  123      0, 0.0     2,-0.2     0, 0.0    -1,-0.1  -0.740  56.2 127.7 -88.2 115.7   10.6   67.4  -17.6               
 1213 1213 A Q        -     0   0  177     -2,-0.7     0, 0.0     1,-0.1     0, 0.0  -0.772  40.4 -20.1-166.2 143.5   10.4   71.2  -17.2               
 1214 1214 A V        -     0   0  116     -2,-0.2    -1,-0.1     0, 0.0     0, 0.0   0.969  56.3 -23.8  53.5 123.4    9.9   74.6  -18.9               
 1215 1215 A N        +     0   0  161      0, 0.0    -2,-0.0     0, 0.0     0, 0.0   0.963  33.5 122.4  74.4 129.9    9.7   76.7  -22.1               
 1216 1216 A G        -     0   0   77      0, 0.0     0, 0.0     0, 0.0     0, 0.0   0.666  27.9-131.6 137.1  94.2   10.5   77.7  -25.7               
 1217 1217 A E        +     0   0  173      0, 0.0     0, 0.0     0, 0.0     0, 0.0   0.595  26.1  20.3  15.8 139.9    8.9   78.4  -29.1               
 1218 1218 A N        +     0   0  133      0, 0.0     0, 0.0     0, 0.0     0, 0.0   0.882  22.4  78.0  55.6 147.9    8.9   77.9  -32.9               
 1219 1219 A T        -     0   0  107      0, 0.0     0, 0.0     0, 0.0     0, 0.0   0.804  13.9-138.9-156.8 174.5    9.1   77.1  -36.0               
 1220 1220 A E        +     0   0  130      0, 0.0     0, 0.0     0, 0.0     0, 0.0   0.457  11.1 161.0 -11.8 155.2    8.3   75.5  -39.6               
 1221 1221 A R        -     0   0  195      0, 0.0     0, 0.0     0, 0.0     0, 0.0   0.461  21.7 -56.4-175.4 150.4    9.2   74.1  -42.6               
 1222 1222 A H        +     0   0  174      0, 0.0     0, 0.0     0, 0.0     0, 0.0   0.873  37.2  71.6  45.0 150.1    8.4   72.0  -45.8               
 1223 1223 A A        +     0   0   82      2,-0.0     0, 0.0     1,-0.0     0, 0.0   0.837  10.9 160.6-156.8 144.9    7.6   69.5  -47.8               
 1224 1224 A Q        -     0   0  176      1,-0.1    -1,-0.0     0, 0.0     0, 0.0   0.421  28.4-116.1  86.4 119.4    5.1   67.5  -49.3               
 1225 1225 A P        -     0   0   97      0, 0.0    -1,-0.1     0, 0.0    -2,-0.0  -0.753  18.5-105.3-123.6 167.4    4.7   65.2  -52.5               
 1226 1226 A P        +     0   0  128      0, 0.0     2,-0.2     0, 0.0     0, 0.0  -0.651  46.1 147.0 -87.9 144.7    2.8   64.6  -55.8               
 1227 1227 A P        +     0   0  103      0, 0.0     0, 0.0     0, 0.0     0, 0.0  -0.620  10.6 107.1-140.4-158.0    0.0   61.8  -56.2               
 1228 1228 A I        +     0   0  153     -2,-0.2     0, 0.0     0, 0.0     0, 0.0   0.444  12.7 125.0  68.4 174.2   -3.3   60.6  -57.9               
 1229 1229 A P        -     0   0  103      0, 0.0     0, 0.0     0, 0.0     0, 0.0   0.649  11.1-129.5-141.9-176.2   -5.7   59.1  -59.8               
 1230 1230 A V        +     0   0  122      0, 0.0     0, 0.0     0, 0.0     0, 0.0   0.946  14.7  56.4  74.1 137.1   -8.8   57.2  -61.4               
 1231 1231 A Q        -     0   0  155      0, 0.0     0, 0.0     0, 0.0     0, 0.0   0.869  24.6  -4.9  98.9 134.5  -11.1   55.1  -63.4               
 1232 1232 A N        -     0   0  110      0, 0.0     0, 0.0     0, 0.0     0, 0.0   0.990  37.3 -34.5  69.6 117.3  -13.1   52.4  -65.2               
 1233 1233 A D        -     0   0  138      0, 0.0     0, 0.0     0, 0.0     0, 0.0   0.334  35.4 -73.2  63.6-175.7  -14.0   49.0  -66.3               
 1234 1234 A P        +     0   0  109      0, 0.0     0, 0.0     0, 0.0     0, 0.0   0.183  32.7  88.9-129.8-163.5  -13.4   45.6  -67.4               
 1235 1235 A E        +     0   0  169      0, 0.0     0, 0.0     0, 0.0     0, 0.0   0.582  37.6  86.1  75.8 148.2  -12.5   42.2  -69.0               
 1236 1236 A L        +     0   0  155      0, 0.0     0, 0.0     0, 0.0     0, 0.0   0.690  34.6   8.4  65.7 151.1   -9.7   39.7  -69.6               
 1237 1237 A Y        -     0   0  178      0, 0.0     0, 0.0     0, 0.0     0, 0.0   0.177  23.4-122.6-166.6 125.2   -7.7   37.2  -69.0               
 1238 1238 A E        +     0   0  110      3,-0.0     0, 0.0     0, 0.0     0, 0.0   0.764  30.4 113.2  58.5 159.7   -6.0   34.1  -67.5               
 1239 1239 A K        +     0   0  159      0, 0.0     0, 0.0     0, 0.0     0, 0.0   0.971  47.0  56.8  65.9 108.3   -2.9   32.4  -66.0               
 1240 1240 A L        -     0   0  154      2,-0.0     0, 0.0     0, 0.0     0, 0.0   0.812  65.7 -24.7-149.5 172.1   -2.1   31.2  -63.1               
 1241 1241 A T        -     0   0  114      1,-0.1     2,-0.3     2,-0.0    -3,-0.0   0.761  29.9-129.0-151.0 170.0   -2.9   29.1  -60.7               
 1242 1242 A S        +     0   0  100      1,-0.1     2,-0.1     2,-0.0    -1,-0.1  -0.714  17.4 167.2 -88.6 146.1   -5.4   26.9  -58.7               
 1243 1243 A S        +     0   0   99     -2,-0.3    -1,-0.1     2,-0.0    -2,-0.0   0.410   7.6 165.9  80.2 157.6   -6.2   26.5  -55.5               
 1244 1244 A N        +     0   0  145     -2,-0.1     2,-0.2     0, 0.0    -2,-0.0   0.783   9.9 148.6  76.7 114.5   -9.3   24.6  -54.1               
 1245 1245 A E        +     0   0  163      0, 0.0    -2,-0.0     0, 0.0     0, 0.0   0.098  33.0  96.3  74.3 141.6  -10.0   23.6  -51.1               
 1246 1246 A I        +     0   0  124     -2,-0.2     0, 0.0     0, 0.0     0, 0.0   0.669  14.9 107.2  59.9 154.1  -13.6   23.4  -49.5               
 1247 1247 A N        -     0   0  123      0, 0.0     0, 0.0     0, 0.0     0, 0.0   0.695  23.4 -85.6-158.1 168.8  -16.5   22.7  -48.4               
 1248 1248 A K        -     0   0  152      0, 0.0     0, 0.0     0, 0.0     0, 0.0   0.987  22.4 -15.0  70.6 123.8  -19.3   21.9  -45.9               
 1249 1249 A E        -     0   0  120      0, 0.0     0, 0.0     0, 0.0     0, 0.0   0.830  21.0 -59.7  62.8 110.4  -21.7   20.4  -43.6               
 1250 1250 A K        +     0   0  169      0, 0.0     0, 0.0     0, 0.0     0, 0.0   0.990  20.3  68.5  98.2 131.3  -23.7   18.2  -41.6               
 1251 1251 A S        -     0   0   90      0, 0.0     0, 0.0     0, 0.0     0, 0.0   0.933  33.4  -7.3  76.3 124.4  -26.2   15.7  -40.0               
 1252 1252 A D        -     0   0  131      0, 0.0     0, 0.0     0, 0.0     0, 0.0   0.761  37.4 -78.9  66.2  94.8  -27.7   12.6  -38.9               
 1253 1253 A T        +     0   0  124      0, 0.0     0, 0.0     0, 0.0     0, 0.0   0.910  37.7  72.8  72.6 146.5  -28.1    8.9  -38.9               
 1254 1254 A V        +     0   0  133      0, 0.0     0, 0.0     0, 0.0     0, 0.0   0.743  39.5  46.4  76.2 140.0  -29.3    5.4  -40.1               
 1255 1255 A A        -     0   0   85      0, 0.0     0, 0.0     0, 0.0     0, 0.0   0.980  31.5-135.9  67.2 103.8  -29.0    2.4  -42.4               
 1256 1256 A D        +     0   0  160      0, 0.0     2,-0.0     0, 0.0     0, 0.0   0.930  22.9 147.6  56.2 165.8  -27.2   -0.1  -44.2               
 1257 1257 A I        -     0   0  161      0, 0.0     2,-0.1     0, 0.0     0, 0.0   0.154  21.3-148.2  93.6 149.9  -27.1   -1.8  -47.7               
 1258 1258 A E        +     0   0  175     -2,-0.0     0, 0.0     0, 0.0     0, 0.0  -0.283  24.7 109.1-120.8-170.4  -24.5   -3.5  -50.0               
 1259 1259 A S        +     0   0  102     -2,-0.1     0, 0.0     0, 0.0     0, 0.0   0.557  24.8  25.5  68.7 151.2  -23.6   -4.1  -53.8               
 1260 1260 A E        -     0   0  178      1,-0.0     2,-0.1     0, 0.0     0, 0.0   0.909  21.2-152.3-160.1-179.6  -22.1   -3.9  -56.8               
 1261 1261 A P        -     0   0   96      0, 0.0     2,-0.3     0, 0.0    -1,-0.0  -0.381  10.8-137.5-115.6 177.5  -19.3   -3.3  -59.5               
 1262 1262 A V        -     0   0  133     -2,-0.1     0, 0.0     2,-0.0     0, 0.0  -0.914  25.6-148.4-146.0 114.3  -17.8   -2.5  -63.0               
 1263 1263 A V        +     0   0  130     -2,-0.3     2,-0.1     0, 0.0    -1,-0.0   0.472  20.1 171.2  55.5 122.4  -15.2   -3.9  -65.0               
 1264 1264 A E        -     0   0  180      0, 0.0    -2,-0.0     0, 0.0     0, 0.0   0.032  22.8-118.6-161.3 167.7  -12.7   -3.6  -67.3               
 1265 1265 A S        +     0   0   95     -2,-0.1     2,-0.0     0, 0.0     0, 0.0   0.186  30.9 135.1 -43.1 156.4   -9.8   -5.7  -68.9               
 1266 1266 A T        -     0   0  119      0, 0.0     0, 0.0     0, 0.0     0, 0.0   0.237  23.0-156.6-167.1 152.6   -6.7   -6.6  -69.7               
 1267 1267 A E        +     0   0  148   -616,-0.0  -615,-0.0    -2,-0.0     2,-0.0   0.065  20.8 136.6 -53.4 165.9   -4.3   -9.7  -69.8               
 1268 1268 A T        -     0   0   95   -617,-0.1  -617,-0.2     0, 0.0     0, 0.0   0.353  30.7-109.5-151.2 171.9   -1.3  -11.1  -69.8               
 1269 1269 A E        -     0   0  177      1,-0.1  -617,-0.1  -619,-0.1  -616,-0.1   0.054  23.4-103.7 -37.7 134.9    0.7  -14.2  -68.4               
 1270 1270 A G              0   0   44   -619,-0.4    -1,-0.1  -618,-0.3  -618,-0.1   0.825 360.0 360.0  96.2 108.6    3.1  -15.4  -66.4               
 1271 1271 A T              0   0  206   -620,-0.1     0, 0.0  -621,-0.1     0, 0.0  -0.388 360.0 360.0-164.2 360.0    6.0  -16.9  -64.7               
