==== Secondary Structure Definition by the program DSSP, CMBI version 2.0                          ==== DATE=2026-03-08        .
REFERENCE W. KABSCH AND C.SANDER, BIOPOLYMERS 22 (1983) 2577-2637                                                              .
HEADER                                            01-AUG-25                                                                    .
COMPND    MOL_ID: 1; MOLECULE: ZINC FINGER CCCH DOMAIN-CONTAINING PROTEIN 4; CHA                                               .
SOURCE    MOL_ID: 1; ORGANISM_SCIENTIFIC: HOMO SAPIENS; ORGANISM_TAXID: 9606                                                   .
AUTHOR                                                                                                                         .
 1303  1  0  0  0 TOTAL NUMBER OF RESIDUES, NUMBER OF CHAINS, NUMBER OF SS-BRIDGES(TOTAL,INTRACHAIN,INTERCHAIN)                .
164304.0   ACCESSIBLE SURFACE OF PROTEIN (ANGSTROM**2)                                                                         .
  315 24.2   TOTAL NUMBER OF HYDROGEN BONDS OF TYPE O(I)-->H-N(J)  , SAME NUMBER PER 100 RESIDUES                              .
    9  0.7   TOTAL NUMBER OF HYDROGEN BONDS IN     PARALLEL BRIDGES, SAME NUMBER PER 100 RESIDUES                              .
    3  0.2   TOTAL NUMBER OF HYDROGEN BONDS IN ANTIPARALLEL BRIDGES, SAME NUMBER PER 100 RESIDUES                              .
    1  0.1   TOTAL NUMBER OF HYDROGEN BONDS OF TYPE O(I)-->H-N(I-5), SAME NUMBER PER 100 RESIDUES                              .
    0  0.0   TOTAL NUMBER OF HYDROGEN BONDS OF TYPE O(I)-->H-N(I-4), SAME NUMBER PER 100 RESIDUES                              .
    0  0.0   TOTAL NUMBER OF HYDROGEN BONDS OF TYPE O(I)-->H-N(I-3), SAME NUMBER PER 100 RESIDUES                              .
    0  0.0   TOTAL NUMBER OF HYDROGEN BONDS OF TYPE O(I)-->H-N(I-2), SAME NUMBER PER 100 RESIDUES                              .
    1  0.1   TOTAL NUMBER OF HYDROGEN BONDS OF TYPE O(I)-->H-N(I-1), SAME NUMBER PER 100 RESIDUES                              .
    0  0.0   TOTAL NUMBER OF HYDROGEN BONDS OF TYPE O(I)-->H-N(I+0), SAME NUMBER PER 100 RESIDUES                              .
    0  0.0   TOTAL NUMBER OF HYDROGEN BONDS OF TYPE O(I)-->H-N(I+1), SAME NUMBER PER 100 RESIDUES                              .
   76  5.8   TOTAL NUMBER OF HYDROGEN BONDS OF TYPE O(I)-->H-N(I+2), SAME NUMBER PER 100 RESIDUES                              .
   61  4.7   TOTAL NUMBER OF HYDROGEN BONDS OF TYPE O(I)-->H-N(I+3), SAME NUMBER PER 100 RESIDUES                              .
  159 12.2   TOTAL NUMBER OF HYDROGEN BONDS OF TYPE O(I)-->H-N(I+4), SAME NUMBER PER 100 RESIDUES                              .
    3  0.2   TOTAL NUMBER OF HYDROGEN BONDS OF TYPE O(I)-->H-N(I+5), SAME NUMBER PER 100 RESIDUES                              .
  1  2  3  4  5  6  7  8  9 10 11 12 13 14 15 16 17 18 19 20 21 22 23 24 25 26 27 28 29 30     *** HISTOGRAMS OF ***           .
  0  0  0  3  0  2  0  0  0  1  1  0  0  0  0  0  1  1  0  0  0  0  0  0  0  0  0  0  0  3    RESIDUES PER ALPHA HELIX         .
  2  1  0  0  0  0  0  0  0  0  0  0  0  0  0  0  0  0  0  0  0  0  0  0  0  0  0  0  0  0    PARALLEL BRIDGES PER LADDER      .
  0  1  0  0  0  0  0  0  0  0  0  0  0  0  0  0  0  0  0  0  0  0  0  0  0  0  0  0  0  0    ANTIPARALLEL BRIDGES PER LADDER  .
  2  0  0  0  0  0  0  0  0  0  0  0  0  0  0  0  0  0  0  0  0  0  0  0  0  0  0  0  0  0    LADDERS PER SHEET                .
  #  RESIDUE AA STRUCTURE BP1 BP2  ACC     N-H-->O    O-->H-N    N-H-->O    O-->H-N    TCO  KAPPA ALPHA  PHI   PSI    X-CA   Y-CA   Z-CA            CHAIN
    1    1 A M              0   0  236      0, 0.0     0, 0.0     0, 0.0     0, 0.0   0.000 360.0 360.0 360.0 110.6   34.4  -44.5  -70.8               
    2    2 A E        -     0   0  198      1,-0.0     2,-0.3     0, 0.0     0, 0.0   0.069 360.0-115.4  55.6 171.7   35.4  -40.8  -71.0               
    3    3 A A        +     0   0   95      1,-0.1    -1,-0.0     0, 0.0     0, 0.0  -0.974  29.9  64.3-152.6 150.6   35.5  -38.7  -67.9               
    4    4 A A        +     0   0   96     -2,-0.3    -1,-0.1     0, 0.0     2,-0.0   0.575  38.1  47.0  66.1 162.1   34.9  -36.1  -65.1               
    5    5 A P        -     0   0  131      0, 0.0     2,-0.3     0, 0.0     0, 0.0   0.713  48.5-137.6 -99.9 169.9   34.0  -34.2  -62.8               
    6    6 A G        -     0   0   79     -2,-0.0     0, 0.0     1,-0.0     0, 0.0  -0.628   2.3-142.4 -91.3 139.7   32.4  -35.7  -59.6               
    7    7 A T        -     0   0  136     -2,-0.3    -1,-0.0     1,-0.0     0, 0.0  -0.814  25.2-126.8 -88.2 130.5   29.4  -34.5  -57.6               
    8    8 A P        -     0   0  118      0, 0.0    -1,-0.0     0, 0.0     0, 0.0  -0.453  25.0-114.0 -73.7 149.8   29.7  -35.0  -53.7               
    9    9 A P        -     0   0  112      0, 0.0     0, 0.0     0, 0.0     0, 0.0  -0.375  37.3 -90.7 -75.8 161.0   26.8  -36.8  -51.8               
   10   10 A P        -     0   0  116      0, 0.0     0, 0.0     0, 0.0     0, 0.0  -0.415  46.3-102.9 -67.8 147.7   24.5  -35.1  -49.2               
   11   11 A P        -     0   0  120      0, 0.0     2,-0.0     0, 0.0     0, 0.0  -0.393  43.8-102.1 -67.6 148.7   25.7  -35.1  -45.5               
   12   12 A P        -     0   0  124      0, 0.0     2,-0.4     0, 0.0     0, 0.0  -0.316  37.6 -95.4 -73.3 156.4   23.8  -37.7  -43.2               
   13   13 A S        -     0   0  122     -2,-0.0     2,-0.1     1,-0.0     0, 0.0  -0.580  36.8-141.9 -72.1 124.3   21.0  -36.8  -40.7               
   14   14 A E        -     0   0  193     -2,-0.4    -1,-0.0     1,-0.1     0, 0.0  -0.395  33.3 -77.9 -86.4 163.2   22.1  -36.1  -37.1               
   15   15 A S        -     0   0  110      1,-0.1    -1,-0.1    -2,-0.1     0, 0.0  -0.141  38.5-107.7 -72.4 153.1   20.1  -37.3  -34.0               
   16   16 A P        -     0   0  117      0, 0.0    -1,-0.1     0, 0.0     0, 0.0  -0.396  41.1-102.8 -67.6 149.5   16.9  -35.8  -32.3               
   17   17 A P        -     0   0  117      0, 0.0     3,-0.1     0, 0.0     0, 0.0  -0.386  48.7 -93.6 -64.3 151.6   17.3  -34.0  -28.9               
   18   18 A P        -     0   0  113      0, 0.0     2,-0.1     0, 0.0     0, 0.0  -0.318  44.2 -95.5 -66.9 151.6   16.2  -36.2  -25.9               
   19   19 A P        -     0   0  124      0, 0.0     0, 0.0     0, 0.0     0, 0.0  -0.445  45.0-105.9 -62.6 136.6   12.6  -35.9  -24.6               
   20   20 A S        -     0   0  111     -2,-0.1     0, 0.0     1,-0.1     0, 0.0  -0.337  44.4 -98.0 -55.7 141.9   12.3  -33.5  -21.6               
   21   21 A P        -     0   0  116      0, 0.0    -1,-0.1     0, 0.0     0, 0.0  -0.323  43.0-100.4 -61.3 147.4   11.8  -35.4  -18.3               
   22   22 A P        -     0   0  108      0, 0.0     3,-0.1     0, 0.0     0, 0.0  -0.363  50.9 -88.1 -60.3 149.6    8.2  -35.8  -17.0               
   23   23 A P        -     0   0  110      0, 0.0     2,-0.3     0, 0.0    -3,-0.0  -0.336  55.5 -91.4 -57.7 140.9    7.3  -33.2  -14.2               
   24   24 A P        -     0   0  123      0, 0.0     2,-0.6     0, 0.0     0, 0.0  -0.408  44.2-119.6 -59.9 116.5    8.2  -34.6  -10.8               
   25   25 A S        -     0   0  118     -2,-0.3     3,-0.0    -3,-0.1     0, 0.0  -0.473  25.9-130.9 -63.5 105.9    5.0  -36.4   -9.6               
   26   26 A T        -     0   0  125     -2,-0.6     2,-0.2     1,-0.1    -1,-0.1  -0.418  30.5-106.9 -59.9 126.0    4.1  -34.5   -6.4               
   27   27 A P        -     0   0  124      0, 0.0    -1,-0.1     0, 0.0    -2,-0.0  -0.431  33.8-117.3 -65.6 124.7    3.4  -37.2   -3.8               
   28   28 A S        -     0   0  111     -2,-0.2    -3,-0.0     1,-0.1     0, 0.0  -0.369  32.8-107.2 -57.7 132.7   -0.3  -37.5   -3.1               
   29   29 A P        -     0   0  114      0, 0.0    -1,-0.1     0, 0.0    -3,-0.0  -0.399  43.8-102.1 -62.0 138.4   -1.2  -36.5    0.6               
   30   30 A P        -     0   0  115      0, 0.0     2,-0.7     0, 0.0     0, 0.0  -0.462  27.2-131.5 -69.2 127.8   -2.1  -39.8    2.5               
   31   31 A P        +     0   0  132      0, 0.0     2,-0.4     0, 0.0    -3,-0.0  -0.673  38.5 163.5 -75.3 114.2   -5.8  -40.3    3.1               
   32   32 A C        -     0   0  124     -2,-0.7     0, 0.0     0, 0.0     0, 0.0  -0.957  23.2-147.8-137.0 119.2   -6.3  -41.2    6.8               
   33   33 A S        -     0   0   91     -2,-0.4     2,-0.3     1,-0.1  1016,-0.1  -0.292  13.3-131.5 -81.4 166.9   -9.7  -41.0    8.5               
   34   34 A P        -     0   0   50      0, 0.0     2,-0.2     0, 0.0  1019,-0.2  -0.785  18.4-177.9-115.5 159.9  -10.5  -40.1   12.1               
   35   35 A D        +     0   0   90     -2,-0.3  1019,-0.3  1017,-0.1  1017,-0.1  -0.585  36.3  31.4-178.9 152.9  -12.6  -41.1   15.3               
   36   36 A A        -     0   0   37   1017,-0.3  1016,-0.1    -2,-0.2    -1,-0.1   0.564  44.8-156.5-142.6 141.4  -13.4  -40.4   18.5               
   37   37 A R        +     0   0  182   1014,-0.4    -1,-0.1     1,-0.1  1016,-0.0  -0.043  26.7  12.6 -67.3-172.0  -14.0  -37.3   20.8               
   38   38 A P        +     0   0  110      0, 0.0     2,-0.3     0, 0.0    -1,-0.1   0.861  11.1 177.5-122.4 175.3  -14.1  -36.0   24.0               
   39   39 A A        +     0   0  102      0, 0.0    -2,-0.0     0, 0.0     0, 0.0  -0.906  31.2 162.4-141.7 118.8  -13.7  -35.7   27.9               
   40   40 A T        +     0   0  135     -2,-0.3     2,-0.1     0, 0.0     0, 0.0  -0.767   5.0  70.5-126.2 177.0  -14.5  -32.7   30.2               
   41   41 A P        +     0   0   92      0, 0.0  1116,-0.0     0, 0.0     0, 0.0   0.415  23.0  97.9-135.0-143.8  -15.1  -31.3   33.0               
   42   42 A H        -     0   0  101     -2,-0.1     2,-0.1  1115,-0.0  1115,-0.0   0.634  28.7-138.0  94.3 109.7  -14.4  -29.7   36.6               
   43   43 A L        +     0   0   99      0, 0.0     2,-0.1     0, 0.0  1114,-0.0   0.022  19.1 162.1  71.0  97.2  -13.8  -27.0   38.3               
   44   44 A L        -     0   0  148     -2,-0.1     0, 0.0     2,-0.0     0, 0.0  -0.196  21.2-143.5-173.3 120.7  -11.9  -25.3   41.0               
   45   45 A H        +     0   0  144     -2,-0.1     0, 0.0     0, 0.0     0, 0.0   0.685  26.6 133.9  64.2 143.8  -11.2  -21.9   41.9               
   46   46 A H        +     0   0  164      0, 0.0    -2,-0.0     0, 0.0     0, 0.0   0.572  31.1   9.9  72.4 138.8   -8.4  -19.8   43.3               
   47   47 A R        -     0   0  232      1,-0.2     0, 0.0     0, 0.0     0, 0.0   0.776  14.5-158.0-155.5 164.7   -6.8  -17.1   43.0               
   48   48 A L        -     0   0  141      1,-0.1     2,-0.5     2,-0.0    -1,-0.2  -0.516  25.9-146.2 -61.9 144.6   -5.4  -13.6   42.0               
   49   49 A P        +     0   0  123      0, 0.0    -1,-0.1     0, 0.0     0, 0.0  -0.821  31.0 165.5-101.8  83.1   -1.8  -12.7   42.6               
   50   50 A L        -     0   0  108     -2,-0.5     2,-1.4     1,-0.0    -2,-0.0  -0.803  42.6-128.5 -68.5 135.8   -2.3   -9.0   43.4               
   51   51 A P        +     0   0  130      0, 0.0     2,-0.2     0, 0.0    -1,-0.0  -0.741  47.2 174.5 -81.9  79.7    1.1   -7.9   44.9               
   52   52 A D        +     0   0  113     -2,-1.4     0, 0.0     1,-0.0     0, 0.0  -0.495  19.8  10.7 -75.4 158.9   -0.7   -6.4   48.0               
   53   53 A D        +     0   0  149     -2,-0.2    -1,-0.0     0, 0.0     0, 0.0   0.825  45.0 115.4  69.6 148.7    0.9   -4.9   51.1               
   54   54 A R        +     0   0  196      0, 0.0     0, 0.0     0, 0.0     0, 0.0   0.743  20.9 164.5  80.3 143.3    3.8   -3.5   53.2               
   55   55 A E        +     0   0  118      0, 0.0     0, 0.0     0, 0.0     0, 0.0   0.718  14.9 109.8-177.4 166.0    5.2   -1.0   54.8               
   56   56 A D        +     0   0  140      0, 0.0     0, 0.0     0, 0.0     0, 0.0   0.877  26.8 114.1  63.3 142.7    7.4    1.3   57.0               
   57   57 A G        +     0   0   69      0, 0.0     2,-0.2     0, 0.0     0, 0.0   0.871  15.4 151.4  89.2  92.0   10.2    3.9   57.1               
   58   58 A E        +     0   0  188      0, 0.0     0, 0.0     0, 0.0     0, 0.0   0.504  19.4 158.5  55.8 154.5    9.9    7.0   57.8               
   59   59 A L        +     0   0  153     -2,-0.2     0, 0.0     0, 0.0     0, 0.0   0.520  19.3  12.0  74.8 141.6   12.9    8.8   59.4               
   60   60 A E        -     0   0  145      0, 0.0     0, 0.0     0, 0.0     0, 0.0   0.667  29.7-115.3-168.4 149.0   14.1   11.8   59.8               
   61   61 A E        +     0   0  175      1,-0.1     0, 0.0     0, 0.0     0, 0.0   0.775  13.8 165.6  22.6 146.0   15.1   15.5   60.2               
   62   62 A G        +     0   0   77      0, 0.0     2,-0.2     0, 0.0    -1,-0.1   0.155  25.1 159.5 179.2  37.6   17.6   17.8   58.5               
   63   63 A E        +     0   0  173      0, 0.0     2,-0.2     0, 0.0     0, 0.0  -0.505   9.1 154.4 -68.1 138.0   16.9   21.4   59.4               
   64   64 A L        +     0   0  169     -2,-0.2     2,-0.0     2,-0.0     0, 0.0  -0.766  13.7 176.1-151.5 142.6   19.1   24.4   59.2               
   65   65 A E        +     0   0  169     -2,-0.2     0, 0.0     2,-0.0     0, 0.0   0.275   4.4 162.7 -98.6-142.1   17.7   27.9   58.8               
   66   66 A D        +     0   0  152     -2,-0.0    -2,-0.0     0, 0.0     0, 0.0   0.906  26.6  62.8  80.7 119.4   19.4   31.4   58.8               
   67   67 A D        +     0   0  142      0, 0.0    -2,-0.0     0, 0.0     0, 0.0   0.608  27.1 157.4-160.3 165.8   18.5   34.2   57.8               
   68   68 A G        +     0   0   63      0, 0.0     0, 0.0     0, 0.0     0, 0.0   0.446   8.6 177.9  66.6 178.3   17.0   37.7   57.0               
   69   69 A A        -     0   0   90      2,-0.0     0, 0.0     0, 0.0     0, 0.0   0.633  25.4 -31.4-175.8 152.6   16.2   40.6   56.1               
   70   70 A E        +     0   0  168      0, 0.0     0, 0.0     0, 0.0     0, 0.0   0.884  12.5 175.2-162.0 172.0   14.0   43.1   55.8               
   71   71 A E        +     0   0  151      0, 0.0    -2,-0.0     0, 0.0     0, 0.0   0.778   1.6 172.0  13.7 170.2   11.2   45.7   55.5               
   72   72 A T        -     0   0  103      0, 0.0     0, 0.0     0, 0.0     0, 0.0   0.785   8.8-163.3-152.2 152.3    9.5   48.6   55.3               
   73   73 A Q        -     0   0  157      0, 0.0     0, 0.0     0, 0.0     0, 0.0   0.551   5.0-149.5  20.3 156.3    6.5   50.7   54.7               
   74   74 A D        -     0   0  115      0, 0.0     0, 0.0     0, 0.0     0, 0.0   0.825  11.1-143.7-166.4-177.5    4.6   53.3   54.1               
   75   75 A T        -     0   0  107      0, 0.0     0, 0.0     0, 0.0     0, 0.0   0.971  23.9 -87.8  71.7 108.1    2.0   56.2   53.6               
   76   76 A S        +     0   0  124      0, 0.0     0, 0.0     0, 0.0     0, 0.0   0.832  27.5 137.7  73.6 153.4    0.3   59.0   52.0               
   77   77 A G        +     0   0   83      1,-0.0     0, 0.0     0, 0.0     0, 0.0   0.602  16.7 160.0 113.8 121.6   -0.0   62.7   51.2               
   78   78 A G        +     0   0   72      1,-0.1    -1,-0.0     0, 0.0     2,-0.0  -0.835  10.7  93.3-145.1-166.9   -0.7   65.5   48.7               
   79   79 A P        -     0   0  119      0, 0.0    -1,-0.1     0, 0.0     0, 0.0   0.662  34.5  -3.3-130.7-169.9   -1.4   68.1   47.2               
   80   80 A E        +     0   0  145     -2,-0.0     0, 0.0     0, 0.0     0, 0.0   0.477  29.0 103.2  70.4 150.6   -0.4   71.5   45.4               
   81   81 A R        -     0   0  198      0, 0.0     0, 0.0     0, 0.0     0, 0.0   0.703  34.4-105.2-146.9 145.7    1.2   74.1   44.2               
   82   82 A S        +     0   0   94      0, 0.0     0, 0.0     0, 0.0     0, 0.0   0.795  34.3  38.6  51.6 117.9    2.8   75.9   41.3               
   83   83 A R        -     0   0  235      0, 0.0     0, 0.0     0, 0.0     0, 0.0   0.750  27.7 -54.2  65.3 151.7    5.9   77.0   39.3               
   84   84 A K        +     0   0  154      0, 0.0     0, 0.0     0, 0.0     0, 0.0   0.622  20.6  42.5 176.6 144.7    8.9   77.4   37.7               
   85   85 A E        +     0   0  126      0, 0.0     0, 0.0     0, 0.0     0, 0.0   0.417  27.7  33.1  67.4 154.9   12.6   77.7   36.4               
   86   86 A K        -     0   0  180      0, 0.0     0, 0.0     0, 0.0     0, 0.0   0.375  24.6 -52.9-172.0 136.2   15.7   77.1   35.9               
   87   87 A G        +     0   0   69      1,-0.0     0, 0.0     0, 0.0     0, 0.0   0.154  22.7 112.9  80.1 163.2   19.2   75.5   35.3               
   88   88 A E        -     0   0  151      2,-0.0    -1,-0.0     0, 0.0     0, 0.0   0.618  33.2-115.2-139.7 148.8   22.0   74.1   35.3               
   89   89 A K        +     0   0  152      1,-0.1     2,-0.3     2,-0.0     0, 0.0   0.545  20.2 169.4  27.2 111.2   24.1   71.5   33.4               
   90   90 A H        -     0   0  178      0, 0.0     2,-0.8     0, 0.0     3,-0.3  -0.970  31.0-137.9-130.2 149.8   25.5   68.2   34.0               
   91   91 A H  S    S+     0   0  183     -2,-0.3    -2,-0.0     1,-0.2     0, 0.0  -0.620  71.7  91.1-105.0  72.7   27.0   66.4   30.9               
   92   92 A S    >   +     0   0   93     -2,-0.8     3,-0.7     2,-0.0     2,-0.6   0.662  60.8  76.8-128.3 -42.2   25.9   62.7   31.1               
   93   93 A D  T 3>  +     0   0  105     -3,-0.3     4,-3.0     1,-0.2     5,-0.3   0.293  61.1 114.3 -58.7   6.7   22.5   62.1   29.3               
   94   94 A S  H 3> S+     0   0   78     -2,-0.6     4,-0.8     1,-0.2    -1,-0.2   0.844  82.5  32.1 -59.5 -38.6   24.2   62.2   25.8               
   95   95 A D  H <> S+     0   0  103     -3,-0.7     4,-2.9     2,-0.2    -1,-0.2   0.872 117.7  52.8 -91.7 -33.4   23.5   58.6   24.8               
   96   96 A E  H  > S+     0   0  145     -4,-0.3     4,-3.3     2,-0.2     5,-0.3   0.949 111.2  48.7 -62.2 -42.0   20.2   58.1   26.7               
   97   97 A E  H  X S+     0   0   97     -4,-3.0     4,-2.1     1,-0.2    -1,-0.2   0.878 112.5  49.1 -68.2 -29.6   18.9   61.3   24.9               
   98   98 A K  H  X S+     0   0  102     -4,-0.8     4,-2.5    -5,-0.3    -2,-0.2   0.919 113.3  46.3 -67.8 -42.6   20.2   59.7   21.6               
   99   99 A S  H  X S+     0   0   65     -4,-2.9     4,-3.2     2,-0.2    -2,-0.2   0.961 115.1  46.4 -63.8 -45.5   18.4   56.4   22.4               
  100  100 A H  H  X S+     0   0  105     -4,-3.3     4,-2.8     1,-0.2    -2,-0.2   0.856 113.4  49.0 -68.6 -33.5   15.2   58.4   23.4               
  101  101 A R  H  X S+     0   0  143     -4,-2.1     4,-1.7    -5,-0.3    -1,-0.2   0.885 113.5  47.4 -68.9 -38.5   15.6   60.5   20.1               
  102  102 A R  H  X S+     0   0  203     -4,-2.5     4,-2.5     2,-0.2    -2,-0.2   0.934 114.8  46.1 -64.2 -44.9   16.1   57.1   18.2               
  103  103 A L  H  X S+     0   0   97     -4,-3.2     4,-2.8     2,-0.3     5,-0.4   0.935 111.8  49.7 -68.5 -44.6   13.0   55.6   20.0               
  104  104 A K  H  X S+     0   0  146     -4,-2.8     4,-1.7     1,-0.2    -1,-0.2   0.877 113.6  48.0 -59.7 -35.7   10.9   58.8   19.4               
  105  105 A R  H  X S+     0   0  197     -4,-1.7     4,-2.3     2,-0.2    -2,-0.3   0.901 113.7  47.7 -68.7 -39.0   12.0   58.5   15.7               
  106  106 A K  H  X S+     0   0  136     -4,-2.5     4,-2.9     2,-0.2     3,-0.3   0.994 115.5  42.4 -62.6 -61.4   11.1   54.7   15.7               
  107  107 A R  H  X S+     0   0  152     -4,-2.8     4,-2.7     1,-0.2    -2,-0.2   0.825 117.0  49.6 -58.3 -34.1    7.6   55.2   17.3               
  108  108 A K  H  X S+     0   0  163     -4,-1.7     4,-1.2    -5,-0.4    -1,-0.2   0.911 112.7  45.6 -69.8 -42.1    7.0   58.3   15.0               
  109  109 A K  H  X S+     0   0  163     -4,-2.3     4,-2.4    -3,-0.3    -2,-0.2   0.878 115.5  49.0 -67.0 -37.4    8.1   56.2   11.9               
  110  110 A E  H  X S+     0   0   83     -4,-2.9     4,-3.2     2,-0.2     5,-0.2   0.983 110.2  48.9 -60.6 -58.0    5.8   53.4   13.1               
  111  111 A R  H  X S+     0   0  149     -4,-2.7     4,-1.7     1,-0.2    -2,-0.2   0.713 115.4  46.0 -61.1 -22.7    2.8   55.7   13.7               
  112  112 A E  H  X S+     0   0   95     -4,-1.2     4,-2.0     2,-0.2    -1,-0.2   0.878 113.0  47.4 -82.3 -42.1    3.4   57.1   10.2               
  113  113 A K  H  X S+     0   0   98     -4,-2.4     4,-2.3     2,-0.2    -2,-0.2   0.875 116.7  46.1 -62.3 -37.3    3.8   53.6    8.6               
  114  114 A E  H  X S+     0   0   87     -4,-3.2     4,-3.4     2,-0.2     5,-0.3   0.977 110.8  50.4 -70.7 -51.8    0.6   52.6   10.5               
  115  115 A K  H  X S+     0   0  113     -4,-1.7     4,-2.0    -5,-0.2    -2,-0.2   0.821 113.1  48.8 -54.2 -31.9   -1.2   55.9    9.5               
  116  116 A R  H  X S+     0   0  166     -4,-2.0     4,-2.3     2,-0.2    -2,-0.2   0.923 113.2  45.6 -72.1 -45.0   -0.1   54.9    5.9               
  117  117 A R  H  X S+     0   0  146     -4,-2.3     4,-2.8     2,-0.2    -2,-0.2   0.946 116.1  46.3 -57.9 -49.4   -1.5   51.3    6.4               
  118  118 A S  H  X S+     0   0   44     -4,-3.4     4,-2.6     2,-0.2    -2,-0.2   0.882 112.6  49.4 -69.1 -36.2   -4.7   52.6    7.9               
  119  119 A K  H  X S+     0   0  160     -4,-2.0     4,-2.8    -5,-0.3    -1,-0.2   0.906 112.1  49.9 -63.2 -39.0   -5.1   55.2    5.1               
  120  120 A K  H  X S+     0   0   97     -4,-2.3     4,-1.8     2,-0.2    -2,-0.2   0.922 111.0  48.6 -67.3 -41.2   -4.5   52.3    2.6               
  121  121 A R  H  X S+     0   0  198     -4,-2.8     4,-2.6     2,-0.2     3,-0.3   0.957 115.2  44.8 -59.3 -50.5   -7.2   50.2    4.4               
  122  122 A R  H  X S+     0   0  208     -4,-2.6     4,-2.1     1,-0.2    -2,-0.2   0.924 114.5  48.6 -59.7 -45.4   -9.6   53.2    4.3               
  123  123 A K  H  < S+     0   0  165     -4,-2.8    -1,-0.2     2,-0.2    -2,-0.2   0.760 112.5  50.3 -65.8 -28.1   -8.7   53.9    0.6               
  124  124 A S  H >< S+     0   0   83     -4,-1.8     3,-1.6    -3,-0.3    -2,-0.2   0.939 109.0  48.3 -75.6 -49.7   -9.2   50.1   -0.2               
  125  125 A K  H >X S+     0   0  169     -4,-2.6     3,-1.5     1,-0.3     4,-0.9   0.917 104.6  63.4 -56.2 -40.7  -12.7   49.9    1.4               
  126  126 A H  T 3< S+     0   0  174     -4,-2.1    -1,-0.3     1,-0.2    -2,-0.1   0.218 101.3  52.0 -70.1  13.7  -13.7   53.1   -0.5               
  127  127 A K  T <4 S+     0   0  181     -3,-1.6    -1,-0.2    -2,-0.0    -2,-0.2   0.342 107.9  44.0-131.3   7.8  -13.2   51.3   -4.0               
  128  128 A R  T <4 S+     0   0  212     -3,-1.5     2,-0.5    -4,-0.2    -2,-0.1   0.544  98.6  65.6-128.0 -10.7  -15.4   48.0   -3.6               
  129  129 A H     <  +     0   0  142     -4,-0.9     2,-0.2     0, 0.0    -1,-0.2  -0.937  42.4 116.3-130.1 108.3  -18.7   49.0   -2.0               
  130  130 A A  S    S+     0   0   94      1,-0.9     2,-0.0    -2,-0.5    -4,-0.0  -0.711  74.7  46.2-153.6 120.9  -21.4   51.2   -3.5               
  131  131 A S  S    S-     0   0  107     -2,-0.2    -1,-0.9     0, 0.0     2,-0.1   0.484  80.6-103.3  69.2 122.1  -24.4   48.8   -4.0               
  132  132 A S        +     0   0  112     -3,-0.2    -2,-0.1    -2,-0.0     0, 0.0   0.224  30.8  82.7  83.2 125.3  -25.8   46.6   -1.8               
  133  133 A S        -     0   0   83     -2,-0.1     0, 0.0     0, 0.0     0, 0.0   0.801  24.7 -34.0-160.8 174.6  -26.6   43.9   -0.4               
  134  134 A D        -     0   0  144      2,-0.0   722,-0.0   722,-0.0     0, 0.0   0.443  30.0 -99.4  66.9 168.8  -27.2   40.6    1.7               
  135  135 A D        -     0   0  116      1,-0.1     2,-0.4   722,-0.0   722,-0.0   0.932  20.5 -23.8-135.6-139.7  -26.1   37.8    3.2               
  136  136 A F        +     0   0   82    721,-0.0    -1,-0.1     1,-0.0   847,-0.0  -0.955  35.0  72.9-125.5 131.1  -25.0   34.2    4.4               
  137  137 A S        +     0   0   89     -2,-0.4     2,-0.2     1,-0.1    -1,-0.0   0.201  19.2  92.3 156.4 140.4  -25.3   30.5    4.4               
  138  138 A D        -     0   0  152     -2,-0.0     2,-0.3     0, 0.0    -1,-0.1  -0.721  15.9-179.1-168.8 171.7  -25.1   26.8    3.4               
  139  139 A F        +     0   0  194     -2,-0.2     0, 0.0     1,-0.0     0, 0.0  -0.971  37.8  32.8-142.8 159.1  -23.0   23.6    3.7               
  140  140 A S        +     0   0  105     -2,-0.3    -1,-0.0     0, 0.0     0, 0.0   0.146  46.5  87.6  91.4 159.7  -23.2   19.9    2.4               
  141  141 A D        -     0   0  139      0, 0.0    -2,-0.0     0, 0.0     0, 0.0   0.966  30.8-151.8  59.9  93.7  -24.2   17.3   -0.2               
  142  142 A D        +     0   0  146      2,-0.0     0, 0.0     0, 0.0     0, 0.0   0.844  29.1 116.9  48.8 157.2  -23.1   15.7   -3.1               
  143  143 A S        -     0   0   97      2,-0.0     0, 0.0     0, 0.0     0, 0.0   0.926  50.6 -64.8  75.0 112.1  -24.6   14.0   -6.3               
  144  144 A D        +     0   0  154      1,-0.1     2,-0.2     0, 0.0    -2,-0.0   0.553  32.3 163.3  28.7 109.7  -24.7   14.3  -10.0               
  145  145 A F        -     0   0  189      2,-0.0    -1,-0.1     0, 0.0    -2,-0.0  -0.769  17.0-161.4-146.8 123.2  -26.0   16.6  -12.7               
  146  146 A S        -     0   0  106     -2,-0.2     2,-0.2     1,-0.1     0, 0.0  -0.539  34.7 -97.5 -83.5 155.9  -24.8   16.5  -16.3               
  147  147 A P        +     0   0  130      0, 0.0     2,-0.3     0, 0.0    -1,-0.1  -0.521  44.7 149.9 -97.6 143.2  -25.4   19.6  -18.5               
  148  148 A S        +     0   0  110     -2,-0.2     0, 0.0     1,-0.1     0, 0.0  -0.963  35.7   0.2-156.1 154.3  -27.9   21.0  -21.0               
  149  149 A E        +     0   0  171     -2,-0.3    -1,-0.1     0, 0.0     2,-0.1   0.886  38.0 132.6  45.5 106.5  -29.5   24.2  -22.4               
  150  150 A K        +     0   0  214      2,-0.0    -2,-0.0     0, 0.0     0, 0.0  -0.118  45.5  89.8 177.8 134.6  -29.7   27.9  -22.2               
  151  151 A G        -     0   0   65     -2,-0.1     0, 0.0     0, 0.0     0, 0.0   0.521  31.9-174.2 168.9 147.9  -29.6   29.8  -24.7               
  152  152 A H        +     0   0  183      0, 0.0    -2,-0.0     0, 0.0     0, 0.0   0.652  22.1 123.4  62.7 144.5  -29.7   32.1  -27.9               
  153  153 A R        -     0   0  218      2,-0.0     0, 0.0     0, 0.0     0, 0.0   0.365  45.3-106.7-148.2 127.4  -28.8   34.0  -30.4               
  154  154 A K        +     0   0  167      0, 0.0     2,-0.1     0, 0.0     0, 0.0   0.747  36.0 137.2  54.4  97.1  -29.6   33.7  -34.0               
  155  155 A Y        -     0   0  213      0, 0.0     2,-0.0     0, 0.0    -2,-0.0  -0.369  42.2 -26.5 175.5 165.8  -28.6   32.9  -37.5               
  156  156 A R        -     0   0  173     -2,-0.1     2,-0.0     1,-0.1     0, 0.0   0.207  36.7-147.7-173.1 142.8  -29.8   31.3  -40.2               
  157  157 A E        +     0   0  122     -2,-0.0    -1,-0.1     0, 0.0     0, 0.0   0.242  14.0  21.1 176.2 125.9  -31.8   29.1  -42.0               
  158  158 A Y        +     0   0  223     -2,-0.0    -2,-0.0     2,-0.0     0, 0.0   0.537  30.7   4.7  64.3 159.3  -33.4   26.6  -44.6               
  159  159 A S        -     0   0   92      1,-0.1     0, 0.0     0, 0.0     0, 0.0   0.664   3.2-177.6-163.9 158.0  -33.6   24.3  -46.9               
  160  160 A P        -     0   0  118      0, 0.0     2,-0.2     0, 0.0    -1,-0.1  -0.508  18.5-145.8 -99.4 168.7  -33.2   21.6  -49.8               
  161  161 A P        -     0   0  112      0, 0.0     0, 0.0     0, 0.0     0, 0.0  -0.809  30.5 -80.9-142.1 130.7  -35.1   19.5  -52.2               
  162  162 A Y        -     0   0  236     -2,-0.2     0, 0.0     0, 0.0     0, 0.0   0.919  27.2-132.0  52.2 144.9  -34.7   16.0  -53.7               
  163  163 A A        +     0   0   87      0, 0.0     2,-0.0     0, 0.0     0, 0.0  -0.098  12.0 176.1 -86.8-167.6  -33.2   13.6  -56.3               
  164  164 A P        -     0   0  115      0, 0.0     0, 0.0     0, 0.0     0, 0.0   0.365  17.0  -8.7-147.9-179.1  -33.3   11.2  -58.5               
  165  165 A S        +     0   0  108      1,-0.0     2,-0.0    -2,-0.0     0, 0.0   0.682  31.2  63.7  68.1 146.6  -31.7    8.9  -61.2               
  166  166 A H        -     0   0  144      0, 0.0    -1,-0.0     0, 0.0     0, 0.0   0.557  23.8-125.6-152.2-167.2  -29.9    7.3  -63.4               
  167  167 A Q        +     0   0  139     -2,-0.0     2,-0.0     0, 0.0     0, 0.0  -0.037  21.2 127.2 -65.8 169.2  -26.9    5.1  -64.7               
  168  168 A Q        -     0   0  163      0, 0.0     0, 0.0     0, 0.0     0, 0.0   0.207  31.4-116.5-163.6-168.8  -24.3    4.2  -66.5               
  169  169 A Y        -     0   0  223      1,-0.1     0, 0.0    -2,-0.0     0, 0.0   0.025  36.7-152.7 -82.2 172.2  -20.6    3.0  -66.9               
  170  170 A P        +     0   0  109      0, 0.0    -1,-0.1     0, 0.0     2,-0.0   0.874  15.8  43.1-120.0-112.4  -17.5    4.6  -68.5               
  171  171 A P        +     0   0  116      0, 0.0     2,-0.3     0, 0.0    -2,-0.0  -0.137   7.0 144.3-125.1 168.3  -14.2    5.4  -70.1               
  172  172 A S        +     0   0  104      1,-0.1     0, 0.0    -2,-0.0     0, 0.0  -0.971  33.4  70.9-166.6 166.9  -11.0    5.6  -72.3               
  173  173 A H        -     0   0  176     -2,-0.3    -1,-0.1     0, 0.0     0, 0.0   0.934  37.4-166.2  74.9  76.8   -8.2    7.7  -74.0               
  174  174 A A        +     0   0   80      2,-0.0    -2,-0.0     0, 0.0     0, 0.0   0.742  18.9  95.8  58.0 135.7   -5.2    9.4  -73.0               
  175  175 A T        -     0   0  143      0, 0.0     2,-0.1     0, 0.0     0, 0.0   0.514  17.6-172.4  93.4 148.8   -2.3   11.8  -73.6               
  176  176 A P        -     0   0  111      0, 0.0    -2,-0.0     0, 0.0     0, 0.0  -0.364  11.6-164.6-132.2-156.4   -0.5   15.4  -73.4               
  177  177 A L        +     0   0  154     -2,-0.1     0, 0.0     0, 0.0     0, 0.0  -0.086  16.7  55.2 113.6 165.0    2.6   17.7  -74.4               
  178  178 A P        -     0   0  106      0, 0.0     0, 0.0     0, 0.0     0, 0.0   0.594  20.4-153.9-138.1 159.2    4.7   20.1  -74.6               
  179  179 A K        -     0   0  194      1,-0.1     2,-0.3     0, 0.0     0, 0.0   0.751   6.2-173.2  37.0 135.8    7.4   22.5  -73.3               
  180  180 A K        +     0   0  215      2,-0.0     2,-0.3     0, 0.0    -1,-0.1  -0.909  24.2 155.1-153.1 158.1    9.2   25.8  -73.5               
  181  181 A A        -     0   0  105     -2,-0.3     2,-0.3     0, 0.0     0, 0.0  -0.965  20.9-153.0-160.9 168.1   12.4   27.0  -71.5               
  182  182 A Y        -     0   0  224     -2,-0.3    -2,-0.0     1,-0.0     0, 0.0  -0.973  31.2 -54.7-153.2 162.0   15.5   29.3  -71.3               
  183  183 A S        -     0   0   83     -2,-0.3     2,-0.1     1,-0.1    -1,-0.0  -0.031  20.6-141.2 -59.1 152.1   19.1   29.5  -69.8               
  184  184 A K        -     0   0  170      0, 0.0     2,-0.2     0, 0.0    -1,-0.1   0.145   6.8-155.4  78.3 118.5   21.2   29.4  -67.1               
  185  185 A M        -     0   0  177     -2,-0.1     2,-0.3     0, 0.0     0, 0.0  -0.893  28.0-122.2-159.2 155.5   24.4   31.2  -66.0               
  186  186 A D        -     0   0   86     -2,-0.2     0, 0.0     1,-0.1     0, 0.0  -0.845  19.2 -57.7-126.4 141.3   27.1   30.0  -63.6               
  187  187 A S        +     0   0  101     -2,-0.3    -1,-0.1     2,-0.0     0, 0.0   0.824  26.2 146.1  68.0 161.0   29.4   30.0  -60.5               
  188  188 A K        +     0   0  198      0, 0.0     0, 0.0     0, 0.0     0, 0.0   0.485  26.8  69.5  84.6 140.6   32.0   31.5  -58.0               
  189  189 A S        -     0   0  109      0, 0.0     2,-0.0     0, 0.0    -2,-0.0   0.852  37.0-176.7-140.5 152.3   33.2   31.9  -54.9               
  190  190 A Y        +     0   0  198      0, 0.0     2,-0.1     0, 0.0     0, 0.0   0.455   8.3 151.3  73.6 131.9   34.8   30.3  -52.3               
  191  191 A G        +     0   0   60     -2,-0.0     0, 0.0     0, 0.0     0, 0.0   0.466  13.6  31.2-118.8-136.6   36.2   29.6  -49.4               
  192  192 A M        -     0   0  137     -2,-0.1     0, 0.0     2,-0.1     0, 0.0   0.753  21.3-134.4-157.3 148.0   37.4   28.2  -46.6               
  193  193 A Y        -     0   0  172      1,-0.1     2,-0.1     0, 0.0     0, 0.0   0.565  12.6-137.6  23.8 135.9   38.9   25.6  -44.3               
  194  194 A E        -     0   0  174      0, 0.0     2,-0.1     0, 0.0    -1,-0.1   0.207  24.7-156.3  74.4 127.1   39.4   23.7  -41.6               
  195  195 A D        +     0   0  133      1,-0.1     0, 0.0    -2,-0.1     0, 0.0  -0.375  30.6  36.6 157.0 141.0   42.7   22.6  -39.8               
  196  196 A Y        -     0   0  183     -2,-0.1    -1,-0.1     2,-0.0     0, 0.0   0.801  38.2-126.2-146.0-176.3   43.9   20.2  -37.8               
  197  197 A E        -     0   0  152      1,-0.1     2,-0.0     2,-0.0    -2,-0.0   0.212  11.3-110.0 -58.0 165.1   44.5   16.6  -36.3               
  198  198 A N        +     0   0  124      0, 0.0    -1,-0.1     0, 0.0    -2,-0.0   0.503  39.0  92.7  94.5 139.1   44.7   14.1  -34.0               
  199  199 A E        +     0   0  161      1,-0.1     2,-0.2    -2,-0.0    -2,-0.0   0.979  17.0 135.9  60.1 104.9   47.0   11.6  -32.1               
  200  200 A Q        -     0   0  183      0, 0.0    -1,-0.1     0, 0.0     2,-0.0  -0.639  36.5-115.6-157.3 123.6   49.0   11.0  -29.0               
  201  201 A Y        -     0   0  226     -2,-0.2     0, 0.0     1,-0.1     0, 0.0   0.107  23.6-169.5  38.3 122.2   49.4    8.3  -26.7               
  202  202 A G        +     0   0   67     -2,-0.0    -1,-0.1     2,-0.0     0, 0.0   0.715  23.0 154.8 164.7 164.9   48.9    7.2  -23.7               
  203  203 A E        +     0   0  199      1,-0.1     2,-0.3     0, 0.0    -2,-0.0   0.942  21.2 136.3  61.3  95.7   49.0    5.1  -20.5               
  204  204 A Y        -     0   0  231      2,-0.0     2,-0.2     0, 0.0    -1,-0.1  -0.861  23.9-165.9-149.6 142.1   48.7    5.6  -16.8               
  205  205 A E        +     0   0  181     -2,-0.3     2,-0.1     0, 0.0     0, 0.0  -0.743  29.4  97.6-110.2 164.4   46.7    3.4  -14.3               
  206  206 A G        -     0   0   58     -2,-0.2    -2,-0.0     2,-0.0     0, 0.0  -0.072  38.3 -96.9 115.0 125.9   45.6    4.1  -10.6               
  207  207 A D        +     0   0  163     -2,-0.1     2,-0.0     2,-0.0     0, 0.0   0.544  29.2 139.1  65.2 123.5   43.5    5.1   -8.2               
  208  208 A E        -     0   0  193      0, 0.0     2,-0.1     0, 0.0    -2,-0.0   0.409  13.7-173.6-133.5 171.5   42.0    6.8   -6.1               
  209  209 A E        +     0   0  185      1,-0.1    -2,-0.0     2,-0.0     0, 0.0  -0.208  42.5  89.7 -83.2-173.9   38.3    7.2   -4.9               
  210  210 A E        +     0   0  189     -2,-0.1    -1,-0.1     2,-0.0     0, 0.0   0.988  54.0  66.2  80.7  80.0   37.0    9.9   -2.3               
  211  211 A D    >   +     0   0  144      0, 0.0     2,-2.0     0, 0.0     3,-0.5   0.235  59.8  99.4-162.6  -8.3   35.6   13.4   -2.7               
  212  212 A M  T 3   +     0   0  205      1,-0.2    -2,-0.0     2,-0.1    -3,-0.0   0.049  69.0  80.6 -73.8  33.6   32.3   13.6   -4.6               
  213  213 A G  T 3  S+     0   0   77     -2,-2.0    -1,-0.2     2,-0.1     4,-0.1   0.287  71.8  64.5-125.1   6.6   30.0   13.9   -1.5               
  214  214 A K  S <  S+     0   0  175     -3,-0.5     3,-0.3     2,-0.1     4,-0.2   0.711  81.1  63.0-115.9 -25.1   29.9   17.5   -0.0               
  215  215 A E  S >> S+     0   0  176      1,-0.2     3,-1.5     2,-0.1     4,-0.7   0.871  89.0  64.3 -87.1 -35.3   28.3   20.1   -2.2               
  216  216 A D  H 3> S+     0   0  152      1,-0.3     4,-0.9     2,-0.2    -1,-0.2   0.700  90.9  70.5 -59.8 -22.2   24.6   19.0   -2.7               
  217  217 A Y  H 3> S+     0   0  150     -3,-0.3     4,-0.6     1,-0.2    -1,-0.3   0.736  95.4  50.9 -72.0 -22.7   23.9   19.5    1.1               
  218  218 A D  H <> S+     0   0   91     -3,-1.5     4,-2.1    -4,-0.2    -1,-0.2   0.815  98.9  61.4 -92.1 -29.2   24.1   23.3    1.0               
  219  219 A D  H  X S+     0   0  102     -4,-0.7     4,-3.1     2,-0.2     5,-0.2   0.896 101.4  53.8 -70.6 -33.5   21.6   24.0   -1.8               
  220  220 A F  H  X S+     0   0  142     -4,-0.9     4,-2.7     2,-0.2    -1,-0.2   0.903 110.2  48.8 -62.3 -36.9   18.7   22.3    0.1               
  221  221 A T  H  X S+     0   0   66     -4,-0.6     4,-1.6     2,-0.2    -2,-0.2   0.887 113.2  46.7 -70.7 -37.0   19.6   24.7    3.0               
  222  222 A K  H  X S+     0   0  103     -4,-2.1     4,-2.2     2,-0.2    -2,-0.2   0.933 114.7  46.8 -66.9 -46.0   19.6   27.7    0.5               
  223  223 A E  H  X S+     0   0  132     -4,-3.1     4,-3.2     2,-0.2     5,-0.2   0.930 109.9  52.3 -66.1 -43.1   16.3   26.6   -1.1               
  224  224 A L  H  X S+     0   0   86     -4,-2.7     4,-2.3     1,-0.2    -1,-0.2   0.902 114.0  44.4 -60.6 -39.3   14.6   26.1    2.3               
  225  225 A N  H  X S+     0   0   65     -4,-1.6     4,-2.7     2,-0.2    -1,-0.2   0.856 112.7  51.8 -69.8 -35.0   15.6   29.6    3.3               
  226  226 A Q  H  X S+     0   0  144     -4,-2.2     4,-2.2     2,-0.2    -2,-0.2   0.930 112.2  45.7 -66.4 -42.2   14.6   30.9   -0.2               
  227  227 A Y  H  X S+     0   0  151     -4,-3.2     4,-2.9     2,-0.2     5,-0.2   0.913 112.2  51.3 -66.8 -41.9   11.1   29.3    0.3               
  228  228 A R  H  X S+     0   0  128     -4,-2.3     4,-2.4    -5,-0.2     5,-0.3   0.970 113.4  45.3 -56.7 -51.8   10.9   30.7    3.9               
  229  229 A R  H  X S+     0   0  199     -4,-2.7     4,-1.8     1,-0.2    -2,-0.2   0.838 115.2  47.8 -60.2 -38.1   11.7   34.2    2.4               
  230  230 A A  H  X S+     0   0   61     -4,-2.2     4,-1.3     2,-0.2    -2,-0.2   0.926 111.8  48.6 -70.1 -44.1    9.2   33.7   -0.4               
  231  231 A K  H  < S+     0   0  153     -4,-2.9    -2,-0.2     1,-0.2     3,-0.2   0.899 119.4  38.9 -65.8 -40.3    6.4   32.5    1.9               
  232  232 A E  H >< S+     0   0  150     -4,-2.4     3,-0.6    -5,-0.2    -1,-0.2   0.830 113.9  57.1 -75.5 -32.8    6.9   35.4    4.3               
  233  233 A G  H 3< S+     0   0   58     -4,-1.8     3,-0.3    -5,-0.3    -2,-0.2   0.754  86.9  76.2 -71.4 -25.7    7.6   38.0    1.5               
  234  234 A S  T 3<  +     0   0   98     -4,-1.3     2,-1.0     1,-0.2     3,-0.4   0.577  63.1  96.2 -74.5  -9.4    4.3   37.6   -0.5               
  235  235 A S    <   +     0   0  111     -3,-0.6    -1,-0.2     1,-0.2    -2,-0.1   0.064  65.1  77.8 -79.5  29.8    1.8   39.6    1.8               
  236  236 A R        +     0   0  196     -2,-1.0    -1,-0.2    -3,-0.3    -2,-0.1  -0.014  55.6 161.2-136.7  45.2    1.9   43.1   -0.0               
  237  237 A G        -     0   0   61     -3,-0.4    -2,-0.0     1,-0.0    -3,-0.0  -0.119  35.3  -0.1 -55.6 151.1   -0.2   43.2   -3.2               
  238  238 A R        +     0   0  235      2,-0.0    -1,-0.0     0, 0.0     0, 0.0   0.949  60.6  45.0  54.6 125.7   -1.6   46.3   -5.1               
  239  239 A G        +     0   0   60      1,-0.1     2,-0.2  -115,-0.0  -115,-0.0   0.996  21.0 107.9 103.9 104.1   -2.0   49.9   -5.4               
  240  240 A S        -     0   0  120      0, 0.0     2,-0.3     0, 0.0    -1,-0.1  -0.683  36.3-139.6-164.2 146.6   -1.4   53.5   -5.5               
  241  241 A R        -     0   0  257     -2,-0.2     0, 0.0     1,-0.2     0, 0.0  -0.723  40.3 -15.7 -90.8 142.4   -1.3   56.0   -8.5               
  242  242 A G        +     0   0   74     -2,-0.3     2,-0.2     1,-0.1    -1,-0.2   0.828  27.0 171.7  57.5  97.8    0.7   59.0   -9.5               
  243  243 A R        -     0   0  260      2,-0.1     2,-0.1     0, 0.0    -1,-0.1  -0.789  29.7-142.1-136.9 151.3    3.1   61.5   -8.7               
  244  244 A G        +     0   0   69     -2,-0.2     2,-0.2     2,-0.0     0, 0.0  -0.928  32.3 146.7 133.9  27.6    4.3   63.3  -10.8               
  245  245 A R        +     0   0  251     -2,-0.1     2,-0.1     0, 0.0    -2,-0.1  -0.854  30.5 175.5-146.9 143.3    7.6   65.1  -11.8               
  246  246 A G        +     0   0   63     -2,-0.2    -2,-0.0     1,-0.0     0, 0.0  -0.387   5.3  13.4 137.6  96.5    8.6   65.7  -14.7               
  247  247 A Y        +     0   0  202     -2,-0.1    -1,-0.0     2,-0.0     0, 0.0   0.901  44.6   9.4  52.0 122.2   10.7   66.9  -17.6               
  248  248 A R        -     0   0  223      0, 0.0     2,-0.1     0, 0.0    -2,-0.0   0.457  26.6-108.6  68.5 161.7   14.0   68.4  -18.7               
  249  249 A G        +     0   0   64      0, 0.0    -2,-0.0     0, 0.0     0, 0.0  -0.392  54.2  31.1 117.9  98.7   16.8   69.6  -19.3               
  250  250 A R        +     0   0  261     -2,-0.1     0, 0.0     1,-0.0     0, 0.0   0.530  44.8 130.2  64.3 156.9   18.8   72.9  -20.0               
  251  251 A G        -     0   0   68      0, 0.0     2,-0.1     0, 0.0    -1,-0.0   0.594  19.4-172.3  98.0 114.2   18.5   76.7  -19.1               
  252  252 A S        +     0   0  116      0, 0.0     0, 0.0     0, 0.0     0, 0.0  -0.009  37.7  46.8  81.7 119.2   20.3   79.3  -17.9               
  253  253 A R        +     0   0  257     -2,-0.1     0, 0.0     0, 0.0     0, 0.0   0.870  38.6 126.5  67.6 132.7   19.5   82.9  -16.7               
  254  254 A G        -     0   0   77      0, 0.0     0, 0.0     0, 0.0     0, 0.0   0.809  28.0-110.0 134.5  86.7   17.3   85.0  -14.6               
  255  255 A G        -     0   0   67      1,-0.0     0, 0.0     0, 0.0     0, 0.0   0.805  19.6 -60.1  71.8  99.1   16.8   87.5  -12.0               
  256  256 A S        +     0   0  114      0, 0.0    -1,-0.0     0, 0.0     0, 0.0   0.771  23.3 139.8  59.2 111.7   15.9   89.1   -8.9               
  257  257 A R        -     0   0  249      1,-0.0     0, 0.0     0, 0.0     0, 0.0   0.386  39.5  -7.4 171.1 111.2   13.9   90.2   -6.1               
  258  258 A G        +     0   0   77      0, 0.0    -1,-0.0     0, 0.0     0, 0.0   0.627  48.2  20.6  73.6 150.2   14.2   90.4   -2.2               
  259  259 A R        -     0   0  249      0, 0.0     0, 0.0     0, 0.0     0, 0.0   0.521  39.6 -56.5-150.6 134.2   14.9   90.2    0.9               
  260  260 A G        +     0   0   76      2,-0.0     0, 0.0     0, 0.0     0, 0.0   0.784  34.0  19.4  52.4 156.5   17.6   89.6    3.7               
  261  261 A M        +     0   0  199      0, 0.0     2,-0.2     0, 0.0     0, 0.0   0.661  37.8  59.8-157.7 145.1   19.9   88.6    5.7               
  262  262 A G        -     0   0   74      0, 0.0     2,-0.3     0, 0.0    -2,-0.0  -0.559  40.9-108.1 156.2 141.4   22.9   86.5    6.9               
  263  263 A R        +     0   0  257     -2,-0.2     0, 0.0     1,-0.1     0, 0.0  -0.837  34.8 135.6-111.2 154.5   26.6   85.4    6.4               
  264  264 A G        -     0   0   71     -2,-0.3    -1,-0.1     0, 0.0     0, 0.0   0.772  23.3 -45.0-159.4-156.0   28.5   82.9    5.4               
  265  265 A S        -     0   0  124      0, 0.0     2,-0.1     0, 0.0    -2,-0.0   0.692  14.3-129.5-157.9-165.5   30.9   81.3    3.7               
  266  266 A R        +     0   0  250      2,-0.0     0, 0.0     1,-0.0     0, 0.0  -0.357  22.9 111.6 -83.9 166.8   33.5   80.0    1.1               
  267  267 A G        +     0   0   68     -2,-0.1     2,-0.1     2,-0.0    -1,-0.0   0.791   5.9 141.1-157.3 172.1   35.1   77.7   -0.6               
  268  268 A R        +     0   0  264      2,-0.0     2,-0.2     0, 0.0    -2,-0.0  -0.217  11.3 170.0  88.0 103.3   35.9   76.1   -3.5               
  269  269 A G        +     0   0   81     -2,-0.1     2,-0.2     2,-0.0    -2,-0.0  -0.937   1.9 174.7-167.4 155.5   39.0   74.6   -5.3               
  270  270 A R        +     0   0  264     -2,-0.2     2,-0.2     2,-0.1    -2,-0.0  -0.795  12.3 146.1-166.7 134.2   39.9   72.3   -8.4               
  271  271 A G        -     0   0   72     -2,-0.2     2,-0.1     2,-0.0    -2,-0.0  -0.645  23.2-151.3 161.0 142.3   43.0   71.1  -10.3               
  272  272 A S        +     0   0  100     -2,-0.2    -2,-0.1     0, 0.0     2,-0.0  -0.006  32.7  89.8 101.2 121.6   44.8   68.8  -12.1               
  273  273 A M        -     0   0  185     -2,-0.1    -2,-0.0     2,-0.0     2,-0.0   0.305  37.4 -81.7  65.9 152.8   48.4   67.7  -12.9               
  274  274 A G        +     0   0   77     -2,-0.0     2,-0.1     0, 0.0     0, 0.0   0.680  23.7 152.2 159.0 153.0   51.0   65.8  -12.1               
  275  275 A G        -     0   0   76     -2,-0.0     2,-0.1     0, 0.0    -2,-0.0   0.154   9.4-167.7  99.0 127.8   54.2   64.0  -10.9               
  276  276 A D        +     0   0  164     -2,-0.1     0, 0.0     2,-0.0     0, 0.0   0.250  36.8 101.1  85.2 142.0   55.6   61.1  -10.6               
  277  277 A H        -     0   0  139     -2,-0.1     2,-0.0     0, 0.0     0, 0.0   0.537  35.3-165.9  64.8 145.6   58.8   59.8   -8.6               
  278  278 A P        +     0   0  105      0, 0.0    -2,-0.0     0, 0.0     0, 0.0   0.255  19.7 141.8-114.0-122.6   58.9   57.9   -5.2               
  279  279 A E        +     0   0  134     -2,-0.0     0, 0.0     1,-0.0     0, 0.0   0.287  14.2  91.1  84.2 156.7   61.9   57.3   -2.7               
  280  280 A D        -     0   0  133      0, 0.0    -1,-0.0     0, 0.0     0, 0.0   0.885  37.2-159.7  66.4 110.8   62.9   57.0    1.0               
  281  281 A E        +     0   0  166      0, 0.0     0, 0.0     0, 0.0     0, 0.0   0.625  17.4 143.4  72.4 132.9   63.3   54.7    3.5               
  282  282 A E        -     0   0  155      0, 0.0     0, 0.0     0, 0.0     0, 0.0   0.810  16.6 -29.2-160.0 168.2   63.5   53.2    6.4               
  283  283 A D        +     0   0  129      0, 0.0     0, 0.0     0, 0.0     0, 0.0   0.875  28.0  78.9  56.9 141.3   63.1   50.7    9.3               
  284  284 A F        -     0   0  163      0, 0.0     0, 0.0     0, 0.0     0, 0.0   0.729  28.8-123.4-160.2 151.0   62.4   48.5   11.5               
  285  285 A Y        +     0   0  169      2,-0.0     0, 0.0     0, 0.0     0, 0.0   0.582  27.5 116.0   8.5 148.8   62.1   44.7   12.6               
  286  286 A E        -     0   0  158      0, 0.0     0, 0.0     0, 0.0     0, 0.0   0.607  34.5-101.8-160.0 141.0   61.0   41.9   13.6               
  287  287 A E        +     0   0  163      1,-0.0     2,-0.2     0, 0.0    -2,-0.0   0.722  41.3 129.3  54.4  97.2   60.3   38.3   12.8               
  288  288 A E        -     0   0  198      0, 0.0     2,-0.4     0, 0.0    -1,-0.0  -0.609  48.4-142.0-148.6 120.6   57.9   35.6   11.8               
  289  289 A M        -     0   0  156     -2,-0.2     0, 0.0     1,-0.1     0, 0.0  -0.767   9.4-131.9 -92.3 124.0   59.2   33.6    8.7               
  290  290 A D        -     0   0  128     -2,-0.4    -1,-0.1     0, 0.0     2,-0.0   0.624  18.0-176.3  76.1 118.9   57.9   32.1    5.9               
  291  291 A Y        +     0   0  221      0, 0.0    -2,-0.0     0, 0.0     0, 0.0  -0.125  57.1  10.9-175.2 123.6   57.6   29.2    3.6               
  292  292 A G        -     0   0   60     -2,-0.0     2,-0.0     0, 0.0     0, 0.0   0.988  55.6-178.8  70.0  81.8   55.7   28.7    0.2               
  293  293 A E        +     0   0  187     -3,-0.0     0, 0.0     0, 0.0     0, 0.0   0.664  18.4 133.5  87.6 139.2   54.2   31.0   -1.7               
  294  294 A S        -     0   0   94     -2,-0.0     0, 0.0     0, 0.0     0, 0.0   0.959  35.7-133.0  80.5  73.7   52.2   31.6   -5.0               
  295  295 A E        +     0   0  155      2,-0.0     0, 0.0     0, 0.0     0, 0.0   0.905  32.7  71.5  81.7 118.3   49.3   33.5   -5.7               
  296  296 A E        -     0   0  175      1,-0.1     2,-0.4     2,-0.0     0, 0.0   0.686  32.4-107.4  90.2 144.2   46.1   35.0   -6.7               
  297  297 A P        -     0   0   98      0, 0.0    -1,-0.1     0, 0.0    -2,-0.0  -0.782  43.7 -19.0-125.0 142.1   42.3   35.2   -6.4               
  298  298 A M        -     0   0  170     -2,-0.4     2,-1.3     1,-0.2     3,-0.2   0.904  19.3-165.6  60.1  76.8   38.7   34.7   -7.4               
  299  299 A G        +     0   0   83      1,-0.2    -1,-0.2     2,-0.1     4,-0.1  -0.742  44.8 138.1 -70.9  91.9   37.4   34.0  -10.8               
  300  300 A D        +     0   0  126     -2,-1.3     4,-0.4     2,-0.1    -1,-0.2   0.303  45.6  78.3-122.0   0.7   33.8   34.8   -9.6               
  301  301 A D  S >> S+     0   0  131     -3,-0.2     4,-1.8     1,-0.1     3,-0.6   0.837  79.2  65.8 -83.7 -34.1   32.5   36.9  -12.7               
  302  302 A D  H 3> S+     0   0  132      1,-0.2     4,-3.0     2,-0.2     5,-0.3   0.849  95.6  57.5 -64.7 -33.5   31.7   34.0  -15.2               
  303  303 A Y  H 3> S+     0   0  181      1,-0.2     4,-1.8     2,-0.2    -1,-0.2   0.858 108.7  46.6 -66.2 -33.5   28.8   32.6  -13.1               
  304  304 A D  H <> S+     0   0   91     -3,-0.6     4,-1.8    -4,-0.4    -2,-0.2   0.849 112.7  49.4 -78.6 -34.3   27.0   36.0  -13.2               
  305  305 A E  H  X S+     0   0  108     -4,-1.8     4,-2.9     2,-0.2    -2,-0.2   0.966 113.2  46.1 -67.7 -45.6   27.6   36.3  -17.0               
  306  306 A Y  H  X S+     0   0  150     -4,-3.0     4,-3.2     1,-0.2     5,-0.3   0.907 112.0  52.5 -61.4 -38.1   26.2   32.8  -17.5               
  307  307 A S  H  X S+     0   0   43     -4,-1.8     4,-1.4    -5,-0.3    -1,-0.2   0.873 111.1  46.5 -65.5 -35.7   23.3   33.7  -15.2               
  308  308 A K  H  X S+     0   0   76     -4,-1.8     4,-2.2     2,-0.2    -2,-0.2   0.922 114.7  47.4 -68.3 -44.2   22.7   36.8  -17.3               
  309  309 A E  H  X S+     0   0  124     -4,-2.9     4,-2.9     2,-0.2    -2,-0.2   0.952 110.5  50.0 -65.3 -46.6   22.9   34.8  -20.6               
  310  310 A L  H  X S+     0   0   87     -4,-3.2     4,-2.7     1,-0.2    -1,-0.2   0.877 113.7  47.3 -61.3 -34.9   20.5   32.0  -19.3               
  311  311 A N  H  X S+     0   0   88     -4,-1.4     4,-2.4    -5,-0.3    -1,-0.2   0.863 113.0  47.9 -72.0 -35.8   18.1   34.7  -18.3               
  312  312 A Q  H  X S+     0   0  121     -4,-2.2     4,-2.0     2,-0.2    -2,-0.2   0.856 112.7  50.3 -67.7 -33.7   18.5   36.4  -21.7               
  313  313 A Y  H  X S+     0   0  142     -4,-2.9     4,-2.8     2,-0.2    -2,-0.2   0.945 111.9  46.1 -72.7 -46.4   18.0   32.9  -23.3               
  314  314 A R  H  X S+     0   0  180     -4,-2.7     4,-2.4     1,-0.2     5,-0.3   0.981 116.2  46.3 -53.8 -56.1   14.8   32.3  -21.2               
  315  315 A R  H  X S+     0   0  185     -4,-2.4     4,-0.7     1,-0.2    -2,-0.2   0.814 116.3  45.7 -57.8 -34.6   13.5   35.8  -22.1               
  316  316 A S  H  < S+     0   0   37     -4,-2.0     4,-0.4     2,-0.2    -1,-0.2   0.850 110.5  51.8 -77.8 -36.3   14.5   35.2  -25.8               
  317  317 A K  H >< S+     0   0  141     -4,-2.8     3,-1.1     1,-0.2     4,-0.2   0.947 112.5  45.5 -68.4 -44.1   12.9   31.7  -26.1               
  318  318 A D  H 3< S+     0   0  141     -4,-2.4     3,-0.4     1,-0.2    -1,-0.2   0.763 113.3  53.1 -66.3 -24.6    9.6   33.0  -24.7               
  319  319 A S  T 3< S+     0   0   99     -4,-0.7    -1,-0.2    -5,-0.3    -2,-0.2   0.490 108.0  48.3 -88.7  -5.7    9.9   36.0  -27.1               
  320  320 A R  S <  S+     0   0  209     -3,-1.1    -1,-0.2    -4,-0.4    -2,-0.1   0.232  80.0 103.6-118.0  12.9   10.4   34.0  -30.4               
  321  321 A G  S    S-     0   0   57     -3,-0.4     2,-0.1     1,-0.2    -1,-0.1   0.457  87.6 -15.6 -94.0  -9.8    7.5   31.4  -30.1               
  322  322 A R  S    S+     0   0  260     -3,-0.1    -1,-0.2     0, 0.0     0, 0.0  -0.494  86.7  86.5 177.3 128.3    4.7   32.5  -32.6               
  323  323 A G        +     0   0   78     -2,-0.1     2,-1.4    -3,-0.1    -2,-0.1   0.545  29.0 145.1 157.9   7.8    3.7   35.7  -34.5               
  324  324 A L        +     0   0  179      2,-0.0     2,-0.2     0, 0.0    -1,-0.1  -0.548  37.3 107.1 -74.6  94.2    5.2   36.5  -38.0               
  325  325 A S        -     0   0  108     -2,-1.4     0, 0.0     0, 0.0     0, 0.0  -0.718  58.8 -58.6-164.5 138.4    2.7   38.3  -40.1               
  326  326 A R        -     0   0  248     -2,-0.2    -2,-0.0     1,-0.1     2,-0.0   0.262  36.4-179.1  -4.8 133.2    1.9   41.7  -41.6               
  327  327 A G        +     0   0   70      0, 0.0    -1,-0.1     0, 0.0     0, 0.0   0.764  24.5 145.1 136.4 164.1    1.3   44.7  -40.8               
  328  328 A R        -     0   0  255     -2,-0.0    -2,-0.0     0, 0.0     0, 0.0   0.996  25.8-179.1  61.9  93.6    0.4   48.5  -41.6               
  329  329 A G        -     0   0   72      0, 0.0     2,-0.1     0, 0.0     0, 0.0   0.574   4.1-175.4 -80.2-127.6   -1.8   50.5  -39.2               
  330  330 A R        +     0   0  260      2,-0.0     0, 0.0     0, 0.0     0, 0.0   0.190   3.5 170.2  82.2 144.3   -3.1   54.2  -39.4               
  331  331 A G        -     0   0   65     -2,-0.1     0, 0.0     0, 0.0     0, 0.0   0.702  15.6-103.8 170.3-167.1   -4.6   56.5  -38.0               
  332  332 A S        +     0   0  127      0, 0.0    -2,-0.0     0, 0.0     0, 0.0   0.462  42.4  89.6  73.8 142.6   -6.1   60.0  -37.1               
  333  333 A R        -     0   0  254      0, 0.0     0, 0.0     0, 0.0     0, 0.0   0.786  53.9-143.6-126.7 161.8   -6.2   62.7  -35.4               
  334  334 A G        +     0   0   63      0, 0.0     0, 0.0     0, 0.0     0, 0.0   0.619  38.6 110.6 158.2 145.4   -4.6   65.4  -36.1               
  335  335 A R        +     0   0  266      0, 0.0     2,-0.1     0, 0.0     0, 0.0   0.569  30.7 165.8  68.2 138.6   -2.6   68.8  -36.6               
  336  336 A G        +     0   0   68      0, 0.0     0, 0.0     0, 0.0     0, 0.0   0.156  21.0 172.7 153.1 137.3    0.1   69.9  -37.6               
  337  337 A K        +     0   0  227     -2,-0.1     0, 0.0     0, 0.0     0, 0.0   0.607  22.7 106.8  70.3 140.5    3.1   72.1  -38.9               
  338  338 A G        -     0   0   67      0, 0.0     0, 0.0     0, 0.0     0, 0.0   0.672  28.5 -92.6 173.8 166.8    6.1   72.4  -39.7               
  339  339 A M        +     0   0  187      0, 0.0     2,-0.0     0, 0.0     0, 0.0   0.507  25.1 146.9  69.9 140.4    9.7   72.8  -41.2               
  340  340 A G        -     0   0   72      2,-0.0     2,-0.0     0, 0.0     0, 0.0   0.481  24.9-119.9 117.1 131.0   12.4   71.5  -42.4               
  341  341 A R        -     0   0  241     -2,-0.0     0, 0.0     0, 0.0     0, 0.0   0.722  21.1-162.8-136.7 161.6   15.2   70.6  -43.9               
  342  342 A G        +     0   0   72     -2,-0.0     2,-0.0     2,-0.0    -2,-0.0   0.617  19.8 161.6  73.8 131.3   17.0   68.4  -45.8               
  343  343 A R        +     0   0  255      2,-0.0     2,-0.1     0, 0.0     0, 0.0   0.794  19.1 165.3-149.2 174.3   19.5   66.6  -47.4               
  344  344 A G        +     0   0   65      2,-0.0    -2,-0.0    -2,-0.0     0, 0.0   0.065   6.4  84.6 137.7 121.2   20.1   63.7  -48.9               
  345  345 A R        -     0   0  259     -2,-0.1     2,-0.1     0, 0.0    -2,-0.0   0.294  27.7-104.1  66.9 157.9   21.9   61.0  -51.1               
  346  346 A G        +     0   0   80      0, 0.0     2,-0.2     0, 0.0    -2,-0.0   0.010  19.4 131.5 143.8 116.3   24.0   58.7  -51.8               
  347  347 A G        -     0   0   71     -2,-0.1     2,-0.1     0, 0.0     0, 0.0  -0.449  19.1 -86.1 123.4 165.7   27.1   56.7  -53.1               
  348  348 A S        +     0   0  111     -2,-0.2     0, 0.0     0, 0.0     0, 0.0  -0.000  38.7  38.1 159.0 121.8   29.7   54.7  -53.3               
  349  349 A R        +     0   0  254     -2,-0.1     0, 0.0     0, 0.0     0, 0.0   0.698  43.7  98.0  73.4 141.3   33.3   53.2  -53.2               
  350  350 A G        +     0   0   83      2,-0.0     2,-0.1     0, 0.0     0, 0.0   0.633  16.1 164.9  80.2 132.0   36.5   53.3  -51.0               
  351  351 A G        -     0   0   73      0, 0.0     2,-0.2     0, 0.0     0, 0.0  -0.052  13.9-156.4 107.6 121.4   38.2   51.8  -48.7               
  352  352 A M        -     0   0  203     -2,-0.1     2,-0.3     2,-0.0    -2,-0.0  -0.874  10.1-151.4-171.3 161.2   41.8   52.0  -47.3               
  353  353 A N        -     0   0  154     -2,-0.2     2,-0.2     2,-0.0     0, 0.0  -0.962  10.4-179.5-139.2 145.7   44.2   49.6  -45.3               
  354  354 A K        +     0   0  206     -2,-0.3     2,-0.1     2,-0.0    -2,-0.0  -0.499  16.0 151.9 175.9 142.6   47.2   49.4  -42.8               
  355  355 A G        -     0   0   72     -2,-0.2     2,-0.0     0, 0.0    -2,-0.0   0.315  15.5-173.3 145.8 140.4   48.9   47.1  -41.4               
  356  356 A G        +     0   0   71     -2,-0.1    -2,-0.0     0, 0.0     0, 0.0   0.161  21.6  53.3  97.4 148.2   51.9   45.3  -39.6               
  357  357 A M        -     0   0  172     -2,-0.0     0, 0.0     0, 0.0     0, 0.0   0.594  36.4 -65.1-160.7 143.6   53.7   43.1  -38.4               
  358  358 A N        -     0   0  123      0, 0.0     0, 0.0     0, 0.0     0, 0.0   0.837  12.2-161.6  65.7 127.8   55.5   39.7  -38.2               
  359  359 A D        -     0   0  129      0, 0.0     0, 0.0     0, 0.0     0, 0.0   0.746   1.9-160.4  79.6 141.3   56.3   36.4  -38.1               
  360  360 A D        -     0   0  140      0, 0.0     0, 0.0     0, 0.0     0, 0.0   0.629  29.7 -19.2-162.0 168.4   58.1   33.6  -37.6               
  361  361 A E        -     0   0  161      0, 0.0     0, 0.0     0, 0.0     0, 0.0   0.980  30.7-166.7  67.3  94.9   59.0   29.8  -38.1               
  362  362 A D        -     0   0  148      0, 0.0     0, 0.0     0, 0.0     0, 0.0   0.762  10.1-164.0  50.8 140.1   57.8   26.5  -39.1               
  363  363 A F        -     0   0  166      0, 0.0     0, 0.0     0, 0.0     0, 0.0   0.609  33.3 -41.8 165.6 105.9   58.1   22.9  -39.3               
  364  364 A Y        +     0   0  170      0, 0.0     2,-0.1     0, 0.0     0, 0.0   0.821  16.3 179.8  61.5 137.8   56.6   19.8  -41.3               
  365  365 A D        +     0   0  141      0, 0.0     0, 0.0     0, 0.0     0, 0.0   0.518  19.6 167.7  95.4 157.7   54.3   17.8  -42.8               
  366  366 A E        +     0   0  152     -2,-0.1     0, 0.0     0, 0.0     0, 0.0   0.581  24.2  51.1  78.4 137.7   54.4   14.3  -44.8               
  367  367 A D        -     0   0  125      0, 0.0     0, 0.0     0, 0.0     0, 0.0   0.585  44.1-123.5-153.1 133.0   52.8   11.8  -46.1               
  368  368 A M        +     0   0  175      1,-0.1     0, 0.0     0, 0.0     0, 0.0   0.833  19.7 168.3  39.4 135.8   50.0   10.6  -48.5               
  369  369 A G        +     0   0   81      0, 0.0    -1,-0.1     0, 0.0     0, 0.0   0.198  21.8 154.8-167.9  33.7   46.8    8.4  -48.5               
  370  370 A D        +     0   0  169      1,-0.1     0, 0.0     2,-0.0     0, 0.0  -0.118   4.9 156.6 -54.9 158.6   44.5    8.9  -51.6               
  371  371 A G        -     0   0   69      2,-0.0    -1,-0.1     0, 0.0     0, 0.0   0.474  33.6-120.4 168.3  52.1   42.1    6.2  -52.9               
  372  372 A G        -     0   0   74      1,-0.1     2,-0.0     0, 0.0    -2,-0.0   0.802  22.1-112.0  47.2 110.2   38.9    6.6  -55.1               
  373  373 A G        -     0   0   92      2,-0.0     2,-0.3     1,-0.0    -1,-0.1  -0.312  28.7-165.0 -69.6 152.3   35.3    5.6  -54.4               
  374  374 A G        -     0   0   53     -2,-0.0     2,-1.1     2,-0.0    -1,-0.0  -0.968  17.3-146.0-145.9 126.0   33.5    2.8  -56.4               
  375  375 A S        +     0   0  131     -2,-0.3     2,-0.6     1,-0.1    -2,-0.0  -0.685  30.7 168.3 -92.9  87.5   29.7    1.9  -56.7               
  376  376 A Y        -     0   0  206     -2,-1.1    -1,-0.1     1,-0.0    -2,-0.0  -0.715  33.3-110.6-115.4  83.0   29.7   -1.9  -57.0               
  377  377 A R        -     0   0  236     -2,-0.6    -2,-0.0     1,-0.1    -1,-0.0   0.474  34.8 -74.8  30.0 103.1   26.3   -3.6  -56.6               
  378  378 A S        +     0   0  119      2,-0.0     2,-0.2     0, 0.0    -1,-0.1   0.297  60.5 110.8   9.9 108.7   24.6   -5.7  -54.1               
  379  379 A R        +     0   0  213      1,-0.1     0, 0.0     0, 0.0     0, 0.0  -0.819  32.5  76.9-170.8-178.9   25.0   -9.4  -53.1               
  380  380 A D        +     0   0  143     -2,-0.2    -1,-0.1     2,-0.0     2,-0.0   0.963  48.6 174.7  62.2  69.3   26.3  -11.7  -50.3               
  381  381 A H        +     0   0  165     -3,-0.0     0, 0.0     1,-0.0     0, 0.0   0.470  25.7  67.9  70.5 132.7   24.3  -12.1  -47.7               
  382  382 A D        +     0   0   73      1,-0.1    -2,-0.0    -2,-0.0    -1,-0.0   0.923  34.4 132.9  48.5  94.6   24.1  -14.1  -44.4               
  383  383 A K        -     0   0  126    710,-0.0     2,-0.7     2,-0.0    -1,-0.1  -0.836  41.6-141.1-146.5 123.8   26.3  -14.0  -41.3               
  384  384 A P        -     0   0  110      0, 0.0     2,-0.8     0, 0.0   710,-0.1  -0.727  14.1-170.1 -84.9 112.7   24.7  -13.8  -37.8               
  385  385 A H        -     0   0  163     -2,-0.7     2,-0.2     3,-0.0    -2,-0.0  -0.786   6.4-179.3-102.1  86.4   26.5  -11.5  -35.4               
  386  386 A Q        +     0   0  164     -2,-0.8     0, 0.0     1,-0.1     0, 0.0  -0.564  47.7  76.2 -59.7 152.1   25.0  -12.1  -32.0               
  387  387 A Q        +     0   0  142     -2,-0.2    -1,-0.1     0, 0.0     0, 0.0   0.806  32.0 127.2  91.0  88.8   26.7   -9.7  -29.4               
  388  388 A S        +     0   0  106      3,-0.0     3,-0.2     0, 0.0     2,-0.1  -0.014  35.7 132.8-144.8  35.8   25.9   -6.0  -29.0               
  389  389 A D        +     0   0  128      1,-0.2     3,-0.1     3,-0.0     0, 0.0  -0.438  48.4  57.4 -58.6 156.0   25.2   -5.9  -25.3               
  390  390 A K  S    S+     0   0  198     -2,-0.1     2,-0.2     1,-0.1    -1,-0.2   0.894  76.4  82.8  73.3  52.5   27.0   -3.0  -23.5               
  391  391 A K  S    S-     0   0  198     -3,-0.2     2,-0.5     2,-0.0    -1,-0.1  -0.678  82.0-105.2-159.7 134.9   26.2    0.4  -24.8               
  392  392 A G        -     0   0   79     -2,-0.2     2,-0.3    -3,-0.1    -3,-0.0  -0.326  19.7-157.5 -65.7 107.2   23.0    2.2  -23.8               
  393  393 A K        -     0   0  132     -2,-0.5     2,-0.2    22,-0.1    19,-0.1  -0.642  47.2 -99.2 -61.1 127.5   20.1    2.4  -26.3               
  394  394 A V        -     0   0  102     -2,-0.3    19,-1.5    17,-0.2    -1,-0.1  -0.425  42.2-110.2 -62.9 125.0   18.3    5.5  -24.9               
  395  395 A I  B     -a  413   0A  89     17,-0.2     2,-1.3    -2,-0.2    19,-0.1  -0.246  29.7-110.2 -55.6 131.7   15.4    4.3  -22.7               
  396  396 A C    >>  -     0   0    0     17,-2.6     4,-2.4     1,-0.2     3,-0.9  -0.508  27.2-165.8 -69.3  99.7   11.9    5.0  -24.3               
  397  397 A K  H 3> S+     0   0  141     -2,-1.3     4,-1.8     1,-0.3    -1,-0.2   0.851  91.1  54.2 -50.9 -36.8   10.6    7.8  -22.0               
  398  398 A Y  H 34>S+     0   0  115      2,-0.2     5,-3.3     1,-0.1     6,-1.0   0.809 107.6  48.9 -71.8 -29.1    7.1    7.1  -23.5               
  399  399 A F  H X45S+     0   0   49     -3,-0.9     3,-2.0     4,-0.2    -2,-0.2   0.959 111.5  48.8 -71.8 -47.8    7.4    3.3  -22.7               
  400  400 A V  H 3<5S+     0   0   65     -4,-2.4    -2,-0.2     1,-0.3    -3,-0.2   0.844 113.5  48.2 -57.3 -36.7    8.4    4.1  -19.0               
  401  401 A E  T 3<5S-     0   0   75     -4,-1.8    -1,-0.3    -5,-0.3    -2,-0.2   0.409 115.1-119.4 -82.8   0.5    5.4    6.6  -19.0               
  402  402 A G  T < 5S+     0   0   54     -3,-2.0    -3,-0.2    -5,-0.1    -2,-0.1   0.798  90.1  99.6  65.4  28.7    3.0    3.8  -20.5               
  403  403 A R      < +     0   0  154     -5,-3.3     2,-0.5    -6,-0.1    -4,-0.2   0.186  37.7 130.5-127.1  10.5    2.2    6.0  -23.6               
  404  404 A C        +     0   0   29     -6,-1.0     3,-0.2     1,-0.1     6,-0.0  -0.621  27.1 178.7 -71.3 121.0    4.6    4.6  -26.3               
  405  405 A T        +     0   0  129     -2,-0.5    -1,-0.1     1,-0.1     4,-0.0   0.338  68.8  75.0 -99.2   2.1    2.5    3.9  -29.5               
  406  406 A W    >   -     0   0  139      1,-0.2     3,-2.1     2,-0.0    -1,-0.1   0.626  69.2-178.0 -90.8 -15.8    5.5    2.7  -31.5               
  407  407 A G  G >  S-     0   0   33      1,-0.3     3,-1.7    -3,-0.2    -1,-0.2  -0.201  73.7  -7.5  50.4-135.8    5.9   -0.8  -29.9               
  408  408 A D  G 3  S+     0   0  163      1,-0.3    -1,-0.3     6,-0.1     6,-0.1   0.536 131.8  69.2 -67.2  -8.4    8.9   -2.7  -31.4               
  409  409 A H  G <  S+     0   0  170     -3,-2.1     2,-0.4    -4,-0.0    -1,-0.3   0.217  72.2 124.5 -92.0  11.9    9.2    0.1  -34.0               
  410  410 A C    <   -     0   0   22     -3,-1.7     4,-0.1     1,-0.1   -14,-0.1  -0.605  59.9-146.4 -72.9 130.1   10.4    2.6  -31.3               
  411  411 A N  S    S+     0   0  163     -2,-0.4     2,-0.3     2,-0.1   -17,-0.2   0.507  87.6  67.3 -68.3  -5.8   13.8    4.3  -31.9               
  412  412 A F  S    S-     0   0   89    -19,-0.1   -17,-0.2     1,-0.0    -2,-0.1  -0.919 101.2 -91.9-115.6 144.7   14.2    4.1  -28.1               
  413  413 A S  B     -a  395   0A  12    -19,-1.5   -17,-2.6    -2,-0.3   -14,-0.2  -0.253  26.8-176.9 -61.0 136.9   14.7    0.9  -26.2               
  414  414 A H        +     0   0   37    -19,-0.1     2,-2.7    -4,-0.1    -1,-0.2   0.403  63.8 108.0 -96.3  -6.3   11.7   -1.0  -24.7               
  415  415 A D        +     0   0  118      2,-0.1     2,-0.4     1,-0.0    -2,-0.1  -0.336  46.6 120.9 -63.8  53.9   14.5   -3.3  -23.3               
  416  416 A I        -     0   0   35     -2,-2.7     2,-1.7     2,-0.1    -1,-0.0  -0.930  55.4-155.6-122.6 108.8   14.0   -2.0  -19.7               
  417  417 A E        -     0   0  190     -2,-0.4    -2,-0.1     3,-0.0    -3,-0.0  -0.724  27.7-149.0 -64.0  86.6   13.1   -4.5  -17.1               
  418  418 A L        -     0   0   52     -2,-1.7     2,-0.3     1,-0.1    -2,-0.1  -0.640  27.7-105.2 -57.0 123.5   11.5   -1.6  -15.2               
  419  419 A P        -     0   0  119      0, 0.0     2,-0.2     0, 0.0    -1,-0.1  -0.428  39.4-117.1 -54.4 110.6   12.1   -2.7  -11.5               
  420  420 A K        -     0   0  114     -2,-0.3    21,-0.2     1,-0.1    -3,-0.0  -0.425  36.5-108.3 -52.7 117.3    8.5   -3.7  -10.7               
  421  421 A K  E     -b  441   0B  89     19,-2.2     2,-2.7     1,-0.2    21,-1.0  -0.363  22.6-119.5 -54.2 133.3    7.6   -1.3   -8.0               
  422  422 A R  E    S+     0   0B 109     19,-0.1     2,-0.3    -3,-0.1    -1,-0.2  -0.356  88.5  96.4 -71.7  53.8    7.5   -3.2   -4.7               
  423  423 A E  E    S-     0   0B  96     -2,-2.7    19,-1.9    23,-0.0     2,-0.2  -0.987  81.8-108.1-150.9 132.6    3.8   -2.0   -4.5               
  424  424 A L  E     -b  442   0B  41     -2,-0.3     2,-0.8    17,-0.2    19,-0.2  -0.436  39.2-108.0 -63.8 138.2    0.5   -3.7   -5.6               
  425  425 A C    >>  -     0   0    1     17,-2.8     4,-2.2    -2,-0.2     3,-1.4  -0.539  21.7-153.2 -68.2 110.4   -1.2   -2.3   -8.7               
  426  426 A K  H 3> S+     0   0  133     -2,-0.8     4,-0.7     1,-0.3    -1,-0.2   0.772  98.5  52.3 -53.5 -28.1   -4.3   -0.4   -7.4               
  427  427 A F  H 34>S+     0   0  110      2,-0.2     5,-1.3     3,-0.1     6,-0.7   0.707 107.5  50.7 -81.8 -22.8   -5.9   -1.1  -10.8               
  428  428 A Y  H X45S+     0   0   52     -3,-1.4     3,-1.8     4,-0.2    -2,-0.2   0.930 106.2  53.1 -80.0 -44.5   -5.2   -4.9  -10.6               
  429  429 A I  H 3<5S+     0   0   83     -4,-2.2    -2,-0.2     1,-0.3    -1,-0.1   0.822 115.0  44.5 -54.0 -33.6   -6.7   -5.2   -7.1               
  430  430 A T  T 3<5S-     0   0   78     -4,-0.7    -1,-0.3    -5,-0.3    -2,-0.2   0.410 113.1-120.9 -93.0  -0.0   -9.8   -3.5   -8.7               
  431  431 A G  T < 5S+     0   0   58     -3,-1.8    -3,-0.2     1,-0.1    -2,-0.1   0.374  87.9 101.2  78.0  -0.4   -9.7   -5.7  -11.9               
  432  432 A F      < +     0   0  165     -5,-1.3     2,-1.8    -6,-0.2    -4,-0.2  -0.005  35.2 140.9-107.2  25.5   -9.3   -2.6  -14.3               
  433  433 A C    >   -     0   0   22     -6,-0.7     3,-2.1     1,-0.2    -5,-0.1  -0.461  25.0-177.8 -77.8  85.6   -5.5   -2.7  -15.1               
  434  434 A A  T 3  S+     0   0  109     -2,-1.8    -1,-0.2     1,-0.3    -2,-0.0   0.261  77.1  66.1 -62.3  10.1   -5.4   -1.8  -18.8               
  435  435 A R  T >  S+     0   0  104      1,-0.1     3,-1.9     2,-0.0    -1,-0.3   0.593  72.4 174.2-102.9 -17.9   -1.6   -2.2  -18.7               
  436  436 A A  G X  S-     0   0   59     -3,-2.1     3,-0.9     1,-0.3    -1,-0.1  -0.192  75.1  -2.7  44.1-124.5   -1.6   -6.0  -18.0               
  437  437 A E  G 3  S+     0   0  186      1,-0.3    -1,-0.3     3,-0.1     6,-0.1   0.762 130.4  67.5 -64.4 -25.5    2.1   -7.3  -18.2               
  438  438 A N  G <  S+     0   0  111     -3,-1.9    -1,-0.3     2,-0.1    -2,-0.2   0.023  74.1 124.4 -84.1  24.5    3.3   -3.8  -19.1               
  439  439 A C    <   -     0   0   10     -3,-0.9     4,-0.1     2,-0.1   -14,-0.1  -0.803  59.0-147.8 -87.5 128.6    2.3   -2.5  -15.6               
  440  440 A P  S    S+     0   0   34      0, 0.0   -19,-2.2     0, 0.0     2,-0.3   0.272  83.6  67.6 -75.0  13.4    5.1   -0.8  -13.5               
  441  441 A Y  E    S-b  421   0B  69    -21,-0.2   -17,-0.2   -19,-0.1   -19,-0.1  -0.963  97.9 -88.4-133.8 148.5    3.4   -2.2  -10.3               
  442  442 A M  E     +b  424   0B  16    -19,-1.9   -17,-2.8   -21,-1.0   -14,-0.2  -0.249  40.4 177.8 -66.8 140.2    3.0   -5.9   -9.2               
  443  443 A H    >   -     0   0   29    -19,-0.2     3,-1.9    -4,-0.1    -1,-0.1   0.198  69.9 -19.3-105.0-131.2    0.0   -8.0  -10.3               
  444  444 A G  T 3  S+     0   0   24      1,-0.3    22,-1.4    21,-0.1     4,-0.1   0.726 121.8  79.7 -57.1 -22.9   -0.5  -11.8   -9.4               
  445  445 A D  T 3  S+     0   0   73     20,-0.2    -1,-0.3     2,-0.1    20,-0.1   0.625  70.7 102.7 -53.5 -21.9    3.2  -12.0   -8.4               
  446  446 A F  S <  S-     0   0    9     -3,-1.9    20,-1.6    18,-0.2    28,-0.1  -0.579  84.6-102.8 -76.2 133.3    2.4  -10.3   -5.1               
  447  447 A P  B     -c  466   0C   1      0, 0.0     2,-0.7     0, 0.0    20,-0.2  -0.198  30.1-115.9 -64.6 134.6    2.3  -12.8   -2.0               
  448  448 A C     >  -     0   0    4     18,-2.8     4,-2.5     1,-0.2     5,-0.3  -0.532  17.8-153.8 -70.5 112.2   -1.2  -13.8   -0.7               
  449  449 A K  H  > S+     0   0   67     -2,-0.7     4,-2.5     1,-0.2     5,-0.4   0.884  94.0  47.4 -47.7 -48.3   -1.5  -12.5    2.9               
  450  450 A L  H  > S+     0   0   66      2,-0.2     4,-1.6     3,-0.2     6,-0.9   0.887 112.5  47.6 -73.3 -36.1   -4.0  -15.2    3.9               
  451  451 A Y  H  > S+     0   0   93      4,-0.2     4,-1.2     3,-0.2    -2,-0.2   0.949 120.8  36.1 -67.1 -45.7   -2.0  -18.1    2.4               
  452  452 A H  H  < S+     0   0   54     -4,-2.5    -2,-0.2     2,-0.2    -3,-0.2   0.814 126.7  36.1 -84.9 -28.6    1.3  -17.1    4.0               
  453  453 A T  H  < S+     0   0   79     -4,-2.5    -3,-0.2    -5,-0.3    -2,-0.2   0.789 133.2  25.9 -87.9 -32.4    0.0  -15.7    7.4               
  454  454 A T  H  < S-     0   0   89     -4,-1.6    -3,-0.2    -5,-0.4    -2,-0.2   0.513  96.2-125.6-111.3  -9.0   -2.9  -18.3    7.9               
  455  455 A G  S  < S+     0   0   46     -4,-1.2     2,-0.3    -5,-0.3    -4,-0.2   0.273  88.9  64.9  78.1  -9.9   -1.6  -21.3    5.9               
  456  456 A N        -     0   0  129     -6,-0.9     2,-0.4     4,-0.0    -2,-0.1  -0.973  67.9-149.8-145.6 128.8   -4.9  -21.4    3.8               
  457  457 A C    >   -     0   0   22     -2,-0.3     3,-1.1     1,-0.1     6,-0.0  -0.811  14.7-141.6 -94.2 139.2   -6.4  -18.9    1.4               
  458  458 A I  T 3  S+     0   0  153     -2,-0.4    -1,-0.1     1,-0.2     5,-0.0   0.783 102.9  57.2 -66.6 -27.8  -10.3  -18.7    1.1               
  459  459 A N  T >  S-     0   0   97      1,-0.2     3,-1.1     2,-0.1    -1,-0.2   0.547  90.7-161.2 -79.3 -10.1   -9.9  -18.2   -2.7               
  460  460 A G  G X   -     0   0   33     -3,-1.1     3,-0.7     1,-0.2    -1,-0.2  -0.288  66.5 -20.6  56.4-145.2   -8.0  -21.5   -3.2               
  461  461 A D  G 3  S+     0   0  162      1,-0.3    -1,-0.2     3,-0.0     6,-0.1   0.710 131.3  74.3 -70.3 -16.1   -6.0  -21.7   -6.5               
  462  462 A D  G <  S+     0   0  150     -3,-1.1     2,-0.3     2,-0.0    -1,-0.3  -0.001  71.6 138.9 -80.4  25.9   -8.3  -18.9   -7.9               
  463  463 A C    <   -     0   0   26     -3,-0.7     4,-0.1     1,-0.1   -15,-0.0  -0.602  55.7-144.8 -75.3 135.0   -6.4  -16.4   -5.7               
  464  464 A M  S    S+     0   0   81     -2,-0.3     2,-0.3     2,-0.1   -18,-0.2   0.523  87.5  62.0 -72.1  -5.2   -5.6  -12.9   -7.3               
  465  465 A F  S    S-     0   0   64    -20,-0.1   -20,-0.2     1,-0.0   -21,-0.1  -0.947  99.0 -91.0-126.1 144.4   -2.3  -13.1   -5.2               
  466  466 A S  B     -c  447   0C  16    -20,-1.6   -18,-2.8   -22,-1.4   -15,-0.1  -0.128  21.5-169.0 -62.1 143.6    0.6  -15.6   -5.5               
  467  467 A H        +     0   0   41    -20,-0.2    -1,-0.1    -4,-0.1     3,-0.1   0.162  50.0 127.2-106.4   8.6    0.7  -18.8   -3.4               
  468  468 A D  S    S-     0   0  116      1,-0.1     2,-0.2   -23,-0.0   -20,-0.1  -0.313  76.2 -83.5 -66.2 149.9    4.4  -19.4   -4.5               
  469  469 A P        -     0   0  118      0, 0.0    -1,-0.1     0, 0.0     2,-0.1  -0.386  58.4 -97.7 -58.6 126.1    7.1  -20.0   -1.8               
  470  470 A L        -     0   0   37     -2,-0.2     2,-0.1     4,-0.1    -3,-0.0  -0.203  32.8-155.8 -51.1 114.3    8.3  -16.6   -0.5               
  471  471 A T     >  -     0   0   77     -2,-0.1     4,-2.4    -3,-0.1     3,-0.2  -0.399  38.9-100.7 -66.7 162.8   11.5  -15.3   -2.0               
  472  472 A E  H  > S+     0   0  125      1,-0.2     4,-2.6     2,-0.2     5,-0.2   0.929 126.1  51.0 -60.5 -38.8   13.4  -12.9    0.3               
  473  473 A E  H  > S+     0   0  114      1,-0.2     4,-1.1     2,-0.2    -1,-0.2   0.835 111.4  47.0 -66.7 -34.2   12.0   -9.9   -1.8               
  474  474 A T  H  > S+     0   0   21     -3,-0.2     4,-2.2     2,-0.2    -1,-0.2   0.807 109.7  54.3 -80.4 -25.2    8.4  -11.3   -1.5               
  475  475 A R  H  X S+     0   0   95     -4,-2.4     4,-3.0     2,-0.2     5,-0.3   0.975 107.4  50.2 -64.6 -50.5    9.0  -11.9    2.3               
  476  476 A E  H  X S+     0   0   74     -4,-2.6     4,-1.7     1,-0.2    -2,-0.2   0.826 112.6  48.7 -51.5 -39.3   10.0   -8.2    2.6               
  477  477 A L  H  X S+     0   0    9     -4,-1.1     4,-2.2     2,-0.2    -1,-0.2   0.896 112.9  45.3 -69.6 -44.2    6.8   -7.3    0.7               
  478  478 A L  H  X S+     0   0    8     -4,-2.2     4,-2.4     2,-0.2    -2,-0.2   0.918 114.2  49.2 -64.0 -44.8    4.5   -9.5    2.9               
  479  479 A D  H  X S+     0   0   85     -4,-3.0     4,-1.6     2,-0.2    -2,-0.2   0.856 110.1  51.3 -68.2 -35.5    6.2   -8.2    6.1               
  480  480 A K  H  X S+     0   0   99     -4,-1.7     4,-3.0    -5,-0.3     3,-0.5   0.971 111.8  46.2 -64.1 -50.0    5.8   -4.5    5.0               
  481  481 A M  H  X S+     0   0   37     -4,-2.2     4,-2.6     1,-0.2    -2,-0.2   0.887 111.7  52.4 -58.9 -40.4    2.0   -5.0    4.3               
  482  482 A L  H  X S+     0   0   54     -4,-2.4     4,-0.5     2,-0.2    -1,-0.2   0.817 112.5  45.6 -65.3 -31.0    1.7   -6.8    7.7               
  483  483 A A  H >X S+     0   0   55     -4,-1.6     4,-2.8    -3,-0.5     3,-0.7   0.927 111.7  50.5 -73.6 -46.1    3.4   -3.8    9.3               
  484  484 A D  H 3X S+     0   0  105     -4,-3.0     4,-2.7     1,-0.3    -2,-0.2   0.913 111.2  49.5 -57.0 -45.6    1.2   -1.3    7.3               
  485  485 A D  H 3X S+     0   0   83     -4,-2.6     4,-0.7    -5,-0.2    -1,-0.3   0.735 113.6  47.1 -64.3 -25.9   -2.0   -3.2    8.5               
  486  486 A A  H <X S+     0   0   65     -3,-0.7     4,-1.7    -4,-0.5    -2,-0.2   0.853 112.7  46.7 -85.9 -38.2   -0.7   -3.1   12.1               
  487  487 A E  H  X S+     0   0  138     -4,-2.8     4,-2.5     2,-0.2     3,-0.3   0.962 111.2  53.2 -65.2 -46.8    0.2    0.6   12.1               
  488  488 A A  H  X S+     0   0   45     -4,-2.7     4,-1.6     1,-0.2    -1,-0.2   0.829 109.7  49.6 -55.5 -36.8   -3.3    1.3   10.5               
  489  489 A G  H  X S+     0   0   35     -4,-0.7     4,-2.0    -5,-0.2    -1,-0.2   0.878 110.7  48.9 -69.3 -38.4   -4.9   -0.7   13.4               
  490  490 A A  H  X S+     0   0   59     -4,-1.7     4,-1.6    -3,-0.3    -2,-0.2   0.843 111.0  48.3 -75.0 -35.2   -2.9    1.3   16.1               
  491  491 A E  H  X S+     0   0  124     -4,-2.5     4,-2.6     2,-0.2     5,-0.2   0.901 110.4  53.9 -70.9 -34.3   -3.8    4.7   14.7               
  492  492 A D  H  X S+     0   0   67     -4,-1.6     4,-2.8    -5,-0.3    -2,-0.2   0.919 108.2  48.8 -59.9 -46.4   -7.5    3.5   14.5               
  493  493 A E  H  X S+     0   0  147     -4,-2.0     4,-2.3     2,-0.2    -1,-0.2   0.884 112.0  50.2 -62.3 -35.7   -7.3    2.6   18.2               
  494  494 A K  H  X S+     0   0  151     -4,-1.6     4,-2.2     2,-0.2    -2,-0.2   0.904 112.1  45.1 -69.8 -42.5   -5.8    6.0   19.0               
  495  495 A E  H  X S+     0   0  122     -4,-2.6     4,-3.2     2,-0.2     5,-0.2   0.914 112.6  53.4 -66.8 -39.0   -8.6    7.9   17.0               
  496  496 A V  H  X S+     0   0   50     -4,-2.8     4,-2.4     2,-0.2    -2,-0.2   0.915 111.6  44.9 -57.2 -45.6  -11.1    5.6   18.8               
  497  497 A E  H  X S+     0   0   97     -4,-2.3     4,-2.1     2,-0.2    -2,-0.2   0.861 114.0  49.4 -71.0 -33.5   -9.7    6.6   22.2               
  498  498 A E  H  X S+     0   0  107     -4,-2.2     4,-2.0     2,-0.2    -2,-0.2   0.945 112.6  46.8 -69.7 -43.5   -9.6   10.3   21.1               
  499  499 A L  H  <>S+     0   0   43     -4,-3.2     5,-2.6     2,-0.2     4,-0.3   0.943 112.8  50.6 -58.1 -46.6  -13.3   10.1   19.9               
  500  500 A K  H ><5S+     0   0   99     -4,-2.4     3,-1.0    -5,-0.2    -2,-0.2   0.885 110.2  49.7 -58.8 -39.3  -14.1    8.3   23.3               
  501  501 A K  H 3<5S+     0   0  186     -4,-2.1    -1,-0.2     1,-0.2    -2,-0.2   0.804 107.1  54.2 -70.8 -29.9  -12.3   11.2   25.1               
  502  502 A Q  T 3<5S-     0   0  129     -4,-2.0    -1,-0.2     2,-0.2    -2,-0.2   0.449 127.1-106.0 -77.3  -1.3  -14.4   13.7   23.0               
  503  503 A G  T < 5S+     0   0   63     -3,-1.0     2,-0.8    -4,-0.3    -3,-0.2   0.474  85.3 122.8  86.7   6.0  -17.5   11.8   24.4               
  504  504 A I      < -     0   0   93     -5,-2.6    -1,-0.2    -6,-0.2    -2,-0.2  -0.869  50.4-155.5 -95.7 103.0  -18.2   10.0   21.1               
  505  505 A N        -     0   0  129     -2,-0.8     2,-0.1    -5,-0.1    -8,-0.1  -0.747  23.8-130.0 -70.2 116.0  -18.2    6.2   21.6               
  506  506 A P        -     0   0   43      0, 0.0     3,-0.0     0, 0.0    -1,-0.0  -0.425  24.5-106.2 -65.1 141.9  -17.4    4.9   18.1               
  507  507 A L        -     0   0  160      1,-0.1     2,-0.1    -2,-0.1    -3,-0.0  -0.556  44.8 -98.8 -66.5 132.0  -19.8    2.2   17.0               
  508  508 A P        -     0   0  117      0, 0.0    -1,-0.1     0, 0.0    -3,-0.0  -0.336  43.8-109.5 -58.0 127.1  -18.0   -1.2   17.1               
  509  509 A K        -     0   0  132      1,-0.1     0, 0.0    -2,-0.1     0, 0.0  -0.305  37.9-102.9 -57.6 136.0  -16.8   -2.1   13.5               
  510  510 A P        -     0   0   98      0, 0.0    -1,-0.1     0, 0.0     3,-0.1  -0.378  46.8 -94.9 -62.6 142.5  -18.8   -5.0   12.0               
  511  511 A P    >   -     0   0   87      0, 0.0     3,-1.9     0, 0.0     2,-0.1  -0.304  46.7 -95.4 -62.1 139.0  -16.7   -8.3   12.1               
  512  512 A P  T 3  S+     0   0  138      0, 0.0    -3,-0.0     0, 0.0     0, 0.0  -0.336 112.8  40.4 -57.2 123.7  -14.8   -9.1    8.8               
  513  513 A G  T 3  S+     0   0   80     -3,-0.1     2,-1.8    -2,-0.1     0, 0.0   0.036  74.7 112.0 119.2 -19.9  -17.1  -11.4    6.8               
  514  514 A V    <   +     0   0  101     -3,-1.9     3,-0.2     3,-0.0     2,-0.0  -0.272  46.9 171.4 -82.0  56.0  -20.6   -9.8    7.4               
  515  515 A G        -     0   0   68     -2,-1.8     0, 0.0     1,-0.2     0, 0.0  -0.308  49.1 -54.9 -57.7 147.9  -20.9   -8.7    3.7               
  516  516 A L        -     0   0  173      1,-0.1    -1,-0.2     2,-0.0     3,-0.1   0.131  61.2-105.4 -33.2 126.0  -24.4   -7.3    2.7               
  517  517 A L        -     0   0  159     -3,-0.2    -1,-0.1     1,-0.1     2,-0.1  -0.268  47.9 -96.5 -49.8 133.2  -27.5   -9.5    3.3               
  518  518 A P        -     0   0  119      0, 0.0    -1,-0.1     0, 0.0    -2,-0.0  -0.326  39.1-118.4 -62.1 127.2  -28.6  -11.0   -0.1               
  519  519 A T        -     0   0   98     -3,-0.1     3,-0.1    -2,-0.1    -3,-0.0  -0.454  36.2-104.9 -66.5 132.9  -31.5   -8.9   -1.5               
  520  520 A P        -     0   0  110      0, 0.0    -1,-0.1     0, 0.0     2,-0.0  -0.307  46.1 -85.4 -66.6 146.4  -34.7  -11.0   -1.9               
  521  521 A P        -     0   0  130      0, 0.0     0, 0.0     0, 0.0     0, 0.0  -0.223  47.6-118.8 -59.9 127.8  -35.7  -12.2   -5.4               
  522  522 A R        -     0   0  107     -3,-0.1     3,-0.1     1,-0.1    -3,-0.0  -0.452  25.1-116.5 -70.1 132.0  -37.7   -9.5   -7.2               
  523  523 A P        -     0   0   99      0, 0.0     2,-0.1     0, 0.0    -1,-0.1  -0.361  43.9 -87.6 -65.7 147.6  -41.3  -10.5   -8.3               
  524  524 A P        -     0   0  134      0, 0.0     3,-0.1     0, 0.0     0, 0.0  -0.325  42.5-136.0 -59.7 126.4  -41.9  -10.5  -12.2               
  525  525 A G        -     0   0   35      1,-0.1   433,-0.0    -2,-0.1    -3,-0.0  -0.468  33.0 -86.2 -76.1 153.9  -43.0   -7.0  -13.5               
  526  526 A P        -     0   0  116      0, 0.0    -1,-0.1     0, 0.0     2,-0.1  -0.280  52.2 -96.2 -63.5 148.6  -45.9   -6.7  -16.1               
  527  527 A Q        -     0   0  193      1,-0.1     3,-0.0    -3,-0.1     0, 0.0  -0.343  32.3-119.7 -69.7 138.2  -45.1   -7.2  -19.8               
  528  528 A A        -     0   0   87      1,-0.1     2,-0.4    -2,-0.1    -1,-0.1  -0.520  40.4 -95.5 -73.6 145.0  -44.4   -4.1  -22.1               
  529  529 A P        -     0   0  129      0, 0.0     2,-0.4     0, 0.0    -1,-0.1  -0.475  37.0-136.5 -69.7 119.7  -46.9   -3.8  -25.1               
  530  530 A T        -     0   0  132     -2,-0.4    -3,-0.0     1,-0.1     0, 0.0  -0.596  17.1-120.9 -71.4 126.8  -45.4   -5.4  -28.3               
  531  531 A S        -     0   0  117     -2,-0.4     2,-1.0     1,-0.1    -1,-0.1  -0.512  39.6-111.3 -63.1 131.2  -45.9   -3.3  -31.5               
  532  532 A P  S    S+     0   0  118      0, 0.0    -1,-0.1     0, 0.0     3,-0.1  -0.583  77.2 102.4 -86.5 100.0  -47.9   -5.6  -33.8               
  533  533 A N        +     0   0  174     -2,-1.0     2,-0.2     1,-0.1    -2,-0.1  -0.238  57.6  80.1-160.7  74.3  -46.2   -6.9  -36.9               
  534  534 A G  S    S-     0   0   68      2,-0.0    -1,-0.1     0, 0.0     0, 0.0  -0.824  71.7-120.1-171.4 131.0  -45.1  -10.6  -36.5               
  535  535 A R        -     0   0  237     -2,-0.2     2,-0.3    -3,-0.1     0, 0.0  -0.708  24.6-146.0 -84.8 116.3  -47.2  -13.8  -36.8               
  536  536 A P        -     0   0  121      0, 0.0     2,-0.3     0, 0.0    -2,-0.0  -0.591   3.8-149.4 -76.2 137.8  -47.4  -16.0  -33.6               
  537  537 A M        -     0   0  175     -2,-0.3     2,-0.3     1,-0.0     0, 0.0  -0.796  36.1 -94.8 -95.7 149.2  -47.6  -19.8  -33.9               
  538  538 A Q        +     0   0  207     -2,-0.3     2,-0.3     0, 0.0    -1,-0.0  -0.498  47.4 162.3 -78.4 133.3  -49.6  -21.5  -31.1               
  539  539 A G        -     0   0   74     -2,-0.3     0, 0.0     0, 0.0     0, 0.0  -0.983  36.0-114.3-141.1 139.3  -48.0  -23.0  -28.0               
  540  540 A G        -     0   0   72     -2,-0.3     0, 0.0     1,-0.1     0, 0.0  -0.186  33.6 -89.1 -75.2 165.1  -50.0  -23.8  -24.8               
  541  541 A P        -     0   0  127      0, 0.0    -1,-0.1     0, 0.0     0, 0.0  -0.414  44.3-109.1 -69.2 146.2  -49.9  -22.3  -21.2               
  542  542 A P        -     0   0  118      0, 0.0     0, 0.0     0, 0.0     0, 0.0  -0.355  42.8 -93.7 -69.8 155.7  -47.4  -23.8  -18.6               
  543  543 A P        -     0   0  118      0, 0.0     0, 0.0     0, 0.0     0, 0.0  -0.274  41.0-101.2 -71.5 156.3  -48.9  -25.7  -15.6               
  544  544 A P        -     0   0  115      0, 0.0     0, 0.0     0, 0.0     0, 0.0  -0.385  40.0-100.9 -72.1 153.7  -49.7  -24.2  -12.2               
  545  545 A P        -     0   0  118      0, 0.0     0, 0.0     0, 0.0     0, 0.0  -0.357  45.4 -95.4 -69.4 154.4  -47.4  -24.6   -9.1               
  546  546 A P        -     0   0  114      0, 0.0     0, 0.0     0, 0.0     0, 0.0  -0.308  40.9-103.6 -70.6 153.9  -48.3  -27.2   -6.4               
  547  547 A P        -     0   0  118      0, 0.0     0, 0.0     0, 0.0     0, 0.0  -0.413  37.4-103.1 -73.6 153.0  -50.3  -26.3   -3.2               
  548  548 A P        -     0   0  116      0, 0.0     0, 0.0     0, 0.0     0, 0.0  -0.372  43.6 -95.5 -69.8 153.9  -48.5  -26.0    0.2               
  549  549 A P        -     0   0  120      0, 0.0     0, 0.0     0, 0.0     0, 0.0  -0.349  42.5-106.4 -68.4 150.1  -48.9  -28.8    2.8               
  550  550 A P        -     0   0  114      0, 0.0     3,-0.1     0, 0.0     0, 0.0  -0.431  34.5-104.1 -74.2 151.8  -51.6  -28.6    5.5               
  551  551 A P        -     0   0  115      0, 0.0     2,-0.2     0, 0.0     0, 0.0  -0.445  42.7 -98.2 -69.2 147.5  -50.8  -27.8    9.2               
  552  552 A P        -     0   0  132      0, 0.0     0, 0.0     0, 0.0     0, 0.0  -0.464  41.1-127.0 -66.4 133.5  -50.9  -30.7   11.7               
  553  553 A G        -     0   0   65     -2,-0.2     0, 0.0     1,-0.1     0, 0.0  -0.445  26.2 -97.2 -81.1 156.9  -54.2  -30.8   13.7               
  554  554 A P        -     0   0  122      0, 0.0    -1,-0.1     0, 0.0     2,-0.1  -0.508  29.5-129.6 -76.8 138.3  -54.5  -31.0   17.5               
  555  555 A P        -     0   0  128      0, 0.0     2,-0.2     0, 0.0     0, 0.0  -0.361  37.4 -94.9 -74.4 164.2  -55.0  -34.3   19.5               
  556  556 A Q        -     0   0  189     -2,-0.1     0, 0.0     1,-0.1     0, 0.0  -0.506  31.8-124.1 -93.3 152.8  -57.8  -34.4   22.1               
  557  557 A M        -     0   0  147     -2,-0.2     2,-0.3     0, 0.0    -1,-0.1  -0.447  10.3-163.4 -74.4 151.7  -58.0  -33.9   25.9               
  558  558 A P        -     0   0  124      0, 0.0     0, 0.0     0, 0.0     0, 0.0  -0.881  36.1-120.4-111.0 169.8  -59.1  -35.7   28.9               
  559  559 A M        -     0   0  148     -2,-0.3     0, 0.0     1,-0.1     0, 0.0  -0.539  27.7 -32.8-129.3-170.9  -59.6  -33.6   32.1               
  560  560 A P        +     0   0  106      0, 0.0     2,-0.2     0, 0.0    -1,-0.1   0.439  16.2 153.1-133.3 169.8  -59.0  -32.8   35.4               
  561  561 A V        +     0   0  147      1,-0.2     0, 0.0     2,-0.1     0, 0.0  -0.844  49.9   9.1-160.5 146.0  -58.1  -32.3   39.2               
  562  562 A H  S    S-     0   0  158     -2,-0.2    -1,-0.2     2,-0.0     0, 0.0   0.834  73.6  -4.3  76.0 132.1  -56.8  -29.7   41.7               
  563  563 A E        -     0   0  151      1,-0.1     2,-0.4     0, 0.0    -2,-0.1   0.918  40.9-148.3  42.1 114.4  -55.8  -26.1   42.5               
  564  564 A P        -     0   0  118      0, 0.0     2,-0.4     0, 0.0    -1,-0.1  -0.812   4.5-158.3 -96.8 140.1  -55.5  -22.9   40.3               
  565  565 A L        -     0   0  176     -2,-0.4     0, 0.0     1,-0.0     0, 0.0  -0.934  41.0 -87.9-115.1 141.6  -53.0  -20.0   40.9               
  566  566 A S        -     0   0   98     -2,-0.4     2,-1.8     1,-0.1     3,-0.5  -0.158  22.9-132.0 -66.3 133.1  -53.9  -16.6   39.3               
  567  567 A P  S    S+     0   0  135      0, 0.0    -1,-0.1     0, 0.0     0, 0.0  -0.502  73.4 105.4 -77.1  81.6  -53.1  -15.5   35.7               
  568  568 A Q        +     0   0  168     -2,-1.8     3,-0.5     2,-0.0    -2,-0.1   0.487  59.3  68.4-131.9  -9.8  -51.6  -12.0   36.5               
  569  569 A Q  S >  S+     0   0  186     -3,-0.5     3,-1.0     1,-0.2     4,-0.5   0.668  79.5  77.3 -89.6 -12.0  -47.8  -12.3   36.1               
  570  570 A L  T 3  S+     0   0  144      1,-0.2     4,-0.2     2,-0.1    -1,-0.2   0.306  80.3  72.8 -82.1  11.9  -47.6  -12.8   32.3               
  571  571 A Q  T 3  S+     0   0  141     -3,-0.5    -1,-0.2     2,-0.1    -2,-0.1   0.584  89.5  56.0 -98.3 -13.5  -48.2   -9.0   31.5               
  572  572 A Q  S X  S+     0   0  134     -3,-1.0     3,-2.0     2,-0.1     4,-0.3   0.829  90.6  66.2 -94.2 -30.8  -44.8   -7.6   32.6               
  573  573 A Q  G >> S+     0   0  131     -4,-0.5     4,-1.3     1,-0.3     3,-1.3   0.823  91.9  65.8 -65.7 -25.7  -42.3   -9.6   30.5               
  574  574 A D  G 34 S+     0   0   99      1,-0.2    -1,-0.3    -4,-0.2    -2,-0.1   0.570  89.5  69.2 -66.6  -9.9  -43.7   -7.9   27.3               
  575  575 A M  G <4 S+     0   0   95     -3,-2.0    -1,-0.2     1,-0.1     3,-0.2   0.760 103.9  39.0 -79.5 -22.0  -42.3   -4.6   28.6               
  576  576 A Y  T <4 S+     0   0  162     -3,-1.3    -2,-0.2    -4,-0.3     2,-0.1   0.808 106.1  61.4-100.6 -35.1  -38.6   -5.6   28.1               
  577  577 A N     <  +     0   0  143     -4,-1.3     2,-2.0     1,-0.1    -1,-0.2   0.036  67.9 146.7 -82.3  28.9  -38.8   -7.5   24.8               
  578  578 A K        -     0   0  133     -3,-0.2    -1,-0.1    -2,-0.1    -3,-0.1  -0.503  46.0-141.9 -72.1  82.8  -40.0   -4.2   23.0               
  579  579 A K        -     0   0  194     -2,-2.0     3,-0.1     1,-0.1    -2,-0.1  -0.237  33.2 -97.8 -36.6 117.3  -38.4   -4.7   19.6               
  580  580 A I        -     0   0  152      1,-0.1    -1,-0.1     3,-0.0     3,-0.1  -0.300  47.5-107.0 -49.6 121.1  -37.3   -1.2   18.6               
  581  581 A P        -     0   0   77      0, 0.0    -1,-0.1     0, 0.0     5,-0.1  -0.305  41.6 -98.2 -55.5 136.4  -40.1    0.1   16.3               
  582  582 A S    >>  -     0   0   57      1,-0.2     3,-2.8    -3,-0.1     4,-0.9  -0.243  29.5-113.3 -52.1 144.8  -39.0    0.1   12.6               
  583  583 A L  T 34 S+     0   0  139      1,-0.3    -1,-0.2     2,-0.2    -3,-0.0   0.361 120.9  57.3 -62.2   6.6  -37.8    3.6   11.4               
  584  584 A F  T 34 S+     0   0  147      3,-0.0    -1,-0.3     0, 0.0    -2,-0.1   0.457 104.7  47.9-113.7  -9.9  -41.0    3.3    9.2               
  585  585 A E  T <4 S+     0   0  142     -3,-2.8     2,-1.9     1,-0.0    -2,-0.2   0.454  74.9 112.1-111.2  -7.8  -43.5    2.8   12.1               
  586  586 A I     <  -     0   0   95     -4,-0.9     2,-1.4    -5,-0.1    -1,-0.0  -0.470  47.4-172.6 -72.4  84.2  -42.4    5.7   14.4               
  587  587 A V        -     0   0  122     -2,-1.9     2,-1.0     1,-0.0    -1,-0.1  -0.647  11.7-153.4 -78.6  90.5  -45.6    7.9   14.1               
  588  588 A V        -     0   0  121     -2,-1.4    -2,-0.0     2,-0.0    -1,-0.0  -0.558   7.4-164.2 -67.6 101.8  -44.4   11.1   16.0               
  589  589 A R        -     0   0  214     -2,-1.0     2,-1.1     1,-0.0    -2,-0.0  -0.832  22.8-127.8 -80.2 119.9  -47.6   12.7   17.3               
  590  590 A P        -     0   0  124      0, 0.0     2,-1.0     0, 0.0    -2,-0.0  -0.584  17.7-148.3 -73.5 100.9  -46.6   16.3   18.3               
  591  591 A T    >   -     0   0  111     -2,-1.1     2,-1.3     1,-0.1     3,-1.0  -0.597   7.1-150.0 -72.0 100.6  -48.0   16.6   21.9               
  592  592 A G  T 3  S+     0   0   72     -2,-1.0    -1,-0.1     1,-0.2     4,-0.1   0.055  76.4  84.6 -67.9  25.8  -48.9   20.3   22.0               
  593  593 A Q  T 3  S+     0   0  151     -2,-1.3    -1,-0.2     2,-0.1     4,-0.2   0.372  71.5  72.2-107.9  -1.0  -48.2   20.7   25.9               
  594  594 A L  S X  S+     0   0  128     -3,-1.0     3,-1.2     1,-0.1     4,-0.4   0.797  81.9  70.1 -83.6 -28.4  -44.4   21.3   25.8               
  595  595 A A  T 3  S+     0   0   93      1,-0.3     3,-0.4     2,-0.2    -1,-0.1   0.779  97.8  49.4 -64.8 -29.1  -44.4   24.9   24.3               
  596  596 A E  T 3  S+     0   0  175      1,-0.2     3,-0.3    -4,-0.1    -1,-0.3   0.589 102.4  63.6 -86.3 -10.9  -45.9   26.6   27.5               
  597  597 A K  S <  S+     0   0  178     -3,-1.2    -1,-0.2    -4,-0.2    -2,-0.2   0.467  94.7  55.5 -99.7  -1.4  -43.4   25.0   29.9               
  598  598 A L        +     0   0  141     -3,-0.4     2,-1.9    -4,-0.4    -1,-0.2   0.271  69.0 113.8-112.5  10.0  -40.1   26.5   28.7               
  599  599 A G        +     0   0   61     -3,-0.3     2,-0.6    -4,-0.1    -1,-0.1  -0.310  44.6 176.9 -75.9  54.1  -41.2   30.2   29.0               
  600  600 A V        -     0   0  115     -2,-1.9     2,-0.5     1,-0.0    -2,-0.0  -0.502  13.9-156.5 -67.2 109.6  -38.6   31.0   31.8               
  601  601 A R        -     0   0  232     -2,-0.6    -1,-0.0     0, 0.0    -2,-0.0  -0.796   7.2-156.0 -89.7 126.2  -39.0   34.8   32.6               
  602  602 A F        -     0   0  190     -2,-0.5     2,-0.2     1,-0.0    -2,-0.0  -0.841  23.7-130.0 -92.3 134.2  -36.1   36.7   34.2               
  603  603 A P        -     0   0  121      0, 0.0    -1,-0.0     0, 0.0     0, 0.0  -0.593  11.5-146.2 -86.5 148.0  -37.4   39.9   36.0               
  604  604 A G        -     0   0   71     -2,-0.2     2,-0.2     1,-0.0     0, 0.0  -0.797  24.1-110.5-101.1 152.1  -36.1   43.5   35.7               
  605  605 A P        -     0   0  141      0, 0.0     2,-0.2     0, 0.0    -1,-0.0  -0.520  40.0-154.0 -76.2 150.7  -36.0   46.1   38.6               
  606  606 A G        -     0   0   85     -2,-0.2     0, 0.0     0, 0.0     0, 0.0  -0.639  17.9-158.1-121.6 175.7  -38.4   49.1   38.3               
  607  607 A G        -     0   0   74     -2,-0.2     0, 0.0     0, 0.0     0, 0.0  -0.954  36.5 -58.7-159.2 155.6  -39.1   52.7   39.3               
  608  608 A P        -     0   0  123      0, 0.0     0, 0.0     0, 0.0     0, 0.0  -0.278  41.5  -0.6-128.0-166.9  -42.4   54.7   39.6               
  609  609 A P        -     0   0  122      0, 0.0     0, 0.0     0, 0.0     0, 0.0   0.429  18.4-174.2-134.9 154.9  -45.3   56.2   39.0               
  610  610 A G        -     0   0   75      1,-0.1     2,-0.0     0, 0.0     0, 0.0   0.208  16.8-144.0  75.0-178.2  -48.4   57.6   37.2               
  611  611 A P        -     0   0  133      0, 0.0    -1,-0.1     0, 0.0     2,-0.0   0.657  22.2-128.6-122.3-172.2  -51.1   59.0   36.5               
  612  612 A M        +     0   0  197      2,-0.0     0, 0.0    -2,-0.0     0, 0.0  -0.174  31.4 141.0 -68.1 158.7  -54.3   58.4   34.5               
  613  613 A G        -     0   0   74     -2,-0.0     2,-0.5     0, 0.0     0, 0.0  -0.335  25.4-151.4 165.9 121.5  -56.3   60.4   31.8               
  614  614 A P        -     0   0  131      0, 0.0    -2,-0.0     0, 0.0     0, 0.0  -0.882  19.6-104.6-116.8 129.4  -58.2   59.4   28.5               
  615  615 A G        -     0   0   76     -2,-0.5     0, 0.0     2,-0.0     0, 0.0   0.157  16.6-154.3  69.8-168.4  -59.2   60.9   25.1               
  616  616 A P        -     0   0  124      0, 0.0     0, 0.0     0, 0.0     0, 0.0   0.666  13.6 -89.8-140.4 177.7  -60.5   62.2   22.6               
  617  617 A N        +     0   0  139      1,-0.0    -2,-0.0     0, 0.0     0, 0.0   0.389  24.6 135.1  80.7 166.2  -61.5   63.4   19.1               
  618  618 A M        -     0   0  169      2,-0.0    -1,-0.0     0, 0.0     0, 0.0   0.765  34.8-128.1  70.6 124.4  -61.3   65.9   16.1               
  619  619 A G        -     0   0   66      1,-0.0     0, 0.0     0, 0.0     0, 0.0   0.126   3.8-103.7 149.1 111.4  -61.1   65.6   13.0               
  620  620 A P        -     0   0  129      0, 0.0     2,-0.3     0, 0.0    -2,-0.0  -0.700  20.7-154.2 -99.3 143.7  -59.8   66.0    9.4               
  621  621 A P        -     0   0  133      0, 0.0     0, 0.0     0, 0.0     0, 0.0  -0.903  24.3 -53.9-115.8 164.5  -60.7   67.7    6.1               
  622  622 A G        -     0   0   68     -2,-0.3     2,-0.4     1,-0.1     0, 0.0   0.754  17.2-103.0 164.4 149.2  -60.3   67.4    3.0               
  623  623 A P        +     0   0  128      0, 0.0     2,-0.2     0, 0.0    -1,-0.1  -0.731  22.3 169.8-108.4 137.8  -59.2   67.0   -0.7               
  624  624 A M        +     0   0  199     -2,-0.4     0, 0.0     1,-0.1     0, 0.0  -0.897  21.1  36.6-153.7 158.0  -58.7   69.0   -4.0               
  625  625 A G        -     0   0   73     -2,-0.2    -1,-0.1     2,-0.0     0, 0.0   0.753  26.8-139.3-164.4-168.6  -57.5   68.9   -7.0               
  626  626 A G        -     0   0   77      1,-0.1     2,-0.1     2,-0.0    -2,-0.0   0.293  36.7 -85.4 -78.6-167.3  -56.4   68.0  -10.6               
  627  627 A P        +     0   0  115      0, 0.0    -1,-0.1     0, 0.0    -2,-0.0  -0.338  29.4 156.5 -96.0 164.6  -53.4   68.5  -13.0               
  628  628 A M        -     0   0  184      1,-0.2    -2,-0.0    -2,-0.1     0, 0.0   0.182  26.5 -85.3 169.9 117.7  -51.6   70.5  -15.6               
  629  629 A H        +     0   0  185      0, 0.0    -1,-0.2     0, 0.0     0, 0.0   0.369  26.0 118.5  60.7-173.1  -48.2   71.2  -17.3               
  630  630 A P        -     0   0   81      0, 0.0     0, 0.0     0, 0.0     0, 0.0   0.630  19.2 -73.6-123.1-169.1  -45.0   72.5  -17.9               
  631  631 A D        +     0   0  151      1,-0.1     2,-0.1     0, 0.0     0, 0.0   0.946  16.7 144.5  78.2 125.9  -41.4   73.9  -18.6               
  632  632 A M        -     0   0  190      0, 0.0    -1,-0.1     0, 0.0     0, 0.0  -0.406  39.0-175.5-171.3 123.9  -37.9   75.0  -17.8               
  633  633 A H        +     0   0  156     -2,-0.1     2,-0.0     0, 0.0     0, 0.0  -0.469  26.4 141.2-109.0-178.5  -34.9   74.5  -20.2               
  634  634 A P        +     0   0  104      0, 0.0     0, 0.0     0, 0.0     0, 0.0   0.565  31.4  68.6-125.0-171.8  -31.8   74.5  -21.5               
  635  635 A D        -     0   0  119     -2,-0.0     0, 0.0     2,-0.0     0, 0.0   0.887  40.6 -53.1-160.4-176.5  -29.5   72.7  -23.4               
  636  636 A M        +     0   0  157      1,-0.0     0, 0.0     0, 0.0     0, 0.0   0.818  19.6 146.6-157.0-177.5  -28.2   71.4  -26.3               
  637  637 A H        -     0   0  140      1,-0.0    -1,-0.0     2,-0.0    -2,-0.0  -0.177   7.1-179.5-109.8-155.5  -27.6   69.5  -29.7               
  638  638 A P        -     0   0  109      0, 0.0    -1,-0.0     0, 0.0     0, 0.0   0.471  23.0-167.0-129.3 140.3  -26.3   69.1  -32.7               
  639  639 A D        -     0   0  106      2,-0.0    -2,-0.0     0, 0.0     0, 0.0   0.783  22.6-172.9  48.5 133.5  -26.7   66.4  -35.3               
  640  640 A M        +     0   0  184      0, 0.0     0, 0.0     0, 0.0     0, 0.0   0.097  23.4 140.1-178.4 127.9  -25.9   64.5  -38.2               
  641  641 A H        -     0   0  134      2,-0.0     2,-0.2     0, 0.0    -2,-0.0  -0.837  17.3-170.0-114.5 149.4  -27.6   61.6  -40.1               
  642  642 A P        -     0   0  113      0, 0.0     2,-0.1     0, 0.0     0, 0.0  -0.543   9.3-154.9-136.9 145.7  -28.4   60.4  -43.4               
  643  643 A D        -     0   0  118     -2,-0.2     2,-0.2     0, 0.0    -2,-0.0   0.168  12.8-165.3  69.8 109.1  -30.3   57.9  -44.6               
  644  644 A M        -     0   0  199     -2,-0.1     2,-0.3     2,-0.0     0, 0.0  -0.783  25.9-162.9-152.8 133.5  -30.6   55.6  -47.6               
  645  645 A H        +     0   0  157     -2,-0.2     2,-0.1     0, 0.0     0, 0.0  -0.839  18.5 163.5-120.5 142.8  -34.0   53.7  -48.1               
  646  646 A A        -     0   0   90     -2,-0.3    -2,-0.0     2,-0.0     2,-0.0  -0.358  13.0-167.9 177.9 111.9  -35.5   50.7  -50.0               
  647  647 A D        +     0   0  116     -2,-0.1     0, 0.0     0, 0.0     0, 0.0   0.823  23.5 158.5  88.7 153.8  -38.4   48.9  -49.7               
  648  648 A M        +     0   0  179     -2,-0.0     2,-0.1     0, 0.0    -2,-0.0   0.894  24.0 165.7  70.7  91.6  -40.3   45.7  -50.7               
  649  649 A H        +     0   0  171      0, 0.0     0, 0.0     0, 0.0     0, 0.0   0.403   1.3 152.9  77.5 147.2  -42.7   44.7  -48.7               
  650  650 A A        +     0   0   84     -2,-0.1     0, 0.0     0, 0.0     0, 0.0   0.622  11.0 156.2  75.9 143.2  -45.6   42.2  -49.1               
  651  651 A D        -     0   0  128      2,-0.0     0, 0.0     0, 0.0     0, 0.0   0.749  27.6-165.2-170.5-176.6  -47.7   40.1  -47.7               
  652  652 A M        +     0   0  176      1,-0.1     2,-0.3     0, 0.0     0, 0.0   0.984   8.7 176.7  84.1 101.0  -50.6   37.8  -46.5               
  653  653 A P        +     0   0  113      0, 0.0     2,-0.3     0, 0.0    -1,-0.1  -0.841  11.5 174.1-100.4 156.2  -51.8   35.9  -43.4               
  654  654 A M        -     0   0  197     -2,-0.3     0, 0.0     1,-0.0     0, 0.0  -0.960   7.5-176.7-154.2 156.0  -55.0   33.8  -43.1               
  655  655 A G        +     0   0   69     -2,-0.3    -1,-0.0     1,-0.1     0, 0.0   0.330  11.4  60.7-113.4-123.0  -56.7   31.6  -40.4               
  656  656 A P        +     0   0  132      0, 0.0     2,-0.3     0, 0.0    -1,-0.1   0.249   9.7 179.1-124.3 167.4  -59.0   29.4  -39.0               
  657  657 A G        -     0   0   65      2,-0.0     0, 0.0     0, 0.0     0, 0.0  -0.751  27.0-158.1-145.6  92.5  -61.2   26.2  -38.4               
  658  658 A M        +     0   0  171     -2,-0.3     0, 0.0     2,-0.0     0, 0.0   0.184  26.0 146.5 -12.3 141.6  -63.7   25.5  -35.6               
  659  659 A N        +     0   0  159      0, 0.0     2,-0.3     0, 0.0    -2,-0.0  -0.100  22.5 160.4-173.2 137.9  -65.6   23.0  -33.7               
  660  660 A P        -     0   0  119      0, 0.0    -2,-0.0     0, 0.0     0, 0.0  -0.921  11.9 -74.9-133.5 162.1  -66.8   22.9  -29.9               
  661  661 A G        -     0   0   72     -2,-0.3     0, 0.0     1,-0.0     0, 0.0   0.055   5.1-150.0  88.8-179.8  -69.0   21.6  -27.0               
  662  662 A P        +     0   0  130      0, 0.0     2,-0.2     0, 0.0    -1,-0.0   0.748  15.5 145.1-136.3 175.3  -71.2   20.9  -24.8               
  663  663 A P        +     0   0  116      0, 0.0     2,-0.1     0, 0.0     0, 0.0  -0.739  15.5 127.8-118.9 173.2  -72.2   19.8  -21.1               
  664  664 A M        +     0   0  194     -2,-0.2     0, 0.0     1,-0.1     0, 0.0  -0.195  13.4  91.8 157.9 154.3  -74.8   20.1  -18.2               
  665  665 A G        +     0   0   77     -2,-0.1     2,-0.2     1,-0.0    -1,-0.1   0.581  19.1 149.4 131.3 108.4  -77.2   18.7  -15.5               
  666  666 A P        +     0   0  138      0, 0.0     2,-0.1     0, 0.0    -1,-0.0  -0.879  14.9 153.4-129.9 170.6  -77.6   17.8  -11.7               
  667  667 A G        +     0   0   81     -2,-0.2     0, 0.0     1,-0.1     0, 0.0  -0.450  14.0  17.9 165.1 141.8  -80.1   17.6   -8.7               
  668  668 A G        +     0   0   79     -2,-0.1    -1,-0.1     1,-0.0     0, 0.0   0.991  22.7 151.1  96.7 105.8  -81.9   16.6   -5.4               
  669  669 A P        -     0   0  121      0, 0.0     2,-0.1     0, 0.0    -1,-0.0  -0.516  14.0-170.2-104.2-178.5  -81.9   14.9   -1.9               
  670  670 A P        +     0   0  108      0, 0.0     0, 0.0     0, 0.0     0, 0.0  -0.222  13.2  20.8-165.9-177.1  -83.3   15.0    1.4               
  671  671 A M        -     0   0  161     -2,-0.1     0, 0.0     2,-0.0     0, 0.0   0.999  34.0 -81.9  84.7 107.3  -83.9   14.1    5.2               
  672  672 A M        -     0   0  174      1,-0.0     2,-0.2     0, 0.0     0, 0.0   0.877  16.4-144.2  74.6 154.9  -83.2   12.9    8.7               
  673  673 A P        -     0   0  102      0, 0.0     2,-0.2     0, 0.0    -1,-0.0  -0.607   6.8-116.4-141.1-176.6  -82.7   10.3   11.6               
  674  674 A Y        -     0   0  244     -2,-0.2     0, 0.0     1,-0.1     0, 0.0  -0.870  23.3 -20.2-165.4 172.7  -82.7    8.8   15.3               
  675  675 A G        -     0   0   63     -2,-0.2     2,-0.2     1,-0.1    -1,-0.1   0.826   4.5-164.3 178.0 161.7  -81.5    7.5   18.2               
  676  676 A P        -     0   0  141      0, 0.0     2,-0.3     0, 0.0    -1,-0.1  -0.655  16.3-167.2-125.6 177.4  -79.6    5.8   21.3               
  677  677 A G        +     0   0   72     -2,-0.2     0, 0.0     1,-0.2     0, 0.0  -0.938  25.9   8.0-171.1 153.5  -79.7    4.3   24.9               
  678  678 A D        +     0   0  171     -2,-0.3    -1,-0.2     2,-0.0     0, 0.0   0.774  32.5 136.8  67.0 147.8  -78.3    3.0   28.3               
  679  679 A S        +     0   0  114      1,-0.1     2,-0.2     0, 0.0    -2,-0.0   0.338  30.8  82.8-161.2 -70.0  -75.1    2.6   30.5               
  680  680 A P        +     0   0  108      0, 0.0     2,-0.3     0, 0.0    -1,-0.1  -0.558  11.0 150.2-129.3 155.2  -74.2    3.1   34.2               
  681  681 A H        -     0   0  188     -2,-0.2     2,-0.2     2,-0.0     0, 0.0  -0.956  26.5-154.9-152.4 153.4  -73.6    2.7   38.0               
  682  682 A S        +     0   0  112     -2,-0.3     0, 0.0     0, 0.0     0, 0.0  -0.578  11.5 179.2-111.8 168.6  -71.0    4.2   40.4               
  683  683 A G        -     0   0   71     -2,-0.2    -2,-0.0     0, 0.0     0, 0.0   0.154  23.5-117.3 173.6  78.7  -69.2    3.5   43.8               
  684  684 A M        -     0   0  191      1,-0.1     0, 0.0     0, 0.0     0, 0.0   0.869  12.8-137.7  54.6 153.1  -66.5    5.3   46.0               
  685  685 A M        -     0   0  179      0, 0.0    -1,-0.1     0, 0.0     0, 0.0  -0.813   9.0-176.0-120.0 164.9  -63.0    5.3   47.5               
  686  686 A P        -     0   0  125      0, 0.0     0, 0.0     0, 0.0     0, 0.0  -0.786  29.5 -46.6-145.5-142.2  -61.0    6.0   50.4               
  687  687 A P        -     0   0  121      0, 0.0     0, 0.0     0, 0.0     0, 0.0   0.147  21.5-115.6-124.8-175.6  -57.3    5.9   51.3               
  688  688 A I        +     0   0  154      2,-0.0     0, 0.0     0, 0.0     0, 0.0  -0.092  13.6 167.0 -65.3 157.1  -53.6    5.0   52.0               
  689  689 A P        -     0   0  123      0, 0.0     2,-0.3     0, 0.0     0, 0.0  -0.555  32.6-137.5-139.8 169.5  -50.8    4.4   54.0               
  690  690 A P        -     0   0  118      0, 0.0     2,-0.2     0, 0.0    -2,-0.0  -0.689  12.6-163.8-106.2 151.7  -47.5    2.8   52.6               
  691  691 A A        +     0   0   90     -2,-0.3     0, 0.0     1,-0.1     0, 0.0  -0.905  27.6   7.5-166.2 151.2  -44.8    0.2   53.5               
  692  692 A Q        -     0   0  158     -2,-0.2    -1,-0.1     0, 0.0     0, 0.0   0.413  33.4-121.2-162.7 138.8  -41.8   -0.7   52.7               
  693  693 A N        +     0   0   88      1,-0.1     4,-0.3     2,-0.0     0, 0.0   0.496  39.4 141.1  42.3  59.4  -38.2   -1.1   51.4               
  694  694 A F  S    S+     0   0  205      2,-0.1    -1,-0.1     3,-0.0     0, 0.0   0.399  83.3  41.2-103.0   0.9  -37.6   -4.3   49.4               
  695  695 A Y  S >  S+     0   0  207      2,-0.1     3,-0.6     3,-0.0     4,-0.4   0.592 102.1  65.0-122.9 -18.1  -35.3   -2.6   46.8               
  696  696 A E  G >> S+     0   0   99      1,-0.2     4,-2.2     2,-0.1     3,-2.2   0.938  89.6  70.2 -57.7 -48.1  -33.2   -0.2   49.0               
  697  697 A N  G 34 S+     0   0   94      1,-0.3    -1,-0.2    -4,-0.3     4,-0.1   0.510  92.5  54.9 -63.2 -10.0  -31.5   -3.2   50.8               
  698  698 A F  G <4 S+     0   0  184     -3,-0.6    -1,-0.3     2,-0.1    -2,-0.1   0.658 118.0  33.9 -94.1 -18.7  -29.4   -4.3   47.7               
  699  699 A Y  T X4 S+     0   0  208     -3,-2.2     3,-0.6    -4,-0.4    -2,-0.2   0.639 111.6  62.9-102.9 -18.7  -27.8   -0.9   47.2               
  700  700 A Q  G >< S+     0   0  100     -4,-2.2     3,-0.7     1,-0.2    -3,-0.1   0.465  81.4  85.5 -80.9  -3.6  -27.7   -0.0   51.0               
  701  701 A Q  G 3  S+     0   0  161     -5,-0.2    -1,-0.2     1,-0.2     3,-0.1   0.186  80.7  58.5 -93.6  19.9  -25.3   -3.0   51.8               
  702  702 A Q  G <  S+     0   0  196     -3,-0.6     2,-1.1     1,-0.1     3,-0.3   0.409  87.5  78.2-113.2  -2.5  -22.0   -1.1   50.9               
  703  703 A E  S <  S+     0   0  148     -3,-0.7    -1,-0.1     1,-0.2     3,-0.1  -0.781  73.9  89.3 -95.1  82.0  -22.7    1.6   53.6               
  704  704 A G        +     0   0   65     -2,-1.1    -1,-0.2    -3,-0.1     2,-0.1   0.278  53.1  83.4-173.2  23.0  -21.6   -0.7   56.5               
  705  705 A M        -     0   0  186     -3,-0.3     2,-0.5     2,-0.0    -1,-0.1  -0.655  54.0-176.3-133.3  76.0  -17.9   -0.4   57.3               
  706  706 A E        +     0   0  194     -2,-0.1     2,-0.3    -3,-0.1    -3,-0.0  -0.649   6.5 172.3 -65.7 116.2  -17.6    2.6   59.6               
  707  707 A M        -     0   0  177     -2,-0.5    -2,-0.0     2,-0.0    -1,-0.0  -0.822  27.4-124.2-135.7  95.5  -13.9    3.2   60.4               
  708  708 A E        +     0   0  129     -2,-0.3    -2,-0.0     1,-0.0     0, 0.0   0.171  54.6 145.0  -6.1 124.8  -13.1    6.4   62.3               
  709  709 A P        +     0   0  132      0, 0.0     3,-0.1     0, 0.0    -2,-0.0  -0.342  57.4 102.2-136.1 108.5  -11.3    9.2   62.1               
  710  710 A G        +     0   0   59      1,-0.2     2,-0.4     2,-0.0    -2,-0.0   0.428  49.9  93.5-151.1  -4.3  -13.9   11.5   63.7               
  711  711 A L        -     0   0  144      3,-0.0    -1,-0.2     0, 0.0     2,-0.1  -0.985  56.5-143.0-127.0 108.2  -13.0   12.3   67.4               
  712  712 A L        -     0   0  160     -2,-0.4    -2,-0.0     1,-0.1     0, 0.0  -0.208  46.6 -10.9  62.3  81.8  -11.3   14.9   68.6               
  713  713 A G        +     0   0   74      1,-0.1     2,-0.4    -2,-0.1    -1,-0.1   0.882  31.3 166.9  58.6  98.2   -8.8   15.2   71.4               
  714  714 A D        +     0   0  149     -3,-0.1     2,-0.3     2,-0.0    -1,-0.1  -0.979  18.4 172.1-128.4 118.8   -7.6   13.1   74.3               
  715  715 A A        +     0   0   99     -2,-0.4     2,-0.4     2,-0.0    -2,-0.0  -0.699  12.0 179.9-133.7  77.0   -4.5   14.8   75.6               
  716  716 A E        -     0   0  162     -2,-0.3     2,-0.1     1,-0.1    -2,-0.0  -0.953   4.1-161.9-116.2 123.0   -3.3   13.1   78.9               
  717  717 A D        +     0   0  141     -2,-0.4    -1,-0.1     0, 0.0    -2,-0.0   0.257  30.9  94.4  63.6 123.1   -0.7   13.6   80.9               
  718  718 A Y        +     0   0  166     -2,-0.1     2,-2.0     3,-0.0    -2,-0.0   0.538   5.6 165.9-144.4 132.9    1.3   12.8   83.2               
  719  719 A G        -     0   0   82      2,-0.0     2,-0.1     1,-0.0     0, 0.0  -0.472  52.3-149.5 -76.9  63.1    4.8   11.2   83.4               
  720  720 A H        +     0   0  119     -2,-2.0     2,-0.4     1,-0.0     3,-0.1  -0.167  31.3 169.9 -56.7 121.9    4.7   12.4   87.1               
  721  721 A Y        +     0   0  179      1,-0.2    -2,-0.0    -2,-0.1    -3,-0.0  -1.000  55.4  14.1-121.1 128.3    8.0   13.3   88.9               
  722  722 A E  S    S-     0   0  133     -2,-0.4    -1,-0.2     0, 0.0    -2,-0.0   0.997  82.4 -50.0  61.9  92.8    7.5   15.0   92.4               
  723  723 A E        +     0   0  152     -3,-0.1    -2,-0.0     2,-0.0     0, 0.0   0.819  51.1  69.1  79.2  93.6    4.8   15.4   94.8               
  724  724 A L        -     0   0  154      0, 0.0     2,-0.3     0, 0.0     0, 0.0  -0.111  26.4-151.8 157.5 159.8    1.4   16.2   96.2               
  725  725 A P        +     0   0  124      0, 0.0     2,-0.0     0, 0.0    -2,-0.0  -0.817  18.9 125.1-125.3 161.3   -2.4   15.3   96.4               
  726  726 A G        -     0   0   69     -2,-0.3     0, 0.0     0, 0.0     0, 0.0   0.166  28.8 -96.4 130.1 115.5   -6.2   16.5   97.0               
  727  727 A E        -     0   0  189      1,-0.1     2,-0.1    -2,-0.0     0, 0.0   0.996  25.0 -80.0  95.0 153.3   -9.5   16.8   96.2               
  728  728 A P        -     0   0  117      0, 0.0     2,-0.2     0, 0.0    -1,-0.1  -0.322  13.5-176.2-126.4 177.0  -12.6   18.6   94.8               
  729  729 A G        -     0   0   63     -2,-0.1     0, 0.0     2,-0.0     0, 0.0  -0.736  13.2-128.4 177.9 132.6  -15.7   20.9   94.4               
  730  730 A E        +     0   0  169     -2,-0.2     0, 0.0     2,-0.0     0, 0.0   0.294  15.1 168.6  50.6 115.1  -18.5   22.3   92.8               
  731  731 A H        -     0   0  155      0, 0.0    -2,-0.0     0, 0.0     0, 0.0   0.487  10.1-159.5-170.7 135.0  -20.2   25.1   91.8               
  732  732 A L        +     0   0  133      2,-0.0    -2,-0.0     0, 0.0     0, 0.0   0.143  19.8 120.0  60.4  97.8  -22.9   26.3   89.8               
  733  733 A F        -     0   0  186      2,-0.0     2,-0.3     0, 0.0     0, 0.0   0.071  13.6-178.5 171.0 148.5  -24.5   28.9   87.9               
  734  734 A P        -     0   0  112      0, 0.0     2,-0.3     0, 0.0    -2,-0.0  -0.880  16.2-168.9-106.7 153.7  -26.0   30.4   84.6               
  735  735 A E        +     0   0  191     -2,-0.3    -2,-0.0     2,-0.0     0, 0.0  -0.990   8.5 179.0-139.7 151.4  -27.6   33.8   84.0               
  736  736 A H        -     0   0  178     -2,-0.3     2,-0.3     0, 0.0     0, 0.0  -0.848  14.1-156.6-151.5 110.3  -29.6   35.5   81.1               
  737  737 A P        -     0   0   99      0, 0.0    -2,-0.0     0, 0.0     0, 0.0  -0.977  26.2 -12.4-129.8 154.0  -31.1   39.0   80.9               
  738  738 A L        +     0   0  162     -2,-0.3     0, 0.0     1,-0.2     0, 0.0   0.737  19.2 172.2-162.2 150.5  -33.4   40.7   79.4               
  739  739 A E        -     0   0  164      1,-0.0    -1,-0.2     0, 0.0     0, 0.0  -0.394  13.8-158.5 -73.1 161.6  -36.3   41.7   76.9               
  740  740 A P        -     0   0  120      0, 0.0    -1,-0.0     0, 0.0     0, 0.0  -0.196  21.8-143.3-148.8 114.8  -38.6   44.3   76.5               
  741  741 A D        +     0   0  128      0, 0.0     0, 0.0     0, 0.0     0, 0.0   0.859  24.6  95.4  63.8 132.7  -41.6   44.1   74.7               
  742  742 A S        +     0   0  101      1,-0.0     2,-0.0     0, 0.0     0, 0.0   0.716  24.2  69.7  66.9 137.9  -44.2   45.7   72.3               
  743  743 A F        -     0   0  197      0, 0.0     2,-0.1     0, 0.0    -1,-0.0   0.439  33.8-161.9-143.9 168.1  -45.8   46.7   69.7               
  744  744 A S        +     0   0  104      2,-0.0     0, 0.0     1,-0.0     0, 0.0  -0.439  18.1 135.4 -78.3 156.1  -48.1   45.0   67.0               
  745  745 A E        -     0   0  195     -2,-0.1    -1,-0.0     2,-0.1     0, 0.0   0.408  44.5 -73.7 168.1 121.2  -49.5   45.3   63.8               
  746  746 A G        +     0   0   83      1,-0.0    -2,-0.0     0, 0.0     0, 0.0   0.804  53.5 118.5  55.9  88.7  -50.3   43.6   60.5               
  747  747 A G        -     0   0   68      0, 0.0    -2,-0.1     0, 0.0    -1,-0.0  -0.814  49.5-120.5-172.8 138.5  -48.1   42.6   57.5               
  748  748 A P        -     0   0  129      0, 0.0     0, 0.0     0, 0.0     0, 0.0  -0.582  39.4-112.2 -77.9 136.1  -47.0   39.3   55.7               
  749  749 A P        -     0   0  129      0, 0.0     0, 0.0     0, 0.0     0, 0.0  -0.173  40.7 -83.5 -72.0 158.3  -43.2   38.6   55.6               
  750  750 A G        -     0   0   75      1,-0.1     0, 0.0     0, 0.0     0, 0.0  -0.079  43.3 -91.7 -70.3 157.0  -41.0   38.7   52.4               
  751  751 A R        -     0   0  229      1,-0.1    -1,-0.1     0, 0.0     2,-0.0  -0.426  42.7-117.2 -64.4 126.3  -40.4   36.1   49.7               
  752  752 A P        -     0   0  114      0, 0.0    -1,-0.1     0, 0.0     0, 0.0  -0.326  25.1-119.2 -65.2 144.8  -37.3   33.8   50.2               
  753  753 A K        -     0   0  200      1,-0.0     2,-0.4    -2,-0.0     0, 0.0  -0.760  30.9-116.1 -82.1 122.7  -34.5   34.0   47.6               
  754  754 A P        -     0   0  113      0, 0.0     2,-0.1     0, 0.0    -1,-0.0  -0.509  29.5-134.4 -66.3 118.3  -34.0   30.6   45.9               
  755  755 A G        -     0   0   69     -2,-0.4     2,-1.1     1,-0.1     0, 0.0  -0.414  22.5-108.6 -67.6 150.6  -30.5   29.4   46.7               
  756  756 A A        +     0   0   88     -2,-0.1     2,-0.1     2,-0.0    -1,-0.1  -0.085  68.7 141.6 -79.3  36.1  -28.4   28.0   43.8               
  757  757 A G        -     0   0   53     -2,-1.1     0, 0.0     1,-0.1     0, 0.0  -0.469  59.9-110.0 -75.5 148.8  -28.6   24.3   45.0               
  758  758 A V        -     0   0   32     -2,-0.1     2,-0.4     1,-0.1    -1,-0.1  -0.663  46.8-104.3 -70.4 130.0  -29.1   21.3   42.6               
  759  759 A P    >   -     0   0   45      0, 0.0     3,-2.1     0, 0.0    -1,-0.1  -0.442  23.3-147.1 -68.0 121.0  -32.7   20.0   43.2               
  760  760 A D  T 3  S+     0   0  116     -2,-0.4     7,-0.1     1,-0.3     4,-0.1   0.662  91.5  73.0 -64.9 -15.4  -32.5   16.8   45.3               
  761  761 A F  T 3  S+     0   0  175      2,-0.1    -1,-0.3     6,-0.0     6,-0.0   0.570  78.4  99.6 -71.7 -10.0  -35.6   15.3   43.6               
  762  762 A L  S <  S-     0   0   23     -3,-2.1     5,-0.1     1,-0.1    -4,-0.0  -0.643  83.4-111.4 -76.9 136.2  -33.4   14.8   40.5               
  763  763 A P    >>  -     0   0   82      0, 0.0     4,-2.4     0, 0.0     3,-1.2  -0.287  36.6-101.9 -57.3 152.0  -31.9   11.2   39.9               
  764  764 A S  H 3> S+     0   0   99      1,-0.3     4,-3.0     2,-0.2     5,-0.2   0.868 123.1  50.3 -49.4 -47.6  -28.1   10.9   40.4               
  765  765 A A  H 3> S+     0   0   83      1,-0.2     4,-1.7     2,-0.2    -1,-0.3   0.832 113.5  46.7 -60.6 -32.3  -27.4   10.9   36.6               
  766  766 A Q  H <> S+     0   0  101     -3,-1.2     4,-2.3     2,-0.2    -2,-0.2   0.838 111.8  50.0 -82.7 -31.4  -29.6   14.1   36.2               
  767  767 A R  H  X S+     0   0   89     -4,-2.4     4,-3.1     2,-0.2    -2,-0.2   0.943 112.7  48.0 -62.7 -47.7  -27.9   15.8   39.2               
  768  768 A A  H  X S+     0   0   48     -4,-3.0     4,-2.4    -5,-0.2    -2,-0.2   0.880 112.9  47.9 -62.5 -38.9  -24.5   14.9   37.6               
  769  769 A L  H  X S+     0   0   92     -4,-1.7     4,-2.3    -5,-0.2    -1,-0.2   0.912 112.7  48.6 -66.1 -42.1  -25.7   16.3   34.2               
  770  770 A Y  H  X S+     0   0   94     -4,-2.3     4,-2.9     2,-0.2    -2,-0.2   0.953 113.0  47.3 -62.6 -47.9  -27.1   19.5   36.0               
  771  771 A L  H  X S+     0   0   93     -4,-3.1     4,-3.1     1,-0.2     5,-0.2   0.913 113.3  48.8 -57.2 -45.5  -23.7   19.9   37.8               
  772  772 A R  H  X S+     0   0  175     -4,-2.4     4,-2.4     2,-0.2    -1,-0.2   0.858 113.2  46.8 -65.2 -37.1  -21.8   19.4   34.5               
  773  773 A I  H  X S+     0   0   81     -4,-2.3     4,-2.6     2,-0.2    -2,-0.2   0.918 114.9  46.5 -68.5 -42.9  -24.1   21.9   32.7               
  774  774 A Q  H  X S+     0   0   64     -4,-2.9     4,-2.1     2,-0.2    -2,-0.2   0.936 115.4  46.0 -65.4 -45.0  -23.6   24.4   35.6               
  775  775 A Q  H  X S+     0   0  134     -4,-3.1     4,-2.7     2,-0.2     5,-0.2   0.909 114.1  48.6 -62.3 -44.3  -19.8   23.8   35.6               
  776  776 A K  H  X S+     0   0  136     -4,-2.4     4,-2.3     2,-0.2    -2,-0.2   0.896 111.6  49.3 -66.5 -38.8  -19.7   24.1   31.8               
  777  777 A Q  H  X S+     0   0  127     -4,-2.6     4,-2.6     2,-0.2    -2,-0.2   0.874 113.3  47.9 -64.2 -35.7  -21.7   27.4   31.9               
  778  778 A Q  H  X S+     0   0  137     -4,-2.1     4,-2.6     2,-0.2    -2,-0.2   0.889 113.9  45.5 -73.0 -37.7  -19.3   28.6   34.6               
  779  779 A E  H  X S+     0   0   99     -4,-2.7     4,-2.6     2,-0.2    -2,-0.2   0.825 115.7  48.0 -70.3 -33.5  -16.2   27.6   32.5               
  780  780 A E  H  X S+     0   0  123     -4,-2.3     4,-2.3    -5,-0.2    -2,-0.2   0.908 114.8  44.9 -74.7 -39.0  -17.9   29.2   29.4               
  781  781 A E  H  X S+     0   0  104     -4,-2.6     4,-2.7     2,-0.2    -2,-0.2   0.905 116.3  46.8 -67.5 -40.2  -18.7   32.4   31.4               
  782  782 A E  H  X S+     0   0   88     -4,-2.6     4,-3.4     2,-0.2     5,-0.2   0.927 113.1  48.1 -69.4 -40.4  -15.1   32.3   32.8               
  783  783 A R  H  X S+     0   0  136     -4,-2.6     4,-2.2     2,-0.2    -2,-0.2   0.907 114.1  47.8 -62.4 -39.2  -13.6   31.7   29.3               
  784  784 A A  H  X S+     0   0   57     -4,-2.3     4,-1.3     2,-0.2    -2,-0.2   0.886 114.3  46.2 -67.8 -38.5  -15.9   34.6   28.1               
  785  785 A R  H >X S+     0   0  146     -4,-2.7     4,-3.2     2,-0.2     3,-0.9   0.986 113.7  47.9 -63.8 -55.4  -14.7   36.8   31.1               
  786  786 A R  H 3X S+     0   0  163     -4,-3.4     4,-2.8     1,-0.3    -2,-0.2   0.835 113.1  49.2 -55.3 -37.5  -11.0   35.8   30.5               
  787  787 A L  H 3X S+     0   0  102     -4,-2.2     4,-1.8    -5,-0.2    -1,-0.3   0.762 114.7  44.6 -71.8 -27.6  -11.5   36.6   26.7               
  788  788 A A  H << S+     0   0   51     -4,-1.3     4,-0.4    -3,-0.9    -2,-0.2   0.854 114.8  47.9 -82.2 -37.6  -13.1   40.0   27.7               
  789  789 A E  H >X S+     0   0  102     -4,-3.2     4,-3.2     2,-0.2     3,-1.0   0.940 115.5  45.6 -61.7 -48.8  -10.3   40.7   30.3               
  790  790 A S  H 3X S+     0   0   39     -4,-2.8     4,-3.3     1,-0.3     5,-0.4   0.958 108.5  55.7 -63.8 -43.7   -7.7   39.7   27.6               
  791  791 A S  H 3< S+     0   0   79     -4,-1.8    -1,-0.3     1,-0.2    -2,-0.2   0.638 114.5  42.0 -63.2 -13.8   -9.6   41.9   25.0               
  792  792 A K  H <> S+     0   0  113     -3,-1.0     4,-1.1    -4,-0.4     3,-0.4   0.850 116.7  45.5 -89.3 -51.6   -9.1   44.7   27.6               
  793  793 A Q  H >X S+     0   0  144     -4,-3.2     4,-3.3     1,-0.2     3,-0.9   0.916 110.8  53.1 -59.7 -47.1   -5.4   43.9   28.5               
  794  794 A D  H 3X S+     0   0  108     -4,-3.3     4,-1.2     1,-0.2    -1,-0.2   0.847 112.3  47.8 -51.4 -36.5   -4.4   43.4   24.8               
  795  795 A R  H 34 S+     0   0  212     -5,-0.4    -1,-0.2    -3,-0.4    -2,-0.2   0.678 116.2  40.8 -84.5 -19.7   -5.9   46.9   24.2               
  796  796 A E  H X< S+     0   0  161     -4,-1.1     3,-0.9    -3,-0.9    -2,-0.2   0.776 114.2  53.0 -94.8 -32.3   -4.1   48.6   27.2               
  797  797 A N  H >< S+     0   0   97     -4,-3.3     3,-1.8     1,-0.2     4,-0.4   0.791  91.0  76.0 -71.0 -28.0   -0.8   46.6   26.5               
  798  798 A E  T 3< S+     0   0  173     -4,-1.2    -1,-0.2    -5,-0.3    -2,-0.1   0.700 107.4  33.6 -61.2 -16.6   -0.8   47.9   22.8               
  799  799 A E  T <  S+     0   0  132     -3,-0.9    -1,-0.3     2,-0.1    -2,-0.2   0.273 118.2  62.1-117.3  12.1    0.4   51.3   24.2               
  800  800 A G  S <  S+     0   0   58     -3,-1.8     2,-0.6     1,-0.1    -2,-0.1   0.837 104.8   4.4 -96.5 -93.4    2.5   49.8   27.1               
  801  801 A D        +     0   0  104     -4,-0.4     2,-0.4     1,-0.1     3,-0.3  -0.786  45.9 152.5-119.4  92.6    5.5   47.5   26.5               
  802  802 A T        +     0   0  137     -2,-0.6     3,-0.1     1,-0.1    -1,-0.1  -0.430  64.3  90.3 -96.2  50.7    6.8   46.8   22.9               
  803  803 A G        +     0   0   61     -2,-0.4     2,-0.4     1,-0.1     3,-0.2   0.764  66.1  51.8-120.4 -35.5   10.2   46.2   24.6               
  804  804 A N        +     0   0  137     -3,-0.3    -1,-0.1     1,-0.2     3,-0.1  -0.580  68.6  92.0-129.9  64.6   11.3   42.7   25.8               
  805  805 A W  S    S+     0   0  249     -2,-0.4     2,-0.2     1,-0.3    -1,-0.2   0.289  82.5  33.1-143.9  13.1   11.0   39.7   23.3               
  806  806 A Y  S    S+     0   0  232      1,-0.4    -1,-0.3    -3,-0.2     3,-0.0  -0.811  79.1  67.5-167.3 149.9   14.4   39.2   21.4               
  807  807 A S        +     0   0  114     -2,-0.2    -1,-0.4    -3,-0.1     3,-0.1   0.691  54.8  86.8  65.3 120.5   18.1   39.7   22.4               
  808  808 A S        +     0   0  105      1,-0.0     2,-0.3     0, 0.0    -2,-0.0   0.700  36.5 170.5-126.1 157.6   19.9   38.2   24.5               
  809  809 A D        +     0   0  138     -3,-0.0     2,-0.1    -2,-0.0    -1,-0.0  -0.501  25.9 106.5  63.1  70.5   21.6   35.5   23.9               
  810  810 A E        +     0   0  171     -2,-0.3    -3,-0.0    -3,-0.1     0, 0.0  -0.234  46.8  43.2-141.2-169.5   23.9   34.0   25.8               
  811  811 A D        -     0   0  155     -2,-0.1     3,-0.1     2,-0.0    -1,-0.0   0.952  66.3 -54.2  76.7 109.7   24.2   30.8   28.1               
  812  812 A E  S    S-     0   0  187      1,-0.1     0, 0.0     2,-0.0     0, 0.0   0.684  72.6 -20.3  45.5 100.7   23.3   27.1   28.2               
  813  813 A G        +     0   0   72      1,-0.1     3,-0.3     2,-0.0    -1,-0.1   0.691  51.5 150.3  81.2  36.7   20.7   24.5   27.9               
  814  814 A G        +     0   0   59      1,-0.2    -1,-0.1    -3,-0.1    -2,-0.0   0.778  67.1  30.8 -83.6 -32.6   17.0   25.6   28.3               
  815  815 A S  S    S+     0   0  108      4,-0.1    -1,-0.2     5,-0.0     2,-0.1  -0.109  71.2 132.0-136.2  38.8   14.5   23.4   26.3               
  816  816 A S  S >> S-     0   0   52     -3,-0.3     4,-2.0     1,-0.1     3,-1.1  -0.385  74.1-103.4 -68.4 165.4   15.8   19.8   25.9               
  817  817 A V  H 3> S+     0   0  110      1,-0.2     4,-2.6     2,-0.2     5,-0.1   0.868 128.7  60.4 -56.5 -30.3   13.5   16.7   26.5               
  818  818 A T  H 3> S+     0   0   88      2,-0.2     4,-1.7     1,-0.2    -1,-0.2   0.764 101.8  51.1 -70.7 -21.9   15.5   16.6   29.8               
  819  819 A S  H <> S+     0   0   28     -3,-1.1     4,-3.0     2,-0.2     5,-0.2   0.902 111.0  46.7 -76.8 -41.4   14.2   20.2   30.6               
  820  820 A I  H  X S+     0   0  106     -4,-2.0     4,-2.4     2,-0.2    -2,-0.2   0.927 115.6  47.0 -64.5 -39.9   10.6   19.1   30.0               
  821  821 A L  H  X S+     0   0  104     -4,-2.6     4,-2.1    -5,-0.2    -2,-0.2   0.887 112.9  49.4 -67.1 -38.0   11.5   16.0   32.2               
  822  822 A K  H  X S+     0   0  148     -4,-1.7     4,-2.2     2,-0.2    -2,-0.2   0.920 113.5  45.2 -65.2 -45.0   13.1   18.3   34.8               
  823  823 A T  H  X S+     0   0   57     -4,-3.0     4,-2.7     2,-0.2    -2,-0.2   0.897 113.5  49.6 -69.8 -36.3   10.1   20.7   34.9               
  824  824 A L  H  X S+     0   0   98     -4,-2.4     4,-1.2    -5,-0.2    -2,-0.2   0.903 111.6  50.3 -64.3 -37.4    7.7   17.6   35.1               
  825  825 A R  H  < S+     0   0  195     -4,-2.1    -2,-0.2     2,-0.2    -1,-0.2   0.874 112.2  47.1 -64.6 -38.9   10.0   16.4   38.0               
  826  826 A Q  H >X S+     0   0  125     -4,-2.2     3,-2.1     1,-0.2     4,-0.6   0.900 107.6  54.9 -70.0 -41.0    9.7   19.8   39.7               
  827  827 A Q  H 3< S+     0   0  153     -4,-2.7     3,-0.2     1,-0.3    -2,-0.2   0.769 108.6  50.2 -65.8 -22.9    5.9   19.9   39.2               
  828  828 A T  T 3< S+     0   0  110     -4,-1.2    -1,-0.3    -5,-0.2    -2,-0.2   0.289 112.5  51.4 -85.0   6.7    5.9   16.4   41.0               
  829  829 A S  T <4 S+     0   0   98     -3,-2.1     2,-0.3     1,-0.1    -2,-0.2   0.444  93.8  65.0-128.3  -5.2    8.0   18.0   43.8               
  830  830 A S     <  +     0   0   94     -4,-0.6    -1,-0.1    -3,-0.2    -4,-0.0  -0.722  51.4 119.9-135.2  88.6    6.4   21.3   45.1               
  831  831 A R        +     0   0  232     -2,-0.3    -1,-0.0    -3,-0.1    -4,-0.0  -0.621  26.7 176.7-143.4  88.5    3.0   21.3   46.9               
  832  832 A P        -     0   0  111      0, 0.0    -2,-0.0     0, 0.0     2,-0.0  -0.447  36.5-104.8 -73.0 159.6    2.7   22.6   50.5               
  833  833 A P        -     0   0  127      0, 0.0     2,-0.3     0, 0.0     0, 0.0  -0.137  30.2-101.7 -86.8 179.6   -0.8   22.6   52.0               
  834  834 A A        -     0   0  103     -2,-0.0     2,-0.3     0, 0.0     0, 0.0  -0.762  26.0-169.0-104.3 151.6   -3.4   25.4   52.7               
  835  835 A S        -     0   0  109     -2,-0.3     0, 0.0     1,-0.1     0, 0.0  -0.947  25.7 -83.3-147.8 127.0   -4.6   27.3   55.9               
  836  836 A V        +     0   0  143     -2,-0.3    -1,-0.1     0, 0.0     0, 0.0   0.719  43.4 103.8  27.7 135.0   -7.4   29.7   56.8               
  837  837 A G        +     0   0   74      0, 0.0    -2,-0.1     0, 0.0     0, 0.0   0.595  20.5  21.8  79.0 153.0   -8.7   33.2   56.8               
  838  838 A E        -     0   0  170      0, 0.0     0, 0.0     0, 0.0     0, 0.0   0.644  24.3 -98.4-156.8 157.0  -10.1   36.0   56.3               
  839  839 A L        +     0   0  136      1,-0.0     0, 0.0     0, 0.0     0, 0.0   0.897  30.7  40.6  52.6 115.3  -12.6   38.8   55.2               
  840  840 A S        -     0   0   97      0, 0.0    -1,-0.0     0, 0.0     0, 0.0   0.967  24.7-100.4  91.1 101.7  -13.7   41.4   53.0               
  841  841 A S        +     0   0  105      0, 0.0     0, 0.0     0, 0.0     0, 0.0   0.958  16.5 128.0  89.8 136.3  -14.7   43.6   50.4               
  842  842 A S        +     0   0  129      0, 0.0     2,-0.0     0, 0.0     0, 0.0   0.675  21.2 136.3  79.6 134.9  -15.0   46.4   47.7               
  843  843 A G        +     0   0   63      0, 0.0     0, 0.0     0, 0.0     0, 0.0   0.376  13.0 178.4 155.2 148.1  -15.5   47.2   44.8               
  844  844 A L        +     0   0  188     -2,-0.0     0, 0.0     2,-0.0     0, 0.0   0.523  14.2  28.7  69.1 151.6  -16.7   49.0   41.5               
  845  845 A G        +     0   0   72      1,-0.2     0, 0.0     0, 0.0     0, 0.0   0.247   9.0 139.8 171.1 126.0  -17.1   49.6   38.4               
  846  846 A D        +     0   0  111      1,-0.0    -1,-0.2     2,-0.0    -2,-0.0  -0.482  22.4 178.8 -65.6 145.5  -17.6   50.2   34.6               
  847  847 A P        +     0   0  112      0, 0.0    -1,-0.0     0, 0.0     0, 0.0  -0.213  40.6  41.5-152.2 133.5  -19.7   52.1   32.6               
  848  848 A R        +     0   0  225     -2,-0.0     2,-0.0     0, 0.0    -2,-0.0   0.545  37.3 169.3 166.9  92.1  -20.2   52.8   29.2               
  849  849 A L        -     0   0  160      1,-0.0     2,-0.1    -3,-0.0     0, 0.0  -0.293  12.1-165.3 -48.2 142.7  -20.1   50.6   26.1               
  850  850 A Q        -     0   0  184     -2,-0.0    -1,-0.0     0, 0.0     0, 0.0  -0.531  33.3-107.3-145.2  87.8  -21.2   51.6   22.7               
  851  851 A K        +     0   0  210     -2,-0.1     0, 0.0     0, 0.0     0, 0.0   0.313  34.2 171.3  19.0 129.0  -21.7   48.9   20.2               
  852  852 A G        +     0   0   74      0, 0.0     0, 0.0     0, 0.0     0, 0.0   0.605   7.6  80.8 175.2-157.8  -20.7   47.3   17.7               
  853  853 A H        +     0   0  186      0, 0.0     2,-0.0     0, 0.0     0, 0.0   0.028  18.2 118.6 -69.1-174.5  -20.3   44.7   14.9               
  854  854 A P        -     0   0   89      0, 0.0     0, 0.0     0, 0.0     0, 0.0   0.545  22.8 -12.6-137.6-165.1  -20.9   43.1   12.1               
  855  855 A T        +     0   0   99     -2,-0.0  -720,-0.0     0, 0.0     0, 0.0   0.832  20.9 117.4  46.3 157.3  -20.4   41.7    8.4               
  856  856 A G        -     0   0   59   -722,-0.0  -720,-0.0     2,-0.0  -721,-0.0   0.928  28.1 -75.0-154.0-167.7  -19.4   41.0    5.4               
  857  857 A S        -     0   0   78   -722,-0.0     2,-0.1     2,-0.0  -721,-0.0   0.838  17.0 -83.6-149.9-158.1  -18.3   38.9    3.2               
  858  858 A R        -     0   0  214      1,-0.1     2,-0.1     0, 0.0    -1,-0.0  -0.474  16.3-142.1 -89.0 146.1  -16.2   36.5    0.8               
  859  859 A L        -     0   0  170     -2,-0.1     2,-0.2     1,-0.1    -1,-0.1  -0.045  36.5 -90.0  75.0 110.7  -14.1   36.2   -1.8               
  860  860 A A        -     0   0  102     -2,-0.1    -1,-0.1     1,-0.1     0, 0.0  -0.525  45.9 -95.9 -86.9 153.7  -13.9   33.6   -4.6               
  861  861 A D    >   -     0   0   95     -2,-0.2     3,-0.9     1,-0.1    -1,-0.1  -0.437  14.3-141.6 -74.1 132.0  -11.9   30.3   -4.6               
  862  862 A P  G >  S+     0   0  102      0, 0.0     3,-1.8     0, 0.0    -1,-0.1   0.671  85.0  91.8 -57.1 -21.0   -8.3   30.0   -6.1               
  863  863 A R  G >  S+     0   0  212      1,-0.3     3,-0.7     2,-0.1     4,-0.1   0.730  71.9  68.1 -57.6 -23.6   -9.2   26.4   -7.4               
  864  864 A L  G <  S+     0   0  164     -3,-0.9     3,-0.4     1,-0.2    -1,-0.3   0.402  79.2  85.2 -73.0   2.9  -10.4   27.8  -10.8               
  865  865 A S  G <  S+     0   0  109     -3,-1.8    -1,-0.2     1,-0.2    -2,-0.1   0.367  83.2  53.9 -86.7   1.8   -6.7   28.8  -11.7               
  866  866 A R  S <  S+     0   0  233     -3,-0.7    -1,-0.2    -4,-0.0    -2,-0.1   0.325  70.5 103.6-130.8   8.2   -5.5   25.4  -13.1               
  867  867 A D    >   -     0   0   91     -3,-0.4     3,-0.7     1,-0.1    -3,-0.0  -0.846  45.1-169.0 -93.6 113.0   -7.9   24.2  -15.9               
  868  868 A P  T 3  S+     0   0  115      0, 0.0     3,-0.3     0, 0.0    -1,-0.1   0.373  72.3  74.5 -79.0   4.0   -6.2   24.8  -19.4               
  869  869 A R  T 3  S+     0   0  221      1,-0.2     3,-0.1     2,-0.0    -2,-0.0   0.574  80.3  64.0 -99.6  -8.5   -9.5   24.1  -21.4               
  870  870 A L    <   +     0   0  144     -3,-0.7     2,-0.8     1,-0.2    -1,-0.2   0.367  65.1 103.5-101.7   3.0  -11.7   27.2  -20.9               
  871  871 A T        +     0   0  128     -3,-0.3    -1,-0.2     1,-0.2     2,-0.1  -0.056  59.5  88.9 -88.7  37.2   -9.7   30.1  -22.6               
  872  872 A R        +     0   0  234     -2,-0.8    -1,-0.2     1,-0.2     2,-0.0  -0.433  61.9  52.4-149.0  79.2  -11.7   30.5  -25.9               
  873  873 A H        +     0   0  179     -3,-0.1     2,-0.3    -2,-0.1    -1,-0.2  -0.039  33.1 124.4 175.9 126.1  -14.7   32.7  -26.5               
  874  874 A V        -     0   0  150     -2,-0.0     2,-0.1     2,-0.0    -1,-0.0  -0.897  54.0-112.4-146.6 146.7  -15.9   36.3  -26.1               
  875  875 A E        +     0   0  177     -2,-0.3     2,-0.2     2,-0.0    -2,-0.0  -0.353  36.6 165.6 -89.6 153.6  -17.3   38.1  -29.2               
  876  876 A A        -     0   0  104     -2,-0.1    -2,-0.0     0, 0.0     0, 0.0  -0.655  38.2-127.8-157.3 112.4  -16.6   40.9  -31.7               
  877  877 A S        +     0   0  131     -2,-0.2    -2,-0.0     0, 0.0     0, 0.0   0.029  36.1  66.9 -48.8 146.5  -18.6   41.0  -35.0               
  878  878 A G        +     0   0   85      1,-0.1     0, 0.0     0, 0.0     0, 0.0   0.733  27.5  74.2 124.1 122.8  -18.4   41.1  -38.7               
  879  879 A G        -     0   0   81      0, 0.0    -1,-0.1     0, 0.0     0, 0.0   0.356  37.5-115.3 137.3 111.8  -17.7   40.4  -42.4               
  880  880 A S        +     0   0  132      2,-0.0     0, 0.0     0, 0.0     0, 0.0   0.099  32.4  84.7 -44.9 164.5  -18.9   38.2  -45.4               
  881  881 A G        -     0   0   68      0, 0.0     2,-0.0     0, 0.0     0, 0.0   0.727  24.4-140.3-178.5-176.0  -18.5   35.9  -47.7               
  882  882 A P        +     0   0  140      0, 0.0     2,-0.0     0, 0.0    -2,-0.0  -0.094  18.5 108.3-115.0 173.8  -18.6   32.6  -49.3               
  883  883 A G        +     0   0   78     -2,-0.0     0, 0.0     2,-0.0     0, 0.0   0.137  30.4  13.1 104.8 146.1  -17.5   29.5  -51.4               
  884  884 A D        -     0   0  153     -2,-0.0     0, 0.0     2,-0.0     0, 0.0   0.788  45.5 -44.1-159.1 165.0  -16.4   26.6  -52.0               
  885  885 A S        -     0   0  105      0, 0.0    -2,-0.0     0, 0.0     0, 0.0   0.651  33.0-158.9  66.2 144.7  -15.2   22.9  -51.6               
  886  886 A G        +     0   0   64      0, 0.0     2,-0.0     0, 0.0    -2,-0.0  -0.116   7.9 176.4 -89.4-150.5  -12.9   20.8  -49.4               
  887  887 A P        -     0   0  118      0, 0.0     0, 0.0     0, 0.0     0, 0.0   0.437  13.4 -46.1-144.3-162.5  -11.2   18.3  -48.9               
  888  888 A S        -     0   0  112     -2,-0.0     0, 0.0     2,-0.0     0, 0.0   0.920  50.2 -63.9  67.4 139.8   -8.9   15.7  -47.3               
  889  889 A D    >   -     0   0  116      1,-0.1     3,-0.5     3,-0.0     2,-0.3  -0.238  39.1-136.3 -46.9 128.9   -5.8   14.5  -45.5               
  890  890 A P  T 3  S+     0   0  131      0, 0.0    -1,-0.1     0, 0.0     3,-0.1  -0.152  85.4  68.9 -90.0  39.0   -2.4   15.2  -47.3               
  891  891 A R  T 3  S+     0   0  224     -2,-0.3     2,-0.2     1,-0.1     3,-0.1   0.564  76.6  69.1-137.2   3.2   -0.6   11.8  -46.7               
  892  892 A L  S <  S+     0   0  163     -3,-0.5    -1,-0.1     1,-0.1    -3,-0.0  -0.486  82.0  64.5-123.3  65.2   -2.3    8.9  -48.6               
  893  893 A A        +     0   0  102     -2,-0.2    -1,-0.1    -3,-0.1     0, 0.0  -0.163  47.0  99.2-174.7 100.8   -1.6    9.3  -52.4               
  894  894 A R        +     0   0  254     -3,-0.1     2,-0.7     0, 0.0    -1,-0.1  -0.122  36.6 157.7-157.1  71.4    1.5    9.2  -54.6               
  895  895 A A        -     0   0   91      1,-0.0     0, 0.0     0, 0.0     0, 0.0  -0.816  30.1-120.2 -88.8 115.9    2.0    5.8  -56.3               
  896  896 A L        -     0   0  165     -2,-0.7    -1,-0.0     2,-0.0     2,-0.0   0.389  15.8-134.7  60.3-171.7    4.1    5.5  -59.5               
  897  897 A P        +     0   0  120      0, 0.0    -1,-0.0     0, 0.0     0, 0.0   0.809  31.8  24.5-115.6-161.1    4.9    4.9  -62.5               
  898  898 A T        +     0   0  113     -2,-0.0     2,-0.0     0, 0.0    -2,-0.0   0.774  40.2  70.4-154.5 149.4    6.8    3.6  -64.9               
  899  899 A S        -     0   0  110      0, 0.0     0, 0.0     0, 0.0     0, 0.0   0.039  51.6 -59.5 154.7 149.6    9.4    1.4  -66.5               
  900  900 A K        -     0   0  193      1,-0.1     2,-0.2    -2,-0.0     0, 0.0   0.809  26.6-148.3-155.4 164.3    9.9   -1.8  -67.4               
  901  901 A P        -     0   0  110      0, 0.0     2,-0.2     0, 0.0    -1,-0.1  -0.662  12.2-167.7-117.3 157.9   10.2   -5.6  -67.0               
  902  902 A E        +     0   0  204     -2,-0.2     0, 0.0     1,-0.1     0, 0.0  -0.800  40.4 156.6-149.7 143.4   11.5   -9.1  -67.7               
  903  903 A G        -     0   0   66     -2,-0.2    -1,-0.1     0, 0.0     0, 0.0   0.740  34.2-164.4 174.6 167.6   10.1  -11.8  -66.5               
  904  904 A S        +     0   0  117      0, 0.0    -2,-0.0     0, 0.0     0, 0.0   0.810  31.7  28.2  64.8 136.6    8.8  -15.3  -65.5               
  905  905 A L        -     0   0  134      0, 0.0     0, 0.0     0, 0.0     0, 0.0   0.768  34.7 -62.3-156.5 152.0    6.7  -17.3  -63.8               
  906  906 A H        -     0   0  161      2,-0.0     0, 0.0     0, 0.0     0, 0.0   0.851  18.4 -75.5  47.4 159.5    3.7  -18.8  -61.9               
  907  907 A S        -     0   0  103      1,-0.3     0, 0.0     2,-0.0     0, 0.0   0.489   3.8-115.3-171.2 147.5    1.3  -19.4  -59.7               
  908  908 A S        +     0   0  113      0, 0.0    -1,-0.3     0, 0.0    -2,-0.0  -0.192  28.7  74.1 -80.9-165.8   -1.3  -20.3  -57.0               
  909  909 A P        +     0   0  116      0, 0.0    -2,-0.0     0, 0.0     0, 0.0   0.620  20.4  70.4-137.2-147.8   -3.9  -21.9  -55.9               
  910  910 A V        +     0   0  135      1,-0.0     0, 0.0    -2,-0.0     0, 0.0   0.696  12.5 151.9 102.5 124.9   -6.6  -24.5  -54.6               
  911  911 A G        -     0   0   62      0, 0.0     2,-0.3     0, 0.0    -1,-0.0  -0.787  30.8-134.3-129.0-176.5   -7.9  -26.6  -51.7               
  912  912 A P        -     0   0  125      0, 0.0     0, 0.0     0, 0.0     0, 0.0  -0.939  15.4 -75.7-146.5 155.2  -11.4  -27.8  -50.9               
  913  913 A S        -     0   0  108     -2,-0.3     0, 0.0     1,-0.1     0, 0.0   0.446  25.0-178.6   8.5 154.4  -14.2  -28.4  -48.5               
  914  914 A S        -     0   0  108      0, 0.0     2,-0.1     0, 0.0    -1,-0.1   0.605  19.6 -38.3 179.3 145.6  -16.0  -29.7  -46.1               
  915  915 A S        -     0   0  116      0, 0.0     0, 0.0     0, 0.0     0, 0.0  -0.459  49.2-102.4-163.0 106.1  -18.2  -31.1  -43.4               
  916  916 A K        +     0   0  216     -2,-0.1     0, 0.0     1,-0.1     0, 0.0   0.674  57.8  73.9  32.3 121.1  -20.5  -29.2  -40.9               
  917  917 A G        +     0   0   82      1,-0.3     2,-0.3     0, 0.0    -1,-0.1   0.799  51.5  70.4 131.1  43.2  -20.7  -28.1  -37.4               
  918  918 A S        -     0   0  124      0, 0.0    -1,-0.3     0, 0.0    -2,-0.0  -0.973  63.4-102.3-150.0 160.1  -19.2  -25.4  -35.1               
  919  919 A G        -     0   0   63     -2,-0.3     0, 0.0     1,-0.1     0, 0.0  -0.344  42.7 -95.2 -73.6 158.2  -19.5  -21.6  -34.8               
  920  920 A P        -     0   0  124      0, 0.0    -1,-0.1     0, 0.0     3,-0.0  -0.390  41.7-108.7 -68.8 151.4  -16.9  -19.0  -36.1               
  921  921 A P        -     0   0   98      0, 0.0     2,-0.4     0, 0.0     0, 0.0  -0.411  41.4 -90.6 -73.5 157.8  -14.2  -17.7  -33.7               
  922  922 A P        +     0   0   93      0, 0.0     0, 0.0     0, 0.0     0, 0.0  -0.559  58.9 146.3 -72.8 123.8  -14.3  -14.0  -32.5               
  923  923 A T        +     0   0  130     -2,-0.4     4,-0.0    -3,-0.0     0, 0.0  -0.094  59.5  73.3-139.6  32.4  -12.4  -11.6  -34.7               
  924  924 A E  S  > S+     0   0  157      3,-0.1     4,-1.9     2,-0.1     5,-0.1   0.474  70.4  79.2-128.7  -6.9  -14.7   -8.5  -34.3               
  925  925 A E  H  > S+     0   0  134      2,-0.2     4,-2.7     1,-0.2     5,-0.2   0.936  91.8  51.1 -75.7 -41.7  -14.0   -7.1  -30.7               
  926  926 A E  H  > S+     0   0  129      1,-0.2     4,-0.7     2,-0.2    -1,-0.2   0.746 117.5  41.1 -71.3 -21.6  -10.7   -5.2  -31.4               
  927  927 A E  H  > S+     0   0  153      2,-0.2     4,-3.1     3,-0.1    -1,-0.2   0.785 111.0  57.9 -90.4 -29.0  -12.4   -3.4  -34.4               
  928  928 A G  H  X S+     0   0   30     -4,-1.9     4,-2.4     2,-0.2    -2,-0.2   0.932 107.9  46.6 -59.8 -45.4  -15.6   -3.0  -32.4               
  929  929 A E  H  X S+     0   0  133     -4,-2.7     4,-0.9     2,-0.2    -1,-0.2   0.878 114.5  46.8 -68.2 -36.0  -13.6   -1.0  -29.7               
  930  930 A R  H >X S+     0   0  138     -4,-0.7     4,-1.7    -5,-0.2     3,-0.6   0.944 111.9  51.4 -67.5 -42.3  -11.9    1.1  -32.5               
  931  931 A A  H 3X S+     0   0   47     -4,-3.1     4,-2.9     1,-0.2    -2,-0.2   0.885 108.5  50.9 -61.9 -38.8  -15.3    1.7  -34.1               
  932  932 A L  H 3< S+     0   0  137     -4,-2.4    -1,-0.2     1,-0.2     5,-0.2   0.727 115.1  44.1 -69.7 -21.4  -16.8    2.8  -30.7               
  933  933 A R  H << S+     0   0  215     -4,-0.9    -2,-0.2    -3,-0.6    -1,-0.2   0.678 122.3  36.6 -91.9 -21.1  -13.7    5.3  -30.4               
  934  934 A E  H  < S+     0   0  162     -4,-1.7     2,-1.0     1,-0.2    -3,-0.2   0.719 107.3  65.7-109.5 -29.1  -13.9    6.5  -34.0               
  935  935 A K  S  < S-     0   0  153     -4,-2.9     2,-0.7    -5,-0.3    -1,-0.2  -0.771  72.7-156.1 -89.8  95.5  -17.7    6.6  -34.7               
  936  936 A A        -     0   0   88     -2,-1.0     2,-0.5    -3,-0.1    -3,-0.1  -0.594  28.6-122.0 -57.3 109.6  -19.0    9.3  -32.3               
  937  937 A V        -     0   0  110     -2,-0.7     2,-1.9    -5,-0.2    -1,-0.1  -0.525  17.3-130.8 -63.7 114.6  -22.6    7.9  -32.1               
  938  938 A N        -     0   0  156     -2,-0.5    -1,-0.1     2,-0.0    -2,-0.0  -0.535  22.5-164.1 -68.7  83.5  -24.9   10.8  -33.3               
  939  939 A I        -     0   0  127     -2,-1.9     2,-0.3     1,-0.1    -3,-0.0  -0.621  38.8-101.7 -58.0 123.2  -27.4   10.8  -30.4               
  940  940 A P        -     0   0  114      0, 0.0    -1,-0.1     0, 0.0    -2,-0.0  -0.419  32.2-157.5 -59.4 115.0  -30.2   12.8  -31.9               
  941  941 A L  S    S+     0   0  169     -2,-0.3    -2,-0.0     1,-0.1    -3,-0.0   0.365  73.2  67.9 -81.0   5.2  -29.8   16.3  -30.4               
  942  942 A D  S    S-     0   0  141      3,-0.0     2,-0.4     0, 0.0    -1,-0.1  -0.985  76.3-140.4-124.3 119.8  -33.5   17.3  -31.0               
  943  943 A P        -     0   0  105      0, 0.0     3,-0.1     0, 0.0    -2,-0.1  -0.659  36.9-104.8 -73.9 129.0  -36.4   15.5  -29.2               
  944  944 A L    >   -     0   0  159     -2,-0.4     3,-1.1     1,-0.1     2,-0.3  -0.320  37.6-113.0 -56.3 121.7  -39.3   15.0  -31.6               
  945  945 A P  T 3  S+     0   0  136      0, 0.0    -1,-0.1     0, 0.0    -3,-0.0  -0.393  95.6  52.7 -62.5 116.3  -42.1   17.6  -30.9               
  946  946 A G  T 3  S+     0   0   75      1,-0.4    -2,-0.1    -2,-0.3     0, 0.0   0.084  74.1 100.6 148.7 -24.4  -45.2   15.7  -29.6               
  947  947 A H    <   -     0   0  177     -3,-1.1    -1,-0.4     1,-0.0     2,-0.2  -0.744  69.2-128.2 -86.1 125.1  -44.2   13.5  -26.6               
  948  948 A P        -     0   0  103      0, 0.0     2,-2.2     0, 0.0    -1,-0.0  -0.547  35.1-106.5 -66.5 135.4  -45.0   14.9  -23.1               
  949  949 A L        -     0   0  175     -2,-0.2     2,-0.5     1,-0.0    -2,-0.0  -0.395  42.0-172.6 -73.7  75.2  -41.7   14.7  -21.0               
  950  950 A R        -     0   0  195     -2,-2.2     5,-0.1     1,-0.1    -1,-0.0  -0.643  34.3-110.2 -64.7 116.1  -42.6   11.8  -18.7               
  951  951 A D    >   -     0   0   82     -2,-0.5     3,-1.9     1,-0.1     4,-0.3  -0.285  16.5-137.1 -48.7 122.8  -39.7   11.6  -16.2               
  952  952 A P  G >> S+     0   0  101      0, 0.0     3,-1.8     0, 0.0     4,-1.4   0.822 105.0  67.5 -54.9 -28.4  -37.6    8.4  -16.9               
  953  953 A R  G 34 S+     0   0  156      1,-0.3     4,-0.4     2,-0.2    -2,-0.1   0.789  87.0  67.9 -64.3 -22.1  -37.6    7.9  -13.1               
  954  954 A S  G <4 S+     0   0   38     -3,-1.9    -1,-0.3     1,-0.2    -3,-0.1   0.649 103.9  43.0 -72.9 -13.5  -41.4    7.3  -13.4               
  955  955 A Q  T X4 S+     0   0  168     -3,-1.8     3,-0.7    -4,-0.3    -2,-0.2   0.705 105.0  64.7 -90.6 -27.3  -40.5    4.0  -15.3               
  956  956 A L  G ><  +     0   0  100     -4,-1.4     3,-2.4     1,-0.2    -2,-0.2   0.521  67.9 106.4 -72.9  -1.7  -37.7    3.4  -12.6               
  957  957 A Q  G 3  S+     0   0  170     -4,-0.4    -1,-0.2     1,-0.3     3,-0.2   0.510  75.9  58.5 -54.2  -7.1  -40.6    3.0   -9.9               
  958  958 A Q  G <  S+     0   0   76     -3,-0.7    -1,-0.3     1,-0.1    -2,-0.1   0.618 100.6  51.8 -95.0 -17.8  -39.8   -0.8  -10.1               
  959  959 A F  S <  S+     0   0  132     -3,-2.4     2,-0.2     1,-0.1     3,-0.2  -0.013  82.8  87.2-123.1  28.4  -36.0   -0.8   -9.1               
  960  960 A S        +     0   0   53     -3,-0.2     3,-0.5     1,-0.1    -1,-0.1  -0.623  20.2 146.0-135.8  80.1  -35.6    1.2   -5.8               
  961  961 A H  S    S+     0   0  149      1,-0.3     2,-0.3    -2,-0.2    -1,-0.1   0.657  86.3  55.6 -79.0 -13.0  -36.0   -0.7   -2.5               
  962  962 A I  S    S+     0   0  162     -3,-0.2    -1,-0.3     1,-0.1     2,-0.1  -0.645  86.3  87.3-113.5  67.5  -33.3    1.8   -1.3               
  963  963 A K        -     0   0  134     -3,-0.5     2,-1.5    -2,-0.3    -1,-0.1  -0.530  56.4-167.6-152.3  92.7  -35.0    5.0   -2.2               
  964  964 A K        -     0   0  112     -2,-0.1     2,-1.4     2,-0.1    -3,-0.1  -0.693  10.5-156.3 -76.8  90.2  -37.3    6.3    0.6               
  965  965 A D        -     0   0  123     -2,-1.5     2,-1.9     1,-0.1    -1,-0.0  -0.602  11.2-151.4 -60.0  92.3  -39.2    9.0   -1.2               
  966  966 A V        -     0   0   96     -2,-1.4     2,-2.3     1,-0.1    -1,-0.1  -0.610   6.8-160.0 -72.9  85.7  -40.0   10.9    2.0               
  967  967 A T        -     0   0  127     -2,-1.9     2,-1.2     1,-0.1    -1,-0.1  -0.525   6.4-161.0 -67.5  76.8  -43.3   12.4    0.7               
  968  968 A L        -     0   0  143     -2,-2.3     2,-0.6     1,-0.1    -1,-0.1  -0.566  15.0-137.8 -61.3  95.2  -43.3   15.2    3.3               
  969  969 A S        -     0   0  106     -2,-1.2     3,-0.1     1,-0.1    -1,-0.1  -0.547  32.9-107.1 -55.1 107.9  -47.0   16.1    3.1               
  970  970 A K        -     0   0  188     -2,-0.6    -1,-0.1     1,-0.1     5,-0.0  -0.267  38.9-121.4 -47.9 110.8  -46.5   19.9    3.2               
  971  971 A P    >   -     0   0   63      0, 0.0     3,-2.9     0, 0.0     4,-0.2  -0.253  27.0-103.2 -63.0 151.7  -47.8   20.7    6.8               
  972  972 A S  G >  S+     0   0  116      1,-0.3     3,-1.2     2,-0.2     4,-0.1   0.756 120.0  61.0 -55.5 -28.9  -50.7   23.1    6.8               
  973  973 A F  G >> S+     0   0  121      1,-0.3     3,-2.1     2,-0.2     4,-1.3   0.663  81.5  82.7 -69.9 -15.7  -48.5   26.1    7.9               
  974  974 A A  G <4 S+     0   0   29     -3,-2.9    -1,-0.3     1,-0.3    -2,-0.2   0.528  87.4  58.1 -68.0  -3.9  -46.4   25.7    4.7               
  975  975 A R  G <4 S+     0   0  238     -3,-1.2    -1,-0.3    -4,-0.2    -2,-0.2   0.474 110.2  42.0 -93.2 -10.1  -49.2   27.8    3.1               
  976  976 A T  T <4 S+     0   0   90     -3,-2.1     2,-0.6    -4,-0.1    -2,-0.2   0.470  98.4  83.5-114.6 -11.4  -48.6   30.7    5.6               
  977  977 A V     <  -     0   0   35     -4,-1.3     2,-0.5    11,-0.0    -1,-0.0  -0.877  65.7-153.6 -91.5 120.7  -44.7   30.7    5.6               
  978  978 A L  E     -D  987   0D 121     -2,-0.6     9,-2.6     9,-0.5     2,-0.4  -0.848  17.2-152.0 -85.6 126.1  -43.1   32.6    2.8               
  979  979 A W  E     -D  986   0D 108     -2,-0.5     6,-0.0     7,-0.2     5,-0.0  -0.826  16.9-118.0-100.1 138.5  -39.7   31.0    2.1               
  980  980 A N     >  -     0   0   37      5,-2.0     4,-1.6    -2,-0.4     5,-0.2  -0.666  19.9-142.3 -69.0 125.5  -36.7   32.9    0.7               
  981  981 A P  T  4 S+     0   0  121      0, 0.0    -1,-0.1     0, 0.0    -2,-0.0   0.591  98.1  47.9 -64.0 -11.4  -35.9   31.2   -2.7               
  982  982 A E  T  4 S+     0   0  170      3,-0.1    -2,-0.0     1,-0.0    -3,-0.0   0.811 126.2  17.9 -98.5 -34.7  -32.1   31.7   -2.0               
  983  983 A D  T  4 S-     0   0   59      2,-0.1    -1,-0.0    -3,-0.1  -847,-0.0   0.365  85.8-127.2-117.1  -6.2  -31.7   30.5    1.7               
  984  984 A L     <  +     0   0  133     -4,-1.6    -5,-0.0     1,-0.2     0, 0.0   0.660  60.0 149.9  52.5  19.8  -34.8   28.3    2.5               
  985  985 A I        -     0   0   81     -5,-0.2    -5,-2.0     1,-0.1     2,-0.7  -0.605  56.3-114.4 -75.5 133.4  -35.2   30.7    5.6               
  986  986 A P  E     -D  979   0D  72      0, 0.0    -7,-0.2     0, 0.0    -1,-0.1  -0.577  31.8-136.0 -60.9 109.7  -38.8   31.2    6.9               
  987  987 A L  E     -D  978   0D  69     -9,-2.6    -9,-0.5    -2,-0.7     2,-0.2  -0.572  25.1-110.0 -68.0 127.8  -39.4   34.9    6.2               
  988  988 A P        -     0   0  117      0, 0.0     3,-0.1     0, 0.0    -1,-0.1  -0.467  42.9-101.3 -62.0 124.0  -41.1   36.4    9.3               
  989  989 A I        -     0   0  118     -2,-0.2     2,-0.1     1,-0.1   -12,-0.0  -0.246  41.6-106.9 -50.3 121.2  -44.7   37.3    8.2               
  990  990 A P        -     0   0  105      0, 0.0     2,-0.6     0, 0.0    -1,-0.1  -0.338  39.0-110.4 -54.0 122.9  -44.8   41.1    7.5               
  991  991 A K        -     0   0  200     -3,-0.1     2,-0.6     1,-0.1     3,-0.0  -0.466  26.8-143.9 -60.8 106.8  -46.8   42.6   10.4               
  992  992 A Q        -     0   0  189     -2,-0.6     3,-0.1     1,-0.1    -1,-0.1  -0.685  27.5-115.9 -68.5 117.6  -50.1   43.7    8.9               
  993  993 A D        -     0   0  155     -2,-0.6     2,-0.7     1,-0.1    -1,-0.1  -0.288  41.3 -89.7 -58.1 142.1  -50.9   46.9   10.8               
  994  994 A A        -     0   0  100     -3,-0.0    -1,-0.1     1,-0.0    -3,-0.0  -0.433  40.5-176.9 -72.8 108.3  -54.0   46.5   12.9               
  995  995 A V        -     0   0  136     -2,-0.7    -3,-0.0    -3,-0.1    -1,-0.0  -0.887  38.6-113.5 -91.6 125.7  -57.3   47.5   11.1               
  996  996 A P        -     0   0  110      0, 0.0     2,-0.1     0, 0.0    -1,-0.0  -0.182  33.6 -98.7 -73.2 159.5  -60.0   47.1   13.8               
  997  997 A P        -     0   0  127      0, 0.0     0, 0.0     0, 0.0     0, 0.0  -0.327  17.2-158.6 -85.9 156.6  -62.8   44.4   13.7               
  998  998 A V        -     0   0  140     -2,-0.1     0, 0.0     1,-0.0     0, 0.0  -0.977  41.1-107.3-125.8 135.7  -66.5   44.3   12.7               
  999  999 A P        -     0   0  120      0, 0.0     2,-0.2     0, 0.0    -1,-0.0  -0.107  27.4 -88.6 -88.4 168.5  -68.5   41.4   14.2               
 1000 1000 A A        +     0   0  108      0, 0.0     2,-0.3     0, 0.0     3,-0.1  -0.392  36.9 165.5 -70.4 135.5  -69.9   38.0   13.2               
 1001 1001 A A        +     0   0   86      1,-0.3     0, 0.0    -2,-0.2     0, 0.0  -0.949  44.7  43.0-142.2 135.2  -73.4   37.3   11.8               
 1002 1002 A L        -     0   0  151     -2,-0.3    -1,-0.3     0, 0.0     2,-0.0   0.660  63.0-128.9  68.6 142.1  -74.5   34.0   10.1               
 1003 1003 A Q        +     0   0  166     -3,-0.1    -2,-0.0     2,-0.0     0, 0.0   0.401  31.2  75.1-170.0 151.0  -74.0   30.7   10.4               
 1004 1004 A S        -     0   0  107     -2,-0.0     0, 0.0     0, 0.0     0, 0.0   0.895  23.9-149.0  47.8 116.6  -73.4   26.8   10.6               
 1005 1005 A M        +     0   0  175      2,-0.0    -2,-0.0     0, 0.0     0, 0.0   0.465  14.9 134.8  63.6 144.8  -71.3   24.2   10.7               
 1006 1006 A P        -     0   0  107      0, 0.0     0, 0.0     0, 0.0     0, 0.0   0.715  17.9-155.0-142.1-169.4  -70.0   21.2   10.3               
 1007 1007 A T        -     0   0  125      1,-0.0     2,-0.3     0, 0.0    -2,-0.0   0.028  12.5-160.5 -45.2 154.4  -67.6   18.2    9.6               
 1008 1008 A L        -     0   0  186      0, 0.0    -1,-0.0     0, 0.0     0, 0.0  -0.955  22.6-116.2-141.2 163.6  -67.8   14.6    8.5               
 1009 1009 A D        -     0   0  133     -2,-0.3     2,-1.2     2,-0.1     0, 0.0  -0.564  21.7-111.3-105.9 151.5  -65.2   11.7    8.8               
 1010 1010 A P        +     0   0  120      0, 0.0     2,-0.3     0, 0.0    -1,-0.0  -0.576  60.9 119.5 -98.0  86.2  -63.3    9.5    6.2               
 1011 1011 A R        +     0   0  218     -2,-1.2    -2,-0.1     1,-0.1     2,-0.0  -0.824  32.2  83.3-143.3 113.3  -64.4    5.8    6.0               
 1012 1012 A L        +     0   0  154     -2,-0.3    -1,-0.1     1,-0.1     2,-0.0  -0.063  19.3 125.1 170.7 118.4  -65.9    3.8    3.1               
 1013 1013 A H        +     0   0  208     -2,-0.0     2,-0.3     0, 0.0    -1,-0.1  -0.482  43.4 114.4-152.8  85.9  -64.7    1.8    0.1               
 1014 1014 A R        +     0   0  238     -2,-0.0     2,-0.3     0, 0.0     0, 0.0  -0.832  36.7 175.1-149.7 116.2  -66.1   -1.8    0.2               
 1015 1015 A A        +     0   0  103     -2,-0.3     0, 0.0     1,-0.2     0, 0.0  -0.930  23.2   0.2-160.5 149.0  -68.7   -3.2   -2.3               
 1016 1016 A A        -     0   0  100     -2,-0.3     2,-0.3     1,-0.1    -1,-0.2   0.820  22.3-170.4-148.9 167.6  -70.2   -5.9   -3.1               
 1017 1017 A T        +     0   0  146      0, 0.0     2,-0.3     0, 0.0    -1,-0.1  -0.823   9.6 174.1-107.9 142.6  -71.2   -9.6   -2.9               
 1018 1018 A A        -     0   0  108     -2,-0.3     0, 0.0     0, 0.0     0, 0.0  -0.964  27.0-121.8-140.6 152.5  -73.2  -12.0   -5.1               
 1019 1019 A G        -     0   0   74     -2,-0.3     0, 0.0     1,-0.1     0, 0.0  -0.278  13.0-144.8-105.7 177.4  -73.6  -15.8   -4.5               
 1020 1020 A P        -     0   0  116      0, 0.0     2,-0.3     0, 0.0    -1,-0.1  -0.309  13.4-125.0-104.2-174.3  -73.1  -19.4   -6.0               
 1021 1021 A P        -     0   0  129      0, 0.0     2,-0.2     0, 0.0     0, 0.0  -0.958  29.7-128.7-133.6 171.6  -74.6  -22.7   -6.2               
 1022 1022 A N        -     0   0  162     -2,-0.3     2,-0.2     0, 0.0     0, 0.0  -0.641  19.4-178.2 -95.3 154.0  -73.0  -26.2   -5.3               
 1023 1023 A A        -     0   0  102     -2,-0.2     2,-0.0     2,-0.0     0, 0.0  -0.597  21.0-163.3-174.2 164.9  -72.3  -29.7   -6.3               
 1024 1024 A R        +     0   0  214     -2,-0.2     0, 0.0     2,-0.0     0, 0.0   0.154  24.6 103.3-176.6 146.3  -70.7  -32.4   -4.8               
 1025 1025 A Q        -     0   0  163     -2,-0.0    -2,-0.0     2,-0.0     0, 0.0   0.695  24.4-144.1  74.2 122.0  -68.9  -35.8   -4.0               
 1026 1026 A R        -     0   0  239      1,-0.0    -2,-0.0     0, 0.0     2,-0.0   0.607  18.9 -89.0  84.9 154.7  -65.9  -37.4   -3.1               
 1027 1027 A P        -     0   0  109      0, 0.0     2,-0.2     0, 0.0    -1,-0.0   0.123   4.3-102.9-136.9-179.3  -63.8  -40.3   -3.5               
 1028 1028 A G        -     0   0   69     -2,-0.0     2,-0.1     2,-0.0     0, 0.0  -0.821  19.7-134.5-174.9 141.2  -61.6  -43.6   -3.6               
 1029 1029 A A        +     0   0   99     -2,-0.2     0, 0.0     0, 0.0     0, 0.0   0.335  13.6  65.5  78.6 124.1  -58.8  -45.4   -3.1               
 1030 1030 A S        +     0   0  101     -2,-0.1    -2,-0.0     0, 0.0     0, 0.0   0.830  14.7  37.0-161.0-171.0  -56.3  -47.4   -3.5               
 1031 1031 A T        +     0   0  127      0, 0.0     0, 0.0     0, 0.0     0, 0.0   0.763  16.2 153.7  67.3 148.9  -53.1  -49.7   -4.1               
 1032 1032 A D        +     0   0  140      0, 0.0     0, 0.0     0, 0.0     0, 0.0   0.720   6.8 156.8-170.7 178.7  -50.0  -50.5   -4.8               
 1033 1033 A S        +     0   0   96      0, 0.0     0, 0.0     0, 0.0     0, 0.0   0.914  13.9 114.9  77.3 134.6  -46.6  -52.2   -5.1               
 1034 1034 A S        +     0   0  107      0, 0.0     0, 0.0     0, 0.0     0, 0.0   0.751  22.6   7.6  77.5 143.6  -43.2  -53.0   -6.5               
 1035 1035 A T        -     0   0  106      0, 0.0     0, 0.0     0, 0.0     0, 0.0   0.647  37.8 -52.4-158.1 145.9  -40.1  -53.4   -7.2               
 1036 1036 A Q        +     0   0  191      0, 0.0     0, 0.0     0, 0.0     0, 0.0   0.783  30.0 105.9  58.3 145.8  -36.4  -53.4   -6.3               
 1037 1037 A G        -     0   0   77      0, 0.0     0, 0.0     0, 0.0     0, 0.0   0.876  28.0-100.8 169.1 170.2  -33.4  -52.5   -5.3               
 1038 1038 A A        +     0   0   81      2,-0.0     0, 0.0     0, 0.0     0, 0.0   0.824  35.5  15.4-159.6 164.9  -30.9  -52.4   -3.2               
 1039 1039 A N        -     0   0  151      2,-0.0     0, 0.0     0, 0.0     0, 0.0   0.805  34.1-144.0  68.0 114.5  -28.3  -51.4   -0.4               
 1040 1040 A L        +     0   0  163      1,-0.0    -2,-0.0     0, 0.0     0, 0.0   0.008  28.0  77.5  56.2 133.1  -28.0  -49.3    2.1               
 1041 1041 A P        +     0   0  111      0, 0.0     2,-0.1     0, 0.0    -1,-0.0   0.615  21.5  78.0-133.5 163.3  -26.0  -47.6    3.7               
 1042 1042 A D        +     0   0   81      2,-0.1     4,-0.2     1,-0.0     3,-0.1  -0.419  19.0 148.5-159.4 115.4  -23.6  -45.0    4.9               
 1043 1043 A F  S  > S+     0   0  183      1,-0.1     4,-0.5     2,-0.1     3,-0.4   0.545  82.3  72.0 -86.0 -11.0  -24.3  -41.6    6.5               
 1044 1044 A E  H  > S+     0   0  109      1,-0.2     4,-3.4     2,-0.2     3,-0.5   0.772  76.1  77.6 -74.3 -19.7  -21.0  -42.2    8.3               
 1045 1045 A L  H  4 S+     0   0  112      1,-0.3    -1,-0.2     2,-0.2    -2,-0.1   0.887 103.3  36.3 -63.5 -35.9  -18.9  -41.6    5.2               
 1046 1046 A L  H  4 S+     0   0  145     -3,-0.4     4,-0.4    -4,-0.2     3,-0.3   0.590 117.6  53.9 -86.9 -10.4  -19.4  -37.8    5.5               
 1047 1047 A S  H >X S+     0   0   36     -4,-0.5     4,-1.2    -3,-0.5     3,-1.0   0.870  99.0  62.7 -82.5 -36.6  -19.2  -38.2    9.4               
 1048 1048 A R  T 3< S+     0   0   90     -4,-3.4    -1,-0.2     1,-0.2    -2,-0.1   0.159 105.5  48.3 -73.4  16.3  -15.8  -40.1    9.0               
 1049 1049 A I  T 34 S+     0   0  106     -3,-0.3    -1,-0.2 -1016,-0.1    -2,-0.2   0.513 127.4  15.1-124.4 -21.7  -14.2  -36.9    7.5               
 1050 1050 A L  T <4 S+     0   0  154     -3,-1.0    -2,-0.2    -4,-0.4    -3,-0.1   0.154 114.7  58.9-143.7  17.8  -15.4  -34.1   10.0               
 1051 1051 A K  S  < S+     0   0  146     -4,-1.2 -1014,-0.4 -1017,-0.1     2,-0.3   0.406  88.1  76.4-125.2   4.0  -16.6  -35.7   13.4               
 1052 1052 A T        +     0   0   19     -5,-0.2     2,-0.2 -1016,-0.1 -1017,-0.1  -0.868  34.3 166.2-152.4 136.2  -13.9  -37.6   14.8               
 1053 1053 A V        -     0   0   88     -2,-0.3 -1017,-0.3 -1019,-0.2 -1020,-0.0  -0.728  57.7  -3.4-163.4 119.8  -10.4  -37.9   16.7               
 1054 1054 A N        +     0   0  124  -1019,-0.3    -1,-0.1    -2,-0.2     0, 0.0   0.977  57.8 124.9  65.0 106.3   -8.4  -41.0   18.3               
 1055 1055 A A        -     0   0   75  -1020,-0.1 -1019,-0.1     0, 0.0    -1,-0.0   0.070  35.8-150.2 175.3  80.8   -9.3  -44.8   18.9               
 1056 1056 A T        +     0   0  147      1,-0.0     0, 0.0     0, 0.0     0, 0.0   0.491  20.9 152.1  26.5 133.5   -7.3  -47.8   17.8               
 1057 1057 A G        -     0   0   70      0, 0.0    -1,-0.0     0, 0.0     0, 0.0   0.560  24.4 -53.7 152.8  97.2   -7.6  -51.4   16.7               
 1058 1058 A S        +     0   0  128      0, 0.0     0, 0.0     0, 0.0     0, 0.0   0.690  34.6  91.0  62.6 154.4   -6.1  -54.3   14.6               
 1059 1059 A S        -     0   0  117      0, 0.0     0, 0.0     0, 0.0     0, 0.0   0.846  45.7  -5.0-165.6 156.9   -4.8  -56.3   12.2               
 1060 1060 A A        +     0   0   90      0, 0.0     0, 0.0     0, 0.0     0, 0.0   0.766  43.8 141.9-144.6 147.3   -2.2  -57.7   10.5               
 1061 1061 A A        -     0   0   95      0, 0.0     2,-0.0     0, 0.0     0, 0.0   0.616  26.1-157.7  64.8 146.9    1.2  -57.6   10.1               
 1062 1062 A P        +     0   0  135      0, 0.0     0, 0.0     0, 0.0     0, 0.0   0.615  33.8 137.3-116.6-175.4    4.3  -58.4    9.6               
 1063 1063 A G        -     0   0   60     -2,-0.0     0, 0.0     0, 0.0     0, 0.0   0.834  37.2-143.0 171.4 174.8    7.3  -57.1   10.2               
 1064 1064 A S        +     0   0  122      0, 0.0     2,-0.1     0, 0.0     0, 0.0   0.816  26.6 168.2  59.0 119.2   10.9  -55.9   11.0               
 1065 1065 A S        -     0   0   84      0, 0.0     0, 0.0     0, 0.0     0, 0.0   0.360  18.8-178.1  69.4 137.8   12.4  -53.1   12.3               
 1066 1066 A D        -     0   0  138     -2,-0.1     0, 0.0     0, 0.0     0, 0.0   0.648  18.7-153.6-134.3 145.7   14.9  -51.6   13.5               
 1067 1067 A K        -     0   0  180      1,-0.1     2,-0.1     0, 0.0     0, 0.0   0.895  10.1-107.9  81.6 151.8   15.4  -48.3   14.8               
 1068 1068 A P        -     0   0  118      0, 0.0     2,-0.2     0, 0.0    -1,-0.1  -0.310   7.2-139.7-137.1-179.8   17.8  -45.5   15.5               
 1069 1069 A S        -     0   0  121     -2,-0.1     0, 0.0     1,-0.1     0, 0.0  -0.607  32.9 -18.0 164.9 160.6   20.2  -42.8   17.0               
 1070 1070 A D        -     0   0  141     -2,-0.2     2,-0.7     1,-0.1    -1,-0.1   0.824  24.8-130.5-161.4 152.6   21.5  -39.7   17.3               
 1071 1071 A P        +     0   0  105      0, 0.0     2,-0.3     0, 0.0    -1,-0.1  -0.677  50.9  92.2 -96.2 116.1   22.3  -36.0   16.1               
 1072 1072 A R        +     0   0  238     -2,-0.7     0, 0.0     1,-0.1     0, 0.0  -0.946  36.8  66.6-168.4 171.8   25.8  -34.3   16.2               
 1073 1073 A V        -     0   0  108     -2,-0.3    -1,-0.1     0, 0.0     0, 0.0   0.993  56.9 -31.2  80.5  95.0   29.1  -33.4   14.3               
 1074 1074 A R        -     0   0  237      2,-0.0    -2,-0.1     0, 0.0     2,-0.0   0.520  36.2 -36.1  65.5 170.4   30.0  -31.3   11.3               
 1075 1075 A K        -     0   0  196      1,-0.3     0, 0.0     2,-0.0     0, 0.0   0.235  18.5 -98.3-170.8 135.2   30.3  -29.5    8.4               
 1076 1076 A A        +     0   0   84     -2,-0.0    -1,-0.3     1,-0.0    -2,-0.0  -0.168  33.0  77.6 -75.0-179.8   30.1  -28.3    4.7               
 1077 1077 A P        +     0   0  117      0, 0.0     2,-0.3     0, 0.0    -2,-0.0   0.653  13.7 131.9-132.7 176.1   31.1  -27.8    1.8               
 1078 1078 A T        -     0   0  144      0, 0.0    -2,-0.0     0, 0.0     0, 0.0  -0.863  24.7-161.3-151.7 134.6   31.8  -28.9   -1.8               
 1079 1079 A D        -     0   0  103     -2,-0.3     0, 0.0     2,-0.1     0, 0.0  -0.846  21.6-136.6-104.1 136.3   30.8  -27.2   -5.1               
 1080 1080 A P        +     0   0  129      0, 0.0     2,-1.7     0, 0.0    -1,-0.1   0.392  66.6 123.6 -76.8   6.0   30.7  -29.0   -8.6               
 1081 1081 A R        +     0   0  208      1,-0.2    -2,-0.1     2,-0.0     3,-0.0  -0.586  41.6  85.4 -66.4  89.8   32.4  -25.9  -10.2               
 1082 1082 A L        +     0   0  147     -2,-1.7    -1,-0.2     3,-0.0     2,-0.0   0.101  30.0 119.2-177.2  90.4   35.5  -27.3  -11.8               
 1083 1083 A Q        +     0   0  204      0, 0.0    -2,-0.0     0, 0.0    -1,-0.0  -0.584  44.0 134.8-127.5  75.1   35.7  -28.7  -15.3               
 1084 1084 A K        +     0   0  181     -3,-0.0     2,-0.1    -2,-0.0     0, 0.0  -0.891  13.2 122.1-102.4 144.4   38.1  -26.5  -17.0               
 1085 1085 A P        +     0   0  114      0, 0.0    -3,-0.0     0, 0.0     0, 0.0   0.161  35.7  26.5-126.8-170.5   40.6  -27.3  -18.9               
 1086 1086 A T        -     0   0  103     -2,-0.1     0, 0.0     0, 0.0     0, 0.0   0.830  38.4 -66.2-151.1 177.8   41.7  -26.7  -21.9               
 1087 1087 A D        -     0   0  131      0, 0.0     0, 0.0     0, 0.0     0, 0.0   0.803  28.2  -8.9  52.9 112.7   42.5  -25.4  -25.4               
 1088 1088 A S        -     0   0   96      0, 0.0     0, 0.0     0, 0.0     0, 0.0   0.988  29.9 -21.4  90.3 116.0   42.0  -24.4  -28.8               
 1089 1089 A T        +     0   0  137      0, 0.0     0, 0.0     0, 0.0     0, 0.0   0.589  33.7 105.4  78.0 159.1   41.0  -23.6  -32.3               
 1090 1090 A A        -     0   0   90      0, 0.0     0, 0.0     0, 0.0     0, 0.0   0.994  41.7-167.4  59.2  74.6   39.0  -23.9  -35.5               
 1091 1091 A S        +     0   0  111      2,-0.0     0, 0.0     0, 0.0     0, 0.0   0.299  15.8  66.5  66.2 119.0   36.7  -21.5  -36.3               
 1092 1092 A S        +     0   0  106      0, 0.0     0, 0.0     0, 0.0     0, 0.0   0.894  34.5  39.9  91.2 126.5   33.8  -20.6  -38.5               
 1093 1093 A R        -     0   0  203      0, 0.0  -710,-0.0     0, 0.0    -2,-0.0   0.912  24.3-161.7  74.0  85.1   30.4  -20.5  -40.2               
 1094 1094 A A        +     0   0   64   -710,-0.1     0, 0.0     0, 0.0     0, 0.0   0.750  20.7 100.7  55.1 138.9   27.0  -20.7  -40.0               
 1095 1095 A A        -     0   0   73      2,-0.0     0, 0.0  -711,-0.0     0, 0.0   0.852  30.6 -66.0  90.5 124.8   23.6  -21.3  -41.7               
 1096 1096 A K        -     0   0  162      1,-0.1     2,-0.2     0, 0.0     0, 0.0   0.768   1.4-153.4  38.2 130.0   20.5  -23.0  -42.9               
 1097 1097 A P        -     0   0  132      0, 0.0    -1,-0.1     0, 0.0    -2,-0.0  -0.617  24.0-151.4-112.3 177.9   18.4  -25.1  -44.4               
 1098 1098 A G        -     0   0   66     -2,-0.2     2,-0.1     1,-0.1     0, 0.0   0.412  25.0 -45.1 117.6 134.8   15.4  -24.8  -45.3               
 1099 1099 A P        +     0   0  136      0, 0.0     2,-0.3     0, 0.0    -1,-0.1  -0.355  29.0 178.0 -90.0 161.5   12.0  -26.6  -46.0               
 1100 1100 A A        -     0   0  105     -2,-0.1     2,-0.3     2,-0.0     0, 0.0  -0.947  19.8-137.3-151.9 142.1   10.7  -29.7  -47.9               
 1101 1101 A E        +     0   0  202     -2,-0.3     0, 0.0     0, 0.0     0, 0.0  -0.727  22.3 169.7 -92.5 143.8    7.2  -31.2  -48.2               
 1102 1102 A A        -     0   0   98     -2,-0.3    -2,-0.0     0, 0.0     2,-0.0  -0.966  31.0-103.5-151.6 152.4    6.1  -34.9  -48.0               
 1103 1103 A P        -     0   0  126      0, 0.0     0, 0.0     0, 0.0     0, 0.0  -0.218  20.8-121.3 -95.7 165.5    2.6  -36.3  -47.8               
 1104 1104 A S        +     0   0  110     -2,-0.0     2,-0.0     0, 0.0     0, 0.0  -0.281  17.3 173.7 -59.5 159.5   -0.2  -37.8  -45.6               
 1105 1105 A P        -     0   0  110      0, 0.0     0, 0.0     0, 0.0     0, 0.0  -0.172  26.6 -51.1-154.6 165.5   -2.2  -40.4  -45.1               
 1106 1106 A T        +     0   0  135     -2,-0.0     0, 0.0     0, 0.0     0, 0.0   0.875  45.5  82.1  73.6 140.8   -4.8  -42.0  -42.8               
 1107 1107 A A        +     0   0   90      0, 0.0     0, 0.0     0, 0.0     0, 0.0   0.846  29.4 166.0  68.1 122.3   -6.2  -43.3  -39.4               
 1108 1108 A S        +     0   0  114      0, 0.0     0, 0.0     0, 0.0     0, 0.0   0.286   9.5 145.7  82.8 144.2   -7.7  -42.5  -36.4               
 1109 1109 A P        +     0   0  113      0, 0.0     0, 0.0     0, 0.0     0, 0.0   0.720  17.4  15.0-139.6-176.3   -9.2  -42.6  -33.7               
 1110 1110 A S        +     0   0  123      0, 0.0     0, 0.0     0, 0.0     0, 0.0   0.679  23.8  96.4  72.9 146.0  -10.4  -41.9  -30.0               
 1111 1111 A G        -     0   0   62      0, 0.0     0, 0.0     0, 0.0     0, 0.0   0.756  23.6 -86.4-179.9 169.8  -10.9  -40.5  -27.2               
 1112 1112 A D        +     0   0  170      2,-0.0     0, 0.0     0, 0.0     0, 0.0   0.742  36.6   1.2  62.3 144.8  -12.0  -38.6  -24.0               
 1113 1113 A A        +     0   0   86      1,-0.1     0, 0.0     0, 0.0     0, 0.0   0.782  21.2 134.9-159.2 162.9  -12.2  -35.9  -22.2               
 1114 1114 A S        -     0   0  119      2,-0.0    -1,-0.1     0, 0.0    -2,-0.0  -0.999  16.4-155.7-148.3 151.3  -12.0  -32.3  -20.8               
 1115 1115 A P        -     0   0  125      0, 0.0     2,-0.3     0, 0.0     0, 0.0  -0.982  27.2-134.6-117.9 145.2  -13.9  -29.4  -19.0               
 1116 1116 A P        -     0   0  121      0, 0.0     2,-0.3     0, 0.0    -2,-0.0  -0.671   4.2-134.6 -93.2 151.1  -12.8  -25.7  -19.4               
 1117 1117 A A        -     0   0  107     -2,-0.3     2,-0.3     2,-0.0     0, 0.0  -0.714  22.9-163.2 -91.0 149.7  -12.3  -22.9  -16.8               
 1118 1118 A T        -     0   0  126     -2,-0.3     0, 0.0     0, 0.0     0, 0.0  -1.000  18.7-111.6-140.6 136.6  -13.8  -19.5  -17.7               
 1119 1119 A A        -     0   0   95     -2,-0.3     2,-0.3     2,-0.0    -2,-0.0  -0.428  30.9-125.4 -72.5 136.5  -13.1  -16.0  -16.1               
 1120 1120 A P        +     0   0  100      0, 0.0    -1,-0.0     0, 0.0     0, 0.0  -0.801  56.0  66.8 -90.6 148.3  -15.5  -13.9  -14.0               
 1121 1121 A Y        +     0   0  217     -2,-0.3    -2,-0.0     0, 0.0     0, 0.0   0.510  42.5  98.7-144.9 132.3  -16.6  -10.9  -14.1               
 1122 1122 A D        -     0   0  135      3,-0.0     2,-1.9     0, 0.0     3,-0.4  -0.839  45.3-159.0-134.8 110.0  -19.0   -8.9  -16.3               
 1123 1123 A P        +     0   0  122      0, 0.0     3,-0.1     0, 0.0     0, 0.0  -0.328  61.6  92.6 -82.6  59.6  -22.4   -9.0  -14.6               
 1124 1124 A R        +     0   0  220     -2,-1.9     2,-0.4     1,-0.1     0, 0.0   0.474  53.4  77.4-142.4  10.4  -24.6   -8.1  -17.7               
 1125 1125 A V        +     0   0  146     -3,-0.4     2,-0.3     1,-0.0    -1,-0.1  -0.784  45.8 132.7-127.6  96.6  -26.1  -11.0  -19.8               
 1126 1126 A L        +     0   0  176     -2,-0.4    -1,-0.0     1,-0.1     0, 0.0  -0.785  36.1  75.5-141.3  99.9  -29.2  -12.8  -18.5               
 1127 1127 A A        +     0   0   97     -2,-0.3    -1,-0.1     2,-0.1     0, 0.0   0.197  47.0  79.2 167.9 106.7  -32.3  -13.6  -20.5               
 1128 1128 A A        -     0   0  104      1,-0.1    -1,-0.0     0, 0.0     0, 0.0   0.140  65.1 -19.1 179.6  88.9  -33.4  -16.0  -23.2               
 1129 1129 A G        +     0   0   87      0, 0.0    -1,-0.1     0, 0.0    -2,-0.1   0.433  33.4 174.5  73.2 156.6  -34.6  -19.7  -22.7               
 1130 1130 A G        -     0   0   65      0, 0.0     0, 0.0     0, 0.0     0, 0.0   0.347  15.9-164.6 159.5 143.7  -35.2  -22.5  -21.7               
 1131 1131 A L        +     0   0  189     -2,-0.0     0, 0.0     0, 0.0     0, 0.0   0.619  36.7  44.6  70.5 134.1  -36.2  -26.2  -20.9               
 1132 1132 A G        -     0   0   66      0, 0.0     0, 0.0     0, 0.0     0, 0.0   0.661  38.8 -21.9 175.4 157.9  -36.2  -28.3  -18.6               
 1133 1133 A Q        +     0   0  212      0, 0.0     2,-0.0     0, 0.0     0, 0.0   0.494  41.7   7.8  70.0 140.8  -36.4  -30.8  -15.5               
 1134 1134 A G        -     0   0   78      0, 0.0     0, 0.0     0, 0.0     0, 0.0   0.128  40.3 -22.0 177.1 122.1  -36.3  -31.0  -12.4               
 1135 1135 A G        +     0   0   89     -2,-0.0     2,-0.0     2,-0.0     0, 0.0   0.374  33.4  72.4  78.3 144.5  -36.4  -30.6   -8.6               
 1136 1136 A G        +     0   0   84      0, 0.0     2,-0.0     0, 0.0     0, 0.0   0.398  15.0 139.0 144.1 135.0  -36.0  -29.1   -5.9               
 1137 1137 A G        +     0   0   84     -2,-0.0     2,-0.1     0, 0.0    -2,-0.0  -0.066   6.5 154.1 148.5  94.0  -36.4  -27.1   -3.5               
 1138 1138 A G        -     0   0   62     -2,-0.0     0, 0.0     0, 0.0     0, 0.0  -0.346  30.2-132.3 168.0  90.1  -36.6  -25.7    0.1               
 1139 1139 A Q        -     0   0  181      1,-0.1     0, 0.0    -2,-0.1     0, 0.0   0.599  27.3 -44.2  88.7 112.1  -36.4  -22.7    1.6               
 1140 1140 A S        -     0   0  117      1,-0.1     2,-0.6     0, 0.0    -1,-0.1   0.123  25.8-154.7 -17.5 122.8  -35.0  -20.2    4.2               
 1141 1141 A S        -     0   0  113      3,-0.0     3,-0.1     0, 0.0    -1,-0.1  -0.969  32.7-137.9 -96.7 116.5  -34.6  -20.7    7.9               
 1142 1142 A V        -     0   0   99     -2,-0.6     2,-0.3     1,-0.2     0, 0.0  -0.163  31.9 -63.2 -33.3 140.7  -34.7  -17.3    9.5               
 1143 1143 A L        +     0   0  166      2,-0.0    -1,-0.2     3,-0.0     2,-0.2  -0.297  69.4 136.6  43.4  58.8  -33.0  -15.7   11.9               
 1144 1144 A S        +     0   0  110     -2,-0.3     3,-0.1    -3,-0.1    -3,-0.0  -0.670  51.4  66.3-154.4 101.2  -33.6  -17.5   15.2               
 1145 1145 A G        +     0   0   76     -2,-0.2     2,-2.2     3,-0.0    -2,-0.0   0.307  51.8 111.4 167.3 -18.2  -30.4  -17.9   17.3               
 1146 1146 A I        +     0   0  166      1,-0.1     2,-1.3     2,-0.1    -3,-0.0  -0.440  36.7 163.0 -75.8  67.7  -29.1  -14.5   18.6               
 1147 1147 A S        -     0   0  117     -2,-2.2     2,-0.6    -3,-0.1     3,-0.2  -0.756  24.6-158.5 -83.6  87.7  -29.9  -15.2   22.2               
 1148 1148 A L        -     0   0  154     -2,-1.3    -2,-0.1     1,-0.2    -3,-0.0  -0.675  43.9 -29.3 -70.5 119.7  -27.7  -12.5   23.9               
 1149 1149 A Y        +     0   0  205     -2,-0.6    -1,-0.2     1,-0.1     0, 0.0   0.937  43.5 164.3  55.2 107.5  -26.8  -13.2   27.5               
 1150 1150 A D        -     0   0  143     -3,-0.2     2,-0.8     2,-0.0    -1,-0.1  -0.886  28.1-157.5-134.7 112.4  -28.3  -15.0   30.5               
 1151 1151 A P        +     0   0   94      0, 0.0     2,-0.3     0, 0.0     0, 0.0  -0.764  31.6 131.6 -97.8 103.9  -25.5  -15.5   33.1               
 1152 1152 A R        -     0   0  235     -2,-0.8    -2,-0.0     0, 0.0     0, 0.0  -0.957  26.7-168.8-152.3 137.3  -25.9  -18.3   35.8               
 1153 1153 A T        +     0   0  134     -2,-0.3     0, 0.0     2,-0.0     0, 0.0  -0.312  16.1 145.8 -97.1-175.5  -23.9  -21.2   37.2               
 1154 1154 A P        -     0   0  113      0, 0.0    -1,-0.0     0, 0.0     0, 0.0   0.537  19.3-131.7-144.5 174.5  -23.2  -23.9   38.9               
 1155 1155 A N        +     0   0  114      1,-0.0     2,-0.2     0, 0.0    -2,-0.0   0.498  16.1 164.0  27.3 122.8  -21.4  -27.2   39.5               
 1156 1156 A A        +     0   0   87      0, 0.0     2,-0.2     0, 0.0 -1114,-0.0  -0.843  29.6 135.2-151.5 153.3  -21.8  -30.8   40.5               
 1157 1157 A G        -     0   0   59     -2,-0.2     2,-0.1 -1115,-0.0 -1115,-0.0  -0.940  29.0-128.1-165.3-175.9  -19.0  -33.5   40.0               
 1158 1158 A G        -     0   0   58     -2,-0.2 -1116,-0.0     1,-0.0     0, 0.0  -0.306  23.6 -60.3 176.9 113.9  -16.9  -36.4   41.3               
 1159 1159 A K        -     0   0  212     -2,-0.1    -1,-0.0     0, 0.0     0, 0.0   0.977  21.1-135.0  73.3 113.7  -13.8  -38.3   42.1               
 1160 1160 A A        -     0   0   96      0, 0.0     2,-0.2     0, 0.0     0, 0.0   0.102   5.8-160.7 -55.8 170.7  -10.4  -39.8   40.9               
 1161 1161 A T        +     0   0  144      0, 0.0     0, 0.0     0, 0.0     0, 0.0  -0.702  24.5 168.9-159.2 138.8   -8.5  -43.0   41.5               
 1162 1162 A E        +     0   0  168     -2,-0.2     2,-0.0     0, 0.0     0, 0.0  -0.188   8.1 129.5-101.2-163.6   -4.6  -43.5   40.8               
 1163 1163 A P        +     0   0  101      0, 0.0     0, 0.0     0, 0.0     0, 0.0   0.628   6.2  80.3-138.8-161.8   -1.7  -45.0   40.9               
 1164 1164 A A        +     0   0   86     -2,-0.0     0, 0.0     0, 0.0     0, 0.0   0.729  15.0  70.4  84.2 149.9    1.7  -46.6   40.2               
 1165 1165 A A        -     0   0   84      0, 0.0     0, 0.0     0, 0.0     0, 0.0   0.828  22.0 -81.3-167.8-177.5    4.8  -47.3   39.6               
 1166 1166 A D        -     0   0  137      0, 0.0     2,-0.1     0, 0.0     0, 0.0   0.827  21.5-175.1  67.6 119.5    8.7  -48.0   39.2               
 1167 1167 A T        -     0   0  132      0, 0.0     0, 0.0     0, 0.0     0, 0.0   0.536   7.4 -76.2  71.0 141.8   11.9  -46.9   38.6               
 1168 1168 A G        -     0   0   69     -2,-0.1     0, 0.0     2,-0.0     0, 0.0   0.759   4.4-139.8 178.6-158.2   15.0  -46.8   38.1               
 1169 1169 A A        +     0   0  105      0, 0.0     0, 0.0     0, 0.0     0, 0.0   0.990  17.6 176.2  75.9  86.8   18.9  -46.9   38.5               
 1170 1170 A Q        +     0   0  179      0, 0.0    -2,-0.0     0, 0.0     0, 0.0   0.028  14.3 135.6 -32.0 178.9   21.9  -45.1   37.2               
 1171 1171 A P        -     0   0   86      0, 0.0     0, 0.0     0, 0.0     0, 0.0   0.670  24.7 -45.7-144.4-162.9   25.2  -45.0   37.6               
 1172 1172 A K        +     0   0  204      1,-0.0     0, 0.0     0, 0.0     0, 0.0   0.786   8.2 169.9  79.7 145.2   29.2  -44.8   37.4               
 1173 1173 A G        -     0   0   75      0, 0.0    -1,-0.0     0, 0.0     0, 0.0   0.512  30.2-164.2 177.3  23.1   32.5  -46.0   35.9               
 1174 1174 A A        -     0   0   85      0, 0.0     0, 0.0     0, 0.0     0, 0.0   0.753  15.0  -6.5  36.3 133.0   35.9  -44.2   36.7               
 1175 1175 A E        +     0   0  198      0, 0.0     0, 0.0     0, 0.0     0, 0.0   0.719  21.1 152.9  80.8 155.7   39.5  -43.5   35.9               
 1176 1176 A G        -     0   0   73      0, 0.0     2,-0.0     0, 0.0     0, 0.0   0.847  16.6-160.4 103.4  82.1   43.0  -43.9   34.1               
 1177 1177 A N        +     0   0  158      2,-0.0     0, 0.0     0, 0.0     0, 0.0   0.156  10.8 177.3  52.6 116.8   45.6  -41.7   33.5               
 1178 1178 A G        -     0   0   72     -2,-0.0     0, 0.0     0, 0.0     0, 0.0   0.309  16.9-151.7 178.5  37.7   48.3  -42.3   30.7               
 1179 1179 A K        -     0   0  181      0, 0.0    -2,-0.0     0, 0.0     0, 0.0   0.513  18.8 -43.1  16.1 130.8   51.2  -39.9   29.9               
 1180 1180 A S        +     0   0  110      0, 0.0     0, 0.0     0, 0.0     0, 0.0   0.645  29.6 137.0  89.2 156.9   53.4  -38.7   27.2               
 1181 1181 A S        -     0   0  104      0, 0.0     0, 0.0     0, 0.0     0, 0.0   0.945  21.2-143.8  74.6  88.7   55.8  -38.5   24.2               
 1182 1182 A A        +     0   0   96      0, 0.0     0, 0.0     0, 0.0     0, 0.0   0.821  14.4 171.8  72.5 174.1   56.5  -36.8   21.2               
 1183 1183 A S        -     0   0  115      0, 0.0     2,-0.1     0, 0.0     0, 0.0   0.892  14.2-164.6  72.7  97.4   57.8  -36.9   17.5               
 1184 1184 A K        +     0   0  207      0, 0.0     0, 0.0     0, 0.0     0, 0.0   0.369  14.3 142.0  67.6 135.3   58.0  -34.6   15.0               
 1185 1185 A A        +     0   0   98     -2,-0.1     0, 0.0     0, 0.0     0, 0.0   0.664  10.9  59.4  76.8 149.2   58.5  -34.4   11.2               
 1186 1186 A K        +     0   0  179      1,-0.2     0, 0.0     0, 0.0     0, 0.0   0.657   6.1 117.2-163.7 159.3   58.1  -33.4    8.2               
 1187 1187 A E        -     0   0  132      0, 0.0    -1,-0.2     0, 0.0     0, 0.0   0.084  17.0-154.7 -19.6 155.4   57.8  -31.8    4.7               
 1188 1188 A P        +     0   0  110      0, 0.0     0, 0.0     0, 0.0     0, 0.0  -0.252  34.9   9.1-150.8-158.5   58.8  -31.7    1.6               
 1189 1189 A P        -     0   0   89      0, 0.0     0, 0.0     0, 0.0     0, 0.0   0.579  38.6-149.7-133.7 153.1   59.0  -29.8   -1.1               
 1190 1190 A F        +     0   0  169      0, 0.0     0, 0.0     0, 0.0     0, 0.0   0.620  26.8 176.0  56.4 163.7   58.8  -26.4   -3.0               
 1191 1191 A V        -     0   0  124      0, 0.0     0, 0.0     0, 0.0     0, 0.0   0.518  40.5-143.9-140.1 121.4   58.5  -23.9   -5.2               
 1192 1192 A R        +     0   0  204      0, 0.0     2,-0.0     0, 0.0     0, 0.0   0.702  33.7 150.0  28.0 146.4   58.7  -20.1   -4.7               
 1193 1193 A K        +     0   0  189      0, 0.0     2,-0.0     0, 0.0     0, 0.0   0.637  42.2  32.5-157.6 167.5   58.4  -16.8   -4.6               
 1194 1194 A S        +     0   0  109     -2,-0.0     2,-0.1     0, 0.0     0, 0.0   0.754  33.7 116.6-143.2-179.2   58.8  -14.1   -2.6               
 1195 1195 A A        +     0   0   85     -2,-0.0     0, 0.0     2,-0.0     0, 0.0   0.295   8.5 172.3  81.9 142.4   60.1  -12.2    0.0               
 1196 1196 A L        -     0   0  144     -2,-0.1     0, 0.0     0, 0.0     0, 0.0   0.587  30.6 -67.1-152.2 140.2   61.6   -9.7    1.4               
 1197 1197 A E        -     0   0  162      2,-0.0    -2,-0.0     0, 0.0     0, 0.0   0.882  25.7-109.8  40.7 160.7   62.5   -8.2    5.0               
 1198 1198 A Q        -     0   0  176      1,-0.1     2,-0.2     0, 0.0     0, 0.0   0.654   6.4-106.7-169.4 167.0   62.2   -6.7    8.0               
 1199 1199 A P        -     0   0  101      0, 0.0     2,-0.2     0, 0.0    -1,-0.1  -0.614  16.5-149.8-118.1 177.5   62.1   -4.5   11.4               
 1200 1200 A E        -     0   0  176     -2,-0.2     0, 0.0     1,-0.1     0, 0.0  -0.776  28.3 -78.6-161.8 135.1   63.5   -4.0   15.0               
 1201 1201 A T        -     0   0  129     -2,-0.2    -1,-0.1     1,-0.0     0, 0.0   0.835  22.6-179.7  28.2 148.9   62.6   -2.7   18.6               
 1202 1202 A G        -     0   0   77      0, 0.0    -1,-0.0     0, 0.0     0, 0.0   0.635  29.7-135.3-162.5  -7.7   62.1    0.7   20.6               
 1203 1203 A K        -     0   0  210      0, 0.0     0, 0.0     0, 0.0     0, 0.0   0.960  19.8 -35.3  58.4 119.9   61.0    0.7   24.5               
 1204 1204 A A        +     0   0  105      0, 0.0     2,-0.0     0, 0.0     0, 0.0   0.951  20.0 154.1  81.9 138.4   59.0    2.0   27.3               
 1205 1205 A G        -     0   0   73      0, 0.0     2,-0.0     0, 0.0     0, 0.0   0.256  28.0-139.6 125.8 100.8   57.0    4.3   29.7               
 1206 1206 A A        +     0   0  100     -2,-0.0     0, 0.0     0, 0.0     0, 0.0   0.470  26.8 113.0  66.8 127.9   54.5    4.2   32.2               
 1207 1207 A D        -     0   0  167     -2,-0.0     0, 0.0     0, 0.0     0, 0.0   0.696  38.4 -58.9-157.7 160.8   52.0    4.7   34.0               
 1208 1208 A G        +     0   0   73      1,-0.0     0, 0.0     2,-0.0     0, 0.0   0.832  52.3 101.0  73.2 133.4   48.4    3.9   35.5               
 1209 1209 A G        +     0   0   84      1,-0.2    -1,-0.0     2,-0.0     0, 0.0   0.474  42.0 165.0 152.2  -1.6   44.7    3.5   34.5               
 1210 1210 A T        +     0   0  135      1,-0.1    -1,-0.2     2,-0.0    -2,-0.0  -0.366   6.2  82.4 -82.0 169.8   43.1   -0.1   34.1               
 1211 1211 A P        -     0   0  102      0, 0.0    -1,-0.1     0, 0.0    -2,-0.0   0.732  27.4-123.8-145.5-179.8   40.3   -1.8   33.9               
 1212 1212 A T        -     0   0  124      0, 0.0    -2,-0.0     0, 0.0     0, 0.0   0.866  22.2 -69.1  54.6 118.0   37.1   -3.6   32.9               
 1213 1213 A D        -     0   0  135      1,-0.0     2,-0.1     0, 0.0     0, 0.0   0.709   6.2-172.0  53.7 115.6   33.6   -4.7   32.8               
 1214 1214 A R        -     0   0  244      0, 0.0    -1,-0.0     0, 0.0     0, 0.0  -0.531  21.7-152.9-157.5 132.2   30.7   -6.3   34.1               
 1215 1215 A Y        -     0   0  200      1,-0.2     0, 0.0    -2,-0.1     0, 0.0  -0.086  40.2 -36.4 -72.1 165.3   27.3   -6.9   32.3               
 1216 1216 A N        +     0   0  126      1,-0.0     2,-0.3     0, 0.0    -1,-0.2   0.346  44.7 164.4 -19.8 134.2   23.6   -7.3   33.5               
 1217 1217 A S        -     0   0  122      0, 0.0     2,-0.1     0, 0.0    -1,-0.0  -0.966  30.1-117.6-148.8 156.2   22.0   -8.9   36.5               
 1218 1218 A Y        +     0   0  206     -2,-0.3     0, 0.0     1,-0.1     0, 0.0  -0.439  51.0  20.0 -88.9 158.1   18.4   -8.4   37.8               
 1219 1219 A N        -     0   0  146     -2,-0.1    -1,-0.1     0, 0.0     0, 0.0   0.973  64.8 -22.7  64.4 109.1   16.4   -7.2   40.8               
 1220 1220 A R        +     0   0  245      0, 0.0    -2,-0.0     0, 0.0     2,-0.0   0.694  41.6  17.8  25.7 151.6   16.7   -5.0   44.0               
 1221 1221 A P        +     0   0  116      0, 0.0     0, 0.0     0, 0.0     0, 0.0   0.741  31.2  41.9-140.4-154.3   18.1   -3.4   46.4               
 1222 1222 A R        -     0   0  235     -2,-0.0     2,-0.2     0, 0.0     0, 0.0   0.303  33.6-143.7 102.8 145.9   20.1   -1.5   49.3               
 1223 1223 A P        +     0   0  107      0, 0.0     0, 0.0     0, 0.0     0, 0.0  -0.564  30.8  52.2-125.1-178.3   22.8    1.3   49.6               
 1224 1224 A K        -     0   0  217     -2,-0.2     2,-0.2     1,-0.0     0, 0.0   0.303  44.5-105.2  72.1 169.3   25.8    3.2   51.1               
 1225 1225 A A        +     0   0   90      1,-0.1    -1,-0.0     2,-0.0     0, 0.0  -0.793  36.4  27.4-130.6 161.5   29.4    2.8   52.2               
 1226 1226 A A        +     0   0  101     -2,-0.2    -1,-0.1     0, 0.0     0, 0.0   0.947  46.7  38.1  72.5 127.5   32.4    2.4   54.6               
 1227 1227 A A        -     0   0   93      0, 0.0    -2,-0.0     0, 0.0     0, 0.0   0.862  42.2-104.0  78.9  79.5   34.1    1.5   57.8               
 1228 1228 A A        +     0   0   97      0, 0.0     0, 0.0     0, 0.0     0, 0.0   0.834  20.5 100.5  63.9 167.6   34.4   -0.9   60.6               
 1229 1229 A P        -     0   0  122      0, 0.0     0, 0.0     0, 0.0     0, 0.0   0.727  20.1 -25.4-137.3-179.0   34.6   -2.9   63.2               
 1230 1230 A A        +     0   0   96      0, 0.0     0, 0.0     0, 0.0     0, 0.0   0.718  25.9 136.4  76.8 120.6   34.3   -5.6   66.1               
 1231 1231 A A        -     0   0   91      0, 0.0     0, 0.0     0, 0.0     0, 0.0   0.955  20.1 -92.2 102.9 143.9   32.7   -8.0   68.1               
 1232 1232 A T        -     0   0  130      0, 0.0     0, 0.0     0, 0.0     0, 0.0   0.783  16.9-113.4-158.5 165.6   31.5  -10.5   70.0               
 1233 1233 A T        +     0   0  127      1,-0.0     0, 0.0     0, 0.0     0, 0.0   0.288  18.6 155.1 -20.1 161.0   29.6  -13.8   70.9               
 1234 1234 A A        -     0   0   78      2,-0.0    -1,-0.0     0, 0.0     0, 0.0   0.689  15.6-178.4 179.7 163.5   27.2  -15.6   72.4               
 1235 1235 A T        -     0   0  139      0, 0.0     0, 0.0     0, 0.0     0, 0.0   0.627  14.5-172.8  77.2 153.6   24.6  -18.3   73.5               
 1236 1236 A P        -     0   0  113      0, 0.0    -2,-0.0     0, 0.0     0, 0.0  -0.041   2.8-126.0-118.2-146.3   21.7  -19.6   76.0               
 1237 1237 A P        -     0   0  115      0, 0.0     0, 0.0     0, 0.0     0, 0.0   0.582  13.9  -3.2-128.1-139.5   19.3  -21.6   77.5               
 1238 1238 A P        +     0   0  111      0, 0.0     0, 0.0     0, 0.0     0, 0.0   0.804  24.5   4.4-137.6-172.4   16.6  -23.2   78.9               
 1239 1239 A E        +     0   0  199      2,-0.0     0, 0.0     0, 0.0     0, 0.0   0.564  11.1 146.7  70.8 154.1   13.0  -24.1   80.3               
 1240 1240 A G        -     0   0   69      2,-0.0     0, 0.0     0, 0.0     0, 0.0   0.774  21.1 -75.3-152.8-154.9    9.8  -24.3   81.2               
 1241 1241 A A        -     0   0   96      1,-0.1    -2,-0.0     0, 0.0     0, 0.0   0.880  14.6-177.2-162.2 170.7    6.7  -25.6   81.9               
 1242 1242 A P        +     0   0  121      0, 0.0    -1,-0.1     0, 0.0    -2,-0.0  -0.132   8.2 165.6 -91.6-167.5    3.1  -27.3   81.6               
 1243 1243 A P        -     0   0  108      0, 0.0     0, 0.0     0, 0.0     0, 0.0   0.454  28.3 -42.5-153.7 149.4    0.1  -28.6   82.4               
 1244 1244 A Q        +     0   0  178      2,-0.0     0, 0.0     0, 0.0     0, 0.0   0.677  30.3  41.4  72.6 161.0   -3.5  -29.7   81.1               
 1245 1245 A P        +     0   0  114      0, 0.0     2,-0.0     0, 0.0     0, 0.0   0.538  28.1  49.7-144.7 171.3   -6.4  -29.9   79.6               
 1246 1246 A G        -     0   0   71      0, 0.0    -2,-0.0     0, 0.0     0, 0.0  -0.204  46.8 -86.9 173.9 103.0   -9.7  -30.1   77.5               
 1247 1247 A V        +     0   0  130     -2,-0.0     0, 0.0     1,-0.0     0, 0.0   0.473  45.1  60.9  -4.8 149.7  -10.9  -31.5   74.0               
 1248 1248 A H        -     0   0  155      2,-0.0    -1,-0.0     0, 0.0     0, 0.0   0.714  43.7 -65.6-161.0 145.8  -11.3  -31.5   70.8               
 1249 1249 A N        +     0   0  129      2,-0.0    -2,-0.0     0, 0.0     0, 0.0   0.843  28.7 156.9  42.9 112.8  -10.3  -31.3   67.0               
 1250 1250 A L        -     0   0  161      2,-0.1    -2,-0.0     0, 0.0     0, 0.0   0.520  15.0-179.6  63.4 150.2   -9.0  -29.5   64.4               
 1251 1251 A P        +     0   0  108      0, 0.0    -2,-0.0     0, 0.0     0, 0.0   0.397  35.9 111.5-131.3 147.2   -7.6  -29.1   61.7               
 1252 1252 A V        -     0   0  129      2,-0.1     2,-0.4     0, 0.0    -2,-0.1  -0.985  43.1-162.7-113.1 134.6   -6.5  -26.3   59.5               
 1253 1253 A P        +     0   0  107      0, 0.0     2,-0.6     0, 0.0     0, 0.0  -0.732  23.4 161.1-120.8  88.7   -2.6  -26.3   59.4               
 1254 1254 A T        +     0   0  114     -2,-0.4     2,-0.4     2,-0.0    -2,-0.1  -0.899  24.6 176.4 -79.2 123.1   -0.9  -23.1   58.2               
 1255 1255 A L        -     0   0  160     -2,-0.6     2,-0.2     2,-0.0     0, 0.0  -0.952  22.1-169.1-138.6 124.0    2.7  -23.5   59.6               
 1256 1256 A F        +     0   0  200     -2,-0.4    -2,-0.0     1,-0.0     0, 0.0  -0.457  17.6 163.6 -75.9 166.7    5.8  -21.4   59.2               
 1257 1257 A G        -     0   0   66     -2,-0.2    -1,-0.0     0, 0.0    -2,-0.0   0.489  15.1-159.9 163.2  52.1    9.2  -22.8   60.4               
 1258 1258 A T        +     0   0  134      0, 0.0    -2,-0.0     0, 0.0     0, 0.0   0.601  17.1  71.3  33.4 131.8   12.7  -21.6   59.6               
 1259 1259 A V        +     0   0  130      0, 0.0     0, 0.0     0, 0.0     0, 0.0   0.853  26.1  37.5 104.4 128.5   16.3  -22.5   59.5               
 1260 1260 A K        -     0   0  166      0, 0.0     0, 0.0     0, 0.0     0, 0.0   0.990  26.5-109.9  80.6 105.5   19.9  -23.8   58.8               
 1261 1261 A Q        +     0   0  148      0, 0.0     0, 0.0     0, 0.0     0, 0.0   0.931  30.7 105.5  95.7 142.5   22.7  -24.8   56.9               
 1262 1262 A T        -     0   0  130      0, 0.0     2,-0.2     0, 0.0     0, 0.0   0.512  35.7-138.0  76.1 149.6   25.6  -26.4   54.9               
 1263 1263 A P        -     0   0  110      0, 0.0     2,-0.1     0, 0.0     0, 0.0  -0.592  23.2-179.6-127.5 165.4   26.4  -27.4   51.4               
 1264 1264 A K        -     0   0  193     -2,-0.2     0, 0.0     2,-0.0     0, 0.0  -0.325  30.3-105.3-178.5 129.1   27.7  -29.2   48.3               
 1265 1265 A T        +     0   0  139     -2,-0.1     2,-0.0     1,-0.0     0, 0.0   0.510  32.8 153.7  25.5 127.5   28.0  -29.0   44.5               
 1266 1266 A G        -     0   0   82      0, 0.0     2,-0.0     0, 0.0    -2,-0.0  -0.132  18.9-160.3 170.4  96.9   26.1  -30.7   41.6               
 1267 1267 A S        +     0   0  130      1,-0.1     0, 0.0     2,-0.0     0, 0.0  -0.270  20.3 155.6 -63.8 156.0   25.6  -29.5   37.9               
 1268 1268 A G        +     0   0   83     -2,-0.0    -1,-0.1     1,-0.0     0, 0.0   0.396  31.0 100.9-171.9  21.8   22.9  -30.9   35.5               
 1269 1269 A S        -     0   0  104      2,-0.1    -2,-0.0     1,-0.0    -1,-0.0  -0.816  30.2-178.4-102.8 150.0   21.6  -28.6   32.5               
 1270 1270 A P        +     0   0  133      0, 0.0     2,-0.5     0, 0.0    -1,-0.0  -0.420  32.1 134.0-137.1  89.5   22.1  -28.3   28.9               
 1271 1271 A F        +     0   0  205      2,-0.0     2,-0.2     0, 0.0    -2,-0.1  -0.993  36.6 155.9 -98.4 121.1   20.1  -25.5   27.4               
 1272 1272 A A        -     0   0   97     -2,-0.5     2,-0.1     2,-0.0     0, 0.0  -0.560  23.6-175.6 177.0 139.5   22.5  -23.5   25.1               
 1273 1273 A G        -     0   0   74     -2,-0.2    -2,-0.0     2,-0.0     0, 0.0   0.273  22.7-129.8 113.4 117.6   22.7  -21.6   22.6               
 1274 1274 A N        +     0   0  151     -2,-0.1    -2,-0.0     2,-0.0     0, 0.0  -0.309  31.8 156.1-151.2  59.9   25.1  -19.8   20.2               
 1275 1275 A S        -     0   0  121      1,-0.0     2,-1.4     2,-0.0    -2,-0.0  -0.784  42.2-134.0 -70.2 122.1   24.5  -16.1   19.7               
 1276 1276 A P        -     0   0  113      0, 0.0     2,-0.4     0, 0.0    -2,-0.0  -0.688  23.1-173.4 -83.0  89.8   27.9  -14.7   18.6               
 1277 1277 A A        +     0   0  102     -2,-1.4     2,-0.3     2,-0.0    -2,-0.0  -0.729  14.2 175.5 -64.8 128.8   28.5  -11.6   20.6               
 1278 1278 A R        -     0   0  233     -2,-0.4     2,-0.1     0, 0.0     0, 0.0  -0.983  20.0-132.1-142.1 134.2   31.7  -10.2   19.1               
 1279 1279 A E        +     0   0  188     -2,-0.3    -2,-0.0     1,-0.0     0, 0.0  -0.399  49.3  89.7 -80.6 161.4   33.3   -6.8   20.1               
 1280 1280 A G        -     0   0   66     -2,-0.1    -1,-0.0     0, 0.0     0, 0.0   0.817  60.8 -78.7 115.5  90.1   34.7   -3.9   18.0               
 1281 1281 A E        +     0   0  184      2,-0.0     0, 0.0     0, 0.0     0, 0.0   0.651  61.4  79.3  59.5 164.6   33.4   -0.7   16.5               
 1282 1282 A Q        +     0   0  174      1,-0.0     0, 0.0     2,-0.0     0, 0.0   0.894  42.8 101.1  51.5  85.1   31.4    0.9   13.6               
 1283 1283 A D        +     0   0  159      2,-0.0     2,-1.5     0, 0.0    -1,-0.0  -0.139  22.7 156.9-157.6  84.7   27.8    1.1   13.1               
 1284 1284 A A        -     0   0   97      2,-0.0     2,-0.3     3,-0.0     3,-0.1  -0.435  24.6-168.8 -82.6  59.8   26.5    4.6   13.9               
 1285 1285 A A        -     0   0   87     -2,-1.5     5,-0.0     1,-0.1    -2,-0.0  -0.377  32.3-122.9 -51.8 104.6   23.5    4.2   11.6               
 1286 1286 A S    >>  -     0   0   45     -2,-0.3     4,-1.5     1,-0.1     3,-1.3  -0.248  13.0-129.1 -75.5 151.6   22.7    7.9   11.9               
 1287 1287 A L  H 3> S+     0   0  128      1,-0.3     4,-1.5     2,-0.2    -1,-0.1   0.829 115.2  64.8 -55.6 -26.1   19.5    9.5   13.1               
 1288 1288 A K  H 3> S+     0   0  126      2,-0.2     4,-0.7     1,-0.2    -1,-0.3   0.847  97.5  51.2 -59.6 -38.8   20.1   11.4    9.7               
 1289 1289 A D  H <> S+     0   0   73     -3,-1.3     4,-1.2     2,-0.2     3,-0.5   0.896 106.4  52.7 -78.0 -33.8   19.6    8.1    7.8               
 1290 1290 A V  H  < S+     0   0  103     -4,-1.5     4,-0.3     1,-0.2     3,-0.2   0.904 113.9  45.8 -58.3 -40.1   16.2    7.3    9.5               
 1291 1291 A F  H  < S+     0   0  137     -4,-1.5    -2,-0.2    -5,-0.2    -1,-0.2   0.610 102.8  64.5 -82.2 -10.4   15.3   10.9    8.4               
 1292 1292 A K  H  < S+     0   0  144     -4,-0.7    -1,-0.2    -3,-0.5    -2,-0.2   0.809 102.5  48.8 -76.7 -32.6   16.6   10.4    4.8               
 1293 1293 A G  S  < S+     0   0   76     -4,-1.2     2,-1.0    -3,-0.2    -1,-0.2   0.615  95.2  85.8 -76.4 -15.0   14.0    7.7    4.1               
 1294 1294 A F        -     0   0  147     -4,-0.3    -1,-0.1    -5,-0.1    -4,-0.0  -0.738  66.5-158.0 -99.3  91.5   11.1    9.9    5.5               
 1295 1295 A D    >   -     0   0   86     -2,-1.0     3,-1.3     1,-0.2    -3,-0.1  -0.558   3.6-157.9 -66.8 110.5    9.8   12.2    2.7               
 1296 1296 A P  T 3  S+     0   0  112      0, 0.0    -1,-0.2     0, 0.0     3,-0.1   0.473  92.6  57.2 -72.9  -0.5    8.1   15.2    4.6               
 1297 1297 A T  T 3  S+     0   0  115      1,-0.1     2,-2.1     2,-0.0    -2,-0.1   0.595  79.9  89.8-100.6 -13.4    6.0   15.8    1.4               
 1298 1298 A A    <   +     0   0   72     -3,-1.3    -1,-0.1     2,-0.0    -3,-0.1  -0.303  61.1 166.4 -76.1  52.9    4.5   12.3    1.3               
 1299 1299 A S    >   -     0   0   57     -2,-2.1     3,-0.8     1,-0.1    -2,-0.0  -0.631  38.9-143.0 -74.4 128.3    1.6   13.4    3.5               
 1300 1300 A P  T 3  S+     0   0  113      0, 0.0    -1,-0.1     0, 0.0     3,-0.1   0.674  93.1  78.7 -65.8 -12.8   -1.3   10.8    3.6               
 1301 1301 A F  T 3  S+     0   0  191      1,-0.2     2,-0.2     0, 0.0    -2,-0.1   0.109  72.0  89.1 -82.3  21.7   -3.8   13.8    3.6               
 1302 1302 A C    <         0   0  113     -3,-0.8    -1,-0.2    -4,-0.0    -3,-0.0  -0.510 360.0 360.0-122.7  63.3   -3.3   14.3   -0.2               
 1303 1303 A Q              0   0  227     -2,-0.2     0, 0.0    -3,-0.1     0, 0.0  -0.980 360.0 360.0-134.7 360.0   -6.0   12.1   -1.9               
