==== Secondary Structure Definition by the program DSSP, CMBI version 2.0                          ==== DATE=2026-03-08        .
REFERENCE W. KABSCH AND C.SANDER, BIOPOLYMERS 22 (1983) 2577-2637                                                              .
HEADER                                            01-AUG-25                                                                    .
COMPND    MOL_ID: 1; MOLECULE: HISTONE-LYSINE N-METHYLTRANSFERASE SETD1B; CHAIN:                                               .
SOURCE    MOL_ID: 1; ORGANISM_SCIENTIFIC: HOMO SAPIENS; ORGANISM_TAXID: 9606                                                   .
AUTHOR                                                                                                                         .
 1966  1  0  0  0 TOTAL NUMBER OF RESIDUES, NUMBER OF CHAINS, NUMBER OF SS-BRIDGES(TOTAL,INTRACHAIN,INTERCHAIN)                .
226413.5   ACCESSIBLE SURFACE OF PROTEIN (ANGSTROM**2)                                                                         .
  428 21.8   TOTAL NUMBER OF HYDROGEN BONDS OF TYPE O(I)-->H-N(J)  , SAME NUMBER PER 100 RESIDUES                              .
    3  0.2   TOTAL NUMBER OF HYDROGEN BONDS IN     PARALLEL BRIDGES, SAME NUMBER PER 100 RESIDUES                              .
   71  3.6   TOTAL NUMBER OF HYDROGEN BONDS IN ANTIPARALLEL BRIDGES, SAME NUMBER PER 100 RESIDUES                              .
    1  0.1   TOTAL NUMBER OF HYDROGEN BONDS OF TYPE O(I)-->H-N(I-5), SAME NUMBER PER 100 RESIDUES                              .
    2  0.1   TOTAL NUMBER OF HYDROGEN BONDS OF TYPE O(I)-->H-N(I-4), SAME NUMBER PER 100 RESIDUES                              .
    5  0.3   TOTAL NUMBER OF HYDROGEN BONDS OF TYPE O(I)-->H-N(I-3), SAME NUMBER PER 100 RESIDUES                              .
    0  0.0   TOTAL NUMBER OF HYDROGEN BONDS OF TYPE O(I)-->H-N(I-2), SAME NUMBER PER 100 RESIDUES                              .
    0  0.0   TOTAL NUMBER OF HYDROGEN BONDS OF TYPE O(I)-->H-N(I-1), SAME NUMBER PER 100 RESIDUES                              .
    0  0.0   TOTAL NUMBER OF HYDROGEN BONDS OF TYPE O(I)-->H-N(I+0), SAME NUMBER PER 100 RESIDUES                              .
    0  0.0   TOTAL NUMBER OF HYDROGEN BONDS OF TYPE O(I)-->H-N(I+1), SAME NUMBER PER 100 RESIDUES                              .
  103  5.2   TOTAL NUMBER OF HYDROGEN BONDS OF TYPE O(I)-->H-N(I+2), SAME NUMBER PER 100 RESIDUES                              .
   67  3.4   TOTAL NUMBER OF HYDROGEN BONDS OF TYPE O(I)-->H-N(I+3), SAME NUMBER PER 100 RESIDUES                              .
  164  8.3   TOTAL NUMBER OF HYDROGEN BONDS OF TYPE O(I)-->H-N(I+4), SAME NUMBER PER 100 RESIDUES                              .
    5  0.3   TOTAL NUMBER OF HYDROGEN BONDS OF TYPE O(I)-->H-N(I+5), SAME NUMBER PER 100 RESIDUES                              .
  1  2  3  4  5  6  7  8  9 10 11 12 13 14 15 16 17 18 19 20 21 22 23 24 25 26 27 28 29 30     *** HISTOGRAMS OF ***           .
  0  0  0  0  0  0  0  1  0  1  2  1  1  1  1  1  1  0  1  0  0  0  0  0  0  0  1  0  0  0    RESIDUES PER ALPHA HELIX         .
  0  1  0  0  0  0  0  0  0  0  0  0  0  0  0  0  0  0  0  0  0  0  0  0  0  0  0  0  0  0    PARALLEL BRIDGES PER LADDER      .
  3  1  1  5  2  1  0  1  0  0  0  0  0  0  0  0  0  0  0  0  0  0  0  0  0  0  0  0  0  0    ANTIPARALLEL BRIDGES PER LADDER  .
  2  4  1  0  0  0  0  0  0  0  0  0  0  0  0  0  0  0  0  0  0  0  0  0  0  0  0  0  0  0    LADDERS PER SHEET                .
  #  RESIDUE AA STRUCTURE BP1 BP2  ACC     N-H-->O    O-->H-N    N-H-->O    O-->H-N    TCO  KAPPA ALPHA  PHI   PSI    X-CA   Y-CA   Z-CA            CHAIN
    1    1 A M              0   0  215      0, 0.0     0, 0.0     0, 0.0     0, 0.0   0.000 360.0 360.0 360.0 118.0   -1.0  -69.8  -10.5               
    2    2 A E        -     0   0  138      0, 0.0     0, 0.0     0, 0.0     0, 0.0   0.950 360.0 -44.1  85.6 145.4    2.0  -68.5   -9.2               
    3    3 A N        +     0   0  108      1,-0.1     2,-0.1     0, 0.0     0, 0.0   0.751  22.8 143.9-145.9 142.0    4.6  -67.3   -7.9               
    4    4 A S        +     0   0   87      0, 0.0    -1,-0.1     0, 0.0     0, 0.0   0.441  37.4  81.1  61.0 138.2    5.8  -66.2   -5.0               
    5    5 A H        +     0   0  160     -2,-0.1     3,-0.0     1,-0.0     0, 0.0   0.252   6.5 116.2  65.8 161.7    9.4  -66.6   -3.6               
    6    6 A P        +     0   0  106      0, 0.0     2,-1.4     0, 0.0    -1,-0.0   0.217  18.3 150.9-113.6 124.8   12.3  -66.4   -3.0               
    7    7 A P        +     0   0   77      0, 0.0     2,-0.2     0, 0.0    -2,-0.0  -0.797  57.9 119.7 -66.9  89.5   13.4  -65.4    0.4               
    8    8 A H        -     0   0  141     -2,-1.4     0, 0.0     1,-0.2     0, 0.0  -0.743  43.0  -1.4-164.2 134.5   16.6  -67.5   -0.2               
    9    9 A H        -     0   0  150     -2,-0.2    -1,-0.2     0, 0.0     2,-0.2   0.822  35.3-114.0  62.1 127.0   20.4  -67.2   -0.4               
   10   10 A H        +     0   0  163      0, 0.0     2,-0.1     0, 0.0     0, 0.0  -0.268  31.9 145.2  50.5  91.0   23.5  -65.8   -0.4               
   11   11 A H        -     0   0  149     -2,-0.2     0, 0.0     2,-0.1     0, 0.0  -0.138  32.3 -94.4-177.3 142.9   26.1  -65.2   -2.7               
   12   12 A Q        +     0   0  152     -2,-0.1     0, 0.0     0, 0.0     0, 0.0   0.404  47.1  87.2  27.9 108.6   28.9  -63.0   -4.0               
   13   13 A Q        -     0   0  187      0, 0.0    -2,-0.1     0, 0.0     0, 0.0  -0.214  30.3-152.7 161.4 162.1   29.7  -60.3   -6.4               
   14   14 A P        +     0   0  108      0, 0.0     0, 0.0     0, 0.0     0, 0.0  -0.301  34.5  69.9-113.8-153.8   29.8  -56.5   -7.4               
   15   15 A P        +     0   0  121      0, 0.0     2,-0.0     0, 0.0     0, 0.0   0.034  26.3 115.3  47.0 175.9   29.7  -54.1  -10.5               
   16   16 A P        +     0   0  120      0, 0.0     0, 0.0     0, 0.0     0, 0.0   0.531  12.9 174.6-131.7-158.6   28.2  -52.6  -12.9               
   17   17 A Q        +     0   0  188     -2,-0.0     2,-0.2     0, 0.0     0, 0.0  -0.965   3.8 167.6-143.9 142.7   26.8  -49.4  -14.8               
   18   18 A P        -     0   0  130      0, 0.0     0, 0.0     0, 0.0     0, 0.0  -0.729  20.5 -54.7-133.2-171.2   25.3  -47.9  -17.7               
   19   19 A G        -     0   0   66     -2,-0.2     2,-0.5     1,-0.0     0, 0.0   0.782  18.1 -93.9 172.4 158.6   23.8  -45.3  -19.1               
   20   20 A P        +     0   0  136      0, 0.0     2,-0.3     0, 0.0    -1,-0.0  -0.798  21.5 157.0-105.9 129.6   21.7  -42.2  -20.3               
   21   21 A S        -     0   0  116     -2,-0.5     2,-1.3     2,-0.0     0, 0.0  -0.797  22.7-162.6-135.0  92.1   18.8  -41.7  -22.7               
   22   22 A G        -     0   0   75     -2,-0.3     2,-0.1     2,-0.0     0, 0.0  -0.631  13.6-146.0 -75.1  92.7   16.9  -38.5  -21.9               
   23   23 A E        -     0   0  187     -2,-1.3     2,-2.0     1,-0.1    -2,-0.0  -0.405  31.4-105.5 -56.1 127.0   13.5  -38.9  -23.6               
   24   24 A R        -     0   0  201     -2,-0.1     2,-0.7     2,-0.0    -1,-0.1  -0.430  34.8-170.3 -74.1  84.3   12.5  -35.4  -24.8               
   25   25 A R        -     0   0  207     -2,-2.0     2,-1.6     1,-0.1    -1,-0.0  -0.630  30.4-128.1 -52.1 110.3    9.8  -34.1  -22.5               
   26   26 A N        -     0   0  153     -2,-0.7     2,-1.7     1,-0.1    -1,-0.1  -0.642  19.7-151.2 -62.4  89.9    8.9  -31.0  -24.4               
   27   27 A H        -     0   0  114     -2,-1.6     2,-1.2     2,-0.0    -1,-0.1  -0.669   7.2-151.1 -63.4  87.1    9.2  -28.8  -21.4               
   28   28 A H        -     0   0  131     -2,-1.7     2,-0.8     1,-0.1    -2,-0.0  -0.679  21.0-131.6 -63.9  92.0    6.6  -26.4  -22.8               
   29   29 A W        -     0   0   54     -2,-1.2    -1,-0.1     1,-0.2    36,-0.1  -0.457  29.8-176.8 -64.2  98.9    8.3  -23.5  -20.9               
   30   30 A R        +     0   0  183     -2,-0.8     2,-0.3     1,-0.1    -1,-0.2   0.691  64.7  32.6 -77.8 -20.7    5.3  -21.8  -19.2               
   31   31 A S        +     0   0    8     39,-0.1    20,-2.2     2,-0.0     2,-0.3  -0.998  61.0 173.6-137.6 144.9    7.3  -18.9  -17.7               
   32   32 A Y  E     -A   50   0A  63     -2,-0.3     2,-0.3    18,-0.2    18,-0.2  -0.955   9.4-163.9-139.1 162.2   10.3  -16.9  -18.6               
   33   33 A K  E     -A   49   0A  87     16,-2.0    16,-2.1    -2,-0.3     2,-0.5  -0.927  24.3-127.5-147.3 127.8   12.2  -13.8  -17.3               
   34   34 A L  E     +A   48   0A  65     -2,-0.3    14,-0.2    14,-0.2     3,-0.2  -0.593  29.2 176.9 -67.6 116.1   14.8  -11.5  -19.0               
   35   35 A M  E    S+     0   0A  57     12,-3.1     2,-0.4    -2,-0.5    13,-0.2   0.789  70.1  24.1 -93.2 -38.1   17.7  -11.5  -16.4               
   36   36 A I  E     -A   47   0A  54     11,-1.5    11,-2.2     5,-0.0    -1,-0.3  -0.981  62.9-171.5-132.8 119.4   20.1   -9.4  -18.5               
   37   37 A D    >>  -     0   0   41     -2,-0.4     4,-2.5     9,-0.2     3,-1.4  -0.975  19.6-146.2-102.1 119.4   19.0   -6.9  -21.1               
   38   38 A P  T 34 S+     0   0   56      0, 0.0     5,-0.2     0, 0.0    -1,-0.1   0.745 100.4  58.0 -52.7 -27.1   22.1   -5.5  -23.1               
   39   39 A A  T 34 S+     0   0   87      1,-0.1     3,-0.1     3,-0.1     7,-0.0   0.763 119.1  27.5 -73.8 -26.2   20.2   -2.2  -23.4               
   40   40 A L  T <4 S+     0   0  146     -3,-1.4     2,-0.3     1,-0.3    -1,-0.1   0.588 129.4  28.5-113.0 -20.2   19.9   -1.8  -19.5               
   41   41 A K  S  < S-     0   0  130     -4,-2.5     2,-0.7     2,-0.1    -1,-0.3  -0.995  89.3 -98.4-142.0 141.7   22.9   -3.8  -18.2               
   42   42 A K        +     0   0  190     -2,-0.3     2,-0.3    -3,-0.1    -3,-0.1  -0.453  69.1 130.0 -59.5 105.4   26.4   -4.5  -19.6               
   43   43 A G        -     0   0   28     -2,-0.7    -2,-0.1    -5,-0.2     3,-0.0  -0.949  60.5-129.7-156.4 146.8   26.1   -8.0  -21.1               
   44   44 A H  S    S+     0   0  197     -2,-0.3     2,-0.3     1,-0.1    -2,-0.1   0.591  89.0  11.9 -76.6 -12.6   27.0   -9.4  -24.5               
   45   45 A H  S    S-     0   0   76     -9,-0.0     2,-0.4     2,-0.0    -1,-0.1  -0.976  91.5 -82.4-155.4 158.3   23.6  -11.1  -25.1               
   46   46 A K        -     0   0  103     -2,-0.3     2,-0.6    -9,-0.1    -9,-0.2  -0.584  45.8-151.6 -63.8 121.0   20.0  -11.2  -23.8               
   47   47 A L  E     -A   36   0A  26    -11,-2.2   -12,-3.1    -2,-0.4   -11,-1.5  -0.914  14.6-168.8-101.8 120.5   20.1  -13.7  -20.8               
   48   48 A Y  E     -AB  34  55A  48      7,-0.7     7,-2.3    -2,-0.6     2,-0.4  -0.767  15.8-153.3-109.2 150.1   16.8  -15.5  -20.2               
   49   49 A R  E     -AB  33  54A  89    -16,-2.1   -16,-2.0    -2,-0.3     2,-0.4  -0.997  14.5-165.8-118.6 121.4   15.6  -17.7  -17.3               
   50   50 A Y  E >   -AB  32  53A   9      3,-1.9     3,-2.5    -2,-0.4   -18,-0.2  -0.922  68.7 -19.8-113.3 130.0   12.9  -20.3  -18.2               
   51   51 A D  T 3  S-     0   0   56    -20,-2.2    -1,-0.2    -2,-0.4   -19,-0.1   0.829 129.2 -49.0  36.6  49.8   10.9  -22.1  -15.4               
   52   52 A G  T 3  S+     0   0   25      1,-0.2    -1,-0.3    -3,-0.1     2,-0.3   0.152 116.5 112.0  82.7 -14.7   13.6  -21.3  -12.8               
   53   53 A Q  E <   -B   50   0A 116     -3,-2.5    -3,-1.9     1,-0.0     2,-0.5  -0.647  62.3-133.4 -91.7 139.0   16.5  -22.5  -14.9               
   54   54 A H  E     -B   49   0A 104     -2,-0.3     2,-0.6    -5,-0.2    -5,-0.2  -0.829  14.1-157.3 -93.2 129.7   19.2  -20.0  -16.3               
   55   55 A F  E     -B   48   0A  26     -7,-2.3    -7,-0.7    -2,-0.5     2,-0.5  -0.899   3.0-161.5-111.2 106.7   20.2  -20.3  -20.0               
   56   56 A S    >   -     0   0   70     -2,-0.6     2,-1.5    -9,-0.1     3,-1.1  -0.797  26.1-130.4 -79.9 125.1   23.6  -18.9  -21.0               
   57   57 A L  T 3  S+     0   0  118     -2,-0.5    -1,-0.1     1,-0.2   -11,-0.0   0.005  92.4  58.6 -75.2  28.4   23.3  -18.5  -24.8               
   58   58 A A  T 3  S+     0   0   73     -2,-1.5    -1,-0.2     0, 0.0    -3,-0.0   0.438  98.4  41.8-136.3  -9.0   26.6  -20.2  -25.6               
   59   59 A M  S <  S+     0   0  174     -3,-1.1     2,-0.3     1,-0.1    -2,-0.1   0.273  88.9  68.1-145.1  11.8   26.8  -23.9  -24.3               
   60   60 A S        -     0   0   80     -4,-0.2    -1,-0.1     2,-0.0    -5,-0.0  -0.996  61.2-133.5-149.0 147.0   23.6  -26.1  -24.7               
   61   61 A S  S    S+     0   0  105     -2,-0.3     2,-0.8     1,-0.1    -1,-0.0   0.231  79.4  96.4 -73.3   6.8   21.5  -27.8  -27.4               
   62   62 A N        -     0   0   85      0, 0.0    -1,-0.1     0, 0.0    -2,-0.0  -0.792  56.5-165.1-112.9  85.3   18.1  -26.6  -26.1               
   63   63 A R        -     0   0  195     -2,-0.8     2,-0.1    -6,-0.0     3,-0.1  -0.606  17.3-141.2 -61.6 119.1   16.9  -23.4  -27.8               
   64   64 A P        -     0   0   24      0, 0.0    -1,-0.0     0, 0.0   -16,-0.0  -0.454  52.5 -48.0 -76.2 165.1   14.0  -22.0  -25.7               
   65   65 A V        -     0   0   84     -2,-0.1   -37,-0.0     1,-0.1     0, 0.0   0.058  42.1-148.8 -49.8 131.7   11.1  -20.5  -27.7               
   66   66 A E  S    S+     0   0  149     -3,-0.1     2,-0.4     2,-0.0    -1,-0.1   0.785  91.4  55.0 -73.8 -24.9   12.0  -18.1  -30.6               
   67   67 A I  S    S-     0   0  130      2,-0.0     2,-0.6     0, 0.0    -2,-0.0  -0.898  78.7-155.1-106.5 135.8    8.7  -16.2  -29.9               
   68   68 A V        -     0   0   53     -2,-0.4     2,-0.3     2,-0.0    -2,-0.0  -0.777  13.3-169.8-124.7  78.2    8.4  -15.0  -26.3               
   69   69 A E        -     0   0  153     -2,-0.6    -2,-0.0     1,-0.1     5,-0.0  -0.567  24.7-120.8 -80.7 130.7    4.6  -14.6  -25.4               
   70   70 A D    >>  -     0   0   52     -2,-0.3     3,-2.5     1,-0.2     4,-0.6  -0.560  13.2-146.3 -74.2 117.5    3.5  -12.8  -22.2               
   71   71 A P  T 34 S+     0   0   78      0, 0.0    -1,-0.2     0, 0.0     4,-0.1   0.500  95.9  67.5 -65.9  -1.3    1.4  -15.4  -20.1               
   72   72 A R  T 34 S+     0   0  195      1,-0.1     3,-0.2     2,-0.1    -2,-0.1   0.495  93.8  57.2 -88.9  -9.2   -0.7  -12.3  -18.9               
   73   73 A V  T X> S+     0   0   71     -3,-2.5     3,-2.2     1,-0.1     4,-1.3   0.758  82.6  83.4 -89.4 -27.4   -2.1  -11.6  -22.4               
   74   74 A V  T 3< S+     0   0  104     -4,-0.6    -1,-0.1     1,-0.3    -2,-0.1   0.575  93.3  45.3 -61.4 -16.4   -3.7  -15.1  -22.9               
   75   75 A G  T 34 S+     0   0   67     -3,-0.2    -1,-0.3    -4,-0.1    -2,-0.1   0.252 116.6  41.1-107.0   6.0   -7.0  -14.2  -21.0               
   76   76 A I  T <4 S+     0   0  134     -3,-2.2    -2,-0.2     0, 0.0    -3,-0.1   0.497 108.9  51.8-129.2 -15.4   -7.7  -10.7  -22.5               
   77   77 A W     <  +     0   0  162     -4,-1.3    -3,-0.1     1,-0.1     2,-0.1  -0.092  62.1 130.8-121.4  31.2   -7.0  -11.0  -26.3               
   78   78 A T        +     0   0  117      1,-0.2     2,-0.2    -5,-0.1    -1,-0.1  -0.009  62.8  61.6 -92.4  34.8   -9.1  -14.1  -27.4               
   79   79 A K        -     0   0  116      2,-0.1     2,-2.1    -2,-0.1    -1,-0.2  -0.701  67.9-160.9-140.3 103.1  -10.8  -12.5  -30.4               
   80   80 A N        +     0   0  153     -2,-0.2     2,-0.4     2,-0.1    -2,-0.1  -0.489  28.9 157.1 -75.9  67.7   -8.3  -11.4  -33.1               
   81   81 A K        -     0   0  117     -2,-2.1     2,-2.3     1,-0.0    -2,-0.1  -0.819  58.3-111.6 -71.7 133.5  -10.7   -9.1  -34.8               
   82   82 A E        -     0   0  196     -2,-0.4     2,-0.9     2,-0.1    -2,-0.1  -0.483  40.1-170.2 -77.3  71.7   -8.2   -6.8  -36.4               
   83   83 A L        -     0   0   74     -2,-2.3     2,-2.6     1,-0.1  1035,-0.0  -0.591  15.9-147.2 -62.4 101.7   -9.0   -3.7  -34.3               
   84   84 A E        -     0   0  192     -2,-0.9     2,-0.5     2,-0.0    -1,-0.1  -0.341  19.8-168.9 -73.3  58.3   -7.0   -1.0  -36.1               
   85   85 A L        -     0   0  119     -2,-2.6     2,-0.1     1,-0.1    -2,-0.0  -0.398  32.6-112.7 -56.8 105.8   -6.3    0.8  -32.8               
   86   86 A S        -     0   0   93     -2,-0.5    -1,-0.1     1,-0.1     3,-0.1  -0.185  35.4-116.7 -52.7 105.9   -4.9    4.1  -34.1               
   87   87 A V        -     0   0  121      1,-0.2    -1,-0.1    -2,-0.1    -3,-0.0  -0.267  35.0-104.5 -57.2 119.2   -1.2    3.9  -32.9               
   88   88 A P        -     0   0   86      0, 0.0     2,-2.2     0, 0.0    -1,-0.2  -0.178  25.4-134.5 -54.5 116.5   -0.7    6.7  -30.4               
   89   89 A K        -     0   0  201     -3,-0.1     2,-0.3     1,-0.1    -2,-0.0  -0.481  25.8-149.6 -72.5  76.4    1.3    9.5  -32.2               
   90   90 A F        -     0   0  174     -2,-2.2     2,-0.3     1,-0.1    -1,-0.1  -0.344   7.0-135.8 -54.6 110.1    3.7   10.0  -29.2               
   91   91 A K        -     0   0  200     -2,-0.3     2,-0.8     1,-0.1    -1,-0.1  -0.561  16.6-127.2 -68.5 127.3    4.9   13.6  -29.3               
   92   92 A I        +     0   0   81     -2,-0.3     2,-0.1     2,-0.1    -1,-0.1  -0.729  42.5 170.3 -81.2 109.4    8.7   13.8  -28.7               
   93   93 A D    >   -     0   0   95     -2,-0.8     3,-1.2     0, 0.0    -1,-0.0  -0.359  53.3 -79.0-107.7-172.9    9.1   16.3  -25.8               
   94   94 A E  T 3  S+     0   0  187      1,-0.2    -2,-0.1    -2,-0.1     0, 0.0   0.609 129.1  52.3 -64.1 -12.3   11.9   17.4  -23.4               
   95   95 A F  T 3  S+     0   0  162      2,-0.0     2,-0.4     0, 0.0    -1,-0.2   0.422  73.3 130.9-107.0  -2.5   11.4   14.2  -21.4               
   96   96 A Y    <   -     0   0   97     -3,-1.2     2,-1.4     1,-0.1     4,-0.1  -0.358  45.2-155.3 -61.1 111.7   11.6   11.6  -24.3               
   97   97 A V        +     0   0  153     -2,-0.4    -1,-0.1     2,-0.1    -3,-0.0  -0.586  58.9  62.6 -92.3  76.4   14.0    8.8  -23.1               
   98   98 A G  S    S-     0   0   37     -2,-1.4     2,-0.4     0, 0.0    -2,-0.0  -0.984  96.1 -60.1-171.2 174.9   15.2    7.4  -26.5               
   99   99 A P        -     0   0  118      0, 0.0    -2,-0.1     0, 0.0     0, 0.0  -0.630  57.1-128.0 -64.9 122.8   17.0    8.1  -29.8               
  100  100 A V        -     0   0   44     -2,-0.4    80,-0.1    -4,-0.1    81,-0.0  -0.663  25.4-115.2 -73.5 124.9   15.1   10.9  -31.5               
  101  101 A P        -     0   0   48      0, 0.0     2,-2.4     0, 0.0     3,-0.5  -0.421  23.5-117.8 -61.1 133.5   14.1    9.9  -35.1               
  102  102 A P  S    S+     0   0   42      0, 0.0    56,-0.1     0, 0.0    55,-0.1  -0.425  73.1 126.5 -74.8  69.5   15.9   12.1  -37.8               
  103  103 A K        +     0   0   64     -2,-2.4    48,-2.3    77,-0.1     2,-0.4   0.627  48.8  88.6 -89.1 -27.8   12.5   13.4  -39.2               
  104  104 A Q  E     -C  150   0B  30     -3,-0.5    75,-2.0    46,-0.2     2,-0.4  -0.671  56.4-171.1 -85.2 131.6   13.5   17.1  -38.8               
  105  105 A V  E     -CD 149 178B   0     44,-3.2    44,-2.5    -2,-0.4     2,-0.5  -0.964  11.2-148.4-120.1 133.2   15.4   18.9  -41.6               
  106  106 A T  E     -CD 148 177B   2     71,-2.9    71,-1.9    -2,-0.4     2,-0.4  -0.915   9.9-159.6-103.6 124.8   17.0   22.4  -41.3               
  107  107 A F  E     -CD 147 176B   0     40,-2.9    40,-2.0    -2,-0.5     2,-0.3  -0.850  13.0-179.9 -98.2 138.6   17.1   24.6  -44.4               
  108  108 A A  E     +CD 146 175B   0     67,-2.7    67,-2.6    -2,-0.4    38,-0.2  -0.936  57.9  32.6-136.8 160.4   19.6   27.5  -44.6               
  109  109 A K  S    S+     0   0   54     36,-0.6    37,-0.2    -2,-0.3    36,-0.1   0.591  77.5 166.9  64.3  18.8   20.4   30.2  -47.3               
  110  110 A L        -     0   0    3     35,-2.0    -1,-0.2    65,-0.1     2,-0.1  -0.267  40.2-110.2 -57.9 141.2   16.8   30.3  -48.5               
  111  111 A N    >   -     0   0   23     58,-0.3     3,-1.5    61,-0.1    34,-0.1  -0.462  22.3-123.1 -68.2 145.5   15.6   33.2  -50.7               
  112  112 A D  T 3  S+     0   0  121      1,-0.3    31,-0.1    -2,-0.1    -1,-0.1   0.599 108.8  66.1 -72.8 -10.6   13.2   35.7  -49.1               
  113  113 A N  T 3  S+     0   0  113     57,-0.1     2,-0.6     2,-0.1    -1,-0.3   0.480  77.4 106.8 -82.2  -7.5   10.6   35.1  -51.8               
  114  114 A I    <   -     0   0    3     -3,-1.5     2,-0.2    55,-0.1    31,-0.1  -0.683  53.5-170.0 -80.3 115.5   10.2   31.5  -50.5               
  115  115 A R     >  -     0   0  190     -2,-0.6     4,-1.9     1,-0.1     5,-0.2  -0.569  37.6-100.3 -97.4 167.4    6.8   31.1  -48.6               
  116  116 A E  H  > S+     0   0   77      1,-0.2     4,-2.8     2,-0.2     5,-0.2   0.911 121.2  53.8 -56.2 -46.6    5.7   28.1  -46.5               
  117  117 A N  H  > S+     0   0  115      1,-0.2     4,-3.0     2,-0.2     5,-0.2   0.912 108.4  49.6 -55.2 -46.3    3.5   26.6  -49.3               
  118  118 A F  H  > S+     0   0   90      1,-0.2     4,-2.0     2,-0.2    -1,-0.2   0.881 112.5  47.1 -64.4 -39.5    6.4   26.6  -51.8               
  119  119 A L  H  X S+     0   0    0     -4,-1.9     4,-2.4     2,-0.2    -2,-0.2   0.920 113.4  49.3 -64.4 -42.8    8.7   24.9  -49.2               
  120  120 A R  H  X S+     0   0   89     -4,-2.8     4,-2.7     2,-0.2    -2,-0.2   0.947 113.8  45.0 -61.7 -48.8    5.8   22.3  -48.5               
  121  121 A D  H  < S+     0   0   99     -4,-3.0     4,-0.4     1,-0.2    -1,-0.2   0.823 114.4  49.2 -66.7 -34.9    5.3   21.7  -52.3               
  122  122 A M  H >< S+     0   0   25     -4,-2.0     3,-0.6    -5,-0.2    -1,-0.2   0.914 116.9  41.4 -68.0 -42.5    9.1   21.4  -52.9               
  123  123 A C  H >X S+     0   0    0     -4,-2.4     3,-2.6     1,-0.2     4,-1.3   0.847  97.8  75.1 -76.6 -32.6    9.5   18.9  -49.9               
  124  124 A K  T 3< S+     0   0  148     -4,-2.7    -1,-0.2     1,-0.3    -2,-0.1   0.672  85.8  67.4 -54.0 -21.9    6.2   16.9  -50.7               
  125  125 A K  T <4 S+     0   0  172     -3,-0.6    -1,-0.3    -4,-0.4    -2,-0.1   0.634 106.4  38.4 -72.0 -19.3    8.2   15.2  -53.6               
  126  126 A Y  T <4 S-     0   0   66     -3,-2.6     2,-0.3     1,-0.4    -2,-0.2   0.652 132.0 -37.8-107.6 -26.3   10.6   13.4  -51.1               
  127  127 A G  S  < S-     0   0   16     -4,-1.3    -1,-0.4    29,-0.1     2,-0.1  -0.938  76.4 -58.2 179.1 170.2    8.0   12.5  -48.5               
  128  128 A E        -     0   0  145     -2,-0.3    24,-2.2    -3,-0.1     2,-0.6  -0.378  50.8-136.4 -59.8 136.9    4.9   13.6  -46.5               
  129  129 A V  E     +E  151   0B  20     22,-0.3    22,-0.2     1,-0.2     3,-0.1  -0.907  23.8 178.7-112.1 110.5    5.5   16.9  -44.6               
  130  130 A E  E    S+     0   0B 115     20,-1.8     2,-0.3    -2,-0.6    21,-0.2   0.861  70.9   7.2 -77.6 -40.3    4.2   17.0  -41.0               
  131  131 A E  E     -E  150   0B  76     19,-1.4    19,-2.7     2,-0.0     2,-0.4  -0.999  52.7-171.0-148.3 144.2    5.4   20.6  -40.2               
  132  132 A V  E     +E  149   0B  11     -2,-0.3     2,-0.4    17,-0.2    17,-0.2  -0.985  11.5 177.0-134.6 127.0    7.0   23.7  -41.9               
  133  133 A E  E     -E  148   0B  79     15,-2.7    15,-2.8    -2,-0.4     2,-0.5  -0.976  13.1-158.8-133.1 118.5    8.3   26.7  -39.9               
  134  134 A I  E     -E  147   0B  19     -2,-0.4     2,-0.5    13,-0.2    13,-0.2  -0.833  20.8-130.9 -95.4 130.4   10.0   29.7  -41.5               
  135  135 A L  E     -     0   0B  14     11,-2.5     9,-2.6    -2,-0.5    11,-0.5  -0.692  24.9-171.2 -89.5 127.6   12.2   31.8  -39.2               
  136  136 A Y  E     -E  143   0B 115     -2,-0.5     7,-0.2     7,-0.2     6,-0.1  -0.789  33.8 -98.1-113.0 152.9   11.7   35.6  -39.2               
  137  137 A N     >  -     0   0   26      5,-2.7     4,-2.2    -2,-0.3     3,-0.4  -0.601  28.4-142.0 -70.3 124.1   13.8   38.4  -37.4               
  138  138 A P  T  4 S+     0   0   76      0, 0.0    -1,-0.1     0, 0.0    55,-0.0   0.672  98.0  37.0 -66.0 -18.0   12.0   39.3  -34.1               
  139  139 A K  T  4 S+     0   0  191      3,-0.1    -2,-0.0    54,-0.0    54,-0.0   0.673 129.6  27.1-102.5 -27.6   12.8   43.1  -34.6               
  140  140 A T  T  4 S-     0   0   79     -3,-0.4     3,-0.1     2,-0.2    -3,-0.0   0.395  88.4-134.3-116.6  -3.5   12.5   43.6  -38.3               
  141  141 A K     <  +     0   0  173     -4,-2.2     2,-0.2     1,-0.2     3,-0.1   0.515  57.6 144.9  53.4  12.7    9.9   40.8  -39.3               
  142  142 A K        -     0   0  150     -5,-0.2    -5,-2.7     1,-0.1    -1,-0.2  -0.561  60.5 -98.6 -80.2 141.9   12.3   40.0  -42.3               
  143  143 A H  E     - E   0 136B  25     -7,-0.2    -7,-0.2    -2,-0.2    -1,-0.1  -0.305  26.9-154.2 -53.1 127.6   12.8   36.4  -43.5               
  144  144 A L  E     -     0   0B   9     -9,-2.6   -35,-0.2     2,-0.3    -1,-0.1   0.527  34.6-117.2 -86.5  -6.5   16.1   35.0  -42.0               
  145  145 A G  E    S+     0   0B   1    -10,-0.3   -35,-2.0     1,-0.3   -36,-0.6   0.723  83.1 109.8  72.4  19.9   16.7   32.5  -44.9               
  146  146 A I  E     +C  108   0B   0    -11,-0.5   -11,-2.5   -38,-0.2     2,-0.3  -0.990  41.3 171.5-125.5 136.3   16.3   29.6  -42.3               
  147  147 A A  E     -CE 107 134B   0    -40,-2.0   -40,-2.9    -2,-0.4     2,-0.4  -0.986  25.2-138.5-140.8 153.4   13.4   27.1  -42.1               
  148  148 A K  E     -CE 106 133B  27    -15,-2.8   -15,-2.7    -2,-0.3     2,-0.4  -0.905  20.3-175.9 -99.7 137.8   12.5   23.9  -40.2               
  149  149 A V  E     -CE 105 132B   0    -44,-2.5   -44,-3.2    -2,-0.4     2,-0.5  -0.997   8.1-160.3-130.8 134.3   10.7   21.1  -42.1               
  150  150 A V  E     -CE 104 131B  16    -19,-2.7   -20,-1.8    -2,-0.4   -19,-1.4  -0.975   7.8-154.7-114.9 125.9    9.5   17.8  -40.4               
  151  151 A F  E     - E   0 129B   0    -48,-2.3   -22,-0.3    -2,-0.5     6,-0.1  -0.837  20.6-133.2 -98.4 140.2    8.8   14.7  -42.5               
  152  152 A A  S    S+     0   0   26    -24,-2.2     2,-0.4    -2,-0.4   -23,-0.1   0.819  95.4  43.4 -59.4 -28.6    6.4   12.0  -41.4               
  153  153 A T  S  > S-     0   0   65    -25,-0.5     4,-1.8   -50,-0.1     5,-0.1  -0.923  74.6-136.2-120.3 145.0    9.1    9.4  -42.4               
  154  154 A V  H  > S+     0   0   44     -2,-0.4     4,-1.6     2,-0.2     5,-0.1   0.756 108.7  60.5 -63.9 -25.2   12.9    9.3  -41.7               
  155  155 A R  H  > S+     0   0  185      2,-0.2     4,-2.9     1,-0.1     3,-0.3   0.984 103.5  47.8 -65.6 -52.4   13.2    8.2  -45.4               
  156  156 A G  H  > S+     0   0    1      1,-0.2     4,-2.6     2,-0.2     5,-0.2   0.867 110.6  52.3 -58.5 -38.3   11.6   11.4  -46.7               
  157  157 A A  H  X S+     0   0    0     -4,-1.8     4,-1.8     2,-0.2    -1,-0.2   0.902 114.6  42.2 -62.0 -42.8   13.9   13.5  -44.5               
  158  158 A K  H  X S+     0   0  110     -4,-1.6     4,-2.9    -3,-0.3    -2,-0.2   0.927 115.2  48.9 -68.5 -45.4   17.0   11.7  -45.8               
  159  159 A D  H  X S+     0   0   50     -4,-2.9     4,-1.9     2,-0.2     5,-0.2   0.901 111.3  50.4 -66.3 -40.1   15.8   11.8  -49.5               
  160  160 A A  H  X S+     0   0    0     -4,-2.6     4,-2.6    -5,-0.3     5,-0.4   0.929 113.2  46.0 -60.6 -46.3   15.0   15.5  -49.2               
  161  161 A V  H  X S+     0   0   27     -4,-1.8     4,-1.7    -5,-0.2    -2,-0.2   0.942 112.9  50.5 -62.3 -45.3   18.5   16.2  -47.8               
  162  162 A Q  H  < S+     0   0  150     -4,-2.9    -1,-0.2     1,-0.2    -2,-0.2   0.817 122.2  31.1 -62.3 -34.6   20.2   14.0  -50.5               
  163  163 A H  H  < S+     0   0  102     -4,-1.9    -1,-0.2    -5,-0.2    -2,-0.2   0.708 124.6  40.3-100.5 -25.9   18.4   15.8  -53.4               
  164  164 A L  H >< S+     0   0    7     -4,-2.6     3,-2.0    -5,-0.2    10,-0.2   0.676  83.6 108.1 -99.2 -22.5   17.9   19.4  -52.1               
  165  165 A H  T 3< S+     0   0   77     -4,-1.7    10,-0.2    -5,-0.4    12,-0.0  -0.371  97.1   1.9 -59.2 128.7   21.3   20.0  -50.4               
  166  166 A S  T 3  S+     0   0   75      8,-2.0    -1,-0.3     1,-0.2     2,-0.1   0.606  99.0 139.4  60.7  19.4   23.4   22.4  -52.6               
  167  167 A T    <   -     0   0   43     -3,-2.0     7,-2.4     7,-0.3     2,-0.7  -0.500  58.7-114.3 -77.5 155.8   20.5   22.9  -55.2               
  168  168 A S  E     +F  173   0C  86      5,-0.2     2,-0.4    -2,-0.1     5,-0.2  -0.863  37.9 176.7 -92.0 116.3   19.7   26.3  -56.7               
  169  169 A V  E >  S-F  172   0C  15      3,-2.7     3,-1.7    -2,-0.7   -58,-0.3  -0.987  72.6 -15.6-123.7 120.9   16.2   27.4  -55.5               
  170  170 A M  T 3  S-     0   0  109     -2,-0.4    -1,-0.1     1,-0.3   -57,-0.1   0.862 128.7 -55.5  49.7  40.0   15.1   30.9  -56.6               
  171  171 A G  T 3  S+     0   0   65      1,-0.2     2,-0.3   -60,-0.1    -1,-0.3   0.159 118.4 105.5  81.6 -14.4   18.7   31.8  -57.6               
  172  172 A N  E <  S-F  169   0C  40     -3,-1.7    -3,-2.7     1,-0.0     2,-0.7  -0.728  73.5-125.6 -90.7 143.6   20.2   31.0  -54.1               
  173  173 A I  E     -F  168   0C 107     -2,-0.3    -5,-0.2    -5,-0.2     2,-0.2  -0.813  35.0-147.7 -82.9 112.3   22.2   27.8  -53.4               
  174  174 A I        -     0   0    1     -7,-2.4    -8,-2.0    -2,-0.7     2,-0.4  -0.573   6.0-145.6 -84.6 143.9   20.3   26.2  -50.4               
  175  175 A H  E     -D  108   0B  18    -67,-2.6   -67,-2.7    -2,-0.2     2,-0.4  -0.944  17.2-172.6-107.7 134.1   21.9   24.2  -47.7               
  176  176 A V  E     +D  107   0B   0     -2,-0.4     2,-0.3   -69,-0.2   -69,-0.2  -0.990   9.1 168.1-134.1 129.1   19.8   21.3  -46.3               
  177  177 A E  E     -D  106   0B  74    -71,-1.9   -71,-2.9    -2,-0.4     2,-0.6  -0.992  41.1-106.7-146.6 146.0   20.8   19.2  -43.2               
  178  178 A L  E     +D  105   0B  64     -2,-0.3     2,-0.4   -73,-0.2   -73,-0.2  -0.688  38.4 178.4 -74.5 119.4   19.3   16.6  -40.8               
  179  179 A D    >   -     0   0    7    -75,-2.0     3,-1.1    -2,-0.6    -1,-0.1  -0.705  10.3-177.2-132.9  76.1   18.8   18.5  -37.5               
  180  180 A T  T 3  S+     0   0   60     -2,-0.4   -77,-0.1     1,-0.3    -1,-0.1   0.498  87.4  19.5 -53.3 -14.9   17.2   16.1  -34.9               
  181  181 A K  T 3  S-     0   0  142    -77,-0.1    -1,-0.3   -79,-0.0    -2,-0.0   0.324 105.1-108.4-137.1  -1.0   17.0   18.9  -32.2               
  182  182 A G  S <> S+     0   0    0     -3,-1.1     4,-2.6   -78,-0.1     5,-0.2   0.700  76.3 134.0  71.4  19.3   17.2   22.2  -34.1               
  183  183 A E  H  > S+     0   0  131      2,-0.2     4,-2.2     1,-0.2     5,-0.1   0.942  75.1  42.0 -67.8 -45.0   20.7   22.8  -32.7               
  184  184 A T  H  > S+     0   0   35      2,-0.2     4,-2.2     1,-0.2     5,-0.2   0.921 115.2  52.6 -67.6 -40.4   22.2   23.8  -36.1               
  185  185 A R  H  > S+     0   0   36      2,-0.2     4,-2.5     1,-0.2    -2,-0.2   0.924 109.8  47.4 -56.1 -50.5   19.0   25.9  -36.8               
  186  186 A M  H  X S+     0   0   89     -4,-2.6     4,-2.7     2,-0.2     5,-0.2   0.910 109.6  54.3 -63.2 -40.4   19.3   27.8  -33.4               
  187  187 A R  H  X S+     0   0  110     -4,-2.2     4,-1.9     2,-0.2    -1,-0.2   0.908 111.2  44.5 -59.3 -44.9   23.1   28.4  -34.1               
  188  188 A F  H  X S+     0   0   11     -4,-2.2     4,-1.6     2,-0.2    -2,-0.2   0.913 111.7  53.8 -67.0 -39.7   22.2   30.0  -37.5               
  189  189 A Y  H  X S+     0   0   62     -4,-2.5     4,-2.9     1,-0.2     3,-0.3   0.944 110.3  46.5 -58.7 -47.8   19.3   32.0  -35.9               
  190  190 A E  H  X S+     0   0  120     -4,-2.7     4,-2.4     1,-0.2     6,-0.3   0.912 109.2  54.5 -60.6 -43.8   21.7   33.5  -33.2               
  191  191 A L  H  <>S+     0   0   18     -4,-1.9     6,-1.6    -5,-0.2     5,-0.8   0.821 116.7  38.2 -63.5 -30.3   24.4   34.4  -35.9               
  192  192 A L  H ><5S+     0   0    9     -4,-1.6     3,-1.7    -3,-0.3    -2,-0.2   0.882 114.7  50.9 -83.5 -45.4   21.7   36.4  -37.9               
  193  193 A V  H 3<5S+     0   0   56     -4,-2.9    -2,-0.2     1,-0.3    -3,-0.2   0.831 106.7  56.3 -69.5 -27.5   19.8   37.9  -34.9               
  194  194 A T  T 3<5S-     0   0   87     -4,-2.4    -1,-0.3    -5,-0.3    -2,-0.1   0.505 110.6-127.9 -73.6  -5.6   23.1   39.2  -33.4               
  195  195 A G  T < 5S+     0   0   64     -3,-1.7    -3,-0.2     2,-0.2    -2,-0.1   0.589  78.8 117.1  68.2  11.8   23.7   40.9  -36.8               
  196  196 A R  S   <S+     0   0  144     -5,-0.8     2,-0.3    -6,-0.3    -4,-0.2   0.744  78.4  27.7 -78.1 -25.8   27.2   39.3  -37.2               
  197  197 A Y        -     0   0   66     -6,-1.6    -2,-0.2    -9,-0.1     5,-0.1  -0.888  69.9-139.1-131.9 159.7   26.1   37.5  -40.4               
  198  198 A T     >  -     0   0   70     -2,-0.3     4,-1.1     1,-0.0     3,-0.2  -0.794  39.1-101.6-109.1 162.5   23.6   37.9  -43.3               
  199  199 A P  T  4 S+     0   0   45      0, 0.0     3,-0.2     0, 0.0   -90,-0.1   0.829 126.8  43.5 -55.2 -31.3   21.5   35.0  -44.8               
  200  200 A Q  T  4 S+     0   0  150      1,-0.2   -55,-0.0   -28,-0.0    -3,-0.0   0.830 115.1  47.5 -79.7 -36.0   24.0   34.9  -47.7               
  201  201 A T  T  4 S+     0   0   86     -3,-0.2    -1,-0.2     2,-0.1     3,-0.0   0.381  79.1 130.9 -91.1   3.4   27.2   35.2  -45.5               
  202  202 A L     <  -     0   0    4     -4,-1.1     2,-0.8    -3,-0.2   -14,-0.1  -0.337  66.0-119.6 -52.9 132.2   26.1   32.5  -43.0               
  203  203 A P        +     0   0   36      0, 0.0     2,-0.3     0, 0.0    -1,-0.1  -0.694  53.1 156.5 -80.0 107.1   28.9   29.9  -42.5               
  204  204 A V        +     0   0   22     -2,-0.8   -96,-0.0     1,-0.0    -2,-0.0  -0.997  48.0  20.3-141.4 129.9   27.3   26.7  -43.6               
  205  205 A G  S    S+     0   0   64     -2,-0.3     2,-0.2   -30,-0.0    -1,-0.0   0.166 112.8  56.4 101.0 -10.7   28.8   23.4  -44.9               
  206  206 A E        +     0   0  166      1,-0.1     4,-0.1     4,-0.1    -2,-0.0  -0.696  58.6 122.9-153.6  86.7   32.4   23.6  -43.5               
  207  207 A L        +     0   0   47     -2,-0.2    -1,-0.1     2,-0.1     0, 0.0   0.415  42.8  88.8-148.1  19.3   32.9   24.1  -39.7               
  208  208 A D  S    S+     0   0  185      1,-0.1     3,-0.1     3,-0.0    -1,-0.1   0.555 105.4  42.3 -73.0  -8.3   35.1   21.5  -37.9               
  209  209 A A  S    S+     0   0   86      1,-0.2     2,-0.4     0, 0.0    -1,-0.1   0.634 108.4  51.8-113.7 -20.3   37.9   23.9  -38.9               
  210  210 A V        -     0   0   94     -4,-0.1    -1,-0.2     2,-0.0    -4,-0.1  -0.743  57.3-167.9-136.0  87.7   36.8   27.6  -38.3               
  211  211 A S        -     0   0  106     -2,-0.4     2,-0.1    -3,-0.1    -3,-0.0  -0.568  32.7-115.3 -67.7 130.0   35.3   28.7  -35.0               
  212  212 A P    >   -     0   0   32      0, 0.0     2,-1.8     0, 0.0     3,-0.8  -0.395  30.1-101.2 -74.3 147.9   33.7   32.2  -35.3               
  213  213 A I  T 3  S+     0   0  130      1,-0.2    -2,-0.0    -2,-0.1     0, 0.0  -0.405  94.7  90.6 -75.9  78.0   35.2   35.2  -33.4               
  214  214 A V  T >  S+     0   0   63     -2,-1.8     3,-0.9     0, 0.0     4,-0.2   0.498  70.1  64.0-135.1 -37.5   32.7   35.4  -30.4               
  215  215 A N  G X> S+     0   0   97     -3,-0.8     4,-2.7     1,-0.2     3,-1.2   0.609  73.5  92.6 -76.2 -10.3   34.1   33.2  -27.6               
  216  216 A E  G 34 S+     0   0  128      1,-0.3     4,-0.3     2,-0.2    -1,-0.2   0.681  85.3  53.5 -61.5 -17.0   37.4   35.2  -27.0               
  217  217 A T  G <4 S+     0   0  126     -3,-0.9    -1,-0.3     2,-0.1    -2,-0.1   0.761 116.1  36.7 -87.7 -23.7   35.6   37.3  -24.2               
  218  218 A L  T X4 S+     0   0  134     -3,-1.2     3,-1.7    -4,-0.2     4,-0.5   0.762 107.2  65.4 -95.3 -28.0   34.4   34.2  -22.2               
  219  219 A Q  T 3X S+     0   0  113     -4,-2.7     4,-2.4     1,-0.3     3,-0.4   0.710  84.0  76.3 -69.0 -16.4   37.6   32.1  -22.9               
  220  220 A L  T 34 S+     0   0  135     -4,-0.3    -1,-0.3    -5,-0.2     4,-0.2   0.617  90.7  57.9 -67.5 -10.8   39.6   34.7  -20.8               
  221  221 A S  T <4 S+     0   0   98     -3,-1.7    -1,-0.2     2,-0.1    -2,-0.2   0.825 117.9  26.4 -85.3 -33.3   38.1   33.0  -17.7               
  222  222 A D  T >4 S+     0   0  130     -4,-0.5     3,-1.4    -3,-0.4     4,-0.3   0.704 104.3  74.8-105.7 -23.3   39.4   29.4  -18.4               
  223  223 A A  G >< S+     0   0   66     -4,-2.4     3,-0.9     1,-0.3    -3,-0.1   0.745  82.9  74.4 -62.1 -19.5   42.6   30.0  -20.5               
  224  224 A L  G 3  S+     0   0  164      1,-0.2    -1,-0.3    -4,-0.2    -2,-0.1   0.303  92.2  53.0 -83.0  11.3   44.4   31.2  -17.3               
  225  225 A K  G <  S+     0   0  189     -3,-1.4    -1,-0.2     1,-0.1     3,-0.2   0.480 103.3  51.4-117.5  -4.5   44.8   27.6  -15.9               
  226  226 A R  S <  S+     0   0  123     -3,-0.9    -2,-0.1    -4,-0.3    -3,-0.1  -0.032  86.5  76.1-129.6  34.3   46.5   25.6  -18.8               
  227  227 A L        +     0   0  158      1,-0.2     2,-0.2    -3,-0.0    -1,-0.1   0.016  55.2  99.5-143.2  37.5   49.6   27.5  -19.9               
  228  228 A K  S    S+     0   0  151     -3,-0.2    -1,-0.2   521,-0.1   523,-0.1  -0.738  76.8  42.7-144.2 111.8   52.5   27.0  -17.4               
  229  229 A D        -     0   0   70    521,-0.2     2,-0.2    -2,-0.2    -1,-0.1   0.512  54.8-178.0-109.3 117.2   55.3   23.6  -19.3               
  230  230 A G        +     0   0   59    520,-0.1     2,-0.1    -3,-0.1    -3,-0.0  -0.372  10.4 156.6  86.0  62.9   56.2   23.5  -22.5               
  231  231 A G        -     0   0   63     -2,-0.2     0, 0.0   520,-0.1     0, 0.0  -0.409  25.6-144.7 178.2  83.3   58.4   20.8  -24.1               
  232  232 A L        +     0   0  172     -2,-0.1     0, 0.0     2,-0.0     0, 0.0   0.492  31.3  95.6  61.0 126.6   58.5   19.8  -27.4               
  233  233 A S        -     0   0  113      1,-0.0     2,-0.0     0, 0.0     0, 0.0   0.705  19.8-155.5-152.9 165.5   58.8   18.1  -30.0               
  234  234 A A        -     0   0  102      0, 0.0     2,-0.3     0, 0.0    -2,-0.0  -0.332  19.0-173.5 -62.8 151.8   57.3   16.1  -33.0               
  235  235 A G        -     0   0   76     -2,-0.0     2,-0.1     0, 0.0     0, 0.0  -0.935  17.3-135.5-149.5 123.1   59.3   13.4  -34.8               
  236  236 A C        -     0   0  134     -2,-0.3     2,-0.2     1,-0.1     0, 0.0  -0.409  21.0-117.1 -75.3 153.2   58.1   11.6  -38.0               
  237  237 A G        +     0   0   70     -2,-0.1     2,-0.1     2,-0.0    -1,-0.1  -0.617  38.0 154.1 -81.3 149.0   58.3    7.9  -38.6               
  238  238 A S        -     0   0  123     -2,-0.2     2,-1.0     0, 0.0    -2,-0.0  -0.488  23.9-169.1-167.9 121.7   60.2    6.0  -41.3               
  239  239 A G        +     0   0   81     -2,-0.1     2,-0.2     2,-0.0    -2,-0.0  -0.800  50.7 118.3 -90.7  86.7   61.7    2.5  -41.5               
  240  240 A S        -     0   0  107     -2,-1.0    -1,-0.0     2,-0.0     0, 0.0  -0.623  58.9 -85.9-159.0 106.8   63.8    2.8  -44.6               
  241  241 A S        -     0   0  103     -2,-0.2    -2,-0.0     0, 0.0     0, 0.0   0.516  44.2 -62.6  28.7 108.6   67.6    2.5  -45.2               
  242  242 A S        +     0   0  113      0, 0.0    -2,-0.0     0, 0.0     0, 0.0   0.546  35.8 138.9  80.3 168.6   70.7    4.3  -45.1               
  243  243 A V        -     0   0  123      2,-0.0     0, 0.0     0, 0.0     0, 0.0   0.987  43.0-119.8  72.0  79.0   73.3    7.1  -46.1               
  244  244 A T        -     0   0  127      1,-0.1     0, 0.0     0, 0.0     0, 0.0   0.593  28.7-127.5  25.6 149.5   75.4    9.0  -43.9               
  245  245 A P        +     0   0  125      0, 0.0    -1,-0.1     0, 0.0    -2,-0.0   0.189  20.1 169.4-114.2-167.3   75.6   12.7  -43.2               
  246  246 A N        -     0   0  141      0, 0.0     0, 0.0     0, 0.0     0, 0.0   0.261  20.3 -17.1 143.9 144.7   77.3   16.1  -42.8               
  247  247 A S        +     0   0  100      2,-0.0     0, 0.0     0, 0.0     0, 0.0   0.919  43.1   2.1  54.5 113.2   77.8   19.9  -42.3               
  248  248 A G        +     0   0   86      1,-0.1     0, 0.0     0, 0.0     0, 0.0   0.850  26.4 125.2 106.6 128.7   76.8   23.3  -42.4               
  249  249 A G        -     0   0   78      2,-0.0    -1,-0.1     0, 0.0    -2,-0.0   0.190  29.6-175.3 153.0  75.5   74.7   26.4  -42.8               
  250  250 A T        -     0   0  141      1,-0.1     0, 0.0     0, 0.0     0, 0.0  -0.245  26.4 -86.4 -95.2 178.8   74.4   29.0  -39.9               
  251  251 A P        -     0   0  109      0, 0.0     2,-0.3     0, 0.0    -1,-0.1   0.120  16.3-147.7-100.1-177.8   72.2   32.0  -39.8               
  252  252 A F        -     0   0  215      2,-0.0     2,-0.1     0, 0.0     0, 0.0  -0.979  22.8-155.3-149.8 160.9   71.4   35.7  -40.4               
  253  253 A S        +     0   0   84     -2,-0.3     0, 0.0     2,-0.0     0, 0.0  -0.429  17.7  58.6-106.0 172.9   69.3   38.3  -38.6               
  254  254 A Q        +     0   0  156     -2,-0.1    -2,-0.0     0, 0.0     0, 0.0   0.813  23.6  68.2  93.9 135.8   67.3   41.5  -38.5               
  255  255 A D        -     0   0  126      2,-0.0    -2,-0.0     0, 0.0     0, 0.0   0.973  31.5 -80.4  84.3  99.0   64.8   44.3  -38.9               
  256  256 A T        -     0   0  122      1,-0.0     0, 0.0     0, 0.0     0, 0.0   0.861  27.6 -81.1  73.9  99.8   61.7   46.0  -38.7               
  257  257 A A        -     0   0   86      0, 0.0     2,-0.2     0, 0.0    -1,-0.0   0.488  20.4-176.5  16.2 128.8   58.1   46.9  -39.8               
  258  258 A Y        +     0   0  228      0, 0.0     2,-0.0     0, 0.0     0, 0.0  -0.678  17.6 158.8-173.4 167.0   56.1   49.0  -42.1               
  259  259 A S        +     0   0   86     -2,-0.2     0, 0.0     0, 0.0     0, 0.0   0.134   3.9  64.7 178.0 146.2   52.8   49.7  -42.7               
  260  260 A S        -     0   0   96      1,-0.1     2,-0.2    -2,-0.0     0, 0.0   0.921  13.2-162.2  59.8 128.1   49.4   51.2  -43.8               
  261  261 A C        -     0   0  115      2,-0.0    -1,-0.1     0, 0.0     0, 0.0  -0.572  38.8-138.9-154.9 120.2   46.8   52.3  -46.1               
  262  262 A R        +     0   0  203     -2,-0.2     0, 0.0     0, 0.0     0, 0.0   0.626  31.1 161.4  75.3 134.9   44.1   54.5  -45.3               
  263  263 A L        -     0   0  122      0, 0.0     2,-0.1     0, 0.0    -2,-0.0   0.866  26.8 -45.0-156.9-176.6   41.3   56.2  -44.9               
  264  264 A D        +     0   0  121      0, 0.0     0, 0.0     0, 0.0     0, 0.0   0.092  26.1 134.4-144.4-129.1   39.2   58.3  -43.5               
  265  265 A T        -     0   0  112      1,-0.1     0, 0.0    -2,-0.1     0, 0.0  -0.706  10.3-150.5-162.3-166.7   37.1   60.3  -40.7               
  266  266 A P        +     0   0   98      0, 0.0    -1,-0.1     0, 0.0     0, 0.0   0.730  16.0  25.3-141.1 179.8   35.6   62.4  -38.7               
  267  267 A N        +     0   0  145      0, 0.0    -2,-0.0     0, 0.0     0, 0.0   0.779  26.2  34.9  82.0 147.2   33.9   64.2  -35.7               
  268  268 A S        -     0   0   77      0, 0.0     0, 0.0     0, 0.0     0, 0.0   0.698  29.3 -70.1-168.0 168.7   33.1   65.3  -32.9               
  269  269 A Y        +     0   0  215      0, 0.0     2,-0.1     0, 0.0     0, 0.0   0.885  24.2 142.2  55.6 142.2   32.9   66.5  -29.1               
  270  270 A G        +     0   0   60      0, 0.0     0, 0.0     0, 0.0     0, 0.0  -0.047   8.9 101.7 143.7 131.6   33.1   66.0  -26.0               
  271  271 A Q        +     0   0  198     -2,-0.1     0, 0.0     0, 0.0     0, 0.0   0.437   5.2 151.2  67.5 161.4   34.0   66.6  -22.2               
  272  272 A G        -     0   0   68      2,-0.0     0, 0.0     0, 0.0     0, 0.0   0.904  15.5-116.7 175.5 173.4   34.0   67.5  -18.9               
  273  273 A T        -     0   0  143      1,-0.1     2,-0.0     0, 0.0     0, 0.0   0.893   5.9-160.8-169.0 164.2   34.9   67.4  -15.5               
  274  274 A P        -     0   0  118      0, 0.0     2,-0.1     0, 0.0    -1,-0.1  -0.186  11.5-172.9-100.7-175.0   34.8   67.0  -11.6               
  275  275 A L        -     0   0  162     -2,-0.0     0, 0.0     0, 0.0     0, 0.0  -0.368  22.4 -37.4 156.8 153.9   36.6   68.0   -8.1               
  276  276 A T        -     0   0  121     -2,-0.1     2,-0.1     1,-0.1     0, 0.0   0.835  12.9-159.6-163.0 166.0   36.7   67.4   -4.6               
  277  277 A P        -     0   0  112      0, 0.0     2,-0.2     0, 0.0    -1,-0.1  -0.376  16.1-149.8-106.5-177.9   36.0   66.7   -0.8               
  278  278 A R        -     0   0  229     -2,-0.1     0, 0.0     1,-0.1     0, 0.0  -0.606  22.8 -65.2-168.1 138.6   37.3   67.1    2.8               
  279  279 A L        +     0   0  162     -2,-0.2    -1,-0.1     1,-0.0     0, 0.0   0.933  36.4 138.1  58.0 136.9   37.4   65.8    6.4               
  280  280 A G        +     0   0   80      0, 0.0    -2,-0.0     0, 0.0    -1,-0.0   0.597  31.1 131.0 154.8  52.2   35.5   65.0    9.7               
  281  281 A T        +     0   0  136      0, 0.0     2,-0.0     0, 0.0     0, 0.0  -0.399  15.1  71.7 -94.5-167.6   35.8   61.9   12.0               
  282  282 A P        +     0   0   93      0, 0.0     0, 0.0     0, 0.0     0, 0.0   0.712  23.4  57.0-138.6-159.4   36.1   60.3   15.0               
  283  283 A F        +     0   0  184     -2,-0.0     0, 0.0     0, 0.0     0, 0.0   0.634  19.7 139.5  71.8 150.6   35.6   58.7   18.6               
  284  284 A S        +     0   0   75      0, 0.0     0, 0.0     0, 0.0     0, 0.0   0.665   6.0 153.2-173.2 161.9   34.3   56.9   21.1               
  285  285 A Q        +     0   0  150      0, 0.0     0, 0.0     0, 0.0     0, 0.0   0.784   5.9 104.9  56.9 158.5   33.4   54.7   24.1               
  286  286 A D        -     0   0  125      0, 0.0     0, 0.0     0, 0.0     0, 0.0   0.657  13.2-128.4-160.9 150.2   32.2   53.1   26.7               
  287  287 A S        +     0   0  103      0, 0.0     0, 0.0     0, 0.0     0, 0.0   0.934  26.9  10.4  68.0 134.5   30.7   50.5   29.2               
  288  288 A S        +     0   0  111      0, 0.0     2,-0.2     0, 0.0     0, 0.0   0.652  17.7 154.0  56.3 102.2   28.5   48.9   31.8               
  289  289 A Y        -     0   0  221      0, 0.0     2,-0.1     0, 0.0     0, 0.0  -0.571  15.8-165.4-174.2 143.5   25.6   48.8   34.2               
  290  290 A S        +     0   0   81     -2,-0.2     0, 0.0     0, 0.0     0, 0.0  -0.271  23.4  12.6  99.6 101.1   23.6   46.5   35.8               
  291  291 A S        +     0   0   89     -2,-0.1     0, 0.0     0, 0.0     0, 0.0   0.872  47.6  26.4  73.0 139.8   20.4   45.6   37.8               
  292  292 A R        +     0   0  219      0, 0.0     0, 0.0     0, 0.0     0, 0.0   0.939  47.0  26.2  77.0 134.4   17.0   46.4   39.3               
  293  293 A Q        -     0   0  178      2,-0.0     2,-0.1     0, 0.0     0, 0.0   0.348  48.4 -78.8  77.5 162.2   13.6   47.9   39.7               
  294  294 A P        -     0   0   98      0, 0.0     0, 0.0     0, 0.0     0, 0.0  -0.204  38.3 -44.2-105.0 179.2   10.6   49.6   38.0               
  295  295 A T        +     0   0  130     -2,-0.1     2,-0.2     0, 0.0    -2,-0.0   0.232  27.3 153.9 -11.9 135.2    8.7   52.6   36.3               
  296  296 A P        -     0   0  124      0, 0.0     2,-0.1     0, 0.0     0, 0.0  -0.644  19.1-150.8-148.3 175.7    7.8   55.8   36.4               
  297  297 A S        +     0   0  102     -2,-0.2     2,-0.0     0, 0.0     0, 0.0  -0.367  19.9 159.6 -68.2 162.8    6.8   58.6   33.9               
  298  298 A Y        +     0   0  210      1,-0.1     0, 0.0    -2,-0.1     0, 0.0  -0.013   7.8  10.2 167.2 153.5    7.1   62.2   33.7               
  299  299 A L        +     0   0  139     -2,-0.0    -1,-0.1     0, 0.0     0, 0.0   0.776  17.3 169.8  67.2 152.6    7.1   65.8   32.2               
  300  300 A F        -     0   0  179      0, 0.0     0, 0.0     0, 0.0     0, 0.0   0.780   9.4-112.0-174.8-176.6    6.9   68.5   30.2               
  301  301 A S        +     0   0   93      0, 0.0     0, 0.0     0, 0.0     0, 0.0   0.380  33.2  38.6  94.6 144.5    6.8   72.1   28.6               
  302  302 A Q        +     0   0  169      0, 0.0     0, 0.0     0, 0.0     0, 0.0   0.559  33.4 136.1-158.1 134.0    5.7   74.7   27.1               
  303  303 A D        -     0   0  143      0, 0.0     0, 0.0     0, 0.0     0, 0.0   0.864  20.9-141.0  37.0 168.9    2.9   77.3   26.5               
  304  304 A P        -     0   0  115      0, 0.0     0, 0.0     0, 0.0     0, 0.0   0.545  32.2  -9.8-134.4 173.1    1.1   79.8   26.0               
  305  305 A A        +     0   0   85      1,-0.1     0, 0.0     0, 0.0     0, 0.0   0.472  51.8  47.5 115.3 149.7   -2.0   81.8   26.5               
  306  306 A V        +     0   0  142      2,-0.0     2,-0.2     1,-0.0    -1,-0.1   0.478  50.6 153.4  79.1 135.4   -5.7   82.8   27.6               
  307  307 A T        +     0   0  118      1,-0.1    -1,-0.0     2,-0.0     0, 0.0  -0.828  16.3 145.3-153.1-177.1   -7.5   82.3   31.0               
  308  308 A F        +     0   0  180     -2,-0.2    -1,-0.1     0, 0.0    -2,-0.0   0.804  22.3  51.9-167.9 151.7   -9.5   82.4   33.6               
  309  309 A K        -     0   0  197      0, 0.0    -2,-0.0     0, 0.0     0, 0.0   0.153  45.3 -55.6 175.2 114.4  -11.7   81.8   36.6               
  310  310 A A        +     0   0   90      0, 0.0     0, 0.0     0, 0.0     0, 0.0   0.844  37.8  69.9  57.8 149.3  -11.8   79.8   39.9               
  311  311 A R        -     0   0  223      0, 0.0     0, 0.0     0, 0.0     0, 0.0   0.543  29.4-108.2-162.8 133.3  -11.7   77.9   42.5               
  312  312 A R        +     0   0  215      0, 0.0     0, 0.0     0, 0.0     0, 0.0   0.813  35.1 100.9  62.9 150.8   -9.9   75.6   45.0               
  313  313 A H        -     0   0  152      1,-0.0     2,-0.2     0, 0.0     0, 0.0   0.843  19.0-172.7  63.4 125.1   -9.1   72.0   46.5               
  314  314 A E        +     0   0  133      0, 0.0     2,-0.2     0, 0.0    -1,-0.0  -0.530   5.2 175.9  84.0  86.7   -7.0   69.5   46.6               
  315  315 A S        -     0   0  105     -2,-0.2     2,-0.1     2,-0.0     0, 0.0  -0.508   7.5-168.4-167.8 121.1   -7.0   66.0   48.0               
  316  316 A K        +     0   0  149     -2,-0.2     0, 0.0     0, 0.0     0, 0.0   0.639  14.5 150.6  71.0 149.9   -4.7   63.4   47.8               
  317  317 A F        +     0   0  163     -2,-0.1     2,-0.2     0, 0.0    -2,-0.0   0.748   6.0 163.9  72.5 114.3   -4.6   59.7   48.7               
  318  318 A T        +     0   0  106      0, 0.0     0, 0.0     0, 0.0     0, 0.0   0.435  33.5 125.7  64.9 154.4   -2.9   57.1   47.6               
  319  319 A D        +     0   0  124     -2,-0.2     0, 0.0     0, 0.0     0, 0.0   0.489   4.6  98.2  66.3 154.4   -2.9   53.9   49.7               
  320  320 A A        +     0   0   74      1,-0.0     2,-0.1     0, 0.0     0, 0.0   0.836  14.1 138.0-135.1 157.9   -3.2   50.9   50.6               
  321  321 A Y        +     0   0  202      0, 0.0    -1,-0.0     0, 0.0     0, 0.0   0.561  37.9 130.1  54.0 152.3   -1.6   48.1   51.1               
  322  322 A N        +     0   0  120     -2,-0.1     0, 0.0     0, 0.0     0, 0.0   0.932  30.5  53.0  62.1 113.5   -2.4   46.1   54.3               
  323  323 A R        +     0   0  224      1,-0.0     0, 0.0     0, 0.0     0, 0.0   0.530  33.2 157.2-152.5 132.4   -3.2   43.2   55.3               
  324  324 A R        -     0   0  163      0, 0.0     2,-0.2     0, 0.0    -1,-0.0  -0.060  23.5-151.4  -5.3 135.2   -2.0   39.7   55.0               
  325  325 A H        -     0   0  191      2,-0.1     2,-0.2     0, 0.0     0, 0.0  -0.607  32.4-179.1-129.4 128.7   -2.5   36.9   56.9               
  326  326 A E        -     0   0   54     -2,-0.2     2,-0.4     0, 0.0     0, 0.0  -0.573  36.6-148.3  63.2  85.4    0.2   35.0   56.5               
  327  327 A H        -     0   0  153     -2,-0.2     2,-0.3     2,-0.0    -2,-0.1  -0.888  40.4-167.4 -97.6 121.7    1.4   32.0   57.5               
  328  328 A H        +     0   0  103     -2,-0.4     2,-0.1     2,-0.0     0, 0.0  -0.360  27.3 155.6  54.5  87.1    4.6   32.8   57.5               
  329  329 A Y        -     0   0  210     -2,-0.3    -2,-0.0     0, 0.0     2,-0.0   0.043  25.6-161.8-141.5 133.8    7.3   30.9   57.7               
  330  330 A V        +     0   0   78     -2,-0.1    -2,-0.0     0, 0.0     0, 0.0   0.294  11.1  35.0  86.4 109.6   10.3   31.9   56.5               
  331  331 A H        +     0   0  161     -2,-0.0     0, 0.0     2,-0.0     0, 0.0   0.880  17.1 100.4  59.8 141.4   13.8   31.1   55.3               
  332  332 A N        +     0   0  130      1,-0.1     0, 0.0     0, 0.0     0, 0.0   0.595  20.5 131.2-157.8 142.1   16.6   30.1   54.2               
  333  333 A S        -     0   0  103      2,-0.0     2,-0.2     0, 0.0    -1,-0.1  -0.809  31.6-162.6 -75.2 146.3   19.2   30.3   51.6               
  334  334 A P        -     0   0  112      0, 0.0     2,-0.2     0, 0.0     0, 0.0  -0.706   9.1-178.4-135.4 142.9   22.6   30.7   52.5               
  335  335 A A        -     0   0   86     -2,-0.2     2,-0.2     0, 0.0    -2,-0.0  -0.212   8.3-159.1  67.0 101.5   25.1   31.7   50.5               
  336  336 A V        -     0   0  138     -2,-0.2     2,-0.1     2,-0.1     0, 0.0  -0.538  13.5-154.9-165.5 112.9   28.8   32.1   51.4               
  337  337 A T        -     0   0  123     -2,-0.2     2,-0.2     0, 0.0     0, 0.0  -0.325  14.3-179.8  83.3  83.6   30.9   34.0   49.6               
  338  338 A A        -     0   0   99     -2,-0.1    -2,-0.1     2,-0.0     2,-0.0  -0.704  26.4-101.5-173.3 154.5   34.7   34.2   48.9               
  339  339 A V        +     0   0  132     -2,-0.2     0, 0.0     0, 0.0     0, 0.0   0.230  31.3  36.8-167.2 146.0   36.6   36.3   47.1               
  340  340 A A        +     0   0  105     -2,-0.0    -2,-0.0     0, 0.0     0, 0.0   0.464  21.2 114.4  61.6 155.1   38.8   38.4   44.6               
  341  341 A G        -     0   0   75      0, 0.0     0, 0.0     0, 0.0     0, 0.0   0.776  46.9 -33.6-175.4 165.6   39.9   39.5   41.9               
  342  342 A A        -     0   0   83      0, 0.0     0, 0.0     0, 0.0     0, 0.0   0.630  41.9 -67.2-159.7 150.6   40.2   42.1   40.3               
  343  343 A T        +     0   0  138      0, 0.0     0, 0.0     0, 0.0     0, 0.0   0.881  32.7  74.5  57.2 144.7   39.2   45.6   39.0               
  344  344 A A        +     0   0   89      0, 0.0     0, 0.0     0, 0.0     0, 0.0   0.849  36.4  82.8-174.1 171.5   37.9   48.2   37.7               
  345  345 A A        -     0   0   73      0, 0.0     0, 0.0     0, 0.0     0, 0.0   0.698  28.9-123.4 178.7 178.8   35.4   50.4   37.7               
  346  346 A F        +     0   0  169      0, 0.0     0, 0.0     0, 0.0     0, 0.0   0.678  20.7  34.3  83.3 145.3   33.3   53.5   38.8               
  347  347 A R        +     0   0  204      0, 0.0     2,-0.0     0, 0.0     0, 0.0   0.520  29.4  17.6-168.6 147.5   31.0   55.5   39.8               
  348  348 A G        +     0   0   65      0, 0.0     2,-0.0     0, 0.0     0, 0.0   0.211  23.4 122.5 126.1 133.9   28.0   57.1   41.5               
  349  349 A S        -     0   0  112     -2,-0.0     0, 0.0     0, 0.0     0, 0.0   0.509  10.2 -93.8  98.5 137.2   25.6   57.7   43.8               
  350  350 A S        -     0   0   87     -2,-0.0     0, 0.0     0, 0.0     0, 0.0   0.821   4.1 -95.0-166.8-175.7   23.4   58.6   46.1               
  351  351 A D        -     0   0  141      0, 0.0     0, 0.0     0, 0.0     0, 0.0   0.675  11.4-147.7  80.0 145.6   20.9   59.6   48.9               
  352  352 A L        -     0   0  151      0, 0.0     0, 0.0     0, 0.0     0, 0.0   0.851   2.9 -54.7 135.4 173.9   18.2   59.8   51.2               
  353  353 A P        +     0   0   98      0, 0.0     0, 0.0     0, 0.0     0, 0.0   0.713   6.1 160.2-132.6-157.2   15.6   60.4   53.5               
  354  354 A F        -     0   0  202      0, 0.0     0, 0.0     0, 0.0     0, 0.0   0.927  13.3-168.2  88.2 119.4   12.9   61.4   56.3               
  355  355 A G        -     0   0   74      0, 0.0     0, 0.0     0, 0.0     0, 0.0   0.754   1.7 -35.7  72.2 168.2    9.6   61.8   57.9               
  356  356 A A        -     0   0   93      0, 0.0     0, 0.0     0, 0.0     0, 0.0   0.683   3.4-156.0-172.2 168.8    7.0   62.5   59.7               
  357  357 A V        +     0   0  145      0, 0.0     0, 0.0     0, 0.0     0, 0.0   0.971  27.0  86.0  76.4 117.7    4.1   63.3   62.3               
  358  358 A G        +     0   0   80      0, 0.0     0, 0.0     0, 0.0     0, 0.0   0.741  15.8  96.5  81.7 146.1    0.5   63.3   63.3               
  359  359 A G        -     0   0   64      0, 0.0     0, 0.0     0, 0.0     0, 0.0   0.534  14.3-138.9 165.6 154.7   -2.4   62.7   64.3               
  360  360 A T        +     0   0  158      0, 0.0     0, 0.0     0, 0.0     0, 0.0   0.626  19.9 126.2  66.4 145.4   -5.9   62.3   66.2               
  361  361 A G        -     0   0   78      0, 0.0     0, 0.0     0, 0.0     0, 0.0   0.494  20.2-102.4 170.6 153.9   -8.5   60.7   67.0               
  362  362 A G        +     0   0   83      0, 0.0     0, 0.0     0, 0.0     0, 0.0   0.362  29.7  43.5  88.8 146.6  -11.5   58.9   68.6               
  363  363 A S        -     0   0  106      0, 0.0     0, 0.0     0, 0.0     0, 0.0   0.586  36.0 -61.3-160.5 146.7  -13.3   56.6   69.6               
  364  364 A S        +     0   0  115      2,-0.0     0, 0.0     0, 0.0     0, 0.0   0.879  29.8   8.5  48.2 138.9  -14.4   53.3   71.3               
  365  365 A G        +     0   0   71      1,-0.1     0, 0.0     0, 0.0     0, 0.0   0.802  17.2 105.9 174.8 158.9  -14.6   50.2   71.9               
  366  366 A P        -     0   0  127      0, 0.0    -1,-0.1     0, 0.0     2,-0.1  -0.274  17.3-138.9-113.4-170.0  -14.5   46.3   72.4               
  367  367 A P        +     0   0   97      0, 0.0     0, 0.0     0, 0.0     0, 0.0  -0.080  25.8  22.5-159.0 174.1  -13.8   43.3   74.0               
  368  368 A F        +     0   0  179     -2,-0.1     0, 0.0     0, 0.0     0, 0.0   0.712  32.7  34.0  70.1 148.4  -12.6   39.6   74.0               
  369  369 A K        -     0   0  174      2,-0.0     0, 0.0     0, 0.0     0, 0.0   0.693  29.6 -65.4-161.3 153.2  -11.2   36.7   73.4               
  370  370 A A        -     0   0   88      0, 0.0     0, 0.0     0, 0.0     0, 0.0   0.813  19.3-133.2  58.0 132.4   -8.6   34.0   72.3               
  371  371 A Q        -     0   0  170      0, 0.0    -2,-0.0     0, 0.0     0, 0.0   0.499   9.9-176.0  79.3 147.0   -6.6   32.0   70.3               
  372  372 A P        -     0   0   92      0, 0.0     0, 0.0     0, 0.0     0, 0.0   0.603   9.2-160.5-149.9 172.0   -4.9   29.7   68.8               
  373  373 A Q        +     0   0  138    334,-0.0     0, 0.0     2,-0.0     0, 0.0   0.982  10.2 112.8  75.5 128.9   -2.5   28.1   66.4               
  374  374 A D        -     0   0   76    333,-0.1     0, 0.0     2,-0.0     0, 0.0   0.962  19.9-107.3  99.5  98.6   -0.4   26.0   64.2               
  375  375 A S        -     0   0   50      1,-0.1   -48,-0.0   332,-0.1    -2,-0.0   0.516  23.4 -91.9  64.9  78.6    1.2   24.5   61.3               
  376  376 A A        -     0   0   45    334,-0.2    -1,-0.1   332,-0.0    -2,-0.0   0.735  33.3 -19.8  70.8 109.0    1.7   22.0   58.8               
  377  377 A T        +     0   0  100    334,-0.2     2,-0.0     1,-0.1   332,-0.0   0.274  28.2 135.0  82.7 175.8    3.0   18.8   57.1               
  378  378 A F        -     0   0  118    333,-0.1     2,-0.2   334,-0.0    -1,-0.1  -0.028  27.7-149.0  85.9 166.5    5.7   16.0   56.6               
  379  379 A A        +     0   0   70     -2,-0.0     0, 0.0     2,-0.0     0, 0.0  -0.622  23.2 111.3-144.6-176.3    5.8   12.2   56.2               
  380  380 A H        +     0   0  164     -2,-0.2     0, 0.0     0, 0.0     0, 0.0   0.784  28.1  43.0  78.1 116.6    7.1    8.5   56.3               
  381  381 A T        -     0   0  118      0, 0.0    -2,-0.0     0, 0.0     0, 0.0   0.968  33.7 -53.9  98.5 142.8    6.9    5.1   57.5               
  382  382 A P        -     0   0  105      0, 0.0     0, 0.0     0, 0.0     0, 0.0   0.752  25.2 -78.4-130.6-143.3    6.1    2.0   58.6               
  383  383 A P        +     0   0  110      0, 0.0     0, 0.0     0, 0.0     0, 0.0  -0.150  17.5 141.1 -86.7-173.7    4.3   -1.0   60.7               
  384  384 A P        -     0   0   94      0, 0.0  1137,-0.1     0, 0.0     0, 0.0   0.422  21.6 -52.1-150.0-175.0    3.3   -3.2   62.9               
  385  385 A A        +     0   0   49   1137,-0.3  1138,-0.0     0, 0.0     0, 0.0   0.982  32.4  56.1  84.6 125.2    1.1   -5.4   65.1               
  386  386 A Q        +     0   0  134   1136,-0.1     0, 0.0     0, 0.0     0, 0.0   0.789  29.4  53.1  63.4 145.0   -1.7   -6.6   67.5               
  387  387 A A        -     0   0   65      0, 0.0     0, 0.0     0, 0.0     0, 0.0   0.502  24.3 -83.6-170.2 147.2   -4.7   -7.1   68.6               
  388  388 A T        +     0   0  133      0, 0.0     0, 0.0     0, 0.0     0, 0.0   0.735  20.6  86.9  62.6 158.9   -8.4   -8.0   69.3               
  389  389 A P        -     0   0  110      0, 0.0     0, 0.0     0, 0.0     0, 0.0   0.623  20.7 -74.5-144.3 175.7  -11.6   -7.9   69.4               
  390  390 A A        +     0   0   88      0, 0.0     0, 0.0     0, 0.0     0, 0.0   0.494  23.8  41.5  74.0 165.8  -15.3   -8.2   69.0               
  391  391 A P        -     0   0  119      0, 0.0     0, 0.0     0, 0.0     0, 0.0   0.176  17.0-175.2-141.5 159.7  -18.4   -7.7   68.0               
  392  392 A G        -     0   0   74      1,-0.0     0, 0.0     0, 0.0     0, 0.0   0.115  24.2-148.6  86.9 168.0  -21.7   -7.2   66.1               
  393  393 A F        -     0   0  176      0, 0.0    -1,-0.0     0, 0.0     0, 0.0   0.638  43.0 -86.7-128.9 147.6  -24.5   -6.7   64.9               
  394  394 A K        +     0   0  183      0, 0.0     0, 0.0     0, 0.0     0, 0.0   0.751  41.5 110.0  33.5 142.3  -26.2   -7.7   61.6               
  395  395 A S        +     0   0  104      2,-0.0     2,-0.1     0, 0.0     0, 0.0   0.761  33.2 122.4-154.2 150.6  -27.2   -7.8   58.5               
  396  396 A A        +     0   0   58      2,-0.1     2,-0.2     0, 0.0     0, 0.0   0.304  10.6 152.8  71.2 139.0  -26.7   -9.7   55.7               
  397  397 A F        +     0   0  178      1,-0.1    -2,-0.0    -2,-0.1     3,-0.0   0.343  35.2 111.4 -79.1-149.0  -27.4  -11.5   53.2               
  398  398 A S  S    S-     0   0   74     -2,-0.2     2,-0.2   665,-0.1    -1,-0.1   0.499  78.4 -90.1 -72.7 167.8  -26.3  -12.3   50.2               
  399  399 A P        -     0   0   53      0, 0.0     2,-0.0     0, 0.0   663,-0.0  -0.562  48.1 -53.7-113.8 173.2  -25.0  -15.9   50.7               
  400  400 A Y        +     0   0  167     -2,-0.2     2,-0.3     1,-0.1     0, 0.0  -0.168  21.2 173.3-162.4 129.2  -22.5  -17.7   51.5               
  401  401 A Q        +     0   0  178     -2,-0.0    -1,-0.1     0, 0.0     0, 0.0  -0.649  44.0 173.8 -71.5 138.0  -19.2  -19.5   52.0               
  402  402 A T        +     0   0  129     -2,-0.3    -2,-0.0     1,-0.2     2,-0.0  -0.587   9.1   0.8 165.5 168.2  -18.5  -21.9   55.0               
  403  403 A P        -     0   0  120      0, 0.0     2,-0.3     0, 0.0    -1,-0.2   0.748  20.0-160.2-126.5-163.3  -17.0  -24.1   56.9               
  404  404 A V        +     0   0  143      1,-0.1     0, 0.0    -2,-0.0     0, 0.0  -0.948  41.2  25.2-121.4 148.3  -14.0  -26.4   57.7               
  405  405 A A        +     0   0   79     -2,-0.3    -1,-0.1     1,-0.1     2,-0.1   0.899  26.2 125.4  76.9 123.4  -13.3  -29.5   59.9               
  406  406 A H        -     0   0  191      2,-0.1    -1,-0.1     0, 0.0     0, 0.0  -0.162  26.1-169.8-163.3 137.7  -14.0  -32.4   61.7               
  407  407 A F        +     0   0  192     -2,-0.1     0, 0.0     0, 0.0     0, 0.0  -0.558  15.2 153.8 -68.6 148.3  -12.3  -36.0   61.5               
  408  408 A P        -     0   0  111      0, 0.0    -2,-0.1     0, 0.0     0, 0.0  -0.745  39.3 -68.2-141.8-143.6  -12.9  -39.1   62.7               
  409  409 A P        -     0   0  106      0, 0.0     0, 0.0     0, 0.0     0, 0.0  -0.237  23.7-117.7-117.4 170.9  -11.9  -42.6   61.4               
  410  410 A P        -     0   0  124      0, 0.0     2,-0.4     0, 0.0     0, 0.0  -0.587  14.0-152.0 -89.8 150.1  -12.1  -45.6   58.9               
  411  411 A P        -     0   0  104      0, 0.0     0, 0.0     0, 0.0     0, 0.0  -0.985  28.5-103.3-118.3 122.8  -13.2  -49.3   58.9               
  412  412 A E        -     0   0  193     -2,-0.4     0, 0.0     1,-0.1     0, 0.0   0.968  27.6 -46.8  94.4 140.9  -12.0  -51.9   56.9               
  413  413 A E        +     0   0  162      2,-0.0    -1,-0.1     0, 0.0     2,-0.1  -0.222  17.0 161.6 -62.7 160.5  -12.1  -54.6   54.1               
  414  414 A P        -     0   0  115      0, 0.0     2,-0.1     0, 0.0     0, 0.0   0.053  11.7-176.6-135.5 153.4  -13.3  -56.9   52.3               
  415  415 A T        +     0   0  103     -2,-0.1    -2,-0.0     0, 0.0     0, 0.0   0.078   7.9 163.4  53.6 110.6  -12.6  -58.2   49.3               
  416  416 A A        -     0   0   85     -2,-0.1     0, 0.0     0, 0.0     0, 0.0   0.149  23.5 -89.1 169.4 125.4  -14.0  -60.8   47.1               
  417  417 A T        -     0   0  128      1,-0.1     0, 0.0     0, 0.0     0, 0.0   0.496  14.3-142.7  22.7 113.8  -14.2  -62.3   43.6               
  418  418 A A        +     0   0   95      0, 0.0    -1,-0.1     0, 0.0     2,-0.0   0.331  17.6 173.4  56.8 121.4  -15.5  -62.4   40.5               
  419  419 A A        -     0   0   73      1,-0.1     0, 0.0     2,-0.1     0, 0.0   0.126  24.5 -17.2 168.2 160.2  -16.4  -64.6   38.0               
  420  420 A F        +     0   0  214     -2,-0.0    -1,-0.1     1,-0.0     0, 0.0   0.649  45.7 117.6  71.7 145.3  -18.0  -65.8   34.6               
  421  421 A G        -     0   0   75      0, 0.0     2,-0.1     0, 0.0    -2,-0.1   0.579  26.1-178.7  96.4 101.6  -20.5  -64.6   32.0               
  422  422 A A        +     0   0   95      0, 0.0     0, 0.0     0, 0.0     0, 0.0   0.240  17.3 105.9  88.4 136.5  -20.1  -63.9   28.7               
  423  423 A R        +     0   0  217     -2,-0.1     0, 0.0     0, 0.0     0, 0.0   0.500  31.9  21.7  79.8 120.7  -22.1  -62.6   25.6               
  424  424 A D        +     0   0  125      0, 0.0     0, 0.0     0, 0.0     0, 0.0   0.926  21.8  81.3  83.4 140.4  -22.9  -60.0   23.4               
  425  425 A S        -     0   0  112      0, 0.0     0, 0.0     0, 0.0     0, 0.0   0.872   9.5-121.6-149.2 174.1  -23.3  -57.5   21.3               
  426  426 A G        +     0   0   51      0, 0.0     0, 0.0     0, 0.0     0, 0.0   0.732  19.9  97.2  72.2 123.2  -23.6  -54.9   18.8               
  427  427 A E        -     0   0  172      0, 0.0     2,-0.0     0, 0.0     0, 0.0   0.730  19.7-160.9-149.3 148.9  -23.5  -52.1   17.1               
  428  428 A F        +     0   0  121      0, 0.0     0, 0.0     0, 0.0     0, 0.0   0.247  14.4 107.7  38.2 134.3  -21.9  -50.0   14.7               
  429  429 A R        -     0   0  136     -2,-0.0     0, 0.0     0, 0.0     0, 0.0   0.779  35.8 -59.9-166.3 178.9  -21.4  -47.2   13.2               
  430  430 A R        -     0   0  170      2,-0.1     3,-0.1     3,-0.0     0, 0.0   0.208  62.8 -61.9  71.1 165.8  -20.0  -43.8   11.7               
  431  431 A A  S    S-     0   0   84      1,-0.1     2,-0.1     0, 0.0     0, 0.0  -0.513  70.2 -80.4 -70.4 153.2  -18.9  -40.4   13.2               
  432  432 A P        -     0   0  133      0, 0.0    -1,-0.1     0, 0.0    -2,-0.1  -0.409  61.9-119.9 -58.6 130.7  -21.5  -38.3   15.1               
  433  433 A A        -     0   0   84      1,-0.2    -3,-0.0    -2,-0.1     0, 0.0  -0.004  27.8 -78.8 -68.5 169.1  -23.6  -36.6   12.4               
  434  434 A P  S    S-     0   0  111      0, 0.0    -1,-0.2     0, 0.0     3,-0.1  -0.312  70.1 -78.6 -49.9 153.2  -24.2  -32.9   11.6               
  435  435 A P        -     0   0  112      0, 0.0     0, 0.0     0, 0.0     0, 0.0  -0.314  69.2 -86.2 -57.3 148.2  -26.8  -31.3   14.0               
  436  436 A P        -     0   0  117      0, 0.0     0, 0.0     0, 0.0     0, 0.0  -0.123  33.1-105.5 -69.6 155.1  -30.4  -32.3   12.9               
  437  437 A L        -     0   0  167     -3,-0.1     3,-0.1     1,-0.0     0, 0.0  -0.602  33.2-132.3 -61.8 124.3  -32.8  -30.9   10.4               
  438  438 A P        -     0   0  107      0, 0.0     2,-0.0     0, 0.0    -1,-0.0  -0.370  59.3 -43.2 -69.7 166.5  -35.7  -29.0   12.1               
  439  439 A P        +     0   0  123      0, 0.0     2,-0.3     0, 0.0     0, 0.0  -0.153  42.8 173.3 -72.6 130.6  -39.0  -30.1   10.6               
  440  440 A A        +     0   0   94     -3,-0.1     3,-0.1    -2,-0.0    -3,-0.0  -0.701  52.3  86.2 -84.5 166.2  -40.2  -30.8    7.2               
  441  441 A E        +     0   0  158      1,-0.4     2,-0.1    -2,-0.3     0, 0.0   0.366  16.0 110.1  68.7 149.5  -43.8  -32.3    7.7               
  442  442 A P        +     0   0  119      0, 0.0    -1,-0.4     0, 0.0     0, 0.0   0.600  63.5  63.8 -74.9 169.3  -46.8  -32.1    8.0               
  443  443 A L        -     0   0  154     -2,-0.1    -2,-0.1    -3,-0.1     0, 0.0   0.549  54.0-168.0-145.8 148.5  -48.7  -33.0    5.7               
  444  444 A A        +     0   0   63      0, 0.0    -3,-0.0     0, 0.0     0, 0.0   0.213  12.8 154.8 -31.6 162.2  -49.4  -36.2    3.8               
  445  445 A K        -     0   0  175      0, 0.0     0, 0.0     0, 0.0     0, 0.0   0.509  19.1-101.8-171.3 157.8  -50.7  -38.0    1.5               
  446  446 A E        +     0   0  131      2,-0.0     0, 0.0     0, 0.0     0, 0.0   0.615  30.0  38.5  21.3 143.8  -50.8  -41.2   -0.8               
  447  447 A K        -     0   0  180      2,-0.0     2,-0.1     0, 0.0     0, 0.0   0.737  24.9-120.0-170.6-164.9  -50.5  -43.0   -3.5               
  448  448 A P        -     0   0  115      0, 0.0     2,-0.3     0, 0.0    -2,-0.0  -0.297   6.8-178.1-111.3 170.5  -49.2  -44.7   -6.8               
  449  449 A G        -     0   0   75     -2,-0.1    -2,-0.0     0, 0.0     0, 0.0  -0.978  27.1-149.7-150.1 146.3  -49.3  -45.7  -10.5               
  450  450 A T        -     0   0  127     -2,-0.3     0, 0.0     1,-0.2     0, 0.0  -0.798   9.3-127.1-144.0-179.9  -46.8  -47.9  -12.5               
  451  451 A P        -     0   0  111      0, 0.0    -1,-0.2     0, 0.0     2,-0.1   0.901  12.9-124.9 -94.8-160.9  -45.2  -48.7  -15.7               
  452  452 A P        -     0   0  129      0, 0.0     0, 0.0     0, 0.0     0, 0.0  -0.322  26.0-152.3-146.1-179.4  -43.9  -50.1  -18.5               
  453  453 A G        -     0   0   70      1,-0.2     0, 0.0    -2,-0.1     0, 0.0  -0.051  17.4 -86.2-104.7-161.9  -40.4  -50.3  -20.2               
  454  454 A P        -     0   0  126      0, 0.0    -1,-0.2     0, 0.0     0, 0.0  -0.076  13.5-156.1 -90.5 174.7  -38.5  -50.6  -23.5               
  455  455 A P        +     0   0  118      0, 0.0     0, 0.0     0, 0.0     0, 0.0  -0.739  16.4 174.1-149.3 157.6  -37.0  -52.6  -26.2               
  456  456 A P        +     0   0  114      0, 0.0     2,-0.0     0, 0.0     0, 0.0  -0.158   8.3 101.2 -89.2-160.5  -34.2  -52.3  -28.9               
  457  457 A P        +     0   0  104      0, 0.0     0, 0.0     0, 0.0     0, 0.0   0.420   7.0  95.3-141.6-147.5  -32.3  -53.6  -31.4               
  458  458 A D        -     0   0  130     -2,-0.0     0, 0.0     0, 0.0     0, 0.0   0.946  26.5-143.9 102.1  83.9  -30.6  -54.8  -34.7               
  459  459 A T        +     0   0  115      0, 0.0     0, 0.0     0, 0.0     0, 0.0   0.886  17.8 130.6  52.7 147.9  -27.9  -54.1  -37.2               
  460  460 A N        -     0   0  140      0, 0.0     0, 0.0     0, 0.0     0, 0.0   0.941  15.7 -34.1  98.2 112.2  -26.5  -53.9  -40.8               
  461  461 A S        +     0   0   94      0, 0.0     0, 0.0     0, 0.0     0, 0.0   0.953  24.0  37.2 101.2 130.3  -24.8  -52.8  -43.8               
  462  462 A M        +     0   0  152      0, 0.0     0, 0.0     0, 0.0     0, 0.0   0.951  21.9 139.1  76.5 108.7  -23.3  -51.3  -47.0               
  463  463 A E        -     0   0  148      0, 0.0     0, 0.0     0, 0.0     0, 0.0   0.968  22.4-103.6  96.7 147.6  -21.6  -48.8  -49.0               
  464  464 A L        -     0   0  150      0, 0.0     0, 0.0     0, 0.0     0, 0.0   0.666  32.4 -12.4-162.0 137.8  -20.0  -46.8  -51.1               
  465  465 A G        +     0   0   79      0, 0.0     0, 0.0     0, 0.0     0, 0.0   0.650  32.4  63.6  71.2 148.3  -17.2  -44.0  -51.8               
  466  466 A G        -     0   0   79      1,-0.0     0, 0.0     0, 0.0     0, 0.0   0.623  16.8-177.5-174.7 150.6  -15.0  -41.8  -51.7               
  467  467 A R        +     0   0  229      0, 0.0    -1,-0.0     0, 0.0     0, 0.0   0.533  18.8 126.1 -13.3 172.2  -11.7  -39.8  -50.9               
  468  468 A P        -     0   0  108      0, 0.0     0, 0.0     0, 0.0     0, 0.0   0.539  32.1-122.6-132.5 147.1   -9.3  -37.7  -50.6               
  469  469 A T        -     0   0   97      1,-0.1     0, 0.0     0, 0.0     0, 0.0   0.571  10.5 -89.3  69.1  97.2   -7.1  -36.2  -48.0               
  470  470 A F        -     0   0  211      1,-0.1     2,-0.2     0, 0.0    -1,-0.1   0.597  18.3-178.4  71.6 122.7   -5.5  -33.8  -46.0               
  471  471 A G        -     0   0   74      0, 0.0     2,-0.3     0, 0.0    -1,-0.1  -0.954  20.6-117.1-171.1 166.2   -2.4  -31.4  -45.7               
  472  472 A W        +     0   0  256     -2,-0.2     0, 0.0     1,-0.1     0, 0.0  -0.807  49.5  14.8-115.6 158.6   -0.7  -28.8  -43.3               
  473  473 A S        -     0   0  117     -2,-0.3     2,-0.5     1,-0.1    -1,-0.1   0.968  41.0-147.9  66.9 116.5    0.3  -25.2  -42.8               
  474  474 A P        +     0   0  127      0, 0.0    -1,-0.1     0, 0.0     0, 0.0  -0.930  11.7 178.3-118.1 114.4   -0.3  -21.7  -44.4               
  475  475 A E        +     0   0  184     -2,-0.5     0, 0.0     1,-0.1     0, 0.0  -0.740  40.4  33.6 -87.6 173.7    1.8  -18.7  -44.7               
  476  476 A P        -     0   0  103      0, 0.0    -1,-0.1     0, 0.0     0, 0.0   0.798  52.5 -52.3-132.8-179.0    0.6  -16.1  -46.2               
  477  477 A C        +     0   0  112      0, 0.0    -2,-0.0     0, 0.0     0, 0.0   0.803  39.9  50.0  69.7 141.3   -1.3  -13.2  -47.9               
  478  478 A D        -     0   0  135      0, 0.0     0, 0.0     0, 0.0     0, 0.0   0.930  37.8 -37.0  64.3 100.7   -4.1  -11.7  -50.0               
  479  479 A S        +     0   0  103      2,-0.0     0, 0.0     0, 0.0     0, 0.0   0.897  24.9  23.0  64.5 159.7   -7.6  -11.4  -50.9               
  480  480 A P        +     0   0  132      0, 0.0     2,-0.1     0, 0.0     0, 0.0   0.819  23.3  90.1-131.6 173.2  -10.7  -11.2  -51.8               
  481  481 A G        -     0   0   78      0, 0.0    -2,-0.0     0, 0.0     0, 0.0  -0.427  26.9-147.2 159.7 136.8  -14.5  -11.9  -52.1               
  482  482 A T        +     0   0  138     -2,-0.1     0, 0.0     1,-0.1     0, 0.0  -0.628  17.2  19.6-127.5-174.7  -18.2  -11.3  -50.8               
  483  483 A P        +     0   0  110      0, 0.0     2,-0.2     0, 0.0    -1,-0.1   0.891   5.9 156.7-128.2-170.2  -21.4  -11.8  -50.1               
  484  484 A T        -     0   0  148      0, 0.0     2,-0.3     0, 0.0     0, 0.0  -0.915  30.1-154.0-158.3 158.9  -24.9  -13.4  -49.3               
  485  485 A L        -     0   0  159     -2,-0.2     0, 0.0     1,-0.2     0, 0.0  -0.939  17.7 -13.7-138.1 151.9  -28.0  -12.0  -47.3               
  486  486 A E        +     0   0  168     -2,-0.3    -1,-0.2     1,-0.0     2,-0.1   0.961  26.4 135.0  53.7 126.9  -31.2  -12.5  -45.3               
  487  487 A S        +     0   0  123      0, 0.0    -1,-0.0     0, 0.0     0, 0.0  -0.165  32.0 149.0-177.3 135.8  -34.0  -14.2  -43.8               
  488  488 A S        +     0   0  115     -2,-0.1     2,-0.0     0, 0.0     0, 0.0  -0.197  14.3 149.1-106.0-163.1  -35.6  -14.2  -40.2               
  489  489 A P        +     0   0  122      0, 0.0     0, 0.0     0, 0.0     0, 0.0   0.576  26.5  47.7-142.1-165.5  -37.8  -14.4  -37.7               
  490  490 A A        +     0   0  102     -2,-0.0     0, 0.0     0, 0.0     0, 0.0   0.666  36.6 112.9  77.8 132.3  -39.0  -15.1  -34.0               
  491  491 A G        -     0   0   71      2,-0.0     0, 0.0     0, 0.0     0, 0.0   0.414  24.4-166.6 107.0 153.3  -38.4  -14.6  -30.8               
  492  492 A P        +     0   0  124      0, 0.0     2,-0.3     0, 0.0     0, 0.0   0.443  34.4 111.1-131.3 139.0  -38.9  -13.5  -28.0               
  493  493 A E        -     0   0  196      2,-0.0    -2,-0.0     0, 0.0     0, 0.0  -0.977  33.8-162.3-148.6 155.8  -36.8  -13.2  -24.7               
  494  494 A K        -     0   0  145     -2,-0.3     2,-0.3     2,-0.0     0, 0.0  -0.926  28.8-149.5-148.0 121.5  -35.2  -10.3  -22.8               
  495  495 A P        -     0   0  135      0, 0.0     2,-0.2     0, 0.0    -2,-0.0  -0.676  44.6-159.4 -63.4 133.3  -32.7   -9.1  -20.3               
  496  496 A H        +     0   0  132     -2,-0.3    -2,-0.0     1,-0.1     0, 0.0  -0.682  33.3  89.2-108.7 172.7  -34.5   -6.0  -19.0               
  497  497 A D        -     0   0  144     -2,-0.2     2,-0.2     1,-0.1     3,-0.1   0.998  44.4-139.4  73.0  88.9  -33.4   -2.8  -17.1               
  498  498 A S        +     0   0   71      1,-0.2    -1,-0.1     2,-0.0    -2,-0.0  -0.331  43.4 129.0  72.8  60.6  -32.4    0.3  -17.9               
  499  499 A L  S >> S+     0   0  120     -2,-0.2     4,-2.0     3,-0.0     3,-0.7   0.513  86.8  41.2-114.8 -50.7  -29.8    2.6  -16.6               
  500  500 A D  H 3> S+     0   0  121      1,-0.3     4,-3.4     2,-0.2     5,-0.3   0.908 114.0  49.6 -71.9 -37.3  -27.8    3.7  -19.6               
  501  501 A S  H 3> S+     0   0   90      1,-0.2     4,-1.8     2,-0.2    -1,-0.3   0.790 115.9  47.9 -63.0 -23.2  -30.7    4.1  -22.2               
  502  502 A R  H <> S+     0   0  149     -3,-0.7     4,-1.9     2,-0.2    -2,-0.2   0.801 111.8  47.7 -84.0 -31.4  -32.3    6.2  -19.4               
  503  503 A I  H  X S+     0   0   76     -4,-2.0     4,-1.4     2,-0.2    -2,-0.2   0.934 115.6  45.5 -70.5 -45.4  -29.0    8.2  -18.8               
  504  504 A E  H >X S+     0   0  101     -4,-3.4     4,-3.0     2,-0.2     3,-0.6   0.946 114.6  47.5 -62.3 -46.7  -28.7    8.7  -22.6               
  505  505 A M  H 3X S+     0   0  121     -4,-1.8     4,-2.8    -5,-0.3    -1,-0.2   0.883 113.0  49.3 -64.1 -34.1  -32.5    9.7  -22.8               
  506  506 A L  H 3X S+     0   0   82     -4,-1.9     4,-0.8     2,-0.2    -1,-0.2   0.713 114.5  45.4 -73.9 -21.6  -31.9   12.0  -19.8               
  507  507 A L  H << S+     0   0  117     -4,-1.4    -2,-0.2    -3,-0.6    -3,-0.2   0.791 116.8  44.2 -89.7 -32.8  -28.9   13.6  -21.6               
  508  508 A K  H >< S+     0   0  136     -4,-3.0     3,-1.5     2,-0.2     4,-0.4   0.938 115.6  48.4 -69.6 -46.6  -30.7   13.8  -24.9               
  509  509 A E  H >< S+     0   0   91     -4,-2.8     3,-1.1     1,-0.3    -3,-0.2   0.852 105.9  56.8 -69.1 -31.4  -33.9   15.2  -23.2               
  510  510 A Q  T 3< S+     0   0  140     -4,-0.8    -1,-0.3     1,-0.2     3,-0.2   0.543 104.1  55.6 -75.7  -2.3  -31.8   17.8  -21.2               
  511  511 A R  T <  S+     0   0  229     -3,-1.5    -1,-0.2     1,-0.2    -2,-0.2   0.497 105.4  54.0 -97.5  -4.8  -30.5   19.1  -24.6               
  512  512 A T  S <  S+     0   0  104     -3,-1.1    -1,-0.2    -4,-0.4    -2,-0.1  -0.409  86.4  84.1-134.5  54.8  -34.2   19.7  -25.9               
  513  513 A K  S    S+     0   0  148     -3,-0.2    -1,-0.2     1,-0.1     0, 0.0  -0.344  75.8  40.0-174.9  98.2  -36.0   22.0  -23.3               
  514  514 A L        +     0   0  162     -3,-0.1     2,-0.6    -2,-0.1    -1,-0.1   0.387  46.8 163.2-145.7 139.4  -35.7   25.3  -23.4               
  515  515 A L        +     0   0  167     -3,-0.1     2,-0.2     3,-0.0     3,-0.1  -0.956  20.8 149.0-106.8 110.9  -35.6   27.6  -26.5               
  516  516 A F        +     0   0  188     -2,-0.6     0, 0.0     1,-0.2     0, 0.0  -0.616  45.2   0.9-169.5 129.7  -36.2   31.3  -25.8               
  517  517 A L        +     0   0  171     -2,-0.2     2,-0.3     1,-0.1    -1,-0.2   0.841  42.2 178.5-144.0 167.6  -35.0   33.8  -27.5               
  518  518 A R        -     0   0  195     -3,-0.1    -1,-0.1     0, 0.0    -3,-0.0  -0.947  31.6 -54.6-126.5 140.8  -32.8   34.9  -30.5               
  519  519 A E        -     0   0  146     -2,-0.3     2,-0.1     1,-0.1    -2,-0.1   0.282  19.6-177.0  63.4 169.9  -31.7   38.2  -32.2               
  520  520 A P        +     0   0  100      0, 0.0    -1,-0.1     0, 0.0     0, 0.0   0.367  37.3  46.2-132.1-165.1  -31.7   41.1  -33.6               
  521  521 A D        +     0   0  137     -2,-0.1     2,-0.2     0, 0.0    -2,-0.0   0.914  19.1 172.5  70.2 113.9  -29.6   43.9  -35.2               
  522  522 A S        +     0   0   97      0, 0.0     0, 0.0     0, 0.0     0, 0.0   0.239  36.9  78.0  68.6 133.2  -27.2   44.5  -37.3               
  523  523 A D        +     0   0  152     -2,-0.2     2,-0.0     0, 0.0     0, 0.0   0.894  24.7 113.8  49.3 126.8  -26.0   48.0  -38.6               
  524  524 A T        -     0   0  115      0, 0.0     0, 0.0     0, 0.0     0, 0.0   0.341  21.5-152.7-155.0 157.8  -24.5   50.9  -38.4               
  525  525 A E        -     0   0  158     -2,-0.0     0, 0.0     0, 0.0     0, 0.0   0.371  15.5 -36.7  38.7 136.4  -22.0   53.1  -39.4               
  526  526 A L        +     0   0  126      0, 0.0     0, 0.0     0, 0.0     0, 0.0   0.855  15.5 130.0-168.2-175.1  -20.0   55.6  -38.9               
  527  527 A Q        +     0   0  129      0, 0.0     0, 0.0     0, 0.0     0, 0.0   0.644  19.9  66.5  66.2 151.3  -17.6   58.6  -38.4               
  528  528 A M        -     0   0  126      0, 0.0     0, 0.0     0, 0.0     0, 0.0   0.766  33.7 -46.6-156.0 165.7  -15.0   60.3  -37.7               
  529  529 A E        +     0   0  184      2,-0.0     0, 0.0     0, 0.0     0, 0.0   0.911  40.4 106.5  51.4 120.5  -11.6   62.1  -37.5               
  530  530 A G        +     0   0   76      1,-0.2     0, 0.0     0, 0.0     0, 0.0   0.622  24.9  58.4 171.4 165.7   -8.6   61.6  -37.7               
  531  531 A S        +     0   0  115      0, 0.0    -1,-0.2     0, 0.0     2,-0.0  -0.245  24.5 174.1 -51.6 165.9   -5.1   61.7  -39.2               
  532  532 A P        -     0   0  102      0, 0.0     0, 0.0     0, 0.0     0, 0.0   0.084  17.9 -98.7-156.8 174.3   -2.8   63.5  -40.4               
  533  533 A I        -     0   0  159      1,-0.1     2,-0.1    -2,-0.0     0, 0.0   0.937  29.2 -84.0  53.2 143.7    0.7   63.9  -41.8               
  534  534 A S        +     0   0  109      0, 0.0     2,-0.1     0, 0.0    -1,-0.1  -0.431  42.3 156.7 -58.7 146.3    4.3   64.8  -41.4               
  535  535 A S        -     0   0  110      1,-0.2     0, 0.0    -2,-0.1     0, 0.0  -0.367  17.8 -51.5-176.6 139.4    6.0   68.1  -41.7               
  536  536 A S        -     0   0  108     -2,-0.1    -1,-0.2     0, 0.0     2,-0.1   0.712  21.8 -79.3  65.8 141.7    9.0   70.3  -40.7               
  537  537 A S        +     0   0  104      0, 0.0     0, 0.0     0, 0.0     0, 0.0   0.282  20.5 140.3  67.1 126.1   11.4   72.0  -39.4               
  538  538 A S        -     0   0   85     -2,-0.1     0, 0.0     0, 0.0     0, 0.0   0.727  18.6-119.6-167.2 163.8   12.9   74.4  -37.8               
  539  539 A Q        +     0   0  164      0, 0.0     0, 0.0     0, 0.0     0, 0.0   0.904  35.8  26.6  71.5 136.6   15.0   76.6  -35.6               
  540  540 A L        -     0   0  162      0, 0.0     0, 0.0     0, 0.0     0, 0.0   0.518  34.0-123.2  79.4 157.1   15.6   79.2  -32.9               
  541  541 A S        +     0   0  109    265,-0.0   265,-0.0   266,-0.0     2,-0.0  -0.080  23.6 120.3 -94.2-154.2   14.8   81.1  -29.6               
  542  542 A P        +     0   0   86      0, 0.0   267,-0.1     0, 0.0   264,-0.1   0.747  21.9  50.3-134.6-163.2   14.1   83.8  -27.6               
  543  543 A L        +     0   0   92    265,-1.2   265,-0.3   262,-0.1   266,-0.1   0.671  47.3  47.3  66.4 139.6   12.1   86.2  -25.2               
  544  544 A A        +     0   0   58    263,-0.7   265,-0.0   261,-0.1   264,-0.0   0.723  41.0 166.3-144.5-168.4   10.4   86.8  -22.4               
  545  545 A P        +     0   0   87      0, 0.0   263,-0.1     0, 0.0   261,-0.0   0.193   9.8 101.2-130.7-160.4   10.4   86.2  -18.7               
  546  546 A F        -     0   0  202      0, 0.0    -2,-0.0     0, 0.0     0, 0.0   0.730  11.9-171.4  26.8 127.6    9.6   86.3  -14.8               
  547  547 A G        +     0   0   63      0, 0.0     0, 0.0     0, 0.0     0, 0.0   0.924  14.0 151.5 110.9 168.4    8.3   85.1  -12.2               
  548  548 A T        -     0   0  135      0, 0.0     0, 0.0     0, 0.0     0, 0.0   0.910  26.1-118.2  61.4 109.6    7.6   85.9   -8.4               
  549  549 A N        +     0   0  154      0, 0.0     0, 0.0     0, 0.0     0, 0.0   0.981  26.4 151.0  83.9 163.0    5.6   85.6   -5.7               
  550  550 A S        -     0   0   94      0, 0.0     0, 0.0     0, 0.0     0, 0.0   0.886  23.3-136.6  87.3 101.2    3.4   87.4   -3.1               
  551  551 A Q        +     0   0  181      0, 0.0     2,-0.1     0, 0.0     0, 0.0  -0.205  25.5 153.1 -10.1 130.9    0.5   87.0   -1.0               
  552  552 A P        -     0   0  122      0, 0.0     0, 0.0     0, 0.0     0, 0.0  -0.339  14.6-171.4-146.3 170.4   -2.1   88.8   -0.3               
  553  553 A G        +     0   0   59     -2,-0.1     0, 0.0     0, 0.0     0, 0.0   0.183  23.5 120.5 -82.2-153.1   -5.6   87.8    0.9               
  554  554 A F        +     0   0  211      1,-0.1     0, 0.0     0, 0.0     0, 0.0   0.489  31.6  89.2  84.5 141.9   -9.0   89.5    1.4               
  555  555 A R        +     0   0  241      0, 0.0    -1,-0.1     0, 0.0     3,-0.0   0.645  32.9 147.2  74.5 125.5  -12.7   89.0    0.1               
  556  556 A G        -     0   0   62      0, 0.0     2,-0.2     0, 0.0     0, 0.0   0.186  35.1-154.7  83.2 134.6  -15.3   87.3    0.8               
  557  557 A P        -     0   0  118      0, 0.0     0, 0.0     0, 0.0     0, 0.0   0.267  35.2-147.5 -83.2 152.5  -18.4   87.0    0.9               
  558  558 A T        -     0   0  130     -2,-0.2     0, 0.0     1,-0.1     0, 0.0   0.451   8.5-107.5  85.4 137.1  -19.4   84.8    3.4               
  559  559 A P        -     0   0  104      0, 0.0     2,-0.3     0, 0.0    -1,-0.1  -0.167  25.7 -87.9-103.5-173.1  -22.3   82.2    4.0               
  560  560 A P        +     0   0  128      0, 0.0     2,-0.2     0, 0.0     0, 0.0  -0.882  39.3 178.0-125.5 136.5  -25.3   81.3    5.8               
  561  561 A S        +     0   0  100     -2,-0.3     2,-0.2     0, 0.0     0, 0.0  -0.527   0.6 178.2  77.2  87.5  -25.0   79.7    8.6               
  562  562 A S        -     0   0  107     -2,-0.2     0, 0.0     2,-0.1     0, 0.0  -0.703   8.1-152.6-165.2 130.1  -27.7   78.5   11.1               
  563  563 A R        +     0   0  236     -2,-0.2     2,-0.1     0, 0.0     0, 0.0   0.427  23.2 144.5  60.9 139.0  -28.1   76.9   14.1               
  564  564 A P        -     0   0  113      0, 0.0     2,-0.1     0, 0.0    -2,-0.1   0.552  17.4-147.3-104.9-177.1  -29.3   75.2   16.4               
  565  565 A S        -     0   0  104     -2,-0.1     0, 0.0     2,-0.0     0, 0.0   0.338  19.8 -78.1  46.0 142.9  -28.8   72.9   19.0               
  566  566 A S        +     0   0   91     -2,-0.1     0, 0.0     2,-0.0     0, 0.0   0.878  39.1 120.4-179.8-167.4  -29.9   70.4   20.8               
  567  567 A T        -     0   0  123      1,-0.1     2,-0.3     0, 0.0    -2,-0.0   0.694  25.4-177.9  44.8  89.4  -31.8   68.4   23.5               
  568  568 A G        -     0   0   72      2,-0.0     2,-0.2     0, 0.0    -1,-0.1  -0.905  11.8-176.7-143.0 119.5  -34.3   65.5   22.8               
  569  569 A L        +     0   0  146     -2,-0.3     2,-0.0     2,-0.1     0, 0.0   0.073  15.6  92.3  60.6 117.9  -35.9   63.9   25.1               
  570  570 A E        -     0   0  173     -2,-0.2    -2,-0.0     0, 0.0     0, 0.0   0.643  31.0-145.1-142.8-171.2  -37.9   61.5   25.7               
  571  571 A D        +     0   0  146      2,-0.0    -2,-0.1    -2,-0.0     0, 0.0  -0.134  20.5 160.3 -53.0 166.6  -39.0   57.8   26.6               
  572  572 A I        -     0   0  167      0, 0.0     0, 0.0     0, 0.0     0, 0.0   0.143  10.9-178.2 175.1 122.1  -41.7   55.6   25.5               
  573  573 A S        +     0   0  102      2,-0.0     2,-0.1     0, 0.0    -2,-0.0  -0.778  14.8  73.2 -93.9 162.3  -42.3   51.9   25.6               
  574  574 A P        -     0   0  111      0, 0.0     0, 0.0     0, 0.0     0, 0.0  -0.083  33.8 -88.4-150.6-141.2  -44.2   49.4   24.9               
  575  575 A T        +     0   0  122     -2,-0.1     2,-0.1     2,-0.0    -2,-0.0  -0.125  25.3 122.7 -49.1 165.3  -46.3   46.6   23.1               
  576  576 A P        -     0   0  113      0, 0.0     0, 0.0     0, 0.0     0, 0.0   0.118  18.5-156.8-144.5-166.7  -48.8   45.4   21.5               
  577  577 A L        -     0   0  104     -2,-0.1     2,-0.2     0, 0.0    -2,-0.0  -0.497   5.5-162.1 -71.8 161.2  -50.5   43.6   18.5               
  578  578 A P        -     0   0  114      0, 0.0     2,-0.1     0, 0.0     0, 0.0  -0.534   3.8-159.5-116.7 167.0  -53.5   43.2   16.9               
  579  579 A D        +     0   0  123     -2,-0.2     0, 0.0     0, 0.0     0, 0.0   0.284  30.8 102.5  72.8 136.7  -54.7   41.0   14.7               
  580  580 A S        -     0   0   99     -2,-0.1     0, 0.0     0, 0.0     0, 0.0   0.981  36.8-123.7  72.0 110.1  -57.7   41.1   12.3               
  581  581 A D        +     0   0  122      0, 0.0     0, 0.0     0, 0.0     0, 0.0   0.946  24.3 133.1  68.0 159.3  -59.2   41.5    9.0               
  582  582 A E        +     0   0  166      0, 0.0     0, 0.0     0, 0.0     0, 0.0   0.903  20.2  15.5  49.9 140.9  -61.7   43.3    6.7               
  583  583 A D        -     0   0  142      0, 0.0     0, 0.0     0, 0.0     0, 0.0   0.676  15.4-146.9-164.7 152.1  -62.8   44.8    4.1               
  584  584 A E        +     0   0  181      1,-0.0     0, 0.0     0, 0.0     0, 0.0   0.268  10.0 176.3  54.7-173.2  -63.4   46.3    0.6               
  585  585 A E        +     0   0  148      0, 0.0    -1,-0.0     0, 0.0     0, 0.0   0.798  21.0  15.2-155.8 156.2  -64.6   48.7   -1.4               
  586  586 A L        +     0   0  132      0, 0.0     0, 0.0     0, 0.0     0, 0.0   0.684  44.2  47.0  74.4 140.8  -65.2   50.3   -4.9               
  587  587 A D        -     0   0  120      0, 0.0     0, 0.0     0, 0.0     0, 0.0   0.642  53.4 -31.6-155.1 152.9  -65.4   50.6   -8.0               
  588  588 A L        +     0   0  159      0, 0.0     0, 0.0     0, 0.0     0, 0.0   0.932  40.9 142.9  53.8 129.2  -66.6   49.3  -11.4               
  589  589 A G        -     0   0   66      0, 0.0     0, 0.0     0, 0.0     0, 0.0   0.633  20.1-168.0 156.5 159.9  -67.2   46.7  -13.1               
  590  590 A L        +     0   0  184      0, 0.0     0, 0.0     0, 0.0     0, 0.0   0.812  21.7 132.2  68.0 126.0  -68.9   44.1  -15.7               
  591  591 A G        -     0   0   73      0, 0.0     0, 0.0     0, 0.0     0, 0.0   0.626  18.8-144.7 109.4 157.5  -69.0   40.9  -16.7               
  592  592 A P        -     0   0  117      0, 0.0     0, 0.0     0, 0.0     0, 0.0   0.698  12.7 -33.1-146.0 174.1  -70.3   38.0  -17.6               
  593  593 A R        +     0   0  230      0, 0.0     0, 0.0     0, 0.0     0, 0.0   0.592  27.3  16.0  68.2 163.8  -70.8   34.2  -18.2               
  594  594 A P        -     0   0  101      0, 0.0     0, 0.0     0, 0.0     0, 0.0   0.806  19.4-142.1-132.9-156.9  -70.7   30.9  -18.7               
  595  595 A P        +     0   0  115      0, 0.0     2,-0.0     0, 0.0     0, 0.0  -0.117   9.3 153.5 -92.1-164.5  -69.3   27.1  -18.9               
  596  596 A P        -     0   0  114      0, 0.0     0, 0.0     0, 0.0     0, 0.0   0.367  18.1-143.5-149.0-163.7  -68.7   24.0  -19.9               
  597  597 A E        -     0   0  169     -2,-0.0     2,-0.1     0, 0.0     0, 0.0  -0.252  14.1-169.0 -36.6 147.5  -67.3   20.5  -20.6               
  598  598 A P        -     0   0  119      0, 0.0     0, 0.0     0, 0.0     0, 0.0  -0.317   2.4-163.0-137.1 173.4  -67.2   18.2  -23.0               
  599  599 A G        -     0   0   48      1,-0.2     0, 0.0    -2,-0.1     0, 0.0   0.342  28.1 -73.0 104.9 117.8  -66.3   15.2  -23.2               
  600  600 A P        -     0   0  124      0, 0.0     2,-0.3     0, 0.0    -1,-0.2  -0.293  21.7-143.2 -83.7 164.7  -65.5   12.6  -26.0               
  601  601 A P        -     0   0  123      0, 0.0     0, 0.0     0, 0.0     0, 0.0  -0.867  22.2-147.6-125.0 111.1  -67.4   10.5  -28.6               
  602  602 A D        +     0   0  147     -2,-0.3     0, 0.0     1,-0.1     0, 0.0  -0.394  33.1  40.9 -53.5 169.1  -66.3    7.0  -29.5               
  603  603 A P        +     0   0  113      0, 0.0    -1,-0.1     0, 0.0     0, 0.0   0.864  40.2  42.2-134.6-162.1  -66.4    5.4  -32.2               
  604  604 A A        -     0   0  101      0, 0.0     2,-0.0     0, 0.0     0, 0.0   0.620  15.9-164.2  67.3 138.9  -66.3    4.0  -35.8               
  605  605 A G        +     0   0   61      0, 0.0     0, 0.0     0, 0.0     0, 0.0   0.798   5.6 175.1 128.5 165.7  -65.2    3.7  -38.6               
  606  606 A L        +     0   0  161     -2,-0.0     0, 0.0     0, 0.0     0, 0.0   0.622  33.3  88.2  64.5 133.6  -65.5    2.6  -42.4               
  607  607 A L        +     0   0  135      0, 0.0     2,-0.1     0, 0.0     0, 0.0   0.776  26.9 157.5-133.9 149.3  -63.9    2.6  -45.2               
  608  608 A S        -     0   0   94      0, 0.0     2,-0.1     0, 0.0     0, 0.0  -0.022  11.7-171.7  68.7 105.5  -61.8    0.5  -46.7               
  609  609 A Q        +     0   0  157     -2,-0.1     0, 0.0     2,-0.0     0, 0.0  -0.270  22.7 164.8-172.6 108.5  -60.6   -0.2  -50.1               
  610  610 A T        -     0   0  127     -2,-0.1     2,-0.0     0, 0.0     0, 0.0   0.912  32.4-125.1  77.3 142.4  -58.6   -2.8  -51.6               
  611  611 A A        -     0   0   80      0, 0.0    -2,-0.0     0, 0.0     0, 0.0   0.540  36.4 -50.9-152.1 143.8  -57.0   -4.9  -53.3               
  612  612 A E        +     0   0  169     -2,-0.0     0, 0.0     0, 0.0     0, 0.0   0.901  37.4  30.9  79.0 128.8  -56.4   -8.4  -53.8               
  613  613 A V        -     0   0  115      0, 0.0     0, 0.0     0, 0.0     0, 0.0   0.767  32.2 -21.0-153.0 157.8  -55.7  -11.6  -53.5               
  614  614 A A        +     0   0   84      0, 0.0     0, 0.0     0, 0.0     0, 0.0   0.792  35.4  40.4  67.1 148.5  -55.3  -15.1  -51.9               
  615  615 A L        +     0   0  150      0, 0.0     0, 0.0     0, 0.0     0, 0.0   0.767  42.7  27.2-170.3 149.7  -55.0  -17.7  -49.9               
  616  616 A D        -     0   0  128      0, 0.0     0, 0.0     0, 0.0     0, 0.0   0.924  43.7 -67.7-162.1-174.8  -56.0  -19.4  -47.1               
  617  617 A L        -     0   0  126      0, 0.0     0, 0.0     0, 0.0     0, 0.0   0.618  42.7 -34.3-159.3 126.6  -57.8  -20.5  -44.5               
  618  618 A V        +     0   0  128      0, 0.0     2,-0.0     0, 0.0     0, 0.0   0.626  20.7 173.2  67.5 138.7  -59.5  -19.8  -41.0               
  619  619 A G        +     0   0   67      0, 0.0     0, 0.0     0, 0.0     0, 0.0   0.777  13.4 141.3  97.7 163.6  -60.1  -18.5  -38.1               
  620  620 A D        -     0   0  125      2,-0.0     0, 0.0    -2,-0.0     0, 0.0   0.790  18.6 -19.9-163.3 161.9  -61.9  -18.0  -35.5               
  621  621 A R        -     0   0  210      0, 0.0     0, 0.0     0, 0.0     0, 0.0   0.963  36.4 -99.2  61.5 120.3  -63.6  -17.4  -32.0               
  622  622 A T        -     0   0  126      0, 0.0    -2,-0.0     0, 0.0     0, 0.0  -0.081  46.6  -5.1 -41.3 173.9  -63.4  -17.8  -28.3               
  623  623 A P        +     0   0  103      0, 0.0     0, 0.0     0, 0.0     0, 0.0   0.920  34.4 104.5-124.6-145.1  -64.4  -19.7  -25.9               
  624  624 A T        -     0   0  136      0, 0.0     0, 0.0     0, 0.0     0, 0.0   0.386  25.5 -58.6  72.2 154.0  -66.1  -22.5  -23.7               
  625  625 A S        +     0   0   97      0, 0.0     0, 0.0     0, 0.0     0, 0.0   0.670  26.1  80.6-172.0 162.8  -66.1  -25.3  -22.0               
  626  626 A E        +     0   0  151      0, 0.0     0, 0.0     0, 0.0     0, 0.0   0.483  27.9  58.3  70.3 148.0  -66.1  -28.7  -20.1               
  627  627 A K        -     0   0  154      0, 0.0     0, 0.0     0, 0.0     0, 0.0   0.622  24.4 -52.2-166.7 153.7  -64.8  -31.2  -18.6               
  628  628 A M        +     0   0  146      0, 0.0     0, 0.0     0, 0.0     0, 0.0   0.603  24.4  74.1  68.3 149.4  -63.0  -33.8  -16.3               
  629  629 A D        -     0   0  109      0, 0.0     0, 0.0     0, 0.0     0, 0.0   0.740  42.3 -44.8-145.9 165.6  -61.1  -35.5  -14.6               
  630  630 A E        +     0   0  182      0, 0.0     0, 0.0     0, 0.0     0, 0.0   0.794  47.7  90.6  40.5 123.9  -59.2  -36.2  -11.4               
  631  631 A G        -     0   0   72      0, 0.0     0, 0.0     0, 0.0     0, 0.0   0.876  48.8 -67.9 169.2 169.5  -57.2  -35.1   -9.1               
  632  632 A Q        -     0   0  161      0, 0.0     0, 0.0     0, 0.0     0, 0.0   0.682  41.6 -22.3-147.9 149.2  -56.9  -33.7   -6.2               
  633  633 A Q        +     0   0  170      2,-0.0     0, 0.0     0, 0.0     0, 0.0   0.782  40.6  31.0  64.9 148.2  -57.3  -30.7   -3.8               
  634  634 A S        +     0   0  104      1,-0.2     2,-0.2     2,-0.0     0, 0.0   0.585  13.2 157.9-146.8 147.5  -57.7  -27.9   -2.5               
  635  635 A S        -     0   0  101      1,-0.2    -1,-0.2     0, 0.0    -2,-0.0  -0.592  51.1 -27.1 -63.7 141.8  -59.0  -24.4   -2.5               
  636  636 A G        -     0   0   75     -2,-0.2     2,-0.2     1,-0.1    -1,-0.2   0.766  31.1-172.0  66.6 101.5  -59.6  -22.0    0.1               
  637  637 A E        +     0   0  141      2,-0.1     2,-0.2     0, 0.0    -1,-0.1  -0.819  10.4 179.1-159.3 134.6  -60.6  -21.3    3.7               
  638  638 A D        +     0   0  175     -2,-0.2     2,-0.3     2,-0.0     0, 0.0  -0.914  29.0 174.7  64.8  46.7  -61.3  -18.6    5.2               
  639  639 A M        +     0   0  130     -2,-0.2     2,-0.2     2,-0.0    -2,-0.1  -0.913  21.2 174.2-140.2 120.5  -62.0  -20.0    8.7               
  640  640 A E        +     0   0  183     -2,-0.3    -2,-0.0     0, 0.0     0, 0.0   0.004  29.4 134.5  46.3 128.8  -62.7  -18.2   11.4               
  641  641 A I        +     0   0  148     -2,-0.2     3,-0.1     3,-0.0    -2,-0.0   0.538  36.0  52.7  81.9 118.1  -63.6  -20.6   14.3               
  642  642 A S        +     0   0   97      1,-0.1     2,-0.6     0, 0.0    -3,-0.0   0.687   8.6 154.8-159.2 159.5  -62.6  -20.6   17.2               
  643  643 A D        +     0   0  163      2,-0.0     2,-0.3     0, 0.0    -1,-0.1  -0.710  46.5 167.0 -56.9 118.2  -61.6  -19.7   20.7               
  644  644 A D        -     0   0  147     -2,-0.6     2,-0.1    -3,-0.1    -3,-0.0  -0.975  34.0 -76.8-149.1 147.2  -61.6  -23.0   22.5               
  645  645 A E        -     0   0  169     -2,-0.3    -2,-0.0     1,-0.2     0, 0.0  -0.140  24.0-135.8 -69.6 122.7  -60.2  -23.9   25.8               
  646  646 A M        -     0   0  150     -2,-0.1     2,-0.6     1,-0.0    -1,-0.2  -0.189  22.2-129.1  -5.8 115.4  -57.0  -24.5   27.4               
  647  647 A P        -     0   0  119      0, 0.0     2,-0.2     0, 0.0    -1,-0.0  -0.956  27.5-145.9 -99.9 101.2  -56.5  -27.3   29.8               
  648  648 A S        -     0   0   84     -2,-0.6    -3,-0.0     0, 0.0     0, 0.0  -0.409  26.6 -78.8  56.8  73.6  -55.1  -25.9   32.4               
  649  649 A A        -     0   0   92     -2,-0.2     0, 0.0     1,-0.1     0, 0.0   0.123  13.1-147.2  69.2-176.1  -52.5  -27.8   34.5               
  650  650 A P        -     0   0  112      0, 0.0    -1,-0.1     0, 0.0     0, 0.0   0.465  10.4-174.7-120.9 149.9  -51.5  -29.8   36.6               
  651  651 A I        +     0   0  143      2,-0.0     0, 0.0     0, 0.0     0, 0.0   0.096  31.4 116.5 -17.1 160.4  -48.5  -29.7   38.9               
  652  652 A T        +     0   0  121      0, 0.0     2,-0.0     0, 0.0     0, 0.0   0.478  24.3 175.0  77.4 152.2  -47.4  -32.6   41.2               
  653  653 A S        +     0   0  104      3,-0.0    -2,-0.0     0, 0.0     0, 0.0   0.566   9.4 121.0-177.5 163.0  -45.6  -35.0   42.4               
  654  654 A A        +     0   0   86      1,-0.1     0, 0.0     4,-0.0     0, 0.0   0.364  40.8 166.6  73.8 151.8  -43.7  -37.9   44.1               
  655  655 A D        +     0   0  136      3,-0.0    -1,-0.1     0, 0.0     0, 0.0  -0.343  69.1 117.6 -97.1  93.7  -42.2  -40.5   44.9               
  656  656 A C  S    S-     0   0  107      0, 0.0     2,-1.8     0, 0.0    -3,-0.0  -0.999  82.9-100.7-108.3 129.3  -41.0  -38.6   47.9               
  657  657 A P        -     0   0  101      0, 0.0    -3,-0.0     0, 0.0     0, 0.0  -0.333  68.6 -19.5 -76.9  88.9  -42.5  -40.7   50.7               
  658  658 A K        +     0   0  165     -2,-1.8    -4,-0.0     0, 0.0    -3,-0.0   0.633  49.3  75.2  73.3 159.7  -45.7  -39.1   52.2               
  659  659 A P        -     0   0  105      0, 0.0     0, 0.0     0, 0.0     0, 0.0   0.722  21.6 -81.5-142.1 177.0  -48.1  -37.2   53.1               
  660  660 A M        +     0   0  165      0, 0.0     0, 0.0     0, 0.0     0, 0.0   0.968  26.0  72.4  83.9 125.3  -51.2  -34.9   53.3               
  661  661 A V        -     0   0  124      0, 0.0     2,-0.0     0, 0.0     0, 0.0   0.861  28.0 -77.7  84.2 141.5  -53.7  -32.0   53.1               
  662  662 A V        -     0   0  111      2,-0.0     0, 0.0     0, 0.0     0, 0.0  -0.099  12.6 -56.9-176.0 119.9  -55.7  -29.7   51.7               
  663  663 A T        -     0   0  126     -2,-0.0     2,-0.0     0, 0.0     0, 0.0   0.278  14.5-166.0  69.6-177.1  -57.8  -26.9   49.9               
  664  664 A P        -     0   0  122      0, 0.0    -2,-0.0     0, 0.0     0, 0.0   0.101   1.1 -87.2-145.0-175.9  -59.2  -23.7   49.0               
  665  665 A G        +     0   0   77     -2,-0.0     0, 0.0     0, 0.0     0, 0.0   0.296  12.9  25.6  96.0 162.6  -61.2  -20.6   47.7               
  666  666 A A        -     0   0  100      0, 0.0     0, 0.0     0, 0.0     0, 0.0   0.557  13.6 -95.3-171.5 150.5  -62.6  -17.9   46.3               
  667  667 A A        -     0   0  104      0, 0.0     0, 0.0     0, 0.0     0, 0.0   0.727   3.9-176.4  60.4 164.1  -64.2  -15.1   44.1               
  668  668 A A        -     0   0   89      0, 0.0     0, 0.0     0, 0.0     0, 0.0   0.631   1.4-171.6-179.4 175.2  -64.9  -12.2   42.4               
  669  669 A V        -     0   0  137      0, 0.0     0, 0.0     0, 0.0     0, 0.0   0.939  17.9 -55.8  95.8 111.4  -66.9   -9.5   40.2               
  670  670 A A        +     0   0   97      2,-0.0     0, 0.0     0, 0.0     0, 0.0   0.871  22.7  10.6  50.5 162.7  -67.3   -6.3   38.1               
  671  671 A A        -     0   0   95      1,-0.1     2,-0.1     0, 0.0     0, 0.0   0.862   8.0-157.3-169.8 168.5  -67.5   -3.3   36.5               
  672  672 A P        +     0   0  119      0, 0.0    -1,-0.1     0, 0.0     2,-0.0  -0.448  10.4 137.1-116.3 172.6  -67.3    0.5   35.3               
  673  673 A S        +     0   0  109     -2,-0.1     0, 0.0     1,-0.1     0, 0.0   0.021  24.1  25.3 151.9 159.8  -68.0    3.8   33.6               
  674  674 A V        +     0   0   98     -2,-0.0    -1,-0.1     0, 0.0     0, 0.0   0.792  52.0  54.2  79.7 137.1  -68.6    7.6   32.9               
  675  675 A L        +     0   0  129      0, 0.0   359,-0.1     0, 0.0    -2,-0.1   0.780  44.8 172.6  86.0 127.1  -67.8   11.4   33.7               
  676  676 A A        +     0   0   46    357,-0.1   356,-0.1   358,-0.0   357,-0.1  -0.049  28.0 157.7-101.4-166.4  -64.7   13.6   34.1               
  677  677 A P  S    S-     0   0   83      0, 0.0   356,-0.2     0, 0.0   355,-0.2   0.512  73.4 -17.6-121.3 177.7  -62.7   16.2   34.5               
  678  678 A T  S    S+     0   0   84    354,-1.9   354,-0.2   352,-0.2   355,-0.1   0.859  78.7 120.7  43.5  65.7  -59.0   16.6   35.7               
  679  679 A L        +     0   0  141    352,-2.9    -1,-0.1   351,-0.1     0, 0.0  -0.934  32.9 175.7-139.2 128.0  -58.0   13.4   37.7               
  680  680 A P        +     0   0   54      0, 0.0   352,-0.1     0, 0.0    -2,-0.0   0.611  15.7 139.6-122.3 -22.2  -54.9   11.6   36.0               
  681  681 A L        +     0   0  146      1,-0.1   350,-0.0   350,-0.1    -2,-0.0  -0.535  30.6  37.2 -79.4 156.2  -53.4    8.5   37.7               
  682  682 A P        -     0   0  106      0, 0.0    -1,-0.1     0, 0.0     0, 0.0   0.629  30.6-159.6-128.6 172.3  -52.2    5.7   37.0               
  683  683 A P        -     0   0  104      0, 0.0     3,-0.1     0, 0.0    -2,-0.0  -0.582  56.9 -93.2 -66.5 150.3  -50.1    3.7   34.5               
  684  684 A P        -     0   0   80      0, 0.0   371,-0.1     0, 0.0   369,-0.0  -0.341  63.4 -70.5 -61.3 149.1  -50.8   -0.1   34.8               
  685  685 A P  S    S+     0   0  104      0, 0.0   369,-0.3     0, 0.0     0, 0.0  -0.230  77.3 166.2 -52.4 117.2  -48.4   -1.9   37.2               
  686  686 A G        -     0   0   30      1,-0.3   369,-0.2    -3,-0.1   368,-0.0   0.781  41.6 -40.8-115.0-102.3  -45.4   -1.7   35.0               
  687  687 A F  S    S-     0   0  157    368,-0.2    -1,-0.3   369,-0.1     3,-0.1  -0.950  75.3 -82.1-130.5 159.0  -41.7   -2.3   35.9               
  688  688 A P        -     0   0   39      0, 0.0     2,-0.1     0, 0.0   368,-0.1  -0.414  52.0-110.5 -61.5 129.6  -40.2   -1.1   39.2               
  689  689 A P        -     0   0  121      0, 0.0     0, 0.0     0, 0.0     0, 0.0  -0.393  38.2-104.6 -57.9 131.2  -39.2    2.6   38.9               
  690  690 A L        -     0   0  165      1,-0.1    -3,-0.0    -2,-0.1     0, 0.0  -0.418  47.1-102.5 -55.6 130.1  -35.4    2.8   38.9               
  691  691 A P        -     0   0  110      0, 0.0    -1,-0.1     0, 0.0     0, 0.0  -0.290  37.4-107.1 -61.7 141.4  -34.5    4.1   42.4               
  692  692 A P        -     0   0  112      0, 0.0     0, 0.0     0, 0.0     0, 0.0  -0.285  46.9 -86.4 -60.2 151.7  -33.6    7.9   42.6               
  693  693 A P        -     0   0  116      0, 0.0     0, 0.0     0, 0.0     0, 0.0  -0.388  57.0 -98.6 -58.0 136.9  -29.9    8.7   43.1               
  694  694 A P        -     0   0  116      0, 0.0     0, 0.0     0, 0.0     0, 0.0  -0.323  39.3-112.5 -62.4 138.9  -29.1    8.6   46.9               
  695  695 A P        -     0   0  111      0, 0.0     0, 0.0     0, 0.0     0, 0.0  -0.302  39.7 -91.9 -63.8 152.8  -29.1   12.1   48.5               
  696  696 A P        -     0   0  117      0, 0.0     0, 0.0     0, 0.0     0, 0.0  -0.455  52.2-101.9 -61.9 138.6  -25.7   13.4   49.9               
  697  697 A P        -     0   0  120      0, 0.0     0, 0.0     0, 0.0     0, 0.0  -0.409  38.7-110.4 -67.9 140.3  -25.3   12.4   53.6               
  698  698 A P        -     0   0   99      0, 0.0     2,-1.7     0, 0.0     0, 0.0  -0.233  37.0 -93.9 -72.5 158.9  -26.0   15.2   56.2               
  699  699 A P        -     0   0   60      0, 0.0     0, 0.0     0, 0.0     0, 0.0  -0.449  40.1-162.3 -86.1  80.7  -23.1   16.8   58.3               
  700  700 A Q        -     0   0  173     -2,-1.7     2,-0.2     1,-0.1     0, 0.0  -0.296  32.1 -94.1 -63.6 144.9  -23.1   14.9   61.6               
  701  701 A P        -     0   0  102      0, 0.0    -1,-0.1     0, 0.0     0, 0.0  -0.428  42.3 -52.0 -98.1 140.9  -21.1   16.8   64.3               
  702  702 A G        +     0   0   74     -2,-0.2    -2,-0.0     1,-0.1     0, 0.0   0.670  26.4 171.7  48.7  89.0  -17.8   17.4   66.0               
  703  703 A F        -     0   0  197      0, 0.0    -1,-0.1     0, 0.0     2,-0.1  -0.949  54.1 -92.4-115.4 147.7  -15.3   15.2   67.7               
  704  704 A P        -     0   0  117      0, 0.0     0, 0.0     0, 0.0     0, 0.0  -0.317  31.3-128.1 -77.0 136.0  -12.1   17.3   68.6               
  705  705 A M        -     0   0  176     -2,-0.1    -3,-0.0     1,-0.0     0, 0.0  -0.516  18.7-129.1 -70.2 134.1   -9.1   17.6   66.3               
  706  706 A P        -     0   0  112      0, 0.0    -1,-0.0     0, 0.0     0, 0.0  -0.472  44.5 -87.0 -68.1 154.8   -5.6   16.8   67.8               
  707  707 A P        -     0   0  114      0, 0.0  -333,-0.1     0, 0.0  -332,-0.1  -0.324  49.8 -98.9 -68.5 149.5   -3.1   19.7   67.0               
  708  708 A P        -     0   0   78      0, 0.0  -332,-0.0     0, 0.0    -3,-0.0  -0.259  30.4-121.8 -68.5 152.5   -1.1   19.6   63.7               
  709  709 A L        -     0   0  139   -331,-0.1  -335,-0.0     1,-0.1     0, 0.0  -0.704  34.3-101.9 -90.8 148.9    2.5   18.3   63.4               
  710  710 A P        -     0   0   93      0, 0.0  -334,-0.2     0, 0.0  -333,-0.1  -0.282  43.5 -86.0 -82.0 161.3    5.3   20.7   62.0               
  711  711 A P        -     0   0   77      0, 0.0  -334,-0.2     0, 0.0  -333,-0.1   0.091  41.9 -99.7 -74.4 165.0    6.8   20.6   58.5               
  712  712 A P        -     0   0   42      0, 0.0  -334,-0.0     0, 0.0     0, 0.0  -0.290  44.7-101.0 -63.7 168.6    9.9   18.2   57.0               
  713  713 A P        -     0   0  109      0, 0.0  -335,-0.0     0, 0.0     0, 0.0  -0.697  48.4-101.9 -68.6 144.8   13.3   19.9   56.8               
  714  714 A P        -     0   0  108      0, 0.0     0, 0.0     0, 0.0     0, 0.0  -0.352  49.7 -85.2 -60.2 152.4   13.9   20.8   53.0               
  715  715 A P        -     0   0  110      0, 0.0     0, 0.0     0, 0.0     0, 0.0  -0.303  53.9-100.4 -59.4 142.8   16.2   18.4   51.1               
  716  716 A P        -     0   0  116      0, 0.0     3,-0.1     0, 0.0     0, 0.0  -0.357  36.2-109.4 -65.3 143.3   19.9   19.2   51.5               
  717  717 A P        -     0   0  109      0, 0.0     2,-0.3     0, 0.0     0, 0.0  -0.412  49.4 -84.6 -63.7 149.2   21.7   21.1   48.7               
  718  718 A P        -     0   0  110      0, 0.0     2,-0.8     0, 0.0     0, 0.0  -0.397  51.0-120.7 -59.8 117.7   24.2   18.9   46.7               
  719  719 A A        -     0   0   99     -2,-0.3     3,-0.0    -3,-0.1     0, 0.0  -0.502  20.8-143.1 -71.8 106.4   27.4   19.2   48.8               
  720  720 A H        -     0   0  172     -2,-0.8     3,-0.1     1,-0.1     2,-0.1  -0.511  25.6-112.1 -61.2 126.8   30.2   20.7   46.7               
  721  721 A P        -     0   0  126      0, 0.0    -1,-0.1     0, 0.0     0, 0.0  -0.415  57.2 -76.1 -63.5 141.3   33.6   19.0   47.6               
  722  722 A A        -     0   0   92      1,-0.1     2,-0.4    -2,-0.1    -3,-0.0  -0.016  36.6-118.2 -60.8 140.8   35.7   21.7   49.3               
  723  723 A V        -     0   0  145     -3,-0.1     2,-0.4     3,-0.0    -1,-0.1  -0.539  28.7-166.5 -61.8 120.8   37.6   24.6   47.7               
  724  724 A T        -     0   0  129     -2,-0.4     0, 0.0     1,-0.0     0, 0.0  -0.949  33.5 -97.6-110.8 137.9   41.3   24.3   48.3               
  725  725 A V        -     0   0  124     -2,-0.4    -1,-0.0     1,-0.1     0, 0.0  -0.185  45.6-102.9 -57.3 139.5   43.4   27.5   47.6               
  726  726 A P        -     0   0  114      0, 0.0    -1,-0.1     0, 0.0    -3,-0.0  -0.409  21.0-137.4 -74.1 137.0   45.2   27.6   44.1               
  727  727 A P        -     0   0  119      0, 0.0     0, 0.0     0, 0.0     0, 0.0  -0.607  33.4-110.0 -77.0 148.1   48.9   27.0   43.5               
  728  728 A P        -     0   0  119      0, 0.0     2,-0.0     0, 0.0     0, 0.0  -0.309  32.5-104.7 -80.2 164.7   50.6   29.5   41.1               
  729  729 A P        +     0   0  117      0, 0.0     0, 0.0     0, 0.0     0, 0.0  -0.101  45.1 122.1 -82.1-175.9   51.9   28.7   37.5               
  730  730 A L        +     0   0  156    663,-0.0   662,-0.1   662,-0.0     0, 0.0   0.287  24.5  33.0  88.7 156.9   55.4   28.2   35.7               
  731  731 A P        +     0   0   53      0, 0.0   662,-0.1     0, 0.0   661,-0.0   0.766  13.3 173.4-138.2 172.7   57.6   26.6   33.9               
  732  732 A A        +     0   0   93    660,-0.1   663,-0.2   661,-0.1   662,-0.1  -0.687  14.5 179.0 -96.9 150.1   59.1   24.2   31.2               
  733  733 A P        +     0   0  105      0, 0.0   661,-0.0     0, 0.0   660,-0.0  -0.880  13.1 126.3-152.2-156.1   62.4   23.2   29.7               
  734  734 A P        -     0   0  130      0, 0.0     2,-0.0     0, 0.0     0, 0.0   0.164  20.3 -83.5-140.1 176.5   64.1   21.2   27.3               
  735  735 A G        +     0   0   70      0, 0.0     0, 0.0     0, 0.0     0, 0.0   0.049  26.8  57.6 108.9 154.6   66.1   19.0   24.7               
  736  736 A V        -     0   0  142      2,-0.0     0, 0.0    -2,-0.0     0, 0.0   0.876  56.5 -35.6-164.4 156.7   67.3   17.2   22.1               
  737  737 A P        -     0   0  111      0, 0.0     0, 0.0     0, 0.0     0, 0.0   0.820  35.9-174.6-125.9 172.3   68.4   17.7   18.8               
  738  738 A P        -     0   0  117      0, 0.0    -2,-0.0     0, 0.0     0, 0.0  -0.689  11.6 -44.4-122.8-167.7   68.1   19.5   15.3               
  739  739 A P        -     0   0   92      0, 0.0     2,-0.3     0, 0.0     0, 0.0   0.904  16.3-124.4-123.0-163.2   68.7   20.2   12.1               
  740  740 A P        -     0   0  134      0, 0.0     2,-0.4     0, 0.0     0, 0.0  -0.869  41.8-139.7-132.1 177.1   69.9   20.9    8.7               
  741  741 A I        -     0   0  132     -2,-0.3     0, 0.0     1,-0.2     0, 0.0  -0.972  20.9 -66.8-136.1 123.8   68.9   24.0    6.8               
  742  742 A L        -     0   0  157     -2,-0.4    -1,-0.2     1,-0.2     0, 0.0   0.805   9.3-164.9  59.3 142.7   67.8   25.3    3.3               
  743  743 A P        -     0   0  118      0, 0.0    -1,-0.2     0, 0.0     2,-0.1  -0.594  39.1-120.4-134.9 170.1   68.1   26.1   -0.0               
  744  744 A P        -     0   0  121      0, 0.0     0, 0.0     0, 0.0     0, 0.0  -0.295  35.5 -66.2 -87.2 169.0   65.5   28.3   -1.8               
  745  745 A L        -     0   0  170     -2,-0.1     0, 0.0     1,-0.1     0, 0.0  -0.059  23.6-161.9 -48.6 137.2   63.0   28.0   -4.8               
  746  746 A P        -     0   0  111      0, 0.0     2,-0.2     0, 0.0    -1,-0.1  -0.750  43.6 -96.9 -94.8 162.8   63.5   27.5   -8.6               
  747  747 A P        -     0   0  119      0, 0.0     0, 0.0     0, 0.0     0, 0.0  -0.540  37.6 -95.9 -88.3 151.0   60.2   28.4  -10.6               
  748  748 A F        -     0   0  178     -2,-0.2  -519,-0.1  -520,-0.0     0, 0.0  -0.321  33.2-169.3 -62.3 132.5   57.5   26.0  -11.9               
  749  749 A P        -     0   0   77      0, 0.0  -521,-0.1     0, 0.0    -1,-0.0  -0.780  32.0 -66.1-101.3 153.0   57.6   24.7  -15.6               
  750  750 A P        -     0   0   52      0, 0.0  -521,-0.2     0, 0.0  -520,-0.1  -0.172  36.1-166.1 -54.5 169.3   54.4   22.5  -17.5               
  751  751 A G        -     0   0   59      1,-0.1     2,-0.2  -523,-0.1  -522,-0.1   0.569  15.8 -78.3 147.1 158.7   52.6   20.0  -17.7               
  752  752 A L        -     0   0  155      1,-0.1    -1,-0.1    -2,-0.0     0, 0.0  -0.896  52.3 -54.9-159.4-173.7   50.1   17.4  -19.2               
  753  753 A F        -     0   0  178     -2,-0.2     2,-0.1     1,-0.1    -1,-0.1  -0.122  51.7-130.8 -88.2 167.9   46.3   16.8  -19.8               
  754  754 A P        -     0   0   84      0, 0.0     2,-0.2     0, 0.0    -1,-0.1  -0.423  23.8-171.0-106.7 172.4   43.3   16.7  -17.4               
  755  755 A V        -     0   0  140     -2,-0.1     2,-0.2     2,-0.0     0, 0.0  -0.886  43.8 -88.0-155.0 167.3   40.2   15.5  -15.8               
  756  756 A M        -     0   0  142     -2,-0.2     2,-0.5     2,-0.0     0, 0.0  -0.393  27.5-178.6 -66.5 133.5   37.8   17.2  -13.4               
  757  757 A Q        -     0   0  172     -2,-0.2     2,-1.2     2,-0.0    -1,-0.0  -0.952  13.8-160.0-119.0 107.1   37.9   17.3   -9.6               
  758  758 A V        -     0   0  118     -2,-0.5     2,-1.2     2,-0.0    -2,-0.0  -0.788  17.8-145.4 -77.6  96.8   34.9   19.2   -8.3               
  759  759 A D        -     0   0  110     -2,-1.2     2,-1.0     1,-0.1    -2,-0.0  -0.598  12.7-165.9 -70.5  95.5   36.3   20.0   -4.9               
  760  760 A M        +     0   0  168     -2,-1.2     2,-0.3     2,-0.0    -1,-0.1  -0.240  31.4 169.9 -83.0  45.3   33.1   19.8   -2.7               
  761  761 A S        +     0   0   59     -2,-1.0    -2,-0.0     1,-0.2     0, 0.0  -0.764  10.9  54.2 -94.7 146.6   34.8   21.5    0.2               
  762  762 A H        -     0   0  169     -2,-0.3    -1,-0.2     0, 0.0    -3,-0.0   0.606  40.1-140.6-157.8 148.6   33.7   22.6    2.9               
  763  763 A V        +     0   0  115      0, 0.0    -2,-0.0     0, 0.0     0, 0.0   0.719  18.6 150.8  44.7 115.7   31.9   22.7    6.1               
  764  764 A L        +     0   0  174      0, 0.0     0, 0.0     0, 0.0     0, 0.0   0.123  39.6  78.7 168.1  99.4   29.7   24.8    8.5               
  765  765 A G        +     0   0   79      1,-0.0     2,-0.2     0, 0.0     0, 0.0   0.984  13.6 108.2 112.8 144.4   27.5   23.6   10.6               
  766  766 A G        +     0   0   85      0, 0.0     2,-0.3     0, 0.0    -1,-0.0  -0.839  32.6 110.1 136.8  27.2   26.1   22.3   13.1               
  767  767 A Q        +     0   0  150      1,-0.2     0, 0.0    -2,-0.2     0, 0.0  -0.985  36.1  74.6-155.3 154.5   23.8   23.4   16.1               
  768  768 A W        -     0   0  217     -2,-0.3    -1,-0.2     2,-0.1     2,-0.1   0.926  37.5-168.8  66.6 102.4   20.2   23.1   17.4               
  769  769 A G        -     0   0   70      1,-0.1     2,-0.1     0, 0.0    -2,-0.0   0.084  42.1 -53.5  87.0 107.5   18.9   20.6   18.7               
  770  770 A G        +     0   0   75     -2,-0.1    -1,-0.1     2,-0.0    -2,-0.1  -0.276  56.3 141.0 -70.6 136.3   15.2   20.2   19.5               
  771  771 A M        -     0   0  168     -2,-0.1     2,-0.4    -3,-0.1     0, 0.0  -0.809  46.6-123.5-157.1 127.0   12.9   22.5   21.5               
  772  772 A P        -     0   0  122      0, 0.0     2,-0.5     0, 0.0    -2,-0.0  -0.575  30.8-120.0 -67.4 125.2    9.2   23.2   20.6               
  773  773 A M        -     0   0  108     -2,-0.4     5,-0.1     4,-0.1    -2,-0.0  -0.545  34.8-124.2 -61.1 117.7    8.7   27.0   20.2               
  774  774 A S    >>  -     0   0   66     -2,-0.5     4,-2.9     1,-0.1     3,-0.6  -0.235  21.6-105.7 -59.1 156.7    6.1   27.8   22.9               
  775  775 A F  H 3> S+     0   0  147      1,-0.2     4,-2.5     2,-0.2     5,-0.1   0.856 127.1  53.8 -51.4 -32.9    2.9   29.5   21.8               
  776  776 A Q  H 3> S+     0   0  140      2,-0.2     4,-1.7     1,-0.2    -1,-0.2   0.860 109.1  46.4 -70.9 -36.3    4.4   32.6   23.5               
  777  777 A M  H <> S+     0   0   98     -3,-0.6     4,-2.6     2,-0.2    -2,-0.2   0.914 112.8  50.2 -69.2 -42.4    7.7   32.2   21.4               
  778  778 A Q  H  X S+     0   0  109     -4,-2.9     4,-2.5     2,-0.2    -2,-0.2   0.935 113.3  45.4 -64.1 -44.0    5.5   31.8   18.2               
  779  779 A T  H  X S+     0   0   54     -4,-2.5     4,-2.5    -5,-0.2    -1,-0.2   0.857 112.8  52.1 -67.0 -32.7    3.5   34.9   19.0               
  780  780 A Q  H  X S+     0   0   91     -4,-1.7     4,-2.1     2,-0.2    -2,-0.2   0.877 110.3  47.3 -69.3 -37.2    6.8   36.7   19.9               
  781  781 A V  H  X S+     0   0   73     -4,-2.6     4,-2.3     2,-0.2    -2,-0.2   0.953 115.7  45.1 -67.8 -45.4    8.4   35.7   16.4               
  782  782 A L  H  X S+     0   0   94     -4,-2.5     4,-2.0     1,-0.2    -2,-0.2   0.923 114.3  49.5 -61.5 -41.7    5.2   36.9   14.7               
  783  783 A S  H  X S+     0   0   65     -4,-2.5     4,-0.8     2,-0.2    -1,-0.2   0.856 112.2  47.9 -65.8 -35.5    5.1   40.1   16.8               
  784  784 A R  H  < S+     0   0  185     -4,-2.1    -2,-0.2     2,-0.2    -1,-0.2   0.850 112.0  49.2 -73.3 -33.7    8.9   40.7   15.9               
  785  785 A L  H  < S+     0   0  148     -4,-2.3    -2,-0.2     1,-0.2     3,-0.2   0.813 117.7  41.4 -72.7 -30.1    8.2   40.1   12.2               
  786  786 A M  H  < S+     0   0  167     -4,-2.0     2,-0.4    -5,-0.2    -2,-0.2   0.559 110.7  59.4 -90.3 -10.2    5.2   42.5   12.4               
  787  787 A T  S  < S+     0   0  116     -4,-0.8    -1,-0.2    -5,-0.1    -4,-0.0  -0.639  70.2 105.5-123.8  72.6    6.9   45.2   14.6               
  788  788 A G        +     0   0   68     -2,-0.4     2,-0.4    -3,-0.2    -1,-0.1  -0.141  38.5 119.5-147.1  39.5   10.0   46.4   12.7               
  789  789 A Q        +     0   0  111     -3,-0.1     2,-0.1   165,-0.0   163,-0.1  -0.959  22.0 137.8-111.3 136.4    9.5   49.9   11.2               
  790  790 A G        +     0   0   75     -2,-0.4     2,-0.0     2,-0.0     0, 0.0  -0.186  23.1 176.7 154.2 103.8   11.7   53.0   12.0               
  791  791 A A        +     0   0   96     -2,-0.1    -2,-0.0     0, 0.0     0, 0.0   0.593  15.3 176.1 114.5 149.8   12.8   55.3    9.9               
  792  792 A C        +     0   0  127     -2,-0.0    -2,-0.0     0, 0.0     0, 0.0   0.424  37.8  26.3  86.3 144.3   14.8   58.6    9.2               
  793  793 A P        +     0   0  122      0, 0.0     0, 0.0     0, 0.0     0, 0.0   0.614  34.1 131.3-134.4 158.0   15.8   60.5    7.0               
  794  794 A Y        -     0   0  203      0, 0.0     0, 0.0     0, 0.0     0, 0.0  -0.464  18.6-162.4 -88.2 169.9   15.5   62.0    3.4               
  795  795 A P        +     0   0  118      0, 0.0     0, 0.0     0, 0.0     0, 0.0  -0.659  29.4 168.3-138.1 156.8   15.5   65.1    1.7               
  796  796 A P        -     0   0   87      0, 0.0     0, 0.0     0, 0.0     0, 0.0   0.221  19.6-141.1 -87.1-158.9   14.1   65.4   -1.9               
  797  797 A F        -     0   0  175      2,-0.0     0, 0.0     0, 0.0     0, 0.0   0.742  23.9 -46.3-169.9 178.0   13.1   67.0   -4.7               
  798  798 A M        +     0   0  130      1,-0.1     2,-0.3     0, 0.0     0, 0.0   0.857  23.5 149.4-157.1 167.3   11.0   67.4   -7.4               
  799  799 A A        +     0   0   88      0, 0.0     2,-0.2     0, 0.0    -1,-0.1  -0.954  42.0 108.4-139.0 131.9    8.9   66.7  -10.5               
  800  800 A A        +     0   0   63     -2,-0.3     0, 0.0     1,-0.1     0, 0.0  -0.844  34.1  42.6-175.9 161.6    5.6   68.4  -11.6               
  801  801 A A        -     0   0  104     -2,-0.2    -1,-0.1     0, 0.0     0, 0.0   0.990  37.9-144.0  68.6 112.0    3.6   70.8  -13.9               
  802  802 A A        +     0   0   98      0, 0.0     0, 0.0     0, 0.0     0, 0.0   0.204  32.7  88.9 -49.7 175.3    3.2   71.9  -17.5               
  803  803 A A        -     0   0   98      0, 0.0     0, 0.0     0, 0.0     0, 0.0   0.900  41.8 -20.7  92.5 125.4    2.5   74.9  -19.6               
  804  804 A A        +     0   0  101      0, 0.0     0, 0.0     0, 0.0     0, 0.0   0.705  51.3  61.7  72.3 153.8    3.2   78.1  -21.6               
  805  805 A A        -     0   0   92      1,-0.1     2,-0.1  -262,-0.0  -261,-0.1   0.987  52.7-108.4  59.3 103.0    5.4   81.0  -22.7               
  806  806 A S        -     0   0   94   -264,-0.1    -1,-0.1  -263,-0.1  -265,-0.0  -0.394  44.6 -93.3 -39.7 141.5    8.7   81.5  -24.4               
  807  807 A A        -     0   0   41     -2,-0.1  -263,-0.7  -264,-0.0     2,-0.1   0.747  24.4 -34.3 175.4-158.1   11.6   82.5  -23.2               
  808  808 A G        -     0   0   45   -265,-0.3  -265,-1.2  -263,-0.1     2,-0.3  -0.315  19.0-130.4-112.3-174.0   14.9   84.2  -21.9               
  809  809 A L        -     0   0  128   -267,-0.1  -265,-0.0  -266,-0.1     0, 0.0  -0.839  22.8-139.0-149.9 117.8   17.8   86.7  -21.9               
  810  810 A Q        +     0   0  152     -2,-0.3    -1,-0.1     0, 0.0     0, 0.0   0.728  25.5 142.6  63.5 148.5   21.3   86.4  -21.6               
  811  811 A F        +     0   0  178      0, 0.0    -2,-0.1     0, 0.0     0, 0.0   0.772  15.5 125.5  70.1 137.6   24.4   88.0  -19.9               
  812  812 A V        -     0   0   95      0, 0.0     0, 0.0     0, 0.0     0, 0.0   0.765  30.8 -93.1-171.5-177.2   27.3   87.6  -18.5               
  813  813 A N        -     0   0  134      0, 0.0     0, 0.0     0, 0.0     0, 0.0   0.760  28.7-148.2  82.1 141.2   31.0   87.6  -17.3               
  814  814 A L        -     0   0  140      1,-0.2     0, 0.0     0, 0.0     0, 0.0   0.604  11.0-104.2-171.2 163.8   33.9   86.0  -17.6               
  815  815 A P        -     0   0  111      0, 0.0    -1,-0.2     0, 0.0     2,-0.1   0.035  32.1-122.2 -85.4-163.0   37.4   84.4  -16.9               
  816  816 A P        +     0   0  104      0, 0.0     0, 0.0     0, 0.0     0, 0.0  -0.427  35.1  10.1-157.2 169.5   40.7   85.0  -17.8               
  817  817 A Y        -     0   0  181     -2,-0.1     0, 0.0     0, 0.0     0, 0.0   0.987  42.8  -4.2  99.0 105.2   43.9   83.9  -19.4               
  818  818 A R        +     0   0  218      0, 0.0     0, 0.0     0, 0.0     0, 0.0   0.744  16.2 136.1  63.8 146.5   46.3   81.6  -21.5               
  819  819 A G        -     0   0   66      0, 0.0     2,-0.0     0, 0.0     0, 0.0   0.513  22.6-139.4  95.3 152.5   47.7   79.4  -23.3               
  820  820 A P        -     0   0  114      0, 0.0     0, 0.0     0, 0.0     0, 0.0   0.354   7.0-135.9-143.5-175.3   49.6   78.9  -25.7               
  821  821 A F        -     0   0  190     -2,-0.0     2,-0.0     0, 0.0     0, 0.0   0.455   8.0-177.1  -0.5 149.2   50.7   76.9  -29.0               
  822  822 A S        -     0   0  102      0, 0.0     0, 0.0     0, 0.0     0, 0.0   0.167  11.4-109.8-176.6 157.9   52.8   75.3  -31.0               
  823  823 A L        -     0   0  156     -2,-0.0     0, 0.0     1,-0.0     0, 0.0   0.618  14.2-175.1  20.3 152.3   53.8   73.4  -34.2               
  824  824 A S        +     0   0   93      0, 0.0    -1,-0.0     0, 0.0     0, 0.0   0.727  14.7 134.5 177.9 160.1   54.7   71.1  -36.3               
  825  825 A N        +     0   0  148      0, 0.0     0, 0.0     0, 0.0     0, 0.0   0.876  38.4  28.2  65.6 143.0   55.9   68.7  -39.1               
  826  826 A S        -     0   0  111      0, 0.0     0, 0.0     0, 0.0     0, 0.0   0.929  31.8-173.3  60.6 129.6   58.0   65.9  -40.5               
  827  827 A G        +     0   0   71      0, 0.0     2,-0.0     0, 0.0     0, 0.0   0.030   4.4 179.8 -85.1-149.8   60.1   62.7  -39.9               
  828  828 A P        -     0   0  131      0, 0.0     0, 0.0     0, 0.0     0, 0.0   0.481  26.3 -50.7-132.4 170.5   62.0   60.5  -40.9               
  829  829 A G        +     0   0   73     -2,-0.0     0, 0.0     2,-0.0     0, 0.0   0.701  64.1  42.8  85.5 144.4   63.9   57.3  -40.1               
  830  830 A R        -     0   0  242      1,-0.1     2,-0.0     0, 0.0     0, 0.0   0.952  51.2-149.3  49.1 101.7   66.4   55.2  -38.0               
  831  831 A G        -     0   0   78      0, 0.0     2,-0.3     0, 0.0    -1,-0.1  -0.264   8.2-163.1 -78.1 169.1   66.3   55.2  -34.2               
  832  832 A Q        -     0   0  176      1,-0.2     0, 0.0    -2,-0.0     0, 0.0  -0.838  39.6 -47.6-152.1 130.7   69.0   54.8  -31.5               
  833  833 A H        -     0   0  160     -2,-0.3    -1,-0.2     0, 0.0     0, 0.0   0.883  53.2 -78.6  44.6 153.3   68.6   53.9  -27.8               
  834  834 A W        -     0   0  209      0, 0.0     0, 0.0     0, 0.0     0, 0.0  -0.101  10.3-168.1 -59.4 157.4   66.8   54.9  -24.5               
  835  835 A P        -     0   0  117      0, 0.0     2,-0.1     0, 0.0     0, 0.0  -0.831  38.3-143.9-117.6 158.3   66.4   57.0  -21.8               
  836  836 A P        +     0   0   99      0, 0.0     3,-0.0     0, 0.0     0, 0.0  -0.418  26.2 119.7 -95.4 178.0   64.1   55.3  -19.2               
  837  837 A L        +     0   0  156     -2,-0.1     2,-0.0     1,-0.1     3,-0.0   0.331  35.1  48.9  84.9 153.4   61.3   56.3  -16.6               
  838  838 A P        -     0   0  127      0, 0.0     2,-0.5     0, 0.0    -1,-0.1   0.561  50.0-159.6 -90.5 151.2   58.7   56.6  -15.1               
  839  839 A K        -     0   0  197     -2,-0.0     2,-0.3    -3,-0.0     0, 0.0  -0.791  22.3-125.8 -86.6 123.3   57.4   53.0  -14.4               
  840  840 A F        -     0   0  156     -2,-0.5    -3,-0.0     1,-0.1    -1,-0.0  -0.553  18.5-138.0 -65.8 129.6   53.6   52.9  -13.7               
  841  841 A D    >   -     0   0   81     -2,-0.3     3,-2.0     1,-0.1    -1,-0.1  -0.859   5.9-157.0 -90.6 111.5   53.0   51.1  -10.4               
  842  842 A P  T 3  S+     0   0  116      0, 0.0    -1,-0.1     0, 0.0    -2,-0.0   0.620  89.4  73.6 -65.2 -10.1   49.9   48.8  -10.8               
  843  843 A S  T 3  S+     0   0   95      1,-0.1    -3,-0.0     2,-0.0    -2,-0.0   0.546  87.0  71.0 -73.6 -11.3   49.5   49.0   -7.0               
  844  844 A V  S <  S-     0   0   87     -3,-2.0    -1,-0.1     3,-0.0    -3,-0.1  -0.881  76.5-150.9-113.8  99.3   48.2   52.6   -7.4               
  845  845 A P        -     0   0   79      0, 0.0     3,-0.1     0, 0.0    -2,-0.0  -0.378  34.6 -94.6 -65.4 146.5   44.7   52.9   -9.0               
  846  846 A P    >   -     0   0   81      0, 0.0     3,-2.5     0, 0.0     2,-0.3  -0.346  50.8 -89.4 -63.9 140.8   44.0   56.1  -11.0               
  847  847 A P  T 3  S+     0   0  143      0, 0.0     3,-0.1     0, 0.0    -3,-0.0  -0.311 118.8  34.0 -56.8 110.5   42.3   59.0   -9.0               
  848  848 A G  T 3  S+     0   0   75     -2,-0.3     2,-1.0     1,-0.3     0, 0.0   0.114  78.3 129.0 122.9 -14.8   38.6   58.3   -9.5               
  849  849 A Y    <   -     0   0  153     -3,-2.5    -1,-0.3     2,-0.0     0, 0.0  -0.600  35.5-173.3 -70.6 103.0   38.6   54.5   -9.7               
  850  850 A M        -     0   0  169     -2,-1.0     2,-0.7    -3,-0.1    -1,-0.0  -0.912  24.2-130.0 -89.8 115.2   35.9   53.4   -7.2               
  851  851 A P        -     0   0   91      0, 0.0     2,-1.5     0, 0.0    -2,-0.0  -0.565   8.4-144.7 -64.5 113.0   36.0   49.6   -6.9               
  852  852 A R        -     0   0  206     -2,-0.7     2,-2.0     1,-0.1    -2,-0.0  -0.733  14.3-160.4 -69.0  93.0   32.5   48.2   -7.3               
  853  853 A Q        +     0   0  175     -2,-1.5     2,-0.7     2,-0.0    -1,-0.1  -0.567  17.3 176.0 -75.9  66.4   33.1   45.4   -4.8               
  854  854 A E        -     0   0  103     -2,-2.0     5,-0.1     1,-0.1    -2,-0.1  -0.757  39.2-113.6 -70.1 111.8   30.1   43.5   -6.3               
  855  855 A D    >>  -     0   0  103     -2,-0.7     3,-2.0     1,-0.1     4,-0.6  -0.301  11.5-131.9 -55.9 137.1   30.4   40.2   -4.1               
  856  856 A P  T 34 S+     0   0  105      0, 0.0     4,-0.4     0, 0.0     3,-0.2   0.795 111.5  51.2 -62.6 -24.2   31.4   37.1   -6.2               
  857  857 A H  T 3> S+     0   0  131      1,-0.2     4,-2.8     2,-0.1     5,-0.2   0.569  86.9  86.8 -83.4 -10.8   28.5   35.3   -4.4               
  858  858 A K  H <> S+     0   0   85     -3,-2.0     4,-3.2     1,-0.2     5,-0.2   0.919  88.7  48.9 -60.1 -43.9   26.0   38.1   -5.3               
  859  859 A A  H  X S+     0   0   77     -4,-0.6     4,-2.1    -3,-0.2    -1,-0.2   0.879 114.0  47.1 -62.5 -37.2   25.1   36.5   -8.7               
  860  860 A T  H  > S+     0   0   88     -4,-0.4     4,-2.7     2,-0.2    -2,-0.2   0.913 114.8  46.0 -67.8 -43.2   24.7   33.1   -6.9               
  861  861 A V  H  X S+     0   0   88     -4,-2.8     4,-2.8     2,-0.2    -2,-0.2   0.924 113.8  47.8 -67.6 -44.8   22.5   34.7   -4.1               
  862  862 A D  H  X S+     0   0   73     -4,-3.2     4,-2.2     2,-0.2    -2,-0.2   0.904 114.0  49.0 -60.9 -41.6   20.4   36.7   -6.7               
  863  863 A G  H  X S+     0   0   33     -4,-2.1     4,-2.2    -5,-0.2    -2,-0.2   0.944 113.7  44.0 -63.7 -48.8   20.0   33.5   -8.7               
  864  864 A V  H  X S+     0   0   88     -4,-2.7     4,-2.8     2,-0.2    -2,-0.2   0.912 114.0  51.6 -62.6 -41.4   19.0   31.4   -5.7               
  865  865 A L  H  X S+     0   0   95     -4,-2.8     4,-2.5     2,-0.2    -2,-0.2   0.887 109.0  50.7 -62.6 -38.5   16.6   34.2   -4.6               
  866  866 A L  H  X S+     0   0  124     -4,-2.2     4,-2.1     2,-0.2    -2,-0.2   0.891 111.9  47.1 -67.9 -39.2   15.1   34.3   -8.1               
  867  867 A V  H  X S+     0   0   84     -4,-2.2     4,-2.8     2,-0.2    -2,-0.2   0.970 113.7  47.6 -63.2 -51.2   14.5   30.5   -8.0               
  868  868 A V  H  X S+     0   0   67     -4,-2.8     4,-2.8     1,-0.2    -2,-0.2   0.881 113.5  48.4 -59.8 -39.4   13.0   30.7   -4.4               
  869  869 A L  H  X S+     0   0   96     -4,-2.5     4,-2.4     2,-0.2    -1,-0.2   0.874 111.1  50.2 -67.5 -37.3   10.8   33.7   -5.6               
  870  870 A K  H  X S+     0   0  170     -4,-2.1     4,-2.0     2,-0.2    -2,-0.2   0.925 114.3  44.9 -65.9 -43.0    9.6   31.7   -8.7               
  871  871 A E  H  X S+     0   0  115     -4,-2.8     4,-3.0     2,-0.2    -2,-0.2   0.938 113.3  49.5 -64.6 -47.0    8.8   28.7   -6.5               
  872  872 A L  H  X S+     0   0   94     -4,-2.8     4,-3.0     1,-0.2    -2,-0.2   0.916 112.1  48.8 -59.6 -43.3    7.0   30.9   -3.9               
  873  873 A K  H  X S+     0   0  167     -4,-2.4     4,-2.2     2,-0.2    -1,-0.2   0.882 113.4  47.2 -64.7 -38.0    5.0   32.6   -6.7               
  874  874 A A  H  X S+     0   0   36     -4,-2.0     4,-2.4     2,-0.2    -2,-0.2   0.913 113.9  47.0 -68.3 -42.8    4.1   29.1   -8.1               
  875  875 A I  H  X S+     0   0   88     -4,-3.0     4,-2.9     2,-0.2     5,-0.2   0.947 114.3  47.6 -63.3 -46.9    3.1   27.8   -4.6               
  876  876 A M  H  X S+     0   0  124     -4,-3.0     4,-2.6     2,-0.2     5,-0.2   0.875 111.3  50.6 -64.3 -38.2    1.0   31.0   -4.0               
  877  877 A K  H  X S+     0   0  144     -4,-2.2     4,-2.6     2,-0.2     5,-0.2   0.936 114.8  44.0 -64.0 -44.2   -0.7   30.7   -7.4               
  878  878 A R  H  X S+     0   0  166     -4,-2.4     4,-2.8     2,-0.2    -2,-0.2   0.920 116.3  46.3 -64.3 -44.6   -1.6   27.0   -6.7               
  879  879 A D  H  X S+     0   0   66     -4,-2.9     4,-2.3     2,-0.2    -2,-0.2   0.878 115.2  46.5 -68.9 -37.3   -2.7   27.8   -3.1               
  880  880 A L  H  X S+     0   0  105     -4,-2.6     4,-2.4    -5,-0.2    -2,-0.2   0.946 115.8  45.0 -68.3 -47.1   -4.8   30.9   -4.2               
  881  881 A N  H  X S+     0   0   84     -4,-2.6     4,-2.7     2,-0.2    -2,-0.2   0.929 114.1  50.2 -61.6 -44.0   -6.4   28.9   -7.1               
  882  882 A R  H  X S+     0   0  128     -4,-2.8     4,-3.0     1,-0.2    -2,-0.2   0.916 112.4  47.3 -60.1 -43.0   -7.0   25.9   -4.8               
  883  883 A K  H  X S+     0   0   97     -4,-2.3     4,-1.8     2,-0.2     5,-0.2   0.824 109.7  52.9 -69.1 -33.2   -8.6   28.3   -2.2               
  884  884 A M  H  X>S+     0   0  115     -4,-2.4     4,-2.8     2,-0.2     5,-0.7   0.948 114.1  42.6 -65.1 -45.0  -10.8   29.9   -5.0               
  885  885 A V  I  X>S+     0   0   90     -4,-2.7     5,-1.3     3,-0.2     4,-1.1   0.960 117.1  47.6 -63.2 -47.3  -12.0   26.4   -6.0               
  886  886 A E  I  <5S+     0   0   69     -4,-3.0    -1,-0.2     1,-0.2    -2,-0.2   0.776 122.4  34.3 -65.0 -29.4  -12.4   25.4   -2.3               
  887  887 A V  I  <5S+     0   0   89     -4,-1.8    -1,-0.2    -5,-0.1     4,-0.2   0.782 131.3  27.7 -97.0 -32.3  -14.3   28.6   -1.4               
  888  888 A V  I  X5S+     0   0   92     -4,-2.8     4,-2.8    -5,-0.2     5,-0.2   0.888 122.0  44.4 -97.0 -50.0  -16.3   29.3   -4.6               
  889  889 A A  I  X<S+     0   0   47     -4,-1.1     4,-2.6    -5,-0.7    -3,-0.2   0.930 116.1  45.5 -71.1 -43.2  -16.9   25.9   -6.3               
  890  890 A F  H  ><S+     0   0  125     -5,-1.3     4,-3.0     2,-0.2    -1,-0.2   0.904 116.0  48.4 -65.1 -36.3  -17.9   24.0   -3.1               
  891  891 A R  H  > S+     0   0  157      2,-0.2     4,-2.9    -4,-0.2     5,-0.2   0.933 113.3  46.0 -66.4 -45.2  -20.2   26.9   -2.2               
  892  892 A A  H  X S+     0   0   57     -4,-2.8     4,-2.1     2,-0.2    -2,-0.2   0.877 116.6  46.4 -64.0 -37.3  -21.8   27.1   -5.7               
  893  893 A F  H  X S+     0   0  106     -4,-2.6     4,-3.0    -5,-0.2    -2,-0.2   0.936 113.9  47.0 -68.7 -46.5  -22.1   23.2   -5.6               
  894  894 A D  H  X S+     0   0  101     -4,-3.0     4,-3.1     2,-0.2     5,-0.2   0.939 115.3  46.1 -59.7 -47.8  -23.6   23.3   -2.0               
  895  895 A E  H  X S+     0   0  126     -4,-2.9     4,-1.8     2,-0.2    -2,-0.2   0.884 116.0  45.9 -64.9 -38.4  -26.1   26.1   -3.0               
  896  896 A W  H  X S+     0   0  136     -4,-2.1     4,-2.8    -5,-0.2    -2,-0.2   0.901 114.1  48.5 -67.4 -40.7  -27.0   24.3   -6.3               
  897  897 A W  H  X S+     0   0  145     -4,-3.0     4,-3.3     2,-0.2     5,-0.3   0.943 111.7  48.8 -67.0 -44.9  -27.4   21.0   -4.3               
  898  898 A D  H  X S+     0   0   77     -4,-3.1     4,-2.2     2,-0.2    -1,-0.2   0.872 113.5  48.3 -58.6 -40.6  -29.6   22.7   -1.7               
  899  899 A K  H  X S+     0   0  123     -4,-1.8     4,-2.1    -5,-0.2    -2,-0.2   0.949 114.9  44.6 -64.3 -47.1  -31.6   24.2   -4.6               
  900  900 A K  H  X S+     0   0  111     -4,-2.8     4,-2.8     2,-0.2    -2,-0.2   0.896 115.4  47.1 -64.9 -43.4  -31.9   20.7   -6.3               
  901  901 A E  H  X S+     0   0   82     -4,-3.3     4,-2.8     2,-0.2    -1,-0.2   0.900 112.8  49.3 -68.0 -40.2  -32.8   19.0   -3.0               
  902  902 A R  H  X S+     0   0  143     -4,-2.2     4,-1.3    -5,-0.3    -2,-0.2   0.869 113.2  47.8 -66.6 -36.3  -35.4   21.7   -2.1               
  903  903 A M  H  X S+     0   0  119     -4,-2.1     4,-1.2     2,-0.2    -2,-0.2   0.934 112.7  48.0 -67.5 -45.4  -36.8   21.3   -5.7               
  904  904 A A  H >< S+     0   0   49     -4,-2.8     3,-0.7     1,-0.2     4,-0.5   0.938 112.1  49.6 -61.1 -45.1  -36.9   17.4   -5.3               
  905  905 A K  H 3< S+     0   0  129     -4,-2.8     3,-0.4     1,-0.2    -1,-0.2   0.792 110.5  51.2 -64.1 -29.2  -38.6   17.8   -1.9               
  906  906 A A  H 3< S+     0   0   73     -4,-1.3     3,-0.5     1,-0.2    -1,-0.2   0.690 105.1  57.6 -77.8 -20.8  -41.2   20.2   -3.4               
  907  907 A S  S << S+     0   0   87     -4,-1.2    -1,-0.2    -3,-0.7    -2,-0.2   0.514  94.4  66.5 -86.4  -6.8  -41.9   17.7   -6.3               
  908  908 A L  S    S+     0   0  144     -4,-0.5    -1,-0.2    -3,-0.4    -2,-0.1   0.109  72.6  94.4-111.7  20.5  -43.0   14.7   -4.0               
  909  909 A T  S    S-     0   0   99     -3,-0.5     2,-0.1     0, 0.0    -1,-0.0  -0.946  76.2-131.1-105.1 109.1  -46.2   16.1   -2.4               
  910  910 A P        -     0   0  131      0, 0.0     2,-0.3     0, 0.0    -2,-0.1  -0.393  27.4-125.3 -60.8 129.1  -49.3   14.9   -4.4               
  911  911 A V        -     0   0  142     -2,-0.1     2,-0.2     0, 0.0     0, 0.0  -0.593  23.7-167.3 -85.6 136.6  -51.5   17.9   -5.2               
  912  912 A K        -     0   0  197     -2,-0.3     0, 0.0     1,-0.1     0, 0.0  -0.835  40.7  -7.5-155.5 122.0  -55.3   18.2   -4.4               
  913  913 A S        +     0   0  104     -2,-0.2    -1,-0.1     0, 0.0     0, 0.0   0.719  66.3  28.3-167.9 155.2  -57.1   20.5   -5.6               
  914  914 A G        -     0   0   74      0, 0.0     2,-0.1     0, 0.0    -2,-0.1   0.605  28.3-179.5  91.3 113.7  -58.4   23.7   -7.4               
  915  915 A E        +     0   0  189      0, 0.0     0, 0.0     0, 0.0     0, 0.0   0.486   9.9 144.8  99.8 150.2  -57.5   25.6  -10.0               
  916  916 A H        -     0   0  151     -2,-0.1     2,-0.0     0, 0.0     0, 0.0   0.605  19.2-160.4  73.7 119.6  -58.5   28.8  -12.1               
  917  917 A K        +     0   0  152      2,-0.0     2,-0.1     0, 0.0     0, 0.0   0.615  24.6 175.1  70.2 139.5  -57.2   31.5  -13.8               
  918  918 A D        -     0   0  113     -2,-0.0     2,-0.1     0, 0.0     0, 0.0   0.371  27.8-115.1-138.0-168.1  -56.9   34.3  -15.2               
  919  919 A E        +     0   0  182     -2,-0.1     2,-0.2     2,-0.0    -2,-0.0  -0.394  33.7 139.2 -79.9 146.2  -54.2   36.6  -17.0               
  920  920 A D        -     0   0  156     -2,-0.1     0, 0.0     2,-0.0     0, 0.0  -0.698  19.8-174.8-159.8 146.0  -52.2   39.8  -16.8               
  921  921 A R        +     0   0  224     -2,-0.2     2,-0.4     2,-0.0    -2,-0.0  -0.570  14.2 161.8-141.3  84.9  -48.4   40.2  -17.7               
  922  922 A P        -     0   0  106      0, 0.0    -2,-0.0     0, 0.0     0, 0.0  -0.806  54.2 -99.5 -88.9 135.2  -46.3   43.4  -17.3               
  923  923 A K        -     0   0  197     -2,-0.4     2,-1.2     1,-0.1    -2,-0.0  -0.350  28.7-152.2 -61.9 115.2  -42.5   42.5  -17.3               
  924  924 A P        -     0   0  120      0, 0.0     3,-0.1     0, 0.0    -1,-0.1  -0.533  33.7-113.0 -97.6  72.6  -40.9   42.4  -13.8               
  925  925 A K        -     0   0  172     -2,-1.2    -2,-0.0     1,-0.1     0, 0.0   0.562  27.1-100.3  26.8 105.0  -37.2   43.3  -14.4               
  926  926 A D        +     0   0  164      1,-0.1    -1,-0.1     2,-0.1     3,-0.1  -0.182  51.4 157.4 -49.9 125.3  -34.4   40.8  -13.9               
  927  927 A R        +     0   0  209     -3,-0.1     3,-0.1     1,-0.1    -1,-0.1   0.186  48.7  76.9-148.8  21.0  -32.7   41.4  -10.4               
  928  928 A I  S    S+     0   0  168      1,-0.1    -1,-0.1     2,-0.1    -2,-0.1  -0.453  73.8  78.8-129.1  60.5  -30.8   38.2   -9.3               
  929  929 A A  S    S+     0   0   92     -3,-0.1     4,-0.1     3,-0.0    -1,-0.1   0.142  82.1  67.3-135.3  15.8  -27.7   38.3  -11.4               
  930  930 A S     >  +     0   0   54     -3,-0.1     4,-0.5     1,-0.1     5,-0.1   0.521  55.9  99.1-124.9 -14.3  -25.6   40.9   -9.5               
  931  931 A C  T  4 S+     0   0  118      1,-0.2    -1,-0.1     2,-0.1    -3,-0.0   0.491  97.5  12.3 -84.0  -2.5  -24.4   40.1   -6.0               
  932  932 A L  T  4 S+     0   0  168     -3,-0.1    -1,-0.2     4,-0.0     3,-0.2   0.577 121.7  47.6-138.8 -22.3  -20.7   39.0   -6.5               
  933  933 A L  T >4 S+     0   0  157     -4,-0.1     3,-1.2     1,-0.1     4,-0.1   0.842  97.4  65.0 -95.3 -33.1  -19.3   39.9  -10.0               
  934  934 A E  T 3< S+     0   0  132     -4,-0.5     3,-0.4     1,-0.2    -1,-0.1   0.459  85.6  75.1 -75.3   0.7  -20.4   43.6  -10.5               
  935  935 A S  T 3  S+     0   0  100      1,-0.2    -1,-0.2    -3,-0.2     3,-0.1   0.494  94.6  48.1 -88.6  -5.9  -18.2   45.0   -7.6               
  936  936 A W  S <  S+     0   0  256     -3,-1.2    -1,-0.2     1,-0.1    -2,-0.1   0.295 103.4  59.0-116.5   7.9  -14.8   44.7   -9.5               
  937  937 A G  S    S+     0   0   63     -3,-0.4     2,-0.2     1,-0.2    -1,-0.1  -0.043  93.7  48.5-141.1  30.5  -15.7   46.4  -12.9               
  938  938 A K        +     0   0  208     -3,-0.1    -1,-0.2     1,-0.1     0, 0.0  -0.722  60.0 105.5-164.9 126.1  -16.9   50.0  -12.6               
  939  939 A G        +     0   0   81     -2,-0.2     2,-0.1    -3,-0.1    -1,-0.1   0.270  30.8 164.0 162.8  45.1  -15.3   52.8  -10.5               
  940  940 A E        +     0   0  199      0, 0.0    -2,-0.0     0, 0.0     0, 0.0  -0.434  25.5 102.4 -66.2 153.0  -13.4   55.5  -12.4               
  941  941 A G        +     0   0   66     -2,-0.1     0, 0.0     1,-0.0     0, 0.0   0.444  40.0  36.2 131.5 114.1  -12.4   58.8  -10.8               
  942  942 A L        +     0   0  187      0, 0.0    -1,-0.0     0, 0.0     0, 0.0   0.693  37.3  34.4  70.0 143.1   -9.6   60.9   -9.2               
  943  943 A G        +     0   0   74      1,-0.1     2,-0.1     0, 0.0     0, 0.0   0.737   6.0 148.4 173.9 156.3   -6.8   62.0   -8.6               
  944  944 A Y        +     0   0  206      2,-0.0    -1,-0.1     0, 0.0     0, 0.0  -0.204  53.0  69.7 -91.4-178.4   -3.2   63.5   -8.3               
  945  945 A E        -     0   0  144     -2,-0.1     2,-0.2     0, 0.0     0, 0.0   0.489  60.3-116.5  72.6 143.5   -1.3   65.9   -6.0               
  946  946 A G        +     0   0   69      2,-0.0     2,-0.2     0, 0.0    -2,-0.0  -0.643  27.6 178.8-117.7 160.6   -0.2   65.5   -2.4               
  947  947 A L        -     0   0  184     -2,-0.2     2,-0.6     2,-0.1     0, 0.0  -0.838  30.4-148.0-153.3 117.3   -0.4   66.6    1.3               
  948  948 A G        +     0   0   74     -2,-0.2     2,-0.3     2,-0.0    -2,-0.0  -0.806  35.6 146.0-102.8 121.1    1.7   64.5    3.8               
  949  949 A L        -     0   0  179     -2,-0.6     2,-0.2     2,-0.1    -2,-0.1  -0.964  48.9-120.3-136.2 128.4    1.2   63.6    7.5               
  950  950 A G        +     0   0   81     -2,-0.3     2,-0.3     2,-0.0    -2,-0.0  -0.495  42.4 156.1 -92.1 140.0    2.6   60.2    8.2               
  951  951 A I        -     0   0  174     -2,-0.2     2,-0.1     0, 0.0    -2,-0.1  -0.965  56.4 -86.3-139.2 144.0    1.5   56.7    9.5               
  952  952 A G        -     0   0   63     -2,-0.3     2,-0.7     1,-0.1  -163,-0.0  -0.251  30.5-149.9 -66.2 129.6    3.6   53.6    8.5               
  953  953 A L        +     0   0  161     -2,-0.1     2,-0.1     3,-0.0    -1,-0.1  -0.870  49.9 105.3 -87.9 112.8    3.2   51.6    5.2               
  954  954 A R        +     0   0  215     -2,-0.7    -2,-0.0     1,-0.1  -165,-0.0  -0.305  67.6  22.1-175.3 117.5    4.0   47.9    5.4               
  955  955 A G        +     0   0   85      1,-0.1     2,-0.1    -2,-0.1    -1,-0.1   0.847  61.7 141.4 101.6  84.2    1.6   44.9    5.5               
  956  956 A A        +     0   0   71      2,-0.1     2,-0.4    -3,-0.1    -1,-0.1  -0.579  13.9 136.8-157.5  98.1   -2.0   45.2    4.2               
  957  957 A I        -     0   0  181     -2,-0.1     2,-0.4     0, 0.0     0, 0.0  -0.983  61.6-129.3-110.9 124.0   -4.2   42.8    2.3               
  958  958 A R        -     0   0  222     -2,-0.4     3,-0.1     1,-0.0    -2,-0.1  -0.694  17.0-146.1 -95.9 130.8   -7.3   43.4    4.4               
  959  959 A L        -     0   0  155     -2,-0.4     2,-0.2     1,-0.1    -1,-0.0  -0.463  52.4 -81.0 -63.7 151.1   -9.8   41.2    6.2               
  960  960 A P        -     0   0  119      0, 0.0     2,-0.5     0, 0.0    -1,-0.1  -0.399  52.1-168.3 -57.1 121.1  -13.4   42.5    6.3               
  961  961 A S        -     0   0  101     -2,-0.2     2,-2.0    -3,-0.1    -3,-0.0  -0.824  15.5-164.1-124.0  92.0  -13.5   45.0    9.1               
  962  962 A F        -     0   0  186     -2,-0.5     2,-2.2     1,-0.1     0, 0.0  -0.535  16.7-165.4 -70.4  80.3  -17.0   46.2   10.1               
  963  963 A K        -     0   0  192     -2,-2.0    -1,-0.1     2,-0.0     2,-0.1  -0.416   2.6-166.2 -76.2  67.3  -15.6   49.2   12.0               
  964  964 A V        -     0   0  135     -2,-2.2     2,-0.6     1,-0.1    -2,-0.0  -0.371  28.4-112.0 -59.9 129.6  -18.8   50.1   14.0               
  965  965 A K        -     0   0  192     -2,-0.1     2,-0.3     1,-0.0    -1,-0.1  -0.591  17.3-141.2 -84.4 111.7  -18.1   53.6   15.4               
  966  966 A R        -     0   0  240     -2,-0.6     2,-0.5    -3,-0.0    -1,-0.0  -0.536  15.9-162.9 -58.6 126.3  -17.6   54.2   19.1               
  967  967 A K        -     0   0  204     -2,-0.3    -1,-0.0     0, 0.0    -2,-0.0  -0.992  19.7-130.1-111.2 119.0  -19.3   57.5   20.0               
  968  968 A E        -     0   0  175     -2,-0.5     0, 0.0     1,-0.1     0, 0.0  -0.271  30.4-100.4 -77.9 161.1  -18.0   58.8   23.4               
  969  969 A P        -     0   0  103      0, 0.0     2,-0.5     0, 0.0    -1,-0.1  -0.247   7.7-120.4 -92.6 165.7  -20.4   59.8   26.2               
  970  970 A P        -     0   0  124      0, 0.0     2,-0.1     0, 0.0     0, 0.0  -0.883  45.3-134.9 -85.4 131.2  -22.1   62.8   28.0               
  971  971 A D        +     0   0  138     -2,-0.5     0, 0.0     1,-0.0     0, 0.0  -0.450  36.0 136.0 -68.8 152.3  -21.2   62.7   31.7               
  972  972 A T        -     0   0  122     -2,-0.1    -1,-0.0     0, 0.0     0, 0.0   0.555  24.9-139.2 163.2 111.2  -22.7   63.1   34.9               
  973  973 A T        +     0   0  131      0, 0.0    -2,-0.0     0, 0.0     0, 0.0   0.850  19.2 141.6  51.0 141.7  -23.0   61.8   38.4               
  974  974 A S        -     0   0  108      0, 0.0     0, 0.0     0, 0.0     0, 0.0   0.663  20.5 -34.0  92.8 136.8  -25.0   60.8   41.5               
  975  975 A S        +     0   0  114      2,-0.0     0, 0.0     0, 0.0     0, 0.0   0.733  41.5  41.1-167.0 163.6  -25.7   59.0   44.0               
  976  976 A G        +     0   0   74      0, 0.0     2,-0.2     0, 0.0     0, 0.0   0.875  31.4 171.2  92.0  87.4  -26.4   56.4   46.9               
  977  977 A D        +     0   0  136      0, 0.0    -2,-0.0     0, 0.0     0, 0.0  -0.288   6.8 174.2  61.7  95.9  -24.7   53.8   47.8               
  978  978 A Q        -     0   0  139     -2,-0.2     0, 0.0     0, 0.0     0, 0.0  -0.032  27.7 -49.0-168.4 132.5  -24.7   51.5   50.4               
  979  979 A K        -     0   0  151      0, 0.0     0, 0.0     0, 0.0     0, 0.0   0.867  31.4-133.8  67.8 100.8  -22.9   48.4   51.5               
  980  980 A R        +     0   0  212      2,-0.0     0, 0.0     0, 0.0     0, 0.0   0.984  21.3 128.6  97.2 135.3  -21.5   45.2   51.3               
  981  981 A L        -     0   0  143      1,-0.1     0, 0.0     2,-0.0     0, 0.0   0.992  12.6-163.6  80.4  95.2  -20.3   41.7   51.6               
  982  982 A R        +     0   0  232      1,-0.1    -1,-0.1     0, 0.0    -2,-0.0  -0.538  30.1  92.7 -66.3 171.8  -19.9   38.3   50.1               
  983  983 A P        -     0   0  107      0, 0.0    -1,-0.1     0, 0.0    -2,-0.0   0.731  38.3 -41.0-140.6-168.7  -19.2   35.4   51.2               
  984  984 A S        +     0   0  101      1,-0.0     0, 0.0     0, 0.0     0, 0.0   0.417  36.4  97.2  86.5 157.6  -19.0   31.7   52.5               
  985  985 A T        -     0   0  130      0, 0.0     2,-0.1     0, 0.0    -1,-0.0   0.623  29.1-163.3  63.3 136.4  -20.2   28.9   54.9               
  986  986 A S        +     0   0   98      0, 0.0     0, 0.0     0, 0.0     0, 0.0   0.094  28.3 103.8 120.1 138.3  -22.3   26.3   54.9               
  987  987 A V        -     0   0  101     -2,-0.1     0, 0.0     0, 0.0     0, 0.0   0.829  47.5 -48.7  75.5 116.0  -24.3   23.6   57.0               
  988  988 A D        +     0   0  100      0, 0.0     0, 0.0     0, 0.0     0, 0.0   0.672  35.2 104.3  53.3 166.9  -28.0   23.2   57.9               
  989  989 A E        +     0   0  163      0, 0.0     0, 0.0     0, 0.0     0, 0.0   0.902  32.7  13.6-152.1 177.9  -31.1   23.4   58.9               
  990  990 A E        -     0   0  170      0, 0.0     2,-0.0     0, 0.0     0, 0.0   0.882  29.0-139.3  62.4 110.1  -35.1   23.6   58.8               
  991  991 A D        +     0   0  149      0, 0.0     0, 0.0     0, 0.0     0, 0.0   0.342  33.7  64.4  66.3 126.6  -37.9   23.3   56.9               
  992  992 A E        +     0   0  178     -2,-0.0     0, 0.0     0, 0.0     0, 0.0   0.572  29.7  17.7  62.0 164.0  -41.3   25.1   56.4               
  993  993 A E        -     0   0  146      0, 0.0     0, 0.0     0, 0.0     0, 0.0   0.641  21.8 -43.6-157.1 154.2  -43.8   27.2   55.8               
  994  994 A S        -     0   0   78      0, 0.0     0, 0.0     0, 0.0     0, 0.0   0.387  15.3-123.6  65.9 167.2  -46.3   29.9   54.8               
  995  995 A E        +     0   0  117      0, 0.0     0, 0.0     0, 0.0     0, 0.0   0.884  13.0 139.4-161.2 179.9  -47.8   32.7   54.0               
  996  996 A R        +     0   0  180      0, 0.0     0, 0.0     0, 0.0     0, 0.0   0.554  15.7 137.6  27.3 135.4  -49.8   35.9   53.4               
  997  997 A E        -     0   0  122      0, 0.0     0, 0.0     0, 0.0     0, 0.0   0.791  13.5 -66.4 176.3 170.6  -50.5   39.0   52.9               
  998  998 A R        +     0   0  181      0, 0.0     0, 0.0     0, 0.0     0, 0.0   0.763  14.8 147.8  65.0 148.8  -51.5   42.6   52.0               
  999  999 A D        -     0   0  101      0, 0.0     0, 0.0     0, 0.0     0, 0.0   0.749   8.9-169.6-169.5 164.6  -52.1   45.4   50.6               
 1000 1000 A R        +     0   0  186      0, 0.0     0, 0.0     0, 0.0     0, 0.0   0.640  13.7  91.8  64.7 156.0  -52.9   48.8   48.9               
 1001 1001 A D        -     0   0  113      0, 0.0     0, 0.0     0, 0.0     0, 0.0   0.756  18.3-159.6-152.0 153.0  -53.2   51.4   47.3               
 1002 1002 A M        +     0   0  164      0, 0.0     0, 0.0     0, 0.0     0, 0.0   0.756   9.1 143.2  35.3 150.3  -54.6   53.8   44.6               
 1003 1003 A A        -     0   0   67      0, 0.0     0, 0.0     0, 0.0     0, 0.0   0.707  22.5 -24.7-162.1 178.9  -55.3   56.1   42.5               
 1004 1004 A D        +     0   0  143      0, 0.0     0, 0.0     0, 0.0     0, 0.0   0.936  24.0 142.0  61.3 117.5  -56.4   58.2   39.4               
 1005 1005 A T        -     0   0  125      0, 0.0     2,-0.0     0, 0.0     0, 0.0   0.522  19.4-144.8  68.6 149.5  -57.2   58.5   36.1               
 1006 1006 A P        +     0   0  104      0, 0.0     0, 0.0     0, 0.0     0, 0.0   0.368  21.3  11.7-151.1-178.8  -59.1   59.9   34.0               
 1007 1007 A C        +     0   0  103     -2,-0.0     0, 0.0     0, 0.0     0, 0.0   0.847  29.7  78.7  72.9 145.9  -61.1   60.1   30.7               
 1008 1008 A E        -     0   0  155      0, 0.0     0, 0.0     0, 0.0     0, 0.0   0.653  27.0 -96.8-171.6 166.0  -62.7   59.3   28.0               
 1009 1009 A L        -     0   0  148      1,-0.1     2,-0.0     0, 0.0     0, 0.0   0.955  17.0-157.8  64.4 125.5  -65.1   58.0   25.2               
 1010 1010 A A        -     0   0   93      0, 0.0    -1,-0.1     0, 0.0     2,-0.0  -0.214   7.6-143.1-152.0 -94.0  -65.9   55.6   23.2               
 1011 1011 A K        -     0   0  185     -2,-0.0     0, 0.0     1,-0.0     0, 0.0  -0.813  29.7 -86.2-159.9  33.3  -67.5   54.7   20.3               
 1012 1012 A R        +     0   0  224     -2,-0.0    -1,-0.0     1,-0.0     0, 0.0   0.452  47.4  49.8  77.1 149.7  -69.7   51.7   19.0               
 1013 1013 A D        +     0   0  113      0, 0.0     2,-0.2     0, 0.0    -1,-0.0   0.807  46.7   0.0-149.0-178.2  -70.6   48.7   17.7               
 1014 1014 A P        -     0   0   98      0, 0.0     0, 0.0     0, 0.0     0, 0.0  -0.524  38.5 -19.9-140.3 168.4  -69.9   45.0   18.0               
 1015 1015 A K        +     0   0  208     -2,-0.2     2,-0.0     0, 0.0     0, 0.0   0.531  43.5  92.9 119.3 130.3  -69.0   41.3   18.4               
 1016 1016 A G        -     0   0   68      0, 0.0     0, 0.0     0, 0.0     0, 0.0   0.130  26.8-164.3 157.5 139.3  -66.6   39.5   19.6               
 1017 1017 A V        +     0   0  155     -2,-0.0     0, 0.0     0, 0.0     0, 0.0   0.811  22.2  99.1  71.9 135.1  -64.4   37.4   22.0               
 1018 1018 A G        -     0   0   67      0, 0.0     0, 0.0     0, 0.0     0, 0.0   0.849  32.7-104.6 157.0 175.5  -61.6   35.9   22.9               
 1019 1019 A V        -     0   0  125      2,-0.0     0, 0.0     0, 0.0     0, 0.0   0.498  13.7 -92.3-166.7 134.4  -58.8   35.8   24.7               
 1020 1020 A R        -     0   0  217      1,-0.0     0, 0.0     0, 0.0     0, 0.0   0.837  20.0-105.8  51.3 109.9  -55.0   35.9   25.8               
 1021 1021 A R        -     0   0  157      0, 0.0    -1,-0.0     0, 0.0    -2,-0.0   0.470  31.4 -32.5  41.6 121.0  -51.7   34.6   26.4               
 1022 1022 A R        +     0   0  230      2,-0.0     0, 0.0     0, 0.0     0, 0.0   0.617  16.5 143.5  64.8 165.6  -49.0   33.6   29.0               
 1023 1023 A P        -     0   0  123      0, 0.0     0, 0.0     0, 0.0     0, 0.0   0.725  30.8 -33.4-131.7-169.8  -46.7   32.8   31.3               
 1024 1024 A A        -     0   0  101      0, 0.0    -2,-0.0     0, 0.0     0, 0.0   0.111  45.6 -25.9  84.3 176.4  -44.4   30.8   33.6               
 1025 1025 A R        +     0   0  238      1,-0.0     2,-0.0     0, 0.0     0, 0.0  -0.540  43.9  57.2 -93.8 178.4  -43.5   27.5   35.7               
 1026 1026 A P        -     0   0  116      0, 0.0    -1,-0.0     0, 0.0     0, 0.0   0.710  40.5 -65.5-129.2-170.2  -44.1   24.9   37.4               
 1027 1027 A L        +     0   0  151     -2,-0.0     0, 0.0     0, 0.0     0, 0.0   0.869  46.1  56.2  44.0 143.9  -45.4   21.3   38.4               
 1028 1028 A E        +     0   0  156      0, 0.0     0, 0.0     0, 0.0     0, 0.0   0.691  42.9   9.4  83.5 132.0  -48.5   19.1   39.1               
 1029 1029 A L        +     0   0  124      2,-0.0  -350,-0.0     0, 0.0  -351,-0.0   0.827  40.8  40.9  51.1 132.0  -51.9   17.4   38.4               
 1030 1030 A D        -     0   0   67   -353,-0.0     2,-0.3     0, 0.0  -352,-0.2   0.744  24.2-148.9-158.9-179.5  -54.7   16.3   36.8               
 1031 1031 A S        +     0   0   65   -354,-0.1  -352,-2.9  -350,-0.0  -350,-0.1  -0.756  24.3  62.1-119.2 154.2  -56.7   14.7   33.6               
 1032 1032 A G        -     0   0   50     -2,-0.3  -354,-1.9  -355,-0.2     2,-0.0  -0.144  21.1-145.8 104.8 162.2  -60.0   14.4   31.5               
 1033 1033 A G        -     0   0   50   -356,-0.2  -357,-0.1  -357,-0.1     0, 0.0   0.792   4.8-174.0 163.1 172.3  -62.6   14.6   29.7               
 1034 1034 A E        +     0   0  108   -359,-0.1  -358,-0.0  -357,-0.0     0, 0.0   0.885  21.2  15.1  62.5 133.0  -66.2   14.0   28.4               
 1035 1035 A E        +     0   0  120   -360,-0.0     0, 0.0     0, 0.0     0, 0.0   0.856  30.1  47.5-149.5-174.3  -68.8   14.3   26.2               
 1036 1036 A D        +     0   0  140      0, 0.0     0, 0.0     0, 0.0     0, 0.0   0.858  25.5 101.2  71.7 142.3  -71.3   15.0   23.3               
 1037 1037 A E        -     0   0  150      0, 0.0     0, 0.0     0, 0.0     0, 0.0   0.778  21.9 -86.8-168.1 172.7  -72.4   14.9   20.2               
 1038 1038 A K        +     0   0  154      0, 0.0     0, 0.0     0, 0.0     0, 0.0   0.619  32.4  33.5  80.4 148.9  -74.0   14.5   16.6               
 1039 1039 A E        -     0   0  148      0, 0.0     0, 0.0     0, 0.0     0, 0.0   0.755  46.3  -2.6-173.5 157.5  -74.4   13.4   13.5               
 1040 1040 A S        -     0   0   83      0, 0.0     2,-0.1     0, 0.0     0, 0.0   0.838  30.9-122.2-172.7 166.1  -74.3   11.1   10.9               
 1041 1041 A L        +     0   0  162      0, 0.0     0, 0.0     0, 0.0     0, 0.0  -0.273  15.8 164.1-107.0 -92.8  -73.7    8.2    9.6               
 1042 1042 A S        -     0   0  109     -2,-0.1     0, 0.0     2,-0.0     0, 0.0   0.532  37.3 -53.1-170.0 139.7  -72.3    6.2    7.3               
 1043 1043 A A        -     0   0   85      0, 0.0     0, 0.0     0, 0.0     0, 0.0   0.416  45.3 -29.6-156.0 137.4  -71.7    3.0    6.9               
 1044 1044 A S        +     0   0  116      0, 0.0    -2,-0.0     0, 0.0     0, 0.0   0.877  46.2  43.5  58.5 136.1  -70.4   -0.6    7.6               
 1045 1045 A S        -     0   0  100      0, 0.0     0, 0.0     0, 0.0     0, 0.0   0.443  40.6 -79.2-168.9 138.3  -68.5   -2.6    9.0               
 1046 1046 A S        -     0   0  112      2,-0.0     2,-0.1     1,-0.0     0, 0.0   0.907  19.0-166.7  54.2 129.2  -66.3   -4.2   11.7               
 1047 1047 A S        -     0   0  111      0, 0.0    -1,-0.0     0, 0.0     0, 0.0  -0.060  13.0-102.1-145.4-105.9  -63.7   -4.4   13.4               
 1048 1048 A S        -     0   0  109      1,-0.1     2,-0.3    -2,-0.1    -2,-0.0   0.828  21.8-127.8-149.9 178.2  -61.4   -5.7   15.5               
 1049 1049 A A        +     0   0   95      1,-0.1    -1,-0.1     2,-0.0     0, 0.0  -0.927  21.5  90.2-148.8 158.5  -59.9   -5.9   19.1               
 1050 1050 A S        +     0   0   95     -2,-0.3    -1,-0.1     0, 0.0    -2,-0.0   0.481  13.6 177.5-178.9 151.3  -57.5   -5.9   21.3               
 1051 1051 A S        -     0   0  110      0, 0.0    -2,-0.0     0, 0.0     2,-0.0   0.653   4.8 -82.1  64.6 164.4  -54.9   -5.2   24.0               
 1052 1052 A S        +     0   0   96      0, 0.0     0, 0.0     0, 0.0     0, 0.0   0.339  14.7  57.1-177.5 148.3  -52.6   -5.1   26.4               
 1053 1053 A S        +     0   0   99   -369,-0.0  -367,-0.1    -2,-0.0     0, 0.0   0.308  14.2 123.1  58.5 169.6  -50.0   -5.0   29.4               
 1054 1054 A G        +     0   0   56   -369,-0.3  -368,-0.1  -368,-0.0  -367,-0.1   0.618   7.2 144.0-161.2 134.2  -48.3   -5.9   32.0               
 1055 1055 A S        +     0   0   64   -369,-0.2  -368,-0.2  -371,-0.1    -1,-0.0   0.774  21.2 157.3  81.1 137.9  -45.3   -6.3   33.6               
 1056 1056 A S        +     0   0   54   -368,-0.1  -369,-0.1     0, 0.0     0, 0.0   0.284  14.0  37.5  92.2 150.9  -43.6   -6.0   37.2               
 1057 1057 A T        -     0   0   95      2,-0.0  -370,-0.1     0, 0.0     0, 0.0   0.689  47.5 -71.4-144.5 148.1  -41.6   -6.2   39.7               
 1058 1058 A T        -     0   0   91      2,-0.0  -371,-0.0     0, 0.0     0, 0.0   0.830  32.6-103.5  37.8 113.1  -38.0   -6.6   41.0               
 1059 1059 A S        +     0   0  104      1,-0.0    -2,-0.0     0, 0.0     0, 0.0   0.625  23.2 114.5  41.2 154.9  -35.0   -8.5   41.5               
 1060 1060 A P        -     0   0  105      0, 0.0    -2,-0.0     0, 0.0    -1,-0.0   0.655  15.6-111.1-142.5 166.7  -32.7  -10.2   42.6               
 1061 1061 A S        +     0   0   94   -663,-0.0  -663,-0.0     1,-0.0     0, 0.0   0.860   9.8 163.8  59.1 135.5  -30.1  -13.0   43.3               
 1062 1062 A S        -     0   0   57   -664,-0.1  -664,-0.0  -663,-0.0    -1,-0.0   0.516  19.5-109.8 178.0 146.7  -28.4  -15.3   44.7               
 1063 1063 A S        -     0   0   84   -665,-0.0  -665,-0.1  -664,-0.0     0, 0.0   0.734  26.2 -43.9  49.4 107.7  -26.0  -18.2   44.7               
 1064 1064 A A        +     0   0   91      0, 0.0  -664,-0.0     0, 0.0     0, 0.0   0.869  25.6  93.6 100.5 139.3  -25.1  -21.6   45.0               
 1065 1065 A S        -     0   0  100      0, 0.0     0, 0.0     0, 0.0     0, 0.0   0.993  28.4 -71.2  81.0 110.1  -24.5  -25.2   45.7               
 1066 1066 A D        +     0   0  124      0, 0.0     0, 0.0     0, 0.0     0, 0.0   0.915  29.1  91.1  69.6 121.4  -24.9  -28.8   45.6               
 1067 1067 A K        +     0   0  157      0, 0.0     2,-0.0     0, 0.0     0, 0.0   0.732  17.3  34.0  72.4 145.9  -26.4  -32.1   46.1               
 1068 1068 A E        -     0   0  120      0, 0.0     0, 0.0     0, 0.0     0, 0.0   0.779  22.5 -88.7-149.3-178.4  -28.0  -34.8   46.1               
 1069 1069 A E        +     0   0  142     -2,-0.0     2,-0.0     0, 0.0     0, 0.0   0.538  25.4 116.2  17.7 139.4  -29.8  -38.1   45.2               
 1070 1070 A E        +     0   0  154      0, 0.0     0, 0.0     0, 0.0     0, 0.0   0.600  16.3 149.0-141.1 160.3  -32.2  -40.0   44.4               
 1071 1071 A Q        +     0   0  149     -2,-0.0     0, 0.0     0, 0.0     0, 0.0   0.696   7.3 176.4  62.7 145.0  -33.5  -42.2   42.0               
 1072 1072 A E        -     0   0  140      0, 0.0     0, 0.0     0, 0.0     0, 0.0   0.650   8.1-150.1-164.5 145.6  -35.3  -44.7   41.2               
 1073 1073 A S        -     0   0   92      1,-0.0     0, 0.0     0, 0.0     0, 0.0   0.260   8.0-160.4  62.2-177.3  -36.8  -47.0   38.5               
 1074 1074 A T        +     0   0  100      0, 0.0    -1,-0.0     0, 0.0     0, 0.0   0.836  14.4 174.9-138.1 140.5  -38.9  -49.0   37.0               
 1075 1075 A E        +     0   0  163      0, 0.0     2,-0.0     0, 0.0     0, 0.0   0.667   7.2 151.9  54.3 139.3  -39.3  -51.4   34.4               
 1076 1076 A E        -     0   0  149      0, 0.0     0, 0.0     0, 0.0     0, 0.0   0.671  19.7 -31.0-153.5 167.5  -40.9  -53.7   32.7               
 1077 1077 A E        +     0   0  151     -2,-0.0     0, 0.0     0, 0.0     0, 0.0   0.742  21.8  99.9  62.7 156.5  -41.7  -55.7   29.4               
 1078 1078 A E        -     0   0  144      0, 0.0     0, 0.0     0, 0.0     0, 0.0   0.811  11.6-145.8-157.7 165.2  -42.2  -57.0   26.4               
 1079 1079 A E        +     0   0  166      0, 0.0     0, 0.0     0, 0.0     0, 0.0   0.911  16.5 140.9  45.4 146.8  -42.0  -58.8   23.1               
 1080 1080 A A        +     0   0   80      0, 0.0     0, 0.0     0, 0.0     0, 0.0   0.804  15.9   3.3  79.6 144.3  -42.7  -59.3   19.4               
 1081 1081 A E        -     0   0  151      0, 0.0     0, 0.0     0, 0.0     0, 0.0   0.753  24.0-103.2-159.7 148.0  -42.5  -60.0   16.3               
 1082 1082 A E        +     0   0  146      0, 0.0     0, 0.0     0, 0.0     0, 0.0   0.878  15.6  95.7  56.3 149.3  -41.3  -61.2   12.9               
 1083 1083 A E        -     0   0  135      0, 0.0     0, 0.0     0, 0.0     0, 0.0   0.838  16.8 -66.4-162.5 157.0  -40.1  -61.8    9.9               
 1084 1084 A E        +     0   0  144      0, 0.0     0, 0.0     0, 0.0     0, 0.0   0.866  16.5  86.7  57.5 152.3  -38.0  -62.6    6.7               
 1085 1085 A E        -     0   0  147      0, 0.0     0, 0.0     0, 0.0     0, 0.0   0.823  13.6-106.5-161.5 165.1  -35.9  -62.9    4.2               
 1086 1086 A E        +     0   0  152      0, 0.0     0, 0.0     0, 0.0     0, 0.0   0.857  22.4  80.4  44.0 159.2  -33.1  -63.6    1.6               
 1087 1087 A E        +     0   0  141      1,-0.1   242,-0.1   242,-0.0     0, 0.0   0.763  15.5 168.4-145.0 158.0  -30.5  -63.6   -0.5               
 1088 1088 A V        +     0   0   89    240,-0.1    -1,-0.1   241,-0.0     0, 0.0   0.073   6.5 147.3 -43.4 169.5  -26.7  -63.6   -1.3               
 1089 1089 A P        -     0   0   60      0, 0.0   240,-0.0     0, 0.0     0, 0.0   0.523  19.5 -20.1-143.4 176.8  -24.1  -63.9   -3.5               
 1090 1090 A R        -     0   0  205    238,-0.0     0, 0.0     0, 0.0     0, 0.0   0.965  21.0-139.2  81.8 101.9  -20.6  -63.2   -5.0               
 1091 1091 A S        +     0   0   94      0, 0.0     0, 0.0     0, 0.0     0, 0.0   0.904  11.2  83.0  74.2 123.9  -17.4  -61.7   -5.9               
 1092 1092 A Q        +     0   0  171      0, 0.0     0, 0.0     0, 0.0     0, 0.0   0.956  23.1  16.9  95.5 125.5  -14.3  -60.5   -7.5               
 1093 1093 A L        -     0   0  144      1,-0.0     0, 0.0     0, 0.0     0, 0.0   0.924  24.7-135.0  77.2  87.0  -11.4  -58.8   -9.3               
 1094 1094 A S        +     0   0  108      1,-0.0     2,-0.3     0, 0.0    -1,-0.0   0.311  18.8 168.2  18.0 125.8   -9.9  -55.7  -10.8               
 1095 1095 A S        -     0   0   99    225,-0.1   224,-0.1     0, 0.0    -1,-0.0  -0.951  26.4 -71.6-159.6 170.4   -8.1  -54.6  -14.0               
 1096 1096 A S        +     0   0   58    222,-0.3     0, 0.0    -2,-0.3     0, 0.0  -0.082  37.2 155.6 -56.1 168.0   -6.8  -51.6  -16.0               
 1097 1097 A S        -     0   0   50    222,-0.4   222,-0.3   220,-0.0    -1,-0.1   0.802  30.1-168.6-168.7 172.8   -7.4  -49.0  -18.0               
 1098 1098 A T        +     0   0   98    221,-0.1   221,-0.1   220,-0.1     0, 0.0   0.896  39.5  81.1  59.3 138.1   -7.9  -45.9  -20.2               
 1099 1099 A S        +     0   0   94    220,-0.0     0, 0.0     0, 0.0     0, 0.0   0.480  41.0   2.9  65.8 146.8  -10.5  -44.0  -22.4               
 1100 1100 A S        +     0   0  100      0, 0.0     0, 0.0     0, 0.0     0, 0.0   0.788  35.8  13.2-164.2 169.4  -13.0  -42.0  -22.6               
 1101 1101 A T        -     0   0  137      0, 0.0     2,-0.0     0, 0.0     0, 0.0   0.545  25.5-146.6  61.7 156.5  -16.0  -39.6  -22.5               
 1102 1102 A S        +     0   0   85      0, 0.0     0, 0.0     0, 0.0     0, 0.0   0.637  15.1 151.4-171.8 171.7  -17.9  -37.4  -20.9               
 1103 1103 A D        +     0   0  119     -2,-0.0     0, 0.0     0, 0.0     0, 0.0   0.591  21.0  64.9  67.5 147.6  -20.8  -35.2  -19.5               
 1104 1104 A K        -     0   0  149      3,-0.0     0, 0.0     0, 0.0     0, 0.0   0.711  30.2 -69.6-159.2 150.5  -22.4  -33.4  -17.5               
 1105 1105 A D        +     0   0  120      2,-0.1     3,-0.0     0, 0.0     0, 0.0   0.810  51.3  75.3  55.1 152.6  -23.4  -30.4  -15.3               
 1106 1106 A D        +     0   0  154      0, 0.0     2,-0.5     0, 0.0     0, 0.0   0.490  43.1 142.7-105.1 128.0  -23.7  -28.1  -13.1               
 1107 1107 A D        -     0   0  150      2,-0.0     2,-2.0     0, 0.0    -2,-0.1  -0.995  48.0-135.2-109.4 120.9  -20.9  -25.5  -13.4               
 1108 1108 A D        -     0   0  169     -2,-0.5     2,-1.5     1,-0.1     0, 0.0  -0.534  30.7-178.5 -73.0  75.9  -22.3  -21.9  -12.7               
 1109 1109 A D        -     0   0  123     -2,-2.0     2,-2.0     1,-0.1     3,-0.1  -0.618   9.2-175.2 -83.6  78.4  -20.5  -20.4  -15.8               
 1110 1110 A D        +     0   0  162     -2,-1.5    -2,-0.1     1,-0.2    -1,-0.1  -0.580  36.8 132.4 -72.7  74.5  -21.5  -16.7  -15.4               
 1111 1111 A S        +     0   0   75     -2,-2.0     2,-0.3     3,-0.0    -1,-0.2   0.166  24.3 138.1-130.3  22.3  -19.8  -15.9  -18.8               
 1112 1112 A D        +     0   0  140      1,-0.2     0, 0.0    -3,-0.1     0, 0.0  -0.700  39.2  51.9 -81.7 148.2  -22.3  -13.8  -20.7               
 1113 1113 A D        +     0   0  135     -2,-0.3     2,-0.2     1,-0.2    -1,-0.2   0.801  40.6 160.9-131.4 136.9  -21.5  -11.1  -22.5               
 1114 1114 A R        +     0   0  190     -3,-0.2    -1,-0.2     0, 0.0    -3,-0.0  -0.249  36.7  62.1  63.6 106.3  -19.2  -10.5  -24.9               
 1115 1115 A D        +     0   0  106     -2,-0.2    -2,-0.1     1,-0.1     3,-0.0   0.500  31.1  97.9  66.3 137.9  -19.2   -7.6  -27.3               
 1116 1116 A E        +     0   0  201      0, 0.0     2,-0.4     0, 0.0    -1,-0.1   0.340  35.2 141.7-117.9 137.6  -19.1   -4.5  -28.1               
 1117 1117 A S        +     0   0   56      0, 0.0     2,-0.2     0, 0.0    -2,-0.0  -0.872  38.0 110.0-123.7  99.9  -15.7   -3.3  -29.1               
 1118 1118 A E        -     0   0  108     -2,-0.4 -1035,-0.0     1,-0.2     0, 0.0  -0.735  49.5 -51.2-170.3 137.7  -15.9   -0.9  -32.1               
 1119 1119 A N        +     0   0  129     -2,-0.2    -1,-0.2     0, 0.0     0, 0.0   0.511  34.6 137.7  70.8 175.2  -15.5    2.7  -33.4               
 1120 1120 A D        +     0   0  156      2,-0.0     2,-0.2     0, 0.0    -2,-0.1   0.996  28.9 143.6  56.8  86.7  -16.3    6.4  -33.3               
 1121 1121 A D        +     0   0  134      0, 0.0     0, 0.0     0, 0.0     0, 0.0   0.303  35.1  78.6  54.3 143.5  -13.7    8.2  -33.9               
 1122 1122 A E        +     0   0  170     -2,-0.2     2,-0.1     0, 0.0    -2,-0.0   0.829  36.5 118.5  39.3  89.3  -14.3   11.4  -36.0               
 1123 1123 A D        -     0   0  144     -3,-0.0     0, 0.0     0, 0.0     0, 0.0  -0.200  31.8-168.3-166.9 128.3  -15.6   14.6  -35.2               
 1124 1124 A T        +     0   0  118      1,-0.1     0, 0.0    -2,-0.1     0, 0.0   0.763  24.4   0.5  85.8 137.8  -14.1   17.6  -35.5               
 1125 1125 A A        +     0   0   80      0, 0.0     2,-0.2     0, 0.0    -1,-0.1   0.003  23.2 154.8 -46.5 131.3  -14.2   21.4  -34.6               
 1126 1126 A L        -     0   0  165      2,-0.0     2,-0.0     0, 0.0     0, 0.0  -0.628  36.8-178.5-137.9 113.1  -16.1   23.9  -33.0               
 1127 1127 A S        +     0   0   73     -2,-0.2     0, 0.0     0, 0.0     0, 0.0   0.511   9.7 108.7  84.2 130.7  -14.0   26.4  -32.1               
 1128 1128 A E        +     0   0  180     -2,-0.0    -2,-0.0     0, 0.0     0, 0.0   0.789  20.9  61.1  59.6 150.3  -13.7   29.9  -30.4               
 1129 1129 A A        +     0   0   85      0, 0.0     2,-0.0     0, 0.0     0, 0.0   0.863  19.6 157.8-133.0 145.8  -13.0   32.2  -28.3               
 1130 1130 A S        +     0   0  117      0, 0.0     0, 0.0     0, 0.0     0, 0.0   0.841  13.4 173.7  65.9 163.5  -10.4   33.8  -26.8               
 1131 1131 A E        +     0   0  148     -2,-0.0     0, 0.0     0, 0.0     0, 0.0   0.515  21.5  78.7  77.8 136.3   -9.9   37.2  -25.1               
 1132 1132 A K        +     0   0  148      0, 0.0     0, 0.0     0, 0.0     0, 0.0   0.889  48.2  24.6-149.7 168.1   -7.8   39.0  -23.4               
 1133 1133 A D        -     0   0  126      0, 0.0     0, 0.0     0, 0.0     0, 0.0   0.865  61.0 -19.6-168.9 167.4   -5.1   41.0  -23.3               
 1134 1134 A E        +     0   0  180      0, 0.0     0, 0.0     0, 0.0     0, 0.0   0.748  53.2  26.9-143.9 149.5   -3.0   43.2  -24.8               
 1135 1135 A G        +     0   0   78      0, 0.0     0, 0.0     0, 0.0     0, 0.0   0.724  37.3  15.5  79.6 145.3   -1.6   44.6  -28.2               
 1136 1136 A D        -     0   0  148      0, 0.0     0, 0.0     0, 0.0     0, 0.0   0.684  28.1 -77.5-167.8 141.3   -1.2   45.4  -31.1               
 1137 1137 A S        +     0   0   79      0, 0.0     0, 0.0     0, 0.0     0, 0.0   0.875  24.7  71.2  43.4 151.0   -1.8   46.4  -34.9               
 1138 1138 A D        -     0   0  136      0, 0.0     0, 0.0     0, 0.0     0, 0.0   0.796  21.2-120.4-166.5 152.2   -2.5   46.4  -38.1               
 1139 1139 A E        +     0   0  177      0, 0.0     0, 0.0     0, 0.0     0, 0.0   0.635  15.0 174.0  13.2 148.0   -4.2   46.2  -41.6               
 1140 1140 A E        -     0   0  144      0, 0.0     0, 0.0     0, 0.0     0, 0.0   0.723  24.5 -56.6-150.2-151.4   -4.8   45.0  -44.8               
 1141 1141 A E        -     0   0  177      0, 0.0     0, 0.0     0, 0.0     0, 0.0   0.637  33.2-153.1-145.9 125.2   -6.0   44.2  -48.1               
 1142 1142 A T        +     0   0  108      0, 0.0     0, 0.0     0, 0.0     0, 0.0   0.802  29.8  95.6  23.2 158.0   -9.3   42.7  -49.6               
 1143 1143 A V        +     0   0  123      0, 0.0     2,-0.0     0, 0.0     0, 0.0   0.939  21.9 172.4  57.7 112.7  -11.0   40.7  -52.5               
 1144 1144 A S        +     0   0   98      0, 0.0     0, 0.0     0, 0.0     0, 0.0   0.655   5.9 150.1  97.7 152.6  -12.0   37.5  -53.4               
 1145 1145 A I        -     0   0  147     -2,-0.0     0, 0.0     0, 0.0     0, 0.0   0.962  26.6-101.0  89.6 103.7  -13.9   35.5  -56.1               
 1146 1146 A V        +     0   0  122      0, 0.0     0, 0.0     0, 0.0     0, 0.0   0.922  27.2 145.5  55.5 157.5  -14.4   32.2  -58.0               
 1147 1147 A T        +     0   0  121      0, 0.0     2,-0.1     0, 0.0     0, 0.0   0.571  11.4 171.3  87.5 126.6  -13.9   29.9  -61.2               
 1148 1148 A S        +     0   0  109      2,-0.0     0, 0.0     0, 0.0     0, 0.0   0.389   7.2 133.7  82.3 142.5  -13.3   26.8  -62.6               
 1149 1149 A K        -     0   0  196     -2,-0.1     0, 0.0     0, 0.0     0, 0.0   0.734  22.6-112.9-163.9 146.3  -13.0   24.4  -64.8               
 1150 1150 A A        -     0   0   89      1,-0.0     2,-0.2     0, 0.0    -2,-0.0   0.766   4.5-165.2  27.1 135.1  -11.5   21.3  -66.7               
 1151 1151 A E        -     0   0  195      2,-0.0     2,-0.1     0, 0.0    -1,-0.0  -0.703  26.2-178.0-157.7 121.9  -10.0   20.0  -69.9               
 1152 1152 A A        +     0   0   84     -2,-0.2     2,-0.0     0, 0.0     0, 0.0   0.175  16.1 158.4 100.4 115.7   -9.7   16.6  -70.7               
 1153 1153 A T        +     0   0  141     -2,-0.1    -2,-0.0     0, 0.0     0, 0.0   0.145  24.2  17.6 158.1 142.2   -8.6   13.7  -72.9               
 1154 1154 A S        +     0   0  110     -2,-0.0     0, 0.0     0, 0.0     0, 0.0   0.908  40.9  74.4  60.4 130.8   -7.8   10.0  -73.6               
 1155 1155 A S        +     0   0  104      0, 0.0     0, 0.0     0, 0.0     0, 0.0   0.914  37.5  28.8 178.2 170.2   -7.7    6.8  -73.0               
 1156 1156 A S        -     0   0   88      0, 0.0     0, 0.0     0, 0.0     0, 0.0   0.941  40.4 -78.8-177.1-173.3   -9.0    3.7  -72.8               
 1157 1157 A E        +     0   0  167      0, 0.0     0, 0.0     0, 0.0     0, 0.0   0.873  53.9  10.3-162.5 152.8  -11.0    0.9  -73.3               
 1158 1158 A S        -     0   0  105      0, 0.0     2,-0.2     0, 0.0     0, 0.0   0.801  31.1-152.0-174.6 163.6  -14.0   -0.3  -72.6               
 1159 1159 A S        +     0   0  105      0, 0.0     2,-0.2     0, 0.0     0, 0.0  -0.930  23.0 127.8-157.9 -15.7  -17.1   -0.1  -71.5               
 1160 1160 A E        +     0   0  149     -2,-0.2     0, 0.0     1,-0.1     0, 0.0  -0.656  29.8  49.7-116.3 156.2  -20.0   -2.1  -69.8               
 1161 1161 A S        +     0   0  100     -2,-0.2    -1,-0.1     0, 0.0     2,-0.1   0.852  48.6  84.0-150.5 154.9  -22.2   -2.6  -67.5               
 1162 1162 A S        -     0   0   95      0, 0.0    -2,-0.0     0, 0.0     2,-0.0   0.499  22.7-168.0  97.3 140.9  -24.7   -1.0  -65.8               
 1163 1163 A E        -     0   0  174     -2,-0.1     0, 0.0     2,-0.1     0, 0.0   0.673  31.2 -24.1-141.9 168.4  -27.6    0.3  -65.0               
 1164 1164 A F        +     0   0  154      1,-0.1     2,-0.1    -2,-0.0     0, 0.0   0.406  44.0  84.4  65.8 163.9  -29.5    2.7  -62.5               
 1165 1165 A E        +     0   0  116      1,-0.0     2,-0.3     2,-0.0    -1,-0.1   0.538  39.8 164.7-105.5-152.0  -30.5    4.5  -60.1               
 1166 1166 A S        +     0   0  109      1,-0.1    -1,-0.0    -2,-0.1     0, 0.0  -0.997   3.5 115.1-165.2 169.2  -29.6    8.3  -59.2               
 1167 1167 A S        +     0   0  115     -2,-0.3    -1,-0.1     0, 0.0    -2,-0.0   0.644  24.6  16.5  77.2 151.1  -29.9   11.7  -57.4               
 1168 1168 A S        +     0   0  101      1,-0.1    -2,-0.0     2,-0.0     0, 0.0   0.116   8.7 165.6-167.9 120.9  -29.2   14.2  -55.5               
 1169 1169 A E        +     0   0  184      0, 0.0    -1,-0.1     0, 0.0     0, 0.0   0.495  36.1  62.0  21.1 137.5  -27.5   16.7  -53.3               
 1170 1170 A S        -     0   0  114      0, 0.0    -2,-0.0     0, 0.0     0, 0.0   0.909  33.7-130.4  83.9 120.6  -27.8   20.2  -51.8               
 1171 1171 A S        +     0   0  111      0, 0.0     2,-0.1     0, 0.0     0, 0.0   0.229  10.9 169.3 -13.6 158.2  -29.3   23.0  -49.7               
 1172 1172 A P        -     0   0  126      0, 0.0     0, 0.0     0, 0.0     0, 0.0  -0.293  19.1-113.0-150.8-151.4  -30.4   25.9  -49.1               
 1173 1173 A S        +     0   0   99     -2,-0.1     0, 0.0     0, 0.0     0, 0.0  -0.010  43.8  29.2 -61.6 162.3  -32.2   28.5  -46.7               
 1174 1174 A S        +     0   0  113      1,-0.2     2,-0.3     2,-0.0     0, 0.0   0.965  25.7 176.8  71.4 123.1  -35.2   30.7  -46.1               
 1175 1175 A S        -     0   0   93      2,-0.1    -1,-0.2     1,-0.1     0, 0.0  -0.874  32.0 -48.7-155.4 122.9  -38.9   31.5  -46.6               
 1176 1176 A E        -     0   0  183     -2,-0.3    -1,-0.1     0, 0.0     2,-0.0   0.600  30.0-121.6  73.1 121.7  -41.3   33.9  -45.6               
 1177 1177 A D        -     0   0  147      0, 0.0    -2,-0.1     0, 0.0     0, 0.0   0.185   7.4-107.7-133.5-109.9  -43.1   35.9  -43.7               
 1178 1178 A E        -     0   0  183     -2,-0.0     0, 0.0     0, 0.0     0, 0.0   0.783  21.5-115.6-148.8 158.8  -45.6   37.5  -42.1               
 1179 1179 A E        +     0   0  174      2,-0.0     0, 0.0     1,-0.0     0, 0.0   0.268  24.3  67.0 -29.3 158.8  -47.9   40.7  -41.5               
 1180 1180 A E        -     0   0  163      0, 0.0    -1,-0.0     0, 0.0     0, 0.0   0.867  31.9 -13.5-167.7 176.2  -49.2   43.3  -39.7               
 1181 1181 A V        -     0   0  105      0, 0.0    -2,-0.0     0, 0.0     0, 0.0   0.970  28.5-149.5  77.2  81.9  -50.4   46.5  -37.7               
 1182 1182 A V        -     0   0  126      0, 0.0     0, 0.0     0, 0.0     0, 0.0   0.472  10.3-175.6  41.0 122.5  -49.0   49.4  -35.9               
 1183 1183 A A        -     0   0   83      0, 0.0     0, 0.0     0, 0.0     0, 0.0   0.173  21.9 -79.5 176.7 120.0  -49.3   51.8  -33.2               
 1184 1184 A R        +     0   0  196      0, 0.0     0, 0.0     0, 0.0     0, 0.0   0.856  24.3  70.6  54.1 142.1  -47.8   54.9  -31.8               
 1185 1185 A E        -     0   0  112      0, 0.0     0, 0.0     0, 0.0     0, 0.0   0.854  13.8 -47.1-169.9 166.5  -46.0   57.3  -30.2               
 1186 1186 A E        +     0   0  150      0, 0.0     0, 0.0     0, 0.0     0, 0.0   0.738  23.1  69.0  68.0 145.6  -43.7   60.0  -28.6               
 1187 1187 A E        +     0   0  146      2,-0.0     0, 0.0     0, 0.0     0, 0.0   0.706  19.3 177.5-162.5 143.6  -41.3   61.7  -27.2               
 1188 1188 A E        -     0   0  170      1,-0.2     2,-0.2     0, 0.0     0, 0.0   0.816  15.1-167.4  58.2 155.7  -37.9   63.7  -27.2               
 1189 1189 A E        -     0   0  198      0, 0.0     2,-0.2     0, 0.0    -1,-0.2  -0.607  39.6 -46.1-131.8-119.9  -35.2   65.5  -26.1               
 1190 1190 A E        +     0   0  181     -2,-0.2     0, 0.0     1,-0.1     0, 0.0  -0.689  48.3  36.7-120.6 164.0  -32.0   67.5  -27.6               
 1191 1191 A E        +     0   0  181     -2,-0.2    -1,-0.1     0, 0.0     0, 0.0   0.964  40.3  18.1-164.8 161.3  -29.0   67.9  -29.8               
 1192 1192 A E        -     0   0  182      0, 0.0     2,-0.1     0, 0.0    -2,-0.0   0.810  28.7-152.5-130.2 171.5  -26.7   67.8  -32.7               
 1193 1193 A E        -     0   0  180      0, 0.0     0, 0.0     0, 0.0     0, 0.0   0.133   6.3-177.9  78.6 130.2  -25.9   67.3  -36.2               
 1194 1194 A E        -     0   0  145     -2,-0.1     0, 0.0     0, 0.0     0, 0.0   0.784   8.6 -78.4-172.1 169.2  -24.3   66.6  -39.1               
 1195 1195 A M        -     0   0  138      0, 0.0     0, 0.0     0, 0.0     0, 0.0   0.963  23.7 -30.4 111.5 105.5  -23.1   65.9  -42.7               
 1196 1196 A V        +     0   0  130      0, 0.0     0, 0.0     0, 0.0     0, 0.0   0.926  15.0 159.2  69.9 143.7  -22.5   64.4  -46.1               
 1197 1197 A A        -     0   0   78      0, 0.0     0, 0.0     0, 0.0     0, 0.0   0.811   4.3-170.0-179.1-179.9  -22.1   62.3  -48.8               
 1198 1198 A E        +     0   0  184      0, 0.0     0, 0.0     0, 0.0     0, 0.0   0.641  24.4  54.7  74.0 148.6  -21.9   60.7  -52.5               
 1199 1199 A E        +     0   0  165      0, 0.0     0, 0.0     0, 0.0     0, 0.0   0.846  28.3 111.2-169.3 164.7  -21.6   58.3  -55.0               
 1200 1200 A S        -     0   0   80      0, 0.0     0, 0.0     0, 0.0     0, 0.0   0.845  14.2-168.9-177.8-172.2  -22.5   55.4  -56.7               
 1201 1201 A M        +     0   0  175      0, 0.0     0, 0.0     0, 0.0     0, 0.0   0.975  22.4   7.0  87.6 112.5  -23.9   52.9  -59.4               
 1202 1202 A A        +     0   0   97      1,-0.0     2,-0.1     0, 0.0     0, 0.0   0.910   5.2 172.5  60.8 139.8  -25.0   49.5  -60.7               
 1203 1203 A S        +     0   0  124      2,-0.0     2,-0.2     0, 0.0    -1,-0.0  -0.109  11.4 170.6 101.7 114.1  -25.9   46.3  -61.3               
 1204 1204 A A        +     0   0  105     -2,-0.1     0, 0.0     0, 0.0     0, 0.0  -0.614  12.6 146.7 177.6 153.2  -27.4   43.8  -63.9               
 1205 1205 A G        +     0   0   72     -2,-0.2     2,-0.0     0, 0.0    -2,-0.0  -0.381   3.5  94.7-125.5-146.0  -28.1   39.9  -64.7               
 1206 1206 A P        +     0   0  112      0, 0.0     0, 0.0     0, 0.0     0, 0.0   0.447   7.9 138.2-131.1-126.8  -29.6   37.2  -65.8               
 1207 1207 A E        +     0   0  167     -2,-0.0     0, 0.0     0, 0.0     0, 0.0   0.652  21.5 109.4  79.5 142.8  -30.4   34.1  -68.1               
 1208 1208 A D        -     0   0  132      0, 0.0     0, 0.0     0, 0.0     0, 0.0   0.563  16.7-165.2-172.6 157.6  -31.3   30.8  -68.5               
 1209 1209 A F        +     0   0  157      0, 0.0     0, 0.0     0, 0.0     0, 0.0   0.890  13.9  52.2  85.6 136.9  -32.8   27.2  -69.1               
 1210 1210 A E        +     0   0  157      0, 0.0     0, 0.0     0, 0.0     0, 0.0   0.918  15.1 154.5  52.8 153.7  -33.7   23.4  -69.3               
 1211 1211 A Q        -     0   0  147      0, 0.0     0, 0.0     0, 0.0     0, 0.0   0.720   9.9-160.3-172.7 171.2  -34.4   20.2  -68.5               
 1212 1212 A D        +     0   0  143      0, 0.0     0, 0.0     0, 0.0     0, 0.0   0.841  14.1 131.7  63.8 143.1  -35.5   16.4  -68.2               
 1213 1213 A G        -     0   0   65      0, 0.0     0, 0.0     0, 0.0     0, 0.0   0.671  11.4-161.0 168.8 158.8  -36.1   13.5  -66.7               
 1214 1214 A E        +     0   0  189      0, 0.0     0, 0.0     0, 0.0     0, 0.0   0.760  19.5  32.5  63.8 152.3  -37.7   10.1  -65.5               
 1215 1215 A E        -     0   0  171      2,-0.0     0, 0.0     0, 0.0     0, 0.0   0.502  24.6-113.7-164.9 135.4  -38.3    7.2  -63.7               
 1216 1216 A A        -     0   0   69    -51,-0.0     0, 0.0     0, 0.0     0, 0.0   0.679  17.6-101.1  31.3 119.0  -38.8    4.6  -60.7               
 1217 1217 A A        +     0   0   58      0, 0.0    -2,-0.0     0, 0.0     0, 0.0   0.946  28.9 103.4  68.9 142.0  -38.1    1.6  -58.8               
 1218 1218 A L        -     0   0  175      0, 0.0     0, 0.0     0, 0.0     0, 0.0   0.582  22.8-143.8  87.5 146.3  -38.5   -2.0  -57.4               
 1219 1219 A A        +     0   0   89      0, 0.0     2,-0.0     0, 0.0     0, 0.0  -0.342   8.3 179.0 -94.7 173.2  -37.5   -5.7  -57.2               
 1220 1220 A P        -     0   0  130      0, 0.0     0, 0.0     0, 0.0     0, 0.0  -0.044  23.0 -27.6-157.9 177.3  -37.9   -9.1  -56.9               
 1221 1221 A G        -     0   0   80     -2,-0.0     0, 0.0     1,-0.0     0, 0.0   0.794  22.7-134.8  94.1 134.7  -36.8  -12.7  -56.7               
 1222 1222 A A        -     0   0   96      0, 0.0     2,-0.0     0, 0.0    -1,-0.0  -0.644   8.0-174.0 -94.7 161.1  -34.6  -15.8  -57.5               
 1223 1223 A P        -     0   0  121      0, 0.0     0, 0.0     0, 0.0     0, 0.0  -0.198  14.2-135.1-156.1 143.9  -34.5  -19.1  -58.4               
 1224 1224 A A        +     0   0   89     -2,-0.0     0, 0.0     0, 0.0     0, 0.0   0.905  26.7  99.8  57.1 160.5  -32.1  -22.0  -58.8               
 1225 1225 A V        +     0   0  128      0, 0.0     0, 0.0     0, 0.0     0, 0.0   0.668  31.8  53.8  80.3 148.5  -30.7  -25.0  -60.8               
 1226 1226 A D        -     0   0  152      1,-0.1     2,-0.1     0, 0.0     0, 0.0   0.986  23.4-171.1  71.6  95.6  -28.3  -26.9  -63.0               
 1227 1227 A S        +     0   0  113      0, 0.0    -1,-0.1     0, 0.0     2,-0.1  -0.482  18.3 174.0 -55.9 154.4  -24.6  -27.5  -63.3               
 1228 1228 A L        +     0   0  174      1,-0.2     0, 0.0    -2,-0.1     0, 0.0  -0.260  11.5 153.5-172.7 119.0  -23.1  -29.2  -66.3               
 1229 1229 A G        -     0   0   66     -2,-0.1    -1,-0.2     0, 0.0     2,-0.0   0.492  19.8 -74.7  77.7 163.9  -19.7  -30.1  -67.6               
 1230 1230 A M        -     0   0  149      0, 0.0    -2,-0.0     0, 0.0     0, 0.0   0.819  17.5 -56.8-159.3 178.1  -17.0  -30.9  -68.8               
 1231 1231 A E        +     0   0  151     -2,-0.0     0, 0.0     0, 0.0     0, 0.0   0.863  35.4  60.3  45.0 133.1  -13.6  -32.4  -69.9               
 1232 1232 A E        +     0   0  156      0, 0.0     0, 0.0     0, 0.0     0, 0.0   0.879  20.0 163.5-155.1 150.7  -10.6  -33.3  -69.4               
 1233 1233 A E        +     0   0  156      0, 0.0     0, 0.0     0, 0.0     0, 0.0   0.666  17.6 162.5  55.3 137.3   -7.7  -35.1  -68.1               
 1234 1234 A V        -     0   0  112      0, 0.0     0, 0.0     0, 0.0     0, 0.0   0.520  37.2-122.0-143.9 131.3   -4.7  -36.3  -67.8               
 1235 1235 A D        -     0   0  119      0, 0.0     0, 0.0     0, 0.0     0, 0.0   0.523   5.5-114.6  17.3 126.0   -3.1  -37.8  -64.7               
 1236 1236 A I        +     0   0  134      0, 0.0     0, 0.0     0, 0.0     0, 0.0   0.859  22.3 153.4  92.3 146.2   -0.7  -38.1  -62.3               
 1237 1237 A E        +     0   0  175      0, 0.0     0, 0.0     0, 0.0     0, 0.0   0.744  23.3  43.5  70.8 140.4    2.2  -40.1  -60.7               
 1238 1238 A T        -     0   0  121      2,-0.0     0, 0.0     0, 0.0     0, 0.0   0.610  24.1-148.3-163.2 155.0    4.8  -40.2  -59.0               
 1239 1239 A E        -     0   0  152      1,-0.1     0, 0.0     0, 0.0     0, 0.0   0.652  44.5 -14.1  17.2 127.3    7.6  -39.7  -56.3               
 1240 1240 A A        +     0   0   54      1,-0.1     2,-0.3     0, 0.0    -1,-0.1   0.704  40.3 130.6  58.9  81.7   11.1  -39.5  -55.6               
 1241 1241 A V        -     0   0  127      2,-0.1    -1,-0.1    55,-0.0    56,-0.0  -0.922  37.9-144.4-133.1 146.1   14.5  -40.3  -56.9               
 1242 1242 A A        +     0   0   72     -2,-0.3     2,-0.3    54,-0.0    52,-0.0  -0.884  44.4 127.4 -95.5 101.6   17.2  -37.6  -56.8               
 1243 1243 A P        -     0   0  102      0, 0.0     2,-0.2     0, 0.0    -2,-0.1  -0.939  40.7-148.6-137.3 144.3   19.5  -37.8  -59.8               
 1244 1244 A E        +     0   0  184     -2,-0.3    -2,-0.0     2,-0.0     0, 0.0  -0.568  35.3 147.2 -61.2 155.3   20.7  -35.4  -62.5               
 1245 1245 A E        -     0   0  164     -2,-0.2     3,-0.2     1,-0.0     0, 0.0   0.213  49.8-169.1 163.1 144.7   21.5  -36.4  -65.8               
 1246 1246 A R  S    S+     0   0  233      1,-0.2    -1,-0.0     0, 0.0    -2,-0.0  -0.992  73.0  36.2 -88.3 144.2   22.0  -36.6  -69.4               
 1247 1247 A P        +     0   0  106      0, 0.0     2,-0.3     0, 0.0    -1,-0.2   0.659  39.7  96.1-144.2 171.2   22.6  -39.6  -69.9               
 1248 1248 A S        +     0   0  105     -3,-0.2     0, 0.0     1,-0.1     0, 0.0  -0.886  41.4  49.8-158.9 149.8   23.1  -43.4  -70.1               
 1249 1249 A M        +     0   0  163     -2,-0.3    -1,-0.1     2,-0.1     0, 0.0   0.652  54.8  40.5 116.2 124.8   22.2  -46.8  -71.7               
 1250 1250 A L        +     0   0  165      1,-0.1     2,-0.1     0, 0.0    -2,-0.0   0.760  62.5  53.6  67.0 127.7   21.8  -48.7  -75.1               
 1251 1251 A D        -     0   0  159      0, 0.0    -2,-0.1     0, 0.0    -1,-0.1   0.469  68.7 -78.3-127.0-176.0   23.1  -49.3  -78.0               
 1252 1252 A E        +     0   0  169     -2,-0.1     0, 0.0     2,-0.0     0, 0.0  -0.381  55.0   8.5 -95.0 161.0   26.8  -50.3  -79.1               
 1253 1253 A P        -     0   0  111      0, 0.0     2,-0.3     0, 0.0     0, 0.0  -0.404  56.9 -48.5-119.1 -92.6   29.9  -49.5  -79.7               
 1254 1254 A P        -     0   0   97      0, 0.0    -2,-0.0     0, 0.0     0, 0.0  -0.861  42.6 -43.9-134.6 148.0   32.9  -46.9  -79.5               
 1255 1255 A L        +     0   0  169     -2,-0.3     0, 0.0     1,-0.0     0, 0.0  -0.032  28.9 139.7  61.1-165.9   34.5  -43.3  -79.9               
 1256 1256 A P        -     0   0  107      0, 0.0    -1,-0.0     0, 0.0     0, 0.0   0.617  23.2-102.9-129.2 158.0   35.2  -40.4  -81.5               
 1257 1257 A V        +     0   0  146      1,-0.0     2,-0.0     0, 0.0     0, 0.0   0.935  14.4 171.5  62.9 130.2   35.8  -36.7  -82.1               
 1258 1258 A G        -     0   0   67      2,-0.0    -1,-0.0     0, 0.0     2,-0.0   0.039  25.4-102.6 154.5 106.9   34.7  -33.2  -83.3               
 1259 1259 A V        +     0   0  115     -2,-0.0     2,-0.0     0, 0.0     0, 0.0   0.425  30.2  66.9  83.1 115.6   35.6  -29.8  -83.2               
 1260 1260 A E        +     0   0  160     -2,-0.0    -2,-0.0     0, 0.0     0, 0.0   0.591  34.6   1.0-122.0-141.1   35.7  -26.7  -82.4               
 1261 1261 A E        +     0   0  184     -2,-0.0     2,-0.1     1,-0.0     0, 0.0   0.895  34.9 132.8-155.1 153.9   35.9  -23.5  -80.9               
 1262 1262 A P        +     0   0  115      0, 0.0    -1,-0.0     0, 0.0     0, 0.0  -0.153  14.4 179.5-136.9-151.7   36.9  -21.6  -77.6               
 1263 1263 A A        +     0   0   77     -2,-0.1     3,-0.1     3,-0.0     0, 0.0   0.747  57.4  36.5  80.6 128.1   38.7  -18.9  -75.4               
 1264 1264 A D        +     0   0  152      1,-0.3     2,-0.2     2,-0.0     0, 0.0   0.656  63.2 153.9-128.9 128.1   39.0  -18.1  -72.3               
 1265 1265 A S        -     0   0   91      1,-0.2    -1,-0.3     2,-0.0     2,-0.1  -0.265  30.8-121.2  65.6  93.8   39.2  -20.6  -70.2               
 1266 1266 A R        +     0   0  216     -2,-0.2    -1,-0.2    -3,-0.1    -3,-0.0   0.447  37.4  52.0  89.4 134.8   40.4  -21.3  -67.1               
 1267 1267 A E        +     0   0  144      1,-0.1    -2,-0.0    -2,-0.1     0, 0.0   0.276  15.8 157.7  63.7 172.5   42.9  -23.7  -65.2               
 1268 1268 A P        +     0   0  113      0, 0.0    -1,-0.1     0, 0.0     2,-0.0   0.605  25.5  39.8-109.6-149.3   45.4  -25.6  -64.2               
 1269 1269 A P        -     0   0  123      0, 0.0     2,-0.1     0, 0.0    -2,-0.0   0.600  20.1-151.5-137.9-158.2   47.2  -27.4  -62.0               
 1270 1270 A E        -     0   0  191      1,-0.2     0, 0.0     2,-0.0     0, 0.0  -0.121  42.0 -33.2 -94.8-170.9   48.1  -29.9  -59.1               
 1271 1271 A E        +     0   0  186     -2,-0.1    -1,-0.2     0, 0.0     0, 0.0   0.043  33.1 150.4 -47.2 157.9   51.0  -30.4  -56.4               
 1272 1272 A P        -     0   0  122      0, 0.0    -2,-0.0     0, 0.0     0, 0.0   0.144  22.5-104.5-161.2 169.5   54.0  -30.3  -55.1               
 1273 1273 A G        -     0   0   71      0, 0.0     0, 0.0     0, 0.0     0, 0.0   0.813  42.6  -2.9  53.1 120.5   56.6  -30.0  -52.2               
 1274 1274 A L        +     0   0  172      0, 0.0     0, 0.0     0, 0.0     0, 0.0   0.946  49.1  68.2  56.5 123.9   59.3  -28.1  -50.2               
 1275 1275 A S        +     0   0   97      0, 0.0     0, 0.0     0, 0.0     0, 0.0   0.425  20.2  65.8  79.3 156.7   61.3  -24.7  -49.8               
 1276 1276 A Q        -     0   0  149      0, 0.0     0, 0.0     0, 0.0     0, 0.0   0.755  34.9 -89.2-161.0 160.7   62.6  -21.7  -49.4               
 1277 1277 A E        -     0   0  175      0, 0.0     0, 0.0     0, 0.0     0, 0.0   0.422  53.4-101.0  62.4  39.2   63.9  -18.3  -48.1               
 1278 1278 A G        +     0   0   76      0, 0.0     0, 0.0     0, 0.0     0, 0.0   0.625  39.7 101.2 102.5 149.6   61.8  -15.0  -48.0               
 1279 1279 A A        +     0   0  102      0, 0.0     0, 0.0     0, 0.0     0, 0.0   0.897  34.5   3.1  85.5 126.7   60.1  -11.5  -48.6               
 1280 1280 A M        -     0   0  169      0, 0.0     0, 0.0     0, 0.0     0, 0.0   0.958  41.0  -0.8  73.5 131.1   57.2   -9.1  -49.8               
 1281 1281 A L        +     0   0  145      0, 0.0     0, 0.0     0, 0.0     0, 0.0   0.900  30.6  67.6  78.8 140.0   53.7   -7.9  -51.2               
 1282 1282 A L        -     0   0  148      0, 0.0     0, 0.0     0, 0.0     0, 0.0   0.954  31.7 -56.1  87.1 121.8   50.1   -7.8  -52.7               
 1283 1283 A S        -     0   0  112      1,-0.0     2,-0.2     0, 0.0     0, 0.0   0.821  19.8-143.1  68.0 161.3   46.2   -8.2  -53.2               
 1284 1284 A P        +     0   0  115      0, 0.0    -1,-0.0     0, 0.0     0, 0.0  -0.590  19.8 119.3-138.8-171.4   42.7  -10.1  -53.2               
 1285 1285 A E        +     0   0  184     -2,-0.2     0, 0.0     0, 0.0     0, 0.0   0.304  15.0 158.7  99.9 152.7   39.0  -11.1  -54.4               
 1286 1286 A P        +     0   0  103      0, 0.0     0, 0.0     0, 0.0     0, 0.0   0.057   7.4 122.5-124.2-136.8   36.4  -13.7  -55.8               
 1287 1287 A P        +     0   0  120      0, 0.0     2,-0.0     0, 0.0     0, 0.0   0.840   2.6  89.1-134.8-159.5   33.2  -15.2  -56.4               
 1288 1288 A A        +     0   0   88      1,-0.1     0, 0.0     2,-0.0     0, 0.0   0.119  15.0 101.3 130.6 161.6   29.8  -16.7  -57.6               
 1289 1289 A K        +     0   0  167     -2,-0.0    -1,-0.1     0, 0.0     0, 0.0   0.579  28.3  38.2  77.5 150.2   26.9  -19.2  -58.6               
 1290 1290 A E        -     0   0  138      0, 0.0    -2,-0.0     0, 0.0     0, 0.0   0.667  18.2-161.9-162.8 130.5   24.2  -21.1  -58.3               
 1291 1291 A V        +     0   0  115      2,-0.0     0, 0.0     0, 0.0     0, 0.0   0.943  23.2  97.0  82.1 142.5   20.8  -22.2  -57.4               
 1292 1292 A E        -     0   0  182      0, 0.0     2,-0.1     0, 0.0     0, 0.0   0.400  34.4 -88.3  65.0 169.9   18.0  -25.0  -56.8               
 1293 1293 A A        -     0   0   85      0, 0.0    -2,-0.0     0, 0.0     0, 0.0  -0.531  32.8 -22.8-162.6 129.0   16.3  -27.1  -54.8               
 1294 1294 A R        -     0   0  247     -2,-0.1     0, 0.0     1,-0.1     0, 0.0   0.537  18.6-160.2  58.5 148.2   15.1  -30.3  -52.8               
 1295 1295 A P        -     0   0   93      0, 0.0    -1,-0.1     0, 0.0   -53,-0.0  -0.798  19.0-136.4-132.4 171.6   15.5  -33.8  -52.6               
 1296 1296 A P        -     0   0   67      0, 0.0   -54,-0.0     0, 0.0    -2,-0.0   0.210  52.7 -18.7 -82.0-152.6   13.0  -36.2  -50.8               
 1297 1297 A L        -     0   0  153      1,-0.1     0, 0.0   -56,-0.0     0, 0.0   0.036  69.8 -78.6 -61.9 162.7   13.9  -39.2  -48.5               
 1298 1298 A S        -     0   0  111      1,-0.0     2,-0.2     0, 0.0    -1,-0.1   0.405  19.9-136.0 -19.0 152.7   16.9  -41.5  -47.9               
 1299 1299 A P        -     0   0  121      0, 0.0     2,-0.1     0, 0.0    -1,-0.0  -0.856  22.6-142.5-129.6 148.5   19.0  -44.2  -49.0               
 1300 1300 A E        +     0   0  127     -2,-0.2     2,-0.0   285,-0.1     0, 0.0   0.087  22.3 167.5  69.7 101.0   20.4  -46.9  -47.4               
 1301 1301 A R        +     0   0  206    284,-0.1     0, 0.0    -2,-0.1     0, 0.0   0.247  24.5 120.2-156.9 152.6   23.0  -49.2  -47.0               
 1302 1302 A A        -     0   0   58    283,-0.1     2,-0.1   282,-0.1     0, 0.0   0.642  18.8-179.8  75.5 155.5   23.8  -51.5  -44.6               
 1303 1303 A P        +     0   0  102      0, 0.0    -2,-0.1     0, 0.0     0, 0.0   0.371  18.4 102.1 -91.4-143.7   24.4  -54.5  -43.7               
 1304 1304 A E        -     0   0  162     -2,-0.1     0, 0.0   280,-0.0     0, 0.0   0.787  28.5-108.4-150.7 163.2   25.3  -56.7  -41.2               
 1305 1305 A H        +     0   0  151      1,-0.0     0, 0.0     0, 0.0     0, 0.0   0.425  24.6 102.3   4.1 149.7   24.7  -59.4  -38.5               
 1306 1306 A D        -     0   0  112      0, 0.0    -1,-0.0     0, 0.0     0, 0.0   0.746  21.1 -87.1-166.2 154.0   24.5  -60.7  -35.7               
 1307 1307 A L        +     0   0  131      0, 0.0     0, 0.0     0, 0.0     0, 0.0   0.839  21.6  91.6  56.7 150.7   23.0  -62.3  -32.5               
 1308 1308 A E        -     0   0  149      0, 0.0     0, 0.0     0, 0.0     0, 0.0   0.739  22.8-113.5-157.6 151.7   21.7  -63.2  -29.7               
 1309 1309 A V        +     0   0  107      0, 0.0     0, 0.0     0, 0.0     0, 0.0   0.775  18.5 179.4  47.7 108.9   19.0  -64.1  -27.2               
 1310 1310 A E        -     0   0  151      0, 0.0     2,-0.0     0, 0.0     0, 0.0   0.972  26.8 -98.6  89.4 158.6   17.0  -63.7  -24.4               
 1311 1311 A P        +     0   0   95      0, 0.0     0, 0.0     0, 0.0     0, 0.0   0.803  38.8 153.6 -99.1 155.6   15.1  -63.7  -21.9               
 1312 1312 A E        +     0   0  160     -2,-0.0     0, 0.0     0, 0.0     0, 0.0   0.660  15.0 163.3  59.2 156.4   12.2  -62.0  -21.5               
 1313 1313 A P        +     0   0   98      0, 0.0     0, 0.0     0, 0.0     0, 0.0   0.836  26.4  91.5-130.0-158.9    9.4  -61.7  -20.2               
 1314 1314 A P        -     0   0   89      0, 0.0     0, 0.0     0, 0.0     0, 0.0   0.537  25.4-139.2-141.5-167.8    7.1  -59.3  -19.7               
 1315 1315 A M        +     0   0  154      0, 0.0     2,-0.1     0, 0.0     0, 0.0   0.921  13.8 167.5  62.2 123.0    4.3  -56.8  -19.7               
 1316 1316 A M        +     0   0  154      0, 0.0     0, 0.0     0, 0.0     0, 0.0   0.486  34.2 109.2  81.0 147.2    2.6  -54.1  -19.4               
 1317 1317 A L        -     0   0  128     -2,-0.1  -221,-0.2     0, 0.0  -220,-0.0   0.119  30.4-135.9  69.7 175.5   -0.9  -53.0  -20.7               
 1318 1318 A P        +     0   0   52      0, 0.0  -222,-0.3     0, 0.0  -220,-0.1   0.792  25.4  77.6-136.4-136.3   -4.1  -52.2  -20.3               
 1319 1319 A L        +     0   0   82   -222,-0.3  -222,-0.4  -224,-0.1  -223,-0.2   0.307   9.5 147.1   5.7 136.1   -7.9  -52.2  -21.0               
 1320 1320 A P        -     0   0   88      0, 0.0     2,-0.1     0, 0.0  -225,-0.1  -0.342  13.8-166.1-148.6 179.7  -10.9  -53.4  -21.0               
 1321 1321 A L        +     0   0  127     -2,-0.1     0, 0.0  -224,-0.0     0, 0.0  -0.451  34.6 118.8 -78.1 174.5  -14.6  -52.4  -20.8               
 1322 1322 A Q        -     0   0  182     -2,-0.1     0, 0.0     0, 0.0     0, 0.0   0.568  34.2  -7.3  83.4 150.3  -17.5  -54.8  -20.2               
 1323 1323 A P        -     0   0  115      0, 0.0     0, 0.0     0, 0.0     0, 0.0   0.803  33.2-104.8-131.4-149.0  -20.0  -55.9  -18.5               
 1324 1324 A P        +     0   0  115      0, 0.0     0, 0.0     0, 0.0     0, 0.0  -0.153  20.3 152.2 -88.0 172.7  -22.6  -56.3  -15.5               
 1325 1325 A L        -     0   0  171      0, 0.0     0, 0.0     0, 0.0     0, 0.0  -0.712  34.8-111.5-176.3 166.7  -24.0  -58.2  -12.5               
 1326 1326 A P        -     0   0  102      0, 0.0     0, 0.0     0, 0.0     0, 0.0   0.005  30.0 -90.0-102.5-170.9  -25.9  -57.2   -9.2               
 1327 1327 A P        -     0   0  114      0, 0.0     2,-0.2     0, 0.0     0, 0.0  -0.154  20.1-176.7 -88.5 170.2  -25.4  -57.0   -5.3               
 1328 1328 A P        -     0   0   60      0, 0.0  -240,-0.1     0, 0.0  -241,-0.0  -0.875  28.8 -97.8-154.0-171.7  -25.6  -58.4   -1.9               
 1329 1329 A R        -     0   0  237     -2,-0.2  -242,-0.0     1,-0.1  -241,-0.0   0.053  37.7-109.7 -78.8 175.1  -25.0  -57.7    1.9               
 1330 1330 A P        -     0   0  119      0, 0.0     2,-0.3     0, 0.0    -1,-0.1  -0.219  11.0-121.7-103.1-177.9  -22.0  -58.4    4.3               
 1331 1331 A P        -     0   0  133      0, 0.0     0, 0.0     0, 0.0     0, 0.0  -0.999  22.4-144.0-129.9 149.8  -20.7  -60.4    7.3               
 1332 1332 A R        -     0   0  120     -2,-0.3     0, 0.0     0, 0.0     0, 0.0  -0.843  24.8 -57.8-120.7 160.6  -19.2  -59.4   10.8               
 1333 1333 A P        -     0   0  103      0, 0.0     0, 0.0     0, 0.0     0, 0.0   0.270   3.4-143.8-110.4-116.4  -17.0  -60.3   13.0               
 1334 1334 A P        +     0   0  119      0, 0.0     0, 0.0     0, 0.0     0, 0.0   0.359  35.7 149.3-121.3 138.1  -15.1  -62.0   15.3               
 1335 1335 A S        -     0   0  106      0, 0.0     0, 0.0     0, 0.0     0, 0.0  -0.634  22.0  -8.9 -98.6-179.3  -13.4  -60.6   18.4               
 1336 1336 A P        -     0   0  113      0, 0.0     0, 0.0     0, 0.0     0, 0.0   0.232   8.4-159.6-118.0-123.1  -12.5  -61.2   21.4               
 1337 1337 A P        -     0   0  122      0, 0.0     2,-0.2     0, 0.0     0, 0.0   0.394  42.6-175.0-116.0 168.6  -11.7  -62.4   24.4               
 1338 1338 A P        -     0   0  102      0, 0.0     0, 0.0     0, 0.0     0, 0.0  -0.669   5.5 -76.7-117.1 167.8  -10.7  -59.9   27.3               
 1339 1339 A E        -     0   0  132     -2,-0.2     2,-0.1   205,-0.2   203,-0.0   0.516   7.1-129.0  66.3 171.7   -9.5  -59.0   30.8               
 1340 1340 A P        -     0   0  123      0, 0.0    -1,-0.1     0, 0.0   204,-0.0   0.267  25.3-166.6-129.9-157.0   -9.4  -58.5   34.0               
 1341 1341 A E        +     0   0  148     -2,-0.1     0, 0.0   202,-0.0     0, 0.0   0.252  10.0 146.8-110.0-155.2   -8.2  -55.7   36.3               
 1342 1342 A T        +     0   0  119      0, 0.0     0, 0.0     0, 0.0     0, 0.0   0.547  12.9  68.6  78.0 151.1   -7.2  -54.2   39.8               
 1343 1343 A T        +     0   0  133      0, 0.0     0, 0.0     0, 0.0     0, 0.0   0.928  15.1 144.1-172.4-178.7   -5.6  -52.2   42.1               
 1344 1344 A D        +     0   0  146      0, 0.0     0, 0.0     0, 0.0     0, 0.0   0.800   2.2 133.1-163.9 175.4   -4.5  -49.5   44.0               
 1345 1345 A A        +     0   0   76      0, 0.0     0, 0.0     0, 0.0     0, 0.0   0.616   6.7 135.2  68.0 162.3   -3.2  -47.1   46.8               
 1346 1346 A S        -     0   0   88      2,-0.0     0, 0.0     0, 0.0     0, 0.0   0.551  15.3-176.9-164.9 166.6   -1.6  -44.9   48.5               
 1347 1347 A H        -     0   0  178      1,-0.0     2,-0.2     0, 0.0     0, 0.0   0.647  23.6-128.0  71.0 156.1   -0.3  -42.1   50.8               
 1348 1348 A P        -     0   0  113      0, 0.0     2,-0.0     0, 0.0    -2,-0.0  -0.728   4.0-154.2-126.6 171.5    3.0  -40.2   52.1               
 1349 1349 A S        -     0   0  115     -2,-0.2     0, 0.0     1,-0.2     0, 0.0  -0.331  30.8 -90.5-167.6 104.5    5.0  -38.9   55.0               
 1350 1350 A V        +     0   0  139     -2,-0.0    -1,-0.2     0, 0.0     0, 0.0   0.408  38.7 167.7  60.9-176.7    7.6  -36.2   55.6               
 1351 1351 A P        -     0   0  116      0, 0.0     2,-0.1     0, 0.0     0, 0.0  -0.119  20.9 -78.1-113.2-176.7   11.4  -35.2   55.6               
 1352 1352 A P        -     0   0  126      0, 0.0     0, 0.0     0, 0.0     0, 0.0   0.018  25.1-109.8-147.2-163.5   14.6  -34.3   55.6               
 1353 1353 A E        +     0   0  170     -2,-0.1     0, 0.0     1,-0.0     0, 0.0   0.027  20.6 149.5 -45.6 165.1   17.9  -32.9   53.8               
 1354 1354 A P        -     0   0  104      0, 0.0    -1,-0.0     0, 0.0     0, 0.0   0.269  25.8-100.8-150.2 167.4   20.8  -32.8   52.6               
 1355 1355 A L        +     0   0  136      0, 0.0     0, 0.0     0, 0.0     0, 0.0   0.941  31.0  82.9  66.6 142.8   23.2  -31.3   50.0               
 1356 1356 A A        +     0   0   54      0, 0.0     2,-0.0     0, 0.0     0, 0.0   0.904  15.0 174.0  58.6 135.1   25.3  -30.8   46.8               
 1357 1357 A E        -     0   0  167      0, 0.0     2,-0.2     0, 0.0     0, 0.0   0.457  14.3-148.9 128.8 128.9   25.9  -30.0   43.5               
 1358 1358 A D        +     0   0  159     -2,-0.0     0, 0.0     2,-0.0     0, 0.0  -0.650  34.9  50.3-173.9 173.6   27.9  -29.4   40.4               
 1359 1359 A H        -     0   0  144     -2,-0.2     0, 0.0     1,-0.0     0, 0.0  -0.250  23.2-153.4-133.3-165.9   27.8  -27.1   37.3               
 1360 1360 A P        +     0   0   95      0, 0.0     2,-0.1     0, 0.0    -1,-0.0  -0.951  17.8 137.6-119.8 -27.7   27.7  -24.9   35.0               
 1361 1361 A P        -     0   0  106      0, 0.0     0, 0.0     0, 0.0     0, 0.0  -0.388  53.6 -34.2-120.7 152.7   27.0  -23.9   31.4               
 1362 1362 A H        -     0   0  151     -2,-0.1     0, 0.0     1,-0.1     0, 0.0   0.277  49.1-105.8-148.8 117.2   25.7  -21.5   30.0               
 1363 1363 A T        +     0   0  118      2,-0.0    -1,-0.1     0, 0.0     0, 0.0   0.541  43.5  77.3  22.4 146.8   22.9  -18.8   30.2               
 1364 1364 A P        +     0   0  122      0, 0.0     2,-0.1     0, 0.0     0, 0.0   0.781  32.8 147.5-137.4 172.9   20.2  -17.6   29.3               
 1365 1365 A G        -     0   0   61      1,-0.1    -2,-0.0     2,-0.0     0, 0.0  -0.199  24.7-102.2 105.5  81.7   17.0  -18.0   29.7               
 1366 1366 A L        +     0   0  168     -2,-0.1    -1,-0.1     2,-0.0     0, 0.0   0.796  46.9  63.1  79.9 139.2   13.6  -17.1   29.9               
 1367 1367 A C        -     0   0  123      1,-0.0    -2,-0.0     0, 0.0     2,-0.0   0.932  43.2-137.7  50.3 126.8   10.5  -16.4   32.0               
 1368 1368 A G        -     0   0   81      0, 0.0     2,-0.3     0, 0.0    -2,-0.0  -0.086   6.6-149.2 -90.6-171.8    9.4  -13.8   34.7               
 1369 1369 A S        -     0   0  128     -2,-0.0     2,-0.2     0, 0.0     0, 0.0  -0.958  21.8-103.5-156.7 167.2    7.5  -13.7   38.0               
 1370 1370 A L        +     0   0  166     -2,-0.3     0, 0.0     1,-0.1     0, 0.0  -0.616  42.1  27.9 -97.6 155.2    5.3  -11.2   39.9               
 1371 1371 A A        +     0   0   82     -2,-0.2    -1,-0.1     0, 0.0     0, 0.0   0.908  43.5  36.2  92.5 128.2    5.1   -8.7   42.8               
 1372 1372 A K        -     0   0  194      0, 0.0    -2,-0.0     0, 0.0     0, 0.0   0.945  29.2-148.0  79.6  82.7    5.9   -6.1   45.4               
 1373 1373 A S        +     0   0  117      2,-0.0     2,-0.2     0, 0.0     0, 0.0   0.406  13.7 172.4  26.9 125.9    7.9   -3.1   46.2               
 1374 1374 A Q        -     0   0  188      2,-0.0     2,-0.3     0, 0.0     0, 0.0  -0.615  14.3-170.3-163.0 150.8    9.6   -1.3   48.9               
 1375 1375 A S        +     0   0  123     -2,-0.2     2,-0.2     2,-0.0    -2,-0.0  -0.861  15.5 149.2-111.9 148.5   11.9    1.8   48.8               
 1376 1376 A T        -     0   0  131     -2,-0.3     2,-0.2     2,-0.0    -2,-0.0  -0.772  26.3-137.1-164.5 155.0   14.2    3.8   50.9               
 1377 1377 A E        +     0   0  171     -2,-0.2     2,-0.2     2,-0.0    -2,-0.0  -0.569  19.1 169.6 -85.9 154.4   17.5    5.9   50.4               
 1378 1378 A T        -     0   0  141     -2,-0.2    -2,-0.0     0, 0.0     0, 0.0  -0.764  11.1-170.4-161.5 149.0   20.7    6.3   52.3               
 1379 1379 A V        +     0   0  131     -2,-0.2    -2,-0.0     1,-0.1     2,-0.0  -0.883  20.4  31.7-148.7 160.7   24.2    8.0   51.6               
 1380 1380 A P        +     0   0  115      0, 0.0     2,-0.1     0, 0.0    -1,-0.1   0.774  14.8 148.9-122.4-170.3   27.4    8.6   52.3               
 1381 1381 A A        +     0   0  101     -2,-0.0     0, 0.0     2,-0.0     0, 0.0  -0.549  23.2 160.8-161.8 128.1   30.8    8.0   53.8               
 1382 1382 A T        +     0   0  135     -2,-0.1     2,-0.2     2,-0.0     0, 0.0  -0.988   7.3 173.3-126.2 137.4   34.4    9.2   52.7               
 1383 1383 A P        -     0   0  128      0, 0.0     2,-0.1     0, 0.0    -2,-0.0  -0.670   7.4-175.6-143.9 174.1   37.7    9.6   53.7               
 1384 1384 A G        -     0   0   81     -2,-0.2    -2,-0.0     0, 0.0     2,-0.0   0.216  10.5-167.6 135.6 125.8   40.7   10.5   52.7               
 1385 1385 A G        -     0   0   76     -2,-0.1     0, 0.0     0, 0.0     0, 0.0   0.058  26.5 -69.3 153.3 110.9   44.5   11.1   52.8               
 1386 1386 A E        +     0   0  183      1,-0.0     0, 0.0    -2,-0.0     0, 0.0   0.902  18.9 179.7  57.7 119.6   47.8   12.5   51.4               
 1387 1387 A P        -     0   0  107      0, 0.0     2,-0.1     0, 0.0    -1,-0.0  -0.284  22.3-161.6 -90.7-167.6   50.6   12.4   48.7               
 1388 1388 A P        +     0   0  106      0, 0.0     0, 0.0     0, 0.0     0, 0.0  -0.293  16.3  63.8-165.0-175.0   53.5   14.4   48.2               
 1389 1389 A L        +     0   0  157     -2,-0.1     0, 0.0     0, 0.0     0, 0.0   0.673  27.0  67.3  84.7 148.8   56.6   16.0   46.3               
 1390 1390 A S        -     0   0  110      2,-0.0     0, 0.0     0, 0.0     0, 0.0   0.354  19.4 -88.8-176.1 144.4   58.3   17.8   44.0               
 1391 1391 A G        +     0   0   87      0, 0.0     2,-0.1     0, 0.0     0, 0.0   0.592  11.2 130.8  83.4 148.0   60.1   20.4   41.6               
 1392 1392 A G        -     0   0   74   -662,-0.1  -660,-0.1  -660,-0.0  -662,-0.0   0.410  13.8-119.4 116.4 146.8   61.1   22.5   39.2               
 1393 1393 A S        -     0   0   93   -662,-0.1  -661,-0.1    -2,-0.1  -663,-0.0   0.959   9.3-164.9-170.9-176.6   62.4   25.3   37.5               
 1394 1394 A S        +     0   0   81   -662,-0.1  -664,-0.0  -661,-0.0     0, 0.0   0.906   9.0 166.7-171.8 161.9   62.9   28.2   35.3               
 1395 1395 A G        -     0   0   57   -663,-0.2     0, 0.0  -662,-0.0     0, 0.0   0.467  17.0 -22.3 143.3 123.6   63.8   31.3   33.1               
 1396 1396 A L        +     0   0  171      0, 0.0     0, 0.0     0, 0.0     0, 0.0   0.849  18.1  98.2  66.2 149.3   63.8   34.2   30.6               
 1397 1397 A S        -     0   0   96      0, 0.0     0, 0.0     0, 0.0     0, 0.0   0.780  20.4 -72.8-171.6 168.4   63.2   36.5   28.2               
 1398 1398 A L        -     0   0  159      0, 0.0     0, 0.0     0, 0.0     0, 0.0   0.893  34.9 -32.8 101.6 104.3   62.4   39.4   25.6               
 1399 1399 A S        -     0   0  103      0, 0.0     0, 0.0     0, 0.0     0, 0.0   0.933  22.7-158.8  77.9 100.9   60.1   41.3   23.5               
 1400 1400 A S        -     0   0  109      0, 0.0     0, 0.0     0, 0.0     0, 0.0   0.638  19.5-153.0  31.9 147.6   57.3   42.2   21.2               
 1401 1401 A P        -     0   0  108      0, 0.0     0, 0.0     0, 0.0     0, 0.0   0.123  39.9-101.9-139.3 144.8   55.5   43.6   19.1               
 1402 1402 A Q        -     0   0  170      0, 0.0     0, 0.0     0, 0.0     0, 0.0   0.723  24.1-173.4  47.8 110.7   51.8   43.6   18.7               
 1403 1403 A V        -     0   0  136      0, 0.0     2,-0.1     0, 0.0     0, 0.0   0.843  32.9-141.0  83.9 138.4   48.6   42.8   17.4               
 1404 1404 A P        -     0   0  123      0, 0.0     0, 0.0     0, 0.0     0, 0.0   0.426  55.5 -69.1-119.1 172.6   45.6   42.3   16.5               
 1405 1405 A G        +     0   0   68      1,-0.2     0, 0.0    -2,-0.1     0, 0.0   0.274  35.2 148.0 -62.3 168.1   44.1   38.8   15.8               
 1406 1406 A S        -     0   0  102      2,-0.0    -1,-0.2     0, 0.0     2,-0.1   0.453  27.0-144.7  69.4 142.9   43.4   36.0   14.5               
 1407 1407 A P        +     0   0  133      0, 0.0     2,-0.3     0, 0.0    -2,-0.0  -0.141  35.5 172.3-103.1 148.4   42.5   33.1   15.5               
 1408 1408 A F        -     0   0  181      1,-0.2    -2,-0.0    -2,-0.1    -3,-0.0  -0.930  29.6 -35.9-109.8 142.8   44.1   30.6   13.2               
 1409 1409 A S        -     0   0   87     -2,-0.3    -1,-0.2     0, 0.0     0, 0.0   0.795  49.2-112.9  50.0 119.5   44.4   26.8   13.3               
 1410 1410 A Y        -     0   0  221      0, 0.0    -2,-0.1     0, 0.0     0, 0.0   0.599  14.7-122.5  67.6 161.9   44.7   23.5   15.3               
 1411 1411 A P        -     0   0  111      0, 0.0     0, 0.0     0, 0.0     0, 0.0   0.564  42.9 -32.1-128.5 160.7   45.2   20.8   16.8               
 1412 1412 A A        +     0   0   91      0, 0.0     2,-0.0     0, 0.0     0, 0.0   0.864  48.7  26.4  47.1 158.1   43.6   17.4   17.2               
 1413 1413 A P        -     0   0  121      0, 0.0     0, 0.0     0, 0.0     0, 0.0   0.798  31.9-141.4-115.3 176.4   41.7   14.8   17.5               
 1414 1414 A S        -     0   0  111      2,-0.0     2,-0.2     1,-0.0     0, 0.0  -0.298  14.3-175.8 -62.3 150.9   38.3   13.4   16.3               
 1415 1415 A P        -     0   0  126      0, 0.0     2,-0.7     0, 0.0    -1,-0.0  -0.772  24.9-158.5-125.8 124.1   35.6   11.5   17.6               
 1416 1416 A S        +     0   0  108     -2,-0.2     2,-0.1     1,-0.1    -2,-0.0  -0.755  25.6 156.7 -87.1 111.8   33.2   11.0   14.7               
 1417 1417 A L        +     0   0  168     -2,-0.7     2,-0.3     2,-0.0    -1,-0.1  -0.632  32.5 108.4-134.6  76.2   29.6   10.2   15.7               
 1418 1418 A S  S    S-     0   0  114     -2,-0.1    -2,-0.0     2,-0.0     0, 0.0  -0.873  82.3 -37.6-143.6 122.8   27.2   11.2   12.9               
 1419 1419 A S        +     0   0  138     -2,-0.3     2,-0.3     1,-0.1    -2,-0.0   0.659  67.4 161.7  47.4  56.5   25.3    9.0   10.4               
 1420 1420 A G        -     0   0   77      1,-0.0    -1,-0.1     0, 0.0    -2,-0.0  -0.971  38.3 -70.3-135.5 135.4   27.3    5.9    9.3               
 1421 1421 A G        -     0   0   71     -2,-0.3     3,-0.1     1,-0.1    -1,-0.0  -0.523  29.1-179.7 175.3  58.6   26.0    3.4    8.1               
 1422 1422 A L        -     0   0  154      1,-0.1     2,-0.1    -2,-0.0    -1,-0.1  -0.381  58.2-103.1 -63.5 132.1   23.9    0.3    8.3               
 1423 1423 A P        -     0   0  106      0, 0.0     2,-1.2     0, 0.0    -1,-0.1  -0.327  15.3-132.4 -79.5 136.6   23.9   -1.3    4.8               
 1424 1424 A R        -     0   0  244     -2,-0.1    -2,-0.0    -3,-0.1     0, 0.0  -0.669  23.9-157.4 -76.7  98.3   21.1   -1.2    2.2               
 1425 1425 A T        -     0   0  127     -2,-1.2     2,-0.7     2,-0.1     0, 0.0  -0.599  14.7-132.6 -65.2 129.7   20.8   -4.9    1.0               
 1426 1426 A P        +     0   0  135      0, 0.0     2,-0.1     0, 0.0    -1,-0.0  -0.826  56.1  78.9 -93.0 117.8   19.2   -5.0   -2.5               
 1427 1427 A G        +     0   0   68     -2,-0.7    -2,-0.1     1,-0.3     0, 0.0  -0.447  40.9  73.6 153.7 147.5   16.4   -7.5   -3.0               
 1428 1428 A R        -     0   0  228     -2,-0.1    -1,-0.3     2,-0.0     0, 0.0   0.628  57.5  -3.0  66.8 141.9   12.6   -8.5   -2.6               
 1429 1429 A D        +     0   0  129      1,-0.0     2,-0.5     0, 0.0    -2,-0.0   0.626  19.9 173.4-148.1 142.4    9.7   -7.9   -3.7               
 1430 1430 A F        +     0   0  185      2,-0.0     2,-0.4     0, 0.0    -2,-0.0  -0.932  16.6 173.3-107.7 122.8    7.2   -5.9   -5.9               
 1431 1431 A S        -     0   0  118     -2,-0.5     2,-0.5     2,-0.1     0, 0.0  -0.961  22.7-137.4-120.0 138.8    3.5   -6.9   -6.1               
 1432 1432 A F        +     0   0  201     -2,-0.4    -2,-0.0     2,-0.0     0, 0.0  -0.882  38.5 139.1-100.3 125.7    0.9   -4.7   -8.1               
 1433 1433 A T        -     0   0  123     -2,-0.5     2,-0.1     2,-0.0    -2,-0.1  -0.866  40.5-132.0-151.1 133.6   -2.6   -3.9   -6.9               
 1434 1434 A P        +     0   0  125      0, 0.0     2,-0.3     0, 0.0    -2,-0.0  -0.433  23.9 176.3 -78.0 154.3   -4.2   -0.4   -7.3               
 1435 1435 A T        -     0   0  127     -2,-0.1    -2,-0.0     2,-0.0     2,-0.0  -0.864  21.7-134.2-155.0 129.8   -6.1    1.6   -4.5               
 1436 1436 A F        -     0   0  207     -2,-0.3     2,-0.3     0, 0.0     0, 0.0  -0.238  18.0-162.7 -69.7 163.1   -7.6    5.1   -4.7               
 1437 1437 A S        -     0   0  118     -2,-0.0    -2,-0.0     2,-0.0     0, 0.0  -0.901  12.4-136.3-152.8 127.6   -7.1    7.8   -1.9               
 1438 1438 A E        -     0   0  193     -2,-0.3     2,-0.4     1,-0.1     0, 0.0  -0.401  36.6 -99.8 -78.2 157.8   -9.0   11.0   -1.1               
 1439 1439 A P        +     0   0  100      0, 0.0     2,-0.1     0, 0.0    -1,-0.1  -0.637  49.4 135.2 -98.7 135.1   -7.0   14.2   -0.3               
 1440 1440 A S        +     0   0  127     -2,-0.4    -2,-0.0     1,-0.2     0, 0.0  -0.584  49.8  18.5-166.4 120.9   -6.0   16.1    2.9               
 1441 1441 A G        -     0   0   75     -2,-0.1     2,-0.6     1,-0.1    -1,-0.2   0.671  50.8-135.7 108.0 112.5   -2.8   17.8    4.2               
 1442 1442 A P        +     0   0  129      0, 0.0     2,-0.3     0, 0.0    -1,-0.1  -0.804  31.9 150.8 -96.9 120.7    0.5   19.1    2.7               
 1443 1443 A L        -     0   0  181     -2,-0.6     2,-0.5     2,-0.1     0, 0.0  -0.976  32.6-137.6-139.0 136.7    4.0   18.4    4.2               
 1444 1444 A L        +     0   0  165     -2,-0.3     0, 0.0     2,-0.0     0, 0.0  -0.789  29.7 158.6 -96.7 126.6    7.2   18.1    2.0               
 1445 1445 A L        -     0   0  170     -2,-0.5     2,-0.1     0, 0.0    -2,-0.1  -0.933  52.4 -68.5-142.8 156.5   10.1   15.7    2.3               
 1446 1446 A P        -     0   0  103      0, 0.0     2,-0.7     0, 0.0    -2,-0.0  -0.199  21.3-162.3 -97.0 143.6   12.1   15.2   -0.7               
 1447 1447 A V        -     0   0  141     -2,-0.1     0, 0.0     2,-0.0     0, 0.0  -0.831  33.7-151.0 -82.6 110.6   12.2   13.9   -4.3               
 1448 1448 A C        -     0   0   92     -2,-0.7     2,-0.4     2,-0.0     0, 0.0  -0.791   5.6-139.7 -82.4 125.1   15.9   13.6   -5.0               
 1449 1449 A P        -     0   0  126      0, 0.0    -2,-0.0     0, 0.0     0, 0.0  -0.717  19.9-157.7 -71.2 128.4   17.0   14.0   -8.7               
 1450 1450 A L        -     0   0  160     -2,-0.4     2,-0.3     2,-0.0    -2,-0.0  -0.907  20.6-112.6-107.9 143.4   19.8   11.4   -9.3               
 1451 1451 A P        -     0   0  119      0, 0.0     2,-0.3     0, 0.0     0, 0.0  -0.570  18.9-155.3 -94.5 142.4   22.2   12.1  -12.2               
 1452 1452 A T        +     0   0  145     -2,-0.3    -2,-0.0     1,-0.2     0, 0.0  -0.975  43.4  63.7-137.2 130.0   23.0   10.5  -15.6               
 1453 1453 A G        +     0   0   80     -2,-0.3     2,-0.6     0, 0.0    -1,-0.2   0.677  18.2  90.8-175.8 162.4   25.8   10.9  -16.8               
 1454 1454 A R        +     0   0  210      2,-0.0     2,-0.3     0, 0.0     0, 0.0  -0.951  41.7 134.8-105.3 117.6   29.4   11.3  -18.1               
 1455 1455 A R        -     0   0  214     -2,-0.6     0, 0.0     0, 0.0     0, 0.0  -0.831  48.5-121.4-149.3 127.8   30.8    8.7  -20.5               
 1456 1456 A D        -     0   0  133     -2,-0.3     2,-0.3     1,-0.1    -2,-0.0  -0.188  21.1-112.9 -57.7 147.3   32.7    9.7  -23.6               
 1457 1457 A E        -     0   0  169      1,-0.0    -1,-0.1     2,-0.0     2,-0.1  -0.547  23.5-175.0 -57.9 138.5   31.9    8.9  -27.1               
 1458 1458 A R        -     0   0  228     -2,-0.3    -1,-0.0     2,-0.1    -2,-0.0  -0.612  13.9-168.0-129.2  86.4   34.2    6.6  -29.0               
 1459 1459 A S        +     0   0   94     -2,-0.1    -2,-0.0     2,-0.0     0, 0.0  -0.278  23.3 148.8 -51.0 142.2   32.7    6.7  -32.4               
 1460 1460 A G        -     0   0   59     -2,-0.0    -2,-0.1     0, 0.0     2,-0.0  -0.566  30.0-149.9 168.6 114.4   34.2    3.9  -34.6               
 1461 1461 A P        +     0   0  122      0, 0.0    -2,-0.0     0, 0.0     0, 0.0  -0.110  30.5 121.9-106.3-170.1   32.1    2.3  -37.3               
 1462 1462 A L        -     0   0  158     -2,-0.0     0, 0.0     2,-0.0     0, 0.0   0.781  36.7 -85.2 107.1 103.5   31.1   -0.6  -39.5               
 1463 1463 A A        -     0   0   97      1,-0.0     0, 0.0     2,-0.0     0, 0.0   0.884  24.1 -97.8  59.9 123.9   28.4   -2.9  -40.6               
 1464 1464 A S        +     0   0  110      1,-0.0    -1,-0.0     2,-0.0     2,-0.0  -0.267  27.0 147.7 -52.2 166.8   26.1   -5.9  -40.3               
 1465 1465 A P        -     0   0  112      0, 0.0    -1,-0.0     0, 0.0    -2,-0.0   0.326  24.5-126.3-144.4 164.3   25.6   -8.8  -41.3               
 1466 1466 A V        +     0   0  127     -2,-0.0    -2,-0.0     0, 0.0     0, 0.0   0.672  35.4  74.6  43.7 127.5   24.3  -12.2  -40.4               
 1467 1467 A L        -     0   0  149      0, 0.0     0, 0.0     0, 0.0     0, 0.0   0.969  36.9 -33.8  83.1 109.7   25.0  -16.0  -40.3               
 1468 1468 A L        -     0   0  131      0, 0.0     0, 0.0     0, 0.0     0, 0.0   0.965  28.2 -51.7  89.2 110.9   26.5  -19.1  -39.1               
 1469 1469 A E        +     0   0  156      2,-0.0     0, 0.0     0, 0.0     0, 0.0   0.892  24.4 120.3  61.9 154.7   28.6  -22.0  -37.7               
 1470 1470 A T        -     0   0  146      1,-0.0     2,-0.1     0, 0.0     0, 0.0   0.570  34.9 -48.6  70.2 143.9   31.7  -24.2  -37.3               
 1471 1471 A G        -     0   0   67      0, 0.0    -1,-0.0     0, 0.0    -2,-0.0  -0.844  27.4-132.0 179.1  41.6   34.1  -25.5  -35.7               
 1472 1472 A L        +     0   0  177     -2,-0.1     2,-0.0     1,-0.1     0, 0.0   0.123  20.0 144.0  65.4 175.3   37.2  -25.6  -33.3               
 1473 1473 A P        -     0   0   94      0, 0.0    -1,-0.1     0, 0.0     0, 0.0   0.671  19.7-151.8-124.3-177.6   40.1  -26.2  -32.1               
 1474 1474 A L        +     0   0  162      2,-0.0     2,-0.1    -2,-0.0     0, 0.0  -0.380  12.6 169.0 -69.4 154.8   43.0  -24.7  -30.0               
 1475 1475 A P        -     0   0  122      0, 0.0     0, 0.0     0, 0.0     0, 0.0  -0.571   8.3-175.8-148.8 161.1   46.4  -24.7  -29.4               
 1476 1476 A L        -     0   0  164     -2,-0.1     2,-0.2     2,-0.0    -2,-0.0  -0.568   1.4-178.2 -83.2 160.4   48.9  -22.5  -27.4               
 1477 1477 A P        -     0   0  126      0, 0.0     0, 0.0     0, 0.0     0, 0.0  -0.732   1.7-177.8-150.3 167.2   52.4  -22.3  -26.8               
 1478 1478 A L        -     0   0  157     -2,-0.2     2,-0.2     0, 0.0    -2,-0.0  -0.430   5.9-165.3 -88.5 170.3   54.9  -20.1  -24.7               
 1479 1479 A P        +     0   0  127      0, 0.0     0, 0.0     0, 0.0     0, 0.0  -0.711   8.6 175.3-150.3 171.7   58.3  -19.7  -24.1               
 1480 1480 A L        -     0   0  132     -2,-0.2     2,-0.2     0, 0.0     0, 0.0  -0.280  19.3-136.8 -92.3-177.6   60.6  -17.8  -21.4               
 1481 1481 A P        +     0   0  130      0, 0.0     0, 0.0     0, 0.0     0, 0.0  -0.746  28.4 173.6-141.9 169.1   63.9  -17.4  -20.5               
 1482 1482 A L        -     0   0  144     -2,-0.2     2,-0.0     0, 0.0     0, 0.0   0.039  14.0-166.0 -84.6-169.5   65.5  -17.4  -16.9               
 1483 1483 A P        +     0   0  101      0, 0.0     0, 0.0     0, 0.0     0, 0.0   0.339  20.8  14.3-155.7-174.7   67.9  -17.3  -14.6               
 1484 1484 A L        +     0   0  165     -2,-0.0     0, 0.0     0, 0.0     0, 0.0   0.693  36.2  41.9  74.4 149.9   69.6  -17.6  -11.0               
 1485 1485 A A        -     0   0   72      0, 0.0     0, 0.0     0, 0.0     0, 0.0   0.068  19.3-143.6-173.6 127.3   69.9  -18.5   -7.9               
 1486 1486 A L        +     0   0  166      0, 0.0     0, 0.0     0, 0.0     0, 0.0   0.641   8.6 140.3  62.5 171.8   70.0  -20.2   -4.4               
 1487 1487 A P        +     0   0  107      0, 0.0     0, 0.0     0, 0.0     0, 0.0   0.248   8.2 164.2-145.1 175.7   69.9  -21.0   -1.1               
 1488 1488 A A        +     0   0   93      1,-0.0     0, 0.0     2,-0.0     0, 0.0   0.454   5.8 162.3  72.0 176.0   69.4  -22.5    2.4               
 1489 1489 A V        +     0   0  137      0, 0.0    -1,-0.0     0, 0.0     0, 0.0   0.582  36.2  50.3  80.8 133.4   70.2  -22.7    6.2               
 1490 1490 A L        +     0   0  140      1,-0.1    -2,-0.0     0, 0.0     0, 0.0   0.794  24.9 170.4-152.0 147.6   68.7  -24.0    8.9               
 1491 1491 A R        +     0   0  228      0, 0.0    -1,-0.1     0, 0.0     0, 0.0   0.272  13.3 126.8  38.9 135.7   67.1  -26.2   11.3               
 1492 1492 A A        -     0   0   74      2,-0.0     0, 0.0     0, 0.0     0, 0.0   0.717  24.1 -71.2-165.6 162.3   66.0  -27.1   14.1               
 1493 1493 A Q        -     0   0  185      1,-0.0     2,-0.0     0, 0.0     0, 0.0   0.923  11.5-143.0  54.0 117.0   63.6  -28.3   16.9               
 1494 1494 A A        -     0   0   92      2,-0.0     2,-0.1     0, 0.0    -1,-0.0   0.104   7.7-175.9  77.4 104.0   61.1  -28.1   19.1               
 1495 1495 A R        +     0   0  244     -2,-0.0     0, 0.0     0, 0.0     0, 0.0  -0.398  12.3 154.9-167.6 115.3   60.0  -29.0   22.6               
 1496 1496 A A        +     0   0   88     -2,-0.1    -2,-0.0     0, 0.0     2,-0.0  -0.639  11.7 169.8 -75.3 162.9   56.8  -28.7   24.6               
 1497 1497 A P        -     0   0   99      0, 0.0     0, 0.0     0, 0.0     0, 0.0  -0.035  23.5 -76.4-159.4 160.6   55.7  -30.4   27.2               
 1498 1498 A T        -     0   0  134      1,-0.0     2,-0.2    -2,-0.0     0, 0.0   0.718  30.8-103.0  66.8 156.3   53.1  -30.7   30.0               
 1499 1499 A P        -     0   0  109      0, 0.0    -1,-0.0     0, 0.0     0, 0.0  -0.596   8.6-158.2-115.1 171.2   51.8  -29.4   33.4               
 1500 1500 A L        -     0   0  175     -2,-0.2     0, 0.0     0, 0.0     0, 0.0  -0.871  23.9-171.6-149.0 126.5   51.5  -30.0   37.2               
 1501 1501 A P        +     0   0  114      0, 0.0     2,-0.0     0, 0.0     0, 0.0  -0.452  12.1  45.4-104.5-164.7   48.9  -28.6   39.8               
 1502 1502 A P        +     0   0  106      0, 0.0     2,-0.1     0, 0.0     0, 0.0   0.832  13.0 144.0-116.2-161.6   47.7  -28.0   42.8               
 1503 1503 A L        +     0   0  160    149,-0.1   149,-0.0   150,-0.0     0, 0.0  -0.503  21.0 145.9 173.9 166.3   47.4  -27.1   46.4               
 1504 1504 A L        -     0   0   61     -2,-0.1     2,-0.1   147,-0.0     0, 0.0  -0.744  20.8-163.9-136.1 165.0   45.2  -25.4   49.2               
 1505 1505 A P        +     0   0  111      0, 0.0   146,-0.0     0, 0.0     0, 0.0  -0.198  13.3 173.7-155.5 172.3   43.7  -24.7   52.0               
 1506 1506 A A        +     0   0   57     -2,-0.1    -2,-0.0   147,-0.0     2,-0.0  -0.182  13.9  90.1 -86.1-163.2   40.9  -22.7   53.8               
 1507 1507 A P        +     0   0  111      0, 0.0     0, 0.0     0, 0.0     0, 0.0   0.557  12.4 101.6-135.1-140.8   39.1  -21.9   56.4               
 1508 1508 A L        -     0   0  161     -2,-0.0     2,-0.1     0, 0.0     0, 0.0   0.633  17.8-173.1  85.0 129.6   37.7  -20.1   59.6               
 1509 1509 A A        +     0   0   85      0, 0.0     0, 0.0     0, 0.0     0, 0.0   0.440   7.2 156.1 116.9 148.8   35.4  -17.9   61.0               
 1510 1510 A S        +     0   0  118     -2,-0.1     0, 0.0     0, 0.0     0, 0.0   0.360  19.4  42.2  80.1 147.1   34.1  -15.9   64.1               
 1511 1511 A C        +     0   0  116      1,-0.1     0, 0.0     0, 0.0     0, 0.0   0.800  22.9 143.7-158.7 169.2   32.5  -13.5   65.5               
 1512 1512 A P        +     0   0  109      0, 0.0    -1,-0.1     0, 0.0     0, 0.0  -0.110   8.4 173.4-102.6-156.9   29.7  -10.8   66.4               
 1513 1513 A P        +     0   0   91      0, 0.0     0, 0.0     0, 0.0     0, 0.0   0.698  27.0  92.5-127.2-163.0   27.6   -8.7   68.0               
 1514 1514 A P        -     0   0  122      0, 0.0     2,-0.0     0, 0.0     0, 0.0  -0.032  41.4-146.4-140.8 130.1   25.4   -6.5   69.5               
 1515 1515 A M        +     0   0  134      0, 0.0     2,-0.1     0, 0.0     0, 0.0  -0.002  25.2 161.6  68.0  84.9   22.1   -7.2   70.2               
 1516 1516 A K        -     0   0  201     -2,-0.0     2,-0.2     0, 0.0     0, 0.0  -0.471  21.9-167.3-168.0 118.4   18.6   -5.7   70.3               
 1517 1517 A R        +     0   0  206     -2,-0.1     0, 0.0     2,-0.0     0, 0.0   0.086  16.5 122.8  52.4 126.0   15.6   -7.4   70.4               
 1518 1518 A K        -     0   0  185     -2,-0.2     0, 0.0     0, 0.0     0, 0.0   0.900  23.7 -96.3-174.7-175.4   12.3   -7.2   70.1               
 1519 1519 A P        +     0   0  121      0, 0.0    -2,-0.0     0, 0.0     0, 0.0   0.857  27.7 102.1-132.4-174.2    9.2   -8.0   68.8               
 1520 1520 A G        -     0   0   33      0, 0.0     0, 0.0     0, 0.0     0, 0.0   0.425  21.7-178.4 111.8 114.6    5.8   -8.5   66.9               
 1521 1521 A R        +     0   0  167      2,-0.1     2,-0.1 -1137,-0.1     3,-0.0  -0.079  28.7 165.3  70.9 116.9    4.1  -10.1   64.5               
 1522 1522 A P        +     0   0   76      0, 0.0 -1137,-0.3     0, 0.0     2,-0.2   0.206  38.8 161.2-108.6 158.0    1.6  -10.8   62.7               
 1523 1523 A R        +     0   0  198      2,-0.2     2,-0.2    -2,-0.1    -2,-0.1  -0.129  30.2 151.6  64.9 129.9    2.3  -12.6   59.9               
 1524 1524 A R        +     0   0  235      1,-0.3     0, 0.0    -2,-0.2     0, 0.0   0.446  36.5 143.7 -61.7-178.7    1.3  -14.5   57.5               
 1525 1525 A S        +     0   0   79     -2,-0.2    -1,-0.3     2,-0.0    -2,-0.2  -0.037  29.6  35.9  50.0 147.2    3.2  -14.1   54.8               
 1526 1526 A P        -     0   0  113      0, 0.0     2,-0.0     0, 0.0    -3,-0.0   0.426  52.0 -74.3-137.0-125.2    4.2  -16.2   52.6               
 1527 1527 A P        +     0   0  111      0, 0.0     2,-0.1     0, 0.0    -2,-0.0  -0.288  25.7 169.8 -85.8 171.8    4.5  -19.2   50.0               
 1528 1528 A S        -     0   0  105     -2,-0.0     0, 0.0     2,-0.0     0, 0.0  -0.398  26.1 -97.5-177.2 137.5    4.9  -22.9   49.8               
 1529 1529 A M        +     0   0  157     -2,-0.1     0, 0.0     0, 0.0     0, 0.0   0.518  48.1  79.1  33.3 129.2    4.9  -26.0   47.8               
 1530 1530 A L        +     0   0  152      0, 0.0    -2,-0.0     0, 0.0     0, 0.0   0.581  30.7  66.1  71.4 149.7    2.4  -28.9   47.0               
 1531 1531 A S        -     0   0   85      0, 0.0     0, 0.0     0, 0.0     0, 0.0   0.655  20.0 -72.1-173.7 159.7   -0.1  -30.5   45.8               
 1532 1532 A L        +     0   0  148      0, 0.0     0, 0.0     0, 0.0     0, 0.0   0.510  27.8  67.2  64.8 150.7   -2.9  -32.5   44.1               
 1533 1533 A D        +     0   0  140      1,-0.1     0, 0.0     0, 0.0     0, 0.0   0.760  15.4 159.5-145.1 169.2   -5.4  -33.2   42.4               
 1534 1534 A G        -     0   0   55      2,-0.0     2,-0.1     0, 0.0    -1,-0.1  -0.409  22.0-144.8 -75.3 169.3   -7.3  -33.6   39.1               
 1535 1535 A P        -     0   0  123      0, 0.0     2,-0.3     0, 0.0     0, 0.0  -0.441  18.5-168.7-124.7 145.7   -9.9  -35.0   37.6               
 1536 1536 A L        -     0   0  122     -2,-0.1     2,-0.4     3,-0.0    -2,-0.0  -0.668  20.1-149.9  67.2  66.7   -9.4  -36.0   34.6               
 1537 1537 A V        -     0   0  152     -2,-0.3     0, 0.0     1,-0.0     0, 0.0  -0.914  48.7-161.2-103.4  70.8  -12.2  -37.0   32.3               
 1538 1538 A R        -     0   0  180     -2,-0.4     3,-0.1     1,-0.2    -1,-0.0   0.397  11.7 -78.0  74.5 121.1   -9.9  -39.1   30.9               
 1539 1539 A P        -     0   0   96      0, 0.0    -1,-0.2     0, 0.0     2,-0.1  -0.334  60.5 -78.6 -72.4 164.5   -9.7  -40.9   27.6               
 1540 1540 A P        -     0   0  139      0, 0.0     2,-0.2     0, 0.0     0, 0.0  -0.474  69.4-170.7 -54.3 130.0  -11.4  -44.2   26.7               
 1541 1541 A A        +     0   0   81     -2,-0.1     2,-0.0    -3,-0.1     0, 0.0  -0.782  21.4 123.3-134.5 170.5   -9.2  -46.7   28.5               
 1542 1542 A G        +     0   0   74     -2,-0.2     0, 0.0  -203,-0.0     0, 0.0   0.156  29.8  64.4  97.5 137.1   -8.4  -50.4   29.0               
 1543 1543 A A        +     0   0   67      1,-0.1  -202,-0.0    -2,-0.0     2,-0.0   0.776  39.1 174.2-139.5 138.6   -6.3  -52.8   28.9               
 1544 1544 A A        +     0   0   92   -204,-0.0  -205,-0.2     1,-0.0    -1,-0.1   0.455   8.1 138.0  55.1 133.1   -3.4  -53.8   30.3               
 1545 1545 A L        -     0   0  167     -2,-0.0    -1,-0.0     0, 0.0     0, 0.0   0.554  11.0-159.4-162.4 145.8   -0.9  -55.6   31.0               
 1546 1546 A G        +     0   0   53      0, 0.0     0, 0.0     0, 0.0     0, 0.0   0.900   8.3 134.0  94.7 138.0    2.5  -56.7   31.7               
 1547 1547 A R        +     0   0  227      0, 0.0     0, 0.0     0, 0.0     0, 0.0   0.793  14.6  29.3  72.8 143.6    5.8  -58.5   32.2               
 1548 1548 A E        -     0   0  142      0, 0.0     0, 0.0     0, 0.0     0, 0.0   0.803  25.9 -30.3-163.2 173.9    8.8  -59.3   32.2               
 1549 1549 A L        +     0   0  138      0, 0.0     0, 0.0     0, 0.0     0, 0.0   0.610  23.4 176.4  64.8 152.2   12.7  -59.9   32.3               
 1550 1550 A L        -     0   0  138      2,-0.0     0, 0.0     0, 0.0     0, 0.0   0.751  23.7-172.7-165.4 175.1   15.8  -59.2   31.6               
 1551 1551 A L        -     0   0  148      0, 0.0     0, 0.0     0, 0.0     0, 0.0   0.973  18.3-160.0  71.5  88.4   19.6  -58.7   31.0               
 1552 1552 A L        +     0   0  157      2,-0.0    -2,-0.0     0, 0.0     0, 0.0   0.028  23.1  92.6 -15.5 168.6   22.2  -56.5   29.7               
 1553 1553 A P        +     0   0  125      0, 0.0     2,-0.1     0, 0.0     0, 0.0   0.736   2.0 133.0-137.7-176.3   25.2  -56.2   28.6               
 1554 1554 A G        +     0   0   85      0, 0.0    -2,-0.0     0, 0.0     0, 0.0  -0.401  34.0 177.6-164.7  87.9   28.2  -56.1   26.2               
 1555 1555 A Q        -     0   0  187      1,-0.1     0, 0.0    -2,-0.1     0, 0.0  -0.720   7.8  -7.2-110.7 178.3   31.0  -53.3   26.2               
 1556 1556 A P        +     0   0   85      0, 0.0     2,-0.2     0, 0.0    -1,-0.1   0.882  14.3 143.7-133.2-174.4   33.9  -52.3   24.9               
 1557 1557 A Q        -     0   0  192      0, 0.0     0, 0.0     0, 0.0     0, 0.0  -0.823  27.7-133.3-171.6 169.2   37.1  -51.3   23.3               
 1558 1558 A T        +     0   0  131     -2,-0.2     0, 0.0     1,-0.1     0, 0.0  -0.437  25.1   5.2-126.2-166.4   39.2  -48.3   21.8               
 1559 1559 A P        +     0   0  114      0, 0.0     2,-0.3     0, 0.0    -1,-0.1   0.415  20.1 140.9-128.0 153.9   41.1  -46.6   19.6               
 1560 1560 A V        -     0   0  141      2,-0.1     0, 0.0     0, 0.0     0, 0.0  -0.992  21.1-152.6-145.1 140.1   43.1  -45.8   16.3               
 1561 1561 A F        -     0   0  206     -2,-0.3     2,-0.3     2,-0.0     0, 0.0  -0.938   9.7-167.8-100.5 131.6   43.8  -42.8   14.0               
 1562 1562 A P        -     0   0  110      0, 0.0     2,-0.2     0, 0.0    -2,-0.1  -0.962   8.2-148.3-117.6 137.7   44.6  -42.7   10.3               
 1563 1563 A S        -     0   0  101     -2,-0.3    -2,-0.0     1,-0.1     0, 0.0  -0.273  38.8 -25.4  68.5  91.9   45.7  -40.2    8.4               
 1564 1564 A T        +     0   0  125     -2,-0.2     2,-0.3     1,-0.1    -1,-0.1   0.636  37.5 160.4  43.0 103.2   45.3  -39.2    4.8               
 1565 1565 A H        -     0   0  191      0, 0.0    -1,-0.1     0, 0.0     0, 0.0  -0.856  20.3-153.6-148.2 143.1   44.6  -40.7    1.5               
 1566 1566 A D        -     0   0   77     -2,-0.3     0, 0.0     2,-0.1     0, 0.0  -0.781   9.6-148.0 -90.5 133.0   43.3  -38.9   -1.6               
 1567 1567 A P        +     0   0  125      0, 0.0     2,-0.6     0, 0.0    -1,-0.1  -0.164  37.6 158.2 -99.7  38.8   41.3  -40.9   -4.3               
 1568 1568 A R        +     0   0  176      1,-0.1     3,-0.1     2,-0.0    -2,-0.1  -0.565  22.1 106.9 -45.2 107.8   42.5  -38.9   -7.3               
 1569 1569 A T        +     0   0  112     -2,-0.6     2,-0.2     1,-0.1    -1,-0.1   0.296   9.2 112.2 172.4 108.4   42.1  -40.9  -10.4               
 1570 1570 A V        -     0   0  154      0, 0.0     2,-0.3     0, 0.0    -1,-0.1  -0.797  58.5-178.5-118.8  91.4   40.1  -41.1  -13.4               
 1571 1571 A T        +     0   0   95     -2,-0.2    -3,-0.0    -3,-0.1     2,-0.0  -0.706  15.7 124.6 -71.8 137.6   43.1  -40.0  -15.6               
 1572 1572 A L        -     0   0  147     -2,-0.3     3,-0.1     2,-0.0    -3,-0.0   0.138  46.8 -85.6 171.2 126.3   43.3  -39.5  -19.2               
 1573 1573 A D        -     0   0  103      1,-0.2     2,-1.6     3,-0.0    -2,-0.0   0.617  15.8-135.2  36.8 101.1   44.2  -37.1  -22.0               
 1574 1574 A F        +     0   0  230      2,-0.0     2,-0.4     1,-0.0    -1,-0.2  -0.672  53.1 164.9 -61.8  90.0   42.5  -34.3  -23.8               
 1575 1575 A R        -     0   0  207     -2,-1.6     2,-0.6    -3,-0.1    -1,-0.0  -0.927  35.7-139.8-128.2 113.9   43.9  -35.8  -27.0               
 1576 1576 A N        +     0   0  151     -2,-0.4     2,-0.2     0, 0.0    -2,-0.0  -0.539  49.1 123.5 -65.6 103.0   42.6  -34.7  -30.4               
 1577 1577 A A        +     0   0   93     -2,-0.6    -2,-0.1     1,-0.1     0, 0.0  -0.836  39.6   6.2-163.6 138.8   42.4  -37.8  -32.8               
 1578 1578 A G        -     0   0   73     -2,-0.2    -1,-0.1     1,-0.1     0, 0.0   0.993  34.3-147.2  80.5  99.8   40.2  -40.0  -35.0               
 1579 1579 A I        -     0   0  173      0, 0.0     2,-0.3     0, 0.0    -1,-0.1  -0.732  14.0-169.1 -75.8 134.6   36.7  -40.2  -36.4               
 1580 1580 A P        -     0   0  118      0, 0.0     0, 0.0     0, 0.0     0, 0.0  -0.955  27.4-113.8-112.4 150.3   35.1  -43.6  -37.0               
 1581 1581 A A        -     0   0   92     -2,-0.3     0, 0.0     1,-0.1     0, 0.0  -0.248  31.8 -98.8 -79.7 163.2   31.8  -43.6  -39.0               
 1582 1582 A P        -     0   0  118      0, 0.0    -1,-0.1     0, 0.0     0, 0.0  -0.366  30.1-106.2 -85.1 161.0   28.2  -44.6  -37.8               
 1583 1583 A P        -     0   0  118      0, 0.0  -281,-0.0     0, 0.0     0, 0.0  -0.425  45.9 -96.8 -76.6 159.5   26.1  -47.8  -37.9               
 1584 1584 A P        -     0   0   66      0, 0.0     2,-0.1     0, 0.0  -282,-0.1  -0.218  36.5 -96.7 -83.3 165.9   23.1  -48.1  -40.4               
 1585 1585 A P        -     0   0  109      0, 0.0  -283,-0.1     0, 0.0  -284,-0.1  -0.367  24.9-131.3 -79.7 158.8   19.3  -47.5  -39.9               
 1586 1586 A L        -     0   0  165      1,-0.1     0, 0.0    -2,-0.1     0, 0.0  -0.742  39.8 -85.8-106.4 155.4   16.5  -50.1  -39.3               
 1587 1587 A P        -     0   0  110      0, 0.0     2,-0.1     0, 0.0    -1,-0.1  -0.140  43.2 -98.5 -75.2 158.4   13.2  -50.1  -41.3               
 1588 1588 A P        -     0   0  130      0, 0.0     0, 0.0     0, 0.0     0, 0.0  -0.409  22.5-144.4 -73.4 141.1   10.0  -48.1  -40.7               
 1589 1589 A Q        -     0   0  183     -2,-0.1     0, 0.0     1,-0.1     0, 0.0  -0.727  35.5 -98.8 -90.3 153.2    6.8  -49.4  -39.0               
 1590 1590 A P        -     0   0  104      0, 0.0    -1,-0.1     0, 0.0     0, 0.0  -0.291  41.4 -92.7 -72.6 157.2    3.4  -48.1  -40.4               
 1591 1591 A P        -     0   0  119      0, 0.0     0, 0.0     0, 0.0     0, 0.0  -0.436  39.9-115.2 -67.3 138.0    1.4  -45.2  -38.8               
 1592 1592 A P        -     0   0  119      0, 0.0     0, 0.0     0, 0.0     0, 0.0  -0.435  42.5 -97.4 -68.1 149.1   -1.3  -46.2  -36.2               
 1593 1593 A P        -     0   0  118      0, 0.0     0, 0.0     0, 0.0     0, 0.0  -0.237  38.7 -98.6 -74.1 158.3   -4.9  -45.3  -37.3               
 1594 1594 A P        -     0   0  118      0, 0.0     0, 0.0     0, 0.0     0, 0.0  -0.411  31.5-114.2 -73.6 147.0   -6.9  -42.1  -36.3               
 1595 1595 A P        -     0   0  117      0, 0.0     0, 0.0     0, 0.0     0, 0.0  -0.496  44.0-109.9 -71.1 150.9   -9.6  -42.0  -33.5               
 1596 1596 A P        -     0   0  120      0, 0.0     0, 0.0     0, 0.0     0, 0.0  -0.472  30.6-124.1 -91.0 156.1  -13.1  -41.4  -34.9               
 1597 1597 A P        +     0   0  112      0, 0.0     2,-0.1     0, 0.0     0, 0.0  -0.399  30.6  22.4 -92.2-170.9  -15.8  -38.5  -34.8               
 1598 1598 A P        +     0   0  117      0, 0.0     0, 0.0     0, 0.0     0, 0.0   0.142  16.3 146.1 -97.6-115.5  -18.6  -37.2  -34.2               
 1599 1599 A V        -     0   0  123     -2,-0.1     0, 0.0     1,-0.1     0, 0.0   0.776   6.1-178.1-148.2 147.4  -21.8  -36.7  -32.8               
 1600 1600 A E        -     0   0  183      2,-0.0     2,-0.3     0, 0.0    -1,-0.1  -0.805  14.4-161.0 -89.2 142.3  -24.3  -33.9  -31.8               
 1601 1601 A P        -     0   0  121      0, 0.0     0, 0.0     0, 0.0     0, 0.0  -0.790  18.5-127.6-130.4 101.9  -27.7  -34.6  -30.1               
 1602 1602 A T        -     0   0  132     -2,-0.3    -2,-0.0     1,-0.1     0, 0.0   0.115  36.7 -57.4   3.1 113.2  -30.5  -32.1  -30.1               
 1603 1603 A K        +     0   0  183      0, 0.0    -1,-0.1     0, 0.0     0, 0.0   0.686  56.4 101.1  38.5 128.9  -32.6  -30.6  -27.4               
 1604 1604 A L        +     0   0  157      0, 0.0     0, 0.0     0, 0.0     0, 0.0   0.570  33.1  32.0  80.3 151.5  -35.1  -31.5  -24.5               
 1605 1605 A P        -     0   0  111      0, 0.0     0, 0.0     0, 0.0     0, 0.0   0.619  27.1-138.2-138.6 161.5  -35.8  -32.1  -21.5               
 1606 1606 A F        +     0   0  192      0, 0.0     0, 0.0     0, 0.0     0, 0.0   0.676  30.7  38.4  30.1 129.1  -35.9  -31.8  -17.7               
 1607 1607 A K        -     0   0  146      0, 0.0     0, 0.0     0, 0.0     0, 0.0   0.829  35.3  -5.9 101.7 133.9  -36.0  -33.5  -14.4               
 1608 1608 A E        +     0   0  142      0, 0.0     0, 0.0     0, 0.0     0, 0.0   0.638  25.6 115.2  81.5 157.1  -35.8  -35.7  -11.3               
 1609 1609 A L        -     0   0  142      0, 0.0     0, 0.0     0, 0.0     0, 0.0   0.957  33.9-156.7  79.4  81.0  -34.9  -38.8   -9.2               
 1610 1610 A D        +     0   0  120      2,-0.0     0, 0.0     1,-0.0     0, 0.0   0.901  20.6  80.5  71.7 128.8  -32.8  -39.4   -6.4               
 1611 1611 A N        -     0   0  128      1,-0.0    -1,-0.0     0, 0.0     0, 0.0   0.794  24.8-138.2  62.8  89.6  -30.7  -41.1   -3.9               
 1612 1612 A Q        +     0   0  164      0, 0.0    -1,-0.0     0, 0.0    -2,-0.0   0.400   9.9 178.9  42.1 117.3  -27.8  -42.5   -2.7               
 1613 1613 A W        +     0   0  227      0, 0.0     2,-0.1     0, 0.0     0, 0.0  -0.811  21.8 160.2-160.6 156.8  -26.6  -45.5   -0.8               
 1614 1614 A P        +     0   0   81      0, 0.0     0, 0.0     0, 0.0     0, 0.0  -0.537   8.6 130.0-135.0-165.8  -23.0  -46.5    0.3               
 1615 1615 A S        -     0   0   70     -2,-0.1     0, 0.0     0, 0.0     0, 0.0   0.953  22.9-109.9  94.8 107.8  -20.2  -48.4    2.3               
 1616 1616 A E        -     0   0  114      1,-0.0     0, 0.0     0, 0.0     0, 0.0   0.944   8.4-154.8  67.2 134.3  -17.1  -50.5    2.7               
 1617 1617 A A        -     0   0   88   -287,-0.0    -1,-0.0     0, 0.0     0, 0.0   0.250  22.0-138.4 177.6 111.2  -14.8  -53.2    3.4               
 1618 1618 A I        -     0   0  158      1,-0.0     0, 0.0     2,-0.0     0, 0.0   0.855  19.5-106.0  32.2 172.5  -11.1  -53.6    4.2               
 1619 1619 A P        -     0   0  108      0, 0.0     2,-0.3     0, 0.0    -1,-0.0  -0.079  29.3 -77.2-121.9-158.0   -8.0  -55.8    3.4               
 1620 1620 A P        -     0   0  125      0, 0.0    -2,-0.0     0, 0.0     0, 0.0  -0.916  45.3-141.8-114.0 160.5   -5.6  -58.6    4.3               
 1621 1621 A G        -     0   0   73     -2,-0.3     2,-0.1     1,-0.1     0, 0.0   0.239  23.5 -19.4-107.9-142.3   -2.6  -58.1    6.7               
 1622 1622 A P        +     0   0  122      0, 0.0     2,-0.2     0, 0.0    -1,-0.1  -0.230  27.2 137.7-108.2 162.1    1.0  -59.0    7.5               
 1623 1623 A R        -     0   0  254     -2,-0.1     2,-0.2     2,-0.0     0, 0.0  -0.733  31.9-173.2-164.4 145.2    4.4  -60.8    7.5               
 1624 1624 A G        -     0   0   76     -2,-0.2     2,-0.2     0, 0.0     0, 0.0  -0.736  18.3-153.6-128.4 171.5    7.9  -59.1    7.3               
 1625 1625 A R        -     0   0  192     -2,-0.2    -2,-0.0     2,-0.0     0, 0.0  -0.583  25.9-142.1-168.3  97.4   11.7  -59.5    7.0               
 1626 1626 A D        +     0   0  142     -2,-0.2    -1,-0.0     0, 0.0     0, 0.0   0.834  34.4 107.8  85.3 140.7   14.2  -57.4    8.1               
 1627 1627 A E        +     0   0  175      0, 0.0    -2,-0.0     0, 0.0     0, 0.0   0.911  44.8  30.3  83.8 115.0   17.7  -55.6    7.8               
 1628 1628 A V        +     0   0  133      2,-0.0     0, 0.0     0, 0.0     0, 0.0   0.943  65.6  43.3  59.5 121.5   19.2  -52.1    7.2               
 1629 1629 A T        +     0   0  127      0, 0.0     2,-0.6     0, 0.0     0, 0.0   0.409  39.2 151.3-142.9 124.3   19.2  -48.9    7.4               
 1630 1630 A E        +     0   0  193      3,-0.0     2,-0.2     2,-0.0    -2,-0.0  -0.906  26.7 121.1 -96.7 118.7   18.1  -46.9   10.4               
 1631 1631 A E        +     0   0  174     -2,-0.6     4,-0.0     4,-0.0     0, 0.0  -0.831  45.9  26.2-162.0 153.8   19.6  -43.5   11.1               
 1632 1632 A Y  S    S+     0   0  206     -2,-0.2    -2,-0.0     1,-0.1     3,-0.0   0.734  99.9  37.9  71.2  45.4   18.6  -39.8   11.6               
 1633 1633 A M  S    S+     0   0  134      0, 0.0     2,-0.7     0, 0.0    -1,-0.1   0.222  98.0  60.3-156.3  -5.6   15.3  -38.8   12.8               
 1634 1634 A E        +     0   0  199      2,-0.0     2,-0.3     1,-0.0     3,-0.1  -0.515  64.4 140.1-104.3  67.6   13.9  -41.2   15.5               
 1635 1635 A L        -     0   0  158     -2,-0.7    -1,-0.0     1,-0.2    -4,-0.0  -0.843  63.3  -3.7-144.6 102.9   16.6  -40.8   18.3               
 1636 1636 A A        +     0   0   72     -2,-0.3    -1,-0.2     2,-0.0    -2,-0.0   0.572  58.1 124.4-146.8 146.0   15.0  -40.7   20.9               
 1637 1637 A K        +     0   0  222     -3,-0.1     2,-0.4     1,-0.0    -2,-0.0  -0.468  59.6 123.3-118.9  56.6   11.6  -40.7   22.7               
 1638 1638 A S        -     0   0   88      1,-0.1    -1,-0.0    -2,-0.0    -2,-0.0  -0.807  56.0 -78.0-141.0 102.6   12.2  -43.7   24.9               
 1639 1639 A R        -     0   0  247     -2,-0.4    -1,-0.1     0, 0.0    -2,-0.0   0.926  31.8-156.3  58.4 127.9   12.1  -44.3   28.7               
 1640 1640 A G        -     0   0   71      2,-0.0     2,-0.0     0, 0.0     0, 0.0  -0.061   9.0-178.1 -76.5-162.2   14.0  -43.8   32.0               
 1641 1641 A P        -     0   0  118      0, 0.0     0, 0.0     0, 0.0     0, 0.0   0.211  26.9 -97.3-135.8 175.9   14.5  -44.6   34.9               
 1642 1642 A W        +     0   0  224     -2,-0.0     2,-0.1     0, 0.0    -2,-0.0   0.258  36.4 144.3   3.3 120.8   16.5  -43.7   38.0               
 1643 1643 A R        -     0   0  242      2,-0.0     0, 0.0     0, 0.0     0, 0.0  -0.545  20.5-165.0-160.5 136.3   19.7  -44.8   39.7               
 1644 1644 A R        +     0   0  219     -2,-0.1     0, 0.0     0, 0.0     0, 0.0  -0.637  11.2 155.8 -81.0 161.4   22.5  -42.9   41.6               
 1645 1645 A P        +     0   0  121      0, 0.0    -2,-0.0     0, 0.0     0, 0.0   0.160  29.3  18.8-140.3-157.5   25.5  -43.2   42.8               
 1646 1646 A P        -     0   0  121      0, 0.0     2,-0.2     0, 0.0     0, 0.0   0.606  25.7-177.7-130.5 160.1   28.4  -42.0   43.8               
 1647 1647 A K        +     0   0  142      1,-0.0     2,-0.0     0, 0.0     0, 0.0  -0.589  13.9 163.8 -74.7 146.8   29.9  -38.6   45.0               
 1648 1648 A K        -     0   0  196     -2,-0.2    -1,-0.0     1,-0.1     0, 0.0  -0.275  38.6  -2.1-169.2 105.3   33.6  -38.0   45.9               
 1649 1649 A R        +     0   0  234     -2,-0.0    -1,-0.1     0, 0.0     2,-0.1   0.836  32.1 174.0  70.2 124.7   35.6  -34.7   46.3               
 1650 1650 A H        +     0   0  156      0, 0.0     0, 0.0     0, 0.0     0, 0.0   0.342  17.2 133.4  91.3 141.6   35.7  -31.3   46.3               
 1651 1651 A E        +     0   0  129     -2,-0.1  -147,-0.0  -146,-0.0     0, 0.0   0.783  19.9 150.7  65.6 136.4   38.2  -28.5   47.2               
 1652 1652 A D        -     0   0   99   -149,-0.0  -149,-0.1     0, 0.0  -148,-0.0   0.939  20.7 -96.2-165.5-157.8   39.4  -25.5   45.9               
 1653 1653 A L        -     0   0   84      2,-0.0  -150,-0.0     0, 0.0  -147,-0.0   0.847  13.3-119.5-154.7 156.6   40.8  -22.3   45.7               
 1654 1654 A V        -     0   0  117      1,-0.1     0, 0.0     0, 0.0     0, 0.0   0.489  26.2-131.1  19.7 126.2   41.0  -18.5   45.3               
 1655 1655 A P        -     0   0  116      0, 0.0     2,-0.4     0, 0.0    -1,-0.1  -0.698  16.6-125.3 -95.5 155.2   42.7  -16.2   42.7               
 1656 1656 A P        -     0   0  128      0, 0.0     2,-0.2     0, 0.0     0, 0.0  -0.814  31.8-122.3 -89.3 141.2   44.9  -13.1   43.3               
 1657 1657 A A        +     0   0  112     -2,-0.4     2,-0.1     1,-0.0     0, 0.0  -0.568  38.1 159.2 -84.3 147.7   43.8   -9.8   41.5               
 1658 1658 A G        -     0   0   69      1,-0.3    -1,-0.0    -2,-0.2     0, 0.0  -0.340  43.0 -44.2-176.5  95.4   45.9   -7.8   39.1               
 1659 1659 A S        -     0   0  125      1,-0.1     2,-0.5    -2,-0.1    -1,-0.3   0.472  48.7-105.7  70.1 157.9   45.0   -5.3   36.3               
 1660 1660 A P        +     0   0  125      0, 0.0     2,-0.2     0, 0.0    -1,-0.1  -0.776  55.1 113.7-134.1  88.3   42.5   -4.9   33.4               
 1661 1661 A E        +     0   0  189     -2,-0.5     2,-0.3     2,-0.0     0, 0.0  -0.736  19.5 134.8-157.3 106.6   43.1   -5.3   29.6               
 1662 1662 A L        -     0   0  183     -2,-0.2     0, 0.0     3,-0.0     0, 0.0  -0.821  27.6-161.1-148.9 117.2   41.7   -7.9   27.2               
 1663 1663 A S        -     0   0  103     -2,-0.3     3,-0.1     1,-0.2    -2,-0.0  -0.350  49.7 -72.1 -71.6 162.7   40.3   -7.3   23.7               
 1664 1664 A P        -     0   0  112      0, 0.0     2,-0.2     0, 0.0    -1,-0.2  -0.361  67.3 -90.3 -58.3 143.4   38.1  -10.0   22.0               
 1665 1665 A P        -     0   0  125      0, 0.0    -3,-0.0     0, 0.0     0, 0.0  -0.361  36.2-126.8 -66.7 128.1   40.2  -13.0   20.9               
 1666 1666 A Q        -     0   0  174     -2,-0.2     2,-0.3    -3,-0.1    -3,-0.0  -0.539  25.4-118.8 -65.8 130.6   41.6  -12.9   17.4               
 1667 1667 A P        -     0   0   73      0, 0.0     2,-0.8     0, 0.0    -1,-0.1  -0.574  26.3-137.8 -69.4 131.1   40.8  -16.0   15.3               
 1668 1668 A L        -     0   0  168     -2,-0.3     2,-0.2     0, 0.0    -2,-0.0  -0.835  20.9-169.9 -99.2 106.7   44.1  -17.7   14.3               
 1669 1669 A F        -     0   0   67     -2,-0.8     3,-0.0     1,-0.1    23,-0.0  -0.540  25.0-112.2 -85.9 154.0   44.1  -19.0   10.7               
 1670 1670 A R        -     0   0  218     -2,-0.2     2,-0.4     1,-0.1    -1,-0.1  -0.629  37.6-101.6 -75.4 146.4   46.8  -21.3    9.2               
 1671 1671 A P        -     0   0  124      0, 0.0     2,-0.1     0, 0.0    -1,-0.1  -0.605  43.1-134.7 -63.0 124.7   49.2  -19.8    6.5               
 1672 1672 A R        -     0   0   53     -2,-0.4     2,-0.3     1,-0.1    -3,-0.0  -0.358  13.5-120.7 -74.0 156.3   47.8  -21.2    3.2               
 1673 1673 A S     >  -     0   0   55     -2,-0.1     4,-2.9     1,-0.1     3,-0.5  -0.718  27.9-104.7 -94.4 158.8   50.1  -22.6    0.5               
 1674 1674 A E  H  > S+     0   0  158     -2,-0.3     4,-1.8     1,-0.3     5,-0.1   0.815 124.2  51.0 -52.5 -33.7   50.4  -21.3   -3.1               
 1675 1675 A F  H  > S+     0   0  135      2,-0.2     4,-1.6     3,-0.1    -1,-0.3   0.892 111.3  46.2 -71.8 -40.6   48.4  -24.3   -4.3               
 1676 1676 A E  H  > S+     0   0   98     -3,-0.5     4,-3.1     2,-0.2    -2,-0.2   0.949 111.6  52.3 -65.9 -45.1   45.6  -23.6   -1.7               
 1677 1677 A E  H  X S+     0   0  116     -4,-2.9     4,-1.2     1,-0.2    -2,-0.2   0.885 111.4  46.8 -57.7 -40.0   45.6  -19.9   -2.6               
 1678 1678 A M  H  X S+     0   0  122     -4,-1.8     4,-0.7    -5,-0.2    -1,-0.2   0.825 113.4  48.8 -70.9 -31.6   45.2  -20.8   -6.3               
 1679 1679 A T  H >X S+     0   0   50     -4,-1.6     4,-2.3     2,-0.2     3,-1.0   0.922 105.4  57.8 -72.8 -41.0   42.4  -23.3   -5.4               
 1680 1680 A I  H 3X S+     0   0   28     -4,-3.1     4,-3.1     1,-0.3     5,-0.2   0.830  99.0  59.5 -59.7 -32.4   40.6  -20.6   -3.2               
 1681 1681 A L  H 3X S+     0   0  125     -4,-1.2     4,-1.0    -5,-0.2    -1,-0.3   0.864 110.2  42.7 -65.5 -32.2   40.4  -18.4   -6.4               
 1682 1682 A Y  H <X S+     0   0  170     -3,-1.0     4,-2.2    -4,-0.7     5,-0.3   0.866 114.0  50.6 -74.3 -39.7   38.4  -21.3   -8.0               
 1683 1683 A D  H  X>S+     0   0   90     -4,-2.3     4,-3.0     2,-0.2     5,-0.8   0.923 109.5  50.6 -68.9 -38.5   36.3  -21.8   -4.7               
 1684 1684 A I  H  X5S+     0   0   51     -4,-3.1     4,-0.6     3,-0.2     5,-0.2   0.882 113.9  46.8 -60.4 -39.6   35.5  -18.0   -4.5               
 1685 1685 A W  H  <5S+     0   0  221     -4,-1.0    -2,-0.2    -5,-0.2    -1,-0.2   0.873 127.8  23.4 -70.2 -40.3   34.4  -18.2   -8.2               
 1686 1686 A N  H  <5S+     0   0  122     -4,-2.2    -2,-0.2     2,-0.1    -3,-0.2   0.772 137.8  24.6-101.6 -33.4   32.2  -21.4   -7.9               
 1687 1687 A G  H  <5S-     0   0   42     -4,-3.0    -3,-0.2    -5,-0.3    40,-0.2   0.419 105.5-120.4-115.7  -4.8   31.2  -21.6   -4.1               
 1688 1688 A G     << -     0   0   17     -5,-0.8     2,-0.3    -4,-0.6    -3,-0.1   0.130  39.5 -50.6  82.7 164.6   31.5  -17.9   -3.1               
 1689 1689 A I        -     0   0   34     -5,-0.2    37,-2.5    34,-0.1    36,-1.7  -0.551  55.4-157.1 -72.5 130.0   33.6  -15.9   -0.5               
 1690 1690 A D     >  -     0   0   61     -2,-0.3     4,-2.0    34,-0.2     5,-0.1  -0.223  34.3 -94.2 -95.8-176.0   33.6  -17.3    3.1               
 1691 1691 A E  H  > S+     0   0  101      2,-0.2     4,-1.0     1,-0.2     5,-0.0   0.743 125.0  53.3 -74.6 -24.4   34.3  -15.6    6.5               
 1692 1692 A E  H  > S+     0   0   59      2,-0.2     4,-2.5     3,-0.1    -1,-0.2   0.937 110.0  48.0 -71.1 -44.5   38.0  -16.7    6.4               
 1693 1693 A D  H  > S+     0   0   12      2,-0.2     4,-3.1     1,-0.2     5,-0.2   0.893 106.7  56.0 -64.5 -41.5   38.4  -15.1    2.9               
 1694 1694 A I  H  X S+     0   0    6     -4,-2.0     4,-2.3     1,-0.2    -1,-0.2   0.907 112.3  44.6 -52.9 -43.2   36.7  -11.9    4.1               
 1695 1695 A R  H  X S+     0   0   69     -4,-1.0     4,-2.5     2,-0.2    -2,-0.2   0.895 112.7  49.0 -74.3 -39.4   39.4  -11.7    6.9               
 1696 1696 A F  H  X S+     0   0   52     -4,-2.5     4,-2.5     2,-0.2    -2,-0.2   0.939 112.7  48.5 -63.9 -44.0   42.3  -12.6    4.6               
 1697 1697 A L  H  X S+     0   0   68     -4,-3.1     4,-2.8     2,-0.2    -2,-0.2   0.948 112.9  48.3 -59.8 -47.1   41.2   -9.9    2.1               
 1698 1698 A C  H  X S+     0   0   30     -4,-2.3     4,-2.6    -5,-0.2    -2,-0.2   0.913 113.0  47.8 -58.1 -44.8   40.9   -7.4    5.0               
 1699 1699 A V  H  X S+     0   0   55     -4,-2.5     4,-1.8     2,-0.2    -1,-0.2   0.840 111.9  49.7 -69.7 -32.8   44.4   -8.4    6.3               
 1700 1700 A T  H  X S+     0   0   61     -4,-2.5     4,-2.4     2,-0.2    -2,-0.2   0.941 110.3  51.2 -68.4 -41.8   45.9   -8.1    2.7               
 1701 1701 A Y  H  X S+     0   0   39     -4,-2.8     4,-2.3     1,-0.2    -2,-0.2   0.948 111.2  47.3 -57.1 -50.1   44.2   -4.6    2.3               
 1702 1702 A E  H  X S+     0   0  101     -4,-2.6     4,-1.0     1,-0.2    -1,-0.2   0.878 113.1  49.2 -59.7 -39.6   45.8   -3.5    5.7               
 1703 1703 A R  H  X S+     0   0  141     -4,-1.8     4,-0.5     2,-0.2    -1,-0.2   0.856 108.9  51.9 -68.1 -36.8   49.2   -4.9    4.6               
 1704 1704 A L  H >< S+     0   0   79     -4,-2.4     3,-0.7     1,-0.2     5,-0.3   0.884 109.2  50.2 -69.5 -35.3   49.0   -3.1    1.2               
 1705 1705 A L  H 3< S+     0   0   73     -4,-2.3    -1,-0.2     1,-0.2    -2,-0.2   0.754 111.6  50.4 -65.5 -27.2   48.3    0.2    3.1               
 1706 1706 A Q  H 3< S+     0   0  146     -4,-1.0     2,-0.9    -5,-0.2    -1,-0.2   0.502  88.2  92.4 -89.5  -8.3   51.4   -0.6    5.3               
 1707 1707 A Q    <<  -     0   0  117     -3,-0.7     2,-2.7    -4,-0.5     4,-0.3  -0.817  69.2-151.2 -94.4 104.8   53.7   -1.3    2.2               
 1708 1708 A D        +     0   0  169     -2,-0.9     2,-0.2     1,-0.2    -1,-0.1  -0.206  53.0 129.4 -69.6  44.9   55.3    2.1    1.5               
 1709 1709 A N  S    S-     0   0  122     -2,-2.7    -1,-0.2    -5,-0.3    -2,-0.1  -0.390  83.9 -87.9-116.9  50.6   55.7    1.2   -2.2               
 1710 1710 A G  S    S+     0   0   66     -2,-0.2     2,-0.3     1,-0.2     3,-0.2   0.728  82.4 133.7  63.2  26.5   54.3    4.1   -4.4               
 1711 1711 A M    >   +     0   0   93     -4,-0.3     3,-2.6     1,-0.2     4,-0.4  -0.316  18.5 159.2-105.9  44.4   50.7    2.7   -4.4               
 1712 1712 A D  G >>  +     0   0  120      1,-0.3     3,-1.8    -2,-0.3     4,-0.6   0.739  62.0  68.3 -49.1 -37.6   49.0    6.1   -3.6               
 1713 1713 A W  G 34 S+     0   0  145      1,-0.3    -1,-0.3     2,-0.2     4,-0.2   0.643  88.7  66.4 -58.3 -20.9   45.5    5.1   -4.9               
 1714 1714 A L  G X4 S+     0   0   11     -3,-2.6     3,-0.8     1,-0.2    -1,-0.3   0.807  94.2  58.2 -71.7 -27.3   45.1    2.6   -2.0               
 1715 1715 A N  T <4 S+     0   0  112     -3,-1.8    -1,-0.2    -4,-0.4    -2,-0.2   0.756 102.0  55.4 -71.8 -22.9   45.0    5.5    0.5               
 1716 1716 A D  T 3< S+     0   0  144     -4,-0.6    -1,-0.2    -3,-0.2    -2,-0.2   0.509  98.0  85.5 -82.7  -9.1   41.9    6.8   -1.5               
 1717 1717 A T    <   -     0   0   50     -3,-0.8     2,-0.4    -4,-0.2    -3,-0.0  -0.546  63.0-154.7 -89.5 158.8   40.2    3.4   -0.9               
 1718 1718 A L        -     0   0  154     -2,-0.2     2,-0.4     2,-0.0    -3,-0.0  -1.000  23.7-115.3-131.3 135.2   38.1    2.4    2.1               
 1719 1719 A W        -     0   0   85     -2,-0.4     2,-0.5   -21,-0.0   -21,-0.0  -0.539  30.2-160.7 -68.2 123.2   37.5   -1.2    3.3               
 1720 1720 A V        -     0   0  112     -2,-0.4     2,-0.5     2,-0.0    -1,-0.0  -0.936  19.5-124.2-109.1 122.2   33.7   -2.1    3.0               
 1721 1721 A Y        -     0   0  170     -2,-0.5   -27,-0.0   -23,-0.0    -2,-0.0  -0.520  31.7-168.7 -67.9 115.6   32.5   -5.1    5.1               
 1722 1722 A H        -     0   0   54     -2,-0.5     3,-0.1   -28,-0.1     2,-0.1  -0.844  20.7-116.8-104.3 141.2   30.8   -7.6    2.7               
 1723 1723 A P        -     0   0   97      0, 0.0     2,-0.2     0, 0.0   -34,-0.1  -0.363  43.4 -87.4 -67.0 156.5   28.7  -10.6    3.8               
 1724 1724 A S        -     0   0   61      1,-0.1   -34,-0.2     2,-0.1   -33,-0.1  -0.465  32.5-165.5 -62.9 129.9   29.9  -14.1    3.1               
 1725 1725 A T        +     0   0   84    -36,-1.7     2,-1.8    -2,-0.2   -35,-0.2   0.597  64.1 101.5 -95.0 -12.5   28.7  -15.2   -0.4               
 1726 1726 A S        -     0   0   43    -37,-2.5     2,-2.0     1,-0.1   -38,-0.2  -0.544  55.7-171.2 -70.2  84.9   29.5  -18.9    0.4               
 1727 1727 A L        -     0   0  160     -2,-1.8    -1,-0.1   -40,-0.2   -37,-0.1  -0.554  16.0-154.3 -73.8  71.4   26.0  -20.0    1.2               
 1728 1728 A S        -     0   0   95     -2,-2.0     2,-1.9     1,-0.2    -2,-0.0  -0.313  19.4-121.5 -47.3 126.5   27.2  -23.4    2.5               
 1729 1729 A S        +     0   0  116      2,-0.1     2,-0.6    -2,-0.0    -1,-0.2  -0.163  49.8 163.4 -74.8  44.9   24.4  -26.0    2.1               
 1730 1730 A A        -     0   0   72     -2,-1.9     2,-2.7     1,-0.1    -2,-0.0  -0.604  47.4-120.1 -56.1 114.1   24.4  -26.7    5.8               
 1731 1731 A K        -     0   0  204     -2,-0.6     2,-1.0     2,-0.0    -1,-0.1  -0.378  35.6-178.9 -67.0  67.3   21.1  -28.4    6.2               
 1732 1732 A K        -     0   0  197     -2,-2.7     2,-0.5     1,-0.1     3,-0.0  -0.699  42.2-117.8 -54.8 102.3   19.5  -26.0    8.7               
 1733 1733 A K        -     0   0  167     -2,-1.0    -1,-0.1     1,-0.1     3,-0.1  -0.467  34.0-121.3 -48.7 101.1   16.3  -28.1    8.9               
 1734 1734 A K        -     0   0  134     -2,-0.5     2,-0.3     1,-0.1    -1,-0.1  -0.347  23.7-113.4 -54.0 127.9   14.0  -25.3    7.5               
 1735 1735 A R        -     0   0  205      1,-0.1     2,-1.7     2,-0.1    -1,-0.1  -0.595  27.3-122.0 -60.6 125.2   11.4  -24.6   10.1               
 1736 1736 A D        -     0   0  150     -2,-0.3    -1,-0.1     1,-0.2    -3,-0.0  -0.668  36.4-177.6 -72.3  86.7    8.2  -25.8    8.3               
 1737 1737 A D        -     0   0   85     -2,-1.7    -1,-0.2     2,-0.1     3,-0.1   0.398  35.9-125.9 -74.9   1.8    6.7  -22.3    8.7               
 1738 1738 A G        +     0   0   18      1,-0.2     2,-0.3    28,-0.0    25,-0.1   0.280  65.3 136.8  70.4  -9.8    3.4  -23.5    7.1               
 1739 1739 A I        -     0   0   65     23,-0.1    -1,-0.2     1,-0.1     2,-0.2  -0.533  66.8-106.3 -63.0 126.8    3.6  -20.7    4.4               
 1740 1740 A R        -     0   0   91     -2,-0.3     2,-0.2    -3,-0.1    -1,-0.1  -0.389  35.9-136.1 -56.1 119.4    2.7  -22.2    1.0               
 1741 1741 A E        -     0   0  123     -2,-0.2     2,-0.4     1,-0.1    -1,-0.1  -0.572  24.5-101.9 -74.7 142.7    5.9  -22.4   -1.0               
 1742 1742 A H    >   -     0   0   65     -2,-0.2     3,-1.8     1,-0.2    -1,-0.1  -0.583  26.4-142.4 -62.6 120.1    5.9  -21.2   -4.7               
 1743 1743 A V  T 3  S+     0   0  128     -2,-0.4    -1,-0.2     1,-0.3     4,-0.0   0.814 104.4  42.3 -56.4 -34.7    5.7  -24.5   -6.7               
 1744 1744 A T  T 3  S-     0   0   53      2,-0.1    -1,-0.3    -3,-0.0    -2,-0.1   0.339 116.4-115.2 -91.2   0.1    8.1  -22.8   -9.3               
 1745 1745 A G  S <  S+     0   0   67     -3,-1.8     2,-0.3     2,-0.0    -2,-0.1   0.445  91.7  69.1  73.4   1.4   10.3  -21.3   -6.6               
 1746 1746 A C  S >  S-     0   0   41     -5,-0.1     3,-2.2     1,-0.0     4,-0.2  -0.910  73.8-137.8-151.7 131.7    9.3  -17.7   -7.7               
 1747 1747 A A  T 3  S+     0   0   64     -2,-0.3    -2,-0.0     1,-0.3    -4,-0.0   0.344 105.6  62.2 -61.4   3.6    6.1  -15.6   -7.5               
 1748 1748 A R  T 3  S+     0   0  160      1,-0.1    -1,-0.3    -4,-0.1 -1716,-0.2   0.306  97.2  54.3-112.2   1.0    6.9  -14.4  -11.2               
 1749 1749 A S  S <  S+     0   0   22     -3,-2.2     2,-0.3 -1718,-0.1    -2,-0.2   0.136  99.1  77.4-114.8  10.4    6.7  -17.9  -12.8               
 1750 1750 A E  S    S-     0   0   38     -4,-0.2     3,-0.1     1,-0.0    -8,-0.0  -0.923  76.1-126.0-120.8 143.7    3.2  -18.6  -11.5               
 1751 1751 A G        -     0   0   63     -2,-0.3     2,-0.1     1,-0.2    -2,-0.1  -0.201  54.1 -66.5 -67.0 174.0   -0.2  -17.4  -12.7               
 1752 1752 A F        -     0   0  197     -2,-0.0     2,-0.3     1,-0.0    -1,-0.2  -0.460  61.5-176.8 -59.6 135.9   -2.6  -15.6  -10.3               
 1753 1753 A Y        -     0   0   57     -2,-0.1     2,-0.1    -3,-0.1    -3,-0.0  -0.999  26.1-118.3-138.2 141.4   -3.9  -18.1   -7.6               
 1754 1754 A T        -     0   0  106     -2,-0.3     2,-0.6     1,-0.0     0, 0.0  -0.452  24.5-135.3 -69.8 143.9   -6.4  -17.7   -4.8               
 1755 1755 A I        -     0   0   72     -2,-0.1     5,-0.1     4,-0.0    -1,-0.0  -0.936  25.0-120.0-105.7 113.5   -5.1  -18.2   -1.2               
 1756 1756 A D    >>  -     0   0  103     -2,-0.6     4,-3.1     1,-0.1     3,-0.7  -0.084  22.1-113.0 -46.1 144.9   -7.4  -20.4    0.9               
 1757 1757 A K  H 3> S+     0   0  172      1,-0.2     4,-1.7     2,-0.2    -1,-0.1   0.843 120.3  56.0 -49.6 -35.4   -8.8  -18.9    4.1               
 1758 1758 A K  H 3> S+     0   0  145      2,-0.2     4,-0.7     1,-0.2    -1,-0.2   0.887 112.3  38.4 -63.8 -45.3   -6.6  -21.5    6.0               
 1759 1759 A D  H X> S+     0   0   22     -3,-0.7     4,-2.6     2,-0.2     3,-0.6   0.883 110.1  59.8 -81.0 -34.7   -3.4  -20.3    4.3               
 1760 1760 A K  H 3X S+     0   0   86     -4,-3.1     4,-2.5     1,-0.3    -2,-0.2   0.917 105.1  52.5 -52.8 -41.8   -4.3  -16.6    4.4               
 1761 1761 A L  H 3X S+     0   0   87     -4,-1.7     4,-1.6    -5,-0.3    -1,-0.3   0.798 108.9  49.0 -66.2 -30.1   -4.5  -17.2    8.2               
 1762 1762 A R  H <X S+     0   0  102     -4,-0.7     4,-2.5    -3,-0.6    -2,-0.2   0.963 110.5  49.0 -72.4 -49.8   -0.9  -18.7    8.1               
 1763 1763 A Y  H  X S+     0   0   63     -4,-2.6     4,-1.9     1,-0.2    -2,-0.2   0.918 113.1  48.9 -53.1 -46.8    0.5  -15.7    6.1               
 1764 1764 A L  H  X S+     0   0   38     -4,-2.5     4,-0.9    -5,-0.2    -1,-0.2   0.883 110.7  49.1 -62.9 -40.7   -1.1  -13.3    8.6               
 1765 1765 A N  H  X S+     0   0   74     -4,-1.6     4,-1.2     2,-0.2     3,-0.4   0.879 108.0  54.3 -69.9 -32.9    0.3  -15.2   11.6               
 1766 1766 A S  H  X S+     0   0   42     -4,-2.5     4,-0.8     1,-0.2    -2,-0.2   0.892 103.3  57.4 -64.8 -34.8    3.8  -15.1   10.0               
 1767 1767 A S  H  X S+     0   0   57     -4,-1.9     4,-0.5    -5,-0.2    -1,-0.2   0.773  98.3  61.4 -65.1 -24.4    3.4  -11.3    9.7               
 1768 1768 A R  H >X S+     0   0  128     -4,-0.9     4,-2.0    -3,-0.4     3,-1.5   0.953  98.6  55.7 -64.1 -44.4    2.9  -11.2   13.6               
 1769 1769 A A  H 3< S+     0   0   82     -4,-1.2    -1,-0.2     1,-0.3    -2,-0.2   0.739 111.4  43.9 -61.9 -25.2    6.4  -12.7   14.1               
 1770 1770 A S  H 3< S+     0   0   91     -4,-0.8    -1,-0.3    -3,-0.2    -2,-0.2   0.475 115.1  49.1 -91.9  -8.5    7.8   -9.7   12.0               
 1771 1771 A T  H << S+     0   0  106     -3,-1.5    -2,-0.2    -4,-0.5    -3,-0.1   0.657 100.1  62.7-103.3 -22.9    5.6   -7.1   13.8               
 1772 1772 A D  S  < S+     0   0  145     -4,-2.0    -3,-0.1    -5,-0.1    -2,-0.1   0.379  77.8 100.5 -87.1   1.2    6.4   -8.1   17.4               
 1773 1773 A E  S    S-     0   0  147     -5,-0.2     3,-0.0    -4,-0.0    -3,-0.0  -0.803  72.5-138.3 -82.0 116.7   10.1   -7.3   17.1               
 1774 1774 A P        -     0   0   91      0, 0.0     2,-0.2     0, 0.0    -2,-0.1  -0.548  37.0 -89.1 -69.7 142.2   10.7   -3.8   18.7               
 1775 1775 A P    >   -     0   0   93      0, 0.0     3,-1.8     0, 0.0     0, 0.0  -0.318  37.2-139.2 -59.7 117.0   13.1   -1.6   16.7               
 1776 1776 A A  G >  S+     0   0   70      1,-0.3     3,-0.6    -2,-0.2     0, 0.0   0.639  93.1  73.0 -60.7 -18.9   16.6   -2.5   18.1               
 1777 1777 A D  G 3  S+     0   0  148      1,-0.2     3,-0.5     2,-0.1    -1,-0.3   0.462  72.7  91.1 -72.3  -0.9   17.9    1.1   18.1               
 1778 1778 A T  G X   +     0   0   64     -3,-1.8     3,-2.4     1,-0.2     4,-0.2   0.303  42.0 116.9 -86.1  17.5   15.6    2.0   21.1               
 1779 1779 A Q  T <  S+     0   0  180     -3,-0.6    -1,-0.2     1,-0.3     3,-0.2   0.589  74.9  57.2 -61.6  -7.8   18.2    1.1   23.9               
 1780 1780 A G  T 3  S+     0   0   75     -3,-0.5    -1,-0.3     1,-0.1    -2,-0.1   0.426  97.2  62.4 -93.7  -3.5   18.1    4.8   24.9               
 1781 1781 A M    <   +     0   0  155     -3,-2.4     2,-1.9     1,-0.1    -2,-0.1   0.287  58.8 118.8-117.0  11.8   14.3    4.9   25.6               
 1782 1782 A S        +     0   0  107     -4,-0.2    -1,-0.1    -3,-0.2    -3,-0.0  -0.360  30.2 150.0 -79.6  60.7   13.7    2.4   28.5               
 1783 1783 A I        -     0   0  151     -2,-1.9     2,-0.1     3,-0.0    -3,-0.0  -0.869  53.9-114.3 -86.7 120.7   12.3    4.9   31.1               
 1784 1784 A P        -     0   0  110      0, 0.0     2,-1.7     0, 0.0    -2,-0.0  -0.332  30.9-110.1 -58.8 130.9    9.8    3.0   33.4               
 1785 1785 A A        -     0   0  104     -2,-0.1    -3,-0.0     2,-0.1    -2,-0.0  -0.408  33.5-162.4 -69.1  84.3    6.2    4.3   32.9               
 1786 1786 A Q    >   -     0   0  136     -2,-1.7     3,-0.8     1,-0.1     2,-0.5  -0.533  27.1-120.6 -60.8 133.8    5.5    6.0   36.2               
 1787 1787 A P  T 3  S+     0   0  101      0, 0.0     4,-0.3     0, 0.0     3,-0.3   0.279  91.1  93.1 -67.5  12.5    1.6    6.4   36.4               
 1788 1788 A H  T 3   +     0   0  138     -2,-0.5     4,-0.4     1,-0.2    -2,-0.0   0.463  63.0  73.7 -96.6  -2.1    1.8   10.3   36.6               
 1789 1789 A A  S X> S+     0   0   76     -3,-0.8     4,-1.6     2,-0.1     3,-1.1   0.866  83.1  68.0 -76.8 -36.4    1.4   11.4   32.9               
 1790 1790 A S  H 3> S+     0   0   97     -3,-0.3     4,-2.1     1,-0.3     5,-0.2   0.882  94.3  55.4 -57.7 -43.1   -2.3   10.6   32.5               
 1791 1791 A T  H 3> S+     0   0  105     -4,-0.3     4,-0.6     1,-0.2    -1,-0.3   0.775 108.2  49.6 -63.5 -28.9   -3.6   13.4   34.8               
 1792 1792 A R  H X> S+     0   0  181     -3,-1.1     4,-2.6    -4,-0.4     3,-0.7   0.964 109.9  47.4 -77.1 -50.5   -1.7   16.1   32.9               
 1793 1793 A A  H 3X S+     0   0   64     -4,-1.6     4,-2.1     1,-0.3     5,-0.2   0.907 113.1  49.7 -58.3 -43.8   -2.9   15.2   29.4               
 1794 1794 A G  H 3X S+     0   0   31     -4,-2.1     4,-0.9     1,-0.2    -1,-0.3   0.749 113.3  47.5 -66.7 -24.3   -6.5   15.0   30.6               
 1795 1795 A S  H <X S+     0   0   58     -3,-0.7     4,-1.7    -4,-0.6    -2,-0.2   0.871 109.0  52.7 -81.5 -38.5   -6.2   18.4   32.3               
 1796 1796 A E  H >X S+     0   0  101     -4,-2.6     4,-2.3     2,-0.2     3,-0.8   0.981 110.7  46.7 -62.7 -53.5   -4.6   20.1   29.2               
 1797 1797 A R  H 3X S+     0   0   90     -4,-2.1     4,-3.0     1,-0.3    -1,-0.2   0.859 111.9  52.4 -53.2 -42.3   -7.4   18.9   26.9               
 1798 1798 A R  H 3X S+     0   0  140     -4,-0.9     4,-1.7    -5,-0.2    -1,-0.3   0.811 109.8  48.5 -66.9 -30.0  -10.0   20.1   29.5               
 1799 1799 A S  H <X S+     0   0   59     -4,-1.7     4,-2.0    -3,-0.8    -2,-0.2   0.875 113.9  45.8 -75.7 -36.8   -8.2   23.6   29.6               
 1800 1800 A E  H  X S+     0   0  103     -4,-2.3     4,-3.0     2,-0.2    -2,-0.2   0.944 111.9  51.7 -67.6 -46.8   -8.3   23.7   25.7               
 1801 1801 A Q  H  X S+     0   0   61     -4,-3.0     4,-2.7     1,-0.2    -2,-0.2   0.912 112.2  46.5 -55.7 -45.7  -12.0   22.6   25.7               
 1802 1802 A R  H  X S+     0   0  187     -4,-1.7     4,-2.6     2,-0.2    -1,-0.2   0.899 112.7  50.1 -63.7 -41.1  -12.8   25.4   28.2               
 1803 1803 A R  H  < S+     0   0  162     -4,-2.0     4,-0.3     2,-0.2    -2,-0.2   0.912 113.6  45.3 -63.6 -44.4  -10.8   28.0   26.1               
 1804 1804 A L  H >X S+     0   0   80     -4,-3.0     3,-1.7     2,-0.2     4,-0.9   0.970 114.5  47.5 -63.2 -53.5  -12.6   26.9   22.9               
 1805 1805 A L  H >X S+     0   0   98     -4,-2.7     3,-1.4     1,-0.3     4,-0.9   0.933 112.3  49.7 -54.1 -50.0  -16.1   27.0   24.6               
 1806 1806 A S  H 3< S+     0   0   80     -4,-2.6    -1,-0.3     1,-0.3    -2,-0.2   0.509 104.2  61.1 -70.3  -4.7  -15.4   30.4   26.2               
 1807 1807 A S  H <4 S+     0   0   86     -3,-1.7    -1,-0.3    -4,-0.3    -2,-0.2   0.671 107.9  43.2 -86.9 -20.9  -14.3   31.7   22.7               
 1808 1808 A F  H X< S+     0   0  110     -3,-1.4     2,-2.2    -4,-0.9     3,-1.0   0.562  83.3  97.3-101.1 -11.1  -17.8   31.0   21.3               
 1809 1809 A T  T 3< S+     0   0  119     -4,-0.9    -1,-0.1     1,-0.2     3,-0.1  -0.199  81.3  55.6 -73.6  46.7  -20.0   32.4   24.2               
 1810 1810 A G  T 3  S+     0   0   74     -2,-2.2    -1,-0.2     1,-0.1     2,-0.2   0.442  89.3  60.9-161.5   3.4  -20.5   35.8   22.5               
 1811 1811 A S  S <  S-     0   0  105     -3,-1.0     3,-0.2     1,-0.2    -1,-0.1  -0.686  82.7 -47.8-157.1 108.9  -22.0   35.8   18.9               
 1812 1812 A C        -     0   0   93     -2,-0.2     2,-1.8     1,-0.1    -1,-0.2   0.809  55.8 -84.7  64.3 140.9  -25.2   34.6   17.2               
 1813 1813 A D        +     0   0  168      3,-0.1     2,-0.3     2,-0.1    -1,-0.1  -0.501  69.8 140.7 -77.1  76.5  -27.5   31.5   17.1               
 1814 1814 A S    >   -     0   0   63     -2,-1.8     3,-2.4    -3,-0.2     4,-0.2  -0.953  66.0-107.6-124.5 150.2  -25.8   29.3   14.4               
 1815 1815 A D  G >  S+     0   0  107     -2,-0.3     3,-1.4     1,-0.3    -2,-0.1   0.563 103.1  89.0 -60.4  -7.6  -25.2   25.5   14.3               
 1816 1816 A L  G >  S+     0   0  129      1,-0.2     3,-0.7     2,-0.2    -1,-0.3   0.764  85.0  58.0 -51.3 -27.2  -21.5   26.0   15.1               
 1817 1817 A L  G <  S+     0   0  110     -3,-2.4    -1,-0.2     1,-0.2    -2,-0.2   0.689  93.7  64.7 -82.9 -14.8  -22.8   25.7   18.7               
 1818 1818 A K  G <   +     0   0  136     -3,-1.4     2,-1.5    -4,-0.2    -1,-0.2   0.040  66.7 145.2 -85.3  22.8  -24.2   22.2   17.9               
 1819 1819 A F  S <  S-     0   0  110     -3,-0.7     5,-0.2     1,-0.1    -3,-0.1  -0.503  70.4-100.7 -67.9  91.8  -20.6   21.1   17.3               
 1820 1820 A N    >>  -     0   0   15     -2,-1.5     3,-1.8     1,-0.1     4,-0.6   0.253  25.3-140.9 -32.0 114.6  -21.4   17.6   18.8               
 1821 1821 A Q  T 34 S+     0   0  118      1,-0.3     4,-0.3     2,-0.2     3,-0.2   0.677  99.2  62.5 -56.1 -23.2  -20.0   17.5   22.4               
 1822 1822 A L  T >> S+     0   0   23      1,-0.2     3,-1.5     2,-0.2     4,-0.7   0.856  89.9  67.0 -69.1 -37.7  -18.8   13.9   21.8               
 1823 1823 A K  G X4 S+     0   0  111     -3,-1.8     3,-0.9     1,-0.3    -1,-0.2   0.857  95.5  56.4 -58.6 -36.5  -16.3   14.9   19.0               
 1824 1824 A F  G 3< S+     0   0   76     -4,-0.6    -1,-0.3     1,-0.2    -2,-0.2   0.709 105.5  52.3 -68.4 -20.8  -14.2   16.8   21.6               
 1825 1825 A R  G <4 S+     0   0  156     -3,-1.5    -1,-0.2    -4,-0.3    -2,-0.2   0.612  79.6 130.8 -89.2 -12.5  -13.8   13.6   23.7               
 1826 1826 A K    <<  -     0   0   69     -3,-0.9    28,-0.2    -4,-0.7    27,-0.1  -0.081  54.0-128.4 -49.2 131.4  -12.6   11.4   20.7               
 1827 1827 A K        -     0   0   26     26,-2.4     2,-0.7     1,-0.1    -1,-0.1  -0.298  27.8 -93.3 -73.7 159.1   -9.4    9.3   21.5               
 1828 1828 A K        +     0   0  125     -2,-0.1    16,-2.7     2,-0.0    17,-0.8  -0.733  61.3 164.6 -73.7 112.8   -6.2    9.2   19.3               
 1829 1829 A L  E     -G 1843   0D  17     -2,-0.7     2,-0.3    14,-0.2    14,-0.2  -0.958  24.0-158.4-133.7 147.5   -6.9    6.1   17.1               
 1830 1830 A K  E     -G 1842   0D  63     12,-2.5    12,-3.2    -2,-0.3     2,-0.4  -0.925  15.5-134.0-119.0 148.6   -5.3    4.8   13.8               
 1831 1831 A F  E     +G 1841   0D  97     -2,-0.3     2,-0.3    10,-0.2    10,-0.2  -0.854  38.3 156.5 -95.6 140.2   -6.7    2.4   11.2               
 1832 1832 A C  E     -G 1840   0D  41      8,-2.4     8,-2.9    -2,-0.4     2,-0.1  -0.933  51.7 -67.3-147.0 169.4   -4.3   -0.4   10.0               
 1833 1833 A K  E     -G 1839   0D 119     -2,-0.3     6,-0.3     6,-0.2     2,-0.2  -0.480  58.8-150.1 -57.4 131.1   -4.3   -3.9    8.5               
 1834 1834 A S        -     0   0    3      4,-0.9    -1,-0.0     3,-0.6     6,-0.0  -0.616  23.1-136.4-105.1 164.5   -6.0   -6.2   11.0               
 1835 1835 A H  S    S+     0   0   66     -2,-0.2     3,-0.1   121,-0.1   -71,-0.1   0.539 104.9  48.2 -88.4 -15.3   -5.6  -10.0   11.8               
 1836 1836 A I  S    S-     0   0   28      1,-0.4     2,-0.3   120,-0.1   121,-0.1   0.899 129.3  -5.5 -91.2 -57.5   -9.4  -10.4   12.1               
 1837 1837 A H  S    S-     0   0  103      2,-0.1    -3,-0.6   119,-0.1    -1,-0.4  -0.921  91.0 -84.9-143.3 159.9  -10.7   -8.7    9.0               
 1838 1838 A D  S    S+     0   0   51     -2,-0.3    -4,-0.9    -5,-0.1     2,-0.3   0.702 111.3  27.8 -53.8 -33.7   -8.8   -6.7    6.3               
 1839 1839 A W  E     +G 1833   0D 133     -6,-0.3     2,-0.3    -8,-0.0    -6,-0.2  -0.950  69.4 177.5-120.5 145.2   -8.8   -3.3    8.2               
 1840 1840 A G  E     -G 1832   0D   0     -8,-2.9    -8,-2.4    -2,-0.3     2,-0.5  -0.966  28.6-117.2-142.6 159.6   -9.0   -2.6   12.0               
 1841 1841 A L  E     -G 1831   0D   0     62,-1.0    98,-3.3    98,-0.5     2,-0.3  -0.853  32.9-170.5-100.2 127.8   -9.0    0.4   14.4               
 1842 1842 A F  E     -GH18301938D  20    -12,-3.2   -12,-2.5    -2,-0.5    96,-0.2  -0.896  23.6-110.0-124.0 146.1   -6.1    0.6   16.9               
 1843 1843 A A  E     -G 1829   0D   0     94,-2.4    93,-3.0    -2,-0.3   -14,-0.2  -0.479  21.2-176.8 -72.5 138.3   -5.3    2.8   20.0               
 1844 1844 A M  S    S+     0   0  106    -16,-2.7   -15,-0.2     1,-0.2    -1,-0.1   0.468  79.0  36.9-107.2  -9.8   -2.5    5.5   19.8               
 1845 1845 A E  S    S-     0   0   39    -17,-0.8    -1,-0.2    89,-0.1     2,-0.1  -0.977 100.7 -94.7-135.1 146.1   -3.0    6.5   23.5               
 1846 1846 A P        -     0   0   76      0, 0.0     2,-0.4     0, 0.0    88,-0.2  -0.396  39.8-150.6 -64.5 139.0   -3.8    4.2   26.5               
 1847 1847 A I  B     -I 1933   0E   0     86,-2.5    86,-2.1    -2,-0.1     3,-0.1  -0.940   5.3-137.1-115.6 127.9   -7.6    4.1   27.2               
 1848 1848 A A    >   -     0   0   48     -2,-0.4     3,-0.9    84,-0.2    81,-0.2  -0.316  37.3 -85.8 -70.8 165.2   -9.0    3.5   30.7               
 1849 1849 A A  T 3  S+     0   0   51      1,-0.2    81,-0.2    81,-0.1    -1,-0.1  -0.432 113.4  19.3 -66.9 151.9  -12.0    1.2   31.4               
 1850 1850 A D  T 3  S+     0   0  106     79,-2.5     2,-0.3     1,-0.2    -1,-0.2   0.687  95.4 137.3  53.8  28.5  -15.5    2.8   30.9               
 1851 1851 A E    <   -     0   0   72     -3,-0.9    78,-2.1    80,-0.2     2,-0.4  -0.779  62.9-106.4-100.9 141.8  -13.9    5.7   28.9               
 1852 1852 A M  E     +J 1928   0F  18     -2,-0.3    76,-0.2    76,-0.2     3,-0.1  -0.540  38.4 174.4 -67.0 124.9  -15.5    7.1   25.7               
 1853 1853 A V  E     -     0   0F   0     74,-2.8   -26,-2.4    -2,-0.4     2,-0.3   0.911  57.0 -30.3 -93.8 -61.9  -13.5    5.9   22.6               
 1854 1854 A I  E     -J 1927   0F   1     73,-0.9    73,-3.0   -28,-0.2     2,-0.4  -0.972  52.2-114.3-157.4 156.9  -15.4    7.2   19.6               
 1855 1855 A E  E     -J 1926   0F  15     -2,-0.3     2,-0.5    71,-0.2    46,-0.3  -0.885  31.2-127.7 -93.8 131.9  -18.9    8.0   18.3               
 1856 1856 A Y  E     -J 1925   0F  10     69,-2.1    69,-0.7    -2,-0.4     2,-0.4  -0.753  37.1-177.1 -82.4 121.5  -20.3    5.8   15.5               
 1857 1857 A V        +     0   0   49     -2,-0.5    42,-1.0    67,-0.1     2,-0.2  -0.994  20.2 119.2-131.5 132.0  -21.4    8.2   12.7               
 1858 1858 A G  E     -L 1898   0G  19     -2,-0.4     2,-0.5    40,-0.2    36,-0.3  -0.766  67.6 -46.8-158.3-161.0  -23.1    7.6    9.3               
 1859 1859 A Q  E     -L 1893   0G  92     34,-3.0    34,-2.5    38,-0.5     2,-0.4  -0.754  51.9-127.8 -85.3 124.7  -26.4    8.5    7.6               
 1860 1860 A N  E     +L 1892   0G  99     -2,-0.5     2,-0.3    32,-0.2    32,-0.2  -0.612  42.1 164.8 -68.5 125.2  -29.6    8.0    9.7               
 1861 1861 A I  E     -L 1891   0G  13     30,-2.9    30,-2.7    -2,-0.4     2,-0.2  -0.867  35.3-109.5-136.0 164.1  -32.1    6.0    7.6               
 1862 1862 A R    >>  -     0   0  185     -2,-0.3     4,-1.6    28,-0.2     3,-1.0  -0.656  38.6-102.9 -89.6 159.9  -35.4    4.0    8.1               
 1863 1863 A Q  H >> S+     0   0   50     25,-0.3     4,-2.6     1,-0.3     3,-1.2   0.916 122.2  52.8 -47.5 -55.0  -35.6    0.1    8.0               
 1864 1864 A V  H 3> S+     0   0  101      1,-0.3     4,-1.8     2,-0.2    -1,-0.3   0.774 110.7  48.2 -53.4 -32.3  -37.2    0.2    4.4               
 1865 1865 A I  H <4 S+     0   0   75     -3,-1.0    -1,-0.3     2,-0.2    -2,-0.2   0.759 110.9  50.8 -82.4 -26.9  -34.3    2.4    3.2               
 1866 1866 A A  H XX S+     0   0    0     -4,-1.6     4,-2.9    -3,-1.2     3,-1.9   0.960 110.2  49.2 -68.1 -49.6  -31.8   -0.0    4.8               
 1867 1867 A D  H 3X S+     0   0   75     -4,-2.6     4,-2.0     1,-0.3     5,-0.3   0.924 111.3  49.5 -56.7 -46.6  -33.5   -3.0    3.1               
 1868 1868 A M  H 3< S+     0   0  122     -4,-1.8    -1,-0.3    -5,-0.2     4,-0.3   0.504 116.9  43.0 -68.8  -9.5  -33.3   -1.1   -0.3               
 1869 1869 A R  H <> S+     0   0   47     -3,-1.9     4,-2.4     2,-0.1    -2,-0.2   0.717 107.8  57.0-102.9 -34.6  -29.6   -0.3    0.4               
 1870 1870 A E  H  X S+     0   0   55     -4,-2.9     4,-2.0     2,-0.2     3,-0.5   0.992 112.1  43.5 -58.3 -56.9  -28.6   -3.8    1.6               
 1871 1871 A K  H  X S+     0   0  127     -4,-2.0     4,-3.1     1,-0.2     3,-0.3   0.898 114.4  50.1 -54.1 -48.6  -29.9   -5.3   -1.7               
 1872 1872 A R  H  > S+     0   0  119     -4,-0.3     4,-2.2    -5,-0.3    -1,-0.2   0.859 109.6  50.8 -62.4 -35.9  -28.2   -2.5   -3.7               
 1873 1873 A Y  H  <>S+     0   0    9     -4,-2.4     5,-2.2    -3,-0.5    -1,-0.2   0.832 112.7  46.8 -72.0 -28.3  -24.9   -3.1   -1.9               
 1874 1874 A E  H ><5S+     0   0  130     -4,-2.0     3,-2.0    -3,-0.3    -2,-0.2   0.955 113.3  48.0 -68.5 -49.9  -25.2   -6.8   -2.7               
 1875 1875 A D  H 3<5S+     0   0  112     -4,-3.1    -2,-0.2     1,-0.3    -3,-0.2   0.831 110.5  53.1 -57.6 -36.6  -26.1   -5.9   -6.4               
 1876 1876 A E  T 3<5S-     0   0   87     -4,-2.2    -1,-0.3    -5,-0.2    -2,-0.2   0.351 117.6-115.8 -77.8   1.5  -23.0   -3.5   -6.4               
 1877 1877 A G  T < 5S+     0   0   67     -3,-2.0     2,-1.7     1,-0.2    -3,-0.2   0.586  71.1 141.0  69.9  11.0  -20.8   -6.4   -5.2               
 1878 1878 A I      < -     0   0   55     -5,-2.2     2,-2.2    -6,-0.2    -1,-0.2  -0.488  28.4-177.6 -85.4  70.9  -20.1   -4.6   -1.8               
 1879 1879 A G        +     0   0   82     -2,-1.7    -1,-0.1     1,-0.2     2,-0.1  -0.081  62.9  70.5 -66.0  36.2  -20.3   -7.8    0.4               
 1880 1880 A S        -     0   0   45     -2,-2.2     2,-0.2    -7,-0.1    -1,-0.2  -0.562  66.5-166.2-151.6  87.3  -19.8   -5.7    3.6               
 1881 1881 A S        -     0   0   55     -2,-0.1     2,-0.2     1,-0.1   -11,-0.0  -0.527  10.4-152.4 -71.1 136.2  -22.8   -3.6    4.7               
 1882 1882 A Y        +     0   0   62     -2,-0.2    12,-2.8     2,-0.0     2,-0.4  -0.361  41.9 144.0-107.4  51.5  -21.9   -1.0    7.4               
 1883 1883 A M  E     -M 1893   0G  38     10,-0.2     2,-0.4    -2,-0.2    10,-0.2  -0.750  30.7-166.7 -97.7 137.4  -25.3   -0.7    9.0               
 1884 1884 A F  E     -M 1892   0G  35      8,-1.8     8,-2.5    -2,-0.4     2,-0.4  -0.967  17.0-138.1-125.8 118.1  -26.0   -0.2   12.7               
 1885 1885 A R  E     +M 1891   0G 141     -2,-0.4     6,-0.2     6,-0.2     3,-0.1  -0.604  26.1 170.4 -75.3 119.2  -29.5   -0.7   14.2               
 1886 1886 A V  E    S-     0   0G  14      4,-2.7     2,-0.2     1,-0.5     5,-0.2   0.814  72.9 -19.1 -93.9 -42.6  -30.3    2.1   16.8               
 1887 1887 A D  E >  S-M 1890   0G  54      3,-1.7     3,-0.6     1,-0.0    -1,-0.5  -0.855  82.0 -84.6-146.2 178.9  -34.0    1.3   17.2               
 1888 1888 A H  T 3  S+     0   0  173     -2,-0.2   -25,-0.3     1,-0.2     3,-0.1   0.890 130.8  34.7 -56.8 -40.3  -36.6   -0.7   15.1               
 1889 1889 A D  T 3  S+     0   0  125      1,-0.1     2,-0.5   -27,-0.1    -1,-0.2   0.480 113.2  66.6 -92.8  -8.8  -37.3    2.4   12.9               
 1890 1890 A T  E <   + M   01887G  44     -3,-0.6    -4,-2.7   -28,-0.2    -3,-1.7  -0.927  51.6 169.3-132.1 113.1  -33.8    3.9   12.9               
 1891 1891 A I  E     -LM18611885G   3    -30,-2.7   -30,-2.9    -2,-0.5     2,-0.6  -0.834  25.7-141.9-111.8 147.6  -30.6    2.5   11.3               
 1892 1892 A I  E     -LM18601884G   7     -8,-2.5    -8,-1.8    -2,-0.3     2,-0.7  -0.940  15.4-159.5-109.6 105.1  -27.3    4.4   10.8               
 1893 1893 A D  E     +LM18591883G   2    -34,-2.5   -34,-3.0    -2,-0.6   -10,-0.2  -0.778  18.3 171.2 -83.0 113.9  -25.8    3.4    7.4               
 1894 1894 A A  E     +     0   0G   0    -12,-2.8   -11,-0.1    -2,-0.7    -1,-0.1   0.075  47.5 103.8-106.5  20.6  -22.0    4.1    7.5               
 1895 1895 A T  E    S+     0   0G  11    -36,-0.1     3,-0.1   -13,-0.1    -1,-0.1   0.989  97.4  10.3 -73.1 -61.4  -21.2    2.4    4.1               
 1896 1896 A K  E    S+     0   0G 110      1,-0.2     2,-0.5   -37,-0.0    -2,-0.1   0.972 138.5  33.1 -79.1 -64.7  -20.8    5.4    1.8               
 1897 1897 A C  E    S+     0   0G  86     -4,-0.2   -38,-0.5   -38,-0.0     2,-0.2  -0.765  88.2  97.7 -97.4 125.6  -20.7    8.3    4.3               
 1898 1898 A G  E     -L 1858   0G  41     -2,-0.5     2,-0.2   -40,-0.2   -40,-0.2  -0.917  55.4 -95.6-172.1-163.5  -19.2    7.7    7.8               
 1899 1899 A N    >   -     0   0   42    -42,-1.0     3,-2.4    -2,-0.2     4,-0.2  -0.808  53.3 -76.4-130.1 177.9  -16.2    7.9   10.3               
 1900 1900 A F  G >  S+     0   0   82      1,-0.3     3,-1.5    -2,-0.2   -44,-0.1   0.605 114.0  80.9 -52.4 -16.7  -13.3    5.7   11.6               
 1901 1901 A A  G >  S+     0   0    1    -46,-0.3     3,-1.0     1,-0.2    -1,-0.3   0.680  75.6  73.7 -66.7 -15.7  -15.8    3.7   13.8               
 1902 1902 A R  G <  S+     0   0   53     -3,-2.4    -1,-0.2     1,-0.2    -2,-0.2   0.733  89.6  61.6 -63.7 -21.6  -16.8    1.7   10.6               
 1903 1903 A F  G <  S+     0   0   45     -3,-1.5   -62,-1.0    -4,-0.2     2,-0.7  -0.031  72.0 117.3 -95.9  24.5  -13.3   -0.1   11.0               
 1904 1904 A I    <   -     0   0    1     -3,-1.0    36,-0.2   -64,-0.2   -64,-0.1  -0.884  59.0-142.3 -95.5 113.8  -14.0   -1.6   14.5               
 1905 1905 A N  E     -n 1940   0H  10     34,-0.8    36,-1.9    -2,-0.7     2,-0.2  -0.262  13.7-100.7 -78.5 158.5  -13.9   -5.4   14.1               
 1906 1906 A H  E     +n 1941   0H   8     34,-0.2     2,-0.3    36,-0.1    36,-0.2  -0.520  39.4 174.6 -69.2 139.8  -16.0   -8.2   15.7               
 1907 1907 A S        -     0   0    9     34,-1.7    33,-0.0    -2,-0.2    54,-0.0  -0.941  34.1-149.8-143.7 136.0  -14.7  -10.2   18.6               
 1908 1908 A C  S    S+     0   0   15     -2,-0.3    34,-0.1     1,-0.3    -1,-0.1   0.776 108.9  48.6 -66.6 -24.6  -16.4  -12.8   20.8               
 1909 1909 A N  S    S-     0   0   63     32,-0.1     2,-0.3    -3,-0.1    -1,-0.3  -0.794  93.4-169.5-106.6  80.5  -14.0  -11.5   23.5               
 1910 1910 A P        -     0   0   21      0, 0.0    31,-0.2     0, 0.0    32,-0.1  -0.572  26.8-164.6 -81.0 137.0  -14.7   -7.7   23.0               
 1911 1911 A N  S    S+     0   0    6     -2,-0.3    19,-2.7    29,-0.3    20,-1.2   0.588  79.0  43.4 -90.5  -9.4  -12.6   -5.0   24.7               
 1912 1912 A C  E     -K 1929   0F   2     28,-2.3    30,-0.4    17,-0.3     2,-0.3  -0.846  66.7-153.4-125.8 164.3  -15.3   -2.3   23.9               
 1913 1913 A Y  E     -K 1928   0F  84     15,-2.8    15,-2.9    -2,-0.3     2,-0.3  -0.994  16.2-128.4-134.4 145.1  -19.1   -2.0   24.1               
 1914 1914 A A  E     -K 1927   0F  39     -2,-0.3     2,-0.3    13,-0.2    13,-0.2  -0.704  24.1-174.3 -87.8 144.0  -21.6    0.1   22.1               
 1915 1915 A K  E     -K 1926   0F 113     11,-2.1    11,-2.6    -2,-0.3     2,-0.3  -0.976  21.5-135.0-140.0 126.9  -24.2    2.3   23.9               
 1916 1916 A V  E     -K 1925   0F  60     -2,-0.3     2,-0.4     9,-0.2     9,-0.2  -0.644  30.0-177.6 -75.3 130.9  -27.1    4.4   22.4               
 1917 1917 A I  E     -K 1924   0F  45      7,-2.7     7,-2.3    -2,-0.3     2,-0.6  -0.998  26.1-130.7-134.4 130.5  -27.2    7.9   24.1               
 1918 1918 A T  E     +K 1923   0F  99     -2,-0.4     2,-0.4     5,-0.2     5,-0.3  -0.731  31.3 175.2 -78.1 117.2  -29.7   10.7   23.5               
 1919 1919 A V  E >  S-K 1922   0F  17      3,-3.0     3,-1.7    -2,-0.6    -2,-0.0  -0.996  72.5 -10.6-125.1 123.7  -27.8   14.0   22.9               
 1920 1920 A E  T 3  S-     0   0   85     -2,-0.4    -1,-0.1     1,-0.3     3,-0.1   0.905 129.2 -58.7  53.9  44.1  -29.8   17.2   22.0               
 1921 1921 A S  T 3  S+     0   0  123      1,-0.2     2,-0.4    -3,-0.1    -1,-0.3   0.160 117.8 112.7  63.5  -8.8  -32.9   14.9   21.5               
 1922 1922 A Q  E <   - K   01919F 120     -3,-1.7    -3,-3.0     1,-0.0     2,-0.4  -0.703  69.5-126.7 -88.8 134.4  -31.0   12.8   18.8               
 1923 1923 A K  E     - K   01918F  89     -2,-0.4     2,-0.3    -5,-0.3    -5,-0.2  -0.660  34.3-178.5 -77.0 129.9  -30.1    9.2   19.5               
 1924 1924 A K  E     - K   01917F  21     -7,-2.3    -7,-2.7    -2,-0.4     2,-0.5  -0.984  26.4-124.4-134.8 141.0  -26.3    8.6   18.9               
 1925 1925 A I  E     -JK18561916F   0    -69,-0.7   -69,-2.1    -2,-0.3     2,-0.4  -0.757  28.5-171.2 -89.3 126.4  -24.1    5.4   19.1               
 1926 1926 A V  E     -JK18551915F   2    -11,-2.6   -11,-2.1    -2,-0.5     2,-0.5  -0.974  15.2-142.5-122.7 129.7  -21.1    5.8   21.5               
 1927 1927 A I  E     -JK18541914F   1    -73,-3.0   -74,-2.8    -2,-0.4   -73,-0.9  -0.812  22.0-174.5 -91.5 123.1  -18.3    3.2   21.8               
 1928 1928 A Y  E     -JK18521913F  51    -15,-2.9   -15,-2.8    -2,-0.5     2,-0.3  -0.871  28.3-109.6-112.3 148.0  -17.0    2.8   25.4               
 1929 1929 A S  E     - K   01912F   0    -78,-2.1   -79,-2.5    -2,-0.3   -17,-0.3  -0.621  17.8-164.8 -74.0 131.9  -14.0    0.7   26.6               
 1930 1930 A K  S    S+     0   0  125    -19,-2.7     2,-0.2    -2,-0.3   -18,-0.2   0.717  78.1   8.8 -81.6 -27.6  -15.0   -2.5   28.7               
 1931 1931 A Q  S    S-     0   0   94    -20,-1.2     2,-0.5   -83,-0.2   -80,-0.2  -0.815 101.7 -67.6-139.6 175.4  -11.3   -2.8   29.9               
 1932 1932 A H        -     0   0  100     -2,-0.2     2,-0.4   -83,-0.1   -84,-0.2  -0.693  52.2-152.9 -71.6 124.8   -8.0   -0.9   29.9               
 1933 1933 A I  B     -I 1847   0E   0    -86,-2.1   -86,-2.5    -2,-0.5     2,-0.1  -0.858   6.7-140.1-107.8 130.3   -6.8   -0.8   26.3               
 1934 1934 A N    >   -     0   0   84     -2,-0.4     3,-1.9   -88,-0.2   -91,-0.3  -0.335  33.3 -80.0 -85.3 164.4   -3.1   -0.5   25.5               
 1935 1935 A V  T 3  S+     0   0   71      1,-0.3   -91,-0.2   -91,-0.1    -1,-0.1  -0.518 120.8  13.8 -65.2 133.8   -1.2    1.5   22.8               
 1936 1936 A N  T 3  S+     0   0   95    -93,-3.0    -1,-0.3     1,-0.3     2,-0.2   0.436  94.4 136.3  65.7  11.0   -1.4   -0.4   19.5               
 1937 1937 A E    <   -     0   0   46     -3,-1.9   -94,-2.4   -94,-0.1     2,-0.3  -0.585  59.6-112.2 -75.4 143.8   -4.2   -2.7   20.9               
 1938 1938 A E  B     -H 1842   0D  27    -96,-0.2     2,-0.5    -2,-0.2   -96,-0.3  -0.617  21.7-127.7 -79.8 135.1   -7.1   -3.3   18.4               
 1939 1939 A I        +     0   0    0    -98,-3.3   -34,-0.8    -2,-0.3   -98,-0.5  -0.741  39.2 171.7 -82.0 126.8  -10.6   -1.9   19.3               
 1940 1940 A T  E     +n 1905   0H  12     -2,-0.5   -28,-2.3   -36,-0.2     2,-0.3  -0.977  13.3 179.1-140.4 147.9  -13.2   -4.7   19.1               
 1941 1941 A Y  E     -n 1906   0H  22    -36,-1.9   -34,-1.7    -2,-0.3     2,-0.5  -0.929  38.3 -96.5-140.6 165.7  -17.0   -5.2   19.9               
 1942 1942 A D        -     0   0   32    -30,-0.4   -28,-0.2    -2,-0.3   -34,-0.1  -0.801  27.9-161.3 -82.0 121.9  -19.8   -7.8   19.8               
 1943 1943 A Y        -     0   0   67     -2,-0.5    -1,-0.1    22,-0.1    23,-0.1   0.817  15.1-154.6 -75.7 -30.9  -21.8   -7.2   16.6               
 1944 1944 A K        -     0   0  157     21,-0.2    22,-0.1     1,-0.1     3,-0.1   0.919  15.9-173.9  51.9  53.3  -24.8   -9.2   17.8               
 1945 1945 A F        -     0   0   86     20,-0.6    -1,-0.1     1,-0.1     3,-0.0  -0.376  33.2 -97.5 -59.4 150.0  -26.3  -10.2   14.4               
 1946 1946 A P        -     0   0   63      0, 0.0     2,-0.6     0, 0.0    -1,-0.1  -0.310  46.3 -92.7 -55.9 156.3  -29.7  -12.0   14.6               
 1947 1947 A I        +     0   0  153     19,-0.2     2,-0.3    -3,-0.1     4,-0.1  -0.724  58.9 173.1 -74.4 121.4  -29.6  -15.8   14.4               
 1948 1948 A E        -     0   0   85     -2,-0.6     4,-0.1     2,-0.1    18,-0.1  -0.904  44.1-116.3-131.6 154.2  -30.0  -16.5   10.7               
 1949 1949 A D  S    S+     0   0  161     -2,-0.3     2,-1.2     1,-0.1    -1,-0.1   0.850 100.1  78.5 -65.7 -31.6  -29.8  -19.8    8.8               
 1950 1950 A V  S    S-     0   0  118      1,-0.1     2,-0.6    -3,-0.0    -1,-0.1  -0.620  82.4-145.7 -81.6  94.3  -26.7  -18.6    6.7               
 1951 1951 A K        -     0   0  148     -2,-1.2    -2,-0.1    14,-0.1    -1,-0.1  -0.496   5.7-152.6 -72.5 110.5  -23.9  -19.1    9.3               
 1952 1952 A I        -     0   0   69     -2,-0.6    13,-2.0    -4,-0.1    14,-0.4  -0.694  22.8-123.2 -84.9 118.4  -21.2  -16.3    8.9               
 1953 1953 A P  B     -O 1964   0I  77      0, 0.0     2,-0.5     0, 0.0    11,-0.3  -0.412  18.3-129.2 -74.5 134.0  -17.8  -17.7   10.1               
 1954 1954 A C        -     0   0   17      9,-2.6     3,-0.3    -2,-0.2     9,-0.1  -0.656  23.3-179.3 -88.3 123.3  -16.0  -15.8   12.9               
 1955 1955 A L        +     0   0   91     -2,-0.5    -1,-0.1     1,-0.2     9,-0.0   0.238  48.6 112.2-101.7  10.6  -12.3  -14.9   12.3               
 1956 1956 A C        -     0   0   16      1,-0.1    -1,-0.2     2,-0.1  -119,-0.1   0.651  66.0-146.5 -67.5 -16.8  -11.6  -13.2   15.7               
 1957 1957 A G        +     0   0   77     -3,-0.3     2,-0.2     1,-0.2    -1,-0.1   0.630  42.2 151.7  63.2  15.3   -9.2  -15.9   16.8               
 1958 1958 A S    >   -     0   0   23      1,-0.1     3,-1.4     2,-0.1    -1,-0.2  -0.549  58.1-119.0 -77.1 148.1  -10.2  -15.5   20.5               
 1959 1959 A E  T 3  S+     0   0  172      1,-0.3    -1,-0.1    -2,-0.2    -2,-0.1   0.799 116.0  44.5 -53.3 -33.4  -10.0  -18.4   23.0               
 1960 1960 A N  T 3  S+     0   0  105      3,-0.0    -1,-0.3     2,-0.0     2,-0.2  -0.321  82.8 157.9-106.6  40.4  -13.9  -18.2   23.6               
 1961 1961 A C    <   -     0   0   46     -3,-1.4   -54,-0.0     1,-0.1    -6,-0.0  -0.532  40.6-145.9 -65.9 136.5  -14.8  -17.8   19.9               
 1962 1962 A R        -     0   0  141      2,-0.3     2,-0.2    -2,-0.2    -1,-0.1   0.601  32.1-128.0 -71.6 -14.7  -18.5  -18.7   19.0               
 1963 1963 A G  S    S+     0   0   44      1,-0.1    -9,-2.6    -9,-0.1     2,-0.2  -0.199  86.7  50.2  84.1 -34.2  -17.3  -20.0   15.6               
 1964 1964 A T  B    S-O 1953   0I  38    -11,-0.3    -2,-0.3    -2,-0.2    -1,-0.1  -0.709  73.4-136.7-122.5 166.4  -20.0  -17.8   13.9               
 1965 1965 A L              0   0   22    -13,-2.0   -20,-0.6    -2,-0.2   -21,-0.2   0.724 360.0 360.0 -88.6 -30.5  -21.1  -14.1   14.1               
 1966 1966 A N              0   0   31    -14,-0.4   -19,-0.2   -22,-0.1   -12,-0.1  -0.724 360.0 360.0-106.7 360.0  -24.8  -15.3   14.2               
