==== Secondary Structure Definition by the program DSSP, CMBI version 2.0                          ==== DATE=2026-03-08        .
REFERENCE W. KABSCH AND C.SANDER, BIOPOLYMERS 22 (1983) 2577-2637                                                              .
HEADER                                            01-AUG-25                                                                    .
COMPND    MOL_ID: 1; MOLECULE: MEIOSIS REGULATOR AND MRNA STABILITY FACTOR 1; CH                                               .
SOURCE    MOL_ID: 1; ORGANISM_SCIENTIFIC: HOMO SAPIENS; ORGANISM_TAXID: 9606                                                   .
AUTHOR                                                                                                                         .
 1742  1  0  0  0 TOTAL NUMBER OF RESIDUES, NUMBER OF CHAINS, NUMBER OF SS-BRIDGES(TOTAL,INTRACHAIN,INTERCHAIN)                .
160383.8   ACCESSIBLE SURFACE OF PROTEIN (ANGSTROM**2)                                                                         .
  751 43.1   TOTAL NUMBER OF HYDROGEN BONDS OF TYPE O(I)-->H-N(J)  , SAME NUMBER PER 100 RESIDUES                              .
   30  1.7   TOTAL NUMBER OF HYDROGEN BONDS IN     PARALLEL BRIDGES, SAME NUMBER PER 100 RESIDUES                              .
  127  7.3   TOTAL NUMBER OF HYDROGEN BONDS IN ANTIPARALLEL BRIDGES, SAME NUMBER PER 100 RESIDUES                              .
    0  0.0   TOTAL NUMBER OF HYDROGEN BONDS OF TYPE O(I)-->H-N(I-5), SAME NUMBER PER 100 RESIDUES                              .
    2  0.1   TOTAL NUMBER OF HYDROGEN BONDS OF TYPE O(I)-->H-N(I-4), SAME NUMBER PER 100 RESIDUES                              .
    7  0.4   TOTAL NUMBER OF HYDROGEN BONDS OF TYPE O(I)-->H-N(I-3), SAME NUMBER PER 100 RESIDUES                              .
    0  0.0   TOTAL NUMBER OF HYDROGEN BONDS OF TYPE O(I)-->H-N(I-2), SAME NUMBER PER 100 RESIDUES                              .
    0  0.0   TOTAL NUMBER OF HYDROGEN BONDS OF TYPE O(I)-->H-N(I-1), SAME NUMBER PER 100 RESIDUES                              .
    0  0.0   TOTAL NUMBER OF HYDROGEN BONDS OF TYPE O(I)-->H-N(I+0), SAME NUMBER PER 100 RESIDUES                              .
    0  0.0   TOTAL NUMBER OF HYDROGEN BONDS OF TYPE O(I)-->H-N(I+1), SAME NUMBER PER 100 RESIDUES                              .
  129  7.4   TOTAL NUMBER OF HYDROGEN BONDS OF TYPE O(I)-->H-N(I+2), SAME NUMBER PER 100 RESIDUES                              .
  147  8.4   TOTAL NUMBER OF HYDROGEN BONDS OF TYPE O(I)-->H-N(I+3), SAME NUMBER PER 100 RESIDUES                              .
  299 17.2   TOTAL NUMBER OF HYDROGEN BONDS OF TYPE O(I)-->H-N(I+4), SAME NUMBER PER 100 RESIDUES                              .
   13  0.7   TOTAL NUMBER OF HYDROGEN BONDS OF TYPE O(I)-->H-N(I+5), SAME NUMBER PER 100 RESIDUES                              .
  1  2  3  4  5  6  7  8  9 10 11 12 13 14 15 16 17 18 19 20 21 22 23 24 25 26 27 28 29 30     *** HISTOGRAMS OF ***           .
  0  0  0  2  0  7  2  0  8  0  2  6  1  3  0  2  0  1  1  0  0  0  0  0  0  0  0  0  0  0    RESIDUES PER ALPHA HELIX         .
  0  0  0  2  2  0  1  0  0  0  0  0  0  0  0  0  0  0  0  0  0  0  0  0  0  0  0  0  0  0    PARALLEL BRIDGES PER LADDER      .
  2  5  7  3  7  3  0  0  0  0  0  0  0  0  0  0  0  0  0  0  0  0  0  0  0  0  0  0  0  0    ANTIPARALLEL BRIDGES PER LADDER  .
  1  9  2  0  1  0  0  0  0  0  0  0  0  0  0  0  0  0  0  0  0  0  0  0  0  0  0  0  0  0    LADDERS PER SHEET                .
  #  RESIDUE AA STRUCTURE BP1 BP2  ACC     N-H-->O    O-->H-N    N-H-->O    O-->H-N    TCO  KAPPA ALPHA  PHI   PSI    X-CA   Y-CA   Z-CA            CHAIN
    1    1 A M              0   0  241      0, 0.0     0, 0.0     0, 0.0     0, 0.0   0.000 360.0 360.0 360.0 138.8   49.1  -20.4  -24.8               
    2    2 A M        +     0   0  197      1,-0.1     2,-0.2     0, 0.0     0, 0.0   0.997 360.0 173.3  58.4  93.4   51.6  -19.6  -21.9               
    3    3 A E        -     0   0  197      2,-0.0    -1,-0.1     0, 0.0     2,-0.1  -0.692   9.4-175.5 -95.1 167.5   50.5  -19.6  -18.3               
    4    4 A G        -     0   0   70     -2,-0.2     2,-0.0     2,-0.0     0, 0.0  -0.217   4.7-164.1 163.1  97.4   53.0  -19.2  -15.4               
    5    5 A N        +     0   0  173     -2,-0.1     2,-0.0     0, 0.0    -2,-0.0   0.394  10.4 172.1  72.6 125.9   52.8  -19.4  -12.0               
    6    6 A G        -     0   0   61     -2,-0.0    -2,-0.0     0, 0.0     0, 0.0   0.082  23.4-115.9 139.7  90.9   54.8  -18.4   -8.8               
    7    7 A T        +     0   0  130     -2,-0.0     0, 0.0     0, 0.0     0, 0.0   0.514  27.4  87.7  58.1 130.9   54.2  -18.4   -5.3               
    8    8 A E        +     0   0  173      0, 0.0     2,-0.2     0, 0.0     0, 0.0   0.764  26.3  45.3-167.5 148.8   53.8  -17.4   -2.3               
    9    9 A N        -     0   0  171      0, 0.0     2,-0.3     0, 0.0     0, 0.0  -0.564  27.9-167.4 175.5 157.9   52.6  -16.2    1.1               
   10   10 A S        +     0   0  111     -2,-0.2     2,-0.1     2,-0.0     0, 0.0  -0.993  13.8 170.7-141.7 138.0   49.7  -16.9    3.7               
   11   11 A C        -     0   0  125     -2,-0.3    -1,-0.0     2,-0.0     0, 0.0  -0.509  33.7-106.5-158.1 101.8   47.9  -15.7    6.8               
   12   12 A S        -     0   0   94     -2,-0.1    -2,-0.0     0, 0.0     0, 0.0   0.656  28.7-121.3  39.9 121.1   44.6  -16.9    8.3               
   13   13 A R        -     0   0  240      1,-0.0     2,-0.0     0, 0.0    -2,-0.0   0.691  20.5-115.3  74.3 148.0   40.9  -16.5    9.1               
   14   14 A T        +     0   0  136      0, 0.0     2,-0.3     0, 0.0    -1,-0.0   0.374  36.8 143.1-135.8 161.5   37.9  -16.2   10.0               
   15   15 A R        +     0   0  247     -2,-0.0     2,-0.1     0, 0.0     0, 0.0  -0.965  19.9 149.9-137.2 158.5   34.9  -18.7    9.3               
   16   16 A G        +     0   0   69     -2,-0.3     0, 0.0     1,-0.1     0, 0.0  -0.171  17.3  37.5 124.4 149.1   31.7  -20.0   11.1               
   17   17 A W        +     0   0  237     -2,-0.1    -1,-0.1     0, 0.0     2,-0.1   0.582  39.9 122.3-133.2 153.7   28.9  -21.1   11.9               
   18   18 A L        +     0   0  172      2,-0.1     2,-0.2     1,-0.0    -2,-0.0  -0.563  43.3 123.1-151.1  75.0   26.6  -23.7   10.2               
   19   19 A Q        -     0   0  148     -2,-0.1    -1,-0.0     2,-0.0     0, 0.0  -0.742  52.6-112.2-154.3 109.5   25.8  -26.6   12.6               
   20   20 A Q        -     0   0  153     -2,-0.2     2,-0.3     1,-0.1    -2,-0.1   0.329  18.8-172.0  21.2 115.2   22.8  -28.3   14.0               
   21   21 A D        -     0   0  161      2,-0.0     2,-0.4     0, 0.0    -1,-0.1  -0.977  18.7-150.0-130.5 146.2   21.5  -28.4   17.6               
   22   22 A N        +     0   0  119     -2,-0.3     2,-0.2     2,-0.0    -2,-0.0  -0.918  32.1  81.9-127.3 110.6   18.5  -30.7   18.5               
   23   23 A D        +     0   0  168     -2,-0.4    -2,-0.0     2,-0.0     0, 0.0  -0.842  42.1  44.5-171.5 174.2   15.7  -30.6   21.0               
   24   24 A A        -     0   0   77     -2,-0.2    -2,-0.0     2,-0.0     0, 0.0   0.675  55.6-118.1  75.4  52.6   12.4  -29.6   22.5               
   25   25 A K        -     0   0  187      1,-0.1     2,-0.3     0, 0.0    -2,-0.0   0.852  32.1 -56.3  62.9 152.1    9.0  -29.5   20.8               
   26   26 A P        -     0   0  115      0, 0.0     2,-0.3     0, 0.0    -1,-0.1  -0.582  33.3-163.1 -91.5 139.6    6.0  -27.2   19.7               
   27   27 A W        +     0   0  215     -2,-0.3     2,-0.2     2,-0.0     0, 0.0  -0.967  15.8 163.1-142.1 120.7    3.6  -24.9   21.7               
   28   28 A L        +     0   0   86     -2,-0.3     0, 0.0     0, 0.0     0, 0.0   0.337  20.3 135.5  67.8 148.5    0.7  -23.8   20.7               
   29   29 A W        -     0   0  148     -2,-0.2    -2,-0.0     2,-0.0     0, 0.0   0.425  28.1  -3.8  70.5 147.8   -1.9  -22.3   23.2               
   30   30 A K        -     0   0  151      1,-0.1     2,-0.3     0, 0.0     0, 0.0   0.684  18.7-140.0-157.1 158.2   -4.0  -19.9   23.9               
   31   31 A F        +     0   0  195      1,-0.0    -1,-0.1     0, 0.0     2,-0.1  -0.597  35.3 150.2 -71.0 132.8   -6.2  -16.7   23.9               
   32   32 A S        -     0   0  103     -2,-0.3    -1,-0.0     2,-0.0     0, 0.0  -0.505  37.1 -97.4-165.7 109.6   -6.8  -14.7   27.1               
   33   33 A N        +     0   0  159     -2,-0.1     2,-0.2     1,-0.0     0, 0.0   0.701  32.6 161.6  37.2 122.6   -7.5  -11.0   27.7               
   34   34 A C        +     0   0   91      2,-0.0     2,-0.3     0, 0.0    -2,-0.0  -0.588  16.1 137.5-164.7 131.3   -6.0   -7.7   28.6               
   35   35 A F        +     0   0  181     -2,-0.2     2,-0.3     2,-0.0    -2,-0.0  -0.839  21.6 174.3-151.6 120.9   -7.2   -4.1   28.2               
   36   36 A S        -     0   0  107     -2,-0.3    -2,-0.0     1,-0.0     0, 0.0  -0.842  24.6-110.9-129.3 158.7   -6.8   -1.4   31.0               
   37   37 A R        -     0   0  242     -2,-0.3     2,-0.2     1,-0.1    -2,-0.0  -0.499  16.0-126.4 -89.4 158.4   -7.5    2.4   31.1               
   38   38 A P        -     0   0  118      0, 0.0     2,-0.2     0, 0.0    -1,-0.1  -0.645  20.2-147.4 -86.2 158.3   -5.4    5.6   31.5               
   39   39 A E        -     0   0  196     -2,-0.2     2,-0.3     2,-0.0     0, 0.0  -0.757  13.7-135.0-117.7 167.6   -6.0    8.3   34.2               
   40   40 A Q        -     0   0  167     -2,-0.2     2,-0.3     2,-0.0     0, 0.0  -0.926  16.0-169.7-121.7 150.1   -5.4   12.1   34.0               
   41   41 A T        -     0   0  149     -2,-0.3    -2,-0.0     0, 0.0     0, 0.0  -0.981  28.6-157.3-134.1 151.7   -4.0   15.1   35.8               
   42   42 A L        +     0   0  142     -2,-0.3    -2,-0.0     1,-0.1     0, 0.0  -0.885  10.6   4.6-155.6 174.4   -4.5   18.8   34.8               
   43   43 A P        +     0   0   95      0, 0.0    -1,-0.1     0, 0.0     0, 0.0   0.892  11.6 142.4-129.6-167.1   -4.0   22.0   34.5               
   44   44 A H        -     0   0  166      0, 0.0     0, 0.0     0, 0.0     0, 0.0   0.277  40.1-101.5 161.3 101.7   -3.0   25.7   34.4               
   45   45 A S        -     0   0  101      1,-0.0     2,-0.0     0, 0.0     0, 0.0   0.988  24.2 -98.4  95.0 157.9   -3.2   28.4   32.2               
   46   46 A P        +     0   0  107      0, 0.0    -1,-0.0     0, 0.0     0, 0.0  -0.069  17.6  77.0-137.5-176.2   -2.3   30.9   29.7               
   47   47 A Q        +     0   0  183     -2,-0.0     0, 0.0     1,-0.0     0, 0.0   0.424  16.5 126.6  73.7 145.5   -1.4   33.7   27.2               
   48   48 A T        -     0   0  117      0, 0.0    -1,-0.0     0, 0.0     0, 0.0   0.570  28.7-159.5-155.9 147.5    0.4   35.8   25.4               
   49   49 A K        +     0   0  160      0, 0.0     0, 0.0     0, 0.0     0, 0.0   0.597  16.1 139.7  -0.3 165.4    1.0   36.9   21.7               
   50   50 A E        -     0   0  131      0, 0.0     0, 0.0     0, 0.0     0, 0.0   0.737  22.5 -22.1-164.5 161.3    2.3   38.2   19.0               
   51   51 A Y        +     0   0  194      0, 0.0     0, 0.0     0, 0.0     0, 0.0   0.667  32.5  73.8  65.3 152.0    3.3   38.5   15.2               
   52   52 A M        -     0   0  132      0, 0.0     0, 0.0     0, 0.0     0, 0.0   0.857  29.1 -82.2-168.8 168.8    4.0   37.8   12.1               
   53   53 A E        +     0   0  121      0, 0.0     2,-0.0     0, 0.0     0, 0.0   0.758  31.3  90.4-161.2 150.8    3.4   36.9    8.8               
   54   54 A N        -     0   0  114      2,-0.0     0, 0.0     0, 0.0     0, 0.0  -0.007  52.4 -64.2-180.0 124.8    2.7   35.6    5.3               
   55   55 A K        -     0   0  155      1,-0.2     2,-0.7    -2,-0.0     0, 0.0   0.752  16.2-167.0  50.0  83.8   -0.2   34.7    3.0               
   56   56 A K        -     0   0  217      2,-0.0     2,-0.5     0, 0.0    -1,-0.2  -0.851  28.1-166.1 -73.6 115.9   -2.9   32.2    3.1               
   57   57 A V        -     0   0  112     -2,-0.7     2,-0.6     2,-0.0     0, 0.0  -0.949   9.7-152.5-105.6 126.5   -4.1   32.5   -0.6               
   58   58 A A        -     0   0  102     -2,-0.5     2,-0.5     2,-0.0    -2,-0.0  -0.895  17.2-179.2 -92.2 121.6   -7.4   30.9   -1.5               
   59   59 A V        -     0   0  104     -2,-0.6     2,-0.7     2,-0.1    -2,-0.0  -0.969  16.1-163.5-120.9 113.4   -7.5   29.9   -5.2               
   60   60 A E        +     0   0  200     -2,-0.5     2,-0.3     2,-0.0    -2,-0.0  -0.864  25.5 164.6 -73.0 121.1  -10.6   28.3   -6.7               
   61   61 A L        -     0   0  157     -2,-0.7     2,-0.1     3,-0.0     3,-0.1  -0.964  15.6-165.8-139.3 131.3   -9.3   26.8  -10.0               
   62   62 A K        +     0   0  177     -2,-0.3    -2,-0.0     1,-0.1     0, 0.0  -0.389  47.0  60.0 -87.0 176.2  -11.2   24.2  -12.1               
   63   63 A D        +     0   0  153      1,-0.2    -1,-0.1    -2,-0.1     0, 0.0   0.875  46.7 120.7  71.8  61.5  -10.2   21.9  -14.9               
   64   64 A V        -     0   0  133     -3,-0.1     2,-0.3     2,-0.0    -1,-0.2  -0.949  53.4-135.0-130.1 125.1   -7.4   19.3  -14.5               
   65   65 A P        -     0   0  119      0, 0.0     0, 0.0     0, 0.0     0, 0.0  -0.589  13.5-127.9 -81.1 135.4   -8.7   15.7  -15.2               
   66   66 A S        -     0   0  105     -2,-0.3     2,-1.0     1,-0.1    -2,-0.0  -0.650  12.7-137.4 -78.9 125.5   -7.7   12.8  -12.9               
   67   67 A P        -     0   0  131      0, 0.0     2,-0.2     0, 0.0    -1,-0.1  -0.714  30.0-171.0 -82.9 100.7   -6.1    9.7  -14.5               
   68   68 A L        -     0   0  156     -2,-1.0     2,-0.2     1,-0.1     0, 0.0  -0.587  28.2 -75.7 -92.1 157.2   -7.8    6.7  -12.7               
   69   69 A H        +     0   0  177     -2,-0.2     2,-0.2     2,-0.0    -1,-0.1  -0.307  50.7 165.6 -61.0 126.0   -6.8    3.0  -12.9               
   70   70 A A        -     0   0  106     -2,-0.2     2,-0.1     0, 0.0     0, 0.0  -0.764  18.3-105.5-171.1 156.1   -7.5    0.5  -15.7               
   71   71 A G        -     0   0   69     -2,-0.2    -2,-0.0     1,-0.1     0, 0.0  -0.808  17.1 -79.0 159.2  48.0   -6.8   -2.2  -16.9               
   72   72 A S        +     0   0  117     -2,-0.1    -1,-0.1     2,-0.0     0, 0.0   0.802  42.0  52.2  70.2 142.2   -5.2   -5.0  -19.2               
   73   73 A K        +     0   0  190      0, 0.0    -2,-0.0     0, 0.0     0, 0.0   0.981  28.1  94.2  67.8 112.9   -5.4   -6.9  -22.6               
   74   74 A L        -     0   0  149      2,-0.0     3,-0.1     0, 0.0    -2,-0.0   0.412  26.1-142.1 164.7 132.3   -5.6   -7.5  -26.0               
   75   75 A F        -     0   0  176      1,-0.1     2,-0.8     0, 0.0     0, 0.0   0.285  27.4-121.7  -0.9 135.3   -3.9   -8.2  -29.4               
   76   76 A P        -     0   0  131      0, 0.0     2,-0.2     0, 0.0    -1,-0.1  -0.896  43.0-154.9 -84.0 106.1   -4.5   -7.2  -33.0               
   77   77 A A        -     0   0   88     -2,-0.8     0, 0.0     1,-0.1     0, 0.0  -0.625  18.3-101.7 -83.7 147.3   -4.9  -10.8  -34.4               
   78   78 A V        -     0   0  122     -2,-0.2     2,-0.8     1,-0.1    -1,-0.1  -0.439  22.0-129.8 -68.3 134.1   -4.1  -11.5  -38.1               
   79   79 A P        -     0   0  124      0, 0.0    -1,-0.1     0, 0.0     0, 0.0  -0.761  26.7-152.4 -77.6 110.7   -7.0  -12.0  -40.7               
   80   80 A L        -     0   0  156     -2,-0.8     2,-0.1     1,-0.1     0, 0.0  -0.522  19.8-115.8 -79.9 155.3   -6.1  -15.3  -42.5               
   81   81 A P        -     0   0  117      0, 0.0     2,-0.2     0, 0.0    -1,-0.1  -0.437  12.9-146.4 -96.7 165.9   -7.3  -15.6  -46.1               
   82   82 A D        -     0   0  118     -2,-0.1    -2,-0.0     2,-0.1     0, 0.0  -0.706  32.6-114.9-141.2  97.0   -9.7  -17.7  -48.3               
   83   83 A I        +     0   0  135     -2,-0.2     2,-0.1     0, 0.0     0, 0.0   0.579  28.8 173.9  30.9 123.0   -8.9  -18.4  -52.0               
   84   84 A R        +     0   0  197      0, 0.0    -2,-0.1     0, 0.0     0, 0.0  -0.355  35.1  22.1 173.1 138.5  -10.3  -17.7  -55.5               
   85   85 A S        -     0   0   94     -2,-0.1     0, 0.0     0, 0.0     0, 0.0   0.621  36.4-122.4-164.7 151.3   -9.1  -18.4  -58.4               
   86   86 A L        +     0   0  158      1,-0.0     2,-0.2     0, 0.0     0, 0.0   0.731  26.6 115.9  39.0 113.0   -7.3  -19.8  -61.6               
   87   87 A Q        +     0   0  194      0, 0.0    -1,-0.0     0, 0.0     0, 0.0  -0.655  33.0 169.5-173.3 178.9   -5.2  -19.6  -64.4               
   88   88 A Q        +     0   0  182     -2,-0.2     0, 0.0     1,-0.1     0, 0.0  -0.659  18.1 111.6-148.2-172.2   -1.8  -20.9  -65.9               
   89   89 A P        +     0   0   99      0, 0.0    -1,-0.1     0, 0.0     0, 0.0   0.812  22.0  72.3-137.6-168.9    1.1  -21.9  -67.3               
   90   90 A K        -     0   0  191      0, 0.0     2,-0.0     0, 0.0     0, 0.0   0.343  35.3-122.2 110.6 144.7    4.8  -22.5  -68.3               
   91   91 A I        +     0   0  146      0, 0.0     0, 0.0     0, 0.0     0, 0.0   0.596  32.9 112.6-170.6 163.2    7.8  -23.8  -67.4               
   92   92 A Q        -     0   0  170     -2,-0.0     2,-0.0     0, 0.0     0, 0.0   0.593  39.4 -63.5  83.4 111.6   11.5  -24.9  -66.4               
   93   93 A L        +     0   0  168      0, 0.0     2,-0.0     0, 0.0     0, 0.0   0.415  40.4  97.4  78.9 117.8   13.4  -26.0  -63.8               
   94   94 A S        -     0   0  109     -2,-0.0     0, 0.0     2,-0.0     0, 0.0   0.773  51.0 -26.0-145.3-178.8   15.0  -26.2  -61.0               
   95   95 A S        +     0   0  110      1,-0.1     0, 0.0    -2,-0.0     0, 0.0   0.785  39.7 149.9-147.8 172.3   15.0  -27.3  -57.9               
   96   96 A V        -     0   0  114      2,-0.0     2,-0.3     0, 0.0    -1,-0.1  -0.999  23.0-158.1-147.8 140.5   12.9  -28.3  -54.8               
   97   97 A P        +     0   0  127      0, 0.0     2,-0.2     0, 0.0     0, 0.0  -0.852  25.9 171.5-118.6 145.1   12.1  -30.2  -51.8               
   98   98 A K        -     0   0  177     -2,-0.3    -2,-0.0     1,-0.1     0, 0.0  -0.420  29.2  -1.5  72.5 108.5    9.0  -30.5  -50.6               
   99   99 A V        +     0   0  132     -2,-0.2     2,-0.2     1,-0.0    -1,-0.1   0.810  34.3 177.0  57.1 112.4    7.2  -32.4  -48.0               
  100  100 A S        +     0   0  107      0, 0.0     2,-0.2     0, 0.0    -1,-0.0  -0.701  13.9 158.3-177.0 143.8    7.4  -35.0  -45.1               
  101  101 A C        +     0   0  118     -2,-0.2     0, 0.0     2,-0.0     0, 0.0  -0.378  53.2  55.1  64.9 113.1    5.5  -36.4  -42.8               
  102  102 A C        -     0   0  138     -2,-0.2     2,-0.1     0, 0.0     0, 0.0   0.490  62.5-106.9  76.5 147.9    6.7  -39.8  -41.4               
  103  103 A A        -     0   0   75     -3,-0.0     2,-0.1     0, 0.0    -2,-0.0  -0.261  17.2-167.7 -77.1 164.5    9.6  -41.5  -39.7               
  104  104 A H        -     0   0  181     -2,-0.1     3,-0.1     2,-0.0     0, 0.0  -0.352   1.7-170.5-171.0 131.9   12.4  -43.9  -40.1               
  105  105 A C        -     0   0   93     -2,-0.1     2,-0.6     1,-0.1     3,-0.1   0.026  34.9 -98.8  64.6 110.0   14.7  -45.7  -38.3               
  106  106 A P  S    S-     0   0   86      0, 0.0    -1,-0.1     0, 0.0    -2,-0.0  -0.895  73.9 -53.6 -67.4 122.0   17.6  -47.7  -38.8               
  107  107 A N        +     0   0  143     -2,-0.6    -3,-0.0    -3,-0.1     0, 0.0   0.471  61.5  89.3  36.0 136.2   16.6  -51.1  -38.6               
  108  108 A E        -     0   0  169     -3,-0.1     0, 0.0     0, 0.0     0, 0.0   0.857  39.3 -16.5-175.8 174.3   15.2  -53.8  -37.4               
  109  109 A P        +     0   0  101      0, 0.0     0, 0.0     0, 0.0     0, 0.0   0.936  40.2  26.9-115.1-171.7   12.6  -55.8  -37.0               
  110  110 A S        -     0   0   97      0, 0.0     0, 0.0     0, 0.0     0, 0.0   0.716  37.8 -71.7-177.1 157.7    9.5  -57.0  -37.0               
  111  111 A T        -     0   0  119      1,-0.0     0, 0.0     2,-0.0     0, 0.0   0.735  34.2-112.3  45.1  89.5    5.8  -57.6  -37.8               
  112  112 A S        -     0   0   97      1,-0.1     2,-0.6     0, 0.0    -1,-0.0   0.616  24.6-104.4  48.5 121.3    2.6  -56.1  -37.4               
  113  113 A P        +     0   0  134      0, 0.0     2,-0.2     0, 0.0    -1,-0.1  -0.844  50.0 163.9 -86.0 120.9   -0.7  -56.6  -35.6               
  114  114 A M        -     0   0  155     -2,-0.6     0, 0.0     1,-0.2     0, 0.0  -0.739  28.0 -57.1-148.6 118.3   -3.3  -57.9  -38.1               
  115  115 A R        +     0   0  190     -2,-0.2    -1,-0.2     0, 0.0     0, 0.0   0.929  63.0  35.7  65.9 137.4   -6.7  -59.5  -37.7               
  116  116 A F        +     0   0  186      0, 0.0    -2,-0.1     0, 0.0     0, 0.0   0.783  47.2  95.4  70.6 137.1   -9.0  -62.3  -36.4               
  117  117 A G        -     0   0   83      0, 0.0     2,-0.1     0, 0.0     0, 0.0   0.436  31.7-138.2  83.4 140.5   -9.5  -64.7  -33.5               
  118  118 A G        +     0   0   78      0, 0.0     0, 0.0     0, 0.0     0, 0.0  -0.228  17.4  41.1 148.4 104.1  -10.9  -65.4  -30.8               
  119  119 A G        -     0   0   85     -2,-0.1     2,-0.0     0, 0.0     0, 0.0   0.029  21.9 -58.8  75.9 167.3  -11.6  -66.6  -27.2               
  120  120 A G        +     0   0   77      0, 0.0     0, 0.0     0, 0.0     0, 0.0   0.175  18.5  73.4 160.8 127.3  -11.5  -67.2  -24.2               
  121  121 A G        +     0   0   88     -2,-0.0     0, 0.0     0, 0.0     0, 0.0   0.085  13.2 134.9  74.2 162.9  -11.2  -68.1  -20.5               
  122  122 A G        +     0   0   70      0, 0.0     0, 0.0     0, 0.0     0, 0.0   0.798   8.5 178.4-154.6 151.1  -10.2  -68.0  -17.5               
  123  123 A S        +     0   0  132      0, 0.0     2,-0.0     0, 0.0     0, 0.0   0.829  12.3 127.8  91.2 132.8  -10.7  -68.0  -14.1               
  124  124 A G        +     0   0   78      0, 0.0     2,-0.0     0, 0.0     0, 0.0   0.265  17.6 130.3  88.6 135.7   -9.3  -67.9  -10.5               
  125  125 A G        -     0   0   74     -2,-0.0     0, 0.0     2,-0.0     0, 0.0   0.586  22.4-111.9 120.5 139.4   -9.2  -66.7   -7.6               
  126  126 A T        +     0   0  135     -2,-0.0     0, 0.0     0, 0.0     0, 0.0   0.814   9.8 178.2-146.2 159.4   -9.3  -66.1   -4.4               
  127  127 A S        +     0   0  108      0, 0.0    -2,-0.0     0, 0.0     0, 0.0   0.484   2.6 170.2  41.1 141.1  -10.4  -64.8   -1.2               
  128  128 A S        -     0   0   88      0, 0.0     0, 0.0     0, 0.0     0, 0.0   0.621  15.7-100.1-167.9 147.0  -10.4  -64.4    2.0               
  129  129 A L        -     0   0  151      0, 0.0     2,-0.0     0, 0.0     0, 0.0   0.768   8.7-152.0  59.6 169.6  -11.6  -62.7    5.2               
  130  130 A I        +     0   0  129      2,-0.0     0, 0.0     0, 0.0     0, 0.0   0.096  14.6 134.9-176.4 153.8  -12.2  -60.8    8.0               
  131  131 A H        -     0   0  173     -2,-0.0     2,-0.1     0, 0.0     0, 0.0   0.373  19.7-172.4  84.1 155.6  -13.3  -59.5   11.5               
  132  132 A P        -     0   0  123      0, 0.0     2,-0.1     0, 0.0    -2,-0.0  -0.421   6.9-119.7-143.1-168.6  -12.3  -57.5   14.6               
  133  133 A G        +     0   0   74     -2,-0.1     0, 0.0     1,-0.0     0, 0.0  -0.332  31.0  35.6 138.6 150.1  -12.4  -56.0   18.2               
  134  134 A A        -     0   0   92     -2,-0.1    -1,-0.0     0, 0.0     0, 0.0   0.647  24.5-143.8-157.9 151.6  -12.5  -53.8   20.4               
  135  135 A L        +     0   0  150      0, 0.0     0, 0.0     0, 0.0     0, 0.0   0.750  27.0  86.9  39.7 132.1  -13.2  -50.4   22.0               
  136  136 A L        +     0   0  146      0, 0.0     0, 0.0     0, 0.0     0, 0.0   0.777  29.2  11.2  72.6 143.0  -12.1  -47.5   24.3               
  137  137 A D        -     0   0  136      0, 0.0     0, 0.0     0, 0.0     0, 0.0   0.727  27.1 -56.7-160.2 159.3  -10.8  -44.8   25.4               
  138  138 A S        +     0   0   91      0, 0.0     0, 0.0     0, 0.0     0, 0.0   0.568  29.0  81.1  61.3 156.2   -9.1  -41.3   25.8               
  139  139 A Q        -     0   0  164      0, 0.0     0, 0.0     0, 0.0     0, 0.0   0.596  37.9 -77.3-158.9 134.4   -7.2  -38.7   25.8               
  140  140 A S        +     0   0  106      1,-0.0     2,-0.1     0, 0.0     0, 0.0   0.854  34.2 123.6  57.1 130.9   -5.9  -35.5   23.9               
  141  141 A T        -     0   0  117      2,-0.1    -1,-0.0     0, 0.0     0, 0.0   0.091  34.6-127.1-164.7 160.2   -4.1  -33.7   21.7               
  142  142 A R        +     0   0  111     -2,-0.1     2,-0.3     2,-0.0     0, 0.0  -0.149  19.8 172.7 -56.5 149.0   -4.9  -31.1   18.9               
  143  143 A T        -     0   0  146      2,-0.0     2,-0.4     0, 0.0    -2,-0.1  -0.926  29.8-140.8-137.7 154.2   -4.1  -30.6   15.3               
  144  144 A I        -     0   0  116     -2,-0.3     2,-0.3     2,-0.0    -2,-0.0  -0.897  12.7-158.5-117.8 139.2   -5.9  -27.6   13.5               
  145  145 A T        -     0   0  133     -2,-0.4     2,-0.2     1,-0.0    -2,-0.0  -0.884  47.1 -80.1-115.4 147.9   -7.5  -27.1   10.1               
  146  146 A C        -     0   0  130     -2,-0.3     2,-0.3     1,-0.0    -1,-0.0  -0.284  34.6-176.2 -75.7 127.0   -8.0  -23.5    9.0               
  147  147 A Q        -     0   0  184     -2,-0.2     2,-1.1     1,-0.0    -1,-0.0  -0.775  49.0-103.2 -84.0 148.3  -10.6  -20.9    9.8               
  148  148 A V        -     0   0  157     -2,-0.3     2,-0.1     1,-0.0    -2,-0.0  -0.661  52.3-142.8 -72.4  99.1  -10.1  -17.6    7.8               
  149  149 A G        -     0   0   65     -2,-1.1     2,-0.5     1,-0.1    -1,-0.0  -0.418   9.7-109.4 -74.8 143.9   -8.6  -15.7   10.8               
  150  150 A S        -     0   0  114     -2,-0.1     2,-0.1     1,-0.1    -1,-0.1  -0.575  35.8-126.1 -65.5 115.6   -9.2  -12.0   11.7               
  151  151 A G        -     0   0   74     -2,-0.5     2,-0.2     1,-0.1    -1,-0.1  -0.425  37.4 -96.3 -61.9 136.4   -5.9  -10.1   11.0               
  152  152 A F        -     0   0  179     -2,-0.1     2,-0.9     1,-0.1    -1,-0.1  -0.351  22.8-135.1 -63.4 128.0   -4.8   -8.1   14.1               
  153  153 A A        -     0   0   97     -2,-0.2     2,-0.2    -3,-0.1    -1,-0.1  -0.735  29.6-131.5 -71.4 107.7   -5.8   -4.5   14.4               
  154  154 A F        -     0   0  194     -2,-0.9     2,-0.2     1,-0.1    -1,-0.0  -0.466  20.3-119.1 -57.2 128.7   -2.4   -3.0   15.6               
  155  155 A Q        -     0   0  135     -2,-0.2     2,-0.8     1,-0.1    -1,-0.1  -0.526  30.4-107.6 -65.3 137.7   -3.0   -0.8   18.7               
  156  156 A S        -     0   0  113     -2,-0.2     2,-1.6     1,-0.1    -1,-0.1  -0.619  28.9-139.1 -68.5 108.4   -1.9    2.9   18.0               
  157  157 A A        +     0   0  100     -2,-0.8     2,-1.0     1,-0.1    -1,-0.1  -0.555  29.7 173.4 -72.6  86.9    1.3    3.3   20.1               
  158  158 A S        +     0   0  114     -2,-1.6     2,-0.7     2,-0.0    -1,-0.1  -0.710  11.5 155.2 -96.5  80.7    0.8    6.8   21.5               
  159  159 A S        +     0   0  112     -2,-1.0     2,-0.2     0, 0.0    -2,-0.1  -0.829  13.7 176.2-110.1  89.7    3.7    7.1   23.9               
  160  160 A L        +     0   0  164     -2,-0.7    -2,-0.0     1,-0.0     0, 0.0  -0.480  31.7  62.5 -70.8 164.8    4.6   10.8   24.5               
  161  161 A Q        +     0   0  173     -2,-0.2     2,-0.1     1,-0.1    -1,-0.0   0.938  24.7 116.6  72.4 112.7    7.4   11.8   27.0               
  162  162 A N        +     0   0  170      0, 0.0     2,-0.4     0, 0.0    -1,-0.1  -0.429  25.1 177.1-151.5 152.2   10.5   11.8   28.0               
  163  163 A A        +     0   0   98     -2,-0.1     2,-0.2     2,-0.0     0, 0.0  -0.983   3.3 172.1-120.8 127.1   12.7   14.9   28.4               
  164  164 A S        -     0   0  118     -2,-0.4     2,-0.2     2,-0.0     0, 0.0  -0.755  11.5-165.3-159.8 112.5   16.2   15.2   29.8               
  165  165 A A        +     0   0   90     -2,-0.2     2,-0.1     0, 0.0    -2,-0.0  -0.480  16.9 147.2  84.5  79.5   18.2   17.8   29.7               
  166  166 A R        -     0   0  225      1,-0.2    -2,-0.0    -2,-0.2     0, 0.0  -0.523  28.7  -5.9-170.3 146.3   21.8   18.8   30.2               
  167  167 A N        -     0   0  122     -2,-0.1    -1,-0.2     0, 0.0     2,-0.1   0.813  27.8-129.4  64.8 129.4   24.6   21.2   29.1               
  168  168 A N        +     0   0  143      2,-0.0     2,-0.1     0, 0.0     0, 0.0   0.368  22.4 135.0  64.0 126.9   26.3   23.6   27.5               
  169  169 A L        -     0   0  172     -2,-0.1     2,-0.2     0, 0.0     0, 0.0   0.440  22.9-148.7-139.2 179.7   28.7   25.0   25.9               
  170  170 A A        +     0   0  100     -2,-0.1    -2,-0.0     1,-0.0     0, 0.0  -0.555  25.4 146.3 -87.1 158.1   29.3   27.3   22.8               
  171  171 A G        -     0   0   69     -2,-0.2    -1,-0.0     0, 0.0     0, 0.0   0.271  33.4 -87.2 157.3  93.5   32.2   27.7   20.4               
  172  172 A I        -     0   0  172      0, 0.0    -2,-0.0     0, 0.0     0, 0.0   0.890  43.2 -13.7  59.9 116.2   33.0   28.4   16.8               
  173  173 A A        +     0   0   83      0, 0.0     0, 0.0     0, 0.0     0, 0.0   0.827  44.1   7.0  75.7 141.7   33.5   27.2   13.2               
  174  174 A S        +     0   0   95      0, 0.0     0, 0.0     0, 0.0     0, 0.0   0.873  40.3  16.3  53.2 124.3   34.0   24.9   10.2               
  175  175 A D        -     0   0  140      2,-0.0     0, 0.0     0, 0.0     0, 0.0   0.994  47.0 -11.3  80.4 116.9   34.2   21.7    8.3               
  176  176 A F        -     0   0  201      1,-0.0     2,-0.2     0, 0.0     0, 0.0   0.672  42.4-100.7  67.2 154.9   33.8   18.0    7.4               
  177  177 A P        +     0   0  114      0, 0.0     2,-0.3     0, 0.0    -1,-0.0  -0.721  23.9 177.1-109.0 157.4   32.9   14.5    8.7               
  178  178 A S        -     0   0  126     -2,-0.2     2,-0.0     2,-0.1     0, 0.0  -0.985  18.4-122.4-157.8 162.4   34.5   11.2    9.9               
  179  179 A M        +     0   0  157     -2,-0.3     0, 0.0     0, 0.0     0, 0.0  -0.107  33.2 104.5 -74.2 174.0   33.8    7.7   11.3               
  180  180 A C        +     0   0  105     -2,-0.0    -2,-0.1     1,-0.0     2,-0.0   0.488  12.0  48.8  77.4 155.5   34.6    5.4   14.3               
  181  181 A L        -     0   0  145      0, 0.0    -1,-0.0     0, 0.0     0, 0.0   0.695  19.8-149.4-145.7-175.3   35.0    3.7   16.8               
  182  182 A E        +     0   0  169     -2,-0.0     0, 0.0     0, 0.0     0, 0.0   0.015   9.2 166.7 -60.1 170.4   34.0    0.9   19.4               
  183  183 A S        -     0   0   93      0, 0.0     0, 0.0     0, 0.0     0, 0.0   0.573  10.4-123.8-177.7 160.4   33.9   -0.6   22.3               
  184  184 A N        +     0   0  139      0, 0.0     2,-0.0     0, 0.0     0, 0.0   0.772  20.8 133.1  42.8 124.8   32.8   -3.0   25.1               
  185  185 A L        +     0   0  165      0, 0.0     2,-0.0     0, 0.0     0, 0.0   0.156  16.2 171.6-171.9 157.7   31.7   -4.1   28.0               
  186  186 A S        +     0   0   94      1,-0.0     0, 0.0    -2,-0.0     0, 0.0  -0.104   2.7 167.8 -70.0 177.7   29.3   -6.6   29.8               
  187  187 A S        -     0   0  104     -2,-0.0    -1,-0.0     0, 0.0     0, 0.0   0.667   6.2-161.5-174.0 147.7   28.0   -8.2   32.4               
  188  188 A C        +     0   0  102      0, 0.0    -2,-0.0     0, 0.0     0, 0.0   0.838   8.7 147.3  57.6 124.3   25.5  -10.2   34.3               
  189  189 A K        -     0   0  170      2,-0.0     0, 0.0     0, 0.0     0, 0.0   0.490  14.6  -0.2 147.2 138.6   23.8  -11.7   37.2               
  190  190 A H        -     0   0  150      0, 0.0     0, 0.0     0, 0.0     0, 0.0   0.793  27.9 -30.0  68.3 150.3   21.1  -13.2   39.5               
  191  191 A L        -     0   0  141      0, 0.0     2,-0.1     0, 0.0    -2,-0.0   0.900   8.5-161.8-158.0-156.9   18.3  -14.4   40.9               
  192  192 A P        -     0   0  103      0, 0.0     2,-0.2     0, 0.0     0, 0.0  -0.277   7.7-149.1-125.3-172.1   14.6  -15.3   42.0               
  193  193 A C        -     0   0  128     -2,-0.1     2,-0.2     2,-0.0     0, 0.0  -0.750  10.9-153.2-173.0 169.5   11.8  -16.6   44.1               
  194  194 A C        -     0   0  127     -2,-0.2     2,-0.3     2,-0.0     0, 0.0  -0.759   6.8-151.6-117.9 165.4    8.3  -18.2   44.0               
  195  195 A G        +     0   0   79     -2,-0.2     2,-0.3     2,-0.0    -2,-0.0  -0.989  25.3 179.6-135.4 142.8    5.0  -18.6   46.0               
  196  196 A K        -     0   0  186     -2,-0.3     2,-0.3     2,-0.0    -2,-0.0  -0.926  25.0-169.3-127.8 159.6    2.6  -21.6   45.6               
  197  197 A L        +     0   0  182     -2,-0.3     2,-0.3     2,-0.0    -2,-0.0  -0.931  28.8 162.7-142.9 159.1   -0.6  -23.3   46.6               
  198  198 A H        -     0   0  136     -2,-0.3     2,-0.3     2,-0.0    -2,-0.0  -0.963  23.5-163.8-167.4 138.2   -1.5  -26.8   45.5               
  199  199 A F        -     0   0  179     -2,-0.3    -2,-0.0     1,-0.0     2,-0.0  -0.866  27.8-124.0-153.0 119.7   -3.6  -30.1   45.9               
  200  200 A Q        -     0   0  139     -2,-0.3    -1,-0.0     0, 0.0    -2,-0.0   0.605  19.0-156.6  70.3 141.0   -3.3  -33.4   44.8               
  201  201 A S        -     0   0   81     -2,-0.0     0, 0.0     0, 0.0     0, 0.0   0.644  22.4 -73.5-175.7 159.0   -3.6  -36.4   43.5               
  202  202 A C        -     0   0  113      0, 0.0     0, 0.0     0, 0.0     0, 0.0   0.358  29.1-143.7 166.0 104.1   -3.3  -40.1   42.6               
  203  203 A H        -     0   0  185      2,-0.0     0, 0.0     1,-0.0     0, 0.0   0.620  10.1-174.2  25.1 138.5   -0.9  -42.5   40.9               
  204  204 A G        -     0   0   78      0, 0.0    -1,-0.0     0, 0.0     0, 0.0   0.378  32.9 -55.2 162.5  92.8   -0.5  -45.5   38.6               
  205  205 A N        -     0   0  142      0, 0.0    -2,-0.0     0, 0.0     0, 0.0   0.450  33.8-146.9 126.6  32.5    1.9  -47.7   37.3               
  206  206 A V        +     0   0   99      0, 0.0     0, 0.0     0, 0.0     0, 0.0   0.893  17.0 137.3  45.3 146.9    5.3  -48.0   35.2               
  207  207 A H        +     0   0  165      0, 0.0     0, 0.0     0, 0.0     0, 0.0   0.649   6.4 128.4  84.2 153.7    7.5  -49.9   32.7               
  208  208 A K        -     0   0  165      0, 0.0     0, 0.0     0, 0.0     0, 0.0   0.608  10.3-179.4-175.1 166.1    9.6  -50.7   30.2               
  209  209 A L        +     0   0  124      0, 0.0     0, 0.0     0, 0.0     0, 0.0   0.981  20.0  73.0  82.9 109.5   12.4  -51.9   27.7               
  210  210 A H        -     0   0  147      0, 0.0     0, 0.0     0, 0.0     0, 0.0   0.993  17.1 -96.5  91.4 116.6   14.1  -52.2   24.4               
  211  211 A Q        -     0   0  150      0, 0.0     0, 0.0     0, 0.0     0, 0.0   0.959   1.7-163.6  87.8 104.7   15.7  -52.4   21.2               
  212  212 A F        -     0   0  194      0, 0.0     2,-0.0     0, 0.0     0, 0.0   0.686   1.6-169.4  31.5 161.3   16.9  -52.6   17.7               
  213  213 A P        -     0   0  106      0, 0.0     0, 0.0     0, 0.0     0, 0.0   0.464   6.1-153.0-139.8-179.7   18.7  -53.1   15.1               
  214  214 A S        -     0   0   94     -2,-0.0     2,-0.0     0, 0.0     0, 0.0   0.452   3.3-163.0   3.5 152.5   19.6  -52.7   11.4               
  215  215 A L        -     0   0  143      2,-0.0     0, 0.0     0, 0.0     0, 0.0  -0.010  12.9-128.9-179.5 126.2   21.2  -54.1    8.4               
  216  216 A Q        +     0   0  178     -2,-0.0     2,-0.1     1,-0.0     0, 0.0   0.759  17.8 170.7  45.7 135.5   22.5  -53.2    5.0               
  217  217 A G        +     0   0   76      0, 0.0     2,-0.0     0, 0.0    -2,-0.0  -0.265  19.4 179.3 169.5 106.7   22.4  -54.2    1.2               
  218  218 A C        +     0   0  111     -2,-0.1     0, 0.0     1,-0.0     0, 0.0  -0.125  10.8 123.4 -96.9-175.1   23.9  -52.3   -1.8               
  219  219 A T        -     0   0  134     -2,-0.0    -1,-0.0     0, 0.0     0, 0.0   0.977  18.1-160.1  94.4  97.9   24.5  -52.1   -5.6               
  220  220 A S        +     0   0  110     27,-0.1    -2,-0.0     2,-0.0    26,-0.0   0.958  23.9  91.9  76.4 141.1   24.3  -50.4   -8.8               
  221  221 A A        +     0   0   99      1,-0.1     0, 0.0     0, 0.0     0, 0.0   0.925   9.6 154.1  71.9 129.5   24.3  -50.0  -12.6               
  222  222 A G        -     0   0   77      0, 0.0    -1,-0.1     0, 0.0    -2,-0.0  -0.127  29.6-176.4 177.9  73.2   22.0  -49.9  -15.7               
  223  223 A Y        +     0   0  200      1,-0.0     0, 0.0     2,-0.0     0, 0.0  -0.041  16.7  87.5 -59.1 175.2   22.9  -48.0  -19.0               
  224  224 A F        +     0   0  167      1,-0.1     2,-0.3     0, 0.0    -1,-0.0   0.782  10.5 171.3-156.2 150.4   22.3  -46.8  -22.1               
  225  225 A P        -     0   0  109      0, 0.0     2,-0.2     0, 0.0    -1,-0.1  -0.735  33.9-145.6 -91.1 156.6   20.8  -44.2  -24.6               
  226  226 A C        +     0   0  119     -2,-0.3     0, 0.0     1,-0.1     0, 0.0  -0.944  18.3 165.1-164.8 161.0   21.4  -44.3  -28.4               
  227  227 A S        -     0   0   89     -2,-0.2    -1,-0.1     0, 0.0     0, 0.0   0.823  17.9-121.9-176.3-164.4   21.9  -42.8  -31.3               
  228  228 A D        +     0   0   85      0, 0.0    -2,-0.0     0, 0.0     0, 0.0   0.817  41.1  50.5  82.7 130.0   22.8  -42.1  -35.0               
  229  229 A F        -     0   0  172      0, 0.0     0, 0.0     0, 0.0     0, 0.0   0.873  52.5 -23.6-167.0 166.3   24.5  -40.3  -37.1               
  230  230 A T        -     0   0  121      0, 0.0     0, 0.0     0, 0.0     0, 0.0   0.954  49.4  -3.3-164.2 167.7   27.5  -38.9  -38.4               
  231  231 A S        +     0   0  116      0, 0.0     0, 0.0     0, 0.0     0, 0.0   0.868  34.1 115.0-172.0 155.6   30.8  -37.8  -38.1               
  232  232 A G        -     0   0   63      0, 0.0     0, 0.0     0, 0.0     0, 0.0   0.830  19.3-161.4 151.8-155.8   33.6  -37.1  -36.4               
  233  233 A A        +     0   0   99      0, 0.0     2,-0.1     0, 0.0     0, 0.0   0.524  34.3 161.5  72.3 143.3   37.4  -37.8  -35.9               
  234  234 A P        -     0   0  136      0, 0.0     2,-0.1     0, 0.0     0, 0.0  -0.321  31.8-102.9-145.4 179.3   39.4  -36.9  -33.0               
  235  235 A G        -     0   0   69     -2,-0.1     0, 0.0     2,-0.0     0, 0.0  -0.350  34.2 -86.5 168.8 110.4   42.0  -36.3  -30.2               
  236  236 A H        +     0   0  179     -2,-0.1     2,-0.0     0, 0.0     0, 0.0   0.674  37.4  88.6  70.9 121.8   42.7  -36.9  -26.7               
  237  237 A L        -     0   0  122      0, 0.0    -2,-0.0     0, 0.0     0, 0.0   0.594  23.4-166.4-149.4 174.1   43.0  -36.9  -23.5               
  238  238 A E        +     0   0  149     -2,-0.0     2,-0.0     0, 0.0     0, 0.0   0.294  16.0 153.8 -50.2 176.2   41.7  -37.9  -20.0               
  239  239 A E        -     0   0  175      0, 0.0     0, 0.0     0, 0.0     0, 0.0   0.466  18.4-158.8-152.1 174.2   41.3  -38.0  -16.8               
  240  240 A H        +     0   0  139     -2,-0.0     0, 0.0     0, 0.0     0, 0.0   0.250  22.7 159.6 -55.3 169.5   38.8  -38.7  -13.9               
  241  241 A I        +     0   0  156      0, 0.0     0, 0.0     0, 0.0     0, 0.0   0.613  28.6 154.0-163.3 118.4   37.5  -38.6  -10.7               
  242  242 A S        -     0   0   88      0, 0.0     2,-0.0     0, 0.0     0, 0.0   0.628  21.2-173.7  59.0 140.2   34.2  -39.3   -9.7               
  243  243 A Q        +     0   0  178      0, 0.0     2,-0.0     0, 0.0     0, 0.0   0.664  16.5 174.7-142.1 150.0   31.8  -40.3   -7.5               
  244  244 A S        -     0   0   93     -2,-0.0     0, 0.0     0, 0.0     0, 0.0   0.581   2.8 -89.0  60.8 142.9   28.4  -41.0   -7.2               
  245  245 A E        -     0   0  148     -2,-0.0     0, 0.0     2,-0.0     0, 0.0   0.759  17.1 -83.0-173.3 159.5   25.5  -41.9   -6.0               
  246  246 A L        +     0   0  169    -26,-0.0     0, 0.0     0, 0.0     0, 0.0  -0.122  36.4 149.0-173.5  93.0   22.2  -43.1   -4.6               
  247  247 A T        +     0   0  113      2,-0.0     2,-0.1     0, 0.0   -27,-0.1  -0.645   8.1 164.8 -74.8 154.0   18.9  -43.6   -6.6               
  248  248 A P        -     0   0  106      0, 0.0     0, 0.0     0, 0.0     0, 0.0  -0.493  29.6-101.4-150.0 172.5   16.3  -45.6   -6.3               
  249  249 A H        +     0   0  168     -2,-0.1     2,-0.1     1,-0.1    -2,-0.0   0.176  18.9 179.1 -17.2 135.2   12.7  -46.0   -7.6               
  250  250 A L        +     0   0  174      0, 0.0     2,-0.2     0, 0.0    -1,-0.1  -0.632  25.7 164.8-141.5  91.8    9.3  -45.4   -6.2               
  251  251 A C        +     0   0   96     -2,-0.1     0, 0.0     1,-0.0     0, 0.0  -0.666  36.4   9.2 -80.3 158.4    6.8  -46.3   -8.9               
  252  252 A T        +     0   0  114     -2,-0.2    -1,-0.0     0, 0.0     0, 0.0   0.706  62.6  87.4  64.5 151.0    3.1  -46.9   -8.5               
  253  253 A N        -     0   0  137      1,-0.1     2,-0.4     2,-0.0     0, 0.0   0.775  49.1-112.4  70.7 119.8    0.1  -46.6   -6.1               
  254  254 A S        -     0   0   89      2,-0.1     2,-0.5     3,-0.0     4,-0.1  -0.521  11.5-158.2  57.4  53.1   -2.3  -44.9   -4.7               
  255  255 A L        +     0   0  148     -2,-0.4     2,-0.2     2,-0.1    -2,-0.0  -0.957  40.0 146.8 -96.5 100.9   -2.1  -44.0   -1.2               
  256  256 A H        -     0   0  150     -2,-0.5     2,-0.4     0, 0.0    -2,-0.1  -0.852  66.4-127.9  34.2  49.4   -5.4  -43.7   -1.3               
  257  257 A L        -     0   0  154     -2,-0.2    -2,-0.1     1,-0.1     2,-0.0  -0.537  52.3-104.0 -60.1 108.1   -4.4  -44.9    2.2               
  258  258 A N        -     0   0  103     -2,-0.4    -1,-0.1     1,-0.2    -3,-0.0  -0.186  53.4 -17.0 -82.8 147.6   -6.8  -47.6    1.6               
  259  259 A V        +     0   0  102      1,-0.1    -1,-0.2    -3,-0.0    -2,-0.0   0.855  43.3 132.7  59.7  80.5  -10.1  -48.9    2.5               
  260  260 A V        +     0   0  148      3,-0.0     3,-0.2     0, 0.0    -1,-0.1  -0.660  55.6 170.6-119.7  87.8  -12.7  -48.3    4.9               
  261  261 A P        -     0   0   72      0, 0.0    -3,-0.0     0, 0.0     0, 0.0  -0.510  33.9  -0.8 -95.6-174.5  -15.4  -48.0    2.3               
  262  262 A P        +     0   0  119      0, 0.0     2,-0.5     0, 0.0    -3,-0.0  -0.231  61.5 151.0-110.7  73.9  -18.6  -47.9    2.1               
  263  263 A V        -     0   0  111     -3,-0.2     2,-0.3     1,-0.1    -3,-0.0  -0.950  17.9-172.2-116.4 108.4  -20.6  -48.0    5.4               
  264  264 A C        +     0   0  112     -2,-0.5     2,-0.4     2,-0.0    -1,-0.1  -0.886   6.1 177.5  75.2  33.7  -23.4  -46.5    5.6               
  265  265 A L        -     0   0  158     -2,-0.3     2,-0.3     2,-0.1    -2,-0.1  -0.982  13.5-162.5-116.8 112.8  -24.8  -46.4    9.1               
  266  266 A K        -     0   0  187     -2,-0.4     2,-0.2     2,-0.0    -2,-0.0  -0.684  11.0-167.5  74.2  66.1  -27.7  -44.8    9.2               
  267  267 A G        +     0   0   76     -2,-0.3     2,-0.3     2,-0.1    -2,-0.1  -0.832  20.1 178.7-138.6  95.7  -29.1  -43.5   12.4               
  268  268 A S        +     0   0   78     -2,-0.2     2,-0.3     2,-0.0    -2,-0.0  -0.701  29.7 179.1  63.3  66.8  -32.2  -42.6   11.8               
  269  269 A L        +     0   0  177     -2,-0.3     2,-0.3     2,-0.0    -2,-0.1  -0.885  24.5 176.0-103.8  98.4  -34.5  -41.3   14.1               
  270  270 A Y        -     0   0  170     -2,-0.3     2,-0.5     2,-0.0    -2,-0.0  -0.678  24.2-155.4 -54.2 142.0  -37.3  -40.9   11.7               
  271  271 A C        -     0   0  109     -2,-0.3     2,-1.8     2,-0.0    -2,-0.0  -0.968  14.1-156.7-104.5 107.7  -40.3  -39.7   13.3               
  272  272 A E        +     0   0  141     -2,-0.5     2,-0.3     2,-0.1    -2,-0.0  -0.575  47.1 127.1 -77.6  75.4  -42.6  -41.1   10.5               
  273  273 A D        +     0   0  136     -2,-1.8    -1,-0.1     2,-0.0    -2,-0.0  -0.741  55.6  39.3-140.0  87.2  -45.5  -38.7   11.3               
  274  274 A C  S    S+     0   0  128     -2,-0.3    -2,-0.1     3,-0.0    -1,-0.0   0.069  96.0  67.9 177.8 -18.6  -47.0  -36.7    8.3               
  275  275 A L  S    S+     0   0  170      2,-0.0     2,-0.3     1,-0.0    -2,-0.0  -0.141  79.9  83.5-113.2  42.3  -47.1  -39.0    5.2               
  276  276 A N        -     0   0  151      2,-0.0    -1,-0.0     0, 0.0    -2,-0.0  -0.958  64.5-147.0-134.5 126.6  -49.7  -41.5    6.0               
  277  277 A K        +     0   0  197     -2,-0.3    -2,-0.0     1,-0.0    -3,-0.0  -0.509  28.8 125.5 -75.9 167.6  -53.5  -41.0    5.7               
  278  278 A P        -     0   0  115      0, 0.0    -1,-0.0     0, 0.0    -2,-0.0   0.344  31.2-104.0-144.8 167.5  -56.4  -41.6    6.6               
  279  279 A A        +     0   0   86      1,-0.0     2,-0.2     0, 0.0    -2,-0.0   0.754  21.2 159.1  46.2 114.8  -59.8  -40.2    7.7               
  280  280 A R        -     0   0  228      0, 0.0    -1,-0.0     0, 0.0     0, 0.0  -0.634  28.7-118.1-157.5 134.8  -62.3  -39.2   10.1               
  281  281 A N        +     0   0  147     -2,-0.2     0, 0.0     0, 0.0     0, 0.0   0.419  26.0 133.8  52.7 127.2  -65.1  -37.0   10.2               
  282  282 A S        -     0   0   98      0, 0.0     0, 0.0     0, 0.0     0, 0.0   0.707  16.1-137.9-165.7 160.9  -67.0  -34.7   11.1               
  283  283 A I        +     0   0  155      2,-0.0     2,-0.0     0, 0.0     0, 0.0   0.588  26.7 126.0  31.7 121.8  -69.4  -31.7   10.9               
  284  284 A I        +     0   0  152      0, 0.0     2,-0.4     0, 0.0     0, 0.0   0.168   9.8 171.3-155.0 143.7  -70.5  -28.6   12.1               
  285  285 A D        -     0   0  154      2,-0.0     2,-0.3    -2,-0.0    -2,-0.0  -0.882  15.6-178.9 -99.2 140.0  -71.0  -25.2   10.3               
  286  286 A A        -     0   0   92     -2,-0.4     2,-0.2     0, 0.0     0, 0.0  -0.930   7.0-165.3-148.7 118.3  -72.8  -22.5   12.4               
  287  287 A A        +     0   0   78     -2,-0.3    -2,-0.0     0, 0.0     0, 0.0  -0.689  19.5  34.2-114.5 162.4  -73.7  -19.0   11.1               
  288  288 A K        +     0   0  187     -2,-0.2     0, 0.0     1,-0.0     0, 0.0   0.267  13.7 139.1  76.8 151.1  -74.8  -15.4   12.2               
  289  289 A V        +     0   0  131      0, 0.0    -1,-0.0     0, 0.0     0, 0.0   0.644  40.5 152.1-140.9 131.8  -75.1  -12.6   14.0               
  290  290 A W        -     0   0  203      2,-0.0     0, 0.0     0, 0.0     0, 0.0   0.706  21.7-176.1  71.8 156.5  -75.1   -9.3   12.6               
  291  291 A P        -     0   0   94      0, 0.0     0, 0.0     0, 0.0     0, 0.0   0.645   7.4-151.0-146.7 168.8  -75.6   -6.1   12.1               
  292  292 A N        +     0   0  139      1,-0.1    -2,-0.0     0, 0.0     0, 0.0   0.720  12.1 173.4  40.4 122.6  -75.5   -2.6   10.5               
  293  293 A I        -     0   0  166      0, 0.0    -1,-0.1     0, 0.0     0, 0.0  -0.910  35.7-147.1-142.4 140.4  -75.6    1.2   10.9               
  294  294 A P        -     0   0  117      0, 0.0     0, 0.0     0, 0.0     0, 0.0  -0.057  10.7-145.1-115.0-157.3  -75.1    3.3    7.5               
  295  295 A P        -     0   0  107      0, 0.0     2,-0.3     0, 0.0     0, 0.0   0.142  22.6 -78.1-127.9-166.0  -73.6    6.5    6.1               
  296  296 A P        -     0   0  133      0, 0.0     2,-0.4     0, 0.0     0, 0.0  -0.918  47.1-145.5-128.5 170.6  -73.3    9.4    4.0               
  297  297 A N        +     0   0  128     -2,-0.3     2,-0.2     2,-0.0     0, 0.0  -0.963  31.6 154.0-134.5 131.1  -71.9    9.0    0.4               
  298  298 A T        -     0   0  143     -2,-0.4     0, 0.0     2,-0.0     0, 0.0  -0.838  33.1-141.4-149.2 121.8  -69.8   10.7   -2.4               
  299  299 A Q        +     0   0  167     -2,-0.2     2,-0.1     0, 0.0    -2,-0.0  -0.417  28.4 104.2 -86.3 176.7  -67.9    8.8   -5.2               
  300  300 A P        -     0   0  125      0, 0.0    -2,-0.0     0, 0.0     0, 0.0   0.618  37.1  -3.1-115.8-152.5  -65.4    8.3   -7.1               
  301  301 A A        -     0   0   87      1,-0.1     2,-0.3    -2,-0.1     0, 0.0   0.845  16.5-165.6-151.6 156.3  -62.6    6.9   -8.3               
  302  302 A P        +     0   0  125      0, 0.0     2,-0.3     0, 0.0    -1,-0.1  -0.754   4.8 178.9 -98.3 144.2  -59.6    4.3   -8.0               
  303  303 A L        -     0   0  185     -2,-0.3     2,-0.4     2,-0.1     0, 0.0  -0.991  29.9-133.6-132.2 134.3  -56.2    4.0   -9.8               
  304  304 A A        +     0   0   98     -2,-0.3     0, 0.0     2,-0.0     0, 0.0  -0.735  38.6 157.6-102.9 136.4  -54.1    1.1   -8.7               
  305  305 A V        -     0   0  136     -2,-0.4     2,-0.1     0, 0.0    -2,-0.1  -0.934  45.0-124.9-136.3 125.0  -50.4    0.4   -7.8               
  306  306 A P        -     0   0  120      0, 0.0     2,-0.3     0, 0.0    -2,-0.0  -0.338  14.0-129.0 -78.6 152.1  -50.2   -2.8   -5.6               
  307  307 A L        -     0   0  163      1,-0.2     0, 0.0    -2,-0.1     0, 0.0  -0.654  44.2 -39.5 -80.3 149.8  -48.6   -3.4   -2.2               
  308  308 A C        +     0   0  108     -2,-0.3    -1,-0.2     2,-0.0     2,-0.1   0.788  39.3 179.9  43.4 124.5  -46.2   -6.0   -1.0               
  309  309 A N        -     0   0  164      1,-0.1     0, 0.0     0, 0.0     0, 0.0  -0.444  17.3 -50.0 170.2 158.8  -45.0   -9.5   -1.0               
  310  310 A G        -     0   0   76     -2,-0.1     2,-0.4     1,-0.1    -1,-0.1   0.853   3.3-137.9-177.7 171.0  -42.9  -11.7   -0.0               
  311  311 A C        +     0   0  137      2,-0.0    -1,-0.1     0, 0.0     2,-0.1  -0.903  45.3  97.8-115.2 144.8  -40.1  -14.2    1.1               
  312  312 A G        +     0   0   68     -2,-0.4     0, 0.0     0, 0.0     0, 0.0  -0.135  22.7  48.7 110.0 156.6  -39.6  -18.0    0.7               
  313  313 A T        -     0   0  129     -2,-0.1    -2,-0.0     0, 0.0     0, 0.0   0.508  23.2-105.5-166.0 144.2  -38.7  -20.8   -0.3               
  314  314 A K        -     0   0  199      0, 0.0     0, 0.0     0, 0.0     0, 0.0   0.869  22.8 -59.3  47.9 113.8  -36.8  -24.0   -1.4               
  315  315 A G        -     0   0   65      0, 0.0     0, 0.0     0, 0.0     0, 0.0   0.910  21.5 -10.0  99.9 103.7  -35.6  -26.3   -3.5               
  316  316 A T        +     0   0  151      0, 0.0     0, 0.0     0, 0.0     0, 0.0   0.946  11.7 140.4  64.3 120.6  -34.7  -29.0   -5.9               
  317  317 A G        -     0   0   68      1,-0.0     0, 0.0     2,-0.0     0, 0.0   0.698  14.1 -94.8 144.3 129.6  -34.7  -31.7   -8.1               
  318  318 A K        +     0   0  204      2,-0.1    -1,-0.0     1,-0.0     0, 0.0   0.362  16.8 161.7  74.1 157.3  -33.9  -34.0  -11.2               
  319  319 A E        +     0   0  177      0, 0.0     2,-0.1     0, 0.0    -1,-0.0   0.543  35.2  84.0-143.3 150.4  -33.7  -35.7  -13.9               
  320  320 A T        +     0   0  136      1,-0.1    -2,-0.1     2,-0.0     0, 0.0  -0.292  46.4  54.7-176.3 139.0  -31.5  -37.7  -16.0               
  321  321 A T        -     0   0  117     -2,-0.1    -1,-0.1     0, 0.0     0, 0.0   0.515  66.4 -50.6-162.7 131.3  -30.1  -40.7  -16.6               
  322  322 A L        +     0   0  141      0, 0.0    -2,-0.0     0, 0.0     0, 0.0   0.994  49.6  42.8  71.3 114.8  -31.4  -44.3  -17.2               
  323  323 A L        -     0   0  134      0, 0.0     0, 0.0     0, 0.0     0, 0.0   0.964  37.9  -1.3 103.5 110.7  -33.4  -47.3  -16.4               
  324  324 A L        +     0   0  159      0, 0.0     0, 0.0     0, 0.0     0, 0.0   0.923  34.3  49.7  63.4 134.9  -36.3  -49.5  -15.4               
  325  325 A A        -     0   0   72      0, 0.0     0, 0.0     0, 0.0     0, 0.0   0.727  26.7 -78.2-165.5 159.9  -39.1  -50.4  -14.4               
  326  326 A T        +     0   0  133      0, 0.0     0, 0.0     0, 0.0     0, 0.0   0.875  20.4  98.8  53.3 143.1  -42.9  -50.9  -13.8               
  327  327 A S        -     0   0   92      0, 0.0     0, 0.0     0, 0.0     0, 0.0   0.678  19.5 -94.9-178.5 156.3  -46.0  -50.5  -12.8               
  328  328 A L        +     0   0  173      0, 0.0     0, 0.0     0, 0.0     0, 0.0   0.797  17.0 135.9  64.7 141.7  -49.7  -49.8  -12.1               
  329  329 A G        -     0   0   63      0, 0.0     0, 0.0     0, 0.0     0, 0.0   0.663  18.2-134.2 162.7 173.4  -52.2  -48.3  -11.1               
  330  330 A K        -     0   0  204      0, 0.0     2,-0.0     0, 0.0     0, 0.0   0.674  21.0-139.9  74.8 123.3  -55.9  -46.8  -11.0               
  331  331 A A        -     0   0  100      0, 0.0     0, 0.0     0, 0.0     0, 0.0   0.482  14.0-158.8  85.2 133.5  -58.0  -44.2  -10.5               
  332  332 A A        -     0   0   99     -2,-0.0     0, 0.0     0, 0.0     0, 0.0   0.789  16.3 -68.1-153.5-159.7  -60.3  -42.0   -9.7               
  333  333 A S        +     0   0   99      2,-0.0     0, 0.0     0, 0.0     0, 0.0   0.811  35.1   3.3-165.3-174.4  -62.3  -39.2   -9.7               
  334  334 A K        +     0   0  190      1,-0.0     2,-0.1     2,-0.0     0, 0.0   0.937  56.0  83.6  59.2  85.0  -64.0  -35.7   -9.5               
  335  335 A F        +     0   0  224      0, 0.0     2,-0.2     0, 0.0    -2,-0.0  -0.416  46.9 178.6-175.4 145.4  -62.9  -32.3   -8.6               
  336  336 A G        +     0   0   69      1,-0.2    -2,-0.0    -2,-0.1     0, 0.0  -0.890  26.1  32.6 177.6 158.4  -61.1  -29.4  -10.5               
  337  337 A S        +     0   0  103     -2,-0.2     2,-1.1     0, 0.0    -1,-0.2   0.506  24.7 169.0-125.0 134.0  -59.7  -26.7  -11.3               
  338  338 A P        +     0   0  116      0, 0.0     2,-0.8     0, 0.0     3,-0.5  -0.559  23.8 177.9 -92.2  68.7  -57.7  -24.6   -8.8               
  339  339 A E        +     0   0  174     -2,-1.1    -3,-0.0     1,-0.2     0, 0.0  -0.690  52.9  54.1 -76.0 106.5  -56.1  -22.2  -11.3               
  340  340 A V  S >  S+     0   0  127     -2,-0.8     3,-1.1     0, 0.0     4,-0.3  -0.254  86.8  68.5 177.1 -40.1  -53.9  -19.5   -9.6               
  341  341 A A  T 3  S+     0   0   87     -3,-0.5     3,-0.5     1,-0.2     4,-0.5   0.712  91.6  64.9 -68.3 -20.9  -51.3  -21.1   -7.3               
  342  342 A V  T 3> S+     0   0   97     -4,-0.3     4,-1.9     1,-0.2     3,-0.5   0.775  83.1  76.4 -73.0 -26.6  -49.3  -22.7  -10.2               
  343  343 A A  H <> S+     0   0   66     -3,-1.1     4,-1.6     1,-0.2    -1,-0.2   0.819  89.1  55.9 -60.6 -34.8  -48.2  -19.2  -11.7               
  344  344 A G  H  > S+     0   0   58     -3,-0.5     4,-0.6    -4,-0.3    -1,-0.2   0.882 112.8  38.9 -68.5 -39.7  -45.5  -18.6   -9.0               
  345  345 A Q  H  > S+     0   0  150     -3,-0.5     4,-0.7    -4,-0.5    -1,-0.2   0.756 112.4  57.1 -85.7 -24.3  -43.5  -21.8   -9.6               
  346  346 A V  H >< S+     0   0   73     -4,-1.9     3,-0.8     1,-0.2     4,-0.4   0.905  98.6  62.6 -66.9 -37.8  -43.9  -21.8  -13.4               
  347  347 A L  H >< S+     0   0  103     -4,-1.6     3,-0.6     1,-0.3    -1,-0.2   0.793 100.9  49.5 -65.1 -31.6  -42.3  -18.2  -13.6               
  348  348 A E  H 3< S+     0   0  151     -4,-0.6    -1,-0.3     1,-0.2    -2,-0.2   0.760 107.4  56.8 -75.3 -23.0  -38.9  -19.4  -12.3               
  349  349 A N  T << S+     0   0  140     -3,-0.8    -1,-0.2    -4,-0.7    -2,-0.2   0.405  85.1 103.7 -87.3  -1.8  -38.8  -22.3  -14.8               
  350  350 A L  S <  S-     0   0   42     -3,-0.6    35,-0.2    -4,-0.4    36,-0.1  -0.653  86.1 -99.2 -78.5 140.8  -39.2  -19.9  -17.8               
  351  351 A P        -     0   0   34      0, 0.0    35,-2.2     0, 0.0    93,-0.2  -0.285  45.6-107.6 -54.5 134.7  -36.1  -19.2  -20.0               
  352  352 A P  E     -a  386   0A  17      0, 0.0    93,-2.6     0, 0.0     2,-0.4  -0.470  31.2-153.4 -68.5 136.9  -34.5  -15.8  -19.0               
  353  353 A I  E     -ab 387 445A   0     33,-2.8    35,-2.5    91,-0.2    36,-1.4  -0.951   7.1-166.4-113.2 130.2  -35.0  -13.0  -21.5               
  354  354 A G  E     -ab 389 446A   0     91,-2.4    93,-3.0    -2,-0.4     2,-0.5  -0.978   4.5-159.3-114.2 123.8  -32.5  -10.1  -21.7               
  355  355 A V  E     -ab 390 447A   0     34,-2.8    36,-2.7    -2,-0.5     2,-0.6  -0.929   6.7-173.2-104.4 122.4  -33.4   -6.9  -23.7               
  356  356 A F  E     -ab 391 448A   0     91,-2.9    93,-2.8    -2,-0.5     2,-0.6  -0.936  11.2-168.7-119.0 101.0  -30.4   -4.8  -24.8               
  357  357 A W  E     -ab 392 449A   0     34,-2.9    36,-2.7    -2,-0.6     2,-0.7  -0.869  19.3-167.3-107.7 120.9  -31.5   -1.5  -26.3               
  358  358 A D  E  >  -a  393   0A   4     91,-2.5     4,-2.6    -2,-0.6    36,-0.1  -0.900   8.5-174.2 -93.3 102.3  -29.4    1.0  -28.2               
  359  359 A I  T  4 S+     0   0    0     34,-1.4    -1,-0.1    -2,-0.7    35,-0.1   0.765  81.1  58.3 -78.0 -21.1  -31.7    4.1  -28.4               
  360  360 A E  T  4 S+     0   0   93     33,-0.5     3,-0.5     2,-0.2    -1,-0.2   0.953 117.0  34.4 -71.8 -43.0  -29.2    6.1  -30.7               
  361  361 A N  T  4 S+     0   0   50      1,-0.2     2,-0.3    88,-0.1    -2,-0.2   0.915 134.4  29.1 -71.0 -40.9  -29.5    3.2  -33.3               
  362  362 A C  S  < S-     0   0    0     -4,-2.6    -1,-0.2    87,-0.3    -2,-0.2  -0.509  86.4-176.1-124.3  63.0  -33.2    2.4  -32.5               
  363  363 A S        -     0   0   48     -3,-0.5    -3,-0.1    -2,-0.3     3,-0.1  -0.250  33.8-104.5 -64.0 141.0  -34.8    5.7  -31.3               
  364  364 A V        -     0   0   21      1,-0.1    -1,-0.1    -5,-0.1     3,-0.1  -0.458  50.3-104.9 -59.8 126.4  -38.4    6.1  -30.0               
  365  365 A P    >   -     0   0   42      0, 0.0     3,-2.5     0, 0.0    -1,-0.1  -0.266  39.1 -94.5 -62.5 141.4  -40.4    7.8  -32.9               
  366  366 A S  T 3  S+     0   0  129      1,-0.3     3,-0.1    -3,-0.1    -3,-0.0  -0.291 113.2  17.2 -55.3 122.3  -41.2   11.5  -32.5               
  367  367 A G  T 3  S+     0   0   48      1,-0.4   135,-3.1    -3,-0.1    -1,-0.3   0.417 103.4 105.5  84.8   2.9  -44.8   11.8  -31.0               
  368  368 A R  B <  S-F  501   0B  62     -3,-2.5    -1,-0.4   133,-0.2     2,-0.4  -0.650  73.3-114.2 -94.9 163.1  -44.9    8.1  -29.8               
  369  369 A S     >  -     0   0   22    131,-0.5     4,-1.5    -2,-0.2     3,-0.3  -0.865   5.5-143.4 -97.2 135.3  -44.5    7.2  -26.0               
  370  370 A A  H  > S+     0   0    0     -2,-0.4     4,-2.8     1,-0.2     5,-0.2   0.865 104.5  61.8 -64.6 -31.0  -41.5    5.2  -24.8               
  371  371 A T  H  > S+     0   0   49      1,-0.2     4,-2.8     2,-0.2    -1,-0.2   0.906 102.8  49.6 -56.0 -43.3  -43.9    3.4  -22.4               
  372  372 A A  H  > S+     0   0   17     -3,-0.3     4,-2.2     2,-0.2    -1,-0.2   0.865 111.3  48.7 -68.8 -34.7  -45.9    2.1  -25.5               
  373  373 A V  H  X S+     0   0    0     -4,-1.5     4,-2.4     2,-0.2    -2,-0.2   0.956 114.5  44.9 -66.1 -49.2  -42.6    0.9  -27.1               
  374  374 A V  H  X S+     0   0    0     -4,-2.8     4,-2.5     2,-0.2    -2,-0.2   0.908 113.6  50.3 -63.1 -42.6  -41.5   -0.9  -23.8               
  375  375 A Q  H  X S+     0   0  106     -4,-2.8     4,-3.1    -5,-0.2    -1,-0.2   0.945 111.4  48.3 -59.1 -46.9  -45.0   -2.3  -23.3               
  376  376 A R  H  X S+     0   0   53     -4,-2.2     4,-1.6     2,-0.2    -2,-0.2   0.871 109.6  52.6 -64.4 -37.8  -45.0   -3.7  -27.0               
  377  377 A I  H  X S+     0   0    3     -4,-2.4     4,-2.4     2,-0.2     5,-0.5   0.951 114.1  43.5 -58.7 -48.8  -41.5   -5.2  -26.4               
  378  378 A R  H  X S+     0   0   64     -4,-2.5     4,-1.9     1,-0.2     5,-0.3   0.958 113.5  50.2 -61.6 -50.3  -42.9   -7.0  -23.3               
  379  379 A E  H  < S+     0   0   89     -4,-3.1    -1,-0.2     1,-0.2    -2,-0.2   0.738 117.8  40.5 -60.9 -29.2  -46.2   -8.1  -25.0               
  380  380 A K  H  < S+     0   0  120     -4,-1.6    -1,-0.2    -3,-0.2    -2,-0.2   0.916 128.8  19.7 -83.8 -51.4  -44.3   -9.5  -28.0               
  381  381 A F  H  < S+     0   0   10     -4,-2.4    -3,-0.2    -5,-0.2    -2,-0.2   0.697 107.6  68.8-102.3 -23.8  -41.2  -11.3  -26.6               
  382  382 A F    ><  +     0   0   27     -4,-1.9     3,-2.0    -5,-0.5     2,-0.3   0.514  66.3 115.3 -88.4  -1.8  -41.8  -12.0  -22.8               
  383  383 A K  T 3  S+     0   0  159     -5,-0.3     3,-0.1     1,-0.3    -4,-0.0  -0.535  94.1   6.3 -62.9 124.0  -44.5  -14.7  -23.5               
  384  384 A G  T 3  S+     0   0   46     -2,-0.3     2,-0.3     1,-0.2    -1,-0.3   0.533 120.7  96.0  72.8  10.6  -43.0  -17.9  -22.2               
  385  385 A H    <   -     0   0   40     -3,-2.0     2,-0.5   -35,-0.2    -1,-0.2  -0.885  69.7-126.5-128.9 159.5  -40.0  -16.0  -20.7               
  386  386 A R  E     -a  352   0A 101    -35,-2.2   -33,-2.8    -2,-0.3     2,-0.4  -0.923  31.1-117.8-103.6 124.4  -38.8  -14.5  -17.4               
  387  387 A E  E     +a  353   0A  80     -2,-0.5   -33,-0.2   -35,-0.2     3,-0.1  -0.460  48.0 157.4 -58.9 112.3  -37.7  -10.8  -17.4               
  388  388 A A  E     +     0   0A  37    -35,-2.5     2,-0.3    -2,-0.4   -34,-0.2   0.717  64.6   1.8-113.7 -36.8  -34.0  -11.1  -16.4               
  389  389 A E  E     +a  354   0A  35    -36,-1.4   -34,-2.8     2,-0.0    -1,-0.4  -0.963  50.1 178.3-149.6 138.3  -32.5   -7.8  -17.8               
  390  390 A F  E     +a  355   0A   6     -2,-0.3    23,-2.9   -36,-0.2     2,-0.4  -0.847  22.0 170.8-136.0 100.5  -34.0   -4.8  -19.6               
  391  391 A I  E     -ac 356 413A   5    -36,-2.7   -34,-2.9    -2,-0.3     2,-0.4  -0.925  18.7-168.6-115.9 135.1  -31.2   -2.2  -20.3               
  392  392 A C  E     -ac 357 414A   0     21,-2.7    23,-2.8    -2,-0.4     2,-0.4  -0.992  11.3-156.5-121.1 121.1  -31.4    1.0  -22.4               
  393  393 A V  E     +ac 358 415A   1    -36,-2.7   -34,-1.4    -2,-0.4   -33,-0.5  -0.860  31.9 134.9-104.3 128.9  -28.0    2.8  -23.2               
  394  394 A C  E     - c   0 416A   2     21,-2.3    23,-2.1    -2,-0.4     2,-0.9  -0.992  60.8 -97.8-159.9 161.6  -28.2    6.5  -24.0               
  395  395 A D    >>  -     0   0    8     -2,-0.3     4,-2.3    21,-0.2     3,-1.8  -0.820  30.3-164.4 -89.3 101.8  -26.8   10.1  -23.6               
  396  396 A I  T 34 S+     0   0   66     -2,-0.9    -1,-0.1     1,-0.3     8,-0.1   0.667  87.3  63.9 -59.8 -17.8  -29.3   11.5  -21.0               
  397  397 A S  T 34 S+     0   0   95      1,-0.1    -1,-0.3    -3,-0.1     4,-0.1   0.743 113.4  31.3 -78.5 -22.3  -28.0   15.0  -22.0               
  398  398 A K  T <4 S+     0   0  119     -3,-1.8    -2,-0.2     2,-0.1    -1,-0.1   0.770 101.9  89.5 -98.1 -40.5  -29.3   14.6  -25.6               
  399  399 A E  S  < S-     0   0   46     -4,-2.3     2,-0.4     1,-0.1    -5,-0.0  -0.191  91.0 -91.2 -66.8 152.8  -32.4   12.4  -25.1               
  400  400 A N    >>  -     0   0   71      1,-0.2     4,-2.5     2,-0.1     3,-0.8  -0.473  28.5-139.0 -65.0 123.9  -35.9   13.9  -24.4               
  401  401 A K  H 3> S+     0   0  179     -2,-0.4     4,-2.1     1,-0.3    -1,-0.2   0.787 105.2  56.6 -52.8 -31.7  -36.4   14.1  -20.6               
  402  402 A E  H 3> S+     0   0  111      2,-0.2     4,-2.6     3,-0.2    -1,-0.3   0.894 108.1  46.2 -66.9 -41.7  -40.0   12.9  -21.2               
  403  403 A V  H <> S+     0   0   12     -3,-0.8     4,-2.8     2,-0.2    -2,-0.2   0.938 113.1  49.5 -66.6 -45.5  -38.6    9.7  -22.9               
  404  404 A I  H  X S+     0   0   15     -4,-2.5     4,-2.1     2,-0.2    -2,-0.2   0.896 113.8  46.6 -61.0 -39.5  -36.0    9.2  -20.1               
  405  405 A Q  H  X S+     0   0  109     -4,-2.1     4,-2.6    -5,-0.2    -2,-0.2   0.919 111.5  50.9 -69.1 -42.0  -38.9    9.6  -17.5               
  406  406 A E  H  X S+     0   0   30     -4,-2.6     4,-1.3     2,-0.2    -2,-0.2   0.930 111.7  48.6 -58.4 -44.9  -41.2    7.2  -19.5               
  407  407 A L  H  <>S+     0   0    0     -4,-2.8     5,-2.0     2,-0.2     3,-0.4   0.933 113.2  46.0 -62.0 -47.4  -38.3    4.6  -19.6               
  408  408 A N  H ><5S+     0   0   81     -4,-2.1     3,-1.8     1,-0.2    -2,-0.2   0.903 109.7  54.8 -63.3 -40.1  -37.6    4.9  -15.8               
  409  409 A N  H 3<5S+     0   0  110     -4,-2.6    -1,-0.2     1,-0.3    -2,-0.2   0.793 105.4  54.9 -61.6 -27.9  -41.4    4.7  -15.1               
  410  410 A C  T 3<5S-     0   0   17     -4,-1.3    -1,-0.3    -3,-0.4    -2,-0.2   0.280 118.1-113.7 -86.1   7.8  -41.4    1.4  -17.0               
  411  411 A Q  T < 5 +     0   0  169     -3,-1.8     2,-0.3     1,-0.2    -3,-0.2   0.679  64.6 152.3  61.3  22.9  -38.6   -0.0  -14.7               
  412  412 A V      < -     0   0    4     -5,-2.0     2,-1.1     1,-0.1    -1,-0.2  -0.670  53.2-116.7 -77.9 135.2  -36.1   -0.1  -17.7               
  413  413 A T  E     -c  391   0A  83    -23,-2.9   -21,-2.7    -2,-0.3     2,-0.7  -0.609  30.4-158.6 -75.0  99.5  -32.4    0.2  -16.6               
  414  414 A V  E     -c  392   0A  27     -2,-1.1     2,-0.6   -23,-0.2   -21,-0.2  -0.741   5.5-163.0 -82.7 112.5  -31.4    3.6  -18.2               
  415  415 A A  E     -c  393   0A  20    -23,-2.8   -21,-2.3    -2,-0.7     2,-0.4  -0.875  10.6-140.3-100.1 117.7  -27.5    3.6  -18.5               
  416  416 A H  E     +c  394   0A  92     -2,-0.6     2,-0.4   -23,-0.2   -21,-0.2  -0.645  23.2 174.8 -78.9 129.0  -26.0    7.0  -19.1               
  417  417 A I        -     0   0   36    -23,-2.1     2,-0.5    -2,-0.4     8,-0.1  -1.000  30.4-126.6-126.6 131.9  -23.0    7.3  -21.5               
  418  418 A N    >   -     0   0   94     -2,-0.4     3,-2.1     1,-0.1     6,-0.1  -0.679  16.5-135.1 -75.4 127.2  -21.5   10.8  -22.4               
  419  419 A A  T 3  S+     0   0   48     -2,-0.5    -1,-0.1     1,-0.3     4,-0.1   0.401  94.7  82.6 -68.6   3.3  -21.4   11.1  -26.2               
  420  420 A T  T 3  S+     0   0  136      1,-0.1     2,-0.8     2,-0.1    -1,-0.3   0.717  81.9  72.1 -73.5 -21.2  -17.7   12.5  -26.1               
  421  421 A A  S X  S-     0   0   50     -3,-2.1     3,-1.2     2,-0.0     4,-0.3  -0.849  84.8-141.1 -97.3 104.6  -16.6    8.8  -25.9               
  422  422 A K  T 3  S+     0   0  192     -2,-0.8    -2,-0.1     1,-0.2    -4,-0.0  -0.360  83.0   5.9 -56.8 143.6  -17.1    7.1  -29.3               
  423  423 A N  T 3> S+     0   0   87      1,-0.1     4,-3.0    -4,-0.1    -1,-0.2   0.346  91.6 120.0  63.1  -0.2  -18.3    3.5  -29.1               
  424  424 A A  H <> S+     0   0   24     -3,-1.2     4,-1.2     2,-0.2    -2,-0.1   0.743  72.8  53.3 -70.1 -21.9  -18.8    3.7  -25.3               
  425  425 A A  H  > S+     0   0   20     -4,-0.3     4,-2.0     2,-0.2    -1,-0.2   0.948 113.1  42.3 -70.8 -50.0  -22.6    2.9  -25.7               
  426  426 A D  H  > S+     0   0   18      2,-0.2     4,-3.3     1,-0.2    -2,-0.2   0.883 111.9  54.6 -69.2 -33.2  -21.9   -0.2  -27.7               
  427  427 A D  H  X S+     0   0   91     -4,-3.0     4,-2.4     2,-0.2    -1,-0.2   0.891 108.8  49.8 -63.5 -36.3  -19.0   -1.2  -25.3               
  428  428 A K  H  X S+     0   0   65     -4,-1.2     4,-2.0    -5,-0.2    -2,-0.2   0.905 113.1  46.0 -67.2 -38.8  -21.5   -1.0  -22.5               
  429  429 A L  H  X S+     0   0    0     -4,-2.0     4,-3.1     2,-0.2    -2,-0.2   0.937 112.3  50.1 -68.2 -45.5  -24.0   -3.2  -24.5               
  430  430 A R  H  X S+     0   0   27     -4,-3.3     4,-2.5     1,-0.2     5,-0.2   0.906 111.9  49.6 -56.8 -43.9  -21.1   -5.7  -25.4               
  431  431 A Q  H  X S+     0   0  120     -4,-2.4     4,-2.0    -5,-0.2    -1,-0.2   0.913 113.4  45.2 -61.3 -44.9  -20.2   -5.8  -21.6               
  432  432 A S  H  X S+     0   0    5     -4,-2.0     4,-2.7     2,-0.2    -2,-0.2   0.934 113.0  50.2 -68.0 -42.4  -23.9   -6.4  -20.7               
  433  433 A L  H  X S+     0   0    1     -4,-3.1     4,-2.4     2,-0.2    -2,-0.2   0.942 113.4  45.6 -57.4 -50.1  -24.4   -9.1  -23.4               
  434  434 A R  H  X S+     0   0  151     -4,-2.5     4,-1.1     1,-0.2    -1,-0.2   0.850 112.3  52.3 -65.0 -33.8  -21.2  -10.9  -22.2               
  435  435 A R  H  X S+     0   0  157     -4,-2.0     4,-0.8    -5,-0.2     3,-0.4   0.930 109.2  48.8 -65.0 -44.7  -22.4  -10.6  -18.6               
  436  436 A F  H >X S+     0   0    1     -4,-2.7     4,-2.1     1,-0.2     3,-0.9   0.917 108.7  54.3 -61.2 -41.5  -25.8  -12.1  -19.5               
  437  437 A A  H 3< S+     0   0    7     -4,-2.4    -1,-0.2     1,-0.3    -2,-0.2   0.769 112.4  43.7 -59.1 -32.1  -23.9  -15.0  -21.3               
  438  438 A N  H 3< S+     0   0  136     -4,-1.1    -1,-0.3    -3,-0.4    -2,-0.2   0.523 116.1  47.9 -88.9 -13.2  -21.9  -15.6  -18.0               
  439  439 A T  H << S+     0   0   86     -3,-0.9     2,-0.3    -4,-0.8    -2,-0.2   0.709 113.9  40.0-100.2 -28.8  -25.1  -15.3  -15.8               
  440  440 A H     <  -     0   0   35     -4,-2.1     2,-0.3    -5,-0.1    -1,-0.1  -0.867  64.1-151.7-123.1 154.7  -27.5  -17.6  -17.7               
  441  441 A T        -     0   0  121     -2,-0.3    26,-0.1     2,-0.2    25,-0.1  -0.776  46.6 -42.6-115.9 163.0  -27.3  -20.9  -19.6               
  442  442 A A  S    S+     0   0   53     24,-0.4    26,-0.1    -2,-0.3    25,-0.1  -0.470 111.2  58.3 -65.7 144.2  -29.4  -22.2  -22.5               
  443  443 A P  S    S+     0   0   97      0, 0.0     2,-0.3     0, 0.0    -2,-0.2   0.262  83.8 128.5 -77.8 129.3  -32.3  -22.1  -23.0               
  444  444 A A        -     0   0    2     23,-0.3    25,-2.5   -93,-0.2     2,-0.4  -0.982  45.7-138.4-145.3 152.6  -32.1  -18.2  -22.8               
  445  445 A T  E     -bd 353 469A   5    -93,-2.6   -91,-2.4    -2,-0.3     2,-0.5  -0.929   8.7-163.6-121.3 134.1  -33.2  -15.4  -25.1               
  446  446 A V  E     -bd 354 470A   0     23,-2.6    25,-2.9    -2,-0.4     2,-0.8  -0.968   2.0-164.4-120.2 117.8  -31.4  -12.2  -26.1               
  447  447 A V  E     -bd 355 471A   0    -93,-3.0   -91,-2.9    -2,-0.5     2,-0.6  -0.887   8.6-168.9 -99.3 102.8  -33.3   -9.3  -27.7               
  448  448 A L  E     -bd 356 472A   0     23,-2.2    25,-2.9    -2,-0.8     2,-0.7  -0.854   6.0-166.7 -89.7 123.6  -30.8   -6.9  -29.3               
  449  449 A V  E     +bd 357 473A   0    -93,-2.8   -91,-2.5    -2,-0.6   -87,-0.3  -0.798  52.1  90.2-109.5  79.9  -32.5   -3.6  -30.3               
  450  450 A S        -     0   0    0     23,-0.8    -2,-0.1    -2,-0.7   -91,-0.0  -0.958  61.5-143.8-159.4 172.0  -29.7   -2.0  -32.5               
  451  451 A T        +     0   0   19     -2,-0.3    28,-0.6    23,-0.1     2,-0.3   0.394  57.0 123.0-122.3  -5.8  -28.4   -1.8  -36.2               
  452  452 A D    >   -     0   0   31      1,-0.1     3,-1.2    26,-0.1     4,-0.1  -0.451  53.8-149.1 -73.5 129.0  -24.6   -1.8  -35.6               
  453  453 A V  G >  S+     0   0   66     -2,-0.3     3,-2.4     1,-0.3     4,-0.3   0.754  88.7  82.8 -61.4 -24.1  -22.4   -4.5  -37.3               
  454  454 A N  G 3  S+     0   0   82      1,-0.3    -1,-0.3     2,-0.1     4,-0.2   0.337  85.1  58.5 -71.3   7.9  -20.0   -4.3  -34.3               
  455  455 A F  G <> S+     0   0    0     -3,-1.2     4,-2.8     2,-0.1    -1,-0.3   0.394  77.7  93.8-101.5  -6.5  -22.3   -6.7  -32.4               
  456  456 A A  H <> S+     0   0   10     -3,-2.4     4,-2.1     1,-0.2    -2,-0.1   0.851  84.4  50.3 -59.2 -35.7  -22.1   -9.5  -35.0               
  457  457 A L  H  > S+     0   0  146     -4,-0.3     4,-2.2     2,-0.2    -1,-0.2   0.959 112.9  45.5 -66.5 -50.5  -19.2  -11.2  -33.1               
  458  458 A E  H  > S+     0   0   15      2,-0.2     4,-2.9     1,-0.2     5,-0.2   0.918 113.9  49.0 -56.8 -48.0  -21.1  -11.2  -29.8               
  459  459 A L  H  X S+     0   0    0     -4,-2.8     4,-2.2     1,-0.2     5,-0.2   0.889 111.0  50.6 -63.5 -37.8  -24.3  -12.4  -31.5               
  460  460 A S  H  X S+     0   0   34     -4,-2.1     4,-2.6    -5,-0.2     5,-0.3   0.904 113.5  45.2 -63.3 -41.1  -22.4  -15.2  -33.2               
  461  461 A D  H  X>S+     0   0   54     -4,-2.2     4,-2.4     2,-0.2     5,-1.9   0.938 113.3  49.2 -69.8 -45.3  -20.8  -16.3  -29.9               
  462  462 A L  H  <5S+     0   0    5     -4,-2.9     6,-2.6     3,-0.2     5,-0.3   0.907 119.5  38.7 -59.6 -43.8  -24.2  -16.1  -28.0               
  463  463 A R  H  <5S+     0   0   73     -4,-2.2     4,-0.2     4,-0.2    -2,-0.2   0.936 126.5  31.3 -72.5 -50.2  -25.9  -18.2  -30.7               
  464  464 A H  H  <5S+     0   0  107     -4,-2.6    -3,-0.2    -5,-0.2    -2,-0.2   0.705 133.1  24.7 -93.8 -22.3  -23.2  -20.8  -31.6               
  465  465 A R  T  <5S+     0   0  202     -4,-2.4    -3,-0.2    -5,-0.3    -4,-0.1   0.786 130.9  35.5-105.6 -44.7  -21.3  -21.2  -28.3               
  466  466 A H  S   <S-     0   0   63     -5,-1.9   -24,-0.4     2,-0.1    -3,-0.2   0.656  97.2-132.8 -84.7 -15.5  -23.9  -20.3  -25.6               
  467  467 A G        +     0   0   46     -6,-0.4   -23,-0.3    -5,-0.3    -4,-0.2   0.757  48.2 158.7  72.8  24.6  -26.9  -21.8  -27.5               
  468  468 A F        -     0   0    3     -6,-2.6     2,-0.7   -25,-0.1   -23,-0.2  -0.515  47.5-116.4 -82.5 151.1  -29.1  -18.7  -27.0               
  469  469 A H  E     -d  445   0A  62    -25,-2.5   -23,-2.6    -2,-0.2     2,-0.6  -0.767  33.2-152.3 -84.8 114.4  -32.1  -17.6  -29.1               
  470  470 A I  E     -d  446   0A   0     -2,-0.7    17,-2.7   -25,-0.2    18,-2.2  -0.826  13.7-173.0 -98.5 116.1  -31.2  -14.3  -30.7               
  471  471 A I  E     -de 447 488A   5    -25,-2.9   -23,-2.2    -2,-0.6     2,-0.6  -0.929   9.2-162.3-104.1 117.1  -34.0  -11.8  -31.6               
  472  472 A L  E     -de 448 489A   0     16,-2.9    18,-2.5    -2,-0.6     2,-0.7  -0.900   6.9-168.4-104.6 115.2  -32.7   -8.8  -33.5               
  473  473 A V  E     +de 449 490A   1    -25,-2.9   -23,-0.8    -2,-0.6     2,-0.3  -0.911  28.8 162.3-100.5 110.8  -34.9   -5.7  -33.6               
  474  474 A H  E     - e   0 491A  16     16,-2.3    18,-2.7    -2,-0.7    19,-0.3  -0.915  40.4-110.6-134.8 151.2  -33.4   -3.5  -36.3               
  475  475 A K        -     0   0   58     -2,-0.3     3,-0.3    16,-0.2   -25,-0.0  -0.322  51.9 -91.1 -68.7 168.2  -34.1   -0.5  -38.6               
  476  476 A N  S    S+     0   0  103      1,-0.2     2,-0.4    -2,-0.1    -1,-0.1   0.589 119.5  67.8 -58.2 -13.1  -34.3   -1.1  -42.4               
  477  477 A Q        +     0   0  183      2,-0.0     2,-0.3     0, 0.0    -1,-0.2  -0.539  68.1 139.2-111.1  61.6  -30.5   -0.3  -42.8               
  478  478 A A        -     0   0   24     -2,-0.4     2,-0.2    -3,-0.3   -26,-0.1  -0.771  54.4-108.8 -97.6 150.9  -28.9   -3.4  -41.0               
  479  479 A S    >>  -     0   0   38    -28,-0.6     4,-2.3    -2,-0.3     3,-0.5  -0.574  18.6-126.9 -79.2 143.5  -25.8   -5.2  -42.2               
  480  480 A E  H 3> S+     0   0  169      1,-0.2     4,-2.6    -2,-0.2     5,-0.2   0.872 110.9  57.0 -57.1 -37.2  -26.2   -8.7  -43.7               
  481  481 A A  H 3> S+     0   0   51      2,-0.2     4,-0.7     1,-0.2    -1,-0.2   0.886 109.2  44.8 -61.8 -40.4  -23.4  -10.0  -41.3               
  482  482 A L  H X> S+     0   0    0     -3,-0.5     3,-0.6     2,-0.2     4,-0.6   0.924 114.1  49.8 -68.8 -43.0  -25.5   -8.8  -38.3               
  483  483 A L  H >< S+     0   0   46     -4,-2.3     3,-1.2     1,-0.2    -2,-0.2   0.891 103.3  60.5 -61.6 -41.9  -28.7  -10.2  -39.7               
  484  484 A H  H 3< S+     0   0  133     -4,-2.6    -1,-0.2     1,-0.2    -2,-0.2   0.767 100.9  54.6 -60.6 -29.1  -27.1  -13.7  -40.4               
  485  485 A H  H << S+     0   0   36     -4,-0.7    -1,-0.2    -3,-0.6    -2,-0.2   0.673  91.7  90.3 -85.0 -12.9  -26.3  -14.2  -36.6               
  486  486 A A    <<  -     0   0   10     -3,-1.2   -15,-0.2    -4,-0.6     3,-0.1  -0.419  60.8-154.7 -78.8 154.3  -29.9  -13.7  -35.4               
  487  487 A N  S    S+     0   0   72    -17,-2.7     2,-0.4     1,-0.3   -16,-0.2   0.781  89.2  28.7 -88.9 -38.2  -32.6  -16.5  -35.0               
  488  488 A E  E    S-e  471   0A  80    -18,-2.2   -16,-2.9     2,-0.0     2,-0.4  -0.978  71.3-157.8-125.2 141.8  -35.5  -13.9  -35.4               
  489  489 A L  E     +e  472   0A  88     -2,-0.4     2,-0.4   -18,-0.2   -16,-0.2  -0.977  12.5 178.5-122.7 122.7  -35.4  -10.7  -37.5               
  490  490 A I  E     -e  473   0A  29    -18,-2.5   -16,-2.3    -2,-0.4     2,-0.5  -0.983  27.3-131.0-131.1 124.2  -37.9   -7.8  -36.8               
  491  491 A R  E  >  -e  474   0A 128     -2,-0.4     4,-2.6   -18,-0.2   -16,-0.2  -0.592  13.4-149.7 -71.1 120.4  -38.1   -4.4  -38.5               
  492  492 A F  H  > S+     0   0    4    -18,-2.7     4,-1.5    -2,-0.5   -17,-0.2   0.909  96.8  52.0 -59.6 -43.2  -38.3   -1.7  -35.8               
  493  493 A E  H  4 S+     0   0   68    -19,-0.3     4,-0.3     2,-0.2    -1,-0.2   0.850 112.9  45.0 -63.7 -36.3  -40.3    0.6  -38.1               
  494  494 A E  H >4 S+     0   0  121      1,-0.2     3,-1.0    -3,-0.2     4,-0.4   0.942 112.0  52.6 -69.6 -46.3  -42.9   -2.2  -38.8               
  495  495 A F  H 3< S+     0   0   20     -4,-2.6    -2,-0.2     1,-0.3    -1,-0.2   0.700 118.3  35.2 -63.8 -27.3  -43.0   -3.2  -35.1               
  496  496 A I  T >< S+     0   0   11     -4,-1.5     3,-1.1    -5,-0.2    -1,-0.3   0.325  89.2 100.3-107.1  -0.6  -43.8    0.4  -33.8               
  497  497 A S  T <  S+     0   0   72     -3,-1.0    -2,-0.1    -4,-0.3    -3,-0.1   0.883  86.0  41.2 -58.5 -43.3  -46.0    1.5  -36.8               
  498  498 A D  T 3  S+     0   0   99     -4,-0.4    -1,-0.2    -3,-0.1    -2,-0.1   0.280  83.9 127.9 -92.9   4.1  -49.4    1.0  -35.1               
  499  499 A L    <   -     0   0    7     -3,-1.1    -3,-0.1     1,-0.1  -126,-0.0  -0.297  68.9 -95.2 -59.7 149.2  -48.4    2.4  -31.6               
  500  500 A P        -     0   0   83      0, 0.0  -131,-0.5     0, 0.0     2,-0.2  -0.292  37.3-112.1 -59.3 143.3  -50.8    5.1  -30.2               
  501  501 A P  B     -F  368   0B  94      0, 0.0     2,-0.4     0, 0.0  -133,-0.2  -0.521  42.9 -96.2 -60.2 144.9  -49.9    8.8  -30.7               
  502  502 A R        -     0   0   63   -135,-3.1  -134,-0.0    -2,-0.2     0, 0.0  -0.534  39.1-119.5 -58.3 123.2  -48.9   10.6  -27.5               
  503  503 A L        -     0   0  153     -2,-0.4     2,-0.9     1,-0.1    -1,-0.1  -0.515  39.1-103.3 -58.3 127.2  -52.0   12.4  -26.2               
  504  504 A P        -     0   0  112      0, 0.0     2,-1.4     0, 0.0    -1,-0.1  -0.451  26.8-155.6 -66.3 105.2  -50.9   16.1  -26.2               
  505  505 A L        +     0   0  159     -2,-0.9     2,-1.9     1,-0.1    -2,-0.0  -0.105  43.0 143.2 -73.7  44.2  -50.2   17.0  -22.5               
  506  506 A K        +     0   0  196     -2,-1.4    -1,-0.1     3,-0.0     3,-0.0  -0.544  29.7 179.7 -72.0  67.5  -50.9   20.7  -23.3               
  507  507 A M        -     0   0  149     -2,-1.9     2,-0.1     1,-0.1    -2,-0.1  -0.602  37.1-108.3 -60.4 134.0  -52.5   21.0  -19.9               
  508  508 A P        -     0   0  102      0, 0.0     2,-2.5     0, 0.0    -1,-0.1  -0.462  37.2-106.8 -53.0 138.9  -53.7   24.6  -19.5               
  509  509 A Q        +     0   0  161      1,-0.1     2,-2.3    -2,-0.1    48,-0.1  -0.412  47.1 178.2 -75.8  67.1  -51.4   26.2  -16.9               
  510  510 A C        -     0   0   92     -2,-2.5     2,-0.9    46,-0.1    -1,-0.1  -0.507  13.6-163.4 -68.4  71.4  -54.0   26.2  -14.2               
  511  511 A H        -     0   0   68     -2,-2.3     2,-0.2    46,-0.1    45,-0.2  -0.540   8.2-144.2 -63.1 100.2  -51.6   27.7  -11.6               
  512  512 A T        -     0   0   22     -2,-0.9    43,-2.8    43,-0.4     2,-0.4  -0.499  14.1-146.9 -68.3 133.8  -53.3   27.0   -8.2               
  513  513 A L  E     -G  554   0C  54     41,-0.2     2,-0.4    -2,-0.2    41,-0.2  -0.846  10.0-162.1-102.3 141.6  -52.7   29.8   -5.7               
  514  514 A L  E     -G  553   0C   0     39,-2.4    39,-2.9    -2,-0.4     2,-0.6  -0.992   9.6-148.6-117.6 135.9  -52.3   29.5   -1.9               
  515  515 A Y  E     -GH 552 581C  48     66,-3.2    66,-2.7    -2,-0.4     2,-0.4  -0.900  12.2-158.7-102.1 117.7  -52.7   32.5    0.4               
  516  516 A V  E     -GH 551 580C   1     35,-2.9    35,-2.3    -2,-0.6    64,-0.2  -0.858  13.2-172.9-100.3 135.0  -50.6   32.4    3.5               
  517  517 A Y  E     +GH 550 579C  40     62,-2.8    62,-1.4    -2,-0.4    33,-0.2  -0.717  52.8  44.1-123.9 170.1  -51.6   34.5    6.6               
  518  518 A N        +     0   0   78     31,-0.6    32,-0.2    -2,-0.2    55,-0.1   0.671  67.8 166.4  64.7  25.3  -50.2   35.5   10.0               
  519  519 A L        -     0   0    2     30,-2.2     2,-0.7    -3,-0.2    -1,-0.2  -0.394  48.1 -94.4 -66.7 146.6  -46.7   36.2    8.7               
  520  520 A P    >   -     0   0    5      0, 0.0     3,-1.5     0, 0.0    -1,-0.1  -0.477  29.3-162.7 -71.8 110.1  -44.4   38.2   11.2               
  521  521 A A  T 3  S+     0   0   82     -2,-0.7     4,-0.1     1,-0.3    27,-0.1   0.572  87.3  63.9 -65.2 -10.6  -44.6   41.9   10.4               
  522  522 A N  T 3  S+     0   0  134      2,-0.1     2,-0.3     0, 0.0    -1,-0.3   0.176  91.3  78.5-100.8  12.0  -41.3   42.5   12.4               
  523  523 A K  S <  S-     0   0  103     -3,-1.5     2,-0.1     2,-0.0    -4,-0.0  -0.874  88.5 -98.3-116.7 155.1  -39.1   40.3   10.1               
  524  524 A D     >  -     0   0   82     -2,-0.3     4,-2.1     1,-0.1     3,-0.2  -0.430  28.4-122.3 -72.3 145.5  -37.6   41.3    6.7               
  525  525 A G  H  > S+     0   0   46      1,-0.2     4,-2.3     2,-0.2    -1,-0.1   0.735 109.9  57.7 -62.5 -22.3  -39.4   40.1    3.5               
  526  526 A K  H  > S+     0   0  165      2,-0.2     4,-2.7     3,-0.2    -1,-0.2   0.944 107.7  45.7 -75.2 -44.8  -36.3   38.2    2.3               
  527  527 A S  H  > S+     0   0   42      2,-0.2     4,-2.2    -3,-0.2    -2,-0.2   0.917 115.4  47.7 -60.2 -43.5  -36.1   36.0    5.5               
  528  528 A V  H  X S+     0   0    4     -4,-2.1     4,-2.6     2,-0.2     5,-0.2   0.941 112.8  48.7 -64.4 -44.1  -39.9   35.4    5.2               
  529  529 A S  H  X S+     0   0   24     -4,-2.3     4,-2.5     1,-0.2    -2,-0.2   0.915 111.7  49.8 -59.0 -43.1  -39.6   34.6    1.5               
  530  530 A N  H  X S+     0   0   81     -4,-2.7     4,-2.0     2,-0.2    -2,-0.2   0.859 112.4  46.5 -68.8 -35.9  -36.7   32.2    2.2               
  531  531 A R  H  X S+     0   0   73     -4,-2.2     4,-1.4     2,-0.2    -2,-0.2   0.946 114.9  46.6 -68.7 -46.4  -38.6   30.3    5.0               
  532  532 A L  H  X S+     0   0    0     -4,-2.6     4,-1.4     2,-0.2    -2,-0.2   0.862 111.3  53.1 -64.4 -36.6  -41.8   30.1    2.8               
  533  533 A R  H >X S+     0   0  119     -4,-2.5     4,-2.7    -5,-0.2     3,-1.3   0.991 108.2  49.1 -58.9 -56.5  -39.6   28.8   -0.2               
  534  534 A R  H 3< S+     0   0  186     -4,-2.0     4,-0.4     1,-0.3    -1,-0.2   0.737 112.7  49.3 -55.5 -30.7  -38.0   26.0    2.0               
  535  535 A L  H 3< S+     0   0   16     -4,-1.4    -1,-0.3     1,-0.1    -2,-0.2   0.780 121.1  33.9 -76.0 -29.0  -41.6   25.0    3.1               
  536  536 A S  H X<>S+     0   0    0     -4,-1.4     5,-2.5    -3,-1.3     3,-2.0   0.652  93.4  84.3-106.6 -18.1  -43.0   24.9   -0.5               
  537  537 A D  G ><5S+     0   0   88     -4,-2.7     3,-2.2     1,-0.3    -3,-0.1   0.889  86.6  60.2 -53.8 -43.2  -40.0   23.7   -2.6               
  538  538 A N  G 3 5S+     0   0  116     -4,-0.4    -1,-0.3     1,-0.3    -2,-0.1   0.576 111.2  41.0 -62.6 -13.5  -40.9   20.0   -1.8               
  539  539 A C  G < 5S-     0   0   15     -3,-2.0    -1,-0.3     2,-0.1    -2,-0.2   0.144 120.7-106.4-115.5  12.1  -44.3   20.6   -3.5               
  540  540 A G  T < 5 +     0   0   48     -3,-2.2    -3,-0.2     1,-0.2     2,-0.2   0.680  65.4 161.9  70.4  18.2  -42.9   22.7   -6.4               
  541  541 A G      < -     0   0    4     -5,-2.5     2,-0.5    -8,-0.1    14,-0.2  -0.464  27.1-157.9 -76.6 141.4  -44.3   26.0   -4.9               
  542  542 A K  E     -I  554   0C 152     12,-2.7    12,-2.6    -2,-0.2     2,-0.4  -0.974  17.5-131.6-118.7 121.4  -43.1   29.5   -5.9               
  543  543 A V  E     +I  553   0C  26     -2,-0.5    10,-0.3    10,-0.2     3,-0.1  -0.591  27.0 178.5 -66.6 118.5  -43.5   32.5   -3.6               
  544  544 A L  E     -     0   0C  82      8,-2.9     2,-0.3    -2,-0.4    -1,-0.2   0.873  58.7  -8.7 -87.4 -49.8  -45.0   35.3   -5.8               
  545  545 A S  E     -I  552   0C  46      7,-1.2     7,-2.2     2,-0.0     2,-0.4  -0.976  47.1-152.4-151.1 156.2  -45.5   38.1   -3.3               
  546  546 A I  E     +I  551   0C  51     -2,-0.3     2,-0.3     5,-0.2     5,-0.3  -0.993  18.8 175.1-132.7 132.6  -45.3   39.1    0.4               
  547  547 A T  E >   -I  550   0C  96      3,-3.1     3,-1.2    -2,-0.4    -2,-0.0  -0.897  57.2 -56.2-148.2 106.7  -47.5   42.0    1.7               
  548  548 A G  T 3  S-     0   0   61     -2,-0.3    -1,-0.1     1,-0.2     0, 0.0  -0.324 123.8  -9.2  54.3-128.2  -47.7   42.8    5.4               
  549  549 A C  T 3  S+     0   0   67     -3,-0.1   -30,-2.2   -31,-0.1   -31,-0.6   0.062 128.5  71.1 -82.4  21.5  -48.7   39.7    7.4               
  550  550 A S  E <   -GI 517 547C  39     -3,-1.2    -3,-3.1   -33,-0.2     2,-0.3  -0.952  53.0-172.8-140.6 156.9  -49.6   37.7    4.1               
  551  551 A A  E     -GI 516 546C   3    -35,-2.3   -35,-2.9    -2,-0.3     2,-0.5  -0.985  17.4-136.3-145.6 157.4  -48.0   36.0    1.1               
  552  552 A I  E     -GI 515 545C  46     -7,-2.2    -8,-2.9    -2,-0.3    -7,-1.2  -0.970  19.2-169.0-116.9 127.1  -49.2   34.4   -2.2               
  553  553 A L  E     -GI 514 543C   0    -39,-2.9   -39,-2.4    -2,-0.5     2,-0.4  -0.887   9.3-146.5-112.4 147.9  -47.6   31.1   -3.5               
  554  554 A R  E     -GI 513 542C  91    -12,-2.6   -12,-2.7    -2,-0.3     2,-0.2  -0.964  13.4-173.2-116.2 131.7  -48.1   29.5   -6.9               
  555  555 A F        -     0   0    3    -43,-2.8   -43,-0.4    -2,-0.4   -14,-0.1  -0.710  32.5-122.2-116.6 163.5  -48.2   25.7   -7.6               
  556  556 A I  S    S-     0   0  125     -2,-0.2     2,-0.3   -45,-0.2   -46,-0.1   0.783  90.1  -3.2 -77.5 -28.6  -48.3   23.8  -11.0               
  557  557 A N  S  > S-     0   0   55    -46,-0.1     4,-1.6   -45,-0.1     3,-0.2  -0.946  78.2 -93.5-155.3 171.5  -51.6   22.0  -10.2               
  558  558 A Q  H  > S+     0   0   77     -2,-0.3     4,-2.9     1,-0.2     3,-0.4   0.931 118.2  53.1 -58.3 -51.4  -54.3   21.5   -7.4               
  559  559 A D  H  > S+     0   0   82      1,-0.2     4,-2.5     2,-0.2    -1,-0.2   0.824 107.8  51.9 -60.5 -33.3  -52.8   18.3   -5.8               
  560  560 A S  H  > S+     0   0   11     -3,-0.2     4,-1.7     2,-0.2    -1,-0.2   0.886 112.2  46.2 -70.2 -35.6  -49.4   20.1   -5.4               
  561  561 A A  H  X S+     0   0    0     -4,-1.6     4,-3.2    -3,-0.4    -2,-0.2   0.902 112.6  49.8 -70.3 -39.4  -51.2   23.0   -3.7               
  562  562 A E  H  X S+     0   0   71     -4,-2.9     4,-2.5     2,-0.2    -2,-0.2   0.922 111.8  48.4 -66.6 -40.4  -53.2   20.5   -1.5               
  563  563 A R  H  X S+     0   0  130     -4,-2.5     4,-0.7    -5,-0.2    -1,-0.2   0.897 114.6  47.2 -59.6 -41.2  -50.0   18.7   -0.5               
  564  564 A A  H >X S+     0   0    1     -4,-1.7     4,-1.7     2,-0.2     3,-0.6   0.927 111.5  49.0 -68.4 -44.1  -48.5   22.1    0.2               
  565  565 A Q  H >X S+     0   0   51     -4,-3.2     4,-2.3     1,-0.2     3,-0.8   0.971 111.8  48.7 -58.9 -53.2  -51.5   23.3    2.3               
  566  566 A K  H 3< S+     0   0  163     -4,-2.5    -1,-0.2     1,-0.2    -2,-0.2   0.656 119.2  41.4 -60.0 -19.4  -51.5   20.0    4.4               
  567  567 A R  H << S+     0   0  147     -4,-0.7    -1,-0.2    -3,-0.6    -2,-0.2   0.588 119.3  41.7-100.5 -20.9  -47.7   20.5    4.9               
  568  568 A M  H X< S+     0   0    0     -4,-1.7     3,-1.3    -3,-0.8    10,-0.2   0.575  82.3 112.2-106.9 -17.2  -47.7   24.3    5.6               
  569  569 A E  T 3< S+     0   0   70     -4,-2.3    10,-0.2     1,-0.2   -53,-0.0  -0.398  94.4   0.3 -59.7 131.9  -50.7   24.7    7.8               
  570  570 A N  T 3  S+     0   0   84      8,-2.3    -1,-0.2     1,-0.2     9,-0.1   0.422  93.9 148.5  62.0   6.3  -49.7   25.8   11.4               
  571  571 A E    <   -     0   0   63     -3,-1.3     7,-2.4     7,-0.2     2,-0.5  -0.299  52.5-106.5 -60.5 147.1  -45.9   25.8   10.5               
  572  572 A D  B     -J  577   0D  50      5,-0.2     2,-0.5     3,-0.1     5,-0.2  -0.661  30.7-176.1 -83.2 126.6  -43.7   28.3   12.4               
  573  573 A V  S    S-     0   0    0      3,-2.9     3,-0.2    -2,-0.5    -1,-0.1  -0.776  78.8 -44.5-118.5  84.3  -42.4   31.4   10.5               
  574  574 A F  S    S-     0   0   92     -2,-0.5     3,-0.1     1,-0.2    -2,-0.0   0.807 124.1 -32.5  62.5  41.7  -40.2   33.1   13.1               
  575  575 A G  S    S+     0   0   13      1,-0.2     2,-0.4   -55,-0.0    -1,-0.2   0.518 121.4  97.2  94.0   9.9  -42.5   32.7   16.2               
  576  576 A N        -     0   0   48     -3,-0.2    -3,-2.9    -5,-0.0     2,-0.4  -0.999  69.0-134.8-123.8 127.3  -45.8   33.0   14.3               
  577  577 A R  B     -J  572   0D 147     -2,-0.4    -5,-0.2    -5,-0.2     2,-0.2  -0.673  28.6-133.8 -75.8 127.8  -47.9   29.9   13.2               
  578  578 A I        -     0   0    0     -7,-2.4    -8,-2.3    -2,-0.4     2,-0.4  -0.539   8.5-148.1 -86.7 150.7  -49.1   30.4    9.5               
  579  579 A I  E     -H  517   0C  64    -62,-1.4   -62,-2.8   -10,-0.2     2,-0.5  -0.970  14.8-160.1-117.0 133.2  -52.6   29.8    8.1               
  580  580 A V  E     +H  516   0C   3     -2,-0.4     2,-0.3   -64,-0.2   -64,-0.2  -0.957  15.4 168.1-127.9 118.2  -52.8   28.6    4.5               
  581  581 A S  E     -H  515   0C  25    -66,-2.7   -66,-3.2    -2,-0.5     4,-0.1  -0.950  41.9-142.3-131.0 150.8  -56.0   28.8    2.3               
  582  582 A F  S    S+     0   0   60     -2,-0.3   -69,-0.2   -68,-0.2    -1,-0.1   0.716  91.9  71.8 -70.5 -25.2  -57.1   28.5   -1.4               
  583  583 A T  S    S-     0   0   88    -68,-0.1     2,-0.6    -3,-0.0   -68,-0.1  -0.821  87.3-122.2 -99.4 132.4  -59.4   31.5   -0.8               
  584  584 A P        -     0   0   78      0, 0.0     2,-0.8     0, 0.0    -2,-0.1  -0.560  27.5-129.6 -67.1 115.7  -58.3   35.1   -0.3               
  585  585 A K        -     0   0  131     -2,-0.6     2,-0.1    -4,-0.1    -4,-0.0  -0.600  25.2-140.5 -62.7 106.5  -59.6   36.3    3.1               
  586  586 A N        -     0   0  148     -2,-0.8     2,-0.7     1,-0.1    -3,-0.0  -0.398  12.4-126.2 -69.5 150.4  -61.3   39.6    2.2               
  587  587 A R        +     0   0  224     -2,-0.1     2,-0.2     3,-0.0     3,-0.1  -0.733  44.9 146.1-117.2  84.9  -60.7   42.4    4.7               
  588  588 A E        +     0   0  166     -2,-0.7     0, 0.0     1,-0.2     0, 0.0  -0.699  42.3  46.8-108.7 163.3  -63.9   44.1    6.1               
  589  589 A L        +     0   0  156      1,-0.3     2,-0.6    -2,-0.2    -1,-0.2   0.995  32.1 161.6  54.7  86.7  -64.4   45.6    9.6               
  590  590 A C        +     0   0  115     -3,-0.1    -1,-0.3     0, 0.0     2,-0.2  -1.000  39.3 153.0 -83.9 121.1  -62.0   47.7   11.3               
  591  591 A E        -     0   0  162     -2,-0.6     0, 0.0     1,-0.2     0, 0.0  -0.777  27.9 -47.6-159.3 134.0  -64.5   49.1   13.9               
  592  592 A T        +     0   0  104     -2,-0.2    -1,-0.2     0, 0.0     0, 0.0   0.901  50.1  77.9  61.8 142.7  -64.8   50.5   17.4               
  593  593 A K        +     0   0  181      0, 0.0    -2,-0.1     0, 0.0     0, 0.0   0.958  33.3 131.0  72.8 100.5  -64.1   50.6   21.2               
  594  594 A S        -     0   0  106      0, 0.0     0, 0.0     0, 0.0     0, 0.0   0.857  21.8-127.9  89.7 140.5  -61.9   51.3   23.7               
  595  595 A S        -     0   0   91      0, 0.0     0, 0.0     0, 0.0     0, 0.0   0.711  19.1 -52.5-168.4 155.8  -60.2   52.2   26.2               
  596  596 A N        +     0   0  158      0, 0.0     0, 0.0     0, 0.0     0, 0.0   0.561  20.2 129.4  65.7 160.5  -57.5   53.6   28.5               
  597  597 A A        -     0   0   86      2,-0.0     2,-0.0     0, 0.0     0, 0.0   0.874  33.8 -71.7-162.1 176.3  -54.5   54.3   29.9               
  598  598 A I        -     0   0  162      0, 0.0     0, 0.0     0, 0.0     0, 0.0   0.677  28.2-150.0-142.8 163.7  -52.0   56.0   31.2               
  599  599 A A        +     0   0   76     -2,-0.0    -2,-0.0     0, 0.0     0, 0.0  -0.079  13.3 169.9 -55.8 163.3  -49.0   58.3   30.1               
  600  600 A D        +     0   0  120      0, 0.0     0, 0.0     0, 0.0     0, 0.0   0.491  21.7 167.6-177.6 159.5  -45.9   59.3   30.7               
  601  601 A K        +     0   0  155      0, 0.0     0, 0.0     0, 0.0     0, 0.0   0.913  20.3 119.0-169.1 179.5  -43.5   61.1   29.1               
  602  602 A V        +     0   0  107      2,-0.0     0, 0.0     1,-0.0     0, 0.0   0.687  36.6  61.1  42.1 115.9  -40.5   63.1   27.7               
  603  603 A K        +     0   0  193      1,-0.1    -1,-0.0     0, 0.0     0, 0.0   0.635  22.7 147.9-165.0 138.1  -38.0   63.4   25.8               
  604  604 A S        +     0   0   99      2,-0.0    -1,-0.1     0, 0.0     2,-0.0  -0.560  17.4 159.8 -65.9 163.2  -36.5   63.5   22.3               
  605  605 A P        -     0   0   94      0, 0.0     0, 0.0     0, 0.0     0, 0.0   0.044  21.5 -99.8-159.0-174.4  -34.2   64.8   20.7               
  606  606 A K        +     0   0  176     -2,-0.0     2,-0.1     0, 0.0    -2,-0.0   0.465  22.6 157.3  32.9 109.0  -31.6   65.4   18.0               
  607  607 A K        -     0   0  186      1,-0.0     0, 0.0     0, 0.0     0, 0.0   0.091  25.9  -0.4 177.4 174.6  -28.5   65.1   16.8               
  608  608 A L        -     0   0  125     -2,-0.1    -1,-0.0     0, 0.0     0, 0.0   0.676  46.3 -77.0-156.5 150.6  -26.0   65.0   14.7               
  609  609 A K        +     0   0  165      2,-0.0     0, 0.0     0, 0.0     0, 0.0   0.636  40.5  55.8  22.1 142.6  -25.0   65.0   10.9               
  610  610 A N        +     0   0  141      1,-0.0     2,-0.2     0, 0.0     0, 0.0   0.690  14.5 148.9-158.6 159.7  -24.5   64.0    8.0               
  611  611 A P        -     0   0   99      0, 0.0     2,-0.2     0, 0.0    -1,-0.0  -0.555  18.0-161.3 -95.1 169.5  -25.5   62.4    4.6               
  612  612 A K        -     0   0  191     -2,-0.2     2,-0.2     2,-0.0     0, 0.0  -0.575   7.7-158.1-171.1 143.0  -24.7   62.5    1.0               
  613  613 A L        +     0   0  151     -2,-0.2     2,-0.1     2,-0.1     0, 0.0  -0.372   8.9 175.1  67.1  87.1  -25.7   61.9   -2.1               
  614  614 A C        +     0   0  110     -2,-0.2     2,-0.3     0, 0.0    -2,-0.0  -0.432  28.7 135.4-161.9 130.9  -23.9   61.3   -5.4               
  615  615 A L        +     0   0  160     -2,-0.1     2,-0.1     0, 0.0    -2,-0.1  -0.385  49.8 125.7  33.8 112.2  -25.7   60.4   -8.2               
  616  616 A I        +     0   0  140     -2,-0.3     0, 0.0     0, 0.0     0, 0.0   0.021  32.2  62.9 109.4 137.7  -23.9   62.9  -10.5               
  617  617 A K        -     0   0  164     -2,-0.1     0, 0.0    -3,-0.0     0, 0.0   0.717  25.0-167.7-170.5 161.7  -22.2   63.0  -13.3               
  618  618 A D        -     0   0  131      1,-0.1     2,-0.3     2,-0.0    -1,-0.0   0.336   6.9-174.6  -5.3 131.1  -20.5   63.0  -16.8               
  619  619 A A        -     0   0  111      2,-0.0     2,-0.5     0, 0.0    -1,-0.1  -0.930  28.9-168.3-129.5 116.5  -16.9   63.2  -17.8               
  620  620 A S        -     0   0  109     -2,-0.3     2,-0.3     0, 0.0    -2,-0.0  -0.930  14.7-177.6-113.2 127.7  -17.1   63.4  -21.7               
  621  621 A E        +     0   0  175     -2,-0.5    -2,-0.0     1,-0.2     0, 0.0  -0.903  42.0  14.8-156.2 131.3  -14.4   63.1  -24.4               
  622  622 A Q        -     0   0  155     -2,-0.3    -1,-0.2     0, 0.0     0, 0.0   0.755  56.1 -70.7-151.9 160.0  -15.0   63.4  -27.4               
  623  623 A S        +     0   0   95      1,-0.0    -2,-0.0     0, 0.0     0, 0.0   0.677  30.3 104.6  25.6 141.1  -16.8   64.3  -30.8               
  624  624 A S        +     0   0   98      0, 0.0    -1,-0.0     0, 0.0     0, 0.0   0.634   9.8 158.7 180.0 147.8  -19.0   63.9  -33.0               
  625  625 A S        +     0   0  103      0, 0.0     0, 0.0     0, 0.0     0, 0.0   0.920  20.4  44.3  61.4 135.2  -21.9   64.1  -35.3               
  626  626 A A        +     0   0   86      2,-0.0     0, 0.0     0, 0.0     0, 0.0   0.696  22.0  57.4  69.6 153.2  -23.8   63.4  -38.5               
  627  627 A K        +     0   0  202      2,-0.0     0, 0.0     0, 0.0     0, 0.0   0.475  45.7  92.0-157.7 117.0  -25.3   62.7  -41.2               
  628  628 A A        +     0   0  106      0, 0.0    -2,-0.0     0, 0.0     0, 0.0  -0.116  43.6 161.5-161.1  54.0  -28.1   60.5  -42.8               
  629  629 A T        +     0   0  133      1,-0.1    -2,-0.0     2,-0.0     0, 0.0  -0.742  27.9  28.1 -87.0 169.1  -31.7   61.8  -42.8               
  630  630 A P        +     0   0  127      0, 0.0    -1,-0.1     0, 0.0     0, 0.0   0.810  24.2 150.0-130.5 174.0  -34.5   61.1  -44.3               
  631  631 A G        -     0   0   77      2,-0.0    -2,-0.0     0, 0.0     0, 0.0   0.179  33.7-148.6-147.2  24.1  -36.7   58.5  -46.2               
  632  632 A K        +     0   0  217      1,-0.0     2,-0.1     0, 0.0     0, 0.0   0.623  27.0 152.2  19.4 118.6  -40.7   59.0  -46.0               
  633  633 A G        -     0   0   78      0, 0.0    -1,-0.0     0, 0.0    -2,-0.0  -0.532  31.2-112.2-173.4 107.2  -43.3   56.2  -46.0               
  634  634 A S        +     0   0  107     -2,-0.1     0, 0.0     1,-0.0     0, 0.0   0.130  40.7  93.6 -31.9 158.3  -46.9   56.0  -44.5               
  635  635 A Q        -     0   0  185      0, 0.0    -1,-0.0     0, 0.0     0, 0.0   0.912  35.5 -50.2-173.5 164.1  -49.0   54.6  -42.3               
  636  636 A A        -     0   0   72      0, 0.0    -2,-0.0     0, 0.0     0, 0.0   0.845  30.2  -3.5-162.7 169.1  -50.7   54.6  -39.4               
  637  637 A N        -     0   0  147      0, 0.0     2,-0.0     0, 0.0     0, 0.0   0.792  23.3-132.9  69.3 124.3  -51.9   54.6  -35.7               
  638  638 A S        +     0   0  122      2,-0.1     0, 0.0     0, 0.0     0, 0.0   0.445  12.7 168.5  77.2 129.9  -51.7   54.7  -32.3               
  639  639 A G        +     0   0   67     -2,-0.0     2,-0.1     0, 0.0     0, 0.0   0.800  19.2 143.7-155.0 164.7  -52.0   54.3  -29.2               
  640  640 A S        +     0   0  131      2,-0.0     2,-0.1     0, 0.0    -2,-0.1  -0.179  28.7 157.9  41.3  95.5  -51.3   54.7  -25.8               
  641  641 A A        -     0   0   97     -2,-0.1     2,-0.3     2,-0.0     0, 0.0  -0.496  21.6-160.0-168.5 129.7  -54.0   54.7  -23.2               
  642  642 A T        +     0   0  133     -2,-0.1     2,-0.2     0, 0.0    -2,-0.0  -0.656  25.2 155.2 -69.4 143.9  -54.2   54.0  -19.4               
  643  643 A K        -     0   0  211     -2,-0.3     2,-0.1     2,-0.0    -2,-0.0  -0.804  20.2-159.4-168.0 155.6  -57.6   53.2  -17.8               
  644  644 A N        +     0   0  146     -2,-0.2     0, 0.0     0, 0.0     0, 0.0  -0.301  30.3  85.2 -92.6-174.1  -59.0   51.5  -14.7               
  645  645 A T        +     0   0  120     -2,-0.1    -2,-0.0     0, 0.0     0, 0.0   0.468  25.1  88.0  98.7 148.4  -62.3   49.9  -13.5               
  646  646 A N        -     0   0  139      0, 0.0     2,-0.2     0, 0.0     0, 0.0   0.889  21.2-172.4  68.8 113.5  -65.0   47.2  -13.1               
  647  647 A V        -     0   0  120      0, 0.0     2,-0.1     0, 0.0     0, 0.0  -0.043   2.4-179.3  74.2 110.5  -65.7   44.7  -11.2               
  648  648 A K        +     0   0  196     -2,-0.2     2,-0.2     0, 0.0     0, 0.0  -0.052   9.2 165.4 157.0 105.5  -68.4   41.9  -11.4               
  649  649 A S        +     0   0   93     -2,-0.1     0, 0.0     2,-0.0     0, 0.0   0.287  20.5 117.3  63.3 141.4  -68.8   39.6   -9.1               
  650  650 A L        -     0   0  150     -2,-0.2     2,-0.2     2,-0.0     0, 0.0   0.527  50.1-109.8  67.8 129.6  -71.9   37.3   -8.9               
  651  651 A Q        +     0   0  166      0, 0.0     2,-0.2     0, 0.0    -2,-0.0  -0.495  46.6 124.4  77.0  70.9  -73.0   34.2   -9.1               
  652  652 A E        +     0   0  188     -2,-0.2     3,-0.1     1,-0.1    -2,-0.0  -0.895  33.6  70.5-168.7 172.8  -75.1   32.6  -11.8               
  653  653 A L        +     0   0  150      1,-0.5     2,-0.4    -2,-0.2    -1,-0.1   0.971  26.0 145.5  63.7  63.4  -75.1   29.5  -14.3               
  654  654 A C        +     0   0  120      0, 0.0    -1,-0.5     0, 0.0     2,-0.1  -0.758  54.9  95.2 -56.0 148.1  -75.5   26.4  -12.9               
  655  655 A R        +     0   0  221     -2,-0.4    -3,-0.0    -3,-0.1     0, 0.0   0.251  32.0  86.2  83.3 138.5  -77.5   25.1  -16.0               
  656  656 A M        +     0   0  164     -2,-0.1     2,-0.2     1,-0.0     0, 0.0   0.798  30.2 145.8-126.9 154.3  -77.2   23.5  -18.8               
  657  657 A E        +     0   0  167      0, 0.0    -1,-0.0     0, 0.0     0, 0.0  -0.550  43.9   1.7  75.4  96.6  -77.2   20.2  -19.3               
  658  658 A S        +     0   0   81     -2,-0.2    -2,-0.0     0, 0.0     0, 0.0   0.499  40.5 133.6  78.6 163.2  -78.5   18.2  -22.3               
  659  659 A K        -     0   0  179      0, 0.0     2,-0.0     0, 0.0     0, 0.0   0.807  23.7-141.7  78.2 134.2  -80.1   18.0  -25.8               
  660  660 A T        -     0   0  132      0, 0.0     0, 0.0     0, 0.0     0, 0.0   0.448  19.7-139.9 161.4 142.6  -79.9   16.5  -28.8               
  661  661 A G        -     0   0   78      2,-0.1     0, 0.0    -2,-0.0     0, 0.0  -0.102  47.7-163.1 178.3  52.2  -80.1   16.1  -32.7               
  662  662 A H        +     0   0  150      0, 0.0     2,-0.1     0, 0.0     0, 0.0   0.436  32.8 178.1  91.0 105.2  -81.4   13.2  -33.6               
  663  663 A R        +     0   0  234      0, 0.0     2,-0.2     0, 0.0    -2,-0.1  -0.318  14.2 179.4 169.7 122.9  -82.2   10.3  -36.0               
  664  664 A N        +     0   0  125     -2,-0.1     0, 0.0     2,-0.1     0, 0.0  -0.005  15.4  90.7  53.0 126.3  -83.8    7.4  -35.8               
  665  665 A S        -     0   0   94     -2,-0.2     0, 0.0     0, 0.0     0, 0.0   0.844  36.5-132.5-155.4 179.2  -84.6    4.9  -37.6               
  666  666 A E        -     0   0  159      0, 0.0    -2,-0.1     0, 0.0     0, 0.0   0.318  49.1  -2.4  -1.0 140.6  -85.2    1.7  -39.6               
  667  667 A H        +     0   0  158      0, 0.0     0, 0.0     0, 0.0     0, 0.0   0.804  41.7  81.0  79.3 145.5  -86.2    0.8  -43.1               
  668  668 A Q        -     0   0  155      0, 0.0     0, 0.0     0, 0.0     0, 0.0   0.981  30.2 -96.9  71.5 106.1  -87.4    1.0  -46.6               
  669  669 A Q        +     0   0  179      0, 0.0     0, 0.0     0, 0.0     0, 0.0   0.954  28.0 127.7  76.6 138.8  -87.3    1.4  -50.1               
  670  670 A G        -     0   0   67      0, 0.0     2,-0.2     0, 0.0     0, 0.0   0.731  20.8-156.1  85.6 107.5  -87.6    3.5  -53.4               
  671  671 A H        +     0   0  145      2,-0.0     2,-0.1     0, 0.0     0, 0.0  -0.263  16.2 165.4  59.5  98.5  -86.0    4.4  -56.2               
  672  672 A L        -     0   0  149     -2,-0.2     2,-0.1     2,-0.0     0, 0.0  -0.161  12.5-161.9 174.2 113.3  -86.5    7.4  -58.5               
  673  673 A R        +     0   0  203     -2,-0.1     2,-0.1     0, 0.0    -2,-0.0  -0.139  12.3 177.0  58.7 102.7  -84.5    8.9  -61.0               
  674  674 A L        -     0   0  164     -2,-0.1     2,-0.1     2,-0.1    -2,-0.0  -0.271  15.7-165.5-171.9 115.8  -84.2   12.0  -62.9               
  675  675 A V        +     0   0  118     -2,-0.1     0, 0.0     0, 0.0     0, 0.0  -0.035  23.6 179.7  70.2 103.6  -81.8   12.8  -65.3               
  676  676 A V        +     0   0  138     -2,-0.1     2,-0.1     2,-0.0    -2,-0.1  -0.765  26.9 169.5-144.5 140.9  -80.3   15.6  -67.2               
  677  677 A P        +     0   0   97      0, 0.0     0, 0.0     0, 0.0     0, 0.0  -0.094   2.2 145.7-115.5-143.3  -77.5   14.7  -69.8               
  678  678 A T        -     0   0  119     -2,-0.1    -2,-0.0     0, 0.0     2,-0.0   0.422  23.9 -92.7  76.7 153.8  -75.4   16.3  -72.7               
  679  679 A H        +     0   0  174      0, 0.0     0, 0.0     0, 0.0     0, 0.0   0.494  21.1 172.3 178.7 149.1  -72.5   16.7  -74.5               
  680  680 A G        -     0   0   69     -2,-0.0     2,-0.0     0, 0.0     0, 0.0   0.336  35.3-150.6 146.9  49.2  -69.1   18.0  -75.6               
  681  681 A N        +     0   0  144      0, 0.0     2,-0.1     0, 0.0     0, 0.0  -0.000  28.9 161.7  61.5  79.6  -67.3   16.3  -78.0               
  682  682 A S        -     0   0  108     -2,-0.0     2,-0.1     0, 0.0     0, 0.0  -0.498  36.5-139.8-156.3 109.0  -63.8   15.7  -79.1               
  683  683 A S        +     0   0  110     -2,-0.1     0, 0.0     0, 0.0     0, 0.0   0.307  26.9 103.1  65.6 123.3  -63.1   13.1  -81.2               
  684  684 A A        -     0   0   95     -2,-0.1     0, 0.0     2,-0.0     0, 0.0   0.758  20.3 -41.0-163.8 176.6  -61.7   10.6  -82.5               
  685  685 A A        -     0   0   89      1,-0.1     2,-0.2     0, 0.0     0, 0.0   0.678  15.5-137.2  64.4 143.7  -60.4    7.1  -83.7               
  686  686 A V        +     0   0  138      0, 0.0     2,-0.2     0, 0.0    -1,-0.1  -0.653  29.9 172.7  77.6  75.6  -59.6    3.9  -83.9               
  687  687 A S        -     0   0  101     -2,-0.2     0, 0.0     0, 0.0     0, 0.0  -0.679  14.1-163.2-167.7 142.0  -56.5    2.5  -85.5               
  688  688 A T        -     0   0  127     -2,-0.2     0, 0.0     1,-0.1     0, 0.0   0.565  29.1 -69.7  71.9 148.3  -54.8   -0.4  -85.9               
  689  689 A P        +     0   0  110      0, 0.0    -1,-0.1     0, 0.0     0, 0.0   0.106  39.7  75.1-127.8-169.8  -51.5   -1.2  -87.1               
  690  690 A K        -     0   0  183      0, 0.0    -2,-0.0     0, 0.0     0, 0.0   0.698  39.4 -35.5  81.7 136.9  -48.1   -1.8  -88.8               
  691  691 A N        +     0   0  143      2,-0.0     0, 0.0     0, 0.0     0, 0.0   0.950  44.5  72.0  61.0 144.9  -44.9   -0.6  -90.3               
  692  692 A S        +     0   0  114      1,-0.0     0, 0.0     0, 0.0     0, 0.0   0.797  23.3 123.0  77.7 137.5  -42.6    1.6  -92.2               
  693  693 A G        -     0   0   74      0, 0.0     2,-0.2     0, 0.0    -1,-0.0   0.525  45.5-179.8 120.4  36.3  -40.6    4.9  -92.4               
  694  694 A V        +     0   0  135      2,-0.0     2,-0.0     0, 0.0     0, 0.0  -0.234  16.0 157.3  52.0  83.0  -37.6    3.5  -92.9               
  695  695 A A        +     0   0   96     -2,-0.2     0, 0.0     0, 0.0     0, 0.0  -0.350  13.8 177.7-164.3  95.6  -34.4    5.5  -93.3               
  696  696 A E        +     0   0  180      2,-0.0     2,-0.0    -2,-0.0    -2,-0.0  -0.567  10.6 133.1 -60.7 159.7  -31.0    4.4  -92.6               
  697  697 A P        -     0   0  109      0, 0.0    -1,-0.0     0, 0.0     0, 0.0   0.209  36.3-136.5-145.9-178.2  -28.1    5.5  -92.8               
  698  698 A V        +     0   0  104     -2,-0.0    -2,-0.0     1,-0.0     0, 0.0   0.134  52.6  62.1   1.3 136.1  -24.7    6.1  -91.5               
  699  699 A Y        -     0   0  192      0, 0.0    -1,-0.0     0, 0.0     0, 0.0   0.966  49.1 -83.1  79.3 113.5  -22.7    9.4  -91.8               
  700  700 A K        +     0   0  161      0, 0.0    -2,-0.0     0, 0.0     0, 0.0   0.936  25.5   2.2  71.2 127.2  -22.0   12.9  -91.1               
  701  701 A T        -     0   0  125      0, 0.0     0, 0.0     0, 0.0     0, 0.0   0.872   7.3-177.8  73.8 131.2  -22.0   16.6  -91.4               
  702  702 A S        -     0   0   79      2,-0.0     0, 0.0     0, 0.0     0, 0.0   0.488  14.9 -70.3-178.2 172.9  -22.2   19.9  -91.9               
  703  703 A Q        +     0   0  168      0, 0.0     2,-0.1     0, 0.0     3,-0.0   0.887  33.3 125.5  58.3 112.5  -21.9   23.7  -91.8               
  704  704 A K        -     0   0  198      0, 0.0    -2,-0.0     0, 0.0     0, 0.0  -0.335  58.6-121.6-140.3 120.8  -21.9   26.9  -90.9               
  705  705 A K        +     0   0  159     -2,-0.1     0, 0.0     0, 0.0     0, 0.0   0.504  44.1 103.3  72.9 115.0  -18.9   28.4  -90.9               
  706  706 A E        -     0   0  139     -3,-0.0     0, 0.0     0, 0.0     0, 0.0   0.582  39.4 -58.5-157.0 158.0  -16.2   30.0  -90.1               
  707  707 A N        -     0   0  126      0, 0.0     0, 0.0     0, 0.0     0, 0.0   0.919  36.0 -64.3  55.8 110.8  -12.4   29.9  -89.3               
  708  708 A L        +     0   0  151      0, 0.0     0, 0.0     0, 0.0     0, 0.0   0.925  34.9  19.4  68.9 121.6   -9.5   28.9  -87.3               
  709  709 A S        +     0   0  115      0, 0.0     0, 0.0     0, 0.0     0, 0.0   0.884  33.4  46.0  81.2 137.2   -7.0   28.6  -84.4               
  710  710 A A        +     0   0  100      0, 0.0     0, 0.0     0, 0.0     0, 0.0   0.800  41.2  46.4  87.7 134.7   -5.5   28.5  -81.0               
  711  711 A R        -     0   0  234      0, 0.0     0, 0.0     0, 0.0     0, 0.0   0.885  44.2-124.3  78.7  72.8   -5.1   27.8  -77.2               
  712  712 A S        +     0   0   96      2,-0.0     0, 0.0     0, 0.0     0, 0.0   0.798  43.5  60.5  53.8 128.4   -5.6   24.9  -74.9               
  713  713 A V        -     0   0  130      2,-0.0     0, 0.0     0, 0.0     0, 0.0   0.998  54.1 -96.8  74.6  93.3   -7.1   23.4  -71.8               
  714  714 A T        -     0   0  117      1,-0.0    -2,-0.0     0, 0.0     0, 0.0   0.366  43.4 -44.5  18.3 116.7  -10.5   22.6  -70.4               
  715  715 A S        +     0   0  112      0, 0.0    -1,-0.0     0, 0.0    -2,-0.0   0.607  42.9 100.4  29.8 135.0  -13.1   24.0  -68.1               
  716  716 A S        -     0   0  108      2,-0.0     2,-0.0     0, 0.0     0, 0.0   0.421  33.1-133.9-153.0 166.2  -14.6   25.3  -65.6               
  717  717 A P        -     0   0  115      0, 0.0     2,-0.1     0, 0.0     0, 0.0  -0.209   2.0-144.0 -80.8 162.8  -16.3   28.7  -64.5               
  718  718 A V        +     0   0  130     -2,-0.0    -2,-0.0     0, 0.0     0, 0.0   0.300  26.7 110.9  92.0 130.6  -16.9   31.3  -62.4               
  719  719 A E        -     0   0  142     -2,-0.1     0, 0.0     0, 0.0     0, 0.0   0.790  24.8 -14.4  96.2 130.4  -19.6   33.8  -61.1               
  720  720 A K        +     0   0  167      0, 0.0     0, 0.0     0, 0.0     0, 0.0   0.936  22.9 112.5  63.0 118.7  -22.2   35.6  -58.9               
  721  721 A K        -     0   0  186      0, 0.0     0, 0.0     0, 0.0     0, 0.0   0.442  33.0 -80.5 162.2 129.9  -24.5   36.6  -56.3               
  722  722 A D        -     0   0  119      0, 0.0     0, 0.0     0, 0.0     0, 0.0   0.822  27.3 -79.0  41.7 116.2  -25.6   38.9  -53.3               
  723  723 A K        +     0   0  148      0, 0.0     0, 0.0     0, 0.0     0, 0.0   0.932  24.2  40.3  69.8 125.6  -25.6   40.1  -49.8               
  724  724 A E        +     0   0  143      0, 0.0     0, 0.0     0, 0.0     0, 0.0   0.889  15.3 102.3  56.6 145.0  -26.2   40.7  -46.1               
  725  725 A E        -     0   0  160      2,-0.0     0, 0.0     0, 0.0     0, 0.0   0.938  33.4 -55.1-175.3 174.0  -26.8   40.6  -42.7               
  726  726 A T        -     0   0  103      1,-0.0     0, 0.0     0, 0.0     0, 0.0   0.602  20.2-161.8-151.9 130.6  -26.0   40.8  -39.2               
  727  727 A V        +     0   0  119      2,-0.0    -1,-0.0     0, 0.0    -2,-0.0   0.501  16.8 151.8  32.5 126.6  -24.0   39.8  -36.1               
  728  728 A F        +     0   0  207      1,-0.0     2,-0.3     2,-0.0     0, 0.0   0.093  31.9 106.1-179.2 109.4  -23.6   39.6  -32.4               
  729  729 A Q        -     0   0  195      0, 0.0     2,-0.2     0, 0.0    -2,-0.0  -0.977  55.0-101.4-159.7 160.3  -21.5   37.1  -30.2               
  730  730 A V        -     0   0  139     -2,-0.3     2,-0.2     1,-0.1    -2,-0.0  -0.484  38.8-104.7 -94.5 150.4  -18.3   37.1  -28.1               
  731  731 A S        +     0   0  106     -2,-0.2    -1,-0.1     2,-0.0     0, 0.0  -0.408  32.7 163.6 -86.2 144.3  -14.8   35.7  -28.9               
  732  732 A Y        -     0   0  222     -2,-0.2     2,-0.4     2,-0.1     0, 0.0  -0.966  39.1-118.2-140.5 140.8  -12.5   32.7  -28.2               
  733  733 A P        +     0   0  133      0, 0.0     2,-0.3     0, 0.0    -2,-0.0  -0.633  42.6 149.3 -85.9 130.7   -9.5   31.8  -30.4               
  734  734 A S        -     0   0  126     -2,-0.4     2,-0.3     3,-0.0     3,-0.1  -0.968  18.0-170.2-149.8 143.2   -9.1   28.5  -32.3               
  735  735 A A        +     0   0   78     -2,-0.3     0, 0.0     1,-0.2     0, 0.0  -0.969  49.3  39.8-135.6 151.9   -7.4   27.7  -35.7               
  736  736 A F        +     0   0  205     -2,-0.3    -1,-0.2     2,-0.1     2,-0.0   0.952  68.0 104.3  70.1  68.3   -7.2   24.7  -38.1               
  737  737 A S        +     0   0  116      1,-0.2     2,-0.2    -3,-0.1    -1,-0.0  -0.363  50.0  89.2-162.4  97.0  -10.4   22.8  -38.7               
  738  738 A K        +     0   0  203      1,-0.2    -1,-0.2    -2,-0.0    -2,-0.1  -0.435  34.2  70.1 167.9 139.0  -12.4   23.3  -42.0               
  739  739 A L        +     0   0  168     -2,-0.2     2,-0.3     2,-0.0    -1,-0.2   0.327  38.1 153.5-134.2 166.6  -13.0   22.5  -45.2               
  740  740 A V        +     0   0  140      1,-0.2     0, 0.0    -2,-0.1     0, 0.0  -0.992  30.0  21.6-145.6 148.1  -14.7   19.3  -46.6               
  741  741 A A        +     0   0   98     -2,-0.3     2,-0.2     1,-0.2    -1,-0.2   0.948  19.5 149.0  75.7 122.2  -16.8   18.1  -49.7               
  742  742 A S        -     0   0  122      0, 0.0     2,-0.3     0, 0.0    -1,-0.2  -0.865  30.8-172.1-145.8 169.2  -18.1   18.3  -53.1               
  743  743 A R        +     0   0  230     -2,-0.2     0, 0.0     1,-0.0     0, 0.0  -0.972  13.9  65.3-149.6 162.1  -19.0   15.2  -55.3               
  744  744 A Q        +     0   0  186     -2,-0.3    -1,-0.0     1,-0.0     0, 0.0   0.397  33.3  69.8  71.2 151.8  -20.0   13.7  -58.8               
  745  745 A V        +     0   0  140      1,-0.1    -1,-0.0     0, 0.0     0, 0.0   0.768  39.2 163.6-131.2 163.3  -19.9   12.8  -61.9               
  746  746 A S        +     0   0  104      0, 0.0    -1,-0.1     0, 0.0     0, 0.0  -0.207   4.8 113.1-101.4-158.4  -17.9   10.2  -64.1               
  747  747 A P        +     0   0  108      0, 0.0     0, 0.0     0, 0.0     0, 0.0   0.752  16.6  51.6-136.4-163.7  -17.1    8.2  -66.6               
  748  748 A L        +     0   0  154      0, 0.0     0, 0.0     0, 0.0     0, 0.0   0.537  33.4  48.4  80.9 144.0  -15.2    6.5  -69.6               
  749  749 A L        -     0   0  149      0, 0.0     0, 0.0     0, 0.0     0, 0.0   0.639  47.4 -30.5-155.2 142.4  -13.0    5.1  -71.4               
  750  750 A A        -     0   0   93      0, 0.0     0, 0.0     0, 0.0     0, 0.0   0.629  31.4 -81.0  63.5 157.6  -10.2    2.4  -71.7               
  751  751 A S        +     0   0  105      2,-0.0     0, 0.0     0, 0.0     0, 0.0   0.740  27.7 110.3-169.4 170.2   -7.7    0.3  -71.0               
  752  752 A Q        +     0   0  184      0, 0.0     2,-0.2     0, 0.0     0, 0.0   0.796  20.6 177.9  68.1 117.8   -4.8   -2.2  -70.1               
  753  753 A S        +     0   0  101      2,-0.0     2,-0.2     0, 0.0    -2,-0.0  -0.350   6.5 156.8  81.5 102.3   -3.7   -3.9  -67.5               
  754  754 A W        -     0   0  254     -2,-0.2     2,-0.3     0, 0.0     0, 0.0  -0.726  16.2-148.4-177.8 179.0   -1.0   -6.2  -66.5               
  755  755 A S        -     0   0  104     -2,-0.2    -2,-0.0     1,-0.1     0, 0.0  -0.971  27.1  -9.9-140.0 147.7    1.1   -7.6  -63.6               
  756  756 A S        +     0   0  100     -2,-0.3    -1,-0.1     0, 0.0     0, 0.0   0.593  39.6 115.7  73.9 159.9    4.3   -9.0  -62.0               
  757  757 A R        -     0   0  227      0, 0.0    -2,-0.0     0, 0.0     0, 0.0   0.962  32.3-132.0  87.7  92.5    7.8  -10.5  -62.3               
  758  758 A S        +     0   0   98      0, 0.0     0, 0.0     0, 0.0     0, 0.0   0.616  36.8  92.0  41.1 138.4   11.3   -9.8  -61.5               
  759  759 A M        -     0   0  178      2,-0.0     0, 0.0     0, 0.0     0, 0.0   0.609  34.6-130.7  91.5 130.8   14.8   -9.8  -63.0               
  760  760 A S        -     0   0  108      0, 0.0     2,-0.1     0, 0.0     0, 0.0  -0.021  11.7-179.1 -48.4 161.7   17.7   -7.8  -64.7               
  761  761 A P        -     0   0  130      0, 0.0     2,-0.0     0, 0.0    -2,-0.0  -0.476  20.0-128.9-147.2-173.7   19.9   -7.5  -67.0               
  762  762 A N        +     0   0  145     -2,-0.1     0, 0.0     1,-0.1     0, 0.0  -0.184  35.8   7.6 -69.8 160.0   22.6   -5.0  -68.0               
  763  763 A L        +     0   0  152     -2,-0.0     2,-0.1     1,-0.0    -1,-0.1   0.897  34.7 117.0  57.2 111.1   24.1   -2.9  -70.8               
  764  764 A L        -     0   0  154      1,-0.0    -1,-0.0     0, 0.0     0, 0.0  -0.266  32.6  -3.3 175.9 163.0   24.4   -1.5  -74.1               
  765  765 A N        -     0   0  129     -2,-0.1    -1,-0.0     0, 0.0     0, 0.0   0.994  37.9 -98.3  68.3 109.4   24.5    1.4  -76.7               
  766  766 A R        +     0   0  239      0, 0.0     2,-0.2     0, 0.0     0, 0.0   0.495  20.9 163.5  36.9 118.3   24.4    4.9  -77.7               
  767  767 A A        +     0   0  106      0, 0.0     0, 0.0     0, 0.0     0, 0.0  -0.613  14.0 154.4-159.5 146.9   22.6    7.6  -79.0               
  768  768 A S        -     0   0  107     -2,-0.2     2,-0.1     2,-0.0     0, 0.0  -0.783  11.0-175.3-106.5 164.3   23.1   11.4  -79.1               
  769  769 A P        +     0   0  115      0, 0.0     2,-0.4     0, 0.0     0, 0.0  -0.437  22.4 147.8-149.3 152.3   22.3   14.2  -81.0               
  770  770 A L        +     0   0  166     -2,-0.1     2,-0.3     2,-0.0    -2,-0.0  -0.987  25.2 164.1-117.9 133.8   23.0   17.8  -81.1               
  771  771 A A        +     0   0   94     -2,-0.4     2,-0.4     2,-0.0     0, 0.0  -0.870   9.7 174.5-146.4 111.9   22.9   19.1  -84.8               
  772  772 A F        -     0   0  200     -2,-0.3     2,-0.3     0, 0.0    -2,-0.0  -0.944  17.0-152.3-107.1 139.4   22.6   22.8  -85.8               
  773  773 A N        -     0   0  162     -2,-0.4     2,-0.2     1,-0.0    -2,-0.0  -0.819  26.1 -96.4-113.0 155.1   22.9   23.8  -89.5               
  774  774 A I        +     0   0  148     -2,-0.3     2,-0.3     2,-0.0    -1,-0.0  -0.427  39.3 160.8 -84.2 141.0   24.2   27.1  -90.7               
  775  775 A A        -     0   0  100     -2,-0.2     2,-0.3     0, 0.0    -2,-0.0  -0.898  26.8-147.0-146.2 128.4   22.5   30.4  -91.8               
  776  776 A N        +     0   0  150     -2,-0.3    -2,-0.0     1,-0.0     0, 0.0  -0.752  31.4 124.6 -89.1 140.7   24.5   33.7  -91.9               
  777  777 A S        -     0   0  109     -2,-0.3    -1,-0.0     2,-0.1     0, 0.0   0.161  40.4 -93.0 174.9 118.5   23.9   37.3  -91.4               
  778  778 A S        +     0   0  119      0, 0.0     2,-0.2     0, 0.0    -2,-0.0   0.689  43.0 126.7  40.2 107.4   25.2   40.3  -89.4               
  779  779 A S        -     0   0  126      2,-0.0     2,-0.2     0, 0.0    -2,-0.1  -0.509  39.4-140.3-161.6 146.8   25.0   42.4  -86.5               
  780  780 A E        +     0   0  193     -2,-0.2     2,-0.1     2,-0.0     0, 0.0  -0.586  36.4 131.7 -94.3 144.6   27.9   43.1  -84.1               
  781  781 A A        -     0   0  102     -2,-0.2     2,-0.1     2,-0.1    -2,-0.0  -0.492  44.3-119.2-173.4 131.8   28.7   43.5  -80.4               
  782  782 A D        +     0   0  172     -2,-0.1    -2,-0.0     0, 0.0     0, 0.0  -0.283  36.8 151.1 -70.6 144.1   31.6   41.9  -78.4               
  783  783 A C        -     0   0  111     -2,-0.1    -2,-0.1     0, 0.0     0, 0.0  -0.813  39.9-116.3-157.2 138.3   31.7   39.5  -75.5               
  784  784 A P        -     0   0  117      0, 0.0     0, 0.0     0, 0.0     0, 0.0  -0.137  38.5 -79.2 -74.4 164.7   34.6   36.9  -74.8               
  785  785 A D    >   -     0   0  110      1,-0.1     3,-1.6     2,-0.1     0, 0.0  -0.344  36.1-136.5 -57.4 124.4   34.6   33.1  -74.7               
  786  786 A P  T 3  S+     0   0  113      0, 0.0     3,-0.2     0, 0.0    -1,-0.1   0.556 101.1  47.8 -66.2  -8.8   33.2   31.8  -71.3               
  787  787 A F  T >  S+     0   0   73      1,-0.1     3,-2.3     2,-0.1    56,-0.1   0.304  72.0 113.8-112.0   8.7   36.0   29.1  -71.0               
  788  788 A A  T <  S+     0   0   81     -3,-1.6    -1,-0.1     1,-0.3     3,-0.1   0.610  79.1  50.2 -59.7 -14.7   39.1   31.3  -71.8               
  789  789 A N  T 3  S-     0   0  134      1,-0.4    -1,-0.3    -3,-0.2     2,-0.2   0.381 123.2 -90.1-100.2   1.6   40.5   31.0  -68.2               
  790  790 A G    <   -     0   0   13     -3,-2.3    -1,-0.4     2,-0.0     2,-0.4  -0.596  45.3 -76.0 110.1-178.9   40.2   27.1  -68.1               
  791  791 A A  E     -K  840   0E   2     49,-2.2    49,-2.6    -2,-0.2     2,-0.4  -0.979  36.0-137.0-127.5 122.0   37.5   24.7  -67.0               
  792  792 A D  E     -K  839   0E  61     -2,-0.4    76,-2.9    76,-0.4     2,-0.5  -0.594  14.1-163.6 -82.0 130.7   36.6   23.9  -63.3               
  793  793 A V  E     -KL 838 867E   0     45,-2.6    45,-2.8    -2,-0.4     2,-0.3  -0.955  10.7-145.1-114.8 119.0   35.9   20.3  -62.2               
  794  794 A Q  E     -KL 837 866E 106     72,-2.6    72,-2.3    -2,-0.5     2,-0.4  -0.658  13.2-165.2 -81.7 137.6   34.2   19.7  -58.9               
  795  795 A V  E     +KL 836 865E   1     41,-2.9    41,-2.7    -2,-0.3     2,-0.2  -0.982  13.9 166.7-124.6 132.8   35.2   16.6  -56.9               
  796  796 A S  E     + L   0 864E  36     68,-2.3    68,-2.7    -2,-0.4    39,-0.1  -0.827  48.4  51.9-140.5 175.5   33.2   15.2  -53.9               
  797  797 A N  S    S+     0   0   78     37,-0.3     2,-0.1    -2,-0.2    -1,-0.1   0.862  73.1 167.8  57.2  40.0   32.9   12.1  -51.7               
  798  798 A I        -     0   0    1     36,-1.1     2,-1.0    -3,-0.1    36,-0.3  -0.469  45.6-103.6 -82.0 150.2   36.7   12.3  -50.9               
  799  799 A D    >   -     0   0    0     59,-0.4     3,-1.4    62,-0.2    -1,-0.1  -0.688  28.4-164.3 -77.1 102.8   38.3   10.3  -48.1               
  800  800 A Y  T 3  S+     0   0  105     -2,-1.0    -1,-0.2     1,-0.3     4,-0.1   0.495  78.4  78.9 -66.3  -6.4   38.9   12.9  -45.3               
  801  801 A R  T 3  S+     0   0  164      2,-0.1     2,-0.4   188,-0.0    -1,-0.3   0.345  77.3  82.9 -87.4  -0.6   41.3   10.4  -43.6               
  802  802 A L  S <  S-     0   0   41     -3,-1.4     5,-0.0     1,-0.1     0, 0.0  -0.864  94.1-101.6 -95.0 143.7   44.2   11.4  -46.0               
  803  803 A S     >  -     0   0   58     -2,-0.4     4,-2.8     1,-0.1     5,-0.3  -0.216  29.1-110.1 -64.7 155.0   46.1   14.6  -45.1               
  804  804 A R  H  > S+     0   0  132      1,-0.2     4,-1.6     2,-0.2    -1,-0.1   0.830 119.5  48.7 -54.9 -34.0   45.3   17.8  -46.9               
  805  805 A K  H  > S+     0   0  172      2,-0.2     4,-2.7     1,-0.2    -1,-0.2   0.957 113.1  43.7 -71.4 -53.6   48.8   17.6  -48.7               
  806  806 A E  H  > S+     0   0   95      1,-0.2     4,-3.2     2,-0.2     5,-0.2   0.877 114.6  52.0 -58.0 -39.4   48.5   13.9  -49.8               
  807  807 A L  H  X S+     0   0    1     -4,-2.8     4,-1.3     2,-0.2    -1,-0.2   0.864 111.0  45.9 -73.9 -33.8   44.9   14.6  -50.9               
  808  808 A Q  H  X S+     0   0   69     -4,-1.6     4,-2.8    -5,-0.3    -2,-0.2   0.940 115.9  47.8 -65.2 -46.2   46.0   17.6  -53.0               
  809  809 A Q  H  X S+     0   0  110     -4,-2.7     4,-3.2     1,-0.2     5,-0.2   0.937 111.3  48.8 -61.8 -48.0   48.9   15.5  -54.5               
  810  810 A L  H  X S+     0   0   66     -4,-3.2     4,-0.9     2,-0.2    -1,-0.2   0.818 113.9  47.3 -64.4 -33.0   46.7   12.5  -55.3               
  811  811 A L  H  X S+     0   0    0     -4,-1.3     4,-2.8    -5,-0.2     3,-0.3   0.940 113.7  47.3 -69.5 -46.6   44.1   14.7  -57.0               
  812  812 A Q  H  X S+     0   0  107     -4,-2.8     4,-2.7     1,-0.2    -2,-0.2   0.941 114.4  46.9 -60.3 -46.3   46.9   16.5  -59.0               
  813  813 A E  H  < S+     0   0   86     -4,-3.2    -1,-0.2     2,-0.2     4,-0.2   0.705 115.0  47.5 -67.2 -25.9   48.5   13.1  -60.0               
  814  814 A A  H >< S+     0   0    1     -4,-0.9     3,-0.8    -3,-0.3    -2,-0.2   0.921 117.6  39.2 -78.3 -49.0   45.0   11.8  -61.0               
  815  815 A F  H >< S+     0   0    0     -4,-2.8     3,-2.3     1,-0.2     4,-0.5   0.857 102.9  69.8 -74.2 -31.6   43.9   14.8  -63.1               
  816  816 A A  T 3< S+     0   0   59     -4,-2.7     3,-0.3    -5,-0.3    -1,-0.2   0.679  91.5  63.2 -58.7 -19.3   47.4   15.4  -64.6               
  817  817 A R  T <  S+     0   0  154     -3,-0.8    -1,-0.3    -4,-0.2    -2,-0.2   0.591 108.6  40.2 -77.0 -15.2   46.9   12.1  -66.6               
  818  818 A H  S <  S-     0   0   59     -3,-2.3    31,-0.3     1,-0.4     2,-0.2   0.314 132.0 -42.5-117.1   0.5   43.8   13.7  -68.4               
  819  819 A G  S    S-     0   0   16     -4,-0.5     2,-0.4    -3,-0.3    -1,-0.4  -0.884  81.1 -47.6 156.3 177.2   45.2   17.2  -69.0               
  820  820 A K        -     0   0  127     -2,-0.2    21,-2.5    -3,-0.1     2,-0.5  -0.660  48.1-143.2 -79.5 130.8   47.1   20.1  -67.4               
  821  821 A V  E     -M  840   0E  30     -2,-0.4    19,-0.2    19,-0.2     3,-0.1  -0.821  17.1-177.3 -94.4 123.6   46.0   21.0  -63.9               
  822  822 A K  E     -     0   0E 107     17,-3.1     2,-0.3    -2,-0.5    18,-0.2   0.791  69.9  -6.5 -91.7 -35.2   46.2   24.8  -63.1               
  823  823 A S  E     -M  839   0E  35     16,-1.1    16,-1.8     2,-0.0     2,-0.4  -0.984  47.9-154.0-155.1 157.6   45.0   24.5  -59.4               
  824  824 A V  E     -M  838   0E  16     -2,-0.3     2,-0.4    14,-0.2    14,-0.2  -0.874  24.7-177.8-131.5  99.9   43.7   22.0  -56.8               
  825  825 A E  E     -M  837   0E 127     12,-2.6    12,-2.6    -2,-0.4     2,-0.4  -0.828  11.7-154.5-101.7 134.3   41.7   23.8  -54.1               
  826  826 A L  E     -M  836   0E  16     -2,-0.4    10,-0.2    10,-0.2     3,-0.1  -0.923  18.5-124.0-106.4 134.7   40.1   22.0  -51.1               
  827  827 A S        -     0   0   36      8,-2.5     8,-0.0    -2,-0.4     2,-0.0  -0.231  34.1 -95.8 -61.2 154.4   37.1   23.3  -49.3               
  828  828 A P        -     0   0  110      0, 0.0     2,-0.7     0, 0.0     7,-0.3  -0.341  53.7 -99.0 -56.2 157.3   37.1   24.0  -45.6               
  829  829 A H        +     0   0   94      5,-0.1     2,-0.3    -3,-0.1     5,-0.1  -0.818  53.0 155.7 -96.1 114.9   35.7   21.0  -43.7               
  830  830 A T    >   -     0   0   91     -2,-0.7     3,-2.1     3,-0.2    -3,-0.0  -0.976  68.2  -4.7-127.0 146.5   32.0   21.0  -42.5               
  831  831 A D  T 3  S-     0   0  131     -2,-0.3    -1,-0.1     1,-0.3    -2,-0.0   0.727 116.0 -70.7  51.9  35.6   29.8   18.0  -41.8               
  832  832 A Y  T 3  S+     0   0  138      1,-0.1     2,-1.0   -32,-0.0    -1,-0.3   0.520 103.2 126.8  60.1   9.8   32.3   15.3  -43.0               
  833  833 A Q    <   -     0   0  122     -3,-2.1     2,-0.2   -36,-0.1    -3,-0.2  -0.485  37.6-177.2-100.4  66.5   31.7   16.5  -46.7               
  834  834 A L        -     0   0   20     -2,-1.0   -36,-1.1   -36,-0.3   -37,-0.3  -0.443   8.0-179.5 -62.5 128.6   35.2   17.3  -48.0               
  835  835 A K        -     0   0  104     -7,-0.3    -8,-2.5    -2,-0.2     2,-0.3  -0.905  11.2-159.0-126.3 155.5   35.1   18.7  -51.6               
  836  836 A A  E     -KM 795 826E   3    -41,-2.7   -41,-2.9    -2,-0.3     2,-0.4  -0.944  10.5-148.5-128.3 156.6   37.7   19.9  -54.1               
  837  837 A V  E     -KM 794 825E  52    -12,-2.6   -12,-2.6    -2,-0.3     2,-0.5  -0.998  13.7-167.5-118.4 126.7   37.8   22.1  -57.2               
  838  838 A V  E     -KM 793 824E   0    -45,-2.8   -45,-2.6    -2,-0.4     2,-0.6  -0.973   9.6-151.7-114.1 112.8   40.4   21.1  -59.9               
  839  839 A Q  E     -KM 792 823E  41    -16,-1.8   -17,-3.1    -2,-0.5   -16,-1.1  -0.783  11.4-159.2 -87.5 120.8   40.9   23.8  -62.6               
  840  840 A M  E     -KM 791 821E   0    -49,-2.6   -49,-2.2    -2,-0.6   -19,-0.2  -0.760  23.8-125.8 -96.5 146.1   42.0   22.3  -66.0               
  841  841 A E  S    S+     0   0   98    -21,-2.5     2,-0.3    -2,-0.3   -20,-0.1   0.814  91.6  20.4 -61.1 -30.8   43.8   24.4  -68.7               
  842  842 A N  S  > S-     0   0   63    -22,-0.3     4,-1.8   -51,-0.1   -51,-0.2  -0.944  73.0-119.4-141.7 163.5   41.1   23.4  -71.3               
  843  843 A L  H  > S+     0   0   51     -2,-0.3     4,-2.0     2,-0.2     5,-0.1   0.786 110.1  52.9 -71.6 -31.8   37.5   22.2  -71.6               
  844  844 A Q  H  > S+     0   0  141      2,-0.2     4,-2.8     1,-0.2    -1,-0.2   0.940 109.6  49.3 -72.2 -43.6   38.3   18.9  -73.5               
  845  845 A D  H  > S+     0   0   43      2,-0.2     4,-2.9     1,-0.2    -2,-0.2   0.914 111.7  50.6 -55.2 -45.2   40.8   17.8  -70.9               
  846  846 A A  H  X S+     0   0    0     -4,-1.8     4,-2.6     2,-0.2    -2,-0.2   0.913 111.5  46.1 -62.9 -42.7   38.1   18.6  -68.2               
  847  847 A I  H  X S+     0   0   61     -4,-2.0     4,-2.5     2,-0.2    -2,-0.2   0.911 114.2  49.4 -65.9 -41.0   35.5   16.5  -70.1               
  848  848 A G  H  X S+     0   0   27     -4,-2.8     4,-1.5     2,-0.2    -2,-0.2   0.921 112.4  47.5 -61.9 -44.1   38.2   13.7  -70.5               
  849  849 A A  H  X S+     0   0    0     -4,-2.9     4,-2.9   -31,-0.3     5,-0.3   0.921 112.3  49.3 -64.3 -45.2   39.0   13.9  -66.7               
  850  850 A V  H  X S+     0   0   26     -4,-2.6     4,-1.5     1,-0.2    -2,-0.2   0.947 113.3  46.8 -59.0 -48.6   35.3   13.8  -65.7               
  851  851 A N  H  < S+     0   0  127     -4,-2.5    -1,-0.2     1,-0.2    -2,-0.2   0.764 122.0  36.2 -65.3 -27.5   34.6   10.8  -68.0               
  852  852 A S  H  < S+     0   0   62     -4,-1.5    -2,-0.2    -3,-0.2    -1,-0.2   0.785 121.1  40.7 -96.7 -34.4   37.8    8.9  -66.7               
  853  853 A L  H >< S+     0   0    3     -4,-2.9     3,-2.3    -5,-0.2     2,-0.4   0.552  77.5 117.5 -99.7 -10.3   37.9    9.9  -62.9               
  854  854 A H  T 3< S+     0   0   84     -4,-1.5    10,-0.2    -5,-0.3   -59,-0.0  -0.466  96.1   3.9 -61.5 119.3   34.2    9.7  -62.0               
  855  855 A R  T 3  S+     0   0  172      8,-2.7    -1,-0.3    -2,-0.4     9,-0.1   0.487  95.1 149.9  69.0  13.9   34.0    6.9  -59.4               
  856  856 A Y    <   -     0   0   89     -3,-2.3     7,-2.2     7,-0.3     2,-0.5  -0.313  51.2-109.0 -60.9 150.9   37.9    6.5  -59.4               
  857  857 A K  E     +N  862   0F 135      5,-0.2     2,-0.4   -59,-0.0     5,-0.2  -0.820  38.9 171.6 -96.3 122.9   39.2    5.3  -55.9               
  858  858 A I  E >  S-N  861   0F   8      3,-2.1     3,-0.9    -2,-0.5   -59,-0.4  -0.999  71.3 -32.7-127.7 122.4   41.2    7.8  -53.7               
  859  859 A G  T 3  S-     0   0   36     -2,-0.4   -59,-0.0     1,-0.2   -61,-0.0  -0.483 124.0 -33.2  61.7-132.6   42.0    6.4  -50.2               
  860  860 A S  T 3  S+     0   0   61     -2,-0.2    -1,-0.2    -3,-0.1     2,-0.1   0.764 124.6  78.4 -80.9 -28.7   39.0    4.2  -49.2               
  861  861 A K  E <  S-N  858   0F  50     -3,-0.9    -3,-2.1    -4,-0.1     2,-0.6  -0.346  75.5-125.8 -90.8 159.8   36.3    6.3  -51.1               
  862  862 A K  E     -N  857   0F 130     -5,-0.2    -5,-0.2    -2,-0.1    -6,-0.1  -0.939  34.3-131.2-100.0 115.8   35.2    6.5  -54.7               
  863  863 A I        -     0   0    0     -7,-2.2    -8,-2.7    -2,-0.6     2,-0.6  -0.334   6.6-138.5 -69.5 144.6   35.3   10.2  -55.8               
  864  864 A L  E     -L  796   0E  69    -68,-2.7   -68,-2.3   -10,-0.2     2,-0.4  -0.947  24.3-166.8-105.2 117.2   32.4   11.8  -57.6               
  865  865 A V  E     +L  795   0E   3     -2,-0.6     2,-0.3   -70,-0.2   -70,-0.2  -0.882  13.0 164.8-113.4 135.2   33.6   14.1  -60.4               
  866  866 A S  E     -L  794   0E  53    -72,-2.3   -72,-2.6    -2,-0.4     2,-0.2  -0.973  35.0-115.2-154.3 137.4   31.6   16.7  -62.4               
  867  867 A L  E     -L  793   0E  47     -2,-0.3     2,-1.1   -74,-0.2   -74,-0.2  -0.492  25.9-130.6 -70.9 135.9   32.2   19.7  -64.7               
  868  868 A A        -     0   0   35    -76,-2.9     2,-1.1    -2,-0.2   -76,-0.4  -0.720  19.4-161.9 -89.6  94.6   31.2   23.2  -63.5               
  869  869 A T        -     0   0  104     -2,-1.1     2,-2.2     1,-0.1     3,-0.1  -0.651   8.2-152.4 -81.0  98.0   29.1   24.7  -66.4               
  870  870 A G        +     0   0   69     -2,-1.1     3,-0.4     1,-0.2    -1,-0.1  -0.202  49.6 129.3 -72.8  50.2   29.2   28.4  -65.5               
  871  871 A A        +     0   0  102     -2,-2.2    -1,-0.2     1,-0.2     3,-0.1   0.211  56.8  67.2 -88.5  13.0   25.9   29.5  -67.2               
  872  872 A A    >>  +     0   0   37      1,-0.1     3,-1.1     2,-0.1     4,-0.6   0.361  53.4 107.7-124.2   3.1   24.3   31.4  -64.2               
  873  873 A S  T 34 S+     0   0  104     -3,-0.4     4,-0.2     1,-0.2    -1,-0.1   0.646  79.1  54.5 -71.1 -14.9   26.1   34.7  -63.2               
  874  874 A K  T 34 S+     0   0  181      1,-0.1    -1,-0.2    -3,-0.1     4,-0.2   0.505 100.7  55.9 -98.1  -6.0   23.5   37.3  -64.6               
  875  875 A S  T X> S+     0   0   62     -3,-1.1     4,-2.4     2,-0.1     3,-0.7   0.695  84.3  78.8 -97.0 -21.6   20.3   36.1  -62.8               
  876  876 A L  H 3X S+     0   0   45     -4,-0.6     4,-2.1     1,-0.2     5,-0.1   0.774  88.8  55.8 -66.7 -28.4   21.3   36.2  -59.1               
  877  877 A S  H 3> S+     0   0   85      2,-0.2     4,-1.3    -4,-0.2    -1,-0.2   0.801 112.1  42.9 -75.1 -29.6   20.9   40.0  -58.6               
  878  878 A L  H <> S+     0   0  118     -3,-0.7     4,-2.7    -4,-0.2     5,-0.2   0.926 114.2  52.2 -72.9 -46.1   17.3   39.9  -59.8               
  879  879 A L  H  X S+     0   0   16     -4,-2.4     4,-2.3     1,-0.2    -2,-0.2   0.842 108.7  50.3 -58.8 -38.9   16.7   36.7  -57.7               
  880  880 A S  H  X S+     0   0   24     -4,-2.1     4,-3.0     2,-0.2    -1,-0.2   0.956 112.1  46.4 -66.0 -47.3   18.1   38.5  -54.6               
  881  881 A A  H  X S+     0   0   57     -4,-1.3     4,-2.4     2,-0.2    -2,-0.2   0.918 115.3  46.5 -61.0 -44.6   15.9   41.6  -55.0               
  882  882 A E  H  X S+     0   0   38     -4,-2.7     4,-0.8     2,-0.2    -1,-0.2   0.916 114.5  48.4 -61.6 -42.8   12.8   39.3  -55.7               
  883  883 A T  H >X S+     0   0    0     -4,-2.3     4,-1.8    -5,-0.2     3,-0.7   0.918 110.8  49.8 -66.0 -44.3   13.7   37.2  -52.6               
  884  884 A M  H 3X S+     0   0   49     -4,-3.0     4,-2.6     1,-0.2     5,-0.3   0.935 106.6  56.6 -58.4 -45.7   14.2   40.3  -50.4               
  885  885 A S  H 3< S+     0   0   44     -4,-2.4     4,-0.3     1,-0.2    -1,-0.2   0.702 110.6  44.4 -62.1 -23.0   10.8   41.6  -51.5               
  886  886 A V  H << S+     0   0    3     -4,-0.8    -1,-0.2    -3,-0.7    -2,-0.2   0.799 116.4  44.1 -88.9 -32.8    9.1   38.3  -50.3               
  887  887 A L  H >< S+     0   0    0     -4,-1.8     3,-1.3     1,-0.2     6,-0.2   0.781 104.7  61.0 -86.8 -26.3   11.0   38.1  -46.9               
  888  888 A Q  T 3< S+     0   0  117     -4,-2.6    -1,-0.2     1,-0.2    -3,-0.1   0.834 103.7  53.4 -65.2 -29.4   10.6   41.8  -45.9               
  889  889 A D  T 3  S+     0   0  125     -4,-0.3    -1,-0.2    -5,-0.3    -2,-0.2   0.416  99.3  93.3 -76.7  -2.8    6.8   41.1  -46.1               
  890  890 A A  S X  S-     0   0   14     -3,-1.3     3,-2.2     1,-0.1     5,-0.1  -0.746  85.8-101.9-105.6 144.3    7.3   38.2  -43.6               
  891  891 A P  G >  S-     0   0  108      0, 0.0     3,-1.5     0, 0.0    -2,-0.1  -0.364 110.5  -1.1 -60.7 132.0    7.1   37.8  -39.8               
  892  892 A A  G 3  S-     0   0   96      1,-0.2    45,-0.1    -4,-0.1     3,-0.1   0.671 117.9 -86.0  54.5  22.0   10.6   37.7  -38.3               
  893  893 A C  G <  S+     0   0   51     -3,-2.2    44,-2.7    -6,-0.2     2,-0.4   0.700 103.2 112.2  54.2  25.1   11.9   38.0  -42.0               
  894  894 A C  E <   +O  936   0G  37     -3,-1.5    42,-0.2    42,-0.2    -1,-0.2  -0.977  41.5 179.0-129.1 140.1   11.6   34.1  -42.2               
  895  895 A L  E     -O  935   0G  17     40,-2.7    40,-3.1    -2,-0.4     2,-0.1  -0.998  38.1-103.8-134.6 142.6    9.3   31.8  -44.2               
  896  896 A P  E >>  -O  934   0G  39      0, 0.0     4,-2.5     0, 0.0     3,-0.8  -0.429  42.0-115.8 -53.7 136.1    9.0   27.9  -44.5               
  897  897 A L  H 3> S+     0   0   25     36,-3.0     4,-2.6     1,-0.3     5,-0.2   0.796 115.7  52.9 -53.8 -35.5   10.5   27.0  -47.9               
  898  898 A F  H 3> S+     0   0  133     35,-0.3     4,-2.2     2,-0.2    -1,-0.3   0.890 112.6  44.1 -68.6 -38.0    7.1   25.7  -49.2               
  899  899 A K  H <> S+     0   0  109     -3,-0.8     4,-1.7     2,-0.2    -2,-0.2   0.879 113.2  52.4 -70.1 -38.8    5.4   29.0  -48.3               
  900  900 A F  H  X S+     0   0    0     -4,-2.5     4,-2.9     2,-0.2     3,-0.2   0.954 112.8  43.5 -62.1 -49.1    8.4   31.0  -49.7               
  901  901 A T  H  X S+     0   0   34     -4,-2.6     4,-2.8     1,-0.2     5,-0.3   0.938 113.5  52.2 -60.5 -46.4    8.1   29.1  -53.1               
  902  902 A D  H  X S+     0   0   83     -4,-2.2     4,-0.7     1,-0.2    -1,-0.2   0.777 115.4  41.1 -57.1 -37.3    4.3   29.4  -53.1               
  903  903 A I  H  X S+     0   0   68     -4,-1.7     4,-1.9    -3,-0.2    -2,-0.2   0.885 114.6  50.9 -81.3 -41.5    4.5   33.2  -52.5               
  904  904 A Y  H  X>S+     0   0    5     -4,-2.9     4,-2.4     2,-0.2     5,-0.6   0.949 109.9  48.9 -61.2 -49.1    7.5   33.7  -55.0               
  905  905 A E  H  X5S+     0   0   85     -4,-2.8     4,-1.0     1,-0.2    -1,-0.2   0.860 117.0  44.3 -61.6 -32.3    5.7   31.8  -57.8               
  906  906 A K  H  <5S+     0   0  161     -4,-0.7    -1,-0.2    -5,-0.3    -2,-0.2   0.769 116.0  45.8 -78.5 -30.4    2.6   34.0  -57.2               
  907  907 A K  H  <5S+     0   0   85     -4,-1.9    -2,-0.2    -3,-0.3    -3,-0.2   0.790 130.9  17.8 -85.7 -29.8    4.5   37.3  -56.8               
  908  908 A F  H  <5S-     0   0   61     -4,-2.4    -3,-0.2     2,-0.2    -2,-0.1   0.599  91.1-129.5-122.2 -18.7    6.8   37.0  -59.9               
  909  909 A G  S  <<S+     0   0   65     -4,-1.0     2,-0.3    -5,-0.6    -4,-0.1   0.322  73.9  99.1  84.9  -5.6    5.1   34.3  -62.1               
  910  910 A H  S    S-     0   0   85     -6,-0.3     2,-0.5     0, 0.0    -1,-0.3  -0.831  79.3-103.7-107.8 151.3    8.3   32.1  -62.7               
  911  911 A K        -     0   0  161     -2,-0.3     2,-0.4    -3,-0.1   -10,-0.0  -0.612  30.4-129.9 -76.3 124.3    9.2   28.9  -60.7               
  912  912 A L        -     0   0   22     -2,-0.5     2,-0.6   -11,-0.2    -1,-0.1  -0.561  11.7-145.7 -67.7 122.7   11.9   29.2  -58.1               
  913  913 A N    >>  -     0   0   82     -2,-0.4     3,-2.1     1,-0.1     4,-0.8  -0.820   8.4-145.5 -84.4 120.6   14.6   26.6  -58.4               
  914  914 A V  H 3> S+     0   0   44     -2,-0.6     4,-1.3     1,-0.3     3,-0.5   0.820  96.2  67.7 -60.0 -29.4   15.7   25.9  -54.7               
  915  915 A S  H 34 S+     0   0   71      1,-0.2    -1,-0.3     2,-0.2    -3,-0.0   0.697  95.6  56.3 -61.6 -20.5   19.3   25.4  -55.9               
  916  916 A D  H X4 S+     0   0   33     -3,-2.1     3,-1.2     2,-0.2    -1,-0.2   0.795  98.8  57.6 -88.1 -24.8   19.4   29.2  -56.7               
  917  917 A L  H >< S+     0   0    3     -4,-0.8     3,-1.8    -3,-0.5     7,-0.2   0.890  98.9  61.3 -64.4 -36.4   18.5   30.2  -53.1               
  918  918 A Y  T 3< S+     0   0  119     -4,-1.3    -1,-0.2     1,-0.3     3,-0.2   0.563 100.4  55.9 -65.9  -7.4   21.6   28.2  -52.1               
  919  919 A K  T <  S+     0   0   92     -3,-1.2    -1,-0.3     1,-0.1     3,-0.2   0.432  88.8  76.8 -97.0  -6.4   23.6   30.7  -54.2               
  920  920 A L    X>  +     0   0    9     -3,-1.8     4,-2.9    -4,-0.2     3,-2.1  -0.238  52.7 142.9 -97.3  41.8   22.2   33.8  -52.3               
  921  921 A T  T 34 S+     0   0   94      1,-0.3    -1,-0.2    -3,-0.2    -2,-0.1   0.699  71.0  51.6 -52.3 -25.9   24.5   33.2  -49.3               
  922  922 A D  T 34 S+     0   0  143     -3,-0.2    -1,-0.3     1,-0.1     3,-0.1   0.425 120.9  30.6 -95.4  -6.9   24.9   37.0  -48.8               
  923  923 A T  T <4 S+     0   0   25     -3,-2.1    15,-2.6     1,-0.3     2,-0.3   0.641 122.2  26.5-123.7 -36.1   21.1   37.7  -48.7               
  924  924 A V  E  <  -P  937   0G   6     -4,-2.9     2,-0.5    13,-0.3    -1,-0.3  -0.995  54.5-150.4-139.0 144.8   19.4   34.6  -47.2               
  925  925 A A  E     -P  936   0G  24     11,-2.6    11,-2.5    -2,-0.3     2,-0.8  -0.948  12.9-148.3-106.4 127.8   20.1   31.7  -44.9               
  926  926 A I  E     -P  935   0G  38     -2,-0.5     2,-0.4     9,-0.2     9,-0.2  -0.866  24.6-172.3 -89.1 109.5   18.3   28.3  -45.4               
  927  927 A R  E     -P  934   0G 121      7,-2.3     7,-3.2    -2,-0.8     2,-0.6  -0.879  18.5-140.3-104.7 135.5   18.0   26.9  -41.9               
  928  928 A E  E     +P  933   0G 138     -2,-0.4     2,-0.3     5,-0.2     5,-0.2  -0.864  26.4 176.0 -95.9 115.7   16.7   23.4  -41.2               
  929  929 A Q  E >   -P  932   0G  91      3,-1.8     3,-3.0    -2,-0.6     2,-0.8  -0.934  48.7 -89.0-122.7 150.2   14.4   23.4  -38.1               
  930  930 A G  T 3  S+     0   0   72     -2,-0.3     3,-0.1     1,-0.3    -2,-0.0   0.309 123.4  39.8 -56.9   1.8   12.6   20.2  -36.9               
  931  931 A N  T 3  S-     0   0  170     -2,-0.8    -1,-0.3     1,-0.4     2,-0.2   0.197 126.9 -45.6-123.5   8.8    9.3   20.6  -39.0               
  932  932 A G  E <  S- P   0 929G  41     -3,-3.0    -3,-1.8   -35,-0.0    -1,-0.4  -0.722  71.2 -55.4 150.3 169.0   10.9   21.9  -42.3               
  933  933 A R  E     - P   0 928G 104     -5,-0.2   -36,-3.0    -2,-0.2     2,-0.4  -0.584  45.0-154.9 -71.1 134.2   13.5   24.2  -44.1               
  934  934 A L  E     -OP 896 927G  31     -7,-3.2    -7,-2.3    -2,-0.3     2,-0.6  -0.907   6.9-148.5-104.0 136.1   13.1   28.0  -43.3               
  935  935 A V  E     -OP 895 926G   0    -40,-3.1   -40,-2.7    -2,-0.4     2,-0.4  -0.953  26.1-175.9 -97.7 120.1   14.3   30.7  -45.7               
  936  936 A C  E     -OP 894 925G  11    -11,-2.5   -11,-2.6    -2,-0.6     2,-0.2  -0.969  26.6-119.0-120.2 136.9   15.4   33.6  -43.6               
  937  937 A L  E     - P   0 924G  29    -44,-2.7   -13,-0.3    -2,-0.4   -14,-0.0  -0.533  28.6-128.6 -67.0 132.0   16.6   37.1  -44.7               
  938  938 A L        -     0   0   58    -15,-2.6     2,-0.5    -2,-0.2    -1,-0.0  -0.675  33.9 -99.8 -77.2 137.2   20.2   37.9  -43.5               
  939  939 A P        -     0   0  115      0, 0.0    -1,-0.1     0, 0.0   -15,-0.0  -0.452  40.2-122.9 -60.9 111.7   20.4   41.3  -41.7               
  940  940 A S    >   -     0   0   73     -2,-0.5     2,-1.8     1,-0.1     3,-1.2  -0.284  35.1 -96.0 -56.8 145.6   21.8   43.7  -44.3               
  941  941 A S  T 3  S+     0   0  128      1,-0.3    -1,-0.1     2,-0.1     3,-0.1   0.115 108.7  75.1 -65.9  18.8   25.0   45.4  -43.0               
  942  942 A Q  T 3   +     0   0  186     -2,-1.8     2,-1.7     1,-0.1    -1,-0.3   0.537  59.3 100.8-109.5  -8.9   23.5   48.7  -41.6               
  943  943 A A    <   +     0   0   90     -3,-1.2     2,-1.6     1,-0.1    -1,-0.1  -0.187  42.1 154.4 -79.4  48.9   21.9   47.4  -38.3               
  944  944 A R        +     0   0  233     -2,-1.7    -1,-0.1     1,-0.1     2,-0.1  -0.597  32.3  98.3 -78.2  84.6   24.7   48.6  -35.9               
  945  945 A Q        +     0   0  189     -2,-1.6    -1,-0.1     2,-0.0    -2,-0.0  -0.417  35.4 164.1-161.5  94.4   23.0   49.2  -32.6               
  946  946 A S        -     0   0   98     -2,-0.1     2,-1.4     2,-0.0    -2,-0.0  -0.938  32.6-138.7 -98.3 120.3   23.2   46.4  -29.9               
  947  947 A P        +     0   0  130      0, 0.0     2,-0.5     0, 0.0    -2,-0.0  -0.675  30.2 177.2 -79.5  91.1   22.2   47.6  -26.4               
  948  948 A L        -     0   0  155     -2,-1.4    -2,-0.0     0, 0.0     0, 0.0  -0.834  32.8  -0.9 -80.8 136.7   24.7   45.9  -24.1               
  949  949 A G        +     0   0   71     -2,-0.5     0, 0.0     0, 0.0     0, 0.0   0.297  54.9  90.3 100.6 159.6   24.7   46.6  -20.4               
  950  950 A S        -     0   0  121      0, 0.0     0, 0.0     0, 0.0     0, 0.0   0.995  41.7-105.1  64.0 102.8   23.5   48.2  -17.1               
  951  951 A S        +     0   0  101      1,-0.0     0, 0.0     0, 0.0     0, 0.0   0.723  47.5  38.0  49.1 130.5   21.3   47.8  -14.3               
  952  952 A Q        +     0   0  179      1,-0.1     2,-0.2     0, 0.0    -1,-0.0   0.957  32.2 120.9  59.2 107.1   18.0   48.8  -12.5               
  953  953 A S        -     0   0  131      0, 0.0     2,-0.3     0, 0.0    -1,-0.1  -0.804  35.3-130.9-169.4 168.9   14.5   49.8  -12.8               
  954  954 A H        -     0   0  167     -2,-0.2     0, 0.0     1,-0.1     0, 0.0  -0.761  44.0  -7.7-111.6 153.8   11.1   48.6  -11.5               
  955  955 A D        +     0   0  147     -2,-0.3    -1,-0.1     1,-0.0     0, 0.0   0.785  41.8 141.6  59.7 146.0    7.5   47.7  -12.5               
  956  956 A G        -     0   0   75      0, 0.0    -1,-0.0     0, 0.0    -2,-0.0   0.503  40.1-127.9 169.2 -13.0    5.3   48.2  -15.7               
  957  957 A S        -     0   0  111      0, 0.0     0, 0.0     0, 0.0     0, 0.0   0.968  30.7 -17.9  61.7 114.8    2.7   45.4  -16.9               
  958  958 A S        +     0   0   99      0, 0.0     0, 0.0     0, 0.0     0, 0.0   0.808  38.2  90.4  90.4 144.1    1.6   43.3  -19.7               
  959  959 A T        -     0   0  117      0, 0.0     0, 0.0     0, 0.0     0, 0.0   0.941  48.8 -45.3  86.5 106.5    1.0   41.8  -23.2               
  960  960 A N        +     0   0  150      2,-0.0     0, 0.0     0, 0.0     0, 0.0   0.817  65.9  61.1  71.7 146.6    2.3   39.3  -25.7               
  961  961 A C        -     0   0  128      1,-0.1     0, 0.0     2,-0.0     0, 0.0   0.995  35.2-164.3  66.9  85.0    5.1   37.7  -27.8               
  962  962 A S        -     0   0  121      1,-0.0    -1,-0.1     3,-0.0     2,-0.1  -0.746  32.4-121.4 -76.4 133.1    8.2   36.0  -26.3               
  963  963 A P        -     0   0  113      0, 0.0     2,-0.9     0, 0.0    -1,-0.0  -0.348  21.4-102.7 -75.1 157.1   10.9   35.7  -29.0               
  964  964 A I        -     0   0  123     -2,-0.1     2,-0.5     2,-0.0     0, 0.0  -0.723  35.4-151.6 -76.8 105.2   12.5   32.4  -30.2               
  965  965 A I        -     0   0  153     -2,-0.9     2,-0.6     2,-0.0    -3,-0.0  -0.709   5.7-146.8 -71.8 123.0   15.9   32.3  -28.5               
  966  966 A F        -     0   0  113     -2,-0.5     2,-0.9     3,-0.0    -2,-0.0  -0.897  13.0-135.3 -87.9 117.8   18.3   30.3  -30.8               
  967  967 A E        -     0   0  160     -2,-0.6     2,-0.7     1,-0.0    -2,-0.0  -0.703  16.1-144.3 -73.0 104.4   20.7   28.5  -28.4               
  968  968 A E        -     0   0  172     -2,-0.9     2,-0.0     1,-0.1    -1,-0.0  -0.713  25.6-118.2 -71.2 108.7   24.1   29.1  -30.2               
  969  969 A L        -     0   0   99     -2,-0.7     2,-0.2     1,-0.1    96,-0.1  -0.333  28.6-130.7 -53.8 129.3   25.9   25.8  -29.6               
  970  970 A E        -     0   0  117     94,-0.1    96,-1.9    -2,-0.0     2,-0.5  -0.491  10.3-124.9 -81.3 148.4   29.1   26.4  -27.5               
  971  971 A Y        -     0   0  130     94,-0.2     2,-0.3    -2,-0.2    -1,-0.0  -0.863  33.3-177.6 -88.2 127.7   32.5   25.0  -28.5               
  972  972 A H        -     0   0   41     -2,-0.5    95,-0.2    97,-0.1    97,-0.2  -0.950  31.9-102.5-124.9 147.7   34.1   22.9  -25.7               
  973  973 A E        -     0   0   79     -2,-0.3    92,-0.0     1,-0.1     3,-0.0  -0.375  28.2-127.2 -65.4 144.7   37.5   21.2  -25.5               
  974  974 A P  S    S+     0   0   14      0, 0.0    51,-0.5     0, 0.0    52,-0.3   0.761  88.5  21.1 -69.0 -25.7   37.3   17.4  -26.0               
  975  975 A V  S    S-     0   0   22     50,-0.1     2,-0.5    10,-0.1    49,-0.1  -0.966  90.3 -94.4-141.8 151.9   39.2   16.6  -22.7               
  976  976 A C     >  -     0   0   12     -2,-0.3     4,-2.2    47,-0.2     3,-0.2  -0.584  24.8-147.8 -71.6 121.6   40.0   18.4  -19.4               
  977  977 A R  T  4 S+     0   0  208     -2,-0.5    -1,-0.1     1,-0.2     0, 0.0   0.643  94.6  49.0 -58.5 -23.6   43.5   20.2  -19.6               
  978  978 A Q  T  4 S+     0   0  140      1,-0.0    -1,-0.2     0, 0.0    -2,-0.0   0.882 125.0  17.8 -85.9 -43.6   44.0   19.5  -15.8               
  979  979 A H  T  4 S+     0   0   55     -3,-0.2    -2,-0.2     3,-0.0     2,-0.1   0.592  82.4 123.4-114.4 -16.3   43.3   15.8  -15.4               
  980  980 A C     <  -     0   0   17     -4,-2.2     5,-0.1     1,-0.1    46,-0.1  -0.314  49.2-150.9 -61.1 124.2   43.4   14.1  -18.8               
  981  981 A S  S    S+     0   0  102      1,-0.2     2,-0.8    -2,-0.1    -1,-0.1   0.829  86.7  66.1 -61.5 -36.5   45.9   11.2  -18.9               
  982  982 A N    >   +     0   0   79      1,-0.1     3,-0.6     2,-0.0    -1,-0.2  -0.805  59.3 176.7 -91.6 104.6   46.5   11.7  -22.6               
  983  983 A K  T 3  S+     0   0  190     -2,-0.8    -1,-0.1     1,-0.2    -2,-0.1   0.681  77.8  59.4 -78.9 -17.0   48.2   15.2  -23.0               
  984  984 A D  T 3  S+     0   0  146      2,-0.1     2,-0.7     0, 0.0    -1,-0.2  -0.168  71.6 157.5-104.0  32.3   48.6   14.7  -26.8               
  985  985 A F    <   -     0   0   53     -3,-0.6     2,-0.7    -5,-0.1   -10,-0.1  -0.492  25.9-159.8 -66.1 110.7   44.8   14.3  -27.6               
  986  986 A S    >>  -     0   0   41     -2,-0.7     3,-1.6     1,-0.1     4,-1.1  -0.816  11.7-160.3 -94.1 111.9   44.2   15.2  -31.3               
  987  987 A E  T 34 S+     0   0   62     -2,-0.7    -1,-0.1     1,-0.3     3,-0.1   0.814  94.7  58.4 -56.9 -30.2   40.5   16.0  -32.0               
  988  988 A H  T 34 S+     0   0  174      1,-0.2    -1,-0.3    -3,-0.1    -3,-0.0   0.636 108.7  44.0 -76.9 -15.7   41.3   15.3  -35.7               
  989  989 A E  T <4 S+     0   0  164     -3,-1.6     2,-0.6     2,-0.0    -2,-0.2   0.540  85.5 111.5-103.7 -13.3   42.4   11.7  -34.9               
  990  990 A F     <  -     0   0   40     -4,-1.1    -3,-0.0    -3,-0.1     3,-0.0  -0.498  54.9-156.5 -67.4 110.9   39.5   10.9  -32.5               
  991  991 A D    >>  -     0   0   84     -2,-0.6     3,-2.1     1,-0.1     4,-0.6  -0.797  10.1-149.2 -83.0 118.1   37.2    8.3  -34.0               
  992  992 A P  T 34 S+     0   0   34      0, 0.0   170,-0.3     0, 0.0     3,-0.3   0.709  99.9  61.6 -60.6 -19.9   33.6    8.6  -32.5               
  993  993 A D  T 34 S+     0   0   58      1,-0.2    -3,-0.0   170,-0.2    -2,-0.0   0.578  92.0  66.8 -78.8 -10.9   33.4    4.7  -33.1               
  994  994 A S  T <4 S+     0   0   64     -3,-2.1    -1,-0.2     2,-0.0    -4,-0.0   0.834  78.1 105.5 -74.4 -30.0   36.4    4.2  -30.7               
  995  995 A Y     <  -     0   0   29     -4,-0.6     2,-0.4    -3,-0.3   167,-0.2  -0.215  51.1-167.3 -59.9 130.5   34.3    5.4  -27.7               
  996  996 A K        -     0   0  173    165,-0.1   165,-0.1     0, 0.0    -2,-0.0  -0.984  22.6-127.6-113.9 129.9   33.2    2.7  -25.2               
  997  997 A I        -     0   0   18     -2,-0.4     2,-0.2   168,-0.2    46,-0.1  -0.667  27.4-133.4 -72.3 121.2   30.6    3.7  -22.6               
  998  998 A P        -     0   0   23      0, 0.0    52,-3.0     0, 0.0     2,-0.4  -0.556  11.6-142.4 -73.8 145.1   32.0    2.6  -19.1               
  999  999 A F  E     -QR10411049H  13     42,-1.0    42,-2.3    50,-0.3     2,-0.3  -0.921  22.3-162.6-108.1 134.4   29.5    0.8  -16.8               
 1000 1000 A V  E     -QR10401048H   0     48,-2.8    48,-2.8    -2,-0.4     2,-0.5  -0.871  21.8-150.2-126.0 151.6   29.8    1.6  -13.1               
 1001 1001 A I        +     0   0   61     38,-1.4    38,-0.3    -2,-0.3     2,-0.3  -0.957  47.8 120.1-120.2 105.4   28.8    0.2   -9.6               
 1002 1002 A L        -     0   0   38     -2,-0.5   218,-0.5    36,-0.1     2,-0.2  -0.949  63.8 -99.3-161.2 146.6   28.2    3.0   -7.0               
 1003 1003 A S    >>  -     0   0   12     -2,-0.3     4,-2.6   217,-0.2     3,-1.0  -0.493  26.0-136.7 -64.7 133.4   25.4    4.4   -4.8               
 1004 1004 A L  H 3> S+     0   0   12      1,-0.3     4,-2.7     2,-0.2    -1,-0.1   0.836 105.9  62.9 -63.2 -29.0   23.6    7.5   -6.3               
 1005 1005 A K  H 34 S+     0   0  114      2,-0.2    -1,-0.3     1,-0.2    -2,-0.0   0.808 111.2  36.8 -61.0 -34.2   23.8    9.0   -2.7               
 1006 1006 A T  H <> S+     0   0   66     -3,-1.0     4,-1.2     2,-0.1    -2,-0.2   0.905 120.1  47.3 -82.3 -46.6   27.6    8.8   -2.9               
 1007 1007 A F  H  X S+     0   0    0     -4,-2.6     4,-2.8     1,-0.2     5,-0.3   0.883 101.2  63.2 -66.8 -44.1   27.9    9.7   -6.6               
 1008 1008 A A  H  X S+     0   0   18     -4,-2.7     4,-1.8     1,-0.2    -1,-0.2   0.904 107.0  41.1 -54.3 -51.9   25.5   12.8   -6.8               
 1009 1009 A P  H  > S+     0   0   79      0, 0.0     4,-2.3     0, 0.0    -1,-0.2   0.880 114.5  54.4 -65.4 -33.7   27.5   15.1   -4.3               
 1010 1010 A Q  H  X S+     0   0   35     -4,-1.2     4,-3.0     2,-0.2     5,-0.2   0.946 108.2  48.4 -63.3 -45.4   30.8   13.9   -6.0               
 1011 1011 A V  H  X S+     0   0    0     -4,-2.8     4,-1.8     1,-0.2    -1,-0.2   0.872 111.2  51.0 -63.1 -36.6   29.5   14.9   -9.5               
 1012 1012 A H  H  X S+     0   0   49     -4,-1.8     4,-1.5    -5,-0.3    -1,-0.2   0.908 112.4  45.9 -66.6 -39.6   28.4   18.3   -8.1               
 1013 1013 A S  H  X S+     0   0   47     -4,-2.3     4,-2.2     2,-0.2     5,-0.2   0.942 111.0  52.8 -64.7 -45.2   31.9   18.9   -6.6               
 1014 1014 A L  H  X S+     0   0    0     -4,-3.0     4,-1.2     1,-0.3    -2,-0.2   0.827 111.3  46.5 -60.7 -36.1   33.5   17.8   -9.9               
 1015 1015 A L  H  <>S+     0   0    0     -4,-1.8     5,-2.9    -5,-0.2     6,-0.3   0.831 109.6  55.0 -73.7 -31.1   31.4   20.3  -11.8               
 1016 1016 A Q  H ><5S+     0   0  148     -4,-1.5     3,-0.6     1,-0.2    -2,-0.2   0.853 109.6  45.8 -71.1 -34.5   32.3   23.0   -9.1               
 1017 1017 A T  H 3<5S+     0   0   64     -4,-2.2    -1,-0.2     1,-0.2    -2,-0.2   0.820 112.4  52.9 -72.9 -30.6   36.1   22.4   -9.7               
 1018 1018 A H  T ><5S-     0   0   18     -4,-1.2     3,-2.6    -5,-0.2    -1,-0.2  -0.242 120.0-102.9-101.9  39.3   35.6   22.5  -13.5               
 1019 1019 A E  T < 5S-     0   0  193     -3,-0.6    -3,-0.2     1,-0.3    -4,-0.1   0.660  80.0 -54.0  51.8  24.1   33.7   25.9  -13.7               
 1020 1020 A G  T 3 <S+     0   0    7     -5,-2.9    54,-1.4    -6,-0.1     2,-0.3   0.392 124.8  79.4  93.1   0.0   30.3   24.1  -14.1               
 1021 1021 A T  E <   -S 1073   0I  38     -3,-2.6    52,-0.2    -6,-0.3    -1,-0.0  -0.947  48.8-177.6-144.3 125.2   31.3   21.9  -17.2               
 1022 1022 A V  E     -S 1072   0I   0     50,-2.6    50,-3.2    -2,-0.3     2,-0.2  -0.959  31.5-120.9-117.3 128.1   33.3   18.7  -17.6               
 1023 1023 A P  E >   -S 1071   0I  14      0, 0.0     3,-0.7     0, 0.0     4,-0.4  -0.491  20.8-136.7 -64.2 131.1   34.1   17.0  -21.0               
 1024 1024 A L  G >  S+     0   0    2     46,-2.5     3,-0.8     1,-0.2    47,-0.1   0.817  99.0  61.6 -64.3 -32.4   32.6   13.4  -21.0               
 1025 1025 A L  G 3  S+     0   0   31    -51,-0.5     4,-0.2    45,-0.4    -1,-0.2   0.866 114.8  33.7 -63.0 -36.9   35.8   11.8  -22.5               
 1026 1026 A S  G <> S+     0   0    1     -3,-0.7     4,-2.7   -52,-0.3    -1,-0.2   0.279  87.8 105.5 -97.9   4.4   37.9   12.9  -19.5               
 1027 1027 A F  H <> S+     0   0    1     -3,-0.8     4,-2.4    -4,-0.4     5,-0.2   0.894  81.9  48.2 -56.6 -41.7   35.1   12.5  -16.9               
 1028 1028 A P  H  > S+     0   0   30      0, 0.0     4,-2.9     0, 0.0     5,-0.2   0.959 112.8  48.3 -60.5 -48.7   36.7    9.2  -15.5               
 1029 1029 A D  H  > S+     0   0   41     -4,-0.2     4,-1.9     1,-0.2    -2,-0.2   0.905 114.1  46.7 -57.5 -44.9   40.2   10.8  -15.3               
 1030 1030 A C  H  X S+     0   0    0     -4,-2.7     4,-1.1     2,-0.2    -1,-0.2   0.899 113.6  48.2 -63.2 -43.4   38.7   13.9  -13.6               
 1031 1031 A Y  H >X>S+     0   0    9     -4,-2.4     4,-2.9    -5,-0.2     5,-0.5   0.925 110.6  50.8 -64.9 -43.9   36.7   11.8  -11.1               
 1032 1032 A I  H 3X5S+     0   0   74     -4,-2.9     4,-1.3     1,-0.2    -2,-0.2   0.882 108.3  53.9 -61.4 -39.0   39.8    9.5  -10.3               
 1033 1033 A A  H 3<5S+     0   0   62     -4,-1.9    -1,-0.2    -5,-0.2    -2,-0.2   0.784 120.5  30.1 -65.8 -30.2   41.8   12.7   -9.6               
 1034 1034 A E  H <<5S+     0   0   54     -4,-1.1    -2,-0.2    -3,-0.5    -1,-0.2   0.781 138.1  14.7 -99.7 -33.8   39.3   14.1   -7.0               
 1035 1035 A F  H  <5S-     0   0   68     -4,-2.9    -3,-0.2     1,-0.3    -2,-0.1   0.423 100.7-116.1-126.6  -2.6   37.6   10.9   -5.4               
 1036 1036 A G     << +     0   0   33     -4,-1.3    -1,-0.3    -5,-0.5    -2,-0.2  -0.317  67.0   0.5  81.9-174.2   39.8    7.9   -6.4               
 1037 1037 A D        -     0   0  146     -2,-0.1     2,-0.6     1,-0.1    -5,-0.0  -0.162  57.4-147.0 -58.6 126.5   39.1    4.9   -8.5               
 1038 1038 A L        -     0   0   16    -10,-0.1     2,-1.1     1,-0.0    -1,-0.1  -0.817  28.0-117.8 -86.0 121.7   35.6    4.5  -10.1               
 1039 1039 A E        -     0   0  121     -2,-0.6   -38,-1.4   -38,-0.3     2,-0.6  -0.480  36.9-171.5 -67.6  97.7   34.6    0.8  -10.2               
 1040 1040 A V  E     +Q 1000   0H  83     -2,-1.1   -40,-0.2   -40,-0.2     2,-0.2  -0.860   6.8 178.8 -95.7 117.7   34.3    0.2  -14.0               
 1041 1041 A V  E     -Q  999   0H  24    -42,-2.3   -42,-1.0    -2,-0.6     2,-0.2  -0.548  32.6 -90.3-107.6 170.2   32.8   -3.2  -14.9               
 1042 1042 A Q    > > -     0   0  140     -2,-0.2     3,-2.5   -44,-0.1     5,-0.5  -0.521  42.8-101.7 -78.9 158.2   32.0   -4.8  -18.3               
 1043 1043 A E  T 3 5S+     0   0   99      1,-0.3     3,-0.3    -2,-0.2    -1,-0.1   0.711 123.3  47.7 -51.0 -26.2   28.5   -4.4  -20.0               
 1044 1044 A N  T 3 5S+     0   0  155      1,-0.2    -1,-0.3     2,-0.1    -2,-0.0   0.175  93.8  80.4-100.1  11.4   27.5   -8.0  -18.7               
 1045 1045 A Q  T < 5S-     0   0  114     -3,-2.5    -1,-0.2     2,-0.0    -2,-0.1   0.055 109.9 -93.1-115.0  23.6   28.7   -7.6  -15.1               
 1046 1046 A G  T   5S+     0   0   36     -3,-0.3     2,-0.2     1,-0.2    -3,-0.1   0.747  77.2 138.0  75.7  25.2   25.8   -5.7  -13.4               
 1047 1047 A G      < -     0   0    5     -5,-0.5    -1,-0.2   -46,-0.1   -46,-0.2  -0.626  51.4-123.0 -90.5 162.0   27.0   -2.0  -13.8               
 1048 1048 A V  E     -R 1000   0H   3    -48,-2.8   -48,-2.8    -2,-0.2     2,-0.2  -0.864  37.5 -99.9 -98.4 136.6   24.9    1.0  -14.9               
 1049 1049 A P  E >>  -R  999   0H   9      0, 0.0     4,-2.4     0, 0.0     3,-1.2  -0.376  29.2-134.7 -56.5 126.2   26.1    3.0  -18.0               
 1050 1050 A L  H 3> S+     0   0    1    -52,-3.0     4,-2.9     1,-0.3     5,-0.2   0.857 103.9  55.5 -56.5 -40.1   28.0    6.1  -16.7               
 1051 1051 A E  H 3> S+     0   0    3    -53,-0.3     4,-1.0     2,-0.2    -1,-0.3   0.832 111.7  44.4 -61.0 -34.3   26.2    8.5  -19.2               
 1052 1052 A H  H <> S+     0   0    1     -3,-1.2     4,-0.7     2,-0.2     3,-0.4   0.956 113.0  50.7 -71.0 -48.6   22.8    7.3  -17.7               
 1053 1053 A F  H >X S+     0   0    0     -4,-2.4     3,-1.0     1,-0.3     4,-0.7   0.882 106.9  53.7 -61.7 -40.1   24.0    7.5  -14.1               
 1054 1054 A I  H >< S+     0   0    0     -4,-2.9     3,-0.8     1,-0.2    -1,-0.3   0.884 107.4  52.7 -58.4 -39.8   25.3   11.1  -14.6               
 1055 1055 A T  H 3< S+     0   0   25     -4,-1.0    -1,-0.2    -3,-0.4    -2,-0.2   0.601  97.5  65.4 -78.0  -8.9   21.8   12.0  -15.9               
 1056 1056 A C  H << S+     0   0    4     -3,-1.0    -1,-0.2    -4,-0.7    -2,-0.2   0.761  80.2 100.1 -73.8 -25.9   20.2   10.5  -12.7               
 1057 1057 A V  S X< S-     0   0    1     -3,-0.8     3,-1.8    -4,-0.7     2,-0.1  -0.420  85.5-114.7 -66.2 120.9   22.0   13.3  -10.7               
 1058 1058 A P  T 3  S+     0   0   68      0, 0.0    -1,-0.1     0, 0.0     3,-0.1  -0.319  97.7  11.6 -59.4 127.9   19.5   16.2   -9.9               
 1059 1059 A G  T 3  S+     0   0   16      1,-0.3    16,-2.7    -4,-0.1    17,-0.5   0.339 104.3 109.9  86.5  -5.0   20.4   19.4  -11.6               
 1060 1060 A V  E <   -T 1074   0I   0     -3,-1.8     2,-0.3    14,-0.2    -1,-0.3  -0.769  42.8-178.4-104.4 144.6   23.1   17.8  -13.9               
 1061 1061 A N  E     -T 1073   0I  53     12,-2.7    12,-2.6    -2,-0.3     2,-0.5  -0.962  25.9-134.2-133.2 156.4   22.8   17.4  -17.7               
 1062 1062 A I  E     +T 1072   0I  27     -2,-0.3     2,-0.2    10,-0.2    10,-0.2  -0.972  32.1 178.3-106.4 125.3   24.8   15.9  -20.7               
 1063 1063 A A  E     -T 1071   0I  24      8,-2.9     8,-2.5    -2,-0.5     2,-0.4  -0.724  26.5-124.6-112.6 167.4   24.9   18.3  -23.7               
 1064 1064 A T  E     -T 1070   0I  72      6,-0.2     6,-0.2    -2,-0.2   -94,-0.1  -0.989  25.7-146.0-116.7 125.5   26.6   17.9  -27.2               
 1065 1065 A A    >   -     0   0    7      4,-2.8     3,-2.2    -2,-0.4   -94,-0.2  -0.225  34.9 -89.3 -81.6 173.7   28.9   20.7  -28.2               
 1066 1066 A Q  T 3  S+     0   0  122    -96,-1.9   -95,-0.1     1,-0.3   -97,-0.0   0.844 127.6  54.9 -54.1 -37.7   29.6   22.1  -31.8               
 1067 1067 A N  T 3  S-     0   0   39    -95,-0.2    -1,-0.3     2,-0.1     3,-0.1   0.353 120.6-108.6 -76.8   3.4   32.4   19.5  -32.4               
 1068 1068 A G  S <  S+     0   0   38     -3,-2.2     2,-0.2     1,-0.3    -2,-0.1   0.434  74.7 139.1  79.1   1.1   29.9   16.6  -31.5               
 1069 1069 A I        -     0   0    6    -97,-0.2    -4,-2.8    -5,-0.1     2,-0.4  -0.515  54.1-122.2 -73.6 141.3   31.7   16.0  -28.1               
 1070 1070 A K  E     - T   01064I  22     -6,-0.2   -46,-2.5    -2,-0.2   -45,-0.4  -0.724  29.3-169.0 -82.4 134.2   29.5   15.2  -25.1               
 1071 1071 A V  E     -ST10231063I   2     -8,-2.5    -8,-2.9    -2,-0.4     2,-0.5  -0.974  19.3-136.1-125.6 137.3   29.9   17.6  -22.1               
 1072 1072 A V  E     +ST10221062I   0    -50,-3.2   -50,-2.6    -2,-0.4     2,-0.3  -0.837  40.3 159.5 -86.8 122.3   28.5   17.2  -18.5               
 1073 1073 A K  E     -ST10211061I  44    -12,-2.6   -12,-2.7    -2,-0.5   -52,-0.2  -0.973  43.0 -96.6-140.7 157.1   27.1   20.6  -17.3               
 1074 1074 A W  E     - T   01060I  57    -54,-1.4   -14,-0.2    -2,-0.3     3,-0.1  -0.402  23.4-136.4 -64.4 149.3   24.6   22.1  -14.7               
 1075 1075 A I  S    S+     0   0   57    -16,-2.7     2,-0.3     1,-0.2    -1,-0.1   0.771  96.3  24.5 -72.8 -29.4   21.0   22.8  -15.9               
 1076 1076 A H  S    S-     0   0   86    -17,-0.5     2,-0.9     2,-0.2    -1,-0.2  -0.997  85.9-119.0-137.7 140.8   21.2   26.1  -14.0               
 1077 1077 A N  S    S+     0   0  153     -2,-0.3    -2,-0.0    -3,-0.1    -3,-0.0   0.076  98.9  48.2 -74.4  26.4   24.4   28.1  -13.0               
 1078 1078 A K  S    S-     0   0  167     -2,-0.9    -2,-0.2     3,-0.0    -3,-0.1  -0.938 100.1 -90.8-152.2 149.7   23.6   27.7   -9.3               
 1079 1079 A P        -     0   0  105      0, 0.0   -20,-0.1     0, 0.0    -2,-0.0  -0.323  60.6 -93.2 -56.7 143.3   22.5   24.7   -7.1               
 1080 1080 A P        -     0   0   68      0, 0.0    -4,-0.0     0, 0.0     0, 0.0  -0.403  37.2-115.4 -66.7 133.1   18.7   24.4   -7.0               
 1081 1081 A P    >   -     0   0   83      0, 0.0     2,-1.5     0, 0.0     3,-1.5  -0.466  34.3-108.8 -66.0 144.7   16.9   26.2   -4.2               
 1082 1082 A P  T 3  S+     0   0  137      0, 0.0     3,-0.0     0, 0.0     0, 0.0   0.069 110.0  50.4 -75.0  26.5   15.1   23.6   -1.9               
 1083 1083 A N  T 3  S+     0   0  162     -2,-1.5     2,-0.5     1,-0.0     0, 0.0   0.175  79.5 104.0-147.0  15.2   11.5   24.5   -3.0               
 1084 1084 A T  S <  S-     0   0   92     -3,-1.5    -1,-0.0     2,-0.0     0, 0.0  -0.943  74.0-121.0-110.0 121.0   11.5   24.5   -6.9               
 1085 1085 A D    >   -     0   0  101     -2,-0.5     3,-1.3     1,-0.2     4,-0.2  -0.400  22.6-154.2 -60.6 106.3    9.9   21.5   -8.7               
 1086 1086 A P  T 3  S+     0   0   85      0, 0.0     3,-0.4     0, 0.0     4,-0.3   0.609  81.8  66.2 -66.8 -11.9   12.9   20.2  -10.8               
 1087 1087 A W  T 3  S+     0   0   92      1,-0.2    -2,-0.1     2,-0.1     3,-0.0   0.448  79.9  75.9 -92.9  -4.5   10.8   18.6  -13.5               
 1088 1088 A L  S <  S+     0   0  143     -3,-1.3    -1,-0.2     1,-0.2    -3,-0.0   0.717  93.0  48.2 -85.0 -22.6    9.1   21.7  -15.1               
 1089 1089 A L  S    S+     0   0  139     -3,-0.4     2,-0.5    -4,-0.2     3,-0.2   0.631  93.6  85.9 -96.7 -15.0   12.1   23.0  -17.2               
 1090 1090 A R  S    S-     0   0   72     -4,-0.3   -15,-0.0     1,-0.2    -1,-0.0  -0.787  94.9 -20.9 -93.0 128.1   13.2   19.8  -18.9               
 1091 1091 A S        -     0   0   64     -2,-0.5     2,-0.2     1,-0.1    -1,-0.2   0.944  59.8-128.1  53.2  89.3   11.7   18.4  -22.2               
 1092 1092 A K        -     0   0  211     -3,-0.2    -1,-0.1     1,-0.1    63,-0.1  -0.460  34.9-120.3 -54.2 121.4    8.2   19.6  -23.3               
 1093 1093 A S        -     0   0   61     -2,-0.2     2,-2.7     1,-0.1    60,-0.1  -0.244  35.5 -88.9 -54.7 155.2    6.3   16.3  -24.0               
 1094 1094 A P    >   -     0   0   22      0, 0.0     2,-2.2     0, 0.0     3,-0.6  -0.358  55.7-177.6 -64.7  65.1    4.9   15.8  -27.6               
 1095 1095 A V  T 3   +     0   0  139     -2,-2.7    -3,-0.0     1,-0.2    -2,-0.0  -0.444  69.7  24.1 -72.8  73.8    1.6   17.6  -26.6               
 1096 1096 A G  T 3  S+     0   0   67     -2,-2.2    -1,-0.2     1,-0.1    -3,-0.0   0.071  93.9  89.7 163.6 -32.6   -0.2   17.1  -29.9               
 1097 1097 A N    <>  -     0   0   51     -3,-0.6     4,-1.8     1,-0.2     3,-0.3  -0.774  45.2-170.8 -95.5 108.8    1.1   14.1  -32.0               
 1098 1098 A P  H  > S+     0   0   96      0, 0.0     4,-2.1     0, 0.0    -1,-0.2   0.801  86.7  59.8 -66.6 -26.8   -0.8   10.8  -31.2               
 1099 1099 A Q  H  > S+     0   0   90      2,-0.2     4,-2.8     1,-0.2     5,-0.1   0.905 106.8  45.7 -68.6 -39.7    1.8    8.8  -33.3               
 1100 1100 A L  H  > S+     0   0    9     -3,-0.3     4,-2.9     2,-0.2    -1,-0.2   0.892 111.0  53.0 -68.9 -37.0    4.6   10.0  -31.1               
 1101 1101 A I  H  X S+     0   0   73     -4,-1.8     4,-1.0     2,-0.2    -2,-0.2   0.881 112.9  44.9 -64.4 -37.4    2.5    9.2  -27.9               
 1102 1102 A Q  H >X S+     0   0  102     -4,-2.1     4,-2.5     2,-0.2     3,-0.7   0.955 112.6  50.8 -66.0 -49.5    2.0    5.7  -29.4               
 1103 1103 A F  H 3X S+     0   0    0     -4,-2.8     4,-3.0     1,-0.2     5,-0.2   0.909 105.7  56.1 -56.8 -43.7    5.7    5.3  -30.3               
 1104 1104 A S  H 3X S+     0   0    6     -4,-2.9     4,-1.6     2,-0.2    -1,-0.2   0.835 111.2  44.4 -57.5 -34.9    6.7    6.4  -26.7               
 1105 1105 A R  H <X S+     0   0  168     -4,-1.0     4,-2.5    -3,-0.7     5,-0.2   0.933 112.6  50.2 -74.1 -45.6    4.5    3.5  -25.4               
 1106 1106 A E  H  X S+     0   0   22     -4,-2.5     4,-2.3     1,-0.2    -2,-0.2   0.896 112.5  48.6 -58.2 -41.0    5.9    1.0  -28.0               
 1107 1107 A V  H  X S+     0   0    0     -4,-3.0     4,-2.5     2,-0.2    -1,-0.2   0.901 111.0  50.2 -66.6 -42.3    9.5    2.1  -27.0               
 1108 1108 A I  H  X S+     0   0   45     -4,-1.6     4,-2.0    -5,-0.2    -2,-0.2   0.931 114.2  43.6 -59.2 -49.2    8.7    1.6  -23.2               
 1109 1109 A D  H  < S+     0   0   72     -4,-2.5     4,-0.4     2,-0.2    -2,-0.2   0.864 114.5  50.4 -74.6 -30.6    7.3   -1.9  -23.7               
 1110 1110 A L  H >< S+     0   0    1     -4,-2.3     3,-1.7    -5,-0.2     4,-0.3   0.957 110.8  47.8 -62.5 -53.2   10.1   -2.9  -26.1               
 1111 1111 A L  H >< S+     0   0    0     -4,-2.5     3,-1.8     1,-0.3     6,-0.3   0.874 103.1  61.9 -66.8 -32.8   12.9   -1.7  -23.7               
 1112 1112 A K  T 3< S+     0   0   83     -4,-2.0    -1,-0.3     1,-0.3    -2,-0.2   0.669 101.3  55.8 -56.7 -23.5   11.3   -3.5  -20.7               
 1113 1113 A S  T <  S+     0   0   57     -3,-1.7    -1,-0.3    -4,-0.4    -2,-0.2   0.459  95.9  81.1 -88.2  -7.5   11.9   -6.8  -22.7               
 1114 1114 A Q  S X  S-     0   0   43     -3,-1.8     3,-1.6    -4,-0.3     5,-0.1  -0.760  94.1 -93.7 -99.5 147.3   15.6   -6.2  -23.1               
 1115 1115 A P  G >  S-     0   0  100      0, 0.0     3,-2.4     0, 0.0    -1,-0.1  -0.289 109.0  -1.7 -57.3 140.6   18.3   -6.9  -20.4               
 1116 1116 A S  G 3  S-     0   0   37      1,-0.3     3,-0.1    -4,-0.1    -4,-0.1   0.606 118.1 -82.9  52.3  17.3   19.1   -3.9  -18.2               
 1117 1117 A C  G <  S+     0   0    1     -3,-1.6    53,-0.3    -6,-0.3     2,-0.3   0.616  99.1 131.3  57.6  18.3   16.6   -1.9  -20.4               
 1118 1118 A V    <   +     0   0   18     -3,-2.4    -1,-0.2    51,-0.1    51,-0.2  -0.760  29.1 166.9-103.4 141.9   19.5   -1.4  -22.9               
 1119 1119 A I  E     -U 1168   0J   4     49,-2.0    49,-2.8    -2,-0.3     2,-0.1  -0.958  36.1-115.2-146.0 137.7   19.6   -2.0  -26.7               
 1120 1120 A P  E >>  -U 1167   0J  47      0, 0.0     3,-1.4     0, 0.0     4,-1.0  -0.436  28.9-122.0 -63.5 142.2   22.2   -1.0  -29.4               
 1121 1121 A I  T 34 S+     0   0   29     45,-2.8     4,-0.5     1,-0.3     3,-0.3   0.815 113.1  58.4 -58.0 -30.6   20.8    1.5  -32.0               
 1122 1122 A S  T 34 S+     0   0   83     42,-0.3    -1,-0.3    44,-0.3     3,-0.2   0.796 108.1  45.7 -66.5 -30.3   21.6   -1.0  -34.8               
 1123 1123 A H  T <> S+     0   0  106     -3,-1.4     4,-3.0     1,-0.1     5,-0.3   0.594  89.0  89.8 -90.8 -10.8   19.4   -3.7  -33.1               
 1124 1124 A F  H  X S+     0   0    0     -4,-1.0     4,-2.6    -3,-0.3     5,-0.2   0.900  90.1  42.7 -55.0 -50.3   16.4   -1.3  -32.4               
 1125 1125 A I  H  > S+     0   0   63     -4,-0.5     4,-2.2     2,-0.2    11,-0.3   0.942 116.5  48.5 -67.0 -46.5   14.6   -1.9  -35.8               
 1126 1126 A P  H  > S+     0   0   73      0, 0.0     4,-2.2     0, 0.0    -2,-0.2   0.941 116.0  42.8 -52.2 -51.8   15.2   -5.8  -35.6               
 1127 1127 A S  H  X S+     0   0   25     -4,-3.0     4,-2.9     2,-0.2     5,-0.2   0.890 112.5  52.6 -71.2 -36.2   14.0   -6.0  -31.9               
 1128 1128 A Y  H  X S+     0   0    0     -4,-2.6     4,-2.4    -5,-0.3     6,-0.5   0.931 111.6  47.9 -58.3 -44.9   11.0   -3.7  -32.6               
 1129 1129 A H  H  X S+     0   0  103     -4,-2.2     4,-1.1    -5,-0.2     5,-0.2   0.898 114.4  46.0 -64.0 -40.5   10.0   -6.0  -35.5               
 1130 1130 A H  H  < S+     0   0  168     -4,-2.2    -2,-0.2     2,-0.2    -1,-0.2   0.930 117.0  43.6 -65.3 -45.8   10.4   -9.1  -33.3               
 1131 1131 A H  H  < S+     0   0   76     -4,-2.9    -2,-0.2     1,-0.2    -3,-0.2   0.843 128.2  25.4 -72.6 -37.6    8.5   -7.7  -30.3               
 1132 1132 A F  H  < S-     0   0   65     -4,-2.4    -1,-0.2     2,-0.2    -2,-0.2   0.375  92.1-128.4-109.2   0.2    5.5   -6.1  -32.3               
 1133 1133 A A  S  < S+     0   0   93     -4,-1.1     2,-0.4    -5,-0.2    -4,-0.2   0.759  78.2 111.5  51.2  28.2    5.4   -8.2  -35.5               
 1134 1134 A K  S    S-     0   0   72     -6,-0.5     2,-0.4    -5,-0.2    -2,-0.2  -0.992  74.9-116.2-134.9 132.1    5.5   -4.8  -37.2               
 1135 1135 A Q        -     0   0  108     -2,-0.4     2,-1.1    -3,-0.1   -10,-0.0  -0.558  27.6-128.1 -69.2 124.6    8.2   -3.1  -39.4               
 1136 1136 A C        -     0   0    7     -2,-0.4     2,-0.7   -11,-0.3     3,-0.1  -0.631  31.2-174.2 -72.5  97.9    9.5    0.1  -37.7               
 1137 1137 A R    >   -     0   0  132     -2,-1.1     3,-1.3     1,-0.2     4,-0.4  -0.894  17.1-158.4 -98.5 110.0    9.1    2.6  -40.6               
 1138 1138 A V  G > >S+     0   0   22     -2,-0.7     5,-1.7     1,-0.3     3,-1.3   0.862  91.7  60.5 -56.9 -36.6   10.6    6.0  -39.6               
 1139 1139 A S  G > 5S+     0   0   82      1,-0.2     3,-1.6     3,-0.2    -1,-0.3   0.788  91.5  66.2 -55.5 -36.0    8.4    7.7  -42.3               
 1140 1140 A D  G < 5S+     0   0   76     -3,-1.3    -1,-0.2     1,-0.3    -2,-0.2   0.655 103.6  46.0 -73.6 -14.2    5.2    6.5  -40.6               
 1141 1141 A Y  G < 5S-     0   0   10     -3,-1.3    -1,-0.3    -4,-0.4    -2,-0.2   0.326 126.2 -99.4-102.7  -0.4    5.9    8.8  -37.6               
 1142 1142 A G  T < 5S+     0   0   67     -3,-1.6     2,-0.2     1,-0.3    -3,-0.2   0.493  83.5 118.4  96.4   9.0    6.9   11.8  -39.8               
 1143 1143 A Y      < -     0   0   59     -5,-1.7    -1,-0.3     1,-0.1    -2,-0.2  -0.671  51.8-154.8-113.5 160.3   10.8   11.5  -39.7               
 1144 1144 A S  S    S+     0   0   93      1,-0.2     2,-0.3    -2,-0.2    -5,-0.2   0.810  81.9  36.7-102.3 -36.8   13.6   10.9  -42.3               
 1145 1145 A K  S  > S-     0   0  116     -7,-0.1     4,-1.2     1,-0.1     3,-0.4  -0.922  78.1-125.3-118.5 144.0   16.4    9.3  -40.1               
 1146 1146 A L  H  > S+     0   0   34     -2,-0.3     4,-1.7     1,-0.2     3,-0.3   0.878 110.6  58.2 -54.2 -40.8   15.9    6.8  -37.2               
 1147 1147 A I  H  > S+     0   0   39      1,-0.2     4,-2.9     2,-0.2     5,-0.2   0.905 101.2  54.5 -59.7 -40.2   18.0    9.1  -34.9               
 1148 1148 A E  H  > S+     0   0   49     -3,-0.4     4,-0.8     1,-0.2    -1,-0.2   0.843 109.3  48.4 -63.1 -36.6   15.5   12.1  -35.5               
 1149 1149 A L  H  < S+     0   0    0     -4,-1.2    -1,-0.2    -3,-0.3    -2,-0.2   0.836 113.3  46.5 -71.8 -35.6   12.6    9.9  -34.4               
 1150 1150 A L  H >< S+     0   0    1     -4,-1.7     3,-1.5     1,-0.2     7,-0.2   0.917 110.9  52.1 -72.8 -40.9   14.5    8.7  -31.2               
 1151 1151 A E  H 3< S+     0   0  106     -4,-2.9    -2,-0.2     1,-0.3    -1,-0.2   0.704  99.1  67.2 -66.6 -19.6   15.5   12.3  -30.4               
 1152 1152 A A  T 3< S+     0   0   21     -4,-0.8    -1,-0.3    -5,-0.2    -2,-0.2   0.571  99.3  51.2 -76.4  -9.6   11.8   13.3  -30.7               
 1153 1153 A V    X>  +     0   0    0     -3,-1.5     4,-2.5    -4,-0.2     3,-2.0  -0.157  61.2 142.4-120.8  46.2   11.0   11.2  -27.5               
 1154 1154 A P  T 34  +     0   0   62      0, 0.0    -1,-0.1     0, 0.0    -3,-0.1   0.367  65.9  69.3 -74.7   4.7   13.6   12.5  -24.9               
 1155 1155 A H  T 34 S+     0   0   55    -63,-0.1     3,-0.1    -3,-0.1   -62,-0.1   0.372 120.2  15.1 -94.4  -3.6   10.9   12.2  -22.1               
 1156 1156 A V  T <4 S+     0   0    9     -3,-2.0    15,-2.6     1,-0.3     2,-0.3   0.515 122.5  56.4-134.7 -47.6   11.1    8.4  -22.3               
 1157 1157 A L  E  <  -V 1170   0J   6     -4,-2.5     2,-0.3    13,-0.2    -1,-0.3  -0.718  56.4-164.4-103.7 146.3   14.2    7.5  -24.3               
 1158 1158 A Q  E     -V 1169   0J  29     11,-2.6    11,-2.1    -2,-0.3     2,-0.6  -0.973  12.0-145.0-127.7 143.4   17.9    8.3  -23.8               
 1159 1159 A I  E     -V 1168   0J  33     -2,-0.3     9,-0.2     9,-0.2     2,-0.2  -0.909  21.2-173.2-116.7 102.7   20.8    8.0  -26.4               
 1160 1160 A L  E     +V 1167   0J   0      7,-2.7     7,-1.0    -2,-0.6  -163,-0.0  -0.496  41.6  21.2 -90.1 160.5   24.1    6.9  -24.9               
 1161 1161 A G  S    S-     0   0    2      5,-0.2     2,-0.2    -2,-0.2     5,-0.2  -0.088  73.5 -94.2  78.8-175.7   27.6    6.7  -26.6               
 1162 1162 A M  S >  S+     0   0   15   -170,-0.3     3,-0.5  -167,-0.2  -165,-0.1  -0.683  77.1   9.2-129.7 175.0   29.1    8.2  -29.8               
 1163 1163 A G  T 3  S-     0   0   24      1,-0.2     3,-0.2    -2,-0.2  -170,-0.2  -0.178 122.0 -34.6  56.6-133.5   29.5    7.2  -33.4               
 1164 1164 A S  T 3  S+     0   0   72      1,-0.1     2,-0.4   -43,-0.0   -42,-0.3   0.607 125.0  80.4 -93.5 -21.9   27.6    4.0  -34.5               
 1165 1165 A K    <   +     0   0  110     -3,-0.5     2,-0.3  -173,-0.2  -168,-0.2  -0.003  64.7 148.6 -79.3  28.7   28.0    2.2  -31.1               
 1166 1166 A R        -     0   0   79     -2,-0.4   -45,-2.8    -3,-0.2     2,-0.3  -0.512  35.1-150.8 -70.3 132.6   25.1    4.2  -29.5               
 1167 1167 A L  E     -UV11201160J  14     -7,-1.0    -7,-2.7    -2,-0.3     2,-0.4  -0.779   3.7-144.9-100.8 145.0   23.1    2.5  -26.8               
 1168 1168 A L  E     +UV11191159J   0    -49,-2.8   -49,-2.0    -2,-0.3     2,-0.3  -0.941  27.4 161.1-109.4 131.8   19.4    3.2  -26.2               
 1169 1169 A T  E     - V   01158J   2    -11,-2.1   -11,-2.6    -2,-0.4     2,-0.3  -0.914  42.3 -90.9-140.8 167.4   17.9    3.1  -22.6               
 1170 1170 A L  E     - V   01157J   2    -53,-0.3   -13,-0.2    -2,-0.3     5,-0.1  -0.657  48.2-107.3 -77.2 135.6   14.9    4.4  -20.7               
 1171 1171 A T    >>  -     0   0   20    -15,-2.6     4,-2.0    -2,-0.3     3,-1.8  -0.284  31.0-109.9 -55.6 147.7   15.3    7.8  -19.0               
 1172 1172 A H  H 3> S+     0   0   11      1,-0.3     4,-2.9     2,-0.2     5,-0.3   0.902 120.7  56.2 -48.8 -44.5   15.6    7.7  -15.1               
 1173 1173 A R  H 3> S+     0   0  106      1,-0.2     4,-1.0     2,-0.2    -1,-0.3   0.736 108.6  46.7 -60.6 -29.4   12.1    9.2  -14.8               
 1174 1174 A A  H <> S+     0   0   16     -3,-1.8     4,-1.4   -18,-0.2    -1,-0.2   0.847 112.8  49.5 -79.1 -35.8   10.7    6.3  -16.9               
 1175 1175 A Q  H >X S+     0   0    1     -4,-2.0     4,-2.8     2,-0.2     3,-0.5   0.962 110.5  48.9 -69.0 -48.8   12.6    3.7  -14.8               
 1176 1176 A V  H 3X S+     0   0   16     -4,-2.9     4,-3.1     1,-0.2     5,-0.2   0.930 111.8  51.2 -53.3 -47.0   11.4    5.1  -11.4               
 1177 1177 A K  H 3X S+     0   0  117     -4,-1.0     4,-1.0    -5,-0.3    -1,-0.2   0.789 111.0  47.6 -64.0 -32.5    7.8    5.1  -12.8               
 1178 1178 A R  H XX S+     0   0   24     -4,-1.4     4,-1.9    -3,-0.5     3,-0.7   0.971 113.6  47.5 -66.7 -55.4    8.2    1.4  -13.9               
 1179 1179 A F  H 3X S+     0   0    1     -4,-2.8     4,-3.2     1,-0.3     5,-0.3   0.890 108.1  55.0 -55.0 -45.7    9.7    0.5  -10.5               
 1180 1180 A T  H 3X S+     0   0   26     -4,-3.1     4,-1.9     1,-0.2    -1,-0.3   0.865 110.3  46.9 -55.9 -39.2    6.9    2.4   -8.6               
 1181 1181 A Q  H << S+     0   0  119     -4,-1.0     4,-0.4    -3,-0.7    -1,-0.2   0.868 115.8  43.7 -71.7 -36.7    4.2    0.3  -10.5               
 1182 1182 A D  H >X S+     0   0   21     -4,-1.9     4,-2.6     2,-0.2     3,-1.3   0.946 113.8  50.2 -76.5 -43.7    6.0   -3.0   -9.9               
 1183 1183 A L  H 3X S+     0   0    2     -4,-3.2     4,-2.9     1,-0.3     5,-0.2   0.907 108.7  53.9 -55.0 -44.0    6.7   -2.2   -6.2               
 1184 1184 A L  H 3< S+     0   0   34     -4,-1.9    -1,-0.3    -5,-0.3     4,-0.2   0.636 109.8  47.4 -71.2 -15.0    3.0   -1.3   -5.8               
 1185 1185 A K  H X> S+     0   0  104     -3,-1.3     4,-1.3    -4,-0.4     3,-0.6   0.896 113.2  47.8 -81.1 -49.5    2.1   -4.8   -7.2               
 1186 1186 A L  H >X S+     0   0    0     -4,-2.6     4,-1.5     1,-0.3     3,-1.3   0.946 113.0  47.5 -52.6 -55.9    4.5   -6.6   -4.9               
 1187 1187 A L  H 3< S+     0   0    0     -4,-2.9    -1,-0.3     1,-0.3     6,-0.2   0.723 111.2  52.5 -62.3 -23.8    3.3   -4.6   -1.8               
 1188 1188 A K  H <4 S+     0   0  127     -3,-0.6    -1,-0.3    -5,-0.2    -2,-0.2   0.663 104.6  55.3 -86.0 -17.8   -0.4   -5.4   -2.8               
 1189 1189 A S  H << S+     0   0   70     -4,-1.3     2,-0.4    -3,-1.3    -2,-0.2   0.778  91.7  87.3 -78.1 -28.7    0.4   -9.2   -3.1               
 1190 1190 A Q  S >< S-     0   0   60     -4,-1.5     3,-1.5    -5,-0.2     5,-0.0  -0.563  76.6-143.1 -73.2 125.5    1.7   -9.0    0.6               
 1191 1191 A A  T 3  S+     0   0  106     -2,-0.4    -1,-0.1     1,-0.3    -4,-0.0   0.820 103.3  48.6 -58.9 -32.6   -1.2   -9.6    3.1               
 1192 1192 A S  T 3  S-     0   0   61      2,-0.3    -1,-0.3    -3,-0.0     3,-0.1   0.587 106.5-128.2 -79.0 -14.7    0.4   -7.0    5.5               
 1193 1193 A K  S <  S+     0   0  106     -3,-1.5    54,-2.0     1,-0.2     2,-0.3   0.732  80.4  85.0  59.1  29.9    0.9   -4.4    2.6               
 1194 1194 A Q  E     -W 1246   0K  52     52,-0.2     2,-0.3    -8,-0.1    -2,-0.3  -0.953  58.3-159.5-146.7 159.8    4.6   -4.1    3.7               
 1195 1195 A V  E     -W 1245   0K   6     50,-2.3    50,-2.8    -2,-0.3     2,-0.3  -0.991  23.9-120.1-143.1 140.1    7.9   -5.9    3.0               
 1196 1196 A I  E >>  -W 1244   0K  44     -2,-0.3     3,-1.0    48,-0.2     4,-0.7  -0.622  25.7-126.8 -75.3 137.7   11.2   -6.0    4.9               
 1197 1197 A V  G >4 S+     0   0   43     46,-2.9     3,-0.6    -2,-0.3     4,-0.3   0.850 111.8  54.6 -58.2 -32.3   14.1   -4.7    2.7               
 1198 1198 A R  G 34 S+     0   0  192     45,-0.3     3,-0.3     1,-0.2    -1,-0.3   0.804 111.1  44.4 -67.6 -31.3   16.1   -8.0    3.5               
 1199 1199 A E  G <> S+     0   0   95     -3,-1.0     4,-2.7     1,-0.2     5,-0.2   0.450  86.2 100.9 -88.2  -5.4   13.1  -10.1    2.2               
 1200 1200 A F  H <X S+     0   0    2     -4,-0.7     4,-2.2    -3,-0.6    -1,-0.2   0.855  78.9  49.4 -57.4 -42.6   12.6   -7.8   -0.9               
 1201 1201 A S  H  > S+     0   0   61     -4,-0.3     4,-2.5    -3,-0.3    -1,-0.2   0.920 114.3  45.5 -62.7 -43.8   14.4  -10.1   -3.5               
 1202 1202 A Q  H  > S+     0   0  118     -4,-0.2     4,-2.6     2,-0.2    -2,-0.2   0.919 113.3  49.9 -66.7 -43.1   12.3  -13.2   -2.3               
 1203 1203 A A  H  X S+     0   0    7     -4,-2.7     4,-1.4     2,-0.2    -2,-0.2   0.849 111.4  49.8 -63.9 -34.9    9.1  -11.2   -2.3               
 1204 1204 A Y  H  X S+     0   0    9     -4,-2.2     4,-2.4    -5,-0.2     5,-0.3   0.953 110.4  49.3 -68.1 -47.2    9.9   -9.9   -5.9               
 1205 1205 A H  H  X S+     0   0   79     -4,-2.5     4,-2.3     1,-0.2     5,-0.2   0.928 113.2  47.0 -57.8 -46.7   10.6  -13.6   -7.1               
 1206 1206 A W  H  < S+     0   0  188     -4,-2.6    -1,-0.2     1,-0.2    -2,-0.2   0.823 116.9  44.4 -64.0 -32.2    7.3  -14.8   -5.5               
 1207 1207 A C  H  < S+     0   0   39     -4,-1.4    -2,-0.2    -5,-0.2    -1,-0.2   0.820 130.8  18.3 -80.9 -33.2    5.4  -11.8   -7.1               
 1208 1208 A F  H  < S-     0   0   61     -4,-2.4    -3,-0.2     2,-0.3    -2,-0.2   0.469  90.5-123.3-121.1  -7.1    6.9  -11.9  -10.7               
 1209 1209 A S  S  < S+     0   0  109     -4,-2.3     2,-0.3    -5,-0.3    -4,-0.2   0.875  81.4 103.7  54.0  40.3    8.5  -15.4  -11.2               
 1210 1210 A K  S    S-     0   0   86     -6,-0.3    -2,-0.3    -5,-0.2    -1,-0.2  -0.982  77.3-104.8-147.5 140.2   11.8  -13.5  -11.9               
 1211 1211 A D        -     0   0  123     -2,-0.3     2,-0.7     1,-0.1    -9,-0.1  -0.190  42.2-102.3 -61.3 153.5   15.0  -12.9   -9.9               
 1212 1212 A W        +     0   0   57    -11,-0.1     2,-0.4     2,-0.0    -1,-0.1  -0.771  46.3 163.1 -86.3 115.7   15.6   -9.5   -8.4               
 1213 1213 A D        -     0   0   60     -2,-0.7     3,-0.1     1,-0.1  -167,-0.0  -1.000  22.5-164.7-127.2 129.0   18.1   -7.3  -10.2               
 1214 1214 A V  S > >S+     0   0   19     -2,-0.4     3,-2.2     6,-0.2     5,-0.8   0.776  83.6  72.2 -81.5 -26.9   18.2   -3.5   -9.5               
 1215 1215 A T  G > 5S+     0   0   11      1,-0.3     3,-2.1     2,-0.2    -1,-0.2   0.805  82.2  73.1 -65.4 -25.3   20.3   -2.6  -12.6               
 1216 1216 A E  G 3 5S+     0   0   21      1,-0.3    -1,-0.3    -3,-0.1    -2,-0.1   0.596  99.1  47.8 -57.3 -16.0   17.1   -3.4  -14.7               
 1217 1217 A Y  G < 5S-     0   0    1     -3,-2.2    -1,-0.3     2,-0.3    -2,-0.2   0.177 122.9-104.0-114.9  12.8   15.8   -0.0  -13.3               
 1218 1218 A G  T < 5S+     0   0    3     -3,-2.1     2,-0.3     1,-0.2    -3,-0.2   0.599  87.1  91.6  81.7  15.3   19.0    2.0  -14.0               
 1219 1219 A V      < -     0   0    0     -5,-0.8    -2,-0.3     1,-0.1    -1,-0.2  -0.922  67.5-135.2-134.1 163.3   20.6    2.3  -10.5               
 1220 1220 A C  S    S+     0   0   22   -218,-0.5     2,-0.4    -2,-0.3    -6,-0.2   0.732  87.3  45.9 -90.2 -26.2   23.1    0.3   -8.4               
 1221 1221 A E  S >> S-     0   0   83   -219,-0.2     4,-1.1    -7,-0.1     3,-1.0  -0.955  70.1-136.2-124.0 141.6   21.2    0.2   -5.0               
 1222 1222 A L  H 3> S+     0   0   29     -2,-0.4     4,-1.5     1,-0.2     5,-0.1   0.831 105.8  60.1 -57.2 -33.7   17.6   -0.5   -4.1               
 1223 1223 A I  H 3> S+     0   0   37      2,-0.2     4,-1.8     3,-0.2    -1,-0.2   0.788  98.0  58.2 -71.9 -25.8   17.6    2.5   -1.7               
 1224 1224 A D  H <> S+     0   0    2     -3,-1.0     4,-1.0     2,-0.2     3,-0.4   0.993 111.5  38.3 -65.1 -59.4   18.4    5.0   -4.5               
 1225 1225 A I  H  < S+     0   0    0     -4,-1.1    -2,-0.2     1,-0.2    -1,-0.2   0.758 115.2  55.4 -68.2 -25.2   15.3    4.3   -6.7               
 1226 1226 A V  H >< S+     0   0    3     -4,-1.5     3,-1.5    -5,-0.2    -1,-0.2   0.887 103.4  55.3 -69.4 -38.5   13.2    3.9   -3.5               
 1227 1227 A S  H 3< S+     0   0   75     -4,-1.8    -2,-0.2    -3,-0.4    -1,-0.2   0.705  98.2  62.9 -71.6 -17.6   14.2    7.4   -2.4               
 1228 1228 A E  T 3< S+     0   0   59     -4,-1.0    -1,-0.3    -5,-0.1    -2,-0.2   0.445  87.3  89.4 -80.0  -4.0   13.0    8.9   -5.7               
 1229 1229 A I  S <  S-     0   0    9     -3,-1.5     5,-0.1    -4,-0.1     2,-0.0  -0.864  86.5-114.7 -96.5 126.9    9.4    7.7   -4.8               
 1230 1230 A P    >>  -     0   0   81      0, 0.0     3,-2.7     0, 0.0     4,-1.3  -0.303  18.0-120.7 -61.8 142.4    7.2   10.3   -2.9               
 1231 1231 A D  T 34 S+     0   0  131      1,-0.3    -2,-0.0     2,-0.2    -4,-0.0   0.600 111.0  69.2 -55.7 -16.8    6.2    9.4    0.8               
 1232 1232 A T  T 34 S+     0   0  124      1,-0.1    -1,-0.3    15,-0.1     3,-0.1   0.556 107.9  36.2 -76.7  -9.1    2.5    9.7   -0.4               
 1233 1233 A T  T <4 S+     0   0   42     -3,-2.7     2,-0.3     1,-0.5    -2,-0.2   0.744 131.9   7.9-114.9 -43.4    3.0    6.5   -2.5               
 1234 1234 A I     <  -     0   0    4     -4,-1.3    -1,-0.5    13,-0.2     2,-0.3  -0.920  67.6-145.5-131.4 159.5    5.3    4.3   -0.3               
 1235 1235 A C  E     -X 1246   0K  32     11,-2.6    11,-2.8    -2,-0.3     2,-0.5  -0.963   3.7-147.1-122.7 146.9    6.5    4.7    3.3               
 1236 1236 A L  E     +X 1245   0K  81     -2,-0.3     2,-0.4     9,-0.2     9,-0.2  -0.970  23.2 175.7-108.4 125.3    9.9    3.8    4.8               
 1237 1237 A S  E     -X 1244   0K  48      7,-2.4     7,-2.4    -2,-0.5     2,-0.6  -0.997  28.5-136.4-130.7 130.4    9.7    2.7    8.5               
 1238 1238 A Q  E     +X 1243   0K 121     -2,-0.4     2,-0.4     5,-0.2     5,-0.2  -0.765  33.0 174.3 -79.3 117.3   12.5    1.4   10.7               
 1239 1239 A Q  E >   -X 1242   0K  87      3,-2.8     3,-2.7    -2,-0.6    -2,-0.0  -0.999  65.0 -14.9-126.7 129.2   11.1   -1.6   12.7               
 1240 1240 A D  T 3  S-     0   0  141     -2,-0.4     3,-0.1     1,-0.3    -1,-0.1   0.792 127.4 -55.5  52.6  36.5   13.1   -3.9   15.0               
 1241 1241 A N  T 3  S+     0   0  148      1,-0.2     2,-0.3     0, 0.0    -1,-0.3   0.445 119.8 106.6  65.8  12.6   16.4   -2.4   13.5               
 1242 1242 A E  E <  S- X   01239K  53     -3,-2.7    -3,-2.8    -5,-0.0     2,-0.4  -0.865  73.3-118.4-112.0 145.6   15.3   -3.4    9.9               
 1243 1243 A M  E     - X   01238K  85     -2,-0.3   -46,-2.9    -5,-0.2     2,-0.4  -0.715  30.9-165.1 -78.9 131.0   14.0   -1.1    7.1               
 1244 1244 A V  E     -WX11961237K   4     -7,-2.4    -7,-2.4    -2,-0.4     2,-0.5  -0.967  12.0-147.5-119.6 130.2   10.4   -1.9    6.0               
 1245 1245 A I  E     +WX11951236K   1    -50,-2.8   -50,-2.3    -2,-0.4     2,-0.3  -0.864  29.9 175.0 -93.8 125.7    8.8   -0.6    2.8               
 1246 1246 A C  E     -WX11941235K  14    -11,-2.8   -11,-2.6    -2,-0.5   -52,-0.2  -0.846  37.9-115.0-125.6 159.3    5.0   -0.0    3.3               
 1247 1247 A I        -     0   0   34    -54,-2.0     2,-0.2    -2,-0.3   -13,-0.2  -0.895  54.0 -99.6 -84.6 129.9    2.0    1.4    1.4               
 1248 1248 A P        -     0   0   49      0, 0.0     2,-0.5     0, 0.0    -1,-0.0  -0.261  33.9-144.8 -54.7 112.9    0.8    4.5    3.4               
 1249 1249 A K        -     0   0  132     -2,-0.2     2,-0.6     1,-0.1    -3,-0.0  -0.740  25.3-114.4 -76.6 120.8   -2.1    3.5    5.6               
 1250 1250 A R        -     0   0  173     -2,-0.5     2,-0.1    52,-0.1    -1,-0.1  -0.491  30.0-134.1 -58.7 108.4   -4.5    6.5    5.7               
 1251 1251 A E        -     0   0  179     -2,-0.6     2,-0.5     1,-0.1    -1,-0.1  -0.407  19.1-125.9 -60.3 136.3   -4.4    7.7    9.3               
 1252 1252 A R        -     0   0   78     -2,-0.1    -1,-0.1     1,-0.0    50,-0.1  -0.822  19.7-124.2 -92.1 124.4   -8.0    8.3   10.6               
 1253 1253 A T    >>  -     0   0   70     -2,-0.5     4,-2.1     1,-0.1     3,-0.6  -0.246  26.3-110.1 -57.1 151.1   -8.6   11.7   12.1               
 1254 1254 A Q  H 3> S+     0   0  111      1,-0.3     4,-2.7     2,-0.2     5,-0.2   0.922 123.2  55.7 -51.7 -42.9  -10.0   11.8   15.7               
 1255 1255 A D  H 3> S+     0   0   98      2,-0.2     4,-2.8     1,-0.2    -1,-0.3   0.848 105.2  49.9 -52.5 -45.7  -13.3   13.0   14.1               
 1256 1256 A E  H <> S+     0   0    7     -3,-0.6     4,-1.4     2,-0.2    -1,-0.2   0.876 111.5  49.9 -67.0 -35.1  -13.4    9.9   11.8               
 1257 1257 A I  H  X S+     0   0   53     -4,-2.1     4,-2.2     2,-0.2    -2,-0.2   0.945 114.2  44.0 -65.5 -47.9  -12.8    7.6   14.8               
 1258 1258 A E  H  X S+     0   0  108     -4,-2.7     4,-1.0     2,-0.2    -2,-0.2   0.927 111.5  52.7 -67.8 -41.1  -15.7    9.4   16.8               
 1259 1259 A R  H  X S+     0   0  101     -4,-2.8     4,-2.1     2,-0.2    -1,-0.2   0.844 110.0  50.5 -60.2 -31.3  -18.0    9.4   13.7               
 1260 1260 A T  H  X S+     0   0    5     -4,-1.4     4,-2.3     2,-0.2    -2,-0.2   0.900 105.2  54.6 -75.5 -36.8  -17.3    5.6   13.5               
 1261 1261 A K  H  < S+     0   0  125     -4,-2.2     4,-0.4     2,-0.2    -1,-0.2   0.647 112.5  45.8 -66.1 -17.9  -18.2    5.2   17.3               
 1262 1262 A Q  H  X S+     0   0   84     -4,-1.0     4,-2.2    -5,-0.2    -2,-0.2   0.813 107.0  57.3 -86.0 -38.8  -21.5    6.9   16.3               
 1263 1263 A F  H  X S+     0   0    0     -4,-2.1     4,-2.6     1,-0.2    -2,-0.2   0.874 100.8  57.4 -59.4 -37.3  -21.9    4.6   13.2               
 1264 1264 A S  H  X S+     0   0   19     -4,-2.3     4,-2.2     2,-0.2    -1,-0.2   0.924 108.6  46.6 -59.2 -40.2  -21.7    1.5   15.4               
 1265 1265 A K  H  > S+     0   0  127     -4,-0.4     4,-2.5    -3,-0.2    -2,-0.2   0.913 111.0  51.4 -66.6 -42.1  -24.7    2.9   17.4               
 1266 1266 A D  H  X S+     0   0    8     -4,-2.2     4,-2.6     2,-0.2    -2,-0.2   0.894 110.3  50.1 -58.6 -41.7  -26.5    3.7   14.1               
 1267 1267 A V  H  X S+     0   0    0     -4,-2.6     4,-2.4     2,-0.2    -2,-0.2   0.916 111.1  48.4 -64.0 -43.7  -25.8    0.0   13.0               
 1268 1268 A V  H  X S+     0   0   12     -4,-2.2     4,-2.1     2,-0.2    -2,-0.2   0.912 113.4  46.9 -62.1 -44.9  -27.3   -1.3   16.3               
 1269 1269 A D  H  X S+     0   0   67     -4,-2.5     4,-0.6     2,-0.2    -2,-0.2   0.926 113.6  48.4 -66.9 -41.2  -30.4    0.9   16.0               
 1270 1270 A L  H >< S+     0   0    2     -4,-2.6     3,-0.9     1,-0.2    -2,-0.2   0.928 115.0  44.1 -61.4 -47.7  -30.9   -0.1   12.3               
 1271 1271 A L  H >< S+     0   0    0     -4,-2.4     3,-1.9     1,-0.2     6,-0.3   0.805  99.5  69.9 -75.5 -26.4  -30.5   -3.9   13.0               
 1272 1272 A R  H 3< S+     0   0   87     -4,-2.1    -1,-0.2     1,-0.3    -2,-0.2   0.711 101.5  49.6 -58.0 -22.0  -32.8   -3.7   16.2               
 1273 1273 A H  T << S+     0   0  121     -3,-0.9    -1,-0.3    -4,-0.6    -2,-0.2   0.364  95.9  91.1 -97.2  -0.9  -35.7   -3.2   13.7               
 1274 1274 A Q  S X  S-     0   0   52     -3,-1.9     3,-2.1    -4,-0.1     5,-0.1  -0.783  90.2 -96.8 -95.8 142.4  -34.7   -6.2   11.4               
 1275 1275 A P  G >  S+     0   0   62      0, 0.0     3,-1.1     0, 0.0    -2,-0.1  -0.309 109.9   0.7 -54.2 129.5  -36.1   -9.7   11.8               
 1276 1276 A H  G 3  S-     0   0   19      1,-0.2     3,-0.1    -4,-0.1    -4,-0.1   0.673 116.9 -86.0  59.7  20.8  -33.6  -11.8   13.9               
 1277 1277 A F  G <  S+     0   0    1     -3,-2.1    53,-1.5    -6,-0.3     2,-0.3   0.706 102.5 104.5  56.8  26.2  -31.2   -8.8   14.2               
 1278 1278 A R  E <   -Y 1329   0L  76     -3,-1.1    51,-0.2    51,-0.2    -1,-0.2  -0.949  43.7-179.7-134.1 152.8  -29.6   -9.6   10.7               
 1279 1279 A M  E     -Y 1328   0L   4     49,-2.3    49,-3.0    -2,-0.3     5,-0.1  -0.993  37.7 -94.9-148.5 149.2  -29.7   -8.3    7.1               
 1280 1280 A P  E >>  -Y 1327   0L  42      0, 0.0     3,-1.6     0, 0.0     4,-0.5  -0.387  37.7-122.3 -57.6 138.8  -28.2   -9.2    3.7               
 1281 1281 A F  G >4 S+     0   0   56     45,-2.9     3,-1.3     1,-0.3     4,-0.5   0.870 111.9  56.5 -53.7 -41.6  -25.0   -7.0    3.0               
 1282 1282 A N  G 34 S+     0   0  113     44,-0.3    -1,-0.3     1,-0.2     3,-0.1   0.721 103.4  55.6 -65.6 -21.0  -26.5   -5.6   -0.2               
 1283 1283 A K  G <> S+     0   0  124     -3,-1.6     4,-2.1     1,-0.1    -1,-0.2   0.570  85.7  85.4 -87.9  -9.0  -29.6   -4.3    1.8               
 1284 1284 A F  H <X S+     0   0    0     -3,-1.3     4,-3.0    -4,-0.5     5,-0.3   0.955  89.1  43.8 -60.3 -57.1  -27.6   -2.3    4.3               
 1285 1285 A I  H  > S+     0   0   76     -4,-0.5     4,-2.3     1,-0.2    11,-0.2   0.914 115.9  47.4 -61.7 -45.9  -27.1    1.0    2.3               
 1286 1286 A P  H  > S+     0   0   82      0, 0.0     4,-2.0     0, 0.0    -1,-0.2   0.913 116.4  45.3 -56.1 -42.8  -30.8    1.1    1.1               
 1287 1287 A S  H  X S+     0   0   26     -4,-2.1     4,-2.7     2,-0.2     5,-0.2   0.913 111.5  50.5 -72.5 -41.4  -32.0    0.4    4.7               
 1288 1288 A Y  H  X S+     0   0    0     -4,-3.0     4,-2.4     2,-0.2     6,-0.5   0.911 112.7  48.3 -59.5 -43.3  -29.6    3.0    6.4               
 1289 1289 A H  H  X S+     0   0   94     -4,-2.3     4,-1.0    -5,-0.3    -2,-0.2   0.902 114.9  44.9 -64.5 -41.6  -30.9    5.6    3.9               
 1290 1290 A H  H  < S+     0   0  172     -4,-2.0    -2,-0.2    -5,-0.2    -1,-0.2   0.890 118.3  42.7 -67.8 -41.2  -34.6    4.7    4.6               
 1291 1291 A H  H  < S+     0   0   69     -4,-2.7    -2,-0.2     1,-0.2    -3,-0.2   0.917 127.1  26.6 -76.9 -44.2  -34.1    4.6    8.4               
 1292 1292 A F  H  < S-     0   0   44     -4,-2.4    -1,-0.2     2,-0.2    -3,-0.2   0.433  93.9-128.7-100.8  -4.6  -31.9    7.7    9.1               
 1293 1293 A G  S  < S+     0   0   66     -4,-1.0     2,-0.3    -5,-0.3    -4,-0.2   0.643  77.8 101.3  63.7  14.7  -33.0    9.9    6.0               
 1294 1294 A R  S    S-     0   0  109     -6,-0.5     2,-0.3    -5,-0.1    -2,-0.2  -0.977  77.0-112.1-131.6 142.9  -29.2   10.3    5.2               
 1295 1295 A Q        -     0   0  130     -2,-0.3     2,-1.0    -3,-0.1   -10,-0.0  -0.575  29.8-122.3 -72.7 131.5  -26.8    8.6    2.7               
 1296 1296 A C        -     0   0   14     -2,-0.3     2,-0.7   -11,-0.2    -1,-0.1  -0.633  32.2-171.9 -72.1 100.7  -24.1    6.4    4.2               
 1297 1297 A K    >   -     0   0   94     -2,-1.0     3,-2.1     1,-0.2     4,-0.3  -0.870  13.1-158.7-101.5 104.8  -20.9    8.0    2.8               
 1298 1298 A L  G > >S+     0   0   35     -2,-0.7     3,-2.0     1,-0.3     5,-1.7   0.818  87.3  65.6 -50.3 -39.4  -17.9    5.8    3.7               
 1299 1299 A A  G > 5S+     0   0   73      1,-0.3     3,-0.6     3,-0.2    -1,-0.3   0.701  89.0  66.0 -62.5 -21.7  -15.4    8.7    3.4               
 1300 1300 A Y  G < 5S+     0   0  126     -3,-2.1    -1,-0.3     1,-0.2    -2,-0.2   0.681 107.1  42.7 -71.6 -15.7  -17.0   10.5    6.4               
 1301 1301 A Y  G < 5S-     0   0   20     -3,-2.0    -1,-0.2    -4,-0.3    -2,-0.2   0.390 124.3-102.3-106.0  -3.7  -15.7    7.5    8.6               
 1302 1302 A G  T < 5S+     0   0   14     -3,-0.6     2,-0.2    -4,-0.4    -3,-0.2   0.478  83.7 116.6  92.4   9.2  -12.2    7.3    6.9               
 1303 1303 A F      < -     0   0   28     -5,-1.7    -1,-0.3    -6,-0.1    -2,-0.2  -0.706  49.5-165.6-113.9 158.7  -13.0    4.2    4.7               
 1304 1304 A T  S    S+     0   0  114     -2,-0.2     2,-0.3     1,-0.2    -5,-0.1   0.709  80.4  46.7-110.1 -29.7  -13.3    3.4    0.9               
 1305 1305 A K  S  > S-     0   0  119     -7,-0.1     4,-1.2     1,-0.1    -1,-0.2  -0.869  73.6-134.2-112.1 149.5  -15.2   -0.0    1.2               
 1306 1306 A L  H  > S+     0   0   17     -2,-0.3     4,-1.3     2,-0.2     5,-0.1   0.847 107.6  56.6 -67.0 -33.4  -18.2   -0.9    3.3               
 1307 1307 A L  H >> S+     0   0   44      2,-0.2     4,-2.8     1,-0.2     3,-0.6   0.948 103.4  53.0 -64.6 -44.6  -16.6   -4.1    4.5               
 1308 1308 A E  H 3> S+     0   0   45      1,-0.3     4,-0.7     2,-0.2    -1,-0.2   0.814 108.1  52.2 -58.9 -34.1  -13.5   -2.2    5.8               
 1309 1309 A L  H 3< S+     0   0    0     -4,-1.2    -1,-0.3     2,-0.2    -2,-0.2   0.806 111.6  45.4 -73.4 -30.7  -15.9   -0.0    7.8               
 1310 1310 A F  H X< S+     0   0    2     -4,-1.3     3,-2.1    -3,-0.6     7,-0.3   0.890 106.8  57.8 -77.8 -39.0  -17.6   -3.2    9.4               
 1311 1311 A E  H 3< S+     0   0  126     -4,-2.8    -2,-0.2     1,-0.3    -1,-0.2   0.732 101.2  60.6 -58.0 -22.7  -14.2   -4.8   10.1               
 1312 1312 A A  T 3< S+     0   0   39     -4,-0.7    -1,-0.3    -5,-0.2    -2,-0.2   0.401 106.3  44.8 -86.2  -0.6  -13.6   -1.6   12.2               
 1313 1313 A I    X>  +     0   0    7     -3,-2.1     4,-2.4     4,-0.1     3,-1.6  -0.297  63.8 144.5-133.1  49.2  -16.6   -2.3   14.5               
 1314 1314 A P  T 34 S+     0   0   89      0, 0.0    -2,-0.1     0, 0.0    -3,-0.1   0.640  70.3  62.7 -72.1 -14.0  -16.2   -6.1   15.3               
 1315 1315 A D  T 34 S+     0   0  116      1,-0.1    19,-0.3    -3,-0.1    18,-0.1   0.717 117.3  29.8 -69.9 -24.7  -17.5   -5.6   18.9               
 1316 1316 A T  T <4 S+     0   0    9     -3,-1.6    15,-1.7     1,-0.3     2,-0.4   0.799 123.6  31.9-106.0 -44.4  -20.8   -4.5   17.4               
 1317 1317 A L  E  <  -Z 1330   0L   5     -4,-2.4     2,-0.4    -7,-0.3    -1,-0.3  -0.973  53.7-161.3-133.7 137.4  -21.2   -6.3   14.0               
 1318 1318 A Q  E     -Z 1329   0L  87     11,-3.1    11,-2.5    -2,-0.4     2,-0.6  -0.912  13.0-146.2-112.1 143.1  -20.3   -9.7   12.5               
 1319 1319 A V  E     -Z 1328   0L  45     -2,-0.4     2,-0.4     9,-0.2     9,-0.2  -0.951  16.4-162.6-108.2 110.8  -20.2  -10.5    8.8               
 1320 1320 A L  E     -Z 1327   0L  84      7,-3.0     7,-2.9    -2,-0.6     2,-0.5  -0.820   7.9-145.5 -93.1 134.4  -21.2  -14.1    8.1               
 1321 1321 A E  E     +Z 1326   0L 127     -2,-0.4     2,-0.3     5,-0.2     5,-0.2  -0.873  18.7 177.0-103.1 127.7  -20.3  -15.6    4.7               
 1322 1322 A C  E >   -Z 1325   0L  79      3,-2.8     3,-1.3    -2,-0.5     2,-0.4  -0.717  66.1 -65.8-132.3  76.0  -22.8  -18.1    3.2               
 1323 1323 A G  T 3  S-     0   0   76     -2,-0.3    -1,-0.2     1,-0.2     0, 0.0  -0.632 116.8 -16.2  68.6-126.5  -21.4  -19.1   -0.2               
 1324 1324 A E  T 3  S+     0   0  203     -2,-0.4     2,-0.4    -3,-0.1    -1,-0.2   0.677 123.7  87.4 -80.5 -18.7  -21.5  -15.9   -2.4               
 1325 1325 A E  E <   - Z   01322L 117     -3,-1.3    -3,-2.8   -44,-0.0     2,-0.5  -0.680  63.3-154.3 -86.1 133.8  -24.0  -14.1    0.0               
 1326 1326 A K  E     - Z   01321L  69     -2,-0.4   -45,-2.9    -5,-0.2     2,-0.5  -0.906   9.1-160.8-102.2 132.0  -22.7  -12.0    3.0               
 1327 1327 A I  E     -YZ12801320L  43     -7,-2.9    -7,-3.0    -2,-0.5     2,-0.4  -0.944   8.4-144.2-114.6 127.1  -25.1  -11.6    6.0               
 1328 1328 A L  E     +YZ12791319L   0    -49,-3.0   -49,-2.3    -2,-0.5     2,-0.3  -0.781  26.7 170.7 -86.1 132.7  -24.7   -8.8    8.6               
 1329 1329 A T  E     -YZ12781318L  11    -11,-2.5   -11,-3.1    -2,-0.4   -51,-0.2  -0.991  35.6-108.3-137.6 147.4  -25.6   -9.8   12.2               
 1330 1330 A L  E     - Z   01317L   0    -53,-1.5   -13,-0.3    -2,-0.3   -14,-0.1  -0.444  46.7 -98.6 -61.9 147.2  -25.2   -8.1   15.6               
 1331 1331 A T     >  -     0   0   11    -15,-1.7     4,-3.1    -2,-0.1     5,-0.2  -0.270  39.7-101.0 -57.2 154.7  -22.6   -9.7   17.9               
 1332 1332 A E  H  > S+     0   0   87      1,-0.2     4,-2.4     2,-0.2     5,-0.2   0.880 123.9  53.3 -50.0 -40.4  -24.0  -12.1   20.6               
 1333 1333 A V  H  > S+     0   0   92      2,-0.2     4,-2.1     1,-0.2    -1,-0.2   0.933 114.8  37.4 -63.0 -50.8  -23.7   -9.3   23.2               
 1334 1334 A E  H  > S+     0   0   30    -19,-0.3     4,-2.6     2,-0.2    -2,-0.2   0.860 113.7  59.0 -71.9 -30.0  -25.7   -6.6   21.2               
 1335 1335 A R  H  X S+     0   0   38     -4,-3.1     4,-1.9     2,-0.2    -2,-0.2   0.890 109.8  43.0 -62.2 -40.9  -28.1   -9.4   20.0               
 1336 1336 A F  H  X S+     0   0   28     -4,-2.4     4,-3.0    -5,-0.2    -2,-0.2   0.900 113.0  51.1 -74.1 -38.9  -28.9  -10.2   23.7               
 1337 1337 A K  H  X S+     0   0  104     -4,-2.1     4,-2.1     2,-0.2    -2,-0.2   0.898 112.1  48.4 -61.7 -39.6  -29.2   -6.4   24.6               
 1338 1338 A A  H  X S+     0   0    1     -4,-2.6     4,-1.8     2,-0.2    -2,-0.2   0.923 113.0  47.2 -64.0 -44.2  -31.6   -6.0   21.6               
 1339 1339 A L  H  X S+     0   0    0     -4,-1.9     4,-2.7     2,-0.2    -2,-0.2   0.922 109.3  54.1 -63.5 -44.1  -33.6   -9.1   22.7               
 1340 1340 A A  H  X S+     0   0   10     -4,-3.0     4,-2.6     1,-0.2    -2,-0.2   0.929 108.3  49.5 -55.2 -47.1  -33.7   -7.7   26.3               
 1341 1341 A A  H  X S+     0   0   53     -4,-2.1     4,-2.0     1,-0.2    -1,-0.2   0.881 111.3  49.5 -61.9 -37.8  -35.2   -4.4   25.0               
 1342 1342 A Q  H  X S+     0   0   18     -4,-1.8     4,-2.6     2,-0.2    -2,-0.2   0.905 110.5  50.1 -67.3 -39.1  -37.8   -6.4   23.0               
 1343 1343 A F  H  X S+     0   0    1     -4,-2.7     4,-2.8     2,-0.2     5,-0.3   0.909 109.9  50.5 -66.5 -40.1  -38.7   -8.5   26.2               
 1344 1344 A V  H  X S+     0   0   35     -4,-2.6     4,-2.0     2,-0.2    -2,-0.2   0.913 113.5  46.2 -60.2 -43.4  -39.1   -5.2   28.2               
 1345 1345 A K  H  < S+     0   0  131     -4,-2.0     4,-0.5    -5,-0.2    -2,-0.2   0.903 114.5  48.1 -65.4 -42.1  -41.4   -3.8   25.4               
 1346 1346 A L  H >X S+     0   0    0     -4,-2.6     3,-1.6     2,-0.2     4,-0.7   0.971 113.7  44.2 -62.7 -56.3  -43.4   -7.1   25.2               
 1347 1347 A L  H >< S+     0   0    1     -4,-2.8     3,-1.2     1,-0.3     6,-0.3   0.886 109.7  56.5 -63.1 -37.9  -43.9   -7.5   29.0               
 1348 1348 A R  T 3< S+     0   0  169     -4,-2.0    -1,-0.3    -5,-0.3    -2,-0.2   0.611 105.1  54.0 -66.0 -15.4  -44.9   -3.8   29.4               
 1349 1349 A S  T <4 S+     0   0   73     -3,-1.6    -1,-0.2    -4,-0.5    -2,-0.2   0.560  99.3  78.3 -91.4 -12.5  -47.6   -4.4   26.7               
 1350 1350 A Q  S X< S-     0   0   45     -3,-1.2     3,-1.2    -4,-0.7     5,-0.1  -0.575  96.6 -89.3 -90.5 156.8  -49.1   -7.3   28.8               
 1351 1351 A K  G >  S+     0   0  161      1,-0.2     3,-2.0    -2,-0.2    -1,-0.1  -0.315 109.3   4.8 -61.1 144.8  -51.3   -6.9   31.9               
 1352 1352 A D  G 3  S-     0   0  103      1,-0.3    -1,-0.2    -4,-0.1     3,-0.1   0.533 119.8 -82.1  57.7  14.8  -49.5   -6.7   35.3               
 1353 1353 A N  G <  S+     0   0   71     -3,-1.2    53,-2.2    -6,-0.3    -1,-0.3   0.758 103.8 107.8  58.4  31.5  -46.1   -6.7   33.4               
 1354 1354 A C  E <   -A 1405   0M  19     -3,-2.0     2,-0.3    51,-0.2    -1,-0.2  -0.860  45.0-173.7-135.5 163.6  -46.3  -10.5   33.1               
 1355 1355 A L  E     -A 1404   0M  11     49,-2.1    49,-3.3    -2,-0.3     2,-0.1  -0.975  33.1-102.6-155.4 143.4  -46.8  -13.4   30.6               
 1356 1356 A M  E >>  -A 1403   0M  37     -2,-0.3     4,-1.1    47,-0.2     3,-0.7  -0.434  29.5-124.1 -69.4 144.3  -47.2  -17.2   30.7               
 1357 1357 A M  T 34 S+     0   0   25     45,-2.9     4,-0.3     1,-0.2    -1,-0.1   0.799 111.9  53.5 -58.6 -31.3  -44.1  -19.2   29.7               
 1358 1358 A T  T 34 S+     0   0  106     44,-0.3     3,-0.4     1,-0.2     4,-0.3   0.841 108.5  47.9 -65.4 -38.0  -46.3  -21.1   27.0               
 1359 1359 A D  T <> S+     0   0   70     -3,-0.7     4,-2.9     1,-0.2     3,-0.4   0.610  83.3  92.6 -92.4 -14.1  -47.6  -17.8   25.4               
 1360 1360 A L  H  X S+     0   0    3     -4,-1.1     4,-2.3     1,-0.2    -1,-0.2   0.827  87.7  47.3 -50.2 -45.5  -44.2  -16.0   25.0               
 1361 1361 A L  H  > S+     0   0   64     -3,-0.4     4,-1.9    -4,-0.3    11,-0.4   0.882 116.0  45.6 -68.0 -37.3  -43.6  -17.3   21.4               
 1362 1362 A T  H  > S+     0   0   96     -3,-0.4     4,-2.3    -4,-0.3    -2,-0.2   0.949 116.3  42.9 -71.1 -51.8  -47.2  -16.4   20.3               
 1363 1363 A E  H  X S+     0   0   30     -4,-2.9     4,-2.6     2,-0.2     5,-0.2   0.895 113.6  53.1 -67.9 -36.1  -47.3  -12.9   21.9               
 1364 1364 A Y  H  X S+     0   0    2     -4,-2.3     4,-2.4    -5,-0.3     6,-0.3   0.955 111.0  46.5 -59.8 -47.7  -43.8  -12.2   20.6               
 1365 1365 A A  H  X S+     0   0   31     -4,-1.9     4,-1.7     1,-0.2    -2,-0.2   0.894 115.3  47.2 -62.4 -37.8  -44.8  -13.1   17.1               
 1366 1366 A K  H  < S+     0   0  145     -4,-2.3    -1,-0.2     2,-0.2    -2,-0.2   0.850 116.5  43.3 -68.0 -38.8  -48.0  -11.0   17.5               
 1367 1367 A T  H  < S+     0   0   49     -4,-2.6    -2,-0.2    -5,-0.1    -1,-0.2   0.784 128.0  26.8 -80.1 -31.2  -46.1   -8.0   18.9               
 1368 1368 A F  H  < S-     0   0   41     -4,-2.4    -3,-0.2    -5,-0.2    -2,-0.2   0.528  98.1-123.7-114.1  -9.9  -43.1   -8.0   16.4               
 1369 1369 A G  S  < S+     0   0   70     -4,-1.7     2,-0.3    -5,-0.3    -4,-0.1   0.514  81.3  79.8  79.5   6.8  -44.6   -9.7   13.3               
 1370 1370 A Y  S    S-     0   0   38     -6,-0.3    -2,-0.2    -5,-0.1     2,-0.2  -0.997  84.5 -98.1-144.7 149.2  -42.0  -12.5   13.1               
 1371 1371 A T        -     0   0   93     -2,-0.3     2,-0.3     1,-0.1    -9,-0.1  -0.429  35.6-120.5 -66.9 131.6  -41.5  -15.9   14.8               
 1372 1372 A F        -     0   0   21    -11,-0.4     2,-0.6    -2,-0.2    -1,-0.1  -0.548  24.6-155.6 -69.5 127.4  -39.0  -16.1   17.7               
 1373 1373 A R    >   -     0   0  112     -2,-0.3     3,-1.7     1,-0.1     4,-0.1  -0.884  11.6-167.5-111.4 102.8  -36.2  -18.7   16.9               
 1374 1374 A L  G > >S+     0   0   33     -2,-0.6     3,-1.8     1,-0.3     5,-1.0   0.845  87.5  65.8 -53.1 -36.6  -34.5  -20.1   20.1               
 1375 1375 A Q  G > 5S+     0   0  165      1,-0.3     3,-1.0     2,-0.2    -1,-0.3   0.748  87.6  66.8 -60.0 -27.4  -31.8  -21.5   17.8               
 1376 1376 A D  G < 5S+     0   0   26     -3,-1.7    -1,-0.3     1,-0.2    -2,-0.2   0.468 106.1  43.8 -72.2  -1.4  -30.6  -18.0   16.8               
 1377 1377 A Y  G < 5S-     0   0    3     -3,-1.8    -1,-0.2     2,-0.2    -2,-0.2   0.210 116.4-105.8-127.2   8.4  -29.5  -17.6   20.5               
 1378 1378 A D  T < 5S+     0   0  118     -3,-1.0     2,-0.3     1,-0.2    -3,-0.2   0.937  82.0 124.6  59.2  48.8  -27.7  -20.9   21.2               
 1379 1379 A V      < -     0   0   17     -5,-1.0    -1,-0.2     1,-0.1    -2,-0.2  -0.998  47.9-167.4-139.3 140.0  -30.7  -22.1   23.4               
 1380 1380 A S  S    S+     0   0  115     -2,-0.3     2,-0.3     1,-0.2    -5,-0.1   0.655  74.8  30.8-100.0 -21.6  -33.0  -25.2   23.2               
 1381 1381 A S  S  > S-     0   0   50     -7,-0.1     4,-1.6     1,-0.1     3,-0.2  -0.967  73.6-119.0-141.7 154.6  -35.9  -24.1   25.6               
 1382 1382 A I  H  > S+     0   0   28     -2,-0.3     4,-2.6     1,-0.2     5,-0.2   0.887 113.8  60.6 -62.0 -34.1  -37.6  -20.9   26.8               
 1383 1383 A S  H  > S+     0   0   47      1,-0.2     4,-1.7     2,-0.2    -1,-0.2   0.922 105.0  46.9 -58.4 -45.1  -36.4  -21.7   30.4               
 1384 1384 A A  H  > S+     0   0   28     -3,-0.2     4,-1.8     2,-0.2    -1,-0.2   0.812 110.6  53.6 -70.5 -26.2  -32.7  -21.5   29.3               
 1385 1385 A L  H  X S+     0   0    1     -4,-1.6     4,-1.0     2,-0.2    -2,-0.2   0.931 106.3  51.4 -68.6 -44.3  -33.6  -18.2   27.5               
 1386 1386 A T  H  < S+     0   0    7     -4,-2.6     7,-0.3     2,-0.2    -2,-0.2   0.841 107.0  55.0 -64.1 -28.6  -35.0  -16.8   30.7               
 1387 1387 A Q  H >< S+     0   0  135     -4,-1.7     3,-1.4     1,-0.2    -1,-0.2   0.944 107.3  48.0 -66.3 -45.6  -31.7  -17.8   32.5               
 1388 1388 A K  H 3< S+     0   0   73     -4,-1.8    -1,-0.2     1,-0.2    -2,-0.2   0.675 117.3  45.6 -64.2 -16.4  -29.7  -15.8   29.8               
 1389 1389 A L  T >X S+     0   0    0     -4,-1.0     3,-2.5    -3,-0.2     4,-2.3   0.091  71.2 126.3-113.5  21.1  -32.2  -12.9   30.6               
 1390 1390 A C  T <4 S+     0   0   43     -3,-1.4    65,-0.2     1,-0.3    -1,-0.1   0.624  70.6  60.0 -59.1 -16.8  -32.2  -13.1   34.4               
 1391 1391 A H  T 34 S+     0   0   41     -3,-0.2    -1,-0.3    64,-0.2     3,-0.1   0.337 117.1  31.5 -88.6   0.5  -31.4   -9.3   34.6               
 1392 1392 A V  T <4 S+     0   0   11     -3,-2.5    15,-2.3     1,-0.3     2,-0.4   0.634 121.5  38.4-119.7 -45.3  -34.7   -8.5   32.8               
 1393 1393 A V  E  <  -B 1406   0M   5     -4,-2.3     2,-0.4    -7,-0.3    -1,-0.3  -0.944  56.3-155.7-124.6 136.1  -37.1  -11.2   33.8               
 1394 1394 A K  E     -B 1405   0M 131     11,-2.8    11,-3.0    -2,-0.4     2,-0.4  -0.882  19.7-139.6 -96.7 136.3  -38.0  -13.1   37.0               
 1395 1395 A V  E     -B 1404   0M  51     -2,-0.4     2,-0.4     9,-0.2     9,-0.2  -0.854  20.3-170.0 -90.9 134.2  -39.7  -16.5   36.6               
 1396 1396 A A  E     -B 1403   0M  28      7,-2.7     7,-3.0    -2,-0.4     2,-0.5  -0.997  18.6-136.7-122.7 130.1  -42.5  -17.2   39.1               
 1397 1397 A D  E     +B 1402   0M 114     -2,-0.4     2,-0.3     5,-0.2     5,-0.2  -0.768  31.2 176.7 -79.7 126.5  -44.2  -20.6   39.6               
 1398 1398 A I  E >   -B 1401   0M  74      3,-1.6     3,-2.5    -2,-0.5    -2,-0.0  -0.884  47.0-103.1-124.3 159.0  -48.0  -20.0   39.9               
 1399 1399 A E  T 3  S+     0   0  211     -2,-0.3     3,-0.1     1,-0.3    -1,-0.0   0.811 125.3  53.9 -51.9 -31.2  -50.8  -22.7   40.3               
 1400 1400 A S  T 3  S-     0   0   89      1,-0.3    -1,-0.3    -3,-0.0     2,-0.2   0.350 125.6 -94.2 -83.9   3.0  -51.6  -22.1   36.6               
 1401 1401 A G  E <   - B   01398M  32     -3,-2.5    -3,-1.6   -45,-0.0     2,-0.4  -0.654  69.7 -15.4 112.4-169.3  -47.9  -22.8   35.6               
 1402 1402 A R  E     - B   01397M 128     -2,-0.2   -45,-2.9    -5,-0.2     2,-0.3  -0.587  57.0-166.0 -77.2 126.5  -44.7  -20.7   35.0               
 1403 1403 A Q  E     -AB13561396M  35     -7,-3.0    -7,-2.7    -2,-0.4     2,-0.5  -0.852  14.4-141.3-109.7 141.6  -45.1  -17.0   34.6               
 1404 1404 A I  E     -AB13551395M   0    -49,-3.3   -49,-2.1    -2,-0.3     2,-0.4  -0.919  25.9-172.9 -98.7 123.3  -42.4  -14.5   33.2               
 1405 1405 A Q  E     -AB13541394M  80    -11,-3.0   -11,-2.8    -2,-0.5     2,-0.3  -0.937  26.8-113.1-121.9 141.1  -42.5  -11.2   35.1               
 1406 1406 A L  E     - B   01393M  29    -53,-2.2   -13,-0.2    -2,-0.4     2,-0.2  -0.539  43.2-104.0 -69.8 134.1  -40.6   -7.9   34.4               
 1407 1407 A I        -     0   0   28    -15,-2.3     2,-1.2    -2,-0.3    -1,-0.1  -0.375  29.5-132.9 -68.5 125.7  -38.0   -7.1   37.2               
 1408 1408 A N    >   -     0   0  101     -2,-0.2     3,-1.3     1,-0.1     4,-0.1  -0.608  17.8-170.1 -87.9  92.6  -39.3   -4.3   39.5               
 1409 1409 A R  G >   +     0   0  142     -2,-1.2     3,-1.0     1,-0.2     4,-0.3   0.406  65.3  97.0 -63.6   2.2  -36.5   -1.7   40.0               
 1410 1410 A K  G >  S+     0   0  175      1,-0.2     3,-1.0     2,-0.2     4,-0.4   0.855  76.7  63.0 -59.6 -32.2  -38.4    0.1   42.9               
 1411 1411 A S  G X> S+     0   0   48     -3,-1.3     4,-2.0     1,-0.2     3,-1.1   0.760  81.8  80.0 -61.9 -27.5  -36.3   -2.0   45.4               
 1412 1412 A L  H <> S+     0   0   33     -3,-1.0     4,-2.3     1,-0.3    -1,-0.2   0.769  86.2  58.6 -58.4 -28.5  -33.0   -0.3   44.1               
 1413 1413 A R  H <> S+     0   0  217     -3,-1.0     4,-1.2    -4,-0.3    -1,-0.3   0.875 107.7  45.9 -67.9 -37.6  -33.7    2.8   46.3               
 1414 1414 A S  H <> S+     0   0   74     -3,-1.1     4,-2.2    -4,-0.4     3,-0.4   0.955 112.7  50.0 -69.2 -46.6  -33.8    0.6   49.5               
 1415 1415 A L  H  X S+     0   0    1     -4,-2.0     4,-3.0     1,-0.2     5,-0.3   0.895 106.5  56.0 -57.7 -43.2  -30.6   -1.2   48.4               
 1416 1416 A T  H  X S+     0   0    7     -4,-2.3     4,-1.9     1,-0.2    -1,-0.2   0.883 109.4  46.7 -56.4 -39.9  -28.8    2.1   47.8               
 1417 1417 A A  H  X S+     0   0   42     -4,-1.2     4,-2.4    -3,-0.4    -2,-0.2   0.899 112.4  49.2 -71.7 -39.4  -29.6    3.2   51.4               
 1418 1418 A Q  H  X S+     0   0   54     -4,-2.2     4,-2.6     2,-0.2    -2,-0.2   0.964 113.2  46.8 -60.9 -50.8  -28.4   -0.2   52.8               
 1419 1419 A L  H  X S+     0   0    1     -4,-3.0     4,-2.6     1,-0.2     5,-0.2   0.859 111.8  52.6 -60.3 -37.7  -25.2    0.0   50.8               
 1420 1420 A L  H  X S+     0   0    2     -4,-1.9     4,-2.0    -5,-0.3    -1,-0.2   0.945 111.7  44.1 -61.3 -51.7  -24.7    3.7   52.0               
 1421 1421 A V  H  X S+     0   0   25     -4,-2.4     4,-1.1     2,-0.2    -2,-0.2   0.926 116.7  47.6 -60.0 -45.5  -25.2    2.8   55.7               
 1422 1422 A L  H >X S+     0   0    1     -4,-2.6     4,-0.9     2,-0.2     3,-0.8   0.951 112.9  45.8 -64.0 -52.0  -22.8   -0.3   55.4               
 1423 1423 A L  H 3< S+     0   0   11     -4,-2.6     3,-0.3     1,-0.3    -1,-0.2   0.828 114.2  50.3 -63.6 -31.9  -20.0    1.6   53.4               
 1424 1424 A M  H 3< S+     0   0    5     -4,-2.0    -1,-0.3    -5,-0.2    -2,-0.2   0.700 110.5  50.2 -76.4 -21.1  -20.2    4.5   56.0               
 1425 1425 A S  H << S+     0   0   23     -4,-1.1     2,-0.5    -3,-0.8    -2,-0.2   0.470  80.1 115.5 -94.5  -4.4  -20.0    2.0   58.9               
 1426 1426 A W     <  -     0   0   62     -4,-0.9    -3,-0.0    -3,-0.3    -4,-0.0  -0.538  44.1-172.9 -64.4 113.8  -16.9    0.2   57.5               
 1427 1427 A E        +     0   0  163     -2,-0.5    -1,-0.2     3,-0.0     3,-0.1   0.492  60.1  76.7 -88.3  -4.3  -14.1    0.9   60.0               
 1428 1428 A G  S    S-     0   0   49      1,-0.2     4,-0.1     2,-0.0    -2,-0.0   0.310  90.0 -13.5 -84.4-149.7  -11.4   -0.7   57.8               
 1429 1429 A T        -     0   0   85      1,-0.1    -1,-0.2     2,-0.1    -3,-0.0   0.009  64.7-107.5 -52.8 155.6   -9.5    0.4   54.6               
 1430 1430 A T  S    S+     0   0  121     -3,-0.1    54,-0.4    53,-0.1     2,-0.3   0.589 107.0  35.0 -60.9 -13.4  -10.4    3.4   52.4               
 1431 1431 A H  S    S-     0   0   68     52,-0.1     2,-0.3    50,-0.0    52,-0.2  -0.942  70.3-154.6-139.9 158.6  -11.6    0.9   49.8               
 1432 1432 A L  E     -C 1482   0N   3     50,-2.6    50,-3.2    -2,-0.3     2,-0.1  -0.966  25.6-112.2-131.6 141.5  -13.2   -2.6   49.9               
 1433 1433 A S  E  >  -C 1481   0N  23     -2,-0.3     4,-2.5    48,-0.2    48,-0.3  -0.446  30.2-115.3 -70.0 155.1  -13.1   -5.4   47.3               
 1434 1434 A V  H  > S+     0   0   18     46,-2.3     4,-1.6     1,-0.2    -1,-0.1   0.856 118.5  49.6 -59.1 -32.0  -16.4   -6.2   45.5               
 1435 1435 A E  H  > S+     0   0   94     45,-0.3     4,-2.0     2,-0.2    -1,-0.2   0.775 108.5  51.3 -82.9 -26.2  -16.4   -9.7   47.1               
 1436 1436 A E  H  > S+     0   0   74     -3,-0.2     4,-2.7     2,-0.2     5,-0.2   0.916 108.9  52.2 -70.2 -40.5  -15.8   -8.3   50.7               
 1437 1437 A L  H  X S+     0   0    0     -4,-2.5     4,-2.5     2,-0.2    -2,-0.2   0.923 110.5  48.6 -56.8 -46.7  -18.8   -5.9   50.1               
 1438 1438 A K  H  X S+     0   0   70     -4,-1.6     4,-2.4     2,-0.2    11,-0.3   0.949 113.8  45.0 -59.4 -51.5  -20.9   -8.9   49.1               
 1439 1439 A R  H  X S+     0   0  143     -4,-2.0     4,-2.5     1,-0.2    -2,-0.2   0.872 114.4  49.1 -60.8 -40.8  -19.9  -10.9   52.2               
 1440 1440 A H  H  X S+     0   0   49     -4,-2.7     4,-0.7     2,-0.2    -1,-0.2   0.892 111.1  49.3 -71.0 -37.2  -20.3   -7.9   54.5               
 1441 1441 A Y  H >X S+     0   0    6     -4,-2.5     4,-2.2    -5,-0.2     3,-1.0   0.950 112.6  47.8 -61.6 -48.5  -23.8   -7.2   53.1               
 1442 1442 A E  H 3X S+     0   0   85     -4,-2.4     4,-2.0     1,-0.3     5,-0.4   0.942 113.0  48.5 -59.2 -46.0  -24.8  -10.9   53.6               
 1443 1443 A S  H 3< S+     0   0   93     -4,-2.5    -1,-0.3     1,-0.2    -2,-0.2   0.598 116.8  43.8 -66.4 -17.2  -23.4  -10.8   57.2               
 1444 1444 A T  H << S+     0   0   39     -3,-1.0    -2,-0.2    -4,-0.7    -1,-0.2   0.707 127.4  24.6 -99.5 -28.9  -25.3   -7.5   57.9               
 1445 1445 A H  H  < S-     0   0   62     -4,-2.2    -2,-0.2     2,-0.2    -3,-0.2   0.453  92.7-125.6-118.3  -4.7  -28.8   -8.3   56.4               
 1446 1446 A N  S  < S+     0   0  151     -4,-2.0    -4,-0.1    -5,-0.3    -3,-0.1   0.733  81.9 101.8  56.5  27.1  -29.0  -12.1   56.4               
 1447 1447 A T  S    S-     0   0   65     -5,-0.4    -2,-0.2    -6,-0.3    -3,-0.2  -0.992  77.2-116.5-139.6 130.1  -29.7  -12.0   52.6               
 1448 1448 A P        -     0   0   85      0, 0.0     2,-1.4     0, 0.0    -9,-0.1  -0.406  31.7-115.5 -68.4 138.0  -27.2  -12.6   49.7               
 1449 1449 A L        -     0   0    8    -11,-0.3    10,-0.1    -2,-0.1    -7,-0.1  -0.556  39.4-177.7 -78.2  90.3  -26.5   -9.6   47.5               
 1450 1450 A N    >   -     0   0   59     -2,-1.4     3,-0.7     1,-0.1     4,-0.4  -0.799  17.0-164.3 -92.9 111.4  -28.0  -10.7   44.1               
 1451 1451 A P  G > >S+     0   0   19      0, 0.0     5,-1.7     0, 0.0     3,-1.1   0.796  84.5  67.4 -65.1 -27.3  -27.5   -8.1   41.2               
 1452 1452 A C  G > 5S+     0   0   25      1,-0.2     3,-1.7     3,-0.2     5,-0.1   0.878  89.8  62.7 -64.4 -35.6  -30.2   -9.8   39.0               
 1453 1453 A E  G < 5S+     0   0  107     -3,-0.7    -1,-0.2     1,-0.3   -42,-0.2   0.708 108.4  43.0 -64.3 -19.8  -33.1   -8.9   41.4               
 1454 1454 A Y  G < 5S-     0   0   29     -3,-1.1    -1,-0.3    -4,-0.4    -2,-0.2   0.360 128.1-101.0-103.8   1.1  -32.3   -5.1   40.7               
 1455 1455 A G  T < 5S+     0   0    4     -3,-1.7     2,-0.3    -4,-0.3    -3,-0.2   0.870  82.4 119.1  80.6  41.6  -31.9   -5.9   36.9               
 1456 1456 A F      < -     0   0   31     -5,-1.7    -1,-0.3   -66,-0.1    -2,-0.2  -0.953  57.9-142.1-127.2 151.0  -28.0   -6.0   36.6               
 1457 1457 A M  S    S+     0   0   95     -2,-0.3     2,-0.3     1,-0.1    -5,-0.2   0.800  85.2  24.4 -83.3 -29.3  -25.8   -8.9   35.4               
 1458 1458 A T  S  > S-     0   0   61     -7,-0.2     4,-2.0     1,-0.1    -1,-0.1  -0.940  71.8-123.2-133.6 156.5  -22.9   -8.3   37.8               
 1459 1459 A L  H  > S+     0   0   15     -2,-0.3     4,-2.8     1,-0.2     5,-0.2   0.897 116.2  59.1 -63.6 -35.2  -22.4   -6.6   41.2               
 1460 1460 A T  H  > S+     0   0   21      2,-0.2     4,-2.6     1,-0.2    -1,-0.2   0.895 105.6  46.5 -56.4 -46.8  -19.8   -4.5   39.4               
 1461 1461 A E  H  > S+     0   0   97      2,-0.2     4,-0.9     1,-0.2    -2,-0.2   0.918 111.9  51.5 -64.0 -42.8  -22.5   -3.2   36.9               
 1462 1462 A L  H >< S+     0   0    0     -4,-2.0     3,-0.6     2,-0.2     4,-0.2   0.933 113.7  43.5 -59.3 -46.5  -24.9   -2.5   39.9               
 1463 1463 A L  H >< S+     0   0    1     -4,-2.8     3,-2.0     1,-0.2     7,-0.3   0.926 109.8  55.7 -67.0 -42.4  -22.1   -0.5   41.7               
 1464 1464 A K  H 3< S+     0   0  109     -4,-2.6    -1,-0.2     1,-0.3    -2,-0.2   0.668 100.4  62.6 -64.7 -14.2  -21.1    1.4   38.4               
 1465 1465 A S  T << S+     0   0   37     -4,-0.9    -1,-0.3    -3,-0.6    -2,-0.2   0.569  97.1  59.2 -81.9  -9.1  -24.8    2.4   38.2               
 1466 1466 A L    X>  +     0   0    5     -3,-2.0     3,-2.3    -4,-0.2     4,-2.1  -0.318  60.4 150.9-112.6  47.4  -24.4    4.4   41.6               
 1467 1467 A P  T 34 S+     0   0   71      0, 0.0    -1,-0.1     0, 0.0    -3,-0.1   0.542  70.2  59.3 -69.0  -7.6  -21.6    6.9   40.6               
 1468 1468 A Y  T 34 S+     0   0  103     -3,-0.1    20,-0.1    17,-0.0    17,-0.1   0.664 116.8  33.2 -82.1 -21.9  -22.8    9.6   43.0               
 1469 1469 A L  T <4 S+     0   0    1     -3,-2.3    16,-1.9     1,-0.3     2,-0.3   0.833 125.1  20.5 -97.5 -48.9  -22.4    7.1   46.0               
 1470 1470 A V  E  <  -D 1484   0N   4     -4,-2.1     2,-0.5    -7,-0.3    -1,-0.3  -0.937  53.9-144.1-134.4 148.5  -19.3    5.0   45.0               
 1471 1471 A E  E     -D 1483   0N  72     12,-2.5    12,-2.1    -2,-0.3     2,-0.5  -0.956  19.7-155.6-107.6 127.9  -16.2    4.9   42.7               
 1472 1472 A V  E     +D 1482   0N  34     -2,-0.5     2,-0.2    10,-0.2    10,-0.2  -0.943  26.0 157.1-107.5 124.3  -15.3    1.5   41.3               
 1473 1473 A F  E     -D 1481   0N  64      8,-2.4     8,-2.8    -2,-0.5     2,-0.4  -0.784  39.5-110.6-137.1 172.5  -11.7    1.0   40.3               
 1474 1474 A T  E     -D 1480   0N  82      6,-0.2     6,-0.2    -2,-0.2     2,-0.1  -0.945  29.5-142.6-112.3 133.4   -9.1   -1.8   39.8               
 1475 1475 A N    >   -     0   0   33      4,-2.4     3,-2.2    -2,-0.4     4,-0.0  -0.345  36.6 -89.8 -86.2 175.6   -6.1   -2.3   42.2               
 1476 1476 A D  T 3  S+     0   0  176      1,-0.3    -1,-0.1     2,-0.1    -2,-0.0   0.653 127.6  58.1 -61.4 -15.5   -2.5   -3.3   41.4               
 1477 1477 A K  T 3  S-     0   0  159      2,-0.1    -1,-0.3     0, 0.0     3,-0.1   0.300 119.0-110.7 -91.2   5.5   -3.6   -7.0   41.9               
 1478 1478 A M  S <  S+     0   0  139     -3,-2.2     2,-0.3     1,-0.3    -2,-0.1   0.565  73.6 140.9  64.6  17.0   -6.2   -6.6   39.1               
 1479 1479 A E        -     0   0   87      1,-0.0    -4,-2.4    -4,-0.0     2,-0.6  -0.633  57.3-117.4 -83.2 140.6   -9.0   -6.9   41.8               
 1480 1480 A E  E     - D   01474N  65     -2,-0.3   -46,-2.3    -6,-0.2     2,-0.3  -0.707  38.4-172.7 -79.3 122.5  -12.2   -4.7   41.4               
 1481 1481 A C  E     -CD14331473N   3     -8,-2.8    -8,-2.4    -2,-0.6     2,-0.4  -0.841  13.2-150.8-115.8 150.6  -12.4   -2.4   44.4               
 1482 1482 A V  E     +CD14321472N   1    -50,-3.2   -50,-2.6    -2,-0.3     2,-0.3  -0.948  16.1 172.7-120.2 140.0  -15.1    0.1   45.6               
 1483 1483 A K  E     - D   01471N  74    -12,-2.1   -12,-2.5    -2,-0.4     2,-0.2  -0.952  37.5-100.0-134.2 157.8  -14.7    3.3   47.6               
 1484 1484 A L  E     - D   01470N  18    -54,-0.4   -14,-0.3    -2,-0.3   -15,-0.1  -0.511  48.0-100.9 -66.6 147.8  -17.1    6.1   48.7               
 1485 1485 A T    >>  -     0   0   13    -16,-1.9     4,-2.4    -2,-0.2     3,-0.6  -0.313  37.0-103.4 -60.5 155.6  -17.0    9.3   46.5               
 1486 1486 A S  H 3> S+     0   0   70      1,-0.3     4,-2.3     2,-0.2     5,-0.1   0.873 124.9  52.8 -51.8 -38.2  -15.0   12.2   48.0               
 1487 1487 A L  H 3> S+     0   0   38      2,-0.2     4,-2.0     1,-0.2    -1,-0.3   0.870 111.4  44.6 -64.7 -39.7  -18.3   13.9   48.9               
 1488 1488 A Y  H <> S+     0   0   12     -3,-0.6     4,-1.7     2,-0.2    -2,-0.2   0.761 108.6  57.3 -81.8 -21.1  -19.6   10.7   50.7               
 1489 1489 A L  H  X S+     0   0   82     -4,-2.4     4,-2.0     2,-0.2    -2,-0.2   0.939 109.2  46.2 -68.3 -43.8  -16.2   10.3   52.5               
 1490 1490 A F  H  X S+     0   0    0     -4,-2.3     4,-2.3    -5,-0.2    -2,-0.2   0.946 110.9  52.9 -56.7 -46.3  -16.8   13.9   53.9               
 1491 1491 A A  H  X S+     0   0    0     -4,-2.0     4,-2.4     2,-0.2    -2,-0.2   0.835 105.2  54.6 -62.7 -30.9  -20.4   12.8   54.7               
 1492 1492 A K  H  X S+     0   0   43     -4,-1.7     4,-2.6     2,-0.2    -1,-0.2   0.954 108.6  48.1 -63.5 -47.5  -18.9    9.7   56.6               
 1493 1493 A N  H  X S+     0   0   44     -4,-2.0     4,-2.7     1,-0.2    -2,-0.2   0.880 111.7  50.6 -60.7 -37.6  -16.7   12.2   58.7               
 1494 1494 A V  H  X S+     0   0    0     -4,-2.3     4,-2.6     2,-0.2    -2,-0.2   0.902 109.5  50.2 -67.0 -40.8  -19.9   14.3   59.3               
 1495 1495 A R  H  X S+     0   0    9     -4,-2.4     4,-1.8     2,-0.2    -2,-0.2   0.949 114.3  44.9 -58.3 -48.8  -21.9   11.2   60.4               
 1496 1496 A S  H  < S+     0   0   39     -4,-2.6     4,-0.2     2,-0.2    -2,-0.2   0.891 113.3  50.3 -66.0 -39.7  -19.0   10.3   62.9               
 1497 1497 A L  H >< S+     0   0    1     -4,-2.7     3,-2.2     1,-0.2     4,-0.3   0.956 111.2  47.3 -60.0 -53.6  -18.7   14.0   64.1               
 1498 1498 A L  H >< S+     0   0    0     -4,-2.6     3,-1.4     1,-0.3     6,-0.2   0.826 101.4  67.7 -62.6 -28.5  -22.5   14.2   64.8               
 1499 1499 A H  T 3< S+     0   0   26     -4,-1.8    -1,-0.3     1,-0.2    -2,-0.2   0.568  98.4  52.3 -65.1 -10.2  -22.2   10.8   66.6               
 1500 1500 A T  T <  S+     0   0   81     -3,-2.2     2,-0.3    -4,-0.2    -1,-0.2   0.447  97.2  85.3 -99.6  -3.6  -20.1   12.6   69.3               
 1501 1501 A Y  S X  S-     0   0   86     -3,-1.4     3,-2.2    -4,-0.3     5,-0.1  -0.768  88.5-101.6-103.9 143.3  -22.7   15.4   69.9               
 1502 1502 A H  G >  S+     0   0  143     -2,-0.3     3,-1.1     1,-0.3    -2,-0.1  -0.315 110.8   6.8 -60.7 137.7  -25.7   15.3   72.3               
 1503 1503 A Y  G 3  S-     0   0  173      1,-0.2    -1,-0.3    -4,-0.1    54,-0.2   0.541 119.5 -89.9  56.9  12.2  -29.0   14.6   70.3               
 1504 1504 A Q  G <  S+     0   0   42     -3,-2.2    53,-2.4    -6,-0.2     2,-0.3   0.879  98.3 109.9  54.7  43.0  -26.7   14.1   67.2               
 1505 1505 A Q  E <   -E 1556   0O  70     -3,-1.1     2,-0.3    51,-0.2    51,-0.2  -0.976  43.1-175.9-143.2 155.8  -26.8   17.8   66.3               
 1506 1506 A I  E     -E 1555   0O   4     49,-2.2    49,-2.9    -2,-0.3     2,-0.2  -0.984  37.3 -94.7-147.9 152.4  -24.6   20.9   66.3               
 1507 1507 A F  E >>  -E 1554   0O  92     -2,-0.3     4,-2.0    47,-0.2     3,-1.1  -0.502  32.2-127.4 -68.7 139.9  -25.1   24.7   65.5               
 1508 1508 A L  T 34 S+     0   0   15     45,-2.8     4,-0.5     1,-0.3    46,-0.1   0.755 110.4  54.2 -60.9 -25.6  -24.1   25.6   61.8               
 1509 1509 A H  T 34 S+     0   0  122     44,-0.4    -1,-0.3    42,-0.3     4,-0.3   0.733 112.4  42.6 -81.3 -23.0  -21.8   28.3   63.1               
 1510 1510 A E  T X> S+     0   0   71     -3,-1.1     4,-2.4     1,-0.1     3,-1.0   0.754  94.0  85.6 -86.5 -28.6  -19.9   25.8   65.4               
 1511 1511 A F  H 3X S+     0   0    0     -4,-2.0     4,-3.0     1,-0.3     5,-0.2   0.805  85.3  51.6 -46.7 -47.0  -19.8   23.1   62.8               
 1512 1512 A S  H 3> S+     0   0   43     -4,-0.5     4,-1.8     1,-0.2    11,-0.4   0.864 114.5  43.4 -63.7 -36.7  -16.6   24.3   61.0               
 1513 1513 A M  H <> S+     0   0  135     -3,-1.0     4,-2.5    -4,-0.3    -2,-0.2   0.914 115.4  48.8 -72.8 -43.1  -14.6   24.4   64.3               
 1514 1514 A A  H  X S+     0   0    8     -4,-2.4     4,-1.8     2,-0.2    -2,-0.2   0.918 112.1  48.2 -64.8 -43.9  -16.0   21.1   65.5               
 1515 1515 A Y  H  X S+     0   0    2     -4,-3.0     4,-2.9     2,-0.2     5,-0.5   0.949 113.0  48.4 -59.2 -48.9  -15.2   19.3   62.1               
 1516 1516 A T  H  X S+     0   0   45     -4,-1.8     4,-1.5    -5,-0.2    -2,-0.2   0.894 114.0  47.0 -61.4 -39.5  -11.6   20.8   62.2               
 1517 1517 A K  H  < S+     0   0  193     -4,-2.5    -1,-0.2     2,-0.2    -2,-0.2   0.787 118.2  41.6 -69.0 -32.0  -11.2   19.7   65.9               
 1518 1518 A Y  H  < S+     0   0  107     -4,-1.8    -2,-0.2    -3,-0.3    -3,-0.2   0.840 125.9  30.2 -87.1 -38.8  -12.6   16.1   65.2               
 1519 1519 A V  H  < S-     0   0   44     -4,-2.9    -3,-0.2     2,-0.2    -2,-0.2   0.655  95.4-130.8 -94.3 -21.6  -10.8   15.4   61.8               
 1520 1520 A G  S  < S+     0   0   66     -4,-1.5     2,-0.4    -5,-0.5    -4,-0.1   0.233  74.9 107.1  82.5  -9.5   -7.6   17.4   62.3               
 1521 1521 A E  S    S-     0   0  119     -6,-0.3     2,-0.5     1,-0.0    -1,-0.2  -0.846  77.3-116.7-106.0 133.6   -8.1   19.1   58.9               
 1522 1522 A T        -     0   0  105     -2,-0.4     2,-0.6     1,-0.1    -9,-0.1  -0.506  38.5-116.5 -66.4 116.0   -9.3   22.7   58.2               
 1523 1523 A L        +     0   0   19     -2,-0.5    -1,-0.1   -11,-0.4    10,-0.1  -0.361  37.4 179.1 -63.3 107.9  -12.7   22.4   56.4               
 1524 1524 A Q    >   -     0   0  113     -2,-0.6     3,-1.2     1,-0.1     4,-0.4  -0.902  16.5-163.6-109.7 106.7  -12.3   23.9   52.9               
 1525 1525 A P  G > >S+     0   0   21      0, 0.0     5,-2.1     0, 0.0     3,-1.3   0.811  86.5  68.5 -57.9 -29.7  -15.6   23.7   50.8               
 1526 1526 A K  G > 5S+     0   0  178      1,-0.3     3,-1.8     3,-0.2     5,-0.1   0.827  88.3  63.8 -59.3 -35.3  -13.6   24.4   47.6               
 1527 1527 A T  G < 5S+     0   0  105     -3,-1.2    -1,-0.3     1,-0.3    -4,-0.0   0.745 107.9  43.2 -61.4 -24.2  -11.9   21.0   47.8               
 1528 1528 A Y  G < 5S-     0   0   54     -3,-1.3    -1,-0.3    -4,-0.4    -2,-0.2   0.198 124.1-103.1-104.5   9.2  -15.4   19.4   47.4               
 1529 1529 A G  T < 5S+     0   0   72     -3,-1.8     2,-0.3     1,-0.2    -3,-0.2   0.528  83.3 122.2  80.6   9.2  -16.5   21.8   44.5               
 1530 1530 A H      < -     0   0   48     -5,-2.1    -1,-0.2    -6,-0.1    -2,-0.2  -0.746  58.6-145.6-107.5 149.7  -18.7   24.0   46.8               
 1531 1531 A S  S    S+     0   0   96     -2,-0.3     2,-0.3     1,-0.1    -5,-0.2   0.680  82.7  19.0 -86.5 -18.5  -18.5   27.8   47.6               
 1532 1532 A S  S  > S-     0   0   39     -7,-0.2     4,-2.1     1,-0.1     5,-0.1  -0.969  75.3-112.3-146.1 161.6  -19.7   27.5   51.2               
 1533 1533 A V  H  > S+     0   0   25     -2,-0.3     4,-2.4     1,-0.2     5,-0.2   0.827 118.4  57.6 -61.4 -31.1  -20.0   25.0   54.1               
 1534 1534 A E  H  > S+     0   0   81      2,-0.2     4,-1.9     1,-0.2    -1,-0.2   0.898 107.2  45.3 -69.9 -40.6  -23.8   25.4   53.8               
 1535 1535 A E  H  > S+     0   0   93      2,-0.2     4,-1.1     1,-0.2    -2,-0.2   0.906 112.7  51.8 -66.5 -41.5  -23.7   24.3   50.1               
 1536 1536 A L  H  < S+     0   0    0     -4,-2.1     3,-0.5     2,-0.2     4,-0.4   0.921 112.9  43.9 -62.8 -44.7  -21.4   21.4   51.0               
 1537 1537 A L  H >< S+     0   0    2     -4,-2.4     3,-0.9     1,-0.2     7,-0.2   0.855 110.8  56.7 -67.1 -33.6  -23.8   20.2   53.8               
 1538 1538 A G  H 3< S+     0   0   49     -4,-1.9    -2,-0.2     1,-0.2    -1,-0.2   0.730  98.7  61.9 -66.5 -22.6  -26.7   20.8   51.3               
 1539 1539 A A  T 3< S+     0   0   28     -4,-1.1    -1,-0.2    -3,-0.5    -2,-0.2   0.596  98.7  56.5 -80.8 -11.1  -25.0   18.3   48.8               
 1540 1540 A I    X>  +     0   0    0     -3,-0.9     3,-2.0    -4,-0.4     4,-1.8  -0.294  59.7 148.5-114.5  48.4  -25.2   15.4   51.3               
 1541 1541 A P  T 34  +     0   0   73      0, 0.0    -1,-0.1     0, 0.0    -2,-0.1   0.475  66.3  67.0 -70.7  -2.2  -29.1   15.3   52.0               
 1542 1542 A Q  T 34 S+     0   0   59     -3,-0.1    18,-0.1    16,-0.0     3,-0.1   0.762 113.2  29.4 -79.9 -25.7  -29.0   11.5   52.5               
 1543 1543 A V  T <4 S+     0   0    0     -3,-2.0    15,-2.6     1,-0.2     2,-0.3   0.837 125.2  19.9-103.1 -42.2  -26.9   11.9   55.7               
 1544 1544 A V  E  <  -F 1557   0O   4     -4,-1.8     2,-0.3    -7,-0.2    13,-0.2  -0.826  51.3-155.1-129.5 162.7  -27.9   15.3   57.2               
 1545 1545 A W  E     -F 1556   0O 106     11,-1.8    11,-2.3    -2,-0.3     2,-0.5  -0.986  18.2-136.7-130.1 144.9  -30.6   18.0   57.2               
 1546 1546 A I  E     -F 1555   0O  61     -2,-0.3     2,-0.3     9,-0.2     9,-0.2  -0.912  29.3-174.4 -97.8 124.9  -30.1   21.7   58.1               
 1547 1547 A K  E     +F 1554   0O  89      7,-2.6     7,-2.5    -2,-0.5     2,-0.1  -0.840  34.9  28.8-117.6 158.8  -33.0   23.0   60.3               
 1548 1548 A G  S    S-     0   0   44     -2,-0.3     2,-0.3     5,-0.2     5,-0.2  -0.206  73.9 -83.0  88.3-177.8  -33.9   26.5   61.7               
 1549 1549 A H  S >  S-     0   0  171      3,-0.3     3,-1.5    -2,-0.1     2,-0.1  -0.936  74.2 -21.8-131.6 149.8  -33.4   30.1   60.5               
 1550 1550 A G  T 3  S-     0   0   48     -2,-0.3     3,-0.4     1,-0.3     0, 0.0  -0.331 129.5 -11.6  58.5-125.7  -30.7   32.8   60.7               
 1551 1551 A H  T 3  S+     0   0  174      1,-0.2     2,-0.5    -2,-0.1   -42,-0.3   0.725 127.0  75.2 -78.5 -21.9  -28.1   32.1   63.5               
 1552 1552 A K    <   +     0   0  176     -3,-1.5     2,-0.4   -45,-0.1    -3,-0.3  -0.067  68.9 134.0 -79.7  30.2  -30.5   29.4   65.0               
 1553 1553 A R        -     0   0   71     -2,-0.5   -45,-2.8    -3,-0.4   -44,-0.4  -0.778  35.5-169.5 -86.8 131.6  -29.5   27.0   62.2               
 1554 1554 A I  E     -EF15071547O  38     -7,-2.5    -7,-2.6    -2,-0.4     2,-0.5  -0.940  20.6-140.9-122.0 139.9  -28.6   23.4   63.3               
 1555 1555 A V  E     -EF15061546O   0    -49,-2.9   -49,-2.2    -2,-0.4     2,-0.3  -0.896  32.0-175.2 -93.9 125.7  -27.0   20.5   61.4               
 1556 1556 A V  E     -EF15051545O  11    -11,-2.3   -11,-1.8    -2,-0.5   -51,-0.2  -0.966  25.7-115.0-129.9 142.5  -28.7   17.3   62.5               
 1557 1557 A L  E     - F   01544O   0    -53,-2.4   -13,-0.2    -2,-0.3     2,-0.2  -0.532  34.2-116.3 -73.7 137.5  -28.2   13.6   61.7               
 1558 1558 A K    >   -     0   0   62    -15,-2.6     3,-1.8    -2,-0.2     4,-0.3  -0.507  22.6-118.2 -70.6 146.6  -30.9   11.7   59.7               
 1559 1559 A N  G >  S+     0   0  104      1,-0.3     3,-2.1     2,-0.2     4,-0.3   0.876 112.0  60.6 -52.9 -44.3  -32.7    8.8   61.6               
 1560 1560 A D  G 3  S+     0   0  110      1,-0.3    -1,-0.3     2,-0.1     3,-0.2   0.623 106.6  47.8 -61.4 -17.7  -31.5    6.2   59.0               
 1561 1561 A M  G <  S+     0   0    4     -3,-1.8    -1,-0.3   -18,-0.2    -2,-0.2   0.380  86.7  89.5-101.3  -3.3  -27.8    7.1   59.8               
 1562 1562 A K    <   +     0   0   75     -3,-2.1     2,-0.2    -4,-0.3    -2,-0.1   0.667  63.9  96.5 -78.4 -19.4  -28.2    6.9   63.7               
 1563 1563 A S        -     0   0   59     -4,-0.3     2,-0.4    -3,-0.2     0, 0.0  -0.499  58.1-159.8 -62.2 133.2  -27.4    3.2   63.9               
 1564 1564 A R        -     0   0  149     -2,-0.2     3,-0.1     1,-0.1    -2,-0.0  -0.972   8.9-152.5 -99.5 134.7  -23.8    2.3   64.8               
 1565 1565 A L  S    S+     0   0   81     -2,-0.4     2,-1.4     1,-0.2     3,-0.4   0.513  73.6  98.1 -79.4  -4.5  -23.3   -1.4   63.7               
 1566 1566 A S        +     0   0   73      1,-0.2    -1,-0.2     2,-0.1     3,-0.1  -0.313  54.3  88.4 -86.9  48.8  -20.6   -1.7   66.4               
 1567 1567 A S        +     0   0   95     -2,-1.4    -1,-0.2    -3,-0.1    -2,-0.0   0.119  62.2  77.5-138.3  26.1  -22.8   -3.4   69.2               
 1568 1568 A L        +     0   0  154     -3,-0.4     2,-1.6     2,-0.0    -2,-0.1  -0.111  49.6 129.0-122.5  35.3  -22.5   -7.3   68.7               
 1569 1569 A S        -     0   0  114     -3,-0.1     2,-1.6     2,-0.0    -3,-0.0  -0.576  39.8-175.6 -80.0  70.0  -19.0   -7.8   70.2               
 1570 1570 A L        +     0   0  149     -2,-1.6    -1,-0.0     2,-0.0    -2,-0.0  -0.604  11.0 164.1 -76.9  87.1  -20.2  -10.6   72.5               
 1571 1571 A S        +     0   0  102     -2,-1.6     2,-0.2     2,-0.0    -2,-0.0  -0.907   8.7 166.8 -85.0 130.5  -17.2  -11.5   74.6               
 1572 1572 A P        -     0   0  115      0, 0.0     2,-0.4     0, 0.0    -2,-0.0  -0.775  10.9-176.8-129.6 111.4  -17.8  -13.5   77.6               
 1573 1573 A A        +     0   0   80     -2,-0.2     2,-0.1     2,-0.0    -2,-0.0  -0.752  17.8 140.0 -74.3 140.4  -14.6  -15.0   79.1               
 1574 1574 A N        +     0   0  143     -2,-0.4     0, 0.0     2,-0.0     0, 0.0  -0.517  30.3  20.6-175.8 150.2  -14.6  -17.2   82.1               
 1575 1575 A H        -     0   0  146     -2,-0.1    -2,-0.0     0, 0.0     0, 0.0   0.928  54.7-173.7  62.3  82.5  -13.2  -20.4   83.7               
 1576 1576 A E        +     0   0  145      0, 0.0    -2,-0.0     0, 0.0     0, 0.0   0.916  35.5 174.1 107.8 145.1  -10.3  -22.3   83.5               
 1577 1577 A N        -     0   0  134      0, 0.0     0, 0.0     0, 0.0     0, 0.0   0.987  31.4-133.0  73.9  86.4   -7.4  -24.7   83.5               
 1578 1578 A Q        +     0   0  182      0, 0.0     2,-0.0     0, 0.0     0, 0.0   0.255  22.5  97.1   1.2 160.4   -4.1  -25.2   81.8               
 1579 1579 A P        +     0   0  106      0, 0.0     0, 0.0     0, 0.0     0, 0.0   0.683  27.3  17.3-139.5-162.8   -1.9  -26.8   80.2               
 1580 1580 A S        -     0   0  106     -2,-0.0     0, 0.0     0, 0.0     0, 0.0   0.950  41.3-106.8  94.4  94.2    0.6  -28.5   77.8               
 1581 1581 A E        +     0   0  204      2,-0.0     2,-0.2     0, 0.0     0, 0.0   0.550  34.9 149.0  27.0 127.1    1.8  -28.3   74.2               
 1582 1582 A G        -     0   0   80      0, 0.0     2,-0.3     0, 0.0     0, 0.0  -0.575  31.6-121.5 169.6 131.5    1.3  -30.5   71.0               
 1583 1583 A E        -     0   0  154     -2,-0.2    -2,-0.0     1,-0.1     0, 0.0  -0.634  32.5 -71.9 -89.5 139.7    1.2  -29.8   67.2               
 1584 1584 A R        +     0   0  207     -2,-0.3     2,-0.2     1,-0.1    -1,-0.1   0.770  30.3 161.5  41.4 130.4   -1.1  -30.3   64.3               
 1585 1585 A I        -     0   0  164      2,-0.0    -1,-0.1     0, 0.0     0, 0.0  -0.879  25.5-115.5-164.5 177.3   -2.8  -32.5   61.8               
 1586 1586 A L        +     0   0  120     -2,-0.2     2,-0.0     2,-0.0     0, 0.0   0.117  24.8 143.1 -65.6-178.2   -5.9  -32.5   59.4               
 1587 1587 A E        +     0   0  172      0, 0.0    -2,-0.0     0, 0.0     0, 0.0   0.515   5.3 162.8-166.6-179.2   -8.8  -33.4   58.1               
 1588 1588 A V        -     0   0  125      2,-0.0     2,-0.1    -2,-0.0    -2,-0.0  -0.503  16.5-148.8 -95.8 168.5  -12.3  -32.9   56.4               
 1589 1589 A P        -     0   0  120      0, 0.0     0, 0.0     0, 0.0     0, 0.0  -0.391  18.0-138.2-151.4 131.9  -14.9  -34.8   54.8               
 1590 1590 A E        -     0   0  175     -2,-0.1    -2,-0.0     0, 0.0     0, 0.0   0.281  14.2 -83.8  23.2 119.5  -17.4  -33.9   52.1               
 1591 1591 A S        +     0   0   93      0, 0.0     0, 0.0     0, 0.0     0, 0.0   0.774  18.2 164.6 101.0 154.2  -20.7  -34.1   50.7               
 1592 1592 A H        -     0   0  164      0, 0.0     0, 0.0     0, 0.0     0, 0.0   0.990  21.3 -29.4  84.0 118.9  -23.9  -35.1   48.9               
 1593 1593 A T        -     0   0  124      0, 0.0     0, 0.0     0, 0.0     0, 0.0   0.939  28.6 -92.8  65.5 112.3  -27.6  -35.1   47.8               
 1594 1594 A A        +     0   0  101      1,-0.0     2,-0.2     0, 0.0     0, 0.0   0.568  16.7 168.4  32.8 125.9  -31.2  -34.8   48.0               
 1595 1595 A S        -     0   0  106      0, 0.0    -1,-0.0     0, 0.0     0, 0.0  -0.717  37.2 -75.1-167.4 177.3  -34.5  -36.0   48.5               
 1596 1596 A E        -     0   0  189     -2,-0.2     2,-0.4     1,-0.1     0, 0.0   0.197  27.3-150.8 -33.0 140.3  -38.3  -35.1   49.0               
 1597 1597 A L        -     0   0  175      0, 0.0     2,-0.3     0, 0.0    -1,-0.1  -0.942  16.5-175.8-112.0 137.6  -40.2  -33.5   51.9               
 1598 1598 A K        -     0   0  188     -2,-0.4    -2,-0.0     1,-0.1     0, 0.0  -0.842  27.1 -42.6-146.0 118.7  -43.9  -34.2   52.7               
 1599 1599 A L        +     0   0  165     -2,-0.3    -1,-0.1     0, 0.0     0, 0.0   0.978  48.6 102.0  67.5 114.9  -46.4  -33.0   55.2               
 1600 1600 A G        +     0   0   78      0, 0.0    -2,-0.1     0, 0.0     0, 0.0   0.520  23.5   7.8  95.9 147.7  -47.4  -32.0   58.7               
 1601 1601 A A        -     0   0   82      0, 0.0     0, 0.0     0, 0.0     0, 0.0   0.736  31.1 -84.8-163.6 166.5  -48.2  -30.2   61.2               
 1602 1602 A D        +     0   0  169      1,-0.0     0, 0.0     0, 0.0     0, 0.0   0.724  28.7 144.2  61.8 146.4  -49.1  -27.6   63.9               
 1603 1603 A G        -     0   0   67      2,-0.0    -1,-0.0     0, 0.0     0, 0.0   0.447  39.1-132.6 177.4 -22.9  -47.0  -25.2   66.2               
 1604 1604 A S        +     0   0  135      1,-0.1     0, 0.0     0, 0.0     0, 0.0   0.461  40.5 133.2  67.2 153.1  -48.5  -21.6   67.0               
 1605 1605 A G        -     0   0   72      2,-0.0     2,-0.2     0, 0.0    -1,-0.1  -0.067  41.3-110.8 132.8 130.1  -47.0  -18.0   67.0               
 1606 1606 A P        -     0   0  126      0, 0.0     0, 0.0     0, 0.0     0, 0.0  -0.515  14.2-123.6-118.5 162.4  -48.6  -14.8   65.6               
 1607 1607 A S        +     0   0   99     -2,-0.2    -2,-0.0     0, 0.0     2,-0.0   0.075  15.0 162.7 -41.5 164.1  -49.1  -11.8   63.2               
 1608 1608 A H        +     0   0  171      0, 0.0     0, 0.0     0, 0.0     0, 0.0   0.598  38.3  11.1-163.1 155.6  -49.4   -8.5   62.6               
 1609 1609 A T        +     0   0  118     -2,-0.0     3,-0.1     0, 0.0     0, 0.0   0.601  54.6 102.0-164.6 124.6  -49.3   -5.9   60.3               
 1610 1610 A E        +     0   0  199      1,-0.1     0, 0.0     0, 0.0     0, 0.0  -0.329  67.9  79.2-145.4  61.3  -49.1   -5.3   56.5               
 1611 1611 A Q        +     0   0  193      1,-0.1     2,-0.3     3,-0.0     3,-0.2   0.136  58.9  96.9-155.6  41.2  -52.6   -4.4   55.2               
 1612 1612 A E        +     0   0  190      1,-0.1    -1,-0.1    -3,-0.1     0, 0.0  -0.777  58.5  60.4-142.8  95.0  -53.6   -0.8   55.8               
 1613 1613 A L        +     0   0  179     -2,-0.3     2,-0.3     1,-0.1    -1,-0.1   0.262  57.6 126.4 172.5  53.9  -53.4    2.1   53.3               
 1614 1614 A L        +     0   0  162     -3,-0.2    -1,-0.1     1,-0.1    -3,-0.0  -0.870  48.6  58.1 -93.0 153.0  -55.5    1.3   50.2               
 1615 1615 A R        +     0   0  236     -2,-0.3    -1,-0.1     1,-0.1     0, 0.0   0.840  39.7 122.0  84.2 103.9  -58.1    3.9   49.1               
 1616 1616 A L        -     0   0  163     -3,-0.0    -1,-0.1     0, 0.0     0, 0.0  -0.073  54.7-124.9-178.3  79.0  -57.9    7.5   48.0               
 1617 1617 A T        -     0   0  103      2,-0.0     0, 0.0     0, 0.0     0, 0.0   0.285  26.3 -42.1  70.9  94.5  -59.2    8.1   44.8               
 1618 1618 A D        +     0   0  151      0, 0.0     0, 0.0     0, 0.0     0, 0.0   0.837  48.5  88.4  66.9 156.1  -58.8    9.5   41.4               
 1619 1619 A D        +     0   0  156      0, 0.0    -2,-0.0     0, 0.0     0, 0.0   0.926  42.9 144.6  59.1  91.6  -57.5   12.1   38.8               
 1620 1620 A S        -     0   0  115      0, 0.0     2,-0.0     0, 0.0     0, 0.0   0.647  42.4 -87.5  77.6 156.4  -54.4   12.7   36.9               
 1621 1621 A P        -     0   0  117      0, 0.0     2,-0.3     0, 0.0     0, 0.0   0.574  32.3-136.0-117.9 169.5  -52.0   13.4   35.1               
 1622 1622 A V        -     0   0  115      1,-0.1     2,-1.3     2,-0.0     0, 0.0  -0.477  19.5-132.4 -68.2 125.8  -50.2   11.1   32.5               
 1623 1623 A D    >   +     0   0  113     -2,-0.3     3,-0.7     1,-0.2    -1,-0.1  -0.641  28.1 180.0 -77.4  92.5  -46.3   11.1   32.5               
 1624 1624 A L  G >   +     0   0  140     -2,-1.3     3,-0.6     1,-0.2    -1,-0.2   0.345  57.7  89.1 -76.0   4.8  -45.9   11.5   28.7               
 1625 1625 A L  G 3   +     0   0  156      1,-0.2    -1,-0.2     3,-0.0     4,-0.1   0.481  68.9  71.5 -91.4  -1.7  -42.0   11.5   28.9               
 1626 1626 A C  G <  S+     0   0  118     -3,-0.7    -1,-0.2     2,-0.1    -2,-0.1   0.298  77.9  90.9 -99.4   8.4  -41.4    7.6   28.6               
 1627 1627 A A  S <  S-     0   0   66     -3,-0.6     2,-1.0     1,-0.0    -3,-0.0  -0.833  86.3-108.4-100.7 143.3  -42.3    7.3   24.8               
 1628 1628 A P        -     0   0  127      0, 0.0    -2,-0.1     0, 0.0     3,-0.0  -0.570  37.8-141.1 -68.9 101.7  -39.8    7.6   21.9               
 1629 1629 A V        -     0   0  107     -2,-1.0     2,-0.0    -4,-0.1    -4,-0.0  -0.514  22.8-110.4 -63.4 124.2  -40.8   11.0   20.4               
 1630 1630 A P    >   -     0   0   87      0, 0.0     3,-1.3     0, 0.0     2,-0.6  -0.332  24.2-117.7 -58.0 140.4  -40.6   10.8   16.5               
 1631 1631 A S  T 3  S+     0   0  130      1,-0.3    -2,-0.0    -3,-0.0     0, 0.0   0.190 103.7  75.2 -67.1  18.0  -37.7   12.9   15.1               
 1632 1632 A C  T 3   +     0   0  110     -2,-0.6    -1,-0.3     2,-0.0    -3,-0.0   0.342  69.2  96.9-114.3  -1.0  -40.3   15.1   13.2               
 1633 1633 A L    <   -     0   0  128     -3,-1.3     2,-0.3    -4,-0.0    -4,-0.0  -0.864  62.1-144.2-101.7 119.3  -41.8   17.2   16.1               
 1634 1634 A P        -     0   0  110      0, 0.0    -2,-0.0     0, 0.0    -3,-0.0  -0.604  33.3 -99.1 -79.0 140.2  -40.5   20.8   16.8               
 1635 1635 A S        -     0   0  114     -2,-0.3     2,-0.2     1,-0.1     0, 0.0  -0.243  39.6-105.5 -60.5 137.2  -40.4   21.9   20.5               
 1636 1636 A P        -     0   0  108      0, 0.0     2,-1.1     0, 0.0    -1,-0.1  -0.399  23.5-133.3 -63.6 129.6  -43.3   24.1   21.8               
 1637 1637 A Q        -     0   0  120     -2,-0.2     2,-0.6     2,-0.0    -2,-0.0  -0.723  23.9-164.2 -79.7  99.1  -42.5   27.9   22.4               
 1638 1638 A L        -     0   0  166     -2,-1.1     0, 0.0     2,-0.0     0, 0.0  -0.776   6.0-172.7 -81.9 122.0  -43.9   28.6   25.8               
 1639 1639 A R        -     0   0  173     -2,-0.6     2,-0.5     0, 0.0    -2,-0.0  -0.960  28.1-119.2-108.1 133.3  -44.3   32.4   26.5               
 1640 1640 A P        -     0   0  127      0, 0.0    -2,-0.0     0, 0.0     0, 0.0  -0.656  23.1-147.5 -75.4 122.5  -45.3   33.4   30.1               
 1641 1641 A D        -     0   0  150     -2,-0.5     2,-1.0     2,-0.0     0, 0.0  -0.754  14.9-131.7 -90.2 131.0  -48.6   35.3   30.1               
 1642 1642 A P        +     0   0  116      0, 0.0     2,-0.6     0, 0.0    -1,-0.0  -0.689  32.8 168.5 -99.5  96.0  -48.8   37.9   32.9               
 1643 1643 A V        -     0   0  122     -2,-1.0    -2,-0.0     1,-0.1     0, 0.0  -0.874  37.1 -94.0-118.2 101.3  -52.0   37.9   35.0               
 1644 1644 A I        -     0   0  145     -2,-0.6     2,-0.5     1,-0.2    -1,-0.1   0.640  22.8-122.3  36.5 113.5  -52.4   39.8   38.3               
 1645 1645 A L        +     0   0  176      2,-0.0     2,-0.3     0, 0.0    -1,-0.2  -0.730  28.9 175.8 -74.8 126.2  -51.9   38.9   42.0               
 1646 1646 A Q        -     0   0  186     -2,-0.5     2,-0.5     2,-0.0     0, 0.0  -0.971  26.9-125.7-123.7 147.1  -54.9   39.3   44.2               
 1647 1647 A S        +     0   0  126     -2,-0.3     2,-0.3     2,-0.0    -2,-0.0  -0.832  35.9 156.8-102.7 124.2  -54.5   38.2   47.9               
 1648 1648 A A        -     0   0   97     -2,-0.5     2,-0.2     0, 0.0    -2,-0.0  -0.975  39.6-117.9-132.5 143.9  -56.7   35.8   49.9               
 1649 1649 A D        -     0   0  137     -2,-0.3     3,-0.0     1,-0.1    -2,-0.0  -0.523  22.9-175.9 -81.8 148.1  -55.4   34.0   53.0               
 1650 1650 A L        +     0   0  168     -2,-0.2     2,-0.6     1,-0.0    -1,-0.1  -0.040  51.6 102.3-139.2  29.2  -55.1   30.2   53.3               
 1651 1651 A I        +     0   0  123      2,-0.0     2,-0.4     0, 0.0    -2,-0.1  -0.945  39.9 155.8-105.5 109.3  -53.9   29.5   56.8               
 1652 1652 A Q        -     0   0  191     -2,-0.6     2,-0.4     2,-0.0    -2,-0.0  -0.990  22.5-159.7-122.8 139.7  -56.9   28.4   59.0               
 1653 1653 A F        -     0   0  185     -2,-0.4     2,-0.3     0, 0.0    -2,-0.0  -0.930   3.3-160.9-108.4 142.8  -56.4   26.4   62.2               
 1654 1654 A E        -     0   0  196     -2,-0.4    -2,-0.0     1,-0.1     2,-0.0  -0.874  30.3-109.0-119.5 156.8  -59.1   24.2   64.0               
 1655 1655 A E        -     0   0  198     -2,-0.3    -1,-0.1     1,-0.1     0, 0.0  -0.123  17.8-128.1 -98.0 173.0  -58.5   23.3   67.6               
 1656 1656 A R        -     0   0  231     -2,-0.0     2,-0.2     0, 0.0    -1,-0.1  -0.509   5.6-142.5 -84.1 165.5  -57.7   20.5   70.1               
 1657 1657 A P        -     0   0  113      0, 0.0     0, 0.0     0, 0.0     0, 0.0  -0.747  40.2-104.5-128.4 128.8  -58.9   19.0   73.1               
 1658 1658 A Q        -     0   0  166     -2,-0.2     0, 0.0     0, 0.0     0, 0.0   0.656  19.7-129.7  89.7 104.9  -56.7   17.8   75.6               
 1659 1659 A E        -     0   0  172      0, 0.0     2,-0.0     0, 0.0     0, 0.0   0.791  11.2-160.9  39.9 164.7  -54.6   16.1   78.0               
 1660 1660 A P        +     0   0  102      0, 0.0     0, 0.0     0, 0.0     0, 0.0   0.508  15.5  44.8-138.8-167.6  -53.4   15.3   80.8               
 1661 1661 A S        +     0   0   87     -2,-0.0     0, 0.0     0, 0.0     0, 0.0   0.854  21.7 112.1  80.5 139.7  -51.2   13.9   83.6               
 1662 1662 A E        -     0   0  163      0, 0.0     0, 0.0     0, 0.0     0, 0.0   0.778  24.3-110.9-171.3-171.2  -48.6   13.3   85.3               
 1663 1663 A I        -     0   0  139      2,-0.0     0, 0.0     0, 0.0     0, 0.0   0.951  36.2 -19.3  93.3 103.7  -45.8   13.0   88.0               
 1664 1664 A M        -     0   0  147      1,-0.1     2,-0.1     0, 0.0     0, 0.0   0.901  12.2-163.3  56.2 126.8  -42.2   13.9   89.0               
 1665 1665 A I        -     0   0  136      2,-0.0     2,-0.1     0, 0.0    -1,-0.1  -0.123   7.2-172.4  82.3 104.9  -39.0   14.7   89.1               
 1666 1666 A L        -     0   0  148     -2,-0.1     2,-0.2     2,-0.0     0, 0.0  -0.301   7.1-173.6-177.0 132.4  -35.8   14.6   91.2               
 1667 1667 A N        +     0   0  137     -2,-0.1     2,-0.1     0, 0.0    -2,-0.0  -0.295   6.1 169.9  74.7 100.1  -32.6   15.9   90.9               
 1668 1668 A Q        +     0   0  176     -2,-0.2    -2,-0.0     2,-0.0     2,-0.0  -0.327   8.7 174.1 168.3 162.5  -29.3   15.9   92.6               
 1669 1669 A E        +     0   0  171     -2,-0.1     0, 0.0     2,-0.0     0, 0.0   0.635  12.0 147.8 177.7 176.3  -26.0   16.8   92.2               
 1670 1670 A E        -     0   0  148     -2,-0.0     2,-0.0     2,-0.0    -2,-0.0   0.839  20.7-135.4  68.8 109.1  -22.3   17.4   93.1               
 1671 1671 A K        -     0   0  176      0, 0.0     2,-0.2     0, 0.0    -2,-0.0   0.167  12.5-173.6  65.2 112.0  -19.0   17.5   92.0               
 1672 1672 A M        -     0   0  184     -2,-0.0     2,-0.2     0, 0.0    -2,-0.0  -0.789  17.2-167.1-155.3 176.1  -15.6   16.7   92.5               
 1673 1673 A E        +     0   0  154     -2,-0.2     0, 0.0     1,-0.0     0, 0.0  -0.629  20.0  99.8-124.5 173.8  -12.5   17.8   90.5               
 1674 1674 A I        +     0   0  141     -2,-0.2    -1,-0.0     0, 0.0     0, 0.0   0.752  33.6  24.1  73.2 141.3   -8.7   17.1   89.9               
 1675 1675 A P        -     0   0  116      0, 0.0     0, 0.0     0, 0.0     0, 0.0   0.815  16.9-153.7-140.0-163.6   -6.2   15.8   88.1               
 1676 1676 A I        -     0   0  160      2,-0.0     2,-0.2     0, 0.0     0, 0.0  -0.737  15.0-173.2 -87.8 135.0   -3.8   14.3   85.4               
 1677 1677 A P        +     0   0  121      0, 0.0     2,-0.1     0, 0.0     0, 0.0  -0.793  14.1 168.7-142.1 163.6   -0.9   12.0   85.3               
 1678 1678 A G        +     0   0   61     -2,-0.2    -2,-0.0     0, 0.0     0, 0.0  -0.133   5.1 102.9 132.6 115.3    1.0   11.2   82.9               
 1679 1679 A K        -     0   0  214     -2,-0.1     0, 0.0     0, 0.0     0, 0.0   0.428  15.6-155.5  71.6 160.1    4.2    9.6   81.3               
 1680 1680 A S        -     0   0  105      0, 0.0     0, 0.0     0, 0.0     0, 0.0   0.814   8.1-148.8 179.7-170.1    6.2    7.5   79.6               
 1681 1681 A K        +     0   0  183      0, 0.0     0, 0.0     0, 0.0     0, 0.0   0.522  15.6  74.4  79.9 149.2    9.4    5.6   78.5               
 1682 1682 A T        -     0   0  105      0, 0.0     0, 0.0     0, 0.0     0, 0.0   0.712  33.5 -27.0-159.6 168.8   11.8    4.1   77.1               
 1683 1683 A L        +     0   0  146      0, 0.0     0, 0.0     0, 0.0     0, 0.0   0.838  36.7  93.9  72.0 135.1   14.9    3.4   74.9               
 1684 1684 A T        -     0   0  114      0, 0.0     0, 0.0     0, 0.0     0, 0.0   0.928  32.6 -53.6-168.2-174.9   16.9    3.9   72.1               
 1685 1685 A S        -     0   0   89      0, 0.0     0, 0.0     0, 0.0     0, 0.0   0.704  21.9-117.5-167.5 139.7   19.4    5.2   70.2               
 1686 1686 A D        +     0   0  146      2,-0.0     0, 0.0     0, 0.0     0, 0.0   0.888  22.1  83.7  53.5 147.8   21.8    7.5   68.5               
 1687 1687 A S        +     0   0  101      0, 0.0     0, 0.0     0, 0.0     0, 0.0   0.426  14.1 177.0-162.3 129.6   23.8    9.4   66.7               
 1688 1688 A S        -     0   0  112      0, 0.0     2,-0.2     0, 0.0    -2,-0.0   0.576   7.6-163.1  25.5 132.6   24.5   12.5   64.7               
 1689 1689 A S        -     0   0  106      0, 0.0     2,-0.1     0, 0.0     0, 0.0  -0.572  21.6-167.6-167.2 133.2   26.9   14.7   62.8               
 1690 1690 A S        -     0   0  114     -2,-0.2     0, 0.0     0, 0.0     0, 0.0   0.316   3.5 -47.7  73.5 133.4   26.9   18.0   61.8               
 1691 1691 A C        +     0   0  111     -2,-0.1     0, 0.0     0, 0.0     0, 0.0   0.871  11.4 156.1-168.7-168.4   27.8   20.7   60.3               
 1692 1692 A I        -     0   0  155      0, 0.0     0, 0.0     0, 0.0     0, 0.0   0.690  17.3-170.5  69.7 141.6   29.1   24.0   58.6               
 1693 1693 A S        -     0   0  103      0, 0.0     0, 0.0     0, 0.0     0, 0.0   0.865  19.3-152.3-167.9-174.1   29.1   26.5   56.4               
 1694 1694 A A        -     0   0   90      0, 0.0     0, 0.0     0, 0.0     0, 0.0   0.980  20.1-154.7  83.4  83.0   29.6   29.5   54.1               
 1695 1695 A A        +     0   0   88      0, 0.0     0, 0.0     0, 0.0     0, 0.0   0.859  15.1 130.6  71.7 128.2   28.2   32.1   52.4               
 1696 1696 A V        +     0   0  135      2,-0.0     0, 0.0     0, 0.0     0, 0.0   0.918  31.0  18.1  73.6 132.9   27.7   34.7   49.9               
 1697 1697 A P        +     0   0  103      0, 0.0     0, 0.0     0, 0.0     0, 0.0   0.578  16.0 158.0-131.4 156.2   26.2   36.4   47.7               
 1698 1698 A V        +     0   0  143      0, 0.0    -2,-0.0     0, 0.0     0, 0.0  -0.877  29.9 151.2 -73.6 123.4   23.0   37.5   46.0               
 1699 1699 A P        -     0   0  100      0, 0.0     0, 0.0     0, 0.0     0, 0.0  -0.751  21.7-119.4-153.4-160.5   23.0   40.5   44.2               
 1700 1700 A P        -     0   0  109      0, 0.0     0, 0.0     0, 0.0     0, 0.0   0.668  17.7 -49.7-127.6-165.1   21.3   41.8   41.5               
 1701 1701 A C        -     0   0  121      2,-0.0     2,-0.4     1,-0.0     0, 0.0  -0.575  33.6-152.6 -58.5 146.4   20.0   43.3   38.3               
 1702 1702 A P        -     0   0  121      0, 0.0     2,-0.3     0, 0.0    -1,-0.0  -0.955  16.6-145.6-115.3 118.3   21.6   46.3   36.9               
 1703 1703 A S        -     0   0  117     -2,-0.4     2,-0.2     0, 0.0    -2,-0.0  -0.528  16.3-171.7 -53.1 130.2   19.2   48.4   34.9               
 1704 1704 A S        +     0   0  101     -2,-0.3     0, 0.0     1,-0.1     0, 0.0  -0.788  29.1  38.9-160.7 141.0   20.1   50.3   31.8               
 1705 1705 A E        -     0   0  174     -2,-0.2    -1,-0.1     0, 0.0     0, 0.0   0.753  57.8 -46.8-159.6 173.3   18.5   52.3   30.1               
 1706 1706 A T        -     0   0  115      0, 0.0    -2,-0.0     0, 0.0     0, 0.0   0.961  36.2-145.6  68.1  81.4   16.2   55.1   28.8               
 1707 1707 A S        -     0   0   86      0, 0.0     0, 0.0     0, 0.0     0, 0.0   0.827  13.2 -27.3  62.1 128.4   12.9   56.2   29.3               
 1708 1708 A E        -     0   0  157      0, 0.0     0, 0.0     0, 0.0     0, 0.0   0.839   8.2-148.8  55.7 128.7    9.6   57.6   28.5               
 1709 1709 A S        -     0   0  106      0, 0.0     0, 0.0     0, 0.0     0, 0.0   0.088  31.6-131.2-160.9 135.1    7.2   59.3   27.2               
 1710 1710 A L        -     0   0  132      0, 0.0     0, 0.0     0, 0.0     0, 0.0   0.731  22.0  -2.5  45.0 124.0    4.1   60.7   28.6               
 1711 1711 A L        +     0   0  153      0, 0.0     0, 0.0     0, 0.0     0, 0.0   0.847  17.9 122.5  52.6 135.7    0.5   61.2   28.6               
 1712 1712 A S        -     0   0   88      0, 0.0     0, 0.0     0, 0.0     0, 0.0   0.732  17.9 -36.5-179.5 170.8   -2.6   61.5   28.3               
 1713 1713 A K        +     0   0  179      0, 0.0     0, 0.0     0, 0.0     0, 0.0   0.626  39.8  26.2  69.2 148.2   -6.5   61.5   28.6               
 1714 1714 A D        +     0   0  136      0, 0.0     2,-0.0     0, 0.0     0, 0.0   0.852  24.5 165.2-145.7 173.5   -9.4   60.7   29.3               
 1715 1715 A P        +     0   0  110      0, 0.0     0, 0.0     0, 0.0     0, 0.0   0.129   8.8 145.2-110.5-147.2  -11.8   58.6   31.6               
 1716 1716 A V        -     0   0  112     -2,-0.0     0, 0.0     0, 0.0     0, 0.0   0.891  28.2 -38.2  97.7 103.1  -15.5   58.0   32.7               
 1717 1717 A E        -     0   0  167      0, 0.0     0, 0.0     0, 0.0     0, 0.0   0.921  11.1-165.3  58.3 118.7  -18.0   55.5   33.8               
 1718 1718 A S        +     0   0  112      0, 0.0     2,-0.0     0, 0.0     0, 0.0   0.706  22.4 163.2  35.1 167.8  -20.0   52.8   34.3               
 1719 1719 A P        +     0   0  122      0, 0.0     0, 0.0     0, 0.0     0, 0.0   0.527  12.1  60.4-135.8-157.5  -22.7   51.8   35.7               
 1720 1720 A A        -     0   0   79     -2,-0.0     0, 0.0     0, 0.0     0, 0.0   0.900  32.6-144.7 101.8  71.9  -25.8   49.8   36.7               
 1721 1721 A K        +     0   0  200      1,-0.0     2,-0.2     0, 0.0     0, 0.0   0.567  27.6 166.7  49.5 108.9  -26.8   46.7   38.1               
 1722 1722 A K        -     0   0  216      0, 0.0    -1,-0.0     0, 0.0     0, 0.0  -0.699  33.6-141.8-149.6 142.4  -29.0   44.0   38.4               
 1723 1723 A Q        -     0   0  185     -2,-0.2     2,-0.1     1,-0.1     0, 0.0  -0.268  24.8 -93.0 -79.4 163.4  -27.8   41.0   40.4               
 1724 1724 A P        -     0   0  109      0, 0.0     2,-0.3     0, 0.0    -1,-0.1  -0.315  20.7-158.1 -72.2 155.7  -28.4   37.2   39.7               
 1725 1725 A K        -     0   0  201     -2,-0.1     2,-0.4     2,-0.0    -2,-0.0  -0.784   9.0-157.6-128.7  96.3  -31.2   35.0   41.0               
 1726 1726 A N        +     0   0  156     -2,-0.3     0, 0.0     1,-0.1     0, 0.0  -0.551  19.9 170.1 -53.9 116.8  -30.1   31.3   40.9               
 1727 1727 A R        -     0   0  227     -2,-0.4     2,-0.6     2,-0.1    -1,-0.1  -0.504   8.6-176.1-135.1  65.7  -33.5   29.5   40.8               
 1728 1728 A V        -     0   0  123      1,-0.0     2,-0.6     2,-0.0    -2,-0.0  -0.531   8.9-161.0 -56.3 106.4  -32.5   25.9   40.0               
 1729 1729 A K        -     0   0  192     -2,-0.6     2,-0.3     2,-0.0    -2,-0.1  -0.924  20.1-129.1 -88.9 118.7  -35.8   24.1   39.8               
 1730 1730 A L        +     0   0  173     -2,-0.6     2,-0.3     2,-0.0    -2,-0.0  -0.526  35.8 165.6 -65.2 130.9  -35.0   20.4   40.1               
 1731 1731 A A        -     0   0   94     -2,-0.3     2,-0.5     2,-0.0    -2,-0.0  -0.949  34.2-124.1-142.6 133.0  -36.3   18.0   37.5               
 1732 1732 A A        -     0   0   86     -2,-0.3     2,-0.6     2,-0.0    -2,-0.0  -0.711  23.3-175.3 -91.5 123.4  -34.9   14.5   37.3               
 1733 1733 A N        -     0   0  161     -2,-0.5     2,-1.1     2,-0.0    -2,-0.0  -0.904   2.5-172.5-112.6 102.6  -33.3   13.0   34.1               
 1734 1734 A F        +     0   0  197     -2,-0.6     2,-0.2     2,-0.1    -2,-0.0  -0.697  48.8 103.1 -92.6  81.7  -32.2    9.3   34.6               
 1735 1735 A S        -     0   0  111     -2,-1.1     2,-0.8     2,-0.0    -2,-0.0  -0.658  58.7-146.8-158.1 103.7  -30.3    8.6   31.3               
 1736 1736 A L        +     0   0  154     -2,-0.2    -2,-0.1     2,-0.0     0, 0.0  -0.641  40.7 134.2 -82.7 110.5  -26.5    8.5   31.4               
 1737 1737 A A        -     0   0   78     -2,-0.8     2,-0.4     2,-0.0    -2,-0.0  -0.895  49.5-131.3-139.4 119.4  -24.5    9.7   28.4               
 1738 1738 A P        -     0   0  130      0, 0.0     2,-0.6     0, 0.0    -2,-0.0  -0.574  19.3-170.2 -75.6 125.6  -21.6   12.1   29.3               
 1739 1739 A I        -     0   0  156     -2,-0.4     2,-0.5     2,-0.0    -2,-0.0  -0.884   2.6-175.7-112.1  95.4  -21.3   15.3   27.3               
 1740 1740 A T        -     0   0  136     -2,-0.6     2,-0.3     1,-0.0     0, 0.0  -0.817  33.7-118.7 -79.3 127.6  -18.0   17.0   28.0               
 1741 1741 A K              0   0  198     -2,-0.5    -2,-0.0     0, 0.0    -1,-0.0  -0.596 360.0 360.0 -81.0 137.6  -18.2   20.4   26.1               
 1742 1742 A L              0   0  247     -2,-0.3    -2,-0.0     0, 0.0     0, 0.0  -0.883 360.0 360.0-134.6 360.0  -16.3   21.9   23.3               
